factor,month_date,n_obs,r_squared,adj_r_squared,const,FAC_rank_vol_m3_n6_pairwise1,CtrlRetSTR,CtrlRetLTM,CtrlVol,as_偏股混合型基金,Ctrl_log_fund_size,Ctrl_fund_age,FAC_rank_vol_m6_n3_pairwise1,FAC_rank_vol_m6_n6_pairwise1,FAC_rank_vol_m6_n12_pairwise1,FAC_rank_vol_m12_n6_pairwise1
FAC_rank_vol_m3_n6_pairwise1,2009-10-30,51,0.04060596838301722,-0.11557445536858468,0.08256872158863923,-0.042404765160234725,0.4899179906546718,0.03068525384510888,-0.8380000219757499,-0.0037818410408478986,0.0033928832913094177,-0.0003956850284066965,,,,
FAC_rank_vol_m3_n6_pairwise1,2009-11-30,53,0.15530367627330255,0.023906470360260612,-0.0617785488106204,-0.056721695884300774,1.1226317344445667,-0.08102713344598864,-0.4808714560922915,-0.0016755710311251227,-0.004214528618018443,0.00017157725092401273,,,,
FAC_rank_vol_m3_n6_pairwise1,2009-12-31,59,0.11627699702646477,-0.0050183171071578325,-0.16392324808703634,0.032948578235772776,0.8257193613406915,-0.08617784998856023,-0.5429924681469703,0.029332284607535574,-0.0013901484653586114,0.00031709873923284896,,,,
FAC_rank_vol_m3_n6_pairwise1,2010-01-29,55,0.11465295850428925,-0.01720723916528466,0.012127033745512704,0.04471705447277332,0.46132221381612354,-0.015184134147897191,-0.5753703090511626,-0.0005945388989449946,-0.00755019558277257,8.936550331710365e-05,,,,
FAC_rank_vol_m3_n6_pairwise1,2010-02-26,59,0.08937363146609734,-0.03561430146992861,0.08192951699630188,-0.07798467880465106,1.0530553020450204,0.07074831058361751,-0.8132433593222669,0.0015652903920886218,0.0036780944243011136,-0.00045741147456466324,,,,
FAC_rank_vol_m3_n6_pairwise1,2010-03-31,60,0.09892167945143626,-0.022377325237793455,0.03547943956892474,-0.04635255759607617,0.3246879743463778,0.1816464270258253,-0.8860307797026942,0.031968766902773456,0.0024640015702452737,-0.0002361478670367572,,,,
FAC_rank_vol_m3_n6_pairwise1,2010-04-30,60,0.14611480375537345,0.031168719645519816,0.187687707636326,0.012797989156594995,0.5135866512199113,0.12400221284087522,-0.4749640635580336,-0.04289820807824037,0.0006848972306993769,0.00016125605263805055,,,,
FAC_rank_vol_m3_n6_pairwise1,2010-05-31,57,0.2416479726538645,0.1333119687472737,0.03069541156062344,0.12544651914137306,0.7551941767604914,0.31173428783242074,0.0029101363735549355,0.00763645296422877,-0.014280858466011207,0.00073088699323502,,,,
FAC_rank_vol_m3_n6_pairwise1,2010-06-30,57,0.2143850502745207,0.10215434317088079,0.04543082954399853,0.18448266208256311,-0.44861150881992934,0.4320141486463263,-0.11697435609530832,0.0013023506406262268,-0.005945682927595677,0.0005958610981129738,,,,
FAC_rank_vol_m3_n6_pairwise1,2010-07-30,58,0.23740620280730107,0.13064307120032326,0.35789566319034644,-0.17022500148426906,0.3302102576538908,0.3019175240789646,-0.5950973976562105,-0.03560161342650595,-0.013545961425404401,0.0002641795087939722,,,,
FAC_rank_vol_m3_n6_pairwise1,2010-08-31,55,0.11970423558865373,-0.011403644217291564,0.35048247832731816,-0.11362200770784743,-0.3771889664013858,0.11278759029736278,-1.0780713163542475,-0.04698297313105098,-0.0008885984965947473,-0.00023729625392545275,,,,
FAC_rank_vol_m3_n6_pairwise1,2010-09-30,60,0.15963587906692522,0.04650993971054973,-0.06169369504749588,0.16526691760792594,-0.9211745737660586,-0.1261791018941987,0.4000084220432507,-0.042712802794699266,0.003542130383509808,-0.00015082572708879625,,,,
FAC_rank_vol_m3_n6_pairwise1,2010-10-29,56,0.16382021640103595,0.04187733129285365,0.043718203374202874,0.03264296841352,0.5356236782582319,-0.049570070112044805,-2.6260488370281947,0.004327757107381218,-0.004382319417157858,-0.000209030876144758,,,,
FAC_rank_vol_m3_n6_pairwise1,2010-11-30,59,0.26435082218445927,0.1633793664058557,-0.08159051722907817,0.06128095628298524,-0.4708903679716584,-0.0931852697747671,-0.21776443522890232,-0.06668387585852371,-0.007245790524098337,0.00021948929271099925,,,,
FAC_rank_vol_m3_n6_pairwise1,2010-12-31,61,0.19719959678627252,0.09116935485238398,-0.09121914216678907,0.03568788605557175,0.5797978852133934,-0.15136469527998975,-0.1608280100673008,0.002444687782891254,0.004094585117497982,5.407878504133429e-05,,,,
FAC_rank_vol_m3_n6_pairwise1,2011-01-31,60,0.12031919921620216,0.001900629879921678,0.04816382836638251,-0.04361560515452438,-0.13880260874065847,0.0660023331227334,0.2002039209850821,-0.0648151361131115,-0.003290879596938907,0.00022617308951054696,,,,
FAC_rank_vol_m3_n6_pairwise1,2011-02-28,63,0.18101218104473915,0.07677736772316046,-0.06541358629483673,0.05047449949942613,-0.7602851893516057,0.10228815626750774,0.10386163735366344,-0.04779205398778044,-0.0068002749019533985,0.00033656383657592795,,,,
FAC_rank_vol_m3_n6_pairwise1,2011-03-31,63,0.23718701115984697,0.14010172167110024,0.04609025044725162,-0.10758090819517208,-0.06328261162047903,0.10061523670790067,-1.264367801642347,-0.05911848172578829,-0.016384957640351347,0.000683749548046505,,,,
FAC_rank_vol_m3_n6_pairwise1,2011-04-29,64,0.27934526907703827,0.18926342771166804,0.030829623288883126,0.01849737858908747,0.7045090173792675,0.027486023429579537,-1.2066202270597841,-0.07162473881168409,-0.007364128362910867,0.00015547948787868201,,,,
FAC_rank_vol_m3_n6_pairwise1,2011-05-31,68,0.14916514175398,0.04990107495861096,0.0523372174092914,0.025422772059402264,0.6753539203729342,-0.12491858459767535,-0.4992719356142035,-0.06711336932509715,-0.0026326297383523823,-0.0002453701939900114,,,,
FAC_rank_vol_m3_n6_pairwise1,2011-06-30,69,0.290243034903237,0.20879551431836263,-0.06805968265339296,0.06885068151430175,-0.558023953427033,-0.0906235749360117,-1.3142969114207863,-0.07092470307886853,-0.011228294497876353,0.00028659834227159957,,,,
FAC_rank_vol_m3_n6_pairwise1,2011-07-29,68,0.41150508312120226,0.3428473428186758,0.05033457164133522,-0.05187013631625956,-0.5772286350349052,-0.08861654315180516,-2.5227098083602955,-0.07354357227803568,-0.009595956966836095,0.0004831145380918569,,,,
FAC_rank_vol_m3_n6_pairwise1,2011-08-31,73,0.33204310164751927,0.2601092818249444,0.09685559993258544,-0.0920296921181169,0.1781073076417309,0.08436664240978234,-2.229824496922901,-0.04225277039020853,-0.02387145259036096,0.0006884480811498387,,,,
FAC_rank_vol_m3_n6_pairwise1,2011-09-30,76,0.26676305640425335,0.19128278279880884,0.05663724707182673,0.059332416047840425,0.5495398996692217,0.0999711863178927,-1.5972001335264614,-0.04172933127931615,-0.011124456713291046,6.507867998054303e-05,,,,
FAC_rank_vol_m3_n6_pairwise1,2011-10-31,75,0.14356421992376456,0.05408585484117279,0.06510103568009198,-0.01960668001550802,-0.04110083079135476,0.1458791874968604,-0.8713292136766552,-0.030874257107276287,-0.002300266415355602,9.320768313020891e-05,,,,
FAC_rank_vol_m3_n6_pairwise1,2011-11-30,77,0.44019049855212433,0.3833982302892964,0.052420708973992376,-0.0035677357393523847,-1.1956128906403953,0.0904101048693697,-1.3388241555034732,-0.010144922032836885,-0.005988124125230409,2.3294141670435797e-05,,,,
FAC_rank_vol_m3_n6_pairwise1,2011-12-30,79,0.04085685432277042,-0.0537065544059705,0.008743029266514268,0.060417296607608674,0.0631462400219205,0.10225448775666997,0.016835992686618444,0.023479595651336508,0.008672456780882694,-0.00041243097171791184,,,,
FAC_rank_vol_m3_n6_pairwise1,2012-01-31,79,0.5009988622151211,0.4518015669405556,-0.04516603402791994,0.06546033150799507,-1.1830546163651037,0.34260186692538996,1.0325560285188768,0.03673642552195276,0.020619396210147203,-0.0006625516826499338,,,,
FAC_rank_vol_m3_n6_pairwise1,2012-02-29,84,0.32965915076651475,0.2679172304423779,-0.057289355775043425,-0.0006486962349624589,2.2204295732667787,0.028488415967697255,-2.928837241335385,-0.01365517838891225,-0.02504783502386931,6.352273484341262e-05,,,,
FAC_rank_vol_m3_n6_pairwise1,2012-03-30,81,0.3183083111992504,0.2529406150128771,0.14447589526560464,-0.15137366733491903,1.8697408054561333,0.15395826409874333,2.117870387950983,0.016001383400217853,-0.0071903951194510485,-0.00016406949576419476,,,,
FAC_rank_vol_m3_n6_pairwise1,2012-04-27,83,0.3269972688966748,0.26418368066036446,-0.06465389233281946,0.035306921848072714,-1.1992021334100633,0.5973577409042523,2.425335357428788,0.04964683253561162,-0.016664869003840708,-0.00010535168576576354,,,,
FAC_rank_vol_m3_n6_pairwise1,2012-05-31,88,0.2178191274375646,0.14937830108835148,0.017115389965792305,-0.03371640167086026,0.5596182087722061,0.2140014144275259,-1.641623116733997,-0.007359131552363193,-0.004726529292913559,-0.00012068867100832605,,,,
FAC_rank_vol_m3_n6_pairwise1,2012-06-29,89,0.11893311642825,0.042791533897358014,0.10645335421573474,-0.07873458980236188,0.12278365515681712,0.12827792991933024,-0.6259590446387537,0.03911447004720661,0.009974731273875498,-0.0004155762526438146,,,,
FAC_rank_vol_m3_n6_pairwise1,2012-07-31,92,0.08405618382501168,0.007727532477096011,0.19172345933842505,-0.09997662215485022,-0.3940174823458236,0.13184017432126843,-0.009288242596791266,0.012255981849180548,0.004834245025063779,-0.0003391269653528561,,,,
FAC_rank_vol_m3_n6_pairwise1,2012-08-31,97,0.08206838380021153,0.009871515110340456,0.24456148409343548,-0.1226398895788398,-0.344103214216587,0.057475989864299,0.27012830896097584,0.024510665794278918,0.011502558625779079,-0.0003597035492099522,,,,
FAC_rank_vol_m3_n6_pairwise1,2012-09-28,104,0.11851528531668332,0.05424035820435813,0.3125586576494972,-0.1646789971222611,-0.1320146406659538,0.27319159002842097,-0.7063772512798183,0.019612864562627955,0.004954205231097695,-0.00011120965430701044,,,,
FAC_rank_vol_m3_n6_pairwise1,2012-10-31,106,0.0986507102249321,0.03426861809814152,-0.03999832934244336,0.14312835189723563,1.0407038563140498,0.038030769424058634,-0.07513969338488458,0.012951242422953776,0.004328281811234883,5.853453046727817e-05,,,,
FAC_rank_vol_m3_n6_pairwise1,2012-11-30,111,0.224477456671069,0.1717720411050251,0.2068961788141094,-0.07206561734847391,-1.7785487193948633,0.11252522840705864,0.6641504974418075,0.028167612247358056,-0.005938454933767795,-0.00017045713022620967,,,,
FAC_rank_vol_m3_n6_pairwise1,2012-12-31,118,0.20079780941082537,0.14993948819151426,-0.04756281959590044,0.18109833454164564,-0.9582554449753764,0.22717766861770886,2.2852869085591374,0.014048442072816553,0.01338861517175766,-0.0007088337777588689,,,,
FAC_rank_vol_m3_n6_pairwise1,2013-01-31,122,0.14891833948432032,0.09665893927721714,-0.10574785681409848,0.16535047879178866,0.46680114649089616,0.39337100718882584,-1.061048148847941,0.057137206332719424,0.0023926814136400612,-0.0004913766753028522,,,,
FAC_rank_vol_m3_n6_pairwise1,2013-02-28,120,0.4079918722424323,0.3709913642575843,0.11069273610545965,-0.07821645678799546,2.9920662211718647,0.24263874936439303,-1.3166030075451007,0.007896300847704587,-0.01611488679003042,9.197372005728425e-05,,,,
FAC_rank_vol_m3_n6_pairwise1,2013-03-29,124,0.2904679647485716,0.2476513764144337,0.024067761354368358,-0.040201959967268955,1.6256133937948838,0.07486543358602303,2.749058502508125,0.02289741697331451,0.007872682633368266,-0.00038461894258370275,,,,
FAC_rank_vol_m3_n6_pairwise1,2013-04-26,124,0.31726828600039036,0.2760689584314484,-0.22522574388538194,0.23396464617368443,1.6403062953864718,0.2858802326728575,1.1457242918699733,0.030949094299811877,0.004189324258778164,-0.00011226877183859582,,,,
FAC_rank_vol_m3_n6_pairwise1,2013-05-31,126,0.18747857910896004,0.13927815583576275,-0.040560721684524,-0.037356965903187836,0.34265915486330123,0.27372899019759794,0.30280054667030704,0.026665346118419298,0.015483169801478857,0.00010773291106367003,,,,
FAC_rank_vol_m3_n6_pairwise1,2013-06-28,125,0.13422851988314943,0.08243022620094476,0.04773819046429457,-0.09481199222862739,-0.2870684974106797,0.2173749666033329,0.7337235974203491,0.02623644446757159,0.023397146791509324,-7.688011154347346e-05,,,,
FAC_rank_vol_m3_n6_pairwise1,2013-07-31,128,0.3451628084491599,0.3069639722753609,-0.09773213574639822,-0.0503048583012558,0.9818975154514437,0.06964023965165764,1.5440672379958382,0.06742745187656139,0.014182701585683206,-9.08796888743219e-06,,,,
FAC_rank_vol_m3_n6_pairwise1,2013-08-30,133,0.1718777837503489,0.12550293964036852,-0.01809132680338194,-0.14786979121057447,-0.002104648065856494,0.17191041085909617,1.513318657233618,0.06193073006218651,0.021799491113966077,-0.00022218779756709455,,,,
FAC_rank_vol_m3_n6_pairwise1,2013-09-30,134,0.12239694751947416,0.07364122238166715,-0.10172052446409446,-0.07419863726590237,-0.4051615856988302,-0.01684504923313253,1.4013006894104896,0.04220999967651623,0.04216690081396888,-0.0005620697207695455,,,,
FAC_rank_vol_m3_n6_pairwise1,2013-10-31,138,0.12710124653164,0.08009900596026687,0.015215882056329429,-0.09865072705360176,0.5357293163773533,0.07632586401474634,0.4267481668272357,0.026261972340417983,0.009235918821291203,-0.00034806240862093543,,,,
FAC_rank_vol_m3_n6_pairwise1,2013-11-29,141,0.19780193298303916,0.15558098208740967,-0.021046609502967075,-0.06160786660326789,0.9585266812956321,-0.007035155077489422,-0.3001115025010969,0.016028368293472817,0.028321080736529846,-0.0005382451723355866,,,,
FAC_rank_vol_m3_n6_pairwise1,2013-12-31,142,0.167711624012847,0.12423387302844346,0.03798350155674609,-0.1548107598937239,-0.22709632358646104,0.049011462412046604,1.0270841773338995,0.03532233515507408,0.023663824749465382,-0.0006201036995224632,,,,
FAC_rank_vol_m3_n6_pairwise1,2014-01-30,130,0.16088652276258208,0.11274066751125478,-0.005880782407425995,0.05193990163361815,-0.3219127101244505,-0.1564217240892167,0.545629719667447,-0.006556697366776018,0.0502035290691822,-0.0009515641617165254,,,,
FAC_rank_vol_m3_n6_pairwise1,2014-02-28,130,0.11017052274651495,0.059114733068036274,0.12304733102983952,-0.06283708660304398,0.41377703820433526,-0.12530126351497198,-0.13829635784026154,0.02457182345496179,0.03421043535748351,-0.0006018347283707721,,,,
FAC_rank_vol_m3_n6_pairwise1,2014-03-31,128,0.1689964784612641,0.12052127303817117,-0.03197132653693273,0.17708721945738615,0.8178460915079339,0.11022864804993034,1.3061719052527256,-0.009204538957120128,-0.019873626701128664,0.00022951408154955205,,,,
FAC_rank_vol_m3_n6_pairwise1,2014-04-30,127,0.21722924176132752,0.17118390304140552,-0.07464948308625814,0.22878176659465044,0.5540955700252389,0.22973125452925233,0.812736736992322,-0.006494548084549193,-0.022749187520549143,0.00021988974193154885,,,,
FAC_rank_vol_m3_n6_pairwise1,2014-05-30,130,0.19033059530135055,0.1438741540481493,0.2262606325665121,-0.050190284315698275,1.2304557302702823,0.23282830709426441,0.04113896210810527,0.04757925409619254,-0.06725881095792693,0.00040519761276741254,,,,
FAC_rank_vol_m3_n6_pairwise1,2014-06-30,125,0.12756615737131716,0.07536926080378914,0.17177112259541175,0.14074900369722737,-0.8268136219325798,0.3619779093140312,-2.221727724817766,0.018051611143725277,-0.11414197728444608,0.0014664884109993398,,,,
FAC_rank_vol_m3_n6_pairwise1,2014-07-31,123,0.16676784281559165,0.11604936368262764,0.21127315952590273,-0.01028501395996763,0.7548334014515202,0.2746036780446141,-0.688793101994639,0.040071288718407864,-0.07408160642179266,0.0009295876425243679,,,,
FAC_rank_vol_m3_n6_pairwise1,2014-08-29,123,0.05047919557453484,-0.00731772295571087,0.3289156994187745,-0.03850396494952524,-0.2821731197368696,0.17666638909442073,-0.5051461674326774,0.05113336649845709,-0.05966743858532319,0.0005188360773047912,,,,
FAC_rank_vol_m3_n6_pairwise1,2014-09-30,122,0.044969431690017325,-0.013672796188665792,0.4245784000406836,-0.04976803372210493,-0.06790591458985507,0.023320242401344077,-0.4548595668466914,0.12694621582084215,-0.041210476667042494,0.00015523440995242934,,,,
FAC_rank_vol_m3_n6_pairwise1,2014-10-31,123,0.11045211974220681,0.056305727030862895,0.31388342798534397,0.2302824483714689,1.9165009123418228,-0.3167177192286823,3.1257097136127885,0.11122754384183202,-0.06733283297294658,0.000169766472581786,,,,
FAC_rank_vol_m3_n6_pairwise1,2014-11-28,125,0.12999686898746599,0.07794539961064773,0.3734424299226225,0.21016491983929173,-0.48304600063819414,-0.24232083030382043,5.7242502682838845,0.2839800006059065,-0.0694156291798631,-0.00040850728797001926,,,,
FAC_rank_vol_m3_n6_pairwise1,2014-12-31,116,0.533279652797684,0.5030292599234598,0.7315609154638447,-0.13718010226664368,-1.5504283531815566,0.03491009525583831,1.0404733219791376,0.07171634991399274,0.001562941881133061,-0.0010966282375151175,,,,
FAC_rank_vol_m3_n6_pairwise1,2015-01-30,111,0.11937330712926908,0.059524891108928224,0.4421997290647395,-0.12052486249532708,0.312971147962742,-0.09605968231737709,-0.7182002729156766,0.022308208717178663,0.01691204447868594,-0.0006050179293311203,,,,
FAC_rank_vol_m3_n6_pairwise1,2015-02-27,120,0.10706413662220404,0.05125564516109182,0.1835207440609117,-0.01970521443631467,-0.39448032812975076,0.034744226408790796,-1.8963058016700358,-0.009481447536062601,0.027327918541902536,-0.0002962111903738048,,,,
FAC_rank_vol_m3_n6_pairwise1,2015-03-31,117,0.15231842441536425,0.09788015809341521,0.021857615801997035,0.03211256989541567,-0.35231304694605214,-0.026775041450576707,-1.6687436396713216,0.010345312842319038,0.03409287614890869,-0.0006922239093703436,,,,
FAC_rank_vol_m3_n6_pairwise1,2015-04-30,110,0.22428808142797652,0.17105294976126895,0.2560376789133575,-0.11596379507738076,-0.48885401455704053,-0.08487260529345997,-1.464480548684119,-0.009015240194053817,0.04366587259957137,-0.0009828384930704156,,,,
FAC_rank_vol_m3_n6_pairwise1,2015-05-29,100,0.39044410671057617,0.34406485396029385,0.0871248007424728,-0.054463182866565936,-0.4666190466279979,-0.06911767945648455,-1.8257831307964958,0.08222905528808319,0.014664166186280019,-0.0008215465788924374,,,,
FAC_rank_vol_m3_n6_pairwise1,2015-06-30,85,0.12694057239906442,0.0475715335262521,0.01602977989031531,0.036652225646802226,0.2039609417523969,-0.09380549542915527,0.6866034148285081,0.03278960154799922,0.010642837697721114,-0.0003389875114572764,,,,
FAC_rank_vol_m3_n6_pairwise1,2015-07-31,82,0.20010260375331157,0.12443663383808423,-0.11193293759932264,0.00798473059649491,0.5526741477838152,0.004597706610392718,0.22637772727827127,0.029853462530664034,-0.005222563384756212,-0.0003335498143631512,,,,
FAC_rank_vol_m3_n6_pairwise1,2015-08-31,88,0.12517605314186908,0.04862895779178267,0.04615621073539388,-0.11672449997377565,-0.40146033756226585,-0.014585855107157163,-0.45995883714979846,0.04439465521263381,-0.0189820671644771,-0.00018378030092047084,,,,
FAC_rank_vol_m3_n6_pairwise1,2015-09-30,82,0.029554746347913774,-0.062244128997553716,0.08891863337239582,0.038185145404661926,0.03638422487527273,-0.009796009994686342,-0.04520305820981787,-0.006948576857260812,-0.01539378416680771,-8.813408374851488e-05,,,,
FAC_rank_vol_m3_n6_pairwise1,2015-10-30,83,0.24522533035045202,0.17477969451649422,0.07009332622152221,-0.0039674880210820605,-0.09030572161881775,0.002259129126746225,-0.8426007956484319,0.00570637323519908,-0.003524593713922519,-0.00019640506675531945,,,,
FAC_rank_vol_m3_n6_pairwise1,2015-11-30,87,0.5524182310846557,0.5127590870035492,0.1311415476910505,-0.036430962474651,0.004747374784106626,-0.0018333076951186212,-1.4744310579875728,-0.009244455247265566,-0.0037921575993779028,-0.00019650351171772817,,,,
FAC_rank_vol_m3_n6_pairwise1,2015-12-31,90,0.4998657722472091,0.45717138695123916,0.19752009517342892,-0.109566337311037,-0.5488304973847616,0.06968280753121556,-1.5145375595107453,-0.016214395257675054,-0.026830338201893473,0.00012035053486317751,,,,
FAC_rank_vol_m3_n6_pairwise1,2016-01-29,90,0.22730095888252044,0.16133884561639422,0.22067700496714776,-0.05964436169908558,-0.4755961513166462,0.059891594616755535,-1.198212316795934,-0.016676128929107973,-0.03023495387211013,0.0005405085063607902,,,,
FAC_rank_vol_m3_n6_pairwise1,2016-02-29,93,0.0299986495598612,-0.04988381459403257,0.20491855287497932,0.011366617297080304,-0.23096444944674765,0.05987381930814243,0.015304587714361766,-0.03479895227216366,-0.008487748396110792,0.0002768753745132404,,,,
FAC_rank_vol_m3_n6_pairwise1,2016-03-31,95,0.135079380452912,0.06548806623647963,0.13615623103472996,0.008669674028789926,0.02367013920759659,0.05035315013492416,-0.5755832472667157,0.001292229688017994,-0.0009167329843510361,-2.6684477747580097e-05,,,,
FAC_rank_vol_m3_n6_pairwise1,2016-04-29,94,0.22916619683167894,0.16642391052728078,0.103539343570872,0.015401054481744694,0.7796034742939401,0.07087038649898912,-0.17674174233470605,0.019673797740274283,-0.0029796606821933303,-9.100396065763528e-05,,,,
FAC_rank_vol_m3_n6_pairwise1,2016-05-31,99,0.2797183357036338,0.22431205383468267,0.13389361617015536,0.05884981920504708,-0.35187922867705773,0.18882793721756416,-0.21766763014782953,-0.0034016572909809062,-0.019609865820548793,0.00016518647828710643,,,,
FAC_rank_vol_m3_n6_pairwise1,2016-06-30,103,0.40320247015323285,0.3592279153224185,0.18437882043582315,0.025063962281384022,-0.08022311203406297,0.11901405186047413,-1.3199232454122705,-0.01574802899701175,-0.02484018046213641,0.00022148093577747515,,,,
FAC_rank_vol_m3_n6_pairwise1,2016-07-29,104,0.2901424703919745,0.23838202552472254,-0.001183212048633614,0.08764051476906806,0.43340584534713505,0.08886099990082906,-0.6032355671078935,-0.010710811869728921,-0.01827378272811621,6.173579146609368e-05,,,,
FAC_rank_vol_m3_n6_pairwise1,2016-08-31,117,0.3783991932286973,0.33847987536265034,0.03916840237896208,0.11782900818873986,0.036669210243665575,0.11691893343287237,-1.3966058821626273,-0.008799992541391776,-0.01984093128610646,0.00019442130044537335,,,,
FAC_rank_vol_m3_n6_pairwise1,2016-09-30,125,0.2280741617218569,0.1818905645599167,0.14579976275911513,-0.005670911035003019,0.0888286315538621,0.08342063313371521,-1.2138461531684526,-0.02907956884315373,-0.026405132864698082,0.00036475667667880803,,,,
FAC_rank_vol_m3_n6_pairwise1,2016-10-31,138,0.24430660406882088,0.20361542121098808,0.19291314882726623,-0.03984720703118619,-0.13837668586508628,0.06446004471825985,-1.4210935981799087,-0.0320668760017412,-0.02902891880612082,0.00042190172928922013,,,,
FAC_rank_vol_m3_n6_pairwise1,2016-11-30,151,0.15601037718336697,0.11469619984269264,0.21977642411091064,-0.12377793517615773,-0.251274360763173,0.022575271997831915,-1.573823853749828,-0.027523285307894153,-0.014434511027399944,0.0003677088244667582,,,,
FAC_rank_vol_m3_n6_pairwise1,2016-12-30,173,0.13084428235241874,0.09397100948252146,0.2216281433539364,-0.023964120636172696,1.1824819962026198,-0.11487865987748509,-0.9545502954006488,-0.03454980316875531,-0.029083160917213354,0.0005291374574127614,,,,
FAC_rank_vol_m3_n6_pairwise1,2017-01-26,193,0.12884116733754059,0.0958784006962583,0.09715661613147553,-0.009339886598273507,1.2399846438281033,0.01409986748317925,-0.10516160226387292,-0.009580151739012027,-0.007436554393756071,0.00031004551921923597,,,,
FAC_rank_vol_m3_n6_pairwise1,2017-02-28,219,0.1405866145641529,0.11207527002362716,0.2046994691369309,-0.0961946260028495,1.610487668430204,-0.030944472570235998,-1.801533382622208,-0.00487937140880865,-0.019501798404795594,0.00036628881134389776,,,,
FAC_rank_vol_m3_n6_pairwise1,2017-03-31,221,0.2595543194807387,0.2352204238768193,0.06839734107137306,0.018301069028264356,1.4045618175708787,0.025420773110504797,-0.4830165171552504,-0.009091309473905258,-0.01736933806928992,0.00036678879368745126,,,,
FAC_rank_vol_m3_n6_pairwise1,2017-04-28,229,0.2080846378825978,0.1830013458698294,0.12014378456311654,-0.035121737088874665,1.665699090312906,0.042671069807607084,1.2795476739803002,0.004512994936818763,-0.011808366286310825,0.00028503811406588856,,,,
FAC_rank_vol_m3_n6_pairwise1,2017-05-31,237,0.14022091304477302,0.11393945623828139,0.15844229985031402,-0.049620310658212236,0.8029120302334808,0.16000249874826428,0.10845638126103328,0.01536210359175479,-0.01613252385674906,0.00026755807033998464,,,,
FAC_rank_vol_m3_n6_pairwise1,2017-06-30,232,0.44079668101231295,0.4233215772939477,0.12625181456844034,-0.09887688693502138,1.9831250965641531,0.1099082262772133,-2.16685268997536,0.021941928447153557,0.0030042410755819525,-0.00015285873643680514,,,,
FAC_rank_vol_m3_n6_pairwise1,2017-07-31,236,0.25085573304602826,0.2278556897623536,-0.05022192595948625,0.15838735417530905,0.1463341145319105,0.398286015918882,-1.1491745590001834,0.023752818788567148,-0.0015508993691443686,-8.095057141103115e-05,,,,
FAC_rank_vol_m3_n6_pairwise1,2017-08-31,246,0.26828005172113556,0.24675887677175712,0.05687367824308891,-0.009421501200302263,-0.12463932112363577,0.31996560308240546,-0.8729773864897955,0.018452113517845842,0.013679753938707559,-0.00023708011749764535,,,,
FAC_rank_vol_m3_n6_pairwise1,2017-09-29,256,0.14912860002759887,0.12511206857676493,0.19855822841773355,-0.17530787351095925,0.29402317516398985,0.15907743363616697,-1.5158709922615614,0.03077561726078503,0.006707977052493919,-0.0002828596298036729,,,,
FAC_rank_vol_m3_n6_pairwise1,2017-10-31,258,0.11643854238372353,0.09169882157046783,0.11844660655137057,-0.1008905736508961,0.027122563255235734,0.002437617219095292,-2.336725785889847,0.017574718641872534,0.009891567305473876,-0.00032943898920792677,,,,
FAC_rank_vol_m3_n6_pairwise1,2017-11-30,272,0.058078542652617915,0.03310335249567975,-0.07179170936687763,0.11877809253006004,-0.14689327575260427,0.09645995320213654,-1.5689200105609804,0.001754543326264925,0.013516987956287549,-0.00022637777191397834,,,,
FAC_rank_vol_m3_n6_pairwise1,2017-12-29,272,0.10234865356604883,0.07854729210757283,-0.060656058825835996,0.003697691620113022,0.8312951632377761,-0.05604738812742544,-0.8718612062097719,0.011099642135289725,-0.002926889630076299,-6.857418706783218e-05,,,,
FAC_rank_vol_m3_n6_pairwise1,2018-01-31,269,0.09513356496580094,0.07086511651660787,0.022228804487292628,-0.07427607794679131,-0.5207072122806643,-0.02348946353906506,-1.439836189368188,0.009461953124006453,0.0033219951002261537,-0.00014424832428091414,,,,
FAC_rank_vol_m3_n6_pairwise1,2018-02-28,270,0.2244119922123754,0.203690175210416,-0.09879812836710129,0.07206436839335913,0.23794313591416527,-0.03427270517160934,-2.897672701788544,0.02104483749414857,-0.012082836756505975,-5.4757108824294016e-05,,,,
FAC_rank_vol_m3_n6_pairwise1,2018-03-30,269,0.28381408740379277,0.26460603610810907,0.029070480867496338,-0.06712857334454064,-0.16361730378260972,0.13203580664657563,-3.4105402122393125,0.00485252453773112,-0.019063712948655474,0.00013444220059120939,,,,
FAC_rank_vol_m3_n6_pairwise1,2018-04-27,274,0.4014863507516999,0.38573599156095517,-0.06932399948337392,-0.0092003564925481,0.929847503760522,0.06050187771552203,-2.6558131478626987,0.01067520071408856,-0.009608788798098906,7.551484739962896e-05,,,,
FAC_rank_vol_m3_n6_pairwise1,2018-05-31,281,0.3834076931000038,0.3675976339487218,-0.02907655023247209,-0.052040729644348326,-0.3806093333536426,0.07482477077855977,-3.0780503707925573,0.014472172515191893,-0.0045170907821193255,-4.348247208901888e-05,,,,
FAC_rank_vol_m3_n6_pairwise1,2018-06-29,278,0.378110928573113,0.36198787857315673,0.04785309228860534,-0.08707508296621984,0.5080550959743204,-0.03837857815546342,-2.9806421433590486,0.0036561950035954986,-0.0003161334852819283,1.659661544790184e-05,,,,
FAC_rank_vol_m3_n6_pairwise1,2018-07-31,270,0.35524965015994603,0.3380234957749064,-0.02443901145359283,-0.03497173994345064,0.8887759639031306,0.113912880097137,-1.865739812050194,0.014298582195170474,-0.003575196137162552,-4.3410805473394735e-05,,,,
FAC_rank_vol_m3_n6_pairwise1,2018-08-31,273,0.07990228213448669,0.05559781411539766,0.19393201146403646,-0.10653016474993274,0.33324793001896086,0.03421542020973216,-0.7780766664431856,-0.008159822518161903,0.0020457050535543373,5.176283347803181e-05,,,,
FAC_rank_vol_m3_n6_pairwise1,2018-09-28,274,0.01633576787328528,-0.009550132972154568,0.17953206576181566,-0.05139841836822803,-0.29389004211685715,0.022041766721854567,-0.03625795157376009,-0.0026470990057217755,0.001857721365942565,1.2988039771855795e-05,,,,
FAC_rank_vol_m3_n6_pairwise1,2018-10-31,269,0.2093057502007073,0.18809939101068796,0.0617130557534463,0.0314418796610461,-0.9619227302261237,0.07774568888964821,1.8832869064180853,-0.005262790832018066,0.003683762381239554,-2.9157345757770344e-05,,,,
FAC_rank_vol_m3_n6_pairwise1,2018-11-30,272,0.1879451585978582,0.16641340143946814,0.05764305046648762,-0.025767315363886958,0.41318584374431183,0.016317500242278096,2.5617832309593074,-0.009139605170357671,0.0001233813445538107,9.072020077348663e-05,,,,
FAC_rank_vol_m3_n6_pairwise1,2018-12-28,278,0.31272766455828727,0.2949094928986874,-0.003949157020028576,0.06102174921353732,-0.1970068347187428,0.010146218573292632,4.213226290545987,0.014815110200059888,0.00879976025553404,-0.000100717432236425,,,,
FAC_rank_vol_m3_n6_pairwise1,2019-01-31,269,0.2690778794065719,0.24947460414161404,0.1511305464629177,-0.0937215347333652,0.4112076638172618,-0.08259087011224352,3.2155489493024247,0.013296466958452055,-0.007610924359372379,-2.7178631782304803e-05,,,,
FAC_rank_vol_m3_n6_pairwise1,2019-02-28,283,0.27936351698283857,0.2610200428696744,-0.07270782004976531,0.07119015518257107,0.07174288067441222,0.17739427941013708,3.6342589763948285,0.021977246699256672,0.0028765975805299777,-0.0001252985745081267,,,,
FAC_rank_vol_m3_n6_pairwise1,2019-03-29,287,0.13541809556328555,0.11372607645555433,-0.028326199285846287,0.010040153395067843,0.34778576559373064,0.05884787524177071,1.0404723677811607,0.025188310717757303,0.010047367239652135,-0.0003390223803236041,,,,
FAC_rank_vol_m3_n6_pairwise1,2019-04-30,286,0.10781293076465137,0.08534778873354543,0.023690459775613418,-0.02389538842583173,-0.31499527772207836,0.052253288885182665,1.3809784717634164,0.02587547889789561,0.01711214544208514,-0.00037229951093769296,,,,
FAC_rank_vol_m3_n6_pairwise1,2019-05-31,289,0.12381584481466668,0.10198919326200717,0.08788683182207879,-0.04199249194108371,-0.55231790253623,-0.09118846280535664,1.3229149538080198,0.019774485051032204,0.025075589340215795,-0.0005090191810512567,,,,
FAC_rank_vol_m3_n6_pairwise1,2019-06-28,297,0.15496490476867109,0.13449692668348323,0.09609569687573546,-0.030742798354935125,-0.12176499484702212,-0.1713949604053763,2.095677085847132,0.009276584562604299,0.016570500044218856,-0.00043724417397566194,,,,
FAC_rank_vol_m3_n6_pairwise1,2019-07-31,301,0.32667262066411673,0.31058630102127993,-0.018724689042218964,-0.029347781593127297,1.620453428087824,-0.3582763611128604,3.219002544077729,0.02987839997743875,0.020464030025675546,-0.0004215775761804567,,,,
FAC_rank_vol_m3_n6_pairwise1,2019-08-30,298,0.2674919299846218,0.2498107007083885,0.17955255806899184,-0.14500313528355438,0.9394086836260283,-0.4007239162190964,2.9832775173626276,0.01299874072774562,0.02110927119403306,-0.00048523933945746186,,,,
FAC_rank_vol_m3_n6_pairwise1,2019-09-30,302,0.26946028298807667,0.25206648020207856,0.007823340345954359,-0.04275150479804958,1.3026431360270863,0.08863932807533084,1.3792528215666109,0.004137593834277691,0.01075409966835075,-2.5595228515593446e-05,,,,
FAC_rank_vol_m3_n6_pairwise1,2019-10-31,311,0.1677265147271343,0.14849907447330568,-0.06246347701864117,0.06854260670425302,-0.3934311773151067,0.0460209720861117,2.4628926523985215,0.013644943254976737,0.0106280635487291,-0.00021142175564712606,,,,
FAC_rank_vol_m3_n6_pairwise1,2019-11-29,325,0.23983430525775828,0.22304831199846586,-0.014117555091022653,0.010165917474102584,0.4771938487053589,0.20004008441578555,2.4211566826899875,0.02264033425666213,-0.002569232912944987,-5.457919826472993e-05,,,,
FAC_rank_vol_m3_n6_pairwise1,2019-12-31,340,0.3471822511646049,0.33341802152048505,0.2303758617957649,-0.17527463148458688,-1.245427700185582,0.30501356759786996,2.7332852371179173,0.03181979146046542,-0.018660711709375093,2.0776904931224805e-05,,,,
FAC_rank_vol_m3_n6_pairwise1,2020-01-23,346,0.17059259558081774,0.15341551915793528,0.5683058682370927,-0.3159232374817213,-0.05948665856441839,0.4949501806808019,-1.8873034695271538,0.026092741471315233,-0.044654518304892664,0.00021814574737843664,,,,
FAC_rank_vol_m3_n6_pairwise1,2020-02-28,352,0.08969783358004191,0.07117424298428698,0.9064540631907559,-0.5235232960383459,-0.718557608588578,0.2537782202626413,-1.6477452232305223,0.010008429201580403,-0.024141732015973805,8.834604753733412e-05,,,,
FAC_rank_vol_m3_n6_pairwise1,2020-03-31,355,0.047982525875999604,0.028777562421048675,0.5156551507546657,-0.09531509204727619,0.17974417185297684,0.1395011698889454,-0.2829419712207233,-0.0017791944150081476,-0.024498462976929425,-6.11054557032303e-05,,,,
FAC_rank_vol_m3_n6_pairwise1,2020-04-30,360,0.18078021619220086,0.16448891367329577,0.5219070618614801,-0.16395255116487215,1.654310892539844,0.017229086998265045,-2.811530699390161,-0.005282223409362905,-0.013661114907977763,-0.0001195288082117129,,,,
FAC_rank_vol_m3_n6_pairwise1,2020-05-29,377,0.12057231188920314,0.10388940181664064,0.68676113144689,-0.35036440004526986,-0.24452614119914748,-0.18408681555008033,1.0523624207350935,-0.004071502259030676,-0.017647175468920116,-4.43245508187948e-05,,,,
FAC_rank_vol_m3_n6_pairwise1,2020-06-30,373,0.10814846214981255,0.09104446005405553,0.6217893013189758,-0.29762465950262357,-0.08901239433121667,-0.22918207421961936,1.0516619729819052,-0.0036424472824522903,-0.006080885394803436,-0.00011041485016392429,,,,
FAC_rank_vol_m3_n6_pairwise1,2020-07-31,379,0.15315857964739432,0.13718043964074134,0.22274178329618313,-0.13993194314307375,0.7526631368252928,-0.13554007293856674,0.8102680180737388,-0.0035323297197154225,0.0036922646430401504,-0.00018545545917480973,,,,
FAC_rank_vol_m3_n6_pairwise1,2020-08-31,390,0.10861812779494717,0.09228390500584938,-0.012965099692783047,0.045799859632739526,0.2898139983667697,-0.12477388026473442,2.438735055782271,0.004722497698400145,0.009054486476634479,-0.0001925734782605158,,,,
FAC_rank_vol_m3_n6_pairwise1,2020-09-30,396,0.11893377290660367,0.10303824819100105,0.2363444001525992,-0.009814411819839355,1.1055488920330687,-0.00043226911592498114,-0.8799069783192227,-0.0011452776923627683,0.0012806457226453628,-0.00010040734723800605,,,,
FAC_rank_vol_m3_n6_pairwise1,2020-10-30,398,0.20763335583589648,0.19341139042782274,0.020091858368365665,0.08742692337891461,1.287044775256713,-0.004163682936752231,0.2448420860273026,-0.0029163375159437844,-0.005439511406344726,-2.6439563064904237e-06,,,,
FAC_rank_vol_m3_n6_pairwise1,2020-11-30,424,0.23911859890263965,0.22631530609571293,0.14167041789168988,-0.06616590556937171,-0.6689626431738402,0.1659962771355397,0.19045696239434798,-0.0009508576822949161,-0.006522999528684721,-1.4335546285890948e-05,,,,
FAC_rank_vol_m3_n6_pairwise1,2020-12-31,436,0.16951280437452232,0.15593006986662905,0.18376257379756228,-0.17773136152675176,0.2579153769511622,0.03349249649860825,0.7778538780060391,-0.017255902805577768,-0.01009903788492704,-4.594234180573297e-05,,,,
FAC_rank_vol_m3_n6_pairwise1,2021-01-29,432,0.22414955192456631,0.21134070018747186,-0.02726877616073281,-0.058571484290019876,-0.6910411337613002,-0.15913006161525192,3.5708526365318938,-0.019296523214433065,-0.006843638268596872,-2.9451526978419015e-05,,,,
FAC_rank_vol_m3_n6_pairwise1,2021-02-26,458,0.228731321114633,0.21673380833197176,-0.3059494100932977,0.23441985799658133,-0.5288714342026267,-0.2075000740841668,4.401491747008597,-0.018264199755856483,-0.040553098436093865,0.0002207090187729417,,,,
FAC_rank_vol_m3_n6_pairwise1,2021-03-31,460,0.24749246614671738,0.23583858841005156,-0.08246856526925671,-0.03743350173449931,-0.8191638489036017,-0.09712672935203646,3.915695762628605,-0.031545739980723825,-0.04501867597371968,0.00029605154979171907,,,,
FAC_rank_vol_m3_n6_pairwise1,2021-04-30,483,0.08861750256647971,0.07518660260430143,-0.15628604335564297,0.14334535552679337,-0.1545152297318148,-0.1203707863072884,2.889089685712637,-0.02037683934398434,-0.04766954556884498,0.00028687664400307833,,,,
FAC_rank_vol_m3_n6_pairwise1,2021-05-31,518,0.2648673469821021,0.2547772909602878,-0.08106361980243751,0.11461366862995472,2.7203813209127814,-0.062461340795337286,-0.3918529851703399,-0.022623482123886204,-0.03151813334638301,0.00024640589926230904,,,,
FAC_rank_vol_m3_n6_pairwise1,2021-06-30,515,0.18721476676677962,0.17599287991740575,0.15029677965446797,-0.07701417035781166,1.1580831830950753,0.12603148289325597,-2.3251567116113803,-0.004427025050585512,-0.03454234047900763,0.0004683191438520149,,,,
FAC_rank_vol_m3_n6_pairwise1,2021-07-30,528,0.15629130071526665,0.14493368360951064,0.018794934641746884,0.038636376428355344,-0.021179051551611483,0.07079606853097854,-2.3007746859387805,-2.7944355129327443e-05,-0.02668935473375821,0.00028279376998231883,,,,
FAC_rank_vol_m3_n6_pairwise1,2021-08-31,553,0.17724955989874214,0.1666821230534049,-0.07756843093974654,0.07289775912295228,0.07363839289205787,-0.07766831820428378,-0.9237562944446819,-0.0022090805052724163,-0.0009245805091588444,2.607252040227115e-07,,,,
FAC_rank_vol_m3_n6_pairwise1,2021-09-30,565,0.2865525588992752,0.2775864330685659,-0.10355988981627504,0.06674215775740555,0.2792025611678425,0.08958358382618198,-2.060931087654537,-0.0015151133546904428,-0.011991136293409647,0.0001412486868780195,,,,
FAC_rank_vol_m3_n6_pairwise1,2021-10-29,578,0.3664048522661906,0.35862385922384554,-0.1878955599544365,0.08997036509883763,-0.8460720743688868,0.03303322882941718,-1.888493269008187,0.005472041247759464,-0.005151079733448342,9.98142982178087e-05,,,,
FAC_rank_vol_m3_n6_pairwise1,2021-11-30,604,0.3098819337813682,0.3017765202519548,-0.1417213294178751,0.06842170499218252,-0.5573106794105126,-0.035104236430163346,-1.5657258186626075,0.0004590584330321372,-0.007989107467641704,6.284187029355931e-05,,,,
FAC_rank_vol_m3_n6_pairwise1,2021-12-31,596,0.06606678019791468,0.05494852758122315,-0.1297182993279355,0.036627241957005986,0.3772672095562157,0.02832384628968637,0.0017863429111841425,0.00018698986147670167,-0.003574890035476996,7.114587695908974e-06,,,,
FAC_rank_vol_m3_n6_pairwise1,2022-01-28,611,0.16963689324083497,0.15999752052555438,-0.09153335189747876,0.007632872831056301,-0.17293115663463948,0.1316977444905486,0.4218529463005409,0.0015097023622448592,0.002033542617828715,-1.4942271859171414e-05,,,,
FAC_rank_vol_m3_n6_pairwise1,2022-02-28,641,0.05940146605104779,0.048999902484471725,0.05061603563640759,-0.09707562946947833,0.268855390901091,0.035295917549200924,-0.6914727379086566,0.0002046944383414845,-0.0006822795604067899,-2.849556567829952e-05,,,,
FAC_rank_vol_m3_n6_pairwise1,2022-03-31,657,0.11042393063234524,0.10082911940650008,0.07336589913331491,-0.1446387718539015,-0.42206550188652936,0.061291762654847,-0.5374832679981352,0.004905752993524395,0.0025591809920235864,-3.8665726196142286e-05,,,,
FAC_rank_vol_m3_n6_pairwise1,2022-04-29,705,0.5061916007331977,0.501232262433531,-0.1141157296595592,-0.01215577311319678,-1.4399891736548367,0.11320998278737293,0.4539720869241714,0.003871198924603771,-0.002364546959058576,-1.8515939820018935e-05,,,,
FAC_rank_vol_m3_n6_pairwise1,2022-05-31,744,0.11096385371037876,0.1025083468842547,0.004113924171842509,-0.005473974587115438,0.25092888996729656,0.15872221325001,0.07631602256020256,-0.008286953943199737,-0.01463170472384969,0.00011628537538042141,,,,
FAC_rank_vol_m3_n6_pairwise1,2022-06-30,758,0.1996674007674588,0.1921976298412884,-0.08479961745993214,0.06532187961831172,-0.5108146210586976,0.0948786877311901,-0.3111580175451781,-0.003242323990152045,-0.007458109333980471,5.6478517173289346e-05,,,,
FAC_rank_vol_m6_n3_pairwise1,2009-10-30,51,0.04532935736405974,-0.11008214259993054,0.09457838241131808,,0.5287170879861964,0.025220575297083922,-0.8505915196876132,-0.010400944821355358,0.0017051249984544757,-0.0003491850374567865,-0.055188864633895225,,,
FAC_rank_vol_m6_n3_pairwise1,2009-11-30,53,0.16272527695761418,0.032482542262131986,-0.06897602210050095,,1.0742863106012972,-0.08477744864305083,-0.4207193019676517,0.004994354533205333,-0.0038240517019792752,0.00012761313568340743,-0.06478448979135805,,,
FAC_rank_vol_m6_n3_pairwise1,2009-12-31,59,0.13800495587995465,0.01969191060857589,-0.048403343800004474,,0.5684882300393698,-0.09210266740566146,-0.48675959341106156,0.02401878347724588,-0.003805070936613212,0.0003620105802593407,-0.10227371700512328,,,
FAC_rank_vol_m6_n3_pairwise1,2010-01-29,55,0.10658053550171132,-0.02648193793420406,0.044871295896657386,,0.47501205892893383,-0.01778695241282801,-0.5171318209588497,-0.007619531840713979,-0.004673709060502505,-1.620041619151042e-05,0.016178721609202106,,,
FAC_rank_vol_m6_n3_pairwise1,2010-02-26,59,0.1210806275802846,0.0004446352873824777,0.12753756070443917,,1.2235216173627153,0.04618609507117731,-0.8880901397397457,0.016349603754939778,-0.00030516914837302637,-0.00037294189882990575,-0.14540451460861664,,,
FAC_rank_vol_m6_n3_pairwise1,2010-03-31,60,0.11739376795220702,-0.0014186094388419779,0.09559897872959884,,0.30167591709232006,0.1784069184244556,-0.9169610524672757,0.03058380183062253,0.0015691802017436195,-0.00022060711709506604,-0.11914505462140773,,,
FAC_rank_vol_m6_n3_pairwise1,2010-04-30,60,0.15556033238277156,0.04188576174199088,0.1526673072563748,,0.5478122006441415,0.11950378689521507,-0.5134309818665848,-0.04514151478045505,-0.0005811113316057884,0.0002215435105664314,0.06633970567200825,,,
FAC_rank_vol_m6_n3_pairwise1,2010-05-31,57,0.23169647872302956,0.12193883282631945,0.1575443690884678,,0.6560549578608491,0.3398384418143898,0.07652662713599165,0.030208858603635647,-0.004713831904052935,0.0003346623769664577,-0.05509243058555122,,,
FAC_rank_vol_m6_n3_pairwise1,2010-06-30,57,0.19959348782600395,0.08524970037257595,0.18252822306884076,,-0.2625640157897231,0.42918622996770994,-0.15497833034045916,-0.0007877046242665529,-0.009433839460018786,0.0007263192710349794,0.05739326090701316,,,
FAC_rank_vol_m6_n3_pairwise1,2010-07-30,58,0.1954517166701839,0.08281495700400965,0.1591200819802517,,0.47808171384819886,0.30118054996404814,-0.6825874497717012,-0.012601058927503076,-0.007909865179481347,0.00030713505176684867,0.011359980753997263,,,
FAC_rank_vol_m6_n3_pairwise1,2010-08-31,55,0.1352664279715584,0.006476321499237381,0.18539842033319956,,-0.44589814211124806,0.029526079465635402,-1.3777452966903603,-0.034387431813202904,0.010299144033440242,-0.0004347668897148426,0.10822468932541227,,,
FAC_rank_vol_m6_n3_pairwise1,2010-09-30,60,0.18415234210924014,0.07432669585471474,0.014750945465196393,,-0.875719872023532,-0.1615143936202042,0.024125086590301697,-0.06046939052731618,0.004941000653744913,-0.00014430537208063863,0.14652084015511685,,,
FAC_rank_vol_m6_n3_pairwise1,2010-10-29,56,0.17685613070924233,0.05681431643767354,0.006029914624279166,,0.507822943638713,-0.0779043056479738,-2.6156425344365184,0.006065396544141517,-0.0029523065095235232,-0.00020441541668745453,0.0833089762694182,,,
FAC_rank_vol_m6_n3_pairwise1,2010-11-30,59,0.2701787305853415,0.17000718380293733,-0.1011465393997215,,-0.5129113851552404,-0.09849627762640303,-0.360853358838974,-0.05971251827531175,-0.008047183205244156,0.00028850615660250376,0.09003686892714809,,,
FAC_rank_vol_m6_n3_pairwise1,2010-12-31,61,0.19766591517592658,0.09169726246331311,-0.011424428220586346,,0.5962893687704554,-0.16140935794562353,-0.3281351609791963,-0.005691700554079396,0.003793570210282072,4.6429235433883474e-05,-0.03522152389860426,,,
FAC_rank_vol_m6_n3_pairwise1,2011-01-31,60,0.11179421155022429,-0.007771952279553185,0.00415271178043569,,-0.12891674867986289,0.07269224218370265,0.17057934750813095,-0.06076028700184553,-0.004504365932165588,0.0002704465932700012,0.0011951406533430877,,,
FAC_rank_vol_m6_n3_pairwise1,2011-02-28,63,0.16998343974859387,0.06434496844386939,0.005470785108516374,,-0.7039395232066028,0.08893742003763043,-0.012070735496318628,-0.0568317182822576,-0.00447458039459495,0.0002620600725811975,-0.015290231792698719,,,
FAC_rank_vol_m6_n3_pairwise1,2011-03-31,63,0.17959725543744487,0.07518236067493778,-0.01580659403511648,,-0.05196874417492739,0.07387727050131962,-1.14813026859336,-0.05916094077118788,-0.01889269191414994,0.0007335172348055137,-0.050310466078796995,,,
FAC_rank_vol_m6_n3_pairwise1,2011-04-29,64,0.2926980997496025,0.20428536221830285,-0.006994180242600641,,0.7727935147699796,0.03444387287846292,-1.077558635307393,-0.0641384650730522,-0.006944575893885622,0.00012253652910865917,0.05380156957705825,,,
FAC_rank_vol_m6_n3_pairwise1,2011-05-31,68,0.16668091167942167,0.06946035137535422,0.0013423645327209,,0.7068730503377397,-0.11338654690979863,-0.40548123210945447,-0.05488639892076268,-0.0018652213132480668,-0.0002934702244533199,0.0746057593629943,,,
FAC_rank_vol_m6_n3_pairwise1,2011-06-30,69,0.2802437945381947,0.19764882014093832,-0.04047557840151717,,-0.5296946912431812,-0.09525027121401411,-1.461000029227577,-0.06813190276005614,-0.009375377064264391,0.0002320378359937795,0.05174156814987298,,,
FAC_rank_vol_m6_n3_pairwise1,2011-07-29,68,0.4174413597399542,0.34947618504294886,0.07668045247793843,,-0.6104863186211996,-0.06847006502606297,-2.611945952804574,-0.0808598304860319,-0.009186284771259027,0.00048473888038916464,-0.0784644322208026,,,
FAC_rank_vol_m6_n3_pairwise1,2011-08-31,73,0.3394805965586699,0.26834773772652665,0.11231572396732707,,0.11782550371062615,0.08355974924125835,-2.3830120927046377,-0.048054123926443315,-0.02152185827418408,0.0006134915596422882,-0.10370762998626563,,,
FAC_rank_vol_m6_n3_pairwise1,2011-09-30,76,0.2531393855342233,0.17625667522156985,0.11802584548943362,,0.42819052129045326,0.1144708778611073,-1.7336425600722187,-0.050003511403237146,-0.011767723771080488,8.280983314854374e-05,-0.008834993576013686,,,
FAC_rank_vol_m6_n3_pairwise1,2011-10-31,75,0.14592704665476552,0.05669554406645749,0.07665219082022104,,-0.0928406612499493,0.14340323727680418,-0.9166078402479689,-0.03392312312629636,-0.002197751953179504,6.877462210565561e-05,-0.026643601838245292,,,
FAC_rank_vol_m6_n3_pairwise1,2011-11-30,77,0.4477933814405489,0.3917724201374162,0.09679779055114099,,-1.1940680711140181,0.0727746819745665,-1.3840074344381172,-0.015567569522847168,-0.005978015267447028,-2.3033064775370863e-05,-0.050444855047580214,,,
FAC_rank_vol_m6_n3_pairwise1,2011-12-30,79,0.030913166885242038,-0.06463060539367782,0.09367418735785399,,0.053544388687939655,0.08141487197779144,-0.013191905405366217,0.012299264268156614,0.00707446666687576,-0.0003723597520522379,-0.0303722855761052,,,
FAC_rank_vol_m6_n3_pairwise1,2012-01-31,79,0.48937720245336713,0.4390341097375019,0.02833989966497138,,-1.1988766584619197,0.2880508478518212,0.6118903304706688,0.02262413208811933,0.016906893825017887,-0.0005796358707733871,0.003307627760920649,,,
FAC_rank_vol_m6_n3_pairwise1,2012-02-29,84,0.3573553361394056,0.2981643802575088,-0.21587333199503353,,2.268043585935999,0.09901902514711265,-1.9970622908286901,-0.00198197985939231,-0.024619789373767346,0.0001865408451892928,0.13878555684906066,,,
FAC_rank_vol_m6_n3_pairwise1,2012-03-30,81,0.3332935146043722,0.2693627557308188,-0.160548463413519,,1.7643453347713138,0.17821938665966458,3.035324399871844,0.028374889400719073,-0.006150685323635769,-5.450007301347578e-05,0.12608909689519116,,,
FAC_rank_vol_m6_n3_pairwise1,2012-04-27,83,0.35911761116911045,0.2993019215448941,-0.1879872162008436,,-1.0819528890853225,0.6192469460059694,3.0699050490564335,0.056598129152242715,-0.011268062261776401,-6.0941295389980384e-05,0.14568235734765175,,,
FAC_rank_vol_m6_n3_pairwise1,2012-05-31,88,0.2186497510065929,0.15028160421966974,0.021702621687578878,,0.6307027776333078,0.21043604059243265,-1.7909223361033326,-0.009878718561013905,-0.007615690923337742,-6.497887369111792e-05,-0.036126499051182794,,,
FAC_rank_vol_m6_n3_pairwise1,2012-06-29,89,0.08906474770216766,0.010341948120873523,0.061462320550654995,,0.1378368598097874,0.1221111784662347,-0.606043587001626,0.03488531433404891,0.009234213345468376,-0.0003569676787420822,-0.02863584820024602,,,
FAC_rank_vol_m6_n3_pairwise1,2012-07-31,92,0.04891076923163007,-0.030346666665733935,0.1495801331860351,,-0.4408548183275523,0.13107915367684572,-0.06491036328330294,0.01496090212014774,0.004080874491995192,-0.0002923318284867569,-0.05900164994721185,,,
FAC_rank_vol_m6_n3_pairwise1,2012-08-31,97,0.0596998369770495,-0.014256355620261285,0.1991782348114209,,-0.36005859257563666,0.02664297450999744,0.2027269824412893,0.021953293254480876,0.01243740500698445,-0.00040841586212456615,-0.07642401906858518,,,
FAC_rank_vol_m6_n3_pairwise1,2012-09-28,104,0.11829095636041209,0.05399967192835886,0.2484847007070983,,-0.12087609368075844,0.26451906531621655,-0.8273614076203712,0.008271462246206061,0.0017229594401465174,-5.2466344064799914e-05,-0.09243488811364253,,,
FAC_rank_vol_m6_n3_pairwise1,2012-10-31,106,0.08867299505702653,0.023578208989671223,0.11298092018853687,,0.9531115949439201,0.04358026167240765,-0.12291264911971636,0.0141759800188967,0.005089987189758647,5.018931640190432e-05,-0.019562420284050506,,,
FAC_rank_vol_m6_n3_pairwise1,2012-11-30,111,0.2422974638956129,0.19080311678172257,0.325850464180633,,-1.8169572920981722,0.08074363188742038,-0.010460797054942796,0.02125838387911457,-0.004348943393101925,-0.0002314797928045714,-0.1826403287370635,,,
FAC_rank_vol_m6_n3_pairwise1,2012-12-31,118,0.17995235968852252,0.12776750985051943,-0.005495091595271586,,-0.9639343102844499,0.20999651923416113,2.3920076681383713,0.023072635080294994,0.012929785571252803,-0.0007995191604932253,0.13240310828787258,,,
FAC_rank_vol_m6_n3_pairwise1,2013-01-31,122,0.14299086834916808,0.09036750061622234,-0.09205625652147657,,0.40485541367835043,0.39546268460038897,-0.752014797866494,0.06627581560501841,0.006590733899660452,-0.0007104149440080881,0.1471550304574673,,,
FAC_rank_vol_m6_n3_pairwise1,2013-02-28,120,0.409413479859393,0.37250182235060514,-0.02712896992381567,,2.9491530943004545,0.23447712409424773,-1.1544309770418582,0.014825049669658709,-0.012821058248118869,2.3413058762426963e-05,0.07414509229001723,,,
FAC_rank_vol_m6_n3_pairwise1,2013-03-29,124,0.30228506314442183,0.26018157557555077,-0.14550928361354817,,1.5621734808426788,0.08849317716752156,3.1515956452188005,0.025337579644514285,0.009750294913906204,-0.0004035805198220351,0.14188307826518182,,,
FAC_rank_vol_m6_n3_pairwise1,2013-04-26,124,0.328094059873942,0.2875480117628868,-0.2249279020891211,,1.4820389156144773,0.312834259645987,1.7525149483681302,0.036810561453529254,0.011159611075046318,-0.00012363301941379682,0.21699279335067836,,,
FAC_rank_vol_m6_n3_pairwise1,2013-05-31,126,0.20733975551098138,0.16031753761756506,-0.19417047955649136,,0.3187693171288126,0.2666054796912857,0.8697779311055878,0.031167722755084903,0.017756820925749303,7.801102572230944e-05,0.11468427241256074,,,
FAC_rank_vol_m6_n3_pairwise1,2013-06-28,125,0.134006247173172,0.08219465512370361,-0.13393686282444145,,-0.23613228041292458,0.18010383147944412,1.3310630854179366,0.01909353298911417,0.02731478637909874,-4.6550755814955666e-05,0.09734905258845467,,,
FAC_rank_vol_m6_n3_pairwise1,2013-07-31,128,0.3433270959344592,0.305021176530636,-0.12529109808756292,,0.9901741340490828,0.06594356086049502,1.5297773774287866,0.058423011220598765,0.01424212476054842,-2.7256224580693188e-06,-0.010517951114575702,,,
FAC_rank_vol_m6_n3_pairwise1,2013-08-30,133,0.16830719258799332,0.12173239537292091,-0.1014513909426137,,0.03385598619175295,0.17469472707162287,1.500068394714939,0.05451200387759997,0.0219107393742807,-0.00022869370693112827,-0.05805697000517424,,,
FAC_rank_vol_m6_n3_pairwise1,2013-09-30,134,0.12073319097907098,0.07188503492235265,-0.14447492880462556,,-0.3925276797043457,-0.016913924620550767,1.3784498815380324,0.03747220578333224,0.042541858746786086,-0.0005684681955085775,-0.025209006395556514,,,
FAC_rank_vol_m6_n3_pairwise1,2013-10-31,138,0.12870847109195338,0.08179277338152002,-0.019612278091226,,0.511704310890218,0.07817412082520293,0.3046100419309269,0.0364910698589371,0.007721651797983641,-0.0003237761342388049,-0.07339176803750973,,,
FAC_rank_vol_m6_n3_pairwise1,2013-11-29,141,0.22212090555793262,0.1811799005872975,0.004970895121553679,,0.9951622861959583,-9.874511067663808e-05,-0.43856684438820986,0.021534824937714518,0.025819165721745155,-0.00048515493907657167,-0.10397698529798179,,,
FAC_rank_vol_m6_n3_pairwise1,2013-12-31,142,0.1472926545251133,0.1027482409555297,-0.060051154779343974,,-0.24032731755338071,0.04435238095041322,0.9757953838397516,0.04384228965677518,0.024553257302509884,-0.0006117938492023704,-0.060135467668010645,,,
FAC_rank_vol_m6_n3_pairwise1,2014-01-30,130,0.18892870327553746,0.1423918255946257,0.15964676290625524,,-0.35493436641781656,-0.12832704446953425,0.1837350686093809,-0.0017631455959840933,0.04188600515835299,-0.0008268225263329571,-0.14082800912716872,,,
FAC_rank_vol_m6_n3_pairwise1,2014-02-28,130,0.12216876835135426,0.07180140260102219,0.151152204474264,,0.4077315486671249,-0.11530496147383318,-0.38398250899597286,0.023156850833004703,0.030430958705228942,-0.0005521049409667824,-0.09184750781428028,,,
FAC_rank_vol_m6_n3_pairwise1,2014-03-31,128,0.14396324242875647,0.0940277649037673,0.06334515307271017,,0.8584243733466479,0.11734911426908515,1.1285550777210163,0.006992753737021943,-0.023654212675538463,0.0001589915145747236,0.07968939147178777,,,
FAC_rank_vol_m6_n3_pairwise1,2014-04-30,127,0.17187700297214958,0.12316388549992308,0.12429891559582801,,0.4503072823302237,0.25721177691810915,0.2960473783813969,0.018066180734338015,-0.030155626873242646,0.0002245616855025197,0.014377210104479314,,,
FAC_rank_vol_m6_n3_pairwise1,2014-05-30,130,0.19462874016990372,0.14841891378620964,0.24441662678799467,,1.1904116997621037,0.23585223296023258,-0.11037278761885713,0.0490977710377333,-0.06958398484392354,0.0004283315389241898,-0.07261029805745381,,,
FAC_rank_vol_m6_n3_pairwise1,2014-06-30,125,0.1365167069985732,0.08485531340019725,0.4445064586042558,,-0.8078315235460192,0.3583527225589234,-2.548037869822317,0.012428908598926256,-0.11901564519576938,0.0015348637211373515,-0.1568122043089811,,,
FAC_rank_vol_m6_n3_pairwise1,2014-07-31,123,0.17730461716779466,0.1272275069084431,0.32042612984001845,,0.6782611490417918,0.2690379045748817,-0.9697216891417616,0.04058604930167449,-0.0757855757703055,0.0009166278359679965,-0.13044858675292673,,,
FAC_rank_vol_m6_n3_pairwise1,2014-08-29,123,0.05774257972985486,0.0003877802351504034,0.4314888340361754,,-0.22224795704835673,0.1730596862656468,-0.743567852581503,0.0509893466774944,-0.05929029128677473,0.0004967719343712275,-0.15695547409552357,,,
FAC_rank_vol_m6_n3_pairwise1,2014-09-30,122,0.05483449952388819,-0.0032019785755221797,0.5315767018234328,,0.02855257863651803,0.012288807706906761,-0.7009937169226514,0.13387500115609263,-0.035392020240259975,7.427288454700878e-05,-0.1866307927868723,,,
FAC_rank_vol_m6_n3_pairwise1,2014-10-31,123,0.10094666233492977,0.04622167656401244,0.4413859421688858,,1.7529663057908,-0.29380785246992747,2.905418922957925,0.11228406713653338,-0.06744145937174542,0.00028227222586491246,0.09135258761069086,,,
FAC_rank_vol_m6_n3_pairwise1,2014-11-28,125,0.1470110394721168,0.09597751191916659,0.1642361610090311,,-0.40833880483871865,-0.33042195240129146,6.147889698213697,0.28377853222710625,-0.06567970507884126,-0.0004085668859485307,0.4774042370613609,,,
FAC_rank_vol_m6_n3_pairwise1,2014-12-31,116,0.5304666969695158,0.5000339828842066,0.4928178361809241,,-1.4807370424393156,0.014113676302496193,2.105589407959057,0.0705442016646197,-0.0010754666850102987,-0.001097200150333673,0.10822891213147921,,,
FAC_rank_vol_m6_n3_pairwise1,2015-01-30,111,0.11397138243929761,0.05375584532352162,0.41503131866485554,,0.36137798945805066,-0.10275542989508288,-0.6395691854255444,0.01546460126698625,0.014670973234663381,-0.0005915886302818125,-0.0937426784574966,,,
FAC_rank_vol_m6_n3_pairwise1,2015-02-27,120,0.10749543802999861,0.0517139029068735,0.13525298379659884,,-0.38807190977168565,0.03622978774528097,-1.7625829126374537,-0.00977709346023125,0.02648176868377321,-0.00029569668775402205,0.03166520802123899,,,
FAC_rank_vol_m6_n3_pairwise1,2015-03-31,117,0.16823590552460133,0.11481986276012612,0.2044991321848075,,-0.27422695008057585,-0.015155094934928297,-2.532713943061013,0.010097795970361683,0.03672692181138329,-0.0007271391216367037,-0.17154130374877732,,,
FAC_rank_vol_m6_n3_pairwise1,2015-04-30,110,0.2225831971542216,0.16923106362558982,0.06730780924606143,,-0.4590530979906756,-0.09861719667810849,-1.0307659552462858,-0.007241772895890153,0.04224903154777704,-0.0009923941915147862,0.08408350832206826,,,
FAC_rank_vol_m6_n3_pairwise1,2015-05-29,100,0.3888558330783719,0.34235573342129155,0.08126382740237766,,-0.46445013258840834,-0.06686166468622196,-1.927572480131538,0.07803879421831739,0.01387576803903668,-0.0007804340355073266,-0.04549038433461981,,,
FAC_rank_vol_m6_n3_pairwise1,2015-06-30,85,0.1258167592762186,0.04634555557405673,0.06007820805964008,,0.14464667226345584,-0.08912237416080494,0.4755992341750133,0.040130427556983754,0.010969280187961205,-0.0003276387157464912,-0.02557297564192578,,,
FAC_rank_vol_m6_n3_pairwise1,2015-07-31,82,0.21875150217912986,0.14484961725012868,-0.027511386445679405,,0.5214484645567637,0.0022245239371280878,0.15889021835715703,0.028074184164276674,-0.0034121934271051147,-0.0002700205584674756,-0.10255948505241226,,,
FAC_rank_vol_m6_n3_pairwise1,2015-08-31,88,0.11511513200876644,0.03768770605953353,0.02738867082081945,,-0.34269206172225886,-0.01315639633767933,-0.3488616704438086,0.041276477737425946,-0.01499312467234053,-0.0001236778091251192,-0.11901265348666018,,,
FAC_rank_vol_m6_n3_pairwise1,2015-09-30,82,0.028492134865543473,-0.0634072577823106,0.14763727361540105,,-0.003638662846347498,-0.011122167489609803,-0.04648658260443961,-0.013458346695215022,-0.013515931010695,-6.531725573461337e-05,-0.029807714040182176,,,
FAC_rank_vol_m6_n3_pairwise1,2015-10-30,83,0.25494356898564097,0.18540496875763413,0.112742039779902,,-0.07554345300416349,0.0033284145520236282,-0.873891658871152,0.0020258515030703948,-0.003235434286784012,-0.00016242011208106666,-0.05912999152087786,,,
FAC_rank_vol_m6_n3_pairwise1,2015-11-30,87,0.5518659883125914,0.5121579113276311,0.11940044290460543,,-0.0009380114837071807,0.005485733095782844,-1.4728793569245426,-0.007092511000430914,-0.005081190368259587,-0.000169621076325018,-0.03545265778830947,,,
FAC_rank_vol_m6_n3_pairwise1,2015-12-31,90,0.4893093093067368,0.44571376254023864,0.1334431112887163,,-0.4660596513423423,0.060112365564703236,-1.4516797396234302,-0.006587236660914879,-0.026045537765732943,9.604804860568282e-05,-0.06305766498850643,,,
FAC_rank_vol_m6_n3_pairwise1,2016-01-29,90,0.2257315459465855,0.15963545840544047,0.13884433793350748,,-0.39841075897625206,0.04824575502669235,-1.0365495414292694,-0.01634784477839084,-0.030392522419562414,0.0005359704694765977,0.04500412024343132,,,
FAC_rank_vol_m6_n3_pairwise1,2016-02-29,93,0.04152648027313033,-0.03740663311614134,0.1617466848936222,,-0.2544376166429284,0.04839682921346198,-0.017325432870197974,-0.032551494375650324,-0.0114688053117241,0.00028756886519761487,0.07620683770095805,,,
FAC_rank_vol_m6_n3_pairwise1,2016-03-31,95,0.1376934123327912,0.06831242252048697,0.12373879538129948,,0.013569176238181546,0.04692591414173623,-0.5787635851527967,0.0020702260554833567,-0.0019788308917819937,-1.910069592506128e-05,0.02783162284629361,,,
FAC_rank_vol_m6_n3_pairwise1,2016-04-29,94,0.22945580716296998,0.1667370937925141,0.10630985540160719,,0.7794606315190504,0.0687352137672253,-0.18450676714157807,0.020056848798048203,-0.003882282209411987,-8.267290950994145e-05,0.014877134118329619,,,
FAC_rank_vol_m6_n3_pairwise1,2016-05-31,99,0.27037012420352313,0.21424474914225566,0.16907940728590684,,-0.3701790347065282,0.19095564449228533,-0.22157199901636015,-0.00264369078076674,-0.020206092371384248,0.00017436307168970956,0.02014174132067431,,,
FAC_rank_vol_m6_n3_pairwise1,2016-06-30,103,0.43710352977936007,0.39562694776310237,0.10251302011494653,,-0.07535769892020736,0.1275444858987009,-1.3064506100515172,-0.011117359944760057,-0.02922514970169717,0.0002521247942621552,0.13050118601471072,,,
FAC_rank_vol_m6_n3_pairwise1,2016-07-29,104,0.3127602793547366,0.26264904972435277,-0.019861950472787385,,0.4021630063125023,0.10840850808222655,-0.6257550812472589,-0.010573793715286111,-0.023916856011703645,0.0001640140695300609,0.12345738137205328,,,
FAC_rank_vol_m6_n3_pairwise1,2016-08-31,117,0.36056955386758904,0.31950521329027826,0.03038924968199379,,0.07962135588668423,0.12523002084375992,-1.345222445360543,-0.0108787577890224,-0.021596052714538332,0.0002867567916513933,0.12634597652988036,,,
FAC_rank_vol_m6_n3_pairwise1,2016-09-30,125,0.22828180546118326,0.18211063142894635,0.1290136631818338,,0.09936658670527385,0.08332858526085014,-1.1969967079153616,-0.028929447190381093,-0.027051064312210243,0.00037015575709543983,0.012764534593447075,,,
FAC_rank_vol_m6_n3_pairwise1,2016-10-31,138,0.25069155523950826,0.21034417744471257,0.22052257307700618,,-0.13349024084419372,0.062333702309657284,-1.4441855771922052,-0.032611459726707655,-0.027130702032305085,0.0004197847392290656,-0.0793216272116253,,,
FAC_rank_vol_m6_n3_pairwise1,2016-11-30,151,0.15481856344565736,0.11344604557236793,0.1838173927596308,,-0.1253603005633814,0.00859258926149869,-1.5979093457634126,-0.03083294600441119,-0.012644297537923834,0.00037560534485326866,-0.094859902725767,,,
FAC_rank_vol_m6_n3_pairwise1,2016-12-30,173,0.1434192172982227,0.10707942651693525,0.29953467472758927,,1.1960081666847944,-0.1117624502143244,-0.9825902837670223,-0.03831795696267067,-0.028534291061428293,0.0005758099292013211,-0.12004968985201073,,,
FAC_rank_vol_m6_n3_pairwise1,2017-01-26,193,0.15269077448499369,0.12063042541145286,0.21164935532023493,,1.3185426016457031,0.012119159857083955,-0.09554832373566635,-0.011516167170105686,-0.007116420035736123,0.0003543012431377571,-0.1533700739814338,,,
FAC_rank_vol_m6_n3_pairwise1,2017-02-28,219,0.13575101519999777,0.10707924793175116,0.11659719591772169,,1.6657850478612202,-0.036026677054712276,-1.8283228743985316,-0.004869882544693852,-0.018677763105922365,0.000370249757708129,-0.0002579748968416654,,,
FAC_rank_vol_m6_n3_pairwise1,2017-03-31,221,0.26129510061211003,0.23701841377776622,0.05273814412254362,,1.4228841520452353,0.02812083471679288,-0.4521461498053783,-0.008077615676197226,-0.01819672998762897,0.00036900627920188233,0.037615787019809686,,,
FAC_rank_vol_m6_n3_pairwise1,2017-04-28,229,0.21066298922778615,0.1856613644521956,0.13711568000169397,,1.653750830126316,0.037742548415672435,1.150011923754064,0.003803142092374727,-0.011314744902567753,0.000286804314845938,-0.055190347143960435,,,
FAC_rank_vol_m6_n3_pairwise1,2017-05-31,237,0.14420619260236456,0.1180465565683757,0.17344676040496243,,0.8197546769345995,0.14824508578126916,-0.04315441056259138,0.014745561133290935,-0.015937136793156673,0.00027118427765410993,-0.06699397725767296,,,
FAC_rank_vol_m6_n3_pairwise1,2017-06-30,232,0.4367664515035974,0.4191654031130848,0.0473617022525275,,1.991460274564183,0.0972193326798225,-2.2746986510922746,0.022600642323566334,0.002540674834944,-0.00015603407367727873,-0.011592223298851068,,,
FAC_rank_vol_m6_n3_pairwise1,2017-07-31,236,0.24065697681893905,0.2173438138265381,0.0535679288948098,,0.1015391617437723,0.4087271496904315,-0.970742757079397,0.020189053942296625,0.001139234949084008,-5.9503297144869754e-05,0.04262005776067738,,,
FAC_rank_vol_m6_n3_pairwise1,2017-08-31,246,0.2695838044418951,0.24810097516077445,0.01609290755411135,,-0.12519810286871202,0.32359974856155194,-0.7867452771823996,0.019282476317051645,0.012910840894466515,-0.00023493959820582017,0.03497250093996299,,,
FAC_rank_vol_m6_n3_pairwise1,2017-09-29,256,0.13839684367890348,0.11407739975048548,0.07764623506575663,,0.363695912136456,0.159691592687614,-1.6158837855952264,0.0305977747371133,0.006418148092120164,-0.00029106240728353364,-0.050329094274649086,,,
FAC_rank_vol_m6_n3_pairwise1,2017-10-31,258,0.14595012656346984,0.12203673010724692,0.1587445447391245,,0.034735719982853526,-0.017380515632434614,-2.7268514788235354,0.017610603217219013,0.014134603593616997,-0.0003885931130131326,-0.14723664340919446,,,
FAC_rank_vol_m6_n3_pairwise1,2017-11-30,272,0.058603402955767936,0.03364212954929202,0.11960037300163759,,-0.21676987019891494,0.09007408340508849,-1.9818621677265378,0.0019729339945829404,0.015820706796617828,-0.00027635628112693305,-0.08422799531844552,,,
FAC_rank_vol_m6_n3_pairwise1,2017-12-29,272,0.13185094285227994,0.10883183906427218,0.08641324657809657,,0.8782699669068423,-0.07918701451436277,-1.3930752789557275,0.010042549274356646,0.003424025221307808,-0.00014105775844903046,-0.1508085109607058,,,
FAC_rank_vol_m6_n3_pairwise1,2018-01-31,269,0.09898154640084555,0.07481630051887589,0.022856385537662643,,-0.555052258288976,-0.023263740797944472,-1.5457289487535506,0.00987213648402877,0.005872992582307368,-0.0001804907377049174,-0.07957729399796203,,,
FAC_rank_vol_m6_n3_pairwise1,2018-02-28,270,0.2216049563733935,0.20080814223069787,-0.059210548868780626,,0.23537700127139236,-0.0338659529036038,-2.8921667010006575,0.020077266367172147,-0.01254873076152888,-3.44020214379549e-05,0.03151763641174191,,,
FAC_rank_vol_m6_n3_pairwise1,2018-03-30,269,0.2807460454832449,0.26145570953835107,-0.06335823065569403,,-0.12622090164891675,0.13092435530920077,-3.2429149083912696,0.007844355433725688,-0.01922592544686571,0.00011471145673563046,0.03288374449422519,,,
FAC_rank_vol_m6_n3_pairwise1,2018-04-27,274,0.4029967437287817,0.3872861317216444,-0.046676886727366064,,0.9231974788892301,0.059338052678401004,-2.8007402347429236,0.010621981935813875,-0.009105091920224987,6.813456495637278e-05,-0.032591050633096405,,,
FAC_rank_vol_m6_n3_pairwise1,2018-05-31,281,0.39813478488784804,0.3827023434747159,0.01972883800130529,,-0.37014913882524414,0.06944714462990695,-3.471743559945825,0.015726538902519984,-0.003213101812466219,-7.76015104149998e-05,-0.101320901278397,,,
FAC_rank_vol_m6_n3_pairwise1,2018-06-29,278,0.3790275718923054,0.3629282867191429,0.0434955768797236,,0.4431092484650353,-0.03828136770433872,-3.257858295193483,0.005373323989692214,0.0007301766251447983,-1.0535071943241684e-05,-0.08532172182877425,,,
FAC_rank_vol_m6_n3_pairwise1,2018-07-31,270,0.3538017821592019,0.3365369442779592,-0.07752834328633795,,0.9046846604154067,0.11482050075100958,-1.7335903415159568,0.014655030828172506,-0.0042534619735628415,-4.15955061712704e-05,0.021579367798194263,,,
FAC_rank_vol_m6_n3_pairwise1,2018-08-31,273,0.06046591984807481,0.035648038485571076,0.11159116553341616,,0.32959180977581226,0.023596947137502704,-0.6866057406348125,-0.00890585932500473,0.0016362043244485616,7.182805095626161e-05,-0.02351307148145951,,,
FAC_rank_vol_m6_n3_pairwise1,2018-09-28,274,0.018223422425806435,-0.007612803299830162,0.1953960574765694,,-0.3470513600601373,0.012857349743768958,-0.19978915807447004,-0.003664563196251968,0.003430635127908251,7.038546362017776e-06,-0.07036433638848578,,,
FAC_rank_vol_m6_n3_pairwise1,2018-10-31,269,0.21131374372234402,0.1901612387647057,0.1425056129473498,,-0.9647434850436379,0.042192945538061064,1.6100120395360396,-0.006421676112383879,0.006224377480203356,-3.878384982736343e-05,-0.05941884606195703,,,
FAC_rank_vol_m6_n3_pairwise1,2018-11-30,272,0.1884853165264514,0.16696788173737998,0.06339379935640546,,0.4051110842888738,0.015128294895764711,2.5327466484399612,-0.009704313223406553,0.0004594853760966816,8.967256994065739e-05,-0.033809059423456904,,,
FAC_rank_vol_m6_n3_pairwise1,2018-12-28,278,0.31081998245254083,0.2929523523679771,0.05474639223738569,,-0.21710361500216674,0.005624456816162259,4.106421107217287,0.01480580310117702,0.009206715407286754,-9.647202860500082e-05,-0.001257021336700191,,,
FAC_rank_vol_m6_n3_pairwise1,2019-01-31,269,0.26467835723900945,0.24495708712664566,0.08376404391585848,,0.4028447003668263,-0.07900320565358901,3.284080714381845,0.011945123781128629,-0.008378928501233425,-1.3795465709166288e-05,-0.02461393835998503,,,
FAC_rank_vol_m6_n3_pairwise1,2019-02-28,283,0.2770469541628715,0.25864451299610824,-0.05566259882726316,,0.07749145969112475,0.17174467046375752,3.696486918221875,0.02301519944972162,0.002619175132402469,-0.00012928333910751253,0.05220497178649511,,,
FAC_rank_vol_m6_n3_pairwise1,2019-03-29,287,0.13973187896121475,0.1181480909781627,0.01704132184654441,,0.34908342038402385,0.06077557920061536,1.0249641009758437,0.025071123009577954,0.011271901226274922,-0.0003506842715473913,-0.04714698874305371,,,
FAC_rank_vol_m6_n3_pairwise1,2019-04-30,286,0.1088543567472956,0.08641543767258719,0.029398976658976304,,-0.32825797940268275,0.05732900919307054,1.3799158497919748,0.02588413527300385,0.01745788412244305,-0.00037697046077825026,-0.03416702640005266,,,
FAC_rank_vol_m6_n3_pairwise1,2019-05-31,289,0.1328619893903189,0.11126068663491762,0.12472038576295828,,-0.5998411782732034,-0.08293241300259578,1.2676761252037922,0.019483825247467158,0.025533830023165914,-0.0005118277181483276,-0.09364303605705583,,,
FAC_rank_vol_m6_n3_pairwise1,2019-06-28,297,0.1673551621335675,0.14718729408835984,0.15345227911955744,,-0.10237878416311219,-0.1553508327592816,2.0117677963270184,0.008829088255189244,0.018226372396802783,-0.00044367556848141796,-0.1022898249592741,,,
FAC_rank_vol_m6_n3_pairwise1,2019-07-31,301,0.33745691280528234,0.32162823836718324,0.06298275407113184,,1.6087655030052732,-0.34544428467704624,3.084333876194595,0.0293465318542215,0.023267879293957582,-0.0004304835385340971,-0.12825079243447712,,,
FAC_rank_vol_m6_n3_pairwise1,2019-08-30,298,0.28058395221523724,0.2632187372687085,0.2009026833990877,,0.9253682238340006,-0.4001051517477323,2.8744674387058966,0.012465892690944117,0.02495424221478883,-0.00047609339773993964,-0.18796739498771842,,,
FAC_rank_vol_m6_n3_pairwise1,2019-09-30,302,0.26825869681806236,0.25083628483754006,-0.04278139588190312,,1.2986698306762074,0.09172980547386729,1.4250218385901907,0.004829901867607039,0.008966214442487389,-7.713164219128278e-06,0.010311542564247442,,,
FAC_rank_vol_m6_n3_pairwise1,2019-10-31,311,0.16547172884573358,0.14619219782896842,0.021137743323789888,,-0.41289536285262646,0.03429066462195008,2.426634108521074,0.012404619442730727,0.012655920163798939,-0.000234303932786864,-0.01785499339983385,,,
FAC_rank_vol_m6_n3_pairwise1,2019-11-29,325,0.241528635472129,0.22478005644469967,-0.04710053061217094,,0.4793718504374807,0.20562902439458552,2.450248328467776,0.023077676622245684,-0.002117198474796617,-6.0378703251688624e-05,0.04899292863698074,,,
FAC_rank_vol_m6_n3_pairwise1,2019-12-31,340,0.3475819376022907,0.3338261350818571,0.2055777011569203,,-1.2274483379634897,0.309981161830524,2.5926651561657668,0.02824793100335913,-0.018523736942100338,2.5239111814206172e-05,-0.1574733203857037,,,
FAC_rank_vol_m6_n3_pairwise1,2020-01-23,346,0.22683898219784637,0.2108267717699911,0.6604282778768135,,-0.007708797176572032,0.5110974810811346,-2.4866245460454,0.02278793869527073,-0.04993814169041715,0.0002375603921277064,-0.43400733025634775,,,
FAC_rank_vol_m6_n3_pairwise1,2020-02-28,352,0.09651328624207278,0.07812838218304519,0.7266792368717592,,-0.7410962791634108,0.2645414383593024,-1.7126010617205571,0.011264321946116583,-0.03581291266493522,0.0001956590054797828,-0.3687049821448279,,,
FAC_rank_vol_m6_n3_pairwise1,2020-03-31,355,0.05050189097823199,0.03134775045041527,0.5181416948290449,,0.16683122614611057,0.14059992553978956,-0.345329881833703,-0.00210919515919024,-0.024754668337338318,-6.080923186550154e-05,-0.10713733446325563,,,
FAC_rank_vol_m6_n3_pairwise1,2020-04-30,360,0.20331725660876276,0.18747413387086886,0.5646198642052623,,1.679273714664316,0.0042713076978444335,-3.0620890470036795,-0.005531737160668068,-0.01233306736054206,-0.0001408992315820527,-0.2253754011630924,,,
FAC_rank_vol_m6_n3_pairwise1,2020-05-29,377,0.09283988226842643,0.07563088274506324,0.2925458016902808,,-0.0796081272750643,-0.19897714063661712,1.595885881788617,-0.0008055133668001434,-0.014604097934300373,-7.847667564829064e-05,0.05780498243865276,,,
FAC_rank_vol_m6_n3_pairwise1,2020-06-30,373,0.10173440511812515,0.08450739370943172,0.5008828052177612,,-0.04235469611358238,-0.24519110385014736,0.8282461692588178,-0.001219488675969814,-0.007763818553630122,-0.00012167609376376465,-0.1759429653867122,,,
FAC_rank_vol_m6_n3_pairwise1,2020-07-31,379,0.14941667928144353,0.13336793738109343,0.16832337624117738,,0.7635396843781533,-0.1404770552795582,0.8465183710757114,-0.0043512294574674214,0.003244545174563054,-0.0001617276317474394,-0.09219008556800756,,,
FAC_rank_vol_m6_n3_pairwise1,2020-08-31,390,0.1132352415467206,0.09698562555412127,-0.06692253757514108,,0.29912871300716215,-0.11823195066140925,2.5348563533962567,0.005640009737496739,0.009428828165846661,-0.00020353864192696372,0.1043355257013329,,,
FAC_rank_vol_m6_n3_pairwise1,2020-09-30,396,0.12242272192257841,0.10659014216344964,0.17057040119689917,,1.0937143985156421,0.005994183125306283,-0.7857494815517229,-0.0006214924791376111,0.0012633191308806108,-0.00010970298867517106,0.059386620948085805,,,
FAC_rank_vol_m6_n3_pairwise1,2020-10-30,398,0.1999648204736616,0.1856052146872914,0.10114268317054227,,1.293482119959605,-0.016372763589500575,0.20033623936160447,-0.0022265956024721733,-0.004764523863401857,-2.947645042957404e-06,0.006828982450684344,,,
FAC_rank_vol_m6_n3_pairwise1,2020-11-30,424,0.24854105595679798,0.23589631410991718,0.18078998807597296,,-0.6658790537574735,0.1743985371030706,0.059804443699175217,-0.0019630000579821463,-0.007829332210447397,6.830793700982078e-06,-0.11950802866362169,,,
FAC_rank_vol_m6_n3_pairwise1,2020-12-31,436,0.1534965050658582,0.13965182173749613,0.13480452182348282,,0.2634945062505423,0.03569256018503075,0.7459639892516068,-0.016976837567934073,-0.009766800546002844,-5.7341919413957516e-05,-0.13540986177122938,,,
FAC_rank_vol_m6_n3_pairwise1,2021-01-29,432,0.2273613705277382,0.21460554409777166,0.0009661981718721234,,-0.6785659761829226,-0.1527299252426083,3.5237530715859093,-0.020901695449391154,-0.00596525362852687,-3.162820496149366e-05,-0.10240893592331267,,,
FAC_rank_vol_m6_n3_pairwise1,2021-02-26,458,0.22260966026723594,0.21051692164917069,-0.11034068021987206,,-0.5554729879559441,-0.21033414648613133,4.312541239254169,-0.02190031806587286,-0.04000827085117055,0.00022148445687981643,0.03391256068801366,,,
FAC_rank_vol_m6_n3_pairwise1,2021-03-31,460,0.26628084054578705,0.2549179332091067,0.09140204905300159,,-1.0227041646985164,-0.09884788840683309,3.5802739188545787,-0.03621065886779207,-0.04244634166237253,0.0002930816138369934,-0.24164026236526187,,,
FAC_rank_vol_m6_n3_pairwise1,2021-04-30,483,0.09183454212958142,0.07845105117149098,0.11113712643781512,,-0.13330152806283085,-0.13151626257466947,2.5861687079173787,-0.023731784948523203,-0.04680559877210657,0.0003183703862461911,-0.15232281708110013,,,
FAC_rank_vol_m6_n3_pairwise1,2021-05-31,518,0.2819344834133981,0.2720786822053467,0.23068363335463002,,2.706538058541753,-0.06934680947710103,-0.647489225694597,-0.024134040456848305,-0.02738168367689883,0.0002480946950850921,-0.257059718692617,,,
FAC_rank_vol_m6_n3_pairwise1,2021-06-30,515,0.2216305404697514,0.21088382209359413,0.2884167799982086,,1.0471537404946478,0.11843332422634037,-2.368374584569067,-0.00596006186538725,-0.03035161881580673,0.0004559881111550766,-0.2635955144408652,,,
FAC_rank_vol_m6_n3_pairwise1,2021-07-30,528,0.1909118670064951,0.18002029598542868,0.22690690462576396,,-0.0670942591758523,0.08292543067324638,-2.7131891294489807,-0.0020515953504061614,-0.02741036381278354,0.00032999431104807533,-0.20895890212366233,,,
FAC_rank_vol_m6_n3_pairwise1,2021-08-31,553,0.20504898665278581,0.19483860666483988,0.1396970550863864,,0.049574161947706814,-0.0691627742928644,-1.4919586653723813,-0.002234901104672598,-0.0032372322281241112,3.2516011438139076e-05,-0.16312941679216567,,,
FAC_rank_vol_m6_n3_pairwise1,2021-09-30,565,0.32174209761724526,0.31321821015462536,0.10372418717504962,,0.2656359078667231,0.09979853130974246,-2.4768529758243236,-2.3960824628240612e-05,-0.013298089004090689,0.0001581184809527304,-0.1601415643537611,,,
FAC_rank_vol_m6_n3_pairwise1,2021-10-29,578,0.3975578379307939,0.3901594254141545,0.06125555824747455,,-0.6783554395531689,0.06765836718643259,-2.308495314730764,0.004893216857814829,-0.00584665601704966,0.0001252477223924654,-0.19156367534019864,,,
FAC_rank_vol_m6_n3_pairwise1,2021-11-30,604,0.35318594849606266,0.3455891391663185,0.10579715293013887,,-0.5814860410515068,-0.00817287779140384,-2.0343662461039904,-0.00074715904913219,-0.007629649275391385,5.3603556433814635e-05,-0.20510518123916546,,,
FAC_rank_vol_m6_n3_pairwise1,2021-12-31,596,0.07394647709179591,0.06292203039050781,-0.03272011912797097,,0.34928140487448717,0.02574984285361416,-0.15231410816690466,-7.690311306965763e-05,-0.0025553356684345106,-1.1907093869513365e-05,-0.06826753476683496,,,
FAC_rank_vol_m6_n3_pairwise1,2022-01-28,611,0.17899940560522554,0.16946871877145542,-0.0020016294007384225,,-0.24745817755390828,0.12837233119171443,0.10593618287224106,0.0007564346102807803,0.002818011193654064,-3.2879892159690086e-05,-0.09288979010717578,,,
FAC_rank_vol_m6_n3_pairwise1,2022-02-28,641,0.03860588384724328,0.027974353336865265,-0.005400599094221989,,0.20978309331314293,0.03761664351233964,-0.5253147085752332,0.0014484349565823263,-0.00028808802264108756,-3.060083042706216e-05,-0.046958608768580455,,,
FAC_rank_vol_m6_n3_pairwise1,2022-03-31,657,0.09346558045901299,0.08368785944701473,-0.09780322259165834,,-0.44317563874444854,0.05263738902760041,-0.29824028187222107,0.006007102889116391,0.0019403174543724104,-2.0485110373378024e-05,0.02994778591004978,,,
FAC_rank_vol_m6_n3_pairwise1,2022-04-29,705,0.5063786100353783,0.5014211498779144,-0.14239679315256504,,-1.4376188128807919,0.11227065232601559,0.49001903940738434,0.003977646199967794,-0.0026864303179623696,-1.655665230456175e-05,0.01979556868331833,,,
FAC_rank_vol_m6_n3_pairwise1,2022-05-31,744,0.12923886850621613,0.12095717296211772,0.09335056106957462,,0.2787087558241419,0.17669405050111872,-0.067048502010282,-0.009002111635904645,-0.01546931355979027,0.00012904875189861015,-0.1045645559189504,,,
FAC_rank_vol_m6_n3_pairwise1,2022-06-30,758,0.20846300876287727,0.2010753301779975,0.0612135624273626,,-0.549997710160128,0.08509662828205139,-0.44446267146795826,-0.0032866454568012565,-0.008053488075152711,6.028083415055905e-05,-0.09985873796447713,,,
FAC_rank_vol_m6_n6_pairwise1,2010-03-31,51,0.09630527250163756,-0.0508078226725146,0.07801984705672955,,0.3033363444730689,0.15786678929336523,-1.091974424477674,0.025392847124001534,0.0020287808109318494,-6.207645074755363e-05,,-0.07079599165755622,,
FAC_rank_vol_m6_n6_pairwise1,2010-04-30,50,0.17307999043625533,0.035259988842297973,0.27771354303727647,,0.4630381297621305,0.11745091785865283,-0.23233996983210387,-0.034564512041883474,0.002253979726939645,0.00020422162813541974,,-0.13549585811110268,,
FAC_rank_vol_m6_n6_pairwise1,2010-05-31,50,0.2426978858224772,0.11648086679289005,0.04958334633375922,,0.47064489973707613,0.3486352659533048,0.15589692472002217,0.033059470268848916,-0.00329336919507319,0.0005589140478751414,,0.03614951017181751,,
FAC_rank_vol_m6_n6_pairwise1,2010-06-30,52,0.21112985390502814,0.08562778520810077,0.2544281895044672,,-0.5699462877080972,0.4410731580965672,-0.08923903222550389,-0.012121979187218017,-0.0029565825646725493,0.0002900495131559967,,-0.024129074678021518,,
FAC_rank_vol_m6_n6_pairwise1,2010-07-30,52,0.253544098545491,0.13478975058681908,0.2879836991796078,,0.8912818240787256,0.3545965709835784,-0.552753751496994,-0.002949218446953564,0.005386556960903359,-0.00040498613449344646,,-0.17257843351190896,,
FAC_rank_vol_m6_n6_pairwise1,2010-09-30,50,0.18323672887818931,0.04710951702455424,0.1404744985134683,,-1.010220537525378,-0.19112203834857414,-0.990195027324871,-0.04752465153454288,0.00716522290482372,-0.00030589066392706606,,0.06379001626740896,,
FAC_rank_vol_m6_n6_pairwise1,2010-11-30,50,0.26665426252635693,0.14442997294741644,-0.06535650385309748,,-0.5573740556240145,-0.0767034720500716,-0.5240558461453829,-0.056834132386961625,-0.0010486226256121779,0.00022124082855597227,,0.04433470090656596,,
FAC_rank_vol_m6_n6_pairwise1,2010-12-31,53,0.19607881565130036,0.0710244091970581,-0.02640022135846083,,0.7449842404891843,-0.11709191422237163,0.007960412033080075,-0.0015773325924876215,-0.0018037680527267631,2.304054619646623e-05,,-0.03684720837851729,,
FAC_rank_vol_m6_n6_pairwise1,2011-01-31,50,0.1575237328124529,0.017111021614528377,0.09596953120452448,,-0.006686904649316434,0.11107177933483665,0.26860095914795046,-0.07099751175524197,-0.00709165581344378,0.0001728423897852773,,-0.08989730237141658,,
FAC_rank_vol_m6_n6_pairwise1,2011-02-28,51,0.23657473078158042,0.11229619858323314,-0.02990199379102916,,-0.6353836241593881,0.1259001270924007,-0.4972583039747,-0.04689893622289842,-0.008757354707052046,0.00040523770121148674,,0.04065024085157793,,
FAC_rank_vol_m6_n6_pairwise1,2011-03-31,51,0.30796511623120604,0.19530827468744894,-0.15169477087329916,,0.34128275569013805,0.09869831305927078,-1.118242259611153,-0.033265890907861494,-0.018555974110060304,0.0009801828894762286,,0.07540369352091078,,
FAC_rank_vol_m6_n6_pairwise1,2011-05-31,53,0.13582502992826206,0.001397812361547346,0.0019014522966876832,,-0.01000783327262242,-0.07141449821072805,-0.8910526149581574,-0.07142681936996105,-0.001140662464442105,-0.00019037406160124935,,0.05779527011967499,,
FAC_rank_vol_m6_n6_pairwise1,2011-06-30,54,0.30442972712799876,0.1985820769083465,0.06682466446459721,,0.12392373740487446,-0.14473287716923924,-1.9292199789509128,-0.0855740299985351,-0.017793981480670146,0.0006625067651044997,,-0.06333440996139306,,
FAC_rank_vol_m6_n6_pairwise1,2011-07-29,57,0.3820670722958339,0.29379093976666726,0.014321510957481283,,-0.5267160298595016,-0.09167652032143292,-2.3700360149156694,-0.06895525530571084,-0.010613922120816266,0.0006192896490145191,,-0.032446038558046196,,
FAC_rank_vol_m6_n6_pairwise1,2011-08-31,60,0.36253136318350365,0.276718277458206,0.16327242468411218,,0.3973082311487841,0.06097412197526968,-2.464041289078695,-0.05057243275842319,-0.02246474140190288,0.0008769004946147322,,-0.15962825678506665,,
FAC_rank_vol_m6_n6_pairwise1,2011-09-30,61,0.22894652240407876,0.12710927064612687,0.17643940176869882,,0.42258363455649783,0.08710408489354585,-1.4284356253946706,-0.06287879568574307,-0.004730246649487775,0.00022941258193115774,,-0.09923812390182188,,
FAC_rank_vol_m6_n6_pairwise1,2011-10-31,61,0.18456968112536665,0.0768713371230565,0.0730411342994962,,-0.05685916092202258,0.17929025910012117,-0.7045107345509507,-0.03489971027235217,-0.001415214482856058,0.00036509529471146445,,-0.049836838065251375,,
FAC_rank_vol_m6_n6_pairwise1,2011-11-30,67,0.4613214014895841,0.3974103813273314,-0.021740798038331483,,-1.2697582555493696,0.08517592412785012,-1.2173204575540983,-0.00047685425565555415,-0.007006340637645762,0.00013566505360600514,,0.05964957740208232,,
FAC_rank_vol_m6_n6_pairwise1,2011-12-30,69,0.04504851199497495,-0.06453608498920826,0.0028868980591819243,,0.12778586476157172,0.03075771227304549,-0.0987058905773521,0.024823173575571955,0.008664348138271617,-0.00039597171323535224,,0.06963511017912939,,
FAC_rank_vol_m6_n6_pairwise1,2012-01-31,61,0.4858593125412203,0.4179539387259098,0.06549759800292504,,-1.2439557275543978,0.17473950149801631,-0.5820244766229431,0.02074698872904988,0.014757905929291928,-0.0005436107146806484,,0.006342799824555775,,
FAC_rank_vol_m6_n6_pairwise1,2012-02-29,62,0.36988623259011755,0.288204818296244,-0.09392086468547886,,2.1075522049918636,0.02807458554734571,-3.067711365147158,-0.020554217659564458,-0.03505094703806859,0.0005740253458752858,,0.03828651161152858,,
FAC_rank_vol_m6_n6_pairwise1,2012-03-30,62,0.37179595846865787,0.29036210123311357,-0.2850429012385391,,1.8443013922350868,0.2875086164801427,3.4371011063284165,0.09265464308021384,-0.006033369507371885,0.00015385162087923232,,0.17300115042770578,,
FAC_rank_vol_m6_n6_pairwise1,2012-04-27,67,0.4466637598068114,0.3810136974110093,-0.31193759431009965,,-1.2060617824966802,0.8039207506850788,3.537838177766511,0.14394222186945535,-0.012267519510290351,-0.00020974215371438024,,0.20200319100929084,,
FAC_rank_vol_m6_n6_pairwise1,2012-05-31,74,0.23233356634831137,0.15091439914282923,0.018107785656885398,,0.6546808651915845,0.23140897599581883,-1.7249217877537528,-0.015286633885271635,-0.008184554626100963,-0.00013351374085048668,,-0.01821353300543558,,
FAC_rank_vol_m6_n6_pairwise1,2012-06-29,73,0.0843898435224798,-0.014214327175099406,0.13692297695196565,,0.11719025766217495,0.06595968509598599,-0.8529376386372828,0.017363689844123707,0.01112826018059224,-0.0005239102743128327,,-0.07455186805446225,,
FAC_rank_vol_m6_n6_pairwise1,2012-07-31,74,0.18020865945277997,0.09326109303110508,0.27413982991122127,,-0.24958083592617994,0.04034222542601928,-1.50491800028656,0.07496155948541387,0.011142144791263782,-0.0006233316789087613,,-0.17246384158459058,,
FAC_rank_vol_m6_n6_pairwise1,2012-08-31,78,0.2200843540525934,0.14209278945785275,0.2746145094367691,,-0.7140021434663751,0.00039386612699317296,-1.2934061504558687,0.07909063120203025,0.01477856732015968,-0.0005004668809722247,,-0.1492337941070468,,
FAC_rank_vol_m6_n6_pairwise1,2012-10-31,84,0.13980382882128584,0.0605752341074568,0.2157796109164696,,1.0414841845132778,-0.007054886173411178,-0.8099633888107931,-0.004098779994935851,-0.0028026677732785406,0.00021104634294978454,,-0.09410897862200543,,
FAC_rank_vol_m6_n6_pairwise1,2012-11-30,90,0.2816949763681218,0.22037625483857115,0.41662652399484756,,-2.1354310567836907,0.10675529680788184,-0.0832600375770251,0.03965973273788547,-0.008701349998483533,-9.735176261198682e-05,,-0.32107337909766104,,
FAC_rank_vol_m6_n6_pairwise1,2012-12-31,98,0.15372641809164367,0.08790513949877155,0.13862641645549142,,-1.1014468481834458,0.1775401790452429,1.985479286980909,0.004546048184612587,0.007825669305009976,-0.0005585726958945052,,0.004019252163683958,,
FAC_rank_vol_m6_n6_pairwise1,2013-01-31,102,0.13345966861712144,0.06893006947158786,-0.144394615655283,,0.668660763813379,0.4381453072752754,-0.7615923610104791,0.054232368775493624,-0.010634883927021185,6.208577038317534e-05,,0.1486606055106184,,
FAC_rank_vol_m6_n6_pairwise1,2013-02-28,104,0.47317274790104347,0.43475826076882795,0.01998259389848827,,3.267778949191113,0.25120931917700573,-1.266876188578519,0.021462027446455364,-0.02962714801332697,0.00034884484821227473,,-0.011867424042190537,,
FAC_rank_vol_m6_n6_pairwise1,2013-03-29,108,0.2757848996548812,0.22508984263072296,-0.06845349834452472,,1.5377307955205313,0.11265547689552388,3.0365898046208626,0.0234556736901868,0.006130724405541243,-0.00018618917347411923,,0.0296632783416738,,
FAC_rank_vol_m6_n6_pairwise1,2013-04-26,108,0.30472794810806436,0.25605890447562885,-0.09095207882190166,,1.4638027521064265,0.32320087356362215,1.1712922092206381,0.03535434797349827,0.0077489973308209874,-6.956623034369322e-05,,0.0758560304367611,,
FAC_rank_vol_m6_n6_pairwise1,2013-05-31,107,0.22702924299853255,0.17237474502873185,-0.1685015899454385,,0.58630666979785,0.20620170640187196,0.3152876494487,0.03551565724161394,0.024764119990673843,-1.799282913472976e-05,,0.08662107079507725,,
FAC_rank_vol_m6_n6_pairwise1,2013-06-28,108,0.11948105695228839,0.057844730938948596,-0.10022889230269359,,-0.14087113453213004,0.14541679192702392,1.3915106269767934,0.02048251493454685,0.027261523810314277,2.2737578336709814e-05,,0.0578111652180563,,
FAC_rank_vol_m6_n6_pairwise1,2013-07-31,110,0.34005625660034944,0.2947659997003734,-0.04789103327113502,,1.0838291720068425,0.07563539195488282,1.2253294614238612,0.06471185601906883,0.008035627905845099,2.6207561057837056e-05,,-0.09096760365431042,,
FAC_rank_vol_m6_n6_pairwise1,2013-08-30,112,0.2148200576017315,0.1619714076326173,-0.0009895352164775763,,-0.03873646832712385,0.19184376771643452,1.4981588727649178,0.07328565485180896,0.018837779553449462,-0.00027340028792615805,,-0.18995364973134524,,
FAC_rank_vol_m6_n6_pairwise1,2013-09-30,111,0.20280503792813165,0.1486267395348978,-0.028480132081868066,,-0.4748315355512392,-0.01199827620767142,1.5844206737703797,0.060847455854392246,0.04071347233957414,-0.000600721042857803,,-0.19207245982774182,,
FAC_rank_vol_m6_n6_pairwise1,2013-10-31,117,0.1339885974661461,0.07837318629424717,0.01162519068641221,,0.49749535838952935,0.05044448122493695,0.7798250432289778,0.05330040703871825,0.010825260488843708,-0.0004909923519621233,,-0.1388114181842419,,
FAC_rank_vol_m6_n6_pairwise1,2013-11-29,122,0.18792423209060038,0.13805993055230392,0.002370957891127054,,0.9993634424812934,-0.02775086385802404,-0.3056910868145189,0.021278913764216686,0.025523353935676854,-0.00043372223233729745,,-0.09804879576412785,,
FAC_rank_vol_m6_n6_pairwise1,2013-12-31,123,0.08156240114933055,0.025657503827985373,-0.03852349086588381,,-0.17585155205974368,0.018701438804626325,0.8335209567968982,0.04369391347593458,0.019515168396580837,-0.00042148576242709637,,-0.07593441018764559,,
FAC_rank_vol_m6_n6_pairwise1,2014-01-30,116,0.182510514700303,0.1295250850975449,0.039390023740321016,,-0.3274368996921312,-0.1863065579227871,0.5737065645444775,0.007649532827049196,0.04179198161864975,-0.0006294646966504841,,-0.036821336240418785,,
FAC_rank_vol_m6_n6_pairwise1,2014-02-28,119,0.10046932675332898,0.04374216717921464,0.10634358000725352,,0.3867333505151663,-0.12406322016380743,-0.04491429312496841,0.01923527997663144,0.03286664327615039,-0.0005048344009722741,,-0.054950657799193836,,
FAC_rank_vol_m6_n6_pairwise1,2014-03-31,120,0.12299116538287347,0.068178113219303,0.12122557841005155,,0.7926714664023375,0.10102568946335644,0.904511851228827,0.003065072440593787,-0.022974763739745614,0.0001341587434610781,,0.028631995902111344,,
FAC_rank_vol_m6_n6_pairwise1,2014-04-30,118,0.2096579072337038,0.1593634104213032,-0.043933639088327814,,0.4143851315698191,0.2304751444992168,0.7605477478891904,-0.008364754975787194,-0.01863949535715406,0.00010960998972899299,,0.21388929016780087,,
FAC_rank_vol_m6_n6_pairwise1,2014-05-30,117,0.20260526388727695,0.15139642762315708,0.0074702282761829565,,1.360760115687039,0.16490526068451838,0.2559761272857126,0.011215317248709413,-0.04450409202598708,0.00018824611346104862,,0.22667007313975737,,
FAC_rank_vol_m6_n6_pairwise1,2014-06-30,114,0.1112170439281287,0.05252382984791071,0.4219469703463289,,-0.7183821131721136,0.36091455982472,-2.3806287424814947,0.007748897866581922,-0.1038943379911072,0.001238130047542353,,-0.108914115341881,,
FAC_rank_vol_m6_n6_pairwise1,2014-07-31,111,0.18185484243598504,0.12625274434911027,0.2848598462606945,,0.637412921711699,0.28726657805438643,-1.072050967470962,0.057114402772731256,-0.08664922720353027,0.000918269205624322,,-0.08693617469682595,,
FAC_rank_vol_m6_n6_pairwise1,2014-08-29,113,0.06832793365987677,0.006216462570535208,0.3461376391897593,,-0.1462801599980693,0.19896711100393846,-0.517779481707797,0.052379022630712105,-0.07185123146349381,0.0005578427228040046,,-0.060382051447187085,,
FAC_rank_vol_m6_n6_pairwise1,2014-09-30,112,0.05725326558129684,-0.006200841543039015,0.4135395259178382,,0.11250313683042819,0.01521084792789201,-0.6447630629056493,0.13265245216771632,-0.056673317797387525,0.0003426339719175569,,-0.057408784603233454,,
FAC_rank_vol_m6_n6_pairwise1,2014-10-31,107,0.12766620114748628,0.06598603355185406,0.27372580072359537,,1.8860795000139539,-0.3289602402430644,3.429976161671177,0.07155223808926589,-0.06737636535843235,0.00014851624687951676,,0.32137186948974406,,
FAC_rank_vol_m6_n6_pairwise1,2014-11-28,105,0.16147292007899705,0.10096065657954323,0.1745821832026806,,-0.44496203355066777,-0.25855501385583135,6.622487504270553,0.24732760642313587,-0.07389909909655341,-0.0006453230255390604,,0.47188068060703015,,
FAC_rank_vol_m6_n6_pairwise1,2014-12-31,96,0.4814184469284022,0.4401676415704342,0.6470521863397755,,-1.3769948498865192,0.012388957566062056,1.8532775742910423,-0.017258649889298747,-0.013809107745533497,-0.0009739976456004928,,0.02508279411468273,,
FAC_rank_vol_m6_n6_pairwise1,2015-01-30,94,0.129747788932003,0.05891330663577077,0.5643362076236221,,0.29351320911804385,-0.08445488232188446,-0.8365614978738639,-0.07939684206765998,0.02584289629050953,-0.000984329578072726,,-0.11621215519021431,,
FAC_rank_vol_m6_n6_pairwise1,2015-02-27,98,0.10619064373289655,0.03667213824545523,0.2499938778075609,,-0.35778525416605805,0.03150095626027534,-1.6343841755643533,-0.059327018166206336,0.032633552223882506,-0.0005936787783033667,,-0.036666632324862156,,
FAC_rank_vol_m6_n6_pairwise1,2015-03-31,95,0.15490252381590275,0.08690617515741217,0.08208320572585508,,-0.4759334301009836,-0.04343644272182067,-1.4421531182637986,0.012658059801793395,0.032937130019555394,-0.000815255248237754,,-0.003954394668595673,,
FAC_rank_vol_m6_n6_pairwise1,2015-04-30,88,0.2800671762375454,0.21707305415833056,0.289683373045069,,-0.48680982761431646,-0.09804002537265473,-1.753275928932809,-0.003029365739861134,0.04832280250526015,-0.0012973901326149076,,-0.1167859770004225,,
FAC_rank_vol_m6_n6_pairwise1,2015-05-29,84,0.43557104749146824,0.3835841702867351,0.13978960067815202,,-0.4935596955534504,-0.034773080423017654,-2.4187750802638197,0.10773778595478714,0.01672569568494201,-0.0007040240878413156,,-0.15672741713217878,,
FAC_rank_vol_m6_n6_pairwise1,2015-06-30,72,0.10859249551443906,0.011094799711330872,0.03576769643073122,,0.15875601237651665,-0.07918042661482844,0.42487232714738926,0.03313771324256886,0.024747330719177202,-0.00054797952163533,,0.006520751619874024,,
FAC_rank_vol_m6_n6_pairwise1,2015-07-31,73,0.2046446561353733,0.11899100371918281,-0.03595991034841877,,0.4758364007805599,0.008447377066066821,0.1586124963595728,0.03307083390773297,0.0084896269471228,-0.00041961194973062885,,-0.10670191044529362,,
FAC_rank_vol_m6_n6_pairwise1,2015-08-31,77,0.08628418637204693,-0.006411620807600604,-0.04292008380059034,,-0.40512416574663457,0.02644288454942,-0.18637064226061684,0.03971393988406687,-0.01594447979430041,5.795082603705884e-06,,-0.10491851606797904,,
FAC_rank_vol_m6_n6_pairwise1,2015-09-30,70,0.04839012916904606,-0.059049694957029386,0.0740064065311972,,0.2614789981128775,0.028774767865442776,0.09864422314196393,0.009098826156097214,-0.03312154871796158,0.00034117815453049526,,-0.017071565739271283,,
FAC_rank_vol_m6_n6_pairwise1,2015-10-30,71,0.22698223816915186,0.14109137574350206,0.04706441861980803,,-0.06828441909553429,0.044978813205849705,-0.6615967914259503,0.004145110340568949,-0.00804447075518579,8.134218526898002e-05,,-0.043491086113681986,,
FAC_rank_vol_m6_n6_pairwise1,2015-11-30,72,0.5831086372912251,0.5375111444949529,0.12233133139691049,,-0.2549790214678253,0.0008713037471203755,-1.2649372427693315,-0.0009727120301510437,0.00015788466169076843,-0.00017938736186601476,,-0.05524261075384947,,
FAC_rank_vol_m6_n6_pairwise1,2015-12-31,75,0.498993499397422,0.44664953664789886,0.12740910152064858,,-0.5501103187198065,0.04472652206781221,-1.3657469536706712,-0.011824719094820172,-0.022541510773372703,9.054740970503715e-05,,-0.04463607716875405,,
FAC_rank_vol_m6_n6_pairwise1,2016-01-29,74,0.20441082279370382,0.12003015248394511,0.1851452462661139,,-0.4633762186240939,0.048413370497600076,-1.0397929471822478,-0.012955830462564901,-0.026744324339336125,0.00044002802705034473,,-0.02825196376929935,,
FAC_rank_vol_m6_n6_pairwise1,2016-02-29,77,0.07991898490011229,-0.01342256735639813,0.22654943872078745,,-0.5202995925761428,0.07129627624431964,0.046885617699349784,-0.04322783460890091,-0.016196458000087472,0.0005277235340027248,,-0.02821335581386034,,
FAC_rank_vol_m6_n6_pairwise1,2016-03-31,81,0.19837345590454958,0.12150515715567078,0.0965339911622244,,0.188899931977218,0.0417291901151351,-0.7533779703385391,0.005334094027595379,-0.009058296372854957,0.000179844394839048,,0.043911980903503206,,
FAC_rank_vol_m6_n6_pairwise1,2016-04-29,80,0.24006701038636657,0.16618463639615222,0.10633974861016032,,0.7719329758928415,0.10411340576737366,-0.17422093200734382,0.001176459789340891,-0.008256152274016163,8.992947097922235e-05,,0.025957390839034665,,
FAC_rank_vol_m6_n6_pairwise1,2016-05-31,86,0.2805264142266576,0.21595827191366535,0.22819484229750506,,-0.26626624521083464,0.18564737875852044,-0.18235863604274014,0.0030188892768523187,-0.02167938924000606,0.00017794736481189195,,-0.06738845920900297,,
FAC_rank_vol_m6_n6_pairwise1,2016-06-30,89,0.3970782281633092,0.3449738775107557,0.2163495445275985,,-0.024626358523831063,0.05360707879491324,-1.38063987435748,-0.003335866685014242,-0.019181807462187703,4.153200932744606e-05,,-0.02479421763093047,,
FAC_rank_vol_m6_n6_pairwise1,2016-07-29,86,0.3236629222101006,0.2629660049725455,0.011290177484333573,,0.4879229074448111,0.10666593353799414,-0.5126749735169259,0.020672111659809755,-0.023644111211622656,6.271752436216304e-05,,0.034682126323335324,,
FAC_rank_vol_m6_n6_pairwise1,2016-08-31,90,0.34695399651464487,0.29120616694882195,0.03433489592578949,,-0.13983579956463066,0.1467161034839247,-1.2549439172251282,4.47468978147094e-06,-0.02636366215186815,0.00015807595957911537,,0.11125377900871833,,
FAC_rank_vol_m6_n6_pairwise1,2016-09-30,91,0.24530773458321065,0.1816589893070958,0.08655863153359696,,0.11790570416445424,0.08361645250460674,-1.3402991136524076,-0.017950231154558852,-0.030640921140726245,0.0002794241401434523,,0.08404884714852268,,
FAC_rank_vol_m6_n6_pairwise1,2016-10-31,93,0.2792703233399052,0.2199161146737797,0.1573061776764737,,-0.35377199987453833,0.005844184537767539,-1.7085262530223082,-0.03634094708559452,-0.03752532493590212,0.0004703442783417842,,0.05484371041041637,,
FAC_rank_vol_m6_n6_pairwise1,2016-11-30,106,0.19134305645168048,0.1335818461982291,-0.0005138729407488321,,0.14908538606683192,0.02599148783624592,-1.586433838947582,-0.04074053813661484,-0.011383912994444129,0.00042531010819161174,,0.1377203412275024,,
FAC_rank_vol_m6_n6_pairwise1,2016-12-30,118,0.1518838246176376,0.09791279527512364,0.0716501292499846,,1.2884803907388818,-0.05513462088439787,-0.4680606206375302,-0.04583309027135086,-0.03597034296928444,0.0006510788660395736,,0.12492401468914488,,
FAC_rank_vol_m6_n6_pairwise1,2017-01-26,129,0.13852954631102588,0.08869241262653982,-0.0009554642193505808,,1.1883625078708873,0.03292282662114288,-0.11242235963680298,-0.015915575326054518,-0.026424748917050232,0.00053183064633006,,0.10419466043150188,,
FAC_rank_vol_m6_n6_pairwise1,2017-02-28,141,0.16810708970840582,0.1243232523246377,0.09102545842705599,,2.2328819522618475,-0.08674680911098744,-1.622348243427504,-0.007748915234202808,-0.03955132458561073,0.00058385621921945,,0.012372234924721405,,
FAC_rank_vol_m6_n6_pairwise1,2017-03-31,154,0.23072763360871995,0.1938447119324257,0.014662287827804531,,1.3539859038430582,0.03591496292564224,-0.26595611637271876,-0.005418311385189881,-0.020713669035879536,0.0005014950085135644,,0.05737864741016454,,
FAC_rank_vol_m6_n6_pairwise1,2017-04-28,178,0.1628303433390318,0.12835865159416837,0.04019101027801489,,1.365018941272369,0.10088990742587521,1.6728609547218711,0.007807545936593749,-0.009926459943777992,0.0002947711167684904,,0.03134852283237364,,
FAC_rank_vol_m6_n6_pairwise1,2017-05-31,195,0.16351312706732946,0.1322007842302776,0.22072284807254813,,0.7303025518174523,0.14541172702080513,0.14840793238837915,0.024666961579891133,-0.026942730976056775,0.00043191516428802253,,-0.13806654664506324,,
FAC_rank_vol_m6_n6_pairwise1,2017-06-30,202,0.4377926393576581,0.41750680675716123,0.08481132627247363,,1.972608428242067,0.10503936312737777,-2.381475929075327,0.02081591646526943,-0.0016545581220592928,-0.00011376317437043884,,-0.04617747365389691,,
FAC_rank_vol_m6_n6_pairwise1,2017-07-31,206,0.25991454258784086,0.23374990520458272,0.04342100845223037,,0.10294881565302139,0.4055842546295837,-1.1565243190628764,0.026330429969935266,-0.0037717065207308804,9.168021756124797e-06,,0.057951280718963626,,
FAC_rank_vol_m6_n6_pairwise1,2017-08-31,219,0.2935059680428621,0.27006777740921295,0.013493236289394615,,-0.25350023934431015,0.32519443847220675,-1.0522296225023855,0.01781028938607826,0.014564292615287158,-0.00022793487002477328,,0.04806474338927475,,
FAC_rank_vol_m6_n6_pairwise1,2017-09-29,222,0.12892922217450098,0.10043625280637714,0.029130676445676885,,0.33338698374072123,0.1630594923181225,-1.550010688037789,0.03027017712295359,0.006872115492592712,-0.00027278621073113503,,0.004367867174166129,,
FAC_rank_vol_m6_n6_pairwise1,2017-10-31,223,0.09384033950740955,0.06433746684020891,0.0025848385147210686,,-0.09282183268996823,0.0009081504554849152,-2.1426012481600334,0.020669735524770232,0.011546897320328068,-0.00034828688099270176,,0.02042956531993233,,
FAC_rank_vol_m6_n6_pairwise1,2017-11-30,229,0.030919111319877346,0.00022424154267897123,-0.04988793302973687,,-0.1045025188923381,0.05426661408021794,-1.1005493038974354,0.007590262045011745,0.015033614873047328,-0.00030225233180019857,,0.08749962454910035,,
FAC_rank_vol_m6_n6_pairwise1,2017-12-29,233,0.08647106630469159,0.05805016614528202,-0.16274680777772327,,0.6158419015124442,-0.06948475089119967,-0.7134245055956862,0.013161573986057336,-0.0016779425728269037,-3.623744385529912e-05,,0.11200427616536099,,
FAC_rank_vol_m6_n6_pairwise1,2018-01-31,238,0.07854712243064366,0.05050290441766325,-0.059716843683120094,,-0.5108705629940795,-0.028857797333740207,-1.1516035601924652,0.010519606423408366,-0.00019949471064852618,-5.850439738588542e-05,,0.0029417122379895144,,
FAC_rank_vol_m6_n6_pairwise1,2018-02-28,249,0.2034289253554199,0.18029200617487184,-0.12838030445834453,,0.3064033451090755,-0.023884393764963607,-2.7218460022597992,0.017521898115453818,-0.008802928669714535,-4.146536794357104e-05,,0.10127836539300335,,
FAC_rank_vol_m6_n6_pairwise1,2018-03-30,248,0.2884132345657273,0.26765862057389433,-0.09566010550640903,,-0.06145930027519716,0.14673547574175305,-3.2510441753347705,0.0068498184462698,-0.018119721465910017,0.0001288755825096568,,0.06307331882943434,,
FAC_rank_vol_m6_n6_pairwise1,2018-04-27,249,0.4156805760982468,0.398708642623922,-0.017692993474745258,,0.9119321522016356,0.047891734435567775,-2.8644428916559668,0.009951120129083694,-0.008216552735638103,0.00010385030057876098,,-0.0645827168378525,,
FAC_rank_vol_m6_n6_pairwise1,2018-05-31,254,0.43029919571253794,0.4140881972165533,0.01224048866902836,,-0.30677668932426255,0.07541882694422661,-3.321401333445526,0.012248171808411368,-0.011364811833087064,6.022532940862098e-05,,-0.09707277226513879,,
FAC_rank_vol_m6_n6_pairwise1,2018-06-29,253,0.4132816088269472,0.39651822622200283,0.01386289540199882,,0.42111818129035067,-0.010430680560032475,-3.0945394102490877,0.003964345230092875,-0.006446642015728107,7.732272787579778e-05,,-0.057147931317416335,,
FAC_rank_vol_m6_n6_pairwise1,2018-07-31,249,0.3555616051660613,0.3368434775152829,0.0008260896606207224,,0.7137293258036549,0.12867819270839692,-2.084705480813192,0.01161811482059454,-0.008546621967696197,2.500866360608988e-05,,-0.06028710178858749,,
FAC_rank_vol_m6_n6_pairwise1,2018-08-31,258,0.07560470958700305,0.049721641455439114,0.17436846440879755,,0.296846094857243,0.05314597040738766,-0.7035326076459038,-0.008824807011332094,-0.0002967459722870233,0.00011519485503194895,,-0.0986705503019064,,
FAC_rank_vol_m6_n6_pairwise1,2018-09-28,254,0.023818750743125006,-0.003958764479631727,0.22880905868310172,,-0.32483495737911783,0.02727538932188321,-0.10637533610116559,-0.0025812941520063624,0.002080554131499731,-7.742953445647972e-06,,-0.10400413984337241,,
FAC_rank_vol_m6_n6_pairwise1,2018-10-31,250,0.21303830634701726,0.19027495157193097,0.017103422770692198,,-0.8935149251312925,0.0930613772411606,2.092590559861114,-0.00015989433099104555,0.00039843299044365054,2.044885625294201e-05,,0.0779265806796311,,
FAC_rank_vol_m6_n6_pairwise1,2018-11-30,250,0.2082569825348003,0.1853553250048151,-0.07557722960557439,,0.38401268149422796,0.07234354819989744,3.1976378605866618,-0.003091514034783741,-0.007207108718977002,0.0001354161341267004,,0.11020326381649234,,
FAC_rank_vol_m6_n6_pairwise1,2018-12-28,254,0.33033602366275416,0.31128054466128774,-0.007837399765799401,,-0.1519801952612519,0.028472374823164295,4.601284669033464,0.017081056577430562,0.006502957858656438,-0.0001395149247234587,,0.06259013169441223,,
FAC_rank_vol_m6_n6_pairwise1,2019-01-31,241,0.3032387223715032,0.2823059801251535,0.1371040328025614,,0.4846756814610933,-0.0911704493861705,3.273073960767106,0.01170745974460123,-0.007838403366340521,-6.947344932450759e-05,,-0.08150024659327636,,
FAC_rank_vol_m6_n6_pairwise1,2019-02-28,247,0.30069423248461824,0.2802124736034145,0.04492908233928864,,0.03838861221211806,0.14416913314175062,3.610378865932298,0.025069410228713836,0.000691797062755017,-0.0001799188359858468,,-0.06013067679443011,,
FAC_rank_vol_m6_n6_pairwise1,2019-03-29,251,0.14148976066841723,0.11675901303335112,-0.020316390657128064,,0.34921990460099717,0.05366981742786767,0.9185465780055349,0.030911695855500767,0.008386101601496573,-0.00038300036524115626,,0.012998153705834929,,
FAC_rank_vol_m6_n6_pairwise1,2019-04-30,253,0.11804949004820098,0.09285090404957819,-0.038710972074714155,,-0.29097319905934216,0.047479274064911835,1.211418349716478,0.03216843930717578,0.015857560723475467,-0.0004528484098326575,,0.07237660327986405,,
FAC_rank_vol_m6_n6_pairwise1,2019-05-31,266,0.1278299100141319,0.1041663804408719,-0.017874617747579244,,-0.42164688762484215,-0.11593085315550389,1.2475367802733484,0.01983820003485905,0.02757534773759455,-0.000504678563367894,,0.09567915661685286,,
FAC_rank_vol_m6_n6_pairwise1,2019-06-28,274,0.14218360050453172,0.11960948472833521,-0.003949263282668589,,-0.004660368488753794,-0.1936236252105995,1.824565227297096,0.007013915138005252,0.01830463628375445,-0.0003832687597832667,,0.097307748059605,,
FAC_rank_vol_m6_n6_pairwise1,2019-07-31,273,0.3107586939936504,0.2925523198727279,-0.019472640256395425,,1.6265807096226461,-0.37019333366661994,3.0065947596423945,0.02604865456265455,0.020580408453658695,-0.0003697526967082771,,-0.01782550516122042,,
FAC_rank_vol_m6_n6_pairwise1,2019-08-30,268,0.24637082014773526,0.22608080376709738,-0.0385192678838677,,1.0185635627575322,-0.42960253542617277,2.8870677645478873,0.00553751482469141,0.01939252301456781,-0.00026567566527674406,,0.09090960965230638,,
FAC_rank_vol_m6_n6_pairwise1,2019-09-30,272,0.27171012979717546,0.2523994135417975,0.061676823521201775,,1.2584761584648299,0.11617793782865932,1.2969950552100629,-0.00011446722383424136,0.010489862511283017,4.8210098168857396e-05,,-0.11077236190717434,,
FAC_rank_vol_m6_n6_pairwise1,2019-10-31,279,0.1711020219001792,0.14969137301937208,-0.015607145459409137,,-0.2612128205977042,0.047139706710155986,2.408045949528745,0.016351061665716534,0.011335517506787915,-0.00019534292367471846,,0.012727113878151846,,
FAC_rank_vol_m6_n6_pairwise1,2019-11-29,280,0.2618097215501314,0.2428121776194362,-0.047750270423604434,,0.3632795164894908,0.1913006880099353,2.551634834568631,0.02929094497275662,-0.002550232111213474,-0.00014652057794104352,,0.04883972281827683,,
FAC_rank_vol_m6_n6_pairwise1,2019-12-31,289,0.35167561519841306,0.33552518568378276,-0.024543275475796055,,-1.1543514544219113,0.285359374132888,3.3385453113459715,0.03335149097037975,-0.018336020894747545,-7.893513257128532e-06,,0.07972451313381128,,
FAC_rank_vol_m6_n6_pairwise1,2020-01-23,297,0.1513881930768034,0.13083358183644922,0.5198090383366734,,0.011977879088536406,0.42715860565392616,-2.0023733417033456,0.015616093549955775,-0.039207639265153534,9.501151473771831e-05,,-0.22133884833986675,,
FAC_rank_vol_m6_n6_pairwise1,2020-02-28,312,0.1159651808313924,0.09560911591632582,0.8641054952412215,,-0.5234315202943983,0.19896556698649065,-2.0343936372497717,0.008270991922306245,-0.025683357723978836,0.00011181413310406042,,-0.47415574479940653,,
FAC_rank_vol_m6_n6_pairwise1,2020-03-31,314,0.08606425112414506,0.06515722418907655,0.7831784208920778,,0.10505666340064358,0.13234970298365972,-0.9548631004625969,0.002527228686343385,-0.023018730504636695,-7.899660962568357e-05,,-0.37734946028858674,,
FAC_rank_vol_m6_n6_pairwise1,2020-04-30,316,0.1918686264663415,0.1735020043405766,0.541719201646018,,1.6764501984893083,-0.0037434507744150197,-2.8635474397374194,0.0018387825952089342,-0.007369265653839322,-0.0002655416319563045,,-0.17959347580634388,,
FAC_rank_vol_m6_n6_pairwise1,2020-05-29,322,0.09355692629968693,0.07334959663120866,0.3361451678028017,,-0.12520649963484032,-0.19943998128073864,1.5278250743727837,-0.007052256125580048,-0.013481515113535009,-0.00013365554297693972,,0.01959071123583516,,
FAC_rank_vol_m6_n6_pairwise1,2020-06-30,334,0.09612055981306544,0.07671210557592256,0.4247397677938307,,-0.03705277643685418,-0.25245395255161845,1.6608258203158288,-0.0038437807501844894,-0.0019318231059103407,-0.0002087818361942938,,-0.10757023458531205,,
FAC_rank_vol_m6_n6_pairwise1,2020-07-31,339,0.15762546949803513,0.13981090238772154,0.18797348344497117,,0.7442419715158354,-0.15728391203893258,1.246038334104671,-0.0009671650047602598,0.001903400619627161,-0.0001743302530795711,,-0.1223112514864788,,
FAC_rank_vol_m6_n6_pairwise1,2020-08-31,358,0.09808920563453805,0.08005098974722868,0.00015057230769140515,,0.2892675368097992,-0.12227157987842194,2.34330803794594,0.0035830738391999083,0.00884361089566544,-0.00021759382301490073,,0.041755246690124925,,
FAC_rank_vol_m6_n6_pairwise1,2020-09-30,357,0.11457222057451188,0.09681292413904363,0.28899071885303135,,1.079833353612357,0.00797820233458348,-1.1227335054461878,-0.0004292129243069847,-0.0007321647609157396,-0.00013728065065912913,,-0.05467005133442827,,
FAC_rank_vol_m6_n6_pairwise1,2020-10-30,359,0.20060802737432792,0.18466573732196412,0.08386074736303088,,1.2923519334317588,-0.012522404008243762,0.20215597637619956,-0.003265829988180401,-0.0026432598016111713,-1.654947065726776e-05,,0.021858834434611743,,
FAC_rank_vol_m6_n6_pairwise1,2020-11-30,371,0.27774276249357444,0.2638149369769216,0.14031968350062282,,-0.8057139257738392,0.16400280359469877,-0.02472728382209716,-0.0024325906534791793,-0.006901841759286002,-3.241991770994936e-06,,-0.04746282593274049,,
FAC_rank_vol_m6_n6_pairwise1,2020-12-31,378,0.1596271599976179,0.1437282143759513,0.146675769896852,,0.2563240276972848,0.0180153411663428,0.6353851839092693,-0.016258910169124813,-0.005739795475520271,-9.236829722020722e-05,,-0.125365408159005,,
FAC_rank_vol_m6_n6_pairwise1,2021-01-29,376,0.18698157452420272,0.1715165501265653,-0.052464494382455325,,-0.5988802243704454,-0.1314498700647224,2.95329330533971,-0.018914262147608205,-0.011957204680654773,3.235270714402325e-05,,-0.007148000398776015,,
FAC_rank_vol_m6_n6_pairwise1,2021-02-26,397,0.23307415870457804,0.21927343662471177,-0.2635064937617493,,-0.5591892331140158,-0.21724223964433387,4.43641280947874,-0.008626718414301491,-0.04342381640470768,0.0003159852202328101,,0.18718817227236628,,
FAC_rank_vol_m6_n6_pairwise1,2021-03-31,407,0.24930026906227876,0.23613009834407306,-0.1811202673288318,,-0.8615824112818341,-0.10833795060452427,3.882029045149555,-0.024861923669668256,-0.04462885100431862,0.00032239775925698604,,0.0706982808176891,,
FAC_rank_vol_m6_n6_pairwise1,2021-04-30,413,0.07880933140966273,0.0628875173846446,-0.09898455520516225,,-0.2139445132640291,-0.12427979842724216,2.5738837943966177,-0.023243775215428954,-0.046323622841679235,0.0003976369706536058,,0.09219522440955014,,
FAC_rank_vol_m6_n6_pairwise1,2021-05-31,434,0.27153905755594454,0.2595690420697746,-0.14501663243007956,,2.620759007407361,-0.09340010748987465,-0.45385030811802013,-0.01243411942024179,-0.038367302740575426,0.00023680291059140308,,0.223076066374882,,
FAC_rank_vol_m6_n6_pairwise1,2021-06-30,441,0.20478221159065713,0.19192649676648754,0.06270271702442241,,1.1406630852032176,0.10162391208186751,-2.6822091238732897,0.0003075062679651284,-0.031089147869774746,0.0004126956881649172,,0.0638787992696455,,
FAC_rank_vol_m6_n6_pairwise1,2021-07-30,460,0.15798884704001537,0.14494885130833413,0.07697979486314961,,0.00022595439574941975,0.05043849236548682,-2.4382532017660563,0.002044810541528941,-0.023827142024968582,0.0002475384650423815,,-0.01680798975518866,,
FAC_rank_vol_m6_n6_pairwise1,2021-08-31,492,0.17888415223989285,0.16700850981361037,0.10329218517213425,,0.058953385838231565,-0.05611185414763723,-1.2700823534854335,-0.004800488183234895,-0.005749558191783581,7.583765778613898e-05,,-0.12653053168685777,,
FAC_rank_vol_m6_n6_pairwise1,2021-09-30,484,0.27270483667238266,0.2620093195646236,0.03118629992225006,,0.27377087523732474,0.1042539643177942,-2.1414959630258354,-0.0031963965420291436,-0.013324694369544664,0.00017668612496407978,,-0.0881321183086608,,
FAC_rank_vol_m6_n6_pairwise1,2021-10-29,498,0.33143524409305225,0.3218843190086673,-0.03602890138646976,,-0.7566490462255582,0.04991837766342827,-1.9029129188364025,0.00164782486483258,-0.005016894488643638,0.00012694217321122626,,-0.0866235518779274,,
FAC_rank_vol_m6_n6_pairwise1,2021-11-30,523,0.29499444479105075,0.2854118450115116,-0.06816446510925307,,-0.5348477122584726,-0.03753322274756699,-1.4986965281856084,-0.003065900481676786,-0.007528619996598987,7.436991738653596e-05,,-0.015389829113688589,,
FAC_rank_vol_m6_n6_pairwise1,2021-12-31,523,0.07078128426168873,0.058151126960391264,-0.1873404042096436,,0.3591085878043069,0.026208085528045044,0.033216051835732605,-0.0034606005553567565,-0.003936768773180179,6.456064455123207e-05,,0.0956689186299493,,
FAC_rank_vol_m6_n6_pairwise1,2022-01-28,526,0.17380762594819155,0.1626428641366806,-0.11005404487673924,,-0.1399169174943209,0.13549304968193718,0.5301750665241365,0.002024635462273401,-9.11019084846473e-06,2.4076293839487293e-05,,0.024545031108074915,,
FAC_rank_vol_m6_n6_pairwise1,2022-02-28,556,0.04359922110823744,0.03138242283772208,-0.0032645074888217685,,0.27294186581553226,0.03604229592408778,-0.5747216052202834,0.003304250379359392,-0.0026087713394088536,-2.0027106648915573e-05,,-0.04556919189762649,,
FAC_rank_vol_m6_n6_pairwise1,2022-03-31,550,0.10949036089695785,0.09798931389747212,0.010858575237441584,,-0.47595661909396964,0.04283768570769577,-0.4912096954907551,0.006200401052210191,-0.0007240247539258449,-2.0902467523989497e-05,,-0.0879234956014166,,
FAC_rank_vol_m6_n6_pairwise1,2022-04-29,576,0.49348948844619667,0.4872472814376111,-0.18562341576692068,,-1.3619200236320401,0.11952108387803571,0.5280339244761566,0.0034052450459269206,0.0018431133598404504,-4.79208652506129e-05,,0.07540255330523446,,
FAC_rank_vol_m6_n6_pairwise1,2022-05-31,608,0.12265432479792837,0.11241862525390423,-0.03089710710282852,,0.21567357319269184,0.16531199922160814,0.11578828893451933,-0.006176959746396309,-0.021028177544608635,0.00015127606935190277,,0.040192997308498644,,
FAC_rank_vol_m6_n6_pairwise1,2022-06-30,643,0.20780467432628347,0.19907181246846295,-0.0698568585139237,,-0.5514182238556996,0.08579275972539405,-0.3219603818866092,0.0009283357944209531,-0.009444716012887945,4.481384134935409e-05,,0.054545209417216106,,
FAC_rank_vol_m6_n12_pairwise1,2013-04-26,74,0.36210756189522697,0.29445230330835703,-0.007996210345850189,,1.110422554894635,0.4081412168765158,0.8564448683625915,0.18817228625064694,0.024884871520504618,-0.0006451940555428986,,,-0.15763375498273657,
FAC_rank_vol_m6_n12_pairwise1,2013-05-31,77,0.34581894754878517,0.2794527538218503,0.0011696728625423484,,0.7263352448506328,0.2614344297156906,-0.48207978373623267,0.03373281704828021,0.030718050055927,-0.00016224102566247717,,,-0.07485595220302606,
FAC_rank_vol_m6_n12_pairwise1,2013-06-28,80,0.19812401961826753,0.12016385485893244,0.04587941828833278,,-0.23441795198887802,0.18855661848642677,1.4566311829417995,0.02729774340170713,0.034939012631793866,-5.120851334714855e-05,,,-0.13943030750603447,
FAC_rank_vol_m6_n12_pairwise1,2013-07-31,80,0.31926688887179244,0.25308450306766117,-0.10584241769442987,,0.9463541353755724,0.07607743036508095,1.696728732975964,0.07481136792357235,0.014358515797754087,-0.00015472421447875265,,,-0.05124558527337422,
FAC_rank_vol_m6_n12_pairwise1,2013-08-30,83,0.22212803078823118,0.14952664699513274,0.07047830628271633,,0.5587637907406123,0.19324777700802453,1.3075915429047273,0.0526399485696603,0.015304683862481763,-0.00024956649418620054,,,-0.24569224542447635,
FAC_rank_vol_m6_n12_pairwise1,2013-09-30,85,0.25223287827533913,0.18425404902764264,-0.0359101984024593,,-0.7047717242078924,0.0067858908672386534,1.6086189541917293,0.06187070460072608,0.04191493598360459,-0.0007123444993871701,,,-0.1587179010461176,
FAC_rank_vol_m6_n12_pairwise1,2013-10-31,89,0.23577141976290006,0.16972697455722474,0.12373129292219166,,0.6707151058738156,0.05901128367458478,0.198974108842682,0.06237011377788235,0.004474620123904812,-0.0005825653466175467,,,-0.2060142067094455,
FAC_rank_vol_m6_n12_pairwise1,2013-11-29,88,0.29890123587279105,0.2375550940116603,0.08124598128097137,,0.9726565517540309,-0.027871558047834408,-0.13229290275917518,0.04045648780512943,0.03353010210171894,-0.0008252128418802436,,,-0.1840250310215133,
FAC_rank_vol_m6_n12_pairwise1,2013-12-31,91,0.18236526636304728,0.11340812015270196,0.2675396623790223,,-0.7080362009743689,0.03501026553347896,0.5907971051060789,0.04176615778933986,0.015770909917110523,-0.0005960110976114902,,,-0.38001347660975704,
FAC_rank_vol_m6_n12_pairwise1,2014-01-30,88,0.26312119706416104,0.19864430180727521,0.28331143151695737,,-0.2705385095510371,-0.1789134336660506,1.0694443234819628,0.003603857948830999,0.04186480393149119,-0.000613502283288543,,,-0.33005964966642987,
FAC_rank_vol_m6_n12_pairwise1,2014-02-28,90,0.17611123578665588,0.1057792681099069,0.3705640878397674,,0.29152487189992315,-0.1336849638074681,0.054186867770021366,-0.011455919069962298,0.029515086699184314,-0.00035281867986625734,,,-0.3252316682736385,
FAC_rank_vol_m6_n12_pairwise1,2014-03-31,88,0.27424505503613716,0.21074149735179915,0.4298571183067816,,1.1964988885930505,0.20934541537450843,0.6365083659532873,-0.023847949070352835,-0.033806458568618365,0.00032015847526380484,,,-0.2588785746111691,
FAC_rank_vol_m6_n12_pairwise1,2014-04-30,91,0.16912898529413756,0.09905552622255887,0.20292211215187062,,0.0610631035201558,0.306129454544758,-0.1335395622048114,0.008470643896380376,-0.02227407171926906,1.892637177919139e-05,,,-0.026448256598634985,
FAC_rank_vol_m6_n12_pairwise1,2014-05-30,95,0.17462849843426131,0.10821929715885692,0.11084727272815907,,1.8061800785246651,0.11769305840339293,-0.39089906384265044,0.0168053537088562,-0.039309021064453435,0.00010404230798537919,,,0.13708191872893516,
FAC_rank_vol_m6_n12_pairwise1,2014-06-30,94,0.1661424969105123,0.09827037456601917,0.8284563353144,,0.8199863340746292,0.42757566030252997,-3.311151005934182,-0.0779182852976827,-0.11633418505294124,0.0017185718966922102,,,-0.5057132053966259,
FAC_rank_vol_m6_n12_pairwise1,2014-07-31,94,0.2343867318298416,0.1720693727927357,0.4615563173603844,,0.5350759068683344,0.3705895108747352,-1.5108798326688007,0.033858927816775776,-0.09093585714818332,0.0010323447419208934,,,-0.24292243232945882,
FAC_rank_vol_m6_n12_pairwise1,2014-08-29,94,0.09651082734724004,0.02297101096852705,0.4515368080920374,,-0.10596066679321779,0.2297718237344383,-0.9380710673076444,0.05528409018706581,-0.07417316616885258,0.00029804053221480577,,,-0.1392700863320756,
FAC_rank_vol_m6_n12_pairwise1,2014-09-30,94,0.09108754591299295,0.017106299650097023,0.5141104071377496,,0.6893080820901368,-0.009964042810774567,-1.601210744896576,0.08557619599848397,-0.046556415436879904,-0.00021106395148572744,,,-0.07124189484523928,
FAC_rank_vol_m6_n12_pairwise1,2014-10-31,89,0.15777258954765883,0.08498750469375271,0.2507266055657546,,1.416688050660449,-0.17938676498566974,2.124961881650233,0.215379398081636,-0.0990037462875713,0.00029202607748898097,,,0.2139931402677431,
FAC_rank_vol_m6_n12_pairwise1,2014-11-28,89,0.186090497075878,0.11575263879848463,0.18296495352547357,,-0.35910752169783816,-0.07505696254163305,5.621303282146704,0.2600147933702218,-0.16574978540832452,0.0009732897264563688,,,0.3787238308203365,
FAC_rank_vol_m6_n12_pairwise1,2014-12-31,81,0.4785843278080506,0.4285855647211514,0.31744167361060655,,-1.416833360292316,0.012660990742875175,2.294902339180838,0.0179317011659399,-0.03475537468640297,-0.0006059874868771009,,,0.32693309330373266,
FAC_rank_vol_m6_n12_pairwise1,2015-01-30,75,0.14725105255432192,0.05815787894059443,0.4482853017721439,,0.29697251212574727,-0.15726797180091778,0.08325490757242328,-0.11573598390965562,0.03996849085635056,-0.0010015087992576693,,,0.012737936621034188,
FAC_rank_vol_m6_n12_pairwise1,2015-02-27,76,0.16516939394400876,0.07923094920295082,0.2835183119270594,,-0.4626473015056662,0.024151097333415705,-1.7669167961758194,-0.07437263056539246,0.051953497368414966,-0.0008314498134104845,,,-0.042077873303271084,
FAC_rank_vol_m6_n12_pairwise1,2015-03-31,71,0.2458062822328193,0.1620069802586881,0.24436954470053868,,-0.49854557491462126,-0.03134287357868728,-1.886848584226751,-0.05535287664098539,0.052623341273052036,-0.0010624195595820049,,,-0.09538318622076192,
FAC_rank_vol_m6_n12_pairwise1,2015-04-30,66,0.41059548677186475,0.3394604593132967,0.39026760757583034,,-0.40392501708055606,-0.07057816943676186,-2.4845955778058015,-0.06498098555280925,0.08539975866633512,-0.0019574633275989926,,,-0.14279878232117527,
FAC_rank_vol_m6_n12_pairwise1,2015-05-29,59,0.5734106067201912,0.5148591213680604,0.26878720387073446,,-0.6770108490639775,-0.04540417634024724,-1.7415422701900025,-0.02622353924571295,0.03845507611100544,-0.00136282273178947,,,-0.1108680301810284,
FAC_rank_vol_m6_n12_pairwise1,2015-06-30,50,0.23286462470164526,0.10500872881858625,0.38374806673859757,,-0.2826253610864121,-0.04310942978943992,-1.1189978270654721,-0.05499389717878074,0.012896513182497614,-7.984062032688182e-05,,,-0.3174892153559343,
FAC_rank_vol_m6_n12_pairwise1,2015-08-31,52,0.36856010846353837,0.26810376208273756,0.35718050668187806,,-0.18231269439538722,0.019136144985723996,-0.3394567289066757,0.00014127942477890849,-0.03814993095321465,0.000543730970222526,,,-0.48224437635609874,
FAC_rank_vol_m6_n12_pairwise1,2015-11-30,52,0.6580327610203991,0.6036288820918262,0.20155863591525006,,-0.3291383073640584,0.027067811414331226,-1.261303578294507,-0.041306241213485695,0.0003527719052435178,-9.15881134426405e-05,,,-0.11488756857597913,
FAC_rank_vol_m6_n12_pairwise1,2015-12-31,52,0.4809314625156388,0.3983523770067632,0.10688161155514109,,-0.626149064029647,0.03535265467856011,-1.1491113324868132,-0.07915389907799243,-0.006528990971202297,-6.873036463286354e-06,,,0.018869541685922885,
FAC_rank_vol_m6_n12_pairwise1,2016-01-29,56,0.23693372943856084,0.12565323164835096,0.11403576096932383,,-0.2696073087994281,0.061444066898424486,-0.735056090294278,-0.026516308789495475,-0.027364331867774257,0.0007105997367484939,,,0.04965135109737558,
FAC_rank_vol_m6_n12_pairwise1,2016-02-29,60,0.20664051810177153,0.09984212630777922,0.09004231774674412,,-0.9577437328602129,0.03804610637076024,-0.1089916746940621,-0.03609145665859315,-0.03282084215099457,0.0005613677537149886,,,0.16362552755901222,
FAC_rank_vol_m6_n12_pairwise1,2016-03-31,61,0.1626147635280798,0.05201671342801484,-0.02825405656727586,,-0.09640133769834476,0.012806331566006784,-0.3456581143875932,0.01968745594122258,-0.012138854212599404,0.00018318604758109784,,,0.14745656502423227,
FAC_rank_vol_m6_n12_pairwise1,2016-04-29,58,0.33787087711386166,0.24517279990980223,-0.05163063726341449,,0.9770110205331104,0.08746045655988662,0.11927054525975762,0.013736544009120433,-0.004498885693727365,-2.5973360052226064e-05,,,0.14559226910128978,
FAC_rank_vol_m6_n12_pairwise1,2016-05-31,61,0.2716083726948848,0.17540570493760543,0.06496451820588112,,-0.2775082243664,0.1293010933214617,-0.27943895556232046,0.008231840257711325,-0.025016234719825864,0.00015120865802468997,,,0.12020422748890323,
FAC_rank_vol_m6_n12_pairwise1,2016-06-30,64,0.4257023280670442,0.3539151190754247,0.1874684986114046,,0.162343069676487,0.005051277250546964,-1.6168004704564338,0.0029156643271493975,-0.0192073909743068,4.43255534297815e-05,,,0.01615840427784466,
FAC_rank_vol_m6_n12_pairwise1,2016-07-29,61,0.3767477622949208,0.2944314290131179,0.02613319526751691,,0.5233391007608028,0.029890574425989566,-0.6556245670672238,-0.0010628668170962843,-0.02181167512859659,-1.7563447824306925e-05,,,0.0634856341887916,
FAC_rank_vol_m6_n12_pairwise1,2016-08-31,67,0.34828799008038824,0.2709662261916207,-0.025623380881608107,,0.07562189778967755,0.0734997871129778,-1.2292224524524664,-0.0070233307057666,-0.024369419005993372,5.5132010211764865e-05,,,0.1891512029710078,
FAC_rank_vol_m6_n12_pairwise1,2016-09-30,68,0.2775739107337202,0.19329086698598752,0.0348656812942616,,0.09388397625629445,0.023282603129015415,-1.1762711003737096,-0.06662788072183636,-0.039761610991418915,0.00037010789412205846,,,0.1868914933242805,
FAC_rank_vol_m6_n12_pairwise1,2016-10-31,69,0.28606069828224845,0.2041332374293917,0.037040954305242964,,-0.5862386284384935,-0.021924212060186386,-1.574951148049395,-0.0665959965957505,-0.03480108767927149,0.00036188046149517055,,,0.21868383927549775,
FAC_rank_vol_m6_n12_pairwise1,2016-11-30,72,0.23440219533933393,0.1506649354545736,0.14603366314036909,,0.053999515495747344,0.014828517652754862,-1.9077435921621853,-0.08732819203296513,-0.005812087945477526,0.00024686350117483205,,,0.06631204157839558,
FAC_rank_vol_m6_n12_pairwise1,2016-12-30,74,0.16957938427260721,0.08150447048333831,0.2868742246375288,,1.2472946361419994,-0.1343416385500526,-1.1456164721871527,-0.12038701559590317,-0.024357570510795793,0.0003425660750874128,,,0.0483346726207358,
FAC_rank_vol_m6_n12_pairwise1,2017-01-26,76,0.14009222827255108,0.051572310594725446,0.11840746540119608,,1.2544036128095883,0.06441287697820552,-0.3349772583998329,-0.03566789380324098,-0.01730920131711019,0.00027379521280306143,,,0.03202844438707819,
FAC_rank_vol_m6_n12_pairwise1,2017-02-28,78,0.19917755822460848,0.1190953140470693,0.14861278690814525,,2.5140419005965913,-0.049231404569260145,-1.7639235074906885,-0.01566459915849711,-0.02245829067308836,0.0004536203013269137,,,-0.055284449882160115,
FAC_rank_vol_m6_n12_pairwise1,2017-03-31,76,0.33735435363286603,0.2691408312127199,-0.042390694920178204,,1.7391654521307747,-0.011026399098053401,-0.5759712208595142,0.010157695467909091,-0.020945629949977607,0.0005889556810968484,,,0.11147700125853403,
FAC_rank_vol_m6_n12_pairwise1,2017-04-28,81,0.2053278438049596,0.1291264041698188,-0.020103255887486737,,1.5535302371412294,0.111388755875475,1.6694201680023604,0.01760108810486405,-0.01156278449770269,0.0004888385696140303,,,0.07106952694372684,
FAC_rank_vol_m6_n12_pairwise1,2017-05-31,86,0.31644432246695686,0.25509958217552986,-0.08146715148358483,,1.067532860235957,0.2843810451165451,2.2712767915133814,0.039797012276842465,-0.0284645478588338,0.0005480524972932173,,,0.10399946768639388,
FAC_rank_vol_m6_n12_pairwise1,2017-06-30,93,0.5304036221351036,0.4917309792521122,-0.14126260135899907,,2.1454536219719365,0.11930382627251952,-1.7532768211343945,0.03090635089104804,0.0126281585624419,-0.00013865958871298335,,,0.15456064447341306,
FAC_rank_vol_m6_n12_pairwise1,2017-07-31,102,0.3260095765366665,0.2758188003213119,-0.07942973048109582,,-0.06778193584626996,0.48581349801317997,-0.5361706515234107,0.020756075936675913,0.0018747928302521658,4.4096113246336577e-05,,,0.1651273586520337,
FAC_rank_vol_m6_n12_pairwise1,2017-08-31,114,0.28649570799965174,0.23937750003736458,-0.0843825987247776,,-0.4383390241549098,0.3072580306567939,-0.466764729340292,0.010585695641150623,0.010015864377326518,-8.894946193897396e-05,,,0.14003128124868258,
FAC_rank_vol_m6_n12_pairwise1,2017-09-29,134,0.13148622805744614,0.08323546294952644,0.06058752617410576,,0.547872453685092,0.13926527912133607,-1.9618964720080994,0.036838838700266455,-0.004096338543750934,-0.0003575857788052741,,,-0.0036893048837255194,
FAC_rank_vol_m6_n12_pairwise1,2017-10-31,152,0.12272298921439251,0.08007757896786982,-0.012138028017000754,,-0.0712739886459799,0.019332179833675293,-2.3522917815050484,0.02096097814097232,0.0008426005392392938,-0.00039252591952908104,,,0.05557412004134462,
FAC_rank_vol_m6_n12_pairwise1,2017-11-30,169,0.03209047104020046,-0.00999255195805171,0.03254526002069452,,-0.13124979480591953,0.06673532900212582,-1.4151521347155647,0.003014372496421448,0.014197659073031173,-0.0002693109283383942,,,0.004821125809829185,
FAC_rank_vol_m6_n12_pairwise1,2017-12-29,177,0.0865008297879325,0.048663586051338026,-0.2871749144103017,,0.6191430021042518,-0.07447454957384249,-0.4938980864869492,0.01560919915870229,-0.0016684302169877496,-1.499195302755201e-05,,,0.22739463322206738,
FAC_rank_vol_m6_n12_pairwise1,2018-01-31,181,0.1403906590302938,0.10560877818180858,-0.2927603904317429,,-0.5635525858608466,-0.05430361076796887,-0.87270751593818,0.015437948825658411,0.0015582480580745132,-3.381730204246259e-05,,,0.2407237685075312,
FAC_rank_vol_m6_n12_pairwise1,2018-02-28,189,0.21972945805717803,0.1895532492527594,-0.16181336036965718,,0.27114054254342534,-0.04951075403974807,-2.9371997044582083,0.024419259330435424,-0.0026224675796593013,-7.026557887603582e-05,,,0.13234583222095708,
FAC_rank_vol_m6_n12_pairwise1,2018-03-30,189,0.2889937620668418,0.26149628325174723,-0.1407123034674659,,-0.09158287068631432,0.12222381179577252,-3.3482794349246308,0.005761467787089605,-0.008673445558661093,7.029027602103674e-05,,,0.11250685319633931,
FAC_rank_vol_m6_n12_pairwise1,2018-04-27,197,0.4289042071315188,0.40775251109935284,-0.16172700678589605,,0.9833868574666633,0.07420715345985501,-2.501731393771031,0.009085777121513712,0.0042328357860051445,-7.438588408548519e-05,,,0.08986804986190769,
FAC_rank_vol_m6_n12_pairwise1,2018-05-31,201,0.44313549495366467,0.42293833673954884,-0.13904441240918622,,-0.3330943646954479,0.060649279684582204,-3.189603499975323,0.016098167241443546,0.004742038985419096,-0.00014947512703510044,,,0.07578907443662329,
FAC_rank_vol_m6_n12_pairwise1,2018-06-29,202,0.40742170254803023,0.38604001140285604,-0.05644069254365412,,0.3745673980477787,-0.011172391606381046,-3.0777127846262964,0.005232861365463015,-0.0021574782025972367,2.460099087393818e-05,,,0.020155011856347087,
FAC_rank_vol_m6_n12_pairwise1,2018-07-31,204,0.3319941989854348,0.30813684894920035,-0.05134556165152047,,0.6649253909848677,0.1277582171543228,-2.013265262567086,0.013229000277287795,-0.005883787075853955,-4.8824514441564846e-05,,,0.0013350879913615883,
FAC_rank_vol_m6_n12_pairwise1,2018-08-31,217,0.09136215152468874,0.06092930492503712,0.04007397402513562,,0.17522417423975525,0.07177744148495613,-0.9059258025197214,-0.007227599555028356,-0.006568551855946631,0.00013788100195629468,,,0.05832635253870119,
FAC_rank_vol_m6_n12_pairwise1,2018-09-28,216,0.022437338215678837,-0.010461405209755137,0.09490895092219806,,-0.413972563815613,0.06361649046246935,0.18162383558030779,-0.00957898387201477,-0.002463428963368987,0.00011686576318992642,,,0.037313590507414104,
FAC_rank_vol_m6_n12_pairwise1,2018-10-31,214,0.26106275799398937,0.23595324006174623,0.08059305253672717,,-1.1068964020730376,0.12075588887334766,1.8052241615348412,-0.008376391693308071,-0.0028159571571081147,5.769361053916191e-05,,,0.005176872244405851,
FAC_rank_vol_m6_n12_pairwise1,2018-11-30,217,0.2350160139749078,0.2093945407587564,0.028013261548836828,,0.49027860680842805,0.07341381053265593,2.953052586776401,-0.0015268646985583704,-0.009470656154342047,0.0001519433295896104,,,-0.001740251963531702,
FAC_rank_vol_m6_n12_pairwise1,2018-12-28,216,0.36301887813928113,0.34158201346127615,0.1426012208144939,,-0.17198966219320452,-0.015061741461571005,4.425994364173719,0.017290058966918424,0.004297653093839277,-0.00018024470215231728,,,-0.10454894427411214,
FAC_rank_vol_m6_n12_pairwise1,2019-01-31,208,0.33432796933694753,0.3110294482637407,0.09227192061664648,,0.35961590453214726,-0.12597924304035663,3.548039643316725,0.017824020763571355,-0.009781844835328008,-0.00010471556448805964,,,-0.044943943116746175,
FAC_rank_vol_m6_n12_pairwise1,2019-02-28,215,0.2901252397720103,0.2661198130976339,0.031239476604598016,,-0.08863099823284012,0.10765883883041563,3.715404878256342,0.02702889706043599,-0.0003799437282021104,-0.0002518115392200739,,,-0.027007408995481916,
FAC_rank_vol_m6_n12_pairwise1,2019-03-29,213,0.1291350505257881,0.0993981985925223,0.08386765148015593,,0.325100305391137,-0.002598638981043726,0.7400518303213246,0.028594803892386566,0.00811855414372803,-0.000352517987549726,,,-0.0989554384509129,
FAC_rank_vol_m6_n12_pairwise1,2019-04-30,210,0.11352699723853532,0.08280763575670247,0.10827185714110892,,-0.3373906303981005,0.011533343503817491,1.1306852535575358,0.027708727510272337,0.015510248741657367,-0.00044646245653644223,,,-0.09394445620914668,
FAC_rank_vol_m6_n12_pairwise1,2019-05-31,215,0.14392183352342391,0.11497233030924026,0.0389570046435985,,-0.7348791946372847,-0.1443684694740269,1.0445778839299495,0.02370368966624057,0.024284371500571764,-0.0005883869026130203,,,0.028720252763036785,
FAC_rank_vol_m6_n12_pairwise1,2019-06-28,219,0.1611351855491615,0.13330554715505782,-0.005863778094575304,,0.12344353788993213,-0.21160938713915592,1.6522994062026637,0.001855427022162332,0.018688650142344002,-0.00044160233319673656,,,0.10868572225640595,
FAC_rank_vol_m6_n12_pairwise1,2019-07-31,217,0.2981797884342653,0.27467384833397746,0.018259921884448194,,1.5616235973186854,-0.3368276521247009,2.5411935274993205,0.025558165615274873,0.02768878384528724,-0.0005068174518900064,,,-0.015253570408187386,
FAC_rank_vol_m6_n12_pairwise1,2019-08-30,219,0.2535226402465359,0.22875798850116036,0.12412825149573782,,1.0412637549205406,-0.46224735870764694,2.6298661407166986,0.011901599436957722,0.0212442256739892,-0.0004207246850594089,,,-0.06008302583906034,
FAC_rank_vol_m6_n12_pairwise1,2019-09-30,220,0.24871490778619887,0.22390832455272425,0.04940959032836455,,1.2517349888873364,0.035222733615617785,1.3689170536075088,-0.0006559308266026442,0.01853765428964058,5.487189192613002e-06,,,-0.08432424967487917,
FAC_rank_vol_m6_n12_pairwise1,2019-10-31,226,0.13825623642182627,0.1105855651142702,0.11133993336562859,,-0.33304078416878075,0.033195048898364436,2.153075387713954,0.017037698677795803,0.017178371653529794,-0.00023662573697158854,,,-0.11083325726376395,
FAC_rank_vol_m6_n12_pairwise1,2019-11-29,233,0.2624174079469921,0.23947039397200964,0.08569033884291012,,0.5141951029349855,0.21158825755604543,2.2563573034386084,0.026870919611286022,-0.0025287806955810346,-6.349048076769e-06,,,-0.10906890992050874,
FAC_rank_vol_m6_n12_pairwise1,2019-12-31,239,0.3691306478318207,0.3500133947358153,0.23608117502867088,,-1.196839802893818,0.2966161403396826,3.0337332368313272,0.0404819826718567,-0.01817772541043677,-3.8980769987892724e-05,,,-0.20247274806517587,
FAC_rank_vol_m6_n12_pairwise1,2020-01-23,241,0.13193805150631677,0.1058589371738885,0.37971088669715913,,-0.020918742970977657,0.41606400860764503,-1.3872368957683565,0.013437299489669804,-0.045257776717257364,0.00021944281266776563,,,-0.09298792021152694,
FAC_rank_vol_m6_n12_pairwise1,2020-02-28,242,0.11094398934939254,0.0843482967230923,0.8591023377889528,,-0.882164426819333,0.1850103822489645,-1.4021543193331425,-0.008000285871277915,-0.03011473860985082,6.270861970650017e-05,,,-0.44623712745697075,
FAC_rank_vol_m6_n12_pairwise1,2020-03-31,250,0.07556584832962554,0.04882601749618487,0.789296579327876,,-0.07289549686859657,0.05981827891820301,-0.6290130762627737,0.0026482983706226735,-0.013708821796663188,-0.0003954027929195753,,,-0.3545068033551391,
FAC_rank_vol_m6_n12_pairwise1,2020-04-30,253,0.2091776666511176,0.1865827428411495,0.6807131978349458,,1.5239139582762653,-0.011478626397057082,-2.575238816450983,0.00025670028971385686,-0.010670895550978053,-0.00039622236990123546,,,-0.311277454018458,
FAC_rank_vol_m6_n12_pairwise1,2020-05-29,253,0.10708148575031584,0.08156952820032493,0.4619886379078661,,-0.2539423121965575,-0.2189735144411748,1.4830352759862837,0.004360054391346333,-0.004986959593005445,-0.00042186097466371413,,,-0.08902737606221199,
FAC_rank_vol_m6_n12_pairwise1,2020-06-30,257,0.15378227867642502,0.12999302546652536,0.7736254733663719,,-0.10574144003516371,-0.2853096521380759,1.9721956310211868,0.002306483239263478,0.004419053456931444,-0.00048572759894243523,,,-0.4615540487115641,
FAC_rank_vol_m6_n12_pairwise1,2020-07-31,260,0.1986541481008518,0.17639454110365327,0.3768916290111675,,0.8970341124125814,-0.16196151541250717,1.1991016607425458,0.018654028121996725,0.002914266262036356,-0.00037467711438172075,,,-0.3270717818187998,
FAC_rank_vol_m6_n12_pairwise1,2020-08-31,274,0.11170875911920597,0.08833267383286925,0.1266850559213166,,0.32227642636155646,-0.12105084354756954,2.302216500060754,0.005278052169603894,0.009376560412638778,-0.00030542592503202717,,,-0.08702857883620137,
FAC_rank_vol_m6_n12_pairwise1,2020-09-30,285,0.1264101183779064,0.10433383978095823,0.21739171069344349,,1.1161961080845055,0.0004129359774539831,-0.703334898827456,-0.005230941683293728,0.00024309760305401924,-0.0001524749962348735,,,0.014523258736526936,
FAC_rank_vol_m6_n12_pairwise1,2020-10-30,286,0.23166623613083992,0.21231970250823518,0.032925886175922965,,1.3877487489699472,-0.025425653352395716,0.3782568371674079,-0.00036248262535686727,-0.0033636203650192873,-8.270500323122737e-05,,,0.07552006977919545,
FAC_rank_vol_m6_n12_pairwise1,2020-11-30,294,0.24730264489823672,0.228879982360781,0.20592850157175782,,-0.7839543809187047,0.14612327015502852,-0.0263904064257507,0.00017397348078711377,-0.0003823274158092413,-0.00012615383198671772,,,-0.10369071287849638,
FAC_rank_vol_m6_n12_pairwise1,2020-12-31,307,0.11407414804831795,0.09333340903941578,-0.027484754572781357,,0.2444786631993472,0.020912520377073366,0.703134133818539,-0.010517976440730933,-0.011546786579397936,-6.930247803804466e-05,,,0.07391035872375862,
FAC_rank_vol_m6_n12_pairwise1,2021-01-29,307,0.1576595403527189,0.13793919514358532,-0.22692386033686807,,-0.4748440331067917,-0.11741736531720078,3.0118668177308643,-0.0270676578677115,-0.009904895512471208,7.310250405682108e-05,,,0.1730304508686681,
FAC_rank_vol_m6_n12_pairwise1,2021-02-26,322,0.2263208210906833,0.20907319608315078,-0.3029760284568836,,-0.7998784869556647,-0.1945085413360844,3.640878172538232,-0.04294212369868042,-0.02501100535248142,0.0003496186939397775,,,0.2604089862363142,
FAC_rank_vol_m6_n12_pairwise1,2021-03-31,321,0.2698292810496289,0.25349958445968446,-0.32181305845112373,,-1.0078641389111553,-0.10347393632585518,3.6960784261548367,-0.037975129611051366,-0.026489193300496747,0.0002544634521355706,,,0.22301186502712358,
FAC_rank_vol_m6_n12_pairwise1,2021-04-30,328,0.08537800096581794,0.0653706447369451,-0.21805987939048785,,-0.487809050100224,-0.12660535235588066,2.6999146707344526,-0.02830672744310459,-0.0406030928765471,0.0003851376146830354,,,0.22592488991312396,
FAC_rank_vol_m6_n12_pairwise1,2021-05-31,334,0.24066404098054484,0.22435928112429881,0.15612630565341795,,2.4493260580134564,-0.10605047828356226,-0.9351319318302722,-0.018317145936834173,-0.055105542256355604,0.0004953246456738006,,,-0.0757644567964145,
FAC_rank_vol_m6_n12_pairwise1,2021-06-30,342,0.1946414459765191,0.1777626738862066,0.12732846591465855,,1.1255073192536278,0.08874441389984007,-2.724789828180975,0.0027176505283854715,-0.03468534913963745,0.00042258182037933293,,,-0.000551349206075316,
FAC_rank_vol_m6_n12_pairwise1,2021-07-30,349,0.16750808108207238,0.15041880415413833,-0.029913562840579697,,-0.018348315153773727,0.05527083005842718,-2.4681635275446068,0.00300216866101241,-0.018340384435611253,0.0002359113461633318,,,0.10260215085265847,
FAC_rank_vol_m6_n12_pairwise1,2021-08-31,370,0.1699114207357737,0.1538599841201671,0.07793722037435513,,0.0886251872226514,-0.07528542765601837,-1.1563662640449321,-0.003921098061033556,-0.004874722695232754,5.0946068448171254e-05,,,-0.08927350651089698,
FAC_rank_vol_m6_n12_pairwise1,2021-09-30,377,0.2929994823228206,0.27958754838314503,-0.03550255934294618,,0.3149482516162086,0.104280158568172,-2.152865580503732,0.0010861301384793001,-0.01279533009474851,0.00012956113735019194,,,-0.0009076657025603717,
FAC_rank_vol_m6_n12_pairwise1,2021-10-29,381,0.3570653397389215,0.3449995418251748,-0.02990441404092412,,-0.7836956925628126,0.045930225708471675,-1.9609190891987378,0.008344784620949076,-0.007903998550008706,0.00011043302455784097,,,-0.08035708102680147,
FAC_rank_vol_m6_n12_pairwise1,2021-11-30,397,0.34601254467040876,0.3342441328778455,0.051214011088850674,,-0.6594729753816369,-0.03382101846829053,-1.6465419523298048,-0.007143437374187105,-0.012417903008354573,0.00012836000178507485,,,-0.13264666579749512,
FAC_rank_vol_m6_n12_pairwise1,2021-12-31,389,0.051504567431090664,0.03407814216079563,-0.13163454328432514,,0.3379143738785362,0.023233318440476297,0.05504828666787739,-0.005493615035928126,-0.0034326262064502265,3.681671825573981e-05,,,0.03806318737787185,
FAC_rank_vol_m6_n12_pairwise1,2022-01-28,403,0.13877402972191755,0.1235117973372426,-0.09899826850525369,,-0.13833296870192804,0.11821694929687697,0.483889776803349,-0.00040404295319014603,0.00012878828270899571,2.6129000901722575e-05,,,0.01696046209068032,
FAC_rank_vol_m6_n12_pairwise1,2022-02-28,429,0.031181583720102046,0.015072963971980213,-0.090062668683623,,0.20344768364079635,0.028138844381265727,-0.4332876390527865,0.0017248272538870997,0.0007608746938146798,-3.280585599072137e-05,,,0.04571132295976613,
FAC_rank_vol_m6_n12_pairwise1,2022-03-31,417,0.10075092870283853,0.08536035780044204,-0.17930279958079665,,-0.40348320202203375,0.039570620923323904,-0.40562531568323573,0.004920687802558496,0.0018035970904677842,-3.075384582534468e-05,,,0.13076770932887075,
FAC_rank_vol_m6_n12_pairwise1,2022-04-29,426,0.47761773652042305,0.4688697081846407,-0.3462959355601822,,-1.4228474249171652,0.09638203115477052,0.18338969317359677,0.0017204426338683022,-0.005197001996050071,1.6484620014579188e-05,,,0.2653699910248277,
FAC_rank_vol_m6_n12_pairwise1,2022-05-31,458,0.10465972908609145,0.09073221376076401,0.13558603611665834,,0.21931618666450464,0.1437514075673314,0.06151090674044543,-0.006777313516453667,-0.018508436087979554,8.611433052076718e-05,,,-0.14051692454984785,
FAC_rank_vol_m6_n12_pairwise1,2022-06-30,475,0.19487936668650652,0.18281117732206442,0.012578027690678879,,-0.4971480201782264,0.08260217259711983,-0.49334512966392596,0.00027027273776475977,-0.011453286207458219,5.231217008949903e-05,,,-0.03121149598479876,
FAC_rank_vol_m12_n6_pairwise1,2013-04-26,74,0.3483958458535066,0.2792863143531209,-0.09647948711847203,,1.2273885343188067,0.40396892068929735,0.9245487547201476,0.18733992769892227,0.025507921196270055,-0.0006965008823679302,,,,-0.061037725755970586
FAC_rank_vol_m12_n6_pairwise1,2013-05-31,77,0.34163614099214124,0.2748456045710541,-0.04367743957749639,,0.7181053057316499,0.2646982934256479,-0.456441140753395,0.03688624167759478,0.030752949811072915,-0.0001921832214290771,,,,-0.02902787906096759
FAC_rank_vol_m12_n6_pairwise1,2013-06-28,80,0.18637196552280988,0.10726923994863868,-0.07240631727235526,,-0.2218344774736259,0.18544476143615282,1.3839428974627999,0.029814371989484372,0.03157500402165103,6.692377244692133e-06,,,,-0.006704098712416306
FAC_rank_vol_m12_n6_pairwise1,2013-07-31,80,0.3197732528964724,0.2536400969280739,-0.11541667486716937,,0.9646359724974114,0.07620032545189209,1.627498140078792,0.07575811182222315,0.011067584882724385,-0.00012540069031149485,,,,-0.042767933960797484
FAC_rank_vol_m12_n6_pairwise1,2013-08-30,83,0.17804123000547067,0.10132507813931457,-0.11031743112887676,,0.5133234219474512,0.1786489247140595,1.2736142250820697,0.04712575637144554,0.011769041386253882,-0.00022217079746780208,,,,-0.036260679418782325
FAC_rank_vol_m12_n6_pairwise1,2013-09-30,85,0.23895011445585057,0.16976376122456427,-0.11043403071320944,,-0.6658285599379299,0.0012706111658249818,1.6138017522116823,0.051200555101897596,0.03817044451020395,-0.0006776230927304785,,,,-0.07575139688791047
FAC_rank_vol_m12_n6_pairwise1,2013-10-31,89,0.2059635327095105,0.13734309726465344,0.03426581849867849,,0.6379064265017222,0.05446642666969096,0.1814737353872147,0.049106196035491365,0.004154883537750958,-0.0005859026417974884,,,,-0.10435526554485842
FAC_rank_vol_m12_n6_pairwise1,2013-11-29,88,0.27790367171707675,0.21472024299232095,-0.020752072927463092,,1.0160831781877675,-0.043820512167990315,-0.08623790904080059,0.0314337801042525,0.03615110464548632,-0.0008559887935973104,,,,-0.07036344948481041
FAC_rank_vol_m12_n6_pairwise1,2013-12-31,91,0.13547049691712332,0.06255837015109755,0.011848490094270173,,-0.5491493715580625,0.012595009439288648,0.6481049937016322,0.05557186783482334,0.018963086842778958,-0.0006868603657628408,,,,-0.12321305128851072
FAC_rank_vol_m12_n6_pairwise1,2014-01-30,88,0.21489873668276804,0.1462023761425103,0.056553711569369614,,-0.19260518044393019,-0.22370334867939234,1.1005128253297882,0.007262927050042565,0.048214710445260135,-0.0007038932400446215,,,,-0.08848013640702598
FAC_rank_vol_m12_n6_pairwise1,2014-02-28,90,0.1474682078770161,0.07469110367139564,0.17302432799988685,,0.32836883522843874,-0.1373559545590598,0.12311648134918594,0.024479525353732108,0.03144284733184701,-0.00035137671890280456,,,,-0.1692636379690089
FAC_rank_vol_m12_n6_pairwise1,2014-03-31,88,0.2375906269097554,0.170879806764359,0.1354397026038538,,1.1785705353284694,0.16648778327787364,1.0555669169849913,0.006533523119610335,-0.027537171388282593,0.0001143423834964488,,,,0.03036920722938661
FAC_rank_vol_m12_n6_pairwise1,2014-04-30,91,0.17879634993841853,0.10953821077659842,0.0857924673146446,,0.14698394710557303,0.28916779372999535,0.1668984236071646,0.00490882857051931,-0.017008714414766507,-0.00010755736014235547,,,,0.10950829706246322
FAC_rank_vol_m12_n6_pairwise1,2014-05-30,95,0.17484406673138786,0.10845221003161454,0.1379459529845209,,1.6786621275554765,0.14901161292303802,-0.2595762432851937,0.013989532561934425,-0.03768202634510469,5.8639592114970735e-05,,,,0.12040628711567725
FAC_rank_vol_m12_n6_pairwise1,2014-06-30,94,0.1470124210750453,0.07758319953464199,0.646137234653532,,0.4970075631565598,0.3764079118935919,-3.768451277805969,-0.07477401685499592,-0.11376770446204384,0.0017198908761851752,,,,-0.2986056328529885
FAC_rank_vol_m12_n6_pairwise1,2014-07-31,94,0.2275306765103099,0.16465526645882345,0.3925337188722992,,0.5311792204244937,0.3547935784518379,-1.807250121812008,0.017549062118115223,-0.09028894540966056,0.0010185760750169354,,,,-0.14690661631369528
FAC_rank_vol_m12_n6_pairwise1,2014-08-29,94,0.09561505746729482,0.022002329586725766,0.40885581094858936,,-0.13135527014981266,0.232135347356365,-1.054319682323288,0.04036727740957733,-0.07336322784071661,0.0002763865264939857,,,,-0.0779259453109289
FAC_rank_vol_m12_n6_pairwise1,2014-09-30,94,0.09141359217154033,0.01745888455759592,0.5125029751070351,,0.6852260039419477,-0.006422088612338471,-1.6808678457895656,0.08158339031491055,-0.04726719579884947,-0.00019219581188652468,,,,-0.06954815592827109
FAC_rank_vol_m12_n6_pairwise1,2014-10-31,89,0.1566600478891853,0.0837788174598556,0.29219142017054645,,1.4096467076169505,-0.18517838694442731,2.3367280083280306,0.2200695520604893,-0.0994067001195496,0.00028325976614280686,,,,0.17195212834771145
FAC_rank_vol_m12_n6_pairwise1,2014-11-28,89,0.21045091601562638,0.14221827912808782,-0.043197063202691184,,-0.20397598326606717,-0.2010192541261472,7.0032129867515,0.22155943564889677,-0.13917048011626604,0.0007253728405974422,,,,0.6879910331471625
FAC_rank_vol_m12_n6_pairwise1,2014-12-31,81,0.47902747012080316,0.429071200132387,0.3312013153668724,,-1.4374165273714918,0.005226625633577043,2.585083986755886,-0.009974296282320503,-0.03365829547865339,-0.0005539175207486605,,,,0.35671995669797635
FAC_rank_vol_m12_n6_pairwise1,2015-01-30,75,0.15730265581392733,0.0692596497049347,0.31187561985017204,,0.2626452724211794,-0.18759636993449139,0.6263404239618807,-0.12805953936202558,0.04586294853199755,-0.0010157193667752998,,,,0.174119594305923
FAC_rank_vol_m12_n6_pairwise1,2015-02-27,76,0.16742079849005287,0.081714115981676,0.30126029671507437,,-0.43889829629785015,0.034231269312529705,-1.9015188707133965,-0.061960266345606134,0.0502750477258677,-0.0008059154038984897,,,,-0.0817406663747213
FAC_rank_vol_m12_n6_pairwise1,2015-03-31,71,0.2489833503504032,0.16553705594489254,0.22238484197985228,,-0.48387996029718494,-0.02740827593472125,-1.9175825694731226,-0.03226790960738684,0.050908238726405236,-0.00102664237454076,,,,-0.11031959792276616
FAC_rank_vol_m12_n6_pairwise1,2015-04-30,66,0.4038314298176017,0.331880050657657,0.33494780227457444,,-0.36415767126319964,-0.07126887425227336,-2.378465882512543,-0.07771049276590765,0.08670785034307857,-0.0019455937805702977,,,,-0.08765416087713936
FAC_rank_vol_m12_n6_pairwise1,2015-05-29,59,0.5668045647391843,0.5073463677426018,0.1730698327679904,,-0.7034207054325764,-0.05271714301268058,-1.3783965987275844,-0.033994096250415766,0.038397152561816805,-0.0013540211352043908,,,,-0.0021841219774602736
FAC_rank_vol_m12_n6_pairwise1,2015-06-30,50,0.1403870000615941,-0.00288183326147351,0.08308744736231072,,-0.12159468864713559,-0.05077684265223891,-0.44272226579197654,-0.0780918403645079,0.011459253148984347,-9.801792735280977e-05,,,,0.04019462447727786
FAC_rank_vol_m12_n6_pairwise1,2015-08-31,52,0.10211858979832389,-0.0407261800064882,-0.04025123960882696,,-0.35273325733031835,0.05644064065873434,-0.33772331639787473,-0.028924327648654102,-0.05060883010854837,0.0007067099473632788,,,,-0.05062260988942194
FAC_rank_vol_m12_n6_pairwise1,2015-11-30,52,0.6439247091721535,0.5872763674495416,0.11902078591565404,,-0.2948105292102307,0.02229193750674189,-1.205994360465023,-0.051907800403885165,-0.0017101467252343835,-1.2493141968529196e-05,,,,-0.02371851040479155
FAC_rank_vol_m12_n6_pairwise1,2015-12-31,52,0.4814642499609221,0.39896992609106874,0.10941690597431956,,-0.6571075210756768,0.03617007482887107,-1.1615329947152644,-0.07880819332685209,-0.006618375648806711,-1.8551467198628572e-05,,,,0.022378947056409228
FAC_rank_vol_m12_n6_pairwise1,2016-01-29,56,0.2420082467940451,0.1314677827848434,0.09934910592034421,,-0.24437313096692964,0.06106396845592088,-0.6937666896561742,-0.020518406901309662,-0.02726035704622599,0.0006663836589513979,,,,0.07248665952909676
FAC_rank_vol_m12_n6_pairwise1,2016-02-29,60,0.21230579239550407,0.10627003367951415,0.06273155807720503,,-0.914537788065735,0.03582062020896362,-0.04305351240944447,-0.025415753466727805,-0.02980349641885221,0.0004533579330241979,,,,0.19927384126357356
FAC_rank_vol_m12_n6_pairwise1,2016-03-31,61,0.17135543539344544,0.06191181365295706,-0.025481666388604145,,-0.009460595187896992,0.010743657194860236,-0.4220343602004368,0.006872601127059123,-0.014571395702536828,0.0001360409769958766,,,,0.18396794380212464
FAC_rank_vol_m12_n6_pairwise1,2016-04-29,58,0.3035491957179267,0.20604608311843653,-0.015588697632112288,,0.9702764393232908,0.09065528694023421,0.07788026220056313,0.003051687787551613,-0.005560694730373233,-5.769580904206296e-05,,,,0.14151716676893894
FAC_rank_vol_m12_n6_pairwise1,2016-05-31,61,0.2543910558451211,0.15591440284353342,0.08200850965770234,,-0.3340786884266811,0.13656550195581743,-0.2515697414246522,0.0015250589081709353,-0.024771901632435395,0.000150486420814993,,,,0.11460397331611322
FAC_rank_vol_m12_n6_pairwise1,2016-06-30,64,0.42771685401856385,0.3561814607708843,0.16237760823111244,,0.13175835695669855,0.0006078512558738964,-1.616687064934338,0.004030069733046452,-0.01960172431303401,3.93975632914115e-05,,,,0.04910033741952169
FAC_rank_vol_m12_n6_pairwise1,2016-07-29,61,0.3728302928736221,0.28999655797013824,0.066181981813327,,0.5366133078623598,0.0379904415232771,-0.6449776609180475,-0.004520424249874055,-0.022812052811961244,1.4979140346429994e-05,,,,0.021080440341745672
FAC_rank_vol_m12_n6_pairwise1,2016-08-31,67,0.2977199313615121,0.21439856728575934,0.09247390136804445,,0.05423540060105058,0.09650709275216252,-1.1849942313820412,-0.014805368969166358,-0.025317040070184822,0.00013563461858472547,,,,0.0525827110959905
FAC_rank_vol_m12_n6_pairwise1,2016-09-30,68,0.23982820070977684,0.1511414907925841,0.16943196318484766,,0.21164084595771146,0.040053044059926844,-1.0923150487912854,-0.07319609246173865,-0.035598350541168,0.0003716774678579013,,,,0.02716056491447267
FAC_rank_vol_m12_n6_pairwise1,2016-10-31,69,0.2600885639735325,0.17518069426557725,0.1977106491908538,,-0.6909275790850142,0.007504439333058764,-1.5226859636658587,-0.07814211044979966,-0.0312539176451508,0.00035981786553115577,,,,0.04429006818366674
FAC_rank_vol_m12_n6_pairwise1,2016-11-30,72,0.2363629839783733,0.15284018535100785,0.14709481726118157,,0.08956573904646298,0.01825130332089833,-1.8815982923111179,-0.089009171766404,-0.005624534843946716,0.00023667122793603106,,,,0.07111858847563325
FAC_rank_vol_m12_n6_pairwise1,2016-12-30,74,0.1724701104878812,0.08470178887295954,0.38903674702528357,,1.3270809975696167,-0.11416412854530185,-0.9874736729333072,-0.12477856683956969,-0.024338261120537264,0.0004176860309910484,,,,-0.08961212997342806
FAC_rank_vol_m12_n6_pairwise1,2017-01-26,76,0.1432359536288087,0.05503965473765671,0.20510110471165113,,1.2105867551202902,0.09828677657410904,-0.2897238326305135,-0.03861394118689332,-0.016165832822371787,0.00033542391552746585,,,,-0.09038828210682805
FAC_rank_vol_m12_n6_pairwise1,2017-02-28,78,0.19804359104744407,0.11784795015218852,0.11908904554872422,,2.5253487335707527,-0.05577280242227841,-1.8058691083906342,-0.015489930572526575,-0.02349887101980961,0.00045849551261660737,,,,-0.01949559086578532
FAC_rank_vol_m12_n6_pairwise1,2017-03-31,76,0.3349324659453521,0.2664696315573736,-0.024013131720190276,,1.6861258415161962,-0.004587069076327164,-0.40773018772004044,0.012259927600767433,-0.019572342929599994,0.0005695828930573139,,,,0.08711222394343587
FAC_rank_vol_m12_n6_pairwise1,2017-04-28,81,0.2414533809950179,0.16871603396714285,-0.21092329034591895,,1.6552282627202097,0.113487303255672,2.228473548607123,0.028124304452965578,-0.0181107872237434,0.00046706849303505853,,,,0.28944188022527384
FAC_rank_vol_m12_n6_pairwise1,2017-05-31,86,0.31190688776319675,0.2501549417932273,-0.05208733072204948,,1.0453872493590552,0.2810801566183698,2.4010227906860715,0.04387949887916437,-0.028891749578951985,0.0005472715445909033,,,,0.06736864562427429
FAC_rank_vol_m12_n6_pairwise1,2017-06-30,93,0.5117408371712087,0.47153125905589643,-0.023503547364008205,,2.156577943923916,0.09899949290254163,-1.9466138271439757,0.03153142139607764,0.013275108443987887,-0.00014179659963627365,,,,0.029664764029422083
FAC_rank_vol_m12_n6_pairwise1,2017-07-31,102,0.3103968205641572,0.25904339230829654,0.02542389066720759,,-0.023318049542233092,0.47583500645416626,-0.670670700122602,0.02205807317417958,0.003958872892544475,3.866717335498316e-05,,,,0.0539959582372465
FAC_rank_vol_m12_n6_pairwise1,2017-08-31,114,0.27893814888141744,0.2313208568264168,-0.0319131576877194,,-0.5229054223720128,0.3153178795641709,-0.31976083428684954,0.011621166490448618,0.011374129740471486,-8.904426760687238e-05,,,,0.083683752791058
FAC_rank_vol_m12_n6_pairwise1,2017-09-29,134,0.13577169901517028,0.08775901562712418,0.006265870881221878,,0.5346537554102475,0.1387437106636964,-1.7334638965872582,0.0383089778715149,-0.004409258416917817,-0.0003644367536166834,,,,0.05353538011102874
FAC_rank_vol_m12_n6_pairwise1,2017-10-31,152,0.13336674682865512,0.09123874146615918,-0.046187924757012375,,-0.08562653991764735,0.022958546157602375,-2.1120413175633823,0.02173064143769942,0.0015175688328024125,-0.0004031724958418949,,,,0.09367219941348587
FAC_rank_vol_m12_n6_pairwise1,2017-11-30,169,0.04277517478342241,0.0011567041218319973,-0.061892585579017396,,-0.1491144193728411,0.06961957381797627,-1.1517949821196485,0.005176893886356622,0.01489755034906747,-0.0002938735652340224,,,,0.1083609996441089
FAC_rank_vol_m12_n6_pairwise1,2017-12-29,177,0.08216921600843285,0.04415255631647441,-0.18321068848950908,,0.5834656298310985,-0.07986664471761178,-0.3991967112669683,0.013856197240348285,0.0017503500232817029,-5.1552056146168915e-05,,,,0.12813666042199084
FAC_rank_vol_m12_n6_pairwise1,2018-01-31,181,0.1295783473939197,0.09435897416708405,-0.1643130936175754,,-0.587432612309113,-0.06450807860472714,-0.8327773597877117,0.01303306231627953,0.004665907336889401,-5.056602440583498e-05,,,,0.11409797382640843
FAC_rank_vol_m12_n6_pairwise1,2018-02-28,189,0.2168380332698624,0.18655000140737088,-0.09468421867076762,,0.28439878673197566,-0.05104157147942595,-2.9367390908622224,0.023801725157773332,-0.001892204356135062,-7.538261838382089e-05,,,,0.06692570460222137
FAC_rank_vol_m12_n6_pairwise1,2018-03-30,189,0.28432562696605446,0.25664761253932733,-0.0413156283261532,,-0.10156815045584652,0.1234248457244522,-3.467945321214549,0.004009972560471993,-0.009340504567699253,9.886713494976562e-05,,,,0.009916090697378782
FAC_rank_vol_m12_n6_pairwise1,2018-04-27,197,0.43389815517958263,0.41293142018623386,0.00525230752520274,,1.0163224461985099,0.06933139850209588,-2.7516495409350052,0.0049742561976761825,0.0035779632594661877,-3.1498236547293515e-05,,,,-0.08868352017984253
FAC_rank_vol_m12_n6_pairwise1,2018-05-31,201,0.4552037382580265,0.4354442883502865,0.025001340469040782,,-0.3117098540207236,0.05407572471875609,-3.477606344297489,0.012682401904554445,0.0041764990702446315,-0.00011267389350225546,,,,-0.10269598869470387
FAC_rank_vol_m12_n6_pairwise1,2018-06-29,202,0.4070577388929105,0.385662915038531,-0.03598809394431084,,0.37052403176421655,-0.011425892074399095,-3.095393772780955,0.004975901012035565,-0.0022360373646464183,2.656081222751985e-05,,,,-0.00232983465831932
FAC_rank_vol_m12_n6_pairwise1,2018-07-31,204,0.3328183329523591,0.3089904162720861,-0.06670660559450389,,0.6646141289382446,0.12737676203938797,-1.9770595834026454,0.013964293295330263,-0.006211077585086662,-5.17264546748599e-05,,,,0.018804898769801237
FAC_rank_vol_m12_n6_pairwise1,2018-08-31,217,0.09835975866952518,0.06816128168716473,0.034165309259756575,,0.20522503363058506,0.07224725253498589,-0.7696807588910971,-0.007150905020075362,-0.0068426992933236,0.0001321806952085985,,,,0.0692301126585195
FAC_rank_vol_m12_n6_pairwise1,2018-09-28,216,0.021856114199997112,-0.011062189649041487,0.1083450058402873,,-0.4104542853549148,0.06453171097939904,0.2318219818829664,-0.010191531516060899,-0.0020425245588334023,0.00011333817822624337,,,,0.02316772544322337
FAC_rank_vol_m12_n6_pairwise1,2018-10-31,214,0.26496966573966696,0.2399929068084906,0.015571631820167115,,-1.0292400472954026,0.1233511205806347,2.034431140834409,-0.00472475411356277,-0.004249118587112173,5.252879777272083e-05,,,,0.08370036536795382
FAC_rank_vol_m12_n6_pairwise1,2018-11-30,217,0.23682254920271795,0.21126158195113431,-0.014306070328352781,,0.4703473714815601,0.08130209774455703,3.0483077823674294,-7.910517065128696e-05,-0.009772864287507973,0.00014870180176460832,,,,0.04773292247726652
FAC_rank_vol_m12_n6_pairwise1,2018-12-28,216,0.35909674944742576,0.33752789005382955,0.03546940811168306,,-0.16095067963887927,0.0005056525560889027,4.560103399634924,0.019653046045515495,0.0038428770679058734,-0.0001712522438962377,,,,0.010153013648177474
FAC_rank_vol_m12_n6_pairwise1,2019-01-31,208,0.3357359648458613,0.3124867236154665,-0.000600519635290284,,0.3484477332464751,-0.1111319393580396,3.7947202391110704,0.019505137576183548,-0.010429902505555156,-0.00010278526257204618,,,,0.055743404546435754
FAC_rank_vol_m12_n6_pairwise1,2019-02-28,215,0.2900890750695211,0.2660824254341909,0.02281258176986698,,-0.08495493540626457,0.10681033860931241,3.682953456036082,0.026530970438959203,-0.0003515220118022055,-0.0002486550670743511,,,,-0.018858790123308142
FAC_rank_vol_m12_n6_pairwise1,2019-03-29,213,0.13846312382172277,0.1090447914644157,0.08884279304013781,,0.3468187645489874,-0.013804320704238366,0.6024827471698837,0.024769272605811268,0.008801662515576477,-0.0003357214387924528,,,,-0.11009415701357636
FAC_rank_vol_m12_n6_pairwise1,2019-04-30,210,0.10834492013281494,0.07744598172157591,0.058839462300322616,,-0.31822810248201516,0.019822457989776582,1.1791490297966716,0.02716397031986599,0.01646406109382942,-0.00046005370768339483,,,,-0.04602115767144407
FAC_rank_vol_m12_n6_pairwise1,2019-05-31,215,0.14615038160994787,0.11727623992526015,0.025665423782217613,,-0.6981280159938718,-0.14036110148765302,1.043954235882217,0.02504685305164184,0.02350427305578314,-0.0005959625062857395,,,,0.052797846877448054
FAC_rank_vol_m12_n6_pairwise1,2019-06-28,219,0.18024800413032094,0.15305244028630316,-0.03220875724734657,,0.11734683611637338,-0.20743250141795383,1.6171693452897697,0.004810957305996674,0.017043433451858454,-0.00046112778443028145,,,,0.1637507920048488
FAC_rank_vol_m12_n6_pairwise1,2019-07-31,217,0.30547659205639455,0.2822150425080442,-0.08362445394314166,,1.4977886090502748,-0.3278836015142527,2.575853572522544,0.030109318297360854,0.02621112877277428,-0.0005419172285485409,,,,0.11553401146251532
FAC_rank_vol_m12_n6_pairwise1,2019-08-30,219,0.27910668270438954,0.25519079066140715,-0.1083986525318831,,1.0810423926267076,-0.46250082483109106,2.577656496808082,0.019258438230788523,0.019414330135818524,-0.0004652232031000367,,,,0.2384076345626332
FAC_rank_vol_m12_n6_pairwise1,2019-09-30,220,0.25275883545289646,0.22808577813294495,-0.10028980968640575,,1.232960027422875,0.02182898418989219,1.4430225510952055,0.004085339769814766,0.017514819932111705,-2.415362550416896e-05,,,,0.09699883915766144
FAC_rank_vol_m12_n6_pairwise1,2019-10-31,226,0.1503807017697648,0.1230993481568673,-0.12170141814232308,,-0.3394626191426236,0.011845482526424391,2.355185224990728,0.023777284994545893,0.015600048138977873,-0.000250662703950454,,,,0.16787385229167634
FAC_rank_vol_m12_n6_pairwise1,2019-11-29,233,0.2569259707274085,0.23380811203892793,0.03041902194002847,,0.5300999104407805,0.20377487398215513,2.2514493172954517,0.027659296633799086,-0.002534954727109886,-9.434843923633424e-06,,,,-0.04844538591099716
FAC_rank_vol_m12_n6_pairwise1,2019-12-31,239,0.3613718466070084,0.34201947832237234,0.06937630772328236,,-1.18835467053741,0.3007017570173535,3.0383732275203963,0.04123828652313126,-0.021442995794602144,1.797006098271641e-05,,,,-0.0244962401533076
FAC_rank_vol_m12_n6_pairwise1,2020-01-23,241,0.15601690439270255,0.13066118907402835,0.5854364501360039,,0.04198756311843246,0.4171198616087484,-2.1665889644945473,0.00714471921198592,-0.041544107936170235,0.00014854942561106263,,,,-0.3059561881258574
FAC_rank_vol_m12_n6_pairwise1,2020-02-28,242,0.13879895411883258,0.11303652966939592,0.8732115987335441,,-0.7731634142197121,0.192949469993076,-2.3168605726544858,-0.015350802356389798,-0.023122272518048517,2.154467309549072e-05,,,,-0.4605755496096038
FAC_rank_vol_m12_n6_pairwise1,2020-03-31,250,0.0960036401904657,0.06985498515465272,0.8049020884851676,,-0.02539199317353847,0.0914736510125228,-1.4430665957850806,-0.0013146277058886382,-0.008473807713669422,-0.00044491356246792967,,,,-0.3702017621274428
FAC_rank_vol_m12_n6_pairwise1,2020-04-30,253,0.199100320483641,0.17621747249745934,0.5923922998020106,,1.4770699799541611,0.0029213528307006262,-2.8365587459501627,0.0005448634938186382,-0.008356937213857793,-0.00040644578127314743,,,,-0.219193570133099
FAC_rank_vol_m12_n6_pairwise1,2020-05-29,253,0.1062491637959534,0.08071342561869499,0.4254419914784156,,-0.23889020118035845,-0.2177898893319494,1.4131967312860974,0.004853944361123671,-0.00480049847131672,-0.0004211663386552452,,,,-0.050895068654502995
FAC_rank_vol_m12_n6_pairwise1,2020-06-30,257,0.15996761199413645,0.13635224365662224,0.6394226550576069,,-0.11166527460428013,-0.2703307133346052,1.4966823033135703,0.0011771417541325388,0.0006019517551994686,-0.000459199965022411,,,,-0.32607552190950256
FAC_rank_vol_m12_n6_pairwise1,2020-07-31,260,0.20274956660924714,0.18060372123728186,0.2651446130375525,,0.89664896357462,-0.16286779546310626,0.99532257535253,0.016825117521050818,-0.0003379784919773376,-0.0003453664361716061,,,,-0.21414491419474002
FAC_rank_vol_m12_n6_pairwise1,2020-08-31,274,0.11001726686434765,0.08659666862393578,0.0390898060792128,,0.3475354140826538,-0.1209664695595133,2.3805113036663887,0.00472659969794464,0.009553780649184744,-0.00030275305936261645,,,,0.002315460789621221
FAC_rank_vol_m12_n6_pairwise1,2020-09-30,285,0.12738103175528626,0.105329288875456,0.26712166582780617,,1.1239980389494537,-0.000641465600173162,-0.7973656401198095,-0.004885070459986246,-0.0004004626308680114,-0.0001481890644458235,,,,-0.03615663672965239
FAC_rank_vol_m12_n6_pairwise1,2020-10-30,286,0.23038955135032468,0.21101087098864224,0.06907168939410793,,1.381249352619587,-0.02704523537327687,0.3900691278146102,0.00029342479953205105,-0.0020169365237963127,-9.285013092517486e-05,,,,0.03932462238997478
FAC_rank_vol_m12_n6_pairwise1,2020-11-30,294,0.24390007352440912,0.22539413126801355,0.1385049444467404,,-0.773412539229239,0.15034023818861772,0.014392339633331494,-0.0003574106069085336,-0.002073214842483317,-0.00010761256912663202,,,,-0.03842502290193053
FAC_rank_vol_m12_n6_pairwise1,2020-12-31,307,0.11069437892605194,0.0898745148875314,0.026461556934664524,,0.2434510977094275,0.017903857503047613,0.6585305136111695,-0.009897553539441864,-0.010886138484451668,-8.823744240191334e-05,,,,0.022038024871965704
FAC_rank_vol_m12_n6_pairwise1,2021-01-29,307,0.16924162602213855,0.14979243332031578,-0.2648998179376502,,-0.4408313637867518,-0.11611127771673654,3.271299941723707,-0.025951637869004885,-0.00796693253374374,3.338809325178427e-05,,,,0.21995621157937734
FAC_rank_vol_m12_n6_pairwise1,2021-02-26,322,0.2352396038198319,0.21819080517887268,-0.32084238962679795,,-0.7782385798523052,-0.1867165854248615,3.9206607935778073,-0.045685907967048224,-0.02507554331617748,0.000323654406468045,,,,0.291595165167692
FAC_rank_vol_m12_n6_pairwise1,2021-03-31,321,0.2672134178703667,0.25082521954797876,-0.2604422168718468,,-0.980111186757822,-0.10349842460961316,3.80250769218189,-0.039274977231348686,-0.028688464892183737,0.00024927384516185554,,,,0.1690435066877877
FAC_rank_vol_m12_n6_pairwise1,2021-04-30,328,0.08961013438287435,0.06969535607249977,-0.20462187663573603,,-0.45202176890519874,-0.12428409040161821,2.882917246779426,-0.031036436959744947,-0.04047523170499322,0.00036251960226235105,,,,0.22228358352020094
FAC_rank_vol_m12_n6_pairwise1,2021-05-31,334,0.23999988450643694,0.22368086362160577,0.10043421707702134,,2.4306587673431626,-0.10930012430598539,-0.9088654075348656,-0.018018576826260013,-0.05482352236962194,0.000489664497846152,,,,-0.015167707298947623
FAC_rank_vol_m12_n6_pairwise1,2021-06-30,342,0.1946462585968579,0.17776758736984588,0.12375556349697377,,1.1249371952869587,0.0885302025731874,-2.7188373681683484,0.0026963242983164652,-0.03464299224529823,0.0004218640120784823,,,,0.0034836479387909723
FAC_rank_vol_m12_n6_pairwise1,2021-07-30,349,0.16232117287990566,0.14512541983051952,0.023779213092132493,,-0.02420508430203615,0.05936894258408494,-2.5075600405151737,0.001571493340487578,-0.01966514604085416,0.0002478541050380351,,,,0.04903136937657208
FAC_rank_vol_m12_n6_pairwise1,2021-08-31,370,0.16557271002223117,0.14943737568564452,0.0602919531663086,,0.06983449466298976,-0.07378149395934105,-1.1328996099812243,-0.003211528803402895,-0.0036089455822305066,4.8098706271595636e-05,,,,-0.07889933408047947
FAC_rank_vol_m12_n6_pairwise1,2021-09-30,377,0.2950444222809,0.2816712812401583,-0.0016679041171488217,,0.3089373726485031,0.1054820659376648,-2.2167167329558257,0.000656606358373084,-0.012826381951974882,0.0001305959841889924,,,,-0.039597748151717876
FAC_rank_vol_m12_n6_pairwise1,2021-10-29,381,0.35664296996003086,0.34456924553568835,-0.04235678729077668,,-0.7680920491484259,0.042307244606002284,-1.9571323965421268,0.008552524212983845,-0.007799433696855927,0.00011155842476102666,,,,-0.07343053088285119
FAC_rank_vol_m12_n6_pairwise1,2021-11-30,397,0.3484196971625886,0.3366946017387792,0.020201366814967068,,-0.6749595166150025,-0.03592844476268862,-1.692563071517428,-0.007876025960475822,-0.012618184417749916,0.00014724098211066255,,,,-0.1069525042138212
FAC_rank_vol_m12_n6_pairwise1,2021-12-31,389,0.051631382328045206,0.03420728699024023,-0.11881955697532808,,0.3535106022445994,0.025442835034630164,0.10258885565154206,-0.004792819638277774,-0.003277340455186718,3.077855765119224e-05,,,,0.023743311809562937
FAC_rank_vol_m12_n6_pairwise1,2022-01-28,403,0.14373603842365668,0.12856174037040513,-0.13780299171491245,,-0.11619043372415204,0.118067694038442,0.6282114060580828,0.0009597163311534121,-0.0001113370200275553,1.854894405568441e-05,,,,0.0626703913616745
FAC_rank_vol_m12_n6_pairwise1,2022-02-28,429,0.03613146909627041,0.020105151480293904,0.004450748986192647,,0.20835307365545586,0.03368785440548614,-0.5570386679139661,0.0015517377497034444,0.0021453783528390625,-3.347659306296289e-05,,,,-0.06175067558454184
FAC_rank_vol_m12_n6_pairwise1,2022-03-31,417,0.09268811349465933,0.07715954819994697,-0.036661070236531604,,-0.48084349031671747,0.04604613707952616,-0.48340180895586254,0.0061407609667668344,0.00387959061693164,-4.2601061927995644e-05,,,,-0.036588524999432555
FAC_rank_vol_m12_n6_pairwise1,2022-04-29,426,0.4748595322287402,0.46606531386893435,-0.261338846895182,,-1.3208838664481841,0.10853643399773195,0.6835219771762879,0.00450239928641743,-0.004039793807344813,3.378159117437958e-06,,,,0.1680455771724781
FAC_rank_vol_m12_n6_pairwise1,2022-05-31,458,0.09849087957096347,0.08446740436428957,0.012171908358064133,,0.20798337991510904,0.14132907744868295,0.04921942229688918,-0.007637502182587225,-0.019026369050415562,0.0001008141687090282,,,,-0.007999583669609567
FAC_rank_vol_m12_n6_pairwise1,2022-06-30,475,0.19670373206894565,0.1846628886524202,0.01560335917158707,,-0.5069108672799061,0.07994441184076881,-0.5370906086986165,1.3906722131423329e-05,-0.011636161574123926,5.097285129497603e-05,,,,-0.03583670124537007
