ret_col,date,sort_col,economic_group,group_label,sort_mean,portfolio_ret,n_funds
future_ret_6m,2007-09-28 00:00:00,FAC_rank_vol_m3_n6_pairwise1,1,Low,0.675777166065089,,1
future_ret_6m,2007-09-28 00:00:00,FAC_rank_vol_m3_n6_pairwise1,2,Q2,0.8611340698498231,,2
future_ret_6m,2007-09-28 00:00:00,FAC_rank_vol_m3_n6_pairwise1,3,Q3,,,0
future_ret_6m,2007-09-28 00:00:00,FAC_rank_vol_m3_n6_pairwise1,4,Q4,0.8950272237837045,,1
future_ret_6m,2007-09-28 00:00:00,FAC_rank_vol_m3_n6_pairwise1,5,High,0.9947513611891853,,1
future_ret_6m,2007-12-28 00:00:00,FAC_rank_vol_m3_n6_pairwise1,1,Low,0.8102579074711848,,2
future_ret_6m,2007-12-28 00:00:00,FAC_rank_vol_m3_n6_pairwise1,2,Q2,0.8927515313409717,,1
future_ret_6m,2007-12-28 00:00:00,FAC_rank_vol_m3_n6_pairwise1,3,Q3,0.9086755566972918,,1
future_ret_6m,2007-12-28 00:00:00,FAC_rank_vol_m3_n6_pairwise1,4,Q4,0.9175635771244237,,1
future_ret_6m,2007-12-28 00:00:00,FAC_rank_vol_m3_n6_pairwise1,5,High,0.9918091655987519,,1
future_ret_6m,2008-03-31 00:00:00,FAC_rank_vol_m3_n6_pairwise1,1,Low,0.7587388702279788,,2
future_ret_6m,2008-03-31 00:00:00,FAC_rank_vol_m3_n6_pairwise1,2,Q2,0.8410101330971758,,1
future_ret_6m,2008-03-31 00:00:00,FAC_rank_vol_m3_n6_pairwise1,3,Q3,0.8612222667022578,,1
future_ret_6m,2008-03-31 00:00:00,FAC_rank_vol_m3_n6_pairwise1,4,Q4,0.8981649845565369,,2
future_ret_6m,2008-03-31 00:00:00,FAC_rank_vol_m3_n6_pairwise1,5,High,0.9653055666755644,,1
future_ret_6m,2008-06-30 00:00:00,FAC_rank_vol_m3_n6_pairwise1,1,Low,0.6951214710460899,,2
future_ret_6m,2008-06-30 00:00:00,FAC_rank_vol_m3_n6_pairwise1,2,Q2,0.8007850769557376,,2
future_ret_6m,2008-06-30 00:00:00,FAC_rank_vol_m3_n6_pairwise1,3,Q3,0.8602570104329467,,2
future_ret_6m,2008-06-30 00:00:00,FAC_rank_vol_m3_n6_pairwise1,4,Q4,0.9323476299507458,,2
future_ret_6m,2008-06-30 00:00:00,FAC_rank_vol_m3_n6_pairwise1,5,High,0.9635417012826402,,2
future_ret_6m,2008-09-26 00:00:00,FAC_rank_vol_m3_n6_pairwise1,1,Low,0.7634683200312656,,3
future_ret_6m,2008-09-26 00:00:00,FAC_rank_vol_m3_n6_pairwise1,2,Q2,0.8611784812435176,,2
future_ret_6m,2008-09-26 00:00:00,FAC_rank_vol_m3_n6_pairwise1,3,Q3,0.9191759311898003,,3
future_ret_6m,2008-09-26 00:00:00,FAC_rank_vol_m3_n6_pairwise1,4,Q4,0.9430383154366647,,2
future_ret_6m,2008-09-26 00:00:00,FAC_rank_vol_m3_n6_pairwise1,5,High,0.9699540175705589,,3
future_ret_6m,2008-12-31 00:00:00,FAC_rank_vol_m3_n6_pairwise1,1,Low,0.7872388969235168,,4
future_ret_6m,2008-12-31 00:00:00,FAC_rank_vol_m3_n6_pairwise1,2,Q2,0.8861743335340938,,3
future_ret_6m,2008-12-31 00:00:00,FAC_rank_vol_m3_n6_pairwise1,3,Q3,0.9242669024119388,,3
future_ret_6m,2008-12-31 00:00:00,FAC_rank_vol_m3_n6_pairwise1,4,Q4,0.9445267095943484,,3
future_ret_6m,2008-12-31 00:00:00,FAC_rank_vol_m3_n6_pairwise1,5,High,0.9894333468278915,,4
future_ret_6m,2009-03-31 00:00:00,FAC_rank_vol_m3_n6_pairwise1,1,Low,0.6771694996905652,,4
future_ret_6m,2009-03-31 00:00:00,FAC_rank_vol_m3_n6_pairwise1,2,Q2,0.8010414689358321,,3
future_ret_6m,2009-03-31 00:00:00,FAC_rank_vol_m3_n6_pairwise1,3,Q3,0.8994204945487935,,3
future_ret_6m,2009-03-31 00:00:00,FAC_rank_vol_m3_n6_pairwise1,4,Q4,0.9309919708324449,,3
future_ret_6m,2009-03-31 00:00:00,FAC_rank_vol_m3_n6_pairwise1,5,High,0.9440633482647022,,3
future_ret_6m,2009-06-30 00:00:00,FAC_rank_vol_m3_n6_pairwise1,1,Low,0.7680894506822671,,4
future_ret_6m,2009-06-30 00:00:00,FAC_rank_vol_m3_n6_pairwise1,2,Q2,0.8608260056763981,,4
future_ret_6m,2009-06-30 00:00:00,FAC_rank_vol_m3_n6_pairwise1,3,Q3,0.908178448450529,,4
future_ret_6m,2009-06-30 00:00:00,FAC_rank_vol_m3_n6_pairwise1,4,Q4,0.9348956013880614,,4
future_ret_6m,2009-06-30 00:00:00,FAC_rank_vol_m3_n6_pairwise1,5,High,0.9641274420710106,,4
future_ret_6m,2009-09-30 00:00:00,FAC_rank_vol_m3_n6_pairwise1,1,Low,0.7332556186161395,0.14897593557371863,5
future_ret_6m,2009-09-30 00:00:00,FAC_rank_vol_m3_n6_pairwise1,2,Q2,0.8504842459000151,,4
future_ret_6m,2009-09-30 00:00:00,FAC_rank_vol_m3_n6_pairwise1,3,Q3,0.8850122590190177,0.12232732782016412,5
future_ret_6m,2009-09-30 00:00:00,FAC_rank_vol_m3_n6_pairwise1,4,Q4,0.9178017494450101,,4
future_ret_6m,2009-09-30 00:00:00,FAC_rank_vol_m3_n6_pairwise1,5,High,0.9731309175449319,0.12013786312311096,5
future_ret_6m,2009-12-31 00:00:00,FAC_rank_vol_m3_n6_pairwise1,1,Low,0.7009717707359208,-0.2045051242682802,6
future_ret_6m,2009-12-31 00:00:00,FAC_rank_vol_m3_n6_pairwise1,2,Q2,0.8311790001501356,-0.20795033157347062,6
future_ret_6m,2009-12-31 00:00:00,FAC_rank_vol_m3_n6_pairwise1,3,Q3,0.9096194370592746,-0.19231631485808023,5
future_ret_6m,2009-12-31 00:00:00,FAC_rank_vol_m3_n6_pairwise1,4,Q4,0.9385025385757038,-0.17935457645833244,6
future_ret_6m,2009-12-31 00:00:00,FAC_rank_vol_m3_n6_pairwise1,5,High,0.9840112169156937,-0.16997833162687628,6
future_ret_6m,2010-03-31 00:00:00,FAC_rank_vol_m3_n6_pairwise1,1,Low,0.7726741137868265,-0.00031817340242760544,6
future_ret_6m,2010-03-31 00:00:00,FAC_rank_vol_m3_n6_pairwise1,2,Q2,0.842649005025089,0.03585643485943172,6
future_ret_6m,2010-03-31 00:00:00,FAC_rank_vol_m3_n6_pairwise1,3,Q3,0.8894767921278767,0.06694689478861875,6
future_ret_6m,2010-03-31 00:00:00,FAC_rank_vol_m3_n6_pairwise1,4,Q4,0.9214241052624578,-0.006770066740629355,6
future_ret_6m,2010-03-31 00:00:00,FAC_rank_vol_m3_n6_pairwise1,5,High,0.96061792710303,-0.0024660877215858155,6
future_ret_6m,2010-06-30 00:00:00,FAC_rank_vol_m3_n6_pairwise1,1,Low,0.8275868976913321,0.25045156166511295,6
future_ret_6m,2010-06-30 00:00:00,FAC_rank_vol_m3_n6_pairwise1,2,Q2,0.8915831030559968,0.24751676871692094,5
future_ret_6m,2010-06-30 00:00:00,FAC_rank_vol_m3_n6_pairwise1,3,Q3,0.9153025194113972,0.3062403517927682,6
future_ret_6m,2010-06-30 00:00:00,FAC_rank_vol_m3_n6_pairwise1,4,Q4,0.9589452324627347,0.3007085967723139,5
future_ret_6m,2010-06-30 00:00:00,FAC_rank_vol_m3_n6_pairwise1,5,High,0.9935538414535271,0.289661124471806,6
future_ret_6m,2010-09-30 00:00:00,FAC_rank_vol_m3_n6_pairwise1,1,Low,0.857804667484373,0.02139146820128333,6
future_ret_6m,2010-09-30 00:00:00,FAC_rank_vol_m3_n6_pairwise1,2,Q2,0.9283006877546703,0.006503019783607992,6
future_ret_6m,2010-09-30 00:00:00,FAC_rank_vol_m3_n6_pairwise1,3,Q3,0.95528407288242,0.01978975505347384,6
future_ret_6m,2010-09-30 00:00:00,FAC_rank_vol_m3_n6_pairwise1,4,Q4,0.9768434452623672,0.03368529698942916,6
future_ret_6m,2010-09-30 00:00:00,FAC_rank_vol_m3_n6_pairwise1,5,High,0.9897785268730864,0.006762396026807949,6
future_ret_6m,2010-12-31 00:00:00,FAC_rank_vol_m3_n6_pairwise1,1,Low,0.75954510381821,-0.09483898372984972,6
future_ret_6m,2010-12-31 00:00:00,FAC_rank_vol_m3_n6_pairwise1,2,Q2,0.8380022002070996,-0.08786237507930629,6
future_ret_6m,2010-12-31 00:00:00,FAC_rank_vol_m3_n6_pairwise1,3,Q3,0.8771897699075627,-0.061732859219680226,6
future_ret_6m,2010-12-31 00:00:00,FAC_rank_vol_m3_n6_pairwise1,4,Q4,0.9470791963291192,-0.09518842932938437,6
future_ret_6m,2010-12-31 00:00:00,FAC_rank_vol_m3_n6_pairwise1,5,High,0.975058044563847,-0.06908780413276523,6
future_ret_6m,2011-03-31 00:00:00,FAC_rank_vol_m3_n6_pairwise1,1,Low,0.7784459448860405,-0.13870331873872396,7
future_ret_6m,2011-03-31 00:00:00,FAC_rank_vol_m3_n6_pairwise1,2,Q2,0.875187680544191,-0.16483685103946938,6
future_ret_6m,2011-03-31 00:00:00,FAC_rank_vol_m3_n6_pairwise1,3,Q3,0.9173931588251362,-0.14797066522679733,6
future_ret_6m,2011-03-31 00:00:00,FAC_rank_vol_m3_n6_pairwise1,4,Q4,0.9575506105479491,-0.13955101597345584,6
future_ret_6m,2011-03-31 00:00:00,FAC_rank_vol_m3_n6_pairwise1,5,High,0.9783689590893373,-0.16536129659561,6
future_ret_6m,2011-06-30 00:00:00,FAC_rank_vol_m3_n6_pairwise1,1,Low,0.7703250449025401,-0.18166292827538708,7
future_ret_6m,2011-06-30 00:00:00,FAC_rank_vol_m3_n6_pairwise1,2,Q2,0.8850799591078432,-0.1721143470926567,7
future_ret_6m,2011-06-30 00:00:00,FAC_rank_vol_m3_n6_pairwise1,3,Q3,0.9176385708113348,-0.18198668236908108,6
future_ret_6m,2011-06-30 00:00:00,FAC_rank_vol_m3_n6_pairwise1,4,Q4,0.9497200197643924,-0.18709789123725157,7
future_ret_6m,2011-06-30 00:00:00,FAC_rank_vol_m3_n6_pairwise1,5,High,0.9744903010380226,-0.19781845131913772,7
future_ret_6m,2011-09-30 00:00:00,FAC_rank_vol_m3_n6_pairwise1,1,Low,0.733692837000997,-0.06454417702233498,8
future_ret_6m,2011-09-30 00:00:00,FAC_rank_vol_m3_n6_pairwise1,2,Q2,0.8455187278381403,-0.07238559894244445,7
future_ret_6m,2011-09-30 00:00:00,FAC_rank_vol_m3_n6_pairwise1,3,Q3,0.8925913261474624,-0.04992723826908226,7
future_ret_6m,2011-09-30 00:00:00,FAC_rank_vol_m3_n6_pairwise1,4,Q4,0.9264656912052757,-0.060322813313331176,7
future_ret_6m,2011-09-30 00:00:00,FAC_rank_vol_m3_n6_pairwise1,5,High,0.972565610739455,-0.05856694347722176,8
future_ret_6m,2011-12-30 00:00:00,FAC_rank_vol_m3_n6_pairwise1,1,Low,0.7509649120883521,0.03771787463258086,8
future_ret_6m,2011-12-30 00:00:00,FAC_rank_vol_m3_n6_pairwise1,2,Q2,0.8431282894192927,0.04620395019652292,8
future_ret_6m,2011-12-30 00:00:00,FAC_rank_vol_m3_n6_pairwise1,3,Q3,0.9124119807503197,0.03630355992315293,7
future_ret_6m,2011-12-30 00:00:00,FAC_rank_vol_m3_n6_pairwise1,4,Q4,0.9531476020865087,0.05324934880117067,8
future_ret_6m,2011-12-30 00:00:00,FAC_rank_vol_m3_n6_pairwise1,5,High,0.978053834002016,0.056005519504101764,8
future_ret_6m,2012-03-30 00:00:00,FAC_rank_vol_m3_n6_pairwise1,1,Low,0.8717552570945091,0.037776407120933636,8
future_ret_6m,2012-03-30 00:00:00,FAC_rank_vol_m3_n6_pairwise1,2,Q2,0.914503195594171,-0.01659302051714097,8
future_ret_6m,2012-03-30 00:00:00,FAC_rank_vol_m3_n6_pairwise1,3,Q3,0.9462170289842879,-0.004669184910158705,8
future_ret_6m,2012-03-30 00:00:00,FAC_rank_vol_m3_n6_pairwise1,4,Q4,0.9613503821744579,0.011452684828243312,8
future_ret_6m,2012-03-30 00:00:00,FAC_rank_vol_m3_n6_pairwise1,5,High,0.9884390093600491,-0.025221505659244095,8
future_ret_6m,2012-06-29 00:00:00,FAC_rank_vol_m3_n6_pairwise1,1,Low,0.6646847695679421,0.0298505729785027,9
future_ret_6m,2012-06-29 00:00:00,FAC_rank_vol_m3_n6_pairwise1,2,Q2,0.8021123604343546,0.023002182752742992,9
future_ret_6m,2012-06-29 00:00:00,FAC_rank_vol_m3_n6_pairwise1,3,Q3,0.8663382425432202,0.01637712165231256,8
future_ret_6m,2012-06-29 00:00:00,FAC_rank_vol_m3_n6_pairwise1,4,Q4,0.9287993091262846,0.005363277007478974,9
future_ret_6m,2012-06-29 00:00:00,FAC_rank_vol_m3_n6_pairwise1,5,High,0.9713537142970848,0.030870812915929968,9
future_ret_6m,2012-09-28 00:00:00,FAC_rank_vol_m3_n6_pairwise1,1,Low,0.8506300353589822,0.1175608113793933,11
future_ret_6m,2012-09-28 00:00:00,FAC_rank_vol_m3_n6_pairwise1,2,Q2,0.925208505726012,0.12194828511258907,10
future_ret_6m,2012-09-28 00:00:00,FAC_rank_vol_m3_n6_pairwise1,3,Q3,0.9510305587155674,0.09358309996358057,10
future_ret_6m,2012-09-28 00:00:00,FAC_rank_vol_m3_n6_pairwise1,4,Q4,0.9668208900373383,0.13055683913936053,10
future_ret_6m,2012-09-28 00:00:00,FAC_rank_vol_m3_n6_pairwise1,5,High,0.984768992492405,0.1414242596899483,11
future_ret_6m,2012-12-31 00:00:00,FAC_rank_vol_m3_n6_pairwise1,1,Low,0.67650406424052,0.013412822689870466,12
future_ret_6m,2012-12-31 00:00:00,FAC_rank_vol_m3_n6_pairwise1,2,Q2,0.8098338231271535,0.08179177731247841,12
future_ret_6m,2012-12-31 00:00:00,FAC_rank_vol_m3_n6_pairwise1,3,Q3,0.862163003578792,0.12932686463052712,11
future_ret_6m,2012-12-31 00:00:00,FAC_rank_vol_m3_n6_pairwise1,4,Q4,0.913754977512584,0.08476823851148611,12
future_ret_6m,2012-12-31 00:00:00,FAC_rank_vol_m3_n6_pairwise1,5,High,0.9577257097127836,0.12939685892734157,12
future_ret_6m,2013-03-29 00:00:00,FAC_rank_vol_m3_n6_pairwise1,1,Low,0.7317697102806121,0.1376570502947761,13
future_ret_6m,2013-03-29 00:00:00,FAC_rank_vol_m3_n6_pairwise1,2,Q2,0.8632289005881991,0.0825260185951008,12
future_ret_6m,2013-03-29 00:00:00,FAC_rank_vol_m3_n6_pairwise1,3,Q3,0.9008801827317097,0.19164539350774876,12
future_ret_6m,2013-03-29 00:00:00,FAC_rank_vol_m3_n6_pairwise1,4,Q4,0.9427432263240575,0.15347874001905423,12
future_ret_6m,2013-03-29 00:00:00,FAC_rank_vol_m3_n6_pairwise1,5,High,0.9742903314114018,0.1800389427624844,13
future_ret_6m,2013-06-28 00:00:00,FAC_rank_vol_m3_n6_pairwise1,1,Low,0.7458823586888463,0.15450337284643695,13
future_ret_6m,2013-06-28 00:00:00,FAC_rank_vol_m3_n6_pairwise1,2,Q2,0.8645130158761432,0.1028514397355383,12
future_ret_6m,2013-06-28 00:00:00,FAC_rank_vol_m3_n6_pairwise1,3,Q3,0.9095923097119809,0.09791221831156134,12
future_ret_6m,2013-06-28 00:00:00,FAC_rank_vol_m3_n6_pairwise1,4,Q4,0.9544146766962814,0.10263717883952637,12
future_ret_6m,2013-06-28 00:00:00,FAC_rank_vol_m3_n6_pairwise1,5,High,0.986893075362673,0.12429504649549343,13
future_ret_6m,2013-09-30 00:00:00,FAC_rank_vol_m3_n6_pairwise1,1,Low,0.8461380272627529,-0.10131502425485404,14
future_ret_6m,2013-09-30 00:00:00,FAC_rank_vol_m3_n6_pairwise1,2,Q2,0.9172881096021623,-0.09418110297494783,13
future_ret_6m,2013-09-30 00:00:00,FAC_rank_vol_m3_n6_pairwise1,3,Q3,0.9457289571735497,-0.07231900775861003,13
future_ret_6m,2013-09-30 00:00:00,FAC_rank_vol_m3_n6_pairwise1,4,Q4,0.9646914477100395,-0.05419274188253393,13
future_ret_6m,2013-09-30 00:00:00,FAC_rank_vol_m3_n6_pairwise1,5,High,0.9840820624727238,-0.0919629442807423,14
future_ret_6m,2013-12-31 00:00:00,FAC_rank_vol_m3_n6_pairwise1,1,Low,0.7836037813631412,0.05352499466015238,15
future_ret_6m,2013-12-31 00:00:00,FAC_rank_vol_m3_n6_pairwise1,2,Q2,0.8742651711987763,-0.008340497432144243,14
future_ret_6m,2013-12-31 00:00:00,FAC_rank_vol_m3_n6_pairwise1,3,Q3,0.923436938058545,0.009810817061505075,14
future_ret_6m,2013-12-31 00:00:00,FAC_rank_vol_m3_n6_pairwise1,4,Q4,0.9539965642116843,-0.020529147821498585,14
future_ret_6m,2013-12-31 00:00:00,FAC_rank_vol_m3_n6_pairwise1,5,High,0.979924127217452,-0.007613757826499116,14
future_ret_6m,2014-03-31 00:00:00,FAC_rank_vol_m3_n6_pairwise1,1,Low,0.7351096565179867,0.16713382876654417,13
future_ret_6m,2014-03-31 00:00:00,FAC_rank_vol_m3_n6_pairwise1,2,Q2,0.8645241805358878,0.1611676878485591,13
future_ret_6m,2014-03-31 00:00:00,FAC_rank_vol_m3_n6_pairwise1,3,Q3,0.9081846789868279,0.21300995597620323,12
future_ret_6m,2014-03-31 00:00:00,FAC_rank_vol_m3_n6_pairwise1,4,Q4,0.9497001771634032,0.18998164617484495,13
future_ret_6m,2014-03-31 00:00:00,FAC_rank_vol_m3_n6_pairwise1,5,High,0.9742178869903898,0.23834911343700155,13
future_ret_6m,2014-06-30 00:00:00,FAC_rank_vol_m3_n6_pairwise1,1,Low,0.827899498934512,0.2430180944783445,13
future_ret_6m,2014-06-30 00:00:00,FAC_rank_vol_m3_n6_pairwise1,2,Q2,0.895561572038068,0.22454185458811815,12
future_ret_6m,2014-06-30 00:00:00,FAC_rank_vol_m3_n6_pairwise1,3,Q3,0.9209264682149169,0.25128876893578567,12
future_ret_6m,2014-06-30 00:00:00,FAC_rank_vol_m3_n6_pairwise1,4,Q4,0.9629695338298885,0.2799979626171845,12
future_ret_6m,2014-06-30 00:00:00,FAC_rank_vol_m3_n6_pairwise1,5,High,0.9886560561336609,0.26463527697408246,13
future_ret_6m,2014-09-30 00:00:00,FAC_rank_vol_m3_n6_pairwise1,1,Low,0.7427415785584017,0.5251653105012026,12
future_ret_6m,2014-09-30 00:00:00,FAC_rank_vol_m3_n6_pairwise1,2,Q2,0.8464947046331796,0.5287277135837262,12
future_ret_6m,2014-09-30 00:00:00,FAC_rank_vol_m3_n6_pairwise1,3,Q3,0.8960881813902427,0.5062188697043974,12
future_ret_6m,2014-09-30 00:00:00,FAC_rank_vol_m3_n6_pairwise1,4,Q4,0.9419788584702267,0.42463092522568147,12
future_ret_6m,2014-09-30 00:00:00,FAC_rank_vol_m3_n6_pairwise1,5,High,0.9789096453831704,0.49813228766174183,12
future_ret_6m,2014-12-31 00:00:00,FAC_rank_vol_m3_n6_pairwise1,1,Low,0.6752288543932571,0.7751192503322931,12
future_ret_6m,2014-12-31 00:00:00,FAC_rank_vol_m3_n6_pairwise1,2,Q2,0.7729601471121635,0.5271250960883029,11
future_ret_6m,2014-12-31 00:00:00,FAC_rank_vol_m3_n6_pairwise1,3,Q3,0.8263626659132343,0.59233346223405,12
future_ret_6m,2014-12-31 00:00:00,FAC_rank_vol_m3_n6_pairwise1,4,Q4,0.8761625422896565,0.5542488292035199,11
future_ret_6m,2014-12-31 00:00:00,FAC_rank_vol_m3_n6_pairwise1,5,High,0.9537207218011005,0.5567524453721364,12
future_ret_6m,2015-03-31 00:00:00,FAC_rank_vol_m3_n6_pairwise1,1,Low,0.8409544796783234,-0.14709518788668827,12
future_ret_6m,2015-03-31 00:00:00,FAC_rank_vol_m3_n6_pairwise1,2,Q2,0.9045825609085599,-0.09959616174083513,11
future_ret_6m,2015-03-31 00:00:00,FAC_rank_vol_m3_n6_pairwise1,3,Q3,0.9319229775385374,-0.12326026494924376,12
future_ret_6m,2015-03-31 00:00:00,FAC_rank_vol_m3_n6_pairwise1,4,Q4,0.9624718498235905,-0.09567425306705651,11
future_ret_6m,2015-03-31 00:00:00,FAC_rank_vol_m3_n6_pairwise1,5,High,0.9849977253447486,-0.15551305542624635,12
future_ret_6m,2015-06-30 00:00:00,FAC_rank_vol_m3_n6_pairwise1,1,Low,0.7381738249197409,-0.004871044108021083,9
future_ret_6m,2015-06-30 00:00:00,FAC_rank_vol_m3_n6_pairwise1,2,Q2,0.8410360027737125,-0.08392380573719145,8
future_ret_6m,2015-06-30 00:00:00,FAC_rank_vol_m3_n6_pairwise1,3,Q3,0.8816384266166141,-0.005007610691147926,8
future_ret_6m,2015-06-30 00:00:00,FAC_rank_vol_m3_n6_pairwise1,4,Q4,0.9183945248869809,-0.028952199440126863,8
future_ret_6m,2015-06-30 00:00:00,FAC_rank_vol_m3_n6_pairwise1,5,High,0.9667741840213573,-0.09899243160528369,9
future_ret_6m,2015-09-30 00:00:00,FAC_rank_vol_m3_n6_pairwise1,1,Low,0.7091670728010355,0.09719872820169607,8
future_ret_6m,2015-09-30 00:00:00,FAC_rank_vol_m3_n6_pairwise1,2,Q2,0.8389853312984628,0.07752926775401126,8
future_ret_6m,2015-09-30 00:00:00,FAC_rank_vol_m3_n6_pairwise1,3,Q3,0.8873330465793144,0.0994908348965399,8
future_ret_6m,2015-09-30 00:00:00,FAC_rank_vol_m3_n6_pairwise1,4,Q4,0.9334511657762887,0.08767194387226739,8
future_ret_6m,2015-09-30 00:00:00,FAC_rank_vol_m3_n6_pairwise1,5,High,0.9766287504756985,0.1066151184004221,8
future_ret_6m,2015-12-31 00:00:00,FAC_rank_vol_m3_n6_pairwise1,1,Low,0.7641549828731149,-0.12635424723682553,9
future_ret_6m,2015-12-31 00:00:00,FAC_rank_vol_m3_n6_pairwise1,2,Q2,0.8548246391893315,-0.09843472355821908,9
future_ret_6m,2015-12-31 00:00:00,FAC_rank_vol_m3_n6_pairwise1,3,Q3,0.9065967629169536,-0.11357356674409942,8
future_ret_6m,2015-12-31 00:00:00,FAC_rank_vol_m3_n6_pairwise1,4,Q4,0.938964647488,-0.10026875668286132,9
future_ret_6m,2015-12-31 00:00:00,FAC_rank_vol_m3_n6_pairwise1,5,High,0.981040332507058,-0.09396987341625922,9
future_ret_6m,2016-03-31 00:00:00,FAC_rank_vol_m3_n6_pairwise1,1,Low,0.75586045873162,0.051980320013383007,10
future_ret_6m,2016-03-31 00:00:00,FAC_rank_vol_m3_n6_pairwise1,2,Q2,0.8496377993798316,0.06033915960030711,9
future_ret_6m,2016-03-31 00:00:00,FAC_rank_vol_m3_n6_pairwise1,3,Q3,0.8917717559937832,0.07593722741709685,9
future_ret_6m,2016-03-31 00:00:00,FAC_rank_vol_m3_n6_pairwise1,4,Q4,0.919149500054039,0.03788946902184995,9
future_ret_6m,2016-03-31 00:00:00,FAC_rank_vol_m3_n6_pairwise1,5,High,0.9651467910313963,0.03312482830236455,10
future_ret_6m,2016-06-30 00:00:00,FAC_rank_vol_m3_n6_pairwise1,1,Low,0.7846329194187553,-0.03000184931473179,11
future_ret_6m,2016-06-30 00:00:00,FAC_rank_vol_m3_n6_pairwise1,2,Q2,0.86993661428323,0.025291400457904477,10
future_ret_6m,2016-06-30 00:00:00,FAC_rank_vol_m3_n6_pairwise1,3,Q3,0.9115628903681806,0.03402822344434013,10
future_ret_6m,2016-06-30 00:00:00,FAC_rank_vol_m3_n6_pairwise1,4,Q4,0.9443573049777934,0.02780950546304788,10
future_ret_6m,2016-06-30 00:00:00,FAC_rank_vol_m3_n6_pairwise1,5,High,0.98261930057259,0.024820326358281686,10
future_ret_6m,2016-09-30 00:00:00,FAC_rank_vol_m3_n6_pairwise1,1,Low,0.7613255790999076,0.014085553585949031,13
future_ret_6m,2016-09-30 00:00:00,FAC_rank_vol_m3_n6_pairwise1,2,Q2,0.8616981442221259,-0.00034361812837422717,12
future_ret_6m,2016-09-30 00:00:00,FAC_rank_vol_m3_n6_pairwise1,3,Q3,0.8962196375052466,0.031439398605793895,12
future_ret_6m,2016-09-30 00:00:00,FAC_rank_vol_m3_n6_pairwise1,4,Q4,0.9304745993286176,0.02492532091034581,12
future_ret_6m,2016-09-30 00:00:00,FAC_rank_vol_m3_n6_pairwise1,5,High,0.9678118653378742,0.03549167787666117,13
future_ret_6m,2016-12-30 00:00:00,FAC_rank_vol_m3_n6_pairwise1,1,Low,0.7855336609871137,0.05766502782864147,18
future_ret_6m,2016-12-30 00:00:00,FAC_rank_vol_m3_n6_pairwise1,2,Q2,0.8650036866753227,0.09522808686105917,17
future_ret_6m,2016-12-30 00:00:00,FAC_rank_vol_m3_n6_pairwise1,3,Q3,0.9021915583532766,0.08399224010391641,17
future_ret_6m,2016-12-30 00:00:00,FAC_rank_vol_m3_n6_pairwise1,4,Q4,0.9383653235269557,0.07239687094728521,17
future_ret_6m,2016-12-30 00:00:00,FAC_rank_vol_m3_n6_pairwise1,5,High,0.9786369425365786,0.03840285973745425,17
future_ret_6m,2017-03-31 00:00:00,FAC_rank_vol_m3_n6_pairwise1,1,Low,0.7698487660239532,0.09231647999062643,22
future_ret_6m,2017-03-31 00:00:00,FAC_rank_vol_m3_n6_pairwise1,2,Q2,0.8679614962567076,0.09403245995827963,22
future_ret_6m,2017-03-31 00:00:00,FAC_rank_vol_m3_n6_pairwise1,3,Q3,0.9100234972870601,0.11269456635457753,22
future_ret_6m,2017-03-31 00:00:00,FAC_rank_vol_m3_n6_pairwise1,4,Q4,0.9367883491047128,0.07285136504482949,22
future_ret_6m,2017-03-31 00:00:00,FAC_rank_vol_m3_n6_pairwise1,5,High,0.9707836841839654,0.12028499093555776,22
future_ret_6m,2017-06-30 00:00:00,FAC_rank_vol_m3_n6_pairwise1,1,Low,0.8567686866354066,0.11685191714453823,23
future_ret_6m,2017-06-30 00:00:00,FAC_rank_vol_m3_n6_pairwise1,2,Q2,0.9200902300119249,0.11127823069686274,23
future_ret_6m,2017-06-30 00:00:00,FAC_rank_vol_m3_n6_pairwise1,3,Q3,0.9512876311573354,0.09850329211466205,23
future_ret_6m,2017-06-30 00:00:00,FAC_rank_vol_m3_n6_pairwise1,4,Q4,0.9696872228643586,0.11073308762438297,23
future_ret_6m,2017-06-30 00:00:00,FAC_rank_vol_m3_n6_pairwise1,5,High,0.9843375033778655,0.13376221677498085,23
future_ret_6m,2017-09-29 00:00:00,FAC_rank_vol_m3_n6_pairwise1,1,Low,0.8491044247022289,0.04055169982757671,26
future_ret_6m,2017-09-29 00:00:00,FAC_rank_vol_m3_n6_pairwise1,2,Q2,0.9106961253711643,0.03455593806754983,25
future_ret_6m,2017-09-29 00:00:00,FAC_rank_vol_m3_n6_pairwise1,3,Q3,0.9425955338787315,0.005608493634893925,26
future_ret_6m,2017-09-29 00:00:00,FAC_rank_vol_m3_n6_pairwise1,4,Q4,0.965140598807289,0.031409304123442096,25
future_ret_6m,2017-09-29 00:00:00,FAC_rank_vol_m3_n6_pairwise1,5,High,0.9859008633550221,0.029731725235051056,26
future_ret_6m,2017-12-29 00:00:00,FAC_rank_vol_m3_n6_pairwise1,1,Low,0.7964833229696096,-0.09548452056694759,28
future_ret_6m,2017-12-29 00:00:00,FAC_rank_vol_m3_n6_pairwise1,2,Q2,0.8783288927984346,-0.08366522944081539,27
future_ret_6m,2017-12-29 00:00:00,FAC_rank_vol_m3_n6_pairwise1,3,Q3,0.9152882130117788,-0.08140535528034623,27
future_ret_6m,2017-12-29 00:00:00,FAC_rank_vol_m3_n6_pairwise1,4,Q4,0.9438041320347476,-0.07028788228849947,27
future_ret_6m,2017-12-29 00:00:00,FAC_rank_vol_m3_n6_pairwise1,5,High,0.9751975707233818,-0.09707481846749874,27
future_ret_6m,2018-03-30 00:00:00,FAC_rank_vol_m3_n6_pairwise1,1,Low,0.7763517829148872,-0.1495519429551974,27
future_ret_6m,2018-03-30 00:00:00,FAC_rank_vol_m3_n6_pairwise1,2,Q2,0.8807728745413625,-0.12925681935073527,27
future_ret_6m,2018-03-30 00:00:00,FAC_rank_vol_m3_n6_pairwise1,3,Q3,0.9242194483353965,-0.10665514503851553,26
future_ret_6m,2018-03-30 00:00:00,FAC_rank_vol_m3_n6_pairwise1,4,Q4,0.9545242638531555,-0.1244792450871594,27
future_ret_6m,2018-03-30 00:00:00,FAC_rank_vol_m3_n6_pairwise1,5,High,0.981241261683992,-0.11739808854791912,27
future_ret_6m,2018-06-29 00:00:00,FAC_rank_vol_m3_n6_pairwise1,1,Low,0.7641178750166132,-0.1864956905325377,28
future_ret_6m,2018-06-29 00:00:00,FAC_rank_vol_m3_n6_pairwise1,2,Q2,0.8699143546011617,-0.14754297352219692,28
future_ret_6m,2018-06-29 00:00:00,FAC_rank_vol_m3_n6_pairwise1,3,Q3,0.9103124104658021,-0.1781937844642463,27
future_ret_6m,2018-06-29 00:00:00,FAC_rank_vol_m3_n6_pairwise1,4,Q4,0.9426535686573708,-0.17358687997925484,28
future_ret_6m,2018-06-29 00:00:00,FAC_rank_vol_m3_n6_pairwise1,5,High,0.9799726519830397,-0.19025024369492943,28
future_ret_6m,2018-09-28 00:00:00,FAC_rank_vol_m3_n6_pairwise1,1,Low,0.7091503551469275,0.13805128305748554,28
future_ret_6m,2018-09-28 00:00:00,FAC_rank_vol_m3_n6_pairwise1,2,Q2,0.8223192914259071,0.14563539787567883,27
future_ret_6m,2018-09-28 00:00:00,FAC_rank_vol_m3_n6_pairwise1,3,Q3,0.8758025799546535,0.13733563414204542,27
future_ret_6m,2018-09-28 00:00:00,FAC_rank_vol_m3_n6_pairwise1,4,Q4,0.9173499166266801,0.12490299262026193,27
future_ret_6m,2018-09-28 00:00:00,FAC_rank_vol_m3_n6_pairwise1,5,High,0.9732424819597404,0.11375293899825198,27
future_ret_6m,2018-12-28 00:00:00,FAC_rank_vol_m3_n6_pairwise1,1,Low,0.7988873079948144,0.257218787105519,28
future_ret_6m,2018-12-28 00:00:00,FAC_rank_vol_m3_n6_pairwise1,2,Q2,0.8787750958206699,0.21084930230753202,27
future_ret_6m,2018-12-28 00:00:00,FAC_rank_vol_m3_n6_pairwise1,3,Q3,0.9195125067126726,0.2344837256453143,28
future_ret_6m,2018-12-28 00:00:00,FAC_rank_vol_m3_n6_pairwise1,4,Q4,0.955408741435525,0.2539185385542891,27
future_ret_6m,2018-12-28 00:00:00,FAC_rank_vol_m3_n6_pairwise1,5,High,0.9875679668546654,0.19698184593070228,28
future_ret_6m,2019-03-29 00:00:00,FAC_rank_vol_m3_n6_pairwise1,1,Low,0.6852529134885758,0.055795292253193976,29
future_ret_6m,2019-03-29 00:00:00,FAC_rank_vol_m3_n6_pairwise1,2,Q2,0.7935100843144377,0.06384113731591425,28
future_ret_6m,2019-03-29 00:00:00,FAC_rank_vol_m3_n6_pairwise1,3,Q3,0.8720330182492116,0.0377712116872146,29
future_ret_6m,2019-03-29 00:00:00,FAC_rank_vol_m3_n6_pairwise1,4,Q4,0.9129102223166161,0.07278731507067092,28
future_ret_6m,2019-03-29 00:00:00,FAC_rank_vol_m3_n6_pairwise1,5,High,0.9621519524798776,0.06089209596007707,29
future_ret_6m,2019-06-28 00:00:00,FAC_rank_vol_m3_n6_pairwise1,1,Low,0.8162762851185575,0.21236541454713082,30
future_ret_6m,2019-06-28 00:00:00,FAC_rank_vol_m3_n6_pairwise1,2,Q2,0.8974176075820073,0.1950914262227962,29
future_ret_6m,2019-06-28 00:00:00,FAC_rank_vol_m3_n6_pairwise1,3,Q3,0.9370094095704594,0.24393336632316964,30
future_ret_6m,2019-06-28 00:00:00,FAC_rank_vol_m3_n6_pairwise1,4,Q4,0.9638241617730766,0.19024640337468549,29
future_ret_6m,2019-06-28 00:00:00,FAC_rank_vol_m3_n6_pairwise1,5,High,0.9868341978114058,0.16016650957700357,30
future_ret_6m,2019-09-30 00:00:00,FAC_rank_vol_m3_n6_pairwise1,1,Low,0.780097703861113,0.13535989420414848,30
future_ret_6m,2019-09-30 00:00:00,FAC_rank_vol_m3_n6_pairwise1,2,Q2,0.8564672416855914,0.11686082564466417,30
future_ret_6m,2019-09-30 00:00:00,FAC_rank_vol_m3_n6_pairwise1,3,Q3,0.901947680805574,0.12453713354353509,30
future_ret_6m,2019-09-30 00:00:00,FAC_rank_vol_m3_n6_pairwise1,4,Q4,0.9330011547373687,0.11746416120726558,30
future_ret_6m,2019-09-30 00:00:00,FAC_rank_vol_m3_n6_pairwise1,5,High,0.9674348297686973,0.12181102321103263,30
future_ret_6m,2019-12-31 00:00:00,FAC_rank_vol_m3_n6_pairwise1,1,Low,0.7634368231709424,0.35322208140249156,34
future_ret_6m,2019-12-31 00:00:00,FAC_rank_vol_m3_n6_pairwise1,2,Q2,0.8663955247743599,0.35421867782896976,34
future_ret_6m,2019-12-31 00:00:00,FAC_rank_vol_m3_n6_pairwise1,3,Q3,0.919096168438427,0.3455314292886086,34
future_ret_6m,2019-12-31 00:00:00,FAC_rank_vol_m3_n6_pairwise1,4,Q4,0.9456732231291662,0.2799426499924153,34
future_ret_6m,2019-12-31 00:00:00,FAC_rank_vol_m3_n6_pairwise1,5,High,0.9745888287345404,0.33370473495610986,34
future_ret_6m,2020-03-31 00:00:00,FAC_rank_vol_m3_n6_pairwise1,1,Low,0.7747373025756468,0.41410029853681773,36
future_ret_6m,2020-03-31 00:00:00,FAC_rank_vol_m3_n6_pairwise1,2,Q2,0.870064007317638,0.41983036407860186,35
future_ret_6m,2020-03-31 00:00:00,FAC_rank_vol_m3_n6_pairwise1,3,Q3,0.9090319943763343,0.43070240721826775,35
future_ret_6m,2020-03-31 00:00:00,FAC_rank_vol_m3_n6_pairwise1,4,Q4,0.941006337230157,0.4276121853376808,35
future_ret_6m,2020-03-31 00:00:00,FAC_rank_vol_m3_n6_pairwise1,5,High,0.9696939372977602,0.40932649331060794,36
future_ret_6m,2020-06-30 00:00:00,FAC_rank_vol_m3_n6_pairwise1,1,Low,0.79518841938037,0.3484643912401271,38
future_ret_6m,2020-06-30 00:00:00,FAC_rank_vol_m3_n6_pairwise1,2,Q2,0.8687021420383468,0.2833748656293656,37
future_ret_6m,2020-06-30 00:00:00,FAC_rank_vol_m3_n6_pairwise1,3,Q3,0.909887831297792,0.2565920645835863,37
future_ret_6m,2020-06-30 00:00:00,FAC_rank_vol_m3_n6_pairwise1,4,Q4,0.9399271453756196,0.28104805130512617,37
future_ret_6m,2020-06-30 00:00:00,FAC_rank_vol_m3_n6_pairwise1,5,High,0.9722057143513719,0.2010863705832999,37
future_ret_6m,2020-09-30 00:00:00,FAC_rank_vol_m3_n6_pairwise1,1,Low,0.7276450084903336,0.1108025440505634,40
future_ret_6m,2020-09-30 00:00:00,FAC_rank_vol_m3_n6_pairwise1,2,Q2,0.8419756763700733,0.10641301511038709,39
future_ret_6m,2020-09-30 00:00:00,FAC_rank_vol_m3_n6_pairwise1,3,Q3,0.8962022642924143,0.12625739153244492,40
future_ret_6m,2020-09-30 00:00:00,FAC_rank_vol_m3_n6_pairwise1,4,Q4,0.9272455605942236,0.13019851480881448,39
future_ret_6m,2020-09-30 00:00:00,FAC_rank_vol_m3_n6_pairwise1,5,High,0.9624745617383699,0.13915390643421177,40
future_ret_6m,2020-12-31 00:00:00,FAC_rank_vol_m3_n6_pairwise1,1,Low,0.779045662336145,0.11364610628240751,44
future_ret_6m,2020-12-31 00:00:00,FAC_rank_vol_m3_n6_pairwise1,2,Q2,0.8696052713007497,0.09272172843994266,43
future_ret_6m,2020-12-31 00:00:00,FAC_rank_vol_m3_n6_pairwise1,3,Q3,0.9159055461284101,0.09704088321387233,44
future_ret_6m,2020-12-31 00:00:00,FAC_rank_vol_m3_n6_pairwise1,4,Q4,0.9458054153247437,0.081895162566636,43
future_ret_6m,2020-12-31 00:00:00,FAC_rank_vol_m3_n6_pairwise1,5,High,0.9777480869153354,0.10473609192231281,44
future_ret_6m,2021-03-31 00:00:00,FAC_rank_vol_m3_n6_pairwise1,1,Low,0.7967821560625722,0.17419124213821144,46
future_ret_6m,2021-03-31 00:00:00,FAC_rank_vol_m3_n6_pairwise1,2,Q2,0.873424574282044,0.09714537480669828,46
future_ret_6m,2021-03-31 00:00:00,FAC_rank_vol_m3_n6_pairwise1,3,Q3,0.9116563841705261,0.09075888053787176,46
future_ret_6m,2021-03-31 00:00:00,FAC_rank_vol_m3_n6_pairwise1,4,Q4,0.946998271591621,0.07359898653112369,46
future_ret_6m,2021-03-31 00:00:00,FAC_rank_vol_m3_n6_pairwise1,5,High,0.9768725545786417,0.13783184665979273,46
future_ret_6m,2021-06-30 00:00:00,FAC_rank_vol_m3_n6_pairwise1,1,Low,0.7045015199754877,-0.01996150925910611,52
future_ret_6m,2021-06-30 00:00:00,FAC_rank_vol_m3_n6_pairwise1,2,Q2,0.8144177716972005,-0.03264395208364099,51
future_ret_6m,2021-06-30 00:00:00,FAC_rank_vol_m3_n6_pairwise1,3,Q3,0.876171862186207,-0.030852219949847375,51
future_ret_6m,2021-06-30 00:00:00,FAC_rank_vol_m3_n6_pairwise1,4,Q4,0.9151896591410763,4.650681120380519e-05,51
future_ret_6m,2021-06-30 00:00:00,FAC_rank_vol_m3_n6_pairwise1,5,High,0.9618000012597674,0.015100761166435299,52
future_ret_6m,2021-09-30 00:00:00,FAC_rank_vol_m3_n6_pairwise1,1,Low,0.8795650816046442,-0.1415453847292822,57
future_ret_6m,2021-09-30 00:00:00,FAC_rank_vol_m3_n6_pairwise1,2,Q2,0.9319467128690435,-0.1494209485180081,56
future_ret_6m,2021-09-30 00:00:00,FAC_rank_vol_m3_n6_pairwise1,3,Q3,0.9533389497043672,-0.13451141405601863,56
future_ret_6m,2021-09-30 00:00:00,FAC_rank_vol_m3_n6_pairwise1,4,Q4,0.9701738360595772,-0.13928974693309054,56
future_ret_6m,2021-09-30 00:00:00,FAC_rank_vol_m3_n6_pairwise1,5,High,0.9880325745582342,-0.14923947917963887,57
future_ret_6m,2021-12-31 00:00:00,FAC_rank_vol_m3_n6_pairwise1,1,Low,0.816099722905765,-0.11605331516916537,60
future_ret_6m,2021-12-31 00:00:00,FAC_rank_vol_m3_n6_pairwise1,2,Q2,0.8873405184964858,-0.11406018752675416,59
future_ret_6m,2021-12-31 00:00:00,FAC_rank_vol_m3_n6_pairwise1,3,Q3,0.933046750249385,-0.10067652661772637,60
future_ret_6m,2021-12-31 00:00:00,FAC_rank_vol_m3_n6_pairwise1,4,Q4,0.9618821055282852,-0.09637970635113582,59
future_ret_6m,2021-12-31 00:00:00,FAC_rank_vol_m3_n6_pairwise1,5,High,0.9838342761591291,-0.094993407781283,60
future_ret_6m,2022-03-31 00:00:00,FAC_rank_vol_m3_n6_pairwise1,1,Low,0.8025420347777197,-0.017713525028948462,66
future_ret_6m,2022-03-31 00:00:00,FAC_rank_vol_m3_n6_pairwise1,2,Q2,0.8822860732212929,-0.03392950133864379,65
future_ret_6m,2022-03-31 00:00:00,FAC_rank_vol_m3_n6_pairwise1,3,Q3,0.9234448431074578,-0.05000498439809191,66
future_ret_6m,2022-03-31 00:00:00,FAC_rank_vol_m3_n6_pairwise1,4,Q4,0.9551103611596446,-0.053322922957673206,65
future_ret_6m,2022-03-31 00:00:00,FAC_rank_vol_m3_n6_pairwise1,5,High,0.9846074922912873,-0.04497234963061811,66
future_ret_6m,2022-06-30 00:00:00,FAC_rank_vol_m3_n6_pairwise1,1,Low,0.7449247306784599,-0.11355965014542334,76
future_ret_6m,2022-06-30 00:00:00,FAC_rank_vol_m3_n6_pairwise1,2,Q2,0.8699854738271113,-0.10807813669205948,75
future_ret_6m,2022-06-30 00:00:00,FAC_rank_vol_m3_n6_pairwise1,3,Q3,0.9184700903962928,-0.09783327667625134,76
future_ret_6m,2022-06-30 00:00:00,FAC_rank_vol_m3_n6_pairwise1,4,Q4,0.9522712976924521,-0.10528640931902457,75
future_ret_6m,2022-06-30 00:00:00,FAC_rank_vol_m3_n6_pairwise1,5,High,0.9824042105835518,-0.08952971935632881,76
future_ret_6m,2007-09-28 00:00:00,FAC_rank_vol_m6_n3_pairwise1,1,Low,0.7129772307958258,,1
future_ret_6m,2007-09-28 00:00:00,FAC_rank_vol_m6_n3_pairwise1,2,Q2,0.777292154337977,,1
future_ret_6m,2007-09-28 00:00:00,FAC_rank_vol_m6_n3_pairwise1,3,Q3,0.8345116184309107,,1
future_ret_6m,2007-09-28 00:00:00,FAC_rank_vol_m6_n3_pairwise1,4,Q4,0.8724278258714779,,1
future_ret_6m,2007-09-28 00:00:00,FAC_rank_vol_m6_n3_pairwise1,5,High,0.8780882508056163,,1
future_ret_6m,2007-12-28 00:00:00,FAC_rank_vol_m6_n3_pairwise1,1,Low,0.7104499328099625,,2
future_ret_6m,2007-12-28 00:00:00,FAC_rank_vol_m6_n3_pairwise1,2,Q2,0.7657509199894107,,1
future_ret_6m,2007-12-28 00:00:00,FAC_rank_vol_m6_n3_pairwise1,3,Q3,0.8102968733095133,,1
future_ret_6m,2007-12-28 00:00:00,FAC_rank_vol_m6_n3_pairwise1,4,Q4,0.825629245790398,,1
future_ret_6m,2007-12-28 00:00:00,FAC_rank_vol_m6_n3_pairwise1,5,High,0.8745112072137178,,1
future_ret_6m,2008-03-31 00:00:00,FAC_rank_vol_m6_n3_pairwise1,1,Low,0.6616403164194546,,2
future_ret_6m,2008-03-31 00:00:00,FAC_rank_vol_m6_n3_pairwise1,2,Q2,0.6778446373161613,,1
future_ret_6m,2008-03-31 00:00:00,FAC_rank_vol_m6_n3_pairwise1,3,Q3,0.710844193569709,,1
future_ret_6m,2008-03-31 00:00:00,FAC_rank_vol_m6_n3_pairwise1,4,Q4,0.7537627462492924,,1
future_ret_6m,2008-03-31 00:00:00,FAC_rank_vol_m6_n3_pairwise1,5,High,0.821691942086332,,2
future_ret_6m,2008-06-30 00:00:00,FAC_rank_vol_m6_n3_pairwise1,1,Low,0.6507364798984565,,2
future_ret_6m,2008-06-30 00:00:00,FAC_rank_vol_m6_n3_pairwise1,2,Q2,0.712615922996912,,2
future_ret_6m,2008-06-30 00:00:00,FAC_rank_vol_m6_n3_pairwise1,3,Q3,0.7366339199994312,,2
future_ret_6m,2008-06-30 00:00:00,FAC_rank_vol_m6_n3_pairwise1,4,Q4,0.7956645833940028,,2
future_ret_6m,2008-06-30 00:00:00,FAC_rank_vol_m6_n3_pairwise1,5,High,0.8590351059316688,,2
future_ret_6m,2008-09-26 00:00:00,FAC_rank_vol_m6_n3_pairwise1,1,Low,0.7027451573376693,,3
future_ret_6m,2008-09-26 00:00:00,FAC_rank_vol_m6_n3_pairwise1,2,Q2,0.7559760980207909,,2
future_ret_6m,2008-09-26 00:00:00,FAC_rank_vol_m6_n3_pairwise1,3,Q3,0.8292684435558494,,3
future_ret_6m,2008-09-26 00:00:00,FAC_rank_vol_m6_n3_pairwise1,4,Q4,0.8585908726996887,,2
future_ret_6m,2008-09-26 00:00:00,FAC_rank_vol_m6_n3_pairwise1,5,High,0.9344214866983024,,3
future_ret_6m,2008-12-31 00:00:00,FAC_rank_vol_m6_n3_pairwise1,1,Low,0.7076294659089131,,4
future_ret_6m,2008-12-31 00:00:00,FAC_rank_vol_m6_n3_pairwise1,2,Q2,0.771738420977662,,3
future_ret_6m,2008-12-31 00:00:00,FAC_rank_vol_m6_n3_pairwise1,3,Q3,0.8212308901001072,,3
future_ret_6m,2008-12-31 00:00:00,FAC_rank_vol_m6_n3_pairwise1,4,Q4,0.8452692493769766,,3
future_ret_6m,2008-12-31 00:00:00,FAC_rank_vol_m6_n3_pairwise1,5,High,0.9043042203782983,,4
future_ret_6m,2009-03-31 00:00:00,FAC_rank_vol_m6_n3_pairwise1,1,Low,0.6286879601502895,,4
future_ret_6m,2009-03-31 00:00:00,FAC_rank_vol_m6_n3_pairwise1,2,Q2,0.7360064686201602,,3
future_ret_6m,2009-03-31 00:00:00,FAC_rank_vol_m6_n3_pairwise1,3,Q3,0.7884311075775973,,3
future_ret_6m,2009-03-31 00:00:00,FAC_rank_vol_m6_n3_pairwise1,4,Q4,0.809890787373999,,3
future_ret_6m,2009-03-31 00:00:00,FAC_rank_vol_m6_n3_pairwise1,5,High,0.8738976657990826,,3
future_ret_6m,2009-06-30 00:00:00,FAC_rank_vol_m6_n3_pairwise1,1,Low,0.679370212437618,,4
future_ret_6m,2009-06-30 00:00:00,FAC_rank_vol_m6_n3_pairwise1,2,Q2,0.7619337935037738,,4
future_ret_6m,2009-06-30 00:00:00,FAC_rank_vol_m6_n3_pairwise1,3,Q3,0.7989687965162634,,4
future_ret_6m,2009-06-30 00:00:00,FAC_rank_vol_m6_n3_pairwise1,4,Q4,0.8494765125909511,,4
future_ret_6m,2009-06-30 00:00:00,FAC_rank_vol_m6_n3_pairwise1,5,High,0.8846172810143058,,4
future_ret_6m,2009-09-30 00:00:00,FAC_rank_vol_m6_n3_pairwise1,1,Low,0.7069577133313061,0.14052702008897083,5
future_ret_6m,2009-09-30 00:00:00,FAC_rank_vol_m6_n3_pairwise1,2,Q2,0.7568731543978128,,4
future_ret_6m,2009-09-30 00:00:00,FAC_rank_vol_m6_n3_pairwise1,3,Q3,0.8045540825901909,0.14022080258577835,5
future_ret_6m,2009-09-30 00:00:00,FAC_rank_vol_m6_n3_pairwise1,4,Q4,0.838819622777869,,4
future_ret_6m,2009-09-30 00:00:00,FAC_rank_vol_m6_n3_pairwise1,5,High,0.9078940453031936,0.13389614051081883,5
future_ret_6m,2009-12-31 00:00:00,FAC_rank_vol_m6_n3_pairwise1,1,Low,0.6489549358148572,-0.17772556957573657,6
future_ret_6m,2009-12-31 00:00:00,FAC_rank_vol_m6_n3_pairwise1,2,Q2,0.7064515352150875,-0.17793333333725272,5
future_ret_6m,2009-12-31 00:00:00,FAC_rank_vol_m6_n3_pairwise1,3,Q3,0.755491243852272,-0.17796865561812344,6
future_ret_6m,2009-12-31 00:00:00,FAC_rank_vol_m6_n3_pairwise1,4,Q4,0.7915643722608857,-0.20508947494832114,5
future_ret_6m,2009-12-31 00:00:00,FAC_rank_vol_m6_n3_pairwise1,5,High,0.8634942873218804,-0.1950427438593252,6
future_ret_6m,2010-03-31 00:00:00,FAC_rank_vol_m6_n3_pairwise1,1,Low,0.6690606766306009,0.027373298754207052,6
future_ret_6m,2010-03-31 00:00:00,FAC_rank_vol_m6_n3_pairwise1,2,Q2,0.7352379207363494,0.007141484169775632,6
future_ret_6m,2010-03-31 00:00:00,FAC_rank_vol_m6_n3_pairwise1,3,Q3,0.7781221987269852,0.039799851501927774,6
future_ret_6m,2010-03-31 00:00:00,FAC_rank_vol_m6_n3_pairwise1,4,Q4,0.8262641159069154,0.026140762507264586,6
future_ret_6m,2010-03-31 00:00:00,FAC_rank_vol_m6_n3_pairwise1,5,High,0.9012481380096049,-0.00997179060946557,6
future_ret_6m,2010-06-30 00:00:00,FAC_rank_vol_m6_n3_pairwise1,1,Low,0.6510519113007811,0.2849794811469278,6
future_ret_6m,2010-06-30 00:00:00,FAC_rank_vol_m6_n3_pairwise1,2,Q2,0.7346848726290058,0.2644393987494827,5
future_ret_6m,2010-06-30 00:00:00,FAC_rank_vol_m6_n3_pairwise1,3,Q3,0.8258722029211313,0.2526611001710722,6
future_ret_6m,2010-06-30 00:00:00,FAC_rank_vol_m6_n3_pairwise1,4,Q4,0.9046516959536159,0.31811193201033017,5
future_ret_6m,2010-06-30 00:00:00,FAC_rank_vol_m6_n3_pairwise1,5,High,0.9522386859013793,0.2801074855528722,6
future_ret_6m,2010-09-30 00:00:00,FAC_rank_vol_m6_n3_pairwise1,1,Low,0.6724571245790362,0.0037093181511652085,6
future_ret_6m,2010-09-30 00:00:00,FAC_rank_vol_m6_n3_pairwise1,2,Q2,0.7540133107390669,0.05238116694781397,6
future_ret_6m,2010-09-30 00:00:00,FAC_rank_vol_m6_n3_pairwise1,3,Q3,0.7980937400189356,0.055872580079652456,6
future_ret_6m,2010-09-30 00:00:00,FAC_rank_vol_m6_n3_pairwise1,4,Q4,0.8529274678496445,0.02591735827688722,6
future_ret_6m,2010-09-30 00:00:00,FAC_rank_vol_m6_n3_pairwise1,5,High,0.9353223562092233,-0.007948443757104073,6
future_ret_6m,2010-12-31 00:00:00,FAC_rank_vol_m6_n3_pairwise1,1,Low,0.7024386451265481,-0.09185826990091255,6
future_ret_6m,2010-12-31 00:00:00,FAC_rank_vol_m6_n3_pairwise1,2,Q2,0.7628119422135283,-0.10114575338254402,6
future_ret_6m,2010-12-31 00:00:00,FAC_rank_vol_m6_n3_pairwise1,3,Q3,0.8154551964197907,-0.06513933974259047,6
future_ret_6m,2010-12-31 00:00:00,FAC_rank_vol_m6_n3_pairwise1,4,Q4,0.8411474510322354,-0.07174259769400441,6
future_ret_6m,2010-12-31 00:00:00,FAC_rank_vol_m6_n3_pairwise1,5,High,0.906717392335486,-0.0761219577518043,6
future_ret_6m,2011-03-31 00:00:00,FAC_rank_vol_m6_n3_pairwise1,1,Low,0.6370540296352237,-0.14430497141722154,7
future_ret_6m,2011-03-31 00:00:00,FAC_rank_vol_m6_n3_pairwise1,2,Q2,0.7031578393122059,-0.14462675299404767,6
future_ret_6m,2011-03-31 00:00:00,FAC_rank_vol_m6_n3_pairwise1,3,Q3,0.7448620429437317,-0.15431021252691568,6
future_ret_6m,2011-03-31 00:00:00,FAC_rank_vol_m6_n3_pairwise1,4,Q4,0.7865227242100588,-0.15572931505342597,6
future_ret_6m,2011-03-31 00:00:00,FAC_rank_vol_m6_n3_pairwise1,5,High,0.8530503093525414,-0.16000259396174735,6
future_ret_6m,2011-06-30 00:00:00,FAC_rank_vol_m6_n3_pairwise1,1,Low,0.6617128187479165,-0.22397348503043107,7
future_ret_6m,2011-06-30 00:00:00,FAC_rank_vol_m6_n3_pairwise1,2,Q2,0.7382604458021241,-0.18087887829520286,7
future_ret_6m,2011-06-30 00:00:00,FAC_rank_vol_m6_n3_pairwise1,3,Q3,0.7920995759687423,-0.19120440539153907,6
future_ret_6m,2011-06-30 00:00:00,FAC_rank_vol_m6_n3_pairwise1,4,Q4,0.855547505471941,-0.16187758219783155,7
future_ret_6m,2011-06-30 00:00:00,FAC_rank_vol_m6_n3_pairwise1,5,High,0.9102911096262698,-0.18053045967646322,7
future_ret_6m,2011-09-30 00:00:00,FAC_rank_vol_m6_n3_pairwise1,1,Low,0.6358691021491787,-0.06726334810228246,8
future_ret_6m,2011-09-30 00:00:00,FAC_rank_vol_m6_n3_pairwise1,2,Q2,0.7224726874081965,-0.07203701262984771,7
future_ret_6m,2011-09-30 00:00:00,FAC_rank_vol_m6_n3_pairwise1,3,Q3,0.7672618950860798,-0.05908599152528487,7
future_ret_6m,2011-09-30 00:00:00,FAC_rank_vol_m6_n3_pairwise1,4,Q4,0.8208536298609717,-0.05165506361986906,7
future_ret_6m,2011-09-30 00:00:00,FAC_rank_vol_m6_n3_pairwise1,5,High,0.9045505665908505,-0.06284814939457363,8
future_ret_6m,2011-12-30 00:00:00,FAC_rank_vol_m6_n3_pairwise1,1,Low,0.6542503857341754,0.06848742664999552,8
future_ret_6m,2011-12-30 00:00:00,FAC_rank_vol_m6_n3_pairwise1,2,Q2,0.7502353464661298,0.03391010261119608,8
future_ret_6m,2011-12-30 00:00:00,FAC_rank_vol_m6_n3_pairwise1,3,Q3,0.8066457270065622,0.06542371734638644,7
future_ret_6m,2011-12-30 00:00:00,FAC_rank_vol_m6_n3_pairwise1,4,Q4,0.8551129872538217,0.03845026202675722,8
future_ret_6m,2011-12-30 00:00:00,FAC_rank_vol_m6_n3_pairwise1,5,High,0.905314099721233,0.04549375629395844,8
future_ret_6m,2012-03-30 00:00:00,FAC_rank_vol_m6_n3_pairwise1,1,Low,0.6593366368012679,-0.02136257965628166,8
future_ret_6m,2012-03-30 00:00:00,FAC_rank_vol_m6_n3_pairwise1,2,Q2,0.73506575172199,0.03231889254659198,8
future_ret_6m,2012-03-30 00:00:00,FAC_rank_vol_m6_n3_pairwise1,3,Q3,0.7936783906113697,-0.015190670800682649,8
future_ret_6m,2012-03-30 00:00:00,FAC_rank_vol_m6_n3_pairwise1,4,Q4,0.8484606308655716,0.005074637432539927,8
future_ret_6m,2012-03-30 00:00:00,FAC_rank_vol_m6_n3_pairwise1,5,High,0.9112013230829636,-0.0003523858299513821,8
future_ret_6m,2012-06-29 00:00:00,FAC_rank_vol_m6_n3_pairwise1,1,Low,0.5926320227538552,0.010019985670603051,9
future_ret_6m,2012-06-29 00:00:00,FAC_rank_vol_m6_n3_pairwise1,2,Q2,0.704473704984465,0.021573370347698868,9
future_ret_6m,2012-06-29 00:00:00,FAC_rank_vol_m6_n3_pairwise1,3,Q3,0.7817872510128008,0.013896630671638335,8
future_ret_6m,2012-06-29 00:00:00,FAC_rank_vol_m6_n3_pairwise1,4,Q4,0.8247481296774793,0.030893423042871054,9
future_ret_6m,2012-06-29 00:00:00,FAC_rank_vol_m6_n3_pairwise1,5,High,0.8889320118760404,0.022679376196142145,9
future_ret_6m,2012-09-28 00:00:00,FAC_rank_vol_m6_n3_pairwise1,1,Low,0.6932010998224611,0.14127028863915203,11
future_ret_6m,2012-09-28 00:00:00,FAC_rank_vol_m6_n3_pairwise1,2,Q2,0.7806329139224335,0.119050153888241,10
future_ret_6m,2012-09-28 00:00:00,FAC_rank_vol_m6_n3_pairwise1,3,Q3,0.8172941048693148,0.10451451216963073,10
future_ret_6m,2012-09-28 00:00:00,FAC_rank_vol_m6_n3_pairwise1,4,Q4,0.8675647360517645,0.09957785230694186,10
future_ret_6m,2012-09-28 00:00:00,FAC_rank_vol_m6_n3_pairwise1,5,High,0.9230624506975967,0.1315648574664439,11
future_ret_6m,2012-12-31 00:00:00,FAC_rank_vol_m6_n3_pairwise1,1,Low,0.6257969642410671,0.07039581804223699,12
future_ret_6m,2012-12-31 00:00:00,FAC_rank_vol_m6_n3_pairwise1,2,Q2,0.7518796183592097,0.10916144403234944,12
future_ret_6m,2012-12-31 00:00:00,FAC_rank_vol_m6_n3_pairwise1,3,Q3,0.7844009899439651,0.051079427102740986,11
future_ret_6m,2012-12-31 00:00:00,FAC_rank_vol_m6_n3_pairwise1,4,Q4,0.8324843206092202,0.14160989956821948,12
future_ret_6m,2012-12-31 00:00:00,FAC_rank_vol_m6_n3_pairwise1,5,High,0.8971524010985643,0.09382059226276059,12
future_ret_6m,2013-03-29 00:00:00,FAC_rank_vol_m6_n3_pairwise1,1,Low,0.6049374363326216,0.0932738335824827,13
future_ret_6m,2013-03-29 00:00:00,FAC_rank_vol_m6_n3_pairwise1,2,Q2,0.6733471636977683,0.08810125553468712,12
future_ret_6m,2013-03-29 00:00:00,FAC_rank_vol_m6_n3_pairwise1,3,Q3,0.7265959464458165,0.18938914035076074,12
future_ret_6m,2013-03-29 00:00:00,FAC_rank_vol_m6_n3_pairwise1,4,Q4,0.7962600984711936,0.1924574476012614,12
future_ret_6m,2013-03-29 00:00:00,FAC_rank_vol_m6_n3_pairwise1,5,High,0.8687051552885272,0.1835490286618316,13
future_ret_6m,2013-06-28 00:00:00,FAC_rank_vol_m6_n3_pairwise1,1,Low,0.6667682398304986,0.12991004053771332,13
future_ret_6m,2013-06-28 00:00:00,FAC_rank_vol_m6_n3_pairwise1,2,Q2,0.7234390507198322,0.08688138175279259,12
future_ret_6m,2013-06-28 00:00:00,FAC_rank_vol_m6_n3_pairwise1,3,Q3,0.776752074161359,0.11425042490993013,12
future_ret_6m,2013-06-28 00:00:00,FAC_rank_vol_m6_n3_pairwise1,4,Q4,0.8434661216388717,0.17710289288461287,12
future_ret_6m,2013-06-28 00:00:00,FAC_rank_vol_m6_n3_pairwise1,5,High,0.8950917997807154,0.09817786680038859,13
future_ret_6m,2013-09-30 00:00:00,FAC_rank_vol_m6_n3_pairwise1,1,Low,0.715449643578055,-0.10647955677567704,14
future_ret_6m,2013-09-30 00:00:00,FAC_rank_vol_m6_n3_pairwise1,2,Q2,0.7956907416295256,-0.09550006725065988,13
future_ret_6m,2013-09-30 00:00:00,FAC_rank_vol_m6_n3_pairwise1,3,Q3,0.8482129020653046,-0.0751391619117811,13
future_ret_6m,2013-09-30 00:00:00,FAC_rank_vol_m6_n3_pairwise1,4,Q4,0.8993798982435475,-0.058312022082481804,13
future_ret_6m,2013-09-30 00:00:00,FAC_rank_vol_m6_n3_pairwise1,5,High,0.9463179574174276,-0.08559301731311504,14
future_ret_6m,2013-12-31 00:00:00,FAC_rank_vol_m6_n3_pairwise1,1,Low,0.6210988242371829,0.04082597026797866,15
future_ret_6m,2013-12-31 00:00:00,FAC_rank_vol_m6_n3_pairwise1,2,Q2,0.7255203830629109,-0.01170100496449829,14
future_ret_6m,2013-12-31 00:00:00,FAC_rank_vol_m6_n3_pairwise1,3,Q3,0.7883782348182465,0.016009589398438464,14
future_ret_6m,2013-12-31 00:00:00,FAC_rank_vol_m6_n3_pairwise1,4,Q4,0.8351325524788742,-0.0035285401505217545,14
future_ret_6m,2013-12-31 00:00:00,FAC_rank_vol_m6_n3_pairwise1,5,High,0.8974972450084324,-0.017617030930433524,14
future_ret_6m,2014-03-31 00:00:00,FAC_rank_vol_m6_n3_pairwise1,1,Low,0.617870773241557,0.1933066428876185,13
future_ret_6m,2014-03-31 00:00:00,FAC_rank_vol_m6_n3_pairwise1,2,Q2,0.7312491399957414,0.19061910829937487,13
future_ret_6m,2014-03-31 00:00:00,FAC_rank_vol_m6_n3_pairwise1,3,Q3,0.8051979348075174,0.15649942761397795,12
future_ret_6m,2014-03-31 00:00:00,FAC_rank_vol_m6_n3_pairwise1,4,Q4,0.8556561008759623,0.2281339649080633,13
future_ret_6m,2014-03-31 00:00:00,FAC_rank_vol_m6_n3_pairwise1,5,High,0.9034844308064578,0.19403990979889846,13
future_ret_6m,2014-06-30 00:00:00,FAC_rank_vol_m6_n3_pairwise1,1,Low,0.5982726476731963,0.27690010233709006,13
future_ret_6m,2014-06-30 00:00:00,FAC_rank_vol_m6_n3_pairwise1,2,Q2,0.7038399689340035,0.29300246416978176,12
future_ret_6m,2014-06-30 00:00:00,FAC_rank_vol_m6_n3_pairwise1,3,Q3,0.7705110386404779,0.23870667178800128,12
future_ret_6m,2014-06-30 00:00:00,FAC_rank_vol_m6_n3_pairwise1,4,Q4,0.8356884271924926,0.2486350245016459,12
future_ret_6m,2014-06-30 00:00:00,FAC_rank_vol_m6_n3_pairwise1,5,High,0.9014264833990571,0.27812044616699494,13
future_ret_6m,2014-09-30 00:00:00,FAC_rank_vol_m6_n3_pairwise1,1,Low,0.7027706869117271,0.5102217103451029,12
future_ret_6m,2014-09-30 00:00:00,FAC_rank_vol_m6_n3_pairwise1,2,Q2,0.7720622302079906,0.5613703218111797,12
future_ret_6m,2014-09-30 00:00:00,FAC_rank_vol_m6_n3_pairwise1,3,Q3,0.8155115183730005,0.46014380835850854,12
future_ret_6m,2014-09-30 00:00:00,FAC_rank_vol_m6_n3_pairwise1,4,Q4,0.8636564144456395,0.4521703961217736,12
future_ret_6m,2014-09-30 00:00:00,FAC_rank_vol_m6_n3_pairwise1,5,High,0.9056312857524108,0.4769168736879234,12
future_ret_6m,2014-12-31 00:00:00,FAC_rank_vol_m6_n3_pairwise1,1,Low,0.69422551191275,0.5317323212942285,12
future_ret_6m,2014-12-31 00:00:00,FAC_rank_vol_m6_n3_pairwise1,2,Q2,0.7467918660577382,0.7769411598332564,11
future_ret_6m,2014-12-31 00:00:00,FAC_rank_vol_m6_n3_pairwise1,3,Q3,0.7862095474352678,0.5988569802842864,12
future_ret_6m,2014-12-31 00:00:00,FAC_rank_vol_m6_n3_pairwise1,4,Q4,0.8290818517616668,0.6207721187692595,11
future_ret_6m,2014-12-31 00:00:00,FAC_rank_vol_m6_n3_pairwise1,5,High,0.887897458753722,0.5291609088824412,12
future_ret_6m,2015-03-31 00:00:00,FAC_rank_vol_m6_n3_pairwise1,1,Low,0.6006351991724067,-0.14509855724683068,12
future_ret_6m,2015-03-31 00:00:00,FAC_rank_vol_m6_n3_pairwise1,2,Q2,0.6966822040857685,-0.13414491409539311,11
future_ret_6m,2015-03-31 00:00:00,FAC_rank_vol_m6_n3_pairwise1,3,Q3,0.7501361915581232,-0.12954797784726657,12
future_ret_6m,2015-03-31 00:00:00,FAC_rank_vol_m6_n3_pairwise1,4,Q4,0.8088670235405193,-0.10980883970756351,11
future_ret_6m,2015-03-31 00:00:00,FAC_rank_vol_m6_n3_pairwise1,5,High,0.8659062444350877,-0.10666723958692602,12
future_ret_6m,2015-06-30 00:00:00,FAC_rank_vol_m6_n3_pairwise1,1,Low,0.6205008576156111,-0.04874816812476295,9
future_ret_6m,2015-06-30 00:00:00,FAC_rank_vol_m6_n3_pairwise1,2,Q2,0.7304185633715297,-0.0595723665024539,8
future_ret_6m,2015-06-30 00:00:00,FAC_rank_vol_m6_n3_pairwise1,3,Q3,0.787465717143263,-0.04188647813208783,8
future_ret_6m,2015-06-30 00:00:00,FAC_rank_vol_m6_n3_pairwise1,4,Q4,0.8313330474294458,-0.04370588825392871,8
future_ret_6m,2015-06-30 00:00:00,FAC_rank_vol_m6_n3_pairwise1,5,High,0.8661506146840724,-0.04489248414199861,9
future_ret_6m,2015-09-30 00:00:00,FAC_rank_vol_m6_n3_pairwise1,1,Low,0.603601983391354,0.10632507060031218,8
future_ret_6m,2015-09-30 00:00:00,FAC_rank_vol_m6_n3_pairwise1,2,Q2,0.7236765949778199,0.0952402222863133,8
future_ret_6m,2015-09-30 00:00:00,FAC_rank_vol_m6_n3_pairwise1,3,Q3,0.7880881557323873,0.09632939538390808,8
future_ret_6m,2015-09-30 00:00:00,FAC_rank_vol_m6_n3_pairwise1,4,Q4,0.8347613855493399,0.08399940856689846,8
future_ret_6m,2015-09-30 00:00:00,FAC_rank_vol_m6_n3_pairwise1,5,High,0.8999435890522639,0.0869305403645389,8
future_ret_6m,2015-12-31 00:00:00,FAC_rank_vol_m6_n3_pairwise1,1,Low,0.5973672841351113,-0.09753432381098656,9
future_ret_6m,2015-12-31 00:00:00,FAC_rank_vol_m6_n3_pairwise1,2,Q2,0.7164989310926803,-0.13084914394766453,9
future_ret_6m,2015-12-31 00:00:00,FAC_rank_vol_m6_n3_pairwise1,3,Q3,0.7649530616795653,-0.14828099150456098,8
future_ret_6m,2015-12-31 00:00:00,FAC_rank_vol_m6_n3_pairwise1,4,Q4,0.8115515852901226,-0.10359331073941963,9
future_ret_6m,2015-12-31 00:00:00,FAC_rank_vol_m6_n3_pairwise1,5,High,0.8908833655605393,-0.10838569489060491,9
future_ret_6m,2016-03-31 00:00:00,FAC_rank_vol_m6_n3_pairwise1,1,Low,0.5966272042199063,0.036327676207152694,10
future_ret_6m,2016-03-31 00:00:00,FAC_rank_vol_m6_n3_pairwise1,2,Q2,0.7116626794156906,0.030786900542564968,9
future_ret_6m,2016-03-31 00:00:00,FAC_rank_vol_m6_n3_pairwise1,3,Q3,0.7773771668859025,0.07987973586770779,9
future_ret_6m,2016-03-31 00:00:00,FAC_rank_vol_m6_n3_pairwise1,4,Q4,0.8346061115025455,0.05817314595458743,9
future_ret_6m,2016-03-31 00:00:00,FAC_rank_vol_m6_n3_pairwise1,5,High,0.8811249163348162,0.04452599737974933,10
future_ret_6m,2016-06-30 00:00:00,FAC_rank_vol_m6_n3_pairwise1,1,Low,0.6510830035348009,-0.01893121711745215,11
future_ret_6m,2016-06-30 00:00:00,FAC_rank_vol_m6_n3_pairwise1,2,Q2,0.7378576004432682,-0.013815895443357628,10
future_ret_6m,2016-06-30 00:00:00,FAC_rank_vol_m6_n3_pairwise1,3,Q3,0.7880990635155165,0.028240067417839142,10
future_ret_6m,2016-06-30 00:00:00,FAC_rank_vol_m6_n3_pairwise1,4,Q4,0.8320626438183298,0.038146579903528585,10
future_ret_6m,2016-06-30 00:00:00,FAC_rank_vol_m6_n3_pairwise1,5,High,0.892239395265112,0.032311053863576036,10
future_ret_6m,2016-09-30 00:00:00,FAC_rank_vol_m6_n3_pairwise1,1,Low,0.6908707676967486,0.014849811345453242,13
future_ret_6m,2016-09-30 00:00:00,FAC_rank_vol_m6_n3_pairwise1,2,Q2,0.7492807369369808,0.03360343187710608,12
future_ret_6m,2016-09-30 00:00:00,FAC_rank_vol_m6_n3_pairwise1,3,Q3,0.7889065604434738,0.0014749528813587838,12
future_ret_6m,2016-09-30 00:00:00,FAC_rank_vol_m6_n3_pairwise1,4,Q4,0.8332381996234531,0.03228496482583162,12
future_ret_6m,2016-09-30 00:00:00,FAC_rank_vol_m6_n3_pairwise1,5,High,0.8862580303492599,0.017017509322066394,13
future_ret_6m,2016-12-30 00:00:00,FAC_rank_vol_m6_n3_pairwise1,1,Low,0.6775746568286489,0.07397418892064335,18
future_ret_6m,2016-12-30 00:00:00,FAC_rank_vol_m6_n3_pairwise1,2,Q2,0.7721402223187406,0.09701210382750511,17
future_ret_6m,2016-12-30 00:00:00,FAC_rank_vol_m6_n3_pairwise1,3,Q3,0.811789424010657,0.07269577108357546,17
future_ret_6m,2016-12-30 00:00:00,FAC_rank_vol_m6_n3_pairwise1,4,Q4,0.8584239327594644,0.05158019852157586,17
future_ret_6m,2016-12-30 00:00:00,FAC_rank_vol_m6_n3_pairwise1,5,High,0.9078033924279832,0.04046583516233346,17
future_ret_6m,2017-03-31 00:00:00,FAC_rank_vol_m6_n3_pairwise1,1,Low,0.6352430626784183,0.10442626916699416,22
future_ret_6m,2017-03-31 00:00:00,FAC_rank_vol_m6_n3_pairwise1,2,Q2,0.7465879054878247,0.10207840711110115,22
future_ret_6m,2017-03-31 00:00:00,FAC_rank_vol_m6_n3_pairwise1,3,Q3,0.7977810821477731,0.07826094142005446,22
future_ret_6m,2017-03-31 00:00:00,FAC_rank_vol_m6_n3_pairwise1,4,Q4,0.8527227418330898,0.09585544932845913,22
future_ret_6m,2017-03-31 00:00:00,FAC_rank_vol_m6_n3_pairwise1,5,High,0.9099923584670684,0.10890754690499435,22
future_ret_6m,2017-06-30 00:00:00,FAC_rank_vol_m6_n3_pairwise1,1,Low,0.676006357250116,0.10882827117798534,23
future_ret_6m,2017-06-30 00:00:00,FAC_rank_vol_m6_n3_pairwise1,2,Q2,0.7916151448410353,0.1037409332130127,23
future_ret_6m,2017-06-30 00:00:00,FAC_rank_vol_m6_n3_pairwise1,3,Q3,0.8443756263043606,0.1112916652621037,23
future_ret_6m,2017-06-30 00:00:00,FAC_rank_vol_m6_n3_pairwise1,4,Q4,0.882505900554159,0.11443740978892816,23
future_ret_6m,2017-06-30 00:00:00,FAC_rank_vol_m6_n3_pairwise1,5,High,0.9339257805458104,0.13055025785494795,23
future_ret_6m,2017-09-29 00:00:00,FAC_rank_vol_m6_n3_pairwise1,1,Low,0.6839554114027954,0.021363629879513717,26
future_ret_6m,2017-09-29 00:00:00,FAC_rank_vol_m6_n3_pairwise1,2,Q2,0.7641380432118386,0.020745752757813353,25
future_ret_6m,2017-09-29 00:00:00,FAC_rank_vol_m6_n3_pairwise1,3,Q3,0.8126927594143816,0.031375632384911284,26
future_ret_6m,2017-09-29 00:00:00,FAC_rank_vol_m6_n3_pairwise1,4,Q4,0.8574985696255457,0.03508989066841939,25
future_ret_6m,2017-09-29 00:00:00,FAC_rank_vol_m6_n3_pairwise1,5,High,0.9157525453386041,0.024765228215216102,26
future_ret_6m,2017-12-29 00:00:00,FAC_rank_vol_m6_n3_pairwise1,1,Low,0.6446795672238183,-0.07959664840102006,28
future_ret_6m,2017-12-29 00:00:00,FAC_rank_vol_m6_n3_pairwise1,2,Q2,0.7411651198566029,-0.09426236238079039,27
future_ret_6m,2017-12-29 00:00:00,FAC_rank_vol_m6_n3_pairwise1,3,Q3,0.7958143078664355,-0.06641964815514975,27
future_ret_6m,2017-12-29 00:00:00,FAC_rank_vol_m6_n3_pairwise1,4,Q4,0.8441866797884175,-0.09975816705705844,27
future_ret_6m,2017-12-29 00:00:00,FAC_rank_vol_m6_n3_pairwise1,5,High,0.9113694304237545,-0.0950243074973707,27
future_ret_6m,2018-03-30 00:00:00,FAC_rank_vol_m6_n3_pairwise1,1,Low,0.6540205620274783,-0.15431868657678424,27
future_ret_6m,2018-03-30 00:00:00,FAC_rank_vol_m6_n3_pairwise1,2,Q2,0.7379766799139955,-0.13020454665941683,27
future_ret_6m,2018-03-30 00:00:00,FAC_rank_vol_m6_n3_pairwise1,3,Q3,0.7811915547371882,-0.13695871737687673,26
future_ret_6m,2018-03-30 00:00:00,FAC_rank_vol_m6_n3_pairwise1,4,Q4,0.8227395593286599,-0.10589819400770878,27
future_ret_6m,2018-03-30 00:00:00,FAC_rank_vol_m6_n3_pairwise1,5,High,0.893130550827069,-0.13040031696381357,27
future_ret_6m,2018-06-29 00:00:00,FAC_rank_vol_m6_n3_pairwise1,1,Low,0.638071100986013,-0.20729399062619697,28
future_ret_6m,2018-06-29 00:00:00,FAC_rank_vol_m6_n3_pairwise1,2,Q2,0.712149734557811,-0.17218146419592179,28
future_ret_6m,2018-06-29 00:00:00,FAC_rank_vol_m6_n3_pairwise1,3,Q3,0.7672572401929754,-0.183726998926325,27
future_ret_6m,2018-06-29 00:00:00,FAC_rank_vol_m6_n3_pairwise1,4,Q4,0.8286472277805659,-0.16485322578925837,28
future_ret_6m,2018-06-29 00:00:00,FAC_rank_vol_m6_n3_pairwise1,5,High,0.8953738948059625,-0.14685342279680516,28
future_ret_6m,2018-09-28 00:00:00,FAC_rank_vol_m6_n3_pairwise1,1,Low,0.6212066086546099,0.13020787312434826,28
future_ret_6m,2018-09-28 00:00:00,FAC_rank_vol_m6_n3_pairwise1,2,Q2,0.7015178451537456,0.13411262105112065,27
future_ret_6m,2018-09-28 00:00:00,FAC_rank_vol_m6_n3_pairwise1,3,Q3,0.7721261928346452,0.12413294924206435,27
future_ret_6m,2018-09-28 00:00:00,FAC_rank_vol_m6_n3_pairwise1,4,Q4,0.8382324564694548,0.12722244302927968,27
future_ret_6m,2018-09-28 00:00:00,FAC_rank_vol_m6_n3_pairwise1,5,High,0.8905775936507003,0.12407192029006764,27
future_ret_6m,2018-12-28 00:00:00,FAC_rank_vol_m6_n3_pairwise1,1,Low,0.6861310777524174,0.2552538112443291,28
future_ret_6m,2018-12-28 00:00:00,FAC_rank_vol_m6_n3_pairwise1,2,Q2,0.7605477044746386,0.23796506883169577,27
future_ret_6m,2018-12-28 00:00:00,FAC_rank_vol_m6_n3_pairwise1,3,Q3,0.8161221509939998,0.24309978705186505,28
future_ret_6m,2018-12-28 00:00:00,FAC_rank_vol_m6_n3_pairwise1,4,Q4,0.8645894661890705,0.22386196616317303,27
future_ret_6m,2018-12-28 00:00:00,FAC_rank_vol_m6_n3_pairwise1,5,High,0.9259057849061787,0.1978912727694617,28
future_ret_6m,2019-03-29 00:00:00,FAC_rank_vol_m6_n3_pairwise1,1,Low,0.6110740449219502,0.05740530328266067,29
future_ret_6m,2019-03-29 00:00:00,FAC_rank_vol_m6_n3_pairwise1,2,Q2,0.7132479158926691,0.05724681052365894,28
future_ret_6m,2019-03-29 00:00:00,FAC_rank_vol_m6_n3_pairwise1,3,Q3,0.7663172439881691,0.035693684377563366,29
future_ret_6m,2019-03-29 00:00:00,FAC_rank_vol_m6_n3_pairwise1,4,Q4,0.8188943753849384,0.07029824441128617,28
future_ret_6m,2019-03-29 00:00:00,FAC_rank_vol_m6_n3_pairwise1,5,High,0.8827450575491298,0.06773516021563855,29
future_ret_6m,2019-06-28 00:00:00,FAC_rank_vol_m6_n3_pairwise1,1,Low,0.6286999191104814,0.22020666298984104,30
future_ret_6m,2019-06-28 00:00:00,FAC_rank_vol_m6_n3_pairwise1,2,Q2,0.7247433758493569,0.23703596525269205,29
future_ret_6m,2019-06-28 00:00:00,FAC_rank_vol_m6_n3_pairwise1,3,Q3,0.8015217475920997,0.18574392392299752,30
future_ret_6m,2019-06-28 00:00:00,FAC_rank_vol_m6_n3_pairwise1,4,Q4,0.8603356432389387,0.1747065663064119,29
future_ret_6m,2019-06-28 00:00:00,FAC_rank_vol_m6_n3_pairwise1,5,High,0.9250246644552537,0.1672165237582879,30
future_ret_6m,2019-09-30 00:00:00,FAC_rank_vol_m6_n3_pairwise1,1,Low,0.6383761499566528,0.13232707793360945,30
future_ret_6m,2019-09-30 00:00:00,FAC_rank_vol_m6_n3_pairwise1,2,Q2,0.7097467386789608,0.09807835164841736,30
future_ret_6m,2019-09-30 00:00:00,FAC_rank_vol_m6_n3_pairwise1,3,Q3,0.7688451232007396,0.11041616921170047,30
future_ret_6m,2019-09-30 00:00:00,FAC_rank_vol_m6_n3_pairwise1,4,Q4,0.8357797908901944,0.11490383758862158,30
future_ret_6m,2019-09-30 00:00:00,FAC_rank_vol_m6_n3_pairwise1,5,High,0.8931026983731523,0.14077961134201614,30
future_ret_6m,2019-12-31 00:00:00,FAC_rank_vol_m6_n3_pairwise1,1,Low,0.6577328785583982,0.42475902630048945,34
future_ret_6m,2019-12-31 00:00:00,FAC_rank_vol_m6_n3_pairwise1,2,Q2,0.7301710073706172,0.3106881396936283,34
future_ret_6m,2019-12-31 00:00:00,FAC_rank_vol_m6_n3_pairwise1,3,Q3,0.7886246665132156,0.33442627148691195,34
future_ret_6m,2019-12-31 00:00:00,FAC_rank_vol_m6_n3_pairwise1,4,Q4,0.845378802864238,0.29212005240815864,34
future_ret_6m,2019-12-31 00:00:00,FAC_rank_vol_m6_n3_pairwise1,5,High,0.9053711401121568,0.2971503218503811,34
future_ret_6m,2020-03-31 00:00:00,FAC_rank_vol_m6_n3_pairwise1,1,Low,0.6667302221926265,0.4702849614548135,36
future_ret_6m,2020-03-31 00:00:00,FAC_rank_vol_m6_n3_pairwise1,2,Q2,0.7476991076610952,0.4090538534808736,35
future_ret_6m,2020-03-31 00:00:00,FAC_rank_vol_m6_n3_pairwise1,3,Q3,0.8137462062332924,0.4016968167551037,35
future_ret_6m,2020-03-31 00:00:00,FAC_rank_vol_m6_n3_pairwise1,4,Q4,0.8641208930867008,0.4260247538775256,35
future_ret_6m,2020-03-31 00:00:00,FAC_rank_vol_m6_n3_pairwise1,5,High,0.9169431233925942,0.42211252380900716,36
future_ret_6m,2020-06-30 00:00:00,FAC_rank_vol_m6_n3_pairwise1,1,Low,0.6264059196466282,0.226915345089745,38
future_ret_6m,2020-06-30 00:00:00,FAC_rank_vol_m6_n3_pairwise1,2,Q2,0.7036293139640756,0.3210363562171651,37
future_ret_6m,2020-06-30 00:00:00,FAC_rank_vol_m6_n3_pairwise1,3,Q3,0.7694019389075283,0.2718633871138304,37
future_ret_6m,2020-06-30 00:00:00,FAC_rank_vol_m6_n3_pairwise1,4,Q4,0.8432825147490212,0.29089468277245695,37
future_ret_6m,2020-06-30 00:00:00,FAC_rank_vol_m6_n3_pairwise1,5,High,0.9005201903585582,0.27162794309455796,37
future_ret_6m,2020-09-30 00:00:00,FAC_rank_vol_m6_n3_pairwise1,1,Low,0.6320770328559634,0.08654952310017468,40
future_ret_6m,2020-09-30 00:00:00,FAC_rank_vol_m6_n3_pairwise1,2,Q2,0.7244544311580926,0.11562431189103833,39
future_ret_6m,2020-09-30 00:00:00,FAC_rank_vol_m6_n3_pairwise1,3,Q3,0.787184139389856,0.12129801147833201,40
future_ret_6m,2020-09-30 00:00:00,FAC_rank_vol_m6_n3_pairwise1,4,Q4,0.8476372680896815,0.13902393358697046,39
future_ret_6m,2020-09-30 00:00:00,FAC_rank_vol_m6_n3_pairwise1,5,High,0.9059254671482112,0.14992063666013294,40
future_ret_6m,2020-12-31 00:00:00,FAC_rank_vol_m6_n3_pairwise1,1,Low,0.6648733609687975,0.11518418702020745,44
future_ret_6m,2020-12-31 00:00:00,FAC_rank_vol_m6_n3_pairwise1,2,Q2,0.7527198602266444,0.09712439833132863,43
future_ret_6m,2020-12-31 00:00:00,FAC_rank_vol_m6_n3_pairwise1,3,Q3,0.7952147271992751,0.09215246473254118,44
future_ret_6m,2020-12-31 00:00:00,FAC_rank_vol_m6_n3_pairwise1,4,Q4,0.8441286412444822,0.07933455742756465,43
future_ret_6m,2020-12-31 00:00:00,FAC_rank_vol_m6_n3_pairwise1,5,High,0.9099424650248554,0.10338241408089627,44
future_ret_6m,2021-03-31 00:00:00,FAC_rank_vol_m6_n3_pairwise1,1,Low,0.6376965882094542,0.24060193217061404,46
future_ret_6m,2021-03-31 00:00:00,FAC_rank_vol_m6_n3_pairwise1,2,Q2,0.7312465833106626,0.09683677289058995,46
future_ret_6m,2021-03-31 00:00:00,FAC_rank_vol_m6_n3_pairwise1,3,Q3,0.7864490088572625,0.07645414504550048,46
future_ret_6m,2021-03-31 00:00:00,FAC_rank_vol_m6_n3_pairwise1,4,Q4,0.8316533355333801,0.09531275180650697,46
future_ret_6m,2021-03-31 00:00:00,FAC_rank_vol_m6_n3_pairwise1,5,High,0.904161876735183,0.06264777177798195,46
future_ret_6m,2021-06-30 00:00:00,FAC_rank_vol_m6_n3_pairwise1,1,Low,0.6215622482393214,0.04531196072132653,52
future_ret_6m,2021-06-30 00:00:00,FAC_rank_vol_m6_n3_pairwise1,2,Q2,0.6986752947142371,-0.005482873525296241,51
future_ret_6m,2021-06-30 00:00:00,FAC_rank_vol_m6_n3_pairwise1,3,Q3,0.7671503610451039,-0.05274795227972978,51
future_ret_6m,2021-06-30 00:00:00,FAC_rank_vol_m6_n3_pairwise1,4,Q4,0.8137083034360495,-0.04426864980129293,51
future_ret_6m,2021-06-30 00:00:00,FAC_rank_vol_m6_n3_pairwise1,5,High,0.8714429948561525,-0.022723764270345028,52
future_ret_6m,2021-09-30 00:00:00,FAC_rank_vol_m6_n3_pairwise1,1,Low,0.6275214588514196,-0.1767303004721886,57
future_ret_6m,2021-09-30 00:00:00,FAC_rank_vol_m6_n3_pairwise1,2,Q2,0.7110482266464337,-0.12763927093826585,56
future_ret_6m,2021-09-30 00:00:00,FAC_rank_vol_m6_n3_pairwise1,3,Q3,0.7656934116106239,-0.15073676399883723,56
future_ret_6m,2021-09-30 00:00:00,FAC_rank_vol_m6_n3_pairwise1,4,Q4,0.8228653449696682,-0.12812651076098483,56
future_ret_6m,2021-09-30 00:00:00,FAC_rank_vol_m6_n3_pairwise1,5,High,0.9017067823097481,-0.1399801126817328,57
future_ret_6m,2021-12-31 00:00:00,FAC_rank_vol_m6_n3_pairwise1,1,Low,0.6295992974243695,-0.09597722035920343,60
future_ret_6m,2021-12-31 00:00:00,FAC_rank_vol_m6_n3_pairwise1,2,Q2,0.7314683047523877,-0.08727528276788121,59
future_ret_6m,2021-12-31 00:00:00,FAC_rank_vol_m6_n3_pairwise1,3,Q3,0.783367081742525,-0.11832106756166676,60
future_ret_6m,2021-12-31 00:00:00,FAC_rank_vol_m6_n3_pairwise1,4,Q4,0.8342785729373388,-0.09526467744986161,59
future_ret_6m,2021-12-31 00:00:00,FAC_rank_vol_m6_n3_pairwise1,5,High,0.9016677573947293,-0.11290845884498513,60
future_ret_6m,2022-03-31 00:00:00,FAC_rank_vol_m6_n3_pairwise1,1,Low,0.662187829931949,-0.049059095784196094,66
future_ret_6m,2022-03-31 00:00:00,FAC_rank_vol_m6_n3_pairwise1,2,Q2,0.7341284986925168,-0.032097882382077975,65
future_ret_6m,2022-03-31 00:00:00,FAC_rank_vol_m6_n3_pairwise1,3,Q3,0.7851092760703582,-0.031001473270952807,66
future_ret_6m,2022-03-31 00:00:00,FAC_rank_vol_m6_n3_pairwise1,4,Q4,0.8339743569008944,-0.030265367180664617,65
future_ret_6m,2022-03-31 00:00:00,FAC_rank_vol_m6_n3_pairwise1,5,High,0.8901910110837261,-0.05124146044652559,66
future_ret_6m,2022-06-30 00:00:00,FAC_rank_vol_m6_n3_pairwise1,1,Low,0.6554198882921893,-0.08473394500822211,76
future_ret_6m,2022-06-30 00:00:00,FAC_rank_vol_m6_n3_pairwise1,2,Q2,0.7350560111738629,-0.10740427014133051,75
future_ret_6m,2022-06-30 00:00:00,FAC_rank_vol_m6_n3_pairwise1,3,Q3,0.7863089518871095,-0.11230394945815049,76
future_ret_6m,2022-06-30 00:00:00,FAC_rank_vol_m6_n3_pairwise1,4,Q4,0.8290215113208522,-0.10559233821921818,75
future_ret_6m,2022-06-30 00:00:00,FAC_rank_vol_m6_n3_pairwise1,5,High,0.8884905897318625,-0.10823459296464727,76
future_ret_6m,2007-12-28 00:00:00,FAC_rank_vol_m6_n6_pairwise1,1,Low,0.7567411788239756,,1
future_ret_6m,2007-12-28 00:00:00,FAC_rank_vol_m6_n6_pairwise1,2,Q2,0.8285572193995919,,1
future_ret_6m,2007-12-28 00:00:00,FAC_rank_vol_m6_n6_pairwise1,3,Q3,0.889903623487364,,1
future_ret_6m,2007-12-28 00:00:00,FAC_rank_vol_m6_n6_pairwise1,4,Q4,0.8925381345217359,,1
future_ret_6m,2007-12-28 00:00:00,FAC_rank_vol_m6_n6_pairwise1,5,High,0.9075539677713035,,1
future_ret_6m,2008-03-31 00:00:00,FAC_rank_vol_m6_n6_pairwise1,1,Low,0.7024034902932217,,1
future_ret_6m,2008-03-31 00:00:00,FAC_rank_vol_m6_n6_pairwise1,2,Q2,0.7502819409319914,,1
future_ret_6m,2008-03-31 00:00:00,FAC_rank_vol_m6_n6_pairwise1,3,Q3,0.7512628674605913,,1
future_ret_6m,2008-03-31 00:00:00,FAC_rank_vol_m6_n6_pairwise1,4,Q4,0.8301144175890399,,1
future_ret_6m,2008-03-31 00:00:00,FAC_rank_vol_m6_n6_pairwise1,5,High,0.8938534965147455,,1
future_ret_6m,2008-06-30 00:00:00,FAC_rank_vol_m6_n6_pairwise1,1,Low,0.7200792331652383,,2
future_ret_6m,2008-06-30 00:00:00,FAC_rank_vol_m6_n6_pairwise1,2,Q2,0.7536535373086802,,1
future_ret_6m,2008-06-30 00:00:00,FAC_rank_vol_m6_n6_pairwise1,3,Q3,0.8282629196111446,,1
future_ret_6m,2008-06-30 00:00:00,FAC_rank_vol_m6_n6_pairwise1,4,Q4,0.8457911480773068,,1
future_ret_6m,2008-06-30 00:00:00,FAC_rank_vol_m6_n6_pairwise1,5,High,0.8735736235418837,,2
future_ret_6m,2008-09-26 00:00:00,FAC_rank_vol_m6_n6_pairwise1,1,Low,0.7625045351094993,,2
future_ret_6m,2008-09-26 00:00:00,FAC_rank_vol_m6_n6_pairwise1,2,Q2,0.8127062092613921,,1
future_ret_6m,2008-09-26 00:00:00,FAC_rank_vol_m6_n6_pairwise1,3,Q3,0.8238267856751365,,2
future_ret_6m,2008-09-26 00:00:00,FAC_rank_vol_m6_n6_pairwise1,4,Q4,0.8759098326958253,,1
future_ret_6m,2008-09-26 00:00:00,FAC_rank_vol_m6_n6_pairwise1,5,High,0.9666237402241488,,2
future_ret_6m,2008-12-31 00:00:00,FAC_rank_vol_m6_n6_pairwise1,1,Low,0.7488183042410451,,3
future_ret_6m,2008-12-31 00:00:00,FAC_rank_vol_m6_n6_pairwise1,2,Q2,0.8592973207798192,,2
future_ret_6m,2008-12-31 00:00:00,FAC_rank_vol_m6_n6_pairwise1,3,Q3,0.8845295441630361,,2
future_ret_6m,2008-12-31 00:00:00,FAC_rank_vol_m6_n6_pairwise1,4,Q4,0.9097524713220186,,2
future_ret_6m,2008-12-31 00:00:00,FAC_rank_vol_m6_n6_pairwise1,5,High,0.9311211391858866,,3
future_ret_6m,2009-03-31 00:00:00,FAC_rank_vol_m6_n6_pairwise1,1,Low,0.7181374002472783,,3
future_ret_6m,2009-03-31 00:00:00,FAC_rank_vol_m6_n6_pairwise1,2,Q2,0.7771896383726279,,3
future_ret_6m,2009-03-31 00:00:00,FAC_rank_vol_m6_n6_pairwise1,3,Q3,0.8294242303721554,,3
future_ret_6m,2009-03-31 00:00:00,FAC_rank_vol_m6_n6_pairwise1,4,Q4,0.8823213326333966,,3
future_ret_6m,2009-03-31 00:00:00,FAC_rank_vol_m6_n6_pairwise1,5,High,0.9411899344189053,,3
future_ret_6m,2009-06-30 00:00:00,FAC_rank_vol_m6_n6_pairwise1,1,Low,0.6864044149328397,,3
future_ret_6m,2009-06-30 00:00:00,FAC_rank_vol_m6_n6_pairwise1,2,Q2,0.733827065710772,,3
future_ret_6m,2009-06-30 00:00:00,FAC_rank_vol_m6_n6_pairwise1,3,Q3,0.8149145531087034,,2
future_ret_6m,2009-06-30 00:00:00,FAC_rank_vol_m6_n6_pairwise1,4,Q4,0.8539017455187956,,3
future_ret_6m,2009-06-30 00:00:00,FAC_rank_vol_m6_n6_pairwise1,5,High,0.933899176043569,,3
future_ret_6m,2009-09-30 00:00:00,FAC_rank_vol_m6_n6_pairwise1,1,Low,0.732289403834443,,4
future_ret_6m,2009-09-30 00:00:00,FAC_rank_vol_m6_n6_pairwise1,2,Q2,0.8134044088649452,,3
future_ret_6m,2009-09-30 00:00:00,FAC_rank_vol_m6_n6_pairwise1,3,Q3,0.862885712636927,,3
future_ret_6m,2009-09-30 00:00:00,FAC_rank_vol_m6_n6_pairwise1,4,Q4,0.8926162109660399,,3
future_ret_6m,2009-09-30 00:00:00,FAC_rank_vol_m6_n6_pairwise1,5,High,0.9154867207943034,,4
future_ret_6m,2009-12-31 00:00:00,FAC_rank_vol_m6_n6_pairwise1,1,Low,0.7435371208597512,-0.15655359581879819,5
future_ret_6m,2009-12-31 00:00:00,FAC_rank_vol_m6_n6_pairwise1,2,Q2,0.8126233495684766,,4
future_ret_6m,2009-12-31 00:00:00,FAC_rank_vol_m6_n6_pairwise1,3,Q3,0.8524653092342291,,4
future_ret_6m,2009-12-31 00:00:00,FAC_rank_vol_m6_n6_pairwise1,4,Q4,0.8872225024523592,,4
future_ret_6m,2009-12-31 00:00:00,FAC_rank_vol_m6_n6_pairwise1,5,High,0.933965366920436,-0.20608834478354324,5
future_ret_6m,2010-03-31 00:00:00,FAC_rank_vol_m6_n6_pairwise1,1,Low,0.7539914745215204,-0.051433868559924975,5
future_ret_6m,2010-03-31 00:00:00,FAC_rank_vol_m6_n6_pairwise1,2,Q2,0.7947414813046528,0.01651187073162892,5
future_ret_6m,2010-03-31 00:00:00,FAC_rank_vol_m6_n6_pairwise1,3,Q3,0.8455770573519571,0.03844561633144481,5
future_ret_6m,2010-03-31 00:00:00,FAC_rank_vol_m6_n6_pairwise1,4,Q4,0.8810557241116388,-0.03341601199621771,5
future_ret_6m,2010-03-31 00:00:00,FAC_rank_vol_m6_n6_pairwise1,5,High,0.935342011267216,0.01873845687401323,5
future_ret_6m,2010-06-30 00:00:00,FAC_rank_vol_m6_n6_pairwise1,1,Low,0.7444303129105768,0.2580688494878399,6
future_ret_6m,2010-06-30 00:00:00,FAC_rank_vol_m6_n6_pairwise1,2,Q2,0.8121211116120088,0.2834961023201325,5
future_ret_6m,2010-06-30 00:00:00,FAC_rank_vol_m6_n6_pairwise1,3,Q3,0.8564923536367498,0.3352005069368249,5
future_ret_6m,2010-06-30 00:00:00,FAC_rank_vol_m6_n6_pairwise1,4,Q4,0.8812351553680481,0.24665718659868344,5
future_ret_6m,2010-06-30 00:00:00,FAC_rank_vol_m6_n6_pairwise1,5,High,0.9101413171352037,0.3037323882041642,5
future_ret_6m,2010-09-30 00:00:00,FAC_rank_vol_m6_n6_pairwise1,1,Low,0.8163969663398694,0.03042896472635335,5
future_ret_6m,2010-09-30 00:00:00,FAC_rank_vol_m6_n6_pairwise1,2,Q2,0.8942203405640303,-0.00010024676367363927,5
future_ret_6m,2010-09-30 00:00:00,FAC_rank_vol_m6_n6_pairwise1,3,Q3,0.917202208677385,0.030693181892517664,5
future_ret_6m,2010-09-30 00:00:00,FAC_rank_vol_m6_n6_pairwise1,4,Q4,0.9402321139997541,0.04087861324533559,5
future_ret_6m,2010-09-30 00:00:00,FAC_rank_vol_m6_n6_pairwise1,5,High,0.9847160724653063,-0.003024354689971043,5
future_ret_6m,2010-12-31 00:00:00,FAC_rank_vol_m6_n6_pairwise1,1,Low,0.7470372009111661,-0.06435930848786213,6
future_ret_6m,2010-12-31 00:00:00,FAC_rank_vol_m6_n6_pairwise1,2,Q2,0.8192196967144444,-0.040974014239978464,5
future_ret_6m,2010-12-31 00:00:00,FAC_rank_vol_m6_n6_pairwise1,3,Q3,0.8638448198289088,-0.10060178159663516,5
future_ret_6m,2010-12-31 00:00:00,FAC_rank_vol_m6_n6_pairwise1,4,Q4,0.9036800388207384,-0.09938829025717184,5
future_ret_6m,2010-12-31 00:00:00,FAC_rank_vol_m6_n6_pairwise1,5,High,0.9507302731597097,-0.07655991893610474,5
future_ret_6m,2011-03-31 00:00:00,FAC_rank_vol_m6_n6_pairwise1,1,Low,0.7091886575457828,-0.17833488765590605,5
future_ret_6m,2011-03-31 00:00:00,FAC_rank_vol_m6_n6_pairwise1,2,Q2,0.8100780413802611,-0.1606362017974409,5
future_ret_6m,2011-03-31 00:00:00,FAC_rank_vol_m6_n6_pairwise1,3,Q3,0.8521527046252718,-0.1439616458381274,5
future_ret_6m,2011-03-31 00:00:00,FAC_rank_vol_m6_n6_pairwise1,4,Q4,0.8977283299020279,-0.1647869255515737,5
future_ret_6m,2011-03-31 00:00:00,FAC_rank_vol_m6_n6_pairwise1,5,High,0.9473306879168735,-0.1288064012155699,5
future_ret_6m,2011-06-30 00:00:00,FAC_rank_vol_m6_n6_pairwise1,1,Low,0.6559910964072548,-0.17736082938712014,6
future_ret_6m,2011-06-30 00:00:00,FAC_rank_vol_m6_n6_pairwise1,2,Q2,0.7919096236686151,-0.17929248759273902,5
future_ret_6m,2011-06-30 00:00:00,FAC_rank_vol_m6_n6_pairwise1,3,Q3,0.8692751984285298,-0.197561796457209,5
future_ret_6m,2011-06-30 00:00:00,FAC_rank_vol_m6_n6_pairwise1,4,Q4,0.9122581603492275,-0.19590003662231315,5
future_ret_6m,2011-06-30 00:00:00,FAC_rank_vol_m6_n6_pairwise1,5,High,0.9463779488962493,-0.2051711347516866,5
future_ret_6m,2011-09-30 00:00:00,FAC_rank_vol_m6_n6_pairwise1,1,Low,0.6588169055287781,-0.054884977619925036,6
future_ret_6m,2011-09-30 00:00:00,FAC_rank_vol_m6_n6_pairwise1,2,Q2,0.799842662051108,-0.05821924015379467,6
future_ret_6m,2011-09-30 00:00:00,FAC_rank_vol_m6_n6_pairwise1,3,Q3,0.8351693104072021,-0.0821834782713889,6
future_ret_6m,2011-09-30 00:00:00,FAC_rank_vol_m6_n6_pairwise1,4,Q4,0.8736491975691809,-0.057683787022105214,6
future_ret_6m,2011-09-30 00:00:00,FAC_rank_vol_m6_n6_pairwise1,5,High,0.913651665200789,-0.05895357260666021,6
future_ret_6m,2011-12-30 00:00:00,FAC_rank_vol_m6_n6_pairwise1,1,Low,0.7207818648004994,0.04615376833643002,7
future_ret_6m,2011-12-30 00:00:00,FAC_rank_vol_m6_n6_pairwise1,2,Q2,0.7947016813555878,0.0314306675107849,7
future_ret_6m,2011-12-30 00:00:00,FAC_rank_vol_m6_n6_pairwise1,3,Q3,0.8639569631054558,0.048481529730151206,6
future_ret_6m,2011-12-30 00:00:00,FAC_rank_vol_m6_n6_pairwise1,4,Q4,0.8970493633142079,0.04795819087257147,7
future_ret_6m,2011-12-30 00:00:00,FAC_rank_vol_m6_n6_pairwise1,5,High,0.9408151365893188,0.06409917174548538,7
future_ret_6m,2012-03-30 00:00:00,FAC_rank_vol_m6_n6_pairwise1,1,Low,0.681306260391974,0.0031296334582578966,6
future_ret_6m,2012-03-30 00:00:00,FAC_rank_vol_m6_n6_pairwise1,2,Q2,0.7859943246742619,-0.022893323523651383,6
future_ret_6m,2012-03-30 00:00:00,FAC_rank_vol_m6_n6_pairwise1,3,Q3,0.852177630422335,-0.0014288681644236318,6
future_ret_6m,2012-03-30 00:00:00,FAC_rank_vol_m6_n6_pairwise1,4,Q4,0.8890843446974143,0.037571072075718026,6
future_ret_6m,2012-03-30 00:00:00,FAC_rank_vol_m6_n6_pairwise1,5,High,0.9222339016198674,0.0177446148525127,6
future_ret_6m,2012-06-29 00:00:00,FAC_rank_vol_m6_n6_pairwise1,1,Low,0.7184503567993797,0.01700092791672543,8
future_ret_6m,2012-06-29 00:00:00,FAC_rank_vol_m6_n6_pairwise1,2,Q2,0.7789786001753806,0.02486900038781286,7
future_ret_6m,2012-06-29 00:00:00,FAC_rank_vol_m6_n6_pairwise1,3,Q3,0.8337248974445075,0.022464824049610397,7
future_ret_6m,2012-06-29 00:00:00,FAC_rank_vol_m6_n6_pairwise1,4,Q4,0.8772157896006281,0.028632061085734146,7
future_ret_6m,2012-06-29 00:00:00,FAC_rank_vol_m6_n6_pairwise1,5,High,0.9431582644144617,0.011021309141915125,7
future_ret_6m,2012-09-28 00:00:00,FAC_rank_vol_m6_n6_pairwise1,1,Low,0.6756880218309579,0.10479014138500586,8
future_ret_6m,2012-09-28 00:00:00,FAC_rank_vol_m6_n6_pairwise1,2,Q2,0.7978967567630444,0.12567892695309887,8
future_ret_6m,2012-09-28 00:00:00,FAC_rank_vol_m6_n6_pairwise1,3,Q3,0.8465859187664865,0.12192919763572518,8
future_ret_6m,2012-09-28 00:00:00,FAC_rank_vol_m6_n6_pairwise1,4,Q4,0.903218031585699,0.11135799849215852,8
future_ret_6m,2012-09-28 00:00:00,FAC_rank_vol_m6_n6_pairwise1,5,High,0.9529834474321262,0.09820760146673041,8
future_ret_6m,2012-12-31 00:00:00,FAC_rank_vol_m6_n6_pairwise1,1,Low,0.7420129877913433,0.15496427516595074,10
future_ret_6m,2012-12-31 00:00:00,FAC_rank_vol_m6_n6_pairwise1,2,Q2,0.844954740733144,0.12568093296873806,10
future_ret_6m,2012-12-31 00:00:00,FAC_rank_vol_m6_n6_pairwise1,3,Q3,0.8684090487636745,0.08315771295187377,9
future_ret_6m,2012-12-31 00:00:00,FAC_rank_vol_m6_n6_pairwise1,4,Q4,0.8968890148361677,0.09343536093551646,10
future_ret_6m,2012-12-31 00:00:00,FAC_rank_vol_m6_n6_pairwise1,5,High,0.952153222172502,0.07237939844259587,10
future_ret_6m,2013-03-29 00:00:00,FAC_rank_vol_m6_n6_pairwise1,1,Low,0.6629402092076403,0.07855059893159619,11
future_ret_6m,2013-03-29 00:00:00,FAC_rank_vol_m6_n6_pairwise1,2,Q2,0.7553532573883075,0.12009141171156239,11
future_ret_6m,2013-03-29 00:00:00,FAC_rank_vol_m6_n6_pairwise1,3,Q3,0.830442989891113,0.15235470685863767,10
future_ret_6m,2013-03-29 00:00:00,FAC_rank_vol_m6_n6_pairwise1,4,Q4,0.8690222827782513,0.22531172254522722,11
future_ret_6m,2013-03-29 00:00:00,FAC_rank_vol_m6_n6_pairwise1,5,High,0.9243213311226938,0.1492035627824999,11
future_ret_6m,2013-06-28 00:00:00,FAC_rank_vol_m6_n6_pairwise1,1,Low,0.7010481794772003,0.13565467166460285,11
future_ret_6m,2013-06-28 00:00:00,FAC_rank_vol_m6_n6_pairwise1,2,Q2,0.7694722004808282,0.1104663442705818,10
future_ret_6m,2013-06-28 00:00:00,FAC_rank_vol_m6_n6_pairwise1,3,Q3,0.8384674085336911,0.12263764755541229,11
future_ret_6m,2013-06-28 00:00:00,FAC_rank_vol_m6_n6_pairwise1,4,Q4,0.8969169319643152,0.10288347860221388,10
future_ret_6m,2013-06-28 00:00:00,FAC_rank_vol_m6_n6_pairwise1,5,High,0.9548874324362697,0.12245108330331488,11
future_ret_6m,2013-09-30 00:00:00,FAC_rank_vol_m6_n6_pairwise1,1,Low,0.7405540828249216,-0.08929828221702593,11
future_ret_6m,2013-09-30 00:00:00,FAC_rank_vol_m6_n6_pairwise1,2,Q2,0.8362082909355532,-0.02573302723977083,11
future_ret_6m,2013-09-30 00:00:00,FAC_rank_vol_m6_n6_pairwise1,3,Q3,0.8789174267318013,-0.07927400159711916,11
future_ret_6m,2013-09-30 00:00:00,FAC_rank_vol_m6_n6_pairwise1,4,Q4,0.9204316126193371,-0.13966219031963475,11
future_ret_6m,2013-09-30 00:00:00,FAC_rank_vol_m6_n6_pairwise1,5,High,0.9627501192514561,-0.10231650483641758,11
future_ret_6m,2013-12-31 00:00:00,FAC_rank_vol_m6_n6_pairwise1,1,Low,0.7435812980640486,-0.03934725860822897,13
future_ret_6m,2013-12-31 00:00:00,FAC_rank_vol_m6_n6_pairwise1,2,Q2,0.824883939224237,0.004276083065320892,12
future_ret_6m,2013-12-31 00:00:00,FAC_rank_vol_m6_n6_pairwise1,3,Q3,0.8854932264672511,0.01775100086613997,12
future_ret_6m,2013-12-31 00:00:00,FAC_rank_vol_m6_n6_pairwise1,4,Q4,0.9181361996610317,-0.021888570896368826,12
future_ret_6m,2013-12-31 00:00:00,FAC_rank_vol_m6_n6_pairwise1,5,High,0.9631798852074401,-0.03179585531027904,12
future_ret_6m,2014-03-31 00:00:00,FAC_rank_vol_m6_n6_pairwise1,1,Low,0.7289222030208448,0.17800553521685117,12
future_ret_6m,2014-03-31 00:00:00,FAC_rank_vol_m6_n6_pairwise1,2,Q2,0.8059968319936317,0.1822395992850873,12
future_ret_6m,2014-03-31 00:00:00,FAC_rank_vol_m6_n6_pairwise1,3,Q3,0.8602193122483519,0.20603431882577103,11
future_ret_6m,2014-03-31 00:00:00,FAC_rank_vol_m6_n6_pairwise1,4,Q4,0.8944839346448515,0.19140316685092185,12
future_ret_6m,2014-03-31 00:00:00,FAC_rank_vol_m6_n6_pairwise1,5,High,0.9451896565104425,0.19258917623061025,12
future_ret_6m,2014-06-30 00:00:00,FAC_rank_vol_m6_n6_pairwise1,1,Low,0.7653474379554637,0.2665783159696659,12
future_ret_6m,2014-06-30 00:00:00,FAC_rank_vol_m6_n6_pairwise1,2,Q2,0.8283094383048577,0.22195259949423923,11
future_ret_6m,2014-06-30 00:00:00,FAC_rank_vol_m6_n6_pairwise1,3,Q3,0.8838088868870887,0.2129184295775999,11
future_ret_6m,2014-06-30 00:00:00,FAC_rank_vol_m6_n6_pairwise1,4,Q4,0.9171734625329596,0.3285742801261842,11
future_ret_6m,2014-06-30 00:00:00,FAC_rank_vol_m6_n6_pairwise1,5,High,0.9634606938783049,0.2656410481986266,12
future_ret_6m,2014-09-30 00:00:00,FAC_rank_vol_m6_n6_pairwise1,1,Low,0.714528110255295,0.4730739709362186,11
future_ret_6m,2014-09-30 00:00:00,FAC_rank_vol_m6_n6_pairwise1,2,Q2,0.8172299150688588,0.5540677555428265,11
future_ret_6m,2014-09-30 00:00:00,FAC_rank_vol_m6_n6_pairwise1,3,Q3,0.8642557044020105,0.5121402866378013,11
future_ret_6m,2014-09-30 00:00:00,FAC_rank_vol_m6_n6_pairwise1,4,Q4,0.8983062046051041,0.4702473225771934,11
future_ret_6m,2014-09-30 00:00:00,FAC_rank_vol_m6_n6_pairwise1,5,High,0.9414232396620928,0.4201546802408853,11
future_ret_6m,2014-12-31 00:00:00,FAC_rank_vol_m6_n6_pairwise1,1,Low,0.7530061089811583,0.5939908086434404,10
future_ret_6m,2014-12-31 00:00:00,FAC_rank_vol_m6_n6_pairwise1,2,Q2,0.7988109885314533,0.5805928302130898,9
future_ret_6m,2014-12-31 00:00:00,FAC_rank_vol_m6_n6_pairwise1,3,Q3,0.8373299030301696,0.6309369421739182,9
future_ret_6m,2014-12-31 00:00:00,FAC_rank_vol_m6_n6_pairwise1,4,Q4,0.8760803971690629,0.5652942714903927,9
future_ret_6m,2014-12-31 00:00:00,FAC_rank_vol_m6_n6_pairwise1,5,High,0.9294998705603671,0.5587986569062721,10
future_ret_6m,2015-03-31 00:00:00,FAC_rank_vol_m6_n6_pairwise1,1,Low,0.6801030302441609,-0.15953753509653562,10
future_ret_6m,2015-03-31 00:00:00,FAC_rank_vol_m6_n6_pairwise1,2,Q2,0.7653235879870817,-0.13657046660637123,9
future_ret_6m,2015-03-31 00:00:00,FAC_rank_vol_m6_n6_pairwise1,3,Q3,0.8229663839511763,-0.1002245134947569,9
future_ret_6m,2015-03-31 00:00:00,FAC_rank_vol_m6_n6_pairwise1,4,Q4,0.8601639972186048,-0.17103566571746467,9
future_ret_6m,2015-03-31 00:00:00,FAC_rank_vol_m6_n6_pairwise1,5,High,0.9267268675925389,-0.08866244197066252,10
future_ret_6m,2015-06-30 00:00:00,FAC_rank_vol_m6_n6_pairwise1,1,Low,0.658350660631823,-0.07137060688950451,8
future_ret_6m,2015-06-30 00:00:00,FAC_rank_vol_m6_n6_pairwise1,2,Q2,0.775923137322527,-0.017775437589342764,7
future_ret_6m,2015-06-30 00:00:00,FAC_rank_vol_m6_n6_pairwise1,3,Q3,0.8539297489300582,-0.05624540219682513,7
future_ret_6m,2015-06-30 00:00:00,FAC_rank_vol_m6_n6_pairwise1,4,Q4,0.8871466774994375,-0.05104036778396264,7
future_ret_6m,2015-06-30 00:00:00,FAC_rank_vol_m6_n6_pairwise1,5,High,0.9331680603821262,-0.05981713728993591,7
future_ret_6m,2015-09-30 00:00:00,FAC_rank_vol_m6_n6_pairwise1,1,Low,0.6141694819773514,0.10033189263273082,7
future_ret_6m,2015-09-30 00:00:00,FAC_rank_vol_m6_n6_pairwise1,2,Q2,0.7286915753493081,0.12909537697326884,7
future_ret_6m,2015-09-30 00:00:00,FAC_rank_vol_m6_n6_pairwise1,3,Q3,0.818503926037189,0.10687015955597887,7
future_ret_6m,2015-09-30 00:00:00,FAC_rank_vol_m6_n6_pairwise1,4,Q4,0.8670324995407237,0.06811196137278751,7
future_ret_6m,2015-09-30 00:00:00,FAC_rank_vol_m6_n6_pairwise1,5,High,0.9030455027777832,0.08319227952149189,7
future_ret_6m,2015-12-31 00:00:00,FAC_rank_vol_m6_n6_pairwise1,1,Low,0.6892519941101893,-0.07111370330301707,8
future_ret_6m,2015-12-31 00:00:00,FAC_rank_vol_m6_n6_pairwise1,2,Q2,0.7886140648149823,-0.12074111870253405,7
future_ret_6m,2015-12-31 00:00:00,FAC_rank_vol_m6_n6_pairwise1,3,Q3,0.8436855473471174,-0.10832687286189713,7
future_ret_6m,2015-12-31 00:00:00,FAC_rank_vol_m6_n6_pairwise1,4,Q4,0.8759152912312914,-0.10667472862546531,7
future_ret_6m,2015-12-31 00:00:00,FAC_rank_vol_m6_n6_pairwise1,5,High,0.9400157492684846,-0.12177919957526892,8
future_ret_6m,2016-03-31 00:00:00,FAC_rank_vol_m6_n6_pairwise1,1,Low,0.7049864183735026,0.05841228255264283,8
future_ret_6m,2016-03-31 00:00:00,FAC_rank_vol_m6_n6_pairwise1,2,Q2,0.8133412374544728,0.06073133418791024,8
future_ret_6m,2016-03-31 00:00:00,FAC_rank_vol_m6_n6_pairwise1,3,Q3,0.855803100005785,0.08401159358008786,8
future_ret_6m,2016-03-31 00:00:00,FAC_rank_vol_m6_n6_pairwise1,4,Q4,0.8908390415150147,0.0565785944904378,8
future_ret_6m,2016-03-31 00:00:00,FAC_rank_vol_m6_n6_pairwise1,5,High,0.9337850609850493,0.06542866145054732,8
future_ret_6m,2016-06-30 00:00:00,FAC_rank_vol_m6_n6_pairwise1,1,Low,0.7135137420139173,0.007425380091021487,9
future_ret_6m,2016-06-30 00:00:00,FAC_rank_vol_m6_n6_pairwise1,2,Q2,0.8124058958547482,-0.027092408883609063,9
future_ret_6m,2016-06-30 00:00:00,FAC_rank_vol_m6_n6_pairwise1,3,Q3,0.85110918289261,0.01618095528274069,8
future_ret_6m,2016-06-30 00:00:00,FAC_rank_vol_m6_n6_pairwise1,4,Q4,0.8806339495730168,0.02322419504935902,9
future_ret_6m,2016-06-30 00:00:00,FAC_rank_vol_m6_n6_pairwise1,5,High,0.9155591535947631,0.007485884516522841,9
future_ret_6m,2016-09-30 00:00:00,FAC_rank_vol_m6_n6_pairwise1,1,Low,0.7614524117365519,0.033118807437477187,9
future_ret_6m,2016-09-30 00:00:00,FAC_rank_vol_m6_n6_pairwise1,2,Q2,0.8132149380949318,0.0049693310224958225,9
future_ret_6m,2016-09-30 00:00:00,FAC_rank_vol_m6_n6_pairwise1,3,Q3,0.8575451325730875,0.030100347909492082,9
future_ret_6m,2016-09-30 00:00:00,FAC_rank_vol_m6_n6_pairwise1,4,Q4,0.8987605853051325,0.025461328783561592,9
future_ret_6m,2016-09-30 00:00:00,FAC_rank_vol_m6_n6_pairwise1,5,High,0.945360278593153,0.020750603488457284,9
future_ret_6m,2016-12-30 00:00:00,FAC_rank_vol_m6_n6_pairwise1,1,Low,0.7662492459529789,0.020552318268257538,12
future_ret_6m,2016-12-30 00:00:00,FAC_rank_vol_m6_n6_pairwise1,2,Q2,0.8393784450386215,0.07785570035750747,12
future_ret_6m,2016-12-30 00:00:00,FAC_rank_vol_m6_n6_pairwise1,3,Q3,0.8769917830268331,0.10316145026453595,11
future_ret_6m,2016-12-30 00:00:00,FAC_rank_vol_m6_n6_pairwise1,4,Q4,0.901584345045217,0.08693221117582146,12
future_ret_6m,2016-12-30 00:00:00,FAC_rank_vol_m6_n6_pairwise1,5,High,0.951153534142981,0.08526158308261907,12
future_ret_6m,2017-03-31 00:00:00,FAC_rank_vol_m6_n6_pairwise1,1,Low,0.7597047780010668,0.06902279567748751,16
future_ret_6m,2017-03-31 00:00:00,FAC_rank_vol_m6_n6_pairwise1,2,Q2,0.8314325126234154,0.07922861248578776,15
future_ret_6m,2017-03-31 00:00:00,FAC_rank_vol_m6_n6_pairwise1,3,Q3,0.8747431607616503,0.08748489639161547,15
future_ret_6m,2017-03-31 00:00:00,FAC_rank_vol_m6_n6_pairwise1,4,Q4,0.9000438263091289,0.09451344104765974,15
future_ret_6m,2017-03-31 00:00:00,FAC_rank_vol_m6_n6_pairwise1,5,High,0.9402585456167375,0.12197990238180667,15
future_ret_6m,2017-06-30 00:00:00,FAC_rank_vol_m6_n6_pairwise1,1,Low,0.7123906308148523,0.1264128793978231,21
future_ret_6m,2017-06-30 00:00:00,FAC_rank_vol_m6_n6_pairwise1,2,Q2,0.8072468185814635,0.11690516703865206,20
future_ret_6m,2017-06-30 00:00:00,FAC_rank_vol_m6_n6_pairwise1,3,Q3,0.8731516547086242,0.10505109714792904,20
future_ret_6m,2017-06-30 00:00:00,FAC_rank_vol_m6_n6_pairwise1,4,Q4,0.9186193823596817,0.10303880564623975,20
future_ret_6m,2017-06-30 00:00:00,FAC_rank_vol_m6_n6_pairwise1,5,High,0.9486323460745792,0.11727993303605025,20
future_ret_6m,2017-09-29 00:00:00,FAC_rank_vol_m6_n6_pairwise1,1,Low,0.7786198495266351,0.01100289471728148,23
future_ret_6m,2017-09-29 00:00:00,FAC_rank_vol_m6_n6_pairwise1,2,Q2,0.8667908524687179,0.022905693739709906,22
future_ret_6m,2017-09-29 00:00:00,FAC_rank_vol_m6_n6_pairwise1,3,Q3,0.9067142124523186,0.001768230349848874,22
future_ret_6m,2017-09-29 00:00:00,FAC_rank_vol_m6_n6_pairwise1,4,Q4,0.935650496070874,0.0484415385146216,22
future_ret_6m,2017-09-29 00:00:00,FAC_rank_vol_m6_n6_pairwise1,5,High,0.9658128911085891,0.03359310094149079,22
future_ret_6m,2017-12-29 00:00:00,FAC_rank_vol_m6_n6_pairwise1,1,Low,0.785478025897128,-0.11221436171962063,24
future_ret_6m,2017-12-29 00:00:00,FAC_rank_vol_m6_n6_pairwise1,2,Q2,0.8494842048670728,-0.07686428824369836,23
future_ret_6m,2017-12-29 00:00:00,FAC_rank_vol_m6_n6_pairwise1,3,Q3,0.8916044263044355,-0.1054358382827227,23
future_ret_6m,2017-12-29 00:00:00,FAC_rank_vol_m6_n6_pairwise1,4,Q4,0.923664940592063,-0.08805024873314136,23
future_ret_6m,2017-12-29 00:00:00,FAC_rank_vol_m6_n6_pairwise1,5,High,0.9538664488210735,-0.08092435427674,23
future_ret_6m,2018-03-30 00:00:00,FAC_rank_vol_m6_n6_pairwise1,1,Low,0.7382191843515242,-0.17809882025552023,25
future_ret_6m,2018-03-30 00:00:00,FAC_rank_vol_m6_n6_pairwise1,2,Q2,0.8246603350003892,-0.13649161643464638,25
future_ret_6m,2018-03-30 00:00:00,FAC_rank_vol_m6_n6_pairwise1,3,Q3,0.8706613003663763,-0.14924569866687512,24
future_ret_6m,2018-03-30 00:00:00,FAC_rank_vol_m6_n6_pairwise1,4,Q4,0.9148733786848723,-0.12942506081163122,25
future_ret_6m,2018-03-30 00:00:00,FAC_rank_vol_m6_n6_pairwise1,5,High,0.9439003716629516,-0.10428787593102372,25
future_ret_6m,2018-06-29 00:00:00,FAC_rank_vol_m6_n6_pairwise1,1,Low,0.7047846175894718,-0.14902467884516546,26
future_ret_6m,2018-06-29 00:00:00,FAC_rank_vol_m6_n6_pairwise1,2,Q2,0.8035952976995925,-0.1780433905301832,25
future_ret_6m,2018-06-29 00:00:00,FAC_rank_vol_m6_n6_pairwise1,3,Q3,0.8672558313209098,-0.1750401429475324,25
future_ret_6m,2018-06-29 00:00:00,FAC_rank_vol_m6_n6_pairwise1,4,Q4,0.9107671332435501,-0.1776896300207888,25
future_ret_6m,2018-06-29 00:00:00,FAC_rank_vol_m6_n6_pairwise1,5,High,0.9509426004677735,-0.1775626648319056,25
future_ret_6m,2018-09-28 00:00:00,FAC_rank_vol_m6_n6_pairwise1,1,Low,0.7532117457002279,0.13633495497257853,26
future_ret_6m,2018-09-28 00:00:00,FAC_rank_vol_m6_n6_pairwise1,2,Q2,0.8192721486779396,0.16445728834379728,25
future_ret_6m,2018-09-28 00:00:00,FAC_rank_vol_m6_n6_pairwise1,3,Q3,0.8601905779297132,0.11891536698431349,25
future_ret_6m,2018-09-28 00:00:00,FAC_rank_vol_m6_n6_pairwise1,4,Q4,0.8962260786103662,0.1420165889010719,25
future_ret_6m,2018-09-28 00:00:00,FAC_rank_vol_m6_n6_pairwise1,5,High,0.9430831647393246,0.10655342148663578,25
future_ret_6m,2018-12-28 00:00:00,FAC_rank_vol_m6_n6_pairwise1,1,Low,0.6782197729645604,0.31230031014621296,26
future_ret_6m,2018-12-28 00:00:00,FAC_rank_vol_m6_n6_pairwise1,2,Q2,0.7828245623059575,0.251098468237477,25
future_ret_6m,2018-12-28 00:00:00,FAC_rank_vol_m6_n6_pairwise1,3,Q3,0.8336380738753002,0.2235317871097281,25
future_ret_6m,2018-12-28 00:00:00,FAC_rank_vol_m6_n6_pairwise1,4,Q4,0.8879275777900859,0.23559787782940397,25
future_ret_6m,2018-12-28 00:00:00,FAC_rank_vol_m6_n6_pairwise1,5,High,0.9427619961060949,0.2212757573896148,26
future_ret_6m,2019-03-29 00:00:00,FAC_rank_vol_m6_n6_pairwise1,1,Low,0.6805984486590794,0.05483391939558442,25
future_ret_6m,2019-03-29 00:00:00,FAC_rank_vol_m6_n6_pairwise1,2,Q2,0.7682469879547235,0.06895939417207635,25
future_ret_6m,2019-03-29 00:00:00,FAC_rank_vol_m6_n6_pairwise1,3,Q3,0.8318740750552287,0.06295243753758076,25
future_ret_6m,2019-03-29 00:00:00,FAC_rank_vol_m6_n6_pairwise1,4,Q4,0.8831859292948052,0.047057724527850446,25
future_ret_6m,2019-03-29 00:00:00,FAC_rank_vol_m6_n6_pairwise1,5,High,0.9269878048477059,0.05040027540110243,25
future_ret_6m,2019-06-28 00:00:00,FAC_rank_vol_m6_n6_pairwise1,1,Low,0.6737983493346843,0.2018281460241945,28
future_ret_6m,2019-06-28 00:00:00,FAC_rank_vol_m6_n6_pairwise1,2,Q2,0.7694805376262578,0.19081426194028997,27
future_ret_6m,2019-06-28 00:00:00,FAC_rank_vol_m6_n6_pairwise1,3,Q3,0.827803151295719,0.21045856615919886,27
future_ret_6m,2019-06-28 00:00:00,FAC_rank_vol_m6_n6_pairwise1,4,Q4,0.8747699977019942,0.189805632509311,27
future_ret_6m,2019-06-28 00:00:00,FAC_rank_vol_m6_n6_pairwise1,5,High,0.9320450428197418,0.1880716431862348,28
future_ret_6m,2019-09-30 00:00:00,FAC_rank_vol_m6_n6_pairwise1,1,Low,0.753266593036173,0.12104504168983482,27
future_ret_6m,2019-09-30 00:00:00,FAC_rank_vol_m6_n6_pairwise1,2,Q2,0.8380155972112155,0.16070530354975662,27
future_ret_6m,2019-09-30 00:00:00,FAC_rank_vol_m6_n6_pairwise1,3,Q3,0.8820395643949034,0.11517246265622498,27
future_ret_6m,2019-09-30 00:00:00,FAC_rank_vol_m6_n6_pairwise1,4,Q4,0.912935839042248,0.1323075033045307,27
future_ret_6m,2019-09-30 00:00:00,FAC_rank_vol_m6_n6_pairwise1,5,High,0.9461850108658362,0.07594806703559076,27
future_ret_6m,2019-12-31 00:00:00,FAC_rank_vol_m6_n6_pairwise1,1,Low,0.7046500836840568,0.3143248861885103,29
future_ret_6m,2019-12-31 00:00:00,FAC_rank_vol_m6_n6_pairwise1,2,Q2,0.8018817174099568,0.3094328782881233,29
future_ret_6m,2019-12-31 00:00:00,FAC_rank_vol_m6_n6_pairwise1,3,Q3,0.8561580900257579,0.3210849188233254,28
future_ret_6m,2019-12-31 00:00:00,FAC_rank_vol_m6_n6_pairwise1,4,Q4,0.8874749374963637,0.33721025547245387,29
future_ret_6m,2019-12-31 00:00:00,FAC_rank_vol_m6_n6_pairwise1,5,High,0.9355468852685742,0.3538493420985891,29
future_ret_6m,2020-03-31 00:00:00,FAC_rank_vol_m6_n6_pairwise1,1,Low,0.7631136528597451,0.43383283835428216,32
future_ret_6m,2020-03-31 00:00:00,FAC_rank_vol_m6_n6_pairwise1,2,Q2,0.8371510178827694,0.4292729067343091,31
future_ret_6m,2020-03-31 00:00:00,FAC_rank_vol_m6_n6_pairwise1,3,Q3,0.8785126010720127,0.4396464592104683,31
future_ret_6m,2020-03-31 00:00:00,FAC_rank_vol_m6_n6_pairwise1,4,Q4,0.9084312805173073,0.4160661165394288,31
future_ret_6m,2020-03-31 00:00:00,FAC_rank_vol_m6_n6_pairwise1,5,High,0.9490981675932699,0.4110413215546418,32
future_ret_6m,2020-06-30 00:00:00,FAC_rank_vol_m6_n6_pairwise1,1,Low,0.7550719588642272,0.2638158220134931,34
future_ret_6m,2020-06-30 00:00:00,FAC_rank_vol_m6_n6_pairwise1,2,Q2,0.8414631349902413,0.26501660897099943,33
future_ret_6m,2020-06-30 00:00:00,FAC_rank_vol_m6_n6_pairwise1,3,Q3,0.884360788998147,0.29993373634762543,33
future_ret_6m,2020-06-30 00:00:00,FAC_rank_vol_m6_n6_pairwise1,4,Q4,0.9112861602173236,0.29248125808957703,33
future_ret_6m,2020-06-30 00:00:00,FAC_rank_vol_m6_n6_pairwise1,5,High,0.9477081070222702,0.24830114361971747,33
future_ret_6m,2020-09-30 00:00:00,FAC_rank_vol_m6_n6_pairwise1,1,Low,0.6763496438056057,0.09851387202398046,36
future_ret_6m,2020-09-30 00:00:00,FAC_rank_vol_m6_n6_pairwise1,2,Q2,0.7707723109282867,0.10658347609793906,35
future_ret_6m,2020-09-30 00:00:00,FAC_rank_vol_m6_n6_pairwise1,3,Q3,0.8294705914753329,0.11255136308115105,36
future_ret_6m,2020-09-30 00:00:00,FAC_rank_vol_m6_n6_pairwise1,4,Q4,0.8730172454777672,0.10522574258363598,35
future_ret_6m,2020-09-30 00:00:00,FAC_rank_vol_m6_n6_pairwise1,5,High,0.9178153610500279,0.10032595310494265,36
future_ret_6m,2020-12-31 00:00:00,FAC_rank_vol_m6_n6_pairwise1,1,Low,0.6583175825868541,0.1344854220866305,38
future_ret_6m,2020-12-31 00:00:00,FAC_rank_vol_m6_n6_pairwise1,2,Q2,0.800833455553285,0.09121292234411857,37
future_ret_6m,2020-12-31 00:00:00,FAC_rank_vol_m6_n6_pairwise1,3,Q3,0.8468834139735646,0.09200067643469667,38
future_ret_6m,2020-12-31 00:00:00,FAC_rank_vol_m6_n6_pairwise1,4,Q4,0.8887741829757989,0.10071918951314728,37
future_ret_6m,2020-12-31 00:00:00,FAC_rank_vol_m6_n6_pairwise1,5,High,0.9363900381747985,0.0770717841891499,38
future_ret_6m,2021-03-31 00:00:00,FAC_rank_vol_m6_n6_pairwise1,1,Low,0.750482053630727,0.14883292365899686,41
future_ret_6m,2021-03-31 00:00:00,FAC_rank_vol_m6_n6_pairwise1,2,Q2,0.8310235306664904,0.10838509730099574,40
future_ret_6m,2021-03-31 00:00:00,FAC_rank_vol_m6_n6_pairwise1,3,Q3,0.8811562708950788,0.1094903125444829,41
future_ret_6m,2021-03-31 00:00:00,FAC_rank_vol_m6_n6_pairwise1,4,Q4,0.9139786377856078,0.07252151902489588,40
future_ret_6m,2021-03-31 00:00:00,FAC_rank_vol_m6_n6_pairwise1,5,High,0.9524306331151122,0.10365582760730921,41
future_ret_6m,2021-06-30 00:00:00,FAC_rank_vol_m6_n6_pairwise1,1,Low,0.6998601281451948,-0.07074609182767211,44
future_ret_6m,2021-06-30 00:00:00,FAC_rank_vol_m6_n6_pairwise1,2,Q2,0.782296633234617,-0.025639502618157506,44
future_ret_6m,2021-06-30 00:00:00,FAC_rank_vol_m6_n6_pairwise1,3,Q3,0.8317942454913175,-0.03036951029468253,44
future_ret_6m,2021-06-30 00:00:00,FAC_rank_vol_m6_n6_pairwise1,4,Q4,0.8726478205066737,0.015314960732195104,44
future_ret_6m,2021-06-30 00:00:00,FAC_rank_vol_m6_n6_pairwise1,5,High,0.9270506756450408,0.0317623215944205,44
future_ret_6m,2021-09-30 00:00:00,FAC_rank_vol_m6_n6_pairwise1,1,Low,0.6520352768402229,-0.157435817766945,49
future_ret_6m,2021-09-30 00:00:00,FAC_rank_vol_m6_n6_pairwise1,2,Q2,0.7592457674127576,-0.1519018662659163,48
future_ret_6m,2021-09-30 00:00:00,FAC_rank_vol_m6_n6_pairwise1,3,Q3,0.8240839196812842,-0.16179694960660113,48
future_ret_6m,2021-09-30 00:00:00,FAC_rank_vol_m6_n6_pairwise1,4,Q4,0.8799498288692975,-0.15291109880392117,48
future_ret_6m,2021-09-30 00:00:00,FAC_rank_vol_m6_n6_pairwise1,5,High,0.9354047762538893,-0.1491478581491126,48
future_ret_6m,2021-12-31 00:00:00,FAC_rank_vol_m6_n6_pairwise1,1,Low,0.833420550787003,-0.12270958567278212,53
future_ret_6m,2021-12-31 00:00:00,FAC_rank_vol_m6_n6_pairwise1,2,Q2,0.8906180516679728,-0.12009909079124283,52
future_ret_6m,2021-12-31 00:00:00,FAC_rank_vol_m6_n6_pairwise1,3,Q3,0.9202188555264439,-0.08865629979677472,52
future_ret_6m,2021-12-31 00:00:00,FAC_rank_vol_m6_n6_pairwise1,4,Q4,0.9485297063670897,-0.09770123702988832,52
future_ret_6m,2021-12-31 00:00:00,FAC_rank_vol_m6_n6_pairwise1,5,High,0.9735671402809131,-0.09468136318039758,52
future_ret_6m,2022-03-31 00:00:00,FAC_rank_vol_m6_n6_pairwise1,1,Low,0.6505953161396874,-0.047335977920496736,55
future_ret_6m,2022-03-31 00:00:00,FAC_rank_vol_m6_n6_pairwise1,2,Q2,0.7597297390087105,-0.031627347838732375,55
future_ret_6m,2022-03-31 00:00:00,FAC_rank_vol_m6_n6_pairwise1,3,Q3,0.8158495271613531,-0.03990785237464405,54
future_ret_6m,2022-03-31 00:00:00,FAC_rank_vol_m6_n6_pairwise1,4,Q4,0.884616009334274,-0.044256263380335864,55
future_ret_6m,2022-03-31 00:00:00,FAC_rank_vol_m6_n6_pairwise1,5,High,0.9344072103795366,-0.04538327007388477,55
future_ret_6m,2022-06-30 00:00:00,FAC_rank_vol_m6_n6_pairwise1,1,Low,0.7493816071600905,-0.09956024215621274,65
future_ret_6m,2022-06-30 00:00:00,FAC_rank_vol_m6_n6_pairwise1,2,Q2,0.8281503683482807,-0.11165661203096719,64
future_ret_6m,2022-06-30 00:00:00,FAC_rank_vol_m6_n6_pairwise1,3,Q3,0.8778524777181542,-0.10849028400430982,64
future_ret_6m,2022-06-30 00:00:00,FAC_rank_vol_m6_n6_pairwise1,4,Q4,0.9159645361190353,-0.09539005170858587,64
future_ret_6m,2022-06-30 00:00:00,FAC_rank_vol_m6_n6_pairwise1,5,High,0.9616645677152448,-0.07174920102634869,64
future_ret_6m,2008-12-31 00:00:00,FAC_rank_vol_m6_n12_pairwise1,1,Low,0.8106610531498808,,2
future_ret_6m,2008-12-31 00:00:00,FAC_rank_vol_m6_n12_pairwise1,2,Q2,0.8561078712038899,,1
future_ret_6m,2008-12-31 00:00:00,FAC_rank_vol_m6_n12_pairwise1,3,Q3,0.8998462542336311,,1
future_ret_6m,2008-12-31 00:00:00,FAC_rank_vol_m6_n12_pairwise1,4,Q4,0.9095505574641226,,1
future_ret_6m,2008-12-31 00:00:00,FAC_rank_vol_m6_n12_pairwise1,5,High,0.9375860241445324,,2
future_ret_6m,2009-03-31 00:00:00,FAC_rank_vol_m6_n12_pairwise1,1,Low,0.8717855733098134,,2
future_ret_6m,2009-03-31 00:00:00,FAC_rank_vol_m6_n12_pairwise1,2,Q2,0.9042094693404509,,1
future_ret_6m,2009-03-31 00:00:00,FAC_rank_vol_m6_n12_pairwise1,3,Q3,0.9129842708233138,,1
future_ret_6m,2009-03-31 00:00:00,FAC_rank_vol_m6_n12_pairwise1,4,Q4,0.9341230654371353,,1
future_ret_6m,2009-03-31 00:00:00,FAC_rank_vol_m6_n12_pairwise1,5,High,0.9478623426397541,,2
future_ret_6m,2009-06-30 00:00:00,FAC_rank_vol_m6_n12_pairwise1,1,Low,0.7660823165607409,,2
future_ret_6m,2009-06-30 00:00:00,FAC_rank_vol_m6_n12_pairwise1,2,Q2,0.8457410903340268,,2
future_ret_6m,2009-06-30 00:00:00,FAC_rank_vol_m6_n12_pairwise1,3,Q3,0.9096929715489592,,2
future_ret_6m,2009-06-30 00:00:00,FAC_rank_vol_m6_n12_pairwise1,4,Q4,0.9473559051778806,,2
future_ret_6m,2009-06-30 00:00:00,FAC_rank_vol_m6_n12_pairwise1,5,High,0.9651616410349059,,2
future_ret_6m,2009-09-30 00:00:00,FAC_rank_vol_m6_n12_pairwise1,1,Low,0.765722674623594,,3
future_ret_6m,2009-09-30 00:00:00,FAC_rank_vol_m6_n12_pairwise1,2,Q2,0.818134052031045,,2
future_ret_6m,2009-09-30 00:00:00,FAC_rank_vol_m6_n12_pairwise1,3,Q3,0.8481977153541134,,2
future_ret_6m,2009-09-30 00:00:00,FAC_rank_vol_m6_n12_pairwise1,4,Q4,0.862092559106201,,2
future_ret_6m,2009-09-30 00:00:00,FAC_rank_vol_m6_n12_pairwise1,5,High,0.9445392909281423,,3
future_ret_6m,2009-12-31 00:00:00,FAC_rank_vol_m6_n12_pairwise1,1,Low,0.7571746965497455,,3
future_ret_6m,2009-12-31 00:00:00,FAC_rank_vol_m6_n12_pairwise1,2,Q2,0.8220337986790416,,2
future_ret_6m,2009-12-31 00:00:00,FAC_rank_vol_m6_n12_pairwise1,3,Q3,0.8857438057123712,,2
future_ret_6m,2009-12-31 00:00:00,FAC_rank_vol_m6_n12_pairwise1,4,Q4,0.9173021507840975,,2
future_ret_6m,2009-12-31 00:00:00,FAC_rank_vol_m6_n12_pairwise1,5,High,0.9586236919793549,,3
future_ret_6m,2010-03-31 00:00:00,FAC_rank_vol_m6_n12_pairwise1,1,Low,0.8124356137071854,,3
future_ret_6m,2010-03-31 00:00:00,FAC_rank_vol_m6_n12_pairwise1,2,Q2,0.8645380381436766,,3
future_ret_6m,2010-03-31 00:00:00,FAC_rank_vol_m6_n12_pairwise1,3,Q3,0.9061530130699348,,3
future_ret_6m,2010-03-31 00:00:00,FAC_rank_vol_m6_n12_pairwise1,4,Q4,0.9304974188327727,,3
future_ret_6m,2010-03-31 00:00:00,FAC_rank_vol_m6_n12_pairwise1,5,High,0.9537576442265493,,3
future_ret_6m,2010-06-30 00:00:00,FAC_rank_vol_m6_n12_pairwise1,1,Low,0.7893629216962565,,4
future_ret_6m,2010-06-30 00:00:00,FAC_rank_vol_m6_n12_pairwise1,2,Q2,0.8811041526825357,,3
future_ret_6m,2010-06-30 00:00:00,FAC_rank_vol_m6_n12_pairwise1,3,Q3,0.9045118089582088,,4
future_ret_6m,2010-06-30 00:00:00,FAC_rank_vol_m6_n12_pairwise1,4,Q4,0.9276046122913976,,3
future_ret_6m,2010-06-30 00:00:00,FAC_rank_vol_m6_n12_pairwise1,5,High,0.9581076112449571,,4
future_ret_6m,2010-09-30 00:00:00,FAC_rank_vol_m6_n12_pairwise1,1,Low,0.816157872027728,,4
future_ret_6m,2010-09-30 00:00:00,FAC_rank_vol_m6_n12_pairwise1,2,Q2,0.8865436109430193,,4
future_ret_6m,2010-09-30 00:00:00,FAC_rank_vol_m6_n12_pairwise1,3,Q3,0.9045158042616004,,3
future_ret_6m,2010-09-30 00:00:00,FAC_rank_vol_m6_n12_pairwise1,4,Q4,0.9262569785179692,,4
future_ret_6m,2010-09-30 00:00:00,FAC_rank_vol_m6_n12_pairwise1,5,High,0.9773057005339221,,4
future_ret_6m,2010-12-31 00:00:00,FAC_rank_vol_m6_n12_pairwise1,1,Low,0.8304767194413628,,4
future_ret_6m,2010-12-31 00:00:00,FAC_rank_vol_m6_n12_pairwise1,2,Q2,0.8915623444082335,,4
future_ret_6m,2010-12-31 00:00:00,FAC_rank_vol_m6_n12_pairwise1,3,Q3,0.9243151021231272,,3
future_ret_6m,2010-12-31 00:00:00,FAC_rank_vol_m6_n12_pairwise1,4,Q4,0.9490273367022001,,4
future_ret_6m,2010-12-31 00:00:00,FAC_rank_vol_m6_n12_pairwise1,5,High,0.9712806291862275,,4
future_ret_6m,2011-03-31 00:00:00,FAC_rank_vol_m6_n12_pairwise1,1,Low,0.8324564051792198,,4
future_ret_6m,2011-03-31 00:00:00,FAC_rank_vol_m6_n12_pairwise1,2,Q2,0.8762903806187397,,3
future_ret_6m,2011-03-31 00:00:00,FAC_rank_vol_m6_n12_pairwise1,3,Q3,0.9096958678002942,,4
future_ret_6m,2011-03-31 00:00:00,FAC_rank_vol_m6_n12_pairwise1,4,Q4,0.9330315672271673,,3
future_ret_6m,2011-03-31 00:00:00,FAC_rank_vol_m6_n12_pairwise1,5,High,0.961089380618255,,4
future_ret_6m,2011-06-30 00:00:00,FAC_rank_vol_m6_n12_pairwise1,1,Low,0.7720758370970773,,4
future_ret_6m,2011-06-30 00:00:00,FAC_rank_vol_m6_n12_pairwise1,2,Q2,0.845122895799513,,3
future_ret_6m,2011-06-30 00:00:00,FAC_rank_vol_m6_n12_pairwise1,3,Q3,0.8735441612183448,,4
future_ret_6m,2011-06-30 00:00:00,FAC_rank_vol_m6_n12_pairwise1,4,Q4,0.9283011750658385,,3
future_ret_6m,2011-06-30 00:00:00,FAC_rank_vol_m6_n12_pairwise1,5,High,0.9614526744420102,,4
future_ret_6m,2011-09-30 00:00:00,FAC_rank_vol_m6_n12_pairwise1,1,Low,0.8517591799175398,,4
future_ret_6m,2011-09-30 00:00:00,FAC_rank_vol_m6_n12_pairwise1,2,Q2,0.9151251174449557,,3
future_ret_6m,2011-09-30 00:00:00,FAC_rank_vol_m6_n12_pairwise1,3,Q3,0.9333808137643629,,4
future_ret_6m,2011-09-30 00:00:00,FAC_rank_vol_m6_n12_pairwise1,4,Q4,0.9376344676683125,,3
future_ret_6m,2011-09-30 00:00:00,FAC_rank_vol_m6_n12_pairwise1,5,High,0.9604906733470651,,4
future_ret_6m,2011-12-30 00:00:00,FAC_rank_vol_m6_n12_pairwise1,1,Low,0.7176652203359597,0.03994267370863214,5
future_ret_6m,2011-12-30 00:00:00,FAC_rank_vol_m6_n12_pairwise1,2,Q2,0.7937897036890933,,4
future_ret_6m,2011-12-30 00:00:00,FAC_rank_vol_m6_n12_pairwise1,3,Q3,0.8630028019800025,,4
future_ret_6m,2011-12-30 00:00:00,FAC_rank_vol_m6_n12_pairwise1,4,Q4,0.9068682276879294,,4
future_ret_6m,2011-12-30 00:00:00,FAC_rank_vol_m6_n12_pairwise1,5,High,0.9430089127575948,,4
future_ret_6m,2012-03-30 00:00:00,FAC_rank_vol_m6_n12_pairwise1,1,Low,0.7746670979565128,-0.008908542656216744,5
future_ret_6m,2012-03-30 00:00:00,FAC_rank_vol_m6_n12_pairwise1,2,Q2,0.8237060271649658,,4
future_ret_6m,2012-03-30 00:00:00,FAC_rank_vol_m6_n12_pairwise1,3,Q3,0.8734208008967376,,4
future_ret_6m,2012-03-30 00:00:00,FAC_rank_vol_m6_n12_pairwise1,4,Q4,0.8869325051276701,,4
future_ret_6m,2012-03-30 00:00:00,FAC_rank_vol_m6_n12_pairwise1,5,High,0.9283281338043624,-0.03935281655011047,5
future_ret_6m,2012-06-29 00:00:00,FAC_rank_vol_m6_n12_pairwise1,1,Low,0.747369966655503,0.04180536066199174,5
future_ret_6m,2012-06-29 00:00:00,FAC_rank_vol_m6_n12_pairwise1,2,Q2,0.854977104136372,-0.002742157456622074,5
future_ret_6m,2012-06-29 00:00:00,FAC_rank_vol_m6_n12_pairwise1,3,Q3,0.8963639131918967,,4
future_ret_6m,2012-06-29 00:00:00,FAC_rank_vol_m6_n12_pairwise1,4,Q4,0.9328974409313485,0.027243689824048723,5
future_ret_6m,2012-06-29 00:00:00,FAC_rank_vol_m6_n12_pairwise1,5,High,0.9636555609784578,0.026976050235112736,5
future_ret_6m,2012-09-28 00:00:00,FAC_rank_vol_m6_n12_pairwise1,1,Low,0.7960610127237924,0.07526092216389171,5
future_ret_6m,2012-09-28 00:00:00,FAC_rank_vol_m6_n12_pairwise1,2,Q2,0.8630870278604034,0.10635493956933413,5
future_ret_6m,2012-09-28 00:00:00,FAC_rank_vol_m6_n12_pairwise1,3,Q3,0.9084583575173552,0.1494679560308103,5
future_ret_6m,2012-09-28 00:00:00,FAC_rank_vol_m6_n12_pairwise1,4,Q4,0.9395237314922043,0.13642936478283482,5
future_ret_6m,2012-09-28 00:00:00,FAC_rank_vol_m6_n12_pairwise1,5,High,0.9624354682028725,0.1140344312620281,5
future_ret_6m,2012-12-31 00:00:00,FAC_rank_vol_m6_n12_pairwise1,1,Low,0.7857325956037966,0.05977410787409354,7
future_ret_6m,2012-12-31 00:00:00,FAC_rank_vol_m6_n12_pairwise1,2,Q2,0.8503926200969297,-0.014013700601431275,6
future_ret_6m,2012-12-31 00:00:00,FAC_rank_vol_m6_n12_pairwise1,3,Q3,0.8855398237538831,0.0771956352267788,6
future_ret_6m,2012-12-31 00:00:00,FAC_rank_vol_m6_n12_pairwise1,4,Q4,0.9210357304262847,0.10439575326041561,6
future_ret_6m,2012-12-31 00:00:00,FAC_rank_vol_m6_n12_pairwise1,5,High,0.9460307353539145,0.1342278953643226,6
future_ret_6m,2013-03-29 00:00:00,FAC_rank_vol_m6_n12_pairwise1,1,Low,0.7680196215681232,0.21520342770500114,7
future_ret_6m,2013-03-29 00:00:00,FAC_rank_vol_m6_n12_pairwise1,2,Q2,0.8528963809470245,0.20368743278252383,7
future_ret_6m,2013-03-29 00:00:00,FAC_rank_vol_m6_n12_pairwise1,3,Q3,0.8826393350545657,0.14680140019267915,6
future_ret_6m,2013-03-29 00:00:00,FAC_rank_vol_m6_n12_pairwise1,4,Q4,0.9120747925580863,0.12502478378848703,7
future_ret_6m,2013-03-29 00:00:00,FAC_rank_vol_m6_n12_pairwise1,5,High,0.9579970165842173,0.13050063723045197,7
future_ret_6m,2013-06-28 00:00:00,FAC_rank_vol_m6_n12_pairwise1,1,Low,0.82176533204919,0.10678727927531487,8
future_ret_6m,2013-06-28 00:00:00,FAC_rank_vol_m6_n12_pairwise1,2,Q2,0.8667206414912189,0.13289164813997428,8
future_ret_6m,2013-06-28 00:00:00,FAC_rank_vol_m6_n12_pairwise1,3,Q3,0.8917820826933462,0.09951269768874521,8
future_ret_6m,2013-06-28 00:00:00,FAC_rank_vol_m6_n12_pairwise1,4,Q4,0.9350085947904865,0.08996198955680332,8
future_ret_6m,2013-06-28 00:00:00,FAC_rank_vol_m6_n12_pairwise1,5,High,0.9765048112813972,0.09349857318802479,8
future_ret_6m,2013-09-30 00:00:00,FAC_rank_vol_m6_n12_pairwise1,1,Low,0.7745205824693752,-0.10514355383993852,9
future_ret_6m,2013-09-30 00:00:00,FAC_rank_vol_m6_n12_pairwise1,2,Q2,0.8847607505756268,-0.042113422315721113,8
future_ret_6m,2013-09-30 00:00:00,FAC_rank_vol_m6_n12_pairwise1,3,Q3,0.9204451486216312,-0.0679947779158857,8
future_ret_6m,2013-09-30 00:00:00,FAC_rank_vol_m6_n12_pairwise1,4,Q4,0.9525830061661201,-0.08955649255193236,8
future_ret_6m,2013-09-30 00:00:00,FAC_rank_vol_m6_n12_pairwise1,5,High,0.9736793412952053,-0.12125558394994457,9
future_ret_6m,2013-12-31 00:00:00,FAC_rank_vol_m6_n12_pairwise1,1,Low,0.8656930336237267,-0.0012375575005211619,9
future_ret_6m,2013-12-31 00:00:00,FAC_rank_vol_m6_n12_pairwise1,2,Q2,0.9048801078410809,0.00703437070937533,9
future_ret_6m,2013-12-31 00:00:00,FAC_rank_vol_m6_n12_pairwise1,3,Q3,0.9298833332479387,-0.0170839672788239,9
future_ret_6m,2013-12-31 00:00:00,FAC_rank_vol_m6_n12_pairwise1,4,Q4,0.9552477086340624,-0.03395786871214564,9
future_ret_6m,2013-12-31 00:00:00,FAC_rank_vol_m6_n12_pairwise1,5,High,0.991646604892058,-0.016532323709661303,9
future_ret_6m,2014-03-31 00:00:00,FAC_rank_vol_m6_n12_pairwise1,1,Low,0.800449483997277,0.2163422042141562,9
future_ret_6m,2014-03-31 00:00:00,FAC_rank_vol_m6_n12_pairwise1,2,Q2,0.8658745226176963,0.16452279548507592,8
future_ret_6m,2014-03-31 00:00:00,FAC_rank_vol_m6_n12_pairwise1,3,Q3,0.8933905011371187,0.2060460857157294,9
future_ret_6m,2014-03-31 00:00:00,FAC_rank_vol_m6_n12_pairwise1,4,Q4,0.9415803669826044,0.15394789451818283,8
future_ret_6m,2014-03-31 00:00:00,FAC_rank_vol_m6_n12_pairwise1,5,High,0.9766719722387036,0.1737285780919633,9
future_ret_6m,2014-06-30 00:00:00,FAC_rank_vol_m6_n12_pairwise1,1,Low,0.8306041804235409,0.2878301586506944,10
future_ret_6m,2014-06-30 00:00:00,FAC_rank_vol_m6_n12_pairwise1,2,Q2,0.8913445510276704,0.24816831297523814,9
future_ret_6m,2014-06-30 00:00:00,FAC_rank_vol_m6_n12_pairwise1,3,Q3,0.9211923152023166,0.29764789443860845,9
future_ret_6m,2014-06-30 00:00:00,FAC_rank_vol_m6_n12_pairwise1,4,Q4,0.9414759939699364,0.15000907019517812,9
future_ret_6m,2014-06-30 00:00:00,FAC_rank_vol_m6_n12_pairwise1,5,High,0.9653310504834062,0.24781722560889444,9
future_ret_6m,2014-09-30 00:00:00,FAC_rank_vol_m6_n12_pairwise1,1,Low,0.7872043125590994,0.4287032668976221,10
future_ret_6m,2014-09-30 00:00:00,FAC_rank_vol_m6_n12_pairwise1,2,Q2,0.8744844437990666,0.45539904252056157,9
future_ret_6m,2014-09-30 00:00:00,FAC_rank_vol_m6_n12_pairwise1,3,Q3,0.9092159662403857,0.46830009177099413,9
future_ret_6m,2014-09-30 00:00:00,FAC_rank_vol_m6_n12_pairwise1,4,Q4,0.933884031099702,0.49986601432266325,9
future_ret_6m,2014-09-30 00:00:00,FAC_rank_vol_m6_n12_pairwise1,5,High,0.9602115283476229,0.47465944329306325,9
future_ret_6m,2014-12-31 00:00:00,FAC_rank_vol_m6_n12_pairwise1,1,Low,0.7793328441257241,0.597392449602806,8
future_ret_6m,2014-12-31 00:00:00,FAC_rank_vol_m6_n12_pairwise1,2,Q2,0.8548371819225149,0.6017199487397284,8
future_ret_6m,2014-12-31 00:00:00,FAC_rank_vol_m6_n12_pairwise1,3,Q3,0.8979902473322419,0.6213183843628642,8
future_ret_6m,2014-12-31 00:00:00,FAC_rank_vol_m6_n12_pairwise1,4,Q4,0.9347162276995922,0.6381067193780485,8
future_ret_6m,2014-12-31 00:00:00,FAC_rank_vol_m6_n12_pairwise1,5,High,0.9669612509258119,0.574664266920589,8
future_ret_6m,2015-03-31 00:00:00,FAC_rank_vol_m6_n12_pairwise1,1,Low,0.7452634216865356,-0.17777713612199791,7
future_ret_6m,2015-03-31 00:00:00,FAC_rank_vol_m6_n12_pairwise1,2,Q2,0.8120648829389111,-0.11143231097619315,7
future_ret_6m,2015-03-31 00:00:00,FAC_rank_vol_m6_n12_pairwise1,3,Q3,0.8490311812219163,-0.12894598206541383,7
future_ret_6m,2015-03-31 00:00:00,FAC_rank_vol_m6_n12_pairwise1,4,Q4,0.896167189903843,-0.06395958950662331,7
future_ret_6m,2015-03-31 00:00:00,FAC_rank_vol_m6_n12_pairwise1,5,High,0.9541445689850117,-0.12624192516487664,7
future_ret_6m,2015-06-30 00:00:00,FAC_rank_vol_m6_n12_pairwise1,1,Low,0.7455213591237999,-0.05254115986738084,5
future_ret_6m,2015-06-30 00:00:00,FAC_rank_vol_m6_n12_pairwise1,2,Q2,0.8195210628509206,0.017571267959954496,5
future_ret_6m,2015-06-30 00:00:00,FAC_rank_vol_m6_n12_pairwise1,3,Q3,0.8751353182155477,,4
future_ret_6m,2015-06-30 00:00:00,FAC_rank_vol_m6_n12_pairwise1,4,Q4,0.9017582729941733,-0.07992941280043667,5
future_ret_6m,2015-06-30 00:00:00,FAC_rank_vol_m6_n12_pairwise1,5,High,0.9421408683727611,-0.06591136968272078,5
future_ret_6m,2015-09-30 00:00:00,FAC_rank_vol_m6_n12_pairwise1,1,Low,0.6668133761943426,0.13476647947520076,5
future_ret_6m,2015-09-30 00:00:00,FAC_rank_vol_m6_n12_pairwise1,2,Q2,0.7756462828069621,,4
future_ret_6m,2015-09-30 00:00:00,FAC_rank_vol_m6_n12_pairwise1,3,Q3,0.8410049725208586,0.10159511481545316,5
future_ret_6m,2015-09-30 00:00:00,FAC_rank_vol_m6_n12_pairwise1,4,Q4,0.8830733507249444,,4
future_ret_6m,2015-09-30 00:00:00,FAC_rank_vol_m6_n12_pairwise1,5,High,0.941647407395634,0.0765731174530702,5
future_ret_6m,2015-12-31 00:00:00,FAC_rank_vol_m6_n12_pairwise1,1,Low,0.765494608107091,-0.10289476625243019,5
future_ret_6m,2015-12-31 00:00:00,FAC_rank_vol_m6_n12_pairwise1,2,Q2,0.8225011584940753,-0.1486090373298848,5
future_ret_6m,2015-12-31 00:00:00,FAC_rank_vol_m6_n12_pairwise1,3,Q3,0.8851754270673444,-0.12340093822492823,5
future_ret_6m,2015-12-31 00:00:00,FAC_rank_vol_m6_n12_pairwise1,4,Q4,0.9170460145775868,-0.12446576784685082,5
future_ret_6m,2015-12-31 00:00:00,FAC_rank_vol_m6_n12_pairwise1,5,High,0.9458433961891567,-0.13855495087558128,5
future_ret_6m,2016-03-31 00:00:00,FAC_rank_vol_m6_n12_pairwise1,1,Low,0.7237407522291721,0.007362821678910318,6
future_ret_6m,2016-03-31 00:00:00,FAC_rank_vol_m6_n12_pairwise1,2,Q2,0.8143251765711416,0.06259318938102724,6
future_ret_6m,2016-03-31 00:00:00,FAC_rank_vol_m6_n12_pairwise1,3,Q3,0.8704915074951286,0.057760702290998556,6
future_ret_6m,2016-03-31 00:00:00,FAC_rank_vol_m6_n12_pairwise1,4,Q4,0.9082658631246031,0.07654434276835405,6
future_ret_6m,2016-03-31 00:00:00,FAC_rank_vol_m6_n12_pairwise1,5,High,0.9650307530483725,0.07276364757617149,6
future_ret_6m,2016-06-30 00:00:00,FAC_rank_vol_m6_n12_pairwise1,1,Low,0.792441391386415,0.0004739033557017436,7
future_ret_6m,2016-06-30 00:00:00,FAC_rank_vol_m6_n12_pairwise1,2,Q2,0.8918171534756513,-0.026561439517610363,6
future_ret_6m,2016-06-30 00:00:00,FAC_rank_vol_m6_n12_pairwise1,3,Q3,0.9151556472001493,0.00034240530830220717,6
future_ret_6m,2016-06-30 00:00:00,FAC_rank_vol_m6_n12_pairwise1,4,Q4,0.9341590341174761,0.006772770660974463,6
future_ret_6m,2016-06-30 00:00:00,FAC_rank_vol_m6_n12_pairwise1,5,High,0.9741657366760934,0.012513609911886023,7
future_ret_6m,2016-09-30 00:00:00,FAC_rank_vol_m6_n12_pairwise1,1,Low,0.7847385402526817,0.008140105247839178,7
future_ret_6m,2016-09-30 00:00:00,FAC_rank_vol_m6_n12_pairwise1,2,Q2,0.866322766698182,-0.009916218500672353,7
future_ret_6m,2016-09-30 00:00:00,FAC_rank_vol_m6_n12_pairwise1,3,Q3,0.895307599595431,0.023553321283904267,6
future_ret_6m,2016-09-30 00:00:00,FAC_rank_vol_m6_n12_pairwise1,4,Q4,0.9229455804203128,0.02069690369874494,7
future_ret_6m,2016-09-30 00:00:00,FAC_rank_vol_m6_n12_pairwise1,5,High,0.9652734230846056,0.015313142758646956,7
future_ret_6m,2016-12-30 00:00:00,FAC_rank_vol_m6_n12_pairwise1,1,Low,0.7642084228768445,0.05869871175565369,8
future_ret_6m,2016-12-30 00:00:00,FAC_rank_vol_m6_n12_pairwise1,2,Q2,0.8738398058519135,0.08549998576530757,7
future_ret_6m,2016-12-30 00:00:00,FAC_rank_vol_m6_n12_pairwise1,3,Q3,0.9114379588585447,0.11371094368097297,7
future_ret_6m,2016-12-30 00:00:00,FAC_rank_vol_m6_n12_pairwise1,4,Q4,0.926137951296673,0.03183151505650323,7
future_ret_6m,2016-12-30 00:00:00,FAC_rank_vol_m6_n12_pairwise1,5,High,0.9547923797592935,0.041052341344356424,7
future_ret_6m,2017-03-31 00:00:00,FAC_rank_vol_m6_n12_pairwise1,1,Low,0.7912574440429719,0.0952987644355396,8
future_ret_6m,2017-03-31 00:00:00,FAC_rank_vol_m6_n12_pairwise1,2,Q2,0.8718236741513046,0.13111775506447335,7
future_ret_6m,2017-03-31 00:00:00,FAC_rank_vol_m6_n12_pairwise1,3,Q3,0.8950479017677825,0.07158110742501222,7
future_ret_6m,2017-03-31 00:00:00,FAC_rank_vol_m6_n12_pairwise1,4,Q4,0.926676112664576,0.1148037763012453,7
future_ret_6m,2017-03-31 00:00:00,FAC_rank_vol_m6_n12_pairwise1,5,High,0.9715403260944846,0.08970585942058293,8
future_ret_6m,2017-06-30 00:00:00,FAC_rank_vol_m6_n12_pairwise1,1,Low,0.7573067882486868,0.10976108909035229,10
future_ret_6m,2017-06-30 00:00:00,FAC_rank_vol_m6_n12_pairwise1,2,Q2,0.8576173493665014,0.11027906362004058,9
future_ret_6m,2017-06-30 00:00:00,FAC_rank_vol_m6_n12_pairwise1,3,Q3,0.8904386419377003,0.11343794893877132,9
future_ret_6m,2017-06-30 00:00:00,FAC_rank_vol_m6_n12_pairwise1,4,Q4,0.9226463917974045,0.0886349138781955,9
future_ret_6m,2017-06-30 00:00:00,FAC_rank_vol_m6_n12_pairwise1,5,High,0.9617605270697356,0.12926361820957188,9
future_ret_6m,2017-09-29 00:00:00,FAC_rank_vol_m6_n12_pairwise1,1,Low,0.8242375553262967,-0.0028035995804355706,14
future_ret_6m,2017-09-29 00:00:00,FAC_rank_vol_m6_n12_pairwise1,2,Q2,0.8978260389204524,-0.00043654944105263007,13
future_ret_6m,2017-09-29 00:00:00,FAC_rank_vol_m6_n12_pairwise1,3,Q3,0.9272317885339696,0.03650892280711363,13
future_ret_6m,2017-09-29 00:00:00,FAC_rank_vol_m6_n12_pairwise1,4,Q4,0.9485587146202666,0.038478848139280035,13
future_ret_6m,2017-09-29 00:00:00,FAC_rank_vol_m6_n12_pairwise1,5,High,0.9700936828277413,0.034795267175992586,13
future_ret_6m,2017-12-29 00:00:00,FAC_rank_vol_m6_n12_pairwise1,1,Low,0.8354770279307495,-0.11650348051554868,18
future_ret_6m,2017-12-29 00:00:00,FAC_rank_vol_m6_n12_pairwise1,2,Q2,0.8987355371669514,-0.09008404157198636,17
future_ret_6m,2017-12-29 00:00:00,FAC_rank_vol_m6_n12_pairwise1,3,Q3,0.9366813897706149,-0.07422893094728927,18
future_ret_6m,2017-12-29 00:00:00,FAC_rank_vol_m6_n12_pairwise1,4,Q4,0.954254747674624,-0.10295402364779138,17
future_ret_6m,2017-12-29 00:00:00,FAC_rank_vol_m6_n12_pairwise1,5,High,0.9752270063525462,-0.08143125687888435,18
future_ret_6m,2018-03-30 00:00:00,FAC_rank_vol_m6_n12_pairwise1,1,Low,0.8455825786195228,-0.1784455603763617,19
future_ret_6m,2018-03-30 00:00:00,FAC_rank_vol_m6_n12_pairwise1,2,Q2,0.904517708401914,-0.125357638696733,19
future_ret_6m,2018-03-30 00:00:00,FAC_rank_vol_m6_n12_pairwise1,3,Q3,0.9298751123040253,-0.16157334246589972,18
future_ret_6m,2018-03-30 00:00:00,FAC_rank_vol_m6_n12_pairwise1,4,Q4,0.9494872844276978,-0.14748544785018036,19
future_ret_6m,2018-03-30 00:00:00,FAC_rank_vol_m6_n12_pairwise1,5,High,0.9790725700346689,-0.09740433142491545,19
future_ret_6m,2018-06-29 00:00:00,FAC_rank_vol_m6_n12_pairwise1,1,Low,0.7872938803933813,-0.22460096682729058,21
future_ret_6m,2018-06-29 00:00:00,FAC_rank_vol_m6_n12_pairwise1,2,Q2,0.8653318057558899,-0.1862909017819279,20
future_ret_6m,2018-06-29 00:00:00,FAC_rank_vol_m6_n12_pairwise1,3,Q3,0.9095044850416757,-0.19002938503333727,20
future_ret_6m,2018-06-29 00:00:00,FAC_rank_vol_m6_n12_pairwise1,4,Q4,0.9293686158470242,-0.18063264023688808,20
future_ret_6m,2018-06-29 00:00:00,FAC_rank_vol_m6_n12_pairwise1,5,High,0.9611334667015476,-0.17809763888844277,20
future_ret_6m,2018-09-28 00:00:00,FAC_rank_vol_m6_n12_pairwise1,1,Low,0.7717750893163265,0.1255481895922289,22
future_ret_6m,2018-09-28 00:00:00,FAC_rank_vol_m6_n12_pairwise1,2,Q2,0.874238729699835,0.1459178960584392,21
future_ret_6m,2018-09-28 00:00:00,FAC_rank_vol_m6_n12_pairwise1,3,Q3,0.915553315276781,0.14848425852914857,22
future_ret_6m,2018-09-28 00:00:00,FAC_rank_vol_m6_n12_pairwise1,4,Q4,0.9422443087669861,0.10337267340252719,21
future_ret_6m,2018-09-28 00:00:00,FAC_rank_vol_m6_n12_pairwise1,5,High,0.9745685160256016,0.1331112682165516,22
future_ret_6m,2018-12-28 00:00:00,FAC_rank_vol_m6_n12_pairwise1,1,Low,0.794032547375707,0.3186613266925237,22
future_ret_6m,2018-12-28 00:00:00,FAC_rank_vol_m6_n12_pairwise1,2,Q2,0.871119112608611,0.21567555343570474,21
future_ret_6m,2018-12-28 00:00:00,FAC_rank_vol_m6_n12_pairwise1,3,Q3,0.9084644212222553,0.27200369487308834,22
future_ret_6m,2018-12-28 00:00:00,FAC_rank_vol_m6_n12_pairwise1,4,Q4,0.9351992395850746,0.27220852567769943,21
future_ret_6m,2018-12-28 00:00:00,FAC_rank_vol_m6_n12_pairwise1,5,High,0.9642612006959975,0.23033562711110678,22
future_ret_6m,2019-03-29 00:00:00,FAC_rank_vol_m6_n12_pairwise1,1,Low,0.8044577952261224,0.058388413583629804,22
future_ret_6m,2019-03-29 00:00:00,FAC_rank_vol_m6_n12_pairwise1,2,Q2,0.8585059122790893,0.08628531673562896,21
future_ret_6m,2019-03-29 00:00:00,FAC_rank_vol_m6_n12_pairwise1,3,Q3,0.8938356795813407,0.06359703236045226,21
future_ret_6m,2019-03-29 00:00:00,FAC_rank_vol_m6_n12_pairwise1,4,Q4,0.9237767060464799,0.043651778173325266,21
future_ret_6m,2019-03-29 00:00:00,FAC_rank_vol_m6_n12_pairwise1,5,High,0.9587671266434816,0.06279033135656813,21
future_ret_6m,2019-06-28 00:00:00,FAC_rank_vol_m6_n12_pairwise1,1,Low,0.7661394813438472,0.1584058677359035,22
future_ret_6m,2019-06-28 00:00:00,FAC_rank_vol_m6_n12_pairwise1,2,Q2,0.8435435526064375,0.17944054298796372,22
future_ret_6m,2019-06-28 00:00:00,FAC_rank_vol_m6_n12_pairwise1,3,Q3,0.8855206629215632,0.17871074140416962,21
future_ret_6m,2019-06-28 00:00:00,FAC_rank_vol_m6_n12_pairwise1,4,Q4,0.9185117064145127,0.15462196900174222,22
future_ret_6m,2019-06-28 00:00:00,FAC_rank_vol_m6_n12_pairwise1,5,High,0.9552259315477815,0.1849417138049119,22
future_ret_6m,2019-09-30 00:00:00,FAC_rank_vol_m6_n12_pairwise1,1,Low,0.7644731781277664,0.09875837551936308,22
future_ret_6m,2019-09-30 00:00:00,FAC_rank_vol_m6_n12_pairwise1,2,Q2,0.8494497819382224,0.08813657768038252,22
future_ret_6m,2019-09-30 00:00:00,FAC_rank_vol_m6_n12_pairwise1,3,Q3,0.9003213463442343,0.10947829862668966,22
future_ret_6m,2019-09-30 00:00:00,FAC_rank_vol_m6_n12_pairwise1,4,Q4,0.9343045598559802,0.10854050970301943,22
future_ret_6m,2019-09-30 00:00:00,FAC_rank_vol_m6_n12_pairwise1,5,High,0.9693649503360454,0.08152345381895836,22
future_ret_6m,2019-12-31 00:00:00,FAC_rank_vol_m6_n12_pairwise1,1,Low,0.8007258482657024,0.3809281372553565,24
future_ret_6m,2019-12-31 00:00:00,FAC_rank_vol_m6_n12_pairwise1,2,Q2,0.8701407911558485,0.3442505975429035,24
future_ret_6m,2019-12-31 00:00:00,FAC_rank_vol_m6_n12_pairwise1,3,Q3,0.9035267093862437,0.3187894909087646,23
future_ret_6m,2019-12-31 00:00:00,FAC_rank_vol_m6_n12_pairwise1,4,Q4,0.9306115416946902,0.24924893334245457,24
future_ret_6m,2019-12-31 00:00:00,FAC_rank_vol_m6_n12_pairwise1,5,High,0.9580353363749174,0.2683880028254756,24
future_ret_6m,2020-03-31 00:00:00,FAC_rank_vol_m6_n12_pairwise1,1,Low,0.7644400856468194,0.44934179746116454,25
future_ret_6m,2020-03-31 00:00:00,FAC_rank_vol_m6_n12_pairwise1,2,Q2,0.8552330537082539,0.41341762714743985,25
future_ret_6m,2020-03-31 00:00:00,FAC_rank_vol_m6_n12_pairwise1,3,Q3,0.892379504404022,0.41093048533537657,24
future_ret_6m,2020-03-31 00:00:00,FAC_rank_vol_m6_n12_pairwise1,4,Q4,0.9223686570113899,0.4331280607252231,25
future_ret_6m,2020-03-31 00:00:00,FAC_rank_vol_m6_n12_pairwise1,5,High,0.9605449476336202,0.4464823137880196,25
future_ret_6m,2020-06-30 00:00:00,FAC_rank_vol_m6_n12_pairwise1,1,Low,0.844247616487107,0.27117446553184377,26
future_ret_6m,2020-06-30 00:00:00,FAC_rank_vol_m6_n12_pairwise1,2,Q2,0.8924231989091725,0.2958400835673956,25
future_ret_6m,2020-06-30 00:00:00,FAC_rank_vol_m6_n12_pairwise1,3,Q3,0.9211476387515775,0.3099668903218103,26
future_ret_6m,2020-06-30 00:00:00,FAC_rank_vol_m6_n12_pairwise1,4,Q4,0.9465180278069464,0.2609358539038014,25
future_ret_6m,2020-06-30 00:00:00,FAC_rank_vol_m6_n12_pairwise1,5,High,0.9722543309202606,0.21280382950321539,26
future_ret_6m,2020-09-30 00:00:00,FAC_rank_vol_m6_n12_pairwise1,1,Low,0.8225579323739076,0.10498152391355878,29
future_ret_6m,2020-09-30 00:00:00,FAC_rank_vol_m6_n12_pairwise1,2,Q2,0.8846226590490641,0.11102667178916992,28
future_ret_6m,2020-09-30 00:00:00,FAC_rank_vol_m6_n12_pairwise1,3,Q3,0.9179680292936913,0.10367728214482165,28
future_ret_6m,2020-09-30 00:00:00,FAC_rank_vol_m6_n12_pairwise1,4,Q4,0.941392931993275,0.09393763038538223,28
future_ret_6m,2020-09-30 00:00:00,FAC_rank_vol_m6_n12_pairwise1,5,High,0.9666561007234692,0.10225708430718795,29
future_ret_6m,2020-12-31 00:00:00,FAC_rank_vol_m6_n12_pairwise1,1,Low,0.7757691057260414,0.08261894162383544,31
future_ret_6m,2020-12-31 00:00:00,FAC_rank_vol_m6_n12_pairwise1,2,Q2,0.838741139201029,0.10971590539627148,30
future_ret_6m,2020-12-31 00:00:00,FAC_rank_vol_m6_n12_pairwise1,3,Q3,0.8806820394123306,0.12533304850975355,31
future_ret_6m,2020-12-31 00:00:00,FAC_rank_vol_m6_n12_pairwise1,4,Q4,0.9138404007970367,0.09637352017789147,30
future_ret_6m,2020-12-31 00:00:00,FAC_rank_vol_m6_n12_pairwise1,5,High,0.9521071359902872,0.11164924568024183,31
future_ret_6m,2021-03-31 00:00:00,FAC_rank_vol_m6_n12_pairwise1,1,Low,0.7627932853445478,0.051026025425543256,32
future_ret_6m,2021-03-31 00:00:00,FAC_rank_vol_m6_n12_pairwise1,2,Q2,0.8304583932290283,0.12588210429374772,32
future_ret_6m,2021-03-31 00:00:00,FAC_rank_vol_m6_n12_pairwise1,3,Q3,0.8806222453056376,0.10946754545892098,32
future_ret_6m,2021-03-31 00:00:00,FAC_rank_vol_m6_n12_pairwise1,4,Q4,0.9184775811471009,0.04844342245433676,32
future_ret_6m,2021-03-31 00:00:00,FAC_rank_vol_m6_n12_pairwise1,5,High,0.9599675107108664,0.146016833560672,32
future_ret_6m,2021-06-30 00:00:00,FAC_rank_vol_m6_n12_pairwise1,1,Low,0.8222332650808314,-0.03943525644229228,35
future_ret_6m,2021-06-30 00:00:00,FAC_rank_vol_m6_n12_pairwise1,2,Q2,0.8883792186943129,-0.030860026691110792,34
future_ret_6m,2021-06-30 00:00:00,FAC_rank_vol_m6_n12_pairwise1,3,Q3,0.9183549873020306,-0.0045823500204706415,34
future_ret_6m,2021-06-30 00:00:00,FAC_rank_vol_m6_n12_pairwise1,4,Q4,0.9408672617699033,0.0024470875699668547,34
future_ret_6m,2021-06-30 00:00:00,FAC_rank_vol_m6_n12_pairwise1,5,High,0.9758406692050026,-0.031908477959791064,34
future_ret_6m,2021-09-30 00:00:00,FAC_rank_vol_m6_n12_pairwise1,1,Low,0.6975477586218911,-0.16305968163885928,38
future_ret_6m,2021-09-30 00:00:00,FAC_rank_vol_m6_n12_pairwise1,2,Q2,0.80771928074976,-0.16381582695779118,37
future_ret_6m,2021-09-30 00:00:00,FAC_rank_vol_m6_n12_pairwise1,3,Q3,0.8665189474252836,-0.13065334557909597,38
future_ret_6m,2021-09-30 00:00:00,FAC_rank_vol_m6_n12_pairwise1,4,Q4,0.9053672647825881,-0.13627843695097855,37
future_ret_6m,2021-09-30 00:00:00,FAC_rank_vol_m6_n12_pairwise1,5,High,0.9579336580646669,-0.14836611235712965,38
future_ret_6m,2021-12-31 00:00:00,FAC_rank_vol_m6_n12_pairwise1,1,Low,0.8398626179079767,-0.08059952002609476,39
future_ret_6m,2021-12-31 00:00:00,FAC_rank_vol_m6_n12_pairwise1,2,Q2,0.8917797648854886,-0.10474176074078013,39
future_ret_6m,2021-12-31 00:00:00,FAC_rank_vol_m6_n12_pairwise1,3,Q3,0.9184972716393017,-0.10403334574513808,38
future_ret_6m,2021-12-31 00:00:00,FAC_rank_vol_m6_n12_pairwise1,4,Q4,0.9416857505360782,-0.10864062153376047,39
future_ret_6m,2021-12-31 00:00:00,FAC_rank_vol_m6_n12_pairwise1,5,High,0.9739598413346564,-0.09968329614855548,39
future_ret_6m,2022-03-31 00:00:00,FAC_rank_vol_m6_n12_pairwise1,1,Low,0.8273031414543857,-0.061847742040535766,42
future_ret_6m,2022-03-31 00:00:00,FAC_rank_vol_m6_n12_pairwise1,2,Q2,0.8910449422577367,-0.040366995064824426,41
future_ret_6m,2022-03-31 00:00:00,FAC_rank_vol_m6_n12_pairwise1,3,Q3,0.9208189922550784,-0.03474696336359741,42
future_ret_6m,2022-03-31 00:00:00,FAC_rank_vol_m6_n12_pairwise1,4,Q4,0.9435918469446192,-0.02796510258922936,41
future_ret_6m,2022-03-31 00:00:00,FAC_rank_vol_m6_n12_pairwise1,5,High,0.9724376685073638,-0.05098926405715751,42
future_ret_6m,2022-06-30 00:00:00,FAC_rank_vol_m6_n12_pairwise1,1,Low,0.863638628196099,-0.14380503913434559,48
future_ret_6m,2022-06-30 00:00:00,FAC_rank_vol_m6_n12_pairwise1,2,Q2,0.9114270362238539,-0.1288090963921823,47
future_ret_6m,2022-06-30 00:00:00,FAC_rank_vol_m6_n12_pairwise1,3,Q3,0.9345296198557943,-0.11612439877029361,47
future_ret_6m,2022-06-30 00:00:00,FAC_rank_vol_m6_n12_pairwise1,4,Q4,0.9526096253793893,-0.11059026831973141,47
future_ret_6m,2022-06-30 00:00:00,FAC_rank_vol_m6_n12_pairwise1,5,High,0.973279552905533,-0.12101615789820312,48
future_ret_6m,2008-12-31 00:00:00,FAC_rank_vol_m12_n6_pairwise1,1,Low,0.7653822439057716,,2
future_ret_6m,2008-12-31 00:00:00,FAC_rank_vol_m12_n6_pairwise1,2,Q2,0.7758262279060565,,1
future_ret_6m,2008-12-31 00:00:00,FAC_rank_vol_m12_n6_pairwise1,3,Q3,0.7918649958227993,,1
future_ret_6m,2008-12-31 00:00:00,FAC_rank_vol_m12_n6_pairwise1,4,Q4,0.8003198102265935,,1
future_ret_6m,2008-12-31 00:00:00,FAC_rank_vol_m12_n6_pairwise1,5,High,0.8256497599352833,,2
future_ret_6m,2009-03-31 00:00:00,FAC_rank_vol_m12_n6_pairwise1,1,Low,0.7228609990512067,,2
future_ret_6m,2009-03-31 00:00:00,FAC_rank_vol_m12_n6_pairwise1,2,Q2,0.733821248086435,,1
future_ret_6m,2009-03-31 00:00:00,FAC_rank_vol_m12_n6_pairwise1,3,Q3,0.7470558771922666,,1
future_ret_6m,2009-03-31 00:00:00,FAC_rank_vol_m12_n6_pairwise1,4,Q4,0.7753950083030858,,1
future_ret_6m,2009-03-31 00:00:00,FAC_rank_vol_m12_n6_pairwise1,5,High,0.8301676915552401,,2
future_ret_6m,2009-06-30 00:00:00,FAC_rank_vol_m12_n6_pairwise1,1,Low,0.702069746917354,,2
future_ret_6m,2009-06-30 00:00:00,FAC_rank_vol_m12_n6_pairwise1,2,Q2,0.7369321287720462,,2
future_ret_6m,2009-06-30 00:00:00,FAC_rank_vol_m12_n6_pairwise1,3,Q3,0.7553973613420936,,2
future_ret_6m,2009-06-30 00:00:00,FAC_rank_vol_m12_n6_pairwise1,4,Q4,0.8228894087962493,,2
future_ret_6m,2009-06-30 00:00:00,FAC_rank_vol_m12_n6_pairwise1,5,High,0.8795027859026878,,2
future_ret_6m,2009-09-30 00:00:00,FAC_rank_vol_m12_n6_pairwise1,1,Low,0.6642141422171314,,3
future_ret_6m,2009-09-30 00:00:00,FAC_rank_vol_m12_n6_pairwise1,2,Q2,0.7114835949824456,,2
future_ret_6m,2009-09-30 00:00:00,FAC_rank_vol_m12_n6_pairwise1,3,Q3,0.7421310312869914,,2
future_ret_6m,2009-09-30 00:00:00,FAC_rank_vol_m12_n6_pairwise1,4,Q4,0.8149297460666288,,2
future_ret_6m,2009-09-30 00:00:00,FAC_rank_vol_m12_n6_pairwise1,5,High,0.8696562665388242,,3
future_ret_6m,2009-12-31 00:00:00,FAC_rank_vol_m12_n6_pairwise1,1,Low,0.7203915385363576,,3
future_ret_6m,2009-12-31 00:00:00,FAC_rank_vol_m12_n6_pairwise1,2,Q2,0.7608657079442709,,2
future_ret_6m,2009-12-31 00:00:00,FAC_rank_vol_m12_n6_pairwise1,3,Q3,0.7867089724617887,,2
future_ret_6m,2009-12-31 00:00:00,FAC_rank_vol_m12_n6_pairwise1,4,Q4,0.8054142226050454,,2
future_ret_6m,2009-12-31 00:00:00,FAC_rank_vol_m12_n6_pairwise1,5,High,0.8784924594743325,,3
future_ret_6m,2010-03-31 00:00:00,FAC_rank_vol_m12_n6_pairwise1,1,Low,0.7227710043820661,,3
future_ret_6m,2010-03-31 00:00:00,FAC_rank_vol_m12_n6_pairwise1,2,Q2,0.7788568294446482,,3
future_ret_6m,2010-03-31 00:00:00,FAC_rank_vol_m12_n6_pairwise1,3,Q3,0.8111704026140781,,3
future_ret_6m,2010-03-31 00:00:00,FAC_rank_vol_m12_n6_pairwise1,4,Q4,0.8421375127527936,,3
future_ret_6m,2010-03-31 00:00:00,FAC_rank_vol_m12_n6_pairwise1,5,High,0.886971002712329,,3
future_ret_6m,2010-06-30 00:00:00,FAC_rank_vol_m12_n6_pairwise1,1,Low,0.7328148580355871,,4
future_ret_6m,2010-06-30 00:00:00,FAC_rank_vol_m12_n6_pairwise1,2,Q2,0.7596358961389774,,3
future_ret_6m,2010-06-30 00:00:00,FAC_rank_vol_m12_n6_pairwise1,3,Q3,0.7937346071225408,,4
future_ret_6m,2010-06-30 00:00:00,FAC_rank_vol_m12_n6_pairwise1,4,Q4,0.8281539065395765,,3
future_ret_6m,2010-06-30 00:00:00,FAC_rank_vol_m12_n6_pairwise1,5,High,0.8901266027596388,,4
future_ret_6m,2010-09-30 00:00:00,FAC_rank_vol_m12_n6_pairwise1,1,Low,0.6886115903201948,,4
future_ret_6m,2010-09-30 00:00:00,FAC_rank_vol_m12_n6_pairwise1,2,Q2,0.7501668692440479,,4
future_ret_6m,2010-09-30 00:00:00,FAC_rank_vol_m12_n6_pairwise1,3,Q3,0.7788220231151888,,3
future_ret_6m,2010-09-30 00:00:00,FAC_rank_vol_m12_n6_pairwise1,4,Q4,0.8384015164774645,,4
future_ret_6m,2010-09-30 00:00:00,FAC_rank_vol_m12_n6_pairwise1,5,High,0.8922886760593589,,4
future_ret_6m,2010-12-31 00:00:00,FAC_rank_vol_m12_n6_pairwise1,1,Low,0.7109090500378705,,4
future_ret_6m,2010-12-31 00:00:00,FAC_rank_vol_m12_n6_pairwise1,2,Q2,0.7657597564359429,,4
future_ret_6m,2010-12-31 00:00:00,FAC_rank_vol_m12_n6_pairwise1,3,Q3,0.8356372569200105,,3
future_ret_6m,2010-12-31 00:00:00,FAC_rank_vol_m12_n6_pairwise1,4,Q4,0.855630249045743,,4
future_ret_6m,2010-12-31 00:00:00,FAC_rank_vol_m12_n6_pairwise1,5,High,0.9009534772103516,,4
future_ret_6m,2011-03-31 00:00:00,FAC_rank_vol_m12_n6_pairwise1,1,Low,0.7131896666060646,,4
future_ret_6m,2011-03-31 00:00:00,FAC_rank_vol_m12_n6_pairwise1,2,Q2,0.7799671631498536,,3
future_ret_6m,2011-03-31 00:00:00,FAC_rank_vol_m12_n6_pairwise1,3,Q3,0.8148876155918158,,4
future_ret_6m,2011-03-31 00:00:00,FAC_rank_vol_m12_n6_pairwise1,4,Q4,0.8513900667612392,,3
future_ret_6m,2011-03-31 00:00:00,FAC_rank_vol_m12_n6_pairwise1,5,High,0.892971415803154,,4
future_ret_6m,2011-06-30 00:00:00,FAC_rank_vol_m12_n6_pairwise1,1,Low,0.6733218898717486,,4
future_ret_6m,2011-06-30 00:00:00,FAC_rank_vol_m12_n6_pairwise1,2,Q2,0.7677852808835769,,3
future_ret_6m,2011-06-30 00:00:00,FAC_rank_vol_m12_n6_pairwise1,3,Q3,0.781101792077329,,4
future_ret_6m,2011-06-30 00:00:00,FAC_rank_vol_m12_n6_pairwise1,4,Q4,0.8132344300888175,,3
future_ret_6m,2011-06-30 00:00:00,FAC_rank_vol_m12_n6_pairwise1,5,High,0.855268099409173,,4
future_ret_6m,2011-09-30 00:00:00,FAC_rank_vol_m12_n6_pairwise1,1,Low,0.6202039444167783,,4
future_ret_6m,2011-09-30 00:00:00,FAC_rank_vol_m12_n6_pairwise1,2,Q2,0.7641374972127855,,3
future_ret_6m,2011-09-30 00:00:00,FAC_rank_vol_m12_n6_pairwise1,3,Q3,0.8100441894976923,,4
future_ret_6m,2011-09-30 00:00:00,FAC_rank_vol_m12_n6_pairwise1,4,Q4,0.8295230192306073,,3
future_ret_6m,2011-09-30 00:00:00,FAC_rank_vol_m12_n6_pairwise1,5,High,0.8688959923662192,,4
future_ret_6m,2011-12-30 00:00:00,FAC_rank_vol_m12_n6_pairwise1,1,Low,0.6314787717972047,0.06915473289164845,5
future_ret_6m,2011-12-30 00:00:00,FAC_rank_vol_m12_n6_pairwise1,2,Q2,0.7430317127615664,,4
future_ret_6m,2011-12-30 00:00:00,FAC_rank_vol_m12_n6_pairwise1,3,Q3,0.783452926741926,,4
future_ret_6m,2011-12-30 00:00:00,FAC_rank_vol_m12_n6_pairwise1,4,Q4,0.8139163697524997,,4
future_ret_6m,2011-12-30 00:00:00,FAC_rank_vol_m12_n6_pairwise1,5,High,0.8789616225787276,,4
future_ret_6m,2012-03-30 00:00:00,FAC_rank_vol_m12_n6_pairwise1,1,Low,0.6393162755670957,0.03588723260646589,5
future_ret_6m,2012-03-30 00:00:00,FAC_rank_vol_m12_n6_pairwise1,2,Q2,0.7122253387986827,,4
future_ret_6m,2012-03-30 00:00:00,FAC_rank_vol_m12_n6_pairwise1,3,Q3,0.7615780500893554,,4
future_ret_6m,2012-03-30 00:00:00,FAC_rank_vol_m12_n6_pairwise1,4,Q4,0.8174994909572617,,4
future_ret_6m,2012-03-30 00:00:00,FAC_rank_vol_m12_n6_pairwise1,5,High,0.857033739409417,-0.03343503114746356,5
future_ret_6m,2012-06-29 00:00:00,FAC_rank_vol_m12_n6_pairwise1,1,Low,0.6910034591331506,-0.002225453968946911,5
future_ret_6m,2012-06-29 00:00:00,FAC_rank_vol_m12_n6_pairwise1,2,Q2,0.7311835771722778,0.02815307218628258,5
future_ret_6m,2012-06-29 00:00:00,FAC_rank_vol_m12_n6_pairwise1,3,Q3,0.7741900438123299,,4
future_ret_6m,2012-06-29 00:00:00,FAC_rank_vol_m12_n6_pairwise1,4,Q4,0.8086674261602408,0.01778714620203472,5
future_ret_6m,2012-06-29 00:00:00,FAC_rank_vol_m12_n6_pairwise1,5,High,0.8558190443113667,0.036940486236766004,5
future_ret_6m,2012-09-28 00:00:00,FAC_rank_vol_m12_n6_pairwise1,1,Low,0.6634915853144122,0.08898545042201982,5
future_ret_6m,2012-09-28 00:00:00,FAC_rank_vol_m12_n6_pairwise1,2,Q2,0.721716589364682,0.08560457715812593,5
future_ret_6m,2012-09-28 00:00:00,FAC_rank_vol_m12_n6_pairwise1,3,Q3,0.8083420733373217,0.15378496642707756,5
future_ret_6m,2012-09-28 00:00:00,FAC_rank_vol_m12_n6_pairwise1,4,Q4,0.835259983076446,0.1375761189879424,5
future_ret_6m,2012-09-28 00:00:00,FAC_rank_vol_m12_n6_pairwise1,5,High,0.8924811146898339,0.12952719572811083,5
future_ret_6m,2012-12-31 00:00:00,FAC_rank_vol_m12_n6_pairwise1,1,Low,0.638933636879126,0.07328578075325323,7
future_ret_6m,2012-12-31 00:00:00,FAC_rank_vol_m12_n6_pairwise1,2,Q2,0.7219926383367016,0.018991822810452714,6
future_ret_6m,2012-12-31 00:00:00,FAC_rank_vol_m12_n6_pairwise1,3,Q3,0.7859333678974679,0.097216184657538,6
future_ret_6m,2012-12-31 00:00:00,FAC_rank_vol_m12_n6_pairwise1,4,Q4,0.826115560764796,0.10352170426494166,6
future_ret_6m,2012-12-31 00:00:00,FAC_rank_vol_m12_n6_pairwise1,5,High,0.8937406019792089,0.06631225315813376,6
future_ret_6m,2013-03-29 00:00:00,FAC_rank_vol_m12_n6_pairwise1,1,Low,0.6296855390040637,0.22911417317403465,7
future_ret_6m,2013-03-29 00:00:00,FAC_rank_vol_m12_n6_pairwise1,2,Q2,0.7087669228235882,0.0676437594590668,7
future_ret_6m,2013-03-29 00:00:00,FAC_rank_vol_m12_n6_pairwise1,3,Q3,0.7577135721315525,0.24889330577195415,6
future_ret_6m,2013-03-29 00:00:00,FAC_rank_vol_m12_n6_pairwise1,4,Q4,0.821810760408674,0.10748712166717568,7
future_ret_6m,2013-03-29 00:00:00,FAC_rank_vol_m12_n6_pairwise1,5,High,0.8826679469992061,0.11376164999604096,7
future_ret_6m,2013-06-28 00:00:00,FAC_rank_vol_m12_n6_pairwise1,1,Low,0.6490742525504076,0.0874476620925771,8
future_ret_6m,2013-06-28 00:00:00,FAC_rank_vol_m12_n6_pairwise1,2,Q2,0.7374108110891584,0.1541127127177399,8
future_ret_6m,2013-06-28 00:00:00,FAC_rank_vol_m12_n6_pairwise1,3,Q3,0.7978671101394226,0.08480086354758945,8
future_ret_6m,2013-06-28 00:00:00,FAC_rank_vol_m12_n6_pairwise1,4,Q4,0.8524128651944569,0.0785421891573945,8
future_ret_6m,2013-06-28 00:00:00,FAC_rank_vol_m12_n6_pairwise1,5,High,0.9131347055519974,0.10333253249657307,8
future_ret_6m,2013-09-30 00:00:00,FAC_rank_vol_m12_n6_pairwise1,1,Low,0.6709557484754515,-0.07039411643376779,9
future_ret_6m,2013-09-30 00:00:00,FAC_rank_vol_m12_n6_pairwise1,2,Q2,0.7490291181906523,-0.07161675706705554,8
future_ret_6m,2013-09-30 00:00:00,FAC_rank_vol_m12_n6_pairwise1,3,Q3,0.7922078352320786,-0.07086971365370356,8
future_ret_6m,2013-09-30 00:00:00,FAC_rank_vol_m12_n6_pairwise1,4,Q4,0.8369848819422895,-0.09638934485735356,8
future_ret_6m,2013-09-30 00:00:00,FAC_rank_vol_m12_n6_pairwise1,5,High,0.9068267650151619,-0.12062733405030018,9
future_ret_6m,2013-12-31 00:00:00,FAC_rank_vol_m12_n6_pairwise1,1,Low,0.6902546406476403,0.022563780968685117,9
future_ret_6m,2013-12-31 00:00:00,FAC_rank_vol_m12_n6_pairwise1,2,Q2,0.7499692659496509,-0.03236241177533204,9
future_ret_6m,2013-12-31 00:00:00,FAC_rank_vol_m12_n6_pairwise1,3,Q3,0.7881469588044637,-0.01557017861179058,9
future_ret_6m,2013-12-31 00:00:00,FAC_rank_vol_m12_n6_pairwise1,4,Q4,0.8318813754605898,-0.0041211093647973585,9
future_ret_6m,2013-12-31 00:00:00,FAC_rank_vol_m12_n6_pairwise1,5,High,0.903998327778412,-0.02211254594193752,9
future_ret_6m,2014-03-31 00:00:00,FAC_rank_vol_m12_n6_pairwise1,1,Low,0.6679103671183267,0.17265013402995205,9
future_ret_6m,2014-03-31 00:00:00,FAC_rank_vol_m12_n6_pairwise1,2,Q2,0.7444937844580892,0.15874209377968823,8
future_ret_6m,2014-03-31 00:00:00,FAC_rank_vol_m12_n6_pairwise1,3,Q3,0.7807663741814813,0.18632763653369333,9
future_ret_6m,2014-03-31 00:00:00,FAC_rank_vol_m12_n6_pairwise1,4,Q4,0.8233169911812732,0.21390788345275402,8
future_ret_6m,2014-03-31 00:00:00,FAC_rank_vol_m12_n6_pairwise1,5,High,0.884882276137302,0.1904885504163345,9
future_ret_6m,2014-06-30 00:00:00,FAC_rank_vol_m12_n6_pairwise1,1,Low,0.6548710751127127,0.24455641345114124,10
future_ret_6m,2014-06-30 00:00:00,FAC_rank_vol_m12_n6_pairwise1,2,Q2,0.7610296470937603,0.22585506630181496,9
future_ret_6m,2014-06-30 00:00:00,FAC_rank_vol_m12_n6_pairwise1,3,Q3,0.7983488398814059,0.2932308550732067,9
future_ret_6m,2014-06-30 00:00:00,FAC_rank_vol_m12_n6_pairwise1,4,Q4,0.8404132650853673,0.2068534340294399,9
future_ret_6m,2014-06-30 00:00:00,FAC_rank_vol_m12_n6_pairwise1,5,High,0.895314255596388,0.28265016405148213,9
future_ret_6m,2014-09-30 00:00:00,FAC_rank_vol_m12_n6_pairwise1,1,Low,0.698714631994472,0.4551199441187359,10
future_ret_6m,2014-09-30 00:00:00,FAC_rank_vol_m12_n6_pairwise1,2,Q2,0.7711526856042419,0.44218387397462267,9
future_ret_6m,2014-09-30 00:00:00,FAC_rank_vol_m12_n6_pairwise1,3,Q3,0.8216558250690298,0.48440462814013013,9
future_ret_6m,2014-09-30 00:00:00,FAC_rank_vol_m12_n6_pairwise1,4,Q4,0.8519680200054174,0.45182352718077035,9
future_ret_6m,2014-09-30 00:00:00,FAC_rank_vol_m12_n6_pairwise1,5,High,0.9139384532969308,0.5383177626030097,9
future_ret_6m,2014-12-31 00:00:00,FAC_rank_vol_m12_n6_pairwise1,1,Low,0.7123308855681105,0.6160800463485407,8
future_ret_6m,2014-12-31 00:00:00,FAC_rank_vol_m12_n6_pairwise1,2,Q2,0.7784341312642203,0.569749605702925,8
future_ret_6m,2014-12-31 00:00:00,FAC_rank_vol_m12_n6_pairwise1,3,Q3,0.8128364344119743,0.6653060523128194,8
future_ret_6m,2014-12-31 00:00:00,FAC_rank_vol_m12_n6_pairwise1,4,Q4,0.8626070081531633,0.5665899644299837,8
future_ret_6m,2014-12-31 00:00:00,FAC_rank_vol_m12_n6_pairwise1,5,High,0.9043143198619705,0.6154761002097677,8
future_ret_6m,2015-03-31 00:00:00,FAC_rank_vol_m12_n6_pairwise1,1,Low,0.6722002980911037,-0.1297007496269453,7
future_ret_6m,2015-03-31 00:00:00,FAC_rank_vol_m12_n6_pairwise1,2,Q2,0.7391809290360066,-0.15071532055665254,7
future_ret_6m,2015-03-31 00:00:00,FAC_rank_vol_m12_n6_pairwise1,3,Q3,0.7841315440735798,-0.1093520632498732,7
future_ret_6m,2015-03-31 00:00:00,FAC_rank_vol_m12_n6_pairwise1,4,Q4,0.8216794212151662,-0.08709141893195942,7
future_ret_6m,2015-03-31 00:00:00,FAC_rank_vol_m12_n6_pairwise1,5,High,0.8858402590128487,-0.14471117732255706,7
future_ret_6m,2015-06-30 00:00:00,FAC_rank_vol_m12_n6_pairwise1,1,Low,0.6681768936409491,-0.0626370937529827,5
future_ret_6m,2015-06-30 00:00:00,FAC_rank_vol_m12_n6_pairwise1,2,Q2,0.7608736599307229,-0.03391844459674498,5
future_ret_6m,2015-06-30 00:00:00,FAC_rank_vol_m12_n6_pairwise1,3,Q3,0.7922279737081506,,4
future_ret_6m,2015-06-30 00:00:00,FAC_rank_vol_m12_n6_pairwise1,4,Q4,0.8232918906381647,-0.030880840009074918,5
future_ret_6m,2015-06-30 00:00:00,FAC_rank_vol_m12_n6_pairwise1,5,High,0.8952983960212684,-0.06591136968272078,5
future_ret_6m,2015-09-30 00:00:00,FAC_rank_vol_m12_n6_pairwise1,1,Low,0.641220618459617,0.10313731300162829,5
future_ret_6m,2015-09-30 00:00:00,FAC_rank_vol_m12_n6_pairwise1,2,Q2,0.6944968531276305,,4
future_ret_6m,2015-09-30 00:00:00,FAC_rank_vol_m12_n6_pairwise1,3,Q3,0.778345500018748,0.10208069497413264,5
future_ret_6m,2015-09-30 00:00:00,FAC_rank_vol_m12_n6_pairwise1,4,Q4,0.8142959828234396,,4
future_ret_6m,2015-09-30 00:00:00,FAC_rank_vol_m12_n6_pairwise1,5,High,0.8615998728429979,0.08424062626969206,5
future_ret_6m,2015-12-31 00:00:00,FAC_rank_vol_m12_n6_pairwise1,1,Low,0.6231530230562006,-0.10602187959215077,5
future_ret_6m,2015-12-31 00:00:00,FAC_rank_vol_m12_n6_pairwise1,2,Q2,0.7183432215153028,-0.14673018064036641,5
future_ret_6m,2015-12-31 00:00:00,FAC_rank_vol_m12_n6_pairwise1,3,Q3,0.7679992979032292,-0.10007875657139205,5
future_ret_6m,2015-12-31 00:00:00,FAC_rank_vol_m12_n6_pairwise1,4,Q4,0.8357621300742236,-0.13528405635214472,5
future_ret_6m,2015-12-31 00:00:00,FAC_rank_vol_m12_n6_pairwise1,5,High,0.8735228252276211,-0.1372073162681095,5
future_ret_6m,2016-03-31 00:00:00,FAC_rank_vol_m12_n6_pairwise1,1,Low,0.6553250291636428,0.04431161512531249,6
future_ret_6m,2016-03-31 00:00:00,FAC_rank_vol_m12_n6_pairwise1,2,Q2,0.7294796504370886,0.036634282299497355,6
future_ret_6m,2016-03-31 00:00:00,FAC_rank_vol_m12_n6_pairwise1,3,Q3,0.7662621140955076,0.06860413924943158,6
future_ret_6m,2016-03-31 00:00:00,FAC_rank_vol_m12_n6_pairwise1,4,Q4,0.8089963505227699,0.07122921972733998,6
future_ret_6m,2016-03-31 00:00:00,FAC_rank_vol_m12_n6_pairwise1,5,High,0.8676648653060646,0.07109173032437062,6
future_ret_6m,2016-06-30 00:00:00,FAC_rank_vol_m12_n6_pairwise1,1,Low,0.7117346999680336,0.008376878153653764,7
future_ret_6m,2016-06-30 00:00:00,FAC_rank_vol_m12_n6_pairwise1,2,Q2,0.7925060118118864,-0.009819161581452148,6
future_ret_6m,2016-06-30 00:00:00,FAC_rank_vol_m12_n6_pairwise1,3,Q3,0.8284931544251881,-0.0005620927746975609,6
future_ret_6m,2016-06-30 00:00:00,FAC_rank_vol_m12_n6_pairwise1,4,Q4,0.8541062940893737,0.014663278944780237,6
future_ret_6m,2016-06-30 00:00:00,FAC_rank_vol_m12_n6_pairwise1,5,High,0.8974498963055028,0.006547938308195889,7
future_ret_6m,2016-09-30 00:00:00,FAC_rank_vol_m12_n6_pairwise1,1,Low,0.6749288831021245,0.028041372445317497,7
future_ret_6m,2016-09-30 00:00:00,FAC_rank_vol_m12_n6_pairwise1,2,Q2,0.7675047796294157,-0.01926356099664417,7
future_ret_6m,2016-09-30 00:00:00,FAC_rank_vol_m12_n6_pairwise1,3,Q3,0.8189097365677291,0.04341551611239449,6
future_ret_6m,2016-09-30 00:00:00,FAC_rank_vol_m12_n6_pairwise1,4,Q4,0.8536263273549792,0.007344581708262275,7
future_ret_6m,2016-09-30 00:00:00,FAC_rank_vol_m12_n6_pairwise1,5,High,0.8955871640913848,0.0010868016232029282,7
future_ret_6m,2016-12-30 00:00:00,FAC_rank_vol_m12_n6_pairwise1,1,Low,0.7349313938231372,0.02272472562839331,8
future_ret_6m,2016-12-30 00:00:00,FAC_rank_vol_m12_n6_pairwise1,2,Q2,0.7891971246758114,0.12344747112885937,7
future_ret_6m,2016-12-30 00:00:00,FAC_rank_vol_m12_n6_pairwise1,3,Q3,0.8263356749942965,0.0759318412970578,7
future_ret_6m,2016-12-30 00:00:00,FAC_rank_vol_m12_n6_pairwise1,4,Q4,0.8493760319158475,0.08373741353239703,7
future_ret_6m,2016-12-30 00:00:00,FAC_rank_vol_m12_n6_pairwise1,5,High,0.8807530731871392,0.03543920757601585,7
future_ret_6m,2017-03-31 00:00:00,FAC_rank_vol_m12_n6_pairwise1,1,Low,0.7334511604273295,0.10845113856925125,8
future_ret_6m,2017-03-31 00:00:00,FAC_rank_vol_m12_n6_pairwise1,2,Q2,0.7826529225496659,0.12605739039344208,7
future_ret_6m,2017-03-31 00:00:00,FAC_rank_vol_m12_n6_pairwise1,3,Q3,0.8313538806358006,0.08708136474336602,7
future_ret_6m,2017-03-31 00:00:00,FAC_rank_vol_m12_n6_pairwise1,4,Q4,0.8587999134466903,0.06635861368269927,7
future_ret_6m,2017-03-31 00:00:00,FAC_rank_vol_m12_n6_pairwise1,5,High,0.9005354508930009,0.11636253986887951,8
future_ret_6m,2017-06-30 00:00:00,FAC_rank_vol_m12_n6_pairwise1,1,Low,0.6986571039934495,0.0975019544115345,10
future_ret_6m,2017-06-30 00:00:00,FAC_rank_vol_m12_n6_pairwise1,2,Q2,0.7650013612643289,0.14673989624591166,9
future_ret_6m,2017-06-30 00:00:00,FAC_rank_vol_m12_n6_pairwise1,3,Q3,0.8108344856803167,0.06927689774344735,9
future_ret_6m,2017-06-30 00:00:00,FAC_rank_vol_m12_n6_pairwise1,4,Q4,0.858713288884793,0.0941391461651905,9
future_ret_6m,2017-06-30 00:00:00,FAC_rank_vol_m12_n6_pairwise1,5,High,0.9172293497039092,0.12656542812649862,9
future_ret_6m,2017-09-29 00:00:00,FAC_rank_vol_m12_n6_pairwise1,1,Low,0.6792125872520938,0.025466939269892425,14
future_ret_6m,2017-09-29 00:00:00,FAC_rank_vol_m12_n6_pairwise1,2,Q2,0.7670232218283533,0.007611122558497274,13
future_ret_6m,2017-09-29 00:00:00,FAC_rank_vol_m12_n6_pairwise1,3,Q3,0.8151059833064113,0.02838066166843363,13
future_ret_6m,2017-09-29 00:00:00,FAC_rank_vol_m12_n6_pairwise1,4,Q4,0.8776479038682232,0.03837095651216571,13
future_ret_6m,2017-09-29 00:00:00,FAC_rank_vol_m12_n6_pairwise1,5,High,0.9176884976966917,0.018044565160494883,13
future_ret_6m,2017-12-29 00:00:00,FAC_rank_vol_m12_n6_pairwise1,1,Low,0.6990844419106086,-0.12332357139226027,18
future_ret_6m,2017-12-29 00:00:00,FAC_rank_vol_m12_n6_pairwise1,2,Q2,0.787123454245898,-0.10473386089309454,17
future_ret_6m,2017-12-29 00:00:00,FAC_rank_vol_m12_n6_pairwise1,3,Q3,0.8316374960810592,-0.09173432132167703,18
future_ret_6m,2017-12-29 00:00:00,FAC_rank_vol_m12_n6_pairwise1,4,Q4,0.8691414318119172,-0.04976957838907011,17
future_ret_6m,2017-12-29 00:00:00,FAC_rank_vol_m12_n6_pairwise1,5,High,0.9190341579725282,-0.08807642446743673,18
future_ret_6m,2018-03-30 00:00:00,FAC_rank_vol_m12_n6_pairwise1,1,Low,0.7128328734992108,-0.18690315275686933,19
future_ret_6m,2018-03-30 00:00:00,FAC_rank_vol_m12_n6_pairwise1,2,Q2,0.7923149816483656,-0.14549868584564873,19
future_ret_6m,2018-03-30 00:00:00,FAC_rank_vol_m12_n6_pairwise1,3,Q3,0.848439496757997,-0.14347146465699995,18
future_ret_6m,2018-03-30 00:00:00,FAC_rank_vol_m12_n6_pairwise1,4,Q4,0.8905129514857952,-0.12745811660276177,19
future_ret_6m,2018-03-30 00:00:00,FAC_rank_vol_m12_n6_pairwise1,5,High,0.933002631692687,-0.1052186680685896,19
future_ret_6m,2018-06-29 00:00:00,FAC_rank_vol_m12_n6_pairwise1,1,Low,0.6652045359947625,-0.2341435775762705,21
future_ret_6m,2018-06-29 00:00:00,FAC_rank_vol_m12_n6_pairwise1,2,Q2,0.7540193734094407,-0.17287194801316783,20
future_ret_6m,2018-06-29 00:00:00,FAC_rank_vol_m12_n6_pairwise1,3,Q3,0.8234297500832873,-0.172285699028047,20
future_ret_6m,2018-06-29 00:00:00,FAC_rank_vol_m12_n6_pairwise1,4,Q4,0.8580117442467058,-0.18806176706467811,20
future_ret_6m,2018-06-29 00:00:00,FAC_rank_vol_m12_n6_pairwise1,5,High,0.9151267920695696,-0.18638798600271583,20
future_ret_6m,2018-09-28 00:00:00,FAC_rank_vol_m12_n6_pairwise1,1,Low,0.6632565117486673,0.14033774449147024,22
future_ret_6m,2018-09-28 00:00:00,FAC_rank_vol_m12_n6_pairwise1,2,Q2,0.7476154726078363,0.13166871452175224,21
future_ret_6m,2018-09-28 00:00:00,FAC_rank_vol_m12_n6_pairwise1,3,Q3,0.8078148615527425,0.12769262518497648,22
future_ret_6m,2018-09-28 00:00:00,FAC_rank_vol_m12_n6_pairwise1,4,Q4,0.84427002783595,0.13022849836752237,21
future_ret_6m,2018-09-28 00:00:00,FAC_rank_vol_m12_n6_pairwise1,5,High,0.8977521477592567,0.13542485512030158,22
future_ret_6m,2018-12-28 00:00:00,FAC_rank_vol_m12_n6_pairwise1,1,Low,0.6753098598546756,0.2852794841922148,22
future_ret_6m,2018-12-28 00:00:00,FAC_rank_vol_m12_n6_pairwise1,2,Q2,0.7420134369046624,0.32264741776123496,21
future_ret_6m,2018-12-28 00:00:00,FAC_rank_vol_m12_n6_pairwise1,3,Q3,0.7936704322979455,0.2335296120665863,22
future_ret_6m,2018-12-28 00:00:00,FAC_rank_vol_m12_n6_pairwise1,4,Q4,0.8335769754846186,0.2310258823356609,21
future_ret_6m,2018-12-28 00:00:00,FAC_rank_vol_m12_n6_pairwise1,5,High,0.9071724389574054,0.24327161746406223,22
future_ret_6m,2019-03-29 00:00:00,FAC_rank_vol_m12_n6_pairwise1,1,Low,0.6589485650200398,0.08206785097504468,22
future_ret_6m,2019-03-29 00:00:00,FAC_rank_vol_m12_n6_pairwise1,2,Q2,0.7442698704923447,0.05476452919557308,21
future_ret_6m,2019-03-29 00:00:00,FAC_rank_vol_m12_n6_pairwise1,3,Q3,0.7828703268187606,0.06345420593856888,21
future_ret_6m,2019-03-29 00:00:00,FAC_rank_vol_m12_n6_pairwise1,4,Q4,0.8308692713850967,0.05158492775143458,21
future_ret_6m,2019-03-29 00:00:00,FAC_rank_vol_m12_n6_pairwise1,5,High,0.8861420241917172,0.06057092032323813,21
future_ret_6m,2019-06-28 00:00:00,FAC_rank_vol_m12_n6_pairwise1,1,Low,0.6379348788468533,0.15227935764718473,22
future_ret_6m,2019-06-28 00:00:00,FAC_rank_vol_m12_n6_pairwise1,2,Q2,0.7240539628046491,0.14481789454561392,22
future_ret_6m,2019-06-28 00:00:00,FAC_rank_vol_m12_n6_pairwise1,3,Q3,0.7629938597934796,0.17309951325157852,21
future_ret_6m,2019-06-28 00:00:00,FAC_rank_vol_m12_n6_pairwise1,4,Q4,0.8051933415899621,0.18030064658032696,22
future_ret_6m,2019-06-28 00:00:00,FAC_rank_vol_m12_n6_pairwise1,5,High,0.8675396821890824,0.21214824452653114,22
future_ret_6m,2019-09-30 00:00:00,FAC_rank_vol_m12_n6_pairwise1,1,Low,0.655387141389872,0.0804608954405314,22
future_ret_6m,2019-09-30 00:00:00,FAC_rank_vol_m12_n6_pairwise1,2,Q2,0.7286694602771399,0.07445837258219977,22
future_ret_6m,2019-09-30 00:00:00,FAC_rank_vol_m12_n6_pairwise1,3,Q3,0.7734809541302172,0.10944434865732906,22
future_ret_6m,2019-09-30 00:00:00,FAC_rank_vol_m12_n6_pairwise1,4,Q4,0.8186873939684042,0.12053403657175732,22
future_ret_6m,2019-09-30 00:00:00,FAC_rank_vol_m12_n6_pairwise1,5,High,0.8690790936696549,0.11030912036815427,22
future_ret_6m,2019-12-31 00:00:00,FAC_rank_vol_m12_n6_pairwise1,1,Low,0.6676352422434112,0.3588068558910719,24
future_ret_6m,2019-12-31 00:00:00,FAC_rank_vol_m12_n6_pairwise1,2,Q2,0.7327545779947169,0.3321927885989004,24
future_ret_6m,2019-12-31 00:00:00,FAC_rank_vol_m12_n6_pairwise1,3,Q3,0.7737514634190268,0.2868916814154143,23
future_ret_6m,2019-12-31 00:00:00,FAC_rank_vol_m12_n6_pairwise1,4,Q4,0.8212899853727599,0.3030514053058798,24
future_ret_6m,2019-12-31 00:00:00,FAC_rank_vol_m12_n6_pairwise1,5,High,0.8823195502010117,0.2855053265465089,24
future_ret_6m,2020-03-31 00:00:00,FAC_rank_vol_m12_n6_pairwise1,1,Low,0.6572909936570952,0.4522340284280897,25
future_ret_6m,2020-03-31 00:00:00,FAC_rank_vol_m12_n6_pairwise1,2,Q2,0.7579747222220307,0.442705507186655,25
future_ret_6m,2020-03-31 00:00:00,FAC_rank_vol_m12_n6_pairwise1,3,Q3,0.8142846900010974,0.42278572840077694,24
future_ret_6m,2020-03-31 00:00:00,FAC_rank_vol_m12_n6_pairwise1,4,Q4,0.8527272248878188,0.40520731143774263,25
future_ret_6m,2020-03-31 00:00:00,FAC_rank_vol_m12_n6_pairwise1,5,High,0.898369424986983,0.4335742988195412,25
future_ret_6m,2020-06-30 00:00:00,FAC_rank_vol_m12_n6_pairwise1,1,Low,0.7110502268172963,0.2621578079877487,26
future_ret_6m,2020-06-30 00:00:00,FAC_rank_vol_m12_n6_pairwise1,2,Q2,0.7910689652943113,0.24930114546552157,25
future_ret_6m,2020-06-30 00:00:00,FAC_rank_vol_m12_n6_pairwise1,3,Q3,0.8357533797854404,0.2873131467900693,26
future_ret_6m,2020-06-30 00:00:00,FAC_rank_vol_m12_n6_pairwise1,4,Q4,0.8655131733714108,0.2627768764636714,25
future_ret_6m,2020-06-30 00:00:00,FAC_rank_vol_m12_n6_pairwise1,5,High,0.9134080316800889,0.2847726619277049,26
future_ret_6m,2020-09-30 00:00:00,FAC_rank_vol_m12_n6_pairwise1,1,Low,0.6850793677689108,0.058892122739090016,29
future_ret_6m,2020-09-30 00:00:00,FAC_rank_vol_m12_n6_pairwise1,2,Q2,0.7603632981342027,0.09475756535351194,28
future_ret_6m,2020-09-30 00:00:00,FAC_rank_vol_m12_n6_pairwise1,3,Q3,0.8126784072756764,0.11577536849523061,28
future_ret_6m,2020-09-30 00:00:00,FAC_rank_vol_m12_n6_pairwise1,4,Q4,0.8513538327246819,0.11313745599949941,28
future_ret_6m,2020-09-30 00:00:00,FAC_rank_vol_m12_n6_pairwise1,5,High,0.8970211054322642,0.1274239613460015,29
future_ret_6m,2020-12-31 00:00:00,FAC_rank_vol_m12_n6_pairwise1,1,Low,0.6310079092572821,0.10972675673459864,31
future_ret_6m,2020-12-31 00:00:00,FAC_rank_vol_m12_n6_pairwise1,2,Q2,0.6996132760994953,0.13113732886605733,30
future_ret_6m,2020-12-31 00:00:00,FAC_rank_vol_m12_n6_pairwise1,3,Q3,0.7692565989223479,0.10694704082795657,31
future_ret_6m,2020-12-31 00:00:00,FAC_rank_vol_m12_n6_pairwise1,4,Q4,0.8210163572955218,0.09551146949782723,30
future_ret_6m,2020-12-31 00:00:00,FAC_rank_vol_m12_n6_pairwise1,5,High,0.8768689648540697,0.07893877248915512,31
future_ret_6m,2021-03-31 00:00:00,FAC_rank_vol_m12_n6_pairwise1,1,Low,0.6454479724511679,0.08155660094580172,32
future_ret_6m,2021-03-31 00:00:00,FAC_rank_vol_m12_n6_pairwise1,2,Q2,0.7266836025273364,0.11509984204283094,32
future_ret_6m,2021-03-31 00:00:00,FAC_rank_vol_m12_n6_pairwise1,3,Q3,0.7769757278961549,0.09345585628571482,32
future_ret_6m,2021-03-31 00:00:00,FAC_rank_vol_m12_n6_pairwise1,4,Q4,0.8206146258780911,0.11255218833327499,32
future_ret_6m,2021-03-31 00:00:00,FAC_rank_vol_m12_n6_pairwise1,5,High,0.8780031393098873,0.0800703467009707,32
future_ret_6m,2021-06-30 00:00:00,FAC_rank_vol_m12_n6_pairwise1,1,Low,0.6657504294257782,-0.03661291194093402,35
future_ret_6m,2021-06-30 00:00:00,FAC_rank_vol_m12_n6_pairwise1,2,Q2,0.7446810776064622,0.01227156016277781,34
future_ret_6m,2021-06-30 00:00:00,FAC_rank_vol_m12_n6_pairwise1,3,Q3,0.8033453639490795,-0.037164753608324975,34
future_ret_6m,2021-06-30 00:00:00,FAC_rank_vol_m12_n6_pairwise1,4,Q4,0.8363839116941449,-0.02741617498402827,34
future_ret_6m,2021-06-30 00:00:00,FAC_rank_vol_m12_n6_pairwise1,5,High,0.8880803448895334,0.001950941428956387,34
future_ret_6m,2021-09-30 00:00:00,FAC_rank_vol_m12_n6_pairwise1,1,Low,0.6571339303616487,-0.16767833651247127,38
future_ret_6m,2021-09-30 00:00:00,FAC_rank_vol_m12_n6_pairwise1,2,Q2,0.7264429522706548,-0.16109469842024368,37
future_ret_6m,2021-09-30 00:00:00,FAC_rank_vol_m12_n6_pairwise1,3,Q3,0.775863509126253,-0.13850763950109246,38
future_ret_6m,2021-09-30 00:00:00,FAC_rank_vol_m12_n6_pairwise1,4,Q4,0.8289698604153013,-0.13411225180013678,37
future_ret_6m,2021-09-30 00:00:00,FAC_rank_vol_m12_n6_pairwise1,5,High,0.8868921961344772,-0.13678759191261003,38
future_ret_6m,2021-12-31 00:00:00,FAC_rank_vol_m12_n6_pairwise1,1,Low,0.6417598978672127,-0.09673235304111052,39
future_ret_6m,2021-12-31 00:00:00,FAC_rank_vol_m12_n6_pairwise1,2,Q2,0.7345002503301771,-0.11092476255563422,39
future_ret_6m,2021-12-31 00:00:00,FAC_rank_vol_m12_n6_pairwise1,3,Q3,0.7981740893430955,-0.09220780525060845,38
future_ret_6m,2021-12-31 00:00:00,FAC_rank_vol_m12_n6_pairwise1,4,Q4,0.8506340930299814,-0.10812552706053886,39
future_ret_6m,2021-12-31 00:00:00,FAC_rank_vol_m12_n6_pairwise1,5,High,0.903486809837182,-0.0943806422589131,39
future_ret_6m,2022-03-31 00:00:00,FAC_rank_vol_m12_n6_pairwise1,1,Low,0.6560905405591287,-0.043781249808624564,42
future_ret_6m,2022-03-31 00:00:00,FAC_rank_vol_m12_n6_pairwise1,2,Q2,0.7242720861283628,-0.03123065300542542,41
future_ret_6m,2022-03-31 00:00:00,FAC_rank_vol_m12_n6_pairwise1,3,Q3,0.7752587571419008,-0.04990847428375744,42
future_ret_6m,2022-03-31 00:00:00,FAC_rank_vol_m12_n6_pairwise1,4,Q4,0.8295036308501742,-0.032693204469349174,41
future_ret_6m,2022-03-31 00:00:00,FAC_rank_vol_m12_n6_pairwise1,5,High,0.8888204814596848,-0.04602097500695906,42
future_ret_6m,2022-06-30 00:00:00,FAC_rank_vol_m12_n6_pairwise1,1,Low,0.6295559962211085,-0.1385443197839578,48
future_ret_6m,2022-06-30 00:00:00,FAC_rank_vol_m12_n6_pairwise1,2,Q2,0.7227991338793791,-0.12190617300308706,47
future_ret_6m,2022-06-30 00:00:00,FAC_rank_vol_m12_n6_pairwise1,3,Q3,0.7790847060092929,-0.10947388737146062,47
future_ret_6m,2022-06-30 00:00:00,FAC_rank_vol_m12_n6_pairwise1,4,Q4,0.8357138771645757,-0.10549530981366755,47
future_ret_6m,2022-06-30 00:00:00,FAC_rank_vol_m12_n6_pairwise1,5,High,0.9006311849021671,-0.10972738598256664,48
