ret_col,date,sort_col,economic_group,group_label,sort_mean,portfolio_ret,n_funds
future_ret_6m,2007-09-28 00:00:00,FAC_rank_vol_m3_n6_pairwise1,1,Low,0.6917726624114391,,2
future_ret_6m,2007-09-28 00:00:00,FAC_rank_vol_m3_n6_pairwise1,2,Q2,0.8611340698498231,,1
future_ret_6m,2007-09-28 00:00:00,FAC_rank_vol_m3_n6_pairwise1,3,Q3,0.8611340698498231,,1
future_ret_6m,2007-09-28 00:00:00,FAC_rank_vol_m3_n6_pairwise1,4,Q4,0.8950272237837045,,1
future_ret_6m,2007-09-28 00:00:00,FAC_rank_vol_m3_n6_pairwise1,5,High,0.9947513611891853,,1
future_ret_6m,2007-12-28 00:00:00,FAC_rank_vol_m3_n6_pairwise1,1,Low,0.8102579074711848,,2
future_ret_6m,2007-12-28 00:00:00,FAC_rank_vol_m3_n6_pairwise1,2,Q2,0.8691243691797653,,1
future_ret_6m,2007-12-28 00:00:00,FAC_rank_vol_m3_n6_pairwise1,3,Q3,0.8927515313409717,,1
future_ret_6m,2007-12-28 00:00:00,FAC_rank_vol_m3_n6_pairwise1,4,Q4,0.9086755566972918,,1
future_ret_6m,2007-12-28 00:00:00,FAC_rank_vol_m3_n6_pairwise1,5,High,0.9546863713615878,,2
future_ret_6m,2008-03-31 00:00:00,FAC_rank_vol_m3_n6_pairwise1,1,Low,0.7012191352175435,,2
future_ret_6m,2008-03-31 00:00:00,FAC_rank_vol_m3_n6_pairwise1,2,Q2,0.7889620009641936,,1
future_ret_6m,2008-03-31 00:00:00,FAC_rank_vol_m3_n6_pairwise1,3,Q3,0.8511161998997168,,2
future_ret_6m,2008-03-31 00:00:00,FAC_rank_vol_m3_n6_pairwise1,4,Q4,0.8981649845565369,,2
future_ret_6m,2008-03-31 00:00:00,FAC_rank_vol_m3_n6_pairwise1,5,High,0.9653055666755644,,1
future_ret_6m,2008-06-30 00:00:00,FAC_rank_vol_m3_n6_pairwise1,1,Low,0.6951214710460899,,2
future_ret_6m,2008-06-30 00:00:00,FAC_rank_vol_m3_n6_pairwise1,2,Q2,0.8007850769557376,,2
future_ret_6m,2008-06-30 00:00:00,FAC_rank_vol_m3_n6_pairwise1,3,Q3,0.8602570104329467,,2
future_ret_6m,2008-06-30 00:00:00,FAC_rank_vol_m3_n6_pairwise1,4,Q4,0.9323476299507458,,2
future_ret_6m,2008-06-30 00:00:00,FAC_rank_vol_m3_n6_pairwise1,5,High,0.9635417012826402,,2
future_ret_6m,2008-09-26 00:00:00,FAC_rank_vol_m3_n6_pairwise1,1,Low,0.7634683200312656,,3
future_ret_6m,2008-09-26 00:00:00,FAC_rank_vol_m3_n6_pairwise1,2,Q2,0.8611784812435176,,2
future_ret_6m,2008-09-26 00:00:00,FAC_rank_vol_m3_n6_pairwise1,3,Q3,0.9191759311898003,,3
future_ret_6m,2008-09-26 00:00:00,FAC_rank_vol_m3_n6_pairwise1,4,Q4,0.9430383154366647,,2
future_ret_6m,2008-09-26 00:00:00,FAC_rank_vol_m3_n6_pairwise1,5,High,0.9699540175705589,,3
future_ret_6m,2008-12-31 00:00:00,FAC_rank_vol_m3_n6_pairwise1,1,Low,0.7872388969235168,,4
future_ret_6m,2008-12-31 00:00:00,FAC_rank_vol_m3_n6_pairwise1,2,Q2,0.8861743335340938,,3
future_ret_6m,2008-12-31 00:00:00,FAC_rank_vol_m3_n6_pairwise1,3,Q3,0.9266584981105348,,4
future_ret_6m,2008-12-31 00:00:00,FAC_rank_vol_m3_n6_pairwise1,4,Q4,0.9531929430656197,,3
future_ret_6m,2008-12-31 00:00:00,FAC_rank_vol_m3_n6_pairwise1,5,High,0.9894333468278915,,4
future_ret_6m,2009-03-31 00:00:00,FAC_rank_vol_m3_n6_pairwise1,1,Low,0.6771694996905652,,4
future_ret_6m,2009-03-31 00:00:00,FAC_rank_vol_m3_n6_pairwise1,2,Q2,0.8010414689358321,,3
future_ret_6m,2009-03-31 00:00:00,FAC_rank_vol_m3_n6_pairwise1,3,Q3,0.8994204945487935,,3
future_ret_6m,2009-03-31 00:00:00,FAC_rank_vol_m3_n6_pairwise1,4,Q4,0.9309919708324449,,3
future_ret_6m,2009-03-31 00:00:00,FAC_rank_vol_m3_n6_pairwise1,5,High,0.9577446563606241,,4
future_ret_6m,2009-06-30 00:00:00,FAC_rank_vol_m3_n6_pairwise1,1,Low,0.7787602861782854,0.1438552248287254,5
future_ret_6m,2009-06-30 00:00:00,FAC_rank_vol_m3_n6_pairwise1,2,Q2,0.8608260056763981,,4
future_ret_6m,2009-06-30 00:00:00,FAC_rank_vol_m3_n6_pairwise1,3,Q3,0.908178448450529,,4
future_ret_6m,2009-06-30 00:00:00,FAC_rank_vol_m3_n6_pairwise1,4,Q4,0.9348956013880614,,4
future_ret_6m,2009-06-30 00:00:00,FAC_rank_vol_m3_n6_pairwise1,5,High,0.9711560178735634,0.14435669198016302,5
future_ret_6m,2009-09-30 00:00:00,FAC_rank_vol_m3_n6_pairwise1,1,Low,0.7290273752321794,0.1514972342537273,5
future_ret_6m,2009-09-30 00:00:00,FAC_rank_vol_m3_n6_pairwise1,2,Q2,0.8407893726977829,0.15159515466419043,5
future_ret_6m,2009-09-30 00:00:00,FAC_rank_vol_m3_n6_pairwise1,3,Q3,0.8815084828112084,,4
future_ret_6m,2009-09-30 00:00:00,FAC_rank_vol_m3_n6_pairwise1,4,Q4,0.9140468723260591,0.13774320940067536,5
future_ret_6m,2009-09-30 00:00:00,FAC_rank_vol_m3_n6_pairwise1,5,High,0.9731309175449319,0.12013786312311096,5
future_ret_6m,2009-12-31 00:00:00,FAC_rank_vol_m3_n6_pairwise1,1,Low,0.7009717707359208,-0.2045051242682802,6
future_ret_6m,2009-12-31 00:00:00,FAC_rank_vol_m3_n6_pairwise1,2,Q2,0.8298416495711427,-0.19171535600610276,6
future_ret_6m,2009-12-31 00:00:00,FAC_rank_vol_m3_n6_pairwise1,3,Q3,0.905570979260682,-0.2031354760467734,6
future_ret_6m,2009-12-31 00:00:00,FAC_rank_vol_m3_n6_pairwise1,4,Q4,0.9385025385757038,-0.17935457645833244,6
future_ret_6m,2009-12-31 00:00:00,FAC_rank_vol_m3_n6_pairwise1,5,High,0.9840112169156937,-0.16997833162687628,6
future_ret_6m,2010-03-31 00:00:00,FAC_rank_vol_m3_n6_pairwise1,1,Low,0.7726741137868265,-0.00031817340242760544,6
future_ret_6m,2010-03-31 00:00:00,FAC_rank_vol_m3_n6_pairwise1,2,Q2,0.842649005025089,0.03585643485943172,6
future_ret_6m,2010-03-31 00:00:00,FAC_rank_vol_m3_n6_pairwise1,3,Q3,0.8894767921278767,0.06731971720254658,6
future_ret_6m,2010-03-31 00:00:00,FAC_rank_vol_m3_n6_pairwise1,4,Q4,0.9214241052624578,-0.006770066740629355,6
future_ret_6m,2010-03-31 00:00:00,FAC_rank_vol_m3_n6_pairwise1,5,High,0.96061792710303,-0.0024660877215858155,6
future_ret_6m,2010-06-30 00:00:00,FAC_rank_vol_m3_n6_pairwise1,1,Low,0.8275868976913321,0.25045156166511295,6
future_ret_6m,2010-06-30 00:00:00,FAC_rank_vol_m3_n6_pairwise1,2,Q2,0.8893691528826827,0.2299296335514348,6
future_ret_6m,2010-06-30 00:00:00,FAC_rank_vol_m3_n6_pairwise1,3,Q3,0.9146407751147564,0.2940741171580695,5
future_ret_6m,2010-06-30 00:00:00,FAC_rank_vol_m3_n6_pairwise1,4,Q4,0.9522229005347125,0.31176908480463855,6
future_ret_6m,2010-06-30 00:00:00,FAC_rank_vol_m3_n6_pairwise1,5,High,0.9935538414535271,0.289661124471806,6
future_ret_6m,2010-09-30 00:00:00,FAC_rank_vol_m3_n6_pairwise1,1,Low,0.857804667484373,0.02139146820128333,6
future_ret_6m,2010-09-30 00:00:00,FAC_rank_vol_m3_n6_pairwise1,2,Q2,0.9283006877546703,0.006503019783607992,6
future_ret_6m,2010-09-30 00:00:00,FAC_rank_vol_m3_n6_pairwise1,3,Q3,0.95528407288242,0.01978975505347384,6
future_ret_6m,2010-09-30 00:00:00,FAC_rank_vol_m3_n6_pairwise1,4,Q4,0.9768434452623672,0.03368529698942916,6
future_ret_6m,2010-09-30 00:00:00,FAC_rank_vol_m3_n6_pairwise1,5,High,0.9897785268730864,0.006762396026807949,6
future_ret_6m,2010-12-31 00:00:00,FAC_rank_vol_m3_n6_pairwise1,1,Low,0.7660768421388866,-0.10054674022495935,7
future_ret_6m,2010-12-31 00:00:00,FAC_rank_vol_m3_n6_pairwise1,2,Q2,0.8475853725216246,-0.06531415658103934,6
future_ret_6m,2010-12-31 00:00:00,FAC_rank_vol_m3_n6_pairwise1,3,Q3,0.8837715395409754,-0.08381813708147084,6
future_ret_6m,2010-12-31 00:00:00,FAC_rank_vol_m3_n6_pairwise1,4,Q4,0.9582481029216713,-0.07586662143985977,6
future_ret_6m,2010-12-31 00:00:00,FAC_rank_vol_m3_n6_pairwise1,5,High,0.9794365243370299,-0.0721293893092164,6
future_ret_6m,2011-03-31 00:00:00,FAC_rank_vol_m3_n6_pairwise1,1,Low,0.7784459448860405,-0.1376360500558535,7
future_ret_6m,2011-03-31 00:00:00,FAC_rank_vol_m3_n6_pairwise1,2,Q2,0.875187680544191,-0.16483685103946938,6
future_ret_6m,2011-03-31 00:00:00,FAC_rank_vol_m3_n6_pairwise1,3,Q3,0.9173931588251362,-0.14797066522679733,6
future_ret_6m,2011-03-31 00:00:00,FAC_rank_vol_m3_n6_pairwise1,4,Q4,0.9575506105479491,-0.13955101597345584,6
future_ret_6m,2011-03-31 00:00:00,FAC_rank_vol_m3_n6_pairwise1,5,High,0.9813420657655396,-0.1570635256861675,7
future_ret_6m,2011-06-30 00:00:00,FAC_rank_vol_m3_n6_pairwise1,1,Low,0.7703250449025401,-0.18166292827538708,7
future_ret_6m,2011-06-30 00:00:00,FAC_rank_vol_m3_n6_pairwise1,2,Q2,0.8850799591078432,-0.1721143470926567,7
future_ret_6m,2011-06-30 00:00:00,FAC_rank_vol_m3_n6_pairwise1,3,Q3,0.9205244599588392,-0.18852112648172348,7
future_ret_6m,2011-06-30 00:00:00,FAC_rank_vol_m3_n6_pairwise1,4,Q4,0.9536924521634347,-0.18534368335608878,7
future_ret_6m,2011-06-30 00:00:00,FAC_rank_vol_m3_n6_pairwise1,5,High,0.9789312410559602,-0.18569491014581815,7
future_ret_6m,2011-09-30 00:00:00,FAC_rank_vol_m3_n6_pairwise1,1,Low,0.733692837000997,-0.06454417702233498,8
future_ret_6m,2011-09-30 00:00:00,FAC_rank_vol_m3_n6_pairwise1,2,Q2,0.8495753791302989,-0.07415059018679636,8
future_ret_6m,2011-09-30 00:00:00,FAC_rank_vol_m3_n6_pairwise1,3,Q3,0.8971093926085727,-0.0460270618942556,7
future_ret_6m,2011-09-30 00:00:00,FAC_rank_vol_m3_n6_pairwise1,4,Q4,0.9353716909826749,-0.06450009941658,8
future_ret_6m,2011-09-30 00:00:00,FAC_rank_vol_m3_n6_pairwise1,5,High,0.9829163583460716,-0.04975569360832913,8
future_ret_6m,2011-12-30 00:00:00,FAC_rank_vol_m3_n6_pairwise1,1,Low,0.7509649120883521,0.03771787463258086,8
future_ret_6m,2011-12-30 00:00:00,FAC_rank_vol_m3_n6_pairwise1,2,Q2,0.8431282894192927,0.04620395019652292,8
future_ret_6m,2011-12-30 00:00:00,FAC_rank_vol_m3_n6_pairwise1,3,Q3,0.914857146973219,0.03638780142615994,8
future_ret_6m,2011-12-30 00:00:00,FAC_rank_vol_m3_n6_pairwise1,4,Q4,0.9576641277748148,0.0584803711843576,8
future_ret_6m,2011-12-30 00:00:00,FAC_rank_vol_m3_n6_pairwise1,5,High,0.9819283485948656,0.05114738849151679,8
future_ret_6m,2012-03-30 00:00:00,FAC_rank_vol_m3_n6_pairwise1,1,Low,0.8746356994094859,0.03617639791366625,9
future_ret_6m,2012-03-30 00:00:00,FAC_rank_vol_m3_n6_pairwise1,2,Q2,0.9196795370340338,-0.028623258426089482,8
future_ret_6m,2012-03-30 00:00:00,FAC_rank_vol_m3_n6_pairwise1,3,Q3,0.9464858734510753,-0.005418617765370226,8
future_ret_6m,2012-03-30 00:00:00,FAC_rank_vol_m3_n6_pairwise1,4,Q4,0.9613503821744579,0.011452684828243312,8
future_ret_6m,2012-03-30 00:00:00,FAC_rank_vol_m3_n6_pairwise1,5,High,0.9884390093600491,-0.025221505659244095,8
future_ret_6m,2012-06-29 00:00:00,FAC_rank_vol_m3_n6_pairwise1,1,Low,0.6646847695679421,0.029735745308768165,9
future_ret_6m,2012-06-29 00:00:00,FAC_rank_vol_m3_n6_pairwise1,2,Q2,0.8021123604343546,0.023002182752742992,9
future_ret_6m,2012-06-29 00:00:00,FAC_rank_vol_m3_n6_pairwise1,3,Q3,0.867613883743585,0.007302764110952122,9
future_ret_6m,2012-06-29 00:00:00,FAC_rank_vol_m3_n6_pairwise1,4,Q4,0.9287993091262846,0.005363277007478974,9
future_ret_6m,2012-06-29 00:00:00,FAC_rank_vol_m3_n6_pairwise1,5,High,0.9713537142970848,0.030870812915929968,9
future_ret_6m,2012-09-28 00:00:00,FAC_rank_vol_m3_n6_pairwise1,1,Low,0.8506300353589822,0.1175608113793933,11
future_ret_6m,2012-09-28 00:00:00,FAC_rank_vol_m3_n6_pairwise1,2,Q2,0.925208505726012,0.12241907676350852,10
future_ret_6m,2012-09-28 00:00:00,FAC_rank_vol_m3_n6_pairwise1,3,Q3,0.9510305587155674,0.09358309996358057,10
future_ret_6m,2012-09-28 00:00:00,FAC_rank_vol_m3_n6_pairwise1,4,Q4,0.9668208900373383,0.13179512808021648,10
future_ret_6m,2012-09-28 00:00:00,FAC_rank_vol_m3_n6_pairwise1,5,High,0.984768992492405,0.1414242596899483,11
future_ret_6m,2012-12-31 00:00:00,FAC_rank_vol_m3_n6_pairwise1,1,Low,0.67650406424052,0.013412822689870466,12
future_ret_6m,2012-12-31 00:00:00,FAC_rank_vol_m3_n6_pairwise1,2,Q2,0.8098338231271535,0.08179177731247841,12
future_ret_6m,2012-12-31 00:00:00,FAC_rank_vol_m3_n6_pairwise1,3,Q3,0.862163003578792,0.12932686463052712,11
future_ret_6m,2012-12-31 00:00:00,FAC_rank_vol_m3_n6_pairwise1,4,Q4,0.913754977512584,0.08474511589125071,12
future_ret_6m,2012-12-31 00:00:00,FAC_rank_vol_m3_n6_pairwise1,5,High,0.9577257097127836,0.12939685892734157,12
future_ret_6m,2013-03-29 00:00:00,FAC_rank_vol_m3_n6_pairwise1,1,Low,0.7317697102806121,0.1376570502947761,13
future_ret_6m,2013-03-29 00:00:00,FAC_rank_vol_m3_n6_pairwise1,2,Q2,0.8632289005881991,0.0825260185951008,12
future_ret_6m,2013-03-29 00:00:00,FAC_rank_vol_m3_n6_pairwise1,3,Q3,0.9008801827317097,0.19164539350774876,12
future_ret_6m,2013-03-29 00:00:00,FAC_rank_vol_m3_n6_pairwise1,4,Q4,0.9427432263240575,0.15347874001905423,12
future_ret_6m,2013-03-29 00:00:00,FAC_rank_vol_m3_n6_pairwise1,5,High,0.9742903314114018,0.18010373414275865,13
future_ret_6m,2013-06-28 00:00:00,FAC_rank_vol_m3_n6_pairwise1,1,Low,0.7415682650858944,0.15759677504751618,13
future_ret_6m,2013-06-28 00:00:00,FAC_rank_vol_m3_n6_pairwise1,2,Q2,0.8588354331358642,0.10016445452675622,12
future_ret_6m,2013-06-28 00:00:00,FAC_rank_vol_m3_n6_pairwise1,3,Q3,0.9078881796906825,0.103523657453158,13
future_ret_6m,2013-06-28 00:00:00,FAC_rank_vol_m3_n6_pairwise1,4,Q4,0.9544146766962814,0.10263717883952637,12
future_ret_6m,2013-06-28 00:00:00,FAC_rank_vol_m3_n6_pairwise1,5,High,0.986893075362673,0.12429504649549343,13
future_ret_6m,2013-09-30 00:00:00,FAC_rank_vol_m3_n6_pairwise1,1,Low,0.8461380272627529,-0.10131502425485404,14
future_ret_6m,2013-09-30 00:00:00,FAC_rank_vol_m3_n6_pairwise1,2,Q2,0.9172881096021623,-0.09418110297494783,13
future_ret_6m,2013-09-30 00:00:00,FAC_rank_vol_m3_n6_pairwise1,3,Q3,0.9457289571735497,-0.07243398898669974,13
future_ret_6m,2013-09-30 00:00:00,FAC_rank_vol_m3_n6_pairwise1,4,Q4,0.9646914477100395,-0.05419274188253393,13
future_ret_6m,2013-09-30 00:00:00,FAC_rank_vol_m3_n6_pairwise1,5,High,0.9840820624727238,-0.0919629442807423,14
future_ret_6m,2013-12-31 00:00:00,FAC_rank_vol_m3_n6_pairwise1,1,Low,0.7836037813631412,0.053256525182135514,15
future_ret_6m,2013-12-31 00:00:00,FAC_rank_vol_m3_n6_pairwise1,2,Q2,0.8742651711987763,-0.008340497432144243,14
future_ret_6m,2013-12-31 00:00:00,FAC_rank_vol_m3_n6_pairwise1,3,Q3,0.923436938058545,0.009810817061505075,14
future_ret_6m,2013-12-31 00:00:00,FAC_rank_vol_m3_n6_pairwise1,4,Q4,0.9539965642116843,-0.020529147821498585,14
future_ret_6m,2013-12-31 00:00:00,FAC_rank_vol_m3_n6_pairwise1,5,High,0.979924127217452,-0.007782496406927103,14
future_ret_6m,2014-03-31 00:00:00,FAC_rank_vol_m3_n6_pairwise1,1,Low,0.7351096565179867,0.16713382876654417,13
future_ret_6m,2014-03-31 00:00:00,FAC_rank_vol_m3_n6_pairwise1,2,Q2,0.8645241805358878,0.1611676878485591,13
future_ret_6m,2014-03-31 00:00:00,FAC_rank_vol_m3_n6_pairwise1,3,Q3,0.9081846789868279,0.21300995597620323,12
future_ret_6m,2014-03-31 00:00:00,FAC_rank_vol_m3_n6_pairwise1,4,Q4,0.9497001771634032,0.190139733127948,13
future_ret_6m,2014-03-31 00:00:00,FAC_rank_vol_m3_n6_pairwise1,5,High,0.9742178869903898,0.23850720039010462,13
future_ret_6m,2014-06-30 00:00:00,FAC_rank_vol_m3_n6_pairwise1,1,Low,0.827899498934512,0.2430180944783445,13
future_ret_6m,2014-06-30 00:00:00,FAC_rank_vol_m3_n6_pairwise1,2,Q2,0.895561572038068,0.22454185458811815,12
future_ret_6m,2014-06-30 00:00:00,FAC_rank_vol_m3_n6_pairwise1,3,Q3,0.92249947210347,0.23215608149061653,13
future_ret_6m,2014-06-30 00:00:00,FAC_rank_vol_m3_n6_pairwise1,4,Q4,0.9658659510234773,0.3048326819948572,12
future_ret_6m,2014-06-30 00:00:00,FAC_rank_vol_m3_n6_pairwise1,5,High,0.9904920157421858,0.26709236298940525,13
future_ret_6m,2014-09-30 00:00:00,FAC_rank_vol_m3_n6_pairwise1,1,Low,0.7492988007787761,0.5197550506759647,13
future_ret_6m,2014-09-30 00:00:00,FAC_rank_vol_m3_n6_pairwise1,2,Q2,0.8496117601673348,0.5259500847484563,12
future_ret_6m,2014-09-30 00:00:00,FAC_rank_vol_m3_n6_pairwise1,3,Q3,0.9010462477466876,0.49016438289065833,12
future_ret_6m,2014-09-30 00:00:00,FAC_rank_vol_m3_n6_pairwise1,4,Q4,0.9429990837331981,0.4278426870057241,12
future_ret_6m,2014-09-30 00:00:00,FAC_rank_vol_m3_n6_pairwise1,5,High,0.9805319803536958,0.4720418891348731,13
future_ret_6m,2014-12-31 00:00:00,FAC_rank_vol_m3_n6_pairwise1,1,Low,0.6752288543932571,0.7750528978294549,12
future_ret_6m,2014-12-31 00:00:00,FAC_rank_vol_m3_n6_pairwise1,2,Q2,0.7729601471121635,0.5271250960883029,11
future_ret_6m,2014-12-31 00:00:00,FAC_rank_vol_m3_n6_pairwise1,3,Q3,0.8263626659132343,0.59233346223405,12
future_ret_6m,2014-12-31 00:00:00,FAC_rank_vol_m3_n6_pairwise1,4,Q4,0.8761625422896565,0.5542488292035199,11
future_ret_6m,2014-12-31 00:00:00,FAC_rank_vol_m3_n6_pairwise1,5,High,0.9537207218011005,0.5567524453721364,12
future_ret_6m,2015-03-31 00:00:00,FAC_rank_vol_m3_n6_pairwise1,1,Low,0.8409544796783234,-0.14869647063356742,12
future_ret_6m,2015-03-31 00:00:00,FAC_rank_vol_m3_n6_pairwise1,2,Q2,0.904515260427435,-0.08994804578131028,12
future_ret_6m,2015-03-31 00:00:00,FAC_rank_vol_m3_n6_pairwise1,3,Q3,0.9304240613758367,-0.1277323961552053,11
future_ret_6m,2015-03-31 00:00:00,FAC_rank_vol_m3_n6_pairwise1,4,Q4,0.9613001169489782,-0.0938736337851074,12
future_ret_6m,2015-03-31 00:00:00,FAC_rank_vol_m3_n6_pairwise1,5,High,0.9849977253447486,-0.1568757044862726,12
future_ret_6m,2015-06-30 00:00:00,FAC_rank_vol_m3_n6_pairwise1,1,Low,0.7381738249197409,-0.004871044108021083,9
future_ret_6m,2015-06-30 00:00:00,FAC_rank_vol_m3_n6_pairwise1,2,Q2,0.8410360027737125,-0.08392380573719145,8
future_ret_6m,2015-06-30 00:00:00,FAC_rank_vol_m3_n6_pairwise1,3,Q3,0.8837765754758149,-0.010653373662651412,9
future_ret_6m,2015-06-30 00:00:00,FAC_rank_vol_m3_n6_pairwise1,4,Q4,0.9187561734851861,-0.029573096107633423,8
future_ret_6m,2015-06-30 00:00:00,FAC_rank_vol_m3_n6_pairwise1,5,High,0.9667741840213573,-0.09899243160528369,9
future_ret_6m,2015-09-30 00:00:00,FAC_rank_vol_m3_n6_pairwise1,1,Low,0.7196715575840252,0.09319852937327658,9
future_ret_6m,2015-09-30 00:00:00,FAC_rank_vol_m3_n6_pairwise1,2,Q2,0.8485416044576413,0.09284248099726794,8
future_ret_6m,2015-09-30 00:00:00,FAC_rank_vol_m3_n6_pairwise1,3,Q3,0.8902874769027518,0.09869356672752994,8
future_ret_6m,2015-09-30 00:00:00,FAC_rank_vol_m3_n6_pairwise1,4,Q4,0.9394629675086215,0.09129076062701023,8
future_ret_6m,2015-09-30 00:00:00,FAC_rank_vol_m3_n6_pairwise1,5,High,0.9763878968159152,0.10173375829618345,9
future_ret_6m,2015-12-31 00:00:00,FAC_rank_vol_m3_n6_pairwise1,1,Low,0.7541952708469938,-0.12385081009078273,10
future_ret_6m,2015-12-31 00:00:00,FAC_rank_vol_m3_n6_pairwise1,2,Q2,0.8548246391893315,-0.09843472355821908,9
future_ret_6m,2015-12-31 00:00:00,FAC_rank_vol_m3_n6_pairwise1,3,Q3,0.9081413770264012,-0.10848859693479151,9
future_ret_6m,2015-12-31 00:00:00,FAC_rank_vol_m3_n6_pairwise1,4,Q4,0.9394477083269963,-0.10000696973232616,9
future_ret_6m,2015-12-31 00:00:00,FAC_rank_vol_m3_n6_pairwise1,5,High,0.981040332507058,-0.09396987341625922,9
future_ret_6m,2016-03-31 00:00:00,FAC_rank_vol_m3_n6_pairwise1,1,Low,0.75586045873162,0.051980320013383007,10
future_ret_6m,2016-03-31 00:00:00,FAC_rank_vol_m3_n6_pairwise1,2,Q2,0.8496377993798316,0.06033915960030711,9
future_ret_6m,2016-03-31 00:00:00,FAC_rank_vol_m3_n6_pairwise1,3,Q3,0.8936603753528882,0.07164565107054402,10
future_ret_6m,2016-03-31 00:00:00,FAC_rank_vol_m3_n6_pairwise1,4,Q4,0.9220296107526169,0.03725249884882748,9
future_ret_6m,2016-03-31 00:00:00,FAC_rank_vol_m3_n6_pairwise1,5,High,0.9651489564775273,0.04705613412083963,10
future_ret_6m,2016-06-30 00:00:00,FAC_rank_vol_m3_n6_pairwise1,1,Low,0.7768928595264648,-0.027391496333058648,11
future_ret_6m,2016-06-30 00:00:00,FAC_rank_vol_m3_n6_pairwise1,2,Q2,0.8652110890506458,0.01774272459567632,10
future_ret_6m,2016-06-30 00:00:00,FAC_rank_vol_m3_n6_pairwise1,3,Q3,0.9067233592284865,0.04141553216503728,10
future_ret_6m,2016-06-30 00:00:00,FAC_rank_vol_m3_n6_pairwise1,4,Q4,0.9411920962293102,0.020342429479023805,10
future_ret_6m,2016-06-30 00:00:00,FAC_rank_vol_m3_n6_pairwise1,5,High,0.9812062371012373,0.029896549757643696,11
future_ret_6m,2016-09-30 00:00:00,FAC_rank_vol_m3_n6_pairwise1,1,Low,0.7584490827254864,0.014761731568081547,13
future_ret_6m,2016-09-30 00:00:00,FAC_rank_vol_m3_n6_pairwise1,2,Q2,0.8567756062699887,-0.00039628215937789757,12
future_ret_6m,2016-09-30 00:00:00,FAC_rank_vol_m3_n6_pairwise1,3,Q3,0.8949559686896266,0.028121776266261216,13
future_ret_6m,2016-09-30 00:00:00,FAC_rank_vol_m3_n6_pairwise1,4,Q4,0.9304745993286176,0.02492532091034581,12
future_ret_6m,2016-09-30 00:00:00,FAC_rank_vol_m3_n6_pairwise1,5,High,0.9678118653378742,0.037632370610366575,13
future_ret_6m,2016-12-30 00:00:00,FAC_rank_vol_m3_n6_pairwise1,1,Low,0.7841957305266892,0.060427559038151384,18
future_ret_6m,2016-12-30 00:00:00,FAC_rank_vol_m3_n6_pairwise1,2,Q2,0.8621802004270019,0.09101301600895462,17
future_ret_6m,2016-12-30 00:00:00,FAC_rank_vol_m3_n6_pairwise1,3,Q3,0.900754695424785,0.0774075100841749,17
future_ret_6m,2016-12-30 00:00:00,FAC_rank_vol_m3_n6_pairwise1,4,Q4,0.9357896970178634,0.07901766265710608,17
future_ret_6m,2016-12-30 00:00:00,FAC_rank_vol_m3_n6_pairwise1,5,High,0.9773796140007841,0.03844114839012335,18
future_ret_6m,2017-03-31 00:00:00,FAC_rank_vol_m3_n6_pairwise1,1,Low,0.7725301190123545,0.0879246481571557,23
future_ret_6m,2017-03-31 00:00:00,FAC_rank_vol_m3_n6_pairwise1,2,Q2,0.8708123153720451,0.09532921621125338,22
future_ret_6m,2017-03-31 00:00:00,FAC_rank_vol_m3_n6_pairwise1,3,Q3,0.911302488741483,0.115142349315789,22
future_ret_6m,2017-03-31 00:00:00,FAC_rank_vol_m3_n6_pairwise1,4,Q4,0.9370965058943874,0.0726794878670442,22
future_ret_6m,2017-03-31 00:00:00,FAC_rank_vol_m3_n6_pairwise1,5,High,0.9707836841839654,0.12028499093555776,22
future_ret_6m,2017-06-30 00:00:00,FAC_rank_vol_m3_n6_pairwise1,1,Low,0.8535156898066861,0.11356493940137746,24
future_ret_6m,2017-06-30 00:00:00,FAC_rank_vol_m3_n6_pairwise1,2,Q2,0.9185266286239006,0.11051235904180844,23
future_ret_6m,2017-06-30 00:00:00,FAC_rank_vol_m3_n6_pairwise1,3,Q3,0.9501861881699761,0.09833557193420708,23
future_ret_6m,2017-06-30 00:00:00,FAC_rank_vol_m3_n6_pairwise1,4,Q4,0.9690030318064685,0.10497160498700747,23
future_ret_6m,2017-06-30 00:00:00,FAC_rank_vol_m3_n6_pairwise1,5,High,0.983999892651819,0.13810134797760207,24
future_ret_6m,2017-09-29 00:00:00,FAC_rank_vol_m3_n6_pairwise1,1,Low,0.8491044247022289,0.04055169982757671,26
future_ret_6m,2017-09-29 00:00:00,FAC_rank_vol_m3_n6_pairwise1,2,Q2,0.9106961253711643,0.03455593806754983,25
future_ret_6m,2017-09-29 00:00:00,FAC_rank_vol_m3_n6_pairwise1,3,Q3,0.9425955338787315,0.005608493634893925,26
future_ret_6m,2017-09-29 00:00:00,FAC_rank_vol_m3_n6_pairwise1,4,Q4,0.965140598807289,0.031409304123442096,25
future_ret_6m,2017-09-29 00:00:00,FAC_rank_vol_m3_n6_pairwise1,5,High,0.9859008633550221,0.029731725235051056,26
future_ret_6m,2017-12-29 00:00:00,FAC_rank_vol_m3_n6_pairwise1,1,Low,0.7964833229696096,-0.09578634090032852,28
future_ret_6m,2017-12-29 00:00:00,FAC_rank_vol_m3_n6_pairwise1,2,Q2,0.8783288927984346,-0.08396293498200551,27
future_ret_6m,2017-12-29 00:00:00,FAC_rank_vol_m3_n6_pairwise1,3,Q3,0.9152882130117788,-0.08140535528034623,27
future_ret_6m,2017-12-29 00:00:00,FAC_rank_vol_m3_n6_pairwise1,4,Q4,0.9438041320347476,-0.07028788228849947,27
future_ret_6m,2017-12-29 00:00:00,FAC_rank_vol_m3_n6_pairwise1,5,High,0.9751975707233818,-0.09707481846749874,27
future_ret_6m,2018-03-30 00:00:00,FAC_rank_vol_m3_n6_pairwise1,1,Low,0.7755337747515929,-0.15630353364082428,27
future_ret_6m,2018-03-30 00:00:00,FAC_rank_vol_m3_n6_pairwise1,2,Q2,0.878383040872327,-0.1297395994718198,27
future_ret_6m,2018-03-30 00:00:00,FAC_rank_vol_m3_n6_pairwise1,3,Q3,0.9236290858817433,-0.10627629623924613,27
future_ret_6m,2018-03-30 00:00:00,FAC_rank_vol_m3_n6_pairwise1,4,Q4,0.9545242638531555,-0.1244792450871594,27
future_ret_6m,2018-03-30 00:00:00,FAC_rank_vol_m3_n6_pairwise1,5,High,0.981241261683992,-0.11747269900039636,27
future_ret_6m,2018-06-29 00:00:00,FAC_rank_vol_m3_n6_pairwise1,1,Low,0.7641178750166132,-0.1864956905325377,28
future_ret_6m,2018-06-29 00:00:00,FAC_rank_vol_m3_n6_pairwise1,2,Q2,0.8699143546011617,-0.14709827827052102,28
future_ret_6m,2018-06-29 00:00:00,FAC_rank_vol_m3_n6_pairwise1,3,Q3,0.9103124104658021,-0.1781937844642463,27
future_ret_6m,2018-06-29 00:00:00,FAC_rank_vol_m3_n6_pairwise1,4,Q4,0.9426535686573708,-0.1735871633372117,28
future_ret_6m,2018-06-29 00:00:00,FAC_rank_vol_m3_n6_pairwise1,5,High,0.9799726519830397,-0.19025052705288628,28
future_ret_6m,2018-09-28 00:00:00,FAC_rank_vol_m3_n6_pairwise1,1,Low,0.7040831777855837,0.13480858610005206,28
future_ret_6m,2018-09-28 00:00:00,FAC_rank_vol_m3_n6_pairwise1,2,Q2,0.8174057068988783,0.14390575502614392,27
future_ret_6m,2018-09-28 00:00:00,FAC_rank_vol_m3_n6_pairwise1,3,Q3,0.8733934974451848,0.1426631101040922,28
future_ret_6m,2018-09-28 00:00:00,FAC_rank_vol_m3_n6_pairwise1,4,Q4,0.9155531958604469,0.11986611211764382,27
future_ret_6m,2018-09-28 00:00:00,FAC_rank_vol_m3_n6_pairwise1,5,High,0.9722594211413383,0.1158856693107574,28
future_ret_6m,2018-12-28 00:00:00,FAC_rank_vol_m3_n6_pairwise1,1,Low,0.7988873079948144,0.2572674932991354,28
future_ret_6m,2018-12-28 00:00:00,FAC_rank_vol_m3_n6_pairwise1,2,Q2,0.8771063771652834,0.20738717174167312,28
future_ret_6m,2018-12-28 00:00:00,FAC_rank_vol_m3_n6_pairwise1,3,Q3,0.9183449862339353,0.23788870167586865,28
future_ret_6m,2018-12-28 00:00:00,FAC_rank_vol_m3_n6_pairwise1,4,Q4,0.9547433564835995,0.25029071572944606,28
future_ret_6m,2018-12-28 00:00:00,FAC_rank_vol_m3_n6_pairwise1,5,High,0.9875679668546654,0.1969619481435372,28
future_ret_6m,2019-03-29 00:00:00,FAC_rank_vol_m3_n6_pairwise1,1,Low,0.6852529134885758,0.055795292253193976,29
future_ret_6m,2019-03-29 00:00:00,FAC_rank_vol_m3_n6_pairwise1,2,Q2,0.7952181354711325,0.06133590593649566,29
future_ret_6m,2019-03-29 00:00:00,FAC_rank_vol_m3_n6_pairwise1,3,Q3,0.8713667856070435,0.036754034329563166,28
future_ret_6m,2019-03-29 00:00:00,FAC_rank_vol_m3_n6_pairwise1,4,Q4,0.9122374990568476,0.07440322619409004,29
future_ret_6m,2019-03-29 00:00:00,FAC_rank_vol_m3_n6_pairwise1,5,High,0.9621519524798776,0.06089209596007707,29
future_ret_6m,2019-06-28 00:00:00,FAC_rank_vol_m3_n6_pairwise1,1,Low,0.8162762851185575,0.21231937493610306,30
future_ret_6m,2019-06-28 00:00:00,FAC_rank_vol_m3_n6_pairwise1,2,Q2,0.8970109045719507,0.19713131999180292,30
future_ret_6m,2019-06-28 00:00:00,FAC_rank_vol_m3_n6_pairwise1,3,Q3,0.9365361707289502,0.2414441407894511,29
future_ret_6m,2019-06-28 00:00:00,FAC_rank_vol_m3_n6_pairwise1,4,Q4,0.963387800913115,0.19444222015556287,30
future_ret_6m,2019-06-28 00:00:00,FAC_rank_vol_m3_n6_pairwise1,5,High,0.9868341978114058,0.16016650957700357,30
future_ret_6m,2019-09-30 00:00:00,FAC_rank_vol_m3_n6_pairwise1,1,Low,0.7786147089409361,0.13576177967247186,31
future_ret_6m,2019-09-30 00:00:00,FAC_rank_vol_m3_n6_pairwise1,2,Q2,0.8564672416855914,0.1165553924005949,30
future_ret_6m,2019-09-30 00:00:00,FAC_rank_vol_m3_n6_pairwise1,3,Q3,0.901947680805574,0.12423170029946581,30
future_ret_6m,2019-09-30 00:00:00,FAC_rank_vol_m3_n6_pairwise1,4,Q4,0.9330011547373687,0.11722726863074802,30
future_ret_6m,2019-09-30 00:00:00,FAC_rank_vol_m3_n6_pairwise1,5,High,0.9669827654955145,0.12023423892738508,31
future_ret_6m,2019-12-31 00:00:00,FAC_rank_vol_m3_n6_pairwise1,1,Low,0.7656789103460112,0.35284538729357956,35
future_ret_6m,2019-12-31 00:00:00,FAC_rank_vol_m3_n6_pairwise1,2,Q2,0.8682124837493987,0.352094562809335,34
future_ret_6m,2019-12-31 00:00:00,FAC_rank_vol_m3_n6_pairwise1,3,Q3,0.9191918907900111,0.34336162735770054,34
future_ret_6m,2019-12-31 00:00:00,FAC_rank_vol_m3_n6_pairwise1,4,Q4,0.945813102519098,0.28211245192332335,34
future_ret_6m,2019-12-31 00:00:00,FAC_rank_vol_m3_n6_pairwise1,5,High,0.9746488281043115,0.33370473495610986,34
future_ret_6m,2020-03-31 00:00:00,FAC_rank_vol_m3_n6_pairwise1,1,Low,0.7747373025756468,0.41410029853681773,36
future_ret_6m,2020-03-31 00:00:00,FAC_rank_vol_m3_n6_pairwise1,2,Q2,0.869349072254056,0.4210820967744538,35
future_ret_6m,2020-03-31 00:00:00,FAC_rank_vol_m3_n6_pairwise1,3,Q3,0.9086253720980204,0.4256590135992444,36
future_ret_6m,2020-03-31 00:00:00,FAC_rank_vol_m3_n6_pairwise1,4,Q4,0.941006337230157,0.42726960185988705,35
future_ret_6m,2020-03-31 00:00:00,FAC_rank_vol_m3_n6_pairwise1,5,High,0.9696939372977602,0.40929574805128216,36
future_ret_6m,2020-06-30 00:00:00,FAC_rank_vol_m3_n6_pairwise1,1,Low,0.7948568911139212,0.34834757746175926,38
future_ret_6m,2020-06-30 00:00:00,FAC_rank_vol_m3_n6_pairwise1,2,Q2,0.8687436245767317,0.2833643088749606,37
future_ret_6m,2020-06-30 00:00:00,FAC_rank_vol_m3_n6_pairwise1,3,Q3,0.9098828364588318,0.264506919628811,37
future_ret_6m,2020-06-30 00:00:00,FAC_rank_vol_m3_n6_pairwise1,4,Q4,0.9398290918031439,0.27313319625990146,37
future_ret_6m,2020-06-30 00:00:00,FAC_rank_vol_m3_n6_pairwise1,5,High,0.9722029265974083,0.2043231922785898,38
future_ret_6m,2020-09-30 00:00:00,FAC_rank_vol_m3_n6_pairwise1,1,Low,0.7278446413572699,0.1108025440505634,40
future_ret_6m,2020-09-30 00:00:00,FAC_rank_vol_m3_n6_pairwise1,2,Q2,0.8414786483512678,0.10464891646846589,40
future_ret_6m,2020-09-30 00:00:00,FAC_rank_vol_m3_n6_pairwise1,3,Q3,0.8959947778154446,0.1245035925250625,39
future_ret_6m,2020-09-30 00:00:00,FAC_rank_vol_m3_n6_pairwise1,4,Q4,0.9269855828097292,0.13180994075910307,40
future_ret_6m,2020-09-30 00:00:00,FAC_rank_vol_m3_n6_pairwise1,5,High,0.9625449314484615,0.1390636008143808,40
future_ret_6m,2020-12-31 00:00:00,FAC_rank_vol_m3_n6_pairwise1,1,Low,0.7755314776252912,0.10890618523882446,44
future_ret_6m,2020-12-31 00:00:00,FAC_rank_vol_m3_n6_pairwise1,2,Q2,0.8674008395109326,0.09478349701985045,44
future_ret_6m,2020-12-31 00:00:00,FAC_rank_vol_m3_n6_pairwise1,3,Q3,0.9149958423335911,0.0982109377888852,44
future_ret_6m,2020-12-31 00:00:00,FAC_rank_vol_m3_n6_pairwise1,4,Q4,0.945509815284871,0.0812412350298169,44
future_ret_6m,2020-12-31 00:00:00,FAC_rank_vol_m3_n6_pairwise1,5,High,0.977764718736335,0.10473609192231281,44
future_ret_6m,2021-03-31 00:00:00,FAC_rank_vol_m3_n6_pairwise1,1,Low,0.796001013499525,0.16938804532263024,47
future_ret_6m,2021-03-31 00:00:00,FAC_rank_vol_m3_n6_pairwise1,2,Q2,0.8723884669365193,0.09701041745739877,46
future_ret_6m,2021-03-31 00:00:00,FAC_rank_vol_m3_n6_pairwise1,3,Q3,0.9110254950459379,0.09009772137334392,46
future_ret_6m,2021-03-31 00:00:00,FAC_rank_vol_m3_n6_pairwise1,4,Q4,0.9468465301845744,0.07238574223801537,46
future_ret_6m,2021-03-31 00:00:00,FAC_rank_vol_m3_n6_pairwise1,5,High,0.976466825710143,0.1386293107179118,47
future_ret_6m,2021-06-30 00:00:00,FAC_rank_vol_m3_n6_pairwise1,1,Low,0.7033563047726236,-0.02208976855837568,52
future_ret_6m,2021-06-30 00:00:00,FAC_rank_vol_m3_n6_pairwise1,2,Q2,0.8141844066414969,-0.033202317172289775,52
future_ret_6m,2021-06-30 00:00:00,FAC_rank_vol_m3_n6_pairwise1,3,Q3,0.8762538911890313,-0.035016537852407645,52
future_ret_6m,2021-06-30 00:00:00,FAC_rank_vol_m3_n6_pairwise1,4,Q4,0.9153796556846944,0.0018853358364286793,52
future_ret_6m,2021-06-30 00:00:00,FAC_rank_vol_m3_n6_pairwise1,5,High,0.9621082949402803,0.01465351079771914,52
future_ret_6m,2021-09-30 00:00:00,FAC_rank_vol_m3_n6_pairwise1,1,Low,0.8794180612132282,-0.14164851728097422,57
future_ret_6m,2021-09-30 00:00:00,FAC_rank_vol_m3_n6_pairwise1,2,Q2,0.9313410700879934,-0.1452681579502444,57
future_ret_6m,2021-09-30 00:00:00,FAC_rank_vol_m3_n6_pairwise1,3,Q3,0.9532625833309863,-0.14126795129942527,57
future_ret_6m,2021-09-30 00:00:00,FAC_rank_vol_m3_n6_pairwise1,4,Q4,0.970143688684853,-0.13661901821865166,57
future_ret_6m,2021-09-30 00:00:00,FAC_rank_vol_m3_n6_pairwise1,5,High,0.9881086740575896,-0.14923947917963887,57
future_ret_6m,2021-12-31 00:00:00,FAC_rank_vol_m3_n6_pairwise1,1,Low,0.8176733370244164,-0.11639237137989955,61
future_ret_6m,2021-12-31 00:00:00,FAC_rank_vol_m3_n6_pairwise1,2,Q2,0.888155576976233,-0.11334322540754742,60
future_ret_6m,2021-12-31 00:00:00,FAC_rank_vol_m3_n6_pairwise1,3,Q3,0.9336319260231313,-0.10211865624739208,60
future_ret_6m,2021-12-31 00:00:00,FAC_rank_vol_m3_n6_pairwise1,4,Q4,0.9615713886990046,-0.09740416299169388,60
future_ret_6m,2021-12-31 00:00:00,FAC_rank_vol_m3_n6_pairwise1,5,High,0.9837001170605277,-0.09438372498610362,61
future_ret_6m,2022-03-31 00:00:00,FAC_rank_vol_m3_n6_pairwise1,1,Low,0.800750482773406,-0.017990898778595988,67
future_ret_6m,2022-03-31 00:00:00,FAC_rank_vol_m3_n6_pairwise1,2,Q2,0.8827520234164535,-0.036052044544436876,66
future_ret_6m,2022-03-31 00:00:00,FAC_rank_vol_m3_n6_pairwise1,3,Q3,0.9233545807087999,-0.05183373655443115,66
future_ret_6m,2022-03-31 00:00:00,FAC_rank_vol_m3_n6_pairwise1,4,Q4,0.9551026866143855,-0.050670403835098084,66
future_ret_6m,2022-03-31 00:00:00,FAC_rank_vol_m3_n6_pairwise1,5,High,0.9845317486137419,-0.045389643829489665,67
future_ret_6m,2022-06-30 00:00:00,FAC_rank_vol_m3_n6_pairwise1,1,Low,0.7423262769849251,-0.11555779349034069,78
future_ret_6m,2022-06-30 00:00:00,FAC_rank_vol_m3_n6_pairwise1,2,Q2,0.8703857041486129,-0.10767209319012674,77
future_ret_6m,2022-06-30 00:00:00,FAC_rank_vol_m3_n6_pairwise1,3,Q3,0.9187075299468659,-0.09443594916904777,77
future_ret_6m,2022-06-30 00:00:00,FAC_rank_vol_m3_n6_pairwise1,4,Q4,0.951981707928661,-0.10668187020554037,77
future_ret_6m,2022-06-30 00:00:00,FAC_rank_vol_m3_n6_pairwise1,5,High,0.9824523614571835,-0.08866842611550393,77
future_ret_6m,2007-09-28 00:00:00,FAC_rank_vol_m6_n3_pairwise1,1,Low,0.644463259255181,,2
future_ret_6m,2007-09-28 00:00:00,FAC_rank_vol_m6_n3_pairwise1,2,Q2,0.777292154337977,,1
future_ret_6m,2007-09-28 00:00:00,FAC_rank_vol_m6_n3_pairwise1,3,Q3,0.8345116184309107,,1
future_ret_6m,2007-09-28 00:00:00,FAC_rank_vol_m6_n3_pairwise1,4,Q4,0.8724278258714779,,1
future_ret_6m,2007-09-28 00:00:00,FAC_rank_vol_m6_n3_pairwise1,5,High,0.8780882508056163,,1
future_ret_6m,2007-12-28 00:00:00,FAC_rank_vol_m6_n3_pairwise1,1,Low,0.7104499328099625,,2
future_ret_6m,2007-12-28 00:00:00,FAC_rank_vol_m6_n3_pairwise1,2,Q2,0.7657509199894107,,1
future_ret_6m,2007-12-28 00:00:00,FAC_rank_vol_m6_n3_pairwise1,3,Q3,0.8102968733095133,,1
future_ret_6m,2007-12-28 00:00:00,FAC_rank_vol_m6_n3_pairwise1,4,Q4,0.825629245790398,,1
future_ret_6m,2007-12-28 00:00:00,FAC_rank_vol_m6_n3_pairwise1,5,High,0.867278027290247,,2
future_ret_6m,2008-03-31 00:00:00,FAC_rank_vol_m6_n3_pairwise1,1,Low,0.6616403164194546,,2
future_ret_6m,2008-03-31 00:00:00,FAC_rank_vol_m6_n3_pairwise1,2,Q2,0.6778446373161613,,1
future_ret_6m,2008-03-31 00:00:00,FAC_rank_vol_m6_n3_pairwise1,3,Q3,0.7323034699095007,,2
future_ret_6m,2008-03-31 00:00:00,FAC_rank_vol_m6_n3_pairwise1,4,Q4,0.7739521618812989,,1
future_ret_6m,2008-03-31 00:00:00,FAC_rank_vol_m6_n3_pairwise1,5,High,0.8595455688988092,,2
future_ret_6m,2008-06-30 00:00:00,FAC_rank_vol_m6_n3_pairwise1,1,Low,0.6507364798984565,,2
future_ret_6m,2008-06-30 00:00:00,FAC_rank_vol_m6_n3_pairwise1,2,Q2,0.712615922996912,,2
future_ret_6m,2008-06-30 00:00:00,FAC_rank_vol_m6_n3_pairwise1,3,Q3,0.7366339199994312,,2
future_ret_6m,2008-06-30 00:00:00,FAC_rank_vol_m6_n3_pairwise1,4,Q4,0.7956645833940028,,2
future_ret_6m,2008-06-30 00:00:00,FAC_rank_vol_m6_n3_pairwise1,5,High,0.8590351059316688,,2
future_ret_6m,2008-09-26 00:00:00,FAC_rank_vol_m6_n3_pairwise1,1,Low,0.7027451573376693,,3
future_ret_6m,2008-09-26 00:00:00,FAC_rank_vol_m6_n3_pairwise1,2,Q2,0.7559760980207909,,2
future_ret_6m,2008-09-26 00:00:00,FAC_rank_vol_m6_n3_pairwise1,3,Q3,0.8292684435558494,,3
future_ret_6m,2008-09-26 00:00:00,FAC_rank_vol_m6_n3_pairwise1,4,Q4,0.8585908726996887,,2
future_ret_6m,2008-09-26 00:00:00,FAC_rank_vol_m6_n3_pairwise1,5,High,0.9344214866983024,,3
future_ret_6m,2008-12-31 00:00:00,FAC_rank_vol_m6_n3_pairwise1,1,Low,0.7076294659089131,,4
future_ret_6m,2008-12-31 00:00:00,FAC_rank_vol_m6_n3_pairwise1,2,Q2,0.761802608456355,,3
future_ret_6m,2008-12-31 00:00:00,FAC_rank_vol_m6_n3_pairwise1,3,Q3,0.8138102943030021,,4
future_ret_6m,2008-12-31 00:00:00,FAC_rank_vol_m6_n3_pairwise1,4,Q4,0.8452692493769766,,3
future_ret_6m,2008-12-31 00:00:00,FAC_rank_vol_m6_n3_pairwise1,5,High,0.9043042203782983,,4
future_ret_6m,2009-03-31 00:00:00,FAC_rank_vol_m6_n3_pairwise1,1,Low,0.6286879601502895,,4
future_ret_6m,2009-03-31 00:00:00,FAC_rank_vol_m6_n3_pairwise1,2,Q2,0.7360064686201602,,3
future_ret_6m,2009-03-31 00:00:00,FAC_rank_vol_m6_n3_pairwise1,3,Q3,0.7884311075775973,,3
future_ret_6m,2009-03-31 00:00:00,FAC_rank_vol_m6_n3_pairwise1,4,Q4,0.809890787373999,,3
future_ret_6m,2009-03-31 00:00:00,FAC_rank_vol_m6_n3_pairwise1,5,High,0.8978630076009848,,4
future_ret_6m,2009-06-30 00:00:00,FAC_rank_vol_m6_n3_pairwise1,1,Low,0.6911631282344743,0.16342609064137664,5
future_ret_6m,2009-06-30 00:00:00,FAC_rank_vol_m6_n3_pairwise1,2,Q2,0.7720693267913955,,4
future_ret_6m,2009-06-30 00:00:00,FAC_rank_vol_m6_n3_pairwise1,3,Q3,0.8086619954544846,,4
future_ret_6m,2009-06-30 00:00:00,FAC_rank_vol_m6_n3_pairwise1,4,Q4,0.8494765125909511,,4
future_ret_6m,2009-06-30 00:00:00,FAC_rank_vol_m6_n3_pairwise1,5,High,0.9064901976725104,0.14794374296476703,5
future_ret_6m,2009-09-30 00:00:00,FAC_rank_vol_m6_n3_pairwise1,1,Low,0.7069577133313061,0.14052702008897083,5
future_ret_6m,2009-09-30 00:00:00,FAC_rank_vol_m6_n3_pairwise1,2,Q2,0.7540409609599366,0.13240901297720634,5
future_ret_6m,2009-09-30 00:00:00,FAC_rank_vol_m6_n3_pairwise1,3,Q3,0.8001862050933605,,4
future_ret_6m,2009-09-30 00:00:00,FAC_rank_vol_m6_n3_pairwise1,4,Q4,0.8354608167377979,0.13693771492440962,5
future_ret_6m,2009-09-30 00:00:00,FAC_rank_vol_m6_n3_pairwise1,5,High,0.9078940453031936,0.13389614051081883,5
future_ret_6m,2009-12-31 00:00:00,FAC_rank_vol_m6_n3_pairwise1,1,Low,0.6539609241849905,-0.1883882330175715,7
future_ret_6m,2009-12-31 00:00:00,FAC_rank_vol_m6_n3_pairwise1,2,Q2,0.7167563773607469,-0.17484877943527044,6
future_ret_6m,2009-12-31 00:00:00,FAC_rank_vol_m6_n3_pairwise1,3,Q3,0.755491243852272,-0.17796865561812344,6
future_ret_6m,2009-12-31 00:00:00,FAC_rank_vol_m6_n3_pairwise1,4,Q4,0.7976538655827191,-0.2060524188014432,6
future_ret_6m,2009-12-31 00:00:00,FAC_rank_vol_m6_n3_pairwise1,5,High,0.8692860323180115,-0.20180591315673788,6
future_ret_6m,2010-03-31 00:00:00,FAC_rank_vol_m6_n3_pairwise1,1,Low,0.6690606766306009,0.027746121168134893,6
future_ret_6m,2010-03-31 00:00:00,FAC_rank_vol_m6_n3_pairwise1,2,Q2,0.7352379207363494,0.007141484169775632,6
future_ret_6m,2010-03-31 00:00:00,FAC_rank_vol_m6_n3_pairwise1,3,Q3,0.7781221987269852,0.039799851501927774,6
future_ret_6m,2010-03-31 00:00:00,FAC_rank_vol_m6_n3_pairwise1,4,Q4,0.8262641159069154,0.026140762507264586,6
future_ret_6m,2010-03-31 00:00:00,FAC_rank_vol_m6_n3_pairwise1,5,High,0.9012481380096049,-0.00997179060946557,6
future_ret_6m,2010-06-30 00:00:00,FAC_rank_vol_m6_n3_pairwise1,1,Low,0.6510519113007811,0.2849794811469278,6
future_ret_6m,2010-06-30 00:00:00,FAC_rank_vol_m6_n3_pairwise1,2,Q2,0.746898278786213,0.25891303194273924,6
future_ret_6m,2010-06-30 00:00:00,FAC_rank_vol_m6_n3_pairwise1,3,Q3,0.8294535815909079,0.25693708062348225,5
future_ret_6m,2010-06-30 00:00:00,FAC_rank_vol_m6_n3_pairwise1,4,Q4,0.8951469282639639,0.29269202068339273,6
future_ret_6m,2010-06-30 00:00:00,FAC_rank_vol_m6_n3_pairwise1,5,High,0.9522386859013793,0.2801074855528722,6
future_ret_6m,2010-09-30 00:00:00,FAC_rank_vol_m6_n3_pairwise1,1,Low,0.6724571245790362,0.0037093181511652085,6
future_ret_6m,2010-09-30 00:00:00,FAC_rank_vol_m6_n3_pairwise1,2,Q2,0.7540133107390669,0.05238116694781397,6
future_ret_6m,2010-09-30 00:00:00,FAC_rank_vol_m6_n3_pairwise1,3,Q3,0.7980937400189356,0.055872580079652456,6
future_ret_6m,2010-09-30 00:00:00,FAC_rank_vol_m6_n3_pairwise1,4,Q4,0.8529274678496445,0.02591735827688722,6
future_ret_6m,2010-09-30 00:00:00,FAC_rank_vol_m6_n3_pairwise1,5,High,0.9353223562092233,-0.007948443757104073,6
future_ret_6m,2010-12-31 00:00:00,FAC_rank_vol_m6_n3_pairwise1,1,Low,0.70773587539266,-0.09931814110744326,7
future_ret_6m,2010-12-31 00:00:00,FAC_rank_vol_m6_n3_pairwise1,2,Q2,0.774252891236746,-0.09913546455423261,6
future_ret_6m,2010-12-31 00:00:00,FAC_rank_vol_m6_n3_pairwise1,3,Q3,0.8197280271553827,-0.06564162889406193,6
future_ret_6m,2010-12-31 00:00:00,FAC_rank_vol_m6_n3_pairwise1,4,Q4,0.8457255819975614,-0.06377802548182199,6
future_ret_6m,2010-12-31 00:00:00,FAC_rank_vol_m6_n3_pairwise1,5,High,0.925464615986168,-0.06730401809944182,6
future_ret_6m,2011-03-31 00:00:00,FAC_rank_vol_m6_n3_pairwise1,1,Low,0.6370540296352237,-0.14323770273435107,7
future_ret_6m,2011-03-31 00:00:00,FAC_rank_vol_m6_n3_pairwise1,2,Q2,0.7031578393122059,-0.14462675299404767,6
future_ret_6m,2011-03-31 00:00:00,FAC_rank_vol_m6_n3_pairwise1,3,Q3,0.7448620429437317,-0.15431021252691568,6
future_ret_6m,2011-03-31 00:00:00,FAC_rank_vol_m6_n3_pairwise1,4,Q4,0.7865227242100588,-0.15572931505342597,6
future_ret_6m,2011-03-31 00:00:00,FAC_rank_vol_m6_n3_pairwise1,5,High,0.8700056277303229,-0.15247035199999953,7
future_ret_6m,2011-06-30 00:00:00,FAC_rank_vol_m6_n3_pairwise1,1,Low,0.6617128187479165,-0.23150190282468247,7
future_ret_6m,2011-06-30 00:00:00,FAC_rank_vol_m6_n3_pairwise1,2,Q2,0.7382604458021241,-0.18087887829520286,7
future_ret_6m,2011-06-30 00:00:00,FAC_rank_vol_m6_n3_pairwise1,3,Q3,0.796561508610413,-0.18600823305576406,7
future_ret_6m,2011-06-30 00:00:00,FAC_rank_vol_m6_n3_pairwise1,4,Q4,0.8657213942989838,-0.16204998116457173,7
future_ret_6m,2011-06-30 00:00:00,FAC_rank_vol_m6_n3_pairwise1,5,High,0.9194943883041189,-0.1737015217141124,7
future_ret_6m,2011-09-30 00:00:00,FAC_rank_vol_m6_n3_pairwise1,1,Low,0.6358691021491787,-0.06726334810228246,8
future_ret_6m,2011-09-30 00:00:00,FAC_rank_vol_m6_n3_pairwise1,2,Q2,0.7255418497084083,-0.07043292283530088,8
future_ret_6m,2011-09-30 00:00:00,FAC_rank_vol_m6_n3_pairwise1,3,Q3,0.7708519320790207,-0.06667520193065271,7
future_ret_6m,2011-09-30 00:00:00,FAC_rank_vol_m6_n3_pairwise1,4,Q4,0.8263680914246745,-0.06033378715745942,8
future_ret_6m,2011-09-30 00:00:00,FAC_rank_vol_m6_n3_pairwise1,5,High,0.9155549244872568,-0.04924753776264494,8
future_ret_6m,2011-12-30 00:00:00,FAC_rank_vol_m6_n3_pairwise1,1,Low,0.6542503857341754,0.06848742664999552,8
future_ret_6m,2011-12-30 00:00:00,FAC_rank_vol_m6_n3_pairwise1,2,Q2,0.7502353464661298,0.0337296891193514,8
future_ret_6m,2011-12-30 00:00:00,FAC_rank_vol_m6_n3_pairwise1,3,Q3,0.8084381106651812,0.06223368788484508,8
future_ret_6m,2011-12-30 00:00:00,FAC_rank_vol_m6_n3_pairwise1,4,Q4,0.860479542283388,0.038457404684003355,8
future_ret_6m,2011-12-30 00:00:00,FAC_rank_vol_m6_n3_pairwise1,5,High,0.905314099721233,0.04549375629395844,8
future_ret_6m,2012-03-30 00:00:00,FAC_rank_vol_m6_n3_pairwise1,1,Low,0.6649710678278495,-0.011117579437071676,9
future_ret_6m,2012-03-30 00:00:00,FAC_rank_vol_m6_n3_pairwise1,2,Q2,0.7370732378884056,0.041885943861862646,8
future_ret_6m,2012-03-30 00:00:00,FAC_rank_vol_m6_n3_pairwise1,3,Q3,0.7936783906113697,-0.015190670800682649,8
future_ret_6m,2012-03-30 00:00:00,FAC_rank_vol_m6_n3_pairwise1,4,Q4,0.8484606308655716,0.005074637432539927,8
future_ret_6m,2012-03-30 00:00:00,FAC_rank_vol_m6_n3_pairwise1,5,High,0.9112013230829636,-0.0003523858299513821,8
future_ret_6m,2012-06-29 00:00:00,FAC_rank_vol_m6_n3_pairwise1,1,Low,0.5926320227538552,0.010019985670603051,9
future_ret_6m,2012-06-29 00:00:00,FAC_rank_vol_m6_n3_pairwise1,2,Q2,0.704473704984465,0.021573370347698868,9
future_ret_6m,2012-06-29 00:00:00,FAC_rank_vol_m6_n3_pairwise1,3,Q3,0.7834087494217077,0.018033758019648585,9
future_ret_6m,2012-06-29 00:00:00,FAC_rank_vol_m6_n3_pairwise1,4,Q4,0.8278583608230563,0.01795754826246417,9
future_ret_6m,2012-06-29 00:00:00,FAC_rank_vol_m6_n3_pairwise1,5,High,0.8889320118760404,0.022679376196142145,9
future_ret_6m,2012-09-28 00:00:00,FAC_rank_vol_m6_n3_pairwise1,1,Low,0.6932010998224611,0.14127028863915203,11
future_ret_6m,2012-09-28 00:00:00,FAC_rank_vol_m6_n3_pairwise1,2,Q2,0.7806329139224335,0.12075923448001642,10
future_ret_6m,2012-09-28 00:00:00,FAC_rank_vol_m6_n3_pairwise1,3,Q3,0.8172941048693148,0.10451451216963073,10
future_ret_6m,2012-09-28 00:00:00,FAC_rank_vol_m6_n3_pairwise1,4,Q4,0.8675647360517645,0.09957785230694186,10
future_ret_6m,2012-09-28 00:00:00,FAC_rank_vol_m6_n3_pairwise1,5,High,0.9230624506975967,0.1315648574664439,11
future_ret_6m,2012-12-31 00:00:00,FAC_rank_vol_m6_n3_pairwise1,1,Low,0.6257969642410671,0.07037269542200157,12
future_ret_6m,2012-12-31 00:00:00,FAC_rank_vol_m6_n3_pairwise1,2,Q2,0.7518796183592097,0.10916144403234944,12
future_ret_6m,2012-12-31 00:00:00,FAC_rank_vol_m6_n3_pairwise1,3,Q3,0.7844009899439651,0.051079427102740986,11
future_ret_6m,2012-12-31 00:00:00,FAC_rank_vol_m6_n3_pairwise1,4,Q4,0.8324843206092202,0.14160989956821948,12
future_ret_6m,2012-12-31 00:00:00,FAC_rank_vol_m6_n3_pairwise1,5,High,0.8971524010985643,0.09382059226276059,12
future_ret_6m,2013-03-29 00:00:00,FAC_rank_vol_m6_n3_pairwise1,1,Low,0.6049374363326216,0.0932738335824827,13
future_ret_6m,2013-03-29 00:00:00,FAC_rank_vol_m6_n3_pairwise1,2,Q2,0.6733471636977683,0.08810125553468712,12
future_ret_6m,2013-03-29 00:00:00,FAC_rank_vol_m6_n3_pairwise1,3,Q3,0.7265959464458165,0.1894242356817427,12
future_ret_6m,2013-03-29 00:00:00,FAC_rank_vol_m6_n3_pairwise1,4,Q4,0.7962600984711936,0.1924574476012614,12
future_ret_6m,2013-03-29 00:00:00,FAC_rank_vol_m6_n3_pairwise1,5,High,0.8687051552885272,0.18358142435196872,13
future_ret_6m,2013-06-28 00:00:00,FAC_rank_vol_m6_n3_pairwise1,1,Low,0.6651868994593323,0.11933378568853995,13
future_ret_6m,2013-06-28 00:00:00,FAC_rank_vol_m6_n3_pairwise1,2,Q2,0.7201847344898188,0.09671958753003583,12
future_ret_6m,2013-06-28 00:00:00,FAC_rank_vol_m6_n3_pairwise1,3,Q3,0.7740851687048887,0.10915666115308972,13
future_ret_6m,2013-06-28 00:00:00,FAC_rank_vol_m6_n3_pairwise1,4,Q4,0.8434661216388717,0.17710289288461287,12
future_ret_6m,2013-06-28 00:00:00,FAC_rank_vol_m6_n3_pairwise1,5,High,0.8950917997807154,0.09817786680038859,13
future_ret_6m,2013-09-30 00:00:00,FAC_rank_vol_m6_n3_pairwise1,1,Low,0.715449643578055,-0.10647955677567704,14
future_ret_6m,2013-09-30 00:00:00,FAC_rank_vol_m6_n3_pairwise1,2,Q2,0.7956907416295256,-0.09550006725065988,13
future_ret_6m,2013-09-30 00:00:00,FAC_rank_vol_m6_n3_pairwise1,3,Q3,0.8482129020653046,-0.0751391619117811,13
future_ret_6m,2013-09-30 00:00:00,FAC_rank_vol_m6_n3_pairwise1,4,Q4,0.8993798982435475,-0.058312022082481804,13
future_ret_6m,2013-09-30 00:00:00,FAC_rank_vol_m6_n3_pairwise1,5,High,0.9463179574174276,-0.08569978559634117,14
future_ret_6m,2013-12-31 00:00:00,FAC_rank_vol_m6_n3_pairwise1,1,Low,0.6210988242371829,0.04040001144822902,15
future_ret_6m,2013-12-31 00:00:00,FAC_rank_vol_m6_n3_pairwise1,2,Q2,0.7255203830629109,-0.01170100496449829,14
future_ret_6m,2013-12-31 00:00:00,FAC_rank_vol_m6_n3_pairwise1,3,Q3,0.7883782348182465,0.016009589398438464,14
future_ret_6m,2013-12-31 00:00:00,FAC_rank_vol_m6_n3_pairwise1,4,Q4,0.8351325524788742,-0.0035285401505217545,14
future_ret_6m,2013-12-31 00:00:00,FAC_rank_vol_m6_n3_pairwise1,5,High,0.8974972450084324,-0.017617030930433524,14
future_ret_6m,2014-03-31 00:00:00,FAC_rank_vol_m6_n3_pairwise1,1,Low,0.617870773241557,0.1933066428876185,13
future_ret_6m,2014-03-31 00:00:00,FAC_rank_vol_m6_n3_pairwise1,2,Q2,0.7312491399957414,0.19061910829937487,13
future_ret_6m,2014-03-31 00:00:00,FAC_rank_vol_m6_n3_pairwise1,3,Q3,0.8051979348075174,0.15649942761397795,12
future_ret_6m,2014-03-31 00:00:00,FAC_rank_vol_m6_n3_pairwise1,4,Q4,0.8556561008759623,0.22845013881426943,13
future_ret_6m,2014-03-31 00:00:00,FAC_rank_vol_m6_n3_pairwise1,5,High,0.9034844308064578,0.19403990979889846,13
future_ret_6m,2014-06-30 00:00:00,FAC_rank_vol_m6_n3_pairwise1,1,Low,0.5982726476731963,0.27690010233709006,13
future_ret_6m,2014-06-30 00:00:00,FAC_rank_vol_m6_n3_pairwise1,2,Q2,0.7012023852820594,0.2901026282713757,12
future_ret_6m,2014-06-30 00:00:00,FAC_rank_vol_m6_n3_pairwise1,3,Q3,0.767953187587036,0.24852873108648238,13
future_ret_6m,2014-06-30 00:00:00,FAC_rank_vol_m6_n3_pairwise1,4,Q4,0.8356884271924926,0.2486350245016459,12
future_ret_6m,2014-06-30 00:00:00,FAC_rank_vol_m6_n3_pairwise1,5,High,0.9014264833990571,0.27812044616699494,13
future_ret_6m,2014-09-30 00:00:00,FAC_rank_vol_m6_n3_pairwise1,1,Low,0.7021107897227516,0.4832013562272064,13
future_ret_6m,2014-09-30 00:00:00,FAC_rank_vol_m6_n3_pairwise1,2,Q2,0.7720622302079906,0.5613703218111797,12
future_ret_6m,2014-09-30 00:00:00,FAC_rank_vol_m6_n3_pairwise1,3,Q3,0.8132756571759391,0.45020635747681165,12
future_ret_6m,2014-09-30 00:00:00,FAC_rank_vol_m6_n3_pairwise1,4,Q4,0.8616539584729414,0.4786942601607083,12
future_ret_6m,2014-09-30 00:00:00,FAC_rank_vol_m6_n3_pairwise1,5,High,0.9034033875632969,0.46264889467479187,13
future_ret_6m,2014-12-31 00:00:00,FAC_rank_vol_m6_n3_pairwise1,1,Low,0.69422551191275,0.5317323212942285,12
future_ret_6m,2014-12-31 00:00:00,FAC_rank_vol_m6_n3_pairwise1,2,Q2,0.7467918660577382,0.7768687752847054,11
future_ret_6m,2014-12-31 00:00:00,FAC_rank_vol_m6_n3_pairwise1,3,Q3,0.7862095474352678,0.5988569802842864,12
future_ret_6m,2014-12-31 00:00:00,FAC_rank_vol_m6_n3_pairwise1,4,Q4,0.8290818517616668,0.6207721187692595,11
future_ret_6m,2014-12-31 00:00:00,FAC_rank_vol_m6_n3_pairwise1,5,High,0.887897458753722,0.5291609088824412,12
future_ret_6m,2015-03-31 00:00:00,FAC_rank_vol_m6_n3_pairwise1,1,Low,0.6006351991724067,-0.14669983999370986,12
future_ret_6m,2015-03-31 00:00:00,FAC_rank_vol_m6_n3_pairwise1,2,Q2,0.6993433083918893,-0.12441355871975313,12
future_ret_6m,2015-03-31 00:00:00,FAC_rank_vol_m6_n3_pairwise1,3,Q3,0.7474662231894252,-0.13155900585878458,11
future_ret_6m,2015-03-31 00:00:00,FAC_rank_vol_m6_n3_pairwise1,4,Q4,0.8064403884520387,-0.10817715132190885,12
future_ret_6m,2015-03-31 00:00:00,FAC_rank_vol_m6_n3_pairwise1,5,High,0.8659062444350877,-0.10666723958692602,12
future_ret_6m,2015-06-30 00:00:00,FAC_rank_vol_m6_n3_pairwise1,1,Low,0.6205008576156111,-0.04874816812476295,9
future_ret_6m,2015-06-30 00:00:00,FAC_rank_vol_m6_n3_pairwise1,2,Q2,0.7217663602793163,-0.05236505943889315,8
future_ret_6m,2015-06-30 00:00:00,FAC_rank_vol_m6_n3_pairwise1,3,Q3,0.7855119641840519,-0.05039299248221338,9
future_ret_6m,2015-06-30 00:00:00,FAC_rank_vol_m6_n3_pairwise1,4,Q4,0.8313330474294458,-0.04370588825392871,8
future_ret_6m,2015-06-30 00:00:00,FAC_rank_vol_m6_n3_pairwise1,5,High,0.8661506146840724,-0.04489248414199861,9
future_ret_6m,2015-09-30 00:00:00,FAC_rank_vol_m6_n3_pairwise1,1,Low,0.6120439679617702,0.11137334395168555,9
future_ret_6m,2015-09-30 00:00:00,FAC_rank_vol_m6_n3_pairwise1,2,Q2,0.725205318011831,0.09028341540806557,8
future_ret_6m,2015-09-30 00:00:00,FAC_rank_vol_m6_n3_pairwise1,3,Q3,0.7880881557323873,0.09632939538390808,8
future_ret_6m,2015-09-30 00:00:00,FAC_rank_vol_m6_n3_pairwise1,4,Q4,0.8336381489584221,0.11430681405435442,8
future_ret_6m,2015-09-30 00:00:00,FAC_rank_vol_m6_n3_pairwise1,5,High,0.8943453945812458,0.07325112359938896,9
future_ret_6m,2015-12-31 00:00:00,FAC_rank_vol_m6_n3_pairwise1,1,Low,0.5935223230636918,-0.10908543283683358,10
future_ret_6m,2015-12-31 00:00:00,FAC_rank_vol_m6_n3_pairwise1,2,Q2,0.7164989310926803,-0.13084914394766453,9
future_ret_6m,2015-12-31 00:00:00,FAC_rank_vol_m6_n3_pairwise1,3,Q3,0.7675766149307502,-0.14886641549014237,9
future_ret_6m,2015-12-31 00:00:00,FAC_rank_vol_m6_n3_pairwise1,4,Q4,0.8118672846848832,-0.10189947904542607,9
future_ret_6m,2015-12-31 00:00:00,FAC_rank_vol_m6_n3_pairwise1,5,High,0.8908833655605393,-0.10838569489060491,9
future_ret_6m,2016-03-31 00:00:00,FAC_rank_vol_m6_n3_pairwise1,1,Low,0.5906668867285114,0.04719170348144186,10
future_ret_6m,2016-03-31 00:00:00,FAC_rank_vol_m6_n3_pairwise1,2,Q2,0.7028189996448932,0.033516019785299646,9
future_ret_6m,2016-03-31 00:00:00,FAC_rank_vol_m6_n3_pairwise1,3,Q3,0.7735659844234501,0.07523170674609833,10
future_ret_6m,2016-03-31 00:00:00,FAC_rank_vol_m6_n3_pairwise1,4,Q4,0.8346061115025455,0.05817314595458743,9
future_ret_6m,2016-03-31 00:00:00,FAC_rank_vol_m6_n3_pairwise1,5,High,0.8811249163348162,0.04452599737974933,10
future_ret_6m,2016-06-30 00:00:00,FAC_rank_vol_m6_n3_pairwise1,1,Low,0.6510830035348009,-0.01893121711745215,11
future_ret_6m,2016-06-30 00:00:00,FAC_rank_vol_m6_n3_pairwise1,2,Q2,0.7378576004432682,-0.013815895443357628,10
future_ret_6m,2016-06-30 00:00:00,FAC_rank_vol_m6_n3_pairwise1,3,Q3,0.7880990635155165,0.028240067417839142,10
future_ret_6m,2016-06-30 00:00:00,FAC_rank_vol_m6_n3_pairwise1,4,Q4,0.8320626438183298,0.038146579903528585,10
future_ret_6m,2016-06-30 00:00:00,FAC_rank_vol_m6_n3_pairwise1,5,High,0.8899744883562097,0.021732051601933425,11
future_ret_6m,2016-09-30 00:00:00,FAC_rank_vol_m6_n3_pairwise1,1,Low,0.6895403013675068,0.014311419221960357,13
future_ret_6m,2016-09-30 00:00:00,FAC_rank_vol_m6_n3_pairwise1,2,Q2,0.7458726150251805,0.0348226880659199,12
future_ret_6m,2016-09-30 00:00:00,FAC_rank_vol_m6_n3_pairwise1,3,Q3,0.7868996813875293,0.004493085108635681,13
future_ret_6m,2016-09-30 00:00:00,FAC_rank_vol_m6_n3_pairwise1,4,Q4,0.8332381996234531,0.03228496482583162,12
future_ret_6m,2016-09-30 00:00:00,FAC_rank_vol_m6_n3_pairwise1,5,High,0.8862580303492599,0.019158202055771803,13
future_ret_6m,2016-12-30 00:00:00,FAC_rank_vol_m6_n3_pairwise1,1,Low,0.6775746568286489,0.07410365814610072,18
future_ret_6m,2016-12-30 00:00:00,FAC_rank_vol_m6_n3_pairwise1,2,Q2,0.7721402223187406,0.09701210382750511,17
future_ret_6m,2016-12-30 00:00:00,FAC_rank_vol_m6_n3_pairwise1,3,Q3,0.811789424010657,0.07269577108357546,17
future_ret_6m,2016-12-30 00:00:00,FAC_rank_vol_m6_n3_pairwise1,4,Q4,0.8573865214061984,0.04067618930893431,17
future_ret_6m,2016-12-30 00:00:00,FAC_rank_vol_m6_n3_pairwise1,5,High,0.9059948655834025,0.050687744992226294,18
future_ret_6m,2017-03-31 00:00:00,FAC_rank_vol_m6_n3_pairwise1,1,Low,0.6377700725655677,0.10808346036251597,23
future_ret_6m,2017-03-31 00:00:00,FAC_rank_vol_m6_n3_pairwise1,2,Q2,0.7465879054878247,0.10207840711110115,22
future_ret_6m,2017-03-31 00:00:00,FAC_rank_vol_m6_n3_pairwise1,3,Q3,0.7977810821477731,0.07826094142005446,22
future_ret_6m,2017-03-31 00:00:00,FAC_rank_vol_m6_n3_pairwise1,4,Q4,0.8527227418330898,0.09585544932845913,22
future_ret_6m,2017-03-31 00:00:00,FAC_rank_vol_m6_n3_pairwise1,5,High,0.9099923584670684,0.10890754690499435,22
future_ret_6m,2017-06-30 00:00:00,FAC_rank_vol_m6_n3_pairwise1,1,Low,0.6759828182358231,0.10919758169660682,24
future_ret_6m,2017-06-30 00:00:00,FAC_rank_vol_m6_n3_pairwise1,2,Q2,0.7916151448410353,0.1037409332130127,23
future_ret_6m,2017-06-30 00:00:00,FAC_rank_vol_m6_n3_pairwise1,3,Q3,0.8443756263043606,0.1112916652621037,23
future_ret_6m,2017-06-30 00:00:00,FAC_rank_vol_m6_n3_pairwise1,4,Q4,0.8808300481483492,0.11318535985943788,23
future_ret_6m,2017-06-30 00:00:00,FAC_rank_vol_m6_n3_pairwise1,5,High,0.9326351850240789,0.13367702634567047,24
future_ret_6m,2017-09-29 00:00:00,FAC_rank_vol_m6_n3_pairwise1,1,Low,0.6839554114027954,0.021363629879513717,26
future_ret_6m,2017-09-29 00:00:00,FAC_rank_vol_m6_n3_pairwise1,2,Q2,0.7641380432118386,0.020745752757813353,25
future_ret_6m,2017-09-29 00:00:00,FAC_rank_vol_m6_n3_pairwise1,3,Q3,0.8126927594143816,0.031375632384911284,26
future_ret_6m,2017-09-29 00:00:00,FAC_rank_vol_m6_n3_pairwise1,4,Q4,0.8574985696255457,0.03508989066841939,25
future_ret_6m,2017-09-29 00:00:00,FAC_rank_vol_m6_n3_pairwise1,5,High,0.9157525453386041,0.024765228215216102,26
future_ret_6m,2017-12-29 00:00:00,FAC_rank_vol_m6_n3_pairwise1,1,Low,0.6446795672238183,-0.07959664840102006,28
future_ret_6m,2017-12-29 00:00:00,FAC_rank_vol_m6_n3_pairwise1,2,Q2,0.7411651198566029,-0.09427765570384711,27
future_ret_6m,2017-12-29 00:00:00,FAC_rank_vol_m6_n3_pairwise1,3,Q3,0.7958143078664355,-0.06641964815514975,27
future_ret_6m,2017-12-29 00:00:00,FAC_rank_vol_m6_n3_pairwise1,4,Q4,0.8441866797884175,-0.10005587259824858,27
future_ret_6m,2017-12-29 00:00:00,FAC_rank_vol_m6_n3_pairwise1,5,High,0.9113694304237545,-0.09532201303856086,27
future_ret_6m,2018-03-30 00:00:00,FAC_rank_vol_m6_n3_pairwise1,1,Low,0.6540205620274783,-0.15434328614095877,27
future_ret_6m,2018-03-30 00:00:00,FAC_rank_vol_m6_n3_pairwise1,2,Q2,0.7379766799139955,-0.13027915711189408,27
future_ret_6m,2018-03-30 00:00:00,FAC_rank_vol_m6_n3_pairwise1,3,Q3,0.7819310285148607,-0.14014748758907897,27
future_ret_6m,2018-03-30 00:00:00,FAC_rank_vol_m6_n3_pairwise1,4,Q4,0.8229584421142062,-0.10514509259233656,27
future_ret_6m,2018-03-30 00:00:00,FAC_rank_vol_m6_n3_pairwise1,5,High,0.893130550827069,-0.13040031696381357,27
future_ret_6m,2018-06-29 00:00:00,FAC_rank_vol_m6_n3_pairwise1,1,Low,0.638071100986013,-0.20729399062619697,28
future_ret_6m,2018-06-29 00:00:00,FAC_rank_vol_m6_n3_pairwise1,2,Q2,0.712149734557811,-0.17218146419592179,28
future_ret_6m,2018-06-29 00:00:00,FAC_rank_vol_m6_n3_pairwise1,3,Q3,0.7672572401929754,-0.183726998926325,27
future_ret_6m,2018-06-29 00:00:00,FAC_rank_vol_m6_n3_pairwise1,4,Q4,0.8286472277805659,-0.16440909725349617,28
future_ret_6m,2018-06-29 00:00:00,FAC_rank_vol_m6_n3_pairwise1,5,High,0.8953738948059625,-0.14685342279680516,28
future_ret_6m,2018-09-28 00:00:00,FAC_rank_vol_m6_n3_pairwise1,1,Low,0.6212066086546099,0.13020787312434826,28
future_ret_6m,2018-09-28 00:00:00,FAC_rank_vol_m6_n3_pairwise1,2,Q2,0.7003529742262715,0.13872928238260343,27
future_ret_6m,2018-09-28 00:00:00,FAC_rank_vol_m6_n3_pairwise1,3,Q3,0.7699233410981063,0.12589147246162125,28
future_ret_6m,2018-09-28 00:00:00,FAC_rank_vol_m6_n3_pairwise1,4,Q4,0.8363055505124308,0.12766855890173304,27
future_ret_6m,2018-09-28 00:00:00,FAC_rank_vol_m6_n3_pairwise1,5,High,0.8893909542967693,0.12399846667620588,28
future_ret_6m,2018-12-28 00:00:00,FAC_rank_vol_m6_n3_pairwise1,1,Low,0.6861310777524174,0.2553025174379456,28
future_ret_6m,2018-12-28 00:00:00,FAC_rank_vol_m6_n3_pairwise1,2,Q2,0.7598624389757747,0.24353421019977622,28
future_ret_6m,2018-12-28 00:00:00,FAC_rank_vol_m6_n3_pairwise1,3,Q3,0.8141764937333144,0.24466392108826282,28
future_ret_6m,2018-12-28 00:00:00,FAC_rank_vol_m6_n3_pairwise1,4,Q4,0.8636206810586786,0.22366418930351356,28
future_ret_6m,2018-12-28 00:00:00,FAC_rank_vol_m6_n3_pairwise1,5,High,0.9259057849061787,0.1978713749822966,28
future_ret_6m,2019-03-29 00:00:00,FAC_rank_vol_m6_n3_pairwise1,1,Low,0.607156746336899,0.051556532063268073,29
future_ret_6m,2019-03-29 00:00:00,FAC_rank_vol_m6_n3_pairwise1,2,Q2,0.7116343648779588,0.06004138148905507,29
future_ret_6m,2019-03-29 00:00:00,FAC_rank_vol_m6_n3_pairwise1,3,Q3,0.7654157191746015,0.035643526537661,28
future_ret_6m,2019-03-29 00:00:00,FAC_rank_vol_m6_n3_pairwise1,4,Q4,0.817951808605046,0.06915341197968422,29
future_ret_6m,2019-03-29 00:00:00,FAC_rank_vol_m6_n3_pairwise1,5,High,0.8827450575491298,0.06773516021563855,29
future_ret_6m,2019-06-28 00:00:00,FAC_rank_vol_m6_n3_pairwise1,1,Low,0.6286999191104814,0.2201606233788133,30
future_ret_6m,2019-06-28 00:00:00,FAC_rank_vol_m6_n3_pairwise1,2,Q2,0.72488084141967,0.23221204544751745,30
future_ret_6m,2019-06-28 00:00:00,FAC_rank_vol_m6_n3_pairwise1,3,Q3,0.8003111083603739,0.18570533622499594,29
future_ret_6m,2019-06-28 00:00:00,FAC_rank_vol_m6_n3_pairwise1,4,Q4,0.8595454646413792,0.1751117796683663,30
future_ret_6m,2019-06-28 00:00:00,FAC_rank_vol_m6_n3_pairwise1,5,High,0.9250246644552537,0.1672165237582879,30
future_ret_6m,2019-09-30 00:00:00,FAC_rank_vol_m6_n3_pairwise1,1,Low,0.6367607746092349,0.13788988411617104,31
future_ret_6m,2019-09-30 00:00:00,FAC_rank_vol_m6_n3_pairwise1,2,Q2,0.709648173887716,0.09366191072743026,30
future_ret_6m,2019-09-30 00:00:00,FAC_rank_vol_m6_n3_pairwise1,3,Q3,0.768768036619435,0.1101107359676312,30
future_ret_6m,2019-09-30 00:00:00,FAC_rank_vol_m6_n3_pairwise1,4,Q4,0.8347075588589001,0.11589924047016335,30
future_ret_6m,2019-09-30 00:00:00,FAC_rank_vol_m6_n3_pairwise1,5,High,0.8922015865194749,0.1395150871300174,31
future_ret_6m,2019-12-31 00:00:00,FAC_rank_vol_m6_n3_pairwise1,1,Low,0.6585867040644547,0.41964731774143055,35
future_ret_6m,2019-12-31 00:00:00,FAC_rank_vol_m6_n3_pairwise1,2,Q2,0.7319904773378784,0.3132535636491694,34
future_ret_6m,2019-12-31 00:00:00,FAC_rank_vol_m6_n3_pairwise1,3,Q3,0.7904552569219486,0.33095865234877664,34
future_ret_6m,2019-12-31 00:00:00,FAC_rank_vol_m6_n3_pairwise1,4,Q4,0.8454791523082177,0.29212005240815864,34
future_ret_6m,2019-12-31 00:00:00,FAC_rank_vol_m6_n3_pairwise1,5,High,0.9055428653831674,0.2971503218503811,34
future_ret_6m,2020-03-31 00:00:00,FAC_rank_vol_m6_n3_pairwise1,1,Low,0.6661630819231577,0.46465424000406674,36
future_ret_6m,2020-03-31 00:00:00,FAC_rank_vol_m6_n3_pairwise1,2,Q2,0.7455762249224307,0.41487001244626254,35
future_ret_6m,2020-03-31 00:00:00,FAC_rank_vol_m6_n3_pairwise1,3,Q3,0.8127078893412508,0.3990495736098831,36
future_ret_6m,2020-03-31 00:00:00,FAC_rank_vol_m6_n3_pairwise1,4,Q4,0.8641232391061062,0.4260247538775256,35
future_ret_6m,2020-03-31 00:00:00,FAC_rank_vol_m6_n3_pairwise1,5,High,0.9169596475253327,0.42211252380900716,36
future_ret_6m,2020-06-30 00:00:00,FAC_rank_vol_m6_n3_pairwise1,1,Low,0.6235326610468098,0.2373144688232884,38
future_ret_6m,2020-06-30 00:00:00,FAC_rank_vol_m6_n3_pairwise1,2,Q2,0.7015627590202711,0.31000448465984903,37
future_ret_6m,2020-06-30 00:00:00,FAC_rank_vol_m6_n3_pairwise1,3,Q3,0.7673058441524484,0.28286285953113255,37
future_ret_6m,2020-06-30 00:00:00,FAC_rank_vol_m6_n3_pairwise1,4,Q4,0.8414567112549232,0.2859871400840044,37
future_ret_6m,2020-06-30 00:00:00,FAC_rank_vol_m6_n3_pairwise1,5,High,0.8996874760697032,0.27332399312625993,38
future_ret_6m,2020-09-30 00:00:00,FAC_rank_vol_m6_n3_pairwise1,1,Low,0.6319500658625162,0.08654952310017468,40
future_ret_6m,2020-09-30 00:00:00,FAC_rank_vol_m6_n3_pairwise1,2,Q2,0.725029084364634,0.1147344590956499,40
future_ret_6m,2020-09-30 00:00:00,FAC_rank_vol_m6_n3_pairwise1,3,Q3,0.7874615563880286,0.12081318731082942,39
future_ret_6m,2020-09-30 00:00:00,FAC_rank_vol_m6_n3_pairwise1,4,Q4,0.8465433931910665,0.13062779483781833,40
future_ret_6m,2020-09-30 00:00:00,FAC_rank_vol_m6_n3_pairwise1,5,High,0.9057841443426071,0.15853457565202608,40
future_ret_6m,2020-12-31 00:00:00,FAC_rank_vol_m6_n3_pairwise1,1,Low,0.6630434210781719,0.11622343336534374,44
future_ret_6m,2020-12-31 00:00:00,FAC_rank_vol_m6_n3_pairwise1,2,Q2,0.7497914618004227,0.09890945790927806,44
future_ret_6m,2020-12-31 00:00:00,FAC_rank_vol_m6_n3_pairwise1,3,Q3,0.7941441804134228,0.09281887927331146,44
future_ret_6m,2020-12-31 00:00:00,FAC_rank_vol_m6_n3_pairwise1,4,Q4,0.8434897979257215,0.0780396460962482,44
future_ret_6m,2020-12-31 00:00:00,FAC_rank_vol_m6_n3_pairwise1,5,High,0.909899741404302,0.10568134513841915,44
future_ret_6m,2021-03-31 00:00:00,FAC_rank_vol_m6_n3_pairwise1,1,Low,0.6384455279211004,0.24183697540769583,47
future_ret_6m,2021-03-31 00:00:00,FAC_rank_vol_m6_n3_pairwise1,2,Q2,0.7316270584015045,0.08712843360984093,46
future_ret_6m,2021-03-31 00:00:00,FAC_rank_vol_m6_n3_pairwise1,3,Q3,0.7851565360646966,0.08903244247627483,46
future_ret_6m,2021-03-31 00:00:00,FAC_rank_vol_m6_n3_pairwise1,4,Q4,0.8306420878343966,0.08542116985973,46
future_ret_6m,2021-03-31 00:00:00,FAC_rank_vol_m6_n3_pairwise1,5,High,0.903019147379681,0.06249928264260711,47
future_ret_6m,2021-06-30 00:00:00,FAC_rank_vol_m6_n3_pairwise1,1,Low,0.6205613046740669,0.04649906582786785,52
future_ret_6m,2021-06-30 00:00:00,FAC_rank_vol_m6_n3_pairwise1,2,Q2,0.6978705927204505,-0.005386851619295553,52
future_ret_6m,2021-06-30 00:00:00,FAC_rank_vol_m6_n3_pairwise1,3,Q3,0.7664113473472758,-0.04961314615790536,52
future_ret_6m,2021-06-30 00:00:00,FAC_rank_vol_m6_n3_pairwise1,4,Q4,0.8133873326400594,-0.054428304044302496,52
future_ret_6m,2021-06-30 00:00:00,FAC_rank_vol_m6_n3_pairwise1,5,High,0.8714713861990195,-0.014206481028488831,52
future_ret_6m,2021-09-30 00:00:00,FAC_rank_vol_m6_n3_pairwise1,1,Low,0.626514510741625,-0.17673300572263081,57
future_ret_6m,2021-09-30 00:00:00,FAC_rank_vol_m6_n3_pairwise1,2,Q2,0.7111836982467593,-0.1292782578611679,57
future_ret_6m,2021-09-30 00:00:00,FAC_rank_vol_m6_n3_pairwise1,3,Q3,0.7661984236660537,-0.15371504439292816,57
future_ret_6m,2021-09-30 00:00:00,FAC_rank_vol_m6_n3_pairwise1,4,Q4,0.8233252076330502,-0.12700514298903737,57
future_ret_6m,2021-09-30 00:00:00,FAC_rank_vol_m6_n3_pairwise1,5,High,0.9023409225800222,-0.1399801126817328,57
future_ret_6m,2021-12-31 00:00:00,FAC_rank_vol_m6_n3_pairwise1,1,Low,0.6288427776321189,-0.09807200013016751,61
future_ret_6m,2021-12-31 00:00:00,FAC_rank_vol_m6_n3_pairwise1,2,Q2,0.7300294404489637,-0.08846055997815953,60
future_ret_6m,2021-12-31 00:00:00,FAC_rank_vol_m6_n3_pairwise1,3,Q3,0.7827248640734372,-0.1181294711422173,60
future_ret_6m,2021-12-31 00:00:00,FAC_rank_vol_m6_n3_pairwise1,4,Q4,0.8342298400762781,-0.0979107510223052,60
future_ret_6m,2021-12-31 00:00:00,FAC_rank_vol_m6_n3_pairwise1,5,High,0.9027572431858835,-0.11096971984455359,61
future_ret_6m,2022-03-31 00:00:00,FAC_rank_vol_m6_n3_pairwise1,1,Low,0.6603830097260689,-0.04943629878876322,67
future_ret_6m,2022-03-31 00:00:00,FAC_rank_vol_m6_n3_pairwise1,2,Q2,0.733467065806521,-0.029646276374797494,66
future_ret_6m,2022-03-31 00:00:00,FAC_rank_vol_m6_n3_pairwise1,3,Q3,0.7851790626333642,-0.02996993152756636,66
future_ret_6m,2022-03-31 00:00:00,FAC_rank_vol_m6_n3_pairwise1,4,Q4,0.833904548240195,-0.03256268853124722,66
future_ret_6m,2022-03-31 00:00:00,FAC_rank_vol_m6_n3_pairwise1,5,High,0.8899314420661685,-0.05154276061043672,67
future_ret_6m,2022-06-30 00:00:00,FAC_rank_vol_m6_n3_pairwise1,1,Low,0.6546108350028506,-0.08524157649851517,78
future_ret_6m,2022-06-30 00:00:00,FAC_rank_vol_m6_n3_pairwise1,2,Q2,0.7348888291387081,-0.1067291461376168,77
future_ret_6m,2022-06-30 00:00:00,FAC_rank_vol_m6_n3_pairwise1,3,Q3,0.7858325392034438,-0.11167668349039742,77
future_ret_6m,2022-06-30 00:00:00,FAC_rank_vol_m6_n3_pairwise1,4,Q4,0.8292144017087468,-0.10591188648617401,77
future_ret_6m,2022-06-30 00:00:00,FAC_rank_vol_m6_n3_pairwise1,5,High,0.8891000463742156,-0.10733772682760455,77
future_ret_6m,2007-12-28 00:00:00,FAC_rank_vol_m6_n6_pairwise1,1,Low,0.7926491991117838,,2
future_ret_6m,2007-12-28 00:00:00,FAC_rank_vol_m6_n6_pairwise1,2,Q2,0.889903623487364,,1
future_ret_6m,2007-12-28 00:00:00,FAC_rank_vol_m6_n6_pairwise1,3,Q3,0.8925381345217359,,1
future_ret_6m,2007-12-28 00:00:00,FAC_rank_vol_m6_n6_pairwise1,4,Q4,0.9075539677713035,,1
future_ret_6m,2007-12-28 00:00:00,FAC_rank_vol_m6_n6_pairwise1,5,High,0.9089218120819297,,1
future_ret_6m,2008-03-31 00:00:00,FAC_rank_vol_m6_n6_pairwise1,1,Low,0.7024034902932217,,1
future_ret_6m,2008-03-31 00:00:00,FAC_rank_vol_m6_n6_pairwise1,2,Q2,0.7502819409319914,,1
future_ret_6m,2008-03-31 00:00:00,FAC_rank_vol_m6_n6_pairwise1,3,Q3,0.7512628674605913,,1
future_ret_6m,2008-03-31 00:00:00,FAC_rank_vol_m6_n6_pairwise1,4,Q4,0.8301144175890399,,1
future_ret_6m,2008-03-31 00:00:00,FAC_rank_vol_m6_n6_pairwise1,5,High,0.8938534965147455,,1
future_ret_6m,2008-06-30 00:00:00,FAC_rank_vol_m6_n6_pairwise1,1,Low,0.7200792331652383,,2
future_ret_6m,2008-06-30 00:00:00,FAC_rank_vol_m6_n6_pairwise1,2,Q2,0.7536535373086802,,1
future_ret_6m,2008-06-30 00:00:00,FAC_rank_vol_m6_n6_pairwise1,3,Q3,0.8282629196111446,,1
future_ret_6m,2008-06-30 00:00:00,FAC_rank_vol_m6_n6_pairwise1,4,Q4,0.8457911480773068,,1
future_ret_6m,2008-06-30 00:00:00,FAC_rank_vol_m6_n6_pairwise1,5,High,0.8735736235418837,,2
future_ret_6m,2008-09-26 00:00:00,FAC_rank_vol_m6_n6_pairwise1,1,Low,0.7625045351094993,,2
future_ret_6m,2008-09-26 00:00:00,FAC_rank_vol_m6_n6_pairwise1,2,Q2,0.8143686156422058,,2
future_ret_6m,2008-09-26 00:00:00,FAC_rank_vol_m6_n6_pairwise1,3,Q3,0.8316225493272537,,1
future_ret_6m,2008-09-26 00:00:00,FAC_rank_vol_m6_n6_pairwise1,4,Q4,0.8658769637049829,,2
future_ret_6m,2008-09-26 00:00:00,FAC_rank_vol_m6_n6_pairwise1,5,High,0.9666237402241488,,2
future_ret_6m,2008-12-31 00:00:00,FAC_rank_vol_m6_n6_pairwise1,1,Low,0.7488183042410451,,3
future_ret_6m,2008-12-31 00:00:00,FAC_rank_vol_m6_n6_pairwise1,2,Q2,0.8275322179832247,,2
future_ret_6m,2008-12-31 00:00:00,FAC_rank_vol_m6_n6_pairwise1,3,Q3,0.878448501870721,,3
future_ret_6m,2008-12-31 00:00:00,FAC_rank_vol_m6_n6_pairwise1,4,Q4,0.9097524713220186,,2
future_ret_6m,2008-12-31 00:00:00,FAC_rank_vol_m6_n6_pairwise1,5,High,0.9311211391858866,,3
future_ret_6m,2009-03-31 00:00:00,FAC_rank_vol_m6_n6_pairwise1,1,Low,0.7287393463112302,,4
future_ret_6m,2009-03-31 00:00:00,FAC_rank_vol_m6_n6_pairwise1,2,Q2,0.7914155714991401,,3
future_ret_6m,2009-03-31 00:00:00,FAC_rank_vol_m6_n6_pairwise1,3,Q3,0.8476078851230467,,3
future_ret_6m,2009-03-31 00:00:00,FAC_rank_vol_m6_n6_pairwise1,4,Q4,0.8823213326333966,,3
future_ret_6m,2009-03-31 00:00:00,FAC_rank_vol_m6_n6_pairwise1,5,High,0.9411899344189053,,3
future_ret_6m,2009-06-30 00:00:00,FAC_rank_vol_m6_n6_pairwise1,1,Low,0.6887668737533674,,4
future_ret_6m,2009-06-30 00:00:00,FAC_rank_vol_m6_n6_pairwise1,2,Q2,0.7525803344749518,,3
future_ret_6m,2009-06-30 00:00:00,FAC_rank_vol_m6_n6_pairwise1,3,Q3,0.8244355533522439,,3
future_ret_6m,2009-06-30 00:00:00,FAC_rank_vol_m6_n6_pairwise1,4,Q4,0.8810257876168069,,3
future_ret_6m,2009-06-30 00:00:00,FAC_rank_vol_m6_n6_pairwise1,5,High,0.958469997047982,,3
future_ret_6m,2009-09-30 00:00:00,FAC_rank_vol_m6_n6_pairwise1,1,Low,0.732289403834443,,4
future_ret_6m,2009-09-30 00:00:00,FAC_rank_vol_m6_n6_pairwise1,2,Q2,0.809022270340726,,4
future_ret_6m,2009-09-30 00:00:00,FAC_rank_vol_m6_n6_pairwise1,3,Q3,0.8510924285210916,,3
future_ret_6m,2009-09-30 00:00:00,FAC_rank_vol_m6_n6_pairwise1,4,Q4,0.88797988356659,,4
future_ret_6m,2009-09-30 00:00:00,FAC_rank_vol_m6_n6_pairwise1,5,High,0.9154867207943034,,4
future_ret_6m,2009-12-31 00:00:00,FAC_rank_vol_m6_n6_pairwise1,1,Low,0.7413531723313087,-0.16640167562971866,5
future_ret_6m,2009-12-31 00:00:00,FAC_rank_vol_m6_n6_pairwise1,2,Q2,0.7987306507864149,,4
future_ret_6m,2009-12-31 00:00:00,FAC_rank_vol_m6_n6_pairwise1,3,Q3,0.8503128276560507,-0.18713279441267475,5
future_ret_6m,2009-12-31 00:00:00,FAC_rank_vol_m6_n6_pairwise1,4,Q4,0.8872225024523592,,4
future_ret_6m,2009-12-31 00:00:00,FAC_rank_vol_m6_n6_pairwise1,5,High,0.933965366920436,-0.20608834478354324,5
future_ret_6m,2010-03-31 00:00:00,FAC_rank_vol_m6_n6_pairwise1,1,Low,0.7581806959873321,-0.04657693930555044,6
future_ret_6m,2010-03-31 00:00:00,FAC_rank_vol_m6_n6_pairwise1,2,Q2,0.8046911815550797,0.024448036342907865,5
future_ret_6m,2010-03-31 00:00:00,FAC_rank_vol_m6_n6_pairwise1,3,Q3,0.8455770573519571,0.03844561633144481,5
future_ret_6m,2010-03-31 00:00:00,FAC_rank_vol_m6_n6_pairwise1,4,Q4,0.8810557241116388,-0.03341601199621771,5
future_ret_6m,2010-03-31 00:00:00,FAC_rank_vol_m6_n6_pairwise1,5,High,0.935342011267216,0.01873845687401323,5
future_ret_6m,2010-06-30 00:00:00,FAC_rank_vol_m6_n6_pairwise1,1,Low,0.7444303129105768,0.2580688494878399,6
future_ret_6m,2010-06-30 00:00:00,FAC_rank_vol_m6_n6_pairwise1,2,Q2,0.8121211116120088,0.2834961023201325,5
future_ret_6m,2010-06-30 00:00:00,FAC_rank_vol_m6_n6_pairwise1,3,Q3,0.8564923536367498,0.3352005069368249,5
future_ret_6m,2010-06-30 00:00:00,FAC_rank_vol_m6_n6_pairwise1,4,Q4,0.8812351553680481,0.24665718659868344,5
future_ret_6m,2010-06-30 00:00:00,FAC_rank_vol_m6_n6_pairwise1,5,High,0.9101413171352037,0.3037323882041642,5
future_ret_6m,2010-09-30 00:00:00,FAC_rank_vol_m6_n6_pairwise1,1,Low,0.8163969663398694,0.03042896472635335,5
future_ret_6m,2010-09-30 00:00:00,FAC_rank_vol_m6_n6_pairwise1,2,Q2,0.8942203405640303,-0.00010024676367363927,5
future_ret_6m,2010-09-30 00:00:00,FAC_rank_vol_m6_n6_pairwise1,3,Q3,0.917202208677385,0.030693181892517664,5
future_ret_6m,2010-09-30 00:00:00,FAC_rank_vol_m6_n6_pairwise1,4,Q4,0.9402321139997541,0.04087861324533559,5
future_ret_6m,2010-09-30 00:00:00,FAC_rank_vol_m6_n6_pairwise1,5,High,0.9847160724653063,-0.003024354689971043,5
future_ret_6m,2010-12-31 00:00:00,FAC_rank_vol_m6_n6_pairwise1,1,Low,0.7470372009111661,-0.06435930848786213,6
future_ret_6m,2010-12-31 00:00:00,FAC_rank_vol_m6_n6_pairwise1,2,Q2,0.8192196967144444,-0.040974014239978464,5
future_ret_6m,2010-12-31 00:00:00,FAC_rank_vol_m6_n6_pairwise1,3,Q3,0.8638448198289088,-0.10060178159663516,5
future_ret_6m,2010-12-31 00:00:00,FAC_rank_vol_m6_n6_pairwise1,4,Q4,0.9036800388207384,-0.09938829025717184,5
future_ret_6m,2010-12-31 00:00:00,FAC_rank_vol_m6_n6_pairwise1,5,High,0.9569908019995551,-0.06952231562980703,6
future_ret_6m,2011-03-31 00:00:00,FAC_rank_vol_m6_n6_pairwise1,1,Low,0.7193880852780911,-0.17000567407787118,6
future_ret_6m,2011-03-31 00:00:00,FAC_rank_vol_m6_n6_pairwise1,2,Q2,0.8242035910369442,-0.15194541263537323,5
future_ret_6m,2011-03-31 00:00:00,FAC_rank_vol_m6_n6_pairwise1,3,Q3,0.858058330561328,-0.15716190608393737,5
future_ret_6m,2011-03-31 00:00:00,FAC_rank_vol_m6_n6_pairwise1,4,Q4,0.9078695049302998,-0.15995513912683723,5
future_ret_6m,2011-03-31 00:00:00,FAC_rank_vol_m6_n6_pairwise1,5,High,0.9613887693191414,-0.12491217536492723,5
future_ret_6m,2011-06-30 00:00:00,FAC_rank_vol_m6_n6_pairwise1,1,Low,0.6559910964072548,-0.17736082938712014,6
future_ret_6m,2011-06-30 00:00:00,FAC_rank_vol_m6_n6_pairwise1,2,Q2,0.7860921560441427,-0.1703893505661093,5
future_ret_6m,2011-06-30 00:00:00,FAC_rank_vol_m6_n6_pairwise1,3,Q3,0.8653370077914307,-0.20162673992832714,6
future_ret_6m,2011-06-30 00:00:00,FAC_rank_vol_m6_n6_pairwise1,4,Q4,0.9122581603492275,-0.19590003662231315,5
future_ret_6m,2011-06-30 00:00:00,FAC_rank_vol_m6_n6_pairwise1,5,High,0.9542111467300073,-0.1927398702557724,6
future_ret_6m,2011-09-30 00:00:00,FAC_rank_vol_m6_n6_pairwise1,1,Low,0.6738154685094863,-0.05427705796182691,7
future_ret_6m,2011-09-30 00:00:00,FAC_rank_vol_m6_n6_pairwise1,2,Q2,0.8105058618885804,-0.06051383096582005,6
future_ret_6m,2011-09-30 00:00:00,FAC_rank_vol_m6_n6_pairwise1,3,Q3,0.8380558903823324,-0.08950946129837127,6
future_ret_6m,2011-09-30 00:00:00,FAC_rank_vol_m6_n6_pairwise1,4,Q4,0.8841188664075194,-0.04416516087095814,6
future_ret_6m,2011-09-30 00:00:00,FAC_rank_vol_m6_n6_pairwise1,5,High,0.9250262308717211,-0.0543380499152357,6
future_ret_6m,2011-12-30 00:00:00,FAC_rank_vol_m6_n6_pairwise1,1,Low,0.7207818648004994,0.04615376833643002,7
future_ret_6m,2011-12-30 00:00:00,FAC_rank_vol_m6_n6_pairwise1,2,Q2,0.7947016813555878,0.0314306675107849,7
future_ret_6m,2011-12-30 00:00:00,FAC_rank_vol_m6_n6_pairwise1,3,Q3,0.8664469725790848,0.04591271450613499,7
future_ret_6m,2011-12-30 00:00:00,FAC_rank_vol_m6_n6_pairwise1,4,Q4,0.9011460706687603,0.05071656315170262,7
future_ret_6m,2011-12-30 00:00:00,FAC_rank_vol_m6_n6_pairwise1,5,High,0.9507006231828802,0.06269234228778094,7
future_ret_6m,2012-03-30 00:00:00,FAC_rank_vol_m6_n6_pairwise1,1,Low,0.691914884494965,-0.0047340462313035315,7
future_ret_6m,2012-03-30 00:00:00,FAC_rank_vol_m6_n6_pairwise1,2,Q2,0.7963857467873258,-0.014714444028722165,6
future_ret_6m,2012-03-30 00:00:00,FAC_rank_vol_m6_n6_pairwise1,3,Q3,0.8618363801213538,0.0022000993604302153,6
future_ret_6m,2012-03-30 00:00:00,FAC_rank_vol_m6_n6_pairwise1,4,Q4,0.8944048274733493,0.03895329656038684,6
future_ret_6m,2012-03-30 00:00:00,FAC_rank_vol_m6_n6_pairwise1,5,High,0.935252921910824,0.008359607229541337,7
future_ret_6m,2012-06-29 00:00:00,FAC_rank_vol_m6_n6_pairwise1,1,Low,0.707500868851382,0.011811397142707403,8
future_ret_6m,2012-06-29 00:00:00,FAC_rank_vol_m6_n6_pairwise1,2,Q2,0.7716258891199824,0.03004158817377443,7
future_ret_6m,2012-06-29 00:00:00,FAC_rank_vol_m6_n6_pairwise1,3,Q3,0.8281633611934858,0.013383894284047657,7
future_ret_6m,2012-06-29 00:00:00,FAC_rank_vol_m6_n6_pairwise1,4,Q4,0.8703606186534237,0.026500704059087537,7
future_ret_6m,2012-06-29 00:00:00,FAC_rank_vol_m6_n6_pairwise1,5,High,0.9368189147080477,0.022085505969121177,8
future_ret_6m,2012-09-28 00:00:00,FAC_rank_vol_m6_n6_pairwise1,1,Low,0.6756880218309579,0.10479014138500586,8
future_ret_6m,2012-09-28 00:00:00,FAC_rank_vol_m6_n6_pairwise1,2,Q2,0.7978967567630444,0.1272267881291688,8
future_ret_6m,2012-09-28 00:00:00,FAC_rank_vol_m6_n6_pairwise1,3,Q3,0.8465859187664865,0.12192919763572518,8
future_ret_6m,2012-09-28 00:00:00,FAC_rank_vol_m6_n6_pairwise1,4,Q4,0.903218031585699,0.11135799849215852,8
future_ret_6m,2012-09-28 00:00:00,FAC_rank_vol_m6_n6_pairwise1,5,High,0.9529834474321262,0.09820760146673041,8
future_ret_6m,2012-12-31 00:00:00,FAC_rank_vol_m6_n6_pairwise1,1,Low,0.7420129877913433,0.15496427516595074,10
future_ret_6m,2012-12-31 00:00:00,FAC_rank_vol_m6_n6_pairwise1,2,Q2,0.844954740733144,0.12568093296873806,10
future_ret_6m,2012-12-31 00:00:00,FAC_rank_vol_m6_n6_pairwise1,3,Q3,0.8684090487636745,0.08315771295187377,9
future_ret_6m,2012-12-31 00:00:00,FAC_rank_vol_m6_n6_pairwise1,4,Q4,0.8968890148361677,0.09340761379123397,10
future_ret_6m,2012-12-31 00:00:00,FAC_rank_vol_m6_n6_pairwise1,5,High,0.952153222172502,0.07237939844259587,10
future_ret_6m,2013-03-29 00:00:00,FAC_rank_vol_m6_n6_pairwise1,1,Low,0.6629402092076403,0.07855059893159619,11
future_ret_6m,2013-03-29 00:00:00,FAC_rank_vol_m6_n6_pairwise1,2,Q2,0.7553532573883075,0.12009141171156239,11
future_ret_6m,2013-03-29 00:00:00,FAC_rank_vol_m6_n6_pairwise1,3,Q3,0.830442989891113,0.15235470685863767,10
future_ret_6m,2013-03-29 00:00:00,FAC_rank_vol_m6_n6_pairwise1,4,Q4,0.8690222827782513,0.22538829417646042,11
future_ret_6m,2013-03-29 00:00:00,FAC_rank_vol_m6_n6_pairwise1,5,High,0.9243213311226938,0.1492035627824999,11
future_ret_6m,2013-06-28 00:00:00,FAC_rank_vol_m6_n6_pairwise1,1,Low,0.692551831832996,0.11498518377379639,11
future_ret_6m,2013-06-28 00:00:00,FAC_rank_vol_m6_n6_pairwise1,2,Q2,0.7604544950836953,0.1034258399835538,11
future_ret_6m,2013-06-28 00:00:00,FAC_rank_vol_m6_n6_pairwise1,3,Q3,0.8330382553574711,0.14539500710014305,11
future_ret_6m,2013-06-28 00:00:00,FAC_rank_vol_m6_n6_pairwise1,4,Q4,0.8936928444575241,0.09153589383805073,11
future_ret_6m,2013-06-28 00:00:00,FAC_rank_vol_m6_n6_pairwise1,5,High,0.9548874324362697,0.12245108330331488,11
future_ret_6m,2013-09-30 00:00:00,FAC_rank_vol_m6_n6_pairwise1,1,Low,0.7465367932362102,-0.09344923352612473,12
future_ret_6m,2013-09-30 00:00:00,FAC_rank_vol_m6_n6_pairwise1,2,Q2,0.8406237108416523,-0.02524075199920942,11
future_ret_6m,2013-09-30 00:00:00,FAC_rank_vol_m6_n6_pairwise1,3,Q3,0.8823706637780446,-0.07795678593650178,11
future_ret_6m,2013-09-30 00:00:00,FAC_rank_vol_m6_n6_pairwise1,4,Q4,0.9206518771113501,-0.13762960384996223,11
future_ret_6m,2013-09-30 00:00:00,FAC_rank_vol_m6_n6_pairwise1,5,High,0.9627501192514561,-0.10231650483641758,11
future_ret_6m,2013-12-31 00:00:00,FAC_rank_vol_m6_n6_pairwise1,1,Low,0.7434834553663436,-0.0446125412830128,13
future_ret_6m,2013-12-31 00:00:00,FAC_rank_vol_m6_n6_pairwise1,2,Q2,0.8192434854310809,-0.004098739797924633,12
future_ret_6m,2013-12-31 00:00:00,FAC_rank_vol_m6_n6_pairwise1,3,Q3,0.8815910861268611,0.021845992131430514,12
future_ret_6m,2013-12-31 00:00:00,FAC_rank_vol_m6_n6_pairwise1,4,Q4,0.9160617033414441,-0.009175052799965952,12
future_ret_6m,2013-12-31 00:00:00,FAC_rank_vol_m6_n6_pairwise1,5,High,0.9605336230510276,-0.04021701458426211,13
future_ret_6m,2014-03-31 00:00:00,FAC_rank_vol_m6_n6_pairwise1,1,Low,0.7321577430083349,0.16828193825862847,13
future_ret_6m,2014-03-31 00:00:00,FAC_rank_vol_m6_n6_pairwise1,2,Q2,0.8016752207221556,0.19701402561837436,12
future_ret_6m,2014-03-31 00:00:00,FAC_rank_vol_m6_n6_pairwise1,3,Q3,0.8579916956174438,0.1977462799021644,12
future_ret_6m,2014-03-31 00:00:00,FAC_rank_vol_m6_n6_pairwise1,4,Q4,0.8944839346448515,0.19140316685092185,12
future_ret_6m,2014-03-31 00:00:00,FAC_rank_vol_m6_n6_pairwise1,5,High,0.9451896565104425,0.19276043709647186,12
future_ret_6m,2014-06-30 00:00:00,FAC_rank_vol_m6_n6_pairwise1,1,Low,0.7653474379554637,0.2665783159696659,12
future_ret_6m,2014-06-30 00:00:00,FAC_rank_vol_m6_n6_pairwise1,2,Q2,0.8283094383048577,0.22195259949423923,11
future_ret_6m,2014-06-30 00:00:00,FAC_rank_vol_m6_n6_pairwise1,3,Q3,0.8838088868870887,0.2129184295775999,11
future_ret_6m,2014-06-30 00:00:00,FAC_rank_vol_m6_n6_pairwise1,4,Q4,0.9171734625329596,0.3285742801261842,11
future_ret_6m,2014-06-30 00:00:00,FAC_rank_vol_m6_n6_pairwise1,5,High,0.9634606938783049,0.2656410481986266,12
future_ret_6m,2014-09-30 00:00:00,FAC_rank_vol_m6_n6_pairwise1,1,Low,0.7063752248519726,0.43521650433310244,12
future_ret_6m,2014-09-30 00:00:00,FAC_rank_vol_m6_n6_pairwise1,2,Q2,0.8118655591333169,0.5657425089157685,11
future_ret_6m,2014-09-30 00:00:00,FAC_rank_vol_m6_n6_pairwise1,3,Q3,0.8613764252731994,0.5133153313359429,11
future_ret_6m,2014-09-30 00:00:00,FAC_rank_vol_m6_n6_pairwise1,4,Q4,0.8953989616839163,0.47221952384310656,11
future_ret_6m,2014-09-30 00:00:00,FAC_rank_vol_m6_n6_pairwise1,5,High,0.9389808350904015,0.4202668224499675,12
future_ret_6m,2014-12-31 00:00:00,FAC_rank_vol_m6_n6_pairwise1,1,Low,0.7530061089811583,0.5939111856400345,10
future_ret_6m,2014-12-31 00:00:00,FAC_rank_vol_m6_n6_pairwise1,2,Q2,0.7985174751551148,0.5773495221330495,10
future_ret_6m,2014-12-31 00:00:00,FAC_rank_vol_m6_n6_pairwise1,3,Q3,0.836160145671557,0.626516341294677,9
future_ret_6m,2014-12-31 00:00:00,FAC_rank_vol_m6_n6_pairwise1,4,Q4,0.8734849887684784,0.5611567530754611,10
future_ret_6m,2014-12-31 00:00:00,FAC_rank_vol_m6_n6_pairwise1,5,High,0.9294998705603671,0.5587986569062721,10
future_ret_6m,2015-03-31 00:00:00,FAC_rank_vol_m6_n6_pairwise1,1,Low,0.6753617501730773,-0.14402305040313337,10
future_ret_6m,2015-03-31 00:00:00,FAC_rank_vol_m6_n6_pairwise1,2,Q2,0.7588763611618108,-0.14290327349118373,9
future_ret_6m,2015-03-31 00:00:00,FAC_rank_vol_m6_n6_pairwise1,3,Q3,0.8201818852281771,-0.10003407653703737,10
future_ret_6m,2015-03-31 00:00:00,FAC_rank_vol_m6_n6_pairwise1,4,Q4,0.8601639972186048,-0.17103566571746467,9
future_ret_6m,2015-03-31 00:00:00,FAC_rank_vol_m6_n6_pairwise1,5,High,0.9267268675925389,-0.08866244197066252,10
future_ret_6m,2015-06-30 00:00:00,FAC_rank_vol_m6_n6_pairwise1,1,Low,0.658350660631823,-0.07137060688950451,8
future_ret_6m,2015-06-30 00:00:00,FAC_rank_vol_m6_n6_pairwise1,2,Q2,0.775923137322527,-0.017775437589342764,7
future_ret_6m,2015-06-30 00:00:00,FAC_rank_vol_m6_n6_pairwise1,3,Q3,0.8539297489300582,-0.05624540219682513,7
future_ret_6m,2015-06-30 00:00:00,FAC_rank_vol_m6_n6_pairwise1,4,Q4,0.8871466774994375,-0.05104036778396264,7
future_ret_6m,2015-06-30 00:00:00,FAC_rank_vol_m6_n6_pairwise1,5,High,0.9331680603821262,-0.05981713728993591,7
future_ret_6m,2015-09-30 00:00:00,FAC_rank_vol_m6_n6_pairwise1,1,Low,0.6141694819773514,0.10033189263273082,7
future_ret_6m,2015-09-30 00:00:00,FAC_rank_vol_m6_n6_pairwise1,2,Q2,0.7286915753493081,0.12909537697326884,7
future_ret_6m,2015-09-30 00:00:00,FAC_rank_vol_m6_n6_pairwise1,3,Q3,0.818503926037189,0.10687015955597887,7
future_ret_6m,2015-09-30 00:00:00,FAC_rank_vol_m6_n6_pairwise1,4,Q4,0.8670324995407237,0.06811196137278751,7
future_ret_6m,2015-09-30 00:00:00,FAC_rank_vol_m6_n6_pairwise1,5,High,0.9030455027777832,0.08319227952149189,7
future_ret_6m,2015-12-31 00:00:00,FAC_rank_vol_m6_n6_pairwise1,1,Low,0.6892519941101893,-0.07111370330301707,8
future_ret_6m,2015-12-31 00:00:00,FAC_rank_vol_m6_n6_pairwise1,2,Q2,0.7886140648149823,-0.12074111870253405,7
future_ret_6m,2015-12-31 00:00:00,FAC_rank_vol_m6_n6_pairwise1,3,Q3,0.8457092982328963,-0.10906874936717083,8
future_ret_6m,2015-12-31 00:00:00,FAC_rank_vol_m6_n6_pairwise1,4,Q4,0.8815540186927959,-0.1052788714745717,7
future_ret_6m,2015-12-31 00:00:00,FAC_rank_vol_m6_n6_pairwise1,5,High,0.9447560366364467,-0.11689943345747897,8
future_ret_6m,2016-03-31 00:00:00,FAC_rank_vol_m6_n6_pairwise1,1,Low,0.7118972373412629,0.0599816008712148,9
future_ret_6m,2016-03-31 00:00:00,FAC_rank_vol_m6_n6_pairwise1,2,Q2,0.8133530793685516,0.0525760477413367,8
future_ret_6m,2016-03-31 00:00:00,FAC_rank_vol_m6_n6_pairwise1,3,Q3,0.855803100005785,0.08401159358008786,8
future_ret_6m,2016-03-31 00:00:00,FAC_rank_vol_m6_n6_pairwise1,4,Q4,0.8908390415150147,0.0565785944904378,8
future_ret_6m,2016-03-31 00:00:00,FAC_rank_vol_m6_n6_pairwise1,5,High,0.9337850609850493,0.06542866145054732,8
future_ret_6m,2016-06-30 00:00:00,FAC_rank_vol_m6_n6_pairwise1,1,Low,0.7135137420139173,0.007425380091021487,9
future_ret_6m,2016-06-30 00:00:00,FAC_rank_vol_m6_n6_pairwise1,2,Q2,0.8124058958547482,-0.027092408883609063,9
future_ret_6m,2016-06-30 00:00:00,FAC_rank_vol_m6_n6_pairwise1,3,Q3,0.8527847368079904,0.005114617207175949,9
future_ret_6m,2016-06-30 00:00:00,FAC_rank_vol_m6_n6_pairwise1,4,Q4,0.8806339495730168,0.02322419504935902,9
future_ret_6m,2016-06-30 00:00:00,FAC_rank_vol_m6_n6_pairwise1,5,High,0.9155591535947631,0.007485884516522841,9
future_ret_6m,2016-09-30 00:00:00,FAC_rank_vol_m6_n6_pairwise1,1,Low,0.7469166281396243,0.031468097817219785,10
future_ret_6m,2016-09-30 00:00:00,FAC_rank_vol_m6_n6_pairwise1,2,Q2,0.8132149380949318,0.0049693310224958225,9
future_ret_6m,2016-09-30 00:00:00,FAC_rank_vol_m6_n6_pairwise1,3,Q3,0.8575451325730875,0.030100347909492082,9
future_ret_6m,2016-09-30 00:00:00,FAC_rank_vol_m6_n6_pairwise1,4,Q4,0.8987605853051325,0.025461328783561592,9
future_ret_6m,2016-09-30 00:00:00,FAC_rank_vol_m6_n6_pairwise1,5,High,0.945360278593153,0.022296659351688966,9
future_ret_6m,2016-12-30 00:00:00,FAC_rank_vol_m6_n6_pairwise1,1,Low,0.7662492459529789,0.020546272889832268,12
future_ret_6m,2016-12-30 00:00:00,FAC_rank_vol_m6_n6_pairwise1,2,Q2,0.8393784450386215,0.07785570035750747,12
future_ret_6m,2016-12-30 00:00:00,FAC_rank_vol_m6_n6_pairwise1,3,Q3,0.8769917830268331,0.10337330899710259,11
future_ret_6m,2016-12-30 00:00:00,FAC_rank_vol_m6_n6_pairwise1,4,Q4,0.901584345045217,0.08693221117582146,12
future_ret_6m,2016-12-30 00:00:00,FAC_rank_vol_m6_n6_pairwise1,5,High,0.951153534142981,0.08545578692080517,12
future_ret_6m,2017-03-31 00:00:00,FAC_rank_vol_m6_n6_pairwise1,1,Low,0.7597047780010668,0.06902279567748751,16
future_ret_6m,2017-03-31 00:00:00,FAC_rank_vol_m6_n6_pairwise1,2,Q2,0.8286243213847959,0.08021802931518865,15
future_ret_6m,2017-03-31 00:00:00,FAC_rank_vol_m6_n6_pairwise1,3,Q3,0.8714633162643135,0.08838464170097893,16
future_ret_6m,2017-03-31 00:00:00,FAC_rank_vol_m6_n6_pairwise1,4,Q4,0.8981615381820851,0.0905319718414789,15
future_ret_6m,2017-03-31 00:00:00,FAC_rank_vol_m6_n6_pairwise1,5,High,0.9387603947065117,0.12307782095145758,16
future_ret_6m,2017-06-30 00:00:00,FAC_rank_vol_m6_n6_pairwise1,1,Low,0.7123906308148523,0.1264128793978231,21
future_ret_6m,2017-06-30 00:00:00,FAC_rank_vol_m6_n6_pairwise1,2,Q2,0.8072468185814635,0.11690516703865206,20
future_ret_6m,2017-06-30 00:00:00,FAC_rank_vol_m6_n6_pairwise1,3,Q3,0.8731516547086242,0.10505109714792904,20
future_ret_6m,2017-06-30 00:00:00,FAC_rank_vol_m6_n6_pairwise1,4,Q4,0.9186193823596817,0.10337791396489751,20
future_ret_6m,2017-06-30 00:00:00,FAC_rank_vol_m6_n6_pairwise1,5,High,0.9486323460745792,0.11727993303605025,20
future_ret_6m,2017-09-29 00:00:00,FAC_rank_vol_m6_n6_pairwise1,1,Low,0.7786198495266351,0.01100289471728148,23
future_ret_6m,2017-09-29 00:00:00,FAC_rank_vol_m6_n6_pairwise1,2,Q2,0.8667908524687179,0.022905693739709906,22
future_ret_6m,2017-09-29 00:00:00,FAC_rank_vol_m6_n6_pairwise1,3,Q3,0.9067142124523186,0.001768230349848874,22
future_ret_6m,2017-09-29 00:00:00,FAC_rank_vol_m6_n6_pairwise1,4,Q4,0.935650496070874,0.0484415385146216,22
future_ret_6m,2017-09-29 00:00:00,FAC_rank_vol_m6_n6_pairwise1,5,High,0.9658128911085891,0.03359310094149079,22
future_ret_6m,2017-12-29 00:00:00,FAC_rank_vol_m6_n6_pairwise1,1,Low,0.785478025897128,-0.11254928045345954,24
future_ret_6m,2017-12-29 00:00:00,FAC_rank_vol_m6_n6_pairwise1,2,Q2,0.8494842048670728,-0.07686428824369836,23
future_ret_6m,2017-12-29 00:00:00,FAC_rank_vol_m6_n6_pairwise1,3,Q3,0.8916044263044355,-0.10545379131413712,23
future_ret_6m,2017-12-29 00:00:00,FAC_rank_vol_m6_n6_pairwise1,4,Q4,0.9230059244335957,-0.09242752564527261,23
future_ret_6m,2017-12-29 00:00:00,FAC_rank_vol_m6_n6_pairwise1,5,High,0.9531951466076437,-0.07799264702578432,24
future_ret_6m,2018-03-30 00:00:00,FAC_rank_vol_m6_n6_pairwise1,1,Low,0.7382191843515242,-0.17817939954419565,25
future_ret_6m,2018-03-30 00:00:00,FAC_rank_vol_m6_n6_pairwise1,2,Q2,0.8246603350003892,-0.13649161643464638,25
future_ret_6m,2018-03-30 00:00:00,FAC_rank_vol_m6_n6_pairwise1,3,Q3,0.8706613003663763,-0.14924716981379071,24
future_ret_6m,2018-03-30 00:00:00,FAC_rank_vol_m6_n6_pairwise1,4,Q4,0.9148733786848723,-0.12942506081163122,25
future_ret_6m,2018-03-30 00:00:00,FAC_rank_vol_m6_n6_pairwise1,5,High,0.9439003716629516,-0.10428787593102372,25
future_ret_6m,2018-06-29 00:00:00,FAC_rank_vol_m6_n6_pairwise1,1,Low,0.7047846175894718,-0.14854577626643756,26
future_ret_6m,2018-06-29 00:00:00,FAC_rank_vol_m6_n6_pairwise1,2,Q2,0.8035952976995925,-0.1780433905301832,25
future_ret_6m,2018-06-29 00:00:00,FAC_rank_vol_m6_n6_pairwise1,3,Q3,0.8672558313209098,-0.1750401429475324,25
future_ret_6m,2018-06-29 00:00:00,FAC_rank_vol_m6_n6_pairwise1,4,Q4,0.9107671332435501,-0.17768994738170044,25
future_ret_6m,2018-06-29 00:00:00,FAC_rank_vol_m6_n6_pairwise1,5,High,0.9503200755978684,-0.17690963701448897,26
future_ret_6m,2018-09-28 00:00:00,FAC_rank_vol_m6_n6_pairwise1,1,Low,0.7532117457002279,0.13633495497257853,26
future_ret_6m,2018-09-28 00:00:00,FAC_rank_vol_m6_n6_pairwise1,2,Q2,0.8172881799768716,0.1574756151283466,25
future_ret_6m,2018-09-28 00:00:00,FAC_rank_vol_m6_n6_pairwise1,3,Q3,0.858199106209976,0.13021817637267097,26
future_ret_6m,2018-09-28 00:00:00,FAC_rank_vol_m6_n6_pairwise1,4,Q4,0.8947658773039742,0.14042542970331234,25
future_ret_6m,2018-09-28 00:00:00,FAC_rank_vol_m6_n6_pairwise1,5,High,0.9418845044614534,0.10754231023923112,26
future_ret_6m,2018-12-28 00:00:00,FAC_rank_vol_m6_n6_pairwise1,1,Low,0.6782197729645604,0.31271931076276055,26
future_ret_6m,2018-12-28 00:00:00,FAC_rank_vol_m6_n6_pairwise1,2,Q2,0.7828245623059575,0.2511530191743275,25
future_ret_6m,2018-12-28 00:00:00,FAC_rank_vol_m6_n6_pairwise1,3,Q3,0.8336380738753002,0.2235317871097281,25
future_ret_6m,2018-12-28 00:00:00,FAC_rank_vol_m6_n6_pairwise1,4,Q4,0.8879275777900859,0.23559787782940397,25
future_ret_6m,2018-12-28 00:00:00,FAC_rank_vol_m6_n6_pairwise1,5,High,0.9427619961060949,0.221254329003437,26
future_ret_6m,2019-03-29 00:00:00,FAC_rank_vol_m6_n6_pairwise1,1,Low,0.6805956058246103,0.05152011492489894,26
future_ret_6m,2019-03-29 00:00:00,FAC_rank_vol_m6_n6_pairwise1,2,Q2,0.7682469879547235,0.06895939417207635,25
future_ret_6m,2019-03-29 00:00:00,FAC_rank_vol_m6_n6_pairwise1,3,Q3,0.8318740750552287,0.06295243753758076,25
future_ret_6m,2019-03-29 00:00:00,FAC_rank_vol_m6_n6_pairwise1,4,Q4,0.8831859292948052,0.047057724527850446,25
future_ret_6m,2019-03-29 00:00:00,FAC_rank_vol_m6_n6_pairwise1,5,High,0.9269878048477059,0.05040027540110243,25
future_ret_6m,2019-06-28 00:00:00,FAC_rank_vol_m6_n6_pairwise1,1,Low,0.6737983493346843,0.2018281460241945,28
future_ret_6m,2019-06-28 00:00:00,FAC_rank_vol_m6_n6_pairwise1,2,Q2,0.7694805376262578,0.19081426194028997,27
future_ret_6m,2019-06-28 00:00:00,FAC_rank_vol_m6_n6_pairwise1,3,Q3,0.827803151295719,0.21045856615919886,27
future_ret_6m,2019-06-28 00:00:00,FAC_rank_vol_m6_n6_pairwise1,4,Q4,0.8747699977019942,0.18975447738594686,27
future_ret_6m,2019-06-28 00:00:00,FAC_rank_vol_m6_n6_pairwise1,5,High,0.9320450428197418,0.1880716431862348,28
future_ret_6m,2019-09-30 00:00:00,FAC_rank_vol_m6_n6_pairwise1,1,Low,0.7519391098063599,0.12223439075215078,28
future_ret_6m,2019-09-30 00:00:00,FAC_rank_vol_m6_n6_pairwise1,2,Q2,0.8373907981993723,0.15503316434517594,27
future_ret_6m,2019-09-30 00:00:00,FAC_rank_vol_m6_n6_pairwise1,3,Q3,0.880440687998009,0.1178786458835293,27
future_ret_6m,2019-09-30 00:00:00,FAC_rank_vol_m6_n6_pairwise1,4,Q4,0.9121249696085345,0.1309230801482343,27
future_ret_6m,2019-09-30 00:00:00,FAC_rank_vol_m6_n6_pairwise1,5,High,0.9453737601739217,0.07814025458954123,28
future_ret_6m,2019-12-31 00:00:00,FAC_rank_vol_m6_n6_pairwise1,1,Low,0.7046497666999763,0.3143248861885103,29
future_ret_6m,2019-12-31 00:00:00,FAC_rank_vol_m6_n6_pairwise1,2,Q2,0.8008593373014189,0.3107149671198618,29
future_ret_6m,2019-12-31 00:00:00,FAC_rank_vol_m6_n6_pairwise1,3,Q3,0.8553890136865263,0.32045637719045744,29
future_ret_6m,2019-12-31 00:00:00,FAC_rank_vol_m6_n6_pairwise1,4,Q4,0.8875226640789605,0.3366900631594259,29
future_ret_6m,2019-12-31 00:00:00,FAC_rank_vol_m6_n6_pairwise1,5,High,0.9355964715278872,0.3538493420985891,29
future_ret_6m,2020-03-31 00:00:00,FAC_rank_vol_m6_n6_pairwise1,1,Low,0.7631136528597451,0.43379824993754057,32
future_ret_6m,2020-03-31 00:00:00,FAC_rank_vol_m6_n6_pairwise1,2,Q2,0.8371510178827694,0.4292372025621888,31
future_ret_6m,2020-03-31 00:00:00,FAC_rank_vol_m6_n6_pairwise1,3,Q3,0.8785126010720127,0.4396464592104683,31
future_ret_6m,2020-03-31 00:00:00,FAC_rank_vol_m6_n6_pairwise1,4,Q4,0.9084312805173073,0.41603041236730853,31
future_ret_6m,2020-03-31 00:00:00,FAC_rank_vol_m6_n6_pairwise1,5,High,0.9490981675932699,0.41066662087580486,32
future_ret_6m,2020-06-30 00:00:00,FAC_rank_vol_m6_n6_pairwise1,1,Low,0.754951328790457,0.26367579898735066,34
future_ret_6m,2020-06-30 00:00:00,FAC_rank_vol_m6_n6_pairwise1,2,Q2,0.8413848078820367,0.2579517139071542,33
future_ret_6m,2020-06-30 00:00:00,FAC_rank_vol_m6_n6_pairwise1,3,Q3,0.8826584580320445,0.31352353074380457,34
future_ret_6m,2020-06-30 00:00:00,FAC_rank_vol_m6_n6_pairwise1,4,Q4,0.9104029243660694,0.2789935958844094,33
future_ret_6m,2020-06-30 00:00:00,FAC_rank_vol_m6_n6_pairwise1,5,High,0.9471165257901059,0.25738374401647746,34
future_ret_6m,2020-09-30 00:00:00,FAC_rank_vol_m6_n6_pairwise1,1,Low,0.6763393593035192,0.10528459950203946,36
future_ret_6m,2020-09-30 00:00:00,FAC_rank_vol_m6_n6_pairwise1,2,Q2,0.7717618097070094,0.1045510311177886,36
future_ret_6m,2020-09-30 00:00:00,FAC_rank_vol_m6_n6_pairwise1,3,Q3,0.8301260627887278,0.1136249341674564,35
future_ret_6m,2020-09-30 00:00:00,FAC_rank_vol_m6_n6_pairwise1,4,Q4,0.8737631518722696,0.1052435255050085,36
future_ret_6m,2020-09-30 00:00:00,FAC_rank_vol_m6_n6_pairwise1,5,High,0.9191719370923186,0.10074744932116982,36
future_ret_6m,2020-12-31 00:00:00,FAC_rank_vol_m6_n6_pairwise1,1,Low,0.6531952711919565,0.13841328329217725,38
future_ret_6m,2020-12-31 00:00:00,FAC_rank_vol_m6_n6_pairwise1,2,Q2,0.7991920889355171,0.09326121437459937,38
future_ret_6m,2020-12-31 00:00:00,FAC_rank_vol_m6_n6_pairwise1,3,Q3,0.8454157628393872,0.09568290909350013,38
future_ret_6m,2020-12-31 00:00:00,FAC_rank_vol_m6_n6_pairwise1,4,Q4,0.8880530110815881,0.09801527630290205,38
future_ret_6m,2020-12-31 00:00:00,FAC_rank_vol_m6_n6_pairwise1,5,High,0.9365105857348007,0.07639196651154405,38
future_ret_6m,2021-03-31 00:00:00,FAC_rank_vol_m6_n6_pairwise1,1,Low,0.749339273903865,0.14293212942558078,41
future_ret_6m,2021-03-31 00:00:00,FAC_rank_vol_m6_n6_pairwise1,2,Q2,0.829548622479607,0.10658885261569043,41
future_ret_6m,2021-03-31 00:00:00,FAC_rank_vol_m6_n6_pairwise1,3,Q3,0.879959708124466,0.11553886181076851,41
future_ret_6m,2021-03-31 00:00:00,FAC_rank_vol_m6_n6_pairwise1,4,Q4,0.9137161026506622,0.0721315360015134,41
future_ret_6m,2021-03-31 00:00:00,FAC_rank_vol_m6_n6_pairwise1,5,High,0.9523066913196051,0.10513608374084885,41
future_ret_6m,2021-06-30 00:00:00,FAC_rank_vol_m6_n6_pairwise1,1,Low,0.7005591642787472,-0.07458744794615235,45
future_ret_6m,2021-06-30 00:00:00,FAC_rank_vol_m6_n6_pairwise1,2,Q2,0.7830396992831421,-0.01780894679747008,44
future_ret_6m,2021-06-30 00:00:00,FAC_rank_vol_m6_n6_pairwise1,3,Q3,0.831950040297571,-0.03036951029468253,44
future_ret_6m,2021-06-30 00:00:00,FAC_rank_vol_m6_n6_pairwise1,4,Q4,0.8720087599311533,0.02493461778919827,44
future_ret_6m,2021-06-30 00:00:00,FAC_rank_vol_m6_n6_pairwise1,5,High,0.9263537046530211,0.021582574460156607,45
future_ret_6m,2021-09-30 00:00:00,FAC_rank_vol_m6_n6_pairwise1,1,Low,0.6517972399043431,-0.1535557477209683,49
future_ret_6m,2021-09-30 00:00:00,FAC_rank_vol_m6_n6_pairwise1,2,Q2,0.7586364330225166,-0.1529047690293428,49
future_ret_6m,2021-09-30 00:00:00,FAC_rank_vol_m6_n6_pairwise1,3,Q3,0.8240209231053957,-0.16198460987013127,48
future_ret_6m,2021-09-30 00:00:00,FAC_rank_vol_m6_n6_pairwise1,4,Q4,0.8783994483358484,-0.15598551505582875,49
future_ret_6m,2021-09-30 00:00:00,FAC_rank_vol_m6_n6_pairwise1,5,High,0.9351406008510162,-0.14826859023896857,49
future_ret_6m,2021-12-31 00:00:00,FAC_rank_vol_m6_n6_pairwise1,1,Low,0.8337556271377966,-0.12051895141433704,53
future_ret_6m,2021-12-31 00:00:00,FAC_rank_vol_m6_n6_pairwise1,2,Q2,0.8904095594394102,-0.12226649562122884,52
future_ret_6m,2021-12-31 00:00:00,FAC_rank_vol_m6_n6_pairwise1,3,Q3,0.920142025198126,-0.09285683245289067,53
future_ret_6m,2021-12-31 00:00:00,FAC_rank_vol_m6_n6_pairwise1,4,Q4,0.948059247185425,-0.09778969900979274,52
future_ret_6m,2021-12-31 00:00:00,FAC_rank_vol_m6_n6_pairwise1,5,High,0.9733020517754342,-0.09299885929913362,53
future_ret_6m,2022-03-31 00:00:00,FAC_rank_vol_m6_n6_pairwise1,1,Low,0.6510818660109275,-0.04560067544829034,56
future_ret_6m,2022-03-31 00:00:00,FAC_rank_vol_m6_n6_pairwise1,2,Q2,0.7583856118914183,-0.034261419359435365,55
future_ret_6m,2022-03-31 00:00:00,FAC_rank_vol_m6_n6_pairwise1,3,Q3,0.8152987849203192,-0.03974029136041272,56
future_ret_6m,2022-03-31 00:00:00,FAC_rank_vol_m6_n6_pairwise1,4,Q4,0.8843744449910632,-0.04262619738964551,55
future_ret_6m,2022-03-31 00:00:00,FAC_rank_vol_m6_n6_pairwise1,5,High,0.9341205198908625,-0.0458454984258554,56
future_ret_6m,2022-06-30 00:00:00,FAC_rank_vol_m6_n6_pairwise1,1,Low,0.7488213843744742,-0.09956024215621274,65
future_ret_6m,2022-06-30 00:00:00,FAC_rank_vol_m6_n6_pairwise1,2,Q2,0.8273017949504363,-0.11187965706597827,65
future_ret_6m,2022-06-30 00:00:00,FAC_rank_vol_m6_n6_pairwise1,3,Q3,0.8773212291257416,-0.11067417129239954,65
future_ret_6m,2022-06-30 00:00:00,FAC_rank_vol_m6_n6_pairwise1,4,Q4,0.9152280723979087,-0.0926108763235381,65
future_ret_6m,2022-06-30 00:00:00,FAC_rank_vol_m6_n6_pairwise1,5,High,0.9615361477365484,-0.0727669582027821,65
future_ret_6m,2008-09-26 00:00:00,FAC_rank_vol_m6_n12_pairwise1,1,Low,0.7617232475204411,,1
future_ret_6m,2008-09-26 00:00:00,FAC_rank_vol_m6_n12_pairwise1,2,Q2,0.818601615572459,,1
future_ret_6m,2008-09-26 00:00:00,FAC_rank_vol_m6_n12_pairwise1,3,Q3,0.8690530290806466,,1
future_ret_6m,2008-09-26 00:00:00,FAC_rank_vol_m6_n12_pairwise1,4,Q4,0.884162584540978,,1
future_ret_6m,2008-09-26 00:00:00,FAC_rank_vol_m6_n12_pairwise1,5,High,0.8942414329734406,,1
future_ret_6m,2008-12-31 00:00:00,FAC_rank_vol_m6_n12_pairwise1,1,Low,0.8106610531498808,,2
future_ret_6m,2008-12-31 00:00:00,FAC_rank_vol_m6_n12_pairwise1,2,Q2,0.8561078712038899,,1
future_ret_6m,2008-12-31 00:00:00,FAC_rank_vol_m6_n12_pairwise1,3,Q3,0.8998462542336311,,1
future_ret_6m,2008-12-31 00:00:00,FAC_rank_vol_m6_n12_pairwise1,4,Q4,0.9095505574641226,,1
future_ret_6m,2008-12-31 00:00:00,FAC_rank_vol_m6_n12_pairwise1,5,High,0.9375860241445324,,2
future_ret_6m,2009-03-31 00:00:00,FAC_rank_vol_m6_n12_pairwise1,1,Low,0.8717855733098134,,2
future_ret_6m,2009-03-31 00:00:00,FAC_rank_vol_m6_n12_pairwise1,2,Q2,0.9042094693404509,,1
future_ret_6m,2009-03-31 00:00:00,FAC_rank_vol_m6_n12_pairwise1,3,Q3,0.9129842708233138,,1
future_ret_6m,2009-03-31 00:00:00,FAC_rank_vol_m6_n12_pairwise1,4,Q4,0.9341230654371353,,1
future_ret_6m,2009-03-31 00:00:00,FAC_rank_vol_m6_n12_pairwise1,5,High,0.9478623426397541,,2
future_ret_6m,2009-06-30 00:00:00,FAC_rank_vol_m6_n12_pairwise1,1,Low,0.7660823165607409,,2
future_ret_6m,2009-06-30 00:00:00,FAC_rank_vol_m6_n12_pairwise1,2,Q2,0.8457410903340268,,2
future_ret_6m,2009-06-30 00:00:00,FAC_rank_vol_m6_n12_pairwise1,3,Q3,0.9096929715489592,,2
future_ret_6m,2009-06-30 00:00:00,FAC_rank_vol_m6_n12_pairwise1,4,Q4,0.9473559051778806,,2
future_ret_6m,2009-06-30 00:00:00,FAC_rank_vol_m6_n12_pairwise1,5,High,0.9651616410349059,,2
future_ret_6m,2009-09-30 00:00:00,FAC_rank_vol_m6_n12_pairwise1,1,Low,0.765722674623594,,3
future_ret_6m,2009-09-30 00:00:00,FAC_rank_vol_m6_n12_pairwise1,2,Q2,0.818134052031045,,2
future_ret_6m,2009-09-30 00:00:00,FAC_rank_vol_m6_n12_pairwise1,3,Q3,0.8481977153541134,,2
future_ret_6m,2009-09-30 00:00:00,FAC_rank_vol_m6_n12_pairwise1,4,Q4,0.862092559106201,,2
future_ret_6m,2009-09-30 00:00:00,FAC_rank_vol_m6_n12_pairwise1,5,High,0.9445392909281423,,3
future_ret_6m,2009-12-31 00:00:00,FAC_rank_vol_m6_n12_pairwise1,1,Low,0.7571746965497455,,3
future_ret_6m,2009-12-31 00:00:00,FAC_rank_vol_m6_n12_pairwise1,2,Q2,0.8220337986790416,,2
future_ret_6m,2009-12-31 00:00:00,FAC_rank_vol_m6_n12_pairwise1,3,Q3,0.8958001364224123,,3
future_ret_6m,2009-12-31 00:00:00,FAC_rank_vol_m6_n12_pairwise1,4,Q4,0.9341131857368933,,2
future_ret_6m,2009-12-31 00:00:00,FAC_rank_vol_m6_n12_pairwise1,5,High,0.9749559778022924,,3
future_ret_6m,2010-03-31 00:00:00,FAC_rank_vol_m6_n12_pairwise1,1,Low,0.8087371411697554,,4
future_ret_6m,2010-03-31 00:00:00,FAC_rank_vol_m6_n12_pairwise1,2,Q2,0.8645380381436766,,3
future_ret_6m,2010-03-31 00:00:00,FAC_rank_vol_m6_n12_pairwise1,3,Q3,0.9061530130699348,,3
future_ret_6m,2010-03-31 00:00:00,FAC_rank_vol_m6_n12_pairwise1,4,Q4,0.9304974188327727,,3
future_ret_6m,2010-03-31 00:00:00,FAC_rank_vol_m6_n12_pairwise1,5,High,0.9537576442265493,,3
future_ret_6m,2010-06-30 00:00:00,FAC_rank_vol_m6_n12_pairwise1,1,Low,0.7893629216962565,,4
future_ret_6m,2010-06-30 00:00:00,FAC_rank_vol_m6_n12_pairwise1,2,Q2,0.8841629613983892,,4
future_ret_6m,2010-06-30 00:00:00,FAC_rank_vol_m6_n12_pairwise1,3,Q3,0.9082359494289619,,3
future_ret_6m,2010-06-30 00:00:00,FAC_rank_vol_m6_n12_pairwise1,4,Q4,0.9241637747852376,,4
future_ret_6m,2010-06-30 00:00:00,FAC_rank_vol_m6_n12_pairwise1,5,High,0.9581076112449571,,4
future_ret_6m,2010-09-30 00:00:00,FAC_rank_vol_m6_n12_pairwise1,1,Low,0.816157872027728,,4
future_ret_6m,2010-09-30 00:00:00,FAC_rank_vol_m6_n12_pairwise1,2,Q2,0.8865436109430193,,4
future_ret_6m,2010-09-30 00:00:00,FAC_rank_vol_m6_n12_pairwise1,3,Q3,0.9066958761277377,,4
future_ret_6m,2010-09-30 00:00:00,FAC_rank_vol_m6_n12_pairwise1,4,Q4,0.9262569785179692,,4
future_ret_6m,2010-09-30 00:00:00,FAC_rank_vol_m6_n12_pairwise1,5,High,0.9773057005339221,,4
future_ret_6m,2010-12-31 00:00:00,FAC_rank_vol_m6_n12_pairwise1,1,Low,0.831233084386786,-0.1077235733994187,5
future_ret_6m,2010-12-31 00:00:00,FAC_rank_vol_m6_n12_pairwise1,2,Q2,0.8915623444082335,,4
future_ret_6m,2010-12-31 00:00:00,FAC_rank_vol_m6_n12_pairwise1,3,Q3,0.9296783701240746,,4
future_ret_6m,2010-12-31 00:00:00,FAC_rank_vol_m6_n12_pairwise1,4,Q4,0.9523708272565165,,4
future_ret_6m,2010-12-31 00:00:00,FAC_rank_vol_m6_n12_pairwise1,5,High,0.9795210778628597,,4
future_ret_6m,2011-03-31 00:00:00,FAC_rank_vol_m6_n12_pairwise1,1,Low,0.8324564051792198,,4
future_ret_6m,2011-03-31 00:00:00,FAC_rank_vol_m6_n12_pairwise1,2,Q2,0.8781002412234038,,4
future_ret_6m,2011-03-31 00:00:00,FAC_rank_vol_m6_n12_pairwise1,3,Q3,0.9096958678002942,,4
future_ret_6m,2011-03-31 00:00:00,FAC_rank_vol_m6_n12_pairwise1,4,Q4,0.9363120425849648,,4
future_ret_6m,2011-03-31 00:00:00,FAC_rank_vol_m6_n12_pairwise1,5,High,0.971969024556194,,4
future_ret_6m,2011-06-30 00:00:00,FAC_rank_vol_m6_n12_pairwise1,1,Low,0.7720758370970773,,4
future_ret_6m,2011-06-30 00:00:00,FAC_rank_vol_m6_n12_pairwise1,2,Q2,0.8495818532802828,,4
future_ret_6m,2011-06-30 00:00:00,FAC_rank_vol_m6_n12_pairwise1,3,Q3,0.877072639716929,,3
future_ret_6m,2011-06-30 00:00:00,FAC_rank_vol_m6_n12_pairwise1,4,Q4,0.9350080382780173,,4
future_ret_6m,2011-06-30 00:00:00,FAC_rank_vol_m6_n12_pairwise1,5,High,0.9716763050293543,,4
future_ret_6m,2011-09-30 00:00:00,FAC_rank_vol_m6_n12_pairwise1,1,Low,0.8517591799175398,,4
future_ret_6m,2011-09-30 00:00:00,FAC_rank_vol_m6_n12_pairwise1,2,Q2,0.9193514378094152,,4
future_ret_6m,2011-09-30 00:00:00,FAC_rank_vol_m6_n12_pairwise1,3,Q3,0.9338309520515528,,3
future_ret_6m,2011-09-30 00:00:00,FAC_rank_vol_m6_n12_pairwise1,4,Q4,0.9390584101163959,,4
future_ret_6m,2011-09-30 00:00:00,FAC_rank_vol_m6_n12_pairwise1,5,High,0.9738476298239576,,4
future_ret_6m,2011-12-30 00:00:00,FAC_rank_vol_m6_n12_pairwise1,1,Low,0.7176652203359597,0.03994267370863214,5
future_ret_6m,2011-12-30 00:00:00,FAC_rank_vol_m6_n12_pairwise1,2,Q2,0.7937897036890933,,4
future_ret_6m,2011-12-30 00:00:00,FAC_rank_vol_m6_n12_pairwise1,3,Q3,0.8630028019800025,,4
future_ret_6m,2011-12-30 00:00:00,FAC_rank_vol_m6_n12_pairwise1,4,Q4,0.9068682276879294,,4
future_ret_6m,2011-12-30 00:00:00,FAC_rank_vol_m6_n12_pairwise1,5,High,0.9530378960621974,0.03669440310488019,5
future_ret_6m,2012-03-30 00:00:00,FAC_rank_vol_m6_n12_pairwise1,1,Low,0.7746670979565128,-0.008908542656216744,5
future_ret_6m,2012-03-30 00:00:00,FAC_rank_vol_m6_n12_pairwise1,2,Q2,0.8324953647895438,-0.011919321764934487,5
future_ret_6m,2012-03-30 00:00:00,FAC_rank_vol_m6_n12_pairwise1,3,Q3,0.8765681921647313,,4
future_ret_6m,2012-03-30 00:00:00,FAC_rank_vol_m6_n12_pairwise1,4,Q4,0.8966594081335082,0.044099841397001696,5
future_ret_6m,2012-03-30 00:00:00,FAC_rank_vol_m6_n12_pairwise1,5,High,0.9464636300494613,-0.042378885988087166,5
future_ret_6m,2012-06-29 00:00:00,FAC_rank_vol_m6_n12_pairwise1,1,Low,0.747369966655503,0.04159867085646958,5
future_ret_6m,2012-06-29 00:00:00,FAC_rank_vol_m6_n12_pairwise1,2,Q2,0.854977104136372,-0.002742157456622074,5
future_ret_6m,2012-06-29 00:00:00,FAC_rank_vol_m6_n12_pairwise1,3,Q3,0.8998137145119148,-0.0019282353078084792,5
future_ret_6m,2012-06-29 00:00:00,FAC_rank_vol_m6_n12_pairwise1,4,Q4,0.9404709904982635,0.046185149333592655,5
future_ret_6m,2012-06-29 00:00:00,FAC_rank_vol_m6_n12_pairwise1,5,High,0.971995294859268,0.007766065911650721,5
future_ret_6m,2012-09-28 00:00:00,FAC_rank_vol_m6_n12_pairwise1,1,Low,0.8069868925804563,0.09291102790387203,6
future_ret_6m,2012-09-28 00:00:00,FAC_rank_vol_m6_n12_pairwise1,2,Q2,0.8697430877901315,0.08925009293184712,5
future_ret_6m,2012-09-28 00:00:00,FAC_rank_vol_m6_n12_pairwise1,3,Q3,0.9148805086567062,0.15195665296274724,5
future_ret_6m,2012-09-28 00:00:00,FAC_rank_vol_m6_n12_pairwise1,4,Q4,0.9395237314922043,0.13737094808467373,5
future_ret_6m,2012-09-28 00:00:00,FAC_rank_vol_m6_n12_pairwise1,5,High,0.9624354682028725,0.1140344312620281,5
future_ret_6m,2012-12-31 00:00:00,FAC_rank_vol_m6_n12_pairwise1,1,Low,0.7857325956037966,0.05977410787409354,7
future_ret_6m,2012-12-31 00:00:00,FAC_rank_vol_m6_n12_pairwise1,2,Q2,0.8503926200969297,-0.014013700601431275,6
future_ret_6m,2012-12-31 00:00:00,FAC_rank_vol_m6_n12_pairwise1,3,Q3,0.8855398237538831,0.0771956352267788,6
future_ret_6m,2012-12-31 00:00:00,FAC_rank_vol_m6_n12_pairwise1,4,Q4,0.9210357304262847,0.10439575326041561,6
future_ret_6m,2012-12-31 00:00:00,FAC_rank_vol_m6_n12_pairwise1,5,High,0.9460307353539145,0.1342278953643226,6
future_ret_6m,2013-03-29 00:00:00,FAC_rank_vol_m6_n12_pairwise1,1,Low,0.7680196215681232,0.2153237545540819,7
future_ret_6m,2013-03-29 00:00:00,FAC_rank_vol_m6_n12_pairwise1,2,Q2,0.8528963809470245,0.20368743278252383,7
future_ret_6m,2013-03-29 00:00:00,FAC_rank_vol_m6_n12_pairwise1,3,Q3,0.8812662504976229,0.15083495939179456,7
future_ret_6m,2013-03-29 00:00:00,FAC_rank_vol_m6_n12_pairwise1,4,Q4,0.9120747925580863,0.12502478378848703,7
future_ret_6m,2013-03-29 00:00:00,FAC_rank_vol_m6_n12_pairwise1,5,High,0.9579970165842173,0.13050063723045197,7
future_ret_6m,2013-06-28 00:00:00,FAC_rank_vol_m6_n12_pairwise1,1,Low,0.82176533204919,0.10678727927531487,8
future_ret_6m,2013-06-28 00:00:00,FAC_rank_vol_m6_n12_pairwise1,2,Q2,0.8667206414912189,0.13289164813997428,8
future_ret_6m,2013-06-28 00:00:00,FAC_rank_vol_m6_n12_pairwise1,3,Q3,0.8917820826933462,0.09951269768874521,8
future_ret_6m,2013-06-28 00:00:00,FAC_rank_vol_m6_n12_pairwise1,4,Q4,0.9350085947904865,0.08996198955680332,8
future_ret_6m,2013-06-28 00:00:00,FAC_rank_vol_m6_n12_pairwise1,5,High,0.9765048112813972,0.09349857318802479,8
future_ret_6m,2013-09-30 00:00:00,FAC_rank_vol_m6_n12_pairwise1,1,Low,0.7714604046663284,-0.10736324623360644,9
future_ret_6m,2013-09-30 00:00:00,FAC_rank_vol_m6_n12_pairwise1,2,Q2,0.8753236815253229,-0.03790172655678535,8
future_ret_6m,2013-09-30 00:00:00,FAC_rank_vol_m6_n12_pairwise1,3,Q3,0.91881928205354,-0.07688921289605731,9
future_ret_6m,2013-09-30 00:00:00,FAC_rank_vol_m6_n12_pairwise1,4,Q4,0.9525830061661201,-0.08955649255193236,8
future_ret_6m,2013-09-30 00:00:00,FAC_rank_vol_m6_n12_pairwise1,5,High,0.9736793412952053,-0.12125558394994457,9
future_ret_6m,2013-12-31 00:00:00,FAC_rank_vol_m6_n12_pairwise1,1,Low,0.8685906185953479,-0.004854475529098706,10
future_ret_6m,2013-12-31 00:00:00,FAC_rank_vol_m6_n12_pairwise1,2,Q2,0.9078754806291851,0.010294844160033309,9
future_ret_6m,2013-12-31 00:00:00,FAC_rank_vol_m6_n12_pairwise1,3,Q3,0.9298833332479387,-0.0170839672788239,9
future_ret_6m,2013-12-31 00:00:00,FAC_rank_vol_m6_n12_pairwise1,4,Q4,0.9552477086340624,-0.03404517026558093,9
future_ret_6m,2013-12-31 00:00:00,FAC_rank_vol_m6_n12_pairwise1,5,High,0.991646604892058,-0.016794805945882618,9
future_ret_6m,2014-03-31 00:00:00,FAC_rank_vol_m6_n12_pairwise1,1,Low,0.800449483997277,0.2163422042141562,9
future_ret_6m,2014-03-31 00:00:00,FAC_rank_vol_m6_n12_pairwise1,2,Q2,0.8665307050289299,0.1716525242524639,9
future_ret_6m,2014-03-31 00:00:00,FAC_rank_vol_m6_n12_pairwise1,3,Q3,0.8933905011371187,0.2060460857157294,9
future_ret_6m,2014-03-31 00:00:00,FAC_rank_vol_m6_n12_pairwise1,4,Q4,0.9425057169178941,0.15328908935156785,9
future_ret_6m,2014-03-31 00:00:00,FAC_rank_vol_m6_n12_pairwise1,5,High,0.98223769263868,0.16937478592329827,9
future_ret_6m,2014-06-30 00:00:00,FAC_rank_vol_m6_n12_pairwise1,1,Low,0.8306041804235409,0.28814602449511006,10
future_ret_6m,2014-06-30 00:00:00,FAC_rank_vol_m6_n12_pairwise1,2,Q2,0.8870266644745588,0.2419237137077944,9
future_ret_6m,2014-06-30 00:00:00,FAC_rank_vol_m6_n12_pairwise1,3,Q3,0.9188871529138016,0.2674071830743575,10
future_ret_6m,2014-06-30 00:00:00,FAC_rank_vol_m6_n12_pairwise1,4,Q4,0.9394488338636129,0.17592403414155164,9
future_ret_6m,2014-06-30 00:00:00,FAC_rank_vol_m6_n12_pairwise1,5,High,0.9638254580907208,0.22900976775575402,10
future_ret_6m,2014-09-30 00:00:00,FAC_rank_vol_m6_n12_pairwise1,1,Low,0.7766732565169167,0.40923488346684544,10
future_ret_6m,2014-09-30 00:00:00,FAC_rank_vol_m6_n12_pairwise1,2,Q2,0.8704069478835901,0.4722167472658298,9
future_ret_6m,2014-09-30 00:00:00,FAC_rank_vol_m6_n12_pairwise1,3,Q3,0.9066752830077428,0.4676239287477409,10
future_ret_6m,2014-09-30 00:00:00,FAC_rank_vol_m6_n12_pairwise1,4,Q4,0.933884031099702,0.49986601432266325,9
future_ret_6m,2014-09-30 00:00:00,FAC_rank_vol_m6_n12_pairwise1,5,High,0.9601977116346196,0.47327873186762204,10
future_ret_6m,2014-12-31 00:00:00,FAC_rank_vol_m6_n12_pairwise1,1,Low,0.7852997736610647,0.604457551553241,9
future_ret_6m,2014-12-31 00:00:00,FAC_rank_vol_m6_n12_pairwise1,2,Q2,0.8608401819730673,0.6004456774629664,8
future_ret_6m,2014-12-31 00:00:00,FAC_rank_vol_m6_n12_pairwise1,3,Q3,0.9028223231236735,0.5930463992423232,8
future_ret_6m,2014-12-31 00:00:00,FAC_rank_vol_m6_n12_pairwise1,4,Q4,0.9384767270776083,0.6299705494092062,8
future_ret_6m,2014-12-31 00:00:00,FAC_rank_vol_m6_n12_pairwise1,5,High,0.9717945193207308,0.5981448373144729,8
future_ret_6m,2015-03-31 00:00:00,FAC_rank_vol_m6_n12_pairwise1,1,Low,0.7488718345167695,-0.17173429256106043,8
future_ret_6m,2015-03-31 00:00:00,FAC_rank_vol_m6_n12_pairwise1,2,Q2,0.8216701178223352,-0.12185370956092252,7
future_ret_6m,2015-03-31 00:00:00,FAC_rank_vol_m6_n12_pairwise1,3,Q3,0.852794849678556,-0.10940928679280167,7
future_ret_6m,2015-03-31 00:00:00,FAC_rank_vol_m6_n12_pairwise1,4,Q4,0.9047019934908251,-0.06436617911273747,7
future_ret_6m,2015-03-31 00:00:00,FAC_rank_vol_m6_n12_pairwise1,5,High,0.9616034047251197,-0.125900689445992,7
future_ret_6m,2015-06-30 00:00:00,FAC_rank_vol_m6_n12_pairwise1,1,Low,0.7539137750645114,-0.039147645025211585,6
future_ret_6m,2015-06-30 00:00:00,FAC_rank_vol_m6_n12_pairwise1,2,Q2,0.8195210628509206,0.017571267959954496,5
future_ret_6m,2015-06-30 00:00:00,FAC_rank_vol_m6_n12_pairwise1,3,Q3,0.8780627700920436,-0.05516880758889782,5
future_ret_6m,2015-06-30 00:00:00,FAC_rank_vol_m6_n12_pairwise1,4,Q4,0.9017582729941733,-0.07992941280043667,5
future_ret_6m,2015-06-30 00:00:00,FAC_rank_vol_m6_n12_pairwise1,5,High,0.9421408683727611,-0.06591136968272078,5
future_ret_6m,2015-09-30 00:00:00,FAC_rank_vol_m6_n12_pairwise1,1,Low,0.6668133761943426,0.13476647947520076,5
future_ret_6m,2015-09-30 00:00:00,FAC_rank_vol_m6_n12_pairwise1,2,Q2,0.7688772482961376,0.12950718531393304,5
future_ret_6m,2015-09-30 00:00:00,FAC_rank_vol_m6_n12_pairwise1,3,Q3,0.8364636317988352,,4
future_ret_6m,2015-09-30 00:00:00,FAC_rank_vol_m6_n12_pairwise1,4,Q4,0.8782927476617459,0.061641833477401375,5
future_ret_6m,2015-09-30 00:00:00,FAC_rank_vol_m6_n12_pairwise1,5,High,0.941647407395634,0.0765731174530702,5
future_ret_6m,2015-12-31 00:00:00,FAC_rank_vol_m6_n12_pairwise1,1,Low,0.7690559427509064,-0.09771680938720533,6
future_ret_6m,2015-12-31 00:00:00,FAC_rank_vol_m6_n12_pairwise1,2,Q2,0.8145439753280582,-0.13250701780399704,5
future_ret_6m,2015-12-31 00:00:00,FAC_rank_vol_m6_n12_pairwise1,3,Q3,0.8704855149669791,-0.15594650515595593,5
future_ret_6m,2015-12-31 00:00:00,FAC_rank_vol_m6_n12_pairwise1,4,Q4,0.9141717199993881,-0.11115091191232736,5
future_ret_6m,2015-12-31 00:00:00,FAC_rank_vol_m6_n12_pairwise1,5,High,0.9423589417443256,-0.132209975809595,6
future_ret_6m,2016-03-31 00:00:00,FAC_rank_vol_m6_n12_pairwise1,1,Low,0.727652233588559,0.014933565174683663,7
future_ret_6m,2016-03-31 00:00:00,FAC_rank_vol_m6_n12_pairwise1,2,Q2,0.8143251765711416,0.06259318938102724,6
future_ret_6m,2016-03-31 00:00:00,FAC_rank_vol_m6_n12_pairwise1,3,Q3,0.8704915074951286,0.057760702290998556,6
future_ret_6m,2016-03-31 00:00:00,FAC_rank_vol_m6_n12_pairwise1,4,Q4,0.9082658631246031,0.07654434276835405,6
future_ret_6m,2016-03-31 00:00:00,FAC_rank_vol_m6_n12_pairwise1,5,High,0.9650307530483725,0.07276364757617149,6
future_ret_6m,2016-06-30 00:00:00,FAC_rank_vol_m6_n12_pairwise1,1,Low,0.792441391386415,0.0004739033557017436,7
future_ret_6m,2016-06-30 00:00:00,FAC_rank_vol_m6_n12_pairwise1,2,Q2,0.8918171534756513,-0.026561439517610363,6
future_ret_6m,2016-06-30 00:00:00,FAC_rank_vol_m6_n12_pairwise1,3,Q3,0.9151556472001493,0.00034240530830220717,6
future_ret_6m,2016-06-30 00:00:00,FAC_rank_vol_m6_n12_pairwise1,4,Q4,0.9341590341174761,0.006772770660974463,6
future_ret_6m,2016-06-30 00:00:00,FAC_rank_vol_m6_n12_pairwise1,5,High,0.9741657366760934,0.012513609911886023,7
future_ret_6m,2016-09-30 00:00:00,FAC_rank_vol_m6_n12_pairwise1,1,Low,0.7847385402526817,0.008140105247839178,7
future_ret_6m,2016-09-30 00:00:00,FAC_rank_vol_m6_n12_pairwise1,2,Q2,0.866322766698182,-0.009916218500672353,7
future_ret_6m,2016-09-30 00:00:00,FAC_rank_vol_m6_n12_pairwise1,3,Q3,0.895307599595431,0.023553321283904267,6
future_ret_6m,2016-09-30 00:00:00,FAC_rank_vol_m6_n12_pairwise1,4,Q4,0.9229455804203128,0.022684689808614246,7
future_ret_6m,2016-09-30 00:00:00,FAC_rank_vol_m6_n12_pairwise1,5,High,0.9652734230846056,0.015313142758646956,7
future_ret_6m,2016-12-30 00:00:00,FAC_rank_vol_m6_n12_pairwise1,1,Low,0.7642084228768445,0.05869871175565369,8
future_ret_6m,2016-12-30 00:00:00,FAC_rank_vol_m6_n12_pairwise1,2,Q2,0.8688479583676674,0.0655932967427809,7
future_ret_6m,2016-12-30 00:00:00,FAC_rank_vol_m6_n12_pairwise1,3,Q3,0.9095632130771495,0.13347567185791534,8
future_ret_6m,2016-12-30 00:00:00,FAC_rank_vol_m6_n12_pairwise1,4,Q4,0.9237084113782316,0.037335037873880386,7
future_ret_6m,2016-12-30 00:00:00,FAC_rank_vol_m6_n12_pairwise1,5,High,0.9521217919661444,0.03445573167502437,8
future_ret_6m,2017-03-31 00:00:00,FAC_rank_vol_m6_n12_pairwise1,1,Low,0.7903782430549404,0.10257329509987453,8
future_ret_6m,2017-03-31 00:00:00,FAC_rank_vol_m6_n12_pairwise1,2,Q2,0.8695276094356824,0.1128651444776896,8
future_ret_6m,2017-03-31 00:00:00,FAC_rank_vol_m6_n12_pairwise1,3,Q3,0.8950479017677825,0.07158110742501222,7
future_ret_6m,2017-03-31 00:00:00,FAC_rank_vol_m6_n12_pairwise1,4,Q4,0.9243476273434472,0.11548073528782823,8
future_ret_6m,2017-03-31 00:00:00,FAC_rank_vol_m6_n12_pairwise1,5,High,0.9715403260944846,0.08970585942058293,8
future_ret_6m,2017-06-30 00:00:00,FAC_rank_vol_m6_n12_pairwise1,1,Low,0.7429704466022011,0.08774437161951477,10
future_ret_6m,2017-06-30 00:00:00,FAC_rank_vol_m6_n12_pairwise1,2,Q2,0.850776579396999,0.1177469521962863,9
future_ret_6m,2017-06-30 00:00:00,FAC_rank_vol_m6_n12_pairwise1,3,Q3,0.886878138493908,0.10702920847199564,9
future_ret_6m,2017-06-30 00:00:00,FAC_rank_vol_m6_n12_pairwise1,4,Q4,0.9197984437432188,0.09533477441507802,9
future_ret_6m,2017-06-30 00:00:00,FAC_rank_vol_m6_n12_pairwise1,5,High,0.9590172643163465,0.12764415800320078,10
future_ret_6m,2017-09-29 00:00:00,FAC_rank_vol_m6_n12_pairwise1,1,Low,0.8020674515324425,0.006209816942949983,14
future_ret_6m,2017-09-29 00:00:00,FAC_rank_vol_m6_n12_pairwise1,2,Q2,0.8932060459130949,-0.007948660551794585,13
future_ret_6m,2017-09-29 00:00:00,FAC_rank_vol_m6_n12_pairwise1,3,Q3,0.9235484351057056,0.03942662440291992,14
future_ret_6m,2017-09-29 00:00:00,FAC_rank_vol_m6_n12_pairwise1,4,Q4,0.9470538149028656,0.032895473898061404,13
future_ret_6m,2017-09-29 00:00:00,FAC_rank_vol_m6_n12_pairwise1,5,High,0.9692202019983148,0.03738925602669087,14
future_ret_6m,2017-12-29 00:00:00,FAC_rank_vol_m6_n12_pairwise1,1,Low,0.8322880558757308,-0.11910990202867226,18
future_ret_6m,2017-12-29 00:00:00,FAC_rank_vol_m6_n12_pairwise1,2,Q2,0.8969290457986434,-0.0862809261022615,18
future_ret_6m,2017-12-29 00:00:00,FAC_rank_vol_m6_n12_pairwise1,3,Q3,0.9361125762785083,-0.06579257048397251,17
future_ret_6m,2017-12-29 00:00:00,FAC_rank_vol_m6_n12_pairwise1,4,Q4,0.9538156627558353,-0.10977241724712562,18
future_ret_6m,2017-12-29 00:00:00,FAC_rank_vol_m6_n12_pairwise1,5,High,0.9752270063525462,-0.08143125687888435,18
future_ret_6m,2018-03-30 00:00:00,FAC_rank_vol_m6_n12_pairwise1,1,Low,0.8455825786195228,-0.1785534440470385,19
future_ret_6m,2018-03-30 00:00:00,FAC_rank_vol_m6_n12_pairwise1,2,Q2,0.904517708401914,-0.125357638696733,19
future_ret_6m,2018-03-30 00:00:00,FAC_rank_vol_m6_n12_pairwise1,3,Q3,0.930057487047981,-0.1577885108116221,19
future_ret_6m,2018-03-30 00:00:00,FAC_rank_vol_m6_n12_pairwise1,4,Q4,0.9494872844276978,-0.14748544785018036,19
future_ret_6m,2018-03-30 00:00:00,FAC_rank_vol_m6_n12_pairwise1,5,High,0.9790725700346689,-0.09740433142491545,19
future_ret_6m,2018-06-29 00:00:00,FAC_rank_vol_m6_n12_pairwise1,1,Low,0.7872938803933813,-0.2246017224485088,21
future_ret_6m,2018-06-29 00:00:00,FAC_rank_vol_m6_n12_pairwise1,2,Q2,0.8653318057558899,-0.18629129848306747,20
future_ret_6m,2018-06-29 00:00:00,FAC_rank_vol_m6_n12_pairwise1,3,Q3,0.9095044850416757,-0.19002938503333727,20
future_ret_6m,2018-06-29 00:00:00,FAC_rank_vol_m6_n12_pairwise1,4,Q4,0.9293686158470242,-0.18063264023688808,20
future_ret_6m,2018-06-29 00:00:00,FAC_rank_vol_m6_n12_pairwise1,5,High,0.9611334667015476,-0.17809763888844277,20
future_ret_6m,2018-09-28 00:00:00,FAC_rank_vol_m6_n12_pairwise1,1,Low,0.7717750893163265,0.12534050661444374,22
future_ret_6m,2018-09-28 00:00:00,FAC_rank_vol_m6_n12_pairwise1,2,Q2,0.874238729699835,0.1459178960584392,21
future_ret_6m,2018-09-28 00:00:00,FAC_rank_vol_m6_n12_pairwise1,3,Q3,0.915553315276781,0.14849874147475428,22
future_ret_6m,2018-09-28 00:00:00,FAC_rank_vol_m6_n12_pairwise1,4,Q4,0.9422443087669861,0.10337267340252719,21
future_ret_6m,2018-09-28 00:00:00,FAC_rank_vol_m6_n12_pairwise1,5,High,0.9745685160256016,0.1331112682165516,22
future_ret_6m,2018-12-28 00:00:00,FAC_rank_vol_m6_n12_pairwise1,1,Low,0.794032547375707,0.3191565092393527,22
future_ret_6m,2018-12-28 00:00:00,FAC_rank_vol_m6_n12_pairwise1,2,Q2,0.871119112608611,0.21567555343570474,21
future_ret_6m,2018-12-28 00:00:00,FAC_rank_vol_m6_n12_pairwise1,3,Q3,0.9084644212222553,0.27204036011766286,22
future_ret_6m,2018-12-28 00:00:00,FAC_rank_vol_m6_n12_pairwise1,4,Q4,0.9351992395850746,0.27246790701175266,21
future_ret_6m,2018-12-28 00:00:00,FAC_rank_vol_m6_n12_pairwise1,5,High,0.9642612006959975,0.23033562711110678,22
future_ret_6m,2019-03-29 00:00:00,FAC_rank_vol_m6_n12_pairwise1,1,Low,0.8026072261399526,0.06653641367865924,22
future_ret_6m,2019-03-29 00:00:00,FAC_rank_vol_m6_n12_pairwise1,2,Q2,0.8571431015562402,0.0777999241059317,21
future_ret_6m,2019-03-29 00:00:00,FAC_rank_vol_m6_n12_pairwise1,3,Q3,0.8921008450334937,0.07310613756982208,21
future_ret_6m,2019-03-29 00:00:00,FAC_rank_vol_m6_n12_pairwise1,4,Q4,0.9223764159334312,0.04285476481384082,21
future_ret_6m,2019-03-29 00:00:00,FAC_rank_vol_m6_n12_pairwise1,5,High,0.9577498828638724,0.058670375080725326,22
future_ret_6m,2019-06-28 00:00:00,FAC_rank_vol_m6_n12_pairwise1,1,Low,0.7633682327401131,0.15484639543083353,22
future_ret_6m,2019-06-28 00:00:00,FAC_rank_vol_m6_n12_pairwise1,2,Q2,0.8413278624062659,0.17283360641175455,22
future_ret_6m,2019-06-28 00:00:00,FAC_rank_vol_m6_n12_pairwise1,3,Q3,0.88462908261541,0.1870840826066593,22
future_ret_6m,2019-06-28 00:00:00,FAC_rank_vol_m6_n12_pairwise1,4,Q4,0.9185117064145127,0.15462196900174222,22
future_ret_6m,2019-06-28 00:00:00,FAC_rank_vol_m6_n12_pairwise1,5,High,0.9552259315477815,0.18487893251714685,22
future_ret_6m,2019-09-30 00:00:00,FAC_rank_vol_m6_n12_pairwise1,1,Low,0.7644731781277664,0.09875837551936308,22
future_ret_6m,2019-09-30 00:00:00,FAC_rank_vol_m6_n12_pairwise1,2,Q2,0.8494497819382224,0.08823004222704396,22
future_ret_6m,2019-09-30 00:00:00,FAC_rank_vol_m6_n12_pairwise1,3,Q3,0.9003213463442343,0.10947829862668966,22
future_ret_6m,2019-09-30 00:00:00,FAC_rank_vol_m6_n12_pairwise1,4,Q4,0.9343045598559802,0.10854050970301943,22
future_ret_6m,2019-09-30 00:00:00,FAC_rank_vol_m6_n12_pairwise1,5,High,0.9693649503360454,0.08152345381895836,22
future_ret_6m,2019-12-31 00:00:00,FAC_rank_vol_m6_n12_pairwise1,1,Low,0.8007258482657024,0.38029957154378097,24
future_ret_6m,2019-12-31 00:00:00,FAC_rank_vol_m6_n12_pairwise1,2,Q2,0.8694393000249554,0.341679333389801,24
future_ret_6m,2019-12-31 00:00:00,FAC_rank_vol_m6_n12_pairwise1,3,Q3,0.9030580813064565,0.31615279500785193,24
future_ret_6m,2019-12-31 00:00:00,FAC_rank_vol_m6_n12_pairwise1,4,Q4,0.9306115416946902,0.24893465048666683,24
future_ret_6m,2019-12-31 00:00:00,FAC_rank_vol_m6_n12_pairwise1,5,High,0.9580353363749174,0.2683880028254756,24
future_ret_6m,2020-03-31 00:00:00,FAC_rank_vol_m6_n12_pairwise1,1,Low,0.7669941220209923,0.4559937861899883,26
future_ret_6m,2020-03-31 00:00:00,FAC_rank_vol_m6_n12_pairwise1,2,Q2,0.8566225318362649,0.40810035505612285,25
future_ret_6m,2020-03-31 00:00:00,FAC_rank_vol_m6_n12_pairwise1,3,Q3,0.8930374564682549,0.40918671201075646,25
future_ret_6m,2020-03-31 00:00:00,FAC_rank_vol_m6_n12_pairwise1,4,Q4,0.9226220163710981,0.43487238371080367,25
future_ret_6m,2020-03-31 00:00:00,FAC_rank_vol_m6_n12_pairwise1,5,High,0.9605449476336202,0.4464823137880196,25
future_ret_6m,2020-06-30 00:00:00,FAC_rank_vol_m6_n12_pairwise1,1,Low,0.844247616487107,0.27117446553184377,26
future_ret_6m,2020-06-30 00:00:00,FAC_rank_vol_m6_n12_pairwise1,2,Q2,0.8927130126279696,0.29633011335680925,26
future_ret_6m,2020-06-30 00:00:00,FAC_rank_vol_m6_n12_pairwise1,3,Q3,0.9206923924821893,0.3115166538911931,25
future_ret_6m,2020-06-30 00:00:00,FAC_rank_vol_m6_n12_pairwise1,4,Q4,0.945979980409998,0.26133150571854913,26
future_ret_6m,2020-06-30 00:00:00,FAC_rank_vol_m6_n12_pairwise1,5,High,0.9722543309202606,0.21280382950321539,26
future_ret_6m,2020-09-30 00:00:00,FAC_rank_vol_m6_n12_pairwise1,1,Low,0.8225579323739076,0.10498152391355878,29
future_ret_6m,2020-09-30 00:00:00,FAC_rank_vol_m6_n12_pairwise1,2,Q2,0.8846226590490641,0.11101204339576018,28
future_ret_6m,2020-09-30 00:00:00,FAC_rank_vol_m6_n12_pairwise1,3,Q3,0.9175972301988391,0.10496366767061799,29
future_ret_6m,2020-09-30 00:00:00,FAC_rank_vol_m6_n12_pairwise1,4,Q4,0.941392931993275,0.09380862235705224,28
future_ret_6m,2020-09-30 00:00:00,FAC_rank_vol_m6_n12_pairwise1,5,High,0.9666561007234692,0.10225708430718795,29
future_ret_6m,2020-12-31 00:00:00,FAC_rank_vol_m6_n12_pairwise1,1,Low,0.7756136761424359,0.0828519988176162,31
future_ret_6m,2020-12-31 00:00:00,FAC_rank_vol_m6_n12_pairwise1,2,Q2,0.8395218967812703,0.10858217626986617,31
future_ret_6m,2020-12-31 00:00:00,FAC_rank_vol_m6_n12_pairwise1,3,Q3,0.881351912133178,0.1268555302975278,30
future_ret_6m,2020-12-31 00:00:00,FAC_rank_vol_m6_n12_pairwise1,4,Q4,0.9144173175971817,0.09667630481089,31
future_ret_6m,2020-12-31 00:00:00,FAC_rank_vol_m6_n12_pairwise1,5,High,0.9526419442533595,0.10808300528273161,31
future_ret_6m,2021-03-31 00:00:00,FAC_rank_vol_m6_n12_pairwise1,1,Low,0.7636594222093249,0.05375425292321097,33
future_ret_6m,2021-03-31 00:00:00,FAC_rank_vol_m6_n12_pairwise1,2,Q2,0.831585115979204,0.12795344576473883,32
future_ret_6m,2021-03-31 00:00:00,FAC_rank_vol_m6_n12_pairwise1,3,Q3,0.880925090787931,0.1051123275713928,32
future_ret_6m,2021-03-31 00:00:00,FAC_rank_vol_m6_n12_pairwise1,4,Q4,0.9186104017395578,0.04844342245433676,32
future_ret_6m,2021-03-31 00:00:00,FAC_rank_vol_m6_n12_pairwise1,5,High,0.9599225065602289,0.14582283237105398,32
future_ret_6m,2021-06-30 00:00:00,FAC_rank_vol_m6_n12_pairwise1,1,Low,0.8214946260877826,-0.03943525644229228,35
future_ret_6m,2021-06-30 00:00:00,FAC_rank_vol_m6_n12_pairwise1,2,Q2,0.8873707497590003,-0.02631127004416659,34
future_ret_6m,2021-06-30 00:00:00,FAC_rank_vol_m6_n12_pairwise1,3,Q3,0.9178509032315901,-0.0071073787729187135,34
future_ret_6m,2021-06-30 00:00:00,FAC_rank_vol_m6_n12_pairwise1,4,Q4,0.9400523338590763,0.0028924170481814115,34
future_ret_6m,2021-06-30 00:00:00,FAC_rank_vol_m6_n12_pairwise1,5,High,0.9754336494047581,-0.03117588232935246,35
future_ret_6m,2021-09-30 00:00:00,FAC_rank_vol_m6_n12_pairwise1,1,Low,0.6976428233102203,-0.16821352102296777,38
future_ret_6m,2021-09-30 00:00:00,FAC_rank_vol_m6_n12_pairwise1,2,Q2,0.8068503749269246,-0.1585656754712851,38
future_ret_6m,2021-09-30 00:00:00,FAC_rank_vol_m6_n12_pairwise1,3,Q3,0.8664982974350899,-0.13065334557909597,38
future_ret_6m,2021-09-30 00:00:00,FAC_rank_vol_m6_n12_pairwise1,4,Q4,0.9060987750195432,-0.13639586029274667,38
future_ret_6m,2021-09-30 00:00:00,FAC_rank_vol_m6_n12_pairwise1,5,High,0.958927844472566,-0.14703785358200977,38
future_ret_6m,2021-12-31 00:00:00,FAC_rank_vol_m6_n12_pairwise1,1,Low,0.8399117575471784,-0.07907184547749868,40
future_ret_6m,2021-12-31 00:00:00,FAC_rank_vol_m6_n12_pairwise1,2,Q2,0.8919405679732518,-0.10277559870196853,39
future_ret_6m,2021-12-31 00:00:00,FAC_rank_vol_m6_n12_pairwise1,3,Q3,0.9187973126875298,-0.10573385096567452,39
future_ret_6m,2021-12-31 00:00:00,FAC_rank_vol_m6_n12_pairwise1,4,Q4,0.9423272433428073,-0.11098358866471572,39
future_ret_6m,2021-12-31 00:00:00,FAC_rank_vol_m6_n12_pairwise1,5,High,0.9739587425480628,-0.0996838124999331,39
future_ret_6m,2022-03-31 00:00:00,FAC_rank_vol_m6_n12_pairwise1,1,Low,0.828502136103324,-0.060003303642941354,43
future_ret_6m,2022-03-31 00:00:00,FAC_rank_vol_m6_n12_pairwise1,2,Q2,0.8921368593828094,-0.046069968821410054,42
future_ret_6m,2022-03-31 00:00:00,FAC_rank_vol_m6_n12_pairwise1,3,Q3,0.9210633534201075,-0.03474696336359741,42
future_ret_6m,2022-03-31 00:00:00,FAC_rank_vol_m6_n12_pairwise1,4,Q4,0.9438686195665295,-0.02598316966998629,42
future_ret_6m,2022-03-31 00:00:00,FAC_rank_vol_m6_n12_pairwise1,5,High,0.9726296945024172,-0.052930357350041826,42
future_ret_6m,2022-06-30 00:00:00,FAC_rank_vol_m6_n12_pairwise1,1,Low,0.8641035306146864,-0.14106574662526664,48
future_ret_6m,2022-06-30 00:00:00,FAC_rank_vol_m6_n12_pairwise1,2,Q2,0.9119924224757319,-0.12871047695314772,48
future_ret_6m,2022-06-30 00:00:00,FAC_rank_vol_m6_n12_pairwise1,3,Q3,0.9350979914086489,-0.12141115318857672,48
future_ret_6m,2022-06-30 00:00:00,FAC_rank_vol_m6_n12_pairwise1,4,Q4,0.9533106536200796,-0.1127434612392667,48
future_ret_6m,2022-06-30 00:00:00,FAC_rank_vol_m6_n12_pairwise1,5,High,0.9737221736760655,-0.12143723386317011,48
future_ret_6m,2008-09-26 00:00:00,FAC_rank_vol_m12_n6_pairwise1,1,Low,0.5964886897065144,,1
future_ret_6m,2008-09-26 00:00:00,FAC_rank_vol_m12_n6_pairwise1,2,Q2,0.6485254602363677,,1
future_ret_6m,2008-09-26 00:00:00,FAC_rank_vol_m12_n6_pairwise1,3,Q3,0.7593969497367907,,1
future_ret_6m,2008-09-26 00:00:00,FAC_rank_vol_m12_n6_pairwise1,4,Q4,0.7879088285501369,,1
future_ret_6m,2008-09-26 00:00:00,FAC_rank_vol_m12_n6_pairwise1,5,High,0.8065014059456246,,1
future_ret_6m,2008-12-31 00:00:00,FAC_rank_vol_m12_n6_pairwise1,1,Low,0.7653822439057716,,2
future_ret_6m,2008-12-31 00:00:00,FAC_rank_vol_m12_n6_pairwise1,2,Q2,0.7758262279060565,,1
future_ret_6m,2008-12-31 00:00:00,FAC_rank_vol_m12_n6_pairwise1,3,Q3,0.7918649958227993,,1
future_ret_6m,2008-12-31 00:00:00,FAC_rank_vol_m12_n6_pairwise1,4,Q4,0.8003198102265935,,1
future_ret_6m,2008-12-31 00:00:00,FAC_rank_vol_m12_n6_pairwise1,5,High,0.8256497599352833,,2
future_ret_6m,2009-03-31 00:00:00,FAC_rank_vol_m12_n6_pairwise1,1,Low,0.7228609990512067,,2
future_ret_6m,2009-03-31 00:00:00,FAC_rank_vol_m12_n6_pairwise1,2,Q2,0.733821248086435,,1
future_ret_6m,2009-03-31 00:00:00,FAC_rank_vol_m12_n6_pairwise1,3,Q3,0.7470558771922666,,1
future_ret_6m,2009-03-31 00:00:00,FAC_rank_vol_m12_n6_pairwise1,4,Q4,0.7753950083030858,,1
future_ret_6m,2009-03-31 00:00:00,FAC_rank_vol_m12_n6_pairwise1,5,High,0.8301676915552401,,2
future_ret_6m,2009-06-30 00:00:00,FAC_rank_vol_m12_n6_pairwise1,1,Low,0.702069746917354,,2
future_ret_6m,2009-06-30 00:00:00,FAC_rank_vol_m12_n6_pairwise1,2,Q2,0.7369321287720462,,2
future_ret_6m,2009-06-30 00:00:00,FAC_rank_vol_m12_n6_pairwise1,3,Q3,0.7553973613420936,,2
future_ret_6m,2009-06-30 00:00:00,FAC_rank_vol_m12_n6_pairwise1,4,Q4,0.8228894087962493,,2
future_ret_6m,2009-06-30 00:00:00,FAC_rank_vol_m12_n6_pairwise1,5,High,0.8795027859026878,,2
future_ret_6m,2009-09-30 00:00:00,FAC_rank_vol_m12_n6_pairwise1,1,Low,0.6642141422171314,,3
future_ret_6m,2009-09-30 00:00:00,FAC_rank_vol_m12_n6_pairwise1,2,Q2,0.7114835949824456,,2
future_ret_6m,2009-09-30 00:00:00,FAC_rank_vol_m12_n6_pairwise1,3,Q3,0.7421310312869914,,2
future_ret_6m,2009-09-30 00:00:00,FAC_rank_vol_m12_n6_pairwise1,4,Q4,0.8149297460666288,,2
future_ret_6m,2009-09-30 00:00:00,FAC_rank_vol_m12_n6_pairwise1,5,High,0.8696562665388242,,3
future_ret_6m,2009-12-31 00:00:00,FAC_rank_vol_m12_n6_pairwise1,1,Low,0.7203915385363576,,3
future_ret_6m,2009-12-31 00:00:00,FAC_rank_vol_m12_n6_pairwise1,2,Q2,0.7561089972302701,,2
future_ret_6m,2009-12-31 00:00:00,FAC_rank_vol_m12_n6_pairwise1,3,Q3,0.7789161281309712,,3
future_ret_6m,2009-12-31 00:00:00,FAC_rank_vol_m12_n6_pairwise1,4,Q4,0.8054142226050454,,2
future_ret_6m,2009-12-31 00:00:00,FAC_rank_vol_m12_n6_pairwise1,5,High,0.8784924594743325,,3
future_ret_6m,2010-03-31 00:00:00,FAC_rank_vol_m12_n6_pairwise1,1,Low,0.7267991323031628,,4
future_ret_6m,2010-03-31 00:00:00,FAC_rank_vol_m12_n6_pairwise1,2,Q2,0.7788568294446482,,3
future_ret_6m,2010-03-31 00:00:00,FAC_rank_vol_m12_n6_pairwise1,3,Q3,0.8111704026140781,,3
future_ret_6m,2010-03-31 00:00:00,FAC_rank_vol_m12_n6_pairwise1,4,Q4,0.8421375127527936,,3
future_ret_6m,2010-03-31 00:00:00,FAC_rank_vol_m12_n6_pairwise1,5,High,0.886971002712329,,3
future_ret_6m,2010-06-30 00:00:00,FAC_rank_vol_m12_n6_pairwise1,1,Low,0.7328148580355871,,4
future_ret_6m,2010-06-30 00:00:00,FAC_rank_vol_m12_n6_pairwise1,2,Q2,0.7586687584407076,,4
future_ret_6m,2010-06-30 00:00:00,FAC_rank_vol_m12_n6_pairwise1,3,Q3,0.7885319327097345,,3
future_ret_6m,2010-06-30 00:00:00,FAC_rank_vol_m12_n6_pairwise1,4,Q4,0.8234510874949224,,4
future_ret_6m,2010-06-30 00:00:00,FAC_rank_vol_m12_n6_pairwise1,5,High,0.8901266027596388,,4
future_ret_6m,2010-09-30 00:00:00,FAC_rank_vol_m12_n6_pairwise1,1,Low,0.6824888780999268,,4
future_ret_6m,2010-09-30 00:00:00,FAC_rank_vol_m12_n6_pairwise1,2,Q2,0.7370677278678601,,4
future_ret_6m,2010-09-30 00:00:00,FAC_rank_vol_m12_n6_pairwise1,3,Q3,0.7769206191396698,,4
future_ret_6m,2010-09-30 00:00:00,FAC_rank_vol_m12_n6_pairwise1,4,Q4,0.8384015164774645,,4
future_ret_6m,2010-09-30 00:00:00,FAC_rank_vol_m12_n6_pairwise1,5,High,0.8922886760593589,,4
future_ret_6m,2010-12-31 00:00:00,FAC_rank_vol_m12_n6_pairwise1,1,Low,0.719539484925438,-0.08727856520248045,5
future_ret_6m,2010-12-31 00:00:00,FAC_rank_vol_m12_n6_pairwise1,2,Q2,0.7741245638293076,,4
future_ret_6m,2010-12-31 00:00:00,FAC_rank_vol_m12_n6_pairwise1,3,Q3,0.8395376275876887,,4
future_ret_6m,2010-12-31 00:00:00,FAC_rank_vol_m12_n6_pairwise1,4,Q4,0.865647485537852,,4
future_ret_6m,2010-12-31 00:00:00,FAC_rank_vol_m12_n6_pairwise1,5,High,0.9194622395624379,,4
future_ret_6m,2011-03-31 00:00:00,FAC_rank_vol_m12_n6_pairwise1,1,Low,0.700539794350719,,4
future_ret_6m,2011-03-31 00:00:00,FAC_rank_vol_m12_n6_pairwise1,2,Q2,0.7742237494034164,,4
future_ret_6m,2011-03-31 00:00:00,FAC_rank_vol_m12_n6_pairwise1,3,Q3,0.8148876155918158,,4
future_ret_6m,2011-03-31 00:00:00,FAC_rank_vol_m12_n6_pairwise1,4,Q4,0.8566437918252812,,4
future_ret_6m,2011-03-31 00:00:00,FAC_rank_vol_m12_n6_pairwise1,5,High,0.917479430704888,,4
future_ret_6m,2011-06-30 00:00:00,FAC_rank_vol_m12_n6_pairwise1,1,Low,0.6733218898717486,,4
future_ret_6m,2011-06-30 00:00:00,FAC_rank_vol_m12_n6_pairwise1,2,Q2,0.7694049571908025,,4
future_ret_6m,2011-06-30 00:00:00,FAC_rank_vol_m12_n6_pairwise1,3,Q3,0.783381060732279,,3
future_ret_6m,2011-06-30 00:00:00,FAC_rank_vol_m12_n6_pairwise1,4,Q4,0.8192773526067059,,4
future_ret_6m,2011-06-30 00:00:00,FAC_rank_vol_m12_n6_pairwise1,5,High,0.8860251006822164,,4
future_ret_6m,2011-09-30 00:00:00,FAC_rank_vol_m12_n6_pairwise1,1,Low,0.6202039444167783,,4
future_ret_6m,2011-09-30 00:00:00,FAC_rank_vol_m12_n6_pairwise1,2,Q2,0.7728725551775694,,4
future_ret_6m,2011-09-30 00:00:00,FAC_rank_vol_m12_n6_pairwise1,3,Q3,0.8136996763062827,,3
future_ret_6m,2011-09-30 00:00:00,FAC_rank_vol_m12_n6_pairwise1,4,Q4,0.8356724467659926,,4
future_ret_6m,2011-09-30 00:00:00,FAC_rank_vol_m12_n6_pairwise1,5,High,0.8977821333007014,,4
future_ret_6m,2011-12-30 00:00:00,FAC_rank_vol_m12_n6_pairwise1,1,Low,0.6314787717972047,0.06883946508968711,5
future_ret_6m,2011-12-30 00:00:00,FAC_rank_vol_m12_n6_pairwise1,2,Q2,0.7430317127615664,,4
future_ret_6m,2011-12-30 00:00:00,FAC_rank_vol_m12_n6_pairwise1,3,Q3,0.783452926741926,,4
future_ret_6m,2011-12-30 00:00:00,FAC_rank_vol_m12_n6_pairwise1,4,Q4,0.8139163697524997,,4
future_ret_6m,2011-12-30 00:00:00,FAC_rank_vol_m12_n6_pairwise1,5,High,0.8956135259906362,0.031684103637359184,5
future_ret_6m,2012-03-30 00:00:00,FAC_rank_vol_m12_n6_pairwise1,1,Low,0.6393162755670957,0.03588723260646589,5
future_ret_6m,2012-03-30 00:00:00,FAC_rank_vol_m12_n6_pairwise1,2,Q2,0.717286155117351,3.9040906312060034e-05,5
future_ret_6m,2012-03-30 00:00:00,FAC_rank_vol_m12_n6_pairwise1,3,Q3,0.7760166872752525,,4
future_ret_6m,2012-03-30 00:00:00,FAC_rank_vol_m12_n6_pairwise1,4,Q4,0.8187649694348271,0.015215728615656876,5
future_ret_6m,2012-03-30 00:00:00,FAC_rank_vol_m12_n6_pairwise1,5,High,0.8845230515263347,-0.020803378831014928,5
future_ret_6m,2012-06-29 00:00:00,FAC_rank_vol_m12_n6_pairwise1,1,Low,0.6910034591331506,-0.0024321437744690725,5
future_ret_6m,2012-06-29 00:00:00,FAC_rank_vol_m12_n6_pairwise1,2,Q2,0.7311835771722778,0.02815307218628258,5
future_ret_6m,2012-06-29 00:00:00,FAC_rank_vol_m12_n6_pairwise1,3,Q3,0.7769163366672867,-0.00745509339960555,5
future_ret_6m,2012-06-29 00:00:00,FAC_rank_vol_m12_n6_pairwise1,4,Q4,0.8086674261602408,0.01778714620203472,5
future_ret_6m,2012-06-29 00:00:00,FAC_rank_vol_m12_n6_pairwise1,5,High,0.8558190443113667,0.036940486236766004,5
future_ret_6m,2012-09-28 00:00:00,FAC_rank_vol_m12_n6_pairwise1,1,Low,0.6685012633705093,0.09294044483067969,6
future_ret_6m,2012-09-28 00:00:00,FAC_rank_vol_m12_n6_pairwise1,2,Q2,0.72511077855909,0.0891042201214911,5
future_ret_6m,2012-09-28 00:00:00,FAC_rank_vol_m12_n6_pairwise1,3,Q3,0.8083420733373217,0.15472654972891647,5
future_ret_6m,2012-09-28 00:00:00,FAC_rank_vol_m12_n6_pairwise1,4,Q4,0.835259983076446,0.1375761189879424,5
future_ret_6m,2012-09-28 00:00:00,FAC_rank_vol_m12_n6_pairwise1,5,High,0.8924811146898339,0.12952719572811083,5
future_ret_6m,2012-12-31 00:00:00,FAC_rank_vol_m12_n6_pairwise1,1,Low,0.638933636879126,0.07328578075325323,7
future_ret_6m,2012-12-31 00:00:00,FAC_rank_vol_m12_n6_pairwise1,2,Q2,0.7219926383367016,0.018991822810452714,6
future_ret_6m,2012-12-31 00:00:00,FAC_rank_vol_m12_n6_pairwise1,3,Q3,0.7859333678974679,0.097216184657538,6
future_ret_6m,2012-12-31 00:00:00,FAC_rank_vol_m12_n6_pairwise1,4,Q4,0.826115560764796,0.10352170426494166,6
future_ret_6m,2012-12-31 00:00:00,FAC_rank_vol_m12_n6_pairwise1,5,High,0.8937406019792089,0.06631225315813376,6
future_ret_6m,2013-03-29 00:00:00,FAC_rank_vol_m12_n6_pairwise1,1,Low,0.6296855390040637,0.22923450002311543,7
future_ret_6m,2013-03-29 00:00:00,FAC_rank_vol_m12_n6_pairwise1,2,Q2,0.7031388281925467,0.06621574963772299,7
future_ret_6m,2013-03-29 00:00:00,FAC_rank_vol_m12_n6_pairwise1,3,Q3,0.7530677635027351,0.22125791131231148,7
future_ret_6m,2013-03-29 00:00:00,FAC_rank_vol_m12_n6_pairwise1,4,Q4,0.821810760408674,0.10748712166717568,7
future_ret_6m,2013-03-29 00:00:00,FAC_rank_vol_m12_n6_pairwise1,5,High,0.8826679469992061,0.11376164999604096,7
future_ret_6m,2013-06-28 00:00:00,FAC_rank_vol_m12_n6_pairwise1,1,Low,0.6490742525504076,0.0874476620925771,8
future_ret_6m,2013-06-28 00:00:00,FAC_rank_vol_m12_n6_pairwise1,2,Q2,0.7374108110891584,0.1541127127177399,8
future_ret_6m,2013-06-28 00:00:00,FAC_rank_vol_m12_n6_pairwise1,3,Q3,0.7978671101394226,0.08480086354758945,8
future_ret_6m,2013-06-28 00:00:00,FAC_rank_vol_m12_n6_pairwise1,4,Q4,0.8524128651944569,0.0785421891573945,8
future_ret_6m,2013-06-28 00:00:00,FAC_rank_vol_m12_n6_pairwise1,5,High,0.9131347055519974,0.10333253249657307,8
future_ret_6m,2013-09-30 00:00:00,FAC_rank_vol_m12_n6_pairwise1,1,Low,0.6653110607425263,-0.07048937787363793,9
future_ret_6m,2013-09-30 00:00:00,FAC_rank_vol_m12_n6_pairwise1,2,Q2,0.7407552150451784,-0.055443339709497455,8
future_ret_6m,2013-09-30 00:00:00,FAC_rank_vol_m12_n6_pairwise1,3,Q3,0.7903032076444546,-0.08608455810728873,9
future_ret_6m,2013-09-30 00:00:00,FAC_rank_vol_m12_n6_pairwise1,4,Q4,0.8369848819422895,-0.09638934485735356,8
future_ret_6m,2013-09-30 00:00:00,FAC_rank_vol_m12_n6_pairwise1,5,High,0.9068267650151619,-0.12062733405030018,9
future_ret_6m,2013-12-31 00:00:00,FAC_rank_vol_m12_n6_pairwise1,1,Low,0.6941149722434475,0.01703413655088564,10
future_ret_6m,2013-12-31 00:00:00,FAC_rank_vol_m12_n6_pairwise1,2,Q2,0.7542549400174084,-0.04547210106909297,9
future_ret_6m,2013-12-31 00:00:00,FAC_rank_vol_m12_n6_pairwise1,3,Q3,0.7927169388938322,-0.004263374458296122,9
future_ret_6m,2013-12-31 00:00:00,FAC_rank_vol_m12_n6_pairwise1,4,Q4,0.8367397488357962,0.001982317058834868,9
future_ret_6m,2013-12-31 00:00:00,FAC_rank_vol_m12_n6_pairwise1,5,High,0.9057966906083811,-0.026909457636149284,9
future_ret_6m,2014-03-31 00:00:00,FAC_rank_vol_m12_n6_pairwise1,1,Low,0.6679103671183267,0.17265013402995205,9
future_ret_6m,2014-03-31 00:00:00,FAC_rank_vol_m12_n6_pairwise1,2,Q2,0.7470592354327743,0.16618166233871326,9
future_ret_6m,2014-03-31 00:00:00,FAC_rank_vol_m12_n6_pairwise1,3,Q3,0.7836716973261153,0.17422030578926728,9
future_ret_6m,2014-03-31 00:00:00,FAC_rank_vol_m12_n6_pairwise1,4,Q4,0.8218470004623265,0.2022330651247439,9
future_ret_6m,2014-03-31 00:00:00,FAC_rank_vol_m12_n6_pairwise1,5,High,0.884882276137302,0.1904885504163345,9
future_ret_6m,2014-06-30 00:00:00,FAC_rank_vol_m12_n6_pairwise1,1,Low,0.6548710751127127,0.24487227929555688,10
future_ret_6m,2014-06-30 00:00:00,FAC_rank_vol_m12_n6_pairwise1,2,Q2,0.7610296470937603,0.22585506630181496,9
future_ret_6m,2014-06-30 00:00:00,FAC_rank_vol_m12_n6_pairwise1,3,Q3,0.8002528066697525,0.2774409948495165,10
future_ret_6m,2014-06-30 00:00:00,FAC_rank_vol_m12_n6_pairwise1,4,Q4,0.8405181942209189,0.1956352207952251,9
future_ret_6m,2014-06-30 00:00:00,FAC_rank_vol_m12_n6_pairwise1,5,High,0.8935256033286514,0.2741499852718922,10
future_ret_6m,2014-09-30 00:00:00,FAC_rank_vol_m12_n6_pairwise1,1,Low,0.6781009895532939,0.3925011245981666,10
future_ret_6m,2014-09-30 00:00:00,FAC_rank_vol_m12_n6_pairwise1,2,Q2,0.7621664579179861,0.47514872948495135,9
future_ret_6m,2014-09-30 00:00:00,FAC_rank_vol_m12_n6_pairwise1,3,Q3,0.8130172148118838,0.47433255059857193,10
future_ret_6m,2014-09-30 00:00:00,FAC_rank_vol_m12_n6_pairwise1,4,Q4,0.8496004186064977,0.4692337398882255,9
future_ret_6m,2014-09-30 00:00:00,FAC_rank_vol_m12_n6_pairwise1,5,High,0.9085387698174378,0.5229534855502974,10
future_ret_6m,2014-12-31 00:00:00,FAC_rank_vol_m12_n6_pairwise1,1,Low,0.7188845313923231,0.5921152525944777,9
future_ret_6m,2014-12-31 00:00:00,FAC_rank_vol_m12_n6_pairwise1,2,Q2,0.7811614577010539,0.567776915963319,8
future_ret_6m,2014-12-31 00:00:00,FAC_rank_vol_m12_n6_pairwise1,3,Q3,0.8183405536244213,0.685649569154507,8
future_ret_6m,2014-12-31 00:00:00,FAC_rank_vol_m12_n6_pairwise1,4,Q4,0.8626070081531633,0.5665899644299837,8
future_ret_6m,2014-12-31 00:00:00,FAC_rank_vol_m12_n6_pairwise1,5,High,0.9043143198619705,0.6154761002097677,8
future_ret_6m,2015-03-31 00:00:00,FAC_rank_vol_m12_n6_pairwise1,1,Low,0.674241867283858,-0.12174875442731779,8
future_ret_6m,2015-03-31 00:00:00,FAC_rank_vol_m12_n6_pairwise1,2,Q2,0.7391809290360066,-0.15071532055665254,7
future_ret_6m,2015-03-31 00:00:00,FAC_rank_vol_m12_n6_pairwise1,3,Q3,0.7841315440735798,-0.1093520632498732,7
future_ret_6m,2015-03-31 00:00:00,FAC_rank_vol_m12_n6_pairwise1,4,Q4,0.8216794212151662,-0.08709141893195942,7
future_ret_6m,2015-03-31 00:00:00,FAC_rank_vol_m12_n6_pairwise1,5,High,0.8858402590128487,-0.14471117732255706,7
future_ret_6m,2015-06-30 00:00:00,FAC_rank_vol_m12_n6_pairwise1,1,Low,0.6738874917247989,-0.04756092326321313,6
future_ret_6m,2015-06-30 00:00:00,FAC_rank_vol_m12_n6_pairwise1,2,Q2,0.7567726236417202,-0.029732643011457928,5
future_ret_6m,2015-06-30 00:00:00,FAC_rank_vol_m12_n6_pairwise1,3,Q3,0.7901697352683457,-0.04115859654179595,5
future_ret_6m,2015-06-30 00:00:00,FAC_rank_vol_m12_n6_pairwise1,4,Q4,0.8232918906381647,-0.030880840009074918,5
future_ret_6m,2015-06-30 00:00:00,FAC_rank_vol_m12_n6_pairwise1,5,High,0.8952983960212684,-0.06591136968272078,5
future_ret_6m,2015-09-30 00:00:00,FAC_rank_vol_m12_n6_pairwise1,1,Low,0.641220618459617,0.10313731300162829,5
future_ret_6m,2015-09-30 00:00:00,FAC_rank_vol_m12_n6_pairwise1,2,Q2,0.7032132506750772,0.10729401223744542,5
future_ret_6m,2015-09-30 00:00:00,FAC_rank_vol_m12_n6_pairwise1,3,Q3,0.7730217866792164,,4
future_ret_6m,2015-09-30 00:00:00,FAC_rank_vol_m12_n6_pairwise1,4,Q4,0.8113648569341265,0.06698455252402424,5
future_ret_6m,2015-09-30 00:00:00,FAC_rank_vol_m12_n6_pairwise1,5,High,0.8615998728429979,0.08424062626969206,5
future_ret_6m,2015-12-31 00:00:00,FAC_rank_vol_m12_n6_pairwise1,1,Low,0.6104232784925335,-0.12596816556002322,6
future_ret_6m,2015-12-31 00:00:00,FAC_rank_vol_m12_n6_pairwise1,2,Q2,0.7183432215153028,-0.14673018064036641,5
future_ret_6m,2015-12-31 00:00:00,FAC_rank_vol_m12_n6_pairwise1,3,Q3,0.7638999608469463,-0.10638714359108511,5
future_ret_6m,2015-12-31 00:00:00,FAC_rank_vol_m12_n6_pairwise1,4,Q4,0.8221238358584397,-0.11071964214710805,5
future_ret_6m,2015-12-31 00:00:00,FAC_rank_vol_m12_n6_pairwise1,5,High,0.87045050788037,-0.14046157886212954,6
future_ret_6m,2016-03-31 00:00:00,FAC_rank_vol_m12_n6_pairwise1,1,Low,0.6638296316089173,0.060217971336524005,7
future_ret_6m,2016-03-31 00:00:00,FAC_rank_vol_m12_n6_pairwise1,2,Q2,0.7355975340072763,0.024963941940247165,6
future_ret_6m,2016-03-31 00:00:00,FAC_rank_vol_m12_n6_pairwise1,3,Q3,0.7737333515235064,0.06927368748111729,6
future_ret_6m,2016-03-31 00:00:00,FAC_rank_vol_m12_n6_pairwise1,4,Q4,0.8151813516007634,0.06630363270139546,6
future_ret_6m,2016-03-31 00:00:00,FAC_rank_vol_m12_n6_pairwise1,5,High,0.8676648653060646,0.07109173032437062,6
future_ret_6m,2016-06-30 00:00:00,FAC_rank_vol_m12_n6_pairwise1,1,Low,0.7117346999680336,0.008376878153653764,7
future_ret_6m,2016-06-30 00:00:00,FAC_rank_vol_m12_n6_pairwise1,2,Q2,0.7925060118118864,-0.009819161581452148,6
future_ret_6m,2016-06-30 00:00:00,FAC_rank_vol_m12_n6_pairwise1,3,Q3,0.8284931544251881,-0.0005620927746975609,6
future_ret_6m,2016-06-30 00:00:00,FAC_rank_vol_m12_n6_pairwise1,4,Q4,0.8541062940893737,0.014663278944780237,6
future_ret_6m,2016-06-30 00:00:00,FAC_rank_vol_m12_n6_pairwise1,5,High,0.8974498963055028,0.006547938308195889,7
future_ret_6m,2016-09-30 00:00:00,FAC_rank_vol_m12_n6_pairwise1,1,Low,0.6749288831021245,0.03002915855518681,7
future_ret_6m,2016-09-30 00:00:00,FAC_rank_vol_m12_n6_pairwise1,2,Q2,0.7675047796294157,-0.01926356099664417,7
future_ret_6m,2016-09-30 00:00:00,FAC_rank_vol_m12_n6_pairwise1,3,Q3,0.8189097365677291,0.04341551611239449,6
future_ret_6m,2016-09-30 00:00:00,FAC_rank_vol_m12_n6_pairwise1,4,Q4,0.8536263273549792,0.007344581708262275,7
future_ret_6m,2016-09-30 00:00:00,FAC_rank_vol_m12_n6_pairwise1,5,High,0.8955871640913848,0.0010868016232029282,7
future_ret_6m,2016-12-30 00:00:00,FAC_rank_vol_m12_n6_pairwise1,1,Low,0.7307978027088706,0.033680812247747105,8
future_ret_6m,2016-12-30 00:00:00,FAC_rank_vol_m12_n6_pairwise1,2,Q2,0.7837175845918288,0.10801906192246788,7
future_ret_6m,2016-12-30 00:00:00,FAC_rank_vol_m12_n6_pairwise1,3,Q3,0.8220844937799013,0.07220156514614504,8
future_ret_6m,2016-12-30 00:00:00,FAC_rank_vol_m12_n6_pairwise1,4,Q4,0.8460955982810686,0.09345305316572046,7
future_ret_6m,2016-12-30 00:00:00,FAC_rank_vol_m12_n6_pairwise1,5,High,0.8784813192752983,0.03094235429796567,8
future_ret_6m,2017-03-31 00:00:00,FAC_rank_vol_m12_n6_pairwise1,1,Low,0.7334511604273295,0.10845113856925125,8
future_ret_6m,2017-03-31 00:00:00,FAC_rank_vol_m12_n6_pairwise1,2,Q2,0.7857106245881984,0.11090661130066419,8
future_ret_6m,2017-03-31 00:00:00,FAC_rank_vol_m12_n6_pairwise1,3,Q3,0.8324707791952439,0.09525860222460351,7
future_ret_6m,2017-03-31 00:00:00,FAC_rank_vol_m12_n6_pairwise1,4,Q4,0.8570047375855645,0.06347542643297222,8
future_ret_6m,2017-03-31 00:00:00,FAC_rank_vol_m12_n6_pairwise1,5,High,0.9005354508930009,0.11636253986887951,8
future_ret_6m,2017-06-30 00:00:00,FAC_rank_vol_m12_n6_pairwise1,1,Low,0.6929551838522336,0.11300654403722614,10
future_ret_6m,2017-06-30 00:00:00,FAC_rank_vol_m12_n6_pairwise1,2,Q2,0.7602635494631369,0.13631154453940167,9
future_ret_6m,2017-06-30 00:00:00,FAC_rank_vol_m12_n6_pairwise1,3,Q3,0.8050515778664962,0.07303698792289522,9
future_ret_6m,2017-06-30 00:00:00,FAC_rank_vol_m12_n6_pairwise1,4,Q4,0.8542745049511608,0.10109147307278102,9
future_ret_6m,2017-06-30 00:00:00,FAC_rank_vol_m12_n6_pairwise1,5,High,0.9129935743375099,0.11895869271160338,10
future_ret_6m,2017-09-29 00:00:00,FAC_rank_vol_m12_n6_pairwise1,1,Low,0.6792125872520938,0.025466939269892425,14
future_ret_6m,2017-09-29 00:00:00,FAC_rank_vol_m12_n6_pairwise1,2,Q2,0.7624283415677178,0.012271879523124593,13
future_ret_6m,2017-09-29 00:00:00,FAC_rank_vol_m12_n6_pairwise1,3,Q3,0.8103596906601717,0.03198674220958005,14
future_ret_6m,2017-09-29 00:00:00,FAC_rank_vol_m12_n6_pairwise1,4,Q4,0.874437126470096,0.04009090308524106,13
future_ret_6m,2017-09-29 00:00:00,FAC_rank_vol_m12_n6_pairwise1,5,High,0.9158289931166514,0.017364088188734268,14
future_ret_6m,2017-12-29 00:00:00,FAC_rank_vol_m12_n6_pairwise1,1,Low,0.695634745266746,-0.12476564916884662,18
future_ret_6m,2017-12-29 00:00:00,FAC_rank_vol_m12_n6_pairwise1,2,Q2,0.7858122562263986,-0.10402856603926346,18
future_ret_6m,2017-12-29 00:00:00,FAC_rank_vol_m12_n6_pairwise1,3,Q3,0.8306708370501665,-0.09256071516722109,17
future_ret_6m,2017-12-29 00:00:00,FAC_rank_vol_m12_n6_pairwise1,4,Q4,0.8679708355782682,-0.051320469920089984,18
future_ret_6m,2017-12-29 00:00:00,FAC_rank_vol_m12_n6_pairwise1,5,High,0.9190341579725282,-0.08807642446743673,18
future_ret_6m,2018-03-30 00:00:00,FAC_rank_vol_m12_n6_pairwise1,1,Low,0.7127206479358025,-0.1855579252659866,19
future_ret_6m,2018-03-30 00:00:00,FAC_rank_vol_m12_n6_pairwise1,2,Q2,0.7898554521058169,-0.14767613640298896,19
future_ret_6m,2018-03-30 00:00:00,FAC_rank_vol_m12_n6_pairwise1,3,Q3,0.8471118680127367,-0.13991502401793632,19
future_ret_6m,2018-03-30 00:00:00,FAC_rank_vol_m12_n6_pairwise1,4,Q4,0.8905129514857952,-0.12745811660276177,19
future_ret_6m,2018-03-30 00:00:00,FAC_rank_vol_m12_n6_pairwise1,5,High,0.933002631692687,-0.1052186680685896,19
future_ret_6m,2018-06-29 00:00:00,FAC_rank_vol_m12_n6_pairwise1,1,Low,0.6652045359947625,-0.2341447110080979,21
future_ret_6m,2018-06-29 00:00:00,FAC_rank_vol_m12_n6_pairwise1,2,Q2,0.7540193734094407,-0.17287194801316783,20
future_ret_6m,2018-06-29 00:00:00,FAC_rank_vol_m12_n6_pairwise1,3,Q3,0.8234297500832873,-0.172285699028047,20
future_ret_6m,2018-06-29 00:00:00,FAC_rank_vol_m12_n6_pairwise1,4,Q4,0.8580117442467058,-0.18806176706467811,20
future_ret_6m,2018-06-29 00:00:00,FAC_rank_vol_m12_n6_pairwise1,5,High,0.9151267920695696,-0.18638798600271583,20
future_ret_6m,2018-09-28 00:00:00,FAC_rank_vol_m12_n6_pairwise1,1,Low,0.6632565117486673,0.14033774449147024,22
future_ret_6m,2018-09-28 00:00:00,FAC_rank_vol_m12_n6_pairwise1,2,Q2,0.7476154726078363,0.13166871452175224,21
future_ret_6m,2018-09-28 00:00:00,FAC_rank_vol_m12_n6_pairwise1,3,Q3,0.8078148615527425,0.12769262518497648,22
future_ret_6m,2018-09-28 00:00:00,FAC_rank_vol_m12_n6_pairwise1,4,Q4,0.84427002783595,0.1302436709772045,21
future_ret_6m,2018-09-28 00:00:00,FAC_rank_vol_m12_n6_pairwise1,5,High,0.8977521477592567,0.13542485512030158,22
future_ret_6m,2018-12-28 00:00:00,FAC_rank_vol_m12_n6_pairwise1,1,Low,0.6753098598546756,0.2857493422826519,22
future_ret_6m,2018-12-28 00:00:00,FAC_rank_vol_m12_n6_pairwise1,2,Q2,0.7420134369046624,0.32290679909528824,21
future_ret_6m,2018-12-28 00:00:00,FAC_rank_vol_m12_n6_pairwise1,3,Q3,0.7936704322979455,0.23359160176755278,22
future_ret_6m,2018-12-28 00:00:00,FAC_rank_vol_m12_n6_pairwise1,4,Q4,0.8335769754846186,0.2310258823356609,21
future_ret_6m,2018-12-28 00:00:00,FAC_rank_vol_m12_n6_pairwise1,5,High,0.9071724389574054,0.24327161746406223,22
future_ret_6m,2019-03-29 00:00:00,FAC_rank_vol_m12_n6_pairwise1,1,Low,0.6589485650200398,0.08206785097504468,22
future_ret_6m,2019-03-29 00:00:00,FAC_rank_vol_m12_n6_pairwise1,2,Q2,0.7442698704923447,0.05476452919557308,21
future_ret_6m,2019-03-29 00:00:00,FAC_rank_vol_m12_n6_pairwise1,3,Q3,0.7828703268187606,0.06345420593856888,21
future_ret_6m,2019-03-29 00:00:00,FAC_rank_vol_m12_n6_pairwise1,4,Q4,0.8308692713850967,0.05158492775143458,21
future_ret_6m,2019-03-29 00:00:00,FAC_rank_vol_m12_n6_pairwise1,5,High,0.8846658065387352,0.06376227908482189,22
future_ret_6m,2019-06-28 00:00:00,FAC_rank_vol_m12_n6_pairwise1,1,Low,0.6379348788468533,0.15227935764718473,22
future_ret_6m,2019-06-28 00:00:00,FAC_rank_vol_m12_n6_pairwise1,2,Q2,0.7240539628046491,0.14481789454561392,22
future_ret_6m,2019-06-28 00:00:00,FAC_rank_vol_m12_n6_pairwise1,3,Q3,0.7640312748123833,0.1730847060001895,22
future_ret_6m,2019-06-28 00:00:00,FAC_rank_vol_m12_n6_pairwise1,4,Q4,0.8072432105910058,0.18132894956808593,22
future_ret_6m,2019-06-28 00:00:00,FAC_rank_vol_m12_n6_pairwise1,5,High,0.8702702459271004,0.21030088429446073,22
future_ret_6m,2019-09-30 00:00:00,FAC_rank_vol_m12_n6_pairwise1,1,Low,0.655387141389872,0.08055435998719283,22
future_ret_6m,2019-09-30 00:00:00,FAC_rank_vol_m12_n6_pairwise1,2,Q2,0.7286694602771399,0.07445837258219977,22
future_ret_6m,2019-09-30 00:00:00,FAC_rank_vol_m12_n6_pairwise1,3,Q3,0.7734809541302172,0.10944434865732906,22
future_ret_6m,2019-09-30 00:00:00,FAC_rank_vol_m12_n6_pairwise1,4,Q4,0.8186873939684042,0.12053403657175732,22
future_ret_6m,2019-09-30 00:00:00,FAC_rank_vol_m12_n6_pairwise1,5,High,0.8690790936696549,0.11030912036815427,22
future_ret_6m,2019-12-31 00:00:00,FAC_rank_vol_m12_n6_pairwise1,1,Low,0.6676365532180961,0.3581782901794965,24
future_ret_6m,2019-12-31 00:00:00,FAC_rank_vol_m12_n6_pairwise1,2,Q2,0.7315598364130188,0.3336199256549712,24
future_ret_6m,2019-12-31 00:00:00,FAC_rank_vol_m12_n6_pairwise1,3,Q3,0.7731485869640782,0.285950064632986,24
future_ret_6m,2019-12-31 00:00:00,FAC_rank_vol_m12_n6_pairwise1,4,Q4,0.8213622320850336,0.3030514053058798,24
future_ret_6m,2019-12-31 00:00:00,FAC_rank_vol_m12_n6_pairwise1,5,High,0.8822597948654662,0.2855053265465089,24
future_ret_6m,2020-03-31 00:00:00,FAC_rank_vol_m12_n6_pairwise1,1,Low,0.6578233037820529,0.4513857293722407,26
future_ret_6m,2020-03-31 00:00:00,FAC_rank_vol_m12_n6_pairwise1,2,Q2,0.7574616717126327,0.43427615599625213,25
future_ret_6m,2020-03-31 00:00:00,FAC_rank_vol_m12_n6_pairwise1,3,Q3,0.8131094426578781,0.4310073916078283,25
future_ret_6m,2020-03-31 00:00:00,FAC_rank_vol_m12_n6_pairwise1,4,Q4,0.8527272248878188,0.40520731143774263,25
future_ret_6m,2020-03-31 00:00:00,FAC_rank_vol_m12_n6_pairwise1,5,High,0.898369424986983,0.4335742988195412,25
future_ret_6m,2020-06-30 00:00:00,FAC_rank_vol_m12_n6_pairwise1,1,Low,0.7110231132561954,0.2621578079877487,26
future_ret_6m,2020-06-30 00:00:00,FAC_rank_vol_m12_n6_pairwise1,2,Q2,0.792059522302185,0.25206807003312853,26
future_ret_6m,2020-06-30 00:00:00,FAC_rank_vol_m12_n6_pairwise1,3,Q3,0.8359024317661173,0.2799561796943988,25
future_ret_6m,2020-06-30 00:00:00,FAC_rank_vol_m12_n6_pairwise1,4,Q4,0.8647996259832147,0.27030765037086407,26
future_ret_6m,2020-06-30 00:00:00,FAC_rank_vol_m12_n6_pairwise1,5,High,0.9133959337731342,0.2847726619277049,26
future_ret_6m,2020-09-30 00:00:00,FAC_rank_vol_m12_n6_pairwise1,1,Low,0.6849741152711502,0.05887799877303924,29
future_ret_6m,2020-09-30 00:00:00,FAC_rank_vol_m12_n6_pairwise1,2,Q2,0.7603913976084825,0.0947505776999618,28
future_ret_6m,2020-09-30 00:00:00,FAC_rank_vol_m12_n6_pairwise1,3,Q3,0.8133395988441948,0.10911539382801558,29
future_ret_6m,2020-09-30 00:00:00,FAC_rank_vol_m12_n6_pairwise1,4,Q4,0.8527598786028365,0.1172870205882471,28
future_ret_6m,2020-09-30 00:00:00,FAC_rank_vol_m12_n6_pairwise1,5,High,0.8971803316577327,0.12744397376722075,29
future_ret_6m,2020-12-31 00:00:00,FAC_rank_vol_m12_n6_pairwise1,1,Low,0.6309339509162686,0.10979444195256766,31
future_ret_6m,2020-12-31 00:00:00,FAC_rank_vol_m12_n6_pairwise1,2,Q2,0.7007084630751877,0.12636650656777113,31
future_ret_6m,2020-12-31 00:00:00,FAC_rank_vol_m12_n6_pairwise1,3,Q3,0.7699988999143539,0.10741194849473462,30
future_ret_6m,2020-12-31 00:00:00,FAC_rank_vol_m12_n6_pairwise1,4,Q4,0.8201657716533749,0.09748125833779306,31
future_ret_6m,2020-12-31 00:00:00,FAC_rank_vol_m12_n6_pairwise1,5,High,0.8768453002110147,0.07893877248915512,31
future_ret_6m,2021-03-31 00:00:00,FAC_rank_vol_m12_n6_pairwise1,1,Low,0.6466732983725815,0.07914345509173193,33
future_ret_6m,2021-03-31 00:00:00,FAC_rank_vol_m12_n6_pairwise1,2,Q2,0.7278898256279743,0.1143204100824333,32
future_ret_6m,2021-03-31 00:00:00,FAC_rank_vol_m12_n6_pairwise1,3,Q3,0.7778987358171586,0.0961182967133736,32
future_ret_6m,2021-03-31 00:00:00,FAC_rank_vol_m12_n6_pairwise1,4,Q4,0.8216099534448469,0.11212541212178881,32
future_ret_6m,2021-03-31 00:00:00,FAC_rank_vol_m12_n6_pairwise1,5,High,0.8790769127649263,0.08048419762301187,32
future_ret_6m,2021-06-30 00:00:00,FAC_rank_vol_m12_n6_pairwise1,1,Low,0.6653983867752777,-0.03727739820302659,35
future_ret_6m,2021-06-30 00:00:00,FAC_rank_vol_m12_n6_pairwise1,2,Q2,0.744262660830359,0.01227156016277781,34
future_ret_6m,2021-06-30 00:00:00,FAC_rank_vol_m12_n6_pairwise1,3,Q3,0.8028306750119426,-0.02967027318849309,34
future_ret_6m,2021-06-30 00:00:00,FAC_rank_vol_m12_n6_pairwise1,4,Q4,0.8353154410371693,-0.02932760348587495,34
future_ret_6m,2021-06-30 00:00:00,FAC_rank_vol_m12_n6_pairwise1,5,High,0.8872766912424146,-0.0006444119336004718,35
future_ret_6m,2021-09-30 00:00:00,FAC_rank_vol_m12_n6_pairwise1,1,Low,0.6560856448657804,-0.16480568725890393,38
future_ret_6m,2021-09-30 00:00:00,FAC_rank_vol_m12_n6_pairwise1,2,Q2,0.7255577860455944,-0.1634349061460567,38
future_ret_6m,2021-09-30 00:00:00,FAC_rank_vol_m12_n6_pairwise1,3,Q3,0.7749100191816186,-0.14257184882949553,38
future_ret_6m,2021-09-30 00:00:00,FAC_rank_vol_m12_n6_pairwise1,4,Q4,0.828692466718877,-0.1347976127282038,38
future_ret_6m,2021-09-30 00:00:00,FAC_rank_vol_m12_n6_pairwise1,5,High,0.8871873628012756,-0.13678759191261003,38
future_ret_6m,2021-12-31 00:00:00,FAC_rank_vol_m12_n6_pairwise1,1,Low,0.6432006493653707,-0.09575473375212054,40
future_ret_6m,2021-12-31 00:00:00,FAC_rank_vol_m12_n6_pairwise1,2,Q2,0.7361129887017566,-0.10881497436064369,39
future_ret_6m,2021-12-31 00:00:00,FAC_rank_vol_m12_n6_pairwise1,3,Q3,0.7992044059074096,-0.08988765343466289,39
future_ret_6m,2021-12-31 00:00:00,FAC_rank_vol_m12_n6_pairwise1,4,Q4,0.8512087888759285,-0.11456725091616295,39
future_ret_6m,2021-12-31 00:00:00,FAC_rank_vol_m12_n6_pairwise1,5,High,0.9035268607988376,-0.09263959951895391,39
future_ret_6m,2022-03-31 00:00:00,FAC_rank_vol_m12_n6_pairwise1,1,Low,0.6566874683867193,-0.04341218686891032,43
future_ret_6m,2022-03-31 00:00:00,FAC_rank_vol_m12_n6_pairwise1,2,Q2,0.7247940313095437,-0.03252075387977912,42
future_ret_6m,2022-03-31 00:00:00,FAC_rank_vol_m12_n6_pairwise1,3,Q3,0.7765278719517884,-0.04830410388870956,42
future_ret_6m,2022-03-31 00:00:00,FAC_rank_vol_m12_n6_pairwise1,4,Q4,0.8292788775532759,-0.035320328004953966,42
future_ret_6m,2022-03-31 00:00:00,FAC_rank_vol_m12_n6_pairwise1,5,High,0.8888722366842513,-0.04626595204348013,42
future_ret_6m,2022-06-30 00:00:00,FAC_rank_vol_m12_n6_pairwise1,1,Low,0.6294096012427072,-0.13855143312299845,48
future_ret_6m,2022-06-30 00:00:00,FAC_rank_vol_m12_n6_pairwise1,2,Q2,0.7205233512485337,-0.11905176573867426,48
future_ret_6m,2022-06-30 00:00:00,FAC_rank_vol_m12_n6_pairwise1,3,Q3,0.7784181629481184,-0.11044410118297397,48
future_ret_6m,2022-06-30 00:00:00,FAC_rank_vol_m12_n6_pairwise1,4,Q4,0.836409177360309,-0.10384586072350194,48
future_ret_6m,2022-06-30 00:00:00,FAC_rank_vol_m12_n6_pairwise1,5,High,0.9011002882933205,-0.11383114214339037,48
