factor,month_date,variable,vif,n_obs,status,reason
FAC_rank_vol_m3_n6_pairwise1,2005-04-29,FAC_rank_vol_m3_n6_pairwise1,,0,skipped,完整变量样本数小于 min_cross_section_n
FAC_rank_vol_m3_n6_pairwise1,2005-04-29,CtrlRetSTR,,0,skipped,完整变量样本数小于 min_cross_section_n
FAC_rank_vol_m3_n6_pairwise1,2005-04-29,CtrlRetLTM,,0,skipped,完整变量样本数小于 min_cross_section_n
FAC_rank_vol_m3_n6_pairwise1,2005-04-29,CtrlVol,,0,skipped,完整变量样本数小于 min_cross_section_n
FAC_rank_vol_m3_n6_pairwise1,2005-04-29,as_偏股混合型基金,,0,skipped,完整变量样本数小于 min_cross_section_n
FAC_rank_vol_m3_n6_pairwise1,2005-04-29,Ctrl_log_fund_size,,0,skipped,完整变量样本数小于 min_cross_section_n
FAC_rank_vol_m3_n6_pairwise1,2005-04-29,Ctrl_fund_age,,0,skipped,完整变量样本数小于 min_cross_section_n
FAC_rank_vol_m3_n6_pairwise1,2005-05-31,FAC_rank_vol_m3_n6_pairwise1,,0,skipped,完整变量样本数小于 min_cross_section_n
FAC_rank_vol_m3_n6_pairwise1,2005-05-31,CtrlRetSTR,,0,skipped,完整变量样本数小于 min_cross_section_n
FAC_rank_vol_m3_n6_pairwise1,2005-05-31,CtrlRetLTM,,0,skipped,完整变量样本数小于 min_cross_section_n
FAC_rank_vol_m3_n6_pairwise1,2005-05-31,CtrlVol,,0,skipped,完整变量样本数小于 min_cross_section_n
FAC_rank_vol_m3_n6_pairwise1,2005-05-31,as_偏股混合型基金,,0,skipped,完整变量样本数小于 min_cross_section_n
FAC_rank_vol_m3_n6_pairwise1,2005-05-31,Ctrl_log_fund_size,,0,skipped,完整变量样本数小于 min_cross_section_n
FAC_rank_vol_m3_n6_pairwise1,2005-05-31,Ctrl_fund_age,,0,skipped,完整变量样本数小于 min_cross_section_n
FAC_rank_vol_m3_n6_pairwise1,2005-06-30,FAC_rank_vol_m3_n6_pairwise1,,0,skipped,完整变量样本数小于 min_cross_section_n
FAC_rank_vol_m3_n6_pairwise1,2005-06-30,CtrlRetSTR,,0,skipped,完整变量样本数小于 min_cross_section_n
FAC_rank_vol_m3_n6_pairwise1,2005-06-30,CtrlRetLTM,,0,skipped,完整变量样本数小于 min_cross_section_n
FAC_rank_vol_m3_n6_pairwise1,2005-06-30,CtrlVol,,0,skipped,完整变量样本数小于 min_cross_section_n
FAC_rank_vol_m3_n6_pairwise1,2005-06-30,as_偏股混合型基金,,0,skipped,完整变量样本数小于 min_cross_section_n
FAC_rank_vol_m3_n6_pairwise1,2005-06-30,Ctrl_log_fund_size,,0,skipped,完整变量样本数小于 min_cross_section_n
FAC_rank_vol_m3_n6_pairwise1,2005-06-30,Ctrl_fund_age,,0,skipped,完整变量样本数小于 min_cross_section_n
FAC_rank_vol_m3_n6_pairwise1,2005-07-29,FAC_rank_vol_m3_n6_pairwise1,,0,skipped,完整变量样本数小于 min_cross_section_n
FAC_rank_vol_m3_n6_pairwise1,2005-07-29,CtrlRetSTR,,0,skipped,完整变量样本数小于 min_cross_section_n
FAC_rank_vol_m3_n6_pairwise1,2005-07-29,CtrlRetLTM,,0,skipped,完整变量样本数小于 min_cross_section_n
FAC_rank_vol_m3_n6_pairwise1,2005-07-29,CtrlVol,,0,skipped,完整变量样本数小于 min_cross_section_n
FAC_rank_vol_m3_n6_pairwise1,2005-07-29,as_偏股混合型基金,,0,skipped,完整变量样本数小于 min_cross_section_n
FAC_rank_vol_m3_n6_pairwise1,2005-07-29,Ctrl_log_fund_size,,0,skipped,完整变量样本数小于 min_cross_section_n
FAC_rank_vol_m3_n6_pairwise1,2005-07-29,Ctrl_fund_age,,0,skipped,完整变量样本数小于 min_cross_section_n
FAC_rank_vol_m3_n6_pairwise1,2005-11-30,FAC_rank_vol_m3_n6_pairwise1,,1,skipped,完整变量样本数小于 min_cross_section_n
FAC_rank_vol_m3_n6_pairwise1,2005-11-30,CtrlRetSTR,,1,skipped,完整变量样本数小于 min_cross_section_n
FAC_rank_vol_m3_n6_pairwise1,2005-11-30,CtrlRetLTM,,1,skipped,完整变量样本数小于 min_cross_section_n
FAC_rank_vol_m3_n6_pairwise1,2005-11-30,CtrlVol,,1,skipped,完整变量样本数小于 min_cross_section_n
FAC_rank_vol_m3_n6_pairwise1,2005-11-30,as_偏股混合型基金,,1,skipped,完整变量样本数小于 min_cross_section_n
FAC_rank_vol_m3_n6_pairwise1,2005-11-30,Ctrl_log_fund_size,,1,skipped,完整变量样本数小于 min_cross_section_n
FAC_rank_vol_m3_n6_pairwise1,2005-11-30,Ctrl_fund_age,,1,skipped,完整变量样本数小于 min_cross_section_n
FAC_rank_vol_m3_n6_pairwise1,2005-12-30,FAC_rank_vol_m3_n6_pairwise1,,1,skipped,完整变量样本数小于 min_cross_section_n
FAC_rank_vol_m3_n6_pairwise1,2005-12-30,CtrlRetSTR,,1,skipped,完整变量样本数小于 min_cross_section_n
FAC_rank_vol_m3_n6_pairwise1,2005-12-30,CtrlRetLTM,,1,skipped,完整变量样本数小于 min_cross_section_n
FAC_rank_vol_m3_n6_pairwise1,2005-12-30,CtrlVol,,1,skipped,完整变量样本数小于 min_cross_section_n
FAC_rank_vol_m3_n6_pairwise1,2005-12-30,as_偏股混合型基金,,1,skipped,完整变量样本数小于 min_cross_section_n
FAC_rank_vol_m3_n6_pairwise1,2005-12-30,Ctrl_log_fund_size,,1,skipped,完整变量样本数小于 min_cross_section_n
FAC_rank_vol_m3_n6_pairwise1,2005-12-30,Ctrl_fund_age,,1,skipped,完整变量样本数小于 min_cross_section_n
FAC_rank_vol_m3_n6_pairwise1,2006-01-25,FAC_rank_vol_m3_n6_pairwise1,,1,skipped,完整变量样本数小于 min_cross_section_n
FAC_rank_vol_m3_n6_pairwise1,2006-01-25,CtrlRetSTR,,1,skipped,完整变量样本数小于 min_cross_section_n
FAC_rank_vol_m3_n6_pairwise1,2006-01-25,CtrlRetLTM,,1,skipped,完整变量样本数小于 min_cross_section_n
FAC_rank_vol_m3_n6_pairwise1,2006-01-25,CtrlVol,,1,skipped,完整变量样本数小于 min_cross_section_n
FAC_rank_vol_m3_n6_pairwise1,2006-01-25,as_偏股混合型基金,,1,skipped,完整变量样本数小于 min_cross_section_n
FAC_rank_vol_m3_n6_pairwise1,2006-01-25,Ctrl_log_fund_size,,1,skipped,完整变量样本数小于 min_cross_section_n
FAC_rank_vol_m3_n6_pairwise1,2006-01-25,Ctrl_fund_age,,1,skipped,完整变量样本数小于 min_cross_section_n
FAC_rank_vol_m3_n6_pairwise1,2006-02-28,FAC_rank_vol_m3_n6_pairwise1,,1,skipped,完整变量样本数小于 min_cross_section_n
FAC_rank_vol_m3_n6_pairwise1,2006-02-28,CtrlRetSTR,,1,skipped,完整变量样本数小于 min_cross_section_n
FAC_rank_vol_m3_n6_pairwise1,2006-02-28,CtrlRetLTM,,1,skipped,完整变量样本数小于 min_cross_section_n
FAC_rank_vol_m3_n6_pairwise1,2006-02-28,CtrlVol,,1,skipped,完整变量样本数小于 min_cross_section_n
FAC_rank_vol_m3_n6_pairwise1,2006-02-28,as_偏股混合型基金,,1,skipped,完整变量样本数小于 min_cross_section_n
FAC_rank_vol_m3_n6_pairwise1,2006-02-28,Ctrl_log_fund_size,,1,skipped,完整变量样本数小于 min_cross_section_n
FAC_rank_vol_m3_n6_pairwise1,2006-02-28,Ctrl_fund_age,,1,skipped,完整变量样本数小于 min_cross_section_n
FAC_rank_vol_m3_n6_pairwise1,2006-03-31,FAC_rank_vol_m3_n6_pairwise1,,2,skipped,完整变量样本数小于 min_cross_section_n
FAC_rank_vol_m3_n6_pairwise1,2006-03-31,CtrlRetSTR,,2,skipped,完整变量样本数小于 min_cross_section_n
FAC_rank_vol_m3_n6_pairwise1,2006-03-31,CtrlRetLTM,,2,skipped,完整变量样本数小于 min_cross_section_n
FAC_rank_vol_m3_n6_pairwise1,2006-03-31,CtrlVol,,2,skipped,完整变量样本数小于 min_cross_section_n
FAC_rank_vol_m3_n6_pairwise1,2006-03-31,as_偏股混合型基金,,2,skipped,完整变量样本数小于 min_cross_section_n
FAC_rank_vol_m3_n6_pairwise1,2006-03-31,Ctrl_log_fund_size,,2,skipped,完整变量样本数小于 min_cross_section_n
FAC_rank_vol_m3_n6_pairwise1,2006-03-31,Ctrl_fund_age,,2,skipped,完整变量样本数小于 min_cross_section_n
FAC_rank_vol_m3_n6_pairwise1,2006-04-28,FAC_rank_vol_m3_n6_pairwise1,,3,skipped,完整变量样本数小于 min_cross_section_n
FAC_rank_vol_m3_n6_pairwise1,2006-04-28,CtrlRetSTR,,3,skipped,完整变量样本数小于 min_cross_section_n
FAC_rank_vol_m3_n6_pairwise1,2006-04-28,CtrlRetLTM,,3,skipped,完整变量样本数小于 min_cross_section_n
FAC_rank_vol_m3_n6_pairwise1,2006-04-28,CtrlVol,,3,skipped,完整变量样本数小于 min_cross_section_n
FAC_rank_vol_m3_n6_pairwise1,2006-04-28,as_偏股混合型基金,,3,skipped,完整变量样本数小于 min_cross_section_n
FAC_rank_vol_m3_n6_pairwise1,2006-04-28,Ctrl_log_fund_size,,3,skipped,完整变量样本数小于 min_cross_section_n
FAC_rank_vol_m3_n6_pairwise1,2006-04-28,Ctrl_fund_age,,3,skipped,完整变量样本数小于 min_cross_section_n
FAC_rank_vol_m3_n6_pairwise1,2006-05-31,FAC_rank_vol_m3_n6_pairwise1,,3,skipped,完整变量样本数小于 min_cross_section_n
FAC_rank_vol_m3_n6_pairwise1,2006-05-31,CtrlRetSTR,,3,skipped,完整变量样本数小于 min_cross_section_n
FAC_rank_vol_m3_n6_pairwise1,2006-05-31,CtrlRetLTM,,3,skipped,完整变量样本数小于 min_cross_section_n
FAC_rank_vol_m3_n6_pairwise1,2006-05-31,CtrlVol,,3,skipped,完整变量样本数小于 min_cross_section_n
FAC_rank_vol_m3_n6_pairwise1,2006-05-31,as_偏股混合型基金,,3,skipped,完整变量样本数小于 min_cross_section_n
FAC_rank_vol_m3_n6_pairwise1,2006-05-31,Ctrl_log_fund_size,,3,skipped,完整变量样本数小于 min_cross_section_n
FAC_rank_vol_m3_n6_pairwise1,2006-05-31,Ctrl_fund_age,,3,skipped,完整变量样本数小于 min_cross_section_n
FAC_rank_vol_m3_n6_pairwise1,2006-06-30,FAC_rank_vol_m3_n6_pairwise1,,3,skipped,完整变量样本数小于 min_cross_section_n
FAC_rank_vol_m3_n6_pairwise1,2006-06-30,CtrlRetSTR,,3,skipped,完整变量样本数小于 min_cross_section_n
FAC_rank_vol_m3_n6_pairwise1,2006-06-30,CtrlRetLTM,,3,skipped,完整变量样本数小于 min_cross_section_n
FAC_rank_vol_m3_n6_pairwise1,2006-06-30,CtrlVol,,3,skipped,完整变量样本数小于 min_cross_section_n
FAC_rank_vol_m3_n6_pairwise1,2006-06-30,as_偏股混合型基金,,3,skipped,完整变量样本数小于 min_cross_section_n
FAC_rank_vol_m3_n6_pairwise1,2006-06-30,Ctrl_log_fund_size,,3,skipped,完整变量样本数小于 min_cross_section_n
FAC_rank_vol_m3_n6_pairwise1,2006-06-30,Ctrl_fund_age,,3,skipped,完整变量样本数小于 min_cross_section_n
FAC_rank_vol_m3_n6_pairwise1,2006-07-31,FAC_rank_vol_m3_n6_pairwise1,,3,skipped,完整变量样本数小于 min_cross_section_n
FAC_rank_vol_m3_n6_pairwise1,2006-07-31,CtrlRetSTR,,3,skipped,完整变量样本数小于 min_cross_section_n
FAC_rank_vol_m3_n6_pairwise1,2006-07-31,CtrlRetLTM,,3,skipped,完整变量样本数小于 min_cross_section_n
FAC_rank_vol_m3_n6_pairwise1,2006-07-31,CtrlVol,,3,skipped,完整变量样本数小于 min_cross_section_n
FAC_rank_vol_m3_n6_pairwise1,2006-07-31,as_偏股混合型基金,,3,skipped,完整变量样本数小于 min_cross_section_n
FAC_rank_vol_m3_n6_pairwise1,2006-07-31,Ctrl_log_fund_size,,3,skipped,完整变量样本数小于 min_cross_section_n
FAC_rank_vol_m3_n6_pairwise1,2006-07-31,Ctrl_fund_age,,3,skipped,完整变量样本数小于 min_cross_section_n
FAC_rank_vol_m3_n6_pairwise1,2006-08-31,FAC_rank_vol_m3_n6_pairwise1,,2,skipped,完整变量样本数小于 min_cross_section_n
FAC_rank_vol_m3_n6_pairwise1,2006-08-31,CtrlRetSTR,,2,skipped,完整变量样本数小于 min_cross_section_n
FAC_rank_vol_m3_n6_pairwise1,2006-08-31,CtrlRetLTM,,2,skipped,完整变量样本数小于 min_cross_section_n
FAC_rank_vol_m3_n6_pairwise1,2006-08-31,CtrlVol,,2,skipped,完整变量样本数小于 min_cross_section_n
FAC_rank_vol_m3_n6_pairwise1,2006-08-31,as_偏股混合型基金,,2,skipped,完整变量样本数小于 min_cross_section_n
FAC_rank_vol_m3_n6_pairwise1,2006-08-31,Ctrl_log_fund_size,,2,skipped,完整变量样本数小于 min_cross_section_n
FAC_rank_vol_m3_n6_pairwise1,2006-08-31,Ctrl_fund_age,,2,skipped,完整变量样本数小于 min_cross_section_n
FAC_rank_vol_m3_n6_pairwise1,2006-09-29,FAC_rank_vol_m3_n6_pairwise1,,3,skipped,完整变量样本数小于 min_cross_section_n
FAC_rank_vol_m3_n6_pairwise1,2006-09-29,CtrlRetSTR,,3,skipped,完整变量样本数小于 min_cross_section_n
FAC_rank_vol_m3_n6_pairwise1,2006-09-29,CtrlRetLTM,,3,skipped,完整变量样本数小于 min_cross_section_n
FAC_rank_vol_m3_n6_pairwise1,2006-09-29,CtrlVol,,3,skipped,完整变量样本数小于 min_cross_section_n
FAC_rank_vol_m3_n6_pairwise1,2006-09-29,as_偏股混合型基金,,3,skipped,完整变量样本数小于 min_cross_section_n
FAC_rank_vol_m3_n6_pairwise1,2006-09-29,Ctrl_log_fund_size,,3,skipped,完整变量样本数小于 min_cross_section_n
FAC_rank_vol_m3_n6_pairwise1,2006-09-29,Ctrl_fund_age,,3,skipped,完整变量样本数小于 min_cross_section_n
FAC_rank_vol_m3_n6_pairwise1,2006-10-31,FAC_rank_vol_m3_n6_pairwise1,,3,skipped,完整变量样本数小于 min_cross_section_n
FAC_rank_vol_m3_n6_pairwise1,2006-10-31,CtrlRetSTR,,3,skipped,完整变量样本数小于 min_cross_section_n
FAC_rank_vol_m3_n6_pairwise1,2006-10-31,CtrlRetLTM,,3,skipped,完整变量样本数小于 min_cross_section_n
FAC_rank_vol_m3_n6_pairwise1,2006-10-31,CtrlVol,,3,skipped,完整变量样本数小于 min_cross_section_n
FAC_rank_vol_m3_n6_pairwise1,2006-10-31,as_偏股混合型基金,,3,skipped,完整变量样本数小于 min_cross_section_n
FAC_rank_vol_m3_n6_pairwise1,2006-10-31,Ctrl_log_fund_size,,3,skipped,完整变量样本数小于 min_cross_section_n
FAC_rank_vol_m3_n6_pairwise1,2006-10-31,Ctrl_fund_age,,3,skipped,完整变量样本数小于 min_cross_section_n
FAC_rank_vol_m3_n6_pairwise1,2006-11-30,FAC_rank_vol_m3_n6_pairwise1,,3,skipped,完整变量样本数小于 min_cross_section_n
FAC_rank_vol_m3_n6_pairwise1,2006-11-30,CtrlRetSTR,,3,skipped,完整变量样本数小于 min_cross_section_n
FAC_rank_vol_m3_n6_pairwise1,2006-11-30,CtrlRetLTM,,3,skipped,完整变量样本数小于 min_cross_section_n
FAC_rank_vol_m3_n6_pairwise1,2006-11-30,CtrlVol,,3,skipped,完整变量样本数小于 min_cross_section_n
FAC_rank_vol_m3_n6_pairwise1,2006-11-30,as_偏股混合型基金,,3,skipped,完整变量样本数小于 min_cross_section_n
FAC_rank_vol_m3_n6_pairwise1,2006-11-30,Ctrl_log_fund_size,,3,skipped,完整变量样本数小于 min_cross_section_n
FAC_rank_vol_m3_n6_pairwise1,2006-11-30,Ctrl_fund_age,,3,skipped,完整变量样本数小于 min_cross_section_n
FAC_rank_vol_m3_n6_pairwise1,2006-12-29,FAC_rank_vol_m3_n6_pairwise1,,4,skipped,完整变量样本数小于 min_cross_section_n
FAC_rank_vol_m3_n6_pairwise1,2006-12-29,CtrlRetSTR,,4,skipped,完整变量样本数小于 min_cross_section_n
FAC_rank_vol_m3_n6_pairwise1,2006-12-29,CtrlRetLTM,,4,skipped,完整变量样本数小于 min_cross_section_n
FAC_rank_vol_m3_n6_pairwise1,2006-12-29,CtrlVol,,4,skipped,完整变量样本数小于 min_cross_section_n
FAC_rank_vol_m3_n6_pairwise1,2006-12-29,as_偏股混合型基金,,4,skipped,完整变量样本数小于 min_cross_section_n
FAC_rank_vol_m3_n6_pairwise1,2006-12-29,Ctrl_log_fund_size,,4,skipped,完整变量样本数小于 min_cross_section_n
FAC_rank_vol_m3_n6_pairwise1,2006-12-29,Ctrl_fund_age,,4,skipped,完整变量样本数小于 min_cross_section_n
FAC_rank_vol_m3_n6_pairwise1,2007-01-31,FAC_rank_vol_m3_n6_pairwise1,,4,skipped,完整变量样本数小于 min_cross_section_n
FAC_rank_vol_m3_n6_pairwise1,2007-01-31,CtrlRetSTR,,4,skipped,完整变量样本数小于 min_cross_section_n
FAC_rank_vol_m3_n6_pairwise1,2007-01-31,CtrlRetLTM,,4,skipped,完整变量样本数小于 min_cross_section_n
FAC_rank_vol_m3_n6_pairwise1,2007-01-31,CtrlVol,,4,skipped,完整变量样本数小于 min_cross_section_n
FAC_rank_vol_m3_n6_pairwise1,2007-01-31,as_偏股混合型基金,,4,skipped,完整变量样本数小于 min_cross_section_n
FAC_rank_vol_m3_n6_pairwise1,2007-01-31,Ctrl_log_fund_size,,4,skipped,完整变量样本数小于 min_cross_section_n
FAC_rank_vol_m3_n6_pairwise1,2007-01-31,Ctrl_fund_age,,4,skipped,完整变量样本数小于 min_cross_section_n
FAC_rank_vol_m3_n6_pairwise1,2007-02-28,FAC_rank_vol_m3_n6_pairwise1,,4,skipped,完整变量样本数小于 min_cross_section_n
FAC_rank_vol_m3_n6_pairwise1,2007-02-28,CtrlRetSTR,,4,skipped,完整变量样本数小于 min_cross_section_n
FAC_rank_vol_m3_n6_pairwise1,2007-02-28,CtrlRetLTM,,4,skipped,完整变量样本数小于 min_cross_section_n
FAC_rank_vol_m3_n6_pairwise1,2007-02-28,CtrlVol,,4,skipped,完整变量样本数小于 min_cross_section_n
FAC_rank_vol_m3_n6_pairwise1,2007-02-28,as_偏股混合型基金,,4,skipped,完整变量样本数小于 min_cross_section_n
FAC_rank_vol_m3_n6_pairwise1,2007-02-28,Ctrl_log_fund_size,,4,skipped,完整变量样本数小于 min_cross_section_n
FAC_rank_vol_m3_n6_pairwise1,2007-02-28,Ctrl_fund_age,,4,skipped,完整变量样本数小于 min_cross_section_n
FAC_rank_vol_m3_n6_pairwise1,2007-03-30,FAC_rank_vol_m3_n6_pairwise1,,4,skipped,完整变量样本数小于 min_cross_section_n
FAC_rank_vol_m3_n6_pairwise1,2007-03-30,CtrlRetSTR,,4,skipped,完整变量样本数小于 min_cross_section_n
FAC_rank_vol_m3_n6_pairwise1,2007-03-30,CtrlRetLTM,,4,skipped,完整变量样本数小于 min_cross_section_n
FAC_rank_vol_m3_n6_pairwise1,2007-03-30,CtrlVol,,4,skipped,完整变量样本数小于 min_cross_section_n
FAC_rank_vol_m3_n6_pairwise1,2007-03-30,as_偏股混合型基金,,4,skipped,完整变量样本数小于 min_cross_section_n
FAC_rank_vol_m3_n6_pairwise1,2007-03-30,Ctrl_log_fund_size,,4,skipped,完整变量样本数小于 min_cross_section_n
FAC_rank_vol_m3_n6_pairwise1,2007-03-30,Ctrl_fund_age,,4,skipped,完整变量样本数小于 min_cross_section_n
FAC_rank_vol_m3_n6_pairwise1,2007-04-30,FAC_rank_vol_m3_n6_pairwise1,,3,skipped,完整变量样本数小于 min_cross_section_n
FAC_rank_vol_m3_n6_pairwise1,2007-04-30,CtrlRetSTR,,3,skipped,完整变量样本数小于 min_cross_section_n
FAC_rank_vol_m3_n6_pairwise1,2007-04-30,CtrlRetLTM,,3,skipped,完整变量样本数小于 min_cross_section_n
FAC_rank_vol_m3_n6_pairwise1,2007-04-30,CtrlVol,,3,skipped,完整变量样本数小于 min_cross_section_n
FAC_rank_vol_m3_n6_pairwise1,2007-04-30,as_偏股混合型基金,,3,skipped,完整变量样本数小于 min_cross_section_n
FAC_rank_vol_m3_n6_pairwise1,2007-04-30,Ctrl_log_fund_size,,3,skipped,完整变量样本数小于 min_cross_section_n
FAC_rank_vol_m3_n6_pairwise1,2007-04-30,Ctrl_fund_age,,3,skipped,完整变量样本数小于 min_cross_section_n
FAC_rank_vol_m3_n6_pairwise1,2007-05-31,FAC_rank_vol_m3_n6_pairwise1,,2,skipped,完整变量样本数小于 min_cross_section_n
FAC_rank_vol_m3_n6_pairwise1,2007-05-31,CtrlRetSTR,,2,skipped,完整变量样本数小于 min_cross_section_n
FAC_rank_vol_m3_n6_pairwise1,2007-05-31,CtrlRetLTM,,2,skipped,完整变量样本数小于 min_cross_section_n
FAC_rank_vol_m3_n6_pairwise1,2007-05-31,CtrlVol,,2,skipped,完整变量样本数小于 min_cross_section_n
FAC_rank_vol_m3_n6_pairwise1,2007-05-31,as_偏股混合型基金,,2,skipped,完整变量样本数小于 min_cross_section_n
FAC_rank_vol_m3_n6_pairwise1,2007-05-31,Ctrl_log_fund_size,,2,skipped,完整变量样本数小于 min_cross_section_n
FAC_rank_vol_m3_n6_pairwise1,2007-05-31,Ctrl_fund_age,,2,skipped,完整变量样本数小于 min_cross_section_n
FAC_rank_vol_m3_n6_pairwise1,2007-06-29,FAC_rank_vol_m3_n6_pairwise1,,2,skipped,完整变量样本数小于 min_cross_section_n
FAC_rank_vol_m3_n6_pairwise1,2007-06-29,CtrlRetSTR,,2,skipped,完整变量样本数小于 min_cross_section_n
FAC_rank_vol_m3_n6_pairwise1,2007-06-29,CtrlRetLTM,,2,skipped,完整变量样本数小于 min_cross_section_n
FAC_rank_vol_m3_n6_pairwise1,2007-06-29,CtrlVol,,2,skipped,完整变量样本数小于 min_cross_section_n
FAC_rank_vol_m3_n6_pairwise1,2007-06-29,as_偏股混合型基金,,2,skipped,完整变量样本数小于 min_cross_section_n
FAC_rank_vol_m3_n6_pairwise1,2007-06-29,Ctrl_log_fund_size,,2,skipped,完整变量样本数小于 min_cross_section_n
FAC_rank_vol_m3_n6_pairwise1,2007-06-29,Ctrl_fund_age,,2,skipped,完整变量样本数小于 min_cross_section_n
FAC_rank_vol_m3_n6_pairwise1,2007-07-31,FAC_rank_vol_m3_n6_pairwise1,,4,skipped,完整变量样本数小于 min_cross_section_n
FAC_rank_vol_m3_n6_pairwise1,2007-07-31,CtrlRetSTR,,4,skipped,完整变量样本数小于 min_cross_section_n
FAC_rank_vol_m3_n6_pairwise1,2007-07-31,CtrlRetLTM,,4,skipped,完整变量样本数小于 min_cross_section_n
FAC_rank_vol_m3_n6_pairwise1,2007-07-31,CtrlVol,,4,skipped,完整变量样本数小于 min_cross_section_n
FAC_rank_vol_m3_n6_pairwise1,2007-07-31,as_偏股混合型基金,,4,skipped,完整变量样本数小于 min_cross_section_n
FAC_rank_vol_m3_n6_pairwise1,2007-07-31,Ctrl_log_fund_size,,4,skipped,完整变量样本数小于 min_cross_section_n
FAC_rank_vol_m3_n6_pairwise1,2007-07-31,Ctrl_fund_age,,4,skipped,完整变量样本数小于 min_cross_section_n
FAC_rank_vol_m3_n6_pairwise1,2007-08-31,FAC_rank_vol_m3_n6_pairwise1,,6,skipped,完整变量样本数小于 min_cross_section_n
FAC_rank_vol_m3_n6_pairwise1,2007-08-31,CtrlRetSTR,,6,skipped,完整变量样本数小于 min_cross_section_n
FAC_rank_vol_m3_n6_pairwise1,2007-08-31,CtrlRetLTM,,6,skipped,完整变量样本数小于 min_cross_section_n
FAC_rank_vol_m3_n6_pairwise1,2007-08-31,CtrlVol,,6,skipped,完整变量样本数小于 min_cross_section_n
FAC_rank_vol_m3_n6_pairwise1,2007-08-31,as_偏股混合型基金,,6,skipped,完整变量样本数小于 min_cross_section_n
FAC_rank_vol_m3_n6_pairwise1,2007-08-31,Ctrl_log_fund_size,,6,skipped,完整变量样本数小于 min_cross_section_n
FAC_rank_vol_m3_n6_pairwise1,2007-08-31,Ctrl_fund_age,,6,skipped,完整变量样本数小于 min_cross_section_n
FAC_rank_vol_m3_n6_pairwise1,2007-09-28,FAC_rank_vol_m3_n6_pairwise1,,5,skipped,完整变量样本数小于 min_cross_section_n
FAC_rank_vol_m3_n6_pairwise1,2007-09-28,CtrlRetSTR,,5,skipped,完整变量样本数小于 min_cross_section_n
FAC_rank_vol_m3_n6_pairwise1,2007-09-28,CtrlRetLTM,,5,skipped,完整变量样本数小于 min_cross_section_n
FAC_rank_vol_m3_n6_pairwise1,2007-09-28,CtrlVol,,5,skipped,完整变量样本数小于 min_cross_section_n
FAC_rank_vol_m3_n6_pairwise1,2007-09-28,as_偏股混合型基金,,5,skipped,完整变量样本数小于 min_cross_section_n
FAC_rank_vol_m3_n6_pairwise1,2007-09-28,Ctrl_log_fund_size,,5,skipped,完整变量样本数小于 min_cross_section_n
FAC_rank_vol_m3_n6_pairwise1,2007-09-28,Ctrl_fund_age,,5,skipped,完整变量样本数小于 min_cross_section_n
FAC_rank_vol_m3_n6_pairwise1,2007-10-31,FAC_rank_vol_m3_n6_pairwise1,,5,skipped,完整变量样本数小于 min_cross_section_n
FAC_rank_vol_m3_n6_pairwise1,2007-10-31,CtrlRetSTR,,5,skipped,完整变量样本数小于 min_cross_section_n
FAC_rank_vol_m3_n6_pairwise1,2007-10-31,CtrlRetLTM,,5,skipped,完整变量样本数小于 min_cross_section_n
FAC_rank_vol_m3_n6_pairwise1,2007-10-31,CtrlVol,,5,skipped,完整变量样本数小于 min_cross_section_n
FAC_rank_vol_m3_n6_pairwise1,2007-10-31,as_偏股混合型基金,,5,skipped,完整变量样本数小于 min_cross_section_n
FAC_rank_vol_m3_n6_pairwise1,2007-10-31,Ctrl_log_fund_size,,5,skipped,完整变量样本数小于 min_cross_section_n
FAC_rank_vol_m3_n6_pairwise1,2007-10-31,Ctrl_fund_age,,5,skipped,完整变量样本数小于 min_cross_section_n
FAC_rank_vol_m3_n6_pairwise1,2007-11-30,FAC_rank_vol_m3_n6_pairwise1,,5,skipped,完整变量样本数小于 min_cross_section_n
FAC_rank_vol_m3_n6_pairwise1,2007-11-30,CtrlRetSTR,,5,skipped,完整变量样本数小于 min_cross_section_n
FAC_rank_vol_m3_n6_pairwise1,2007-11-30,CtrlRetLTM,,5,skipped,完整变量样本数小于 min_cross_section_n
FAC_rank_vol_m3_n6_pairwise1,2007-11-30,CtrlVol,,5,skipped,完整变量样本数小于 min_cross_section_n
FAC_rank_vol_m3_n6_pairwise1,2007-11-30,as_偏股混合型基金,,5,skipped,完整变量样本数小于 min_cross_section_n
FAC_rank_vol_m3_n6_pairwise1,2007-11-30,Ctrl_log_fund_size,,5,skipped,完整变量样本数小于 min_cross_section_n
FAC_rank_vol_m3_n6_pairwise1,2007-11-30,Ctrl_fund_age,,5,skipped,完整变量样本数小于 min_cross_section_n
FAC_rank_vol_m3_n6_pairwise1,2007-12-28,FAC_rank_vol_m3_n6_pairwise1,,6,skipped,完整变量样本数小于 min_cross_section_n
FAC_rank_vol_m3_n6_pairwise1,2007-12-28,CtrlRetSTR,,6,skipped,完整变量样本数小于 min_cross_section_n
FAC_rank_vol_m3_n6_pairwise1,2007-12-28,CtrlRetLTM,,6,skipped,完整变量样本数小于 min_cross_section_n
FAC_rank_vol_m3_n6_pairwise1,2007-12-28,CtrlVol,,6,skipped,完整变量样本数小于 min_cross_section_n
FAC_rank_vol_m3_n6_pairwise1,2007-12-28,as_偏股混合型基金,,6,skipped,完整变量样本数小于 min_cross_section_n
FAC_rank_vol_m3_n6_pairwise1,2007-12-28,Ctrl_log_fund_size,,6,skipped,完整变量样本数小于 min_cross_section_n
FAC_rank_vol_m3_n6_pairwise1,2007-12-28,Ctrl_fund_age,,6,skipped,完整变量样本数小于 min_cross_section_n
FAC_rank_vol_m3_n6_pairwise1,2008-01-31,FAC_rank_vol_m3_n6_pairwise1,,6,skipped,完整变量样本数小于 min_cross_section_n
FAC_rank_vol_m3_n6_pairwise1,2008-01-31,CtrlRetSTR,,6,skipped,完整变量样本数小于 min_cross_section_n
FAC_rank_vol_m3_n6_pairwise1,2008-01-31,CtrlRetLTM,,6,skipped,完整变量样本数小于 min_cross_section_n
FAC_rank_vol_m3_n6_pairwise1,2008-01-31,CtrlVol,,6,skipped,完整变量样本数小于 min_cross_section_n
FAC_rank_vol_m3_n6_pairwise1,2008-01-31,as_偏股混合型基金,,6,skipped,完整变量样本数小于 min_cross_section_n
FAC_rank_vol_m3_n6_pairwise1,2008-01-31,Ctrl_log_fund_size,,6,skipped,完整变量样本数小于 min_cross_section_n
FAC_rank_vol_m3_n6_pairwise1,2008-01-31,Ctrl_fund_age,,6,skipped,完整变量样本数小于 min_cross_section_n
FAC_rank_vol_m3_n6_pairwise1,2008-02-29,FAC_rank_vol_m3_n6_pairwise1,,8,skipped,完整变量样本数小于 min_cross_section_n
FAC_rank_vol_m3_n6_pairwise1,2008-02-29,CtrlRetSTR,,8,skipped,完整变量样本数小于 min_cross_section_n
FAC_rank_vol_m3_n6_pairwise1,2008-02-29,CtrlRetLTM,,8,skipped,完整变量样本数小于 min_cross_section_n
FAC_rank_vol_m3_n6_pairwise1,2008-02-29,CtrlVol,,8,skipped,完整变量样本数小于 min_cross_section_n
FAC_rank_vol_m3_n6_pairwise1,2008-02-29,as_偏股混合型基金,,8,skipped,完整变量样本数小于 min_cross_section_n
FAC_rank_vol_m3_n6_pairwise1,2008-02-29,Ctrl_log_fund_size,,8,skipped,完整变量样本数小于 min_cross_section_n
FAC_rank_vol_m3_n6_pairwise1,2008-02-29,Ctrl_fund_age,,8,skipped,完整变量样本数小于 min_cross_section_n
FAC_rank_vol_m3_n6_pairwise1,2008-03-31,FAC_rank_vol_m3_n6_pairwise1,,7,skipped,完整变量样本数小于 min_cross_section_n
FAC_rank_vol_m3_n6_pairwise1,2008-03-31,CtrlRetSTR,,7,skipped,完整变量样本数小于 min_cross_section_n
FAC_rank_vol_m3_n6_pairwise1,2008-03-31,CtrlRetLTM,,7,skipped,完整变量样本数小于 min_cross_section_n
FAC_rank_vol_m3_n6_pairwise1,2008-03-31,CtrlVol,,7,skipped,完整变量样本数小于 min_cross_section_n
FAC_rank_vol_m3_n6_pairwise1,2008-03-31,as_偏股混合型基金,,7,skipped,完整变量样本数小于 min_cross_section_n
FAC_rank_vol_m3_n6_pairwise1,2008-03-31,Ctrl_log_fund_size,,7,skipped,完整变量样本数小于 min_cross_section_n
FAC_rank_vol_m3_n6_pairwise1,2008-03-31,Ctrl_fund_age,,7,skipped,完整变量样本数小于 min_cross_section_n
FAC_rank_vol_m3_n6_pairwise1,2008-04-30,FAC_rank_vol_m3_n6_pairwise1,,7,skipped,完整变量样本数小于 min_cross_section_n
FAC_rank_vol_m3_n6_pairwise1,2008-04-30,CtrlRetSTR,,7,skipped,完整变量样本数小于 min_cross_section_n
FAC_rank_vol_m3_n6_pairwise1,2008-04-30,CtrlRetLTM,,7,skipped,完整变量样本数小于 min_cross_section_n
FAC_rank_vol_m3_n6_pairwise1,2008-04-30,CtrlVol,,7,skipped,完整变量样本数小于 min_cross_section_n
FAC_rank_vol_m3_n6_pairwise1,2008-04-30,as_偏股混合型基金,,7,skipped,完整变量样本数小于 min_cross_section_n
FAC_rank_vol_m3_n6_pairwise1,2008-04-30,Ctrl_log_fund_size,,7,skipped,完整变量样本数小于 min_cross_section_n
FAC_rank_vol_m3_n6_pairwise1,2008-04-30,Ctrl_fund_age,,7,skipped,完整变量样本数小于 min_cross_section_n
FAC_rank_vol_m3_n6_pairwise1,2008-05-30,FAC_rank_vol_m3_n6_pairwise1,,9,skipped,完整变量样本数小于 min_cross_section_n
FAC_rank_vol_m3_n6_pairwise1,2008-05-30,CtrlRetSTR,,9,skipped,完整变量样本数小于 min_cross_section_n
FAC_rank_vol_m3_n6_pairwise1,2008-05-30,CtrlRetLTM,,9,skipped,完整变量样本数小于 min_cross_section_n
FAC_rank_vol_m3_n6_pairwise1,2008-05-30,CtrlVol,,9,skipped,完整变量样本数小于 min_cross_section_n
FAC_rank_vol_m3_n6_pairwise1,2008-05-30,as_偏股混合型基金,,9,skipped,完整变量样本数小于 min_cross_section_n
FAC_rank_vol_m3_n6_pairwise1,2008-05-30,Ctrl_log_fund_size,,9,skipped,完整变量样本数小于 min_cross_section_n
FAC_rank_vol_m3_n6_pairwise1,2008-05-30,Ctrl_fund_age,,9,skipped,完整变量样本数小于 min_cross_section_n
FAC_rank_vol_m3_n6_pairwise1,2008-06-30,FAC_rank_vol_m3_n6_pairwise1,,10,skipped,完整变量样本数小于 min_cross_section_n
FAC_rank_vol_m3_n6_pairwise1,2008-06-30,CtrlRetSTR,,10,skipped,完整变量样本数小于 min_cross_section_n
FAC_rank_vol_m3_n6_pairwise1,2008-06-30,CtrlRetLTM,,10,skipped,完整变量样本数小于 min_cross_section_n
FAC_rank_vol_m3_n6_pairwise1,2008-06-30,CtrlVol,,10,skipped,完整变量样本数小于 min_cross_section_n
FAC_rank_vol_m3_n6_pairwise1,2008-06-30,as_偏股混合型基金,,10,skipped,完整变量样本数小于 min_cross_section_n
FAC_rank_vol_m3_n6_pairwise1,2008-06-30,Ctrl_log_fund_size,,10,skipped,完整变量样本数小于 min_cross_section_n
FAC_rank_vol_m3_n6_pairwise1,2008-06-30,Ctrl_fund_age,,10,skipped,完整变量样本数小于 min_cross_section_n
FAC_rank_vol_m3_n6_pairwise1,2008-07-31,FAC_rank_vol_m3_n6_pairwise1,,12,skipped,完整变量样本数小于 min_cross_section_n
FAC_rank_vol_m3_n6_pairwise1,2008-07-31,CtrlRetSTR,,12,skipped,完整变量样本数小于 min_cross_section_n
FAC_rank_vol_m3_n6_pairwise1,2008-07-31,CtrlRetLTM,,12,skipped,完整变量样本数小于 min_cross_section_n
FAC_rank_vol_m3_n6_pairwise1,2008-07-31,CtrlVol,,12,skipped,完整变量样本数小于 min_cross_section_n
FAC_rank_vol_m3_n6_pairwise1,2008-07-31,as_偏股混合型基金,,12,skipped,完整变量样本数小于 min_cross_section_n
FAC_rank_vol_m3_n6_pairwise1,2008-07-31,Ctrl_log_fund_size,,12,skipped,完整变量样本数小于 min_cross_section_n
FAC_rank_vol_m3_n6_pairwise1,2008-07-31,Ctrl_fund_age,,12,skipped,完整变量样本数小于 min_cross_section_n
FAC_rank_vol_m3_n6_pairwise1,2008-08-29,FAC_rank_vol_m3_n6_pairwise1,,12,skipped,完整变量样本数小于 min_cross_section_n
FAC_rank_vol_m3_n6_pairwise1,2008-08-29,CtrlRetSTR,,12,skipped,完整变量样本数小于 min_cross_section_n
FAC_rank_vol_m3_n6_pairwise1,2008-08-29,CtrlRetLTM,,12,skipped,完整变量样本数小于 min_cross_section_n
FAC_rank_vol_m3_n6_pairwise1,2008-08-29,CtrlVol,,12,skipped,完整变量样本数小于 min_cross_section_n
FAC_rank_vol_m3_n6_pairwise1,2008-08-29,as_偏股混合型基金,,12,skipped,完整变量样本数小于 min_cross_section_n
FAC_rank_vol_m3_n6_pairwise1,2008-08-29,Ctrl_log_fund_size,,12,skipped,完整变量样本数小于 min_cross_section_n
FAC_rank_vol_m3_n6_pairwise1,2008-08-29,Ctrl_fund_age,,12,skipped,完整变量样本数小于 min_cross_section_n
FAC_rank_vol_m3_n6_pairwise1,2008-09-26,FAC_rank_vol_m3_n6_pairwise1,,13,skipped,完整变量样本数小于 min_cross_section_n
FAC_rank_vol_m3_n6_pairwise1,2008-09-26,CtrlRetSTR,,13,skipped,完整变量样本数小于 min_cross_section_n
FAC_rank_vol_m3_n6_pairwise1,2008-09-26,CtrlRetLTM,,13,skipped,完整变量样本数小于 min_cross_section_n
FAC_rank_vol_m3_n6_pairwise1,2008-09-26,CtrlVol,,13,skipped,完整变量样本数小于 min_cross_section_n
FAC_rank_vol_m3_n6_pairwise1,2008-09-26,as_偏股混合型基金,,13,skipped,完整变量样本数小于 min_cross_section_n
FAC_rank_vol_m3_n6_pairwise1,2008-09-26,Ctrl_log_fund_size,,13,skipped,完整变量样本数小于 min_cross_section_n
FAC_rank_vol_m3_n6_pairwise1,2008-09-26,Ctrl_fund_age,,13,skipped,完整变量样本数小于 min_cross_section_n
FAC_rank_vol_m3_n6_pairwise1,2008-10-31,FAC_rank_vol_m3_n6_pairwise1,,13,skipped,完整变量样本数小于 min_cross_section_n
FAC_rank_vol_m3_n6_pairwise1,2008-10-31,CtrlRetSTR,,13,skipped,完整变量样本数小于 min_cross_section_n
FAC_rank_vol_m3_n6_pairwise1,2008-10-31,CtrlRetLTM,,13,skipped,完整变量样本数小于 min_cross_section_n
FAC_rank_vol_m3_n6_pairwise1,2008-10-31,CtrlVol,,13,skipped,完整变量样本数小于 min_cross_section_n
FAC_rank_vol_m3_n6_pairwise1,2008-10-31,as_偏股混合型基金,,13,skipped,完整变量样本数小于 min_cross_section_n
FAC_rank_vol_m3_n6_pairwise1,2008-10-31,Ctrl_log_fund_size,,13,skipped,完整变量样本数小于 min_cross_section_n
FAC_rank_vol_m3_n6_pairwise1,2008-10-31,Ctrl_fund_age,,13,skipped,完整变量样本数小于 min_cross_section_n
FAC_rank_vol_m3_n6_pairwise1,2008-11-28,FAC_rank_vol_m3_n6_pairwise1,,15,skipped,完整变量样本数小于 min_cross_section_n
FAC_rank_vol_m3_n6_pairwise1,2008-11-28,CtrlRetSTR,,15,skipped,完整变量样本数小于 min_cross_section_n
FAC_rank_vol_m3_n6_pairwise1,2008-11-28,CtrlRetLTM,,15,skipped,完整变量样本数小于 min_cross_section_n
FAC_rank_vol_m3_n6_pairwise1,2008-11-28,CtrlVol,,15,skipped,完整变量样本数小于 min_cross_section_n
FAC_rank_vol_m3_n6_pairwise1,2008-11-28,as_偏股混合型基金,,15,skipped,完整变量样本数小于 min_cross_section_n
FAC_rank_vol_m3_n6_pairwise1,2008-11-28,Ctrl_log_fund_size,,15,skipped,完整变量样本数小于 min_cross_section_n
FAC_rank_vol_m3_n6_pairwise1,2008-11-28,Ctrl_fund_age,,15,skipped,完整变量样本数小于 min_cross_section_n
FAC_rank_vol_m3_n6_pairwise1,2008-12-31,FAC_rank_vol_m3_n6_pairwise1,,17,skipped,完整变量样本数小于 min_cross_section_n
FAC_rank_vol_m3_n6_pairwise1,2008-12-31,CtrlRetSTR,,17,skipped,完整变量样本数小于 min_cross_section_n
FAC_rank_vol_m3_n6_pairwise1,2008-12-31,CtrlRetLTM,,17,skipped,完整变量样本数小于 min_cross_section_n
FAC_rank_vol_m3_n6_pairwise1,2008-12-31,CtrlVol,,17,skipped,完整变量样本数小于 min_cross_section_n
FAC_rank_vol_m3_n6_pairwise1,2008-12-31,as_偏股混合型基金,,17,skipped,完整变量样本数小于 min_cross_section_n
FAC_rank_vol_m3_n6_pairwise1,2008-12-31,Ctrl_log_fund_size,,17,skipped,完整变量样本数小于 min_cross_section_n
FAC_rank_vol_m3_n6_pairwise1,2008-12-31,Ctrl_fund_age,,17,skipped,完整变量样本数小于 min_cross_section_n
FAC_rank_vol_m3_n6_pairwise1,2009-01-23,FAC_rank_vol_m3_n6_pairwise1,,17,skipped,完整变量样本数小于 min_cross_section_n
FAC_rank_vol_m3_n6_pairwise1,2009-01-23,CtrlRetSTR,,17,skipped,完整变量样本数小于 min_cross_section_n
FAC_rank_vol_m3_n6_pairwise1,2009-01-23,CtrlRetLTM,,17,skipped,完整变量样本数小于 min_cross_section_n
FAC_rank_vol_m3_n6_pairwise1,2009-01-23,CtrlVol,,17,skipped,完整变量样本数小于 min_cross_section_n
FAC_rank_vol_m3_n6_pairwise1,2009-01-23,as_偏股混合型基金,,17,skipped,完整变量样本数小于 min_cross_section_n
FAC_rank_vol_m3_n6_pairwise1,2009-01-23,Ctrl_log_fund_size,,17,skipped,完整变量样本数小于 min_cross_section_n
FAC_rank_vol_m3_n6_pairwise1,2009-01-23,Ctrl_fund_age,,17,skipped,完整变量样本数小于 min_cross_section_n
FAC_rank_vol_m3_n6_pairwise1,2009-02-27,FAC_rank_vol_m3_n6_pairwise1,,18,skipped,完整变量样本数小于 min_cross_section_n
FAC_rank_vol_m3_n6_pairwise1,2009-02-27,CtrlRetSTR,,18,skipped,完整变量样本数小于 min_cross_section_n
FAC_rank_vol_m3_n6_pairwise1,2009-02-27,CtrlRetLTM,,18,skipped,完整变量样本数小于 min_cross_section_n
FAC_rank_vol_m3_n6_pairwise1,2009-02-27,CtrlVol,,18,skipped,完整变量样本数小于 min_cross_section_n
FAC_rank_vol_m3_n6_pairwise1,2009-02-27,as_偏股混合型基金,,18,skipped,完整变量样本数小于 min_cross_section_n
FAC_rank_vol_m3_n6_pairwise1,2009-02-27,Ctrl_log_fund_size,,18,skipped,完整变量样本数小于 min_cross_section_n
FAC_rank_vol_m3_n6_pairwise1,2009-02-27,Ctrl_fund_age,,18,skipped,完整变量样本数小于 min_cross_section_n
FAC_rank_vol_m3_n6_pairwise1,2009-03-31,FAC_rank_vol_m3_n6_pairwise1,,16,skipped,完整变量样本数小于 min_cross_section_n
FAC_rank_vol_m3_n6_pairwise1,2009-03-31,CtrlRetSTR,,16,skipped,完整变量样本数小于 min_cross_section_n
FAC_rank_vol_m3_n6_pairwise1,2009-03-31,CtrlRetLTM,,16,skipped,完整变量样本数小于 min_cross_section_n
FAC_rank_vol_m3_n6_pairwise1,2009-03-31,CtrlVol,,16,skipped,完整变量样本数小于 min_cross_section_n
FAC_rank_vol_m3_n6_pairwise1,2009-03-31,as_偏股混合型基金,,16,skipped,完整变量样本数小于 min_cross_section_n
FAC_rank_vol_m3_n6_pairwise1,2009-03-31,Ctrl_log_fund_size,,16,skipped,完整变量样本数小于 min_cross_section_n
FAC_rank_vol_m3_n6_pairwise1,2009-03-31,Ctrl_fund_age,,16,skipped,完整变量样本数小于 min_cross_section_n
FAC_rank_vol_m3_n6_pairwise1,2009-04-30,FAC_rank_vol_m3_n6_pairwise1,,18,skipped,完整变量样本数小于 min_cross_section_n
FAC_rank_vol_m3_n6_pairwise1,2009-04-30,CtrlRetSTR,,18,skipped,完整变量样本数小于 min_cross_section_n
FAC_rank_vol_m3_n6_pairwise1,2009-04-30,CtrlRetLTM,,18,skipped,完整变量样本数小于 min_cross_section_n
FAC_rank_vol_m3_n6_pairwise1,2009-04-30,CtrlVol,,18,skipped,完整变量样本数小于 min_cross_section_n
FAC_rank_vol_m3_n6_pairwise1,2009-04-30,as_偏股混合型基金,,18,skipped,完整变量样本数小于 min_cross_section_n
FAC_rank_vol_m3_n6_pairwise1,2009-04-30,Ctrl_log_fund_size,,18,skipped,完整变量样本数小于 min_cross_section_n
FAC_rank_vol_m3_n6_pairwise1,2009-04-30,Ctrl_fund_age,,18,skipped,完整变量样本数小于 min_cross_section_n
FAC_rank_vol_m3_n6_pairwise1,2009-05-27,FAC_rank_vol_m3_n6_pairwise1,,20,skipped,完整变量样本数小于 min_cross_section_n
FAC_rank_vol_m3_n6_pairwise1,2009-05-27,CtrlRetSTR,,20,skipped,完整变量样本数小于 min_cross_section_n
FAC_rank_vol_m3_n6_pairwise1,2009-05-27,CtrlRetLTM,,20,skipped,完整变量样本数小于 min_cross_section_n
FAC_rank_vol_m3_n6_pairwise1,2009-05-27,CtrlVol,,20,skipped,完整变量样本数小于 min_cross_section_n
FAC_rank_vol_m3_n6_pairwise1,2009-05-27,as_偏股混合型基金,,20,skipped,完整变量样本数小于 min_cross_section_n
FAC_rank_vol_m3_n6_pairwise1,2009-05-27,Ctrl_log_fund_size,,20,skipped,完整变量样本数小于 min_cross_section_n
FAC_rank_vol_m3_n6_pairwise1,2009-05-27,Ctrl_fund_age,,20,skipped,完整变量样本数小于 min_cross_section_n
FAC_rank_vol_m3_n6_pairwise1,2009-06-30,FAC_rank_vol_m3_n6_pairwise1,,20,skipped,完整变量样本数小于 min_cross_section_n
FAC_rank_vol_m3_n6_pairwise1,2009-06-30,CtrlRetSTR,,20,skipped,完整变量样本数小于 min_cross_section_n
FAC_rank_vol_m3_n6_pairwise1,2009-06-30,CtrlRetLTM,,20,skipped,完整变量样本数小于 min_cross_section_n
FAC_rank_vol_m3_n6_pairwise1,2009-06-30,CtrlVol,,20,skipped,完整变量样本数小于 min_cross_section_n
FAC_rank_vol_m3_n6_pairwise1,2009-06-30,as_偏股混合型基金,,20,skipped,完整变量样本数小于 min_cross_section_n
FAC_rank_vol_m3_n6_pairwise1,2009-06-30,Ctrl_log_fund_size,,20,skipped,完整变量样本数小于 min_cross_section_n
FAC_rank_vol_m3_n6_pairwise1,2009-06-30,Ctrl_fund_age,,20,skipped,完整变量样本数小于 min_cross_section_n
FAC_rank_vol_m3_n6_pairwise1,2009-07-31,FAC_rank_vol_m3_n6_pairwise1,,20,skipped,完整变量样本数小于 min_cross_section_n
FAC_rank_vol_m3_n6_pairwise1,2009-07-31,CtrlRetSTR,,20,skipped,完整变量样本数小于 min_cross_section_n
FAC_rank_vol_m3_n6_pairwise1,2009-07-31,CtrlRetLTM,,20,skipped,完整变量样本数小于 min_cross_section_n
FAC_rank_vol_m3_n6_pairwise1,2009-07-31,CtrlVol,,20,skipped,完整变量样本数小于 min_cross_section_n
FAC_rank_vol_m3_n6_pairwise1,2009-07-31,as_偏股混合型基金,,20,skipped,完整变量样本数小于 min_cross_section_n
FAC_rank_vol_m3_n6_pairwise1,2009-07-31,Ctrl_log_fund_size,,20,skipped,完整变量样本数小于 min_cross_section_n
FAC_rank_vol_m3_n6_pairwise1,2009-07-31,Ctrl_fund_age,,20,skipped,完整变量样本数小于 min_cross_section_n
FAC_rank_vol_m3_n6_pairwise1,2009-08-31,FAC_rank_vol_m3_n6_pairwise1,,21,skipped,完整变量样本数小于 min_cross_section_n
FAC_rank_vol_m3_n6_pairwise1,2009-08-31,CtrlRetSTR,,21,skipped,完整变量样本数小于 min_cross_section_n
FAC_rank_vol_m3_n6_pairwise1,2009-08-31,CtrlRetLTM,,21,skipped,完整变量样本数小于 min_cross_section_n
FAC_rank_vol_m3_n6_pairwise1,2009-08-31,CtrlVol,,21,skipped,完整变量样本数小于 min_cross_section_n
FAC_rank_vol_m3_n6_pairwise1,2009-08-31,as_偏股混合型基金,,21,skipped,完整变量样本数小于 min_cross_section_n
FAC_rank_vol_m3_n6_pairwise1,2009-08-31,Ctrl_log_fund_size,,21,skipped,完整变量样本数小于 min_cross_section_n
FAC_rank_vol_m3_n6_pairwise1,2009-08-31,Ctrl_fund_age,,21,skipped,完整变量样本数小于 min_cross_section_n
FAC_rank_vol_m3_n6_pairwise1,2009-09-30,FAC_rank_vol_m3_n6_pairwise1,,23,skipped,完整变量样本数小于 min_cross_section_n
FAC_rank_vol_m3_n6_pairwise1,2009-09-30,CtrlRetSTR,,23,skipped,完整变量样本数小于 min_cross_section_n
FAC_rank_vol_m3_n6_pairwise1,2009-09-30,CtrlRetLTM,,23,skipped,完整变量样本数小于 min_cross_section_n
FAC_rank_vol_m3_n6_pairwise1,2009-09-30,CtrlVol,,23,skipped,完整变量样本数小于 min_cross_section_n
FAC_rank_vol_m3_n6_pairwise1,2009-09-30,as_偏股混合型基金,,23,skipped,完整变量样本数小于 min_cross_section_n
FAC_rank_vol_m3_n6_pairwise1,2009-09-30,Ctrl_log_fund_size,,23,skipped,完整变量样本数小于 min_cross_section_n
FAC_rank_vol_m3_n6_pairwise1,2009-09-30,Ctrl_fund_age,,23,skipped,完整变量样本数小于 min_cross_section_n
FAC_rank_vol_m3_n6_pairwise1,2009-10-30,FAC_rank_vol_m3_n6_pairwise1,,25,skipped,完整变量样本数小于 min_cross_section_n
FAC_rank_vol_m3_n6_pairwise1,2009-10-30,CtrlRetSTR,,25,skipped,完整变量样本数小于 min_cross_section_n
FAC_rank_vol_m3_n6_pairwise1,2009-10-30,CtrlRetLTM,,25,skipped,完整变量样本数小于 min_cross_section_n
FAC_rank_vol_m3_n6_pairwise1,2009-10-30,CtrlVol,,25,skipped,完整变量样本数小于 min_cross_section_n
FAC_rank_vol_m3_n6_pairwise1,2009-10-30,as_偏股混合型基金,,25,skipped,完整变量样本数小于 min_cross_section_n
FAC_rank_vol_m3_n6_pairwise1,2009-10-30,Ctrl_log_fund_size,,25,skipped,完整变量样本数小于 min_cross_section_n
FAC_rank_vol_m3_n6_pairwise1,2009-10-30,Ctrl_fund_age,,25,skipped,完整变量样本数小于 min_cross_section_n
FAC_rank_vol_m3_n6_pairwise1,2009-11-30,FAC_rank_vol_m3_n6_pairwise1,,26,skipped,完整变量样本数小于 min_cross_section_n
FAC_rank_vol_m3_n6_pairwise1,2009-11-30,CtrlRetSTR,,26,skipped,完整变量样本数小于 min_cross_section_n
FAC_rank_vol_m3_n6_pairwise1,2009-11-30,CtrlRetLTM,,26,skipped,完整变量样本数小于 min_cross_section_n
FAC_rank_vol_m3_n6_pairwise1,2009-11-30,CtrlVol,,26,skipped,完整变量样本数小于 min_cross_section_n
FAC_rank_vol_m3_n6_pairwise1,2009-11-30,as_偏股混合型基金,,26,skipped,完整变量样本数小于 min_cross_section_n
FAC_rank_vol_m3_n6_pairwise1,2009-11-30,Ctrl_log_fund_size,,26,skipped,完整变量样本数小于 min_cross_section_n
FAC_rank_vol_m3_n6_pairwise1,2009-11-30,Ctrl_fund_age,,26,skipped,完整变量样本数小于 min_cross_section_n
FAC_rank_vol_m3_n6_pairwise1,2009-12-31,FAC_rank_vol_m3_n6_pairwise1,,29,skipped,完整变量样本数小于 min_cross_section_n
FAC_rank_vol_m3_n6_pairwise1,2009-12-31,CtrlRetSTR,,29,skipped,完整变量样本数小于 min_cross_section_n
FAC_rank_vol_m3_n6_pairwise1,2009-12-31,CtrlRetLTM,,29,skipped,完整变量样本数小于 min_cross_section_n
FAC_rank_vol_m3_n6_pairwise1,2009-12-31,CtrlVol,,29,skipped,完整变量样本数小于 min_cross_section_n
FAC_rank_vol_m3_n6_pairwise1,2009-12-31,as_偏股混合型基金,,29,skipped,完整变量样本数小于 min_cross_section_n
FAC_rank_vol_m3_n6_pairwise1,2009-12-31,Ctrl_log_fund_size,,29,skipped,完整变量样本数小于 min_cross_section_n
FAC_rank_vol_m3_n6_pairwise1,2009-12-31,Ctrl_fund_age,,29,skipped,完整变量样本数小于 min_cross_section_n
FAC_rank_vol_m3_n6_pairwise1,2010-01-29,FAC_rank_vol_m3_n6_pairwise1,,27,skipped,完整变量样本数小于 min_cross_section_n
FAC_rank_vol_m3_n6_pairwise1,2010-01-29,CtrlRetSTR,,27,skipped,完整变量样本数小于 min_cross_section_n
FAC_rank_vol_m3_n6_pairwise1,2010-01-29,CtrlRetLTM,,27,skipped,完整变量样本数小于 min_cross_section_n
FAC_rank_vol_m3_n6_pairwise1,2010-01-29,CtrlVol,,27,skipped,完整变量样本数小于 min_cross_section_n
FAC_rank_vol_m3_n6_pairwise1,2010-01-29,as_偏股混合型基金,,27,skipped,完整变量样本数小于 min_cross_section_n
FAC_rank_vol_m3_n6_pairwise1,2010-01-29,Ctrl_log_fund_size,,27,skipped,完整变量样本数小于 min_cross_section_n
FAC_rank_vol_m3_n6_pairwise1,2010-01-29,Ctrl_fund_age,,27,skipped,完整变量样本数小于 min_cross_section_n
FAC_rank_vol_m3_n6_pairwise1,2010-02-26,FAC_rank_vol_m3_n6_pairwise1,,29,skipped,完整变量样本数小于 min_cross_section_n
FAC_rank_vol_m3_n6_pairwise1,2010-02-26,CtrlRetSTR,,29,skipped,完整变量样本数小于 min_cross_section_n
FAC_rank_vol_m3_n6_pairwise1,2010-02-26,CtrlRetLTM,,29,skipped,完整变量样本数小于 min_cross_section_n
FAC_rank_vol_m3_n6_pairwise1,2010-02-26,CtrlVol,,29,skipped,完整变量样本数小于 min_cross_section_n
FAC_rank_vol_m3_n6_pairwise1,2010-02-26,as_偏股混合型基金,,29,skipped,完整变量样本数小于 min_cross_section_n
FAC_rank_vol_m3_n6_pairwise1,2010-02-26,Ctrl_log_fund_size,,29,skipped,完整变量样本数小于 min_cross_section_n
FAC_rank_vol_m3_n6_pairwise1,2010-02-26,Ctrl_fund_age,,29,skipped,完整变量样本数小于 min_cross_section_n
FAC_rank_vol_m3_n6_pairwise1,2010-03-31,FAC_rank_vol_m3_n6_pairwise1,,30,skipped,完整变量样本数小于 min_cross_section_n
FAC_rank_vol_m3_n6_pairwise1,2010-03-31,CtrlRetSTR,,30,skipped,完整变量样本数小于 min_cross_section_n
FAC_rank_vol_m3_n6_pairwise1,2010-03-31,CtrlRetLTM,,30,skipped,完整变量样本数小于 min_cross_section_n
FAC_rank_vol_m3_n6_pairwise1,2010-03-31,CtrlVol,,30,skipped,完整变量样本数小于 min_cross_section_n
FAC_rank_vol_m3_n6_pairwise1,2010-03-31,as_偏股混合型基金,,30,skipped,完整变量样本数小于 min_cross_section_n
FAC_rank_vol_m3_n6_pairwise1,2010-03-31,Ctrl_log_fund_size,,30,skipped,完整变量样本数小于 min_cross_section_n
FAC_rank_vol_m3_n6_pairwise1,2010-03-31,Ctrl_fund_age,,30,skipped,完整变量样本数小于 min_cross_section_n
FAC_rank_vol_m3_n6_pairwise1,2010-04-30,FAC_rank_vol_m3_n6_pairwise1,,30,skipped,完整变量样本数小于 min_cross_section_n
FAC_rank_vol_m3_n6_pairwise1,2010-04-30,CtrlRetSTR,,30,skipped,完整变量样本数小于 min_cross_section_n
FAC_rank_vol_m3_n6_pairwise1,2010-04-30,CtrlRetLTM,,30,skipped,完整变量样本数小于 min_cross_section_n
FAC_rank_vol_m3_n6_pairwise1,2010-04-30,CtrlVol,,30,skipped,完整变量样本数小于 min_cross_section_n
FAC_rank_vol_m3_n6_pairwise1,2010-04-30,as_偏股混合型基金,,30,skipped,完整变量样本数小于 min_cross_section_n
FAC_rank_vol_m3_n6_pairwise1,2010-04-30,Ctrl_log_fund_size,,30,skipped,完整变量样本数小于 min_cross_section_n
FAC_rank_vol_m3_n6_pairwise1,2010-04-30,Ctrl_fund_age,,30,skipped,完整变量样本数小于 min_cross_section_n
FAC_rank_vol_m3_n6_pairwise1,2010-05-31,FAC_rank_vol_m3_n6_pairwise1,,28,skipped,完整变量样本数小于 min_cross_section_n
FAC_rank_vol_m3_n6_pairwise1,2010-05-31,CtrlRetSTR,,28,skipped,完整变量样本数小于 min_cross_section_n
FAC_rank_vol_m3_n6_pairwise1,2010-05-31,CtrlRetLTM,,28,skipped,完整变量样本数小于 min_cross_section_n
FAC_rank_vol_m3_n6_pairwise1,2010-05-31,CtrlVol,,28,skipped,完整变量样本数小于 min_cross_section_n
FAC_rank_vol_m3_n6_pairwise1,2010-05-31,as_偏股混合型基金,,28,skipped,完整变量样本数小于 min_cross_section_n
FAC_rank_vol_m3_n6_pairwise1,2010-05-31,Ctrl_log_fund_size,,28,skipped,完整变量样本数小于 min_cross_section_n
FAC_rank_vol_m3_n6_pairwise1,2010-05-31,Ctrl_fund_age,,28,skipped,完整变量样本数小于 min_cross_section_n
FAC_rank_vol_m3_n6_pairwise1,2010-06-30,FAC_rank_vol_m3_n6_pairwise1,,28,skipped,完整变量样本数小于 min_cross_section_n
FAC_rank_vol_m3_n6_pairwise1,2010-06-30,CtrlRetSTR,,28,skipped,完整变量样本数小于 min_cross_section_n
FAC_rank_vol_m3_n6_pairwise1,2010-06-30,CtrlRetLTM,,28,skipped,完整变量样本数小于 min_cross_section_n
FAC_rank_vol_m3_n6_pairwise1,2010-06-30,CtrlVol,,28,skipped,完整变量样本数小于 min_cross_section_n
FAC_rank_vol_m3_n6_pairwise1,2010-06-30,as_偏股混合型基金,,28,skipped,完整变量样本数小于 min_cross_section_n
FAC_rank_vol_m3_n6_pairwise1,2010-06-30,Ctrl_log_fund_size,,28,skipped,完整变量样本数小于 min_cross_section_n
FAC_rank_vol_m3_n6_pairwise1,2010-06-30,Ctrl_fund_age,,28,skipped,完整变量样本数小于 min_cross_section_n
FAC_rank_vol_m3_n6_pairwise1,2010-07-30,FAC_rank_vol_m3_n6_pairwise1,,29,skipped,完整变量样本数小于 min_cross_section_n
FAC_rank_vol_m3_n6_pairwise1,2010-07-30,CtrlRetSTR,,29,skipped,完整变量样本数小于 min_cross_section_n
FAC_rank_vol_m3_n6_pairwise1,2010-07-30,CtrlRetLTM,,29,skipped,完整变量样本数小于 min_cross_section_n
FAC_rank_vol_m3_n6_pairwise1,2010-07-30,CtrlVol,,29,skipped,完整变量样本数小于 min_cross_section_n
FAC_rank_vol_m3_n6_pairwise1,2010-07-30,as_偏股混合型基金,,29,skipped,完整变量样本数小于 min_cross_section_n
FAC_rank_vol_m3_n6_pairwise1,2010-07-30,Ctrl_log_fund_size,,29,skipped,完整变量样本数小于 min_cross_section_n
FAC_rank_vol_m3_n6_pairwise1,2010-07-30,Ctrl_fund_age,,29,skipped,完整变量样本数小于 min_cross_section_n
FAC_rank_vol_m3_n6_pairwise1,2010-08-31,FAC_rank_vol_m3_n6_pairwise1,,27,skipped,完整变量样本数小于 min_cross_section_n
FAC_rank_vol_m3_n6_pairwise1,2010-08-31,CtrlRetSTR,,27,skipped,完整变量样本数小于 min_cross_section_n
FAC_rank_vol_m3_n6_pairwise1,2010-08-31,CtrlRetLTM,,27,skipped,完整变量样本数小于 min_cross_section_n
FAC_rank_vol_m3_n6_pairwise1,2010-08-31,CtrlVol,,27,skipped,完整变量样本数小于 min_cross_section_n
FAC_rank_vol_m3_n6_pairwise1,2010-08-31,as_偏股混合型基金,,27,skipped,完整变量样本数小于 min_cross_section_n
FAC_rank_vol_m3_n6_pairwise1,2010-08-31,Ctrl_log_fund_size,,27,skipped,完整变量样本数小于 min_cross_section_n
FAC_rank_vol_m3_n6_pairwise1,2010-08-31,Ctrl_fund_age,,27,skipped,完整变量样本数小于 min_cross_section_n
FAC_rank_vol_m3_n6_pairwise1,2010-09-30,FAC_rank_vol_m3_n6_pairwise1,,30,skipped,完整变量样本数小于 min_cross_section_n
FAC_rank_vol_m3_n6_pairwise1,2010-09-30,CtrlRetSTR,,30,skipped,完整变量样本数小于 min_cross_section_n
FAC_rank_vol_m3_n6_pairwise1,2010-09-30,CtrlRetLTM,,30,skipped,完整变量样本数小于 min_cross_section_n
FAC_rank_vol_m3_n6_pairwise1,2010-09-30,CtrlVol,,30,skipped,完整变量样本数小于 min_cross_section_n
FAC_rank_vol_m3_n6_pairwise1,2010-09-30,as_偏股混合型基金,,30,skipped,完整变量样本数小于 min_cross_section_n
FAC_rank_vol_m3_n6_pairwise1,2010-09-30,Ctrl_log_fund_size,,30,skipped,完整变量样本数小于 min_cross_section_n
FAC_rank_vol_m3_n6_pairwise1,2010-09-30,Ctrl_fund_age,,30,skipped,完整变量样本数小于 min_cross_section_n
FAC_rank_vol_m3_n6_pairwise1,2010-10-29,FAC_rank_vol_m3_n6_pairwise1,,28,skipped,完整变量样本数小于 min_cross_section_n
FAC_rank_vol_m3_n6_pairwise1,2010-10-29,CtrlRetSTR,,28,skipped,完整变量样本数小于 min_cross_section_n
FAC_rank_vol_m3_n6_pairwise1,2010-10-29,CtrlRetLTM,,28,skipped,完整变量样本数小于 min_cross_section_n
FAC_rank_vol_m3_n6_pairwise1,2010-10-29,CtrlVol,,28,skipped,完整变量样本数小于 min_cross_section_n
FAC_rank_vol_m3_n6_pairwise1,2010-10-29,as_偏股混合型基金,,28,skipped,完整变量样本数小于 min_cross_section_n
FAC_rank_vol_m3_n6_pairwise1,2010-10-29,Ctrl_log_fund_size,,28,skipped,完整变量样本数小于 min_cross_section_n
FAC_rank_vol_m3_n6_pairwise1,2010-10-29,Ctrl_fund_age,,28,skipped,完整变量样本数小于 min_cross_section_n
FAC_rank_vol_m3_n6_pairwise1,2010-11-30,FAC_rank_vol_m3_n6_pairwise1,,29,skipped,完整变量样本数小于 min_cross_section_n
FAC_rank_vol_m3_n6_pairwise1,2010-11-30,CtrlRetSTR,,29,skipped,完整变量样本数小于 min_cross_section_n
FAC_rank_vol_m3_n6_pairwise1,2010-11-30,CtrlRetLTM,,29,skipped,完整变量样本数小于 min_cross_section_n
FAC_rank_vol_m3_n6_pairwise1,2010-11-30,CtrlVol,,29,skipped,完整变量样本数小于 min_cross_section_n
FAC_rank_vol_m3_n6_pairwise1,2010-11-30,as_偏股混合型基金,,29,skipped,完整变量样本数小于 min_cross_section_n
FAC_rank_vol_m3_n6_pairwise1,2010-11-30,Ctrl_log_fund_size,,29,skipped,完整变量样本数小于 min_cross_section_n
FAC_rank_vol_m3_n6_pairwise1,2010-11-30,Ctrl_fund_age,,29,skipped,完整变量样本数小于 min_cross_section_n
FAC_rank_vol_m3_n6_pairwise1,2010-12-31,FAC_rank_vol_m3_n6_pairwise1,,30,skipped,完整变量样本数小于 min_cross_section_n
FAC_rank_vol_m3_n6_pairwise1,2010-12-31,CtrlRetSTR,,30,skipped,完整变量样本数小于 min_cross_section_n
FAC_rank_vol_m3_n6_pairwise1,2010-12-31,CtrlRetLTM,,30,skipped,完整变量样本数小于 min_cross_section_n
FAC_rank_vol_m3_n6_pairwise1,2010-12-31,CtrlVol,,30,skipped,完整变量样本数小于 min_cross_section_n
FAC_rank_vol_m3_n6_pairwise1,2010-12-31,as_偏股混合型基金,,30,skipped,完整变量样本数小于 min_cross_section_n
FAC_rank_vol_m3_n6_pairwise1,2010-12-31,Ctrl_log_fund_size,,30,skipped,完整变量样本数小于 min_cross_section_n
FAC_rank_vol_m3_n6_pairwise1,2010-12-31,Ctrl_fund_age,,30,skipped,完整变量样本数小于 min_cross_section_n
FAC_rank_vol_m3_n6_pairwise1,2011-01-31,FAC_rank_vol_m3_n6_pairwise1,,29,skipped,完整变量样本数小于 min_cross_section_n
FAC_rank_vol_m3_n6_pairwise1,2011-01-31,CtrlRetSTR,,29,skipped,完整变量样本数小于 min_cross_section_n
FAC_rank_vol_m3_n6_pairwise1,2011-01-31,CtrlRetLTM,,29,skipped,完整变量样本数小于 min_cross_section_n
FAC_rank_vol_m3_n6_pairwise1,2011-01-31,CtrlVol,,29,skipped,完整变量样本数小于 min_cross_section_n
FAC_rank_vol_m3_n6_pairwise1,2011-01-31,as_偏股混合型基金,,29,skipped,完整变量样本数小于 min_cross_section_n
FAC_rank_vol_m3_n6_pairwise1,2011-01-31,Ctrl_log_fund_size,,29,skipped,完整变量样本数小于 min_cross_section_n
FAC_rank_vol_m3_n6_pairwise1,2011-01-31,Ctrl_fund_age,,29,skipped,完整变量样本数小于 min_cross_section_n
FAC_rank_vol_m3_n6_pairwise1,2011-02-28,FAC_rank_vol_m3_n6_pairwise1,,31,skipped,完整变量样本数小于 min_cross_section_n
FAC_rank_vol_m3_n6_pairwise1,2011-02-28,CtrlRetSTR,,31,skipped,完整变量样本数小于 min_cross_section_n
FAC_rank_vol_m3_n6_pairwise1,2011-02-28,CtrlRetLTM,,31,skipped,完整变量样本数小于 min_cross_section_n
FAC_rank_vol_m3_n6_pairwise1,2011-02-28,CtrlVol,,31,skipped,完整变量样本数小于 min_cross_section_n
FAC_rank_vol_m3_n6_pairwise1,2011-02-28,as_偏股混合型基金,,31,skipped,完整变量样本数小于 min_cross_section_n
FAC_rank_vol_m3_n6_pairwise1,2011-02-28,Ctrl_log_fund_size,,31,skipped,完整变量样本数小于 min_cross_section_n
FAC_rank_vol_m3_n6_pairwise1,2011-02-28,Ctrl_fund_age,,31,skipped,完整变量样本数小于 min_cross_section_n
FAC_rank_vol_m3_n6_pairwise1,2011-03-31,FAC_rank_vol_m3_n6_pairwise1,,31,skipped,完整变量样本数小于 min_cross_section_n
FAC_rank_vol_m3_n6_pairwise1,2011-03-31,CtrlRetSTR,,31,skipped,完整变量样本数小于 min_cross_section_n
FAC_rank_vol_m3_n6_pairwise1,2011-03-31,CtrlRetLTM,,31,skipped,完整变量样本数小于 min_cross_section_n
FAC_rank_vol_m3_n6_pairwise1,2011-03-31,CtrlVol,,31,skipped,完整变量样本数小于 min_cross_section_n
FAC_rank_vol_m3_n6_pairwise1,2011-03-31,as_偏股混合型基金,,31,skipped,完整变量样本数小于 min_cross_section_n
FAC_rank_vol_m3_n6_pairwise1,2011-03-31,Ctrl_log_fund_size,,31,skipped,完整变量样本数小于 min_cross_section_n
FAC_rank_vol_m3_n6_pairwise1,2011-03-31,Ctrl_fund_age,,31,skipped,完整变量样本数小于 min_cross_section_n
FAC_rank_vol_m3_n6_pairwise1,2011-04-29,FAC_rank_vol_m3_n6_pairwise1,,31,skipped,完整变量样本数小于 min_cross_section_n
FAC_rank_vol_m3_n6_pairwise1,2011-04-29,CtrlRetSTR,,31,skipped,完整变量样本数小于 min_cross_section_n
FAC_rank_vol_m3_n6_pairwise1,2011-04-29,CtrlRetLTM,,31,skipped,完整变量样本数小于 min_cross_section_n
FAC_rank_vol_m3_n6_pairwise1,2011-04-29,CtrlVol,,31,skipped,完整变量样本数小于 min_cross_section_n
FAC_rank_vol_m3_n6_pairwise1,2011-04-29,as_偏股混合型基金,,31,skipped,完整变量样本数小于 min_cross_section_n
FAC_rank_vol_m3_n6_pairwise1,2011-04-29,Ctrl_log_fund_size,,31,skipped,完整变量样本数小于 min_cross_section_n
FAC_rank_vol_m3_n6_pairwise1,2011-04-29,Ctrl_fund_age,,31,skipped,完整变量样本数小于 min_cross_section_n
FAC_rank_vol_m3_n6_pairwise1,2011-05-31,FAC_rank_vol_m3_n6_pairwise1,,33,skipped,完整变量样本数小于 min_cross_section_n
FAC_rank_vol_m3_n6_pairwise1,2011-05-31,CtrlRetSTR,,33,skipped,完整变量样本数小于 min_cross_section_n
FAC_rank_vol_m3_n6_pairwise1,2011-05-31,CtrlRetLTM,,33,skipped,完整变量样本数小于 min_cross_section_n
FAC_rank_vol_m3_n6_pairwise1,2011-05-31,CtrlVol,,33,skipped,完整变量样本数小于 min_cross_section_n
FAC_rank_vol_m3_n6_pairwise1,2011-05-31,as_偏股混合型基金,,33,skipped,完整变量样本数小于 min_cross_section_n
FAC_rank_vol_m3_n6_pairwise1,2011-05-31,Ctrl_log_fund_size,,33,skipped,完整变量样本数小于 min_cross_section_n
FAC_rank_vol_m3_n6_pairwise1,2011-05-31,Ctrl_fund_age,,33,skipped,完整变量样本数小于 min_cross_section_n
FAC_rank_vol_m3_n6_pairwise1,2011-06-30,FAC_rank_vol_m3_n6_pairwise1,,34,skipped,完整变量样本数小于 min_cross_section_n
FAC_rank_vol_m3_n6_pairwise1,2011-06-30,CtrlRetSTR,,34,skipped,完整变量样本数小于 min_cross_section_n
FAC_rank_vol_m3_n6_pairwise1,2011-06-30,CtrlRetLTM,,34,skipped,完整变量样本数小于 min_cross_section_n
FAC_rank_vol_m3_n6_pairwise1,2011-06-30,CtrlVol,,34,skipped,完整变量样本数小于 min_cross_section_n
FAC_rank_vol_m3_n6_pairwise1,2011-06-30,as_偏股混合型基金,,34,skipped,完整变量样本数小于 min_cross_section_n
FAC_rank_vol_m3_n6_pairwise1,2011-06-30,Ctrl_log_fund_size,,34,skipped,完整变量样本数小于 min_cross_section_n
FAC_rank_vol_m3_n6_pairwise1,2011-06-30,Ctrl_fund_age,,34,skipped,完整变量样本数小于 min_cross_section_n
FAC_rank_vol_m3_n6_pairwise1,2011-07-29,FAC_rank_vol_m3_n6_pairwise1,,33,skipped,完整变量样本数小于 min_cross_section_n
FAC_rank_vol_m3_n6_pairwise1,2011-07-29,CtrlRetSTR,,33,skipped,完整变量样本数小于 min_cross_section_n
FAC_rank_vol_m3_n6_pairwise1,2011-07-29,CtrlRetLTM,,33,skipped,完整变量样本数小于 min_cross_section_n
FAC_rank_vol_m3_n6_pairwise1,2011-07-29,CtrlVol,,33,skipped,完整变量样本数小于 min_cross_section_n
FAC_rank_vol_m3_n6_pairwise1,2011-07-29,as_偏股混合型基金,,33,skipped,完整变量样本数小于 min_cross_section_n
FAC_rank_vol_m3_n6_pairwise1,2011-07-29,Ctrl_log_fund_size,,33,skipped,完整变量样本数小于 min_cross_section_n
FAC_rank_vol_m3_n6_pairwise1,2011-07-29,Ctrl_fund_age,,33,skipped,完整变量样本数小于 min_cross_section_n
FAC_rank_vol_m3_n6_pairwise1,2011-08-31,FAC_rank_vol_m3_n6_pairwise1,,36,skipped,完整变量样本数小于 min_cross_section_n
FAC_rank_vol_m3_n6_pairwise1,2011-08-31,CtrlRetSTR,,36,skipped,完整变量样本数小于 min_cross_section_n
FAC_rank_vol_m3_n6_pairwise1,2011-08-31,CtrlRetLTM,,36,skipped,完整变量样本数小于 min_cross_section_n
FAC_rank_vol_m3_n6_pairwise1,2011-08-31,CtrlVol,,36,skipped,完整变量样本数小于 min_cross_section_n
FAC_rank_vol_m3_n6_pairwise1,2011-08-31,as_偏股混合型基金,,36,skipped,完整变量样本数小于 min_cross_section_n
FAC_rank_vol_m3_n6_pairwise1,2011-08-31,Ctrl_log_fund_size,,36,skipped,完整变量样本数小于 min_cross_section_n
FAC_rank_vol_m3_n6_pairwise1,2011-08-31,Ctrl_fund_age,,36,skipped,完整变量样本数小于 min_cross_section_n
FAC_rank_vol_m3_n6_pairwise1,2011-09-30,FAC_rank_vol_m3_n6_pairwise1,,37,skipped,完整变量样本数小于 min_cross_section_n
FAC_rank_vol_m3_n6_pairwise1,2011-09-30,CtrlRetSTR,,37,skipped,完整变量样本数小于 min_cross_section_n
FAC_rank_vol_m3_n6_pairwise1,2011-09-30,CtrlRetLTM,,37,skipped,完整变量样本数小于 min_cross_section_n
FAC_rank_vol_m3_n6_pairwise1,2011-09-30,CtrlVol,,37,skipped,完整变量样本数小于 min_cross_section_n
FAC_rank_vol_m3_n6_pairwise1,2011-09-30,as_偏股混合型基金,,37,skipped,完整变量样本数小于 min_cross_section_n
FAC_rank_vol_m3_n6_pairwise1,2011-09-30,Ctrl_log_fund_size,,37,skipped,完整变量样本数小于 min_cross_section_n
FAC_rank_vol_m3_n6_pairwise1,2011-09-30,Ctrl_fund_age,,37,skipped,完整变量样本数小于 min_cross_section_n
FAC_rank_vol_m3_n6_pairwise1,2011-10-31,FAC_rank_vol_m3_n6_pairwise1,,37,skipped,完整变量样本数小于 min_cross_section_n
FAC_rank_vol_m3_n6_pairwise1,2011-10-31,CtrlRetSTR,,37,skipped,完整变量样本数小于 min_cross_section_n
FAC_rank_vol_m3_n6_pairwise1,2011-10-31,CtrlRetLTM,,37,skipped,完整变量样本数小于 min_cross_section_n
FAC_rank_vol_m3_n6_pairwise1,2011-10-31,CtrlVol,,37,skipped,完整变量样本数小于 min_cross_section_n
FAC_rank_vol_m3_n6_pairwise1,2011-10-31,as_偏股混合型基金,,37,skipped,完整变量样本数小于 min_cross_section_n
FAC_rank_vol_m3_n6_pairwise1,2011-10-31,Ctrl_log_fund_size,,37,skipped,完整变量样本数小于 min_cross_section_n
FAC_rank_vol_m3_n6_pairwise1,2011-10-31,Ctrl_fund_age,,37,skipped,完整变量样本数小于 min_cross_section_n
FAC_rank_vol_m3_n6_pairwise1,2011-11-30,FAC_rank_vol_m3_n6_pairwise1,,38,skipped,完整变量样本数小于 min_cross_section_n
FAC_rank_vol_m3_n6_pairwise1,2011-11-30,CtrlRetSTR,,38,skipped,完整变量样本数小于 min_cross_section_n
FAC_rank_vol_m3_n6_pairwise1,2011-11-30,CtrlRetLTM,,38,skipped,完整变量样本数小于 min_cross_section_n
FAC_rank_vol_m3_n6_pairwise1,2011-11-30,CtrlVol,,38,skipped,完整变量样本数小于 min_cross_section_n
FAC_rank_vol_m3_n6_pairwise1,2011-11-30,as_偏股混合型基金,,38,skipped,完整变量样本数小于 min_cross_section_n
FAC_rank_vol_m3_n6_pairwise1,2011-11-30,Ctrl_log_fund_size,,38,skipped,完整变量样本数小于 min_cross_section_n
FAC_rank_vol_m3_n6_pairwise1,2011-11-30,Ctrl_fund_age,,38,skipped,完整变量样本数小于 min_cross_section_n
FAC_rank_vol_m3_n6_pairwise1,2011-12-30,FAC_rank_vol_m3_n6_pairwise1,,39,skipped,完整变量样本数小于 min_cross_section_n
FAC_rank_vol_m3_n6_pairwise1,2011-12-30,CtrlRetSTR,,39,skipped,完整变量样本数小于 min_cross_section_n
FAC_rank_vol_m3_n6_pairwise1,2011-12-30,CtrlRetLTM,,39,skipped,完整变量样本数小于 min_cross_section_n
FAC_rank_vol_m3_n6_pairwise1,2011-12-30,CtrlVol,,39,skipped,完整变量样本数小于 min_cross_section_n
FAC_rank_vol_m3_n6_pairwise1,2011-12-30,as_偏股混合型基金,,39,skipped,完整变量样本数小于 min_cross_section_n
FAC_rank_vol_m3_n6_pairwise1,2011-12-30,Ctrl_log_fund_size,,39,skipped,完整变量样本数小于 min_cross_section_n
FAC_rank_vol_m3_n6_pairwise1,2011-12-30,Ctrl_fund_age,,39,skipped,完整变量样本数小于 min_cross_section_n
FAC_rank_vol_m3_n6_pairwise1,2012-01-31,FAC_rank_vol_m3_n6_pairwise1,,39,skipped,完整变量样本数小于 min_cross_section_n
FAC_rank_vol_m3_n6_pairwise1,2012-01-31,CtrlRetSTR,,39,skipped,完整变量样本数小于 min_cross_section_n
FAC_rank_vol_m3_n6_pairwise1,2012-01-31,CtrlRetLTM,,39,skipped,完整变量样本数小于 min_cross_section_n
FAC_rank_vol_m3_n6_pairwise1,2012-01-31,CtrlVol,,39,skipped,完整变量样本数小于 min_cross_section_n
FAC_rank_vol_m3_n6_pairwise1,2012-01-31,as_偏股混合型基金,,39,skipped,完整变量样本数小于 min_cross_section_n
FAC_rank_vol_m3_n6_pairwise1,2012-01-31,Ctrl_log_fund_size,,39,skipped,完整变量样本数小于 min_cross_section_n
FAC_rank_vol_m3_n6_pairwise1,2012-01-31,Ctrl_fund_age,,39,skipped,完整变量样本数小于 min_cross_section_n
FAC_rank_vol_m3_n6_pairwise1,2012-02-29,FAC_rank_vol_m3_n6_pairwise1,,42,skipped,完整变量样本数小于 min_cross_section_n
FAC_rank_vol_m3_n6_pairwise1,2012-02-29,CtrlRetSTR,,42,skipped,完整变量样本数小于 min_cross_section_n
FAC_rank_vol_m3_n6_pairwise1,2012-02-29,CtrlRetLTM,,42,skipped,完整变量样本数小于 min_cross_section_n
FAC_rank_vol_m3_n6_pairwise1,2012-02-29,CtrlVol,,42,skipped,完整变量样本数小于 min_cross_section_n
FAC_rank_vol_m3_n6_pairwise1,2012-02-29,as_偏股混合型基金,,42,skipped,完整变量样本数小于 min_cross_section_n
FAC_rank_vol_m3_n6_pairwise1,2012-02-29,Ctrl_log_fund_size,,42,skipped,完整变量样本数小于 min_cross_section_n
FAC_rank_vol_m3_n6_pairwise1,2012-02-29,Ctrl_fund_age,,42,skipped,完整变量样本数小于 min_cross_section_n
FAC_rank_vol_m3_n6_pairwise1,2012-03-30,FAC_rank_vol_m3_n6_pairwise1,,40,skipped,完整变量样本数小于 min_cross_section_n
FAC_rank_vol_m3_n6_pairwise1,2012-03-30,CtrlRetSTR,,40,skipped,完整变量样本数小于 min_cross_section_n
FAC_rank_vol_m3_n6_pairwise1,2012-03-30,CtrlRetLTM,,40,skipped,完整变量样本数小于 min_cross_section_n
FAC_rank_vol_m3_n6_pairwise1,2012-03-30,CtrlVol,,40,skipped,完整变量样本数小于 min_cross_section_n
FAC_rank_vol_m3_n6_pairwise1,2012-03-30,as_偏股混合型基金,,40,skipped,完整变量样本数小于 min_cross_section_n
FAC_rank_vol_m3_n6_pairwise1,2012-03-30,Ctrl_log_fund_size,,40,skipped,完整变量样本数小于 min_cross_section_n
FAC_rank_vol_m3_n6_pairwise1,2012-03-30,Ctrl_fund_age,,40,skipped,完整变量样本数小于 min_cross_section_n
FAC_rank_vol_m3_n6_pairwise1,2012-04-27,FAC_rank_vol_m3_n6_pairwise1,,41,skipped,完整变量样本数小于 min_cross_section_n
FAC_rank_vol_m3_n6_pairwise1,2012-04-27,CtrlRetSTR,,41,skipped,完整变量样本数小于 min_cross_section_n
FAC_rank_vol_m3_n6_pairwise1,2012-04-27,CtrlRetLTM,,41,skipped,完整变量样本数小于 min_cross_section_n
FAC_rank_vol_m3_n6_pairwise1,2012-04-27,CtrlVol,,41,skipped,完整变量样本数小于 min_cross_section_n
FAC_rank_vol_m3_n6_pairwise1,2012-04-27,as_偏股混合型基金,,41,skipped,完整变量样本数小于 min_cross_section_n
FAC_rank_vol_m3_n6_pairwise1,2012-04-27,Ctrl_log_fund_size,,41,skipped,完整变量样本数小于 min_cross_section_n
FAC_rank_vol_m3_n6_pairwise1,2012-04-27,Ctrl_fund_age,,41,skipped,完整变量样本数小于 min_cross_section_n
FAC_rank_vol_m3_n6_pairwise1,2012-05-31,FAC_rank_vol_m3_n6_pairwise1,,43,skipped,完整变量样本数小于 min_cross_section_n
FAC_rank_vol_m3_n6_pairwise1,2012-05-31,CtrlRetSTR,,43,skipped,完整变量样本数小于 min_cross_section_n
FAC_rank_vol_m3_n6_pairwise1,2012-05-31,CtrlRetLTM,,43,skipped,完整变量样本数小于 min_cross_section_n
FAC_rank_vol_m3_n6_pairwise1,2012-05-31,CtrlVol,,43,skipped,完整变量样本数小于 min_cross_section_n
FAC_rank_vol_m3_n6_pairwise1,2012-05-31,as_偏股混合型基金,,43,skipped,完整变量样本数小于 min_cross_section_n
FAC_rank_vol_m3_n6_pairwise1,2012-05-31,Ctrl_log_fund_size,,43,skipped,完整变量样本数小于 min_cross_section_n
FAC_rank_vol_m3_n6_pairwise1,2012-05-31,Ctrl_fund_age,,43,skipped,完整变量样本数小于 min_cross_section_n
FAC_rank_vol_m3_n6_pairwise1,2012-06-29,FAC_rank_vol_m3_n6_pairwise1,,44,skipped,完整变量样本数小于 min_cross_section_n
FAC_rank_vol_m3_n6_pairwise1,2012-06-29,CtrlRetSTR,,44,skipped,完整变量样本数小于 min_cross_section_n
FAC_rank_vol_m3_n6_pairwise1,2012-06-29,CtrlRetLTM,,44,skipped,完整变量样本数小于 min_cross_section_n
FAC_rank_vol_m3_n6_pairwise1,2012-06-29,CtrlVol,,44,skipped,完整变量样本数小于 min_cross_section_n
FAC_rank_vol_m3_n6_pairwise1,2012-06-29,as_偏股混合型基金,,44,skipped,完整变量样本数小于 min_cross_section_n
FAC_rank_vol_m3_n6_pairwise1,2012-06-29,Ctrl_log_fund_size,,44,skipped,完整变量样本数小于 min_cross_section_n
FAC_rank_vol_m3_n6_pairwise1,2012-06-29,Ctrl_fund_age,,44,skipped,完整变量样本数小于 min_cross_section_n
FAC_rank_vol_m3_n6_pairwise1,2012-07-31,FAC_rank_vol_m3_n6_pairwise1,,45,skipped,完整变量样本数小于 min_cross_section_n
FAC_rank_vol_m3_n6_pairwise1,2012-07-31,CtrlRetSTR,,45,skipped,完整变量样本数小于 min_cross_section_n
FAC_rank_vol_m3_n6_pairwise1,2012-07-31,CtrlRetLTM,,45,skipped,完整变量样本数小于 min_cross_section_n
FAC_rank_vol_m3_n6_pairwise1,2012-07-31,CtrlVol,,45,skipped,完整变量样本数小于 min_cross_section_n
FAC_rank_vol_m3_n6_pairwise1,2012-07-31,as_偏股混合型基金,,45,skipped,完整变量样本数小于 min_cross_section_n
FAC_rank_vol_m3_n6_pairwise1,2012-07-31,Ctrl_log_fund_size,,45,skipped,完整变量样本数小于 min_cross_section_n
FAC_rank_vol_m3_n6_pairwise1,2012-07-31,Ctrl_fund_age,,45,skipped,完整变量样本数小于 min_cross_section_n
FAC_rank_vol_m3_n6_pairwise1,2012-08-31,FAC_rank_vol_m3_n6_pairwise1,,48,skipped,完整变量样本数小于 min_cross_section_n
FAC_rank_vol_m3_n6_pairwise1,2012-08-31,CtrlRetSTR,,48,skipped,完整变量样本数小于 min_cross_section_n
FAC_rank_vol_m3_n6_pairwise1,2012-08-31,CtrlRetLTM,,48,skipped,完整变量样本数小于 min_cross_section_n
FAC_rank_vol_m3_n6_pairwise1,2012-08-31,CtrlVol,,48,skipped,完整变量样本数小于 min_cross_section_n
FAC_rank_vol_m3_n6_pairwise1,2012-08-31,as_偏股混合型基金,,48,skipped,完整变量样本数小于 min_cross_section_n
FAC_rank_vol_m3_n6_pairwise1,2012-08-31,Ctrl_log_fund_size,,48,skipped,完整变量样本数小于 min_cross_section_n
FAC_rank_vol_m3_n6_pairwise1,2012-08-31,Ctrl_fund_age,,48,skipped,完整变量样本数小于 min_cross_section_n
FAC_rank_vol_m3_n6_pairwise1,2012-09-28,FAC_rank_vol_m3_n6_pairwise1,1.71980641786352,52,ok,
FAC_rank_vol_m3_n6_pairwise1,2012-09-28,CtrlRetSTR,1.21129097099761,52,ok,
FAC_rank_vol_m3_n6_pairwise1,2012-09-28,CtrlRetLTM,2.92116129206934,52,ok,
FAC_rank_vol_m3_n6_pairwise1,2012-09-28,CtrlVol,2.497750243218594,52,ok,
FAC_rank_vol_m3_n6_pairwise1,2012-09-28,as_偏股混合型基金,1.335828616548959,52,ok,
FAC_rank_vol_m3_n6_pairwise1,2012-09-28,Ctrl_log_fund_size,3.392642529506331,52,ok,
FAC_rank_vol_m3_n6_pairwise1,2012-09-28,Ctrl_fund_age,3.2729474995858516,52,ok,
FAC_rank_vol_m3_n6_pairwise1,2012-10-31,FAC_rank_vol_m3_n6_pairwise1,1.3991087042103063,52,ok,
FAC_rank_vol_m3_n6_pairwise1,2012-10-31,CtrlRetSTR,1.161732758890224,52,ok,
FAC_rank_vol_m3_n6_pairwise1,2012-10-31,CtrlRetLTM,2.225967887426095,52,ok,
FAC_rank_vol_m3_n6_pairwise1,2012-10-31,CtrlVol,1.916748009526547,52,ok,
FAC_rank_vol_m3_n6_pairwise1,2012-10-31,as_偏股混合型基金,1.1633979982965066,52,ok,
FAC_rank_vol_m3_n6_pairwise1,2012-10-31,Ctrl_log_fund_size,3.2243798308429343,52,ok,
FAC_rank_vol_m3_n6_pairwise1,2012-10-31,Ctrl_fund_age,3.074788119897916,52,ok,
FAC_rank_vol_m3_n6_pairwise1,2012-11-30,FAC_rank_vol_m3_n6_pairwise1,1.2038033727104314,55,ok,
FAC_rank_vol_m3_n6_pairwise1,2012-11-30,CtrlRetSTR,1.2360124149556033,55,ok,
FAC_rank_vol_m3_n6_pairwise1,2012-11-30,CtrlRetLTM,1.5980819233366697,55,ok,
FAC_rank_vol_m3_n6_pairwise1,2012-11-30,CtrlVol,1.2344924322035498,55,ok,
FAC_rank_vol_m3_n6_pairwise1,2012-11-30,as_偏股混合型基金,1.1748986767555132,55,ok,
FAC_rank_vol_m3_n6_pairwise1,2012-11-30,Ctrl_log_fund_size,2.98735812830659,55,ok,
FAC_rank_vol_m3_n6_pairwise1,2012-11-30,Ctrl_fund_age,3.075669678039297,55,ok,
FAC_rank_vol_m3_n6_pairwise1,2012-12-31,FAC_rank_vol_m3_n6_pairwise1,1.6187580467896037,59,ok,
FAC_rank_vol_m3_n6_pairwise1,2012-12-31,CtrlRetSTR,1.5987282878461726,59,ok,
FAC_rank_vol_m3_n6_pairwise1,2012-12-31,CtrlRetLTM,1.5186816849401765,59,ok,
FAC_rank_vol_m3_n6_pairwise1,2012-12-31,CtrlVol,1.2679024852568295,59,ok,
FAC_rank_vol_m3_n6_pairwise1,2012-12-31,as_偏股混合型基金,1.1606534230732781,59,ok,
FAC_rank_vol_m3_n6_pairwise1,2012-12-31,Ctrl_log_fund_size,2.871982808322048,59,ok,
FAC_rank_vol_m3_n6_pairwise1,2012-12-31,Ctrl_fund_age,2.9090627263784117,59,ok,
FAC_rank_vol_m3_n6_pairwise1,2013-01-31,FAC_rank_vol_m3_n6_pairwise1,1.2403801572573416,61,ok,
FAC_rank_vol_m3_n6_pairwise1,2013-01-31,CtrlRetSTR,1.1811939215936982,61,ok,
FAC_rank_vol_m3_n6_pairwise1,2013-01-31,CtrlRetLTM,1.3708266547831125,61,ok,
FAC_rank_vol_m3_n6_pairwise1,2013-01-31,CtrlVol,1.1412629359421538,61,ok,
FAC_rank_vol_m3_n6_pairwise1,2013-01-31,as_偏股混合型基金,1.1013918087468366,61,ok,
FAC_rank_vol_m3_n6_pairwise1,2013-01-31,Ctrl_log_fund_size,4.777709797790618,61,ok,
FAC_rank_vol_m3_n6_pairwise1,2013-01-31,Ctrl_fund_age,4.851506581712808,61,ok,
FAC_rank_vol_m3_n6_pairwise1,2013-02-28,FAC_rank_vol_m3_n6_pairwise1,1.101293554722563,60,ok,
FAC_rank_vol_m3_n6_pairwise1,2013-02-28,CtrlRetSTR,1.2278981469405343,60,ok,
FAC_rank_vol_m3_n6_pairwise1,2013-02-28,CtrlRetLTM,1.2438149376551537,60,ok,
FAC_rank_vol_m3_n6_pairwise1,2013-02-28,CtrlVol,1.2180634105143542,60,ok,
FAC_rank_vol_m3_n6_pairwise1,2013-02-28,as_偏股混合型基金,1.178261199703788,60,ok,
FAC_rank_vol_m3_n6_pairwise1,2013-02-28,Ctrl_log_fund_size,3.4287458483570505,60,ok,
FAC_rank_vol_m3_n6_pairwise1,2013-02-28,Ctrl_fund_age,3.561897809076796,60,ok,
FAC_rank_vol_m3_n6_pairwise1,2013-03-29,FAC_rank_vol_m3_n6_pairwise1,1.0929322027346289,62,ok,
FAC_rank_vol_m3_n6_pairwise1,2013-03-29,CtrlRetSTR,1.2050554113704801,62,ok,
FAC_rank_vol_m3_n6_pairwise1,2013-03-29,CtrlRetLTM,1.1702531949026052,62,ok,
FAC_rank_vol_m3_n6_pairwise1,2013-03-29,CtrlVol,1.3841812914315612,62,ok,
FAC_rank_vol_m3_n6_pairwise1,2013-03-29,as_偏股混合型基金,1.1240796401035598,62,ok,
FAC_rank_vol_m3_n6_pairwise1,2013-03-29,Ctrl_log_fund_size,3.789098652928575,62,ok,
FAC_rank_vol_m3_n6_pairwise1,2013-03-29,Ctrl_fund_age,3.8482899982782,62,ok,
FAC_rank_vol_m3_n6_pairwise1,2013-04-26,FAC_rank_vol_m3_n6_pairwise1,1.289058689297688,61,ok,
FAC_rank_vol_m3_n6_pairwise1,2013-04-26,CtrlRetSTR,1.263240655883373,61,ok,
FAC_rank_vol_m3_n6_pairwise1,2013-04-26,CtrlRetLTM,1.4167827965875774,61,ok,
FAC_rank_vol_m3_n6_pairwise1,2013-04-26,CtrlVol,1.4703085852565683,61,ok,
FAC_rank_vol_m3_n6_pairwise1,2013-04-26,as_偏股混合型基金,1.0851677586892614,61,ok,
FAC_rank_vol_m3_n6_pairwise1,2013-04-26,Ctrl_log_fund_size,3.658554876658019,61,ok,
FAC_rank_vol_m3_n6_pairwise1,2013-04-26,Ctrl_fund_age,3.8274485662957973,61,ok,
FAC_rank_vol_m3_n6_pairwise1,2013-05-31,FAC_rank_vol_m3_n6_pairwise1,1.8654971242751603,62,ok,
FAC_rank_vol_m3_n6_pairwise1,2013-05-31,CtrlRetSTR,1.7796569394741864,62,ok,
FAC_rank_vol_m3_n6_pairwise1,2013-05-31,CtrlRetLTM,1.6550992359558536,62,ok,
FAC_rank_vol_m3_n6_pairwise1,2013-05-31,CtrlVol,1.560528889341736,62,ok,
FAC_rank_vol_m3_n6_pairwise1,2013-05-31,as_偏股混合型基金,1.1394807071017887,62,ok,
FAC_rank_vol_m3_n6_pairwise1,2013-05-31,Ctrl_log_fund_size,4.176013162568439,62,ok,
FAC_rank_vol_m3_n6_pairwise1,2013-05-31,Ctrl_fund_age,4.3364806650251335,62,ok,
FAC_rank_vol_m3_n6_pairwise1,2013-06-28,FAC_rank_vol_m3_n6_pairwise1,1.3815317026602698,62,ok,
FAC_rank_vol_m3_n6_pairwise1,2013-06-28,CtrlRetSTR,1.726165355840329,62,ok,
FAC_rank_vol_m3_n6_pairwise1,2013-06-28,CtrlRetLTM,1.5879518691207475,62,ok,
FAC_rank_vol_m3_n6_pairwise1,2013-06-28,CtrlVol,1.503047713446998,62,ok,
FAC_rank_vol_m3_n6_pairwise1,2013-06-28,as_偏股混合型基金,1.1438873550538315,62,ok,
FAC_rank_vol_m3_n6_pairwise1,2013-06-28,Ctrl_log_fund_size,3.918768904373945,62,ok,
FAC_rank_vol_m3_n6_pairwise1,2013-06-28,Ctrl_fund_age,3.7261822955687554,62,ok,
FAC_rank_vol_m3_n6_pairwise1,2013-07-31,FAC_rank_vol_m3_n6_pairwise1,1.8066966796922606,64,ok,
FAC_rank_vol_m3_n6_pairwise1,2013-07-31,CtrlRetSTR,1.0460299290261856,64,ok,
FAC_rank_vol_m3_n6_pairwise1,2013-07-31,CtrlRetLTM,1.5049686076483755,64,ok,
FAC_rank_vol_m3_n6_pairwise1,2013-07-31,CtrlVol,1.037922869660684,64,ok,
FAC_rank_vol_m3_n6_pairwise1,2013-07-31,as_偏股混合型基金,1.5444551514074694,64,ok,
FAC_rank_vol_m3_n6_pairwise1,2013-07-31,Ctrl_log_fund_size,2.835682294161954,64,ok,
FAC_rank_vol_m3_n6_pairwise1,2013-07-31,Ctrl_fund_age,2.8537345018835665,64,ok,
FAC_rank_vol_m3_n6_pairwise1,2013-08-30,FAC_rank_vol_m3_n6_pairwise1,1.606452666222903,65,ok,
FAC_rank_vol_m3_n6_pairwise1,2013-08-30,CtrlRetSTR,1.359055060026465,65,ok,
FAC_rank_vol_m3_n6_pairwise1,2013-08-30,CtrlRetLTM,1.662697200131151,65,ok,
FAC_rank_vol_m3_n6_pairwise1,2013-08-30,CtrlVol,1.3176556379906839,65,ok,
FAC_rank_vol_m3_n6_pairwise1,2013-08-30,as_偏股混合型基金,1.0933166025802752,65,ok,
FAC_rank_vol_m3_n6_pairwise1,2013-08-30,Ctrl_log_fund_size,2.565109808075814,65,ok,
FAC_rank_vol_m3_n6_pairwise1,2013-08-30,Ctrl_fund_age,2.5033662402421952,65,ok,
FAC_rank_vol_m3_n6_pairwise1,2013-09-30,FAC_rank_vol_m3_n6_pairwise1,1.4054124174289047,67,ok,
FAC_rank_vol_m3_n6_pairwise1,2013-09-30,CtrlRetSTR,1.3769302669266628,67,ok,
FAC_rank_vol_m3_n6_pairwise1,2013-09-30,CtrlRetLTM,1.20282599371859,67,ok,
FAC_rank_vol_m3_n6_pairwise1,2013-09-30,CtrlVol,1.1170407228553343,67,ok,
FAC_rank_vol_m3_n6_pairwise1,2013-09-30,as_偏股混合型基金,1.1094561751446477,67,ok,
FAC_rank_vol_m3_n6_pairwise1,2013-09-30,Ctrl_log_fund_size,2.5840199434349667,67,ok,
FAC_rank_vol_m3_n6_pairwise1,2013-09-30,Ctrl_fund_age,2.62761962775428,67,ok,
FAC_rank_vol_m3_n6_pairwise1,2013-10-31,FAC_rank_vol_m3_n6_pairwise1,1.493895476085537,69,ok,
FAC_rank_vol_m3_n6_pairwise1,2013-10-31,CtrlRetSTR,1.1941653405289918,69,ok,
FAC_rank_vol_m3_n6_pairwise1,2013-10-31,CtrlRetLTM,1.4146375759982637,69,ok,
FAC_rank_vol_m3_n6_pairwise1,2013-10-31,CtrlVol,1.062650502334816,69,ok,
FAC_rank_vol_m3_n6_pairwise1,2013-10-31,as_偏股混合型基金,1.178900510470107,69,ok,
FAC_rank_vol_m3_n6_pairwise1,2013-10-31,Ctrl_log_fund_size,2.7413979783893554,69,ok,
FAC_rank_vol_m3_n6_pairwise1,2013-10-31,Ctrl_fund_age,2.7892669627500926,69,ok,
FAC_rank_vol_m3_n6_pairwise1,2013-11-29,FAC_rank_vol_m3_n6_pairwise1,1.4970663322736262,70,ok,
FAC_rank_vol_m3_n6_pairwise1,2013-11-29,CtrlRetSTR,1.2459757417452313,70,ok,
FAC_rank_vol_m3_n6_pairwise1,2013-11-29,CtrlRetLTM,1.4229099253564577,70,ok,
FAC_rank_vol_m3_n6_pairwise1,2013-11-29,CtrlVol,1.1505264591616793,70,ok,
FAC_rank_vol_m3_n6_pairwise1,2013-11-29,as_偏股混合型基金,1.0990656489239747,70,ok,
FAC_rank_vol_m3_n6_pairwise1,2013-11-29,Ctrl_log_fund_size,2.6970126517779467,70,ok,
FAC_rank_vol_m3_n6_pairwise1,2013-11-29,Ctrl_fund_age,2.7894064810096504,70,ok,
FAC_rank_vol_m3_n6_pairwise1,2013-12-31,FAC_rank_vol_m3_n6_pairwise1,1.7397622263211607,71,ok,
FAC_rank_vol_m3_n6_pairwise1,2013-12-31,CtrlRetSTR,1.4225898007233828,71,ok,
FAC_rank_vol_m3_n6_pairwise1,2013-12-31,CtrlRetLTM,1.872073558137104,71,ok,
FAC_rank_vol_m3_n6_pairwise1,2013-12-31,CtrlVol,1.3813344243829313,71,ok,
FAC_rank_vol_m3_n6_pairwise1,2013-12-31,as_偏股混合型基金,1.1301958629993727,71,ok,
FAC_rank_vol_m3_n6_pairwise1,2013-12-31,Ctrl_log_fund_size,2.573360577266563,71,ok,
FAC_rank_vol_m3_n6_pairwise1,2013-12-31,Ctrl_fund_age,2.5461242559110984,71,ok,
FAC_rank_vol_m3_n6_pairwise1,2014-01-30,FAC_rank_vol_m3_n6_pairwise1,1.346580291608973,64,ok,
FAC_rank_vol_m3_n6_pairwise1,2014-01-30,CtrlRetSTR,1.3046716554406776,64,ok,
FAC_rank_vol_m3_n6_pairwise1,2014-01-30,CtrlRetLTM,1.6031465072363698,64,ok,
FAC_rank_vol_m3_n6_pairwise1,2014-01-30,CtrlVol,1.4725736596348633,64,ok,
FAC_rank_vol_m3_n6_pairwise1,2014-01-30,as_偏股混合型基金,1.1437833493057075,64,ok,
FAC_rank_vol_m3_n6_pairwise1,2014-01-30,Ctrl_log_fund_size,2.4096495543059726,64,ok,
FAC_rank_vol_m3_n6_pairwise1,2014-01-30,Ctrl_fund_age,2.809807334465165,64,ok,
FAC_rank_vol_m3_n6_pairwise1,2014-02-28,FAC_rank_vol_m3_n6_pairwise1,1.253790368589819,65,ok,
FAC_rank_vol_m3_n6_pairwise1,2014-02-28,CtrlRetSTR,1.3014388916139241,65,ok,
FAC_rank_vol_m3_n6_pairwise1,2014-02-28,CtrlRetLTM,1.8362892421391435,65,ok,
FAC_rank_vol_m3_n6_pairwise1,2014-02-28,CtrlVol,1.2707548794284325,65,ok,
FAC_rank_vol_m3_n6_pairwise1,2014-02-28,as_偏股混合型基金,1.1581193582263951,65,ok,
FAC_rank_vol_m3_n6_pairwise1,2014-02-28,Ctrl_log_fund_size,2.524665219913284,65,ok,
FAC_rank_vol_m3_n6_pairwise1,2014-02-28,Ctrl_fund_age,2.7527039072434722,65,ok,
FAC_rank_vol_m3_n6_pairwise1,2014-03-31,FAC_rank_vol_m3_n6_pairwise1,1.9903023854380535,64,ok,
FAC_rank_vol_m3_n6_pairwise1,2014-03-31,CtrlRetSTR,1.8405320397018015,64,ok,
FAC_rank_vol_m3_n6_pairwise1,2014-03-31,CtrlRetLTM,1.8705406402983027,64,ok,
FAC_rank_vol_m3_n6_pairwise1,2014-03-31,CtrlVol,1.3335229398194093,64,ok,
FAC_rank_vol_m3_n6_pairwise1,2014-03-31,as_偏股混合型基金,1.4630300409386747,64,ok,
FAC_rank_vol_m3_n6_pairwise1,2014-03-31,Ctrl_log_fund_size,2.789852859532769,64,ok,
FAC_rank_vol_m3_n6_pairwise1,2014-03-31,Ctrl_fund_age,2.910375231731649,64,ok,
FAC_rank_vol_m3_n6_pairwise1,2014-04-30,FAC_rank_vol_m3_n6_pairwise1,1.9356716538970549,63,ok,
FAC_rank_vol_m3_n6_pairwise1,2014-04-30,CtrlRetSTR,1.1970232288238365,63,ok,
FAC_rank_vol_m3_n6_pairwise1,2014-04-30,CtrlRetLTM,2.7144799333888243,63,ok,
FAC_rank_vol_m3_n6_pairwise1,2014-04-30,CtrlVol,1.9018442366814055,63,ok,
FAC_rank_vol_m3_n6_pairwise1,2014-04-30,as_偏股混合型基金,1.177567302460053,63,ok,
FAC_rank_vol_m3_n6_pairwise1,2014-04-30,Ctrl_log_fund_size,2.9175215119213416,63,ok,
FAC_rank_vol_m3_n6_pairwise1,2014-04-30,Ctrl_fund_age,2.547255459512997,63,ok,
FAC_rank_vol_m3_n6_pairwise1,2014-05-30,FAC_rank_vol_m3_n6_pairwise1,1.5702983242991173,64,ok,
FAC_rank_vol_m3_n6_pairwise1,2014-05-30,CtrlRetSTR,1.3431103957309676,64,ok,
FAC_rank_vol_m3_n6_pairwise1,2014-05-30,CtrlRetLTM,1.6141692428095387,64,ok,
FAC_rank_vol_m3_n6_pairwise1,2014-05-30,CtrlVol,1.3231509139043052,64,ok,
FAC_rank_vol_m3_n6_pairwise1,2014-05-30,as_偏股混合型基金,1.065699357722967,64,ok,
FAC_rank_vol_m3_n6_pairwise1,2014-05-30,Ctrl_log_fund_size,2.8949782487389233,64,ok,
FAC_rank_vol_m3_n6_pairwise1,2014-05-30,Ctrl_fund_age,2.6309747585539163,64,ok,
FAC_rank_vol_m3_n6_pairwise1,2014-06-30,FAC_rank_vol_m3_n6_pairwise1,1.431184771069807,62,ok,
FAC_rank_vol_m3_n6_pairwise1,2014-06-30,CtrlRetSTR,1.303866184615862,62,ok,
FAC_rank_vol_m3_n6_pairwise1,2014-06-30,CtrlRetLTM,1.5936056344940925,62,ok,
FAC_rank_vol_m3_n6_pairwise1,2014-06-30,CtrlVol,1.2651183554457544,62,ok,
FAC_rank_vol_m3_n6_pairwise1,2014-06-30,as_偏股混合型基金,1.1572573622645381,62,ok,
FAC_rank_vol_m3_n6_pairwise1,2014-06-30,Ctrl_log_fund_size,2.7126358572435496,62,ok,
FAC_rank_vol_m3_n6_pairwise1,2014-06-30,Ctrl_fund_age,2.3940682229386896,62,ok,
FAC_rank_vol_m3_n6_pairwise1,2014-07-31,FAC_rank_vol_m3_n6_pairwise1,1.4848493593456737,61,ok,
FAC_rank_vol_m3_n6_pairwise1,2014-07-31,CtrlRetSTR,1.06107648971376,61,ok,
FAC_rank_vol_m3_n6_pairwise1,2014-07-31,CtrlRetLTM,1.3463914674963104,61,ok,
FAC_rank_vol_m3_n6_pairwise1,2014-07-31,CtrlVol,1.089040159015499,61,ok,
FAC_rank_vol_m3_n6_pairwise1,2014-07-31,as_偏股混合型基金,1.0985613556708247,61,ok,
FAC_rank_vol_m3_n6_pairwise1,2014-07-31,Ctrl_log_fund_size,2.364075991642664,61,ok,
FAC_rank_vol_m3_n6_pairwise1,2014-07-31,Ctrl_fund_age,2.173812405824069,61,ok,
FAC_rank_vol_m3_n6_pairwise1,2014-08-29,FAC_rank_vol_m3_n6_pairwise1,2.092130641419677,61,ok,
FAC_rank_vol_m3_n6_pairwise1,2014-08-29,CtrlRetSTR,1.2829436678598096,61,ok,
FAC_rank_vol_m3_n6_pairwise1,2014-08-29,CtrlRetLTM,1.7720230823271326,61,ok,
FAC_rank_vol_m3_n6_pairwise1,2014-08-29,CtrlVol,1.3186936937198486,61,ok,
FAC_rank_vol_m3_n6_pairwise1,2014-08-29,as_偏股混合型基金,1.1126120855419777,61,ok,
FAC_rank_vol_m3_n6_pairwise1,2014-08-29,Ctrl_log_fund_size,2.5540834347665324,61,ok,
FAC_rank_vol_m3_n6_pairwise1,2014-08-29,Ctrl_fund_age,2.341663390066117,61,ok,
FAC_rank_vol_m3_n6_pairwise1,2014-09-30,FAC_rank_vol_m3_n6_pairwise1,1.1610765256777515,60,ok,
FAC_rank_vol_m3_n6_pairwise1,2014-09-30,CtrlRetSTR,1.303619439957394,60,ok,
FAC_rank_vol_m3_n6_pairwise1,2014-09-30,CtrlRetLTM,1.44685894987909,60,ok,
FAC_rank_vol_m3_n6_pairwise1,2014-09-30,CtrlVol,1.2882089878023923,60,ok,
FAC_rank_vol_m3_n6_pairwise1,2014-09-30,as_偏股混合型基金,1.1906259537968649,60,ok,
FAC_rank_vol_m3_n6_pairwise1,2014-09-30,Ctrl_log_fund_size,2.555391898843131,60,ok,
FAC_rank_vol_m3_n6_pairwise1,2014-09-30,Ctrl_fund_age,2.5585166821650906,60,ok,
FAC_rank_vol_m3_n6_pairwise1,2014-10-31,FAC_rank_vol_m3_n6_pairwise1,1.4636073665507765,61,ok,
FAC_rank_vol_m3_n6_pairwise1,2014-10-31,CtrlRetSTR,1.2145118370385863,61,ok,
FAC_rank_vol_m3_n6_pairwise1,2014-10-31,CtrlRetLTM,1.7097905041718224,61,ok,
FAC_rank_vol_m3_n6_pairwise1,2014-10-31,CtrlVol,1.6485888450483637,61,ok,
FAC_rank_vol_m3_n6_pairwise1,2014-10-31,as_偏股混合型基金,1.1215014636391647,61,ok,
FAC_rank_vol_m3_n6_pairwise1,2014-10-31,Ctrl_log_fund_size,3.056044473783728,61,ok,
FAC_rank_vol_m3_n6_pairwise1,2014-10-31,Ctrl_fund_age,3.4277816065982467,61,ok,
FAC_rank_vol_m3_n6_pairwise1,2014-11-28,FAC_rank_vol_m3_n6_pairwise1,1.2980245077243173,62,ok,
FAC_rank_vol_m3_n6_pairwise1,2014-11-28,CtrlRetSTR,1.1953995739263605,62,ok,
FAC_rank_vol_m3_n6_pairwise1,2014-11-28,CtrlRetLTM,1.1648804856329598,62,ok,
FAC_rank_vol_m3_n6_pairwise1,2014-11-28,CtrlVol,1.1722066781386926,62,ok,
FAC_rank_vol_m3_n6_pairwise1,2014-11-28,as_偏股混合型基金,1.1814446514795114,62,ok,
FAC_rank_vol_m3_n6_pairwise1,2014-11-28,Ctrl_log_fund_size,3.6371491802891063,62,ok,
FAC_rank_vol_m3_n6_pairwise1,2014-11-28,Ctrl_fund_age,3.6804266823147342,62,ok,
FAC_rank_vol_m3_n6_pairwise1,2014-12-31,FAC_rank_vol_m3_n6_pairwise1,2.3447338844367636,58,ok,
FAC_rank_vol_m3_n6_pairwise1,2014-12-31,CtrlRetSTR,2.132096283399449,58,ok,
FAC_rank_vol_m3_n6_pairwise1,2014-12-31,CtrlRetLTM,1.2862375336809175,58,ok,
FAC_rank_vol_m3_n6_pairwise1,2014-12-31,CtrlVol,1.158005101051586,58,ok,
FAC_rank_vol_m3_n6_pairwise1,2014-12-31,as_偏股混合型基金,1.1690760123556982,58,ok,
FAC_rank_vol_m3_n6_pairwise1,2014-12-31,Ctrl_log_fund_size,3.927052464455437,58,ok,
FAC_rank_vol_m3_n6_pairwise1,2014-12-31,Ctrl_fund_age,4.1011209044143095,58,ok,
FAC_rank_vol_m3_n6_pairwise1,2015-01-30,FAC_rank_vol_m3_n6_pairwise1,2.4398477336148785,56,ok,
FAC_rank_vol_m3_n6_pairwise1,2015-01-30,CtrlRetSTR,2.009489980041168,56,ok,
FAC_rank_vol_m3_n6_pairwise1,2015-01-30,CtrlRetLTM,2.8879832494538977,56,ok,
FAC_rank_vol_m3_n6_pairwise1,2015-01-30,CtrlVol,2.261219749969082,56,ok,
FAC_rank_vol_m3_n6_pairwise1,2015-01-30,as_偏股混合型基金,1.224498775046385,56,ok,
FAC_rank_vol_m3_n6_pairwise1,2015-01-30,Ctrl_log_fund_size,4.52446775053234,56,ok,
FAC_rank_vol_m3_n6_pairwise1,2015-01-30,Ctrl_fund_age,4.551717063772266,56,ok,
FAC_rank_vol_m3_n6_pairwise1,2015-02-27,FAC_rank_vol_m3_n6_pairwise1,1.7108581750952054,59,ok,
FAC_rank_vol_m3_n6_pairwise1,2015-02-27,CtrlRetSTR,1.5319006675985065,59,ok,
FAC_rank_vol_m3_n6_pairwise1,2015-02-27,CtrlRetLTM,1.5129972521332373,59,ok,
FAC_rank_vol_m3_n6_pairwise1,2015-02-27,CtrlVol,1.4876282680255781,59,ok,
FAC_rank_vol_m3_n6_pairwise1,2015-02-27,as_偏股混合型基金,1.067886630267735,59,ok,
FAC_rank_vol_m3_n6_pairwise1,2015-02-27,Ctrl_log_fund_size,2.991397475996373,59,ok,
FAC_rank_vol_m3_n6_pairwise1,2015-02-27,Ctrl_fund_age,3.1976037564583617,59,ok,
FAC_rank_vol_m3_n6_pairwise1,2015-03-31,FAC_rank_vol_m3_n6_pairwise1,1.4856615291063908,58,ok,
FAC_rank_vol_m3_n6_pairwise1,2015-03-31,CtrlRetSTR,1.1511905742347166,58,ok,
FAC_rank_vol_m3_n6_pairwise1,2015-03-31,CtrlRetLTM,1.2703005477504623,58,ok,
FAC_rank_vol_m3_n6_pairwise1,2015-03-31,CtrlVol,1.7541990572934634,58,ok,
FAC_rank_vol_m3_n6_pairwise1,2015-03-31,as_偏股混合型基金,1.2364544905686072,58,ok,
FAC_rank_vol_m3_n6_pairwise1,2015-03-31,Ctrl_log_fund_size,2.5547324064034327,58,ok,
FAC_rank_vol_m3_n6_pairwise1,2015-03-31,Ctrl_fund_age,2.851126905978964,58,ok,
FAC_rank_vol_m3_n6_pairwise1,2015-04-30,FAC_rank_vol_m3_n6_pairwise1,1.6877582371637083,55,ok,
FAC_rank_vol_m3_n6_pairwise1,2015-04-30,CtrlRetSTR,1.6242104917275255,55,ok,
FAC_rank_vol_m3_n6_pairwise1,2015-04-30,CtrlRetLTM,1.3969773861141699,55,ok,
FAC_rank_vol_m3_n6_pairwise1,2015-04-30,CtrlVol,1.691687118770827,55,ok,
FAC_rank_vol_m3_n6_pairwise1,2015-04-30,as_偏股混合型基金,1.0812102196985616,55,ok,
FAC_rank_vol_m3_n6_pairwise1,2015-04-30,Ctrl_log_fund_size,2.7898170688897515,55,ok,
FAC_rank_vol_m3_n6_pairwise1,2015-04-30,Ctrl_fund_age,2.8422724474058283,55,ok,
FAC_rank_vol_m3_n6_pairwise1,2015-05-29,FAC_rank_vol_m3_n6_pairwise1,,49,skipped,完整变量样本数小于 min_cross_section_n
FAC_rank_vol_m3_n6_pairwise1,2015-05-29,CtrlRetSTR,,49,skipped,完整变量样本数小于 min_cross_section_n
FAC_rank_vol_m3_n6_pairwise1,2015-05-29,CtrlRetLTM,,49,skipped,完整变量样本数小于 min_cross_section_n
FAC_rank_vol_m3_n6_pairwise1,2015-05-29,CtrlVol,,49,skipped,完整变量样本数小于 min_cross_section_n
FAC_rank_vol_m3_n6_pairwise1,2015-05-29,as_偏股混合型基金,,49,skipped,完整变量样本数小于 min_cross_section_n
FAC_rank_vol_m3_n6_pairwise1,2015-05-29,Ctrl_log_fund_size,,49,skipped,完整变量样本数小于 min_cross_section_n
FAC_rank_vol_m3_n6_pairwise1,2015-05-29,Ctrl_fund_age,,49,skipped,完整变量样本数小于 min_cross_section_n
FAC_rank_vol_m3_n6_pairwise1,2015-06-30,FAC_rank_vol_m3_n6_pairwise1,,42,skipped,完整变量样本数小于 min_cross_section_n
FAC_rank_vol_m3_n6_pairwise1,2015-06-30,CtrlRetSTR,,42,skipped,完整变量样本数小于 min_cross_section_n
FAC_rank_vol_m3_n6_pairwise1,2015-06-30,CtrlRetLTM,,42,skipped,完整变量样本数小于 min_cross_section_n
FAC_rank_vol_m3_n6_pairwise1,2015-06-30,CtrlVol,,42,skipped,完整变量样本数小于 min_cross_section_n
FAC_rank_vol_m3_n6_pairwise1,2015-06-30,as_偏股混合型基金,,42,skipped,完整变量样本数小于 min_cross_section_n
FAC_rank_vol_m3_n6_pairwise1,2015-06-30,Ctrl_log_fund_size,,42,skipped,完整变量样本数小于 min_cross_section_n
FAC_rank_vol_m3_n6_pairwise1,2015-06-30,Ctrl_fund_age,,42,skipped,完整变量样本数小于 min_cross_section_n
FAC_rank_vol_m3_n6_pairwise1,2015-07-31,FAC_rank_vol_m3_n6_pairwise1,,40,skipped,完整变量样本数小于 min_cross_section_n
FAC_rank_vol_m3_n6_pairwise1,2015-07-31,CtrlRetSTR,,40,skipped,完整变量样本数小于 min_cross_section_n
FAC_rank_vol_m3_n6_pairwise1,2015-07-31,CtrlRetLTM,,40,skipped,完整变量样本数小于 min_cross_section_n
FAC_rank_vol_m3_n6_pairwise1,2015-07-31,CtrlVol,,40,skipped,完整变量样本数小于 min_cross_section_n
FAC_rank_vol_m3_n6_pairwise1,2015-07-31,as_偏股混合型基金,,40,skipped,完整变量样本数小于 min_cross_section_n
FAC_rank_vol_m3_n6_pairwise1,2015-07-31,Ctrl_log_fund_size,,40,skipped,完整变量样本数小于 min_cross_section_n
FAC_rank_vol_m3_n6_pairwise1,2015-07-31,Ctrl_fund_age,,40,skipped,完整变量样本数小于 min_cross_section_n
FAC_rank_vol_m3_n6_pairwise1,2015-08-31,FAC_rank_vol_m3_n6_pairwise1,,44,skipped,完整变量样本数小于 min_cross_section_n
FAC_rank_vol_m3_n6_pairwise1,2015-08-31,CtrlRetSTR,,44,skipped,完整变量样本数小于 min_cross_section_n
FAC_rank_vol_m3_n6_pairwise1,2015-08-31,CtrlRetLTM,,44,skipped,完整变量样本数小于 min_cross_section_n
FAC_rank_vol_m3_n6_pairwise1,2015-08-31,CtrlVol,,44,skipped,完整变量样本数小于 min_cross_section_n
FAC_rank_vol_m3_n6_pairwise1,2015-08-31,as_偏股混合型基金,,44,skipped,完整变量样本数小于 min_cross_section_n
FAC_rank_vol_m3_n6_pairwise1,2015-08-31,Ctrl_log_fund_size,,44,skipped,完整变量样本数小于 min_cross_section_n
FAC_rank_vol_m3_n6_pairwise1,2015-08-31,Ctrl_fund_age,,44,skipped,完整变量样本数小于 min_cross_section_n
FAC_rank_vol_m3_n6_pairwise1,2015-09-30,FAC_rank_vol_m3_n6_pairwise1,,40,skipped,完整变量样本数小于 min_cross_section_n
FAC_rank_vol_m3_n6_pairwise1,2015-09-30,CtrlRetSTR,,40,skipped,完整变量样本数小于 min_cross_section_n
FAC_rank_vol_m3_n6_pairwise1,2015-09-30,CtrlRetLTM,,40,skipped,完整变量样本数小于 min_cross_section_n
FAC_rank_vol_m3_n6_pairwise1,2015-09-30,CtrlVol,,40,skipped,完整变量样本数小于 min_cross_section_n
FAC_rank_vol_m3_n6_pairwise1,2015-09-30,as_偏股混合型基金,,40,skipped,完整变量样本数小于 min_cross_section_n
FAC_rank_vol_m3_n6_pairwise1,2015-09-30,Ctrl_log_fund_size,,40,skipped,完整变量样本数小于 min_cross_section_n
FAC_rank_vol_m3_n6_pairwise1,2015-09-30,Ctrl_fund_age,,40,skipped,完整变量样本数小于 min_cross_section_n
FAC_rank_vol_m3_n6_pairwise1,2015-10-30,FAC_rank_vol_m3_n6_pairwise1,,41,skipped,完整变量样本数小于 min_cross_section_n
FAC_rank_vol_m3_n6_pairwise1,2015-10-30,CtrlRetSTR,,41,skipped,完整变量样本数小于 min_cross_section_n
FAC_rank_vol_m3_n6_pairwise1,2015-10-30,CtrlRetLTM,,41,skipped,完整变量样本数小于 min_cross_section_n
FAC_rank_vol_m3_n6_pairwise1,2015-10-30,CtrlVol,,41,skipped,完整变量样本数小于 min_cross_section_n
FAC_rank_vol_m3_n6_pairwise1,2015-10-30,as_偏股混合型基金,,41,skipped,完整变量样本数小于 min_cross_section_n
FAC_rank_vol_m3_n6_pairwise1,2015-10-30,Ctrl_log_fund_size,,41,skipped,完整变量样本数小于 min_cross_section_n
FAC_rank_vol_m3_n6_pairwise1,2015-10-30,Ctrl_fund_age,,41,skipped,完整变量样本数小于 min_cross_section_n
FAC_rank_vol_m3_n6_pairwise1,2015-11-30,FAC_rank_vol_m3_n6_pairwise1,,43,skipped,完整变量样本数小于 min_cross_section_n
FAC_rank_vol_m3_n6_pairwise1,2015-11-30,CtrlRetSTR,,43,skipped,完整变量样本数小于 min_cross_section_n
FAC_rank_vol_m3_n6_pairwise1,2015-11-30,CtrlRetLTM,,43,skipped,完整变量样本数小于 min_cross_section_n
FAC_rank_vol_m3_n6_pairwise1,2015-11-30,CtrlVol,,43,skipped,完整变量样本数小于 min_cross_section_n
FAC_rank_vol_m3_n6_pairwise1,2015-11-30,as_偏股混合型基金,,43,skipped,完整变量样本数小于 min_cross_section_n
FAC_rank_vol_m3_n6_pairwise1,2015-11-30,Ctrl_log_fund_size,,43,skipped,完整变量样本数小于 min_cross_section_n
FAC_rank_vol_m3_n6_pairwise1,2015-11-30,Ctrl_fund_age,,43,skipped,完整变量样本数小于 min_cross_section_n
FAC_rank_vol_m3_n6_pairwise1,2015-12-31,FAC_rank_vol_m3_n6_pairwise1,,44,skipped,完整变量样本数小于 min_cross_section_n
FAC_rank_vol_m3_n6_pairwise1,2015-12-31,CtrlRetSTR,,44,skipped,完整变量样本数小于 min_cross_section_n
FAC_rank_vol_m3_n6_pairwise1,2015-12-31,CtrlRetLTM,,44,skipped,完整变量样本数小于 min_cross_section_n
FAC_rank_vol_m3_n6_pairwise1,2015-12-31,CtrlVol,,44,skipped,完整变量样本数小于 min_cross_section_n
FAC_rank_vol_m3_n6_pairwise1,2015-12-31,as_偏股混合型基金,,44,skipped,完整变量样本数小于 min_cross_section_n
FAC_rank_vol_m3_n6_pairwise1,2015-12-31,Ctrl_log_fund_size,,44,skipped,完整变量样本数小于 min_cross_section_n
FAC_rank_vol_m3_n6_pairwise1,2015-12-31,Ctrl_fund_age,,44,skipped,完整变量样本数小于 min_cross_section_n
FAC_rank_vol_m3_n6_pairwise1,2016-01-29,FAC_rank_vol_m3_n6_pairwise1,,45,skipped,完整变量样本数小于 min_cross_section_n
FAC_rank_vol_m3_n6_pairwise1,2016-01-29,CtrlRetSTR,,45,skipped,完整变量样本数小于 min_cross_section_n
FAC_rank_vol_m3_n6_pairwise1,2016-01-29,CtrlRetLTM,,45,skipped,完整变量样本数小于 min_cross_section_n
FAC_rank_vol_m3_n6_pairwise1,2016-01-29,CtrlVol,,45,skipped,完整变量样本数小于 min_cross_section_n
FAC_rank_vol_m3_n6_pairwise1,2016-01-29,as_偏股混合型基金,,45,skipped,完整变量样本数小于 min_cross_section_n
FAC_rank_vol_m3_n6_pairwise1,2016-01-29,Ctrl_log_fund_size,,45,skipped,完整变量样本数小于 min_cross_section_n
FAC_rank_vol_m3_n6_pairwise1,2016-01-29,Ctrl_fund_age,,45,skipped,完整变量样本数小于 min_cross_section_n
FAC_rank_vol_m3_n6_pairwise1,2016-02-29,FAC_rank_vol_m3_n6_pairwise1,,46,skipped,完整变量样本数小于 min_cross_section_n
FAC_rank_vol_m3_n6_pairwise1,2016-02-29,CtrlRetSTR,,46,skipped,完整变量样本数小于 min_cross_section_n
FAC_rank_vol_m3_n6_pairwise1,2016-02-29,CtrlRetLTM,,46,skipped,完整变量样本数小于 min_cross_section_n
FAC_rank_vol_m3_n6_pairwise1,2016-02-29,CtrlVol,,46,skipped,完整变量样本数小于 min_cross_section_n
FAC_rank_vol_m3_n6_pairwise1,2016-02-29,as_偏股混合型基金,,46,skipped,完整变量样本数小于 min_cross_section_n
FAC_rank_vol_m3_n6_pairwise1,2016-02-29,Ctrl_log_fund_size,,46,skipped,完整变量样本数小于 min_cross_section_n
FAC_rank_vol_m3_n6_pairwise1,2016-02-29,Ctrl_fund_age,,46,skipped,完整变量样本数小于 min_cross_section_n
FAC_rank_vol_m3_n6_pairwise1,2016-03-31,FAC_rank_vol_m3_n6_pairwise1,,47,skipped,完整变量样本数小于 min_cross_section_n
FAC_rank_vol_m3_n6_pairwise1,2016-03-31,CtrlRetSTR,,47,skipped,完整变量样本数小于 min_cross_section_n
FAC_rank_vol_m3_n6_pairwise1,2016-03-31,CtrlRetLTM,,47,skipped,完整变量样本数小于 min_cross_section_n
FAC_rank_vol_m3_n6_pairwise1,2016-03-31,CtrlVol,,47,skipped,完整变量样本数小于 min_cross_section_n
FAC_rank_vol_m3_n6_pairwise1,2016-03-31,as_偏股混合型基金,,47,skipped,完整变量样本数小于 min_cross_section_n
FAC_rank_vol_m3_n6_pairwise1,2016-03-31,Ctrl_log_fund_size,,47,skipped,完整变量样本数小于 min_cross_section_n
FAC_rank_vol_m3_n6_pairwise1,2016-03-31,Ctrl_fund_age,,47,skipped,完整变量样本数小于 min_cross_section_n
FAC_rank_vol_m3_n6_pairwise1,2016-04-29,FAC_rank_vol_m3_n6_pairwise1,,46,skipped,完整变量样本数小于 min_cross_section_n
FAC_rank_vol_m3_n6_pairwise1,2016-04-29,CtrlRetSTR,,46,skipped,完整变量样本数小于 min_cross_section_n
FAC_rank_vol_m3_n6_pairwise1,2016-04-29,CtrlRetLTM,,46,skipped,完整变量样本数小于 min_cross_section_n
FAC_rank_vol_m3_n6_pairwise1,2016-04-29,CtrlVol,,46,skipped,完整变量样本数小于 min_cross_section_n
FAC_rank_vol_m3_n6_pairwise1,2016-04-29,as_偏股混合型基金,,46,skipped,完整变量样本数小于 min_cross_section_n
FAC_rank_vol_m3_n6_pairwise1,2016-04-29,Ctrl_log_fund_size,,46,skipped,完整变量样本数小于 min_cross_section_n
FAC_rank_vol_m3_n6_pairwise1,2016-04-29,Ctrl_fund_age,,46,skipped,完整变量样本数小于 min_cross_section_n
FAC_rank_vol_m3_n6_pairwise1,2016-05-31,FAC_rank_vol_m3_n6_pairwise1,,49,skipped,完整变量样本数小于 min_cross_section_n
FAC_rank_vol_m3_n6_pairwise1,2016-05-31,CtrlRetSTR,,49,skipped,完整变量样本数小于 min_cross_section_n
FAC_rank_vol_m3_n6_pairwise1,2016-05-31,CtrlRetLTM,,49,skipped,完整变量样本数小于 min_cross_section_n
FAC_rank_vol_m3_n6_pairwise1,2016-05-31,CtrlVol,,49,skipped,完整变量样本数小于 min_cross_section_n
FAC_rank_vol_m3_n6_pairwise1,2016-05-31,as_偏股混合型基金,,49,skipped,完整变量样本数小于 min_cross_section_n
FAC_rank_vol_m3_n6_pairwise1,2016-05-31,Ctrl_log_fund_size,,49,skipped,完整变量样本数小于 min_cross_section_n
FAC_rank_vol_m3_n6_pairwise1,2016-05-31,Ctrl_fund_age,,49,skipped,完整变量样本数小于 min_cross_section_n
FAC_rank_vol_m3_n6_pairwise1,2016-06-30,FAC_rank_vol_m3_n6_pairwise1,1.4941387800263157,51,ok,
FAC_rank_vol_m3_n6_pairwise1,2016-06-30,CtrlRetSTR,1.380396912514704,51,ok,
FAC_rank_vol_m3_n6_pairwise1,2016-06-30,CtrlRetLTM,1.3137829900476254,51,ok,
FAC_rank_vol_m3_n6_pairwise1,2016-06-30,CtrlVol,1.4772932292676884,51,ok,
FAC_rank_vol_m3_n6_pairwise1,2016-06-30,as_偏股混合型基金,1.5932786256168587,51,ok,
FAC_rank_vol_m3_n6_pairwise1,2016-06-30,Ctrl_log_fund_size,1.7239526287251872,51,ok,
FAC_rank_vol_m3_n6_pairwise1,2016-06-30,Ctrl_fund_age,1.7531012963964696,51,ok,
FAC_rank_vol_m3_n6_pairwise1,2016-07-29,FAC_rank_vol_m3_n6_pairwise1,1.316282926947564,51,ok,
FAC_rank_vol_m3_n6_pairwise1,2016-07-29,CtrlRetSTR,2.033589665786227,51,ok,
FAC_rank_vol_m3_n6_pairwise1,2016-07-29,CtrlRetLTM,1.6871611143003276,51,ok,
FAC_rank_vol_m3_n6_pairwise1,2016-07-29,CtrlVol,1.6700659188499167,51,ok,
FAC_rank_vol_m3_n6_pairwise1,2016-07-29,as_偏股混合型基金,1.4154666050929237,51,ok,
FAC_rank_vol_m3_n6_pairwise1,2016-07-29,Ctrl_log_fund_size,1.67972405233282,51,ok,
FAC_rank_vol_m3_n6_pairwise1,2016-07-29,Ctrl_fund_age,1.6702524627426598,51,ok,
FAC_rank_vol_m3_n6_pairwise1,2016-08-31,FAC_rank_vol_m3_n6_pairwise1,1.2534424378608546,58,ok,
FAC_rank_vol_m3_n6_pairwise1,2016-08-31,CtrlRetSTR,1.2491879242650643,58,ok,
FAC_rank_vol_m3_n6_pairwise1,2016-08-31,CtrlRetLTM,1.5450290684328365,58,ok,
FAC_rank_vol_m3_n6_pairwise1,2016-08-31,CtrlVol,1.3751072863019433,58,ok,
FAC_rank_vol_m3_n6_pairwise1,2016-08-31,as_偏股混合型基金,1.4632252783056907,58,ok,
FAC_rank_vol_m3_n6_pairwise1,2016-08-31,Ctrl_log_fund_size,1.845720450239618,58,ok,
FAC_rank_vol_m3_n6_pairwise1,2016-08-31,Ctrl_fund_age,2.1485798633849966,58,ok,
FAC_rank_vol_m3_n6_pairwise1,2016-09-30,FAC_rank_vol_m3_n6_pairwise1,1.347043815495352,62,ok,
FAC_rank_vol_m3_n6_pairwise1,2016-09-30,CtrlRetSTR,1.4819914508801526,62,ok,
FAC_rank_vol_m3_n6_pairwise1,2016-09-30,CtrlRetLTM,1.150856538451202,62,ok,
FAC_rank_vol_m3_n6_pairwise1,2016-09-30,CtrlVol,1.187368734864204,62,ok,
FAC_rank_vol_m3_n6_pairwise1,2016-09-30,as_偏股混合型基金,1.4809936968963409,62,ok,
FAC_rank_vol_m3_n6_pairwise1,2016-09-30,Ctrl_log_fund_size,1.9231764292885412,62,ok,
FAC_rank_vol_m3_n6_pairwise1,2016-09-30,Ctrl_fund_age,2.152473081079748,62,ok,
FAC_rank_vol_m3_n6_pairwise1,2016-10-31,FAC_rank_vol_m3_n6_pairwise1,1.2470761101929682,68,ok,
FAC_rank_vol_m3_n6_pairwise1,2016-10-31,CtrlRetSTR,1.1279742421607724,68,ok,
FAC_rank_vol_m3_n6_pairwise1,2016-10-31,CtrlRetLTM,2.2375794673723406,68,ok,
FAC_rank_vol_m3_n6_pairwise1,2016-10-31,CtrlVol,1.8935162899776814,68,ok,
FAC_rank_vol_m3_n6_pairwise1,2016-10-31,as_偏股混合型基金,1.4873732900633105,68,ok,
FAC_rank_vol_m3_n6_pairwise1,2016-10-31,Ctrl_log_fund_size,2.5902287806845976,68,ok,
FAC_rank_vol_m3_n6_pairwise1,2016-10-31,Ctrl_fund_age,2.7238214843860575,68,ok,
FAC_rank_vol_m3_n6_pairwise1,2016-11-30,FAC_rank_vol_m3_n6_pairwise1,1.595936183342101,75,ok,
FAC_rank_vol_m3_n6_pairwise1,2016-11-30,CtrlRetSTR,1.5073082792530388,75,ok,
FAC_rank_vol_m3_n6_pairwise1,2016-11-30,CtrlRetLTM,2.3052052598101467,75,ok,
FAC_rank_vol_m3_n6_pairwise1,2016-11-30,CtrlVol,2.1600036477455204,75,ok,
FAC_rank_vol_m3_n6_pairwise1,2016-11-30,as_偏股混合型基金,1.7082605612333859,75,ok,
FAC_rank_vol_m3_n6_pairwise1,2016-11-30,Ctrl_log_fund_size,2.6542595126431494,75,ok,
FAC_rank_vol_m3_n6_pairwise1,2016-11-30,Ctrl_fund_age,2.9513074051928534,75,ok,
FAC_rank_vol_m3_n6_pairwise1,2016-12-30,FAC_rank_vol_m3_n6_pairwise1,1.2734482234019686,86,ok,
FAC_rank_vol_m3_n6_pairwise1,2016-12-30,CtrlRetSTR,1.1693155382711329,86,ok,
FAC_rank_vol_m3_n6_pairwise1,2016-12-30,CtrlRetLTM,2.2632292683426924,86,ok,
FAC_rank_vol_m3_n6_pairwise1,2016-12-30,CtrlVol,1.8869182410590681,86,ok,
FAC_rank_vol_m3_n6_pairwise1,2016-12-30,as_偏股混合型基金,1.7383136307540126,86,ok,
FAC_rank_vol_m3_n6_pairwise1,2016-12-30,Ctrl_log_fund_size,2.8786139911494653,86,ok,
FAC_rank_vol_m3_n6_pairwise1,2016-12-30,Ctrl_fund_age,3.1021872374655723,86,ok,
FAC_rank_vol_m3_n6_pairwise1,2017-01-26,FAC_rank_vol_m3_n6_pairwise1,1.0936706157424476,96,ok,
FAC_rank_vol_m3_n6_pairwise1,2017-01-26,CtrlRetSTR,1.102277448631876,96,ok,
FAC_rank_vol_m3_n6_pairwise1,2017-01-26,CtrlRetLTM,1.177405531221193,96,ok,
FAC_rank_vol_m3_n6_pairwise1,2017-01-26,CtrlVol,1.1167370538772188,96,ok,
FAC_rank_vol_m3_n6_pairwise1,2017-01-26,as_偏股混合型基金,1.8120354630960547,96,ok,
FAC_rank_vol_m3_n6_pairwise1,2017-01-26,Ctrl_log_fund_size,2.49726599202695,96,ok,
FAC_rank_vol_m3_n6_pairwise1,2017-01-26,Ctrl_fund_age,2.665812664175556,96,ok,
FAC_rank_vol_m3_n6_pairwise1,2017-02-28,FAC_rank_vol_m3_n6_pairwise1,1.3302188165580977,109,ok,
FAC_rank_vol_m3_n6_pairwise1,2017-02-28,CtrlRetSTR,1.109925979471399,109,ok,
FAC_rank_vol_m3_n6_pairwise1,2017-02-28,CtrlRetLTM,1.4001072474698524,109,ok,
FAC_rank_vol_m3_n6_pairwise1,2017-02-28,CtrlVol,1.2136984488431828,109,ok,
FAC_rank_vol_m3_n6_pairwise1,2017-02-28,as_偏股混合型基金,1.770862641195726,109,ok,
FAC_rank_vol_m3_n6_pairwise1,2017-02-28,Ctrl_log_fund_size,2.3751275266875105,109,ok,
FAC_rank_vol_m3_n6_pairwise1,2017-02-28,Ctrl_fund_age,2.7346798596918798,109,ok,
FAC_rank_vol_m3_n6_pairwise1,2017-03-31,FAC_rank_vol_m3_n6_pairwise1,1.4212757050520028,110,ok,
FAC_rank_vol_m3_n6_pairwise1,2017-03-31,CtrlRetSTR,1.2181548659274908,110,ok,
FAC_rank_vol_m3_n6_pairwise1,2017-03-31,CtrlRetLTM,1.4049175718521325,110,ok,
FAC_rank_vol_m3_n6_pairwise1,2017-03-31,CtrlVol,1.1809857379184756,110,ok,
FAC_rank_vol_m3_n6_pairwise1,2017-03-31,as_偏股混合型基金,1.7958922509986475,110,ok,
FAC_rank_vol_m3_n6_pairwise1,2017-03-31,Ctrl_log_fund_size,2.876230561532562,110,ok,
FAC_rank_vol_m3_n6_pairwise1,2017-03-31,Ctrl_fund_age,3.161540600333852,110,ok,
FAC_rank_vol_m3_n6_pairwise1,2017-04-28,FAC_rank_vol_m3_n6_pairwise1,1.3796374902781547,114,ok,
FAC_rank_vol_m3_n6_pairwise1,2017-04-28,CtrlRetSTR,1.166226471425415,114,ok,
FAC_rank_vol_m3_n6_pairwise1,2017-04-28,CtrlRetLTM,1.55134737458152,114,ok,
FAC_rank_vol_m3_n6_pairwise1,2017-04-28,CtrlVol,1.297240346531853,114,ok,
FAC_rank_vol_m3_n6_pairwise1,2017-04-28,as_偏股混合型基金,1.759021747906997,114,ok,
FAC_rank_vol_m3_n6_pairwise1,2017-04-28,Ctrl_log_fund_size,2.9902092113555176,114,ok,
FAC_rank_vol_m3_n6_pairwise1,2017-04-28,Ctrl_fund_age,3.356793702350506,114,ok,
FAC_rank_vol_m3_n6_pairwise1,2017-05-31,FAC_rank_vol_m3_n6_pairwise1,1.2688358733340543,118,ok,
FAC_rank_vol_m3_n6_pairwise1,2017-05-31,CtrlRetSTR,1.2652322765753166,118,ok,
FAC_rank_vol_m3_n6_pairwise1,2017-05-31,CtrlRetLTM,1.5207686334766488,118,ok,
FAC_rank_vol_m3_n6_pairwise1,2017-05-31,CtrlVol,1.368166581030872,118,ok,
FAC_rank_vol_m3_n6_pairwise1,2017-05-31,as_偏股混合型基金,1.8252221721278326,118,ok,
FAC_rank_vol_m3_n6_pairwise1,2017-05-31,Ctrl_log_fund_size,2.9595038523413457,118,ok,
FAC_rank_vol_m3_n6_pairwise1,2017-05-31,Ctrl_fund_age,3.559306210078518,118,ok,
FAC_rank_vol_m3_n6_pairwise1,2017-06-30,FAC_rank_vol_m3_n6_pairwise1,1.1790223745186414,115,ok,
FAC_rank_vol_m3_n6_pairwise1,2017-06-30,CtrlRetSTR,1.0669942388023852,115,ok,
FAC_rank_vol_m3_n6_pairwise1,2017-06-30,CtrlRetLTM,1.5122196427735461,115,ok,
FAC_rank_vol_m3_n6_pairwise1,2017-06-30,CtrlVol,1.3620608057272734,115,ok,
FAC_rank_vol_m3_n6_pairwise1,2017-06-30,as_偏股混合型基金,1.9327173218129081,115,ok,
FAC_rank_vol_m3_n6_pairwise1,2017-06-30,Ctrl_log_fund_size,2.726793265074468,115,ok,
FAC_rank_vol_m3_n6_pairwise1,2017-06-30,Ctrl_fund_age,3.288915432344042,115,ok,
FAC_rank_vol_m3_n6_pairwise1,2017-07-31,FAC_rank_vol_m3_n6_pairwise1,1.3320377032474395,117,ok,
FAC_rank_vol_m3_n6_pairwise1,2017-07-31,CtrlRetSTR,1.1981183410901897,117,ok,
FAC_rank_vol_m3_n6_pairwise1,2017-07-31,CtrlRetLTM,1.1834316499102242,117,ok,
FAC_rank_vol_m3_n6_pairwise1,2017-07-31,CtrlVol,1.210322313920403,117,ok,
FAC_rank_vol_m3_n6_pairwise1,2017-07-31,as_偏股混合型基金,2.0089355406444636,117,ok,
FAC_rank_vol_m3_n6_pairwise1,2017-07-31,Ctrl_log_fund_size,3.350113598469785,117,ok,
FAC_rank_vol_m3_n6_pairwise1,2017-07-31,Ctrl_fund_age,3.7636318972689287,117,ok,
FAC_rank_vol_m3_n6_pairwise1,2017-08-31,FAC_rank_vol_m3_n6_pairwise1,1.263587191226223,123,ok,
FAC_rank_vol_m3_n6_pairwise1,2017-08-31,CtrlRetSTR,1.1282648366182244,123,ok,
FAC_rank_vol_m3_n6_pairwise1,2017-08-31,CtrlRetLTM,1.526423724331069,123,ok,
FAC_rank_vol_m3_n6_pairwise1,2017-08-31,CtrlVol,1.4245931709616182,123,ok,
FAC_rank_vol_m3_n6_pairwise1,2017-08-31,as_偏股混合型基金,1.827920770893254,123,ok,
FAC_rank_vol_m3_n6_pairwise1,2017-08-31,Ctrl_log_fund_size,3.7100686268546883,123,ok,
FAC_rank_vol_m3_n6_pairwise1,2017-08-31,Ctrl_fund_age,4.065355329297192,123,ok,
FAC_rank_vol_m3_n6_pairwise1,2017-09-29,FAC_rank_vol_m3_n6_pairwise1,1.5507493028453094,128,ok,
FAC_rank_vol_m3_n6_pairwise1,2017-09-29,CtrlRetSTR,1.205561930928911,128,ok,
FAC_rank_vol_m3_n6_pairwise1,2017-09-29,CtrlRetLTM,1.3752545119743955,128,ok,
FAC_rank_vol_m3_n6_pairwise1,2017-09-29,CtrlVol,1.2293091561488154,128,ok,
FAC_rank_vol_m3_n6_pairwise1,2017-09-29,as_偏股混合型基金,1.758275881599273,128,ok,
FAC_rank_vol_m3_n6_pairwise1,2017-09-29,Ctrl_log_fund_size,3.1856233926306103,128,ok,
FAC_rank_vol_m3_n6_pairwise1,2017-09-29,Ctrl_fund_age,3.915140851229271,128,ok,
FAC_rank_vol_m3_n6_pairwise1,2017-10-31,FAC_rank_vol_m3_n6_pairwise1,1.3648930508928676,129,ok,
FAC_rank_vol_m3_n6_pairwise1,2017-10-31,CtrlRetSTR,1.154770194881243,129,ok,
FAC_rank_vol_m3_n6_pairwise1,2017-10-31,CtrlRetLTM,1.4497527011086306,129,ok,
FAC_rank_vol_m3_n6_pairwise1,2017-10-31,CtrlVol,1.1342531844479131,129,ok,
FAC_rank_vol_m3_n6_pairwise1,2017-10-31,as_偏股混合型基金,1.704543905270481,129,ok,
FAC_rank_vol_m3_n6_pairwise1,2017-10-31,Ctrl_log_fund_size,2.957383018451578,129,ok,
FAC_rank_vol_m3_n6_pairwise1,2017-10-31,Ctrl_fund_age,3.657556370737201,129,ok,
FAC_rank_vol_m3_n6_pairwise1,2017-11-30,FAC_rank_vol_m3_n6_pairwise1,1.4603690001135865,135,ok,
FAC_rank_vol_m3_n6_pairwise1,2017-11-30,CtrlRetSTR,1.4091193723498534,135,ok,
FAC_rank_vol_m3_n6_pairwise1,2017-11-30,CtrlRetLTM,1.3140584099861614,135,ok,
FAC_rank_vol_m3_n6_pairwise1,2017-11-30,CtrlVol,1.5216940284956675,135,ok,
FAC_rank_vol_m3_n6_pairwise1,2017-11-30,as_偏股混合型基金,1.833136607565517,135,ok,
FAC_rank_vol_m3_n6_pairwise1,2017-11-30,Ctrl_log_fund_size,2.750160558798606,135,ok,
FAC_rank_vol_m3_n6_pairwise1,2017-11-30,Ctrl_fund_age,3.6399518522881693,135,ok,
FAC_rank_vol_m3_n6_pairwise1,2017-12-29,FAC_rank_vol_m3_n6_pairwise1,1.3624787330598853,136,ok,
FAC_rank_vol_m3_n6_pairwise1,2017-12-29,CtrlRetSTR,1.1008527390505098,136,ok,
FAC_rank_vol_m3_n6_pairwise1,2017-12-29,CtrlRetLTM,1.4452505271652307,136,ok,
FAC_rank_vol_m3_n6_pairwise1,2017-12-29,CtrlVol,1.2344541790835577,136,ok,
FAC_rank_vol_m3_n6_pairwise1,2017-12-29,as_偏股混合型基金,1.7703271059024523,136,ok,
FAC_rank_vol_m3_n6_pairwise1,2017-12-29,Ctrl_log_fund_size,2.7464093870346873,136,ok,
FAC_rank_vol_m3_n6_pairwise1,2017-12-29,Ctrl_fund_age,3.5533308541359547,136,ok,
FAC_rank_vol_m3_n6_pairwise1,2018-01-31,FAC_rank_vol_m3_n6_pairwise1,1.4563839581909126,134,ok,
FAC_rank_vol_m3_n6_pairwise1,2018-01-31,CtrlRetSTR,1.4221013999570595,134,ok,
FAC_rank_vol_m3_n6_pairwise1,2018-01-31,CtrlRetLTM,1.2239838381446975,134,ok,
FAC_rank_vol_m3_n6_pairwise1,2018-01-31,CtrlVol,1.7202492996391952,134,ok,
FAC_rank_vol_m3_n6_pairwise1,2018-01-31,as_偏股混合型基金,1.7464989268930264,134,ok,
FAC_rank_vol_m3_n6_pairwise1,2018-01-31,Ctrl_log_fund_size,2.740689749855809,134,ok,
FAC_rank_vol_m3_n6_pairwise1,2018-01-31,Ctrl_fund_age,3.21839758240476,134,ok,
FAC_rank_vol_m3_n6_pairwise1,2018-02-28,FAC_rank_vol_m3_n6_pairwise1,1.326468850359162,135,ok,
FAC_rank_vol_m3_n6_pairwise1,2018-02-28,CtrlRetSTR,1.3434363297892278,135,ok,
FAC_rank_vol_m3_n6_pairwise1,2018-02-28,CtrlRetLTM,1.2622105848831835,135,ok,
FAC_rank_vol_m3_n6_pairwise1,2018-02-28,CtrlVol,1.3600899273898759,135,ok,
FAC_rank_vol_m3_n6_pairwise1,2018-02-28,as_偏股混合型基金,1.6386830256517306,135,ok,
FAC_rank_vol_m3_n6_pairwise1,2018-02-28,Ctrl_log_fund_size,2.5806665934652973,135,ok,
FAC_rank_vol_m3_n6_pairwise1,2018-02-28,Ctrl_fund_age,3.047637383818997,135,ok,
FAC_rank_vol_m3_n6_pairwise1,2018-03-30,FAC_rank_vol_m3_n6_pairwise1,1.314278243062455,134,ok,
FAC_rank_vol_m3_n6_pairwise1,2018-03-30,CtrlRetSTR,1.4160081506076372,134,ok,
FAC_rank_vol_m3_n6_pairwise1,2018-03-30,CtrlRetLTM,1.406499361061733,134,ok,
FAC_rank_vol_m3_n6_pairwise1,2018-03-30,CtrlVol,1.0829383134303683,134,ok,
FAC_rank_vol_m3_n6_pairwise1,2018-03-30,as_偏股混合型基金,1.7738411344530662,134,ok,
FAC_rank_vol_m3_n6_pairwise1,2018-03-30,Ctrl_log_fund_size,2.558530893171299,134,ok,
FAC_rank_vol_m3_n6_pairwise1,2018-03-30,Ctrl_fund_age,3.191261923996025,134,ok,
FAC_rank_vol_m3_n6_pairwise1,2018-04-27,FAC_rank_vol_m3_n6_pairwise1,1.426861140707411,136,ok,
FAC_rank_vol_m3_n6_pairwise1,2018-04-27,CtrlRetSTR,1.3928185741661194,136,ok,
FAC_rank_vol_m3_n6_pairwise1,2018-04-27,CtrlRetLTM,1.4575614381202961,136,ok,
FAC_rank_vol_m3_n6_pairwise1,2018-04-27,CtrlVol,1.511026982696144,136,ok,
FAC_rank_vol_m3_n6_pairwise1,2018-04-27,as_偏股混合型基金,1.6834350767875899,136,ok,
FAC_rank_vol_m3_n6_pairwise1,2018-04-27,Ctrl_log_fund_size,2.3032471545330706,136,ok,
FAC_rank_vol_m3_n6_pairwise1,2018-04-27,Ctrl_fund_age,2.7290620489086987,136,ok,
FAC_rank_vol_m3_n6_pairwise1,2018-05-31,FAC_rank_vol_m3_n6_pairwise1,1.2454658841642152,140,ok,
FAC_rank_vol_m3_n6_pairwise1,2018-05-31,CtrlRetSTR,1.2159951789704453,140,ok,
FAC_rank_vol_m3_n6_pairwise1,2018-05-31,CtrlRetLTM,1.4618192480684495,140,ok,
FAC_rank_vol_m3_n6_pairwise1,2018-05-31,CtrlVol,1.2965668403270425,140,ok,
FAC_rank_vol_m3_n6_pairwise1,2018-05-31,as_偏股混合型基金,1.7051276623192817,140,ok,
FAC_rank_vol_m3_n6_pairwise1,2018-05-31,Ctrl_log_fund_size,2.2683615339910124,140,ok,
FAC_rank_vol_m3_n6_pairwise1,2018-05-31,Ctrl_fund_age,2.50963583030199,140,ok,
FAC_rank_vol_m3_n6_pairwise1,2018-06-29,FAC_rank_vol_m3_n6_pairwise1,1.3477188471988795,139,ok,
FAC_rank_vol_m3_n6_pairwise1,2018-06-29,CtrlRetSTR,1.03951114928241,139,ok,
FAC_rank_vol_m3_n6_pairwise1,2018-06-29,CtrlRetLTM,1.4680915457626897,139,ok,
FAC_rank_vol_m3_n6_pairwise1,2018-06-29,CtrlVol,1.123130719361385,139,ok,
FAC_rank_vol_m3_n6_pairwise1,2018-06-29,as_偏股混合型基金,1.7227648091646333,139,ok,
FAC_rank_vol_m3_n6_pairwise1,2018-06-29,Ctrl_log_fund_size,2.468103365715459,139,ok,
FAC_rank_vol_m3_n6_pairwise1,2018-06-29,Ctrl_fund_age,2.658499858160196,139,ok,
FAC_rank_vol_m3_n6_pairwise1,2018-07-31,FAC_rank_vol_m3_n6_pairwise1,1.0901390833028277,134,ok,
FAC_rank_vol_m3_n6_pairwise1,2018-07-31,CtrlRetSTR,1.1389355292735552,134,ok,
FAC_rank_vol_m3_n6_pairwise1,2018-07-31,CtrlRetLTM,1.2982868476689173,134,ok,
FAC_rank_vol_m3_n6_pairwise1,2018-07-31,CtrlVol,1.1183460888856096,134,ok,
FAC_rank_vol_m3_n6_pairwise1,2018-07-31,as_偏股混合型基金,1.6076673772732009,134,ok,
FAC_rank_vol_m3_n6_pairwise1,2018-07-31,Ctrl_log_fund_size,2.5596110636747027,134,ok,
FAC_rank_vol_m3_n6_pairwise1,2018-07-31,Ctrl_fund_age,2.7297869338476453,134,ok,
FAC_rank_vol_m3_n6_pairwise1,2018-08-31,FAC_rank_vol_m3_n6_pairwise1,1.2329349219692312,136,ok,
FAC_rank_vol_m3_n6_pairwise1,2018-08-31,CtrlRetSTR,1.2967404794683335,136,ok,
FAC_rank_vol_m3_n6_pairwise1,2018-08-31,CtrlRetLTM,1.2680320333537904,136,ok,
FAC_rank_vol_m3_n6_pairwise1,2018-08-31,CtrlVol,1.2850190450798968,136,ok,
FAC_rank_vol_m3_n6_pairwise1,2018-08-31,as_偏股混合型基金,1.8189295581356573,136,ok,
FAC_rank_vol_m3_n6_pairwise1,2018-08-31,Ctrl_log_fund_size,2.5028768713370884,136,ok,
FAC_rank_vol_m3_n6_pairwise1,2018-08-31,Ctrl_fund_age,2.7064062564587736,136,ok,
FAC_rank_vol_m3_n6_pairwise1,2018-09-28,FAC_rank_vol_m3_n6_pairwise1,1.1446417241858184,136,ok,
FAC_rank_vol_m3_n6_pairwise1,2018-09-28,CtrlRetSTR,1.3932495551392148,136,ok,
FAC_rank_vol_m3_n6_pairwise1,2018-09-28,CtrlRetLTM,1.425744111360809,136,ok,
FAC_rank_vol_m3_n6_pairwise1,2018-09-28,CtrlVol,1.2429270993608554,136,ok,
FAC_rank_vol_m3_n6_pairwise1,2018-09-28,as_偏股混合型基金,1.534184908391442,136,ok,
FAC_rank_vol_m3_n6_pairwise1,2018-09-28,Ctrl_log_fund_size,2.306830038864592,136,ok,
FAC_rank_vol_m3_n6_pairwise1,2018-09-28,Ctrl_fund_age,2.4164589882551333,136,ok,
FAC_rank_vol_m3_n6_pairwise1,2018-10-31,FAC_rank_vol_m3_n6_pairwise1,1.452412626004457,134,ok,
FAC_rank_vol_m3_n6_pairwise1,2018-10-31,CtrlRetSTR,1.1556015937073012,134,ok,
FAC_rank_vol_m3_n6_pairwise1,2018-10-31,CtrlRetLTM,1.6155392748150301,134,ok,
FAC_rank_vol_m3_n6_pairwise1,2018-10-31,CtrlVol,1.1522348827683502,134,ok,
FAC_rank_vol_m3_n6_pairwise1,2018-10-31,as_偏股混合型基金,1.6616917859732205,134,ok,
FAC_rank_vol_m3_n6_pairwise1,2018-10-31,Ctrl_log_fund_size,2.3134799553070673,134,ok,
FAC_rank_vol_m3_n6_pairwise1,2018-10-31,Ctrl_fund_age,2.70778932223536,134,ok,
FAC_rank_vol_m3_n6_pairwise1,2018-11-30,FAC_rank_vol_m3_n6_pairwise1,1.5575895214384246,135,ok,
FAC_rank_vol_m3_n6_pairwise1,2018-11-30,CtrlRetSTR,1.1711277294247286,135,ok,
FAC_rank_vol_m3_n6_pairwise1,2018-11-30,CtrlRetLTM,1.545289752762338,135,ok,
FAC_rank_vol_m3_n6_pairwise1,2018-11-30,CtrlVol,1.195184767305104,135,ok,
FAC_rank_vol_m3_n6_pairwise1,2018-11-30,as_偏股混合型基金,1.7116954211603888,135,ok,
FAC_rank_vol_m3_n6_pairwise1,2018-11-30,Ctrl_log_fund_size,2.177755193317694,135,ok,
FAC_rank_vol_m3_n6_pairwise1,2018-11-30,Ctrl_fund_age,2.6643374730638096,135,ok,
FAC_rank_vol_m3_n6_pairwise1,2018-12-28,FAC_rank_vol_m3_n6_pairwise1,1.3719576290342008,138,ok,
FAC_rank_vol_m3_n6_pairwise1,2018-12-28,CtrlRetSTR,1.1682317989530528,138,ok,
FAC_rank_vol_m3_n6_pairwise1,2018-12-28,CtrlRetLTM,1.5860695909619236,138,ok,
FAC_rank_vol_m3_n6_pairwise1,2018-12-28,CtrlVol,1.1271840458631612,138,ok,
FAC_rank_vol_m3_n6_pairwise1,2018-12-28,as_偏股混合型基金,1.58314480257531,138,ok,
FAC_rank_vol_m3_n6_pairwise1,2018-12-28,Ctrl_log_fund_size,1.9436914824940192,138,ok,
FAC_rank_vol_m3_n6_pairwise1,2018-12-28,Ctrl_fund_age,2.2947209829898028,138,ok,
FAC_rank_vol_m3_n6_pairwise1,2019-01-31,FAC_rank_vol_m3_n6_pairwise1,1.3041420701899538,134,ok,
FAC_rank_vol_m3_n6_pairwise1,2019-01-31,CtrlRetSTR,1.3069838374356801,134,ok,
FAC_rank_vol_m3_n6_pairwise1,2019-01-31,CtrlRetLTM,1.6628187724500907,134,ok,
FAC_rank_vol_m3_n6_pairwise1,2019-01-31,CtrlVol,1.2593993245968709,134,ok,
FAC_rank_vol_m3_n6_pairwise1,2019-01-31,as_偏股混合型基金,1.6365793743260117,134,ok,
FAC_rank_vol_m3_n6_pairwise1,2019-01-31,Ctrl_log_fund_size,2.0252664176615918,134,ok,
FAC_rank_vol_m3_n6_pairwise1,2019-01-31,Ctrl_fund_age,2.2377067890460682,134,ok,
FAC_rank_vol_m3_n6_pairwise1,2019-02-28,FAC_rank_vol_m3_n6_pairwise1,1.044748727155405,141,ok,
FAC_rank_vol_m3_n6_pairwise1,2019-02-28,CtrlRetSTR,1.1990926315978423,141,ok,
FAC_rank_vol_m3_n6_pairwise1,2019-02-28,CtrlRetLTM,1.2023997255723293,141,ok,
FAC_rank_vol_m3_n6_pairwise1,2019-02-28,CtrlVol,1.095160429083012,141,ok,
FAC_rank_vol_m3_n6_pairwise1,2019-02-28,as_偏股混合型基金,1.647170697029979,141,ok,
FAC_rank_vol_m3_n6_pairwise1,2019-02-28,Ctrl_log_fund_size,2.1618919036074744,141,ok,
FAC_rank_vol_m3_n6_pairwise1,2019-02-28,Ctrl_fund_age,2.5993622910027194,141,ok,
FAC_rank_vol_m3_n6_pairwise1,2019-03-29,FAC_rank_vol_m3_n6_pairwise1,1.0823258564291716,143,ok,
FAC_rank_vol_m3_n6_pairwise1,2019-03-29,CtrlRetSTR,1.4829561019214066,143,ok,
FAC_rank_vol_m3_n6_pairwise1,2019-03-29,CtrlRetLTM,1.2971463888958208,143,ok,
FAC_rank_vol_m3_n6_pairwise1,2019-03-29,CtrlVol,1.7362683645302912,143,ok,
FAC_rank_vol_m3_n6_pairwise1,2019-03-29,as_偏股混合型基金,1.6697618042243205,143,ok,
FAC_rank_vol_m3_n6_pairwise1,2019-03-29,Ctrl_log_fund_size,2.4954077816638107,143,ok,
FAC_rank_vol_m3_n6_pairwise1,2019-03-29,Ctrl_fund_age,3.1438594531110096,143,ok,
FAC_rank_vol_m3_n6_pairwise1,2019-04-30,FAC_rank_vol_m3_n6_pairwise1,1.2369731598413605,142,ok,
FAC_rank_vol_m3_n6_pairwise1,2019-04-30,CtrlRetSTR,1.185727658121872,142,ok,
FAC_rank_vol_m3_n6_pairwise1,2019-04-30,CtrlRetLTM,1.5240702681824718,142,ok,
FAC_rank_vol_m3_n6_pairwise1,2019-04-30,CtrlVol,1.4661812113024524,142,ok,
FAC_rank_vol_m3_n6_pairwise1,2019-04-30,as_偏股混合型基金,1.5873552240727093,142,ok,
FAC_rank_vol_m3_n6_pairwise1,2019-04-30,Ctrl_log_fund_size,2.4301456173668514,142,ok,
FAC_rank_vol_m3_n6_pairwise1,2019-04-30,Ctrl_fund_age,2.883282834981109,142,ok,
FAC_rank_vol_m3_n6_pairwise1,2019-05-31,FAC_rank_vol_m3_n6_pairwise1,1.2821975460672204,144,ok,
FAC_rank_vol_m3_n6_pairwise1,2019-05-31,CtrlRetSTR,1.3407818968475826,144,ok,
FAC_rank_vol_m3_n6_pairwise1,2019-05-31,CtrlRetLTM,2.0034366822050838,144,ok,
FAC_rank_vol_m3_n6_pairwise1,2019-05-31,CtrlVol,2.4162293785422726,144,ok,
FAC_rank_vol_m3_n6_pairwise1,2019-05-31,as_偏股混合型基金,1.8621223872639279,144,ok,
FAC_rank_vol_m3_n6_pairwise1,2019-05-31,Ctrl_log_fund_size,2.5285141396436432,144,ok,
FAC_rank_vol_m3_n6_pairwise1,2019-05-31,Ctrl_fund_age,3.514336246139293,144,ok,
FAC_rank_vol_m3_n6_pairwise1,2019-06-28,FAC_rank_vol_m3_n6_pairwise1,1.1344409161559865,148,ok,
FAC_rank_vol_m3_n6_pairwise1,2019-06-28,CtrlRetSTR,1.0537832478485567,148,ok,
FAC_rank_vol_m3_n6_pairwise1,2019-06-28,CtrlRetLTM,1.4036951286409616,148,ok,
FAC_rank_vol_m3_n6_pairwise1,2019-06-28,CtrlVol,1.6094195113580618,148,ok,
FAC_rank_vol_m3_n6_pairwise1,2019-06-28,as_偏股混合型基金,1.7650920079816421,148,ok,
FAC_rank_vol_m3_n6_pairwise1,2019-06-28,Ctrl_log_fund_size,2.7759684678383056,148,ok,
FAC_rank_vol_m3_n6_pairwise1,2019-06-28,Ctrl_fund_age,3.5328082579294287,148,ok,
FAC_rank_vol_m3_n6_pairwise1,2019-07-31,FAC_rank_vol_m3_n6_pairwise1,1.2349094407626824,150,ok,
FAC_rank_vol_m3_n6_pairwise1,2019-07-31,CtrlRetSTR,1.1161962497024343,150,ok,
FAC_rank_vol_m3_n6_pairwise1,2019-07-31,CtrlRetLTM,1.4547938651959738,150,ok,
FAC_rank_vol_m3_n6_pairwise1,2019-07-31,CtrlVol,1.5026002048640463,150,ok,
FAC_rank_vol_m3_n6_pairwise1,2019-07-31,as_偏股混合型基金,2.0361583877281797,150,ok,
FAC_rank_vol_m3_n6_pairwise1,2019-07-31,Ctrl_log_fund_size,3.072954681451493,150,ok,
FAC_rank_vol_m3_n6_pairwise1,2019-07-31,Ctrl_fund_age,3.8758716645509077,150,ok,
FAC_rank_vol_m3_n6_pairwise1,2019-08-30,FAC_rank_vol_m3_n6_pairwise1,1.1945705670257574,148,ok,
FAC_rank_vol_m3_n6_pairwise1,2019-08-30,CtrlRetSTR,1.2600935383866085,148,ok,
FAC_rank_vol_m3_n6_pairwise1,2019-08-30,CtrlRetLTM,1.1259448381303,148,ok,
FAC_rank_vol_m3_n6_pairwise1,2019-08-30,CtrlVol,1.22240618547586,148,ok,
FAC_rank_vol_m3_n6_pairwise1,2019-08-30,as_偏股混合型基金,2.0129089291963402,148,ok,
FAC_rank_vol_m3_n6_pairwise1,2019-08-30,Ctrl_log_fund_size,3.298035392408001,148,ok,
FAC_rank_vol_m3_n6_pairwise1,2019-08-30,Ctrl_fund_age,3.94036825038342,148,ok,
FAC_rank_vol_m3_n6_pairwise1,2019-09-30,FAC_rank_vol_m3_n6_pairwise1,1.3058578691744283,150,ok,
FAC_rank_vol_m3_n6_pairwise1,2019-09-30,CtrlRetSTR,1.0784057701210399,150,ok,
FAC_rank_vol_m3_n6_pairwise1,2019-09-30,CtrlRetLTM,1.2293702580314443,150,ok,
FAC_rank_vol_m3_n6_pairwise1,2019-09-30,CtrlVol,1.1992771720038296,150,ok,
FAC_rank_vol_m3_n6_pairwise1,2019-09-30,as_偏股混合型基金,1.684947012736092,150,ok,
FAC_rank_vol_m3_n6_pairwise1,2019-09-30,Ctrl_log_fund_size,3.4164509469140145,150,ok,
FAC_rank_vol_m3_n6_pairwise1,2019-09-30,Ctrl_fund_age,3.7257620378346483,150,ok,
FAC_rank_vol_m3_n6_pairwise1,2019-10-31,FAC_rank_vol_m3_n6_pairwise1,1.5313550364249982,155,ok,
FAC_rank_vol_m3_n6_pairwise1,2019-10-31,CtrlRetSTR,1.2384219448922218,155,ok,
FAC_rank_vol_m3_n6_pairwise1,2019-10-31,CtrlRetLTM,1.7649339772801904,155,ok,
FAC_rank_vol_m3_n6_pairwise1,2019-10-31,CtrlVol,1.414894078753321,155,ok,
FAC_rank_vol_m3_n6_pairwise1,2019-10-31,as_偏股混合型基金,1.569084107388289,155,ok,
FAC_rank_vol_m3_n6_pairwise1,2019-10-31,Ctrl_log_fund_size,3.7406933081645795,155,ok,
FAC_rank_vol_m3_n6_pairwise1,2019-10-31,Ctrl_fund_age,3.7582357784228178,155,ok,
FAC_rank_vol_m3_n6_pairwise1,2019-11-29,FAC_rank_vol_m3_n6_pairwise1,1.4720417356136173,162,ok,
FAC_rank_vol_m3_n6_pairwise1,2019-11-29,CtrlRetSTR,1.3311150137551455,162,ok,
FAC_rank_vol_m3_n6_pairwise1,2019-11-29,CtrlRetLTM,1.8339800938710848,162,ok,
FAC_rank_vol_m3_n6_pairwise1,2019-11-29,CtrlVol,1.1656699120720866,162,ok,
FAC_rank_vol_m3_n6_pairwise1,2019-11-29,as_偏股混合型基金,1.4943799859173506,162,ok,
FAC_rank_vol_m3_n6_pairwise1,2019-11-29,Ctrl_log_fund_size,3.218296616189797,162,ok,
FAC_rank_vol_m3_n6_pairwise1,2019-11-29,Ctrl_fund_age,3.333759738360281,162,ok,
FAC_rank_vol_m3_n6_pairwise1,2019-12-31,FAC_rank_vol_m3_n6_pairwise1,1.3062424066420462,170,ok,
FAC_rank_vol_m3_n6_pairwise1,2019-12-31,CtrlRetSTR,1.17713062635779,170,ok,
FAC_rank_vol_m3_n6_pairwise1,2019-12-31,CtrlRetLTM,1.9469700127848817,170,ok,
FAC_rank_vol_m3_n6_pairwise1,2019-12-31,CtrlVol,1.568344748578133,170,ok,
FAC_rank_vol_m3_n6_pairwise1,2019-12-31,as_偏股混合型基金,1.4206980127266127,170,ok,
FAC_rank_vol_m3_n6_pairwise1,2019-12-31,Ctrl_log_fund_size,3.174802426896755,170,ok,
FAC_rank_vol_m3_n6_pairwise1,2019-12-31,Ctrl_fund_age,3.2214600614407782,170,ok,
FAC_rank_vol_m3_n6_pairwise1,2020-01-23,FAC_rank_vol_m3_n6_pairwise1,1.3206019265081341,173,ok,
FAC_rank_vol_m3_n6_pairwise1,2020-01-23,CtrlRetSTR,1.2608843607881415,173,ok,
FAC_rank_vol_m3_n6_pairwise1,2020-01-23,CtrlRetLTM,1.701410113302481,173,ok,
FAC_rank_vol_m3_n6_pairwise1,2020-01-23,CtrlVol,1.7157682812101358,173,ok,
FAC_rank_vol_m3_n6_pairwise1,2020-01-23,as_偏股混合型基金,1.4645321943424097,173,ok,
FAC_rank_vol_m3_n6_pairwise1,2020-01-23,Ctrl_log_fund_size,2.915567187780736,173,ok,
FAC_rank_vol_m3_n6_pairwise1,2020-01-23,Ctrl_fund_age,3.0990827189048393,173,ok,
FAC_rank_vol_m3_n6_pairwise1,2020-02-28,FAC_rank_vol_m3_n6_pairwise1,1.3017351351878637,176,ok,
FAC_rank_vol_m3_n6_pairwise1,2020-02-28,CtrlRetSTR,1.1257840538742263,176,ok,
FAC_rank_vol_m3_n6_pairwise1,2020-02-28,CtrlRetLTM,1.36666353307084,176,ok,
FAC_rank_vol_m3_n6_pairwise1,2020-02-28,CtrlVol,1.2390059560208202,176,ok,
FAC_rank_vol_m3_n6_pairwise1,2020-02-28,as_偏股混合型基金,1.4422441797518681,176,ok,
FAC_rank_vol_m3_n6_pairwise1,2020-02-28,Ctrl_log_fund_size,2.98919802910596,176,ok,
FAC_rank_vol_m3_n6_pairwise1,2020-02-28,Ctrl_fund_age,3.0590869046533364,176,ok,
FAC_rank_vol_m3_n6_pairwise1,2020-03-31,FAC_rank_vol_m3_n6_pairwise1,1.416624964228732,177,ok,
FAC_rank_vol_m3_n6_pairwise1,2020-03-31,CtrlRetSTR,1.0763447567098154,177,ok,
FAC_rank_vol_m3_n6_pairwise1,2020-03-31,CtrlRetLTM,1.284907099109994,177,ok,
FAC_rank_vol_m3_n6_pairwise1,2020-03-31,CtrlVol,1.175572537725977,177,ok,
FAC_rank_vol_m3_n6_pairwise1,2020-03-31,as_偏股混合型基金,1.4448717122503267,177,ok,
FAC_rank_vol_m3_n6_pairwise1,2020-03-31,Ctrl_log_fund_size,2.841301639235579,177,ok,
FAC_rank_vol_m3_n6_pairwise1,2020-03-31,Ctrl_fund_age,2.848379454112077,177,ok,
FAC_rank_vol_m3_n6_pairwise1,2020-04-30,FAC_rank_vol_m3_n6_pairwise1,1.3693363900814797,180,ok,
FAC_rank_vol_m3_n6_pairwise1,2020-04-30,CtrlRetSTR,1.1259044186151388,180,ok,
FAC_rank_vol_m3_n6_pairwise1,2020-04-30,CtrlRetLTM,1.2237192898645406,180,ok,
FAC_rank_vol_m3_n6_pairwise1,2020-04-30,CtrlVol,1.2541985057733955,180,ok,
FAC_rank_vol_m3_n6_pairwise1,2020-04-30,as_偏股混合型基金,1.4190931741624944,180,ok,
FAC_rank_vol_m3_n6_pairwise1,2020-04-30,Ctrl_log_fund_size,2.473829284203001,180,ok,
FAC_rank_vol_m3_n6_pairwise1,2020-04-30,Ctrl_fund_age,2.5741880853955657,180,ok,
FAC_rank_vol_m3_n6_pairwise1,2020-05-29,FAC_rank_vol_m3_n6_pairwise1,1.3210650986244539,188,ok,
FAC_rank_vol_m3_n6_pairwise1,2020-05-29,CtrlRetSTR,1.1660538400461724,188,ok,
FAC_rank_vol_m3_n6_pairwise1,2020-05-29,CtrlRetLTM,1.3995010029046606,188,ok,
FAC_rank_vol_m3_n6_pairwise1,2020-05-29,CtrlVol,1.4698189968771287,188,ok,
FAC_rank_vol_m3_n6_pairwise1,2020-05-29,as_偏股混合型基金,1.3733749329123297,188,ok,
FAC_rank_vol_m3_n6_pairwise1,2020-05-29,Ctrl_log_fund_size,2.6707837225439524,188,ok,
FAC_rank_vol_m3_n6_pairwise1,2020-05-29,Ctrl_fund_age,2.766875671364978,188,ok,
FAC_rank_vol_m3_n6_pairwise1,2020-06-30,FAC_rank_vol_m3_n6_pairwise1,1.3640204779707907,186,ok,
FAC_rank_vol_m3_n6_pairwise1,2020-06-30,CtrlRetSTR,1.3277194997867734,186,ok,
FAC_rank_vol_m3_n6_pairwise1,2020-06-30,CtrlRetLTM,1.447316309856355,186,ok,
FAC_rank_vol_m3_n6_pairwise1,2020-06-30,CtrlVol,1.2677757157091811,186,ok,
FAC_rank_vol_m3_n6_pairwise1,2020-06-30,as_偏股混合型基金,1.4404357067785825,186,ok,
FAC_rank_vol_m3_n6_pairwise1,2020-06-30,Ctrl_log_fund_size,2.728583010255921,186,ok,
FAC_rank_vol_m3_n6_pairwise1,2020-06-30,Ctrl_fund_age,2.7806300952922935,186,ok,
FAC_rank_vol_m3_n6_pairwise1,2020-07-31,FAC_rank_vol_m3_n6_pairwise1,1.5298432083299953,189,ok,
FAC_rank_vol_m3_n6_pairwise1,2020-07-31,CtrlRetSTR,1.1653682856754959,189,ok,
FAC_rank_vol_m3_n6_pairwise1,2020-07-31,CtrlRetLTM,1.9107623030972039,189,ok,
FAC_rank_vol_m3_n6_pairwise1,2020-07-31,CtrlVol,1.7519536659272092,189,ok,
FAC_rank_vol_m3_n6_pairwise1,2020-07-31,as_偏股混合型基金,1.4084337286571713,189,ok,
FAC_rank_vol_m3_n6_pairwise1,2020-07-31,Ctrl_log_fund_size,2.87970656209269,189,ok,
FAC_rank_vol_m3_n6_pairwise1,2020-07-31,Ctrl_fund_age,2.8835694632223063,189,ok,
FAC_rank_vol_m3_n6_pairwise1,2020-08-31,FAC_rank_vol_m3_n6_pairwise1,1.4456155377061768,195,ok,
FAC_rank_vol_m3_n6_pairwise1,2020-08-31,CtrlRetSTR,1.552675416880953,195,ok,
FAC_rank_vol_m3_n6_pairwise1,2020-08-31,CtrlRetLTM,1.9952098445024566,195,ok,
FAC_rank_vol_m3_n6_pairwise1,2020-08-31,CtrlVol,2.03361765307446,195,ok,
FAC_rank_vol_m3_n6_pairwise1,2020-08-31,as_偏股混合型基金,1.3494336161502138,195,ok,
FAC_rank_vol_m3_n6_pairwise1,2020-08-31,Ctrl_log_fund_size,3.1807774539666656,195,ok,
FAC_rank_vol_m3_n6_pairwise1,2020-08-31,Ctrl_fund_age,3.1029337778993256,195,ok,
FAC_rank_vol_m3_n6_pairwise1,2020-09-30,FAC_rank_vol_m3_n6_pairwise1,1.5290197253817743,198,ok,
FAC_rank_vol_m3_n6_pairwise1,2020-09-30,CtrlRetSTR,1.2331230248023943,198,ok,
FAC_rank_vol_m3_n6_pairwise1,2020-09-30,CtrlRetLTM,1.6764588182539089,198,ok,
FAC_rank_vol_m3_n6_pairwise1,2020-09-30,CtrlVol,1.463417845467108,198,ok,
FAC_rank_vol_m3_n6_pairwise1,2020-09-30,as_偏股混合型基金,1.3335932519130766,198,ok,
FAC_rank_vol_m3_n6_pairwise1,2020-09-30,Ctrl_log_fund_size,3.166911099999793,198,ok,
FAC_rank_vol_m3_n6_pairwise1,2020-09-30,Ctrl_fund_age,3.0622159246945375,198,ok,
FAC_rank_vol_m3_n6_pairwise1,2020-10-30,FAC_rank_vol_m3_n6_pairwise1,1.1791175594690528,199,ok,
FAC_rank_vol_m3_n6_pairwise1,2020-10-30,CtrlRetSTR,1.0826755998255102,199,ok,
FAC_rank_vol_m3_n6_pairwise1,2020-10-30,CtrlRetLTM,1.679830744045633,199,ok,
FAC_rank_vol_m3_n6_pairwise1,2020-10-30,CtrlVol,1.4154488342945915,199,ok,
FAC_rank_vol_m3_n6_pairwise1,2020-10-30,as_偏股混合型基金,1.3215969432999897,199,ok,
FAC_rank_vol_m3_n6_pairwise1,2020-10-30,Ctrl_log_fund_size,2.8769654693202704,199,ok,
FAC_rank_vol_m3_n6_pairwise1,2020-10-30,Ctrl_fund_age,2.7817272977220693,199,ok,
FAC_rank_vol_m3_n6_pairwise1,2020-11-30,FAC_rank_vol_m3_n6_pairwise1,1.1654084968867515,212,ok,
FAC_rank_vol_m3_n6_pairwise1,2020-11-30,CtrlRetSTR,1.8325850171570879,212,ok,
FAC_rank_vol_m3_n6_pairwise1,2020-11-30,CtrlRetLTM,2.440662665443247,212,ok,
FAC_rank_vol_m3_n6_pairwise1,2020-11-30,CtrlVol,1.230623110913471,212,ok,
FAC_rank_vol_m3_n6_pairwise1,2020-11-30,as_偏股混合型基金,1.3792202414334558,212,ok,
FAC_rank_vol_m3_n6_pairwise1,2020-11-30,Ctrl_log_fund_size,2.91895204949587,212,ok,
FAC_rank_vol_m3_n6_pairwise1,2020-11-30,Ctrl_fund_age,2.888012080641105,212,ok,
FAC_rank_vol_m3_n6_pairwise1,2020-12-31,FAC_rank_vol_m3_n6_pairwise1,1.1812785245121127,218,ok,
FAC_rank_vol_m3_n6_pairwise1,2020-12-31,CtrlRetSTR,1.2725431837553183,218,ok,
FAC_rank_vol_m3_n6_pairwise1,2020-12-31,CtrlRetLTM,1.570208998365591,218,ok,
FAC_rank_vol_m3_n6_pairwise1,2020-12-31,CtrlVol,1.3051518223038499,218,ok,
FAC_rank_vol_m3_n6_pairwise1,2020-12-31,as_偏股混合型基金,1.3470184448219837,218,ok,
FAC_rank_vol_m3_n6_pairwise1,2020-12-31,Ctrl_log_fund_size,2.9116882949205243,218,ok,
FAC_rank_vol_m3_n6_pairwise1,2020-12-31,Ctrl_fund_age,2.862885015646853,218,ok,
FAC_rank_vol_m3_n6_pairwise1,2021-01-29,FAC_rank_vol_m3_n6_pairwise1,1.0406987895647504,216,ok,
FAC_rank_vol_m3_n6_pairwise1,2021-01-29,CtrlRetSTR,1.311468876523959,216,ok,
FAC_rank_vol_m3_n6_pairwise1,2021-01-29,CtrlRetLTM,1.4866540289595864,216,ok,
FAC_rank_vol_m3_n6_pairwise1,2021-01-29,CtrlVol,1.1621435960124629,216,ok,
FAC_rank_vol_m3_n6_pairwise1,2021-01-29,as_偏股混合型基金,1.3642498445741968,216,ok,
FAC_rank_vol_m3_n6_pairwise1,2021-01-29,Ctrl_log_fund_size,2.871096381487672,216,ok,
FAC_rank_vol_m3_n6_pairwise1,2021-01-29,Ctrl_fund_age,2.757158596261573,216,ok,
FAC_rank_vol_m3_n6_pairwise1,2021-02-26,FAC_rank_vol_m3_n6_pairwise1,1.1564546445476522,228,ok,
FAC_rank_vol_m3_n6_pairwise1,2021-02-26,CtrlRetSTR,1.8544810649883618,228,ok,
FAC_rank_vol_m3_n6_pairwise1,2021-02-26,CtrlRetLTM,1.4805623007750977,228,ok,
FAC_rank_vol_m3_n6_pairwise1,2021-02-26,CtrlVol,1.6191505225636544,228,ok,
FAC_rank_vol_m3_n6_pairwise1,2021-02-26,as_偏股混合型基金,1.3078663531537418,228,ok,
FAC_rank_vol_m3_n6_pairwise1,2021-02-26,Ctrl_log_fund_size,2.7701527145523155,228,ok,
FAC_rank_vol_m3_n6_pairwise1,2021-02-26,Ctrl_fund_age,2.680853389635284,228,ok,
FAC_rank_vol_m3_n6_pairwise1,2021-03-31,FAC_rank_vol_m3_n6_pairwise1,1.270890406750657,230,ok,
FAC_rank_vol_m3_n6_pairwise1,2021-03-31,CtrlRetSTR,1.2063099772300383,230,ok,
FAC_rank_vol_m3_n6_pairwise1,2021-03-31,CtrlRetLTM,1.6402515950729544,230,ok,
FAC_rank_vol_m3_n6_pairwise1,2021-03-31,CtrlVol,1.407530898058244,230,ok,
FAC_rank_vol_m3_n6_pairwise1,2021-03-31,as_偏股混合型基金,1.3290528984971894,230,ok,
FAC_rank_vol_m3_n6_pairwise1,2021-03-31,Ctrl_log_fund_size,2.7931061215510757,230,ok,
FAC_rank_vol_m3_n6_pairwise1,2021-03-31,Ctrl_fund_age,2.6993130644457923,230,ok,
FAC_rank_vol_m3_n6_pairwise1,2021-04-30,FAC_rank_vol_m3_n6_pairwise1,1.3175063873123614,241,ok,
FAC_rank_vol_m3_n6_pairwise1,2021-04-30,CtrlRetSTR,1.5391501073126368,241,ok,
FAC_rank_vol_m3_n6_pairwise1,2021-04-30,CtrlRetLTM,1.2749611501232125,241,ok,
FAC_rank_vol_m3_n6_pairwise1,2021-04-30,CtrlVol,1.4924055257192625,241,ok,
FAC_rank_vol_m3_n6_pairwise1,2021-04-30,as_偏股混合型基金,1.2851185446963032,241,ok,
FAC_rank_vol_m3_n6_pairwise1,2021-04-30,Ctrl_log_fund_size,2.6840270364626853,241,ok,
FAC_rank_vol_m3_n6_pairwise1,2021-04-30,Ctrl_fund_age,2.7521178336837435,241,ok,
FAC_rank_vol_m3_n6_pairwise1,2021-05-31,FAC_rank_vol_m3_n6_pairwise1,1.2253005488431505,259,ok,
FAC_rank_vol_m3_n6_pairwise1,2021-05-31,CtrlRetSTR,1.2264353849975056,259,ok,
FAC_rank_vol_m3_n6_pairwise1,2021-05-31,CtrlRetLTM,1.3101305239953152,259,ok,
FAC_rank_vol_m3_n6_pairwise1,2021-05-31,CtrlVol,1.308668724054615,259,ok,
FAC_rank_vol_m3_n6_pairwise1,2021-05-31,as_偏股混合型基金,1.219660729570232,259,ok,
FAC_rank_vol_m3_n6_pairwise1,2021-05-31,Ctrl_log_fund_size,2.60779815647598,259,ok,
FAC_rank_vol_m3_n6_pairwise1,2021-05-31,Ctrl_fund_age,2.606746922305909,259,ok,
FAC_rank_vol_m3_n6_pairwise1,2021-06-30,FAC_rank_vol_m3_n6_pairwise1,1.2775564693857342,257,ok,
FAC_rank_vol_m3_n6_pairwise1,2021-06-30,CtrlRetSTR,1.6521379514308723,257,ok,
FAC_rank_vol_m3_n6_pairwise1,2021-06-30,CtrlRetLTM,1.3053853508646083,257,ok,
FAC_rank_vol_m3_n6_pairwise1,2021-06-30,CtrlVol,1.2176626850795271,257,ok,
FAC_rank_vol_m3_n6_pairwise1,2021-06-30,as_偏股混合型基金,1.1588957546671803,257,ok,
FAC_rank_vol_m3_n6_pairwise1,2021-06-30,Ctrl_log_fund_size,2.4425503956471344,257,ok,
FAC_rank_vol_m3_n6_pairwise1,2021-06-30,Ctrl_fund_age,2.5298981743522697,257,ok,
FAC_rank_vol_m3_n6_pairwise1,2021-07-30,FAC_rank_vol_m3_n6_pairwise1,1.304300312999803,264,ok,
FAC_rank_vol_m3_n6_pairwise1,2021-07-30,CtrlRetSTR,1.1067264237681183,264,ok,
FAC_rank_vol_m3_n6_pairwise1,2021-07-30,CtrlRetLTM,1.2241501551483718,264,ok,
FAC_rank_vol_m3_n6_pairwise1,2021-07-30,CtrlVol,1.2576674357589996,264,ok,
FAC_rank_vol_m3_n6_pairwise1,2021-07-30,as_偏股混合型基金,1.1549796153868594,264,ok,
FAC_rank_vol_m3_n6_pairwise1,2021-07-30,Ctrl_log_fund_size,2.8897852802204422,264,ok,
FAC_rank_vol_m3_n6_pairwise1,2021-07-30,Ctrl_fund_age,2.9554741801214117,264,ok,
FAC_rank_vol_m3_n6_pairwise1,2021-08-31,FAC_rank_vol_m3_n6_pairwise1,1.3228795372120508,276,ok,
FAC_rank_vol_m3_n6_pairwise1,2021-08-31,CtrlRetSTR,1.3241861214759338,276,ok,
FAC_rank_vol_m3_n6_pairwise1,2021-08-31,CtrlRetLTM,1.1223621497579648,276,ok,
FAC_rank_vol_m3_n6_pairwise1,2021-08-31,CtrlVol,1.5774193602081348,276,ok,
FAC_rank_vol_m3_n6_pairwise1,2021-08-31,as_偏股混合型基金,1.1700468386950469,276,ok,
FAC_rank_vol_m3_n6_pairwise1,2021-08-31,Ctrl_log_fund_size,2.9938661065364527,276,ok,
FAC_rank_vol_m3_n6_pairwise1,2021-08-31,Ctrl_fund_age,2.9506179191963833,276,ok,
FAC_rank_vol_m3_n6_pairwise1,2021-09-30,FAC_rank_vol_m3_n6_pairwise1,1.2046647422762227,282,ok,
FAC_rank_vol_m3_n6_pairwise1,2021-09-30,CtrlRetSTR,1.6787710787129386,282,ok,
FAC_rank_vol_m3_n6_pairwise1,2021-09-30,CtrlRetLTM,1.2986829000249314,282,ok,
FAC_rank_vol_m3_n6_pairwise1,2021-09-30,CtrlVol,1.622937861960015,282,ok,
FAC_rank_vol_m3_n6_pairwise1,2021-09-30,as_偏股混合型基金,1.134093244304096,282,ok,
FAC_rank_vol_m3_n6_pairwise1,2021-09-30,Ctrl_log_fund_size,3.051624098569853,282,ok,
FAC_rank_vol_m3_n6_pairwise1,2021-09-30,Ctrl_fund_age,3.0867049296530946,282,ok,
FAC_rank_vol_m3_n6_pairwise1,2021-10-29,FAC_rank_vol_m3_n6_pairwise1,1.1725669422835985,289,ok,
FAC_rank_vol_m3_n6_pairwise1,2021-10-29,CtrlRetSTR,1.2556160156681535,289,ok,
FAC_rank_vol_m3_n6_pairwise1,2021-10-29,CtrlRetLTM,1.107482036884001,289,ok,
FAC_rank_vol_m3_n6_pairwise1,2021-10-29,CtrlVol,1.3036157405518625,289,ok,
FAC_rank_vol_m3_n6_pairwise1,2021-10-29,as_偏股混合型基金,1.1480489821277382,289,ok,
FAC_rank_vol_m3_n6_pairwise1,2021-10-29,Ctrl_log_fund_size,3.2977329142160374,289,ok,
FAC_rank_vol_m3_n6_pairwise1,2021-10-29,Ctrl_fund_age,3.3080923103943256,289,ok,
FAC_rank_vol_m3_n6_pairwise1,2021-11-30,FAC_rank_vol_m3_n6_pairwise1,1.2244589164297732,301,ok,
FAC_rank_vol_m3_n6_pairwise1,2021-11-30,CtrlRetSTR,1.2068823897471168,301,ok,
FAC_rank_vol_m3_n6_pairwise1,2021-11-30,CtrlRetLTM,1.3182848254130117,301,ok,
FAC_rank_vol_m3_n6_pairwise1,2021-11-30,CtrlVol,1.3686467087607959,301,ok,
FAC_rank_vol_m3_n6_pairwise1,2021-11-30,as_偏股混合型基金,1.1753745715018507,301,ok,
FAC_rank_vol_m3_n6_pairwise1,2021-11-30,Ctrl_log_fund_size,3.3862650510331984,301,ok,
FAC_rank_vol_m3_n6_pairwise1,2021-11-30,Ctrl_fund_age,3.369182235754387,301,ok,
FAC_rank_vol_m3_n6_pairwise1,2021-12-31,FAC_rank_vol_m3_n6_pairwise1,1.1701002750206702,298,ok,
FAC_rank_vol_m3_n6_pairwise1,2021-12-31,CtrlRetSTR,1.4241035365574581,298,ok,
FAC_rank_vol_m3_n6_pairwise1,2021-12-31,CtrlRetLTM,1.288658286991189,298,ok,
FAC_rank_vol_m3_n6_pairwise1,2021-12-31,CtrlVol,1.3663779287419928,298,ok,
FAC_rank_vol_m3_n6_pairwise1,2021-12-31,as_偏股混合型基金,1.1707372229204627,298,ok,
FAC_rank_vol_m3_n6_pairwise1,2021-12-31,Ctrl_log_fund_size,3.55607719995509,298,ok,
FAC_rank_vol_m3_n6_pairwise1,2021-12-31,Ctrl_fund_age,3.514972740186143,298,ok,
FAC_rank_vol_m3_n6_pairwise1,2022-01-28,FAC_rank_vol_m3_n6_pairwise1,2.101229191935924,305,ok,
FAC_rank_vol_m3_n6_pairwise1,2022-01-28,CtrlRetSTR,2.318198384498339,305,ok,
FAC_rank_vol_m3_n6_pairwise1,2022-01-28,CtrlRetLTM,1.4280497598383506,305,ok,
FAC_rank_vol_m3_n6_pairwise1,2022-01-28,CtrlVol,2.152941262311591,305,ok,
FAC_rank_vol_m3_n6_pairwise1,2022-01-28,as_偏股混合型基金,1.1387429761386774,305,ok,
FAC_rank_vol_m3_n6_pairwise1,2022-01-28,Ctrl_log_fund_size,3.403961382769784,305,ok,
FAC_rank_vol_m3_n6_pairwise1,2022-01-28,Ctrl_fund_age,3.352433782728287,305,ok,
FAC_rank_vol_m3_n6_pairwise1,2022-02-28,FAC_rank_vol_m3_n6_pairwise1,1.9232808597421474,320,ok,
FAC_rank_vol_m3_n6_pairwise1,2022-02-28,CtrlRetSTR,1.735092133827605,320,ok,
FAC_rank_vol_m3_n6_pairwise1,2022-02-28,CtrlRetLTM,1.920443088810019,320,ok,
FAC_rank_vol_m3_n6_pairwise1,2022-02-28,CtrlVol,2.4350501558215454,320,ok,
FAC_rank_vol_m3_n6_pairwise1,2022-02-28,as_偏股混合型基金,1.1108663972802324,320,ok,
FAC_rank_vol_m3_n6_pairwise1,2022-02-28,Ctrl_log_fund_size,3.1323706787963266,320,ok,
FAC_rank_vol_m3_n6_pairwise1,2022-02-28,Ctrl_fund_age,2.9399095036329257,320,ok,
FAC_rank_vol_m3_n6_pairwise1,2022-03-31,FAC_rank_vol_m3_n6_pairwise1,1.0606489007891338,328,ok,
FAC_rank_vol_m3_n6_pairwise1,2022-03-31,CtrlRetSTR,1.3826688698227814,328,ok,
FAC_rank_vol_m3_n6_pairwise1,2022-03-31,CtrlRetLTM,2.2911616124965932,328,ok,
FAC_rank_vol_m3_n6_pairwise1,2022-03-31,CtrlVol,1.7798375540382472,328,ok,
FAC_rank_vol_m3_n6_pairwise1,2022-03-31,as_偏股混合型基金,1.0898864992058066,328,ok,
FAC_rank_vol_m3_n6_pairwise1,2022-03-31,Ctrl_log_fund_size,3.1112497604202884,328,ok,
FAC_rank_vol_m3_n6_pairwise1,2022-03-31,Ctrl_fund_age,2.9760994332716004,328,ok,
FAC_rank_vol_m3_n6_pairwise1,2022-04-29,FAC_rank_vol_m3_n6_pairwise1,1.1813019676252383,352,ok,
FAC_rank_vol_m3_n6_pairwise1,2022-04-29,CtrlRetSTR,1.9993960458314717,352,ok,
FAC_rank_vol_m3_n6_pairwise1,2022-04-29,CtrlRetLTM,2.102823099268727,352,ok,
FAC_rank_vol_m3_n6_pairwise1,2022-04-29,CtrlVol,1.806161351654244,352,ok,
FAC_rank_vol_m3_n6_pairwise1,2022-04-29,as_偏股混合型基金,1.0518831583326567,352,ok,
FAC_rank_vol_m3_n6_pairwise1,2022-04-29,Ctrl_log_fund_size,2.9867959916759945,352,ok,
FAC_rank_vol_m3_n6_pairwise1,2022-04-29,Ctrl_fund_age,2.9327917048908305,352,ok,
FAC_rank_vol_m3_n6_pairwise1,2022-05-31,FAC_rank_vol_m3_n6_pairwise1,1.0313838382014937,371,ok,
FAC_rank_vol_m3_n6_pairwise1,2022-05-31,CtrlRetSTR,1.5180287457031554,371,ok,
FAC_rank_vol_m3_n6_pairwise1,2022-05-31,CtrlRetLTM,1.6646278228618316,371,ok,
FAC_rank_vol_m3_n6_pairwise1,2022-05-31,CtrlVol,1.7301958150570098,371,ok,
FAC_rank_vol_m3_n6_pairwise1,2022-05-31,as_偏股混合型基金,1.0328959590572857,371,ok,
FAC_rank_vol_m3_n6_pairwise1,2022-05-31,Ctrl_log_fund_size,3.3120341307907593,371,ok,
FAC_rank_vol_m3_n6_pairwise1,2022-05-31,Ctrl_fund_age,3.141726205002853,371,ok,
FAC_rank_vol_m3_n6_pairwise1,2022-06-30,FAC_rank_vol_m3_n6_pairwise1,1.4063104860912201,378,ok,
FAC_rank_vol_m3_n6_pairwise1,2022-06-30,CtrlRetSTR,1.4906804162428653,378,ok,
FAC_rank_vol_m3_n6_pairwise1,2022-06-30,CtrlRetLTM,1.4032349828715411,378,ok,
FAC_rank_vol_m3_n6_pairwise1,2022-06-30,CtrlVol,1.4486927652884625,378,ok,
FAC_rank_vol_m3_n6_pairwise1,2022-06-30,as_偏股混合型基金,1.034263100715763,378,ok,
FAC_rank_vol_m3_n6_pairwise1,2022-06-30,Ctrl_log_fund_size,3.197043004468271,378,ok,
FAC_rank_vol_m3_n6_pairwise1,2022-06-30,Ctrl_fund_age,3.0115750051683907,378,ok,
FAC_rank_vol_m6_n3_pairwise1,2005-04-29,FAC_rank_vol_m6_n3_pairwise1,,0,skipped,完整变量样本数小于 min_cross_section_n
FAC_rank_vol_m6_n3_pairwise1,2005-04-29,CtrlRetSTR,,0,skipped,完整变量样本数小于 min_cross_section_n
FAC_rank_vol_m6_n3_pairwise1,2005-04-29,CtrlRetLTM,,0,skipped,完整变量样本数小于 min_cross_section_n
FAC_rank_vol_m6_n3_pairwise1,2005-04-29,CtrlVol,,0,skipped,完整变量样本数小于 min_cross_section_n
FAC_rank_vol_m6_n3_pairwise1,2005-04-29,as_偏股混合型基金,,0,skipped,完整变量样本数小于 min_cross_section_n
FAC_rank_vol_m6_n3_pairwise1,2005-04-29,Ctrl_log_fund_size,,0,skipped,完整变量样本数小于 min_cross_section_n
FAC_rank_vol_m6_n3_pairwise1,2005-04-29,Ctrl_fund_age,,0,skipped,完整变量样本数小于 min_cross_section_n
FAC_rank_vol_m6_n3_pairwise1,2005-05-31,FAC_rank_vol_m6_n3_pairwise1,,0,skipped,完整变量样本数小于 min_cross_section_n
FAC_rank_vol_m6_n3_pairwise1,2005-05-31,CtrlRetSTR,,0,skipped,完整变量样本数小于 min_cross_section_n
FAC_rank_vol_m6_n3_pairwise1,2005-05-31,CtrlRetLTM,,0,skipped,完整变量样本数小于 min_cross_section_n
FAC_rank_vol_m6_n3_pairwise1,2005-05-31,CtrlVol,,0,skipped,完整变量样本数小于 min_cross_section_n
FAC_rank_vol_m6_n3_pairwise1,2005-05-31,as_偏股混合型基金,,0,skipped,完整变量样本数小于 min_cross_section_n
FAC_rank_vol_m6_n3_pairwise1,2005-05-31,Ctrl_log_fund_size,,0,skipped,完整变量样本数小于 min_cross_section_n
FAC_rank_vol_m6_n3_pairwise1,2005-05-31,Ctrl_fund_age,,0,skipped,完整变量样本数小于 min_cross_section_n
FAC_rank_vol_m6_n3_pairwise1,2005-06-30,FAC_rank_vol_m6_n3_pairwise1,,0,skipped,完整变量样本数小于 min_cross_section_n
FAC_rank_vol_m6_n3_pairwise1,2005-06-30,CtrlRetSTR,,0,skipped,完整变量样本数小于 min_cross_section_n
FAC_rank_vol_m6_n3_pairwise1,2005-06-30,CtrlRetLTM,,0,skipped,完整变量样本数小于 min_cross_section_n
FAC_rank_vol_m6_n3_pairwise1,2005-06-30,CtrlVol,,0,skipped,完整变量样本数小于 min_cross_section_n
FAC_rank_vol_m6_n3_pairwise1,2005-06-30,as_偏股混合型基金,,0,skipped,完整变量样本数小于 min_cross_section_n
FAC_rank_vol_m6_n3_pairwise1,2005-06-30,Ctrl_log_fund_size,,0,skipped,完整变量样本数小于 min_cross_section_n
FAC_rank_vol_m6_n3_pairwise1,2005-06-30,Ctrl_fund_age,,0,skipped,完整变量样本数小于 min_cross_section_n
FAC_rank_vol_m6_n3_pairwise1,2005-07-29,FAC_rank_vol_m6_n3_pairwise1,,0,skipped,完整变量样本数小于 min_cross_section_n
FAC_rank_vol_m6_n3_pairwise1,2005-07-29,CtrlRetSTR,,0,skipped,完整变量样本数小于 min_cross_section_n
FAC_rank_vol_m6_n3_pairwise1,2005-07-29,CtrlRetLTM,,0,skipped,完整变量样本数小于 min_cross_section_n
FAC_rank_vol_m6_n3_pairwise1,2005-07-29,CtrlVol,,0,skipped,完整变量样本数小于 min_cross_section_n
FAC_rank_vol_m6_n3_pairwise1,2005-07-29,as_偏股混合型基金,,0,skipped,完整变量样本数小于 min_cross_section_n
FAC_rank_vol_m6_n3_pairwise1,2005-07-29,Ctrl_log_fund_size,,0,skipped,完整变量样本数小于 min_cross_section_n
FAC_rank_vol_m6_n3_pairwise1,2005-07-29,Ctrl_fund_age,,0,skipped,完整变量样本数小于 min_cross_section_n
FAC_rank_vol_m6_n3_pairwise1,2005-11-30,FAC_rank_vol_m6_n3_pairwise1,,1,skipped,完整变量样本数小于 min_cross_section_n
FAC_rank_vol_m6_n3_pairwise1,2005-11-30,CtrlRetSTR,,1,skipped,完整变量样本数小于 min_cross_section_n
FAC_rank_vol_m6_n3_pairwise1,2005-11-30,CtrlRetLTM,,1,skipped,完整变量样本数小于 min_cross_section_n
FAC_rank_vol_m6_n3_pairwise1,2005-11-30,CtrlVol,,1,skipped,完整变量样本数小于 min_cross_section_n
FAC_rank_vol_m6_n3_pairwise1,2005-11-30,as_偏股混合型基金,,1,skipped,完整变量样本数小于 min_cross_section_n
FAC_rank_vol_m6_n3_pairwise1,2005-11-30,Ctrl_log_fund_size,,1,skipped,完整变量样本数小于 min_cross_section_n
FAC_rank_vol_m6_n3_pairwise1,2005-11-30,Ctrl_fund_age,,1,skipped,完整变量样本数小于 min_cross_section_n
FAC_rank_vol_m6_n3_pairwise1,2005-12-30,FAC_rank_vol_m6_n3_pairwise1,,1,skipped,完整变量样本数小于 min_cross_section_n
FAC_rank_vol_m6_n3_pairwise1,2005-12-30,CtrlRetSTR,,1,skipped,完整变量样本数小于 min_cross_section_n
FAC_rank_vol_m6_n3_pairwise1,2005-12-30,CtrlRetLTM,,1,skipped,完整变量样本数小于 min_cross_section_n
FAC_rank_vol_m6_n3_pairwise1,2005-12-30,CtrlVol,,1,skipped,完整变量样本数小于 min_cross_section_n
FAC_rank_vol_m6_n3_pairwise1,2005-12-30,as_偏股混合型基金,,1,skipped,完整变量样本数小于 min_cross_section_n
FAC_rank_vol_m6_n3_pairwise1,2005-12-30,Ctrl_log_fund_size,,1,skipped,完整变量样本数小于 min_cross_section_n
FAC_rank_vol_m6_n3_pairwise1,2005-12-30,Ctrl_fund_age,,1,skipped,完整变量样本数小于 min_cross_section_n
FAC_rank_vol_m6_n3_pairwise1,2006-01-25,FAC_rank_vol_m6_n3_pairwise1,,1,skipped,完整变量样本数小于 min_cross_section_n
FAC_rank_vol_m6_n3_pairwise1,2006-01-25,CtrlRetSTR,,1,skipped,完整变量样本数小于 min_cross_section_n
FAC_rank_vol_m6_n3_pairwise1,2006-01-25,CtrlRetLTM,,1,skipped,完整变量样本数小于 min_cross_section_n
FAC_rank_vol_m6_n3_pairwise1,2006-01-25,CtrlVol,,1,skipped,完整变量样本数小于 min_cross_section_n
FAC_rank_vol_m6_n3_pairwise1,2006-01-25,as_偏股混合型基金,,1,skipped,完整变量样本数小于 min_cross_section_n
FAC_rank_vol_m6_n3_pairwise1,2006-01-25,Ctrl_log_fund_size,,1,skipped,完整变量样本数小于 min_cross_section_n
FAC_rank_vol_m6_n3_pairwise1,2006-01-25,Ctrl_fund_age,,1,skipped,完整变量样本数小于 min_cross_section_n
FAC_rank_vol_m6_n3_pairwise1,2006-02-28,FAC_rank_vol_m6_n3_pairwise1,,1,skipped,完整变量样本数小于 min_cross_section_n
FAC_rank_vol_m6_n3_pairwise1,2006-02-28,CtrlRetSTR,,1,skipped,完整变量样本数小于 min_cross_section_n
FAC_rank_vol_m6_n3_pairwise1,2006-02-28,CtrlRetLTM,,1,skipped,完整变量样本数小于 min_cross_section_n
FAC_rank_vol_m6_n3_pairwise1,2006-02-28,CtrlVol,,1,skipped,完整变量样本数小于 min_cross_section_n
FAC_rank_vol_m6_n3_pairwise1,2006-02-28,as_偏股混合型基金,,1,skipped,完整变量样本数小于 min_cross_section_n
FAC_rank_vol_m6_n3_pairwise1,2006-02-28,Ctrl_log_fund_size,,1,skipped,完整变量样本数小于 min_cross_section_n
FAC_rank_vol_m6_n3_pairwise1,2006-02-28,Ctrl_fund_age,,1,skipped,完整变量样本数小于 min_cross_section_n
FAC_rank_vol_m6_n3_pairwise1,2006-03-31,FAC_rank_vol_m6_n3_pairwise1,,2,skipped,完整变量样本数小于 min_cross_section_n
FAC_rank_vol_m6_n3_pairwise1,2006-03-31,CtrlRetSTR,,2,skipped,完整变量样本数小于 min_cross_section_n
FAC_rank_vol_m6_n3_pairwise1,2006-03-31,CtrlRetLTM,,2,skipped,完整变量样本数小于 min_cross_section_n
FAC_rank_vol_m6_n3_pairwise1,2006-03-31,CtrlVol,,2,skipped,完整变量样本数小于 min_cross_section_n
FAC_rank_vol_m6_n3_pairwise1,2006-03-31,as_偏股混合型基金,,2,skipped,完整变量样本数小于 min_cross_section_n
FAC_rank_vol_m6_n3_pairwise1,2006-03-31,Ctrl_log_fund_size,,2,skipped,完整变量样本数小于 min_cross_section_n
FAC_rank_vol_m6_n3_pairwise1,2006-03-31,Ctrl_fund_age,,2,skipped,完整变量样本数小于 min_cross_section_n
FAC_rank_vol_m6_n3_pairwise1,2006-04-28,FAC_rank_vol_m6_n3_pairwise1,,3,skipped,完整变量样本数小于 min_cross_section_n
FAC_rank_vol_m6_n3_pairwise1,2006-04-28,CtrlRetSTR,,3,skipped,完整变量样本数小于 min_cross_section_n
FAC_rank_vol_m6_n3_pairwise1,2006-04-28,CtrlRetLTM,,3,skipped,完整变量样本数小于 min_cross_section_n
FAC_rank_vol_m6_n3_pairwise1,2006-04-28,CtrlVol,,3,skipped,完整变量样本数小于 min_cross_section_n
FAC_rank_vol_m6_n3_pairwise1,2006-04-28,as_偏股混合型基金,,3,skipped,完整变量样本数小于 min_cross_section_n
FAC_rank_vol_m6_n3_pairwise1,2006-04-28,Ctrl_log_fund_size,,3,skipped,完整变量样本数小于 min_cross_section_n
FAC_rank_vol_m6_n3_pairwise1,2006-04-28,Ctrl_fund_age,,3,skipped,完整变量样本数小于 min_cross_section_n
FAC_rank_vol_m6_n3_pairwise1,2006-05-31,FAC_rank_vol_m6_n3_pairwise1,,3,skipped,完整变量样本数小于 min_cross_section_n
FAC_rank_vol_m6_n3_pairwise1,2006-05-31,CtrlRetSTR,,3,skipped,完整变量样本数小于 min_cross_section_n
FAC_rank_vol_m6_n3_pairwise1,2006-05-31,CtrlRetLTM,,3,skipped,完整变量样本数小于 min_cross_section_n
FAC_rank_vol_m6_n3_pairwise1,2006-05-31,CtrlVol,,3,skipped,完整变量样本数小于 min_cross_section_n
FAC_rank_vol_m6_n3_pairwise1,2006-05-31,as_偏股混合型基金,,3,skipped,完整变量样本数小于 min_cross_section_n
FAC_rank_vol_m6_n3_pairwise1,2006-05-31,Ctrl_log_fund_size,,3,skipped,完整变量样本数小于 min_cross_section_n
FAC_rank_vol_m6_n3_pairwise1,2006-05-31,Ctrl_fund_age,,3,skipped,完整变量样本数小于 min_cross_section_n
FAC_rank_vol_m6_n3_pairwise1,2006-06-30,FAC_rank_vol_m6_n3_pairwise1,,3,skipped,完整变量样本数小于 min_cross_section_n
FAC_rank_vol_m6_n3_pairwise1,2006-06-30,CtrlRetSTR,,3,skipped,完整变量样本数小于 min_cross_section_n
FAC_rank_vol_m6_n3_pairwise1,2006-06-30,CtrlRetLTM,,3,skipped,完整变量样本数小于 min_cross_section_n
FAC_rank_vol_m6_n3_pairwise1,2006-06-30,CtrlVol,,3,skipped,完整变量样本数小于 min_cross_section_n
FAC_rank_vol_m6_n3_pairwise1,2006-06-30,as_偏股混合型基金,,3,skipped,完整变量样本数小于 min_cross_section_n
FAC_rank_vol_m6_n3_pairwise1,2006-06-30,Ctrl_log_fund_size,,3,skipped,完整变量样本数小于 min_cross_section_n
FAC_rank_vol_m6_n3_pairwise1,2006-06-30,Ctrl_fund_age,,3,skipped,完整变量样本数小于 min_cross_section_n
FAC_rank_vol_m6_n3_pairwise1,2006-07-31,FAC_rank_vol_m6_n3_pairwise1,,3,skipped,完整变量样本数小于 min_cross_section_n
FAC_rank_vol_m6_n3_pairwise1,2006-07-31,CtrlRetSTR,,3,skipped,完整变量样本数小于 min_cross_section_n
FAC_rank_vol_m6_n3_pairwise1,2006-07-31,CtrlRetLTM,,3,skipped,完整变量样本数小于 min_cross_section_n
FAC_rank_vol_m6_n3_pairwise1,2006-07-31,CtrlVol,,3,skipped,完整变量样本数小于 min_cross_section_n
FAC_rank_vol_m6_n3_pairwise1,2006-07-31,as_偏股混合型基金,,3,skipped,完整变量样本数小于 min_cross_section_n
FAC_rank_vol_m6_n3_pairwise1,2006-07-31,Ctrl_log_fund_size,,3,skipped,完整变量样本数小于 min_cross_section_n
FAC_rank_vol_m6_n3_pairwise1,2006-07-31,Ctrl_fund_age,,3,skipped,完整变量样本数小于 min_cross_section_n
FAC_rank_vol_m6_n3_pairwise1,2006-08-31,FAC_rank_vol_m6_n3_pairwise1,,2,skipped,完整变量样本数小于 min_cross_section_n
FAC_rank_vol_m6_n3_pairwise1,2006-08-31,CtrlRetSTR,,2,skipped,完整变量样本数小于 min_cross_section_n
FAC_rank_vol_m6_n3_pairwise1,2006-08-31,CtrlRetLTM,,2,skipped,完整变量样本数小于 min_cross_section_n
FAC_rank_vol_m6_n3_pairwise1,2006-08-31,CtrlVol,,2,skipped,完整变量样本数小于 min_cross_section_n
FAC_rank_vol_m6_n3_pairwise1,2006-08-31,as_偏股混合型基金,,2,skipped,完整变量样本数小于 min_cross_section_n
FAC_rank_vol_m6_n3_pairwise1,2006-08-31,Ctrl_log_fund_size,,2,skipped,完整变量样本数小于 min_cross_section_n
FAC_rank_vol_m6_n3_pairwise1,2006-08-31,Ctrl_fund_age,,2,skipped,完整变量样本数小于 min_cross_section_n
FAC_rank_vol_m6_n3_pairwise1,2006-09-29,FAC_rank_vol_m6_n3_pairwise1,,3,skipped,完整变量样本数小于 min_cross_section_n
FAC_rank_vol_m6_n3_pairwise1,2006-09-29,CtrlRetSTR,,3,skipped,完整变量样本数小于 min_cross_section_n
FAC_rank_vol_m6_n3_pairwise1,2006-09-29,CtrlRetLTM,,3,skipped,完整变量样本数小于 min_cross_section_n
FAC_rank_vol_m6_n3_pairwise1,2006-09-29,CtrlVol,,3,skipped,完整变量样本数小于 min_cross_section_n
FAC_rank_vol_m6_n3_pairwise1,2006-09-29,as_偏股混合型基金,,3,skipped,完整变量样本数小于 min_cross_section_n
FAC_rank_vol_m6_n3_pairwise1,2006-09-29,Ctrl_log_fund_size,,3,skipped,完整变量样本数小于 min_cross_section_n
FAC_rank_vol_m6_n3_pairwise1,2006-09-29,Ctrl_fund_age,,3,skipped,完整变量样本数小于 min_cross_section_n
FAC_rank_vol_m6_n3_pairwise1,2006-10-31,FAC_rank_vol_m6_n3_pairwise1,,3,skipped,完整变量样本数小于 min_cross_section_n
FAC_rank_vol_m6_n3_pairwise1,2006-10-31,CtrlRetSTR,,3,skipped,完整变量样本数小于 min_cross_section_n
FAC_rank_vol_m6_n3_pairwise1,2006-10-31,CtrlRetLTM,,3,skipped,完整变量样本数小于 min_cross_section_n
FAC_rank_vol_m6_n3_pairwise1,2006-10-31,CtrlVol,,3,skipped,完整变量样本数小于 min_cross_section_n
FAC_rank_vol_m6_n3_pairwise1,2006-10-31,as_偏股混合型基金,,3,skipped,完整变量样本数小于 min_cross_section_n
FAC_rank_vol_m6_n3_pairwise1,2006-10-31,Ctrl_log_fund_size,,3,skipped,完整变量样本数小于 min_cross_section_n
FAC_rank_vol_m6_n3_pairwise1,2006-10-31,Ctrl_fund_age,,3,skipped,完整变量样本数小于 min_cross_section_n
FAC_rank_vol_m6_n3_pairwise1,2006-11-30,FAC_rank_vol_m6_n3_pairwise1,,3,skipped,完整变量样本数小于 min_cross_section_n
FAC_rank_vol_m6_n3_pairwise1,2006-11-30,CtrlRetSTR,,3,skipped,完整变量样本数小于 min_cross_section_n
FAC_rank_vol_m6_n3_pairwise1,2006-11-30,CtrlRetLTM,,3,skipped,完整变量样本数小于 min_cross_section_n
FAC_rank_vol_m6_n3_pairwise1,2006-11-30,CtrlVol,,3,skipped,完整变量样本数小于 min_cross_section_n
FAC_rank_vol_m6_n3_pairwise1,2006-11-30,as_偏股混合型基金,,3,skipped,完整变量样本数小于 min_cross_section_n
FAC_rank_vol_m6_n3_pairwise1,2006-11-30,Ctrl_log_fund_size,,3,skipped,完整变量样本数小于 min_cross_section_n
FAC_rank_vol_m6_n3_pairwise1,2006-11-30,Ctrl_fund_age,,3,skipped,完整变量样本数小于 min_cross_section_n
FAC_rank_vol_m6_n3_pairwise1,2006-12-29,FAC_rank_vol_m6_n3_pairwise1,,4,skipped,完整变量样本数小于 min_cross_section_n
FAC_rank_vol_m6_n3_pairwise1,2006-12-29,CtrlRetSTR,,4,skipped,完整变量样本数小于 min_cross_section_n
FAC_rank_vol_m6_n3_pairwise1,2006-12-29,CtrlRetLTM,,4,skipped,完整变量样本数小于 min_cross_section_n
FAC_rank_vol_m6_n3_pairwise1,2006-12-29,CtrlVol,,4,skipped,完整变量样本数小于 min_cross_section_n
FAC_rank_vol_m6_n3_pairwise1,2006-12-29,as_偏股混合型基金,,4,skipped,完整变量样本数小于 min_cross_section_n
FAC_rank_vol_m6_n3_pairwise1,2006-12-29,Ctrl_log_fund_size,,4,skipped,完整变量样本数小于 min_cross_section_n
FAC_rank_vol_m6_n3_pairwise1,2006-12-29,Ctrl_fund_age,,4,skipped,完整变量样本数小于 min_cross_section_n
FAC_rank_vol_m6_n3_pairwise1,2007-01-31,FAC_rank_vol_m6_n3_pairwise1,,4,skipped,完整变量样本数小于 min_cross_section_n
FAC_rank_vol_m6_n3_pairwise1,2007-01-31,CtrlRetSTR,,4,skipped,完整变量样本数小于 min_cross_section_n
FAC_rank_vol_m6_n3_pairwise1,2007-01-31,CtrlRetLTM,,4,skipped,完整变量样本数小于 min_cross_section_n
FAC_rank_vol_m6_n3_pairwise1,2007-01-31,CtrlVol,,4,skipped,完整变量样本数小于 min_cross_section_n
FAC_rank_vol_m6_n3_pairwise1,2007-01-31,as_偏股混合型基金,,4,skipped,完整变量样本数小于 min_cross_section_n
FAC_rank_vol_m6_n3_pairwise1,2007-01-31,Ctrl_log_fund_size,,4,skipped,完整变量样本数小于 min_cross_section_n
FAC_rank_vol_m6_n3_pairwise1,2007-01-31,Ctrl_fund_age,,4,skipped,完整变量样本数小于 min_cross_section_n
FAC_rank_vol_m6_n3_pairwise1,2007-02-28,FAC_rank_vol_m6_n3_pairwise1,,4,skipped,完整变量样本数小于 min_cross_section_n
FAC_rank_vol_m6_n3_pairwise1,2007-02-28,CtrlRetSTR,,4,skipped,完整变量样本数小于 min_cross_section_n
FAC_rank_vol_m6_n3_pairwise1,2007-02-28,CtrlRetLTM,,4,skipped,完整变量样本数小于 min_cross_section_n
FAC_rank_vol_m6_n3_pairwise1,2007-02-28,CtrlVol,,4,skipped,完整变量样本数小于 min_cross_section_n
FAC_rank_vol_m6_n3_pairwise1,2007-02-28,as_偏股混合型基金,,4,skipped,完整变量样本数小于 min_cross_section_n
FAC_rank_vol_m6_n3_pairwise1,2007-02-28,Ctrl_log_fund_size,,4,skipped,完整变量样本数小于 min_cross_section_n
FAC_rank_vol_m6_n3_pairwise1,2007-02-28,Ctrl_fund_age,,4,skipped,完整变量样本数小于 min_cross_section_n
FAC_rank_vol_m6_n3_pairwise1,2007-03-30,FAC_rank_vol_m6_n3_pairwise1,,4,skipped,完整变量样本数小于 min_cross_section_n
FAC_rank_vol_m6_n3_pairwise1,2007-03-30,CtrlRetSTR,,4,skipped,完整变量样本数小于 min_cross_section_n
FAC_rank_vol_m6_n3_pairwise1,2007-03-30,CtrlRetLTM,,4,skipped,完整变量样本数小于 min_cross_section_n
FAC_rank_vol_m6_n3_pairwise1,2007-03-30,CtrlVol,,4,skipped,完整变量样本数小于 min_cross_section_n
FAC_rank_vol_m6_n3_pairwise1,2007-03-30,as_偏股混合型基金,,4,skipped,完整变量样本数小于 min_cross_section_n
FAC_rank_vol_m6_n3_pairwise1,2007-03-30,Ctrl_log_fund_size,,4,skipped,完整变量样本数小于 min_cross_section_n
FAC_rank_vol_m6_n3_pairwise1,2007-03-30,Ctrl_fund_age,,4,skipped,完整变量样本数小于 min_cross_section_n
FAC_rank_vol_m6_n3_pairwise1,2007-04-30,FAC_rank_vol_m6_n3_pairwise1,,3,skipped,完整变量样本数小于 min_cross_section_n
FAC_rank_vol_m6_n3_pairwise1,2007-04-30,CtrlRetSTR,,3,skipped,完整变量样本数小于 min_cross_section_n
FAC_rank_vol_m6_n3_pairwise1,2007-04-30,CtrlRetLTM,,3,skipped,完整变量样本数小于 min_cross_section_n
FAC_rank_vol_m6_n3_pairwise1,2007-04-30,CtrlVol,,3,skipped,完整变量样本数小于 min_cross_section_n
FAC_rank_vol_m6_n3_pairwise1,2007-04-30,as_偏股混合型基金,,3,skipped,完整变量样本数小于 min_cross_section_n
FAC_rank_vol_m6_n3_pairwise1,2007-04-30,Ctrl_log_fund_size,,3,skipped,完整变量样本数小于 min_cross_section_n
FAC_rank_vol_m6_n3_pairwise1,2007-04-30,Ctrl_fund_age,,3,skipped,完整变量样本数小于 min_cross_section_n
FAC_rank_vol_m6_n3_pairwise1,2007-05-31,FAC_rank_vol_m6_n3_pairwise1,,2,skipped,完整变量样本数小于 min_cross_section_n
FAC_rank_vol_m6_n3_pairwise1,2007-05-31,CtrlRetSTR,,2,skipped,完整变量样本数小于 min_cross_section_n
FAC_rank_vol_m6_n3_pairwise1,2007-05-31,CtrlRetLTM,,2,skipped,完整变量样本数小于 min_cross_section_n
FAC_rank_vol_m6_n3_pairwise1,2007-05-31,CtrlVol,,2,skipped,完整变量样本数小于 min_cross_section_n
FAC_rank_vol_m6_n3_pairwise1,2007-05-31,as_偏股混合型基金,,2,skipped,完整变量样本数小于 min_cross_section_n
FAC_rank_vol_m6_n3_pairwise1,2007-05-31,Ctrl_log_fund_size,,2,skipped,完整变量样本数小于 min_cross_section_n
FAC_rank_vol_m6_n3_pairwise1,2007-05-31,Ctrl_fund_age,,2,skipped,完整变量样本数小于 min_cross_section_n
FAC_rank_vol_m6_n3_pairwise1,2007-06-29,FAC_rank_vol_m6_n3_pairwise1,,2,skipped,完整变量样本数小于 min_cross_section_n
FAC_rank_vol_m6_n3_pairwise1,2007-06-29,CtrlRetSTR,,2,skipped,完整变量样本数小于 min_cross_section_n
FAC_rank_vol_m6_n3_pairwise1,2007-06-29,CtrlRetLTM,,2,skipped,完整变量样本数小于 min_cross_section_n
FAC_rank_vol_m6_n3_pairwise1,2007-06-29,CtrlVol,,2,skipped,完整变量样本数小于 min_cross_section_n
FAC_rank_vol_m6_n3_pairwise1,2007-06-29,as_偏股混合型基金,,2,skipped,完整变量样本数小于 min_cross_section_n
FAC_rank_vol_m6_n3_pairwise1,2007-06-29,Ctrl_log_fund_size,,2,skipped,完整变量样本数小于 min_cross_section_n
FAC_rank_vol_m6_n3_pairwise1,2007-06-29,Ctrl_fund_age,,2,skipped,完整变量样本数小于 min_cross_section_n
FAC_rank_vol_m6_n3_pairwise1,2007-07-31,FAC_rank_vol_m6_n3_pairwise1,,4,skipped,完整变量样本数小于 min_cross_section_n
FAC_rank_vol_m6_n3_pairwise1,2007-07-31,CtrlRetSTR,,4,skipped,完整变量样本数小于 min_cross_section_n
FAC_rank_vol_m6_n3_pairwise1,2007-07-31,CtrlRetLTM,,4,skipped,完整变量样本数小于 min_cross_section_n
FAC_rank_vol_m6_n3_pairwise1,2007-07-31,CtrlVol,,4,skipped,完整变量样本数小于 min_cross_section_n
FAC_rank_vol_m6_n3_pairwise1,2007-07-31,as_偏股混合型基金,,4,skipped,完整变量样本数小于 min_cross_section_n
FAC_rank_vol_m6_n3_pairwise1,2007-07-31,Ctrl_log_fund_size,,4,skipped,完整变量样本数小于 min_cross_section_n
FAC_rank_vol_m6_n3_pairwise1,2007-07-31,Ctrl_fund_age,,4,skipped,完整变量样本数小于 min_cross_section_n
FAC_rank_vol_m6_n3_pairwise1,2007-08-31,FAC_rank_vol_m6_n3_pairwise1,,6,skipped,完整变量样本数小于 min_cross_section_n
FAC_rank_vol_m6_n3_pairwise1,2007-08-31,CtrlRetSTR,,6,skipped,完整变量样本数小于 min_cross_section_n
FAC_rank_vol_m6_n3_pairwise1,2007-08-31,CtrlRetLTM,,6,skipped,完整变量样本数小于 min_cross_section_n
FAC_rank_vol_m6_n3_pairwise1,2007-08-31,CtrlVol,,6,skipped,完整变量样本数小于 min_cross_section_n
FAC_rank_vol_m6_n3_pairwise1,2007-08-31,as_偏股混合型基金,,6,skipped,完整变量样本数小于 min_cross_section_n
FAC_rank_vol_m6_n3_pairwise1,2007-08-31,Ctrl_log_fund_size,,6,skipped,完整变量样本数小于 min_cross_section_n
FAC_rank_vol_m6_n3_pairwise1,2007-08-31,Ctrl_fund_age,,6,skipped,完整变量样本数小于 min_cross_section_n
FAC_rank_vol_m6_n3_pairwise1,2007-09-28,FAC_rank_vol_m6_n3_pairwise1,,5,skipped,完整变量样本数小于 min_cross_section_n
FAC_rank_vol_m6_n3_pairwise1,2007-09-28,CtrlRetSTR,,5,skipped,完整变量样本数小于 min_cross_section_n
FAC_rank_vol_m6_n3_pairwise1,2007-09-28,CtrlRetLTM,,5,skipped,完整变量样本数小于 min_cross_section_n
FAC_rank_vol_m6_n3_pairwise1,2007-09-28,CtrlVol,,5,skipped,完整变量样本数小于 min_cross_section_n
FAC_rank_vol_m6_n3_pairwise1,2007-09-28,as_偏股混合型基金,,5,skipped,完整变量样本数小于 min_cross_section_n
FAC_rank_vol_m6_n3_pairwise1,2007-09-28,Ctrl_log_fund_size,,5,skipped,完整变量样本数小于 min_cross_section_n
FAC_rank_vol_m6_n3_pairwise1,2007-09-28,Ctrl_fund_age,,5,skipped,完整变量样本数小于 min_cross_section_n
FAC_rank_vol_m6_n3_pairwise1,2007-10-31,FAC_rank_vol_m6_n3_pairwise1,,5,skipped,完整变量样本数小于 min_cross_section_n
FAC_rank_vol_m6_n3_pairwise1,2007-10-31,CtrlRetSTR,,5,skipped,完整变量样本数小于 min_cross_section_n
FAC_rank_vol_m6_n3_pairwise1,2007-10-31,CtrlRetLTM,,5,skipped,完整变量样本数小于 min_cross_section_n
FAC_rank_vol_m6_n3_pairwise1,2007-10-31,CtrlVol,,5,skipped,完整变量样本数小于 min_cross_section_n
FAC_rank_vol_m6_n3_pairwise1,2007-10-31,as_偏股混合型基金,,5,skipped,完整变量样本数小于 min_cross_section_n
FAC_rank_vol_m6_n3_pairwise1,2007-10-31,Ctrl_log_fund_size,,5,skipped,完整变量样本数小于 min_cross_section_n
FAC_rank_vol_m6_n3_pairwise1,2007-10-31,Ctrl_fund_age,,5,skipped,完整变量样本数小于 min_cross_section_n
FAC_rank_vol_m6_n3_pairwise1,2007-11-30,FAC_rank_vol_m6_n3_pairwise1,,5,skipped,完整变量样本数小于 min_cross_section_n
FAC_rank_vol_m6_n3_pairwise1,2007-11-30,CtrlRetSTR,,5,skipped,完整变量样本数小于 min_cross_section_n
FAC_rank_vol_m6_n3_pairwise1,2007-11-30,CtrlRetLTM,,5,skipped,完整变量样本数小于 min_cross_section_n
FAC_rank_vol_m6_n3_pairwise1,2007-11-30,CtrlVol,,5,skipped,完整变量样本数小于 min_cross_section_n
FAC_rank_vol_m6_n3_pairwise1,2007-11-30,as_偏股混合型基金,,5,skipped,完整变量样本数小于 min_cross_section_n
FAC_rank_vol_m6_n3_pairwise1,2007-11-30,Ctrl_log_fund_size,,5,skipped,完整变量样本数小于 min_cross_section_n
FAC_rank_vol_m6_n3_pairwise1,2007-11-30,Ctrl_fund_age,,5,skipped,完整变量样本数小于 min_cross_section_n
FAC_rank_vol_m6_n3_pairwise1,2007-12-28,FAC_rank_vol_m6_n3_pairwise1,,6,skipped,完整变量样本数小于 min_cross_section_n
FAC_rank_vol_m6_n3_pairwise1,2007-12-28,CtrlRetSTR,,6,skipped,完整变量样本数小于 min_cross_section_n
FAC_rank_vol_m6_n3_pairwise1,2007-12-28,CtrlRetLTM,,6,skipped,完整变量样本数小于 min_cross_section_n
FAC_rank_vol_m6_n3_pairwise1,2007-12-28,CtrlVol,,6,skipped,完整变量样本数小于 min_cross_section_n
FAC_rank_vol_m6_n3_pairwise1,2007-12-28,as_偏股混合型基金,,6,skipped,完整变量样本数小于 min_cross_section_n
FAC_rank_vol_m6_n3_pairwise1,2007-12-28,Ctrl_log_fund_size,,6,skipped,完整变量样本数小于 min_cross_section_n
FAC_rank_vol_m6_n3_pairwise1,2007-12-28,Ctrl_fund_age,,6,skipped,完整变量样本数小于 min_cross_section_n
FAC_rank_vol_m6_n3_pairwise1,2008-01-31,FAC_rank_vol_m6_n3_pairwise1,,6,skipped,完整变量样本数小于 min_cross_section_n
FAC_rank_vol_m6_n3_pairwise1,2008-01-31,CtrlRetSTR,,6,skipped,完整变量样本数小于 min_cross_section_n
FAC_rank_vol_m6_n3_pairwise1,2008-01-31,CtrlRetLTM,,6,skipped,完整变量样本数小于 min_cross_section_n
FAC_rank_vol_m6_n3_pairwise1,2008-01-31,CtrlVol,,6,skipped,完整变量样本数小于 min_cross_section_n
FAC_rank_vol_m6_n3_pairwise1,2008-01-31,as_偏股混合型基金,,6,skipped,完整变量样本数小于 min_cross_section_n
FAC_rank_vol_m6_n3_pairwise1,2008-01-31,Ctrl_log_fund_size,,6,skipped,完整变量样本数小于 min_cross_section_n
FAC_rank_vol_m6_n3_pairwise1,2008-01-31,Ctrl_fund_age,,6,skipped,完整变量样本数小于 min_cross_section_n
FAC_rank_vol_m6_n3_pairwise1,2008-02-29,FAC_rank_vol_m6_n3_pairwise1,,8,skipped,完整变量样本数小于 min_cross_section_n
FAC_rank_vol_m6_n3_pairwise1,2008-02-29,CtrlRetSTR,,8,skipped,完整变量样本数小于 min_cross_section_n
FAC_rank_vol_m6_n3_pairwise1,2008-02-29,CtrlRetLTM,,8,skipped,完整变量样本数小于 min_cross_section_n
FAC_rank_vol_m6_n3_pairwise1,2008-02-29,CtrlVol,,8,skipped,完整变量样本数小于 min_cross_section_n
FAC_rank_vol_m6_n3_pairwise1,2008-02-29,as_偏股混合型基金,,8,skipped,完整变量样本数小于 min_cross_section_n
FAC_rank_vol_m6_n3_pairwise1,2008-02-29,Ctrl_log_fund_size,,8,skipped,完整变量样本数小于 min_cross_section_n
FAC_rank_vol_m6_n3_pairwise1,2008-02-29,Ctrl_fund_age,,8,skipped,完整变量样本数小于 min_cross_section_n
FAC_rank_vol_m6_n3_pairwise1,2008-03-31,FAC_rank_vol_m6_n3_pairwise1,,7,skipped,完整变量样本数小于 min_cross_section_n
FAC_rank_vol_m6_n3_pairwise1,2008-03-31,CtrlRetSTR,,7,skipped,完整变量样本数小于 min_cross_section_n
FAC_rank_vol_m6_n3_pairwise1,2008-03-31,CtrlRetLTM,,7,skipped,完整变量样本数小于 min_cross_section_n
FAC_rank_vol_m6_n3_pairwise1,2008-03-31,CtrlVol,,7,skipped,完整变量样本数小于 min_cross_section_n
FAC_rank_vol_m6_n3_pairwise1,2008-03-31,as_偏股混合型基金,,7,skipped,完整变量样本数小于 min_cross_section_n
FAC_rank_vol_m6_n3_pairwise1,2008-03-31,Ctrl_log_fund_size,,7,skipped,完整变量样本数小于 min_cross_section_n
FAC_rank_vol_m6_n3_pairwise1,2008-03-31,Ctrl_fund_age,,7,skipped,完整变量样本数小于 min_cross_section_n
FAC_rank_vol_m6_n3_pairwise1,2008-04-30,FAC_rank_vol_m6_n3_pairwise1,,7,skipped,完整变量样本数小于 min_cross_section_n
FAC_rank_vol_m6_n3_pairwise1,2008-04-30,CtrlRetSTR,,7,skipped,完整变量样本数小于 min_cross_section_n
FAC_rank_vol_m6_n3_pairwise1,2008-04-30,CtrlRetLTM,,7,skipped,完整变量样本数小于 min_cross_section_n
FAC_rank_vol_m6_n3_pairwise1,2008-04-30,CtrlVol,,7,skipped,完整变量样本数小于 min_cross_section_n
FAC_rank_vol_m6_n3_pairwise1,2008-04-30,as_偏股混合型基金,,7,skipped,完整变量样本数小于 min_cross_section_n
FAC_rank_vol_m6_n3_pairwise1,2008-04-30,Ctrl_log_fund_size,,7,skipped,完整变量样本数小于 min_cross_section_n
FAC_rank_vol_m6_n3_pairwise1,2008-04-30,Ctrl_fund_age,,7,skipped,完整变量样本数小于 min_cross_section_n
FAC_rank_vol_m6_n3_pairwise1,2008-05-30,FAC_rank_vol_m6_n3_pairwise1,,9,skipped,完整变量样本数小于 min_cross_section_n
FAC_rank_vol_m6_n3_pairwise1,2008-05-30,CtrlRetSTR,,9,skipped,完整变量样本数小于 min_cross_section_n
FAC_rank_vol_m6_n3_pairwise1,2008-05-30,CtrlRetLTM,,9,skipped,完整变量样本数小于 min_cross_section_n
FAC_rank_vol_m6_n3_pairwise1,2008-05-30,CtrlVol,,9,skipped,完整变量样本数小于 min_cross_section_n
FAC_rank_vol_m6_n3_pairwise1,2008-05-30,as_偏股混合型基金,,9,skipped,完整变量样本数小于 min_cross_section_n
FAC_rank_vol_m6_n3_pairwise1,2008-05-30,Ctrl_log_fund_size,,9,skipped,完整变量样本数小于 min_cross_section_n
FAC_rank_vol_m6_n3_pairwise1,2008-05-30,Ctrl_fund_age,,9,skipped,完整变量样本数小于 min_cross_section_n
FAC_rank_vol_m6_n3_pairwise1,2008-06-30,FAC_rank_vol_m6_n3_pairwise1,,10,skipped,完整变量样本数小于 min_cross_section_n
FAC_rank_vol_m6_n3_pairwise1,2008-06-30,CtrlRetSTR,,10,skipped,完整变量样本数小于 min_cross_section_n
FAC_rank_vol_m6_n3_pairwise1,2008-06-30,CtrlRetLTM,,10,skipped,完整变量样本数小于 min_cross_section_n
FAC_rank_vol_m6_n3_pairwise1,2008-06-30,CtrlVol,,10,skipped,完整变量样本数小于 min_cross_section_n
FAC_rank_vol_m6_n3_pairwise1,2008-06-30,as_偏股混合型基金,,10,skipped,完整变量样本数小于 min_cross_section_n
FAC_rank_vol_m6_n3_pairwise1,2008-06-30,Ctrl_log_fund_size,,10,skipped,完整变量样本数小于 min_cross_section_n
FAC_rank_vol_m6_n3_pairwise1,2008-06-30,Ctrl_fund_age,,10,skipped,完整变量样本数小于 min_cross_section_n
FAC_rank_vol_m6_n3_pairwise1,2008-07-31,FAC_rank_vol_m6_n3_pairwise1,,12,skipped,完整变量样本数小于 min_cross_section_n
FAC_rank_vol_m6_n3_pairwise1,2008-07-31,CtrlRetSTR,,12,skipped,完整变量样本数小于 min_cross_section_n
FAC_rank_vol_m6_n3_pairwise1,2008-07-31,CtrlRetLTM,,12,skipped,完整变量样本数小于 min_cross_section_n
FAC_rank_vol_m6_n3_pairwise1,2008-07-31,CtrlVol,,12,skipped,完整变量样本数小于 min_cross_section_n
FAC_rank_vol_m6_n3_pairwise1,2008-07-31,as_偏股混合型基金,,12,skipped,完整变量样本数小于 min_cross_section_n
FAC_rank_vol_m6_n3_pairwise1,2008-07-31,Ctrl_log_fund_size,,12,skipped,完整变量样本数小于 min_cross_section_n
FAC_rank_vol_m6_n3_pairwise1,2008-07-31,Ctrl_fund_age,,12,skipped,完整变量样本数小于 min_cross_section_n
FAC_rank_vol_m6_n3_pairwise1,2008-08-29,FAC_rank_vol_m6_n3_pairwise1,,12,skipped,完整变量样本数小于 min_cross_section_n
FAC_rank_vol_m6_n3_pairwise1,2008-08-29,CtrlRetSTR,,12,skipped,完整变量样本数小于 min_cross_section_n
FAC_rank_vol_m6_n3_pairwise1,2008-08-29,CtrlRetLTM,,12,skipped,完整变量样本数小于 min_cross_section_n
FAC_rank_vol_m6_n3_pairwise1,2008-08-29,CtrlVol,,12,skipped,完整变量样本数小于 min_cross_section_n
FAC_rank_vol_m6_n3_pairwise1,2008-08-29,as_偏股混合型基金,,12,skipped,完整变量样本数小于 min_cross_section_n
FAC_rank_vol_m6_n3_pairwise1,2008-08-29,Ctrl_log_fund_size,,12,skipped,完整变量样本数小于 min_cross_section_n
FAC_rank_vol_m6_n3_pairwise1,2008-08-29,Ctrl_fund_age,,12,skipped,完整变量样本数小于 min_cross_section_n
FAC_rank_vol_m6_n3_pairwise1,2008-09-26,FAC_rank_vol_m6_n3_pairwise1,,13,skipped,完整变量样本数小于 min_cross_section_n
FAC_rank_vol_m6_n3_pairwise1,2008-09-26,CtrlRetSTR,,13,skipped,完整变量样本数小于 min_cross_section_n
FAC_rank_vol_m6_n3_pairwise1,2008-09-26,CtrlRetLTM,,13,skipped,完整变量样本数小于 min_cross_section_n
FAC_rank_vol_m6_n3_pairwise1,2008-09-26,CtrlVol,,13,skipped,完整变量样本数小于 min_cross_section_n
FAC_rank_vol_m6_n3_pairwise1,2008-09-26,as_偏股混合型基金,,13,skipped,完整变量样本数小于 min_cross_section_n
FAC_rank_vol_m6_n3_pairwise1,2008-09-26,Ctrl_log_fund_size,,13,skipped,完整变量样本数小于 min_cross_section_n
FAC_rank_vol_m6_n3_pairwise1,2008-09-26,Ctrl_fund_age,,13,skipped,完整变量样本数小于 min_cross_section_n
FAC_rank_vol_m6_n3_pairwise1,2008-10-31,FAC_rank_vol_m6_n3_pairwise1,,13,skipped,完整变量样本数小于 min_cross_section_n
FAC_rank_vol_m6_n3_pairwise1,2008-10-31,CtrlRetSTR,,13,skipped,完整变量样本数小于 min_cross_section_n
FAC_rank_vol_m6_n3_pairwise1,2008-10-31,CtrlRetLTM,,13,skipped,完整变量样本数小于 min_cross_section_n
FAC_rank_vol_m6_n3_pairwise1,2008-10-31,CtrlVol,,13,skipped,完整变量样本数小于 min_cross_section_n
FAC_rank_vol_m6_n3_pairwise1,2008-10-31,as_偏股混合型基金,,13,skipped,完整变量样本数小于 min_cross_section_n
FAC_rank_vol_m6_n3_pairwise1,2008-10-31,Ctrl_log_fund_size,,13,skipped,完整变量样本数小于 min_cross_section_n
FAC_rank_vol_m6_n3_pairwise1,2008-10-31,Ctrl_fund_age,,13,skipped,完整变量样本数小于 min_cross_section_n
FAC_rank_vol_m6_n3_pairwise1,2008-11-28,FAC_rank_vol_m6_n3_pairwise1,,15,skipped,完整变量样本数小于 min_cross_section_n
FAC_rank_vol_m6_n3_pairwise1,2008-11-28,CtrlRetSTR,,15,skipped,完整变量样本数小于 min_cross_section_n
FAC_rank_vol_m6_n3_pairwise1,2008-11-28,CtrlRetLTM,,15,skipped,完整变量样本数小于 min_cross_section_n
FAC_rank_vol_m6_n3_pairwise1,2008-11-28,CtrlVol,,15,skipped,完整变量样本数小于 min_cross_section_n
FAC_rank_vol_m6_n3_pairwise1,2008-11-28,as_偏股混合型基金,,15,skipped,完整变量样本数小于 min_cross_section_n
FAC_rank_vol_m6_n3_pairwise1,2008-11-28,Ctrl_log_fund_size,,15,skipped,完整变量样本数小于 min_cross_section_n
FAC_rank_vol_m6_n3_pairwise1,2008-11-28,Ctrl_fund_age,,15,skipped,完整变量样本数小于 min_cross_section_n
FAC_rank_vol_m6_n3_pairwise1,2008-12-31,FAC_rank_vol_m6_n3_pairwise1,,17,skipped,完整变量样本数小于 min_cross_section_n
FAC_rank_vol_m6_n3_pairwise1,2008-12-31,CtrlRetSTR,,17,skipped,完整变量样本数小于 min_cross_section_n
FAC_rank_vol_m6_n3_pairwise1,2008-12-31,CtrlRetLTM,,17,skipped,完整变量样本数小于 min_cross_section_n
FAC_rank_vol_m6_n3_pairwise1,2008-12-31,CtrlVol,,17,skipped,完整变量样本数小于 min_cross_section_n
FAC_rank_vol_m6_n3_pairwise1,2008-12-31,as_偏股混合型基金,,17,skipped,完整变量样本数小于 min_cross_section_n
FAC_rank_vol_m6_n3_pairwise1,2008-12-31,Ctrl_log_fund_size,,17,skipped,完整变量样本数小于 min_cross_section_n
FAC_rank_vol_m6_n3_pairwise1,2008-12-31,Ctrl_fund_age,,17,skipped,完整变量样本数小于 min_cross_section_n
FAC_rank_vol_m6_n3_pairwise1,2009-01-23,FAC_rank_vol_m6_n3_pairwise1,,17,skipped,完整变量样本数小于 min_cross_section_n
FAC_rank_vol_m6_n3_pairwise1,2009-01-23,CtrlRetSTR,,17,skipped,完整变量样本数小于 min_cross_section_n
FAC_rank_vol_m6_n3_pairwise1,2009-01-23,CtrlRetLTM,,17,skipped,完整变量样本数小于 min_cross_section_n
FAC_rank_vol_m6_n3_pairwise1,2009-01-23,CtrlVol,,17,skipped,完整变量样本数小于 min_cross_section_n
FAC_rank_vol_m6_n3_pairwise1,2009-01-23,as_偏股混合型基金,,17,skipped,完整变量样本数小于 min_cross_section_n
FAC_rank_vol_m6_n3_pairwise1,2009-01-23,Ctrl_log_fund_size,,17,skipped,完整变量样本数小于 min_cross_section_n
FAC_rank_vol_m6_n3_pairwise1,2009-01-23,Ctrl_fund_age,,17,skipped,完整变量样本数小于 min_cross_section_n
FAC_rank_vol_m6_n3_pairwise1,2009-02-27,FAC_rank_vol_m6_n3_pairwise1,,18,skipped,完整变量样本数小于 min_cross_section_n
FAC_rank_vol_m6_n3_pairwise1,2009-02-27,CtrlRetSTR,,18,skipped,完整变量样本数小于 min_cross_section_n
FAC_rank_vol_m6_n3_pairwise1,2009-02-27,CtrlRetLTM,,18,skipped,完整变量样本数小于 min_cross_section_n
FAC_rank_vol_m6_n3_pairwise1,2009-02-27,CtrlVol,,18,skipped,完整变量样本数小于 min_cross_section_n
FAC_rank_vol_m6_n3_pairwise1,2009-02-27,as_偏股混合型基金,,18,skipped,完整变量样本数小于 min_cross_section_n
FAC_rank_vol_m6_n3_pairwise1,2009-02-27,Ctrl_log_fund_size,,18,skipped,完整变量样本数小于 min_cross_section_n
FAC_rank_vol_m6_n3_pairwise1,2009-02-27,Ctrl_fund_age,,18,skipped,完整变量样本数小于 min_cross_section_n
FAC_rank_vol_m6_n3_pairwise1,2009-03-31,FAC_rank_vol_m6_n3_pairwise1,,16,skipped,完整变量样本数小于 min_cross_section_n
FAC_rank_vol_m6_n3_pairwise1,2009-03-31,CtrlRetSTR,,16,skipped,完整变量样本数小于 min_cross_section_n
FAC_rank_vol_m6_n3_pairwise1,2009-03-31,CtrlRetLTM,,16,skipped,完整变量样本数小于 min_cross_section_n
FAC_rank_vol_m6_n3_pairwise1,2009-03-31,CtrlVol,,16,skipped,完整变量样本数小于 min_cross_section_n
FAC_rank_vol_m6_n3_pairwise1,2009-03-31,as_偏股混合型基金,,16,skipped,完整变量样本数小于 min_cross_section_n
FAC_rank_vol_m6_n3_pairwise1,2009-03-31,Ctrl_log_fund_size,,16,skipped,完整变量样本数小于 min_cross_section_n
FAC_rank_vol_m6_n3_pairwise1,2009-03-31,Ctrl_fund_age,,16,skipped,完整变量样本数小于 min_cross_section_n
FAC_rank_vol_m6_n3_pairwise1,2009-04-30,FAC_rank_vol_m6_n3_pairwise1,,18,skipped,完整变量样本数小于 min_cross_section_n
FAC_rank_vol_m6_n3_pairwise1,2009-04-30,CtrlRetSTR,,18,skipped,完整变量样本数小于 min_cross_section_n
FAC_rank_vol_m6_n3_pairwise1,2009-04-30,CtrlRetLTM,,18,skipped,完整变量样本数小于 min_cross_section_n
FAC_rank_vol_m6_n3_pairwise1,2009-04-30,CtrlVol,,18,skipped,完整变量样本数小于 min_cross_section_n
FAC_rank_vol_m6_n3_pairwise1,2009-04-30,as_偏股混合型基金,,18,skipped,完整变量样本数小于 min_cross_section_n
FAC_rank_vol_m6_n3_pairwise1,2009-04-30,Ctrl_log_fund_size,,18,skipped,完整变量样本数小于 min_cross_section_n
FAC_rank_vol_m6_n3_pairwise1,2009-04-30,Ctrl_fund_age,,18,skipped,完整变量样本数小于 min_cross_section_n
FAC_rank_vol_m6_n3_pairwise1,2009-05-27,FAC_rank_vol_m6_n3_pairwise1,,20,skipped,完整变量样本数小于 min_cross_section_n
FAC_rank_vol_m6_n3_pairwise1,2009-05-27,CtrlRetSTR,,20,skipped,完整变量样本数小于 min_cross_section_n
FAC_rank_vol_m6_n3_pairwise1,2009-05-27,CtrlRetLTM,,20,skipped,完整变量样本数小于 min_cross_section_n
FAC_rank_vol_m6_n3_pairwise1,2009-05-27,CtrlVol,,20,skipped,完整变量样本数小于 min_cross_section_n
FAC_rank_vol_m6_n3_pairwise1,2009-05-27,as_偏股混合型基金,,20,skipped,完整变量样本数小于 min_cross_section_n
FAC_rank_vol_m6_n3_pairwise1,2009-05-27,Ctrl_log_fund_size,,20,skipped,完整变量样本数小于 min_cross_section_n
FAC_rank_vol_m6_n3_pairwise1,2009-05-27,Ctrl_fund_age,,20,skipped,完整变量样本数小于 min_cross_section_n
FAC_rank_vol_m6_n3_pairwise1,2009-06-30,FAC_rank_vol_m6_n3_pairwise1,,20,skipped,完整变量样本数小于 min_cross_section_n
FAC_rank_vol_m6_n3_pairwise1,2009-06-30,CtrlRetSTR,,20,skipped,完整变量样本数小于 min_cross_section_n
FAC_rank_vol_m6_n3_pairwise1,2009-06-30,CtrlRetLTM,,20,skipped,完整变量样本数小于 min_cross_section_n
FAC_rank_vol_m6_n3_pairwise1,2009-06-30,CtrlVol,,20,skipped,完整变量样本数小于 min_cross_section_n
FAC_rank_vol_m6_n3_pairwise1,2009-06-30,as_偏股混合型基金,,20,skipped,完整变量样本数小于 min_cross_section_n
FAC_rank_vol_m6_n3_pairwise1,2009-06-30,Ctrl_log_fund_size,,20,skipped,完整变量样本数小于 min_cross_section_n
FAC_rank_vol_m6_n3_pairwise1,2009-06-30,Ctrl_fund_age,,20,skipped,完整变量样本数小于 min_cross_section_n
FAC_rank_vol_m6_n3_pairwise1,2009-07-31,FAC_rank_vol_m6_n3_pairwise1,,20,skipped,完整变量样本数小于 min_cross_section_n
FAC_rank_vol_m6_n3_pairwise1,2009-07-31,CtrlRetSTR,,20,skipped,完整变量样本数小于 min_cross_section_n
FAC_rank_vol_m6_n3_pairwise1,2009-07-31,CtrlRetLTM,,20,skipped,完整变量样本数小于 min_cross_section_n
FAC_rank_vol_m6_n3_pairwise1,2009-07-31,CtrlVol,,20,skipped,完整变量样本数小于 min_cross_section_n
FAC_rank_vol_m6_n3_pairwise1,2009-07-31,as_偏股混合型基金,,20,skipped,完整变量样本数小于 min_cross_section_n
FAC_rank_vol_m6_n3_pairwise1,2009-07-31,Ctrl_log_fund_size,,20,skipped,完整变量样本数小于 min_cross_section_n
FAC_rank_vol_m6_n3_pairwise1,2009-07-31,Ctrl_fund_age,,20,skipped,完整变量样本数小于 min_cross_section_n
FAC_rank_vol_m6_n3_pairwise1,2009-08-31,FAC_rank_vol_m6_n3_pairwise1,,21,skipped,完整变量样本数小于 min_cross_section_n
FAC_rank_vol_m6_n3_pairwise1,2009-08-31,CtrlRetSTR,,21,skipped,完整变量样本数小于 min_cross_section_n
FAC_rank_vol_m6_n3_pairwise1,2009-08-31,CtrlRetLTM,,21,skipped,完整变量样本数小于 min_cross_section_n
FAC_rank_vol_m6_n3_pairwise1,2009-08-31,CtrlVol,,21,skipped,完整变量样本数小于 min_cross_section_n
FAC_rank_vol_m6_n3_pairwise1,2009-08-31,as_偏股混合型基金,,21,skipped,完整变量样本数小于 min_cross_section_n
FAC_rank_vol_m6_n3_pairwise1,2009-08-31,Ctrl_log_fund_size,,21,skipped,完整变量样本数小于 min_cross_section_n
FAC_rank_vol_m6_n3_pairwise1,2009-08-31,Ctrl_fund_age,,21,skipped,完整变量样本数小于 min_cross_section_n
FAC_rank_vol_m6_n3_pairwise1,2009-09-30,FAC_rank_vol_m6_n3_pairwise1,,23,skipped,完整变量样本数小于 min_cross_section_n
FAC_rank_vol_m6_n3_pairwise1,2009-09-30,CtrlRetSTR,,23,skipped,完整变量样本数小于 min_cross_section_n
FAC_rank_vol_m6_n3_pairwise1,2009-09-30,CtrlRetLTM,,23,skipped,完整变量样本数小于 min_cross_section_n
FAC_rank_vol_m6_n3_pairwise1,2009-09-30,CtrlVol,,23,skipped,完整变量样本数小于 min_cross_section_n
FAC_rank_vol_m6_n3_pairwise1,2009-09-30,as_偏股混合型基金,,23,skipped,完整变量样本数小于 min_cross_section_n
FAC_rank_vol_m6_n3_pairwise1,2009-09-30,Ctrl_log_fund_size,,23,skipped,完整变量样本数小于 min_cross_section_n
FAC_rank_vol_m6_n3_pairwise1,2009-09-30,Ctrl_fund_age,,23,skipped,完整变量样本数小于 min_cross_section_n
FAC_rank_vol_m6_n3_pairwise1,2009-10-30,FAC_rank_vol_m6_n3_pairwise1,,24,skipped,完整变量样本数小于 min_cross_section_n
FAC_rank_vol_m6_n3_pairwise1,2009-10-30,CtrlRetSTR,,24,skipped,完整变量样本数小于 min_cross_section_n
FAC_rank_vol_m6_n3_pairwise1,2009-10-30,CtrlRetLTM,,24,skipped,完整变量样本数小于 min_cross_section_n
FAC_rank_vol_m6_n3_pairwise1,2009-10-30,CtrlVol,,24,skipped,完整变量样本数小于 min_cross_section_n
FAC_rank_vol_m6_n3_pairwise1,2009-10-30,as_偏股混合型基金,,24,skipped,完整变量样本数小于 min_cross_section_n
FAC_rank_vol_m6_n3_pairwise1,2009-10-30,Ctrl_log_fund_size,,24,skipped,完整变量样本数小于 min_cross_section_n
FAC_rank_vol_m6_n3_pairwise1,2009-10-30,Ctrl_fund_age,,24,skipped,完整变量样本数小于 min_cross_section_n
FAC_rank_vol_m6_n3_pairwise1,2009-11-30,FAC_rank_vol_m6_n3_pairwise1,,25,skipped,完整变量样本数小于 min_cross_section_n
FAC_rank_vol_m6_n3_pairwise1,2009-11-30,CtrlRetSTR,,25,skipped,完整变量样本数小于 min_cross_section_n
FAC_rank_vol_m6_n3_pairwise1,2009-11-30,CtrlRetLTM,,25,skipped,完整变量样本数小于 min_cross_section_n
FAC_rank_vol_m6_n3_pairwise1,2009-11-30,CtrlVol,,25,skipped,完整变量样本数小于 min_cross_section_n
FAC_rank_vol_m6_n3_pairwise1,2009-11-30,as_偏股混合型基金,,25,skipped,完整变量样本数小于 min_cross_section_n
FAC_rank_vol_m6_n3_pairwise1,2009-11-30,Ctrl_log_fund_size,,25,skipped,完整变量样本数小于 min_cross_section_n
FAC_rank_vol_m6_n3_pairwise1,2009-11-30,Ctrl_fund_age,,25,skipped,完整变量样本数小于 min_cross_section_n
FAC_rank_vol_m6_n3_pairwise1,2009-12-31,FAC_rank_vol_m6_n3_pairwise1,,28,skipped,完整变量样本数小于 min_cross_section_n
FAC_rank_vol_m6_n3_pairwise1,2009-12-31,CtrlRetSTR,,28,skipped,完整变量样本数小于 min_cross_section_n
FAC_rank_vol_m6_n3_pairwise1,2009-12-31,CtrlRetLTM,,28,skipped,完整变量样本数小于 min_cross_section_n
FAC_rank_vol_m6_n3_pairwise1,2009-12-31,CtrlVol,,28,skipped,完整变量样本数小于 min_cross_section_n
FAC_rank_vol_m6_n3_pairwise1,2009-12-31,as_偏股混合型基金,,28,skipped,完整变量样本数小于 min_cross_section_n
FAC_rank_vol_m6_n3_pairwise1,2009-12-31,Ctrl_log_fund_size,,28,skipped,完整变量样本数小于 min_cross_section_n
FAC_rank_vol_m6_n3_pairwise1,2009-12-31,Ctrl_fund_age,,28,skipped,完整变量样本数小于 min_cross_section_n
FAC_rank_vol_m6_n3_pairwise1,2010-01-29,FAC_rank_vol_m6_n3_pairwise1,,27,skipped,完整变量样本数小于 min_cross_section_n
FAC_rank_vol_m6_n3_pairwise1,2010-01-29,CtrlRetSTR,,27,skipped,完整变量样本数小于 min_cross_section_n
FAC_rank_vol_m6_n3_pairwise1,2010-01-29,CtrlRetLTM,,27,skipped,完整变量样本数小于 min_cross_section_n
FAC_rank_vol_m6_n3_pairwise1,2010-01-29,CtrlVol,,27,skipped,完整变量样本数小于 min_cross_section_n
FAC_rank_vol_m6_n3_pairwise1,2010-01-29,as_偏股混合型基金,,27,skipped,完整变量样本数小于 min_cross_section_n
FAC_rank_vol_m6_n3_pairwise1,2010-01-29,Ctrl_log_fund_size,,27,skipped,完整变量样本数小于 min_cross_section_n
FAC_rank_vol_m6_n3_pairwise1,2010-01-29,Ctrl_fund_age,,27,skipped,完整变量样本数小于 min_cross_section_n
FAC_rank_vol_m6_n3_pairwise1,2010-02-26,FAC_rank_vol_m6_n3_pairwise1,,29,skipped,完整变量样本数小于 min_cross_section_n
FAC_rank_vol_m6_n3_pairwise1,2010-02-26,CtrlRetSTR,,29,skipped,完整变量样本数小于 min_cross_section_n
FAC_rank_vol_m6_n3_pairwise1,2010-02-26,CtrlRetLTM,,29,skipped,完整变量样本数小于 min_cross_section_n
FAC_rank_vol_m6_n3_pairwise1,2010-02-26,CtrlVol,,29,skipped,完整变量样本数小于 min_cross_section_n
FAC_rank_vol_m6_n3_pairwise1,2010-02-26,as_偏股混合型基金,,29,skipped,完整变量样本数小于 min_cross_section_n
FAC_rank_vol_m6_n3_pairwise1,2010-02-26,Ctrl_log_fund_size,,29,skipped,完整变量样本数小于 min_cross_section_n
FAC_rank_vol_m6_n3_pairwise1,2010-02-26,Ctrl_fund_age,,29,skipped,完整变量样本数小于 min_cross_section_n
FAC_rank_vol_m6_n3_pairwise1,2010-03-31,FAC_rank_vol_m6_n3_pairwise1,,30,skipped,完整变量样本数小于 min_cross_section_n
FAC_rank_vol_m6_n3_pairwise1,2010-03-31,CtrlRetSTR,,30,skipped,完整变量样本数小于 min_cross_section_n
FAC_rank_vol_m6_n3_pairwise1,2010-03-31,CtrlRetLTM,,30,skipped,完整变量样本数小于 min_cross_section_n
FAC_rank_vol_m6_n3_pairwise1,2010-03-31,CtrlVol,,30,skipped,完整变量样本数小于 min_cross_section_n
FAC_rank_vol_m6_n3_pairwise1,2010-03-31,as_偏股混合型基金,,30,skipped,完整变量样本数小于 min_cross_section_n
FAC_rank_vol_m6_n3_pairwise1,2010-03-31,Ctrl_log_fund_size,,30,skipped,完整变量样本数小于 min_cross_section_n
FAC_rank_vol_m6_n3_pairwise1,2010-03-31,Ctrl_fund_age,,30,skipped,完整变量样本数小于 min_cross_section_n
FAC_rank_vol_m6_n3_pairwise1,2010-04-30,FAC_rank_vol_m6_n3_pairwise1,,30,skipped,完整变量样本数小于 min_cross_section_n
FAC_rank_vol_m6_n3_pairwise1,2010-04-30,CtrlRetSTR,,30,skipped,完整变量样本数小于 min_cross_section_n
FAC_rank_vol_m6_n3_pairwise1,2010-04-30,CtrlRetLTM,,30,skipped,完整变量样本数小于 min_cross_section_n
FAC_rank_vol_m6_n3_pairwise1,2010-04-30,CtrlVol,,30,skipped,完整变量样本数小于 min_cross_section_n
FAC_rank_vol_m6_n3_pairwise1,2010-04-30,as_偏股混合型基金,,30,skipped,完整变量样本数小于 min_cross_section_n
FAC_rank_vol_m6_n3_pairwise1,2010-04-30,Ctrl_log_fund_size,,30,skipped,完整变量样本数小于 min_cross_section_n
FAC_rank_vol_m6_n3_pairwise1,2010-04-30,Ctrl_fund_age,,30,skipped,完整变量样本数小于 min_cross_section_n
FAC_rank_vol_m6_n3_pairwise1,2010-05-31,FAC_rank_vol_m6_n3_pairwise1,,28,skipped,完整变量样本数小于 min_cross_section_n
FAC_rank_vol_m6_n3_pairwise1,2010-05-31,CtrlRetSTR,,28,skipped,完整变量样本数小于 min_cross_section_n
FAC_rank_vol_m6_n3_pairwise1,2010-05-31,CtrlRetLTM,,28,skipped,完整变量样本数小于 min_cross_section_n
FAC_rank_vol_m6_n3_pairwise1,2010-05-31,CtrlVol,,28,skipped,完整变量样本数小于 min_cross_section_n
FAC_rank_vol_m6_n3_pairwise1,2010-05-31,as_偏股混合型基金,,28,skipped,完整变量样本数小于 min_cross_section_n
FAC_rank_vol_m6_n3_pairwise1,2010-05-31,Ctrl_log_fund_size,,28,skipped,完整变量样本数小于 min_cross_section_n
FAC_rank_vol_m6_n3_pairwise1,2010-05-31,Ctrl_fund_age,,28,skipped,完整变量样本数小于 min_cross_section_n
FAC_rank_vol_m6_n3_pairwise1,2010-06-30,FAC_rank_vol_m6_n3_pairwise1,,28,skipped,完整变量样本数小于 min_cross_section_n
FAC_rank_vol_m6_n3_pairwise1,2010-06-30,CtrlRetSTR,,28,skipped,完整变量样本数小于 min_cross_section_n
FAC_rank_vol_m6_n3_pairwise1,2010-06-30,CtrlRetLTM,,28,skipped,完整变量样本数小于 min_cross_section_n
FAC_rank_vol_m6_n3_pairwise1,2010-06-30,CtrlVol,,28,skipped,完整变量样本数小于 min_cross_section_n
FAC_rank_vol_m6_n3_pairwise1,2010-06-30,as_偏股混合型基金,,28,skipped,完整变量样本数小于 min_cross_section_n
FAC_rank_vol_m6_n3_pairwise1,2010-06-30,Ctrl_log_fund_size,,28,skipped,完整变量样本数小于 min_cross_section_n
FAC_rank_vol_m6_n3_pairwise1,2010-06-30,Ctrl_fund_age,,28,skipped,完整变量样本数小于 min_cross_section_n
FAC_rank_vol_m6_n3_pairwise1,2010-07-30,FAC_rank_vol_m6_n3_pairwise1,,29,skipped,完整变量样本数小于 min_cross_section_n
FAC_rank_vol_m6_n3_pairwise1,2010-07-30,CtrlRetSTR,,29,skipped,完整变量样本数小于 min_cross_section_n
FAC_rank_vol_m6_n3_pairwise1,2010-07-30,CtrlRetLTM,,29,skipped,完整变量样本数小于 min_cross_section_n
FAC_rank_vol_m6_n3_pairwise1,2010-07-30,CtrlVol,,29,skipped,完整变量样本数小于 min_cross_section_n
FAC_rank_vol_m6_n3_pairwise1,2010-07-30,as_偏股混合型基金,,29,skipped,完整变量样本数小于 min_cross_section_n
FAC_rank_vol_m6_n3_pairwise1,2010-07-30,Ctrl_log_fund_size,,29,skipped,完整变量样本数小于 min_cross_section_n
FAC_rank_vol_m6_n3_pairwise1,2010-07-30,Ctrl_fund_age,,29,skipped,完整变量样本数小于 min_cross_section_n
FAC_rank_vol_m6_n3_pairwise1,2010-08-31,FAC_rank_vol_m6_n3_pairwise1,,27,skipped,完整变量样本数小于 min_cross_section_n
FAC_rank_vol_m6_n3_pairwise1,2010-08-31,CtrlRetSTR,,27,skipped,完整变量样本数小于 min_cross_section_n
FAC_rank_vol_m6_n3_pairwise1,2010-08-31,CtrlRetLTM,,27,skipped,完整变量样本数小于 min_cross_section_n
FAC_rank_vol_m6_n3_pairwise1,2010-08-31,CtrlVol,,27,skipped,完整变量样本数小于 min_cross_section_n
FAC_rank_vol_m6_n3_pairwise1,2010-08-31,as_偏股混合型基金,,27,skipped,完整变量样本数小于 min_cross_section_n
FAC_rank_vol_m6_n3_pairwise1,2010-08-31,Ctrl_log_fund_size,,27,skipped,完整变量样本数小于 min_cross_section_n
FAC_rank_vol_m6_n3_pairwise1,2010-08-31,Ctrl_fund_age,,27,skipped,完整变量样本数小于 min_cross_section_n
FAC_rank_vol_m6_n3_pairwise1,2010-09-30,FAC_rank_vol_m6_n3_pairwise1,,30,skipped,完整变量样本数小于 min_cross_section_n
FAC_rank_vol_m6_n3_pairwise1,2010-09-30,CtrlRetSTR,,30,skipped,完整变量样本数小于 min_cross_section_n
FAC_rank_vol_m6_n3_pairwise1,2010-09-30,CtrlRetLTM,,30,skipped,完整变量样本数小于 min_cross_section_n
FAC_rank_vol_m6_n3_pairwise1,2010-09-30,CtrlVol,,30,skipped,完整变量样本数小于 min_cross_section_n
FAC_rank_vol_m6_n3_pairwise1,2010-09-30,as_偏股混合型基金,,30,skipped,完整变量样本数小于 min_cross_section_n
FAC_rank_vol_m6_n3_pairwise1,2010-09-30,Ctrl_log_fund_size,,30,skipped,完整变量样本数小于 min_cross_section_n
FAC_rank_vol_m6_n3_pairwise1,2010-09-30,Ctrl_fund_age,,30,skipped,完整变量样本数小于 min_cross_section_n
FAC_rank_vol_m6_n3_pairwise1,2010-10-29,FAC_rank_vol_m6_n3_pairwise1,,28,skipped,完整变量样本数小于 min_cross_section_n
FAC_rank_vol_m6_n3_pairwise1,2010-10-29,CtrlRetSTR,,28,skipped,完整变量样本数小于 min_cross_section_n
FAC_rank_vol_m6_n3_pairwise1,2010-10-29,CtrlRetLTM,,28,skipped,完整变量样本数小于 min_cross_section_n
FAC_rank_vol_m6_n3_pairwise1,2010-10-29,CtrlVol,,28,skipped,完整变量样本数小于 min_cross_section_n
FAC_rank_vol_m6_n3_pairwise1,2010-10-29,as_偏股混合型基金,,28,skipped,完整变量样本数小于 min_cross_section_n
FAC_rank_vol_m6_n3_pairwise1,2010-10-29,Ctrl_log_fund_size,,28,skipped,完整变量样本数小于 min_cross_section_n
FAC_rank_vol_m6_n3_pairwise1,2010-10-29,Ctrl_fund_age,,28,skipped,完整变量样本数小于 min_cross_section_n
FAC_rank_vol_m6_n3_pairwise1,2010-11-30,FAC_rank_vol_m6_n3_pairwise1,,29,skipped,完整变量样本数小于 min_cross_section_n
FAC_rank_vol_m6_n3_pairwise1,2010-11-30,CtrlRetSTR,,29,skipped,完整变量样本数小于 min_cross_section_n
FAC_rank_vol_m6_n3_pairwise1,2010-11-30,CtrlRetLTM,,29,skipped,完整变量样本数小于 min_cross_section_n
FAC_rank_vol_m6_n3_pairwise1,2010-11-30,CtrlVol,,29,skipped,完整变量样本数小于 min_cross_section_n
FAC_rank_vol_m6_n3_pairwise1,2010-11-30,as_偏股混合型基金,,29,skipped,完整变量样本数小于 min_cross_section_n
FAC_rank_vol_m6_n3_pairwise1,2010-11-30,Ctrl_log_fund_size,,29,skipped,完整变量样本数小于 min_cross_section_n
FAC_rank_vol_m6_n3_pairwise1,2010-11-30,Ctrl_fund_age,,29,skipped,完整变量样本数小于 min_cross_section_n
FAC_rank_vol_m6_n3_pairwise1,2010-12-31,FAC_rank_vol_m6_n3_pairwise1,,30,skipped,完整变量样本数小于 min_cross_section_n
FAC_rank_vol_m6_n3_pairwise1,2010-12-31,CtrlRetSTR,,30,skipped,完整变量样本数小于 min_cross_section_n
FAC_rank_vol_m6_n3_pairwise1,2010-12-31,CtrlRetLTM,,30,skipped,完整变量样本数小于 min_cross_section_n
FAC_rank_vol_m6_n3_pairwise1,2010-12-31,CtrlVol,,30,skipped,完整变量样本数小于 min_cross_section_n
FAC_rank_vol_m6_n3_pairwise1,2010-12-31,as_偏股混合型基金,,30,skipped,完整变量样本数小于 min_cross_section_n
FAC_rank_vol_m6_n3_pairwise1,2010-12-31,Ctrl_log_fund_size,,30,skipped,完整变量样本数小于 min_cross_section_n
FAC_rank_vol_m6_n3_pairwise1,2010-12-31,Ctrl_fund_age,,30,skipped,完整变量样本数小于 min_cross_section_n
FAC_rank_vol_m6_n3_pairwise1,2011-01-31,FAC_rank_vol_m6_n3_pairwise1,,29,skipped,完整变量样本数小于 min_cross_section_n
FAC_rank_vol_m6_n3_pairwise1,2011-01-31,CtrlRetSTR,,29,skipped,完整变量样本数小于 min_cross_section_n
FAC_rank_vol_m6_n3_pairwise1,2011-01-31,CtrlRetLTM,,29,skipped,完整变量样本数小于 min_cross_section_n
FAC_rank_vol_m6_n3_pairwise1,2011-01-31,CtrlVol,,29,skipped,完整变量样本数小于 min_cross_section_n
FAC_rank_vol_m6_n3_pairwise1,2011-01-31,as_偏股混合型基金,,29,skipped,完整变量样本数小于 min_cross_section_n
FAC_rank_vol_m6_n3_pairwise1,2011-01-31,Ctrl_log_fund_size,,29,skipped,完整变量样本数小于 min_cross_section_n
FAC_rank_vol_m6_n3_pairwise1,2011-01-31,Ctrl_fund_age,,29,skipped,完整变量样本数小于 min_cross_section_n
FAC_rank_vol_m6_n3_pairwise1,2011-02-28,FAC_rank_vol_m6_n3_pairwise1,,31,skipped,完整变量样本数小于 min_cross_section_n
FAC_rank_vol_m6_n3_pairwise1,2011-02-28,CtrlRetSTR,,31,skipped,完整变量样本数小于 min_cross_section_n
FAC_rank_vol_m6_n3_pairwise1,2011-02-28,CtrlRetLTM,,31,skipped,完整变量样本数小于 min_cross_section_n
FAC_rank_vol_m6_n3_pairwise1,2011-02-28,CtrlVol,,31,skipped,完整变量样本数小于 min_cross_section_n
FAC_rank_vol_m6_n3_pairwise1,2011-02-28,as_偏股混合型基金,,31,skipped,完整变量样本数小于 min_cross_section_n
FAC_rank_vol_m6_n3_pairwise1,2011-02-28,Ctrl_log_fund_size,,31,skipped,完整变量样本数小于 min_cross_section_n
FAC_rank_vol_m6_n3_pairwise1,2011-02-28,Ctrl_fund_age,,31,skipped,完整变量样本数小于 min_cross_section_n
FAC_rank_vol_m6_n3_pairwise1,2011-03-31,FAC_rank_vol_m6_n3_pairwise1,,31,skipped,完整变量样本数小于 min_cross_section_n
FAC_rank_vol_m6_n3_pairwise1,2011-03-31,CtrlRetSTR,,31,skipped,完整变量样本数小于 min_cross_section_n
FAC_rank_vol_m6_n3_pairwise1,2011-03-31,CtrlRetLTM,,31,skipped,完整变量样本数小于 min_cross_section_n
FAC_rank_vol_m6_n3_pairwise1,2011-03-31,CtrlVol,,31,skipped,完整变量样本数小于 min_cross_section_n
FAC_rank_vol_m6_n3_pairwise1,2011-03-31,as_偏股混合型基金,,31,skipped,完整变量样本数小于 min_cross_section_n
FAC_rank_vol_m6_n3_pairwise1,2011-03-31,Ctrl_log_fund_size,,31,skipped,完整变量样本数小于 min_cross_section_n
FAC_rank_vol_m6_n3_pairwise1,2011-03-31,Ctrl_fund_age,,31,skipped,完整变量样本数小于 min_cross_section_n
FAC_rank_vol_m6_n3_pairwise1,2011-04-29,FAC_rank_vol_m6_n3_pairwise1,,31,skipped,完整变量样本数小于 min_cross_section_n
FAC_rank_vol_m6_n3_pairwise1,2011-04-29,CtrlRetSTR,,31,skipped,完整变量样本数小于 min_cross_section_n
FAC_rank_vol_m6_n3_pairwise1,2011-04-29,CtrlRetLTM,,31,skipped,完整变量样本数小于 min_cross_section_n
FAC_rank_vol_m6_n3_pairwise1,2011-04-29,CtrlVol,,31,skipped,完整变量样本数小于 min_cross_section_n
FAC_rank_vol_m6_n3_pairwise1,2011-04-29,as_偏股混合型基金,,31,skipped,完整变量样本数小于 min_cross_section_n
FAC_rank_vol_m6_n3_pairwise1,2011-04-29,Ctrl_log_fund_size,,31,skipped,完整变量样本数小于 min_cross_section_n
FAC_rank_vol_m6_n3_pairwise1,2011-04-29,Ctrl_fund_age,,31,skipped,完整变量样本数小于 min_cross_section_n
FAC_rank_vol_m6_n3_pairwise1,2011-05-31,FAC_rank_vol_m6_n3_pairwise1,,33,skipped,完整变量样本数小于 min_cross_section_n
FAC_rank_vol_m6_n3_pairwise1,2011-05-31,CtrlRetSTR,,33,skipped,完整变量样本数小于 min_cross_section_n
FAC_rank_vol_m6_n3_pairwise1,2011-05-31,CtrlRetLTM,,33,skipped,完整变量样本数小于 min_cross_section_n
FAC_rank_vol_m6_n3_pairwise1,2011-05-31,CtrlVol,,33,skipped,完整变量样本数小于 min_cross_section_n
FAC_rank_vol_m6_n3_pairwise1,2011-05-31,as_偏股混合型基金,,33,skipped,完整变量样本数小于 min_cross_section_n
FAC_rank_vol_m6_n3_pairwise1,2011-05-31,Ctrl_log_fund_size,,33,skipped,完整变量样本数小于 min_cross_section_n
FAC_rank_vol_m6_n3_pairwise1,2011-05-31,Ctrl_fund_age,,33,skipped,完整变量样本数小于 min_cross_section_n
FAC_rank_vol_m6_n3_pairwise1,2011-06-30,FAC_rank_vol_m6_n3_pairwise1,,34,skipped,完整变量样本数小于 min_cross_section_n
FAC_rank_vol_m6_n3_pairwise1,2011-06-30,CtrlRetSTR,,34,skipped,完整变量样本数小于 min_cross_section_n
FAC_rank_vol_m6_n3_pairwise1,2011-06-30,CtrlRetLTM,,34,skipped,完整变量样本数小于 min_cross_section_n
FAC_rank_vol_m6_n3_pairwise1,2011-06-30,CtrlVol,,34,skipped,完整变量样本数小于 min_cross_section_n
FAC_rank_vol_m6_n3_pairwise1,2011-06-30,as_偏股混合型基金,,34,skipped,完整变量样本数小于 min_cross_section_n
FAC_rank_vol_m6_n3_pairwise1,2011-06-30,Ctrl_log_fund_size,,34,skipped,完整变量样本数小于 min_cross_section_n
FAC_rank_vol_m6_n3_pairwise1,2011-06-30,Ctrl_fund_age,,34,skipped,完整变量样本数小于 min_cross_section_n
FAC_rank_vol_m6_n3_pairwise1,2011-07-29,FAC_rank_vol_m6_n3_pairwise1,,33,skipped,完整变量样本数小于 min_cross_section_n
FAC_rank_vol_m6_n3_pairwise1,2011-07-29,CtrlRetSTR,,33,skipped,完整变量样本数小于 min_cross_section_n
FAC_rank_vol_m6_n3_pairwise1,2011-07-29,CtrlRetLTM,,33,skipped,完整变量样本数小于 min_cross_section_n
FAC_rank_vol_m6_n3_pairwise1,2011-07-29,CtrlVol,,33,skipped,完整变量样本数小于 min_cross_section_n
FAC_rank_vol_m6_n3_pairwise1,2011-07-29,as_偏股混合型基金,,33,skipped,完整变量样本数小于 min_cross_section_n
FAC_rank_vol_m6_n3_pairwise1,2011-07-29,Ctrl_log_fund_size,,33,skipped,完整变量样本数小于 min_cross_section_n
FAC_rank_vol_m6_n3_pairwise1,2011-07-29,Ctrl_fund_age,,33,skipped,完整变量样本数小于 min_cross_section_n
FAC_rank_vol_m6_n3_pairwise1,2011-08-31,FAC_rank_vol_m6_n3_pairwise1,,36,skipped,完整变量样本数小于 min_cross_section_n
FAC_rank_vol_m6_n3_pairwise1,2011-08-31,CtrlRetSTR,,36,skipped,完整变量样本数小于 min_cross_section_n
FAC_rank_vol_m6_n3_pairwise1,2011-08-31,CtrlRetLTM,,36,skipped,完整变量样本数小于 min_cross_section_n
FAC_rank_vol_m6_n3_pairwise1,2011-08-31,CtrlVol,,36,skipped,完整变量样本数小于 min_cross_section_n
FAC_rank_vol_m6_n3_pairwise1,2011-08-31,as_偏股混合型基金,,36,skipped,完整变量样本数小于 min_cross_section_n
FAC_rank_vol_m6_n3_pairwise1,2011-08-31,Ctrl_log_fund_size,,36,skipped,完整变量样本数小于 min_cross_section_n
FAC_rank_vol_m6_n3_pairwise1,2011-08-31,Ctrl_fund_age,,36,skipped,完整变量样本数小于 min_cross_section_n
FAC_rank_vol_m6_n3_pairwise1,2011-09-30,FAC_rank_vol_m6_n3_pairwise1,,37,skipped,完整变量样本数小于 min_cross_section_n
FAC_rank_vol_m6_n3_pairwise1,2011-09-30,CtrlRetSTR,,37,skipped,完整变量样本数小于 min_cross_section_n
FAC_rank_vol_m6_n3_pairwise1,2011-09-30,CtrlRetLTM,,37,skipped,完整变量样本数小于 min_cross_section_n
FAC_rank_vol_m6_n3_pairwise1,2011-09-30,CtrlVol,,37,skipped,完整变量样本数小于 min_cross_section_n
FAC_rank_vol_m6_n3_pairwise1,2011-09-30,as_偏股混合型基金,,37,skipped,完整变量样本数小于 min_cross_section_n
FAC_rank_vol_m6_n3_pairwise1,2011-09-30,Ctrl_log_fund_size,,37,skipped,完整变量样本数小于 min_cross_section_n
FAC_rank_vol_m6_n3_pairwise1,2011-09-30,Ctrl_fund_age,,37,skipped,完整变量样本数小于 min_cross_section_n
FAC_rank_vol_m6_n3_pairwise1,2011-10-31,FAC_rank_vol_m6_n3_pairwise1,,37,skipped,完整变量样本数小于 min_cross_section_n
FAC_rank_vol_m6_n3_pairwise1,2011-10-31,CtrlRetSTR,,37,skipped,完整变量样本数小于 min_cross_section_n
FAC_rank_vol_m6_n3_pairwise1,2011-10-31,CtrlRetLTM,,37,skipped,完整变量样本数小于 min_cross_section_n
FAC_rank_vol_m6_n3_pairwise1,2011-10-31,CtrlVol,,37,skipped,完整变量样本数小于 min_cross_section_n
FAC_rank_vol_m6_n3_pairwise1,2011-10-31,as_偏股混合型基金,,37,skipped,完整变量样本数小于 min_cross_section_n
FAC_rank_vol_m6_n3_pairwise1,2011-10-31,Ctrl_log_fund_size,,37,skipped,完整变量样本数小于 min_cross_section_n
FAC_rank_vol_m6_n3_pairwise1,2011-10-31,Ctrl_fund_age,,37,skipped,完整变量样本数小于 min_cross_section_n
FAC_rank_vol_m6_n3_pairwise1,2011-11-30,FAC_rank_vol_m6_n3_pairwise1,,38,skipped,完整变量样本数小于 min_cross_section_n
FAC_rank_vol_m6_n3_pairwise1,2011-11-30,CtrlRetSTR,,38,skipped,完整变量样本数小于 min_cross_section_n
FAC_rank_vol_m6_n3_pairwise1,2011-11-30,CtrlRetLTM,,38,skipped,完整变量样本数小于 min_cross_section_n
FAC_rank_vol_m6_n3_pairwise1,2011-11-30,CtrlVol,,38,skipped,完整变量样本数小于 min_cross_section_n
FAC_rank_vol_m6_n3_pairwise1,2011-11-30,as_偏股混合型基金,,38,skipped,完整变量样本数小于 min_cross_section_n
FAC_rank_vol_m6_n3_pairwise1,2011-11-30,Ctrl_log_fund_size,,38,skipped,完整变量样本数小于 min_cross_section_n
FAC_rank_vol_m6_n3_pairwise1,2011-11-30,Ctrl_fund_age,,38,skipped,完整变量样本数小于 min_cross_section_n
FAC_rank_vol_m6_n3_pairwise1,2011-12-30,FAC_rank_vol_m6_n3_pairwise1,,39,skipped,完整变量样本数小于 min_cross_section_n
FAC_rank_vol_m6_n3_pairwise1,2011-12-30,CtrlRetSTR,,39,skipped,完整变量样本数小于 min_cross_section_n
FAC_rank_vol_m6_n3_pairwise1,2011-12-30,CtrlRetLTM,,39,skipped,完整变量样本数小于 min_cross_section_n
FAC_rank_vol_m6_n3_pairwise1,2011-12-30,CtrlVol,,39,skipped,完整变量样本数小于 min_cross_section_n
FAC_rank_vol_m6_n3_pairwise1,2011-12-30,as_偏股混合型基金,,39,skipped,完整变量样本数小于 min_cross_section_n
FAC_rank_vol_m6_n3_pairwise1,2011-12-30,Ctrl_log_fund_size,,39,skipped,完整变量样本数小于 min_cross_section_n
FAC_rank_vol_m6_n3_pairwise1,2011-12-30,Ctrl_fund_age,,39,skipped,完整变量样本数小于 min_cross_section_n
FAC_rank_vol_m6_n3_pairwise1,2012-01-31,FAC_rank_vol_m6_n3_pairwise1,,39,skipped,完整变量样本数小于 min_cross_section_n
FAC_rank_vol_m6_n3_pairwise1,2012-01-31,CtrlRetSTR,,39,skipped,完整变量样本数小于 min_cross_section_n
FAC_rank_vol_m6_n3_pairwise1,2012-01-31,CtrlRetLTM,,39,skipped,完整变量样本数小于 min_cross_section_n
FAC_rank_vol_m6_n3_pairwise1,2012-01-31,CtrlVol,,39,skipped,完整变量样本数小于 min_cross_section_n
FAC_rank_vol_m6_n3_pairwise1,2012-01-31,as_偏股混合型基金,,39,skipped,完整变量样本数小于 min_cross_section_n
FAC_rank_vol_m6_n3_pairwise1,2012-01-31,Ctrl_log_fund_size,,39,skipped,完整变量样本数小于 min_cross_section_n
FAC_rank_vol_m6_n3_pairwise1,2012-01-31,Ctrl_fund_age,,39,skipped,完整变量样本数小于 min_cross_section_n
FAC_rank_vol_m6_n3_pairwise1,2012-02-29,FAC_rank_vol_m6_n3_pairwise1,,42,skipped,完整变量样本数小于 min_cross_section_n
FAC_rank_vol_m6_n3_pairwise1,2012-02-29,CtrlRetSTR,,42,skipped,完整变量样本数小于 min_cross_section_n
FAC_rank_vol_m6_n3_pairwise1,2012-02-29,CtrlRetLTM,,42,skipped,完整变量样本数小于 min_cross_section_n
FAC_rank_vol_m6_n3_pairwise1,2012-02-29,CtrlVol,,42,skipped,完整变量样本数小于 min_cross_section_n
FAC_rank_vol_m6_n3_pairwise1,2012-02-29,as_偏股混合型基金,,42,skipped,完整变量样本数小于 min_cross_section_n
FAC_rank_vol_m6_n3_pairwise1,2012-02-29,Ctrl_log_fund_size,,42,skipped,完整变量样本数小于 min_cross_section_n
FAC_rank_vol_m6_n3_pairwise1,2012-02-29,Ctrl_fund_age,,42,skipped,完整变量样本数小于 min_cross_section_n
FAC_rank_vol_m6_n3_pairwise1,2012-03-30,FAC_rank_vol_m6_n3_pairwise1,,40,skipped,完整变量样本数小于 min_cross_section_n
FAC_rank_vol_m6_n3_pairwise1,2012-03-30,CtrlRetSTR,,40,skipped,完整变量样本数小于 min_cross_section_n
FAC_rank_vol_m6_n3_pairwise1,2012-03-30,CtrlRetLTM,,40,skipped,完整变量样本数小于 min_cross_section_n
FAC_rank_vol_m6_n3_pairwise1,2012-03-30,CtrlVol,,40,skipped,完整变量样本数小于 min_cross_section_n
FAC_rank_vol_m6_n3_pairwise1,2012-03-30,as_偏股混合型基金,,40,skipped,完整变量样本数小于 min_cross_section_n
FAC_rank_vol_m6_n3_pairwise1,2012-03-30,Ctrl_log_fund_size,,40,skipped,完整变量样本数小于 min_cross_section_n
FAC_rank_vol_m6_n3_pairwise1,2012-03-30,Ctrl_fund_age,,40,skipped,完整变量样本数小于 min_cross_section_n
FAC_rank_vol_m6_n3_pairwise1,2012-04-27,FAC_rank_vol_m6_n3_pairwise1,,41,skipped,完整变量样本数小于 min_cross_section_n
FAC_rank_vol_m6_n3_pairwise1,2012-04-27,CtrlRetSTR,,41,skipped,完整变量样本数小于 min_cross_section_n
FAC_rank_vol_m6_n3_pairwise1,2012-04-27,CtrlRetLTM,,41,skipped,完整变量样本数小于 min_cross_section_n
FAC_rank_vol_m6_n3_pairwise1,2012-04-27,CtrlVol,,41,skipped,完整变量样本数小于 min_cross_section_n
FAC_rank_vol_m6_n3_pairwise1,2012-04-27,as_偏股混合型基金,,41,skipped,完整变量样本数小于 min_cross_section_n
FAC_rank_vol_m6_n3_pairwise1,2012-04-27,Ctrl_log_fund_size,,41,skipped,完整变量样本数小于 min_cross_section_n
FAC_rank_vol_m6_n3_pairwise1,2012-04-27,Ctrl_fund_age,,41,skipped,完整变量样本数小于 min_cross_section_n
FAC_rank_vol_m6_n3_pairwise1,2012-05-31,FAC_rank_vol_m6_n3_pairwise1,,43,skipped,完整变量样本数小于 min_cross_section_n
FAC_rank_vol_m6_n3_pairwise1,2012-05-31,CtrlRetSTR,,43,skipped,完整变量样本数小于 min_cross_section_n
FAC_rank_vol_m6_n3_pairwise1,2012-05-31,CtrlRetLTM,,43,skipped,完整变量样本数小于 min_cross_section_n
FAC_rank_vol_m6_n3_pairwise1,2012-05-31,CtrlVol,,43,skipped,完整变量样本数小于 min_cross_section_n
FAC_rank_vol_m6_n3_pairwise1,2012-05-31,as_偏股混合型基金,,43,skipped,完整变量样本数小于 min_cross_section_n
FAC_rank_vol_m6_n3_pairwise1,2012-05-31,Ctrl_log_fund_size,,43,skipped,完整变量样本数小于 min_cross_section_n
FAC_rank_vol_m6_n3_pairwise1,2012-05-31,Ctrl_fund_age,,43,skipped,完整变量样本数小于 min_cross_section_n
FAC_rank_vol_m6_n3_pairwise1,2012-06-29,FAC_rank_vol_m6_n3_pairwise1,,44,skipped,完整变量样本数小于 min_cross_section_n
FAC_rank_vol_m6_n3_pairwise1,2012-06-29,CtrlRetSTR,,44,skipped,完整变量样本数小于 min_cross_section_n
FAC_rank_vol_m6_n3_pairwise1,2012-06-29,CtrlRetLTM,,44,skipped,完整变量样本数小于 min_cross_section_n
FAC_rank_vol_m6_n3_pairwise1,2012-06-29,CtrlVol,,44,skipped,完整变量样本数小于 min_cross_section_n
FAC_rank_vol_m6_n3_pairwise1,2012-06-29,as_偏股混合型基金,,44,skipped,完整变量样本数小于 min_cross_section_n
FAC_rank_vol_m6_n3_pairwise1,2012-06-29,Ctrl_log_fund_size,,44,skipped,完整变量样本数小于 min_cross_section_n
FAC_rank_vol_m6_n3_pairwise1,2012-06-29,Ctrl_fund_age,,44,skipped,完整变量样本数小于 min_cross_section_n
FAC_rank_vol_m6_n3_pairwise1,2012-07-31,FAC_rank_vol_m6_n3_pairwise1,,45,skipped,完整变量样本数小于 min_cross_section_n
FAC_rank_vol_m6_n3_pairwise1,2012-07-31,CtrlRetSTR,,45,skipped,完整变量样本数小于 min_cross_section_n
FAC_rank_vol_m6_n3_pairwise1,2012-07-31,CtrlRetLTM,,45,skipped,完整变量样本数小于 min_cross_section_n
FAC_rank_vol_m6_n3_pairwise1,2012-07-31,CtrlVol,,45,skipped,完整变量样本数小于 min_cross_section_n
FAC_rank_vol_m6_n3_pairwise1,2012-07-31,as_偏股混合型基金,,45,skipped,完整变量样本数小于 min_cross_section_n
FAC_rank_vol_m6_n3_pairwise1,2012-07-31,Ctrl_log_fund_size,,45,skipped,完整变量样本数小于 min_cross_section_n
FAC_rank_vol_m6_n3_pairwise1,2012-07-31,Ctrl_fund_age,,45,skipped,完整变量样本数小于 min_cross_section_n
FAC_rank_vol_m6_n3_pairwise1,2012-08-31,FAC_rank_vol_m6_n3_pairwise1,,48,skipped,完整变量样本数小于 min_cross_section_n
FAC_rank_vol_m6_n3_pairwise1,2012-08-31,CtrlRetSTR,,48,skipped,完整变量样本数小于 min_cross_section_n
FAC_rank_vol_m6_n3_pairwise1,2012-08-31,CtrlRetLTM,,48,skipped,完整变量样本数小于 min_cross_section_n
FAC_rank_vol_m6_n3_pairwise1,2012-08-31,CtrlVol,,48,skipped,完整变量样本数小于 min_cross_section_n
FAC_rank_vol_m6_n3_pairwise1,2012-08-31,as_偏股混合型基金,,48,skipped,完整变量样本数小于 min_cross_section_n
FAC_rank_vol_m6_n3_pairwise1,2012-08-31,Ctrl_log_fund_size,,48,skipped,完整变量样本数小于 min_cross_section_n
FAC_rank_vol_m6_n3_pairwise1,2012-08-31,Ctrl_fund_age,,48,skipped,完整变量样本数小于 min_cross_section_n
FAC_rank_vol_m6_n3_pairwise1,2012-09-28,FAC_rank_vol_m6_n3_pairwise1,1.6827593949647224,52,ok,
FAC_rank_vol_m6_n3_pairwise1,2012-09-28,CtrlRetSTR,1.2280861575040531,52,ok,
FAC_rank_vol_m6_n3_pairwise1,2012-09-28,CtrlRetLTM,3.4015358855026054,52,ok,
FAC_rank_vol_m6_n3_pairwise1,2012-09-28,CtrlVol,3.071787834045835,52,ok,
FAC_rank_vol_m6_n3_pairwise1,2012-09-28,as_偏股混合型基金,1.4696133195530683,52,ok,
FAC_rank_vol_m6_n3_pairwise1,2012-09-28,Ctrl_log_fund_size,3.512227677892069,52,ok,
FAC_rank_vol_m6_n3_pairwise1,2012-09-28,Ctrl_fund_age,3.3473720473315653,52,ok,
FAC_rank_vol_m6_n3_pairwise1,2012-10-31,FAC_rank_vol_m6_n3_pairwise1,1.387972595424013,52,ok,
FAC_rank_vol_m6_n3_pairwise1,2012-10-31,CtrlRetSTR,1.1148086182304902,52,ok,
FAC_rank_vol_m6_n3_pairwise1,2012-10-31,CtrlRetLTM,2.243112382551387,52,ok,
FAC_rank_vol_m6_n3_pairwise1,2012-10-31,CtrlVol,2.0412052405762484,52,ok,
FAC_rank_vol_m6_n3_pairwise1,2012-10-31,as_偏股混合型基金,1.1237889179995617,52,ok,
FAC_rank_vol_m6_n3_pairwise1,2012-10-31,Ctrl_log_fund_size,3.159223717496892,52,ok,
FAC_rank_vol_m6_n3_pairwise1,2012-10-31,Ctrl_fund_age,3.116418871410906,52,ok,
FAC_rank_vol_m6_n3_pairwise1,2012-11-30,FAC_rank_vol_m6_n3_pairwise1,1.7226369203694447,55,ok,
FAC_rank_vol_m6_n3_pairwise1,2012-11-30,CtrlRetSTR,1.3623892284828492,55,ok,
FAC_rank_vol_m6_n3_pairwise1,2012-11-30,CtrlRetLTM,1.8643646467757848,55,ok,
FAC_rank_vol_m6_n3_pairwise1,2012-11-30,CtrlVol,1.6244350512050423,55,ok,
FAC_rank_vol_m6_n3_pairwise1,2012-11-30,as_偏股混合型基金,1.1430325549637765,55,ok,
FAC_rank_vol_m6_n3_pairwise1,2012-11-30,Ctrl_log_fund_size,3.045068383270995,55,ok,
FAC_rank_vol_m6_n3_pairwise1,2012-11-30,Ctrl_fund_age,3.191087617414444,55,ok,
FAC_rank_vol_m6_n3_pairwise1,2012-12-31,FAC_rank_vol_m6_n3_pairwise1,1.72550184197305,59,ok,
FAC_rank_vol_m6_n3_pairwise1,2012-12-31,CtrlRetSTR,1.5281652593724318,59,ok,
FAC_rank_vol_m6_n3_pairwise1,2012-12-31,CtrlRetLTM,1.5515140906054719,59,ok,
FAC_rank_vol_m6_n3_pairwise1,2012-12-31,CtrlVol,1.1800347103794482,59,ok,
FAC_rank_vol_m6_n3_pairwise1,2012-12-31,as_偏股混合型基金,1.0710335969306606,59,ok,
FAC_rank_vol_m6_n3_pairwise1,2012-12-31,Ctrl_log_fund_size,3.0415243128409024,59,ok,
FAC_rank_vol_m6_n3_pairwise1,2012-12-31,Ctrl_fund_age,3.112233254814329,59,ok,
FAC_rank_vol_m6_n3_pairwise1,2013-01-31,FAC_rank_vol_m6_n3_pairwise1,1.3716161870717383,61,ok,
FAC_rank_vol_m6_n3_pairwise1,2013-01-31,CtrlRetSTR,1.0847170215141726,61,ok,
FAC_rank_vol_m6_n3_pairwise1,2013-01-31,CtrlRetLTM,1.4056361285960504,61,ok,
FAC_rank_vol_m6_n3_pairwise1,2013-01-31,CtrlVol,1.1562253897210002,61,ok,
FAC_rank_vol_m6_n3_pairwise1,2013-01-31,as_偏股混合型基金,1.053613633635546,61,ok,
FAC_rank_vol_m6_n3_pairwise1,2013-01-31,Ctrl_log_fund_size,4.5336130297072605,61,ok,
FAC_rank_vol_m6_n3_pairwise1,2013-01-31,Ctrl_fund_age,4.543725050924342,61,ok,
FAC_rank_vol_m6_n3_pairwise1,2013-02-28,FAC_rank_vol_m6_n3_pairwise1,1.2339942694708887,60,ok,
FAC_rank_vol_m6_n3_pairwise1,2013-02-28,CtrlRetSTR,1.2359888764535605,60,ok,
FAC_rank_vol_m6_n3_pairwise1,2013-02-28,CtrlRetLTM,1.3431301560363702,60,ok,
FAC_rank_vol_m6_n3_pairwise1,2013-02-28,CtrlVol,1.2532375908912512,60,ok,
FAC_rank_vol_m6_n3_pairwise1,2013-02-28,as_偏股混合型基金,1.1858527046366674,60,ok,
FAC_rank_vol_m6_n3_pairwise1,2013-02-28,Ctrl_log_fund_size,3.593176040169613,60,ok,
FAC_rank_vol_m6_n3_pairwise1,2013-02-28,Ctrl_fund_age,3.826802218601055,60,ok,
FAC_rank_vol_m6_n3_pairwise1,2013-03-29,FAC_rank_vol_m6_n3_pairwise1,1.1851350401043383,62,ok,
FAC_rank_vol_m6_n3_pairwise1,2013-03-29,CtrlRetSTR,1.1750192478351251,62,ok,
FAC_rank_vol_m6_n3_pairwise1,2013-03-29,CtrlRetLTM,1.3397834605029704,62,ok,
FAC_rank_vol_m6_n3_pairwise1,2013-03-29,CtrlVol,1.334890728618113,62,ok,
FAC_rank_vol_m6_n3_pairwise1,2013-03-29,as_偏股混合型基金,1.1355263341413837,62,ok,
FAC_rank_vol_m6_n3_pairwise1,2013-03-29,Ctrl_log_fund_size,4.272978468254036,62,ok,
FAC_rank_vol_m6_n3_pairwise1,2013-03-29,Ctrl_fund_age,4.180977905883733,62,ok,
FAC_rank_vol_m6_n3_pairwise1,2013-04-26,FAC_rank_vol_m6_n3_pairwise1,1.5282823547265802,61,ok,
FAC_rank_vol_m6_n3_pairwise1,2013-04-26,CtrlRetSTR,1.154176428252966,61,ok,
FAC_rank_vol_m6_n3_pairwise1,2013-04-26,CtrlRetLTM,1.761689644079436,61,ok,
FAC_rank_vol_m6_n3_pairwise1,2013-04-26,CtrlVol,1.6535118213490472,61,ok,
FAC_rank_vol_m6_n3_pairwise1,2013-04-26,as_偏股混合型基金,1.1329997312873317,61,ok,
FAC_rank_vol_m6_n3_pairwise1,2013-04-26,Ctrl_log_fund_size,4.07550857820284,61,ok,
FAC_rank_vol_m6_n3_pairwise1,2013-04-26,Ctrl_fund_age,3.9625630207137266,61,ok,
FAC_rank_vol_m6_n3_pairwise1,2013-05-31,FAC_rank_vol_m6_n3_pairwise1,2.156946822041397,62,ok,
FAC_rank_vol_m6_n3_pairwise1,2013-05-31,CtrlRetSTR,1.2762993252827322,62,ok,
FAC_rank_vol_m6_n3_pairwise1,2013-05-31,CtrlRetLTM,1.7617898625445585,62,ok,
FAC_rank_vol_m6_n3_pairwise1,2013-05-31,CtrlVol,2.5436472965318533,62,ok,
FAC_rank_vol_m6_n3_pairwise1,2013-05-31,as_偏股混合型基金,1.1610163845187478,62,ok,
FAC_rank_vol_m6_n3_pairwise1,2013-05-31,Ctrl_log_fund_size,3.4703160350276216,62,ok,
FAC_rank_vol_m6_n3_pairwise1,2013-05-31,Ctrl_fund_age,3.7199939978582948,62,ok,
FAC_rank_vol_m6_n3_pairwise1,2013-06-28,FAC_rank_vol_m6_n3_pairwise1,1.7177834584347682,62,ok,
FAC_rank_vol_m6_n3_pairwise1,2013-06-28,CtrlRetSTR,1.7676647152913367,62,ok,
FAC_rank_vol_m6_n3_pairwise1,2013-06-28,CtrlRetLTM,1.5889103513155873,62,ok,
FAC_rank_vol_m6_n3_pairwise1,2013-06-28,CtrlVol,1.8382448098627846,62,ok,
FAC_rank_vol_m6_n3_pairwise1,2013-06-28,as_偏股混合型基金,1.1409021823870995,62,ok,
FAC_rank_vol_m6_n3_pairwise1,2013-06-28,Ctrl_log_fund_size,3.3201749753183902,62,ok,
FAC_rank_vol_m6_n3_pairwise1,2013-06-28,Ctrl_fund_age,3.423172632428295,62,ok,
FAC_rank_vol_m6_n3_pairwise1,2013-07-31,FAC_rank_vol_m6_n3_pairwise1,1.8081606770179028,64,ok,
FAC_rank_vol_m6_n3_pairwise1,2013-07-31,CtrlRetSTR,1.070405800754327,64,ok,
FAC_rank_vol_m6_n3_pairwise1,2013-07-31,CtrlRetLTM,1.5363134310695152,64,ok,
FAC_rank_vol_m6_n3_pairwise1,2013-07-31,CtrlVol,1.3917737825198409,64,ok,
FAC_rank_vol_m6_n3_pairwise1,2013-07-31,as_偏股混合型基金,1.1680388584920183,64,ok,
FAC_rank_vol_m6_n3_pairwise1,2013-07-31,Ctrl_log_fund_size,2.8506948952997315,64,ok,
FAC_rank_vol_m6_n3_pairwise1,2013-07-31,Ctrl_fund_age,2.862429928032912,64,ok,
FAC_rank_vol_m6_n3_pairwise1,2013-08-30,FAC_rank_vol_m6_n3_pairwise1,1.2884776781947163,66,ok,
FAC_rank_vol_m6_n3_pairwise1,2013-08-30,CtrlRetSTR,1.3620158685452135,66,ok,
FAC_rank_vol_m6_n3_pairwise1,2013-08-30,CtrlRetLTM,1.3225880906879035,66,ok,
FAC_rank_vol_m6_n3_pairwise1,2013-08-30,CtrlVol,1.2788291026266327,66,ok,
FAC_rank_vol_m6_n3_pairwise1,2013-08-30,as_偏股混合型基金,1.1708304221197086,66,ok,
FAC_rank_vol_m6_n3_pairwise1,2013-08-30,Ctrl_log_fund_size,2.6858584305862565,66,ok,
FAC_rank_vol_m6_n3_pairwise1,2013-08-30,Ctrl_fund_age,2.573586379620183,66,ok,
FAC_rank_vol_m6_n3_pairwise1,2013-09-30,FAC_rank_vol_m6_n3_pairwise1,1.2615912099327176,67,ok,
FAC_rank_vol_m6_n3_pairwise1,2013-09-30,CtrlRetSTR,1.2530330585754714,67,ok,
FAC_rank_vol_m6_n3_pairwise1,2013-09-30,CtrlRetLTM,1.1407280714320955,67,ok,
FAC_rank_vol_m6_n3_pairwise1,2013-09-30,CtrlVol,1.1461707779843913,67,ok,
FAC_rank_vol_m6_n3_pairwise1,2013-09-30,as_偏股混合型基金,1.1579192848687947,67,ok,
FAC_rank_vol_m6_n3_pairwise1,2013-09-30,Ctrl_log_fund_size,2.6991124385792213,67,ok,
FAC_rank_vol_m6_n3_pairwise1,2013-09-30,Ctrl_fund_age,2.657792476551224,67,ok,
FAC_rank_vol_m6_n3_pairwise1,2013-10-31,FAC_rank_vol_m6_n3_pairwise1,1.2705933916799579,69,ok,
FAC_rank_vol_m6_n3_pairwise1,2013-10-31,CtrlRetSTR,1.4130195860154988,69,ok,
FAC_rank_vol_m6_n3_pairwise1,2013-10-31,CtrlRetLTM,1.2486678915527247,69,ok,
FAC_rank_vol_m6_n3_pairwise1,2013-10-31,CtrlVol,1.086074034223089,69,ok,
FAC_rank_vol_m6_n3_pairwise1,2013-10-31,as_偏股混合型基金,1.085823941123032,69,ok,
FAC_rank_vol_m6_n3_pairwise1,2013-10-31,Ctrl_log_fund_size,2.7365460065200753,69,ok,
FAC_rank_vol_m6_n3_pairwise1,2013-10-31,Ctrl_fund_age,2.660885240766733,69,ok,
FAC_rank_vol_m6_n3_pairwise1,2013-11-29,FAC_rank_vol_m6_n3_pairwise1,1.1242010726177636,70,ok,
FAC_rank_vol_m6_n3_pairwise1,2013-11-29,CtrlRetSTR,1.0972295713990068,70,ok,
FAC_rank_vol_m6_n3_pairwise1,2013-11-29,CtrlRetLTM,1.2818604152830289,70,ok,
FAC_rank_vol_m6_n3_pairwise1,2013-11-29,CtrlVol,1.1565842485311864,70,ok,
FAC_rank_vol_m6_n3_pairwise1,2013-11-29,as_偏股混合型基金,1.0813548663877248,70,ok,
FAC_rank_vol_m6_n3_pairwise1,2013-11-29,Ctrl_log_fund_size,2.8606130243047945,70,ok,
FAC_rank_vol_m6_n3_pairwise1,2013-11-29,Ctrl_fund_age,2.959978956628469,70,ok,
FAC_rank_vol_m6_n3_pairwise1,2013-12-31,FAC_rank_vol_m6_n3_pairwise1,1.26735032956567,71,ok,
FAC_rank_vol_m6_n3_pairwise1,2013-12-31,CtrlRetSTR,1.3235266742525196,71,ok,
FAC_rank_vol_m6_n3_pairwise1,2013-12-31,CtrlRetLTM,1.3203351638849588,71,ok,
FAC_rank_vol_m6_n3_pairwise1,2013-12-31,CtrlVol,1.3350926633180227,71,ok,
FAC_rank_vol_m6_n3_pairwise1,2013-12-31,as_偏股混合型基金,1.145644542677611,71,ok,
FAC_rank_vol_m6_n3_pairwise1,2013-12-31,Ctrl_log_fund_size,2.9622105315148684,71,ok,
FAC_rank_vol_m6_n3_pairwise1,2013-12-31,Ctrl_fund_age,3.3201147843020493,71,ok,
FAC_rank_vol_m6_n3_pairwise1,2014-01-30,FAC_rank_vol_m6_n3_pairwise1,1.1234789496448894,65,ok,
FAC_rank_vol_m6_n3_pairwise1,2014-01-30,CtrlRetSTR,1.4163406084175036,65,ok,
FAC_rank_vol_m6_n3_pairwise1,2014-01-30,CtrlRetLTM,1.3089545578437645,65,ok,
FAC_rank_vol_m6_n3_pairwise1,2014-01-30,CtrlVol,1.6165584692834303,65,ok,
FAC_rank_vol_m6_n3_pairwise1,2014-01-30,as_偏股混合型基金,1.274825762268947,65,ok,
FAC_rank_vol_m6_n3_pairwise1,2014-01-30,Ctrl_log_fund_size,2.679296911702768,65,ok,
FAC_rank_vol_m6_n3_pairwise1,2014-01-30,Ctrl_fund_age,3.1585279144879026,65,ok,
FAC_rank_vol_m6_n3_pairwise1,2014-02-28,FAC_rank_vol_m6_n3_pairwise1,1.0775024096884267,65,ok,
FAC_rank_vol_m6_n3_pairwise1,2014-02-28,CtrlRetSTR,1.3713383680181175,65,ok,
FAC_rank_vol_m6_n3_pairwise1,2014-02-28,CtrlRetLTM,1.603746220223627,65,ok,
FAC_rank_vol_m6_n3_pairwise1,2014-02-28,CtrlVol,1.3039496431242523,65,ok,
FAC_rank_vol_m6_n3_pairwise1,2014-02-28,as_偏股混合型基金,1.294066046818092,65,ok,
FAC_rank_vol_m6_n3_pairwise1,2014-02-28,Ctrl_log_fund_size,2.47227257307001,65,ok,
FAC_rank_vol_m6_n3_pairwise1,2014-02-28,Ctrl_fund_age,2.7601350944856957,65,ok,
FAC_rank_vol_m6_n3_pairwise1,2014-03-31,FAC_rank_vol_m6_n3_pairwise1,1.2311434131357348,64,ok,
FAC_rank_vol_m6_n3_pairwise1,2014-03-31,CtrlRetSTR,1.3169780268649869,64,ok,
FAC_rank_vol_m6_n3_pairwise1,2014-03-31,CtrlRetLTM,1.811958823231429,64,ok,
FAC_rank_vol_m6_n3_pairwise1,2014-03-31,CtrlVol,1.3849916720994329,64,ok,
FAC_rank_vol_m6_n3_pairwise1,2014-03-31,as_偏股混合型基金,1.132193531702745,64,ok,
FAC_rank_vol_m6_n3_pairwise1,2014-03-31,Ctrl_log_fund_size,2.5956492037927013,64,ok,
FAC_rank_vol_m6_n3_pairwise1,2014-03-31,Ctrl_fund_age,2.679122264087753,64,ok,
FAC_rank_vol_m6_n3_pairwise1,2014-04-30,FAC_rank_vol_m6_n3_pairwise1,1.2707121853392855,63,ok,
FAC_rank_vol_m6_n3_pairwise1,2014-04-30,CtrlRetSTR,1.207941882679783,63,ok,
FAC_rank_vol_m6_n3_pairwise1,2014-04-30,CtrlRetLTM,2.3182794922354164,63,ok,
FAC_rank_vol_m6_n3_pairwise1,2014-04-30,CtrlVol,1.8755569432962318,63,ok,
FAC_rank_vol_m6_n3_pairwise1,2014-04-30,as_偏股混合型基金,1.0660804545925928,63,ok,
FAC_rank_vol_m6_n3_pairwise1,2014-04-30,Ctrl_log_fund_size,2.888515575685949,63,ok,
FAC_rank_vol_m6_n3_pairwise1,2014-04-30,Ctrl_fund_age,2.5525478270630244,63,ok,
FAC_rank_vol_m6_n3_pairwise1,2014-05-30,FAC_rank_vol_m6_n3_pairwise1,1.3546461479987637,64,ok,
FAC_rank_vol_m6_n3_pairwise1,2014-05-30,CtrlRetSTR,1.2479350627806793,64,ok,
FAC_rank_vol_m6_n3_pairwise1,2014-05-30,CtrlRetLTM,1.6115648040584527,64,ok,
FAC_rank_vol_m6_n3_pairwise1,2014-05-30,CtrlVol,1.474352973497955,64,ok,
FAC_rank_vol_m6_n3_pairwise1,2014-05-30,as_偏股混合型基金,1.0698312617034458,64,ok,
FAC_rank_vol_m6_n3_pairwise1,2014-05-30,Ctrl_log_fund_size,2.865907264938577,64,ok,
FAC_rank_vol_m6_n3_pairwise1,2014-05-30,Ctrl_fund_age,2.5722622050413744,64,ok,
FAC_rank_vol_m6_n3_pairwise1,2014-06-30,FAC_rank_vol_m6_n3_pairwise1,1.265115522580317,62,ok,
FAC_rank_vol_m6_n3_pairwise1,2014-06-30,CtrlRetSTR,1.206911689990226,62,ok,
FAC_rank_vol_m6_n3_pairwise1,2014-06-30,CtrlRetLTM,1.612885649898172,62,ok,
FAC_rank_vol_m6_n3_pairwise1,2014-06-30,CtrlVol,1.2776491087472868,62,ok,
FAC_rank_vol_m6_n3_pairwise1,2014-06-30,as_偏股混合型基金,1.1103439636886754,62,ok,
FAC_rank_vol_m6_n3_pairwise1,2014-06-30,Ctrl_log_fund_size,2.5950651775520526,62,ok,
FAC_rank_vol_m6_n3_pairwise1,2014-06-30,Ctrl_fund_age,2.31435870546537,62,ok,
FAC_rank_vol_m6_n3_pairwise1,2014-07-31,FAC_rank_vol_m6_n3_pairwise1,1.8298415444764164,61,ok,
FAC_rank_vol_m6_n3_pairwise1,2014-07-31,CtrlRetSTR,1.1700847480852254,61,ok,
FAC_rank_vol_m6_n3_pairwise1,2014-07-31,CtrlRetLTM,1.916616047140204,61,ok,
FAC_rank_vol_m6_n3_pairwise1,2014-07-31,CtrlVol,1.5323312335829338,61,ok,
FAC_rank_vol_m6_n3_pairwise1,2014-07-31,as_偏股混合型基金,1.0499780301251922,61,ok,
FAC_rank_vol_m6_n3_pairwise1,2014-07-31,Ctrl_log_fund_size,2.3218962995216654,61,ok,
FAC_rank_vol_m6_n3_pairwise1,2014-07-31,Ctrl_fund_age,2.154014543446875,61,ok,
FAC_rank_vol_m6_n3_pairwise1,2014-08-29,FAC_rank_vol_m6_n3_pairwise1,1.867707703044509,61,ok,
FAC_rank_vol_m6_n3_pairwise1,2014-08-29,CtrlRetSTR,1.2028729292576135,61,ok,
FAC_rank_vol_m6_n3_pairwise1,2014-08-29,CtrlRetLTM,1.6840514185561224,61,ok,
FAC_rank_vol_m6_n3_pairwise1,2014-08-29,CtrlVol,1.4803088692347326,61,ok,
FAC_rank_vol_m6_n3_pairwise1,2014-08-29,as_偏股混合型基金,1.0823377936996208,61,ok,
FAC_rank_vol_m6_n3_pairwise1,2014-08-29,Ctrl_log_fund_size,2.5046682579460113,61,ok,
FAC_rank_vol_m6_n3_pairwise1,2014-08-29,Ctrl_fund_age,2.2904606367344424,61,ok,
FAC_rank_vol_m6_n3_pairwise1,2014-09-30,FAC_rank_vol_m6_n3_pairwise1,1.1976200577348897,60,ok,
FAC_rank_vol_m6_n3_pairwise1,2014-09-30,CtrlRetSTR,1.3859142887427482,60,ok,
FAC_rank_vol_m6_n3_pairwise1,2014-09-30,CtrlRetLTM,1.5422872136320707,60,ok,
FAC_rank_vol_m6_n3_pairwise1,2014-09-30,CtrlVol,1.3528818611123505,60,ok,
FAC_rank_vol_m6_n3_pairwise1,2014-09-30,as_偏股混合型基金,1.185927106138866,60,ok,
FAC_rank_vol_m6_n3_pairwise1,2014-09-30,Ctrl_log_fund_size,2.6114116341883804,60,ok,
FAC_rank_vol_m6_n3_pairwise1,2014-09-30,Ctrl_fund_age,2.527766949362963,60,ok,
FAC_rank_vol_m6_n3_pairwise1,2014-10-31,FAC_rank_vol_m6_n3_pairwise1,1.0941042226914204,61,ok,
FAC_rank_vol_m6_n3_pairwise1,2014-10-31,CtrlRetSTR,1.1669566012315358,61,ok,
FAC_rank_vol_m6_n3_pairwise1,2014-10-31,CtrlRetLTM,1.345685707719522,61,ok,
FAC_rank_vol_m6_n3_pairwise1,2014-10-31,CtrlVol,1.5559822638935232,61,ok,
FAC_rank_vol_m6_n3_pairwise1,2014-10-31,as_偏股混合型基金,1.1270636259790174,61,ok,
FAC_rank_vol_m6_n3_pairwise1,2014-10-31,Ctrl_log_fund_size,3.007017267509031,61,ok,
FAC_rank_vol_m6_n3_pairwise1,2014-10-31,Ctrl_fund_age,3.1682388146360525,61,ok,
FAC_rank_vol_m6_n3_pairwise1,2014-11-28,FAC_rank_vol_m6_n3_pairwise1,1.1418376996154465,62,ok,
FAC_rank_vol_m6_n3_pairwise1,2014-11-28,CtrlRetSTR,1.2006092105203952,62,ok,
FAC_rank_vol_m6_n3_pairwise1,2014-11-28,CtrlRetLTM,1.200210793655551,62,ok,
FAC_rank_vol_m6_n3_pairwise1,2014-11-28,CtrlVol,1.3782957604106159,62,ok,
FAC_rank_vol_m6_n3_pairwise1,2014-11-28,as_偏股混合型基金,1.1977701321200895,62,ok,
FAC_rank_vol_m6_n3_pairwise1,2014-11-28,Ctrl_log_fund_size,3.4852565893165535,62,ok,
FAC_rank_vol_m6_n3_pairwise1,2014-11-28,Ctrl_fund_age,3.722987306447736,62,ok,
FAC_rank_vol_m6_n3_pairwise1,2014-12-31,FAC_rank_vol_m6_n3_pairwise1,2.2710928657596607,58,ok,
FAC_rank_vol_m6_n3_pairwise1,2014-12-31,CtrlRetSTR,2.0082188042182985,58,ok,
FAC_rank_vol_m6_n3_pairwise1,2014-12-31,CtrlRetLTM,1.315619085316761,58,ok,
FAC_rank_vol_m6_n3_pairwise1,2014-12-31,CtrlVol,1.560333760759308,58,ok,
FAC_rank_vol_m6_n3_pairwise1,2014-12-31,as_偏股混合型基金,1.0762208566447962,58,ok,
FAC_rank_vol_m6_n3_pairwise1,2014-12-31,Ctrl_log_fund_size,4.233929813181353,58,ok,
FAC_rank_vol_m6_n3_pairwise1,2014-12-31,Ctrl_fund_age,4.244329357123569,58,ok,
FAC_rank_vol_m6_n3_pairwise1,2015-01-30,FAC_rank_vol_m6_n3_pairwise1,3.2062636214288425,55,ok,
FAC_rank_vol_m6_n3_pairwise1,2015-01-30,CtrlRetSTR,2.151782045627986,55,ok,
FAC_rank_vol_m6_n3_pairwise1,2015-01-30,CtrlRetLTM,2.7289781737236076,55,ok,
FAC_rank_vol_m6_n3_pairwise1,2015-01-30,CtrlVol,2.688978592410014,55,ok,
FAC_rank_vol_m6_n3_pairwise1,2015-01-30,as_偏股混合型基金,1.1207140009054095,55,ok,
FAC_rank_vol_m6_n3_pairwise1,2015-01-30,Ctrl_log_fund_size,4.098033665479048,55,ok,
FAC_rank_vol_m6_n3_pairwise1,2015-01-30,Ctrl_fund_age,4.06010100908491,55,ok,
FAC_rank_vol_m6_n3_pairwise1,2015-02-27,FAC_rank_vol_m6_n3_pairwise1,1.9161032526609239,59,ok,
FAC_rank_vol_m6_n3_pairwise1,2015-02-27,CtrlRetSTR,1.3890978943711316,59,ok,
FAC_rank_vol_m6_n3_pairwise1,2015-02-27,CtrlRetLTM,1.3613873698606709,59,ok,
FAC_rank_vol_m6_n3_pairwise1,2015-02-27,CtrlVol,1.8510489439598352,59,ok,
FAC_rank_vol_m6_n3_pairwise1,2015-02-27,as_偏股混合型基金,1.133367828786808,59,ok,
FAC_rank_vol_m6_n3_pairwise1,2015-02-27,Ctrl_log_fund_size,3.311119346445141,59,ok,
FAC_rank_vol_m6_n3_pairwise1,2015-02-27,Ctrl_fund_age,3.320688861468138,59,ok,
FAC_rank_vol_m6_n3_pairwise1,2015-03-31,FAC_rank_vol_m6_n3_pairwise1,2.3731992665013135,58,ok,
FAC_rank_vol_m6_n3_pairwise1,2015-03-31,CtrlRetSTR,1.157035545246921,58,ok,
FAC_rank_vol_m6_n3_pairwise1,2015-03-31,CtrlRetLTM,1.1399571894191973,58,ok,
FAC_rank_vol_m6_n3_pairwise1,2015-03-31,CtrlVol,2.4773607783643676,58,ok,
FAC_rank_vol_m6_n3_pairwise1,2015-03-31,as_偏股混合型基金,1.113181909214312,58,ok,
FAC_rank_vol_m6_n3_pairwise1,2015-03-31,Ctrl_log_fund_size,2.6845224504233225,58,ok,
FAC_rank_vol_m6_n3_pairwise1,2015-03-31,Ctrl_fund_age,2.768164288753954,58,ok,
FAC_rank_vol_m6_n3_pairwise1,2015-04-30,FAC_rank_vol_m6_n3_pairwise1,2.6904532292105583,55,ok,
FAC_rank_vol_m6_n3_pairwise1,2015-04-30,CtrlRetSTR,1.3941546037200807,55,ok,
FAC_rank_vol_m6_n3_pairwise1,2015-04-30,CtrlRetLTM,1.4094265912397228,55,ok,
FAC_rank_vol_m6_n3_pairwise1,2015-04-30,CtrlVol,2.6176569572000017,55,ok,
FAC_rank_vol_m6_n3_pairwise1,2015-04-30,as_偏股混合型基金,1.1059522294889397,55,ok,
FAC_rank_vol_m6_n3_pairwise1,2015-04-30,Ctrl_log_fund_size,2.5348361686086376,55,ok,
FAC_rank_vol_m6_n3_pairwise1,2015-04-30,Ctrl_fund_age,2.773629113846845,55,ok,
FAC_rank_vol_m6_n3_pairwise1,2015-05-29,FAC_rank_vol_m6_n3_pairwise1,,49,skipped,完整变量样本数小于 min_cross_section_n
FAC_rank_vol_m6_n3_pairwise1,2015-05-29,CtrlRetSTR,,49,skipped,完整变量样本数小于 min_cross_section_n
FAC_rank_vol_m6_n3_pairwise1,2015-05-29,CtrlRetLTM,,49,skipped,完整变量样本数小于 min_cross_section_n
FAC_rank_vol_m6_n3_pairwise1,2015-05-29,CtrlVol,,49,skipped,完整变量样本数小于 min_cross_section_n
FAC_rank_vol_m6_n3_pairwise1,2015-05-29,as_偏股混合型基金,,49,skipped,完整变量样本数小于 min_cross_section_n
FAC_rank_vol_m6_n3_pairwise1,2015-05-29,Ctrl_log_fund_size,,49,skipped,完整变量样本数小于 min_cross_section_n
FAC_rank_vol_m6_n3_pairwise1,2015-05-29,Ctrl_fund_age,,49,skipped,完整变量样本数小于 min_cross_section_n
FAC_rank_vol_m6_n3_pairwise1,2015-06-30,FAC_rank_vol_m6_n3_pairwise1,,42,skipped,完整变量样本数小于 min_cross_section_n
FAC_rank_vol_m6_n3_pairwise1,2015-06-30,CtrlRetSTR,,42,skipped,完整变量样本数小于 min_cross_section_n
FAC_rank_vol_m6_n3_pairwise1,2015-06-30,CtrlRetLTM,,42,skipped,完整变量样本数小于 min_cross_section_n
FAC_rank_vol_m6_n3_pairwise1,2015-06-30,CtrlVol,,42,skipped,完整变量样本数小于 min_cross_section_n
FAC_rank_vol_m6_n3_pairwise1,2015-06-30,as_偏股混合型基金,,42,skipped,完整变量样本数小于 min_cross_section_n
FAC_rank_vol_m6_n3_pairwise1,2015-06-30,Ctrl_log_fund_size,,42,skipped,完整变量样本数小于 min_cross_section_n
FAC_rank_vol_m6_n3_pairwise1,2015-06-30,Ctrl_fund_age,,42,skipped,完整变量样本数小于 min_cross_section_n
FAC_rank_vol_m6_n3_pairwise1,2015-07-31,FAC_rank_vol_m6_n3_pairwise1,,40,skipped,完整变量样本数小于 min_cross_section_n
FAC_rank_vol_m6_n3_pairwise1,2015-07-31,CtrlRetSTR,,40,skipped,完整变量样本数小于 min_cross_section_n
FAC_rank_vol_m6_n3_pairwise1,2015-07-31,CtrlRetLTM,,40,skipped,完整变量样本数小于 min_cross_section_n
FAC_rank_vol_m6_n3_pairwise1,2015-07-31,CtrlVol,,40,skipped,完整变量样本数小于 min_cross_section_n
FAC_rank_vol_m6_n3_pairwise1,2015-07-31,as_偏股混合型基金,,40,skipped,完整变量样本数小于 min_cross_section_n
FAC_rank_vol_m6_n3_pairwise1,2015-07-31,Ctrl_log_fund_size,,40,skipped,完整变量样本数小于 min_cross_section_n
FAC_rank_vol_m6_n3_pairwise1,2015-07-31,Ctrl_fund_age,,40,skipped,完整变量样本数小于 min_cross_section_n
FAC_rank_vol_m6_n3_pairwise1,2015-08-31,FAC_rank_vol_m6_n3_pairwise1,,44,skipped,完整变量样本数小于 min_cross_section_n
FAC_rank_vol_m6_n3_pairwise1,2015-08-31,CtrlRetSTR,,44,skipped,完整变量样本数小于 min_cross_section_n
FAC_rank_vol_m6_n3_pairwise1,2015-08-31,CtrlRetLTM,,44,skipped,完整变量样本数小于 min_cross_section_n
FAC_rank_vol_m6_n3_pairwise1,2015-08-31,CtrlVol,,44,skipped,完整变量样本数小于 min_cross_section_n
FAC_rank_vol_m6_n3_pairwise1,2015-08-31,as_偏股混合型基金,,44,skipped,完整变量样本数小于 min_cross_section_n
FAC_rank_vol_m6_n3_pairwise1,2015-08-31,Ctrl_log_fund_size,,44,skipped,完整变量样本数小于 min_cross_section_n
FAC_rank_vol_m6_n3_pairwise1,2015-08-31,Ctrl_fund_age,,44,skipped,完整变量样本数小于 min_cross_section_n
FAC_rank_vol_m6_n3_pairwise1,2015-09-30,FAC_rank_vol_m6_n3_pairwise1,,40,skipped,完整变量样本数小于 min_cross_section_n
FAC_rank_vol_m6_n3_pairwise1,2015-09-30,CtrlRetSTR,,40,skipped,完整变量样本数小于 min_cross_section_n
FAC_rank_vol_m6_n3_pairwise1,2015-09-30,CtrlRetLTM,,40,skipped,完整变量样本数小于 min_cross_section_n
FAC_rank_vol_m6_n3_pairwise1,2015-09-30,CtrlVol,,40,skipped,完整变量样本数小于 min_cross_section_n
FAC_rank_vol_m6_n3_pairwise1,2015-09-30,as_偏股混合型基金,,40,skipped,完整变量样本数小于 min_cross_section_n
FAC_rank_vol_m6_n3_pairwise1,2015-09-30,Ctrl_log_fund_size,,40,skipped,完整变量样本数小于 min_cross_section_n
FAC_rank_vol_m6_n3_pairwise1,2015-09-30,Ctrl_fund_age,,40,skipped,完整变量样本数小于 min_cross_section_n
FAC_rank_vol_m6_n3_pairwise1,2015-10-30,FAC_rank_vol_m6_n3_pairwise1,,41,skipped,完整变量样本数小于 min_cross_section_n
FAC_rank_vol_m6_n3_pairwise1,2015-10-30,CtrlRetSTR,,41,skipped,完整变量样本数小于 min_cross_section_n
FAC_rank_vol_m6_n3_pairwise1,2015-10-30,CtrlRetLTM,,41,skipped,完整变量样本数小于 min_cross_section_n
FAC_rank_vol_m6_n3_pairwise1,2015-10-30,CtrlVol,,41,skipped,完整变量样本数小于 min_cross_section_n
FAC_rank_vol_m6_n3_pairwise1,2015-10-30,as_偏股混合型基金,,41,skipped,完整变量样本数小于 min_cross_section_n
FAC_rank_vol_m6_n3_pairwise1,2015-10-30,Ctrl_log_fund_size,,41,skipped,完整变量样本数小于 min_cross_section_n
FAC_rank_vol_m6_n3_pairwise1,2015-10-30,Ctrl_fund_age,,41,skipped,完整变量样本数小于 min_cross_section_n
FAC_rank_vol_m6_n3_pairwise1,2015-11-30,FAC_rank_vol_m6_n3_pairwise1,,43,skipped,完整变量样本数小于 min_cross_section_n
FAC_rank_vol_m6_n3_pairwise1,2015-11-30,CtrlRetSTR,,43,skipped,完整变量样本数小于 min_cross_section_n
FAC_rank_vol_m6_n3_pairwise1,2015-11-30,CtrlRetLTM,,43,skipped,完整变量样本数小于 min_cross_section_n
FAC_rank_vol_m6_n3_pairwise1,2015-11-30,CtrlVol,,43,skipped,完整变量样本数小于 min_cross_section_n
FAC_rank_vol_m6_n3_pairwise1,2015-11-30,as_偏股混合型基金,,43,skipped,完整变量样本数小于 min_cross_section_n
FAC_rank_vol_m6_n3_pairwise1,2015-11-30,Ctrl_log_fund_size,,43,skipped,完整变量样本数小于 min_cross_section_n
FAC_rank_vol_m6_n3_pairwise1,2015-11-30,Ctrl_fund_age,,43,skipped,完整变量样本数小于 min_cross_section_n
FAC_rank_vol_m6_n3_pairwise1,2015-12-31,FAC_rank_vol_m6_n3_pairwise1,,44,skipped,完整变量样本数小于 min_cross_section_n
FAC_rank_vol_m6_n3_pairwise1,2015-12-31,CtrlRetSTR,,44,skipped,完整变量样本数小于 min_cross_section_n
FAC_rank_vol_m6_n3_pairwise1,2015-12-31,CtrlRetLTM,,44,skipped,完整变量样本数小于 min_cross_section_n
FAC_rank_vol_m6_n3_pairwise1,2015-12-31,CtrlVol,,44,skipped,完整变量样本数小于 min_cross_section_n
FAC_rank_vol_m6_n3_pairwise1,2015-12-31,as_偏股混合型基金,,44,skipped,完整变量样本数小于 min_cross_section_n
FAC_rank_vol_m6_n3_pairwise1,2015-12-31,Ctrl_log_fund_size,,44,skipped,完整变量样本数小于 min_cross_section_n
FAC_rank_vol_m6_n3_pairwise1,2015-12-31,Ctrl_fund_age,,44,skipped,完整变量样本数小于 min_cross_section_n
FAC_rank_vol_m6_n3_pairwise1,2016-01-29,FAC_rank_vol_m6_n3_pairwise1,,45,skipped,完整变量样本数小于 min_cross_section_n
FAC_rank_vol_m6_n3_pairwise1,2016-01-29,CtrlRetSTR,,45,skipped,完整变量样本数小于 min_cross_section_n
FAC_rank_vol_m6_n3_pairwise1,2016-01-29,CtrlRetLTM,,45,skipped,完整变量样本数小于 min_cross_section_n
FAC_rank_vol_m6_n3_pairwise1,2016-01-29,CtrlVol,,45,skipped,完整变量样本数小于 min_cross_section_n
FAC_rank_vol_m6_n3_pairwise1,2016-01-29,as_偏股混合型基金,,45,skipped,完整变量样本数小于 min_cross_section_n
FAC_rank_vol_m6_n3_pairwise1,2016-01-29,Ctrl_log_fund_size,,45,skipped,完整变量样本数小于 min_cross_section_n
FAC_rank_vol_m6_n3_pairwise1,2016-01-29,Ctrl_fund_age,,45,skipped,完整变量样本数小于 min_cross_section_n
FAC_rank_vol_m6_n3_pairwise1,2016-02-29,FAC_rank_vol_m6_n3_pairwise1,,46,skipped,完整变量样本数小于 min_cross_section_n
FAC_rank_vol_m6_n3_pairwise1,2016-02-29,CtrlRetSTR,,46,skipped,完整变量样本数小于 min_cross_section_n
FAC_rank_vol_m6_n3_pairwise1,2016-02-29,CtrlRetLTM,,46,skipped,完整变量样本数小于 min_cross_section_n
FAC_rank_vol_m6_n3_pairwise1,2016-02-29,CtrlVol,,46,skipped,完整变量样本数小于 min_cross_section_n
FAC_rank_vol_m6_n3_pairwise1,2016-02-29,as_偏股混合型基金,,46,skipped,完整变量样本数小于 min_cross_section_n
FAC_rank_vol_m6_n3_pairwise1,2016-02-29,Ctrl_log_fund_size,,46,skipped,完整变量样本数小于 min_cross_section_n
FAC_rank_vol_m6_n3_pairwise1,2016-02-29,Ctrl_fund_age,,46,skipped,完整变量样本数小于 min_cross_section_n
FAC_rank_vol_m6_n3_pairwise1,2016-03-31,FAC_rank_vol_m6_n3_pairwise1,,47,skipped,完整变量样本数小于 min_cross_section_n
FAC_rank_vol_m6_n3_pairwise1,2016-03-31,CtrlRetSTR,,47,skipped,完整变量样本数小于 min_cross_section_n
FAC_rank_vol_m6_n3_pairwise1,2016-03-31,CtrlRetLTM,,47,skipped,完整变量样本数小于 min_cross_section_n
FAC_rank_vol_m6_n3_pairwise1,2016-03-31,CtrlVol,,47,skipped,完整变量样本数小于 min_cross_section_n
FAC_rank_vol_m6_n3_pairwise1,2016-03-31,as_偏股混合型基金,,47,skipped,完整变量样本数小于 min_cross_section_n
FAC_rank_vol_m6_n3_pairwise1,2016-03-31,Ctrl_log_fund_size,,47,skipped,完整变量样本数小于 min_cross_section_n
FAC_rank_vol_m6_n3_pairwise1,2016-03-31,Ctrl_fund_age,,47,skipped,完整变量样本数小于 min_cross_section_n
FAC_rank_vol_m6_n3_pairwise1,2016-04-29,FAC_rank_vol_m6_n3_pairwise1,,46,skipped,完整变量样本数小于 min_cross_section_n
FAC_rank_vol_m6_n3_pairwise1,2016-04-29,CtrlRetSTR,,46,skipped,完整变量样本数小于 min_cross_section_n
FAC_rank_vol_m6_n3_pairwise1,2016-04-29,CtrlRetLTM,,46,skipped,完整变量样本数小于 min_cross_section_n
FAC_rank_vol_m6_n3_pairwise1,2016-04-29,CtrlVol,,46,skipped,完整变量样本数小于 min_cross_section_n
FAC_rank_vol_m6_n3_pairwise1,2016-04-29,as_偏股混合型基金,,46,skipped,完整变量样本数小于 min_cross_section_n
FAC_rank_vol_m6_n3_pairwise1,2016-04-29,Ctrl_log_fund_size,,46,skipped,完整变量样本数小于 min_cross_section_n
FAC_rank_vol_m6_n3_pairwise1,2016-04-29,Ctrl_fund_age,,46,skipped,完整变量样本数小于 min_cross_section_n
FAC_rank_vol_m6_n3_pairwise1,2016-05-31,FAC_rank_vol_m6_n3_pairwise1,,49,skipped,完整变量样本数小于 min_cross_section_n
FAC_rank_vol_m6_n3_pairwise1,2016-05-31,CtrlRetSTR,,49,skipped,完整变量样本数小于 min_cross_section_n
FAC_rank_vol_m6_n3_pairwise1,2016-05-31,CtrlRetLTM,,49,skipped,完整变量样本数小于 min_cross_section_n
FAC_rank_vol_m6_n3_pairwise1,2016-05-31,CtrlVol,,49,skipped,完整变量样本数小于 min_cross_section_n
FAC_rank_vol_m6_n3_pairwise1,2016-05-31,as_偏股混合型基金,,49,skipped,完整变量样本数小于 min_cross_section_n
FAC_rank_vol_m6_n3_pairwise1,2016-05-31,Ctrl_log_fund_size,,49,skipped,完整变量样本数小于 min_cross_section_n
FAC_rank_vol_m6_n3_pairwise1,2016-05-31,Ctrl_fund_age,,49,skipped,完整变量样本数小于 min_cross_section_n
FAC_rank_vol_m6_n3_pairwise1,2016-06-30,FAC_rank_vol_m6_n3_pairwise1,1.1775471174645238,51,ok,
FAC_rank_vol_m6_n3_pairwise1,2016-06-30,CtrlRetSTR,1.493672819481497,51,ok,
FAC_rank_vol_m6_n3_pairwise1,2016-06-30,CtrlRetLTM,1.6120255658373783,51,ok,
FAC_rank_vol_m6_n3_pairwise1,2016-06-30,CtrlVol,1.726764968649926,51,ok,
FAC_rank_vol_m6_n3_pairwise1,2016-06-30,as_偏股混合型基金,1.3319077675783493,51,ok,
FAC_rank_vol_m6_n3_pairwise1,2016-06-30,Ctrl_log_fund_size,1.5614515818669696,51,ok,
FAC_rank_vol_m6_n3_pairwise1,2016-06-30,Ctrl_fund_age,1.7125758808685947,51,ok,
FAC_rank_vol_m6_n3_pairwise1,2016-07-29,FAC_rank_vol_m6_n3_pairwise1,1.1232798086606395,51,ok,
FAC_rank_vol_m6_n3_pairwise1,2016-07-29,CtrlRetSTR,1.6954945576779075,51,ok,
FAC_rank_vol_m6_n3_pairwise1,2016-07-29,CtrlRetLTM,1.4945373381541374,51,ok,
FAC_rank_vol_m6_n3_pairwise1,2016-07-29,CtrlVol,1.5655419070710037,51,ok,
FAC_rank_vol_m6_n3_pairwise1,2016-07-29,as_偏股混合型基金,1.3798999018442357,51,ok,
FAC_rank_vol_m6_n3_pairwise1,2016-07-29,Ctrl_log_fund_size,1.626421738856806,51,ok,
FAC_rank_vol_m6_n3_pairwise1,2016-07-29,Ctrl_fund_age,1.7343244761453689,51,ok,
FAC_rank_vol_m6_n3_pairwise1,2016-08-31,FAC_rank_vol_m6_n3_pairwise1,1.1080742741687069,58,ok,
FAC_rank_vol_m6_n3_pairwise1,2016-08-31,CtrlRetSTR,1.2222838110080134,58,ok,
FAC_rank_vol_m6_n3_pairwise1,2016-08-31,CtrlRetLTM,1.428133946338908,58,ok,
FAC_rank_vol_m6_n3_pairwise1,2016-08-31,CtrlVol,1.250620394423735,58,ok,
FAC_rank_vol_m6_n3_pairwise1,2016-08-31,as_偏股混合型基金,1.4981683381616924,58,ok,
FAC_rank_vol_m6_n3_pairwise1,2016-08-31,Ctrl_log_fund_size,1.8926991388428154,58,ok,
FAC_rank_vol_m6_n3_pairwise1,2016-08-31,Ctrl_fund_age,2.099316968992204,58,ok,
FAC_rank_vol_m6_n3_pairwise1,2016-09-30,FAC_rank_vol_m6_n3_pairwise1,1.201062186444881,62,ok,
FAC_rank_vol_m6_n3_pairwise1,2016-09-30,CtrlRetSTR,1.1610792641763228,62,ok,
FAC_rank_vol_m6_n3_pairwise1,2016-09-30,CtrlRetLTM,1.2671992403236052,62,ok,
FAC_rank_vol_m6_n3_pairwise1,2016-09-30,CtrlVol,1.1364978192703241,62,ok,
FAC_rank_vol_m6_n3_pairwise1,2016-09-30,as_偏股混合型基金,1.5007343214669824,62,ok,
FAC_rank_vol_m6_n3_pairwise1,2016-09-30,Ctrl_log_fund_size,1.9690269659750983,62,ok,
FAC_rank_vol_m6_n3_pairwise1,2016-09-30,Ctrl_fund_age,2.2675091250554367,62,ok,
FAC_rank_vol_m6_n3_pairwise1,2016-10-31,FAC_rank_vol_m6_n3_pairwise1,1.2976510358986415,68,ok,
FAC_rank_vol_m6_n3_pairwise1,2016-10-31,CtrlRetSTR,1.1304869997043205,68,ok,
FAC_rank_vol_m6_n3_pairwise1,2016-10-31,CtrlRetLTM,2.2865747067536657,68,ok,
FAC_rank_vol_m6_n3_pairwise1,2016-10-31,CtrlVol,1.9778481066483793,68,ok,
FAC_rank_vol_m6_n3_pairwise1,2016-10-31,as_偏股混合型基金,1.5203997088608243,68,ok,
FAC_rank_vol_m6_n3_pairwise1,2016-10-31,Ctrl_log_fund_size,2.4923255094545387,68,ok,
FAC_rank_vol_m6_n3_pairwise1,2016-10-31,Ctrl_fund_age,2.6179228013737257,68,ok,
FAC_rank_vol_m6_n3_pairwise1,2016-11-30,FAC_rank_vol_m6_n3_pairwise1,1.316170543969679,75,ok,
FAC_rank_vol_m6_n3_pairwise1,2016-11-30,CtrlRetSTR,1.070647618923796,75,ok,
FAC_rank_vol_m6_n3_pairwise1,2016-11-30,CtrlRetLTM,2.672520389216347,75,ok,
FAC_rank_vol_m6_n3_pairwise1,2016-11-30,CtrlVol,2.4251434922928032,75,ok,
FAC_rank_vol_m6_n3_pairwise1,2016-11-30,as_偏股混合型基金,1.83802266585522,75,ok,
FAC_rank_vol_m6_n3_pairwise1,2016-11-30,Ctrl_log_fund_size,2.771677883297047,75,ok,
FAC_rank_vol_m6_n3_pairwise1,2016-11-30,Ctrl_fund_age,3.2160792895262964,75,ok,
FAC_rank_vol_m6_n3_pairwise1,2016-12-30,FAC_rank_vol_m6_n3_pairwise1,1.1448830394898903,86,ok,
FAC_rank_vol_m6_n3_pairwise1,2016-12-30,CtrlRetSTR,1.152764448482776,86,ok,
FAC_rank_vol_m6_n3_pairwise1,2016-12-30,CtrlRetLTM,1.9881985544623606,86,ok,
FAC_rank_vol_m6_n3_pairwise1,2016-12-30,CtrlVol,1.8655375224985322,86,ok,
FAC_rank_vol_m6_n3_pairwise1,2016-12-30,as_偏股混合型基金,1.8398019662959204,86,ok,
FAC_rank_vol_m6_n3_pairwise1,2016-12-30,Ctrl_log_fund_size,2.975397291806973,86,ok,
FAC_rank_vol_m6_n3_pairwise1,2016-12-30,Ctrl_fund_age,3.2617376529125757,86,ok,
FAC_rank_vol_m6_n3_pairwise1,2017-01-26,FAC_rank_vol_m6_n3_pairwise1,1.088202886076898,96,ok,
FAC_rank_vol_m6_n3_pairwise1,2017-01-26,CtrlRetSTR,1.0728429084964666,96,ok,
FAC_rank_vol_m6_n3_pairwise1,2017-01-26,CtrlRetLTM,1.1783697566224038,96,ok,
FAC_rank_vol_m6_n3_pairwise1,2017-01-26,CtrlVol,1.0797499657058949,96,ok,
FAC_rank_vol_m6_n3_pairwise1,2017-01-26,as_偏股混合型基金,1.7517962195195182,96,ok,
FAC_rank_vol_m6_n3_pairwise1,2017-01-26,Ctrl_log_fund_size,2.461144745279398,96,ok,
FAC_rank_vol_m6_n3_pairwise1,2017-01-26,Ctrl_fund_age,2.644819433228034,96,ok,
FAC_rank_vol_m6_n3_pairwise1,2017-02-28,FAC_rank_vol_m6_n3_pairwise1,1.1699897933905044,109,ok,
FAC_rank_vol_m6_n3_pairwise1,2017-02-28,CtrlRetSTR,1.1255861893996388,109,ok,
FAC_rank_vol_m6_n3_pairwise1,2017-02-28,CtrlRetLTM,1.289813757186891,109,ok,
FAC_rank_vol_m6_n3_pairwise1,2017-02-28,CtrlVol,1.1402584491326617,109,ok,
FAC_rank_vol_m6_n3_pairwise1,2017-02-28,as_偏股混合型基金,1.8182993732291868,109,ok,
FAC_rank_vol_m6_n3_pairwise1,2017-02-28,Ctrl_log_fund_size,2.299612320166754,109,ok,
FAC_rank_vol_m6_n3_pairwise1,2017-02-28,Ctrl_fund_age,2.6878875615680715,109,ok,
FAC_rank_vol_m6_n3_pairwise1,2017-03-31,FAC_rank_vol_m6_n3_pairwise1,1.313741373087895,110,ok,
FAC_rank_vol_m6_n3_pairwise1,2017-03-31,CtrlRetSTR,1.2206738124909133,110,ok,
FAC_rank_vol_m6_n3_pairwise1,2017-03-31,CtrlRetLTM,1.3774014044622382,110,ok,
FAC_rank_vol_m6_n3_pairwise1,2017-03-31,CtrlVol,1.2455726909083347,110,ok,
FAC_rank_vol_m6_n3_pairwise1,2017-03-31,as_偏股混合型基金,1.8058985947129655,110,ok,
FAC_rank_vol_m6_n3_pairwise1,2017-03-31,Ctrl_log_fund_size,2.985320754476113,110,ok,
FAC_rank_vol_m6_n3_pairwise1,2017-03-31,Ctrl_fund_age,3.3287455771531023,110,ok,
FAC_rank_vol_m6_n3_pairwise1,2017-04-28,FAC_rank_vol_m6_n3_pairwise1,1.2196666397201026,114,ok,
FAC_rank_vol_m6_n3_pairwise1,2017-04-28,CtrlRetSTR,1.1901732018029185,114,ok,
FAC_rank_vol_m6_n3_pairwise1,2017-04-28,CtrlRetLTM,1.3866749978961392,114,ok,
FAC_rank_vol_m6_n3_pairwise1,2017-04-28,CtrlVol,1.3260695233595012,114,ok,
FAC_rank_vol_m6_n3_pairwise1,2017-04-28,as_偏股混合型基金,1.786886921390245,114,ok,
FAC_rank_vol_m6_n3_pairwise1,2017-04-28,Ctrl_log_fund_size,3.120581902100636,114,ok,
FAC_rank_vol_m6_n3_pairwise1,2017-04-28,Ctrl_fund_age,3.5257018574620913,114,ok,
FAC_rank_vol_m6_n3_pairwise1,2017-05-31,FAC_rank_vol_m6_n3_pairwise1,1.3066889630773053,118,ok,
FAC_rank_vol_m6_n3_pairwise1,2017-05-31,CtrlRetSTR,1.288841157572919,118,ok,
FAC_rank_vol_m6_n3_pairwise1,2017-05-31,CtrlRetLTM,1.4557365230066488,118,ok,
FAC_rank_vol_m6_n3_pairwise1,2017-05-31,CtrlVol,1.408750053073794,118,ok,
FAC_rank_vol_m6_n3_pairwise1,2017-05-31,as_偏股混合型基金,1.8597758442766847,118,ok,
FAC_rank_vol_m6_n3_pairwise1,2017-05-31,Ctrl_log_fund_size,2.9665134358336283,118,ok,
FAC_rank_vol_m6_n3_pairwise1,2017-05-31,Ctrl_fund_age,3.4999104924898514,118,ok,
FAC_rank_vol_m6_n3_pairwise1,2017-06-30,FAC_rank_vol_m6_n3_pairwise1,1.2245482675635009,115,ok,
FAC_rank_vol_m6_n3_pairwise1,2017-06-30,CtrlRetSTR,1.0528570474812011,115,ok,
FAC_rank_vol_m6_n3_pairwise1,2017-06-30,CtrlRetLTM,1.5981024921548943,115,ok,
FAC_rank_vol_m6_n3_pairwise1,2017-06-30,CtrlVol,1.4285898281718803,115,ok,
FAC_rank_vol_m6_n3_pairwise1,2017-06-30,as_偏股混合型基金,1.962994717640247,115,ok,
FAC_rank_vol_m6_n3_pairwise1,2017-06-30,Ctrl_log_fund_size,2.941317688135695,115,ok,
FAC_rank_vol_m6_n3_pairwise1,2017-06-30,Ctrl_fund_age,3.3587504907642733,115,ok,
FAC_rank_vol_m6_n3_pairwise1,2017-07-31,FAC_rank_vol_m6_n3_pairwise1,1.4707367405460288,117,ok,
FAC_rank_vol_m6_n3_pairwise1,2017-07-31,CtrlRetSTR,1.256170587021699,117,ok,
FAC_rank_vol_m6_n3_pairwise1,2017-07-31,CtrlRetLTM,1.3496968173201036,117,ok,
FAC_rank_vol_m6_n3_pairwise1,2017-07-31,CtrlVol,1.2292429955325417,117,ok,
FAC_rank_vol_m6_n3_pairwise1,2017-07-31,as_偏股混合型基金,1.9472198332755823,117,ok,
FAC_rank_vol_m6_n3_pairwise1,2017-07-31,Ctrl_log_fund_size,3.09344468464194,117,ok,
FAC_rank_vol_m6_n3_pairwise1,2017-07-31,Ctrl_fund_age,3.619149633998951,117,ok,
FAC_rank_vol_m6_n3_pairwise1,2017-08-31,FAC_rank_vol_m6_n3_pairwise1,1.4683818451331925,123,ok,
FAC_rank_vol_m6_n3_pairwise1,2017-08-31,CtrlRetSTR,1.1276902999641216,123,ok,
FAC_rank_vol_m6_n3_pairwise1,2017-08-31,CtrlRetLTM,1.698582615870318,123,ok,
FAC_rank_vol_m6_n3_pairwise1,2017-08-31,CtrlVol,1.5449215226188895,123,ok,
FAC_rank_vol_m6_n3_pairwise1,2017-08-31,as_偏股混合型基金,1.7548061865908364,123,ok,
FAC_rank_vol_m6_n3_pairwise1,2017-08-31,Ctrl_log_fund_size,3.4782107451788544,123,ok,
FAC_rank_vol_m6_n3_pairwise1,2017-08-31,Ctrl_fund_age,3.968894527925664,123,ok,
FAC_rank_vol_m6_n3_pairwise1,2017-09-29,FAC_rank_vol_m6_n3_pairwise1,1.454709501598769,128,ok,
FAC_rank_vol_m6_n3_pairwise1,2017-09-29,CtrlRetSTR,1.0881746652833946,128,ok,
FAC_rank_vol_m6_n3_pairwise1,2017-09-29,CtrlRetLTM,1.335987859200756,128,ok,
FAC_rank_vol_m6_n3_pairwise1,2017-09-29,CtrlVol,1.4086524397156055,128,ok,
FAC_rank_vol_m6_n3_pairwise1,2017-09-29,as_偏股混合型基金,1.767726872879198,128,ok,
FAC_rank_vol_m6_n3_pairwise1,2017-09-29,Ctrl_log_fund_size,3.461893244831282,128,ok,
FAC_rank_vol_m6_n3_pairwise1,2017-09-29,Ctrl_fund_age,4.15329607284877,128,ok,
FAC_rank_vol_m6_n3_pairwise1,2017-10-31,FAC_rank_vol_m6_n3_pairwise1,1.381462389350066,129,ok,
FAC_rank_vol_m6_n3_pairwise1,2017-10-31,CtrlRetSTR,1.1715883446352413,129,ok,
FAC_rank_vol_m6_n3_pairwise1,2017-10-31,CtrlRetLTM,1.491072067038699,129,ok,
FAC_rank_vol_m6_n3_pairwise1,2017-10-31,CtrlVol,1.3374697914881764,129,ok,
FAC_rank_vol_m6_n3_pairwise1,2017-10-31,as_偏股混合型基金,1.691601605896698,129,ok,
FAC_rank_vol_m6_n3_pairwise1,2017-10-31,Ctrl_log_fund_size,3.4258369531535324,129,ok,
FAC_rank_vol_m6_n3_pairwise1,2017-10-31,Ctrl_fund_age,4.082398202697469,129,ok,
FAC_rank_vol_m6_n3_pairwise1,2017-11-30,FAC_rank_vol_m6_n3_pairwise1,1.6114519379824195,135,ok,
FAC_rank_vol_m6_n3_pairwise1,2017-11-30,CtrlRetSTR,1.2873539656394113,135,ok,
FAC_rank_vol_m6_n3_pairwise1,2017-11-30,CtrlRetLTM,1.4471268534811776,135,ok,
FAC_rank_vol_m6_n3_pairwise1,2017-11-30,CtrlVol,1.675946639778266,135,ok,
FAC_rank_vol_m6_n3_pairwise1,2017-11-30,as_偏股混合型基金,1.8028987688119613,135,ok,
FAC_rank_vol_m6_n3_pairwise1,2017-11-30,Ctrl_log_fund_size,3.11613099805263,135,ok,
FAC_rank_vol_m6_n3_pairwise1,2017-11-30,Ctrl_fund_age,4.071637428861877,135,ok,
FAC_rank_vol_m6_n3_pairwise1,2017-12-29,FAC_rank_vol_m6_n3_pairwise1,1.4166901065727209,136,ok,
FAC_rank_vol_m6_n3_pairwise1,2017-12-29,CtrlRetSTR,1.0973210127402906,136,ok,
FAC_rank_vol_m6_n3_pairwise1,2017-12-29,CtrlRetLTM,1.414983576034853,136,ok,
FAC_rank_vol_m6_n3_pairwise1,2017-12-29,CtrlVol,1.3279749476629314,136,ok,
FAC_rank_vol_m6_n3_pairwise1,2017-12-29,as_偏股混合型基金,1.7729030518119304,136,ok,
FAC_rank_vol_m6_n3_pairwise1,2017-12-29,Ctrl_log_fund_size,2.7993793540249405,136,ok,
FAC_rank_vol_m6_n3_pairwise1,2017-12-29,Ctrl_fund_age,3.4702747345621336,136,ok,
FAC_rank_vol_m6_n3_pairwise1,2018-01-31,FAC_rank_vol_m6_n3_pairwise1,1.3289828423328065,134,ok,
FAC_rank_vol_m6_n3_pairwise1,2018-01-31,CtrlRetSTR,1.3388337363413176,134,ok,
FAC_rank_vol_m6_n3_pairwise1,2018-01-31,CtrlRetLTM,1.1606039404131252,134,ok,
FAC_rank_vol_m6_n3_pairwise1,2018-01-31,CtrlVol,1.5351543424271004,134,ok,
FAC_rank_vol_m6_n3_pairwise1,2018-01-31,as_偏股混合型基金,1.7209777759053895,134,ok,
FAC_rank_vol_m6_n3_pairwise1,2018-01-31,Ctrl_log_fund_size,2.8449070584135137,134,ok,
FAC_rank_vol_m6_n3_pairwise1,2018-01-31,Ctrl_fund_age,3.305504130468093,134,ok,
FAC_rank_vol_m6_n3_pairwise1,2018-02-28,FAC_rank_vol_m6_n3_pairwise1,1.8646648675735438,135,ok,
FAC_rank_vol_m6_n3_pairwise1,2018-02-28,CtrlRetSTR,1.4928107471328187,135,ok,
FAC_rank_vol_m6_n3_pairwise1,2018-02-28,CtrlRetLTM,1.2267529159147328,135,ok,
FAC_rank_vol_m6_n3_pairwise1,2018-02-28,CtrlVol,1.5807620458787153,135,ok,
FAC_rank_vol_m6_n3_pairwise1,2018-02-28,as_偏股混合型基金,1.624537953708098,135,ok,
FAC_rank_vol_m6_n3_pairwise1,2018-02-28,Ctrl_log_fund_size,2.6259312683496736,135,ok,
FAC_rank_vol_m6_n3_pairwise1,2018-02-28,Ctrl_fund_age,2.9620508917039525,135,ok,
FAC_rank_vol_m6_n3_pairwise1,2018-03-30,FAC_rank_vol_m6_n3_pairwise1,1.5349061088107716,134,ok,
FAC_rank_vol_m6_n3_pairwise1,2018-03-30,CtrlRetSTR,1.5087308933860677,134,ok,
FAC_rank_vol_m6_n3_pairwise1,2018-03-30,CtrlRetLTM,1.40455698086922,134,ok,
FAC_rank_vol_m6_n3_pairwise1,2018-03-30,CtrlVol,1.2979693249817517,134,ok,
FAC_rank_vol_m6_n3_pairwise1,2018-03-30,as_偏股混合型基金,1.6682789290862252,134,ok,
FAC_rank_vol_m6_n3_pairwise1,2018-03-30,Ctrl_log_fund_size,2.484056136530054,134,ok,
FAC_rank_vol_m6_n3_pairwise1,2018-03-30,Ctrl_fund_age,2.831229575224401,134,ok,
FAC_rank_vol_m6_n3_pairwise1,2018-04-27,FAC_rank_vol_m6_n3_pairwise1,1.4970845723798947,136,ok,
FAC_rank_vol_m6_n3_pairwise1,2018-04-27,CtrlRetSTR,1.3578629785198753,136,ok,
FAC_rank_vol_m6_n3_pairwise1,2018-04-27,CtrlRetLTM,1.213293680267153,136,ok,
FAC_rank_vol_m6_n3_pairwise1,2018-04-27,CtrlVol,1.8033218072423336,136,ok,
FAC_rank_vol_m6_n3_pairwise1,2018-04-27,as_偏股混合型基金,1.697012509343528,136,ok,
FAC_rank_vol_m6_n3_pairwise1,2018-04-27,Ctrl_log_fund_size,2.2186038835294086,136,ok,
FAC_rank_vol_m6_n3_pairwise1,2018-04-27,Ctrl_fund_age,2.4852677992434686,136,ok,
FAC_rank_vol_m6_n3_pairwise1,2018-05-31,FAC_rank_vol_m6_n3_pairwise1,1.4627530916112577,140,ok,
FAC_rank_vol_m6_n3_pairwise1,2018-05-31,CtrlRetSTR,1.17062324099644,140,ok,
FAC_rank_vol_m6_n3_pairwise1,2018-05-31,CtrlRetLTM,1.3435489336334088,140,ok,
FAC_rank_vol_m6_n3_pairwise1,2018-05-31,CtrlVol,1.5195555304867978,140,ok,
FAC_rank_vol_m6_n3_pairwise1,2018-05-31,as_偏股混合型基金,1.6965758709667622,140,ok,
FAC_rank_vol_m6_n3_pairwise1,2018-05-31,Ctrl_log_fund_size,2.392823404557195,140,ok,
FAC_rank_vol_m6_n3_pairwise1,2018-05-31,Ctrl_fund_age,2.5044181771862695,140,ok,
FAC_rank_vol_m6_n3_pairwise1,2018-06-29,FAC_rank_vol_m6_n3_pairwise1,1.5282970181851774,139,ok,
FAC_rank_vol_m6_n3_pairwise1,2018-06-29,CtrlRetSTR,1.0819099495699511,139,ok,
FAC_rank_vol_m6_n3_pairwise1,2018-06-29,CtrlRetLTM,1.2574615194165824,139,ok,
FAC_rank_vol_m6_n3_pairwise1,2018-06-29,CtrlVol,1.452666168450209,139,ok,
FAC_rank_vol_m6_n3_pairwise1,2018-06-29,as_偏股混合型基金,1.768723946482715,139,ok,
FAC_rank_vol_m6_n3_pairwise1,2018-06-29,Ctrl_log_fund_size,2.4204456559323093,139,ok,
FAC_rank_vol_m6_n3_pairwise1,2018-06-29,Ctrl_fund_age,2.6693786521302387,139,ok,
FAC_rank_vol_m6_n3_pairwise1,2018-07-31,FAC_rank_vol_m6_n3_pairwise1,1.3124181432829232,134,ok,
FAC_rank_vol_m6_n3_pairwise1,2018-07-31,CtrlRetSTR,1.1414187214085336,134,ok,
FAC_rank_vol_m6_n3_pairwise1,2018-07-31,CtrlRetLTM,1.381123170470293,134,ok,
FAC_rank_vol_m6_n3_pairwise1,2018-07-31,CtrlVol,1.3291075044460494,134,ok,
FAC_rank_vol_m6_n3_pairwise1,2018-07-31,as_偏股混合型基金,1.6788785529898191,134,ok,
FAC_rank_vol_m6_n3_pairwise1,2018-07-31,Ctrl_log_fund_size,2.6648626931060564,134,ok,
FAC_rank_vol_m6_n3_pairwise1,2018-07-31,Ctrl_fund_age,2.783746991680475,134,ok,
FAC_rank_vol_m6_n3_pairwise1,2018-08-31,FAC_rank_vol_m6_n3_pairwise1,1.3666274377228127,136,ok,
FAC_rank_vol_m6_n3_pairwise1,2018-08-31,CtrlRetSTR,1.3828495478234226,136,ok,
FAC_rank_vol_m6_n3_pairwise1,2018-08-31,CtrlRetLTM,1.2327542729568897,136,ok,
FAC_rank_vol_m6_n3_pairwise1,2018-08-31,CtrlVol,1.6381673244047996,136,ok,
FAC_rank_vol_m6_n3_pairwise1,2018-08-31,as_偏股混合型基金,1.7810082184942104,136,ok,
FAC_rank_vol_m6_n3_pairwise1,2018-08-31,Ctrl_log_fund_size,2.422343208081816,136,ok,
FAC_rank_vol_m6_n3_pairwise1,2018-08-31,Ctrl_fund_age,2.5600780217971724,136,ok,
FAC_rank_vol_m6_n3_pairwise1,2018-09-28,FAC_rank_vol_m6_n3_pairwise1,1.2225433303549822,136,ok,
FAC_rank_vol_m6_n3_pairwise1,2018-09-28,CtrlRetSTR,1.2775256476198853,136,ok,
FAC_rank_vol_m6_n3_pairwise1,2018-09-28,CtrlRetLTM,1.4468751937403495,136,ok,
FAC_rank_vol_m6_n3_pairwise1,2018-09-28,CtrlVol,1.2396182544769951,136,ok,
FAC_rank_vol_m6_n3_pairwise1,2018-09-28,as_偏股混合型基金,1.6121663129290857,136,ok,
FAC_rank_vol_m6_n3_pairwise1,2018-09-28,Ctrl_log_fund_size,2.3058207329831553,136,ok,
FAC_rank_vol_m6_n3_pairwise1,2018-09-28,Ctrl_fund_age,2.522844806354299,136,ok,
FAC_rank_vol_m6_n3_pairwise1,2018-10-31,FAC_rank_vol_m6_n3_pairwise1,1.7351087809917607,134,ok,
FAC_rank_vol_m6_n3_pairwise1,2018-10-31,CtrlRetSTR,1.1817590727508946,134,ok,
FAC_rank_vol_m6_n3_pairwise1,2018-10-31,CtrlRetLTM,1.8494190318638473,134,ok,
FAC_rank_vol_m6_n3_pairwise1,2018-10-31,CtrlVol,1.238365619203361,134,ok,
FAC_rank_vol_m6_n3_pairwise1,2018-10-31,as_偏股混合型基金,1.6230654782496146,134,ok,
FAC_rank_vol_m6_n3_pairwise1,2018-10-31,Ctrl_log_fund_size,2.428461165907177,134,ok,
FAC_rank_vol_m6_n3_pairwise1,2018-10-31,Ctrl_fund_age,2.7867854115241943,134,ok,
FAC_rank_vol_m6_n3_pairwise1,2018-11-30,FAC_rank_vol_m6_n3_pairwise1,1.6362224158528935,135,ok,
FAC_rank_vol_m6_n3_pairwise1,2018-11-30,CtrlRetSTR,1.1568736586677038,135,ok,
FAC_rank_vol_m6_n3_pairwise1,2018-11-30,CtrlRetLTM,1.675016500214633,135,ok,
FAC_rank_vol_m6_n3_pairwise1,2018-11-30,CtrlVol,1.2149836193269559,135,ok,
FAC_rank_vol_m6_n3_pairwise1,2018-11-30,as_偏股混合型基金,1.5768135617249146,135,ok,
FAC_rank_vol_m6_n3_pairwise1,2018-11-30,Ctrl_log_fund_size,2.370572763282296,135,ok,
FAC_rank_vol_m6_n3_pairwise1,2018-11-30,Ctrl_fund_age,2.6832073453138703,135,ok,
FAC_rank_vol_m6_n3_pairwise1,2018-12-28,FAC_rank_vol_m6_n3_pairwise1,1.4561294266375655,138,ok,
FAC_rank_vol_m6_n3_pairwise1,2018-12-28,CtrlRetSTR,1.2233468834250716,138,ok,
FAC_rank_vol_m6_n3_pairwise1,2018-12-28,CtrlRetLTM,1.5197870569723226,138,ok,
FAC_rank_vol_m6_n3_pairwise1,2018-12-28,CtrlVol,1.145749312075408,138,ok,
FAC_rank_vol_m6_n3_pairwise1,2018-12-28,as_偏股混合型基金,1.5448362690557,138,ok,
FAC_rank_vol_m6_n3_pairwise1,2018-12-28,Ctrl_log_fund_size,1.9252291110032989,138,ok,
FAC_rank_vol_m6_n3_pairwise1,2018-12-28,Ctrl_fund_age,2.2577684682722197,138,ok,
FAC_rank_vol_m6_n3_pairwise1,2019-01-31,FAC_rank_vol_m6_n3_pairwise1,1.2136597549232528,134,ok,
FAC_rank_vol_m6_n3_pairwise1,2019-01-31,CtrlRetSTR,1.3291627003958857,134,ok,
FAC_rank_vol_m6_n3_pairwise1,2019-01-31,CtrlRetLTM,1.4703080716071908,134,ok,
FAC_rank_vol_m6_n3_pairwise1,2019-01-31,CtrlVol,1.222931794263696,134,ok,
FAC_rank_vol_m6_n3_pairwise1,2019-01-31,as_偏股混合型基金,1.6475526166384296,134,ok,
FAC_rank_vol_m6_n3_pairwise1,2019-01-31,Ctrl_log_fund_size,2.0136015630851785,134,ok,
FAC_rank_vol_m6_n3_pairwise1,2019-01-31,Ctrl_fund_age,2.240247154686203,134,ok,
FAC_rank_vol_m6_n3_pairwise1,2019-02-28,FAC_rank_vol_m6_n3_pairwise1,1.1502346846509242,141,ok,
FAC_rank_vol_m6_n3_pairwise1,2019-02-28,CtrlRetSTR,1.1746553159808526,141,ok,
FAC_rank_vol_m6_n3_pairwise1,2019-02-28,CtrlRetLTM,1.165697659558458,141,ok,
FAC_rank_vol_m6_n3_pairwise1,2019-02-28,CtrlVol,1.1711126098915126,141,ok,
FAC_rank_vol_m6_n3_pairwise1,2019-02-28,as_偏股混合型基金,1.5804926525009355,141,ok,
FAC_rank_vol_m6_n3_pairwise1,2019-02-28,Ctrl_log_fund_size,2.0844666685927615,141,ok,
FAC_rank_vol_m6_n3_pairwise1,2019-02-28,Ctrl_fund_age,2.4639272335179374,141,ok,
FAC_rank_vol_m6_n3_pairwise1,2019-03-29,FAC_rank_vol_m6_n3_pairwise1,1.2980859872558346,143,ok,
FAC_rank_vol_m6_n3_pairwise1,2019-03-29,CtrlRetSTR,1.4155909736290888,143,ok,
FAC_rank_vol_m6_n3_pairwise1,2019-03-29,CtrlRetLTM,1.212749257192474,143,ok,
FAC_rank_vol_m6_n3_pairwise1,2019-03-29,CtrlVol,1.6701469699116602,143,ok,
FAC_rank_vol_m6_n3_pairwise1,2019-03-29,as_偏股混合型基金,1.7241536756781475,143,ok,
FAC_rank_vol_m6_n3_pairwise1,2019-03-29,Ctrl_log_fund_size,2.5612106154391094,143,ok,
FAC_rank_vol_m6_n3_pairwise1,2019-03-29,Ctrl_fund_age,3.2388390801798255,143,ok,
FAC_rank_vol_m6_n3_pairwise1,2019-04-30,FAC_rank_vol_m6_n3_pairwise1,1.0225262801920525,142,ok,
FAC_rank_vol_m6_n3_pairwise1,2019-04-30,CtrlRetSTR,1.2156145135967784,142,ok,
FAC_rank_vol_m6_n3_pairwise1,2019-04-30,CtrlRetLTM,1.3053044251255892,142,ok,
FAC_rank_vol_m6_n3_pairwise1,2019-04-30,CtrlVol,1.4019699601591644,142,ok,
FAC_rank_vol_m6_n3_pairwise1,2019-04-30,as_偏股混合型基金,1.6759312217556748,142,ok,
FAC_rank_vol_m6_n3_pairwise1,2019-04-30,Ctrl_log_fund_size,2.252598597526589,142,ok,
FAC_rank_vol_m6_n3_pairwise1,2019-04-30,Ctrl_fund_age,2.7525389864154586,142,ok,
FAC_rank_vol_m6_n3_pairwise1,2019-05-31,FAC_rank_vol_m6_n3_pairwise1,1.1089752518353058,144,ok,
FAC_rank_vol_m6_n3_pairwise1,2019-05-31,CtrlRetSTR,1.2571854902108388,144,ok,
FAC_rank_vol_m6_n3_pairwise1,2019-05-31,CtrlRetLTM,1.731603134804294,144,ok,
FAC_rank_vol_m6_n3_pairwise1,2019-05-31,CtrlVol,1.8647365965915534,144,ok,
FAC_rank_vol_m6_n3_pairwise1,2019-05-31,as_偏股混合型基金,1.6750222638794627,144,ok,
FAC_rank_vol_m6_n3_pairwise1,2019-05-31,Ctrl_log_fund_size,2.376591353683035,144,ok,
FAC_rank_vol_m6_n3_pairwise1,2019-05-31,Ctrl_fund_age,3.0563410820069703,144,ok,
FAC_rank_vol_m6_n3_pairwise1,2019-06-28,FAC_rank_vol_m6_n3_pairwise1,1.0544960632582405,148,ok,
FAC_rank_vol_m6_n3_pairwise1,2019-06-28,CtrlRetSTR,1.087379378606416,148,ok,
FAC_rank_vol_m6_n3_pairwise1,2019-06-28,CtrlRetLTM,1.350424792423625,148,ok,
FAC_rank_vol_m6_n3_pairwise1,2019-06-28,CtrlVol,1.4209424498405987,148,ok,
FAC_rank_vol_m6_n3_pairwise1,2019-06-28,as_偏股混合型基金,1.7363430451716941,148,ok,
FAC_rank_vol_m6_n3_pairwise1,2019-06-28,Ctrl_log_fund_size,2.817202849192823,148,ok,
FAC_rank_vol_m6_n3_pairwise1,2019-06-28,Ctrl_fund_age,3.542239809388533,148,ok,
FAC_rank_vol_m6_n3_pairwise1,2019-07-31,FAC_rank_vol_m6_n3_pairwise1,1.0190459068017352,150,ok,
FAC_rank_vol_m6_n3_pairwise1,2019-07-31,CtrlRetSTR,1.0398227385785934,150,ok,
FAC_rank_vol_m6_n3_pairwise1,2019-07-31,CtrlRetLTM,1.325965384161211,150,ok,
FAC_rank_vol_m6_n3_pairwise1,2019-07-31,CtrlVol,1.258524596458372,150,ok,
FAC_rank_vol_m6_n3_pairwise1,2019-07-31,as_偏股混合型基金,2.034364111166772,150,ok,
FAC_rank_vol_m6_n3_pairwise1,2019-07-31,Ctrl_log_fund_size,3.0837602949526195,150,ok,
FAC_rank_vol_m6_n3_pairwise1,2019-07-31,Ctrl_fund_age,3.8815611074405174,150,ok,
FAC_rank_vol_m6_n3_pairwise1,2019-08-30,FAC_rank_vol_m6_n3_pairwise1,1.047407751140372,148,ok,
FAC_rank_vol_m6_n3_pairwise1,2019-08-30,CtrlRetSTR,1.2376925188039016,148,ok,
FAC_rank_vol_m6_n3_pairwise1,2019-08-30,CtrlRetLTM,1.0738682084936395,148,ok,
FAC_rank_vol_m6_n3_pairwise1,2019-08-30,CtrlVol,1.157309625712304,148,ok,
FAC_rank_vol_m6_n3_pairwise1,2019-08-30,as_偏股混合型基金,1.9858919037121199,148,ok,
FAC_rank_vol_m6_n3_pairwise1,2019-08-30,Ctrl_log_fund_size,3.108099287359688,148,ok,
FAC_rank_vol_m6_n3_pairwise1,2019-08-30,Ctrl_fund_age,3.7971748310238924,148,ok,
FAC_rank_vol_m6_n3_pairwise1,2019-09-30,FAC_rank_vol_m6_n3_pairwise1,1.0915594116181058,150,ok,
FAC_rank_vol_m6_n3_pairwise1,2019-09-30,CtrlRetSTR,1.0700690610490473,150,ok,
FAC_rank_vol_m6_n3_pairwise1,2019-09-30,CtrlRetLTM,1.1571937630481193,150,ok,
FAC_rank_vol_m6_n3_pairwise1,2019-09-30,CtrlVol,1.20454994852163,150,ok,
FAC_rank_vol_m6_n3_pairwise1,2019-09-30,as_偏股混合型基金,1.7007269404298406,150,ok,
FAC_rank_vol_m6_n3_pairwise1,2019-09-30,Ctrl_log_fund_size,3.249776661089666,150,ok,
FAC_rank_vol_m6_n3_pairwise1,2019-09-30,Ctrl_fund_age,3.6038552066318665,150,ok,
FAC_rank_vol_m6_n3_pairwise1,2019-10-31,FAC_rank_vol_m6_n3_pairwise1,1.1291842046852039,155,ok,
FAC_rank_vol_m6_n3_pairwise1,2019-10-31,CtrlRetSTR,1.1354929200993698,155,ok,
FAC_rank_vol_m6_n3_pairwise1,2019-10-31,CtrlRetLTM,1.6585129606448463,155,ok,
FAC_rank_vol_m6_n3_pairwise1,2019-10-31,CtrlVol,1.4961371250963917,155,ok,
FAC_rank_vol_m6_n3_pairwise1,2019-10-31,as_偏股混合型基金,1.6019694541531126,155,ok,
FAC_rank_vol_m6_n3_pairwise1,2019-10-31,Ctrl_log_fund_size,3.399005211631064,155,ok,
FAC_rank_vol_m6_n3_pairwise1,2019-10-31,Ctrl_fund_age,3.5612506010784357,155,ok,
FAC_rank_vol_m6_n3_pairwise1,2019-11-29,FAC_rank_vol_m6_n3_pairwise1,1.1906014967524545,162,ok,
FAC_rank_vol_m6_n3_pairwise1,2019-11-29,CtrlRetSTR,1.2071064768413293,162,ok,
FAC_rank_vol_m6_n3_pairwise1,2019-11-29,CtrlRetLTM,1.5290349742600924,162,ok,
FAC_rank_vol_m6_n3_pairwise1,2019-11-29,CtrlVol,1.2935940703599302,162,ok,
FAC_rank_vol_m6_n3_pairwise1,2019-11-29,as_偏股混合型基金,1.517106070722302,162,ok,
FAC_rank_vol_m6_n3_pairwise1,2019-11-29,Ctrl_log_fund_size,3.359910627144525,162,ok,
FAC_rank_vol_m6_n3_pairwise1,2019-11-29,Ctrl_fund_age,3.494390917107267,162,ok,
FAC_rank_vol_m6_n3_pairwise1,2019-12-31,FAC_rank_vol_m6_n3_pairwise1,1.2299573827516275,170,ok,
FAC_rank_vol_m6_n3_pairwise1,2019-12-31,CtrlRetSTR,1.2698375819289458,170,ok,
FAC_rank_vol_m6_n3_pairwise1,2019-12-31,CtrlRetLTM,1.8557459091187725,170,ok,
FAC_rank_vol_m6_n3_pairwise1,2019-12-31,CtrlVol,1.616137029584969,170,ok,
FAC_rank_vol_m6_n3_pairwise1,2019-12-31,as_偏股混合型基金,1.4355713489302468,170,ok,
FAC_rank_vol_m6_n3_pairwise1,2019-12-31,Ctrl_log_fund_size,3.211371670003619,170,ok,
FAC_rank_vol_m6_n3_pairwise1,2019-12-31,Ctrl_fund_age,3.3205593240588174,170,ok,
FAC_rank_vol_m6_n3_pairwise1,2020-01-23,FAC_rank_vol_m6_n3_pairwise1,1.2335251149005557,173,ok,
FAC_rank_vol_m6_n3_pairwise1,2020-01-23,CtrlRetSTR,1.1135107690724872,173,ok,
FAC_rank_vol_m6_n3_pairwise1,2020-01-23,CtrlRetLTM,1.7441485936842938,173,ok,
FAC_rank_vol_m6_n3_pairwise1,2020-01-23,CtrlVol,1.8254901449787209,173,ok,
FAC_rank_vol_m6_n3_pairwise1,2020-01-23,as_偏股混合型基金,1.4675588152519354,173,ok,
FAC_rank_vol_m6_n3_pairwise1,2020-01-23,Ctrl_log_fund_size,2.973011425314155,173,ok,
FAC_rank_vol_m6_n3_pairwise1,2020-01-23,Ctrl_fund_age,3.1407554241318163,173,ok,
FAC_rank_vol_m6_n3_pairwise1,2020-02-28,FAC_rank_vol_m6_n3_pairwise1,1.2630757280935856,176,ok,
FAC_rank_vol_m6_n3_pairwise1,2020-02-28,CtrlRetSTR,1.133525662116898,176,ok,
FAC_rank_vol_m6_n3_pairwise1,2020-02-28,CtrlRetLTM,1.4253660977803633,176,ok,
FAC_rank_vol_m6_n3_pairwise1,2020-02-28,CtrlVol,1.2370333363409614,176,ok,
FAC_rank_vol_m6_n3_pairwise1,2020-02-28,as_偏股混合型基金,1.4549450457733255,176,ok,
FAC_rank_vol_m6_n3_pairwise1,2020-02-28,Ctrl_log_fund_size,2.9424055262040953,176,ok,
FAC_rank_vol_m6_n3_pairwise1,2020-02-28,Ctrl_fund_age,3.081690267731976,176,ok,
FAC_rank_vol_m6_n3_pairwise1,2020-03-31,FAC_rank_vol_m6_n3_pairwise1,1.2572660977383676,177,ok,
FAC_rank_vol_m6_n3_pairwise1,2020-03-31,CtrlRetSTR,1.041820183935525,177,ok,
FAC_rank_vol_m6_n3_pairwise1,2020-03-31,CtrlRetLTM,1.2473034162172842,177,ok,
FAC_rank_vol_m6_n3_pairwise1,2020-03-31,CtrlVol,1.1039430639895225,177,ok,
FAC_rank_vol_m6_n3_pairwise1,2020-03-31,as_偏股混合型基金,1.42705530023004,177,ok,
FAC_rank_vol_m6_n3_pairwise1,2020-03-31,Ctrl_log_fund_size,2.8775809847696348,177,ok,
FAC_rank_vol_m6_n3_pairwise1,2020-03-31,Ctrl_fund_age,2.8896439428685565,177,ok,
FAC_rank_vol_m6_n3_pairwise1,2020-04-30,FAC_rank_vol_m6_n3_pairwise1,1.2157237210481406,180,ok,
FAC_rank_vol_m6_n3_pairwise1,2020-04-30,CtrlRetSTR,1.1104944369380862,180,ok,
FAC_rank_vol_m6_n3_pairwise1,2020-04-30,CtrlRetLTM,1.2372612827517981,180,ok,
FAC_rank_vol_m6_n3_pairwise1,2020-04-30,CtrlVol,1.115768314323878,180,ok,
FAC_rank_vol_m6_n3_pairwise1,2020-04-30,as_偏股混合型基金,1.4151061834568377,180,ok,
FAC_rank_vol_m6_n3_pairwise1,2020-04-30,Ctrl_log_fund_size,2.72159986084914,180,ok,
FAC_rank_vol_m6_n3_pairwise1,2020-04-30,Ctrl_fund_age,2.806962849474183,180,ok,
FAC_rank_vol_m6_n3_pairwise1,2020-05-29,FAC_rank_vol_m6_n3_pairwise1,1.4567695579024178,188,ok,
FAC_rank_vol_m6_n3_pairwise1,2020-05-29,CtrlRetSTR,1.3094536022986172,188,ok,
FAC_rank_vol_m6_n3_pairwise1,2020-05-29,CtrlRetLTM,1.4247254910088083,188,ok,
FAC_rank_vol_m6_n3_pairwise1,2020-05-29,CtrlVol,1.6221980857378764,188,ok,
FAC_rank_vol_m6_n3_pairwise1,2020-05-29,as_偏股混合型基金,1.368563407155752,188,ok,
FAC_rank_vol_m6_n3_pairwise1,2020-05-29,Ctrl_log_fund_size,2.8256691370605225,188,ok,
FAC_rank_vol_m6_n3_pairwise1,2020-05-29,Ctrl_fund_age,2.865700055118102,188,ok,
FAC_rank_vol_m6_n3_pairwise1,2020-06-30,FAC_rank_vol_m6_n3_pairwise1,1.5811792830081226,186,ok,
FAC_rank_vol_m6_n3_pairwise1,2020-06-30,CtrlRetSTR,1.1729340449122472,186,ok,
FAC_rank_vol_m6_n3_pairwise1,2020-06-30,CtrlRetLTM,1.5917355748408275,186,ok,
FAC_rank_vol_m6_n3_pairwise1,2020-06-30,CtrlVol,1.5867947809018228,186,ok,
FAC_rank_vol_m6_n3_pairwise1,2020-06-30,as_偏股混合型基金,1.4083990943472058,186,ok,
FAC_rank_vol_m6_n3_pairwise1,2020-06-30,Ctrl_log_fund_size,2.7563550471047717,186,ok,
FAC_rank_vol_m6_n3_pairwise1,2020-06-30,Ctrl_fund_age,2.794622729521437,186,ok,
FAC_rank_vol_m6_n3_pairwise1,2020-07-31,FAC_rank_vol_m6_n3_pairwise1,1.7341178139965607,189,ok,
FAC_rank_vol_m6_n3_pairwise1,2020-07-31,CtrlRetSTR,1.0532662713446255,189,ok,
FAC_rank_vol_m6_n3_pairwise1,2020-07-31,CtrlRetLTM,2.0178176829005228,189,ok,
FAC_rank_vol_m6_n3_pairwise1,2020-07-31,CtrlVol,2.1352436356193825,189,ok,
FAC_rank_vol_m6_n3_pairwise1,2020-07-31,as_偏股混合型基金,1.3826242726984674,189,ok,
FAC_rank_vol_m6_n3_pairwise1,2020-07-31,Ctrl_log_fund_size,2.886996971743806,189,ok,
FAC_rank_vol_m6_n3_pairwise1,2020-07-31,Ctrl_fund_age,2.8807015050140183,189,ok,
FAC_rank_vol_m6_n3_pairwise1,2020-08-31,FAC_rank_vol_m6_n3_pairwise1,1.4227795817611664,195,ok,
FAC_rank_vol_m6_n3_pairwise1,2020-08-31,CtrlRetSTR,1.5884394947856122,195,ok,
FAC_rank_vol_m6_n3_pairwise1,2020-08-31,CtrlRetLTM,2.122269881258745,195,ok,
FAC_rank_vol_m6_n3_pairwise1,2020-08-31,CtrlVol,1.9874351648545052,195,ok,
FAC_rank_vol_m6_n3_pairwise1,2020-08-31,as_偏股混合型基金,1.3677188608611908,195,ok,
FAC_rank_vol_m6_n3_pairwise1,2020-08-31,Ctrl_log_fund_size,3.1441665374510945,195,ok,
FAC_rank_vol_m6_n3_pairwise1,2020-08-31,Ctrl_fund_age,3.09784290034542,195,ok,
FAC_rank_vol_m6_n3_pairwise1,2020-09-30,FAC_rank_vol_m6_n3_pairwise1,1.1992992600331722,198,ok,
FAC_rank_vol_m6_n3_pairwise1,2020-09-30,CtrlRetSTR,1.138977028633024,198,ok,
FAC_rank_vol_m6_n3_pairwise1,2020-09-30,CtrlRetLTM,1.5482913606047057,198,ok,
FAC_rank_vol_m6_n3_pairwise1,2020-09-30,CtrlVol,1.4393326896542624,198,ok,
FAC_rank_vol_m6_n3_pairwise1,2020-09-30,as_偏股混合型基金,1.3572391860283273,198,ok,
FAC_rank_vol_m6_n3_pairwise1,2020-09-30,Ctrl_log_fund_size,3.0847444883446626,198,ok,
FAC_rank_vol_m6_n3_pairwise1,2020-09-30,Ctrl_fund_age,3.0753367953597106,198,ok,
FAC_rank_vol_m6_n3_pairwise1,2020-10-30,FAC_rank_vol_m6_n3_pairwise1,1.0747683359392508,199,ok,
FAC_rank_vol_m6_n3_pairwise1,2020-10-30,CtrlRetSTR,1.0726915626157467,199,ok,
FAC_rank_vol_m6_n3_pairwise1,2020-10-30,CtrlRetLTM,1.5299825974605927,199,ok,
FAC_rank_vol_m6_n3_pairwise1,2020-10-30,CtrlVol,1.401247316307885,199,ok,
FAC_rank_vol_m6_n3_pairwise1,2020-10-30,as_偏股混合型基金,1.3695786023748733,199,ok,
FAC_rank_vol_m6_n3_pairwise1,2020-10-30,Ctrl_log_fund_size,2.8075748836789205,199,ok,
FAC_rank_vol_m6_n3_pairwise1,2020-10-30,Ctrl_fund_age,2.840939614059301,199,ok,
FAC_rank_vol_m6_n3_pairwise1,2020-11-30,FAC_rank_vol_m6_n3_pairwise1,1.164884534876653,212,ok,
FAC_rank_vol_m6_n3_pairwise1,2020-11-30,CtrlRetSTR,1.7236649685274195,212,ok,
FAC_rank_vol_m6_n3_pairwise1,2020-11-30,CtrlRetLTM,2.4194008779580303,212,ok,
FAC_rank_vol_m6_n3_pairwise1,2020-11-30,CtrlVol,1.210570352991552,212,ok,
FAC_rank_vol_m6_n3_pairwise1,2020-11-30,as_偏股混合型基金,1.3802943889522983,212,ok,
FAC_rank_vol_m6_n3_pairwise1,2020-11-30,Ctrl_log_fund_size,2.930669420075623,212,ok,
FAC_rank_vol_m6_n3_pairwise1,2020-11-30,Ctrl_fund_age,2.9508648609841925,212,ok,
FAC_rank_vol_m6_n3_pairwise1,2020-12-31,FAC_rank_vol_m6_n3_pairwise1,1.0801816713499934,218,ok,
FAC_rank_vol_m6_n3_pairwise1,2020-12-31,CtrlRetSTR,1.2766228646980333,218,ok,
FAC_rank_vol_m6_n3_pairwise1,2020-12-31,CtrlRetLTM,1.4827147427203655,218,ok,
FAC_rank_vol_m6_n3_pairwise1,2020-12-31,CtrlVol,1.337221290381379,218,ok,
FAC_rank_vol_m6_n3_pairwise1,2020-12-31,as_偏股混合型基金,1.3659231247092105,218,ok,
FAC_rank_vol_m6_n3_pairwise1,2020-12-31,Ctrl_log_fund_size,3.0384196267816828,218,ok,
FAC_rank_vol_m6_n3_pairwise1,2020-12-31,Ctrl_fund_age,2.9240086574486015,218,ok,
FAC_rank_vol_m6_n3_pairwise1,2021-01-29,FAC_rank_vol_m6_n3_pairwise1,1.065256639577159,216,ok,
FAC_rank_vol_m6_n3_pairwise1,2021-01-29,CtrlRetSTR,1.3121155694794118,216,ok,
FAC_rank_vol_m6_n3_pairwise1,2021-01-29,CtrlRetLTM,1.4742619680753144,216,ok,
FAC_rank_vol_m6_n3_pairwise1,2021-01-29,CtrlVol,1.167194351527775,216,ok,
FAC_rank_vol_m6_n3_pairwise1,2021-01-29,as_偏股混合型基金,1.3909018023820476,216,ok,
FAC_rank_vol_m6_n3_pairwise1,2021-01-29,Ctrl_log_fund_size,2.9412448424116793,216,ok,
FAC_rank_vol_m6_n3_pairwise1,2021-01-29,Ctrl_fund_age,2.7849773398799735,216,ok,
FAC_rank_vol_m6_n3_pairwise1,2021-02-26,FAC_rank_vol_m6_n3_pairwise1,1.2073361392785538,228,ok,
FAC_rank_vol_m6_n3_pairwise1,2021-02-26,CtrlRetSTR,2.0088009364458532,228,ok,
FAC_rank_vol_m6_n3_pairwise1,2021-02-26,CtrlRetLTM,1.524516883956409,228,ok,
FAC_rank_vol_m6_n3_pairwise1,2021-02-26,CtrlVol,1.6734421609267156,228,ok,
FAC_rank_vol_m6_n3_pairwise1,2021-02-26,as_偏股混合型基金,1.3228078733017303,228,ok,
FAC_rank_vol_m6_n3_pairwise1,2021-02-26,Ctrl_log_fund_size,2.826445456784062,228,ok,
FAC_rank_vol_m6_n3_pairwise1,2021-02-26,Ctrl_fund_age,2.730924958890393,228,ok,
FAC_rank_vol_m6_n3_pairwise1,2021-03-31,FAC_rank_vol_m6_n3_pairwise1,1.201664706213315,230,ok,
FAC_rank_vol_m6_n3_pairwise1,2021-03-31,CtrlRetSTR,1.3940434717978596,230,ok,
FAC_rank_vol_m6_n3_pairwise1,2021-03-31,CtrlRetLTM,1.351404909679465,230,ok,
FAC_rank_vol_m6_n3_pairwise1,2021-03-31,CtrlVol,1.3740038015648277,230,ok,
FAC_rank_vol_m6_n3_pairwise1,2021-03-31,as_偏股混合型基金,1.3363015992127283,230,ok,
FAC_rank_vol_m6_n3_pairwise1,2021-03-31,Ctrl_log_fund_size,2.8287369722806703,230,ok,
FAC_rank_vol_m6_n3_pairwise1,2021-03-31,Ctrl_fund_age,2.6999156858524658,230,ok,
FAC_rank_vol_m6_n3_pairwise1,2021-04-30,FAC_rank_vol_m6_n3_pairwise1,1.0759965737225017,241,ok,
FAC_rank_vol_m6_n3_pairwise1,2021-04-30,CtrlRetSTR,1.4802393890085788,241,ok,
FAC_rank_vol_m6_n3_pairwise1,2021-04-30,CtrlRetLTM,1.1202328986527894,241,ok,
FAC_rank_vol_m6_n3_pairwise1,2021-04-30,CtrlVol,1.4720496241719838,241,ok,
FAC_rank_vol_m6_n3_pairwise1,2021-04-30,as_偏股混合型基金,1.2700416784077464,241,ok,
FAC_rank_vol_m6_n3_pairwise1,2021-04-30,Ctrl_log_fund_size,2.5002268698551857,241,ok,
FAC_rank_vol_m6_n3_pairwise1,2021-04-30,Ctrl_fund_age,2.5447918639086615,241,ok,
FAC_rank_vol_m6_n3_pairwise1,2021-05-31,FAC_rank_vol_m6_n3_pairwise1,1.0338777297502564,259,ok,
FAC_rank_vol_m6_n3_pairwise1,2021-05-31,CtrlRetSTR,1.1987817909901821,259,ok,
FAC_rank_vol_m6_n3_pairwise1,2021-05-31,CtrlRetLTM,1.1068518505607545,259,ok,
FAC_rank_vol_m6_n3_pairwise1,2021-05-31,CtrlVol,1.2605478152399399,259,ok,
FAC_rank_vol_m6_n3_pairwise1,2021-05-31,as_偏股混合型基金,1.200296364668046,259,ok,
FAC_rank_vol_m6_n3_pairwise1,2021-05-31,Ctrl_log_fund_size,2.5454031562342787,259,ok,
FAC_rank_vol_m6_n3_pairwise1,2021-05-31,Ctrl_fund_age,2.51507251348952,259,ok,
FAC_rank_vol_m6_n3_pairwise1,2021-06-30,FAC_rank_vol_m6_n3_pairwise1,1.069743645671914,257,ok,
FAC_rank_vol_m6_n3_pairwise1,2021-06-30,CtrlRetSTR,1.4699107018563717,257,ok,
FAC_rank_vol_m6_n3_pairwise1,2021-06-30,CtrlRetLTM,1.2015923402696904,257,ok,
FAC_rank_vol_m6_n3_pairwise1,2021-06-30,CtrlVol,1.2440490370101862,257,ok,
FAC_rank_vol_m6_n3_pairwise1,2021-06-30,as_偏股混合型基金,1.1809693190888813,257,ok,
FAC_rank_vol_m6_n3_pairwise1,2021-06-30,Ctrl_log_fund_size,2.551329660292413,257,ok,
FAC_rank_vol_m6_n3_pairwise1,2021-06-30,Ctrl_fund_age,2.6047624215547374,257,ok,
FAC_rank_vol_m6_n3_pairwise1,2021-07-30,FAC_rank_vol_m6_n3_pairwise1,1.1377817147269265,264,ok,
FAC_rank_vol_m6_n3_pairwise1,2021-07-30,CtrlRetSTR,1.2013648304331683,264,ok,
FAC_rank_vol_m6_n3_pairwise1,2021-07-30,CtrlRetLTM,1.1326097134102049,264,ok,
FAC_rank_vol_m6_n3_pairwise1,2021-07-30,CtrlVol,1.16419794272799,264,ok,
FAC_rank_vol_m6_n3_pairwise1,2021-07-30,as_偏股混合型基金,1.1489291358705653,264,ok,
FAC_rank_vol_m6_n3_pairwise1,2021-07-30,Ctrl_log_fund_size,2.464247974318516,264,ok,
FAC_rank_vol_m6_n3_pairwise1,2021-07-30,Ctrl_fund_age,2.5135063978449925,264,ok,
FAC_rank_vol_m6_n3_pairwise1,2021-08-31,FAC_rank_vol_m6_n3_pairwise1,1.1041827563257733,276,ok,
FAC_rank_vol_m6_n3_pairwise1,2021-08-31,CtrlRetSTR,1.1832341323795428,276,ok,
FAC_rank_vol_m6_n3_pairwise1,2021-08-31,CtrlRetLTM,1.149615379719766,276,ok,
FAC_rank_vol_m6_n3_pairwise1,2021-08-31,CtrlVol,1.1874648810523616,276,ok,
FAC_rank_vol_m6_n3_pairwise1,2021-08-31,as_偏股混合型基金,1.1642186661585616,276,ok,
FAC_rank_vol_m6_n3_pairwise1,2021-08-31,Ctrl_log_fund_size,2.701797782564486,276,ok,
FAC_rank_vol_m6_n3_pairwise1,2021-08-31,Ctrl_fund_age,2.673089379426644,276,ok,
FAC_rank_vol_m6_n3_pairwise1,2021-09-30,FAC_rank_vol_m6_n3_pairwise1,1.2055916039408803,282,ok,
FAC_rank_vol_m6_n3_pairwise1,2021-09-30,CtrlRetSTR,1.696135498678803,282,ok,
FAC_rank_vol_m6_n3_pairwise1,2021-09-30,CtrlRetLTM,1.3455859345268872,282,ok,
FAC_rank_vol_m6_n3_pairwise1,2021-09-30,CtrlVol,1.3568757954244324,282,ok,
FAC_rank_vol_m6_n3_pairwise1,2021-09-30,as_偏股混合型基金,1.1387755046880288,282,ok,
FAC_rank_vol_m6_n3_pairwise1,2021-09-30,Ctrl_log_fund_size,2.9043488111801015,282,ok,
FAC_rank_vol_m6_n3_pairwise1,2021-09-30,Ctrl_fund_age,2.895913863209642,282,ok,
FAC_rank_vol_m6_n3_pairwise1,2021-10-29,FAC_rank_vol_m6_n3_pairwise1,1.4145107955181535,289,ok,
FAC_rank_vol_m6_n3_pairwise1,2021-10-29,CtrlRetSTR,1.219437361172786,289,ok,
FAC_rank_vol_m6_n3_pairwise1,2021-10-29,CtrlRetLTM,1.098889634528449,289,ok,
FAC_rank_vol_m6_n3_pairwise1,2021-10-29,CtrlVol,1.4790055402698778,289,ok,
FAC_rank_vol_m6_n3_pairwise1,2021-10-29,as_偏股混合型基金,1.145688401908115,289,ok,
FAC_rank_vol_m6_n3_pairwise1,2021-10-29,Ctrl_log_fund_size,3.1358024894705037,289,ok,
FAC_rank_vol_m6_n3_pairwise1,2021-10-29,Ctrl_fund_age,3.13105514749401,289,ok,
FAC_rank_vol_m6_n3_pairwise1,2021-11-30,FAC_rank_vol_m6_n3_pairwise1,1.2994624503230052,301,ok,
FAC_rank_vol_m6_n3_pairwise1,2021-11-30,CtrlRetSTR,1.1222689782369568,301,ok,
FAC_rank_vol_m6_n3_pairwise1,2021-11-30,CtrlRetLTM,1.3132070931798567,301,ok,
FAC_rank_vol_m6_n3_pairwise1,2021-11-30,CtrlVol,1.6152811102840703,301,ok,
FAC_rank_vol_m6_n3_pairwise1,2021-11-30,as_偏股混合型基金,1.1605630502213236,301,ok,
FAC_rank_vol_m6_n3_pairwise1,2021-11-30,Ctrl_log_fund_size,3.4279090897687396,301,ok,
FAC_rank_vol_m6_n3_pairwise1,2021-11-30,Ctrl_fund_age,3.3923942832925293,301,ok,
FAC_rank_vol_m6_n3_pairwise1,2021-12-31,FAC_rank_vol_m6_n3_pairwise1,1.3706922458449995,298,ok,
FAC_rank_vol_m6_n3_pairwise1,2021-12-31,CtrlRetSTR,1.6714616922870509,298,ok,
FAC_rank_vol_m6_n3_pairwise1,2021-12-31,CtrlRetLTM,1.3151082739515392,298,ok,
FAC_rank_vol_m6_n3_pairwise1,2021-12-31,CtrlVol,1.7042604656934721,298,ok,
FAC_rank_vol_m6_n3_pairwise1,2021-12-31,as_偏股混合型基金,1.14415735446849,298,ok,
FAC_rank_vol_m6_n3_pairwise1,2021-12-31,Ctrl_log_fund_size,3.569981568010668,298,ok,
FAC_rank_vol_m6_n3_pairwise1,2021-12-31,Ctrl_fund_age,3.521938948675926,298,ok,
FAC_rank_vol_m6_n3_pairwise1,2022-01-28,FAC_rank_vol_m6_n3_pairwise1,2.0412235573884328,305,ok,
FAC_rank_vol_m6_n3_pairwise1,2022-01-28,CtrlRetSTR,1.5065791035473004,305,ok,
FAC_rank_vol_m6_n3_pairwise1,2022-01-28,CtrlRetLTM,1.420484320883803,305,ok,
FAC_rank_vol_m6_n3_pairwise1,2022-01-28,CtrlVol,2.19300461282659,305,ok,
FAC_rank_vol_m6_n3_pairwise1,2022-01-28,as_偏股混合型基金,1.105335774200762,305,ok,
FAC_rank_vol_m6_n3_pairwise1,2022-01-28,Ctrl_log_fund_size,3.2609301552195866,305,ok,
FAC_rank_vol_m6_n3_pairwise1,2022-01-28,Ctrl_fund_age,3.2093401103222567,305,ok,
FAC_rank_vol_m6_n3_pairwise1,2022-02-28,FAC_rank_vol_m6_n3_pairwise1,1.65629420996388,320,ok,
FAC_rank_vol_m6_n3_pairwise1,2022-02-28,CtrlRetSTR,1.6300570076089242,320,ok,
FAC_rank_vol_m6_n3_pairwise1,2022-02-28,CtrlRetLTM,1.7754751523870553,320,ok,
FAC_rank_vol_m6_n3_pairwise1,2022-02-28,CtrlVol,2.085969371733101,320,ok,
FAC_rank_vol_m6_n3_pairwise1,2022-02-28,as_偏股混合型基金,1.09690088817892,320,ok,
FAC_rank_vol_m6_n3_pairwise1,2022-02-28,Ctrl_log_fund_size,3.4463394108478225,320,ok,
FAC_rank_vol_m6_n3_pairwise1,2022-02-28,Ctrl_fund_age,3.202754542207099,320,ok,
FAC_rank_vol_m6_n3_pairwise1,2022-03-31,FAC_rank_vol_m6_n3_pairwise1,1.414607577003251,328,ok,
FAC_rank_vol_m6_n3_pairwise1,2022-03-31,CtrlRetSTR,1.551441779668997,328,ok,
FAC_rank_vol_m6_n3_pairwise1,2022-03-31,CtrlRetLTM,2.312460877651482,328,ok,
FAC_rank_vol_m6_n3_pairwise1,2022-03-31,CtrlVol,1.9385456313612568,328,ok,
FAC_rank_vol_m6_n3_pairwise1,2022-03-31,as_偏股混合型基金,1.0952856784437628,328,ok,
FAC_rank_vol_m6_n3_pairwise1,2022-03-31,Ctrl_log_fund_size,3.138211058357718,328,ok,
FAC_rank_vol_m6_n3_pairwise1,2022-03-31,Ctrl_fund_age,2.9768110739073372,328,ok,
FAC_rank_vol_m6_n3_pairwise1,2022-04-29,FAC_rank_vol_m6_n3_pairwise1,1.0979848650586919,352,ok,
FAC_rank_vol_m6_n3_pairwise1,2022-04-29,CtrlRetSTR,1.756127780054619,352,ok,
FAC_rank_vol_m6_n3_pairwise1,2022-04-29,CtrlRetLTM,2.012961709917193,352,ok,
FAC_rank_vol_m6_n3_pairwise1,2022-04-29,CtrlVol,1.9386093170448127,352,ok,
FAC_rank_vol_m6_n3_pairwise1,2022-04-29,as_偏股混合型基金,1.0465846716334057,352,ok,
FAC_rank_vol_m6_n3_pairwise1,2022-04-29,Ctrl_log_fund_size,2.9508884153031762,352,ok,
FAC_rank_vol_m6_n3_pairwise1,2022-04-29,Ctrl_fund_age,2.881523741940346,352,ok,
FAC_rank_vol_m6_n3_pairwise1,2022-05-31,FAC_rank_vol_m6_n3_pairwise1,1.091969334190345,371,ok,
FAC_rank_vol_m6_n3_pairwise1,2022-05-31,CtrlRetSTR,1.5209298617606057,371,ok,
FAC_rank_vol_m6_n3_pairwise1,2022-05-31,CtrlRetLTM,1.6834919325300506,371,ok,
FAC_rank_vol_m6_n3_pairwise1,2022-05-31,CtrlVol,1.8155026657575706,371,ok,
FAC_rank_vol_m6_n3_pairwise1,2022-05-31,as_偏股混合型基金,1.0419846846727718,371,ok,
FAC_rank_vol_m6_n3_pairwise1,2022-05-31,Ctrl_log_fund_size,3.153407366358389,371,ok,
FAC_rank_vol_m6_n3_pairwise1,2022-05-31,Ctrl_fund_age,2.9523265284863287,371,ok,
FAC_rank_vol_m6_n3_pairwise1,2022-06-30,FAC_rank_vol_m6_n3_pairwise1,1.1754703372746242,378,ok,
FAC_rank_vol_m6_n3_pairwise1,2022-06-30,CtrlRetSTR,1.3084997038530126,378,ok,
FAC_rank_vol_m6_n3_pairwise1,2022-06-30,CtrlRetLTM,1.3929293829553566,378,ok,
FAC_rank_vol_m6_n3_pairwise1,2022-06-30,CtrlVol,1.4686164386720306,378,ok,
FAC_rank_vol_m6_n3_pairwise1,2022-06-30,as_偏股混合型基金,1.0327191517950745,378,ok,
FAC_rank_vol_m6_n3_pairwise1,2022-06-30,Ctrl_log_fund_size,3.163465847751116,378,ok,
FAC_rank_vol_m6_n3_pairwise1,2022-06-30,Ctrl_fund_age,2.9355465721388287,378,ok,
FAC_rank_vol_m6_n6_pairwise1,2005-07-29,FAC_rank_vol_m6_n6_pairwise1,,0,skipped,完整变量样本数小于 min_cross_section_n
FAC_rank_vol_m6_n6_pairwise1,2005-07-29,CtrlRetSTR,,0,skipped,完整变量样本数小于 min_cross_section_n
FAC_rank_vol_m6_n6_pairwise1,2005-07-29,CtrlRetLTM,,0,skipped,完整变量样本数小于 min_cross_section_n
FAC_rank_vol_m6_n6_pairwise1,2005-07-29,CtrlVol,,0,skipped,完整变量样本数小于 min_cross_section_n
FAC_rank_vol_m6_n6_pairwise1,2005-07-29,as_偏股混合型基金,,0,skipped,完整变量样本数小于 min_cross_section_n
FAC_rank_vol_m6_n6_pairwise1,2005-07-29,Ctrl_log_fund_size,,0,skipped,完整变量样本数小于 min_cross_section_n
FAC_rank_vol_m6_n6_pairwise1,2005-07-29,Ctrl_fund_age,,0,skipped,完整变量样本数小于 min_cross_section_n
FAC_rank_vol_m6_n6_pairwise1,2006-06-30,FAC_rank_vol_m6_n6_pairwise1,,1,skipped,完整变量样本数小于 min_cross_section_n
FAC_rank_vol_m6_n6_pairwise1,2006-06-30,CtrlRetSTR,,1,skipped,完整变量样本数小于 min_cross_section_n
FAC_rank_vol_m6_n6_pairwise1,2006-06-30,CtrlRetLTM,,1,skipped,完整变量样本数小于 min_cross_section_n
FAC_rank_vol_m6_n6_pairwise1,2006-06-30,CtrlVol,,1,skipped,完整变量样本数小于 min_cross_section_n
FAC_rank_vol_m6_n6_pairwise1,2006-06-30,as_偏股混合型基金,,1,skipped,完整变量样本数小于 min_cross_section_n
FAC_rank_vol_m6_n6_pairwise1,2006-06-30,Ctrl_log_fund_size,,1,skipped,完整变量样本数小于 min_cross_section_n
FAC_rank_vol_m6_n6_pairwise1,2006-06-30,Ctrl_fund_age,,1,skipped,完整变量样本数小于 min_cross_section_n
FAC_rank_vol_m6_n6_pairwise1,2006-07-31,FAC_rank_vol_m6_n6_pairwise1,,3,skipped,完整变量样本数小于 min_cross_section_n
FAC_rank_vol_m6_n6_pairwise1,2006-07-31,CtrlRetSTR,,3,skipped,完整变量样本数小于 min_cross_section_n
FAC_rank_vol_m6_n6_pairwise1,2006-07-31,CtrlRetLTM,,3,skipped,完整变量样本数小于 min_cross_section_n
FAC_rank_vol_m6_n6_pairwise1,2006-07-31,CtrlVol,,3,skipped,完整变量样本数小于 min_cross_section_n
FAC_rank_vol_m6_n6_pairwise1,2006-07-31,as_偏股混合型基金,,3,skipped,完整变量样本数小于 min_cross_section_n
FAC_rank_vol_m6_n6_pairwise1,2006-07-31,Ctrl_log_fund_size,,3,skipped,完整变量样本数小于 min_cross_section_n
FAC_rank_vol_m6_n6_pairwise1,2006-07-31,Ctrl_fund_age,,3,skipped,完整变量样本数小于 min_cross_section_n
FAC_rank_vol_m6_n6_pairwise1,2006-08-31,FAC_rank_vol_m6_n6_pairwise1,,2,skipped,完整变量样本数小于 min_cross_section_n
FAC_rank_vol_m6_n6_pairwise1,2006-08-31,CtrlRetSTR,,2,skipped,完整变量样本数小于 min_cross_section_n
FAC_rank_vol_m6_n6_pairwise1,2006-08-31,CtrlRetLTM,,2,skipped,完整变量样本数小于 min_cross_section_n
FAC_rank_vol_m6_n6_pairwise1,2006-08-31,CtrlVol,,2,skipped,完整变量样本数小于 min_cross_section_n
FAC_rank_vol_m6_n6_pairwise1,2006-08-31,as_偏股混合型基金,,2,skipped,完整变量样本数小于 min_cross_section_n
FAC_rank_vol_m6_n6_pairwise1,2006-08-31,Ctrl_log_fund_size,,2,skipped,完整变量样本数小于 min_cross_section_n
FAC_rank_vol_m6_n6_pairwise1,2006-08-31,Ctrl_fund_age,,2,skipped,完整变量样本数小于 min_cross_section_n
FAC_rank_vol_m6_n6_pairwise1,2006-09-29,FAC_rank_vol_m6_n6_pairwise1,,2,skipped,完整变量样本数小于 min_cross_section_n
FAC_rank_vol_m6_n6_pairwise1,2006-09-29,CtrlRetSTR,,2,skipped,完整变量样本数小于 min_cross_section_n
FAC_rank_vol_m6_n6_pairwise1,2006-09-29,CtrlRetLTM,,2,skipped,完整变量样本数小于 min_cross_section_n
FAC_rank_vol_m6_n6_pairwise1,2006-09-29,CtrlVol,,2,skipped,完整变量样本数小于 min_cross_section_n
FAC_rank_vol_m6_n6_pairwise1,2006-09-29,as_偏股混合型基金,,2,skipped,完整变量样本数小于 min_cross_section_n
FAC_rank_vol_m6_n6_pairwise1,2006-09-29,Ctrl_log_fund_size,,2,skipped,完整变量样本数小于 min_cross_section_n
FAC_rank_vol_m6_n6_pairwise1,2006-09-29,Ctrl_fund_age,,2,skipped,完整变量样本数小于 min_cross_section_n
FAC_rank_vol_m6_n6_pairwise1,2006-10-31,FAC_rank_vol_m6_n6_pairwise1,,2,skipped,完整变量样本数小于 min_cross_section_n
FAC_rank_vol_m6_n6_pairwise1,2006-10-31,CtrlRetSTR,,2,skipped,完整变量样本数小于 min_cross_section_n
FAC_rank_vol_m6_n6_pairwise1,2006-10-31,CtrlRetLTM,,2,skipped,完整变量样本数小于 min_cross_section_n
FAC_rank_vol_m6_n6_pairwise1,2006-10-31,CtrlVol,,2,skipped,完整变量样本数小于 min_cross_section_n
FAC_rank_vol_m6_n6_pairwise1,2006-10-31,as_偏股混合型基金,,2,skipped,完整变量样本数小于 min_cross_section_n
FAC_rank_vol_m6_n6_pairwise1,2006-10-31,Ctrl_log_fund_size,,2,skipped,完整变量样本数小于 min_cross_section_n
FAC_rank_vol_m6_n6_pairwise1,2006-10-31,Ctrl_fund_age,,2,skipped,完整变量样本数小于 min_cross_section_n
FAC_rank_vol_m6_n6_pairwise1,2006-11-30,FAC_rank_vol_m6_n6_pairwise1,,2,skipped,完整变量样本数小于 min_cross_section_n
FAC_rank_vol_m6_n6_pairwise1,2006-11-30,CtrlRetSTR,,2,skipped,完整变量样本数小于 min_cross_section_n
FAC_rank_vol_m6_n6_pairwise1,2006-11-30,CtrlRetLTM,,2,skipped,完整变量样本数小于 min_cross_section_n
FAC_rank_vol_m6_n6_pairwise1,2006-11-30,CtrlVol,,2,skipped,完整变量样本数小于 min_cross_section_n
FAC_rank_vol_m6_n6_pairwise1,2006-11-30,as_偏股混合型基金,,2,skipped,完整变量样本数小于 min_cross_section_n
FAC_rank_vol_m6_n6_pairwise1,2006-11-30,Ctrl_log_fund_size,,2,skipped,完整变量样本数小于 min_cross_section_n
FAC_rank_vol_m6_n6_pairwise1,2006-11-30,Ctrl_fund_age,,2,skipped,完整变量样本数小于 min_cross_section_n
FAC_rank_vol_m6_n6_pairwise1,2006-12-29,FAC_rank_vol_m6_n6_pairwise1,,2,skipped,完整变量样本数小于 min_cross_section_n
FAC_rank_vol_m6_n6_pairwise1,2006-12-29,CtrlRetSTR,,2,skipped,完整变量样本数小于 min_cross_section_n
FAC_rank_vol_m6_n6_pairwise1,2006-12-29,CtrlRetLTM,,2,skipped,完整变量样本数小于 min_cross_section_n
FAC_rank_vol_m6_n6_pairwise1,2006-12-29,CtrlVol,,2,skipped,完整变量样本数小于 min_cross_section_n
FAC_rank_vol_m6_n6_pairwise1,2006-12-29,as_偏股混合型基金,,2,skipped,完整变量样本数小于 min_cross_section_n
FAC_rank_vol_m6_n6_pairwise1,2006-12-29,Ctrl_log_fund_size,,2,skipped,完整变量样本数小于 min_cross_section_n
FAC_rank_vol_m6_n6_pairwise1,2006-12-29,Ctrl_fund_age,,2,skipped,完整变量样本数小于 min_cross_section_n
FAC_rank_vol_m6_n6_pairwise1,2007-01-31,FAC_rank_vol_m6_n6_pairwise1,,2,skipped,完整变量样本数小于 min_cross_section_n
FAC_rank_vol_m6_n6_pairwise1,2007-01-31,CtrlRetSTR,,2,skipped,完整变量样本数小于 min_cross_section_n
FAC_rank_vol_m6_n6_pairwise1,2007-01-31,CtrlRetLTM,,2,skipped,完整变量样本数小于 min_cross_section_n
FAC_rank_vol_m6_n6_pairwise1,2007-01-31,CtrlVol,,2,skipped,完整变量样本数小于 min_cross_section_n
FAC_rank_vol_m6_n6_pairwise1,2007-01-31,as_偏股混合型基金,,2,skipped,完整变量样本数小于 min_cross_section_n
FAC_rank_vol_m6_n6_pairwise1,2007-01-31,Ctrl_log_fund_size,,2,skipped,完整变量样本数小于 min_cross_section_n
FAC_rank_vol_m6_n6_pairwise1,2007-01-31,Ctrl_fund_age,,2,skipped,完整变量样本数小于 min_cross_section_n
FAC_rank_vol_m6_n6_pairwise1,2007-02-28,FAC_rank_vol_m6_n6_pairwise1,,3,skipped,完整变量样本数小于 min_cross_section_n
FAC_rank_vol_m6_n6_pairwise1,2007-02-28,CtrlRetSTR,,3,skipped,完整变量样本数小于 min_cross_section_n
FAC_rank_vol_m6_n6_pairwise1,2007-02-28,CtrlRetLTM,,3,skipped,完整变量样本数小于 min_cross_section_n
FAC_rank_vol_m6_n6_pairwise1,2007-02-28,CtrlVol,,3,skipped,完整变量样本数小于 min_cross_section_n
FAC_rank_vol_m6_n6_pairwise1,2007-02-28,as_偏股混合型基金,,3,skipped,完整变量样本数小于 min_cross_section_n
FAC_rank_vol_m6_n6_pairwise1,2007-02-28,Ctrl_log_fund_size,,3,skipped,完整变量样本数小于 min_cross_section_n
FAC_rank_vol_m6_n6_pairwise1,2007-02-28,Ctrl_fund_age,,3,skipped,完整变量样本数小于 min_cross_section_n
FAC_rank_vol_m6_n6_pairwise1,2007-03-30,FAC_rank_vol_m6_n6_pairwise1,,3,skipped,完整变量样本数小于 min_cross_section_n
FAC_rank_vol_m6_n6_pairwise1,2007-03-30,CtrlRetSTR,,3,skipped,完整变量样本数小于 min_cross_section_n
FAC_rank_vol_m6_n6_pairwise1,2007-03-30,CtrlRetLTM,,3,skipped,完整变量样本数小于 min_cross_section_n
FAC_rank_vol_m6_n6_pairwise1,2007-03-30,CtrlVol,,3,skipped,完整变量样本数小于 min_cross_section_n
FAC_rank_vol_m6_n6_pairwise1,2007-03-30,as_偏股混合型基金,,3,skipped,完整变量样本数小于 min_cross_section_n
FAC_rank_vol_m6_n6_pairwise1,2007-03-30,Ctrl_log_fund_size,,3,skipped,完整变量样本数小于 min_cross_section_n
FAC_rank_vol_m6_n6_pairwise1,2007-03-30,Ctrl_fund_age,,3,skipped,完整变量样本数小于 min_cross_section_n
FAC_rank_vol_m6_n6_pairwise1,2007-04-30,FAC_rank_vol_m6_n6_pairwise1,,2,skipped,完整变量样本数小于 min_cross_section_n
FAC_rank_vol_m6_n6_pairwise1,2007-04-30,CtrlRetSTR,,2,skipped,完整变量样本数小于 min_cross_section_n
FAC_rank_vol_m6_n6_pairwise1,2007-04-30,CtrlRetLTM,,2,skipped,完整变量样本数小于 min_cross_section_n
FAC_rank_vol_m6_n6_pairwise1,2007-04-30,CtrlVol,,2,skipped,完整变量样本数小于 min_cross_section_n
FAC_rank_vol_m6_n6_pairwise1,2007-04-30,as_偏股混合型基金,,2,skipped,完整变量样本数小于 min_cross_section_n
FAC_rank_vol_m6_n6_pairwise1,2007-04-30,Ctrl_log_fund_size,,2,skipped,完整变量样本数小于 min_cross_section_n
FAC_rank_vol_m6_n6_pairwise1,2007-04-30,Ctrl_fund_age,,2,skipped,完整变量样本数小于 min_cross_section_n
FAC_rank_vol_m6_n6_pairwise1,2007-05-31,FAC_rank_vol_m6_n6_pairwise1,,2,skipped,完整变量样本数小于 min_cross_section_n
FAC_rank_vol_m6_n6_pairwise1,2007-05-31,CtrlRetSTR,,2,skipped,完整变量样本数小于 min_cross_section_n
FAC_rank_vol_m6_n6_pairwise1,2007-05-31,CtrlRetLTM,,2,skipped,完整变量样本数小于 min_cross_section_n
FAC_rank_vol_m6_n6_pairwise1,2007-05-31,CtrlVol,,2,skipped,完整变量样本数小于 min_cross_section_n
FAC_rank_vol_m6_n6_pairwise1,2007-05-31,as_偏股混合型基金,,2,skipped,完整变量样本数小于 min_cross_section_n
FAC_rank_vol_m6_n6_pairwise1,2007-05-31,Ctrl_log_fund_size,,2,skipped,完整变量样本数小于 min_cross_section_n
FAC_rank_vol_m6_n6_pairwise1,2007-05-31,Ctrl_fund_age,,2,skipped,完整变量样本数小于 min_cross_section_n
FAC_rank_vol_m6_n6_pairwise1,2007-06-29,FAC_rank_vol_m6_n6_pairwise1,,2,skipped,完整变量样本数小于 min_cross_section_n
FAC_rank_vol_m6_n6_pairwise1,2007-06-29,CtrlRetSTR,,2,skipped,完整变量样本数小于 min_cross_section_n
FAC_rank_vol_m6_n6_pairwise1,2007-06-29,CtrlRetLTM,,2,skipped,完整变量样本数小于 min_cross_section_n
FAC_rank_vol_m6_n6_pairwise1,2007-06-29,CtrlVol,,2,skipped,完整变量样本数小于 min_cross_section_n
FAC_rank_vol_m6_n6_pairwise1,2007-06-29,as_偏股混合型基金,,2,skipped,完整变量样本数小于 min_cross_section_n
FAC_rank_vol_m6_n6_pairwise1,2007-06-29,Ctrl_log_fund_size,,2,skipped,完整变量样本数小于 min_cross_section_n
FAC_rank_vol_m6_n6_pairwise1,2007-06-29,Ctrl_fund_age,,2,skipped,完整变量样本数小于 min_cross_section_n
FAC_rank_vol_m6_n6_pairwise1,2007-07-31,FAC_rank_vol_m6_n6_pairwise1,,2,skipped,完整变量样本数小于 min_cross_section_n
FAC_rank_vol_m6_n6_pairwise1,2007-07-31,CtrlRetSTR,,2,skipped,完整变量样本数小于 min_cross_section_n
FAC_rank_vol_m6_n6_pairwise1,2007-07-31,CtrlRetLTM,,2,skipped,完整变量样本数小于 min_cross_section_n
FAC_rank_vol_m6_n6_pairwise1,2007-07-31,CtrlVol,,2,skipped,完整变量样本数小于 min_cross_section_n
FAC_rank_vol_m6_n6_pairwise1,2007-07-31,as_偏股混合型基金,,2,skipped,完整变量样本数小于 min_cross_section_n
FAC_rank_vol_m6_n6_pairwise1,2007-07-31,Ctrl_log_fund_size,,2,skipped,完整变量样本数小于 min_cross_section_n
FAC_rank_vol_m6_n6_pairwise1,2007-07-31,Ctrl_fund_age,,2,skipped,完整变量样本数小于 min_cross_section_n
FAC_rank_vol_m6_n6_pairwise1,2007-08-31,FAC_rank_vol_m6_n6_pairwise1,,2,skipped,完整变量样本数小于 min_cross_section_n
FAC_rank_vol_m6_n6_pairwise1,2007-08-31,CtrlRetSTR,,2,skipped,完整变量样本数小于 min_cross_section_n
FAC_rank_vol_m6_n6_pairwise1,2007-08-31,CtrlRetLTM,,2,skipped,完整变量样本数小于 min_cross_section_n
FAC_rank_vol_m6_n6_pairwise1,2007-08-31,CtrlVol,,2,skipped,完整变量样本数小于 min_cross_section_n
FAC_rank_vol_m6_n6_pairwise1,2007-08-31,as_偏股混合型基金,,2,skipped,完整变量样本数小于 min_cross_section_n
FAC_rank_vol_m6_n6_pairwise1,2007-08-31,Ctrl_log_fund_size,,2,skipped,完整变量样本数小于 min_cross_section_n
FAC_rank_vol_m6_n6_pairwise1,2007-08-31,Ctrl_fund_age,,2,skipped,完整变量样本数小于 min_cross_section_n
FAC_rank_vol_m6_n6_pairwise1,2007-09-28,FAC_rank_vol_m6_n6_pairwise1,,2,skipped,完整变量样本数小于 min_cross_section_n
FAC_rank_vol_m6_n6_pairwise1,2007-09-28,CtrlRetSTR,,2,skipped,完整变量样本数小于 min_cross_section_n
FAC_rank_vol_m6_n6_pairwise1,2007-09-28,CtrlRetLTM,,2,skipped,完整变量样本数小于 min_cross_section_n
FAC_rank_vol_m6_n6_pairwise1,2007-09-28,CtrlVol,,2,skipped,完整变量样本数小于 min_cross_section_n
FAC_rank_vol_m6_n6_pairwise1,2007-09-28,as_偏股混合型基金,,2,skipped,完整变量样本数小于 min_cross_section_n
FAC_rank_vol_m6_n6_pairwise1,2007-09-28,Ctrl_log_fund_size,,2,skipped,完整变量样本数小于 min_cross_section_n
FAC_rank_vol_m6_n6_pairwise1,2007-09-28,Ctrl_fund_age,,2,skipped,完整变量样本数小于 min_cross_section_n
FAC_rank_vol_m6_n6_pairwise1,2007-10-31,FAC_rank_vol_m6_n6_pairwise1,,4,skipped,完整变量样本数小于 min_cross_section_n
FAC_rank_vol_m6_n6_pairwise1,2007-10-31,CtrlRetSTR,,4,skipped,完整变量样本数小于 min_cross_section_n
FAC_rank_vol_m6_n6_pairwise1,2007-10-31,CtrlRetLTM,,4,skipped,完整变量样本数小于 min_cross_section_n
FAC_rank_vol_m6_n6_pairwise1,2007-10-31,CtrlVol,,4,skipped,完整变量样本数小于 min_cross_section_n
FAC_rank_vol_m6_n6_pairwise1,2007-10-31,as_偏股混合型基金,,4,skipped,完整变量样本数小于 min_cross_section_n
FAC_rank_vol_m6_n6_pairwise1,2007-10-31,Ctrl_log_fund_size,,4,skipped,完整变量样本数小于 min_cross_section_n
FAC_rank_vol_m6_n6_pairwise1,2007-10-31,Ctrl_fund_age,,4,skipped,完整变量样本数小于 min_cross_section_n
FAC_rank_vol_m6_n6_pairwise1,2007-11-30,FAC_rank_vol_m6_n6_pairwise1,,5,skipped,完整变量样本数小于 min_cross_section_n
FAC_rank_vol_m6_n6_pairwise1,2007-11-30,CtrlRetSTR,,5,skipped,完整变量样本数小于 min_cross_section_n
FAC_rank_vol_m6_n6_pairwise1,2007-11-30,CtrlRetLTM,,5,skipped,完整变量样本数小于 min_cross_section_n
FAC_rank_vol_m6_n6_pairwise1,2007-11-30,CtrlVol,,5,skipped,完整变量样本数小于 min_cross_section_n
FAC_rank_vol_m6_n6_pairwise1,2007-11-30,as_偏股混合型基金,,5,skipped,完整变量样本数小于 min_cross_section_n
FAC_rank_vol_m6_n6_pairwise1,2007-11-30,Ctrl_log_fund_size,,5,skipped,完整变量样本数小于 min_cross_section_n
FAC_rank_vol_m6_n6_pairwise1,2007-11-30,Ctrl_fund_age,,5,skipped,完整变量样本数小于 min_cross_section_n
FAC_rank_vol_m6_n6_pairwise1,2007-12-28,FAC_rank_vol_m6_n6_pairwise1,,5,skipped,完整变量样本数小于 min_cross_section_n
FAC_rank_vol_m6_n6_pairwise1,2007-12-28,CtrlRetSTR,,5,skipped,完整变量样本数小于 min_cross_section_n
FAC_rank_vol_m6_n6_pairwise1,2007-12-28,CtrlRetLTM,,5,skipped,完整变量样本数小于 min_cross_section_n
FAC_rank_vol_m6_n6_pairwise1,2007-12-28,CtrlVol,,5,skipped,完整变量样本数小于 min_cross_section_n
FAC_rank_vol_m6_n6_pairwise1,2007-12-28,as_偏股混合型基金,,5,skipped,完整变量样本数小于 min_cross_section_n
FAC_rank_vol_m6_n6_pairwise1,2007-12-28,Ctrl_log_fund_size,,5,skipped,完整变量样本数小于 min_cross_section_n
FAC_rank_vol_m6_n6_pairwise1,2007-12-28,Ctrl_fund_age,,5,skipped,完整变量样本数小于 min_cross_section_n
FAC_rank_vol_m6_n6_pairwise1,2008-01-31,FAC_rank_vol_m6_n6_pairwise1,,5,skipped,完整变量样本数小于 min_cross_section_n
FAC_rank_vol_m6_n6_pairwise1,2008-01-31,CtrlRetSTR,,5,skipped,完整变量样本数小于 min_cross_section_n
FAC_rank_vol_m6_n6_pairwise1,2008-01-31,CtrlRetLTM,,5,skipped,完整变量样本数小于 min_cross_section_n
FAC_rank_vol_m6_n6_pairwise1,2008-01-31,CtrlVol,,5,skipped,完整变量样本数小于 min_cross_section_n
FAC_rank_vol_m6_n6_pairwise1,2008-01-31,as_偏股混合型基金,,5,skipped,完整变量样本数小于 min_cross_section_n
FAC_rank_vol_m6_n6_pairwise1,2008-01-31,Ctrl_log_fund_size,,5,skipped,完整变量样本数小于 min_cross_section_n
FAC_rank_vol_m6_n6_pairwise1,2008-01-31,Ctrl_fund_age,,5,skipped,完整变量样本数小于 min_cross_section_n
FAC_rank_vol_m6_n6_pairwise1,2008-02-29,FAC_rank_vol_m6_n6_pairwise1,,5,skipped,完整变量样本数小于 min_cross_section_n
FAC_rank_vol_m6_n6_pairwise1,2008-02-29,CtrlRetSTR,,5,skipped,完整变量样本数小于 min_cross_section_n
FAC_rank_vol_m6_n6_pairwise1,2008-02-29,CtrlRetLTM,,5,skipped,完整变量样本数小于 min_cross_section_n
FAC_rank_vol_m6_n6_pairwise1,2008-02-29,CtrlVol,,5,skipped,完整变量样本数小于 min_cross_section_n
FAC_rank_vol_m6_n6_pairwise1,2008-02-29,as_偏股混合型基金,,5,skipped,完整变量样本数小于 min_cross_section_n
FAC_rank_vol_m6_n6_pairwise1,2008-02-29,Ctrl_log_fund_size,,5,skipped,完整变量样本数小于 min_cross_section_n
FAC_rank_vol_m6_n6_pairwise1,2008-02-29,Ctrl_fund_age,,5,skipped,完整变量样本数小于 min_cross_section_n
FAC_rank_vol_m6_n6_pairwise1,2008-03-31,FAC_rank_vol_m6_n6_pairwise1,,5,skipped,完整变量样本数小于 min_cross_section_n
FAC_rank_vol_m6_n6_pairwise1,2008-03-31,CtrlRetSTR,,5,skipped,完整变量样本数小于 min_cross_section_n
FAC_rank_vol_m6_n6_pairwise1,2008-03-31,CtrlRetLTM,,5,skipped,完整变量样本数小于 min_cross_section_n
FAC_rank_vol_m6_n6_pairwise1,2008-03-31,CtrlVol,,5,skipped,完整变量样本数小于 min_cross_section_n
FAC_rank_vol_m6_n6_pairwise1,2008-03-31,as_偏股混合型基金,,5,skipped,完整变量样本数小于 min_cross_section_n
FAC_rank_vol_m6_n6_pairwise1,2008-03-31,Ctrl_log_fund_size,,5,skipped,完整变量样本数小于 min_cross_section_n
FAC_rank_vol_m6_n6_pairwise1,2008-03-31,Ctrl_fund_age,,5,skipped,完整变量样本数小于 min_cross_section_n
FAC_rank_vol_m6_n6_pairwise1,2008-04-30,FAC_rank_vol_m6_n6_pairwise1,,5,skipped,完整变量样本数小于 min_cross_section_n
FAC_rank_vol_m6_n6_pairwise1,2008-04-30,CtrlRetSTR,,5,skipped,完整变量样本数小于 min_cross_section_n
FAC_rank_vol_m6_n6_pairwise1,2008-04-30,CtrlRetLTM,,5,skipped,完整变量样本数小于 min_cross_section_n
FAC_rank_vol_m6_n6_pairwise1,2008-04-30,CtrlVol,,5,skipped,完整变量样本数小于 min_cross_section_n
FAC_rank_vol_m6_n6_pairwise1,2008-04-30,as_偏股混合型基金,,5,skipped,完整变量样本数小于 min_cross_section_n
FAC_rank_vol_m6_n6_pairwise1,2008-04-30,Ctrl_log_fund_size,,5,skipped,完整变量样本数小于 min_cross_section_n
FAC_rank_vol_m6_n6_pairwise1,2008-04-30,Ctrl_fund_age,,5,skipped,完整变量样本数小于 min_cross_section_n
FAC_rank_vol_m6_n6_pairwise1,2008-05-30,FAC_rank_vol_m6_n6_pairwise1,,6,skipped,完整变量样本数小于 min_cross_section_n
FAC_rank_vol_m6_n6_pairwise1,2008-05-30,CtrlRetSTR,,6,skipped,完整变量样本数小于 min_cross_section_n
FAC_rank_vol_m6_n6_pairwise1,2008-05-30,CtrlRetLTM,,6,skipped,完整变量样本数小于 min_cross_section_n
FAC_rank_vol_m6_n6_pairwise1,2008-05-30,CtrlVol,,6,skipped,完整变量样本数小于 min_cross_section_n
FAC_rank_vol_m6_n6_pairwise1,2008-05-30,as_偏股混合型基金,,6,skipped,完整变量样本数小于 min_cross_section_n
FAC_rank_vol_m6_n6_pairwise1,2008-05-30,Ctrl_log_fund_size,,6,skipped,完整变量样本数小于 min_cross_section_n
FAC_rank_vol_m6_n6_pairwise1,2008-05-30,Ctrl_fund_age,,6,skipped,完整变量样本数小于 min_cross_section_n
FAC_rank_vol_m6_n6_pairwise1,2008-06-30,FAC_rank_vol_m6_n6_pairwise1,,7,skipped,完整变量样本数小于 min_cross_section_n
FAC_rank_vol_m6_n6_pairwise1,2008-06-30,CtrlRetSTR,,7,skipped,完整变量样本数小于 min_cross_section_n
FAC_rank_vol_m6_n6_pairwise1,2008-06-30,CtrlRetLTM,,7,skipped,完整变量样本数小于 min_cross_section_n
FAC_rank_vol_m6_n6_pairwise1,2008-06-30,CtrlVol,,7,skipped,完整变量样本数小于 min_cross_section_n
FAC_rank_vol_m6_n6_pairwise1,2008-06-30,as_偏股混合型基金,,7,skipped,完整变量样本数小于 min_cross_section_n
FAC_rank_vol_m6_n6_pairwise1,2008-06-30,Ctrl_log_fund_size,,7,skipped,完整变量样本数小于 min_cross_section_n
FAC_rank_vol_m6_n6_pairwise1,2008-06-30,Ctrl_fund_age,,7,skipped,完整变量样本数小于 min_cross_section_n
FAC_rank_vol_m6_n6_pairwise1,2008-07-31,FAC_rank_vol_m6_n6_pairwise1,,7,skipped,完整变量样本数小于 min_cross_section_n
FAC_rank_vol_m6_n6_pairwise1,2008-07-31,CtrlRetSTR,,7,skipped,完整变量样本数小于 min_cross_section_n
FAC_rank_vol_m6_n6_pairwise1,2008-07-31,CtrlRetLTM,,7,skipped,完整变量样本数小于 min_cross_section_n
FAC_rank_vol_m6_n6_pairwise1,2008-07-31,CtrlVol,,7,skipped,完整变量样本数小于 min_cross_section_n
FAC_rank_vol_m6_n6_pairwise1,2008-07-31,as_偏股混合型基金,,7,skipped,完整变量样本数小于 min_cross_section_n
FAC_rank_vol_m6_n6_pairwise1,2008-07-31,Ctrl_log_fund_size,,7,skipped,完整变量样本数小于 min_cross_section_n
FAC_rank_vol_m6_n6_pairwise1,2008-07-31,Ctrl_fund_age,,7,skipped,完整变量样本数小于 min_cross_section_n
FAC_rank_vol_m6_n6_pairwise1,2008-08-29,FAC_rank_vol_m6_n6_pairwise1,,8,skipped,完整变量样本数小于 min_cross_section_n
FAC_rank_vol_m6_n6_pairwise1,2008-08-29,CtrlRetSTR,,8,skipped,完整变量样本数小于 min_cross_section_n
FAC_rank_vol_m6_n6_pairwise1,2008-08-29,CtrlRetLTM,,8,skipped,完整变量样本数小于 min_cross_section_n
FAC_rank_vol_m6_n6_pairwise1,2008-08-29,CtrlVol,,8,skipped,完整变量样本数小于 min_cross_section_n
FAC_rank_vol_m6_n6_pairwise1,2008-08-29,as_偏股混合型基金,,8,skipped,完整变量样本数小于 min_cross_section_n
FAC_rank_vol_m6_n6_pairwise1,2008-08-29,Ctrl_log_fund_size,,8,skipped,完整变量样本数小于 min_cross_section_n
FAC_rank_vol_m6_n6_pairwise1,2008-08-29,Ctrl_fund_age,,8,skipped,完整变量样本数小于 min_cross_section_n
FAC_rank_vol_m6_n6_pairwise1,2008-09-26,FAC_rank_vol_m6_n6_pairwise1,,8,skipped,完整变量样本数小于 min_cross_section_n
FAC_rank_vol_m6_n6_pairwise1,2008-09-26,CtrlRetSTR,,8,skipped,完整变量样本数小于 min_cross_section_n
FAC_rank_vol_m6_n6_pairwise1,2008-09-26,CtrlRetLTM,,8,skipped,完整变量样本数小于 min_cross_section_n
FAC_rank_vol_m6_n6_pairwise1,2008-09-26,CtrlVol,,8,skipped,完整变量样本数小于 min_cross_section_n
FAC_rank_vol_m6_n6_pairwise1,2008-09-26,as_偏股混合型基金,,8,skipped,完整变量样本数小于 min_cross_section_n
FAC_rank_vol_m6_n6_pairwise1,2008-09-26,Ctrl_log_fund_size,,8,skipped,完整变量样本数小于 min_cross_section_n
FAC_rank_vol_m6_n6_pairwise1,2008-09-26,Ctrl_fund_age,,8,skipped,完整变量样本数小于 min_cross_section_n
FAC_rank_vol_m6_n6_pairwise1,2008-10-31,FAC_rank_vol_m6_n6_pairwise1,,11,skipped,完整变量样本数小于 min_cross_section_n
FAC_rank_vol_m6_n6_pairwise1,2008-10-31,CtrlRetSTR,,11,skipped,完整变量样本数小于 min_cross_section_n
FAC_rank_vol_m6_n6_pairwise1,2008-10-31,CtrlRetLTM,,11,skipped,完整变量样本数小于 min_cross_section_n
FAC_rank_vol_m6_n6_pairwise1,2008-10-31,CtrlVol,,11,skipped,完整变量样本数小于 min_cross_section_n
FAC_rank_vol_m6_n6_pairwise1,2008-10-31,as_偏股混合型基金,,11,skipped,完整变量样本数小于 min_cross_section_n
FAC_rank_vol_m6_n6_pairwise1,2008-10-31,Ctrl_log_fund_size,,11,skipped,完整变量样本数小于 min_cross_section_n
FAC_rank_vol_m6_n6_pairwise1,2008-10-31,Ctrl_fund_age,,11,skipped,完整变量样本数小于 min_cross_section_n
FAC_rank_vol_m6_n6_pairwise1,2008-11-28,FAC_rank_vol_m6_n6_pairwise1,,12,skipped,完整变量样本数小于 min_cross_section_n
FAC_rank_vol_m6_n6_pairwise1,2008-11-28,CtrlRetSTR,,12,skipped,完整变量样本数小于 min_cross_section_n
FAC_rank_vol_m6_n6_pairwise1,2008-11-28,CtrlRetLTM,,12,skipped,完整变量样本数小于 min_cross_section_n
FAC_rank_vol_m6_n6_pairwise1,2008-11-28,CtrlVol,,12,skipped,完整变量样本数小于 min_cross_section_n
FAC_rank_vol_m6_n6_pairwise1,2008-11-28,as_偏股混合型基金,,12,skipped,完整变量样本数小于 min_cross_section_n
FAC_rank_vol_m6_n6_pairwise1,2008-11-28,Ctrl_log_fund_size,,12,skipped,完整变量样本数小于 min_cross_section_n
FAC_rank_vol_m6_n6_pairwise1,2008-11-28,Ctrl_fund_age,,12,skipped,完整变量样本数小于 min_cross_section_n
FAC_rank_vol_m6_n6_pairwise1,2008-12-31,FAC_rank_vol_m6_n6_pairwise1,,12,skipped,完整变量样本数小于 min_cross_section_n
FAC_rank_vol_m6_n6_pairwise1,2008-12-31,CtrlRetSTR,,12,skipped,完整变量样本数小于 min_cross_section_n
FAC_rank_vol_m6_n6_pairwise1,2008-12-31,CtrlRetLTM,,12,skipped,完整变量样本数小于 min_cross_section_n
FAC_rank_vol_m6_n6_pairwise1,2008-12-31,CtrlVol,,12,skipped,完整变量样本数小于 min_cross_section_n
FAC_rank_vol_m6_n6_pairwise1,2008-12-31,as_偏股混合型基金,,12,skipped,完整变量样本数小于 min_cross_section_n
FAC_rank_vol_m6_n6_pairwise1,2008-12-31,Ctrl_log_fund_size,,12,skipped,完整变量样本数小于 min_cross_section_n
FAC_rank_vol_m6_n6_pairwise1,2008-12-31,Ctrl_fund_age,,12,skipped,完整变量样本数小于 min_cross_section_n
FAC_rank_vol_m6_n6_pairwise1,2009-01-23,FAC_rank_vol_m6_n6_pairwise1,,12,skipped,完整变量样本数小于 min_cross_section_n
FAC_rank_vol_m6_n6_pairwise1,2009-01-23,CtrlRetSTR,,12,skipped,完整变量样本数小于 min_cross_section_n
FAC_rank_vol_m6_n6_pairwise1,2009-01-23,CtrlRetLTM,,12,skipped,完整变量样本数小于 min_cross_section_n
FAC_rank_vol_m6_n6_pairwise1,2009-01-23,CtrlVol,,12,skipped,完整变量样本数小于 min_cross_section_n
FAC_rank_vol_m6_n6_pairwise1,2009-01-23,as_偏股混合型基金,,12,skipped,完整变量样本数小于 min_cross_section_n
FAC_rank_vol_m6_n6_pairwise1,2009-01-23,Ctrl_log_fund_size,,12,skipped,完整变量样本数小于 min_cross_section_n
FAC_rank_vol_m6_n6_pairwise1,2009-01-23,Ctrl_fund_age,,12,skipped,完整变量样本数小于 min_cross_section_n
FAC_rank_vol_m6_n6_pairwise1,2009-02-27,FAC_rank_vol_m6_n6_pairwise1,,13,skipped,完整变量样本数小于 min_cross_section_n
FAC_rank_vol_m6_n6_pairwise1,2009-02-27,CtrlRetSTR,,13,skipped,完整变量样本数小于 min_cross_section_n
FAC_rank_vol_m6_n6_pairwise1,2009-02-27,CtrlRetLTM,,13,skipped,完整变量样本数小于 min_cross_section_n
FAC_rank_vol_m6_n6_pairwise1,2009-02-27,CtrlVol,,13,skipped,完整变量样本数小于 min_cross_section_n
FAC_rank_vol_m6_n6_pairwise1,2009-02-27,as_偏股混合型基金,,13,skipped,完整变量样本数小于 min_cross_section_n
FAC_rank_vol_m6_n6_pairwise1,2009-02-27,Ctrl_log_fund_size,,13,skipped,完整变量样本数小于 min_cross_section_n
FAC_rank_vol_m6_n6_pairwise1,2009-02-27,Ctrl_fund_age,,13,skipped,完整变量样本数小于 min_cross_section_n
FAC_rank_vol_m6_n6_pairwise1,2009-03-31,FAC_rank_vol_m6_n6_pairwise1,,15,skipped,完整变量样本数小于 min_cross_section_n
FAC_rank_vol_m6_n6_pairwise1,2009-03-31,CtrlRetSTR,,15,skipped,完整变量样本数小于 min_cross_section_n
FAC_rank_vol_m6_n6_pairwise1,2009-03-31,CtrlRetLTM,,15,skipped,完整变量样本数小于 min_cross_section_n
FAC_rank_vol_m6_n6_pairwise1,2009-03-31,CtrlVol,,15,skipped,完整变量样本数小于 min_cross_section_n
FAC_rank_vol_m6_n6_pairwise1,2009-03-31,as_偏股混合型基金,,15,skipped,完整变量样本数小于 min_cross_section_n
FAC_rank_vol_m6_n6_pairwise1,2009-03-31,Ctrl_log_fund_size,,15,skipped,完整变量样本数小于 min_cross_section_n
FAC_rank_vol_m6_n6_pairwise1,2009-03-31,Ctrl_fund_age,,15,skipped,完整变量样本数小于 min_cross_section_n
FAC_rank_vol_m6_n6_pairwise1,2009-04-30,FAC_rank_vol_m6_n6_pairwise1,,16,skipped,完整变量样本数小于 min_cross_section_n
FAC_rank_vol_m6_n6_pairwise1,2009-04-30,CtrlRetSTR,,16,skipped,完整变量样本数小于 min_cross_section_n
FAC_rank_vol_m6_n6_pairwise1,2009-04-30,CtrlRetLTM,,16,skipped,完整变量样本数小于 min_cross_section_n
FAC_rank_vol_m6_n6_pairwise1,2009-04-30,CtrlVol,,16,skipped,完整变量样本数小于 min_cross_section_n
FAC_rank_vol_m6_n6_pairwise1,2009-04-30,as_偏股混合型基金,,16,skipped,完整变量样本数小于 min_cross_section_n
FAC_rank_vol_m6_n6_pairwise1,2009-04-30,Ctrl_log_fund_size,,16,skipped,完整变量样本数小于 min_cross_section_n
FAC_rank_vol_m6_n6_pairwise1,2009-04-30,Ctrl_fund_age,,16,skipped,完整变量样本数小于 min_cross_section_n
FAC_rank_vol_m6_n6_pairwise1,2009-05-27,FAC_rank_vol_m6_n6_pairwise1,,15,skipped,完整变量样本数小于 min_cross_section_n
FAC_rank_vol_m6_n6_pairwise1,2009-05-27,CtrlRetSTR,,15,skipped,完整变量样本数小于 min_cross_section_n
FAC_rank_vol_m6_n6_pairwise1,2009-05-27,CtrlRetLTM,,15,skipped,完整变量样本数小于 min_cross_section_n
FAC_rank_vol_m6_n6_pairwise1,2009-05-27,CtrlVol,,15,skipped,完整变量样本数小于 min_cross_section_n
FAC_rank_vol_m6_n6_pairwise1,2009-05-27,as_偏股混合型基金,,15,skipped,完整变量样本数小于 min_cross_section_n
FAC_rank_vol_m6_n6_pairwise1,2009-05-27,Ctrl_log_fund_size,,15,skipped,完整变量样本数小于 min_cross_section_n
FAC_rank_vol_m6_n6_pairwise1,2009-05-27,Ctrl_fund_age,,15,skipped,完整变量样本数小于 min_cross_section_n
FAC_rank_vol_m6_n6_pairwise1,2009-06-30,FAC_rank_vol_m6_n6_pairwise1,,14,skipped,完整变量样本数小于 min_cross_section_n
FAC_rank_vol_m6_n6_pairwise1,2009-06-30,CtrlRetSTR,,14,skipped,完整变量样本数小于 min_cross_section_n
FAC_rank_vol_m6_n6_pairwise1,2009-06-30,CtrlRetLTM,,14,skipped,完整变量样本数小于 min_cross_section_n
FAC_rank_vol_m6_n6_pairwise1,2009-06-30,CtrlVol,,14,skipped,完整变量样本数小于 min_cross_section_n
FAC_rank_vol_m6_n6_pairwise1,2009-06-30,as_偏股混合型基金,,14,skipped,完整变量样本数小于 min_cross_section_n
FAC_rank_vol_m6_n6_pairwise1,2009-06-30,Ctrl_log_fund_size,,14,skipped,完整变量样本数小于 min_cross_section_n
FAC_rank_vol_m6_n6_pairwise1,2009-06-30,Ctrl_fund_age,,14,skipped,完整变量样本数小于 min_cross_section_n
FAC_rank_vol_m6_n6_pairwise1,2009-07-31,FAC_rank_vol_m6_n6_pairwise1,,16,skipped,完整变量样本数小于 min_cross_section_n
FAC_rank_vol_m6_n6_pairwise1,2009-07-31,CtrlRetSTR,,16,skipped,完整变量样本数小于 min_cross_section_n
FAC_rank_vol_m6_n6_pairwise1,2009-07-31,CtrlRetLTM,,16,skipped,完整变量样本数小于 min_cross_section_n
FAC_rank_vol_m6_n6_pairwise1,2009-07-31,CtrlVol,,16,skipped,完整变量样本数小于 min_cross_section_n
FAC_rank_vol_m6_n6_pairwise1,2009-07-31,as_偏股混合型基金,,16,skipped,完整变量样本数小于 min_cross_section_n
FAC_rank_vol_m6_n6_pairwise1,2009-07-31,Ctrl_log_fund_size,,16,skipped,完整变量样本数小于 min_cross_section_n
FAC_rank_vol_m6_n6_pairwise1,2009-07-31,Ctrl_fund_age,,16,skipped,完整变量样本数小于 min_cross_section_n
FAC_rank_vol_m6_n6_pairwise1,2009-08-31,FAC_rank_vol_m6_n6_pairwise1,,17,skipped,完整变量样本数小于 min_cross_section_n
FAC_rank_vol_m6_n6_pairwise1,2009-08-31,CtrlRetSTR,,17,skipped,完整变量样本数小于 min_cross_section_n
FAC_rank_vol_m6_n6_pairwise1,2009-08-31,CtrlRetLTM,,17,skipped,完整变量样本数小于 min_cross_section_n
FAC_rank_vol_m6_n6_pairwise1,2009-08-31,CtrlVol,,17,skipped,完整变量样本数小于 min_cross_section_n
FAC_rank_vol_m6_n6_pairwise1,2009-08-31,as_偏股混合型基金,,17,skipped,完整变量样本数小于 min_cross_section_n
FAC_rank_vol_m6_n6_pairwise1,2009-08-31,Ctrl_log_fund_size,,17,skipped,完整变量样本数小于 min_cross_section_n
FAC_rank_vol_m6_n6_pairwise1,2009-08-31,Ctrl_fund_age,,17,skipped,完整变量样本数小于 min_cross_section_n
FAC_rank_vol_m6_n6_pairwise1,2009-09-30,FAC_rank_vol_m6_n6_pairwise1,,17,skipped,完整变量样本数小于 min_cross_section_n
FAC_rank_vol_m6_n6_pairwise1,2009-09-30,CtrlRetSTR,,17,skipped,完整变量样本数小于 min_cross_section_n
FAC_rank_vol_m6_n6_pairwise1,2009-09-30,CtrlRetLTM,,17,skipped,完整变量样本数小于 min_cross_section_n
FAC_rank_vol_m6_n6_pairwise1,2009-09-30,CtrlVol,,17,skipped,完整变量样本数小于 min_cross_section_n
FAC_rank_vol_m6_n6_pairwise1,2009-09-30,as_偏股混合型基金,,17,skipped,完整变量样本数小于 min_cross_section_n
FAC_rank_vol_m6_n6_pairwise1,2009-09-30,Ctrl_log_fund_size,,17,skipped,完整变量样本数小于 min_cross_section_n
FAC_rank_vol_m6_n6_pairwise1,2009-09-30,Ctrl_fund_age,,17,skipped,完整变量样本数小于 min_cross_section_n
FAC_rank_vol_m6_n6_pairwise1,2009-10-30,FAC_rank_vol_m6_n6_pairwise1,,19,skipped,完整变量样本数小于 min_cross_section_n
FAC_rank_vol_m6_n6_pairwise1,2009-10-30,CtrlRetSTR,,19,skipped,完整变量样本数小于 min_cross_section_n
FAC_rank_vol_m6_n6_pairwise1,2009-10-30,CtrlRetLTM,,19,skipped,完整变量样本数小于 min_cross_section_n
FAC_rank_vol_m6_n6_pairwise1,2009-10-30,CtrlVol,,19,skipped,完整变量样本数小于 min_cross_section_n
FAC_rank_vol_m6_n6_pairwise1,2009-10-30,as_偏股混合型基金,,19,skipped,完整变量样本数小于 min_cross_section_n
FAC_rank_vol_m6_n6_pairwise1,2009-10-30,Ctrl_log_fund_size,,19,skipped,完整变量样本数小于 min_cross_section_n
FAC_rank_vol_m6_n6_pairwise1,2009-10-30,Ctrl_fund_age,,19,skipped,完整变量样本数小于 min_cross_section_n
FAC_rank_vol_m6_n6_pairwise1,2009-11-30,FAC_rank_vol_m6_n6_pairwise1,,21,skipped,完整变量样本数小于 min_cross_section_n
FAC_rank_vol_m6_n6_pairwise1,2009-11-30,CtrlRetSTR,,21,skipped,完整变量样本数小于 min_cross_section_n
FAC_rank_vol_m6_n6_pairwise1,2009-11-30,CtrlRetLTM,,21,skipped,完整变量样本数小于 min_cross_section_n
FAC_rank_vol_m6_n6_pairwise1,2009-11-30,CtrlVol,,21,skipped,完整变量样本数小于 min_cross_section_n
FAC_rank_vol_m6_n6_pairwise1,2009-11-30,as_偏股混合型基金,,21,skipped,完整变量样本数小于 min_cross_section_n
FAC_rank_vol_m6_n6_pairwise1,2009-11-30,Ctrl_log_fund_size,,21,skipped,完整变量样本数小于 min_cross_section_n
FAC_rank_vol_m6_n6_pairwise1,2009-11-30,Ctrl_fund_age,,21,skipped,完整变量样本数小于 min_cross_section_n
FAC_rank_vol_m6_n6_pairwise1,2009-12-31,FAC_rank_vol_m6_n6_pairwise1,,22,skipped,完整变量样本数小于 min_cross_section_n
FAC_rank_vol_m6_n6_pairwise1,2009-12-31,CtrlRetSTR,,22,skipped,完整变量样本数小于 min_cross_section_n
FAC_rank_vol_m6_n6_pairwise1,2009-12-31,CtrlRetLTM,,22,skipped,完整变量样本数小于 min_cross_section_n
FAC_rank_vol_m6_n6_pairwise1,2009-12-31,CtrlVol,,22,skipped,完整变量样本数小于 min_cross_section_n
FAC_rank_vol_m6_n6_pairwise1,2009-12-31,as_偏股混合型基金,,22,skipped,完整变量样本数小于 min_cross_section_n
FAC_rank_vol_m6_n6_pairwise1,2009-12-31,Ctrl_log_fund_size,,22,skipped,完整变量样本数小于 min_cross_section_n
FAC_rank_vol_m6_n6_pairwise1,2009-12-31,Ctrl_fund_age,,22,skipped,完整变量样本数小于 min_cross_section_n
FAC_rank_vol_m6_n6_pairwise1,2010-01-29,FAC_rank_vol_m6_n6_pairwise1,,23,skipped,完整变量样本数小于 min_cross_section_n
FAC_rank_vol_m6_n6_pairwise1,2010-01-29,CtrlRetSTR,,23,skipped,完整变量样本数小于 min_cross_section_n
FAC_rank_vol_m6_n6_pairwise1,2010-01-29,CtrlRetLTM,,23,skipped,完整变量样本数小于 min_cross_section_n
FAC_rank_vol_m6_n6_pairwise1,2010-01-29,CtrlVol,,23,skipped,完整变量样本数小于 min_cross_section_n
FAC_rank_vol_m6_n6_pairwise1,2010-01-29,as_偏股混合型基金,,23,skipped,完整变量样本数小于 min_cross_section_n
FAC_rank_vol_m6_n6_pairwise1,2010-01-29,Ctrl_log_fund_size,,23,skipped,完整变量样本数小于 min_cross_section_n
FAC_rank_vol_m6_n6_pairwise1,2010-01-29,Ctrl_fund_age,,23,skipped,完整变量样本数小于 min_cross_section_n
FAC_rank_vol_m6_n6_pairwise1,2010-02-26,FAC_rank_vol_m6_n6_pairwise1,,23,skipped,完整变量样本数小于 min_cross_section_n
FAC_rank_vol_m6_n6_pairwise1,2010-02-26,CtrlRetSTR,,23,skipped,完整变量样本数小于 min_cross_section_n
FAC_rank_vol_m6_n6_pairwise1,2010-02-26,CtrlRetLTM,,23,skipped,完整变量样本数小于 min_cross_section_n
FAC_rank_vol_m6_n6_pairwise1,2010-02-26,CtrlVol,,23,skipped,完整变量样本数小于 min_cross_section_n
FAC_rank_vol_m6_n6_pairwise1,2010-02-26,as_偏股混合型基金,,23,skipped,完整变量样本数小于 min_cross_section_n
FAC_rank_vol_m6_n6_pairwise1,2010-02-26,Ctrl_log_fund_size,,23,skipped,完整变量样本数小于 min_cross_section_n
FAC_rank_vol_m6_n6_pairwise1,2010-02-26,Ctrl_fund_age,,23,skipped,完整变量样本数小于 min_cross_section_n
FAC_rank_vol_m6_n6_pairwise1,2010-03-31,FAC_rank_vol_m6_n6_pairwise1,,25,skipped,完整变量样本数小于 min_cross_section_n
FAC_rank_vol_m6_n6_pairwise1,2010-03-31,CtrlRetSTR,,25,skipped,完整变量样本数小于 min_cross_section_n
FAC_rank_vol_m6_n6_pairwise1,2010-03-31,CtrlRetLTM,,25,skipped,完整变量样本数小于 min_cross_section_n
FAC_rank_vol_m6_n6_pairwise1,2010-03-31,CtrlVol,,25,skipped,完整变量样本数小于 min_cross_section_n
FAC_rank_vol_m6_n6_pairwise1,2010-03-31,as_偏股混合型基金,,25,skipped,完整变量样本数小于 min_cross_section_n
FAC_rank_vol_m6_n6_pairwise1,2010-03-31,Ctrl_log_fund_size,,25,skipped,完整变量样本数小于 min_cross_section_n
FAC_rank_vol_m6_n6_pairwise1,2010-03-31,Ctrl_fund_age,,25,skipped,完整变量样本数小于 min_cross_section_n
FAC_rank_vol_m6_n6_pairwise1,2010-04-30,FAC_rank_vol_m6_n6_pairwise1,,25,skipped,完整变量样本数小于 min_cross_section_n
FAC_rank_vol_m6_n6_pairwise1,2010-04-30,CtrlRetSTR,,25,skipped,完整变量样本数小于 min_cross_section_n
FAC_rank_vol_m6_n6_pairwise1,2010-04-30,CtrlRetLTM,,25,skipped,完整变量样本数小于 min_cross_section_n
FAC_rank_vol_m6_n6_pairwise1,2010-04-30,CtrlVol,,25,skipped,完整变量样本数小于 min_cross_section_n
FAC_rank_vol_m6_n6_pairwise1,2010-04-30,as_偏股混合型基金,,25,skipped,完整变量样本数小于 min_cross_section_n
FAC_rank_vol_m6_n6_pairwise1,2010-04-30,Ctrl_log_fund_size,,25,skipped,完整变量样本数小于 min_cross_section_n
FAC_rank_vol_m6_n6_pairwise1,2010-04-30,Ctrl_fund_age,,25,skipped,完整变量样本数小于 min_cross_section_n
FAC_rank_vol_m6_n6_pairwise1,2010-05-31,FAC_rank_vol_m6_n6_pairwise1,,25,skipped,完整变量样本数小于 min_cross_section_n
FAC_rank_vol_m6_n6_pairwise1,2010-05-31,CtrlRetSTR,,25,skipped,完整变量样本数小于 min_cross_section_n
FAC_rank_vol_m6_n6_pairwise1,2010-05-31,CtrlRetLTM,,25,skipped,完整变量样本数小于 min_cross_section_n
FAC_rank_vol_m6_n6_pairwise1,2010-05-31,CtrlVol,,25,skipped,完整变量样本数小于 min_cross_section_n
FAC_rank_vol_m6_n6_pairwise1,2010-05-31,as_偏股混合型基金,,25,skipped,完整变量样本数小于 min_cross_section_n
FAC_rank_vol_m6_n6_pairwise1,2010-05-31,Ctrl_log_fund_size,,25,skipped,完整变量样本数小于 min_cross_section_n
FAC_rank_vol_m6_n6_pairwise1,2010-05-31,Ctrl_fund_age,,25,skipped,完整变量样本数小于 min_cross_section_n
FAC_rank_vol_m6_n6_pairwise1,2010-06-30,FAC_rank_vol_m6_n6_pairwise1,,26,skipped,完整变量样本数小于 min_cross_section_n
FAC_rank_vol_m6_n6_pairwise1,2010-06-30,CtrlRetSTR,,26,skipped,完整变量样本数小于 min_cross_section_n
FAC_rank_vol_m6_n6_pairwise1,2010-06-30,CtrlRetLTM,,26,skipped,完整变量样本数小于 min_cross_section_n
FAC_rank_vol_m6_n6_pairwise1,2010-06-30,CtrlVol,,26,skipped,完整变量样本数小于 min_cross_section_n
FAC_rank_vol_m6_n6_pairwise1,2010-06-30,as_偏股混合型基金,,26,skipped,完整变量样本数小于 min_cross_section_n
FAC_rank_vol_m6_n6_pairwise1,2010-06-30,Ctrl_log_fund_size,,26,skipped,完整变量样本数小于 min_cross_section_n
FAC_rank_vol_m6_n6_pairwise1,2010-06-30,Ctrl_fund_age,,26,skipped,完整变量样本数小于 min_cross_section_n
FAC_rank_vol_m6_n6_pairwise1,2010-07-30,FAC_rank_vol_m6_n6_pairwise1,,26,skipped,完整变量样本数小于 min_cross_section_n
FAC_rank_vol_m6_n6_pairwise1,2010-07-30,CtrlRetSTR,,26,skipped,完整变量样本数小于 min_cross_section_n
FAC_rank_vol_m6_n6_pairwise1,2010-07-30,CtrlRetLTM,,26,skipped,完整变量样本数小于 min_cross_section_n
FAC_rank_vol_m6_n6_pairwise1,2010-07-30,CtrlVol,,26,skipped,完整变量样本数小于 min_cross_section_n
FAC_rank_vol_m6_n6_pairwise1,2010-07-30,as_偏股混合型基金,,26,skipped,完整变量样本数小于 min_cross_section_n
FAC_rank_vol_m6_n6_pairwise1,2010-07-30,Ctrl_log_fund_size,,26,skipped,完整变量样本数小于 min_cross_section_n
FAC_rank_vol_m6_n6_pairwise1,2010-07-30,Ctrl_fund_age,,26,skipped,完整变量样本数小于 min_cross_section_n
FAC_rank_vol_m6_n6_pairwise1,2010-08-31,FAC_rank_vol_m6_n6_pairwise1,,24,skipped,完整变量样本数小于 min_cross_section_n
FAC_rank_vol_m6_n6_pairwise1,2010-08-31,CtrlRetSTR,,24,skipped,完整变量样本数小于 min_cross_section_n
FAC_rank_vol_m6_n6_pairwise1,2010-08-31,CtrlRetLTM,,24,skipped,完整变量样本数小于 min_cross_section_n
FAC_rank_vol_m6_n6_pairwise1,2010-08-31,CtrlVol,,24,skipped,完整变量样本数小于 min_cross_section_n
FAC_rank_vol_m6_n6_pairwise1,2010-08-31,as_偏股混合型基金,,24,skipped,完整变量样本数小于 min_cross_section_n
FAC_rank_vol_m6_n6_pairwise1,2010-08-31,Ctrl_log_fund_size,,24,skipped,完整变量样本数小于 min_cross_section_n
FAC_rank_vol_m6_n6_pairwise1,2010-08-31,Ctrl_fund_age,,24,skipped,完整变量样本数小于 min_cross_section_n
FAC_rank_vol_m6_n6_pairwise1,2010-09-30,FAC_rank_vol_m6_n6_pairwise1,,25,skipped,完整变量样本数小于 min_cross_section_n
FAC_rank_vol_m6_n6_pairwise1,2010-09-30,CtrlRetSTR,,25,skipped,完整变量样本数小于 min_cross_section_n
FAC_rank_vol_m6_n6_pairwise1,2010-09-30,CtrlRetLTM,,25,skipped,完整变量样本数小于 min_cross_section_n
FAC_rank_vol_m6_n6_pairwise1,2010-09-30,CtrlVol,,25,skipped,完整变量样本数小于 min_cross_section_n
FAC_rank_vol_m6_n6_pairwise1,2010-09-30,as_偏股混合型基金,,25,skipped,完整变量样本数小于 min_cross_section_n
FAC_rank_vol_m6_n6_pairwise1,2010-09-30,Ctrl_log_fund_size,,25,skipped,完整变量样本数小于 min_cross_section_n
FAC_rank_vol_m6_n6_pairwise1,2010-09-30,Ctrl_fund_age,,25,skipped,完整变量样本数小于 min_cross_section_n
FAC_rank_vol_m6_n6_pairwise1,2010-10-29,FAC_rank_vol_m6_n6_pairwise1,,24,skipped,完整变量样本数小于 min_cross_section_n
FAC_rank_vol_m6_n6_pairwise1,2010-10-29,CtrlRetSTR,,24,skipped,完整变量样本数小于 min_cross_section_n
FAC_rank_vol_m6_n6_pairwise1,2010-10-29,CtrlRetLTM,,24,skipped,完整变量样本数小于 min_cross_section_n
FAC_rank_vol_m6_n6_pairwise1,2010-10-29,CtrlVol,,24,skipped,完整变量样本数小于 min_cross_section_n
FAC_rank_vol_m6_n6_pairwise1,2010-10-29,as_偏股混合型基金,,24,skipped,完整变量样本数小于 min_cross_section_n
FAC_rank_vol_m6_n6_pairwise1,2010-10-29,Ctrl_log_fund_size,,24,skipped,完整变量样本数小于 min_cross_section_n
FAC_rank_vol_m6_n6_pairwise1,2010-10-29,Ctrl_fund_age,,24,skipped,完整变量样本数小于 min_cross_section_n
FAC_rank_vol_m6_n6_pairwise1,2010-11-30,FAC_rank_vol_m6_n6_pairwise1,,25,skipped,完整变量样本数小于 min_cross_section_n
FAC_rank_vol_m6_n6_pairwise1,2010-11-30,CtrlRetSTR,,25,skipped,完整变量样本数小于 min_cross_section_n
FAC_rank_vol_m6_n6_pairwise1,2010-11-30,CtrlRetLTM,,25,skipped,完整变量样本数小于 min_cross_section_n
FAC_rank_vol_m6_n6_pairwise1,2010-11-30,CtrlVol,,25,skipped,完整变量样本数小于 min_cross_section_n
FAC_rank_vol_m6_n6_pairwise1,2010-11-30,as_偏股混合型基金,,25,skipped,完整变量样本数小于 min_cross_section_n
FAC_rank_vol_m6_n6_pairwise1,2010-11-30,Ctrl_log_fund_size,,25,skipped,完整变量样本数小于 min_cross_section_n
FAC_rank_vol_m6_n6_pairwise1,2010-11-30,Ctrl_fund_age,,25,skipped,完整变量样本数小于 min_cross_section_n
FAC_rank_vol_m6_n6_pairwise1,2010-12-31,FAC_rank_vol_m6_n6_pairwise1,,26,skipped,完整变量样本数小于 min_cross_section_n
FAC_rank_vol_m6_n6_pairwise1,2010-12-31,CtrlRetSTR,,26,skipped,完整变量样本数小于 min_cross_section_n
FAC_rank_vol_m6_n6_pairwise1,2010-12-31,CtrlRetLTM,,26,skipped,完整变量样本数小于 min_cross_section_n
FAC_rank_vol_m6_n6_pairwise1,2010-12-31,CtrlVol,,26,skipped,完整变量样本数小于 min_cross_section_n
FAC_rank_vol_m6_n6_pairwise1,2010-12-31,as_偏股混合型基金,,26,skipped,完整变量样本数小于 min_cross_section_n
FAC_rank_vol_m6_n6_pairwise1,2010-12-31,Ctrl_log_fund_size,,26,skipped,完整变量样本数小于 min_cross_section_n
FAC_rank_vol_m6_n6_pairwise1,2010-12-31,Ctrl_fund_age,,26,skipped,完整变量样本数小于 min_cross_section_n
FAC_rank_vol_m6_n6_pairwise1,2011-01-31,FAC_rank_vol_m6_n6_pairwise1,,24,skipped,完整变量样本数小于 min_cross_section_n
FAC_rank_vol_m6_n6_pairwise1,2011-01-31,CtrlRetSTR,,24,skipped,完整变量样本数小于 min_cross_section_n
FAC_rank_vol_m6_n6_pairwise1,2011-01-31,CtrlRetLTM,,24,skipped,完整变量样本数小于 min_cross_section_n
FAC_rank_vol_m6_n6_pairwise1,2011-01-31,CtrlVol,,24,skipped,完整变量样本数小于 min_cross_section_n
FAC_rank_vol_m6_n6_pairwise1,2011-01-31,as_偏股混合型基金,,24,skipped,完整变量样本数小于 min_cross_section_n
FAC_rank_vol_m6_n6_pairwise1,2011-01-31,Ctrl_log_fund_size,,24,skipped,完整变量样本数小于 min_cross_section_n
FAC_rank_vol_m6_n6_pairwise1,2011-01-31,Ctrl_fund_age,,24,skipped,完整变量样本数小于 min_cross_section_n
FAC_rank_vol_m6_n6_pairwise1,2011-02-28,FAC_rank_vol_m6_n6_pairwise1,,25,skipped,完整变量样本数小于 min_cross_section_n
FAC_rank_vol_m6_n6_pairwise1,2011-02-28,CtrlRetSTR,,25,skipped,完整变量样本数小于 min_cross_section_n
FAC_rank_vol_m6_n6_pairwise1,2011-02-28,CtrlRetLTM,,25,skipped,完整变量样本数小于 min_cross_section_n
FAC_rank_vol_m6_n6_pairwise1,2011-02-28,CtrlVol,,25,skipped,完整变量样本数小于 min_cross_section_n
FAC_rank_vol_m6_n6_pairwise1,2011-02-28,as_偏股混合型基金,,25,skipped,完整变量样本数小于 min_cross_section_n
FAC_rank_vol_m6_n6_pairwise1,2011-02-28,Ctrl_log_fund_size,,25,skipped,完整变量样本数小于 min_cross_section_n
FAC_rank_vol_m6_n6_pairwise1,2011-02-28,Ctrl_fund_age,,25,skipped,完整变量样本数小于 min_cross_section_n
FAC_rank_vol_m6_n6_pairwise1,2011-03-31,FAC_rank_vol_m6_n6_pairwise1,,25,skipped,完整变量样本数小于 min_cross_section_n
FAC_rank_vol_m6_n6_pairwise1,2011-03-31,CtrlRetSTR,,25,skipped,完整变量样本数小于 min_cross_section_n
FAC_rank_vol_m6_n6_pairwise1,2011-03-31,CtrlRetLTM,,25,skipped,完整变量样本数小于 min_cross_section_n
FAC_rank_vol_m6_n6_pairwise1,2011-03-31,CtrlVol,,25,skipped,完整变量样本数小于 min_cross_section_n
FAC_rank_vol_m6_n6_pairwise1,2011-03-31,as_偏股混合型基金,,25,skipped,完整变量样本数小于 min_cross_section_n
FAC_rank_vol_m6_n6_pairwise1,2011-03-31,Ctrl_log_fund_size,,25,skipped,完整变量样本数小于 min_cross_section_n
FAC_rank_vol_m6_n6_pairwise1,2011-03-31,Ctrl_fund_age,,25,skipped,完整变量样本数小于 min_cross_section_n
FAC_rank_vol_m6_n6_pairwise1,2011-04-29,FAC_rank_vol_m6_n6_pairwise1,,24,skipped,完整变量样本数小于 min_cross_section_n
FAC_rank_vol_m6_n6_pairwise1,2011-04-29,CtrlRetSTR,,24,skipped,完整变量样本数小于 min_cross_section_n
FAC_rank_vol_m6_n6_pairwise1,2011-04-29,CtrlRetLTM,,24,skipped,完整变量样本数小于 min_cross_section_n
FAC_rank_vol_m6_n6_pairwise1,2011-04-29,CtrlVol,,24,skipped,完整变量样本数小于 min_cross_section_n
FAC_rank_vol_m6_n6_pairwise1,2011-04-29,as_偏股混合型基金,,24,skipped,完整变量样本数小于 min_cross_section_n
FAC_rank_vol_m6_n6_pairwise1,2011-04-29,Ctrl_log_fund_size,,24,skipped,完整变量样本数小于 min_cross_section_n
FAC_rank_vol_m6_n6_pairwise1,2011-04-29,Ctrl_fund_age,,24,skipped,完整变量样本数小于 min_cross_section_n
FAC_rank_vol_m6_n6_pairwise1,2011-05-31,FAC_rank_vol_m6_n6_pairwise1,,26,skipped,完整变量样本数小于 min_cross_section_n
FAC_rank_vol_m6_n6_pairwise1,2011-05-31,CtrlRetSTR,,26,skipped,完整变量样本数小于 min_cross_section_n
FAC_rank_vol_m6_n6_pairwise1,2011-05-31,CtrlRetLTM,,26,skipped,完整变量样本数小于 min_cross_section_n
FAC_rank_vol_m6_n6_pairwise1,2011-05-31,CtrlVol,,26,skipped,完整变量样本数小于 min_cross_section_n
FAC_rank_vol_m6_n6_pairwise1,2011-05-31,as_偏股混合型基金,,26,skipped,完整变量样本数小于 min_cross_section_n
FAC_rank_vol_m6_n6_pairwise1,2011-05-31,Ctrl_log_fund_size,,26,skipped,完整变量样本数小于 min_cross_section_n
FAC_rank_vol_m6_n6_pairwise1,2011-05-31,Ctrl_fund_age,,26,skipped,完整变量样本数小于 min_cross_section_n
FAC_rank_vol_m6_n6_pairwise1,2011-06-30,FAC_rank_vol_m6_n6_pairwise1,,26,skipped,完整变量样本数小于 min_cross_section_n
FAC_rank_vol_m6_n6_pairwise1,2011-06-30,CtrlRetSTR,,26,skipped,完整变量样本数小于 min_cross_section_n
FAC_rank_vol_m6_n6_pairwise1,2011-06-30,CtrlRetLTM,,26,skipped,完整变量样本数小于 min_cross_section_n
FAC_rank_vol_m6_n6_pairwise1,2011-06-30,CtrlVol,,26,skipped,完整变量样本数小于 min_cross_section_n
FAC_rank_vol_m6_n6_pairwise1,2011-06-30,as_偏股混合型基金,,26,skipped,完整变量样本数小于 min_cross_section_n
FAC_rank_vol_m6_n6_pairwise1,2011-06-30,Ctrl_log_fund_size,,26,skipped,完整变量样本数小于 min_cross_section_n
FAC_rank_vol_m6_n6_pairwise1,2011-06-30,Ctrl_fund_age,,26,skipped,完整变量样本数小于 min_cross_section_n
FAC_rank_vol_m6_n6_pairwise1,2011-07-29,FAC_rank_vol_m6_n6_pairwise1,,28,skipped,完整变量样本数小于 min_cross_section_n
FAC_rank_vol_m6_n6_pairwise1,2011-07-29,CtrlRetSTR,,28,skipped,完整变量样本数小于 min_cross_section_n
FAC_rank_vol_m6_n6_pairwise1,2011-07-29,CtrlRetLTM,,28,skipped,完整变量样本数小于 min_cross_section_n
FAC_rank_vol_m6_n6_pairwise1,2011-07-29,CtrlVol,,28,skipped,完整变量样本数小于 min_cross_section_n
FAC_rank_vol_m6_n6_pairwise1,2011-07-29,as_偏股混合型基金,,28,skipped,完整变量样本数小于 min_cross_section_n
FAC_rank_vol_m6_n6_pairwise1,2011-07-29,Ctrl_log_fund_size,,28,skipped,完整变量样本数小于 min_cross_section_n
FAC_rank_vol_m6_n6_pairwise1,2011-07-29,Ctrl_fund_age,,28,skipped,完整变量样本数小于 min_cross_section_n
FAC_rank_vol_m6_n6_pairwise1,2011-08-31,FAC_rank_vol_m6_n6_pairwise1,,29,skipped,完整变量样本数小于 min_cross_section_n
FAC_rank_vol_m6_n6_pairwise1,2011-08-31,CtrlRetSTR,,29,skipped,完整变量样本数小于 min_cross_section_n
FAC_rank_vol_m6_n6_pairwise1,2011-08-31,CtrlRetLTM,,29,skipped,完整变量样本数小于 min_cross_section_n
FAC_rank_vol_m6_n6_pairwise1,2011-08-31,CtrlVol,,29,skipped,完整变量样本数小于 min_cross_section_n
FAC_rank_vol_m6_n6_pairwise1,2011-08-31,as_偏股混合型基金,,29,skipped,完整变量样本数小于 min_cross_section_n
FAC_rank_vol_m6_n6_pairwise1,2011-08-31,Ctrl_log_fund_size,,29,skipped,完整变量样本数小于 min_cross_section_n
FAC_rank_vol_m6_n6_pairwise1,2011-08-31,Ctrl_fund_age,,29,skipped,完整变量样本数小于 min_cross_section_n
FAC_rank_vol_m6_n6_pairwise1,2011-09-30,FAC_rank_vol_m6_n6_pairwise1,,30,skipped,完整变量样本数小于 min_cross_section_n
FAC_rank_vol_m6_n6_pairwise1,2011-09-30,CtrlRetSTR,,30,skipped,完整变量样本数小于 min_cross_section_n
FAC_rank_vol_m6_n6_pairwise1,2011-09-30,CtrlRetLTM,,30,skipped,完整变量样本数小于 min_cross_section_n
FAC_rank_vol_m6_n6_pairwise1,2011-09-30,CtrlVol,,30,skipped,完整变量样本数小于 min_cross_section_n
FAC_rank_vol_m6_n6_pairwise1,2011-09-30,as_偏股混合型基金,,30,skipped,完整变量样本数小于 min_cross_section_n
FAC_rank_vol_m6_n6_pairwise1,2011-09-30,Ctrl_log_fund_size,,30,skipped,完整变量样本数小于 min_cross_section_n
FAC_rank_vol_m6_n6_pairwise1,2011-09-30,Ctrl_fund_age,,30,skipped,完整变量样本数小于 min_cross_section_n
FAC_rank_vol_m6_n6_pairwise1,2011-10-31,FAC_rank_vol_m6_n6_pairwise1,,30,skipped,完整变量样本数小于 min_cross_section_n
FAC_rank_vol_m6_n6_pairwise1,2011-10-31,CtrlRetSTR,,30,skipped,完整变量样本数小于 min_cross_section_n
FAC_rank_vol_m6_n6_pairwise1,2011-10-31,CtrlRetLTM,,30,skipped,完整变量样本数小于 min_cross_section_n
FAC_rank_vol_m6_n6_pairwise1,2011-10-31,CtrlVol,,30,skipped,完整变量样本数小于 min_cross_section_n
FAC_rank_vol_m6_n6_pairwise1,2011-10-31,as_偏股混合型基金,,30,skipped,完整变量样本数小于 min_cross_section_n
FAC_rank_vol_m6_n6_pairwise1,2011-10-31,Ctrl_log_fund_size,,30,skipped,完整变量样本数小于 min_cross_section_n
FAC_rank_vol_m6_n6_pairwise1,2011-10-31,Ctrl_fund_age,,30,skipped,完整变量样本数小于 min_cross_section_n
FAC_rank_vol_m6_n6_pairwise1,2011-11-30,FAC_rank_vol_m6_n6_pairwise1,,33,skipped,完整变量样本数小于 min_cross_section_n
FAC_rank_vol_m6_n6_pairwise1,2011-11-30,CtrlRetSTR,,33,skipped,完整变量样本数小于 min_cross_section_n
FAC_rank_vol_m6_n6_pairwise1,2011-11-30,CtrlRetLTM,,33,skipped,完整变量样本数小于 min_cross_section_n
FAC_rank_vol_m6_n6_pairwise1,2011-11-30,CtrlVol,,33,skipped,完整变量样本数小于 min_cross_section_n
FAC_rank_vol_m6_n6_pairwise1,2011-11-30,as_偏股混合型基金,,33,skipped,完整变量样本数小于 min_cross_section_n
FAC_rank_vol_m6_n6_pairwise1,2011-11-30,Ctrl_log_fund_size,,33,skipped,完整变量样本数小于 min_cross_section_n
FAC_rank_vol_m6_n6_pairwise1,2011-11-30,Ctrl_fund_age,,33,skipped,完整变量样本数小于 min_cross_section_n
FAC_rank_vol_m6_n6_pairwise1,2011-12-30,FAC_rank_vol_m6_n6_pairwise1,,34,skipped,完整变量样本数小于 min_cross_section_n
FAC_rank_vol_m6_n6_pairwise1,2011-12-30,CtrlRetSTR,,34,skipped,完整变量样本数小于 min_cross_section_n
FAC_rank_vol_m6_n6_pairwise1,2011-12-30,CtrlRetLTM,,34,skipped,完整变量样本数小于 min_cross_section_n
FAC_rank_vol_m6_n6_pairwise1,2011-12-30,CtrlVol,,34,skipped,完整变量样本数小于 min_cross_section_n
FAC_rank_vol_m6_n6_pairwise1,2011-12-30,as_偏股混合型基金,,34,skipped,完整变量样本数小于 min_cross_section_n
FAC_rank_vol_m6_n6_pairwise1,2011-12-30,Ctrl_log_fund_size,,34,skipped,完整变量样本数小于 min_cross_section_n
FAC_rank_vol_m6_n6_pairwise1,2011-12-30,Ctrl_fund_age,,34,skipped,完整变量样本数小于 min_cross_section_n
FAC_rank_vol_m6_n6_pairwise1,2012-01-31,FAC_rank_vol_m6_n6_pairwise1,,30,skipped,完整变量样本数小于 min_cross_section_n
FAC_rank_vol_m6_n6_pairwise1,2012-01-31,CtrlRetSTR,,30,skipped,完整变量样本数小于 min_cross_section_n
FAC_rank_vol_m6_n6_pairwise1,2012-01-31,CtrlRetLTM,,30,skipped,完整变量样本数小于 min_cross_section_n
FAC_rank_vol_m6_n6_pairwise1,2012-01-31,CtrlVol,,30,skipped,完整变量样本数小于 min_cross_section_n
FAC_rank_vol_m6_n6_pairwise1,2012-01-31,as_偏股混合型基金,,30,skipped,完整变量样本数小于 min_cross_section_n
FAC_rank_vol_m6_n6_pairwise1,2012-01-31,Ctrl_log_fund_size,,30,skipped,完整变量样本数小于 min_cross_section_n
FAC_rank_vol_m6_n6_pairwise1,2012-01-31,Ctrl_fund_age,,30,skipped,完整变量样本数小于 min_cross_section_n
FAC_rank_vol_m6_n6_pairwise1,2012-02-29,FAC_rank_vol_m6_n6_pairwise1,,30,skipped,完整变量样本数小于 min_cross_section_n
FAC_rank_vol_m6_n6_pairwise1,2012-02-29,CtrlRetSTR,,30,skipped,完整变量样本数小于 min_cross_section_n
FAC_rank_vol_m6_n6_pairwise1,2012-02-29,CtrlRetLTM,,30,skipped,完整变量样本数小于 min_cross_section_n
FAC_rank_vol_m6_n6_pairwise1,2012-02-29,CtrlVol,,30,skipped,完整变量样本数小于 min_cross_section_n
FAC_rank_vol_m6_n6_pairwise1,2012-02-29,as_偏股混合型基金,,30,skipped,完整变量样本数小于 min_cross_section_n
FAC_rank_vol_m6_n6_pairwise1,2012-02-29,Ctrl_log_fund_size,,30,skipped,完整变量样本数小于 min_cross_section_n
FAC_rank_vol_m6_n6_pairwise1,2012-02-29,Ctrl_fund_age,,30,skipped,完整变量样本数小于 min_cross_section_n
FAC_rank_vol_m6_n6_pairwise1,2012-03-30,FAC_rank_vol_m6_n6_pairwise1,,30,skipped,完整变量样本数小于 min_cross_section_n
FAC_rank_vol_m6_n6_pairwise1,2012-03-30,CtrlRetSTR,,30,skipped,完整变量样本数小于 min_cross_section_n
FAC_rank_vol_m6_n6_pairwise1,2012-03-30,CtrlRetLTM,,30,skipped,完整变量样本数小于 min_cross_section_n
FAC_rank_vol_m6_n6_pairwise1,2012-03-30,CtrlVol,,30,skipped,完整变量样本数小于 min_cross_section_n
FAC_rank_vol_m6_n6_pairwise1,2012-03-30,as_偏股混合型基金,,30,skipped,完整变量样本数小于 min_cross_section_n
FAC_rank_vol_m6_n6_pairwise1,2012-03-30,Ctrl_log_fund_size,,30,skipped,完整变量样本数小于 min_cross_section_n
FAC_rank_vol_m6_n6_pairwise1,2012-03-30,Ctrl_fund_age,,30,skipped,完整变量样本数小于 min_cross_section_n
FAC_rank_vol_m6_n6_pairwise1,2012-04-27,FAC_rank_vol_m6_n6_pairwise1,,33,skipped,完整变量样本数小于 min_cross_section_n
FAC_rank_vol_m6_n6_pairwise1,2012-04-27,CtrlRetSTR,,33,skipped,完整变量样本数小于 min_cross_section_n
FAC_rank_vol_m6_n6_pairwise1,2012-04-27,CtrlRetLTM,,33,skipped,完整变量样本数小于 min_cross_section_n
FAC_rank_vol_m6_n6_pairwise1,2012-04-27,CtrlVol,,33,skipped,完整变量样本数小于 min_cross_section_n
FAC_rank_vol_m6_n6_pairwise1,2012-04-27,as_偏股混合型基金,,33,skipped,完整变量样本数小于 min_cross_section_n
FAC_rank_vol_m6_n6_pairwise1,2012-04-27,Ctrl_log_fund_size,,33,skipped,完整变量样本数小于 min_cross_section_n
FAC_rank_vol_m6_n6_pairwise1,2012-04-27,Ctrl_fund_age,,33,skipped,完整变量样本数小于 min_cross_section_n
FAC_rank_vol_m6_n6_pairwise1,2012-05-31,FAC_rank_vol_m6_n6_pairwise1,,37,skipped,完整变量样本数小于 min_cross_section_n
FAC_rank_vol_m6_n6_pairwise1,2012-05-31,CtrlRetSTR,,37,skipped,完整变量样本数小于 min_cross_section_n
FAC_rank_vol_m6_n6_pairwise1,2012-05-31,CtrlRetLTM,,37,skipped,完整变量样本数小于 min_cross_section_n
FAC_rank_vol_m6_n6_pairwise1,2012-05-31,CtrlVol,,37,skipped,完整变量样本数小于 min_cross_section_n
FAC_rank_vol_m6_n6_pairwise1,2012-05-31,as_偏股混合型基金,,37,skipped,完整变量样本数小于 min_cross_section_n
FAC_rank_vol_m6_n6_pairwise1,2012-05-31,Ctrl_log_fund_size,,37,skipped,完整变量样本数小于 min_cross_section_n
FAC_rank_vol_m6_n6_pairwise1,2012-05-31,Ctrl_fund_age,,37,skipped,完整变量样本数小于 min_cross_section_n
FAC_rank_vol_m6_n6_pairwise1,2012-06-29,FAC_rank_vol_m6_n6_pairwise1,,36,skipped,完整变量样本数小于 min_cross_section_n
FAC_rank_vol_m6_n6_pairwise1,2012-06-29,CtrlRetSTR,,36,skipped,完整变量样本数小于 min_cross_section_n
FAC_rank_vol_m6_n6_pairwise1,2012-06-29,CtrlRetLTM,,36,skipped,完整变量样本数小于 min_cross_section_n
FAC_rank_vol_m6_n6_pairwise1,2012-06-29,CtrlVol,,36,skipped,完整变量样本数小于 min_cross_section_n
FAC_rank_vol_m6_n6_pairwise1,2012-06-29,as_偏股混合型基金,,36,skipped,完整变量样本数小于 min_cross_section_n
FAC_rank_vol_m6_n6_pairwise1,2012-06-29,Ctrl_log_fund_size,,36,skipped,完整变量样本数小于 min_cross_section_n
FAC_rank_vol_m6_n6_pairwise1,2012-06-29,Ctrl_fund_age,,36,skipped,完整变量样本数小于 min_cross_section_n
FAC_rank_vol_m6_n6_pairwise1,2012-07-31,FAC_rank_vol_m6_n6_pairwise1,,37,skipped,完整变量样本数小于 min_cross_section_n
FAC_rank_vol_m6_n6_pairwise1,2012-07-31,CtrlRetSTR,,37,skipped,完整变量样本数小于 min_cross_section_n
FAC_rank_vol_m6_n6_pairwise1,2012-07-31,CtrlRetLTM,,37,skipped,完整变量样本数小于 min_cross_section_n
FAC_rank_vol_m6_n6_pairwise1,2012-07-31,CtrlVol,,37,skipped,完整变量样本数小于 min_cross_section_n
FAC_rank_vol_m6_n6_pairwise1,2012-07-31,as_偏股混合型基金,,37,skipped,完整变量样本数小于 min_cross_section_n
FAC_rank_vol_m6_n6_pairwise1,2012-07-31,Ctrl_log_fund_size,,37,skipped,完整变量样本数小于 min_cross_section_n
FAC_rank_vol_m6_n6_pairwise1,2012-07-31,Ctrl_fund_age,,37,skipped,完整变量样本数小于 min_cross_section_n
FAC_rank_vol_m6_n6_pairwise1,2012-08-31,FAC_rank_vol_m6_n6_pairwise1,,39,skipped,完整变量样本数小于 min_cross_section_n
FAC_rank_vol_m6_n6_pairwise1,2012-08-31,CtrlRetSTR,,39,skipped,完整变量样本数小于 min_cross_section_n
FAC_rank_vol_m6_n6_pairwise1,2012-08-31,CtrlRetLTM,,39,skipped,完整变量样本数小于 min_cross_section_n
FAC_rank_vol_m6_n6_pairwise1,2012-08-31,CtrlVol,,39,skipped,完整变量样本数小于 min_cross_section_n
FAC_rank_vol_m6_n6_pairwise1,2012-08-31,as_偏股混合型基金,,39,skipped,完整变量样本数小于 min_cross_section_n
FAC_rank_vol_m6_n6_pairwise1,2012-08-31,Ctrl_log_fund_size,,39,skipped,完整变量样本数小于 min_cross_section_n
FAC_rank_vol_m6_n6_pairwise1,2012-08-31,Ctrl_fund_age,,39,skipped,完整变量样本数小于 min_cross_section_n
FAC_rank_vol_m6_n6_pairwise1,2012-09-28,FAC_rank_vol_m6_n6_pairwise1,,40,skipped,完整变量样本数小于 min_cross_section_n
FAC_rank_vol_m6_n6_pairwise1,2012-09-28,CtrlRetSTR,,40,skipped,完整变量样本数小于 min_cross_section_n
FAC_rank_vol_m6_n6_pairwise1,2012-09-28,CtrlRetLTM,,40,skipped,完整变量样本数小于 min_cross_section_n
FAC_rank_vol_m6_n6_pairwise1,2012-09-28,CtrlVol,,40,skipped,完整变量样本数小于 min_cross_section_n
FAC_rank_vol_m6_n6_pairwise1,2012-09-28,as_偏股混合型基金,,40,skipped,完整变量样本数小于 min_cross_section_n
FAC_rank_vol_m6_n6_pairwise1,2012-09-28,Ctrl_log_fund_size,,40,skipped,完整变量样本数小于 min_cross_section_n
FAC_rank_vol_m6_n6_pairwise1,2012-09-28,Ctrl_fund_age,,40,skipped,完整变量样本数小于 min_cross_section_n
FAC_rank_vol_m6_n6_pairwise1,2012-10-31,FAC_rank_vol_m6_n6_pairwise1,,41,skipped,完整变量样本数小于 min_cross_section_n
FAC_rank_vol_m6_n6_pairwise1,2012-10-31,CtrlRetSTR,,41,skipped,完整变量样本数小于 min_cross_section_n
FAC_rank_vol_m6_n6_pairwise1,2012-10-31,CtrlRetLTM,,41,skipped,完整变量样本数小于 min_cross_section_n
FAC_rank_vol_m6_n6_pairwise1,2012-10-31,CtrlVol,,41,skipped,完整变量样本数小于 min_cross_section_n
FAC_rank_vol_m6_n6_pairwise1,2012-10-31,as_偏股混合型基金,,41,skipped,完整变量样本数小于 min_cross_section_n
FAC_rank_vol_m6_n6_pairwise1,2012-10-31,Ctrl_log_fund_size,,41,skipped,完整变量样本数小于 min_cross_section_n
FAC_rank_vol_m6_n6_pairwise1,2012-10-31,Ctrl_fund_age,,41,skipped,完整变量样本数小于 min_cross_section_n
FAC_rank_vol_m6_n6_pairwise1,2012-11-30,FAC_rank_vol_m6_n6_pairwise1,,45,skipped,完整变量样本数小于 min_cross_section_n
FAC_rank_vol_m6_n6_pairwise1,2012-11-30,CtrlRetSTR,,45,skipped,完整变量样本数小于 min_cross_section_n
FAC_rank_vol_m6_n6_pairwise1,2012-11-30,CtrlRetLTM,,45,skipped,完整变量样本数小于 min_cross_section_n
FAC_rank_vol_m6_n6_pairwise1,2012-11-30,CtrlVol,,45,skipped,完整变量样本数小于 min_cross_section_n
FAC_rank_vol_m6_n6_pairwise1,2012-11-30,as_偏股混合型基金,,45,skipped,完整变量样本数小于 min_cross_section_n
FAC_rank_vol_m6_n6_pairwise1,2012-11-30,Ctrl_log_fund_size,,45,skipped,完整变量样本数小于 min_cross_section_n
FAC_rank_vol_m6_n6_pairwise1,2012-11-30,Ctrl_fund_age,,45,skipped,完整变量样本数小于 min_cross_section_n
FAC_rank_vol_m6_n6_pairwise1,2012-12-31,FAC_rank_vol_m6_n6_pairwise1,,49,skipped,完整变量样本数小于 min_cross_section_n
FAC_rank_vol_m6_n6_pairwise1,2012-12-31,CtrlRetSTR,,49,skipped,完整变量样本数小于 min_cross_section_n
FAC_rank_vol_m6_n6_pairwise1,2012-12-31,CtrlRetLTM,,49,skipped,完整变量样本数小于 min_cross_section_n
FAC_rank_vol_m6_n6_pairwise1,2012-12-31,CtrlVol,,49,skipped,完整变量样本数小于 min_cross_section_n
FAC_rank_vol_m6_n6_pairwise1,2012-12-31,as_偏股混合型基金,,49,skipped,完整变量样本数小于 min_cross_section_n
FAC_rank_vol_m6_n6_pairwise1,2012-12-31,Ctrl_log_fund_size,,49,skipped,完整变量样本数小于 min_cross_section_n
FAC_rank_vol_m6_n6_pairwise1,2012-12-31,Ctrl_fund_age,,49,skipped,完整变量样本数小于 min_cross_section_n
FAC_rank_vol_m6_n6_pairwise1,2013-01-31,FAC_rank_vol_m6_n6_pairwise1,1.4961939708220886,50,ok,
FAC_rank_vol_m6_n6_pairwise1,2013-01-31,CtrlRetSTR,1.0161168232447924,50,ok,
FAC_rank_vol_m6_n6_pairwise1,2013-01-31,CtrlRetLTM,1.273082964016998,50,ok,
FAC_rank_vol_m6_n6_pairwise1,2013-01-31,CtrlVol,1.2679196139244004,50,ok,
FAC_rank_vol_m6_n6_pairwise1,2013-01-31,as_偏股混合型基金,1.2076479269009763,50,ok,
FAC_rank_vol_m6_n6_pairwise1,2013-01-31,Ctrl_log_fund_size,3.4712974412386006,50,ok,
FAC_rank_vol_m6_n6_pairwise1,2013-01-31,Ctrl_fund_age,3.492033055582871,50,ok,
FAC_rank_vol_m6_n6_pairwise1,2013-02-28,FAC_rank_vol_m6_n6_pairwise1,1.6803547943237216,51,ok,
FAC_rank_vol_m6_n6_pairwise1,2013-02-28,CtrlRetSTR,1.1556333318474816,51,ok,
FAC_rank_vol_m6_n6_pairwise1,2013-02-28,CtrlRetLTM,1.3288096693584992,51,ok,
FAC_rank_vol_m6_n6_pairwise1,2013-02-28,CtrlVol,1.2914451510536558,51,ok,
FAC_rank_vol_m6_n6_pairwise1,2013-02-28,as_偏股混合型基金,1.2853576347933895,51,ok,
FAC_rank_vol_m6_n6_pairwise1,2013-02-28,Ctrl_log_fund_size,5.281493760552604,51,ok,
FAC_rank_vol_m6_n6_pairwise1,2013-02-28,Ctrl_fund_age,4.667550762462807,51,ok,
FAC_rank_vol_m6_n6_pairwise1,2013-03-29,FAC_rank_vol_m6_n6_pairwise1,1.2947153129043376,54,ok,
FAC_rank_vol_m6_n6_pairwise1,2013-03-29,CtrlRetSTR,1.2432396300317183,54,ok,
FAC_rank_vol_m6_n6_pairwise1,2013-03-29,CtrlRetLTM,1.25019232675873,54,ok,
FAC_rank_vol_m6_n6_pairwise1,2013-03-29,CtrlVol,1.2764342177654406,54,ok,
FAC_rank_vol_m6_n6_pairwise1,2013-03-29,as_偏股混合型基金,1.1427015408689278,54,ok,
FAC_rank_vol_m6_n6_pairwise1,2013-03-29,Ctrl_log_fund_size,3.922024921180613,54,ok,
FAC_rank_vol_m6_n6_pairwise1,2013-03-29,Ctrl_fund_age,3.9650782571322774,54,ok,
FAC_rank_vol_m6_n6_pairwise1,2013-04-26,FAC_rank_vol_m6_n6_pairwise1,1.1334504176585802,53,ok,
FAC_rank_vol_m6_n6_pairwise1,2013-04-26,CtrlRetSTR,1.1378755517844212,53,ok,
FAC_rank_vol_m6_n6_pairwise1,2013-04-26,CtrlRetLTM,1.3311918343177036,53,ok,
FAC_rank_vol_m6_n6_pairwise1,2013-04-26,CtrlVol,1.3411878133366344,53,ok,
FAC_rank_vol_m6_n6_pairwise1,2013-04-26,as_偏股混合型基金,1.1122120936725395,53,ok,
FAC_rank_vol_m6_n6_pairwise1,2013-04-26,Ctrl_log_fund_size,3.586544380342132,53,ok,
FAC_rank_vol_m6_n6_pairwise1,2013-04-26,Ctrl_fund_age,3.7185600848110325,53,ok,
FAC_rank_vol_m6_n6_pairwise1,2013-05-31,FAC_rank_vol_m6_n6_pairwise1,1.5963497371406432,53,ok,
FAC_rank_vol_m6_n6_pairwise1,2013-05-31,CtrlRetSTR,1.5472473003443734,53,ok,
FAC_rank_vol_m6_n6_pairwise1,2013-05-31,CtrlRetLTM,1.4193826618326904,53,ok,
FAC_rank_vol_m6_n6_pairwise1,2013-05-31,CtrlVol,1.4571430801481562,53,ok,
FAC_rank_vol_m6_n6_pairwise1,2013-05-31,as_偏股混合型基金,1.2507540851627486,53,ok,
FAC_rank_vol_m6_n6_pairwise1,2013-05-31,Ctrl_log_fund_size,3.347433032227762,53,ok,
FAC_rank_vol_m6_n6_pairwise1,2013-05-31,Ctrl_fund_age,3.487916467613805,53,ok,
FAC_rank_vol_m6_n6_pairwise1,2013-06-28,FAC_rank_vol_m6_n6_pairwise1,1.570135899331966,53,ok,
FAC_rank_vol_m6_n6_pairwise1,2013-06-28,CtrlRetSTR,1.7378280344145396,53,ok,
FAC_rank_vol_m6_n6_pairwise1,2013-06-28,CtrlRetLTM,1.9366124082474292,53,ok,
FAC_rank_vol_m6_n6_pairwise1,2013-06-28,CtrlVol,1.7993811928901042,53,ok,
FAC_rank_vol_m6_n6_pairwise1,2013-06-28,as_偏股混合型基金,1.1519560730387979,53,ok,
FAC_rank_vol_m6_n6_pairwise1,2013-06-28,Ctrl_log_fund_size,4.420647265110238,53,ok,
FAC_rank_vol_m6_n6_pairwise1,2013-06-28,Ctrl_fund_age,4.6474674770568205,53,ok,
FAC_rank_vol_m6_n6_pairwise1,2013-07-31,FAC_rank_vol_m6_n6_pairwise1,1.7418606911816843,55,ok,
FAC_rank_vol_m6_n6_pairwise1,2013-07-31,CtrlRetSTR,1.1457208236113485,55,ok,
FAC_rank_vol_m6_n6_pairwise1,2013-07-31,CtrlRetLTM,1.6054138186314615,55,ok,
FAC_rank_vol_m6_n6_pairwise1,2013-07-31,CtrlVol,1.3626126161183927,55,ok,
FAC_rank_vol_m6_n6_pairwise1,2013-07-31,as_偏股混合型基金,1.2024433994597143,55,ok,
FAC_rank_vol_m6_n6_pairwise1,2013-07-31,Ctrl_log_fund_size,4.258934118394608,55,ok,
FAC_rank_vol_m6_n6_pairwise1,2013-07-31,Ctrl_fund_age,4.561673586336171,55,ok,
FAC_rank_vol_m6_n6_pairwise1,2013-08-30,FAC_rank_vol_m6_n6_pairwise1,1.8546082049052934,56,ok,
FAC_rank_vol_m6_n6_pairwise1,2013-08-30,CtrlRetSTR,1.6514371852842868,56,ok,
FAC_rank_vol_m6_n6_pairwise1,2013-08-30,CtrlRetLTM,1.9504584619320318,56,ok,
FAC_rank_vol_m6_n6_pairwise1,2013-08-30,CtrlVol,1.2609016012737357,56,ok,
FAC_rank_vol_m6_n6_pairwise1,2013-08-30,as_偏股混合型基金,1.2726323423472508,56,ok,
FAC_rank_vol_m6_n6_pairwise1,2013-08-30,Ctrl_log_fund_size,3.188448877792258,56,ok,
FAC_rank_vol_m6_n6_pairwise1,2013-08-30,Ctrl_fund_age,3.209665145497968,56,ok,
FAC_rank_vol_m6_n6_pairwise1,2013-09-30,FAC_rank_vol_m6_n6_pairwise1,1.5617932886714154,55,ok,
FAC_rank_vol_m6_n6_pairwise1,2013-09-30,CtrlRetSTR,1.149246890696581,55,ok,
FAC_rank_vol_m6_n6_pairwise1,2013-09-30,CtrlRetLTM,1.4896979855953776,55,ok,
FAC_rank_vol_m6_n6_pairwise1,2013-09-30,CtrlVol,1.0858231518779964,55,ok,
FAC_rank_vol_m6_n6_pairwise1,2013-09-30,as_偏股混合型基金,1.301686735963932,55,ok,
FAC_rank_vol_m6_n6_pairwise1,2013-09-30,Ctrl_log_fund_size,2.8860512494762744,55,ok,
FAC_rank_vol_m6_n6_pairwise1,2013-09-30,Ctrl_fund_age,2.979825229311211,55,ok,
FAC_rank_vol_m6_n6_pairwise1,2013-10-31,FAC_rank_vol_m6_n6_pairwise1,1.5331563484233341,58,ok,
FAC_rank_vol_m6_n6_pairwise1,2013-10-31,CtrlRetSTR,1.215719899127442,58,ok,
FAC_rank_vol_m6_n6_pairwise1,2013-10-31,CtrlRetLTM,1.5046383988024703,58,ok,
FAC_rank_vol_m6_n6_pairwise1,2013-10-31,CtrlVol,1.0760126396820209,58,ok,
FAC_rank_vol_m6_n6_pairwise1,2013-10-31,as_偏股混合型基金,1.2785846422241685,58,ok,
FAC_rank_vol_m6_n6_pairwise1,2013-10-31,Ctrl_log_fund_size,2.897986050381224,58,ok,
FAC_rank_vol_m6_n6_pairwise1,2013-10-31,Ctrl_fund_age,2.7429831488596745,58,ok,
FAC_rank_vol_m6_n6_pairwise1,2013-11-29,FAC_rank_vol_m6_n6_pairwise1,1.6032796274863699,61,ok,
FAC_rank_vol_m6_n6_pairwise1,2013-11-29,CtrlRetSTR,1.306132158999934,61,ok,
FAC_rank_vol_m6_n6_pairwise1,2013-11-29,CtrlRetLTM,1.7378571010096062,61,ok,
FAC_rank_vol_m6_n6_pairwise1,2013-11-29,CtrlVol,1.1830743515242157,61,ok,
FAC_rank_vol_m6_n6_pairwise1,2013-11-29,as_偏股混合型基金,1.1030236859865448,61,ok,
FAC_rank_vol_m6_n6_pairwise1,2013-11-29,Ctrl_log_fund_size,2.606960127475641,61,ok,
FAC_rank_vol_m6_n6_pairwise1,2013-11-29,Ctrl_fund_age,2.648638780388345,61,ok,
FAC_rank_vol_m6_n6_pairwise1,2013-12-31,FAC_rank_vol_m6_n6_pairwise1,1.5555084969260615,61,ok,
FAC_rank_vol_m6_n6_pairwise1,2013-12-31,CtrlRetSTR,1.3206037410851514,61,ok,
FAC_rank_vol_m6_n6_pairwise1,2013-12-31,CtrlRetLTM,1.7636915135590996,61,ok,
FAC_rank_vol_m6_n6_pairwise1,2013-12-31,CtrlVol,1.3061914226207059,61,ok,
FAC_rank_vol_m6_n6_pairwise1,2013-12-31,as_偏股混合型基金,1.1571994313184057,61,ok,
FAC_rank_vol_m6_n6_pairwise1,2013-12-31,Ctrl_log_fund_size,3.0658681036803794,61,ok,
FAC_rank_vol_m6_n6_pairwise1,2013-12-31,Ctrl_fund_age,3.024209412373018,61,ok,
FAC_rank_vol_m6_n6_pairwise1,2014-01-30,FAC_rank_vol_m6_n6_pairwise1,1.4947277621813437,57,ok,
FAC_rank_vol_m6_n6_pairwise1,2014-01-30,CtrlRetSTR,1.4472534107925386,57,ok,
FAC_rank_vol_m6_n6_pairwise1,2014-01-30,CtrlRetLTM,1.6525015043910656,57,ok,
FAC_rank_vol_m6_n6_pairwise1,2014-01-30,CtrlVol,1.322722143232436,57,ok,
FAC_rank_vol_m6_n6_pairwise1,2014-01-30,as_偏股混合型基金,1.1715853444617654,57,ok,
FAC_rank_vol_m6_n6_pairwise1,2014-01-30,Ctrl_log_fund_size,2.829279100465452,57,ok,
FAC_rank_vol_m6_n6_pairwise1,2014-01-30,Ctrl_fund_age,2.7223502377681266,57,ok,
FAC_rank_vol_m6_n6_pairwise1,2014-02-28,FAC_rank_vol_m6_n6_pairwise1,1.6609263779886065,59,ok,
FAC_rank_vol_m6_n6_pairwise1,2014-02-28,CtrlRetSTR,1.3221084282560076,59,ok,
FAC_rank_vol_m6_n6_pairwise1,2014-02-28,CtrlRetLTM,1.8822243021400735,59,ok,
FAC_rank_vol_m6_n6_pairwise1,2014-02-28,CtrlVol,1.4668184754727949,59,ok,
FAC_rank_vol_m6_n6_pairwise1,2014-02-28,as_偏股混合型基金,1.1882230452081743,59,ok,
FAC_rank_vol_m6_n6_pairwise1,2014-02-28,Ctrl_log_fund_size,2.7340491737491903,59,ok,
FAC_rank_vol_m6_n6_pairwise1,2014-02-28,Ctrl_fund_age,2.927164684474908,59,ok,
FAC_rank_vol_m6_n6_pairwise1,2014-03-31,FAC_rank_vol_m6_n6_pairwise1,1.3749094418321548,59,ok,
FAC_rank_vol_m6_n6_pairwise1,2014-03-31,CtrlRetSTR,1.334531000171946,59,ok,
FAC_rank_vol_m6_n6_pairwise1,2014-03-31,CtrlRetLTM,1.7961383350043878,59,ok,
FAC_rank_vol_m6_n6_pairwise1,2014-03-31,CtrlVol,1.4407850091569476,59,ok,
FAC_rank_vol_m6_n6_pairwise1,2014-03-31,as_偏股混合型基金,1.154759374114458,59,ok,
FAC_rank_vol_m6_n6_pairwise1,2014-03-31,Ctrl_log_fund_size,3.0861985699560592,59,ok,
FAC_rank_vol_m6_n6_pairwise1,2014-03-31,Ctrl_fund_age,2.8110903358288915,59,ok,
FAC_rank_vol_m6_n6_pairwise1,2014-04-30,FAC_rank_vol_m6_n6_pairwise1,1.515510045145105,59,ok,
FAC_rank_vol_m6_n6_pairwise1,2014-04-30,CtrlRetSTR,1.0808078267373067,59,ok,
FAC_rank_vol_m6_n6_pairwise1,2014-04-30,CtrlRetLTM,1.6404347378673603,59,ok,
FAC_rank_vol_m6_n6_pairwise1,2014-04-30,CtrlVol,1.2609805381902228,59,ok,
FAC_rank_vol_m6_n6_pairwise1,2014-04-30,as_偏股混合型基金,1.2737953300031206,59,ok,
FAC_rank_vol_m6_n6_pairwise1,2014-04-30,Ctrl_log_fund_size,2.771315893432784,59,ok,
FAC_rank_vol_m6_n6_pairwise1,2014-04-30,Ctrl_fund_age,2.590387012415675,59,ok,
FAC_rank_vol_m6_n6_pairwise1,2014-05-30,FAC_rank_vol_m6_n6_pairwise1,1.3954945475401093,58,ok,
FAC_rank_vol_m6_n6_pairwise1,2014-05-30,CtrlRetSTR,1.1626856002833341,58,ok,
FAC_rank_vol_m6_n6_pairwise1,2014-05-30,CtrlRetLTM,1.7484865053265923,58,ok,
FAC_rank_vol_m6_n6_pairwise1,2014-05-30,CtrlVol,1.3105000603985784,58,ok,
FAC_rank_vol_m6_n6_pairwise1,2014-05-30,as_偏股混合型基金,1.2103115541348994,58,ok,
FAC_rank_vol_m6_n6_pairwise1,2014-05-30,Ctrl_log_fund_size,2.806290144464369,58,ok,
FAC_rank_vol_m6_n6_pairwise1,2014-05-30,Ctrl_fund_age,2.7456825426717213,58,ok,
FAC_rank_vol_m6_n6_pairwise1,2014-06-30,FAC_rank_vol_m6_n6_pairwise1,2.1025194611121627,57,ok,
FAC_rank_vol_m6_n6_pairwise1,2014-06-30,CtrlRetSTR,1.2770333178641424,57,ok,
FAC_rank_vol_m6_n6_pairwise1,2014-06-30,CtrlRetLTM,1.84395390899712,57,ok,
FAC_rank_vol_m6_n6_pairwise1,2014-06-30,CtrlVol,1.299662907299335,57,ok,
FAC_rank_vol_m6_n6_pairwise1,2014-06-30,as_偏股混合型基金,1.269558885151594,57,ok,
FAC_rank_vol_m6_n6_pairwise1,2014-06-30,Ctrl_log_fund_size,3.04050985462339,57,ok,
FAC_rank_vol_m6_n6_pairwise1,2014-06-30,Ctrl_fund_age,2.6478747998674996,57,ok,
FAC_rank_vol_m6_n6_pairwise1,2014-07-31,FAC_rank_vol_m6_n6_pairwise1,2.3202118892111403,55,ok,
FAC_rank_vol_m6_n6_pairwise1,2014-07-31,CtrlRetSTR,1.2360705798497589,55,ok,
FAC_rank_vol_m6_n6_pairwise1,2014-07-31,CtrlRetLTM,1.7372257342217547,55,ok,
FAC_rank_vol_m6_n6_pairwise1,2014-07-31,CtrlVol,1.410308657673404,55,ok,
FAC_rank_vol_m6_n6_pairwise1,2014-07-31,as_偏股混合型基金,1.0983266902316438,55,ok,
FAC_rank_vol_m6_n6_pairwise1,2014-07-31,Ctrl_log_fund_size,2.5423983947437714,55,ok,
FAC_rank_vol_m6_n6_pairwise1,2014-07-31,Ctrl_fund_age,2.399173705057608,55,ok,
FAC_rank_vol_m6_n6_pairwise1,2014-08-29,FAC_rank_vol_m6_n6_pairwise1,1.6258888835641256,56,ok,
FAC_rank_vol_m6_n6_pairwise1,2014-08-29,CtrlRetSTR,1.2524985862751694,56,ok,
FAC_rank_vol_m6_n6_pairwise1,2014-08-29,CtrlRetLTM,1.562533473028282,56,ok,
FAC_rank_vol_m6_n6_pairwise1,2014-08-29,CtrlVol,1.1036727801028277,56,ok,
FAC_rank_vol_m6_n6_pairwise1,2014-08-29,as_偏股混合型基金,1.0914709653163934,56,ok,
FAC_rank_vol_m6_n6_pairwise1,2014-08-29,Ctrl_log_fund_size,2.825681648735443,56,ok,
FAC_rank_vol_m6_n6_pairwise1,2014-08-29,Ctrl_fund_age,2.5416152221813566,56,ok,
FAC_rank_vol_m6_n6_pairwise1,2014-09-30,FAC_rank_vol_m6_n6_pairwise1,2.059373614835957,55,ok,
FAC_rank_vol_m6_n6_pairwise1,2014-09-30,CtrlRetSTR,1.2532976218267469,55,ok,
FAC_rank_vol_m6_n6_pairwise1,2014-09-30,CtrlRetLTM,1.9001905092049503,55,ok,
FAC_rank_vol_m6_n6_pairwise1,2014-09-30,CtrlVol,1.332167004794795,55,ok,
FAC_rank_vol_m6_n6_pairwise1,2014-09-30,as_偏股混合型基金,1.183323409954238,55,ok,
FAC_rank_vol_m6_n6_pairwise1,2014-09-30,Ctrl_log_fund_size,3.268314528030061,55,ok,
FAC_rank_vol_m6_n6_pairwise1,2014-09-30,Ctrl_fund_age,2.914649346857704,55,ok,
FAC_rank_vol_m6_n6_pairwise1,2014-10-31,FAC_rank_vol_m6_n6_pairwise1,2.0913105139245856,53,ok,
FAC_rank_vol_m6_n6_pairwise1,2014-10-31,CtrlRetSTR,1.1436763821450164,53,ok,
FAC_rank_vol_m6_n6_pairwise1,2014-10-31,CtrlRetLTM,2.115923034271785,53,ok,
FAC_rank_vol_m6_n6_pairwise1,2014-10-31,CtrlVol,1.4435146893466628,53,ok,
FAC_rank_vol_m6_n6_pairwise1,2014-10-31,as_偏股混合型基金,1.1639790470180456,53,ok,
FAC_rank_vol_m6_n6_pairwise1,2014-10-31,Ctrl_log_fund_size,3.0024500161036327,53,ok,
FAC_rank_vol_m6_n6_pairwise1,2014-10-31,Ctrl_fund_age,3.0594367587071893,53,ok,
FAC_rank_vol_m6_n6_pairwise1,2014-11-28,FAC_rank_vol_m6_n6_pairwise1,1.9081104467115282,52,ok,
FAC_rank_vol_m6_n6_pairwise1,2014-11-28,CtrlRetSTR,1.2760837654244124,52,ok,
FAC_rank_vol_m6_n6_pairwise1,2014-11-28,CtrlRetLTM,1.8461294470290546,52,ok,
FAC_rank_vol_m6_n6_pairwise1,2014-11-28,CtrlVol,1.4892351130494104,52,ok,
FAC_rank_vol_m6_n6_pairwise1,2014-11-28,as_偏股混合型基金,1.298426080603984,52,ok,
FAC_rank_vol_m6_n6_pairwise1,2014-11-28,Ctrl_log_fund_size,3.0221390161707777,52,ok,
FAC_rank_vol_m6_n6_pairwise1,2014-11-28,Ctrl_fund_age,3.1950822033590067,52,ok,
FAC_rank_vol_m6_n6_pairwise1,2014-12-31,FAC_rank_vol_m6_n6_pairwise1,,47,skipped,完整变量样本数小于 min_cross_section_n
FAC_rank_vol_m6_n6_pairwise1,2014-12-31,CtrlRetSTR,,47,skipped,完整变量样本数小于 min_cross_section_n
FAC_rank_vol_m6_n6_pairwise1,2014-12-31,CtrlRetLTM,,47,skipped,完整变量样本数小于 min_cross_section_n
FAC_rank_vol_m6_n6_pairwise1,2014-12-31,CtrlVol,,47,skipped,完整变量样本数小于 min_cross_section_n
FAC_rank_vol_m6_n6_pairwise1,2014-12-31,as_偏股混合型基金,,47,skipped,完整变量样本数小于 min_cross_section_n
FAC_rank_vol_m6_n6_pairwise1,2014-12-31,Ctrl_log_fund_size,,47,skipped,完整变量样本数小于 min_cross_section_n
FAC_rank_vol_m6_n6_pairwise1,2014-12-31,Ctrl_fund_age,,47,skipped,完整变量样本数小于 min_cross_section_n
FAC_rank_vol_m6_n6_pairwise1,2015-01-30,FAC_rank_vol_m6_n6_pairwise1,,46,skipped,完整变量样本数小于 min_cross_section_n
FAC_rank_vol_m6_n6_pairwise1,2015-01-30,CtrlRetSTR,,46,skipped,完整变量样本数小于 min_cross_section_n
FAC_rank_vol_m6_n6_pairwise1,2015-01-30,CtrlRetLTM,,46,skipped,完整变量样本数小于 min_cross_section_n
FAC_rank_vol_m6_n6_pairwise1,2015-01-30,CtrlVol,,46,skipped,完整变量样本数小于 min_cross_section_n
FAC_rank_vol_m6_n6_pairwise1,2015-01-30,as_偏股混合型基金,,46,skipped,完整变量样本数小于 min_cross_section_n
FAC_rank_vol_m6_n6_pairwise1,2015-01-30,Ctrl_log_fund_size,,46,skipped,完整变量样本数小于 min_cross_section_n
FAC_rank_vol_m6_n6_pairwise1,2015-01-30,Ctrl_fund_age,,46,skipped,完整变量样本数小于 min_cross_section_n
FAC_rank_vol_m6_n6_pairwise1,2015-02-27,FAC_rank_vol_m6_n6_pairwise1,,48,skipped,完整变量样本数小于 min_cross_section_n
FAC_rank_vol_m6_n6_pairwise1,2015-02-27,CtrlRetSTR,,48,skipped,完整变量样本数小于 min_cross_section_n
FAC_rank_vol_m6_n6_pairwise1,2015-02-27,CtrlRetLTM,,48,skipped,完整变量样本数小于 min_cross_section_n
FAC_rank_vol_m6_n6_pairwise1,2015-02-27,CtrlVol,,48,skipped,完整变量样本数小于 min_cross_section_n
FAC_rank_vol_m6_n6_pairwise1,2015-02-27,as_偏股混合型基金,,48,skipped,完整变量样本数小于 min_cross_section_n
FAC_rank_vol_m6_n6_pairwise1,2015-02-27,Ctrl_log_fund_size,,48,skipped,完整变量样本数小于 min_cross_section_n
FAC_rank_vol_m6_n6_pairwise1,2015-02-27,Ctrl_fund_age,,48,skipped,完整变量样本数小于 min_cross_section_n
FAC_rank_vol_m6_n6_pairwise1,2015-03-31,FAC_rank_vol_m6_n6_pairwise1,,47,skipped,完整变量样本数小于 min_cross_section_n
FAC_rank_vol_m6_n6_pairwise1,2015-03-31,CtrlRetSTR,,47,skipped,完整变量样本数小于 min_cross_section_n
FAC_rank_vol_m6_n6_pairwise1,2015-03-31,CtrlRetLTM,,47,skipped,完整变量样本数小于 min_cross_section_n
FAC_rank_vol_m6_n6_pairwise1,2015-03-31,CtrlVol,,47,skipped,完整变量样本数小于 min_cross_section_n
FAC_rank_vol_m6_n6_pairwise1,2015-03-31,as_偏股混合型基金,,47,skipped,完整变量样本数小于 min_cross_section_n
FAC_rank_vol_m6_n6_pairwise1,2015-03-31,Ctrl_log_fund_size,,47,skipped,完整变量样本数小于 min_cross_section_n
FAC_rank_vol_m6_n6_pairwise1,2015-03-31,Ctrl_fund_age,,47,skipped,完整变量样本数小于 min_cross_section_n
FAC_rank_vol_m6_n6_pairwise1,2015-04-30,FAC_rank_vol_m6_n6_pairwise1,,43,skipped,完整变量样本数小于 min_cross_section_n
FAC_rank_vol_m6_n6_pairwise1,2015-04-30,CtrlRetSTR,,43,skipped,完整变量样本数小于 min_cross_section_n
FAC_rank_vol_m6_n6_pairwise1,2015-04-30,CtrlRetLTM,,43,skipped,完整变量样本数小于 min_cross_section_n
FAC_rank_vol_m6_n6_pairwise1,2015-04-30,CtrlVol,,43,skipped,完整变量样本数小于 min_cross_section_n
FAC_rank_vol_m6_n6_pairwise1,2015-04-30,as_偏股混合型基金,,43,skipped,完整变量样本数小于 min_cross_section_n
FAC_rank_vol_m6_n6_pairwise1,2015-04-30,Ctrl_log_fund_size,,43,skipped,完整变量样本数小于 min_cross_section_n
FAC_rank_vol_m6_n6_pairwise1,2015-04-30,Ctrl_fund_age,,43,skipped,完整变量样本数小于 min_cross_section_n
FAC_rank_vol_m6_n6_pairwise1,2015-05-29,FAC_rank_vol_m6_n6_pairwise1,,42,skipped,完整变量样本数小于 min_cross_section_n
FAC_rank_vol_m6_n6_pairwise1,2015-05-29,CtrlRetSTR,,42,skipped,完整变量样本数小于 min_cross_section_n
FAC_rank_vol_m6_n6_pairwise1,2015-05-29,CtrlRetLTM,,42,skipped,完整变量样本数小于 min_cross_section_n
FAC_rank_vol_m6_n6_pairwise1,2015-05-29,CtrlVol,,42,skipped,完整变量样本数小于 min_cross_section_n
FAC_rank_vol_m6_n6_pairwise1,2015-05-29,as_偏股混合型基金,,42,skipped,完整变量样本数小于 min_cross_section_n
FAC_rank_vol_m6_n6_pairwise1,2015-05-29,Ctrl_log_fund_size,,42,skipped,完整变量样本数小于 min_cross_section_n
FAC_rank_vol_m6_n6_pairwise1,2015-05-29,Ctrl_fund_age,,42,skipped,完整变量样本数小于 min_cross_section_n
FAC_rank_vol_m6_n6_pairwise1,2015-06-30,FAC_rank_vol_m6_n6_pairwise1,,36,skipped,完整变量样本数小于 min_cross_section_n
FAC_rank_vol_m6_n6_pairwise1,2015-06-30,CtrlRetSTR,,36,skipped,完整变量样本数小于 min_cross_section_n
FAC_rank_vol_m6_n6_pairwise1,2015-06-30,CtrlRetLTM,,36,skipped,完整变量样本数小于 min_cross_section_n
FAC_rank_vol_m6_n6_pairwise1,2015-06-30,CtrlVol,,36,skipped,完整变量样本数小于 min_cross_section_n
FAC_rank_vol_m6_n6_pairwise1,2015-06-30,as_偏股混合型基金,,36,skipped,完整变量样本数小于 min_cross_section_n
FAC_rank_vol_m6_n6_pairwise1,2015-06-30,Ctrl_log_fund_size,,36,skipped,完整变量样本数小于 min_cross_section_n
FAC_rank_vol_m6_n6_pairwise1,2015-06-30,Ctrl_fund_age,,36,skipped,完整变量样本数小于 min_cross_section_n
FAC_rank_vol_m6_n6_pairwise1,2015-07-31,FAC_rank_vol_m6_n6_pairwise1,,36,skipped,完整变量样本数小于 min_cross_section_n
FAC_rank_vol_m6_n6_pairwise1,2015-07-31,CtrlRetSTR,,36,skipped,完整变量样本数小于 min_cross_section_n
FAC_rank_vol_m6_n6_pairwise1,2015-07-31,CtrlRetLTM,,36,skipped,完整变量样本数小于 min_cross_section_n
FAC_rank_vol_m6_n6_pairwise1,2015-07-31,CtrlVol,,36,skipped,完整变量样本数小于 min_cross_section_n
FAC_rank_vol_m6_n6_pairwise1,2015-07-31,as_偏股混合型基金,,36,skipped,完整变量样本数小于 min_cross_section_n
FAC_rank_vol_m6_n6_pairwise1,2015-07-31,Ctrl_log_fund_size,,36,skipped,完整变量样本数小于 min_cross_section_n
FAC_rank_vol_m6_n6_pairwise1,2015-07-31,Ctrl_fund_age,,36,skipped,完整变量样本数小于 min_cross_section_n
FAC_rank_vol_m6_n6_pairwise1,2015-08-31,FAC_rank_vol_m6_n6_pairwise1,,38,skipped,完整变量样本数小于 min_cross_section_n
FAC_rank_vol_m6_n6_pairwise1,2015-08-31,CtrlRetSTR,,38,skipped,完整变量样本数小于 min_cross_section_n
FAC_rank_vol_m6_n6_pairwise1,2015-08-31,CtrlRetLTM,,38,skipped,完整变量样本数小于 min_cross_section_n
FAC_rank_vol_m6_n6_pairwise1,2015-08-31,CtrlVol,,38,skipped,完整变量样本数小于 min_cross_section_n
FAC_rank_vol_m6_n6_pairwise1,2015-08-31,as_偏股混合型基金,,38,skipped,完整变量样本数小于 min_cross_section_n
FAC_rank_vol_m6_n6_pairwise1,2015-08-31,Ctrl_log_fund_size,,38,skipped,完整变量样本数小于 min_cross_section_n
FAC_rank_vol_m6_n6_pairwise1,2015-08-31,Ctrl_fund_age,,38,skipped,完整变量样本数小于 min_cross_section_n
FAC_rank_vol_m6_n6_pairwise1,2015-09-30,FAC_rank_vol_m6_n6_pairwise1,,35,skipped,完整变量样本数小于 min_cross_section_n
FAC_rank_vol_m6_n6_pairwise1,2015-09-30,CtrlRetSTR,,35,skipped,完整变量样本数小于 min_cross_section_n
FAC_rank_vol_m6_n6_pairwise1,2015-09-30,CtrlRetLTM,,35,skipped,完整变量样本数小于 min_cross_section_n
FAC_rank_vol_m6_n6_pairwise1,2015-09-30,CtrlVol,,35,skipped,完整变量样本数小于 min_cross_section_n
FAC_rank_vol_m6_n6_pairwise1,2015-09-30,as_偏股混合型基金,,35,skipped,完整变量样本数小于 min_cross_section_n
FAC_rank_vol_m6_n6_pairwise1,2015-09-30,Ctrl_log_fund_size,,35,skipped,完整变量样本数小于 min_cross_section_n
FAC_rank_vol_m6_n6_pairwise1,2015-09-30,Ctrl_fund_age,,35,skipped,完整变量样本数小于 min_cross_section_n
FAC_rank_vol_m6_n6_pairwise1,2015-10-30,FAC_rank_vol_m6_n6_pairwise1,,35,skipped,完整变量样本数小于 min_cross_section_n
FAC_rank_vol_m6_n6_pairwise1,2015-10-30,CtrlRetSTR,,35,skipped,完整变量样本数小于 min_cross_section_n
FAC_rank_vol_m6_n6_pairwise1,2015-10-30,CtrlRetLTM,,35,skipped,完整变量样本数小于 min_cross_section_n
FAC_rank_vol_m6_n6_pairwise1,2015-10-30,CtrlVol,,35,skipped,完整变量样本数小于 min_cross_section_n
FAC_rank_vol_m6_n6_pairwise1,2015-10-30,as_偏股混合型基金,,35,skipped,完整变量样本数小于 min_cross_section_n
FAC_rank_vol_m6_n6_pairwise1,2015-10-30,Ctrl_log_fund_size,,35,skipped,完整变量样本数小于 min_cross_section_n
FAC_rank_vol_m6_n6_pairwise1,2015-10-30,Ctrl_fund_age,,35,skipped,完整变量样本数小于 min_cross_section_n
FAC_rank_vol_m6_n6_pairwise1,2015-11-30,FAC_rank_vol_m6_n6_pairwise1,,36,skipped,完整变量样本数小于 min_cross_section_n
FAC_rank_vol_m6_n6_pairwise1,2015-11-30,CtrlRetSTR,,36,skipped,完整变量样本数小于 min_cross_section_n
FAC_rank_vol_m6_n6_pairwise1,2015-11-30,CtrlRetLTM,,36,skipped,完整变量样本数小于 min_cross_section_n
FAC_rank_vol_m6_n6_pairwise1,2015-11-30,CtrlVol,,36,skipped,完整变量样本数小于 min_cross_section_n
FAC_rank_vol_m6_n6_pairwise1,2015-11-30,as_偏股混合型基金,,36,skipped,完整变量样本数小于 min_cross_section_n
FAC_rank_vol_m6_n6_pairwise1,2015-11-30,Ctrl_log_fund_size,,36,skipped,完整变量样本数小于 min_cross_section_n
FAC_rank_vol_m6_n6_pairwise1,2015-11-30,Ctrl_fund_age,,36,skipped,完整变量样本数小于 min_cross_section_n
FAC_rank_vol_m6_n6_pairwise1,2015-12-31,FAC_rank_vol_m6_n6_pairwise1,,37,skipped,完整变量样本数小于 min_cross_section_n
FAC_rank_vol_m6_n6_pairwise1,2015-12-31,CtrlRetSTR,,37,skipped,完整变量样本数小于 min_cross_section_n
FAC_rank_vol_m6_n6_pairwise1,2015-12-31,CtrlRetLTM,,37,skipped,完整变量样本数小于 min_cross_section_n
FAC_rank_vol_m6_n6_pairwise1,2015-12-31,CtrlVol,,37,skipped,完整变量样本数小于 min_cross_section_n
FAC_rank_vol_m6_n6_pairwise1,2015-12-31,as_偏股混合型基金,,37,skipped,完整变量样本数小于 min_cross_section_n
FAC_rank_vol_m6_n6_pairwise1,2015-12-31,Ctrl_log_fund_size,,37,skipped,完整变量样本数小于 min_cross_section_n
FAC_rank_vol_m6_n6_pairwise1,2015-12-31,Ctrl_fund_age,,37,skipped,完整变量样本数小于 min_cross_section_n
FAC_rank_vol_m6_n6_pairwise1,2016-01-29,FAC_rank_vol_m6_n6_pairwise1,,36,skipped,完整变量样本数小于 min_cross_section_n
FAC_rank_vol_m6_n6_pairwise1,2016-01-29,CtrlRetSTR,,36,skipped,完整变量样本数小于 min_cross_section_n
FAC_rank_vol_m6_n6_pairwise1,2016-01-29,CtrlRetLTM,,36,skipped,完整变量样本数小于 min_cross_section_n
FAC_rank_vol_m6_n6_pairwise1,2016-01-29,CtrlVol,,36,skipped,完整变量样本数小于 min_cross_section_n
FAC_rank_vol_m6_n6_pairwise1,2016-01-29,as_偏股混合型基金,,36,skipped,完整变量样本数小于 min_cross_section_n
FAC_rank_vol_m6_n6_pairwise1,2016-01-29,Ctrl_log_fund_size,,36,skipped,完整变量样本数小于 min_cross_section_n
FAC_rank_vol_m6_n6_pairwise1,2016-01-29,Ctrl_fund_age,,36,skipped,完整变量样本数小于 min_cross_section_n
FAC_rank_vol_m6_n6_pairwise1,2016-02-29,FAC_rank_vol_m6_n6_pairwise1,,38,skipped,完整变量样本数小于 min_cross_section_n
FAC_rank_vol_m6_n6_pairwise1,2016-02-29,CtrlRetSTR,,38,skipped,完整变量样本数小于 min_cross_section_n
FAC_rank_vol_m6_n6_pairwise1,2016-02-29,CtrlRetLTM,,38,skipped,完整变量样本数小于 min_cross_section_n
FAC_rank_vol_m6_n6_pairwise1,2016-02-29,CtrlVol,,38,skipped,完整变量样本数小于 min_cross_section_n
FAC_rank_vol_m6_n6_pairwise1,2016-02-29,as_偏股混合型基金,,38,skipped,完整变量样本数小于 min_cross_section_n
FAC_rank_vol_m6_n6_pairwise1,2016-02-29,Ctrl_log_fund_size,,38,skipped,完整变量样本数小于 min_cross_section_n
FAC_rank_vol_m6_n6_pairwise1,2016-02-29,Ctrl_fund_age,,38,skipped,完整变量样本数小于 min_cross_section_n
FAC_rank_vol_m6_n6_pairwise1,2016-03-31,FAC_rank_vol_m6_n6_pairwise1,,40,skipped,完整变量样本数小于 min_cross_section_n
FAC_rank_vol_m6_n6_pairwise1,2016-03-31,CtrlRetSTR,,40,skipped,完整变量样本数小于 min_cross_section_n
FAC_rank_vol_m6_n6_pairwise1,2016-03-31,CtrlRetLTM,,40,skipped,完整变量样本数小于 min_cross_section_n
FAC_rank_vol_m6_n6_pairwise1,2016-03-31,CtrlVol,,40,skipped,完整变量样本数小于 min_cross_section_n
FAC_rank_vol_m6_n6_pairwise1,2016-03-31,as_偏股混合型基金,,40,skipped,完整变量样本数小于 min_cross_section_n
FAC_rank_vol_m6_n6_pairwise1,2016-03-31,Ctrl_log_fund_size,,40,skipped,完整变量样本数小于 min_cross_section_n
FAC_rank_vol_m6_n6_pairwise1,2016-03-31,Ctrl_fund_age,,40,skipped,完整变量样本数小于 min_cross_section_n
FAC_rank_vol_m6_n6_pairwise1,2016-04-29,FAC_rank_vol_m6_n6_pairwise1,,39,skipped,完整变量样本数小于 min_cross_section_n
FAC_rank_vol_m6_n6_pairwise1,2016-04-29,CtrlRetSTR,,39,skipped,完整变量样本数小于 min_cross_section_n
FAC_rank_vol_m6_n6_pairwise1,2016-04-29,CtrlRetLTM,,39,skipped,完整变量样本数小于 min_cross_section_n
FAC_rank_vol_m6_n6_pairwise1,2016-04-29,CtrlVol,,39,skipped,完整变量样本数小于 min_cross_section_n
FAC_rank_vol_m6_n6_pairwise1,2016-04-29,as_偏股混合型基金,,39,skipped,完整变量样本数小于 min_cross_section_n
FAC_rank_vol_m6_n6_pairwise1,2016-04-29,Ctrl_log_fund_size,,39,skipped,完整变量样本数小于 min_cross_section_n
FAC_rank_vol_m6_n6_pairwise1,2016-04-29,Ctrl_fund_age,,39,skipped,完整变量样本数小于 min_cross_section_n
FAC_rank_vol_m6_n6_pairwise1,2016-05-31,FAC_rank_vol_m6_n6_pairwise1,,43,skipped,完整变量样本数小于 min_cross_section_n
FAC_rank_vol_m6_n6_pairwise1,2016-05-31,CtrlRetSTR,,43,skipped,完整变量样本数小于 min_cross_section_n
FAC_rank_vol_m6_n6_pairwise1,2016-05-31,CtrlRetLTM,,43,skipped,完整变量样本数小于 min_cross_section_n
FAC_rank_vol_m6_n6_pairwise1,2016-05-31,CtrlVol,,43,skipped,完整变量样本数小于 min_cross_section_n
FAC_rank_vol_m6_n6_pairwise1,2016-05-31,as_偏股混合型基金,,43,skipped,完整变量样本数小于 min_cross_section_n
FAC_rank_vol_m6_n6_pairwise1,2016-05-31,Ctrl_log_fund_size,,43,skipped,完整变量样本数小于 min_cross_section_n
FAC_rank_vol_m6_n6_pairwise1,2016-05-31,Ctrl_fund_age,,43,skipped,完整变量样本数小于 min_cross_section_n
FAC_rank_vol_m6_n6_pairwise1,2016-06-30,FAC_rank_vol_m6_n6_pairwise1,,44,skipped,完整变量样本数小于 min_cross_section_n
FAC_rank_vol_m6_n6_pairwise1,2016-06-30,CtrlRetSTR,,44,skipped,完整变量样本数小于 min_cross_section_n
FAC_rank_vol_m6_n6_pairwise1,2016-06-30,CtrlRetLTM,,44,skipped,完整变量样本数小于 min_cross_section_n
FAC_rank_vol_m6_n6_pairwise1,2016-06-30,CtrlVol,,44,skipped,完整变量样本数小于 min_cross_section_n
FAC_rank_vol_m6_n6_pairwise1,2016-06-30,as_偏股混合型基金,,44,skipped,完整变量样本数小于 min_cross_section_n
FAC_rank_vol_m6_n6_pairwise1,2016-06-30,Ctrl_log_fund_size,,44,skipped,完整变量样本数小于 min_cross_section_n
FAC_rank_vol_m6_n6_pairwise1,2016-06-30,Ctrl_fund_age,,44,skipped,完整变量样本数小于 min_cross_section_n
FAC_rank_vol_m6_n6_pairwise1,2016-07-29,FAC_rank_vol_m6_n6_pairwise1,,43,skipped,完整变量样本数小于 min_cross_section_n
FAC_rank_vol_m6_n6_pairwise1,2016-07-29,CtrlRetSTR,,43,skipped,完整变量样本数小于 min_cross_section_n
FAC_rank_vol_m6_n6_pairwise1,2016-07-29,CtrlRetLTM,,43,skipped,完整变量样本数小于 min_cross_section_n
FAC_rank_vol_m6_n6_pairwise1,2016-07-29,CtrlVol,,43,skipped,完整变量样本数小于 min_cross_section_n
FAC_rank_vol_m6_n6_pairwise1,2016-07-29,as_偏股混合型基金,,43,skipped,完整变量样本数小于 min_cross_section_n
FAC_rank_vol_m6_n6_pairwise1,2016-07-29,Ctrl_log_fund_size,,43,skipped,完整变量样本数小于 min_cross_section_n
FAC_rank_vol_m6_n6_pairwise1,2016-07-29,Ctrl_fund_age,,43,skipped,完整变量样本数小于 min_cross_section_n
FAC_rank_vol_m6_n6_pairwise1,2016-08-31,FAC_rank_vol_m6_n6_pairwise1,,45,skipped,完整变量样本数小于 min_cross_section_n
FAC_rank_vol_m6_n6_pairwise1,2016-08-31,CtrlRetSTR,,45,skipped,完整变量样本数小于 min_cross_section_n
FAC_rank_vol_m6_n6_pairwise1,2016-08-31,CtrlRetLTM,,45,skipped,完整变量样本数小于 min_cross_section_n
FAC_rank_vol_m6_n6_pairwise1,2016-08-31,CtrlVol,,45,skipped,完整变量样本数小于 min_cross_section_n
FAC_rank_vol_m6_n6_pairwise1,2016-08-31,as_偏股混合型基金,,45,skipped,完整变量样本数小于 min_cross_section_n
FAC_rank_vol_m6_n6_pairwise1,2016-08-31,Ctrl_log_fund_size,,45,skipped,完整变量样本数小于 min_cross_section_n
FAC_rank_vol_m6_n6_pairwise1,2016-08-31,Ctrl_fund_age,,45,skipped,完整变量样本数小于 min_cross_section_n
FAC_rank_vol_m6_n6_pairwise1,2016-09-30,FAC_rank_vol_m6_n6_pairwise1,,45,skipped,完整变量样本数小于 min_cross_section_n
FAC_rank_vol_m6_n6_pairwise1,2016-09-30,CtrlRetSTR,,45,skipped,完整变量样本数小于 min_cross_section_n
FAC_rank_vol_m6_n6_pairwise1,2016-09-30,CtrlRetLTM,,45,skipped,完整变量样本数小于 min_cross_section_n
FAC_rank_vol_m6_n6_pairwise1,2016-09-30,CtrlVol,,45,skipped,完整变量样本数小于 min_cross_section_n
FAC_rank_vol_m6_n6_pairwise1,2016-09-30,as_偏股混合型基金,,45,skipped,完整变量样本数小于 min_cross_section_n
FAC_rank_vol_m6_n6_pairwise1,2016-09-30,Ctrl_log_fund_size,,45,skipped,完整变量样本数小于 min_cross_section_n
FAC_rank_vol_m6_n6_pairwise1,2016-09-30,Ctrl_fund_age,,45,skipped,完整变量样本数小于 min_cross_section_n
FAC_rank_vol_m6_n6_pairwise1,2016-10-31,FAC_rank_vol_m6_n6_pairwise1,,46,skipped,完整变量样本数小于 min_cross_section_n
FAC_rank_vol_m6_n6_pairwise1,2016-10-31,CtrlRetSTR,,46,skipped,完整变量样本数小于 min_cross_section_n
FAC_rank_vol_m6_n6_pairwise1,2016-10-31,CtrlRetLTM,,46,skipped,完整变量样本数小于 min_cross_section_n
FAC_rank_vol_m6_n6_pairwise1,2016-10-31,CtrlVol,,46,skipped,完整变量样本数小于 min_cross_section_n
FAC_rank_vol_m6_n6_pairwise1,2016-10-31,as_偏股混合型基金,,46,skipped,完整变量样本数小于 min_cross_section_n
FAC_rank_vol_m6_n6_pairwise1,2016-10-31,Ctrl_log_fund_size,,46,skipped,完整变量样本数小于 min_cross_section_n
FAC_rank_vol_m6_n6_pairwise1,2016-10-31,Ctrl_fund_age,,46,skipped,完整变量样本数小于 min_cross_section_n
FAC_rank_vol_m6_n6_pairwise1,2016-11-30,FAC_rank_vol_m6_n6_pairwise1,1.2646403163469524,52,ok,
FAC_rank_vol_m6_n6_pairwise1,2016-11-30,CtrlRetSTR,1.110470138894914,52,ok,
FAC_rank_vol_m6_n6_pairwise1,2016-11-30,CtrlRetLTM,2.3826460064615027,52,ok,
FAC_rank_vol_m6_n6_pairwise1,2016-11-30,CtrlVol,2.1587152924946236,52,ok,
FAC_rank_vol_m6_n6_pairwise1,2016-11-30,as_偏股混合型基金,1.3346666492216115,52,ok,
FAC_rank_vol_m6_n6_pairwise1,2016-11-30,Ctrl_log_fund_size,2.252686899714162,52,ok,
FAC_rank_vol_m6_n6_pairwise1,2016-11-30,Ctrl_fund_age,2.2594629987782504,52,ok,
FAC_rank_vol_m6_n6_pairwise1,2016-12-30,FAC_rank_vol_m6_n6_pairwise1,1.447285204832856,59,ok,
FAC_rank_vol_m6_n6_pairwise1,2016-12-30,CtrlRetSTR,1.4728017726427747,59,ok,
FAC_rank_vol_m6_n6_pairwise1,2016-12-30,CtrlRetLTM,3.161714791771236,59,ok,
FAC_rank_vol_m6_n6_pairwise1,2016-12-30,CtrlVol,2.766770193098044,59,ok,
FAC_rank_vol_m6_n6_pairwise1,2016-12-30,as_偏股混合型基金,1.4335867380266096,59,ok,
FAC_rank_vol_m6_n6_pairwise1,2016-12-30,Ctrl_log_fund_size,2.467499452348383,59,ok,
FAC_rank_vol_m6_n6_pairwise1,2016-12-30,Ctrl_fund_age,2.7153974952552784,59,ok,
FAC_rank_vol_m6_n6_pairwise1,2017-01-26,FAC_rank_vol_m6_n6_pairwise1,1.3893077446712336,64,ok,
FAC_rank_vol_m6_n6_pairwise1,2017-01-26,CtrlRetSTR,1.2251201174863284,64,ok,
FAC_rank_vol_m6_n6_pairwise1,2017-01-26,CtrlRetLTM,1.3079442315680465,64,ok,
FAC_rank_vol_m6_n6_pairwise1,2017-01-26,CtrlVol,1.0634201549254907,64,ok,
FAC_rank_vol_m6_n6_pairwise1,2017-01-26,as_偏股混合型基金,1.56207522804894,64,ok,
FAC_rank_vol_m6_n6_pairwise1,2017-01-26,Ctrl_log_fund_size,2.504322971789905,64,ok,
FAC_rank_vol_m6_n6_pairwise1,2017-01-26,Ctrl_fund_age,2.8274062655103434,64,ok,
FAC_rank_vol_m6_n6_pairwise1,2017-02-28,FAC_rank_vol_m6_n6_pairwise1,1.261191518384636,70,ok,
FAC_rank_vol_m6_n6_pairwise1,2017-02-28,CtrlRetSTR,1.1396421887761239,70,ok,
FAC_rank_vol_m6_n6_pairwise1,2017-02-28,CtrlRetLTM,1.4237512586779792,70,ok,
FAC_rank_vol_m6_n6_pairwise1,2017-02-28,CtrlVol,1.0587949386795077,70,ok,
FAC_rank_vol_m6_n6_pairwise1,2017-02-28,as_偏股混合型基金,1.7480711237294588,70,ok,
FAC_rank_vol_m6_n6_pairwise1,2017-02-28,Ctrl_log_fund_size,2.6106910079264525,70,ok,
FAC_rank_vol_m6_n6_pairwise1,2017-02-28,Ctrl_fund_age,2.9168259885416297,70,ok,
FAC_rank_vol_m6_n6_pairwise1,2017-03-31,FAC_rank_vol_m6_n6_pairwise1,1.2292570506111138,76,ok,
FAC_rank_vol_m6_n6_pairwise1,2017-03-31,CtrlRetSTR,1.1142626482583577,76,ok,
FAC_rank_vol_m6_n6_pairwise1,2017-03-31,CtrlRetLTM,1.6723472245547903,76,ok,
FAC_rank_vol_m6_n6_pairwise1,2017-03-31,CtrlVol,1.3381084756445898,76,ok,
FAC_rank_vol_m6_n6_pairwise1,2017-03-31,as_偏股混合型基金,1.8312809265109176,76,ok,
FAC_rank_vol_m6_n6_pairwise1,2017-03-31,Ctrl_log_fund_size,2.8258686064785197,76,ok,
FAC_rank_vol_m6_n6_pairwise1,2017-03-31,Ctrl_fund_age,3.10194635757737,76,ok,
FAC_rank_vol_m6_n6_pairwise1,2017-04-28,FAC_rank_vol_m6_n6_pairwise1,1.7077249697810757,88,ok,
FAC_rank_vol_m6_n6_pairwise1,2017-04-28,CtrlRetSTR,1.3274110048307228,88,ok,
FAC_rank_vol_m6_n6_pairwise1,2017-04-28,CtrlRetLTM,2.0635135232360065,88,ok,
FAC_rank_vol_m6_n6_pairwise1,2017-04-28,CtrlVol,1.4538144884367694,88,ok,
FAC_rank_vol_m6_n6_pairwise1,2017-04-28,as_偏股混合型基金,1.7906181602423592,88,ok,
FAC_rank_vol_m6_n6_pairwise1,2017-04-28,Ctrl_log_fund_size,2.5281469996162365,88,ok,
FAC_rank_vol_m6_n6_pairwise1,2017-04-28,Ctrl_fund_age,2.6535275779093292,88,ok,
FAC_rank_vol_m6_n6_pairwise1,2017-05-31,FAC_rank_vol_m6_n6_pairwise1,1.4201296911253185,97,ok,
FAC_rank_vol_m6_n6_pairwise1,2017-05-31,CtrlRetSTR,1.318519234742093,97,ok,
FAC_rank_vol_m6_n6_pairwise1,2017-05-31,CtrlRetLTM,1.6580324248934628,97,ok,
FAC_rank_vol_m6_n6_pairwise1,2017-05-31,CtrlVol,1.4954228456455567,97,ok,
FAC_rank_vol_m6_n6_pairwise1,2017-05-31,as_偏股混合型基金,1.810070435444029,97,ok,
FAC_rank_vol_m6_n6_pairwise1,2017-05-31,Ctrl_log_fund_size,3.1579053795336636,97,ok,
FAC_rank_vol_m6_n6_pairwise1,2017-05-31,Ctrl_fund_age,3.532809939487153,97,ok,
FAC_rank_vol_m6_n6_pairwise1,2017-06-30,FAC_rank_vol_m6_n6_pairwise1,1.4257256576166355,101,ok,
FAC_rank_vol_m6_n6_pairwise1,2017-06-30,CtrlRetSTR,1.0263062242628602,101,ok,
FAC_rank_vol_m6_n6_pairwise1,2017-06-30,CtrlRetLTM,2.2753217942109725,101,ok,
FAC_rank_vol_m6_n6_pairwise1,2017-06-30,CtrlVol,1.9721699024611885,101,ok,
FAC_rank_vol_m6_n6_pairwise1,2017-06-30,as_偏股混合型基金,1.8468285313365544,101,ok,
FAC_rank_vol_m6_n6_pairwise1,2017-06-30,Ctrl_log_fund_size,3.011064515310863,101,ok,
FAC_rank_vol_m6_n6_pairwise1,2017-06-30,Ctrl_fund_age,3.301944518026554,101,ok,
FAC_rank_vol_m6_n6_pairwise1,2017-07-31,FAC_rank_vol_m6_n6_pairwise1,1.3949372602939352,102,ok,
FAC_rank_vol_m6_n6_pairwise1,2017-07-31,CtrlRetSTR,1.1940923354029083,102,ok,
FAC_rank_vol_m6_n6_pairwise1,2017-07-31,CtrlRetLTM,1.4017356296842507,102,ok,
FAC_rank_vol_m6_n6_pairwise1,2017-07-31,CtrlVol,1.3524232980434434,102,ok,
FAC_rank_vol_m6_n6_pairwise1,2017-07-31,as_偏股混合型基金,1.8094794741199622,102,ok,
FAC_rank_vol_m6_n6_pairwise1,2017-07-31,Ctrl_log_fund_size,3.0666593558789303,102,ok,
FAC_rank_vol_m6_n6_pairwise1,2017-07-31,Ctrl_fund_age,3.5304403837864067,102,ok,
FAC_rank_vol_m6_n6_pairwise1,2017-08-31,FAC_rank_vol_m6_n6_pairwise1,1.4696807265678686,109,ok,
FAC_rank_vol_m6_n6_pairwise1,2017-08-31,CtrlRetSTR,1.0738266965357115,109,ok,
FAC_rank_vol_m6_n6_pairwise1,2017-08-31,CtrlRetLTM,1.638342194890767,109,ok,
FAC_rank_vol_m6_n6_pairwise1,2017-08-31,CtrlVol,1.2997509809598502,109,ok,
FAC_rank_vol_m6_n6_pairwise1,2017-08-31,as_偏股混合型基金,1.8606267563265544,109,ok,
FAC_rank_vol_m6_n6_pairwise1,2017-08-31,Ctrl_log_fund_size,3.065444903045112,109,ok,
FAC_rank_vol_m6_n6_pairwise1,2017-08-31,Ctrl_fund_age,3.485176865845934,109,ok,
FAC_rank_vol_m6_n6_pairwise1,2017-09-29,FAC_rank_vol_m6_n6_pairwise1,1.3778574493687765,111,ok,
FAC_rank_vol_m6_n6_pairwise1,2017-09-29,CtrlRetSTR,1.0789648987258451,111,ok,
FAC_rank_vol_m6_n6_pairwise1,2017-09-29,CtrlRetLTM,1.3401758513225,111,ok,
FAC_rank_vol_m6_n6_pairwise1,2017-09-29,CtrlVol,1.0575273953305868,111,ok,
FAC_rank_vol_m6_n6_pairwise1,2017-09-29,as_偏股混合型基金,1.9230549790259162,111,ok,
FAC_rank_vol_m6_n6_pairwise1,2017-09-29,Ctrl_log_fund_size,3.154053519665955,111,ok,
FAC_rank_vol_m6_n6_pairwise1,2017-09-29,Ctrl_fund_age,3.6463906371319084,111,ok,
FAC_rank_vol_m6_n6_pairwise1,2017-10-31,FAC_rank_vol_m6_n6_pairwise1,1.319973490558977,111,ok,
FAC_rank_vol_m6_n6_pairwise1,2017-10-31,CtrlRetSTR,1.2776841903557186,111,ok,
FAC_rank_vol_m6_n6_pairwise1,2017-10-31,CtrlRetLTM,1.3477112349797293,111,ok,
FAC_rank_vol_m6_n6_pairwise1,2017-10-31,CtrlVol,1.0910547797147885,111,ok,
FAC_rank_vol_m6_n6_pairwise1,2017-10-31,as_偏股混合型基金,1.7260184201306352,111,ok,
FAC_rank_vol_m6_n6_pairwise1,2017-10-31,Ctrl_log_fund_size,3.1072554715923904,111,ok,
FAC_rank_vol_m6_n6_pairwise1,2017-10-31,Ctrl_fund_age,3.585740349635661,111,ok,
FAC_rank_vol_m6_n6_pairwise1,2017-11-30,FAC_rank_vol_m6_n6_pairwise1,1.8426141997857894,114,ok,
FAC_rank_vol_m6_n6_pairwise1,2017-11-30,CtrlRetSTR,1.416493015915379,114,ok,
FAC_rank_vol_m6_n6_pairwise1,2017-11-30,CtrlRetLTM,1.708621207864083,114,ok,
FAC_rank_vol_m6_n6_pairwise1,2017-11-30,CtrlVol,1.7170317662354555,114,ok,
FAC_rank_vol_m6_n6_pairwise1,2017-11-30,as_偏股混合型基金,1.6929948595721684,114,ok,
FAC_rank_vol_m6_n6_pairwise1,2017-11-30,Ctrl_log_fund_size,3.2319680043391315,114,ok,
FAC_rank_vol_m6_n6_pairwise1,2017-11-30,Ctrl_fund_age,3.8380335048900944,114,ok,
FAC_rank_vol_m6_n6_pairwise1,2017-12-29,FAC_rank_vol_m6_n6_pairwise1,1.7668773019949833,116,ok,
FAC_rank_vol_m6_n6_pairwise1,2017-12-29,CtrlRetSTR,1.2597716011109414,116,ok,
FAC_rank_vol_m6_n6_pairwise1,2017-12-29,CtrlRetLTM,1.8426483636139173,116,ok,
FAC_rank_vol_m6_n6_pairwise1,2017-12-29,CtrlVol,1.2251006630893497,116,ok,
FAC_rank_vol_m6_n6_pairwise1,2017-12-29,as_偏股混合型基金,1.8328203170297226,116,ok,
FAC_rank_vol_m6_n6_pairwise1,2017-12-29,Ctrl_log_fund_size,3.211340003741813,116,ok,
FAC_rank_vol_m6_n6_pairwise1,2017-12-29,Ctrl_fund_age,4.260429729957274,116,ok,
FAC_rank_vol_m6_n6_pairwise1,2018-01-31,FAC_rank_vol_m6_n6_pairwise1,1.7567241406022474,119,ok,
FAC_rank_vol_m6_n6_pairwise1,2018-01-31,CtrlRetSTR,1.2637992978695918,119,ok,
FAC_rank_vol_m6_n6_pairwise1,2018-01-31,CtrlRetLTM,1.648270154345867,119,ok,
FAC_rank_vol_m6_n6_pairwise1,2018-01-31,CtrlVol,1.4746490672674117,119,ok,
FAC_rank_vol_m6_n6_pairwise1,2018-01-31,as_偏股混合型基金,1.7576642002110967,119,ok,
FAC_rank_vol_m6_n6_pairwise1,2018-01-31,Ctrl_log_fund_size,3.002280905208235,119,ok,
FAC_rank_vol_m6_n6_pairwise1,2018-01-31,Ctrl_fund_age,3.7894359458178544,119,ok,
FAC_rank_vol_m6_n6_pairwise1,2018-02-28,FAC_rank_vol_m6_n6_pairwise1,1.5389468635781989,124,ok,
FAC_rank_vol_m6_n6_pairwise1,2018-02-28,CtrlRetSTR,1.33933417543727,124,ok,
FAC_rank_vol_m6_n6_pairwise1,2018-02-28,CtrlRetLTM,1.8488499242146694,124,ok,
FAC_rank_vol_m6_n6_pairwise1,2018-02-28,CtrlVol,1.3659768171304114,124,ok,
FAC_rank_vol_m6_n6_pairwise1,2018-02-28,as_偏股混合型基金,1.7849082206285118,124,ok,
FAC_rank_vol_m6_n6_pairwise1,2018-02-28,Ctrl_log_fund_size,2.6641332157913222,124,ok,
FAC_rank_vol_m6_n6_pairwise1,2018-02-28,Ctrl_fund_age,3.355084635399598,124,ok,
FAC_rank_vol_m6_n6_pairwise1,2018-03-30,FAC_rank_vol_m6_n6_pairwise1,1.7795552367428604,124,ok,
FAC_rank_vol_m6_n6_pairwise1,2018-03-30,CtrlRetSTR,1.5125089671137666,124,ok,
FAC_rank_vol_m6_n6_pairwise1,2018-03-30,CtrlRetLTM,1.65038965433077,124,ok,
FAC_rank_vol_m6_n6_pairwise1,2018-03-30,CtrlVol,1.229590436283327,124,ok,
FAC_rank_vol_m6_n6_pairwise1,2018-03-30,as_偏股混合型基金,1.7728308382075932,124,ok,
FAC_rank_vol_m6_n6_pairwise1,2018-03-30,Ctrl_log_fund_size,2.479716879182692,124,ok,
FAC_rank_vol_m6_n6_pairwise1,2018-03-30,Ctrl_fund_age,3.040370049784318,124,ok,
FAC_rank_vol_m6_n6_pairwise1,2018-04-27,FAC_rank_vol_m6_n6_pairwise1,1.4599970209260709,124,ok,
FAC_rank_vol_m6_n6_pairwise1,2018-04-27,CtrlRetSTR,1.6830470831498194,124,ok,
FAC_rank_vol_m6_n6_pairwise1,2018-04-27,CtrlRetLTM,1.4939222364585854,124,ok,
FAC_rank_vol_m6_n6_pairwise1,2018-04-27,CtrlVol,1.6972426043000923,124,ok,
FAC_rank_vol_m6_n6_pairwise1,2018-04-27,as_偏股混合型基金,1.7176881946472455,124,ok,
FAC_rank_vol_m6_n6_pairwise1,2018-04-27,Ctrl_log_fund_size,2.611686533244149,124,ok,
FAC_rank_vol_m6_n6_pairwise1,2018-04-27,Ctrl_fund_age,3.0640267455425776,124,ok,
FAC_rank_vol_m6_n6_pairwise1,2018-05-31,FAC_rank_vol_m6_n6_pairwise1,1.1802989200685534,126,ok,
FAC_rank_vol_m6_n6_pairwise1,2018-05-31,CtrlRetSTR,1.2304416256838797,126,ok,
FAC_rank_vol_m6_n6_pairwise1,2018-05-31,CtrlRetLTM,1.257265985435235,126,ok,
FAC_rank_vol_m6_n6_pairwise1,2018-05-31,CtrlVol,1.2383195717260624,126,ok,
FAC_rank_vol_m6_n6_pairwise1,2018-05-31,as_偏股混合型基金,1.6403157992844373,126,ok,
FAC_rank_vol_m6_n6_pairwise1,2018-05-31,Ctrl_log_fund_size,2.463249967618695,126,ok,
FAC_rank_vol_m6_n6_pairwise1,2018-05-31,Ctrl_fund_age,2.726976372286823,126,ok,
FAC_rank_vol_m6_n6_pairwise1,2018-06-29,FAC_rank_vol_m6_n6_pairwise1,1.5045312067515546,126,ok,
FAC_rank_vol_m6_n6_pairwise1,2018-06-29,CtrlRetSTR,1.1116777723993148,126,ok,
FAC_rank_vol_m6_n6_pairwise1,2018-06-29,CtrlRetLTM,1.501672813119378,126,ok,
FAC_rank_vol_m6_n6_pairwise1,2018-06-29,CtrlVol,1.1107290480139724,126,ok,
FAC_rank_vol_m6_n6_pairwise1,2018-06-29,as_偏股混合型基金,1.7412953858925455,126,ok,
FAC_rank_vol_m6_n6_pairwise1,2018-06-29,Ctrl_log_fund_size,2.3160859399051152,126,ok,
FAC_rank_vol_m6_n6_pairwise1,2018-06-29,Ctrl_fund_age,2.501139041539752,126,ok,
FAC_rank_vol_m6_n6_pairwise1,2018-07-31,FAC_rank_vol_m6_n6_pairwise1,1.609950365653558,124,ok,
FAC_rank_vol_m6_n6_pairwise1,2018-07-31,CtrlRetSTR,1.152554273630673,124,ok,
FAC_rank_vol_m6_n6_pairwise1,2018-07-31,CtrlRetLTM,1.5231237815067626,124,ok,
FAC_rank_vol_m6_n6_pairwise1,2018-07-31,CtrlVol,1.401212604746957,124,ok,
FAC_rank_vol_m6_n6_pairwise1,2018-07-31,as_偏股混合型基金,1.649066993934057,124,ok,
FAC_rank_vol_m6_n6_pairwise1,2018-07-31,Ctrl_log_fund_size,2.3047936605772166,124,ok,
FAC_rank_vol_m6_n6_pairwise1,2018-07-31,Ctrl_fund_age,2.727319066467459,124,ok,
FAC_rank_vol_m6_n6_pairwise1,2018-08-31,FAC_rank_vol_m6_n6_pairwise1,1.4821862744203012,129,ok,
FAC_rank_vol_m6_n6_pairwise1,2018-08-31,CtrlRetSTR,1.375149672244163,129,ok,
FAC_rank_vol_m6_n6_pairwise1,2018-08-31,CtrlRetLTM,1.4988928485368778,129,ok,
FAC_rank_vol_m6_n6_pairwise1,2018-08-31,CtrlVol,1.6169695657981105,129,ok,
FAC_rank_vol_m6_n6_pairwise1,2018-08-31,as_偏股混合型基金,1.7452728826610528,129,ok,
FAC_rank_vol_m6_n6_pairwise1,2018-08-31,Ctrl_log_fund_size,2.4907768875298175,129,ok,
FAC_rank_vol_m6_n6_pairwise1,2018-08-31,Ctrl_fund_age,2.6778843237204746,129,ok,
FAC_rank_vol_m6_n6_pairwise1,2018-09-28,FAC_rank_vol_m6_n6_pairwise1,1.323768764511668,126,ok,
FAC_rank_vol_m6_n6_pairwise1,2018-09-28,CtrlRetSTR,1.5458601451274971,126,ok,
FAC_rank_vol_m6_n6_pairwise1,2018-09-28,CtrlRetLTM,1.7219873513177075,126,ok,
FAC_rank_vol_m6_n6_pairwise1,2018-09-28,CtrlVol,1.536597332062679,126,ok,
FAC_rank_vol_m6_n6_pairwise1,2018-09-28,as_偏股混合型基金,1.6337351022103295,126,ok,
FAC_rank_vol_m6_n6_pairwise1,2018-09-28,Ctrl_log_fund_size,2.361105182898259,126,ok,
FAC_rank_vol_m6_n6_pairwise1,2018-09-28,Ctrl_fund_age,2.508302920962986,126,ok,
FAC_rank_vol_m6_n6_pairwise1,2018-10-31,FAC_rank_vol_m6_n6_pairwise1,1.4375023290704285,124,ok,
FAC_rank_vol_m6_n6_pairwise1,2018-10-31,CtrlRetSTR,1.2151897211278972,124,ok,
FAC_rank_vol_m6_n6_pairwise1,2018-10-31,CtrlRetLTM,1.6161894304966702,124,ok,
FAC_rank_vol_m6_n6_pairwise1,2018-10-31,CtrlVol,1.6563838839549543,124,ok,
FAC_rank_vol_m6_n6_pairwise1,2018-10-31,as_偏股混合型基金,1.6035492545565275,124,ok,
FAC_rank_vol_m6_n6_pairwise1,2018-10-31,Ctrl_log_fund_size,2.3702777178481114,124,ok,
FAC_rank_vol_m6_n6_pairwise1,2018-10-31,Ctrl_fund_age,2.6040845508282726,124,ok,
FAC_rank_vol_m6_n6_pairwise1,2018-11-30,FAC_rank_vol_m6_n6_pairwise1,1.321719293041836,124,ok,
FAC_rank_vol_m6_n6_pairwise1,2018-11-30,CtrlRetSTR,1.084031547579115,124,ok,
FAC_rank_vol_m6_n6_pairwise1,2018-11-30,CtrlRetLTM,1.3536587082223595,124,ok,
FAC_rank_vol_m6_n6_pairwise1,2018-11-30,CtrlVol,1.2938756670094156,124,ok,
FAC_rank_vol_m6_n6_pairwise1,2018-11-30,as_偏股混合型基金,1.6688832520591055,124,ok,
FAC_rank_vol_m6_n6_pairwise1,2018-11-30,Ctrl_log_fund_size,2.3179710552189623,124,ok,
FAC_rank_vol_m6_n6_pairwise1,2018-11-30,Ctrl_fund_age,2.6107795512309724,124,ok,
FAC_rank_vol_m6_n6_pairwise1,2018-12-28,FAC_rank_vol_m6_n6_pairwise1,1.4480974077390683,127,ok,
FAC_rank_vol_m6_n6_pairwise1,2018-12-28,CtrlRetSTR,1.0770969353583448,127,ok,
FAC_rank_vol_m6_n6_pairwise1,2018-12-28,CtrlRetLTM,1.2918077669466634,127,ok,
FAC_rank_vol_m6_n6_pairwise1,2018-12-28,CtrlVol,1.3015931347050027,127,ok,
FAC_rank_vol_m6_n6_pairwise1,2018-12-28,as_偏股混合型基金,1.6807352094767445,127,ok,
FAC_rank_vol_m6_n6_pairwise1,2018-12-28,Ctrl_log_fund_size,2.1015814009446214,127,ok,
FAC_rank_vol_m6_n6_pairwise1,2018-12-28,Ctrl_fund_age,2.4897803053824505,127,ok,
FAC_rank_vol_m6_n6_pairwise1,2019-01-31,FAC_rank_vol_m6_n6_pairwise1,2.0175536377578625,120,ok,
FAC_rank_vol_m6_n6_pairwise1,2019-01-31,CtrlRetSTR,1.228980639480133,120,ok,
FAC_rank_vol_m6_n6_pairwise1,2019-01-31,CtrlRetLTM,1.8660578597536175,120,ok,
FAC_rank_vol_m6_n6_pairwise1,2019-01-31,CtrlVol,1.3383032465227542,120,ok,
FAC_rank_vol_m6_n6_pairwise1,2019-01-31,as_偏股混合型基金,1.6266306669046378,120,ok,
FAC_rank_vol_m6_n6_pairwise1,2019-01-31,Ctrl_log_fund_size,2.0802309693448175,120,ok,
FAC_rank_vol_m6_n6_pairwise1,2019-01-31,Ctrl_fund_age,2.421158762347767,120,ok,
FAC_rank_vol_m6_n6_pairwise1,2019-02-28,FAC_rank_vol_m6_n6_pairwise1,1.8450930854205185,123,ok,
FAC_rank_vol_m6_n6_pairwise1,2019-02-28,CtrlRetSTR,1.1355237453232072,123,ok,
FAC_rank_vol_m6_n6_pairwise1,2019-02-28,CtrlRetLTM,1.7686945815842396,123,ok,
FAC_rank_vol_m6_n6_pairwise1,2019-02-28,CtrlVol,1.1899784260767758,123,ok,
FAC_rank_vol_m6_n6_pairwise1,2019-02-28,as_偏股混合型基金,1.644517259994923,123,ok,
FAC_rank_vol_m6_n6_pairwise1,2019-02-28,Ctrl_log_fund_size,2.090258442912611,123,ok,
FAC_rank_vol_m6_n6_pairwise1,2019-02-28,Ctrl_fund_age,2.322931524099666,123,ok,
FAC_rank_vol_m6_n6_pairwise1,2019-03-29,FAC_rank_vol_m6_n6_pairwise1,1.1758670621164242,125,ok,
FAC_rank_vol_m6_n6_pairwise1,2019-03-29,CtrlRetSTR,1.3094138145382799,125,ok,
FAC_rank_vol_m6_n6_pairwise1,2019-03-29,CtrlRetLTM,1.2075154621508213,125,ok,
FAC_rank_vol_m6_n6_pairwise1,2019-03-29,CtrlVol,1.362653126238242,125,ok,
FAC_rank_vol_m6_n6_pairwise1,2019-03-29,as_偏股混合型基金,1.6167145030397476,125,ok,
FAC_rank_vol_m6_n6_pairwise1,2019-03-29,Ctrl_log_fund_size,2.030653002785228,125,ok,
FAC_rank_vol_m6_n6_pairwise1,2019-03-29,Ctrl_fund_age,2.315060108036439,125,ok,
FAC_rank_vol_m6_n6_pairwise1,2019-04-30,FAC_rank_vol_m6_n6_pairwise1,1.442037294819075,126,ok,
FAC_rank_vol_m6_n6_pairwise1,2019-04-30,CtrlRetSTR,1.2603177807719865,126,ok,
FAC_rank_vol_m6_n6_pairwise1,2019-04-30,CtrlRetLTM,1.2310573813711663,126,ok,
FAC_rank_vol_m6_n6_pairwise1,2019-04-30,CtrlVol,1.16107927584267,126,ok,
FAC_rank_vol_m6_n6_pairwise1,2019-04-30,as_偏股混合型基金,1.7042926666896718,126,ok,
FAC_rank_vol_m6_n6_pairwise1,2019-04-30,Ctrl_log_fund_size,2.2400798593880538,126,ok,
FAC_rank_vol_m6_n6_pairwise1,2019-04-30,Ctrl_fund_age,2.6872072550194552,126,ok,
FAC_rank_vol_m6_n6_pairwise1,2019-05-31,FAC_rank_vol_m6_n6_pairwise1,1.213816571807851,133,ok,
FAC_rank_vol_m6_n6_pairwise1,2019-05-31,CtrlRetSTR,1.252290448460085,133,ok,
FAC_rank_vol_m6_n6_pairwise1,2019-05-31,CtrlRetLTM,1.4359393509028189,133,ok,
FAC_rank_vol_m6_n6_pairwise1,2019-05-31,CtrlVol,1.4192129977382557,133,ok,
FAC_rank_vol_m6_n6_pairwise1,2019-05-31,as_偏股混合型基金,1.6049666547908472,133,ok,
FAC_rank_vol_m6_n6_pairwise1,2019-05-31,Ctrl_log_fund_size,2.392513020689044,133,ok,
FAC_rank_vol_m6_n6_pairwise1,2019-05-31,Ctrl_fund_age,2.9585163108692774,133,ok,
FAC_rank_vol_m6_n6_pairwise1,2019-06-28,FAC_rank_vol_m6_n6_pairwise1,1.152573241202697,137,ok,
FAC_rank_vol_m6_n6_pairwise1,2019-06-28,CtrlRetSTR,1.1049336964962444,137,ok,
FAC_rank_vol_m6_n6_pairwise1,2019-06-28,CtrlRetLTM,1.799339124879579,137,ok,
FAC_rank_vol_m6_n6_pairwise1,2019-06-28,CtrlVol,1.710931844955149,137,ok,
FAC_rank_vol_m6_n6_pairwise1,2019-06-28,as_偏股混合型基金,1.6391625800586678,137,ok,
FAC_rank_vol_m6_n6_pairwise1,2019-06-28,Ctrl_log_fund_size,2.5786717582093464,137,ok,
FAC_rank_vol_m6_n6_pairwise1,2019-06-28,Ctrl_fund_age,3.1784957444644553,137,ok,
FAC_rank_vol_m6_n6_pairwise1,2019-07-31,FAC_rank_vol_m6_n6_pairwise1,1.1506810797981284,136,ok,
FAC_rank_vol_m6_n6_pairwise1,2019-07-31,CtrlRetSTR,1.0973503624937666,136,ok,
FAC_rank_vol_m6_n6_pairwise1,2019-07-31,CtrlRetLTM,1.9525041912075511,136,ok,
FAC_rank_vol_m6_n6_pairwise1,2019-07-31,CtrlVol,1.764689542001106,136,ok,
FAC_rank_vol_m6_n6_pairwise1,2019-07-31,as_偏股混合型基金,1.9827483980054788,136,ok,
FAC_rank_vol_m6_n6_pairwise1,2019-07-31,Ctrl_log_fund_size,2.5536109679124825,136,ok,
FAC_rank_vol_m6_n6_pairwise1,2019-07-31,Ctrl_fund_age,3.4984300081076385,136,ok,
FAC_rank_vol_m6_n6_pairwise1,2019-08-30,FAC_rank_vol_m6_n6_pairwise1,1.3717392576627987,133,ok,
FAC_rank_vol_m6_n6_pairwise1,2019-08-30,CtrlRetSTR,1.1728213484129364,133,ok,
FAC_rank_vol_m6_n6_pairwise1,2019-08-30,CtrlRetLTM,1.408421693154448,133,ok,
FAC_rank_vol_m6_n6_pairwise1,2019-08-30,CtrlVol,1.518371845183301,133,ok,
FAC_rank_vol_m6_n6_pairwise1,2019-08-30,as_偏股混合型基金,1.9379446531085187,133,ok,
FAC_rank_vol_m6_n6_pairwise1,2019-08-30,Ctrl_log_fund_size,2.797735407055341,133,ok,
FAC_rank_vol_m6_n6_pairwise1,2019-08-30,Ctrl_fund_age,3.5473052454251115,133,ok,
FAC_rank_vol_m6_n6_pairwise1,2019-09-30,FAC_rank_vol_m6_n6_pairwise1,1.2075582047865314,135,ok,
FAC_rank_vol_m6_n6_pairwise1,2019-09-30,CtrlRetSTR,1.106716725309835,135,ok,
FAC_rank_vol_m6_n6_pairwise1,2019-09-30,CtrlRetLTM,1.156953627196786,135,ok,
FAC_rank_vol_m6_n6_pairwise1,2019-09-30,CtrlVol,1.1510600958350172,135,ok,
FAC_rank_vol_m6_n6_pairwise1,2019-09-30,as_偏股混合型基金,1.9944596842044757,135,ok,
FAC_rank_vol_m6_n6_pairwise1,2019-09-30,Ctrl_log_fund_size,2.865124267585186,135,ok,
FAC_rank_vol_m6_n6_pairwise1,2019-09-30,Ctrl_fund_age,3.554343140875782,135,ok,
FAC_rank_vol_m6_n6_pairwise1,2019-10-31,FAC_rank_vol_m6_n6_pairwise1,1.35012986175289,139,ok,
FAC_rank_vol_m6_n6_pairwise1,2019-10-31,CtrlRetSTR,1.1935103560885907,139,ok,
FAC_rank_vol_m6_n6_pairwise1,2019-10-31,CtrlRetLTM,1.5328675998139478,139,ok,
FAC_rank_vol_m6_n6_pairwise1,2019-10-31,CtrlVol,1.2871414223082402,139,ok,
FAC_rank_vol_m6_n6_pairwise1,2019-10-31,as_偏股混合型基金,1.98365699465601,139,ok,
FAC_rank_vol_m6_n6_pairwise1,2019-10-31,Ctrl_log_fund_size,3.2183098983861336,139,ok,
FAC_rank_vol_m6_n6_pairwise1,2019-10-31,Ctrl_fund_age,3.9458796934094225,139,ok,
FAC_rank_vol_m6_n6_pairwise1,2019-11-29,FAC_rank_vol_m6_n6_pairwise1,1.5461075378151214,139,ok,
FAC_rank_vol_m6_n6_pairwise1,2019-11-29,CtrlRetSTR,1.1684902407267863,139,ok,
FAC_rank_vol_m6_n6_pairwise1,2019-11-29,CtrlRetLTM,1.4806986090300498,139,ok,
FAC_rank_vol_m6_n6_pairwise1,2019-11-29,CtrlVol,1.2587039604784618,139,ok,
FAC_rank_vol_m6_n6_pairwise1,2019-11-29,as_偏股混合型基金,1.9967165548818782,139,ok,
FAC_rank_vol_m6_n6_pairwise1,2019-11-29,Ctrl_log_fund_size,3.2335463861164735,139,ok,
FAC_rank_vol_m6_n6_pairwise1,2019-11-29,Ctrl_fund_age,3.8109053292503994,139,ok,
FAC_rank_vol_m6_n6_pairwise1,2019-12-31,FAC_rank_vol_m6_n6_pairwise1,1.5000907089806523,144,ok,
FAC_rank_vol_m6_n6_pairwise1,2019-12-31,CtrlRetSTR,1.1958966688130561,144,ok,
FAC_rank_vol_m6_n6_pairwise1,2019-12-31,CtrlRetLTM,1.6208977879903879,144,ok,
FAC_rank_vol_m6_n6_pairwise1,2019-12-31,CtrlVol,1.568529320530394,144,ok,
FAC_rank_vol_m6_n6_pairwise1,2019-12-31,as_偏股混合型基金,1.614047973552649,144,ok,
FAC_rank_vol_m6_n6_pairwise1,2019-12-31,Ctrl_log_fund_size,3.139908058691745,144,ok,
FAC_rank_vol_m6_n6_pairwise1,2019-12-31,Ctrl_fund_age,3.4664832525343305,144,ok,
FAC_rank_vol_m6_n6_pairwise1,2020-01-23,FAC_rank_vol_m6_n6_pairwise1,1.5555356199514057,148,ok,
FAC_rank_vol_m6_n6_pairwise1,2020-01-23,CtrlRetSTR,1.1823393314355772,148,ok,
FAC_rank_vol_m6_n6_pairwise1,2020-01-23,CtrlRetLTM,2.0509921087790297,148,ok,
FAC_rank_vol_m6_n6_pairwise1,2020-01-23,CtrlVol,1.8035490733392077,148,ok,
FAC_rank_vol_m6_n6_pairwise1,2020-01-23,as_偏股混合型基金,1.6181554454582667,148,ok,
FAC_rank_vol_m6_n6_pairwise1,2020-01-23,Ctrl_log_fund_size,3.0283510786783467,148,ok,
FAC_rank_vol_m6_n6_pairwise1,2020-01-23,Ctrl_fund_age,3.3481353894036,148,ok,
FAC_rank_vol_m6_n6_pairwise1,2020-02-28,FAC_rank_vol_m6_n6_pairwise1,1.6696397485205574,156,ok,
FAC_rank_vol_m6_n6_pairwise1,2020-02-28,CtrlRetSTR,1.1319400193359144,156,ok,
FAC_rank_vol_m6_n6_pairwise1,2020-02-28,CtrlRetLTM,1.7643303105227715,156,ok,
FAC_rank_vol_m6_n6_pairwise1,2020-02-28,CtrlVol,1.2941799236975153,156,ok,
FAC_rank_vol_m6_n6_pairwise1,2020-02-28,as_偏股混合型基金,1.5196299734027319,156,ok,
FAC_rank_vol_m6_n6_pairwise1,2020-02-28,Ctrl_log_fund_size,3.238400413071731,156,ok,
FAC_rank_vol_m6_n6_pairwise1,2020-02-28,Ctrl_fund_age,3.398563872460437,156,ok,
FAC_rank_vol_m6_n6_pairwise1,2020-03-31,FAC_rank_vol_m6_n6_pairwise1,2.1119170022673757,157,ok,
FAC_rank_vol_m6_n6_pairwise1,2020-03-31,CtrlRetSTR,1.1123708460976276,157,ok,
FAC_rank_vol_m6_n6_pairwise1,2020-03-31,CtrlRetLTM,1.5629477849551163,157,ok,
FAC_rank_vol_m6_n6_pairwise1,2020-03-31,CtrlVol,1.5967076296798008,157,ok,
FAC_rank_vol_m6_n6_pairwise1,2020-03-31,as_偏股混合型基金,1.577166066741237,157,ok,
FAC_rank_vol_m6_n6_pairwise1,2020-03-31,Ctrl_log_fund_size,2.7938755548810623,157,ok,
FAC_rank_vol_m6_n6_pairwise1,2020-03-31,Ctrl_fund_age,3.094780762539478,157,ok,
FAC_rank_vol_m6_n6_pairwise1,2020-04-30,FAC_rank_vol_m6_n6_pairwise1,1.8336575228515244,157,ok,
FAC_rank_vol_m6_n6_pairwise1,2020-04-30,CtrlRetSTR,1.1855433467006093,157,ok,
FAC_rank_vol_m6_n6_pairwise1,2020-04-30,CtrlRetLTM,1.5677526423074335,157,ok,
FAC_rank_vol_m6_n6_pairwise1,2020-04-30,CtrlVol,1.4094460645790605,157,ok,
FAC_rank_vol_m6_n6_pairwise1,2020-04-30,as_偏股混合型基金,1.5614706202830186,157,ok,
FAC_rank_vol_m6_n6_pairwise1,2020-04-30,Ctrl_log_fund_size,2.5913788260854096,157,ok,
FAC_rank_vol_m6_n6_pairwise1,2020-04-30,Ctrl_fund_age,2.9123253647435985,157,ok,
FAC_rank_vol_m6_n6_pairwise1,2020-05-29,FAC_rank_vol_m6_n6_pairwise1,1.68931175167767,161,ok,
FAC_rank_vol_m6_n6_pairwise1,2020-05-29,CtrlRetSTR,1.2193308582707532,161,ok,
FAC_rank_vol_m6_n6_pairwise1,2020-05-29,CtrlRetLTM,1.5165506034222056,161,ok,
FAC_rank_vol_m6_n6_pairwise1,2020-05-29,CtrlVol,1.3081684586397273,161,ok,
FAC_rank_vol_m6_n6_pairwise1,2020-05-29,as_偏股混合型基金,1.5826567036386943,161,ok,
FAC_rank_vol_m6_n6_pairwise1,2020-05-29,Ctrl_log_fund_size,2.821991154091301,161,ok,
FAC_rank_vol_m6_n6_pairwise1,2020-05-29,Ctrl_fund_age,3.0497546438365197,161,ok,
FAC_rank_vol_m6_n6_pairwise1,2020-06-30,FAC_rank_vol_m6_n6_pairwise1,2.1789864272740576,166,ok,
FAC_rank_vol_m6_n6_pairwise1,2020-06-30,CtrlRetSTR,1.2377215838332674,166,ok,
FAC_rank_vol_m6_n6_pairwise1,2020-06-30,CtrlRetLTM,1.8489918123878641,166,ok,
FAC_rank_vol_m6_n6_pairwise1,2020-06-30,CtrlVol,1.5273286606424525,166,ok,
FAC_rank_vol_m6_n6_pairwise1,2020-06-30,as_偏股混合型基金,1.4430971607195133,166,ok,
FAC_rank_vol_m6_n6_pairwise1,2020-06-30,Ctrl_log_fund_size,2.688489871232131,166,ok,
FAC_rank_vol_m6_n6_pairwise1,2020-06-30,Ctrl_fund_age,2.8476812511784035,166,ok,
FAC_rank_vol_m6_n6_pairwise1,2020-07-31,FAC_rank_vol_m6_n6_pairwise1,1.608045763005751,169,ok,
FAC_rank_vol_m6_n6_pairwise1,2020-07-31,CtrlRetSTR,1.1451226334513145,169,ok,
FAC_rank_vol_m6_n6_pairwise1,2020-07-31,CtrlRetLTM,1.581333041865949,169,ok,
FAC_rank_vol_m6_n6_pairwise1,2020-07-31,CtrlVol,1.4923171783903717,169,ok,
FAC_rank_vol_m6_n6_pairwise1,2020-07-31,as_偏股混合型基金,1.4984145437454388,169,ok,
FAC_rank_vol_m6_n6_pairwise1,2020-07-31,Ctrl_log_fund_size,2.64183122520355,169,ok,
FAC_rank_vol_m6_n6_pairwise1,2020-07-31,Ctrl_fund_age,2.746815602855815,169,ok,
FAC_rank_vol_m6_n6_pairwise1,2020-08-31,FAC_rank_vol_m6_n6_pairwise1,1.584673199648528,178,ok,
FAC_rank_vol_m6_n6_pairwise1,2020-08-31,CtrlRetSTR,1.449772597614282,178,ok,
FAC_rank_vol_m6_n6_pairwise1,2020-08-31,CtrlRetLTM,1.6881881008845068,178,ok,
FAC_rank_vol_m6_n6_pairwise1,2020-08-31,CtrlVol,2.029439363905932,178,ok,
FAC_rank_vol_m6_n6_pairwise1,2020-08-31,as_偏股混合型基金,1.4850373204624652,178,ok,
FAC_rank_vol_m6_n6_pairwise1,2020-08-31,Ctrl_log_fund_size,2.8391784408941145,178,ok,
FAC_rank_vol_m6_n6_pairwise1,2020-08-31,Ctrl_fund_age,2.9789648433889697,178,ok,
FAC_rank_vol_m6_n6_pairwise1,2020-09-30,FAC_rank_vol_m6_n6_pairwise1,1.536272433439294,178,ok,
FAC_rank_vol_m6_n6_pairwise1,2020-09-30,CtrlRetSTR,1.0701869167596785,178,ok,
FAC_rank_vol_m6_n6_pairwise1,2020-09-30,CtrlRetLTM,1.3712263699178417,178,ok,
FAC_rank_vol_m6_n6_pairwise1,2020-09-30,CtrlVol,1.5630818245213685,178,ok,
FAC_rank_vol_m6_n6_pairwise1,2020-09-30,as_偏股混合型基金,1.4379185514872714,178,ok,
FAC_rank_vol_m6_n6_pairwise1,2020-09-30,Ctrl_log_fund_size,2.889937219032475,178,ok,
FAC_rank_vol_m6_n6_pairwise1,2020-09-30,Ctrl_fund_age,2.942594542242829,178,ok,
FAC_rank_vol_m6_n6_pairwise1,2020-10-30,FAC_rank_vol_m6_n6_pairwise1,1.8914284018165004,179,ok,
FAC_rank_vol_m6_n6_pairwise1,2020-10-30,CtrlRetSTR,1.1184964542277,179,ok,
FAC_rank_vol_m6_n6_pairwise1,2020-10-30,CtrlRetLTM,1.643414504412261,179,ok,
FAC_rank_vol_m6_n6_pairwise1,2020-10-30,CtrlVol,1.846072539472223,179,ok,
FAC_rank_vol_m6_n6_pairwise1,2020-10-30,as_偏股混合型基金,1.4070529908019043,179,ok,
FAC_rank_vol_m6_n6_pairwise1,2020-10-30,Ctrl_log_fund_size,3.0799613048108245,179,ok,
FAC_rank_vol_m6_n6_pairwise1,2020-10-30,Ctrl_fund_age,3.121725830553679,179,ok,
FAC_rank_vol_m6_n6_pairwise1,2020-11-30,FAC_rank_vol_m6_n6_pairwise1,1.5301620097266353,185,ok,
FAC_rank_vol_m6_n6_pairwise1,2020-11-30,CtrlRetSTR,1.186827232680688,185,ok,
FAC_rank_vol_m6_n6_pairwise1,2020-11-30,CtrlRetLTM,1.6511530043572131,185,ok,
FAC_rank_vol_m6_n6_pairwise1,2020-11-30,CtrlVol,1.4181191366527919,185,ok,
FAC_rank_vol_m6_n6_pairwise1,2020-11-30,as_偏股混合型基金,1.3343575764918123,185,ok,
FAC_rank_vol_m6_n6_pairwise1,2020-11-30,Ctrl_log_fund_size,3.1296734134282507,185,ok,
FAC_rank_vol_m6_n6_pairwise1,2020-11-30,Ctrl_fund_age,3.0999290539223363,185,ok,
FAC_rank_vol_m6_n6_pairwise1,2020-12-31,FAC_rank_vol_m6_n6_pairwise1,1.1984297874086662,188,ok,
FAC_rank_vol_m6_n6_pairwise1,2020-12-31,CtrlRetSTR,1.1623579907318895,188,ok,
FAC_rank_vol_m6_n6_pairwise1,2020-12-31,CtrlRetLTM,1.4277620482320001,188,ok,
FAC_rank_vol_m6_n6_pairwise1,2020-12-31,CtrlVol,1.1768376303214854,188,ok,
FAC_rank_vol_m6_n6_pairwise1,2020-12-31,as_偏股混合型基金,1.3413880878795765,188,ok,
FAC_rank_vol_m6_n6_pairwise1,2020-12-31,Ctrl_log_fund_size,2.8159332037518996,188,ok,
FAC_rank_vol_m6_n6_pairwise1,2020-12-31,Ctrl_fund_age,2.8916827873034134,188,ok,
FAC_rank_vol_m6_n6_pairwise1,2021-01-29,FAC_rank_vol_m6_n6_pairwise1,1.3053496490975514,187,ok,
FAC_rank_vol_m6_n6_pairwise1,2021-01-29,CtrlRetSTR,1.2748480724981124,187,ok,
FAC_rank_vol_m6_n6_pairwise1,2021-01-29,CtrlRetLTM,1.5890334823458205,187,ok,
FAC_rank_vol_m6_n6_pairwise1,2021-01-29,CtrlVol,1.0922163585343507,187,ok,
FAC_rank_vol_m6_n6_pairwise1,2021-01-29,as_偏股混合型基金,1.3754183696723288,187,ok,
FAC_rank_vol_m6_n6_pairwise1,2021-01-29,Ctrl_log_fund_size,2.673552793866349,187,ok,
FAC_rank_vol_m6_n6_pairwise1,2021-01-29,Ctrl_fund_age,2.7922926361855867,187,ok,
FAC_rank_vol_m6_n6_pairwise1,2021-02-26,FAC_rank_vol_m6_n6_pairwise1,1.6915414029836033,198,ok,
FAC_rank_vol_m6_n6_pairwise1,2021-02-26,CtrlRetSTR,2.2508388317995505,198,ok,
FAC_rank_vol_m6_n6_pairwise1,2021-02-26,CtrlRetLTM,1.9265703541018093,198,ok,
FAC_rank_vol_m6_n6_pairwise1,2021-02-26,CtrlVol,1.8286873331996871,198,ok,
FAC_rank_vol_m6_n6_pairwise1,2021-02-26,as_偏股混合型基金,1.3404616431132994,198,ok,
FAC_rank_vol_m6_n6_pairwise1,2021-02-26,Ctrl_log_fund_size,2.783439435679959,198,ok,
FAC_rank_vol_m6_n6_pairwise1,2021-02-26,Ctrl_fund_age,2.8626692764657404,198,ok,
FAC_rank_vol_m6_n6_pairwise1,2021-03-31,FAC_rank_vol_m6_n6_pairwise1,1.590409108802959,203,ok,
FAC_rank_vol_m6_n6_pairwise1,2021-03-31,CtrlRetSTR,1.2918251733973418,203,ok,
FAC_rank_vol_m6_n6_pairwise1,2021-03-31,CtrlRetLTM,1.6624944384175884,203,ok,
FAC_rank_vol_m6_n6_pairwise1,2021-03-31,CtrlVol,1.3365235682906331,203,ok,
FAC_rank_vol_m6_n6_pairwise1,2021-03-31,as_偏股混合型基金,1.4176493427324017,203,ok,
FAC_rank_vol_m6_n6_pairwise1,2021-03-31,Ctrl_log_fund_size,2.714179220123475,203,ok,
FAC_rank_vol_m6_n6_pairwise1,2021-03-31,Ctrl_fund_age,2.8334389325770104,203,ok,
FAC_rank_vol_m6_n6_pairwise1,2021-04-30,FAC_rank_vol_m6_n6_pairwise1,1.5879214063175868,206,ok,
FAC_rank_vol_m6_n6_pairwise1,2021-04-30,CtrlRetSTR,1.9106500172254683,206,ok,
FAC_rank_vol_m6_n6_pairwise1,2021-04-30,CtrlRetLTM,1.4343637115882217,206,ok,
FAC_rank_vol_m6_n6_pairwise1,2021-04-30,CtrlVol,1.8433478022001477,206,ok,
FAC_rank_vol_m6_n6_pairwise1,2021-04-30,as_偏股混合型基金,1.3843643245713746,206,ok,
FAC_rank_vol_m6_n6_pairwise1,2021-04-30,Ctrl_log_fund_size,2.77116037886534,206,ok,
FAC_rank_vol_m6_n6_pairwise1,2021-04-30,Ctrl_fund_age,2.9059434386344583,206,ok,
FAC_rank_vol_m6_n6_pairwise1,2021-05-31,FAC_rank_vol_m6_n6_pairwise1,1.7122994496721078,216,ok,
FAC_rank_vol_m6_n6_pairwise1,2021-05-31,CtrlRetSTR,1.1554510054342981,216,ok,
FAC_rank_vol_m6_n6_pairwise1,2021-05-31,CtrlRetLTM,1.5594256258714094,216,ok,
FAC_rank_vol_m6_n6_pairwise1,2021-05-31,CtrlVol,1.3175456765282059,216,ok,
FAC_rank_vol_m6_n6_pairwise1,2021-05-31,as_偏股混合型基金,1.3369194124627213,216,ok,
FAC_rank_vol_m6_n6_pairwise1,2021-05-31,Ctrl_log_fund_size,2.7298809549654925,216,ok,
FAC_rank_vol_m6_n6_pairwise1,2021-05-31,Ctrl_fund_age,2.8036465171877363,216,ok,
FAC_rank_vol_m6_n6_pairwise1,2021-06-30,FAC_rank_vol_m6_n6_pairwise1,1.392094270276529,220,ok,
FAC_rank_vol_m6_n6_pairwise1,2021-06-30,CtrlRetSTR,1.6176046654340797,220,ok,
FAC_rank_vol_m6_n6_pairwise1,2021-06-30,CtrlRetLTM,1.4017553288304732,220,ok,
FAC_rank_vol_m6_n6_pairwise1,2021-06-30,CtrlVol,1.228828365667694,220,ok,
FAC_rank_vol_m6_n6_pairwise1,2021-06-30,as_偏股混合型基金,1.3599835864744796,220,ok,
FAC_rank_vol_m6_n6_pairwise1,2021-06-30,Ctrl_log_fund_size,2.570668052151861,220,ok,
FAC_rank_vol_m6_n6_pairwise1,2021-06-30,Ctrl_fund_age,2.7088373249468827,220,ok,
FAC_rank_vol_m6_n6_pairwise1,2021-07-30,FAC_rank_vol_m6_n6_pairwise1,1.495411975693195,230,ok,
FAC_rank_vol_m6_n6_pairwise1,2021-07-30,CtrlRetSTR,1.3367324118476742,230,ok,
FAC_rank_vol_m6_n6_pairwise1,2021-07-30,CtrlRetLTM,1.2042245006409085,230,ok,
FAC_rank_vol_m6_n6_pairwise1,2021-07-30,CtrlVol,1.1679482166757573,230,ok,
FAC_rank_vol_m6_n6_pairwise1,2021-07-30,as_偏股混合型基金,1.2452286096017808,230,ok,
FAC_rank_vol_m6_n6_pairwise1,2021-07-30,Ctrl_log_fund_size,2.5444992429061255,230,ok,
FAC_rank_vol_m6_n6_pairwise1,2021-07-30,Ctrl_fund_age,2.625486459064424,230,ok,
FAC_rank_vol_m6_n6_pairwise1,2021-08-31,FAC_rank_vol_m6_n6_pairwise1,1.593350875235879,246,ok,
FAC_rank_vol_m6_n6_pairwise1,2021-08-31,CtrlRetSTR,1.162483489412047,246,ok,
FAC_rank_vol_m6_n6_pairwise1,2021-08-31,CtrlRetLTM,1.3270581537310404,246,ok,
FAC_rank_vol_m6_n6_pairwise1,2021-08-31,CtrlVol,1.4607699156361047,246,ok,
FAC_rank_vol_m6_n6_pairwise1,2021-08-31,as_偏股混合型基金,1.1771564858929169,246,ok,
FAC_rank_vol_m6_n6_pairwise1,2021-08-31,Ctrl_log_fund_size,2.5827009869564117,246,ok,
FAC_rank_vol_m6_n6_pairwise1,2021-08-31,Ctrl_fund_age,2.6070214770270583,246,ok,
FAC_rank_vol_m6_n6_pairwise1,2021-09-30,FAC_rank_vol_m6_n6_pairwise1,1.8354954628259432,241,ok,
FAC_rank_vol_m6_n6_pairwise1,2021-09-30,CtrlRetSTR,1.5028810264768528,241,ok,
FAC_rank_vol_m6_n6_pairwise1,2021-09-30,CtrlRetLTM,1.61337595603199,241,ok,
FAC_rank_vol_m6_n6_pairwise1,2021-09-30,CtrlVol,1.81651207950198,241,ok,
FAC_rank_vol_m6_n6_pairwise1,2021-09-30,as_偏股混合型基金,1.1467202187192216,241,ok,
FAC_rank_vol_m6_n6_pairwise1,2021-09-30,Ctrl_log_fund_size,2.659480888205817,241,ok,
FAC_rank_vol_m6_n6_pairwise1,2021-09-30,Ctrl_fund_age,2.706844329109618,241,ok,
FAC_rank_vol_m6_n6_pairwise1,2021-10-29,FAC_rank_vol_m6_n6_pairwise1,2.0792770157507356,249,ok,
FAC_rank_vol_m6_n6_pairwise1,2021-10-29,CtrlRetSTR,1.111555674189089,249,ok,
FAC_rank_vol_m6_n6_pairwise1,2021-10-29,CtrlRetLTM,1.109181935092612,249,ok,
FAC_rank_vol_m6_n6_pairwise1,2021-10-29,CtrlVol,2.079947420441704,249,ok,
FAC_rank_vol_m6_n6_pairwise1,2021-10-29,as_偏股混合型基金,1.2312694747449697,249,ok,
FAC_rank_vol_m6_n6_pairwise1,2021-10-29,Ctrl_log_fund_size,2.9521491905813098,249,ok,
FAC_rank_vol_m6_n6_pairwise1,2021-10-29,Ctrl_fund_age,2.935329659779122,249,ok,
FAC_rank_vol_m6_n6_pairwise1,2021-11-30,FAC_rank_vol_m6_n6_pairwise1,1.4793384342318097,261,ok,
FAC_rank_vol_m6_n6_pairwise1,2021-11-30,CtrlRetSTR,1.1921726746148855,261,ok,
FAC_rank_vol_m6_n6_pairwise1,2021-11-30,CtrlRetLTM,1.2757057377350238,261,ok,
FAC_rank_vol_m6_n6_pairwise1,2021-11-30,CtrlVol,1.5176443156934192,261,ok,
FAC_rank_vol_m6_n6_pairwise1,2021-11-30,as_偏股混合型基金,1.253995838155657,261,ok,
FAC_rank_vol_m6_n6_pairwise1,2021-11-30,Ctrl_log_fund_size,2.8737024223951426,261,ok,
FAC_rank_vol_m6_n6_pairwise1,2021-11-30,Ctrl_fund_age,2.859411907081609,261,ok,
FAC_rank_vol_m6_n6_pairwise1,2021-12-31,FAC_rank_vol_m6_n6_pairwise1,1.1304991592038895,261,ok,
FAC_rank_vol_m6_n6_pairwise1,2021-12-31,CtrlRetSTR,1.3409586477017943,261,ok,
FAC_rank_vol_m6_n6_pairwise1,2021-12-31,CtrlRetLTM,1.3553360112234183,261,ok,
FAC_rank_vol_m6_n6_pairwise1,2021-12-31,CtrlVol,1.4352777332631599,261,ok,
FAC_rank_vol_m6_n6_pairwise1,2021-12-31,as_偏股混合型基金,1.2683358752509422,261,ok,
FAC_rank_vol_m6_n6_pairwise1,2021-12-31,Ctrl_log_fund_size,3.0671048816866824,261,ok,
FAC_rank_vol_m6_n6_pairwise1,2021-12-31,Ctrl_fund_age,3.0795730065306093,261,ok,
FAC_rank_vol_m6_n6_pairwise1,2022-01-28,FAC_rank_vol_m6_n6_pairwise1,1.6107165128862728,262,ok,
FAC_rank_vol_m6_n6_pairwise1,2022-01-28,CtrlRetSTR,2.062161271394416,262,ok,
FAC_rank_vol_m6_n6_pairwise1,2022-01-28,CtrlRetLTM,1.4932041281357922,262,ok,
FAC_rank_vol_m6_n6_pairwise1,2022-01-28,CtrlVol,2.2345186761853624,262,ok,
FAC_rank_vol_m6_n6_pairwise1,2022-01-28,as_偏股混合型基金,1.206060215108989,262,ok,
FAC_rank_vol_m6_n6_pairwise1,2022-01-28,Ctrl_log_fund_size,3.1219999850828364,262,ok,
FAC_rank_vol_m6_n6_pairwise1,2022-01-28,Ctrl_fund_age,3.1197096944387877,262,ok,
FAC_rank_vol_m6_n6_pairwise1,2022-02-28,FAC_rank_vol_m6_n6_pairwise1,1.1952982665717629,278,ok,
FAC_rank_vol_m6_n6_pairwise1,2022-02-28,CtrlRetSTR,1.2880574523652788,278,ok,
FAC_rank_vol_m6_n6_pairwise1,2022-02-28,CtrlRetLTM,1.1919998908615892,278,ok,
FAC_rank_vol_m6_n6_pairwise1,2022-02-28,CtrlVol,1.3134048473748,278,ok,
FAC_rank_vol_m6_n6_pairwise1,2022-02-28,as_偏股混合型基金,1.133088015844822,278,ok,
FAC_rank_vol_m6_n6_pairwise1,2022-02-28,Ctrl_log_fund_size,3.1530942162204134,278,ok,
FAC_rank_vol_m6_n6_pairwise1,2022-02-28,Ctrl_fund_age,3.1209305526220543,278,ok,
FAC_rank_vol_m6_n6_pairwise1,2022-03-31,FAC_rank_vol_m6_n6_pairwise1,1.558306972891915,274,ok,
FAC_rank_vol_m6_n6_pairwise1,2022-03-31,CtrlRetSTR,1.250549449015041,274,ok,
FAC_rank_vol_m6_n6_pairwise1,2022-03-31,CtrlRetLTM,1.5122148778935796,274,ok,
FAC_rank_vol_m6_n6_pairwise1,2022-03-31,CtrlVol,1.3129567959033477,274,ok,
FAC_rank_vol_m6_n6_pairwise1,2022-03-31,as_偏股混合型基金,1.1655973081501685,274,ok,
FAC_rank_vol_m6_n6_pairwise1,2022-03-31,Ctrl_log_fund_size,3.206115326267734,274,ok,
FAC_rank_vol_m6_n6_pairwise1,2022-03-31,Ctrl_fund_age,3.0745102159771602,274,ok,
FAC_rank_vol_m6_n6_pairwise1,2022-04-29,FAC_rank_vol_m6_n6_pairwise1,2.3069581828287027,288,ok,
FAC_rank_vol_m6_n6_pairwise1,2022-04-29,CtrlRetSTR,2.116335631242701,288,ok,
FAC_rank_vol_m6_n6_pairwise1,2022-04-29,CtrlRetLTM,2.376865373066498,288,ok,
FAC_rank_vol_m6_n6_pairwise1,2022-04-29,CtrlVol,2.1814699146115206,288,ok,
FAC_rank_vol_m6_n6_pairwise1,2022-04-29,as_偏股混合型基金,1.150430844960434,288,ok,
FAC_rank_vol_m6_n6_pairwise1,2022-04-29,Ctrl_log_fund_size,2.9323227353354056,288,ok,
FAC_rank_vol_m6_n6_pairwise1,2022-04-29,Ctrl_fund_age,2.8593691595515196,288,ok,
FAC_rank_vol_m6_n6_pairwise1,2022-05-31,FAC_rank_vol_m6_n6_pairwise1,1.6708242269683633,303,ok,
FAC_rank_vol_m6_n6_pairwise1,2022-05-31,CtrlRetSTR,1.4774005354462902,303,ok,
FAC_rank_vol_m6_n6_pairwise1,2022-05-31,CtrlRetLTM,1.92310274847554,303,ok,
FAC_rank_vol_m6_n6_pairwise1,2022-05-31,CtrlVol,1.7328084989206196,303,ok,
FAC_rank_vol_m6_n6_pairwise1,2022-05-31,as_偏股混合型基金,1.0858733730303451,303,ok,
FAC_rank_vol_m6_n6_pairwise1,2022-05-31,Ctrl_log_fund_size,3.0031577186917215,303,ok,
FAC_rank_vol_m6_n6_pairwise1,2022-05-31,Ctrl_fund_age,2.8595395130398944,303,ok,
FAC_rank_vol_m6_n6_pairwise1,2022-06-30,FAC_rank_vol_m6_n6_pairwise1,1.30419634924447,321,ok,
FAC_rank_vol_m6_n6_pairwise1,2022-06-30,CtrlRetSTR,1.4384968955082154,321,ok,
FAC_rank_vol_m6_n6_pairwise1,2022-06-30,CtrlRetLTM,1.485175622790138,321,ok,
FAC_rank_vol_m6_n6_pairwise1,2022-06-30,CtrlVol,1.512081443895001,321,ok,
FAC_rank_vol_m6_n6_pairwise1,2022-06-30,as_偏股混合型基金,1.0648757207268027,321,ok,
FAC_rank_vol_m6_n6_pairwise1,2022-06-30,Ctrl_log_fund_size,3.062024373126462,321,ok,
FAC_rank_vol_m6_n6_pairwise1,2022-06-30,Ctrl_fund_age,2.8803579299255406,321,ok,
FAC_rank_vol_m6_n12_pairwise1,2006-12-29,FAC_rank_vol_m6_n12_pairwise1,,1,skipped,完整变量样本数小于 min_cross_section_n
FAC_rank_vol_m6_n12_pairwise1,2006-12-29,CtrlRetSTR,,1,skipped,完整变量样本数小于 min_cross_section_n
FAC_rank_vol_m6_n12_pairwise1,2006-12-29,CtrlRetLTM,,1,skipped,完整变量样本数小于 min_cross_section_n
FAC_rank_vol_m6_n12_pairwise1,2006-12-29,CtrlVol,,1,skipped,完整变量样本数小于 min_cross_section_n
FAC_rank_vol_m6_n12_pairwise1,2006-12-29,as_偏股混合型基金,,1,skipped,完整变量样本数小于 min_cross_section_n
FAC_rank_vol_m6_n12_pairwise1,2006-12-29,Ctrl_log_fund_size,,1,skipped,完整变量样本数小于 min_cross_section_n
FAC_rank_vol_m6_n12_pairwise1,2006-12-29,Ctrl_fund_age,,1,skipped,完整变量样本数小于 min_cross_section_n
FAC_rank_vol_m6_n12_pairwise1,2007-01-31,FAC_rank_vol_m6_n12_pairwise1,,2,skipped,完整变量样本数小于 min_cross_section_n
FAC_rank_vol_m6_n12_pairwise1,2007-01-31,CtrlRetSTR,,2,skipped,完整变量样本数小于 min_cross_section_n
FAC_rank_vol_m6_n12_pairwise1,2007-01-31,CtrlRetLTM,,2,skipped,完整变量样本数小于 min_cross_section_n
FAC_rank_vol_m6_n12_pairwise1,2007-01-31,CtrlVol,,2,skipped,完整变量样本数小于 min_cross_section_n
FAC_rank_vol_m6_n12_pairwise1,2007-01-31,as_偏股混合型基金,,2,skipped,完整变量样本数小于 min_cross_section_n
FAC_rank_vol_m6_n12_pairwise1,2007-01-31,Ctrl_log_fund_size,,2,skipped,完整变量样本数小于 min_cross_section_n
FAC_rank_vol_m6_n12_pairwise1,2007-01-31,Ctrl_fund_age,,2,skipped,完整变量样本数小于 min_cross_section_n
FAC_rank_vol_m6_n12_pairwise1,2007-02-28,FAC_rank_vol_m6_n12_pairwise1,,2,skipped,完整变量样本数小于 min_cross_section_n
FAC_rank_vol_m6_n12_pairwise1,2007-02-28,CtrlRetSTR,,2,skipped,完整变量样本数小于 min_cross_section_n
FAC_rank_vol_m6_n12_pairwise1,2007-02-28,CtrlRetLTM,,2,skipped,完整变量样本数小于 min_cross_section_n
FAC_rank_vol_m6_n12_pairwise1,2007-02-28,CtrlVol,,2,skipped,完整变量样本数小于 min_cross_section_n
FAC_rank_vol_m6_n12_pairwise1,2007-02-28,as_偏股混合型基金,,2,skipped,完整变量样本数小于 min_cross_section_n
FAC_rank_vol_m6_n12_pairwise1,2007-02-28,Ctrl_log_fund_size,,2,skipped,完整变量样本数小于 min_cross_section_n
FAC_rank_vol_m6_n12_pairwise1,2007-02-28,Ctrl_fund_age,,2,skipped,完整变量样本数小于 min_cross_section_n
FAC_rank_vol_m6_n12_pairwise1,2007-03-30,FAC_rank_vol_m6_n12_pairwise1,,2,skipped,完整变量样本数小于 min_cross_section_n
FAC_rank_vol_m6_n12_pairwise1,2007-03-30,CtrlRetSTR,,2,skipped,完整变量样本数小于 min_cross_section_n
FAC_rank_vol_m6_n12_pairwise1,2007-03-30,CtrlRetLTM,,2,skipped,完整变量样本数小于 min_cross_section_n
FAC_rank_vol_m6_n12_pairwise1,2007-03-30,CtrlVol,,2,skipped,完整变量样本数小于 min_cross_section_n
FAC_rank_vol_m6_n12_pairwise1,2007-03-30,as_偏股混合型基金,,2,skipped,完整变量样本数小于 min_cross_section_n
FAC_rank_vol_m6_n12_pairwise1,2007-03-30,Ctrl_log_fund_size,,2,skipped,完整变量样本数小于 min_cross_section_n
FAC_rank_vol_m6_n12_pairwise1,2007-03-30,Ctrl_fund_age,,2,skipped,完整变量样本数小于 min_cross_section_n
FAC_rank_vol_m6_n12_pairwise1,2007-04-30,FAC_rank_vol_m6_n12_pairwise1,,1,skipped,完整变量样本数小于 min_cross_section_n
FAC_rank_vol_m6_n12_pairwise1,2007-04-30,CtrlRetSTR,,1,skipped,完整变量样本数小于 min_cross_section_n
FAC_rank_vol_m6_n12_pairwise1,2007-04-30,CtrlRetLTM,,1,skipped,完整变量样本数小于 min_cross_section_n
FAC_rank_vol_m6_n12_pairwise1,2007-04-30,CtrlVol,,1,skipped,完整变量样本数小于 min_cross_section_n
FAC_rank_vol_m6_n12_pairwise1,2007-04-30,as_偏股混合型基金,,1,skipped,完整变量样本数小于 min_cross_section_n
FAC_rank_vol_m6_n12_pairwise1,2007-04-30,Ctrl_log_fund_size,,1,skipped,完整变量样本数小于 min_cross_section_n
FAC_rank_vol_m6_n12_pairwise1,2007-04-30,Ctrl_fund_age,,1,skipped,完整变量样本数小于 min_cross_section_n
FAC_rank_vol_m6_n12_pairwise1,2007-05-31,FAC_rank_vol_m6_n12_pairwise1,,1,skipped,完整变量样本数小于 min_cross_section_n
FAC_rank_vol_m6_n12_pairwise1,2007-05-31,CtrlRetSTR,,1,skipped,完整变量样本数小于 min_cross_section_n
FAC_rank_vol_m6_n12_pairwise1,2007-05-31,CtrlRetLTM,,1,skipped,完整变量样本数小于 min_cross_section_n
FAC_rank_vol_m6_n12_pairwise1,2007-05-31,CtrlVol,,1,skipped,完整变量样本数小于 min_cross_section_n
FAC_rank_vol_m6_n12_pairwise1,2007-05-31,as_偏股混合型基金,,1,skipped,完整变量样本数小于 min_cross_section_n
FAC_rank_vol_m6_n12_pairwise1,2007-05-31,Ctrl_log_fund_size,,1,skipped,完整变量样本数小于 min_cross_section_n
FAC_rank_vol_m6_n12_pairwise1,2007-05-31,Ctrl_fund_age,,1,skipped,完整变量样本数小于 min_cross_section_n
FAC_rank_vol_m6_n12_pairwise1,2007-06-29,FAC_rank_vol_m6_n12_pairwise1,,1,skipped,完整变量样本数小于 min_cross_section_n
FAC_rank_vol_m6_n12_pairwise1,2007-06-29,CtrlRetSTR,,1,skipped,完整变量样本数小于 min_cross_section_n
FAC_rank_vol_m6_n12_pairwise1,2007-06-29,CtrlRetLTM,,1,skipped,完整变量样本数小于 min_cross_section_n
FAC_rank_vol_m6_n12_pairwise1,2007-06-29,CtrlVol,,1,skipped,完整变量样本数小于 min_cross_section_n
FAC_rank_vol_m6_n12_pairwise1,2007-06-29,as_偏股混合型基金,,1,skipped,完整变量样本数小于 min_cross_section_n
FAC_rank_vol_m6_n12_pairwise1,2007-06-29,Ctrl_log_fund_size,,1,skipped,完整变量样本数小于 min_cross_section_n
FAC_rank_vol_m6_n12_pairwise1,2007-06-29,Ctrl_fund_age,,1,skipped,完整变量样本数小于 min_cross_section_n
FAC_rank_vol_m6_n12_pairwise1,2007-07-31,FAC_rank_vol_m6_n12_pairwise1,,1,skipped,完整变量样本数小于 min_cross_section_n
FAC_rank_vol_m6_n12_pairwise1,2007-07-31,CtrlRetSTR,,1,skipped,完整变量样本数小于 min_cross_section_n
FAC_rank_vol_m6_n12_pairwise1,2007-07-31,CtrlRetLTM,,1,skipped,完整变量样本数小于 min_cross_section_n
FAC_rank_vol_m6_n12_pairwise1,2007-07-31,CtrlVol,,1,skipped,完整变量样本数小于 min_cross_section_n
FAC_rank_vol_m6_n12_pairwise1,2007-07-31,as_偏股混合型基金,,1,skipped,完整变量样本数小于 min_cross_section_n
FAC_rank_vol_m6_n12_pairwise1,2007-07-31,Ctrl_log_fund_size,,1,skipped,完整变量样本数小于 min_cross_section_n
FAC_rank_vol_m6_n12_pairwise1,2007-07-31,Ctrl_fund_age,,1,skipped,完整变量样本数小于 min_cross_section_n
FAC_rank_vol_m6_n12_pairwise1,2007-08-31,FAC_rank_vol_m6_n12_pairwise1,,2,skipped,完整变量样本数小于 min_cross_section_n
FAC_rank_vol_m6_n12_pairwise1,2007-08-31,CtrlRetSTR,,2,skipped,完整变量样本数小于 min_cross_section_n
FAC_rank_vol_m6_n12_pairwise1,2007-08-31,CtrlRetLTM,,2,skipped,完整变量样本数小于 min_cross_section_n
FAC_rank_vol_m6_n12_pairwise1,2007-08-31,CtrlVol,,2,skipped,完整变量样本数小于 min_cross_section_n
FAC_rank_vol_m6_n12_pairwise1,2007-08-31,as_偏股混合型基金,,2,skipped,完整变量样本数小于 min_cross_section_n
FAC_rank_vol_m6_n12_pairwise1,2007-08-31,Ctrl_log_fund_size,,2,skipped,完整变量样本数小于 min_cross_section_n
FAC_rank_vol_m6_n12_pairwise1,2007-08-31,Ctrl_fund_age,,2,skipped,完整变量样本数小于 min_cross_section_n
FAC_rank_vol_m6_n12_pairwise1,2007-09-28,FAC_rank_vol_m6_n12_pairwise1,,1,skipped,完整变量样本数小于 min_cross_section_n
FAC_rank_vol_m6_n12_pairwise1,2007-09-28,CtrlRetSTR,,1,skipped,完整变量样本数小于 min_cross_section_n
FAC_rank_vol_m6_n12_pairwise1,2007-09-28,CtrlRetLTM,,1,skipped,完整变量样本数小于 min_cross_section_n
FAC_rank_vol_m6_n12_pairwise1,2007-09-28,CtrlVol,,1,skipped,完整变量样本数小于 min_cross_section_n
FAC_rank_vol_m6_n12_pairwise1,2007-09-28,as_偏股混合型基金,,1,skipped,完整变量样本数小于 min_cross_section_n
FAC_rank_vol_m6_n12_pairwise1,2007-09-28,Ctrl_log_fund_size,,1,skipped,完整变量样本数小于 min_cross_section_n
FAC_rank_vol_m6_n12_pairwise1,2007-09-28,Ctrl_fund_age,,1,skipped,完整变量样本数小于 min_cross_section_n
FAC_rank_vol_m6_n12_pairwise1,2007-10-31,FAC_rank_vol_m6_n12_pairwise1,,1,skipped,完整变量样本数小于 min_cross_section_n
FAC_rank_vol_m6_n12_pairwise1,2007-10-31,CtrlRetSTR,,1,skipped,完整变量样本数小于 min_cross_section_n
FAC_rank_vol_m6_n12_pairwise1,2007-10-31,CtrlRetLTM,,1,skipped,完整变量样本数小于 min_cross_section_n
FAC_rank_vol_m6_n12_pairwise1,2007-10-31,CtrlVol,,1,skipped,完整变量样本数小于 min_cross_section_n
FAC_rank_vol_m6_n12_pairwise1,2007-10-31,as_偏股混合型基金,,1,skipped,完整变量样本数小于 min_cross_section_n
FAC_rank_vol_m6_n12_pairwise1,2007-10-31,Ctrl_log_fund_size,,1,skipped,完整变量样本数小于 min_cross_section_n
FAC_rank_vol_m6_n12_pairwise1,2007-10-31,Ctrl_fund_age,,1,skipped,完整变量样本数小于 min_cross_section_n
FAC_rank_vol_m6_n12_pairwise1,2007-11-30,FAC_rank_vol_m6_n12_pairwise1,,1,skipped,完整变量样本数小于 min_cross_section_n
FAC_rank_vol_m6_n12_pairwise1,2007-11-30,CtrlRetSTR,,1,skipped,完整变量样本数小于 min_cross_section_n
FAC_rank_vol_m6_n12_pairwise1,2007-11-30,CtrlRetLTM,,1,skipped,完整变量样本数小于 min_cross_section_n
FAC_rank_vol_m6_n12_pairwise1,2007-11-30,CtrlVol,,1,skipped,完整变量样本数小于 min_cross_section_n
FAC_rank_vol_m6_n12_pairwise1,2007-11-30,as_偏股混合型基金,,1,skipped,完整变量样本数小于 min_cross_section_n
FAC_rank_vol_m6_n12_pairwise1,2007-11-30,Ctrl_log_fund_size,,1,skipped,完整变量样本数小于 min_cross_section_n
FAC_rank_vol_m6_n12_pairwise1,2007-11-30,Ctrl_fund_age,,1,skipped,完整变量样本数小于 min_cross_section_n
FAC_rank_vol_m6_n12_pairwise1,2007-12-28,FAC_rank_vol_m6_n12_pairwise1,,2,skipped,完整变量样本数小于 min_cross_section_n
FAC_rank_vol_m6_n12_pairwise1,2007-12-28,CtrlRetSTR,,2,skipped,完整变量样本数小于 min_cross_section_n
FAC_rank_vol_m6_n12_pairwise1,2007-12-28,CtrlRetLTM,,2,skipped,完整变量样本数小于 min_cross_section_n
FAC_rank_vol_m6_n12_pairwise1,2007-12-28,CtrlVol,,2,skipped,完整变量样本数小于 min_cross_section_n
FAC_rank_vol_m6_n12_pairwise1,2007-12-28,as_偏股混合型基金,,2,skipped,完整变量样本数小于 min_cross_section_n
FAC_rank_vol_m6_n12_pairwise1,2007-12-28,Ctrl_log_fund_size,,2,skipped,完整变量样本数小于 min_cross_section_n
FAC_rank_vol_m6_n12_pairwise1,2007-12-28,Ctrl_fund_age,,2,skipped,完整变量样本数小于 min_cross_section_n
FAC_rank_vol_m6_n12_pairwise1,2008-01-31,FAC_rank_vol_m6_n12_pairwise1,,2,skipped,完整变量样本数小于 min_cross_section_n
FAC_rank_vol_m6_n12_pairwise1,2008-01-31,CtrlRetSTR,,2,skipped,完整变量样本数小于 min_cross_section_n
FAC_rank_vol_m6_n12_pairwise1,2008-01-31,CtrlRetLTM,,2,skipped,完整变量样本数小于 min_cross_section_n
FAC_rank_vol_m6_n12_pairwise1,2008-01-31,CtrlVol,,2,skipped,完整变量样本数小于 min_cross_section_n
FAC_rank_vol_m6_n12_pairwise1,2008-01-31,as_偏股混合型基金,,2,skipped,完整变量样本数小于 min_cross_section_n
FAC_rank_vol_m6_n12_pairwise1,2008-01-31,Ctrl_log_fund_size,,2,skipped,完整变量样本数小于 min_cross_section_n
FAC_rank_vol_m6_n12_pairwise1,2008-01-31,Ctrl_fund_age,,2,skipped,完整变量样本数小于 min_cross_section_n
FAC_rank_vol_m6_n12_pairwise1,2008-02-29,FAC_rank_vol_m6_n12_pairwise1,,2,skipped,完整变量样本数小于 min_cross_section_n
FAC_rank_vol_m6_n12_pairwise1,2008-02-29,CtrlRetSTR,,2,skipped,完整变量样本数小于 min_cross_section_n
FAC_rank_vol_m6_n12_pairwise1,2008-02-29,CtrlRetLTM,,2,skipped,完整变量样本数小于 min_cross_section_n
FAC_rank_vol_m6_n12_pairwise1,2008-02-29,CtrlVol,,2,skipped,完整变量样本数小于 min_cross_section_n
FAC_rank_vol_m6_n12_pairwise1,2008-02-29,as_偏股混合型基金,,2,skipped,完整变量样本数小于 min_cross_section_n
FAC_rank_vol_m6_n12_pairwise1,2008-02-29,Ctrl_log_fund_size,,2,skipped,完整变量样本数小于 min_cross_section_n
FAC_rank_vol_m6_n12_pairwise1,2008-02-29,Ctrl_fund_age,,2,skipped,完整变量样本数小于 min_cross_section_n
FAC_rank_vol_m6_n12_pairwise1,2008-03-31,FAC_rank_vol_m6_n12_pairwise1,,2,skipped,完整变量样本数小于 min_cross_section_n
FAC_rank_vol_m6_n12_pairwise1,2008-03-31,CtrlRetSTR,,2,skipped,完整变量样本数小于 min_cross_section_n
FAC_rank_vol_m6_n12_pairwise1,2008-03-31,CtrlRetLTM,,2,skipped,完整变量样本数小于 min_cross_section_n
FAC_rank_vol_m6_n12_pairwise1,2008-03-31,CtrlVol,,2,skipped,完整变量样本数小于 min_cross_section_n
FAC_rank_vol_m6_n12_pairwise1,2008-03-31,as_偏股混合型基金,,2,skipped,完整变量样本数小于 min_cross_section_n
FAC_rank_vol_m6_n12_pairwise1,2008-03-31,Ctrl_log_fund_size,,2,skipped,完整变量样本数小于 min_cross_section_n
FAC_rank_vol_m6_n12_pairwise1,2008-03-31,Ctrl_fund_age,,2,skipped,完整变量样本数小于 min_cross_section_n
FAC_rank_vol_m6_n12_pairwise1,2008-04-30,FAC_rank_vol_m6_n12_pairwise1,,2,skipped,完整变量样本数小于 min_cross_section_n
FAC_rank_vol_m6_n12_pairwise1,2008-04-30,CtrlRetSTR,,2,skipped,完整变量样本数小于 min_cross_section_n
FAC_rank_vol_m6_n12_pairwise1,2008-04-30,CtrlRetLTM,,2,skipped,完整变量样本数小于 min_cross_section_n
FAC_rank_vol_m6_n12_pairwise1,2008-04-30,CtrlVol,,2,skipped,完整变量样本数小于 min_cross_section_n
FAC_rank_vol_m6_n12_pairwise1,2008-04-30,as_偏股混合型基金,,2,skipped,完整变量样本数小于 min_cross_section_n
FAC_rank_vol_m6_n12_pairwise1,2008-04-30,Ctrl_log_fund_size,,2,skipped,完整变量样本数小于 min_cross_section_n
FAC_rank_vol_m6_n12_pairwise1,2008-04-30,Ctrl_fund_age,,2,skipped,完整变量样本数小于 min_cross_section_n
FAC_rank_vol_m6_n12_pairwise1,2008-05-30,FAC_rank_vol_m6_n12_pairwise1,,4,skipped,完整变量样本数小于 min_cross_section_n
FAC_rank_vol_m6_n12_pairwise1,2008-05-30,CtrlRetSTR,,4,skipped,完整变量样本数小于 min_cross_section_n
FAC_rank_vol_m6_n12_pairwise1,2008-05-30,CtrlRetLTM,,4,skipped,完整变量样本数小于 min_cross_section_n
FAC_rank_vol_m6_n12_pairwise1,2008-05-30,CtrlVol,,4,skipped,完整变量样本数小于 min_cross_section_n
FAC_rank_vol_m6_n12_pairwise1,2008-05-30,as_偏股混合型基金,,4,skipped,完整变量样本数小于 min_cross_section_n
FAC_rank_vol_m6_n12_pairwise1,2008-05-30,Ctrl_log_fund_size,,4,skipped,完整变量样本数小于 min_cross_section_n
FAC_rank_vol_m6_n12_pairwise1,2008-05-30,Ctrl_fund_age,,4,skipped,完整变量样本数小于 min_cross_section_n
FAC_rank_vol_m6_n12_pairwise1,2008-06-30,FAC_rank_vol_m6_n12_pairwise1,,4,skipped,完整变量样本数小于 min_cross_section_n
FAC_rank_vol_m6_n12_pairwise1,2008-06-30,CtrlRetSTR,,4,skipped,完整变量样本数小于 min_cross_section_n
FAC_rank_vol_m6_n12_pairwise1,2008-06-30,CtrlRetLTM,,4,skipped,完整变量样本数小于 min_cross_section_n
FAC_rank_vol_m6_n12_pairwise1,2008-06-30,CtrlVol,,4,skipped,完整变量样本数小于 min_cross_section_n
FAC_rank_vol_m6_n12_pairwise1,2008-06-30,as_偏股混合型基金,,4,skipped,完整变量样本数小于 min_cross_section_n
FAC_rank_vol_m6_n12_pairwise1,2008-06-30,Ctrl_log_fund_size,,4,skipped,完整变量样本数小于 min_cross_section_n
FAC_rank_vol_m6_n12_pairwise1,2008-06-30,Ctrl_fund_age,,4,skipped,完整变量样本数小于 min_cross_section_n
FAC_rank_vol_m6_n12_pairwise1,2008-07-31,FAC_rank_vol_m6_n12_pairwise1,,4,skipped,完整变量样本数小于 min_cross_section_n
FAC_rank_vol_m6_n12_pairwise1,2008-07-31,CtrlRetSTR,,4,skipped,完整变量样本数小于 min_cross_section_n
FAC_rank_vol_m6_n12_pairwise1,2008-07-31,CtrlRetLTM,,4,skipped,完整变量样本数小于 min_cross_section_n
FAC_rank_vol_m6_n12_pairwise1,2008-07-31,CtrlVol,,4,skipped,完整变量样本数小于 min_cross_section_n
FAC_rank_vol_m6_n12_pairwise1,2008-07-31,as_偏股混合型基金,,4,skipped,完整变量样本数小于 min_cross_section_n
FAC_rank_vol_m6_n12_pairwise1,2008-07-31,Ctrl_log_fund_size,,4,skipped,完整变量样本数小于 min_cross_section_n
FAC_rank_vol_m6_n12_pairwise1,2008-07-31,Ctrl_fund_age,,4,skipped,完整变量样本数小于 min_cross_section_n
FAC_rank_vol_m6_n12_pairwise1,2008-08-29,FAC_rank_vol_m6_n12_pairwise1,,4,skipped,完整变量样本数小于 min_cross_section_n
FAC_rank_vol_m6_n12_pairwise1,2008-08-29,CtrlRetSTR,,4,skipped,完整变量样本数小于 min_cross_section_n
FAC_rank_vol_m6_n12_pairwise1,2008-08-29,CtrlRetLTM,,4,skipped,完整变量样本数小于 min_cross_section_n
FAC_rank_vol_m6_n12_pairwise1,2008-08-29,CtrlVol,,4,skipped,完整变量样本数小于 min_cross_section_n
FAC_rank_vol_m6_n12_pairwise1,2008-08-29,as_偏股混合型基金,,4,skipped,完整变量样本数小于 min_cross_section_n
FAC_rank_vol_m6_n12_pairwise1,2008-08-29,Ctrl_log_fund_size,,4,skipped,完整变量样本数小于 min_cross_section_n
FAC_rank_vol_m6_n12_pairwise1,2008-08-29,Ctrl_fund_age,,4,skipped,完整变量样本数小于 min_cross_section_n
FAC_rank_vol_m6_n12_pairwise1,2008-09-26,FAC_rank_vol_m6_n12_pairwise1,,4,skipped,完整变量样本数小于 min_cross_section_n
FAC_rank_vol_m6_n12_pairwise1,2008-09-26,CtrlRetSTR,,4,skipped,完整变量样本数小于 min_cross_section_n
FAC_rank_vol_m6_n12_pairwise1,2008-09-26,CtrlRetLTM,,4,skipped,完整变量样本数小于 min_cross_section_n
FAC_rank_vol_m6_n12_pairwise1,2008-09-26,CtrlVol,,4,skipped,完整变量样本数小于 min_cross_section_n
FAC_rank_vol_m6_n12_pairwise1,2008-09-26,as_偏股混合型基金,,4,skipped,完整变量样本数小于 min_cross_section_n
FAC_rank_vol_m6_n12_pairwise1,2008-09-26,Ctrl_log_fund_size,,4,skipped,完整变量样本数小于 min_cross_section_n
FAC_rank_vol_m6_n12_pairwise1,2008-09-26,Ctrl_fund_age,,4,skipped,完整变量样本数小于 min_cross_section_n
FAC_rank_vol_m6_n12_pairwise1,2008-10-31,FAC_rank_vol_m6_n12_pairwise1,,5,skipped,完整变量样本数小于 min_cross_section_n
FAC_rank_vol_m6_n12_pairwise1,2008-10-31,CtrlRetSTR,,5,skipped,完整变量样本数小于 min_cross_section_n
FAC_rank_vol_m6_n12_pairwise1,2008-10-31,CtrlRetLTM,,5,skipped,完整变量样本数小于 min_cross_section_n
FAC_rank_vol_m6_n12_pairwise1,2008-10-31,CtrlVol,,5,skipped,完整变量样本数小于 min_cross_section_n
FAC_rank_vol_m6_n12_pairwise1,2008-10-31,as_偏股混合型基金,,5,skipped,完整变量样本数小于 min_cross_section_n
FAC_rank_vol_m6_n12_pairwise1,2008-10-31,Ctrl_log_fund_size,,5,skipped,完整变量样本数小于 min_cross_section_n
FAC_rank_vol_m6_n12_pairwise1,2008-10-31,Ctrl_fund_age,,5,skipped,完整变量样本数小于 min_cross_section_n
FAC_rank_vol_m6_n12_pairwise1,2008-11-28,FAC_rank_vol_m6_n12_pairwise1,,6,skipped,完整变量样本数小于 min_cross_section_n
FAC_rank_vol_m6_n12_pairwise1,2008-11-28,CtrlRetSTR,,6,skipped,完整变量样本数小于 min_cross_section_n
FAC_rank_vol_m6_n12_pairwise1,2008-11-28,CtrlRetLTM,,6,skipped,完整变量样本数小于 min_cross_section_n
FAC_rank_vol_m6_n12_pairwise1,2008-11-28,CtrlVol,,6,skipped,完整变量样本数小于 min_cross_section_n
FAC_rank_vol_m6_n12_pairwise1,2008-11-28,as_偏股混合型基金,,6,skipped,完整变量样本数小于 min_cross_section_n
FAC_rank_vol_m6_n12_pairwise1,2008-11-28,Ctrl_log_fund_size,,6,skipped,完整变量样本数小于 min_cross_section_n
FAC_rank_vol_m6_n12_pairwise1,2008-11-28,Ctrl_fund_age,,6,skipped,完整变量样本数小于 min_cross_section_n
FAC_rank_vol_m6_n12_pairwise1,2008-12-31,FAC_rank_vol_m6_n12_pairwise1,,7,skipped,完整变量样本数小于 min_cross_section_n
FAC_rank_vol_m6_n12_pairwise1,2008-12-31,CtrlRetSTR,,7,skipped,完整变量样本数小于 min_cross_section_n
FAC_rank_vol_m6_n12_pairwise1,2008-12-31,CtrlRetLTM,,7,skipped,完整变量样本数小于 min_cross_section_n
FAC_rank_vol_m6_n12_pairwise1,2008-12-31,CtrlVol,,7,skipped,完整变量样本数小于 min_cross_section_n
FAC_rank_vol_m6_n12_pairwise1,2008-12-31,as_偏股混合型基金,,7,skipped,完整变量样本数小于 min_cross_section_n
FAC_rank_vol_m6_n12_pairwise1,2008-12-31,Ctrl_log_fund_size,,7,skipped,完整变量样本数小于 min_cross_section_n
FAC_rank_vol_m6_n12_pairwise1,2008-12-31,Ctrl_fund_age,,7,skipped,完整变量样本数小于 min_cross_section_n
FAC_rank_vol_m6_n12_pairwise1,2009-01-23,FAC_rank_vol_m6_n12_pairwise1,,6,skipped,完整变量样本数小于 min_cross_section_n
FAC_rank_vol_m6_n12_pairwise1,2009-01-23,CtrlRetSTR,,6,skipped,完整变量样本数小于 min_cross_section_n
FAC_rank_vol_m6_n12_pairwise1,2009-01-23,CtrlRetLTM,,6,skipped,完整变量样本数小于 min_cross_section_n
FAC_rank_vol_m6_n12_pairwise1,2009-01-23,CtrlVol,,6,skipped,完整变量样本数小于 min_cross_section_n
FAC_rank_vol_m6_n12_pairwise1,2009-01-23,as_偏股混合型基金,,6,skipped,完整变量样本数小于 min_cross_section_n
FAC_rank_vol_m6_n12_pairwise1,2009-01-23,Ctrl_log_fund_size,,6,skipped,完整变量样本数小于 min_cross_section_n
FAC_rank_vol_m6_n12_pairwise1,2009-01-23,Ctrl_fund_age,,6,skipped,完整变量样本数小于 min_cross_section_n
FAC_rank_vol_m6_n12_pairwise1,2009-02-27,FAC_rank_vol_m6_n12_pairwise1,,7,skipped,完整变量样本数小于 min_cross_section_n
FAC_rank_vol_m6_n12_pairwise1,2009-02-27,CtrlRetSTR,,7,skipped,完整变量样本数小于 min_cross_section_n
FAC_rank_vol_m6_n12_pairwise1,2009-02-27,CtrlRetLTM,,7,skipped,完整变量样本数小于 min_cross_section_n
FAC_rank_vol_m6_n12_pairwise1,2009-02-27,CtrlVol,,7,skipped,完整变量样本数小于 min_cross_section_n
FAC_rank_vol_m6_n12_pairwise1,2009-02-27,as_偏股混合型基金,,7,skipped,完整变量样本数小于 min_cross_section_n
FAC_rank_vol_m6_n12_pairwise1,2009-02-27,Ctrl_log_fund_size,,7,skipped,完整变量样本数小于 min_cross_section_n
FAC_rank_vol_m6_n12_pairwise1,2009-02-27,Ctrl_fund_age,,7,skipped,完整变量样本数小于 min_cross_section_n
FAC_rank_vol_m6_n12_pairwise1,2009-03-31,FAC_rank_vol_m6_n12_pairwise1,,7,skipped,完整变量样本数小于 min_cross_section_n
FAC_rank_vol_m6_n12_pairwise1,2009-03-31,CtrlRetSTR,,7,skipped,完整变量样本数小于 min_cross_section_n
FAC_rank_vol_m6_n12_pairwise1,2009-03-31,CtrlRetLTM,,7,skipped,完整变量样本数小于 min_cross_section_n
FAC_rank_vol_m6_n12_pairwise1,2009-03-31,CtrlVol,,7,skipped,完整变量样本数小于 min_cross_section_n
FAC_rank_vol_m6_n12_pairwise1,2009-03-31,as_偏股混合型基金,,7,skipped,完整变量样本数小于 min_cross_section_n
FAC_rank_vol_m6_n12_pairwise1,2009-03-31,Ctrl_log_fund_size,,7,skipped,完整变量样本数小于 min_cross_section_n
FAC_rank_vol_m6_n12_pairwise1,2009-03-31,Ctrl_fund_age,,7,skipped,完整变量样本数小于 min_cross_section_n
FAC_rank_vol_m6_n12_pairwise1,2009-04-30,FAC_rank_vol_m6_n12_pairwise1,,10,skipped,完整变量样本数小于 min_cross_section_n
FAC_rank_vol_m6_n12_pairwise1,2009-04-30,CtrlRetSTR,,10,skipped,完整变量样本数小于 min_cross_section_n
FAC_rank_vol_m6_n12_pairwise1,2009-04-30,CtrlRetLTM,,10,skipped,完整变量样本数小于 min_cross_section_n
FAC_rank_vol_m6_n12_pairwise1,2009-04-30,CtrlVol,,10,skipped,完整变量样本数小于 min_cross_section_n
FAC_rank_vol_m6_n12_pairwise1,2009-04-30,as_偏股混合型基金,,10,skipped,完整变量样本数小于 min_cross_section_n
FAC_rank_vol_m6_n12_pairwise1,2009-04-30,Ctrl_log_fund_size,,10,skipped,完整变量样本数小于 min_cross_section_n
FAC_rank_vol_m6_n12_pairwise1,2009-04-30,Ctrl_fund_age,,10,skipped,完整变量样本数小于 min_cross_section_n
FAC_rank_vol_m6_n12_pairwise1,2009-05-27,FAC_rank_vol_m6_n12_pairwise1,,10,skipped,完整变量样本数小于 min_cross_section_n
FAC_rank_vol_m6_n12_pairwise1,2009-05-27,CtrlRetSTR,,10,skipped,完整变量样本数小于 min_cross_section_n
FAC_rank_vol_m6_n12_pairwise1,2009-05-27,CtrlRetLTM,,10,skipped,完整变量样本数小于 min_cross_section_n
FAC_rank_vol_m6_n12_pairwise1,2009-05-27,CtrlVol,,10,skipped,完整变量样本数小于 min_cross_section_n
FAC_rank_vol_m6_n12_pairwise1,2009-05-27,as_偏股混合型基金,,10,skipped,完整变量样本数小于 min_cross_section_n
FAC_rank_vol_m6_n12_pairwise1,2009-05-27,Ctrl_log_fund_size,,10,skipped,完整变量样本数小于 min_cross_section_n
FAC_rank_vol_m6_n12_pairwise1,2009-05-27,Ctrl_fund_age,,10,skipped,完整变量样本数小于 min_cross_section_n
FAC_rank_vol_m6_n12_pairwise1,2009-06-30,FAC_rank_vol_m6_n12_pairwise1,,10,skipped,完整变量样本数小于 min_cross_section_n
FAC_rank_vol_m6_n12_pairwise1,2009-06-30,CtrlRetSTR,,10,skipped,完整变量样本数小于 min_cross_section_n
FAC_rank_vol_m6_n12_pairwise1,2009-06-30,CtrlRetLTM,,10,skipped,完整变量样本数小于 min_cross_section_n
FAC_rank_vol_m6_n12_pairwise1,2009-06-30,CtrlVol,,10,skipped,完整变量样本数小于 min_cross_section_n
FAC_rank_vol_m6_n12_pairwise1,2009-06-30,as_偏股混合型基金,,10,skipped,完整变量样本数小于 min_cross_section_n
FAC_rank_vol_m6_n12_pairwise1,2009-06-30,Ctrl_log_fund_size,,10,skipped,完整变量样本数小于 min_cross_section_n
FAC_rank_vol_m6_n12_pairwise1,2009-06-30,Ctrl_fund_age,,10,skipped,完整变量样本数小于 min_cross_section_n
FAC_rank_vol_m6_n12_pairwise1,2009-07-31,FAC_rank_vol_m6_n12_pairwise1,,10,skipped,完整变量样本数小于 min_cross_section_n
FAC_rank_vol_m6_n12_pairwise1,2009-07-31,CtrlRetSTR,,10,skipped,完整变量样本数小于 min_cross_section_n
FAC_rank_vol_m6_n12_pairwise1,2009-07-31,CtrlRetLTM,,10,skipped,完整变量样本数小于 min_cross_section_n
FAC_rank_vol_m6_n12_pairwise1,2009-07-31,CtrlVol,,10,skipped,完整变量样本数小于 min_cross_section_n
FAC_rank_vol_m6_n12_pairwise1,2009-07-31,as_偏股混合型基金,,10,skipped,完整变量样本数小于 min_cross_section_n
FAC_rank_vol_m6_n12_pairwise1,2009-07-31,Ctrl_log_fund_size,,10,skipped,完整变量样本数小于 min_cross_section_n
FAC_rank_vol_m6_n12_pairwise1,2009-07-31,Ctrl_fund_age,,10,skipped,完整变量样本数小于 min_cross_section_n
FAC_rank_vol_m6_n12_pairwise1,2009-08-31,FAC_rank_vol_m6_n12_pairwise1,,10,skipped,完整变量样本数小于 min_cross_section_n
FAC_rank_vol_m6_n12_pairwise1,2009-08-31,CtrlRetSTR,,10,skipped,完整变量样本数小于 min_cross_section_n
FAC_rank_vol_m6_n12_pairwise1,2009-08-31,CtrlRetLTM,,10,skipped,完整变量样本数小于 min_cross_section_n
FAC_rank_vol_m6_n12_pairwise1,2009-08-31,CtrlVol,,10,skipped,完整变量样本数小于 min_cross_section_n
FAC_rank_vol_m6_n12_pairwise1,2009-08-31,as_偏股混合型基金,,10,skipped,完整变量样本数小于 min_cross_section_n
FAC_rank_vol_m6_n12_pairwise1,2009-08-31,Ctrl_log_fund_size,,10,skipped,完整变量样本数小于 min_cross_section_n
FAC_rank_vol_m6_n12_pairwise1,2009-08-31,Ctrl_fund_age,,10,skipped,完整变量样本数小于 min_cross_section_n
FAC_rank_vol_m6_n12_pairwise1,2009-09-30,FAC_rank_vol_m6_n12_pairwise1,,12,skipped,完整变量样本数小于 min_cross_section_n
FAC_rank_vol_m6_n12_pairwise1,2009-09-30,CtrlRetSTR,,12,skipped,完整变量样本数小于 min_cross_section_n
FAC_rank_vol_m6_n12_pairwise1,2009-09-30,CtrlRetLTM,,12,skipped,完整变量样本数小于 min_cross_section_n
FAC_rank_vol_m6_n12_pairwise1,2009-09-30,CtrlVol,,12,skipped,完整变量样本数小于 min_cross_section_n
FAC_rank_vol_m6_n12_pairwise1,2009-09-30,as_偏股混合型基金,,12,skipped,完整变量样本数小于 min_cross_section_n
FAC_rank_vol_m6_n12_pairwise1,2009-09-30,Ctrl_log_fund_size,,12,skipped,完整变量样本数小于 min_cross_section_n
FAC_rank_vol_m6_n12_pairwise1,2009-09-30,Ctrl_fund_age,,12,skipped,完整变量样本数小于 min_cross_section_n
FAC_rank_vol_m6_n12_pairwise1,2009-10-30,FAC_rank_vol_m6_n12_pairwise1,,12,skipped,完整变量样本数小于 min_cross_section_n
FAC_rank_vol_m6_n12_pairwise1,2009-10-30,CtrlRetSTR,,12,skipped,完整变量样本数小于 min_cross_section_n
FAC_rank_vol_m6_n12_pairwise1,2009-10-30,CtrlRetLTM,,12,skipped,完整变量样本数小于 min_cross_section_n
FAC_rank_vol_m6_n12_pairwise1,2009-10-30,CtrlVol,,12,skipped,完整变量样本数小于 min_cross_section_n
FAC_rank_vol_m6_n12_pairwise1,2009-10-30,as_偏股混合型基金,,12,skipped,完整变量样本数小于 min_cross_section_n
FAC_rank_vol_m6_n12_pairwise1,2009-10-30,Ctrl_log_fund_size,,12,skipped,完整变量样本数小于 min_cross_section_n
FAC_rank_vol_m6_n12_pairwise1,2009-10-30,Ctrl_fund_age,,12,skipped,完整变量样本数小于 min_cross_section_n
FAC_rank_vol_m6_n12_pairwise1,2009-11-30,FAC_rank_vol_m6_n12_pairwise1,,12,skipped,完整变量样本数小于 min_cross_section_n
FAC_rank_vol_m6_n12_pairwise1,2009-11-30,CtrlRetSTR,,12,skipped,完整变量样本数小于 min_cross_section_n
FAC_rank_vol_m6_n12_pairwise1,2009-11-30,CtrlRetLTM,,12,skipped,完整变量样本数小于 min_cross_section_n
FAC_rank_vol_m6_n12_pairwise1,2009-11-30,CtrlVol,,12,skipped,完整变量样本数小于 min_cross_section_n
FAC_rank_vol_m6_n12_pairwise1,2009-11-30,as_偏股混合型基金,,12,skipped,完整变量样本数小于 min_cross_section_n
FAC_rank_vol_m6_n12_pairwise1,2009-11-30,Ctrl_log_fund_size,,12,skipped,完整变量样本数小于 min_cross_section_n
FAC_rank_vol_m6_n12_pairwise1,2009-11-30,Ctrl_fund_age,,12,skipped,完整变量样本数小于 min_cross_section_n
FAC_rank_vol_m6_n12_pairwise1,2009-12-31,FAC_rank_vol_m6_n12_pairwise1,,12,skipped,完整变量样本数小于 min_cross_section_n
FAC_rank_vol_m6_n12_pairwise1,2009-12-31,CtrlRetSTR,,12,skipped,完整变量样本数小于 min_cross_section_n
FAC_rank_vol_m6_n12_pairwise1,2009-12-31,CtrlRetLTM,,12,skipped,完整变量样本数小于 min_cross_section_n
FAC_rank_vol_m6_n12_pairwise1,2009-12-31,CtrlVol,,12,skipped,完整变量样本数小于 min_cross_section_n
FAC_rank_vol_m6_n12_pairwise1,2009-12-31,as_偏股混合型基金,,12,skipped,完整变量样本数小于 min_cross_section_n
FAC_rank_vol_m6_n12_pairwise1,2009-12-31,Ctrl_log_fund_size,,12,skipped,完整变量样本数小于 min_cross_section_n
FAC_rank_vol_m6_n12_pairwise1,2009-12-31,Ctrl_fund_age,,12,skipped,完整变量样本数小于 min_cross_section_n
FAC_rank_vol_m6_n12_pairwise1,2010-01-29,FAC_rank_vol_m6_n12_pairwise1,,14,skipped,完整变量样本数小于 min_cross_section_n
FAC_rank_vol_m6_n12_pairwise1,2010-01-29,CtrlRetSTR,,14,skipped,完整变量样本数小于 min_cross_section_n
FAC_rank_vol_m6_n12_pairwise1,2010-01-29,CtrlRetLTM,,14,skipped,完整变量样本数小于 min_cross_section_n
FAC_rank_vol_m6_n12_pairwise1,2010-01-29,CtrlVol,,14,skipped,完整变量样本数小于 min_cross_section_n
FAC_rank_vol_m6_n12_pairwise1,2010-01-29,as_偏股混合型基金,,14,skipped,完整变量样本数小于 min_cross_section_n
FAC_rank_vol_m6_n12_pairwise1,2010-01-29,Ctrl_log_fund_size,,14,skipped,完整变量样本数小于 min_cross_section_n
FAC_rank_vol_m6_n12_pairwise1,2010-01-29,Ctrl_fund_age,,14,skipped,完整变量样本数小于 min_cross_section_n
FAC_rank_vol_m6_n12_pairwise1,2010-02-26,FAC_rank_vol_m6_n12_pairwise1,,15,skipped,完整变量样本数小于 min_cross_section_n
FAC_rank_vol_m6_n12_pairwise1,2010-02-26,CtrlRetSTR,,15,skipped,完整变量样本数小于 min_cross_section_n
FAC_rank_vol_m6_n12_pairwise1,2010-02-26,CtrlRetLTM,,15,skipped,完整变量样本数小于 min_cross_section_n
FAC_rank_vol_m6_n12_pairwise1,2010-02-26,CtrlVol,,15,skipped,完整变量样本数小于 min_cross_section_n
FAC_rank_vol_m6_n12_pairwise1,2010-02-26,as_偏股混合型基金,,15,skipped,完整变量样本数小于 min_cross_section_n
FAC_rank_vol_m6_n12_pairwise1,2010-02-26,Ctrl_log_fund_size,,15,skipped,完整变量样本数小于 min_cross_section_n
FAC_rank_vol_m6_n12_pairwise1,2010-02-26,Ctrl_fund_age,,15,skipped,完整变量样本数小于 min_cross_section_n
FAC_rank_vol_m6_n12_pairwise1,2010-03-31,FAC_rank_vol_m6_n12_pairwise1,,15,skipped,完整变量样本数小于 min_cross_section_n
FAC_rank_vol_m6_n12_pairwise1,2010-03-31,CtrlRetSTR,,15,skipped,完整变量样本数小于 min_cross_section_n
FAC_rank_vol_m6_n12_pairwise1,2010-03-31,CtrlRetLTM,,15,skipped,完整变量样本数小于 min_cross_section_n
FAC_rank_vol_m6_n12_pairwise1,2010-03-31,CtrlVol,,15,skipped,完整变量样本数小于 min_cross_section_n
FAC_rank_vol_m6_n12_pairwise1,2010-03-31,as_偏股混合型基金,,15,skipped,完整变量样本数小于 min_cross_section_n
FAC_rank_vol_m6_n12_pairwise1,2010-03-31,Ctrl_log_fund_size,,15,skipped,完整变量样本数小于 min_cross_section_n
FAC_rank_vol_m6_n12_pairwise1,2010-03-31,Ctrl_fund_age,,15,skipped,完整变量样本数小于 min_cross_section_n
FAC_rank_vol_m6_n12_pairwise1,2010-04-30,FAC_rank_vol_m6_n12_pairwise1,,15,skipped,完整变量样本数小于 min_cross_section_n
FAC_rank_vol_m6_n12_pairwise1,2010-04-30,CtrlRetSTR,,15,skipped,完整变量样本数小于 min_cross_section_n
FAC_rank_vol_m6_n12_pairwise1,2010-04-30,CtrlRetLTM,,15,skipped,完整变量样本数小于 min_cross_section_n
FAC_rank_vol_m6_n12_pairwise1,2010-04-30,CtrlVol,,15,skipped,完整变量样本数小于 min_cross_section_n
FAC_rank_vol_m6_n12_pairwise1,2010-04-30,as_偏股混合型基金,,15,skipped,完整变量样本数小于 min_cross_section_n
FAC_rank_vol_m6_n12_pairwise1,2010-04-30,Ctrl_log_fund_size,,15,skipped,完整变量样本数小于 min_cross_section_n
FAC_rank_vol_m6_n12_pairwise1,2010-04-30,Ctrl_fund_age,,15,skipped,完整变量样本数小于 min_cross_section_n
FAC_rank_vol_m6_n12_pairwise1,2010-05-31,FAC_rank_vol_m6_n12_pairwise1,,16,skipped,完整变量样本数小于 min_cross_section_n
FAC_rank_vol_m6_n12_pairwise1,2010-05-31,CtrlRetSTR,,16,skipped,完整变量样本数小于 min_cross_section_n
FAC_rank_vol_m6_n12_pairwise1,2010-05-31,CtrlRetLTM,,16,skipped,完整变量样本数小于 min_cross_section_n
FAC_rank_vol_m6_n12_pairwise1,2010-05-31,CtrlVol,,16,skipped,完整变量样本数小于 min_cross_section_n
FAC_rank_vol_m6_n12_pairwise1,2010-05-31,as_偏股混合型基金,,16,skipped,完整变量样本数小于 min_cross_section_n
FAC_rank_vol_m6_n12_pairwise1,2010-05-31,Ctrl_log_fund_size,,16,skipped,完整变量样本数小于 min_cross_section_n
FAC_rank_vol_m6_n12_pairwise1,2010-05-31,Ctrl_fund_age,,16,skipped,完整变量样本数小于 min_cross_section_n
FAC_rank_vol_m6_n12_pairwise1,2010-06-30,FAC_rank_vol_m6_n12_pairwise1,,18,skipped,完整变量样本数小于 min_cross_section_n
FAC_rank_vol_m6_n12_pairwise1,2010-06-30,CtrlRetSTR,,18,skipped,完整变量样本数小于 min_cross_section_n
FAC_rank_vol_m6_n12_pairwise1,2010-06-30,CtrlRetLTM,,18,skipped,完整变量样本数小于 min_cross_section_n
FAC_rank_vol_m6_n12_pairwise1,2010-06-30,CtrlVol,,18,skipped,完整变量样本数小于 min_cross_section_n
FAC_rank_vol_m6_n12_pairwise1,2010-06-30,as_偏股混合型基金,,18,skipped,完整变量样本数小于 min_cross_section_n
FAC_rank_vol_m6_n12_pairwise1,2010-06-30,Ctrl_log_fund_size,,18,skipped,完整变量样本数小于 min_cross_section_n
FAC_rank_vol_m6_n12_pairwise1,2010-06-30,Ctrl_fund_age,,18,skipped,完整变量样本数小于 min_cross_section_n
FAC_rank_vol_m6_n12_pairwise1,2010-07-30,FAC_rank_vol_m6_n12_pairwise1,,19,skipped,完整变量样本数小于 min_cross_section_n
FAC_rank_vol_m6_n12_pairwise1,2010-07-30,CtrlRetSTR,,19,skipped,完整变量样本数小于 min_cross_section_n
FAC_rank_vol_m6_n12_pairwise1,2010-07-30,CtrlRetLTM,,19,skipped,完整变量样本数小于 min_cross_section_n
FAC_rank_vol_m6_n12_pairwise1,2010-07-30,CtrlVol,,19,skipped,完整变量样本数小于 min_cross_section_n
FAC_rank_vol_m6_n12_pairwise1,2010-07-30,as_偏股混合型基金,,19,skipped,完整变量样本数小于 min_cross_section_n
FAC_rank_vol_m6_n12_pairwise1,2010-07-30,Ctrl_log_fund_size,,19,skipped,完整变量样本数小于 min_cross_section_n
FAC_rank_vol_m6_n12_pairwise1,2010-07-30,Ctrl_fund_age,,19,skipped,完整变量样本数小于 min_cross_section_n
FAC_rank_vol_m6_n12_pairwise1,2010-08-31,FAC_rank_vol_m6_n12_pairwise1,,18,skipped,完整变量样本数小于 min_cross_section_n
FAC_rank_vol_m6_n12_pairwise1,2010-08-31,CtrlRetSTR,,18,skipped,完整变量样本数小于 min_cross_section_n
FAC_rank_vol_m6_n12_pairwise1,2010-08-31,CtrlRetLTM,,18,skipped,完整变量样本数小于 min_cross_section_n
FAC_rank_vol_m6_n12_pairwise1,2010-08-31,CtrlVol,,18,skipped,完整变量样本数小于 min_cross_section_n
FAC_rank_vol_m6_n12_pairwise1,2010-08-31,as_偏股混合型基金,,18,skipped,完整变量样本数小于 min_cross_section_n
FAC_rank_vol_m6_n12_pairwise1,2010-08-31,Ctrl_log_fund_size,,18,skipped,完整变量样本数小于 min_cross_section_n
FAC_rank_vol_m6_n12_pairwise1,2010-08-31,Ctrl_fund_age,,18,skipped,完整变量样本数小于 min_cross_section_n
FAC_rank_vol_m6_n12_pairwise1,2010-09-30,FAC_rank_vol_m6_n12_pairwise1,,19,skipped,完整变量样本数小于 min_cross_section_n
FAC_rank_vol_m6_n12_pairwise1,2010-09-30,CtrlRetSTR,,19,skipped,完整变量样本数小于 min_cross_section_n
FAC_rank_vol_m6_n12_pairwise1,2010-09-30,CtrlRetLTM,,19,skipped,完整变量样本数小于 min_cross_section_n
FAC_rank_vol_m6_n12_pairwise1,2010-09-30,CtrlVol,,19,skipped,完整变量样本数小于 min_cross_section_n
FAC_rank_vol_m6_n12_pairwise1,2010-09-30,as_偏股混合型基金,,19,skipped,完整变量样本数小于 min_cross_section_n
FAC_rank_vol_m6_n12_pairwise1,2010-09-30,Ctrl_log_fund_size,,19,skipped,完整变量样本数小于 min_cross_section_n
FAC_rank_vol_m6_n12_pairwise1,2010-09-30,Ctrl_fund_age,,19,skipped,完整变量样本数小于 min_cross_section_n
FAC_rank_vol_m6_n12_pairwise1,2010-10-29,FAC_rank_vol_m6_n12_pairwise1,,17,skipped,完整变量样本数小于 min_cross_section_n
FAC_rank_vol_m6_n12_pairwise1,2010-10-29,CtrlRetSTR,,17,skipped,完整变量样本数小于 min_cross_section_n
FAC_rank_vol_m6_n12_pairwise1,2010-10-29,CtrlRetLTM,,17,skipped,完整变量样本数小于 min_cross_section_n
FAC_rank_vol_m6_n12_pairwise1,2010-10-29,CtrlVol,,17,skipped,完整变量样本数小于 min_cross_section_n
FAC_rank_vol_m6_n12_pairwise1,2010-10-29,as_偏股混合型基金,,17,skipped,完整变量样本数小于 min_cross_section_n
FAC_rank_vol_m6_n12_pairwise1,2010-10-29,Ctrl_log_fund_size,,17,skipped,完整变量样本数小于 min_cross_section_n
FAC_rank_vol_m6_n12_pairwise1,2010-10-29,Ctrl_fund_age,,17,skipped,完整变量样本数小于 min_cross_section_n
FAC_rank_vol_m6_n12_pairwise1,2010-11-30,FAC_rank_vol_m6_n12_pairwise1,,19,skipped,完整变量样本数小于 min_cross_section_n
FAC_rank_vol_m6_n12_pairwise1,2010-11-30,CtrlRetSTR,,19,skipped,完整变量样本数小于 min_cross_section_n
FAC_rank_vol_m6_n12_pairwise1,2010-11-30,CtrlRetLTM,,19,skipped,完整变量样本数小于 min_cross_section_n
FAC_rank_vol_m6_n12_pairwise1,2010-11-30,CtrlVol,,19,skipped,完整变量样本数小于 min_cross_section_n
FAC_rank_vol_m6_n12_pairwise1,2010-11-30,as_偏股混合型基金,,19,skipped,完整变量样本数小于 min_cross_section_n
FAC_rank_vol_m6_n12_pairwise1,2010-11-30,Ctrl_log_fund_size,,19,skipped,完整变量样本数小于 min_cross_section_n
FAC_rank_vol_m6_n12_pairwise1,2010-11-30,Ctrl_fund_age,,19,skipped,完整变量样本数小于 min_cross_section_n
FAC_rank_vol_m6_n12_pairwise1,2010-12-31,FAC_rank_vol_m6_n12_pairwise1,,19,skipped,完整变量样本数小于 min_cross_section_n
FAC_rank_vol_m6_n12_pairwise1,2010-12-31,CtrlRetSTR,,19,skipped,完整变量样本数小于 min_cross_section_n
FAC_rank_vol_m6_n12_pairwise1,2010-12-31,CtrlRetLTM,,19,skipped,完整变量样本数小于 min_cross_section_n
FAC_rank_vol_m6_n12_pairwise1,2010-12-31,CtrlVol,,19,skipped,完整变量样本数小于 min_cross_section_n
FAC_rank_vol_m6_n12_pairwise1,2010-12-31,as_偏股混合型基金,,19,skipped,完整变量样本数小于 min_cross_section_n
FAC_rank_vol_m6_n12_pairwise1,2010-12-31,Ctrl_log_fund_size,,19,skipped,完整变量样本数小于 min_cross_section_n
FAC_rank_vol_m6_n12_pairwise1,2010-12-31,Ctrl_fund_age,,19,skipped,完整变量样本数小于 min_cross_section_n
FAC_rank_vol_m6_n12_pairwise1,2011-01-31,FAC_rank_vol_m6_n12_pairwise1,,19,skipped,完整变量样本数小于 min_cross_section_n
FAC_rank_vol_m6_n12_pairwise1,2011-01-31,CtrlRetSTR,,19,skipped,完整变量样本数小于 min_cross_section_n
FAC_rank_vol_m6_n12_pairwise1,2011-01-31,CtrlRetLTM,,19,skipped,完整变量样本数小于 min_cross_section_n
FAC_rank_vol_m6_n12_pairwise1,2011-01-31,CtrlVol,,19,skipped,完整变量样本数小于 min_cross_section_n
FAC_rank_vol_m6_n12_pairwise1,2011-01-31,as_偏股混合型基金,,19,skipped,完整变量样本数小于 min_cross_section_n
FAC_rank_vol_m6_n12_pairwise1,2011-01-31,Ctrl_log_fund_size,,19,skipped,完整变量样本数小于 min_cross_section_n
FAC_rank_vol_m6_n12_pairwise1,2011-01-31,Ctrl_fund_age,,19,skipped,完整变量样本数小于 min_cross_section_n
FAC_rank_vol_m6_n12_pairwise1,2011-02-28,FAC_rank_vol_m6_n12_pairwise1,,19,skipped,完整变量样本数小于 min_cross_section_n
FAC_rank_vol_m6_n12_pairwise1,2011-02-28,CtrlRetSTR,,19,skipped,完整变量样本数小于 min_cross_section_n
FAC_rank_vol_m6_n12_pairwise1,2011-02-28,CtrlRetLTM,,19,skipped,完整变量样本数小于 min_cross_section_n
FAC_rank_vol_m6_n12_pairwise1,2011-02-28,CtrlVol,,19,skipped,完整变量样本数小于 min_cross_section_n
FAC_rank_vol_m6_n12_pairwise1,2011-02-28,as_偏股混合型基金,,19,skipped,完整变量样本数小于 min_cross_section_n
FAC_rank_vol_m6_n12_pairwise1,2011-02-28,Ctrl_log_fund_size,,19,skipped,完整变量样本数小于 min_cross_section_n
FAC_rank_vol_m6_n12_pairwise1,2011-02-28,Ctrl_fund_age,,19,skipped,完整变量样本数小于 min_cross_section_n
FAC_rank_vol_m6_n12_pairwise1,2011-03-31,FAC_rank_vol_m6_n12_pairwise1,,18,skipped,完整变量样本数小于 min_cross_section_n
FAC_rank_vol_m6_n12_pairwise1,2011-03-31,CtrlRetSTR,,18,skipped,完整变量样本数小于 min_cross_section_n
FAC_rank_vol_m6_n12_pairwise1,2011-03-31,CtrlRetLTM,,18,skipped,完整变量样本数小于 min_cross_section_n
FAC_rank_vol_m6_n12_pairwise1,2011-03-31,CtrlVol,,18,skipped,完整变量样本数小于 min_cross_section_n
FAC_rank_vol_m6_n12_pairwise1,2011-03-31,as_偏股混合型基金,,18,skipped,完整变量样本数小于 min_cross_section_n
FAC_rank_vol_m6_n12_pairwise1,2011-03-31,Ctrl_log_fund_size,,18,skipped,完整变量样本数小于 min_cross_section_n
FAC_rank_vol_m6_n12_pairwise1,2011-03-31,Ctrl_fund_age,,18,skipped,完整变量样本数小于 min_cross_section_n
FAC_rank_vol_m6_n12_pairwise1,2011-04-29,FAC_rank_vol_m6_n12_pairwise1,,17,skipped,完整变量样本数小于 min_cross_section_n
FAC_rank_vol_m6_n12_pairwise1,2011-04-29,CtrlRetSTR,,17,skipped,完整变量样本数小于 min_cross_section_n
FAC_rank_vol_m6_n12_pairwise1,2011-04-29,CtrlRetLTM,,17,skipped,完整变量样本数小于 min_cross_section_n
FAC_rank_vol_m6_n12_pairwise1,2011-04-29,CtrlVol,,17,skipped,完整变量样本数小于 min_cross_section_n
FAC_rank_vol_m6_n12_pairwise1,2011-04-29,as_偏股混合型基金,,17,skipped,完整变量样本数小于 min_cross_section_n
FAC_rank_vol_m6_n12_pairwise1,2011-04-29,Ctrl_log_fund_size,,17,skipped,完整变量样本数小于 min_cross_section_n
FAC_rank_vol_m6_n12_pairwise1,2011-04-29,Ctrl_fund_age,,17,skipped,完整变量样本数小于 min_cross_section_n
FAC_rank_vol_m6_n12_pairwise1,2011-05-31,FAC_rank_vol_m6_n12_pairwise1,,16,skipped,完整变量样本数小于 min_cross_section_n
FAC_rank_vol_m6_n12_pairwise1,2011-05-31,CtrlRetSTR,,16,skipped,完整变量样本数小于 min_cross_section_n
FAC_rank_vol_m6_n12_pairwise1,2011-05-31,CtrlRetLTM,,16,skipped,完整变量样本数小于 min_cross_section_n
FAC_rank_vol_m6_n12_pairwise1,2011-05-31,CtrlVol,,16,skipped,完整变量样本数小于 min_cross_section_n
FAC_rank_vol_m6_n12_pairwise1,2011-05-31,as_偏股混合型基金,,16,skipped,完整变量样本数小于 min_cross_section_n
FAC_rank_vol_m6_n12_pairwise1,2011-05-31,Ctrl_log_fund_size,,16,skipped,完整变量样本数小于 min_cross_section_n
FAC_rank_vol_m6_n12_pairwise1,2011-05-31,Ctrl_fund_age,,16,skipped,完整变量样本数小于 min_cross_section_n
FAC_rank_vol_m6_n12_pairwise1,2011-06-30,FAC_rank_vol_m6_n12_pairwise1,,18,skipped,完整变量样本数小于 min_cross_section_n
FAC_rank_vol_m6_n12_pairwise1,2011-06-30,CtrlRetSTR,,18,skipped,完整变量样本数小于 min_cross_section_n
FAC_rank_vol_m6_n12_pairwise1,2011-06-30,CtrlRetLTM,,18,skipped,完整变量样本数小于 min_cross_section_n
FAC_rank_vol_m6_n12_pairwise1,2011-06-30,CtrlVol,,18,skipped,完整变量样本数小于 min_cross_section_n
FAC_rank_vol_m6_n12_pairwise1,2011-06-30,as_偏股混合型基金,,18,skipped,完整变量样本数小于 min_cross_section_n
FAC_rank_vol_m6_n12_pairwise1,2011-06-30,Ctrl_log_fund_size,,18,skipped,完整变量样本数小于 min_cross_section_n
FAC_rank_vol_m6_n12_pairwise1,2011-06-30,Ctrl_fund_age,,18,skipped,完整变量样本数小于 min_cross_section_n
FAC_rank_vol_m6_n12_pairwise1,2011-07-29,FAC_rank_vol_m6_n12_pairwise1,,17,skipped,完整变量样本数小于 min_cross_section_n
FAC_rank_vol_m6_n12_pairwise1,2011-07-29,CtrlRetSTR,,17,skipped,完整变量样本数小于 min_cross_section_n
FAC_rank_vol_m6_n12_pairwise1,2011-07-29,CtrlRetLTM,,17,skipped,完整变量样本数小于 min_cross_section_n
FAC_rank_vol_m6_n12_pairwise1,2011-07-29,CtrlVol,,17,skipped,完整变量样本数小于 min_cross_section_n
FAC_rank_vol_m6_n12_pairwise1,2011-07-29,as_偏股混合型基金,,17,skipped,完整变量样本数小于 min_cross_section_n
FAC_rank_vol_m6_n12_pairwise1,2011-07-29,Ctrl_log_fund_size,,17,skipped,完整变量样本数小于 min_cross_section_n
FAC_rank_vol_m6_n12_pairwise1,2011-07-29,Ctrl_fund_age,,17,skipped,完整变量样本数小于 min_cross_section_n
FAC_rank_vol_m6_n12_pairwise1,2011-08-31,FAC_rank_vol_m6_n12_pairwise1,,17,skipped,完整变量样本数小于 min_cross_section_n
FAC_rank_vol_m6_n12_pairwise1,2011-08-31,CtrlRetSTR,,17,skipped,完整变量样本数小于 min_cross_section_n
FAC_rank_vol_m6_n12_pairwise1,2011-08-31,CtrlRetLTM,,17,skipped,完整变量样本数小于 min_cross_section_n
FAC_rank_vol_m6_n12_pairwise1,2011-08-31,CtrlVol,,17,skipped,完整变量样本数小于 min_cross_section_n
FAC_rank_vol_m6_n12_pairwise1,2011-08-31,as_偏股混合型基金,,17,skipped,完整变量样本数小于 min_cross_section_n
FAC_rank_vol_m6_n12_pairwise1,2011-08-31,Ctrl_log_fund_size,,17,skipped,完整变量样本数小于 min_cross_section_n
FAC_rank_vol_m6_n12_pairwise1,2011-08-31,Ctrl_fund_age,,17,skipped,完整变量样本数小于 min_cross_section_n
FAC_rank_vol_m6_n12_pairwise1,2011-09-30,FAC_rank_vol_m6_n12_pairwise1,,18,skipped,完整变量样本数小于 min_cross_section_n
FAC_rank_vol_m6_n12_pairwise1,2011-09-30,CtrlRetSTR,,18,skipped,完整变量样本数小于 min_cross_section_n
FAC_rank_vol_m6_n12_pairwise1,2011-09-30,CtrlRetLTM,,18,skipped,完整变量样本数小于 min_cross_section_n
FAC_rank_vol_m6_n12_pairwise1,2011-09-30,CtrlVol,,18,skipped,完整变量样本数小于 min_cross_section_n
FAC_rank_vol_m6_n12_pairwise1,2011-09-30,as_偏股混合型基金,,18,skipped,完整变量样本数小于 min_cross_section_n
FAC_rank_vol_m6_n12_pairwise1,2011-09-30,Ctrl_log_fund_size,,18,skipped,完整变量样本数小于 min_cross_section_n
FAC_rank_vol_m6_n12_pairwise1,2011-09-30,Ctrl_fund_age,,18,skipped,完整变量样本数小于 min_cross_section_n
FAC_rank_vol_m6_n12_pairwise1,2011-10-31,FAC_rank_vol_m6_n12_pairwise1,,19,skipped,完整变量样本数小于 min_cross_section_n
FAC_rank_vol_m6_n12_pairwise1,2011-10-31,CtrlRetSTR,,19,skipped,完整变量样本数小于 min_cross_section_n
FAC_rank_vol_m6_n12_pairwise1,2011-10-31,CtrlRetLTM,,19,skipped,完整变量样本数小于 min_cross_section_n
FAC_rank_vol_m6_n12_pairwise1,2011-10-31,CtrlVol,,19,skipped,完整变量样本数小于 min_cross_section_n
FAC_rank_vol_m6_n12_pairwise1,2011-10-31,as_偏股混合型基金,,19,skipped,完整变量样本数小于 min_cross_section_n
FAC_rank_vol_m6_n12_pairwise1,2011-10-31,Ctrl_log_fund_size,,19,skipped,完整变量样本数小于 min_cross_section_n
FAC_rank_vol_m6_n12_pairwise1,2011-10-31,Ctrl_fund_age,,19,skipped,完整变量样本数小于 min_cross_section_n
FAC_rank_vol_m6_n12_pairwise1,2011-11-30,FAC_rank_vol_m6_n12_pairwise1,,21,skipped,完整变量样本数小于 min_cross_section_n
FAC_rank_vol_m6_n12_pairwise1,2011-11-30,CtrlRetSTR,,21,skipped,完整变量样本数小于 min_cross_section_n
FAC_rank_vol_m6_n12_pairwise1,2011-11-30,CtrlRetLTM,,21,skipped,完整变量样本数小于 min_cross_section_n
FAC_rank_vol_m6_n12_pairwise1,2011-11-30,CtrlVol,,21,skipped,完整变量样本数小于 min_cross_section_n
FAC_rank_vol_m6_n12_pairwise1,2011-11-30,as_偏股混合型基金,,21,skipped,完整变量样本数小于 min_cross_section_n
FAC_rank_vol_m6_n12_pairwise1,2011-11-30,Ctrl_log_fund_size,,21,skipped,完整变量样本数小于 min_cross_section_n
FAC_rank_vol_m6_n12_pairwise1,2011-11-30,Ctrl_fund_age,,21,skipped,完整变量样本数小于 min_cross_section_n
FAC_rank_vol_m6_n12_pairwise1,2011-12-30,FAC_rank_vol_m6_n12_pairwise1,,21,skipped,完整变量样本数小于 min_cross_section_n
FAC_rank_vol_m6_n12_pairwise1,2011-12-30,CtrlRetSTR,,21,skipped,完整变量样本数小于 min_cross_section_n
FAC_rank_vol_m6_n12_pairwise1,2011-12-30,CtrlRetLTM,,21,skipped,完整变量样本数小于 min_cross_section_n
FAC_rank_vol_m6_n12_pairwise1,2011-12-30,CtrlVol,,21,skipped,完整变量样本数小于 min_cross_section_n
FAC_rank_vol_m6_n12_pairwise1,2011-12-30,as_偏股混合型基金,,21,skipped,完整变量样本数小于 min_cross_section_n
FAC_rank_vol_m6_n12_pairwise1,2011-12-30,Ctrl_log_fund_size,,21,skipped,完整变量样本数小于 min_cross_section_n
FAC_rank_vol_m6_n12_pairwise1,2011-12-30,Ctrl_fund_age,,21,skipped,完整变量样本数小于 min_cross_section_n
FAC_rank_vol_m6_n12_pairwise1,2012-01-31,FAC_rank_vol_m6_n12_pairwise1,,21,skipped,完整变量样本数小于 min_cross_section_n
FAC_rank_vol_m6_n12_pairwise1,2012-01-31,CtrlRetSTR,,21,skipped,完整变量样本数小于 min_cross_section_n
FAC_rank_vol_m6_n12_pairwise1,2012-01-31,CtrlRetLTM,,21,skipped,完整变量样本数小于 min_cross_section_n
FAC_rank_vol_m6_n12_pairwise1,2012-01-31,CtrlVol,,21,skipped,完整变量样本数小于 min_cross_section_n
FAC_rank_vol_m6_n12_pairwise1,2012-01-31,as_偏股混合型基金,,21,skipped,完整变量样本数小于 min_cross_section_n
FAC_rank_vol_m6_n12_pairwise1,2012-01-31,Ctrl_log_fund_size,,21,skipped,完整变量样本数小于 min_cross_section_n
FAC_rank_vol_m6_n12_pairwise1,2012-01-31,Ctrl_fund_age,,21,skipped,完整变量样本数小于 min_cross_section_n
FAC_rank_vol_m6_n12_pairwise1,2012-02-29,FAC_rank_vol_m6_n12_pairwise1,,22,skipped,完整变量样本数小于 min_cross_section_n
FAC_rank_vol_m6_n12_pairwise1,2012-02-29,CtrlRetSTR,,22,skipped,完整变量样本数小于 min_cross_section_n
FAC_rank_vol_m6_n12_pairwise1,2012-02-29,CtrlRetLTM,,22,skipped,完整变量样本数小于 min_cross_section_n
FAC_rank_vol_m6_n12_pairwise1,2012-02-29,CtrlVol,,22,skipped,完整变量样本数小于 min_cross_section_n
FAC_rank_vol_m6_n12_pairwise1,2012-02-29,as_偏股混合型基金,,22,skipped,完整变量样本数小于 min_cross_section_n
FAC_rank_vol_m6_n12_pairwise1,2012-02-29,Ctrl_log_fund_size,,22,skipped,完整变量样本数小于 min_cross_section_n
FAC_rank_vol_m6_n12_pairwise1,2012-02-29,Ctrl_fund_age,,22,skipped,完整变量样本数小于 min_cross_section_n
FAC_rank_vol_m6_n12_pairwise1,2012-03-30,FAC_rank_vol_m6_n12_pairwise1,,22,skipped,完整变量样本数小于 min_cross_section_n
FAC_rank_vol_m6_n12_pairwise1,2012-03-30,CtrlRetSTR,,22,skipped,完整变量样本数小于 min_cross_section_n
FAC_rank_vol_m6_n12_pairwise1,2012-03-30,CtrlRetLTM,,22,skipped,完整变量样本数小于 min_cross_section_n
FAC_rank_vol_m6_n12_pairwise1,2012-03-30,CtrlVol,,22,skipped,完整变量样本数小于 min_cross_section_n
FAC_rank_vol_m6_n12_pairwise1,2012-03-30,as_偏股混合型基金,,22,skipped,完整变量样本数小于 min_cross_section_n
FAC_rank_vol_m6_n12_pairwise1,2012-03-30,Ctrl_log_fund_size,,22,skipped,完整变量样本数小于 min_cross_section_n
FAC_rank_vol_m6_n12_pairwise1,2012-03-30,Ctrl_fund_age,,22,skipped,完整变量样本数小于 min_cross_section_n
FAC_rank_vol_m6_n12_pairwise1,2012-04-27,FAC_rank_vol_m6_n12_pairwise1,,22,skipped,完整变量样本数小于 min_cross_section_n
FAC_rank_vol_m6_n12_pairwise1,2012-04-27,CtrlRetSTR,,22,skipped,完整变量样本数小于 min_cross_section_n
FAC_rank_vol_m6_n12_pairwise1,2012-04-27,CtrlRetLTM,,22,skipped,完整变量样本数小于 min_cross_section_n
FAC_rank_vol_m6_n12_pairwise1,2012-04-27,CtrlVol,,22,skipped,完整变量样本数小于 min_cross_section_n
FAC_rank_vol_m6_n12_pairwise1,2012-04-27,as_偏股混合型基金,,22,skipped,完整变量样本数小于 min_cross_section_n
FAC_rank_vol_m6_n12_pairwise1,2012-04-27,Ctrl_log_fund_size,,22,skipped,完整变量样本数小于 min_cross_section_n
FAC_rank_vol_m6_n12_pairwise1,2012-04-27,Ctrl_fund_age,,22,skipped,完整变量样本数小于 min_cross_section_n
FAC_rank_vol_m6_n12_pairwise1,2012-05-31,FAC_rank_vol_m6_n12_pairwise1,,24,skipped,完整变量样本数小于 min_cross_section_n
FAC_rank_vol_m6_n12_pairwise1,2012-05-31,CtrlRetSTR,,24,skipped,完整变量样本数小于 min_cross_section_n
FAC_rank_vol_m6_n12_pairwise1,2012-05-31,CtrlRetLTM,,24,skipped,完整变量样本数小于 min_cross_section_n
FAC_rank_vol_m6_n12_pairwise1,2012-05-31,CtrlVol,,24,skipped,完整变量样本数小于 min_cross_section_n
FAC_rank_vol_m6_n12_pairwise1,2012-05-31,as_偏股混合型基金,,24,skipped,完整变量样本数小于 min_cross_section_n
FAC_rank_vol_m6_n12_pairwise1,2012-05-31,Ctrl_log_fund_size,,24,skipped,完整变量样本数小于 min_cross_section_n
FAC_rank_vol_m6_n12_pairwise1,2012-05-31,Ctrl_fund_age,,24,skipped,完整变量样本数小于 min_cross_section_n
FAC_rank_vol_m6_n12_pairwise1,2012-06-29,FAC_rank_vol_m6_n12_pairwise1,,24,skipped,完整变量样本数小于 min_cross_section_n
FAC_rank_vol_m6_n12_pairwise1,2012-06-29,CtrlRetSTR,,24,skipped,完整变量样本数小于 min_cross_section_n
FAC_rank_vol_m6_n12_pairwise1,2012-06-29,CtrlRetLTM,,24,skipped,完整变量样本数小于 min_cross_section_n
FAC_rank_vol_m6_n12_pairwise1,2012-06-29,CtrlVol,,24,skipped,完整变量样本数小于 min_cross_section_n
FAC_rank_vol_m6_n12_pairwise1,2012-06-29,as_偏股混合型基金,,24,skipped,完整变量样本数小于 min_cross_section_n
FAC_rank_vol_m6_n12_pairwise1,2012-06-29,Ctrl_log_fund_size,,24,skipped,完整变量样本数小于 min_cross_section_n
FAC_rank_vol_m6_n12_pairwise1,2012-06-29,Ctrl_fund_age,,24,skipped,完整变量样本数小于 min_cross_section_n
FAC_rank_vol_m6_n12_pairwise1,2012-07-31,FAC_rank_vol_m6_n12_pairwise1,,23,skipped,完整变量样本数小于 min_cross_section_n
FAC_rank_vol_m6_n12_pairwise1,2012-07-31,CtrlRetSTR,,23,skipped,完整变量样本数小于 min_cross_section_n
FAC_rank_vol_m6_n12_pairwise1,2012-07-31,CtrlRetLTM,,23,skipped,完整变量样本数小于 min_cross_section_n
FAC_rank_vol_m6_n12_pairwise1,2012-07-31,CtrlVol,,23,skipped,完整变量样本数小于 min_cross_section_n
FAC_rank_vol_m6_n12_pairwise1,2012-07-31,as_偏股混合型基金,,23,skipped,完整变量样本数小于 min_cross_section_n
FAC_rank_vol_m6_n12_pairwise1,2012-07-31,Ctrl_log_fund_size,,23,skipped,完整变量样本数小于 min_cross_section_n
FAC_rank_vol_m6_n12_pairwise1,2012-07-31,Ctrl_fund_age,,23,skipped,完整变量样本数小于 min_cross_section_n
FAC_rank_vol_m6_n12_pairwise1,2012-08-31,FAC_rank_vol_m6_n12_pairwise1,,23,skipped,完整变量样本数小于 min_cross_section_n
FAC_rank_vol_m6_n12_pairwise1,2012-08-31,CtrlRetSTR,,23,skipped,完整变量样本数小于 min_cross_section_n
FAC_rank_vol_m6_n12_pairwise1,2012-08-31,CtrlRetLTM,,23,skipped,完整变量样本数小于 min_cross_section_n
FAC_rank_vol_m6_n12_pairwise1,2012-08-31,CtrlVol,,23,skipped,完整变量样本数小于 min_cross_section_n
FAC_rank_vol_m6_n12_pairwise1,2012-08-31,as_偏股混合型基金,,23,skipped,完整变量样本数小于 min_cross_section_n
FAC_rank_vol_m6_n12_pairwise1,2012-08-31,Ctrl_log_fund_size,,23,skipped,完整变量样本数小于 min_cross_section_n
FAC_rank_vol_m6_n12_pairwise1,2012-08-31,Ctrl_fund_age,,23,skipped,完整变量样本数小于 min_cross_section_n
FAC_rank_vol_m6_n12_pairwise1,2012-09-28,FAC_rank_vol_m6_n12_pairwise1,,25,skipped,完整变量样本数小于 min_cross_section_n
FAC_rank_vol_m6_n12_pairwise1,2012-09-28,CtrlRetSTR,,25,skipped,完整变量样本数小于 min_cross_section_n
FAC_rank_vol_m6_n12_pairwise1,2012-09-28,CtrlRetLTM,,25,skipped,完整变量样本数小于 min_cross_section_n
FAC_rank_vol_m6_n12_pairwise1,2012-09-28,CtrlVol,,25,skipped,完整变量样本数小于 min_cross_section_n
FAC_rank_vol_m6_n12_pairwise1,2012-09-28,as_偏股混合型基金,,25,skipped,完整变量样本数小于 min_cross_section_n
FAC_rank_vol_m6_n12_pairwise1,2012-09-28,Ctrl_log_fund_size,,25,skipped,完整变量样本数小于 min_cross_section_n
FAC_rank_vol_m6_n12_pairwise1,2012-09-28,Ctrl_fund_age,,25,skipped,完整变量样本数小于 min_cross_section_n
FAC_rank_vol_m6_n12_pairwise1,2012-10-31,FAC_rank_vol_m6_n12_pairwise1,,28,skipped,完整变量样本数小于 min_cross_section_n
FAC_rank_vol_m6_n12_pairwise1,2012-10-31,CtrlRetSTR,,28,skipped,完整变量样本数小于 min_cross_section_n
FAC_rank_vol_m6_n12_pairwise1,2012-10-31,CtrlRetLTM,,28,skipped,完整变量样本数小于 min_cross_section_n
FAC_rank_vol_m6_n12_pairwise1,2012-10-31,CtrlVol,,28,skipped,完整变量样本数小于 min_cross_section_n
FAC_rank_vol_m6_n12_pairwise1,2012-10-31,as_偏股混合型基金,,28,skipped,完整变量样本数小于 min_cross_section_n
FAC_rank_vol_m6_n12_pairwise1,2012-10-31,Ctrl_log_fund_size,,28,skipped,完整变量样本数小于 min_cross_section_n
FAC_rank_vol_m6_n12_pairwise1,2012-10-31,Ctrl_fund_age,,28,skipped,完整变量样本数小于 min_cross_section_n
FAC_rank_vol_m6_n12_pairwise1,2012-11-30,FAC_rank_vol_m6_n12_pairwise1,,30,skipped,完整变量样本数小于 min_cross_section_n
FAC_rank_vol_m6_n12_pairwise1,2012-11-30,CtrlRetSTR,,30,skipped,完整变量样本数小于 min_cross_section_n
FAC_rank_vol_m6_n12_pairwise1,2012-11-30,CtrlRetLTM,,30,skipped,完整变量样本数小于 min_cross_section_n
FAC_rank_vol_m6_n12_pairwise1,2012-11-30,CtrlVol,,30,skipped,完整变量样本数小于 min_cross_section_n
FAC_rank_vol_m6_n12_pairwise1,2012-11-30,as_偏股混合型基金,,30,skipped,完整变量样本数小于 min_cross_section_n
FAC_rank_vol_m6_n12_pairwise1,2012-11-30,Ctrl_log_fund_size,,30,skipped,完整变量样本数小于 min_cross_section_n
FAC_rank_vol_m6_n12_pairwise1,2012-11-30,Ctrl_fund_age,,30,skipped,完整变量样本数小于 min_cross_section_n
FAC_rank_vol_m6_n12_pairwise1,2012-12-31,FAC_rank_vol_m6_n12_pairwise1,,31,skipped,完整变量样本数小于 min_cross_section_n
FAC_rank_vol_m6_n12_pairwise1,2012-12-31,CtrlRetSTR,,31,skipped,完整变量样本数小于 min_cross_section_n
FAC_rank_vol_m6_n12_pairwise1,2012-12-31,CtrlRetLTM,,31,skipped,完整变量样本数小于 min_cross_section_n
FAC_rank_vol_m6_n12_pairwise1,2012-12-31,CtrlVol,,31,skipped,完整变量样本数小于 min_cross_section_n
FAC_rank_vol_m6_n12_pairwise1,2012-12-31,as_偏股混合型基金,,31,skipped,完整变量样本数小于 min_cross_section_n
FAC_rank_vol_m6_n12_pairwise1,2012-12-31,Ctrl_log_fund_size,,31,skipped,完整变量样本数小于 min_cross_section_n
FAC_rank_vol_m6_n12_pairwise1,2012-12-31,Ctrl_fund_age,,31,skipped,完整变量样本数小于 min_cross_section_n
FAC_rank_vol_m6_n12_pairwise1,2013-01-31,FAC_rank_vol_m6_n12_pairwise1,,33,skipped,完整变量样本数小于 min_cross_section_n
FAC_rank_vol_m6_n12_pairwise1,2013-01-31,CtrlRetSTR,,33,skipped,完整变量样本数小于 min_cross_section_n
FAC_rank_vol_m6_n12_pairwise1,2013-01-31,CtrlRetLTM,,33,skipped,完整变量样本数小于 min_cross_section_n
FAC_rank_vol_m6_n12_pairwise1,2013-01-31,CtrlVol,,33,skipped,完整变量样本数小于 min_cross_section_n
FAC_rank_vol_m6_n12_pairwise1,2013-01-31,as_偏股混合型基金,,33,skipped,完整变量样本数小于 min_cross_section_n
FAC_rank_vol_m6_n12_pairwise1,2013-01-31,Ctrl_log_fund_size,,33,skipped,完整变量样本数小于 min_cross_section_n
FAC_rank_vol_m6_n12_pairwise1,2013-01-31,Ctrl_fund_age,,33,skipped,完整变量样本数小于 min_cross_section_n
FAC_rank_vol_m6_n12_pairwise1,2013-02-28,FAC_rank_vol_m6_n12_pairwise1,,34,skipped,完整变量样本数小于 min_cross_section_n
FAC_rank_vol_m6_n12_pairwise1,2013-02-28,CtrlRetSTR,,34,skipped,完整变量样本数小于 min_cross_section_n
FAC_rank_vol_m6_n12_pairwise1,2013-02-28,CtrlRetLTM,,34,skipped,完整变量样本数小于 min_cross_section_n
FAC_rank_vol_m6_n12_pairwise1,2013-02-28,CtrlVol,,34,skipped,完整变量样本数小于 min_cross_section_n
FAC_rank_vol_m6_n12_pairwise1,2013-02-28,as_偏股混合型基金,,34,skipped,完整变量样本数小于 min_cross_section_n
FAC_rank_vol_m6_n12_pairwise1,2013-02-28,Ctrl_log_fund_size,,34,skipped,完整变量样本数小于 min_cross_section_n
FAC_rank_vol_m6_n12_pairwise1,2013-02-28,Ctrl_fund_age,,34,skipped,完整变量样本数小于 min_cross_section_n
FAC_rank_vol_m6_n12_pairwise1,2013-03-29,FAC_rank_vol_m6_n12_pairwise1,,34,skipped,完整变量样本数小于 min_cross_section_n
FAC_rank_vol_m6_n12_pairwise1,2013-03-29,CtrlRetSTR,,34,skipped,完整变量样本数小于 min_cross_section_n
FAC_rank_vol_m6_n12_pairwise1,2013-03-29,CtrlRetLTM,,34,skipped,完整变量样本数小于 min_cross_section_n
FAC_rank_vol_m6_n12_pairwise1,2013-03-29,CtrlVol,,34,skipped,完整变量样本数小于 min_cross_section_n
FAC_rank_vol_m6_n12_pairwise1,2013-03-29,as_偏股混合型基金,,34,skipped,完整变量样本数小于 min_cross_section_n
FAC_rank_vol_m6_n12_pairwise1,2013-03-29,Ctrl_log_fund_size,,34,skipped,完整变量样本数小于 min_cross_section_n
FAC_rank_vol_m6_n12_pairwise1,2013-03-29,Ctrl_fund_age,,34,skipped,完整变量样本数小于 min_cross_section_n
FAC_rank_vol_m6_n12_pairwise1,2013-04-26,FAC_rank_vol_m6_n12_pairwise1,,36,skipped,完整变量样本数小于 min_cross_section_n
FAC_rank_vol_m6_n12_pairwise1,2013-04-26,CtrlRetSTR,,36,skipped,完整变量样本数小于 min_cross_section_n
FAC_rank_vol_m6_n12_pairwise1,2013-04-26,CtrlRetLTM,,36,skipped,完整变量样本数小于 min_cross_section_n
FAC_rank_vol_m6_n12_pairwise1,2013-04-26,CtrlVol,,36,skipped,完整变量样本数小于 min_cross_section_n
FAC_rank_vol_m6_n12_pairwise1,2013-04-26,as_偏股混合型基金,,36,skipped,完整变量样本数小于 min_cross_section_n
FAC_rank_vol_m6_n12_pairwise1,2013-04-26,Ctrl_log_fund_size,,36,skipped,完整变量样本数小于 min_cross_section_n
FAC_rank_vol_m6_n12_pairwise1,2013-04-26,Ctrl_fund_age,,36,skipped,完整变量样本数小于 min_cross_section_n
FAC_rank_vol_m6_n12_pairwise1,2013-05-31,FAC_rank_vol_m6_n12_pairwise1,,38,skipped,完整变量样本数小于 min_cross_section_n
FAC_rank_vol_m6_n12_pairwise1,2013-05-31,CtrlRetSTR,,38,skipped,完整变量样本数小于 min_cross_section_n
FAC_rank_vol_m6_n12_pairwise1,2013-05-31,CtrlRetLTM,,38,skipped,完整变量样本数小于 min_cross_section_n
FAC_rank_vol_m6_n12_pairwise1,2013-05-31,CtrlVol,,38,skipped,完整变量样本数小于 min_cross_section_n
FAC_rank_vol_m6_n12_pairwise1,2013-05-31,as_偏股混合型基金,,38,skipped,完整变量样本数小于 min_cross_section_n
FAC_rank_vol_m6_n12_pairwise1,2013-05-31,Ctrl_log_fund_size,,38,skipped,完整变量样本数小于 min_cross_section_n
FAC_rank_vol_m6_n12_pairwise1,2013-05-31,Ctrl_fund_age,,38,skipped,完整变量样本数小于 min_cross_section_n
FAC_rank_vol_m6_n12_pairwise1,2013-06-28,FAC_rank_vol_m6_n12_pairwise1,,40,skipped,完整变量样本数小于 min_cross_section_n
FAC_rank_vol_m6_n12_pairwise1,2013-06-28,CtrlRetSTR,,40,skipped,完整变量样本数小于 min_cross_section_n
FAC_rank_vol_m6_n12_pairwise1,2013-06-28,CtrlRetLTM,,40,skipped,完整变量样本数小于 min_cross_section_n
FAC_rank_vol_m6_n12_pairwise1,2013-06-28,CtrlVol,,40,skipped,完整变量样本数小于 min_cross_section_n
FAC_rank_vol_m6_n12_pairwise1,2013-06-28,as_偏股混合型基金,,40,skipped,完整变量样本数小于 min_cross_section_n
FAC_rank_vol_m6_n12_pairwise1,2013-06-28,Ctrl_log_fund_size,,40,skipped,完整变量样本数小于 min_cross_section_n
FAC_rank_vol_m6_n12_pairwise1,2013-06-28,Ctrl_fund_age,,40,skipped,完整变量样本数小于 min_cross_section_n
FAC_rank_vol_m6_n12_pairwise1,2013-07-31,FAC_rank_vol_m6_n12_pairwise1,,39,skipped,完整变量样本数小于 min_cross_section_n
FAC_rank_vol_m6_n12_pairwise1,2013-07-31,CtrlRetSTR,,39,skipped,完整变量样本数小于 min_cross_section_n
FAC_rank_vol_m6_n12_pairwise1,2013-07-31,CtrlRetLTM,,39,skipped,完整变量样本数小于 min_cross_section_n
FAC_rank_vol_m6_n12_pairwise1,2013-07-31,CtrlVol,,39,skipped,完整变量样本数小于 min_cross_section_n
FAC_rank_vol_m6_n12_pairwise1,2013-07-31,as_偏股混合型基金,,39,skipped,完整变量样本数小于 min_cross_section_n
FAC_rank_vol_m6_n12_pairwise1,2013-07-31,Ctrl_log_fund_size,,39,skipped,完整变量样本数小于 min_cross_section_n
FAC_rank_vol_m6_n12_pairwise1,2013-07-31,Ctrl_fund_age,,39,skipped,完整变量样本数小于 min_cross_section_n
FAC_rank_vol_m6_n12_pairwise1,2013-08-30,FAC_rank_vol_m6_n12_pairwise1,,41,skipped,完整变量样本数小于 min_cross_section_n
FAC_rank_vol_m6_n12_pairwise1,2013-08-30,CtrlRetSTR,,41,skipped,完整变量样本数小于 min_cross_section_n
FAC_rank_vol_m6_n12_pairwise1,2013-08-30,CtrlRetLTM,,41,skipped,完整变量样本数小于 min_cross_section_n
FAC_rank_vol_m6_n12_pairwise1,2013-08-30,CtrlVol,,41,skipped,完整变量样本数小于 min_cross_section_n
FAC_rank_vol_m6_n12_pairwise1,2013-08-30,as_偏股混合型基金,,41,skipped,完整变量样本数小于 min_cross_section_n
FAC_rank_vol_m6_n12_pairwise1,2013-08-30,Ctrl_log_fund_size,,41,skipped,完整变量样本数小于 min_cross_section_n
FAC_rank_vol_m6_n12_pairwise1,2013-08-30,Ctrl_fund_age,,41,skipped,完整变量样本数小于 min_cross_section_n
FAC_rank_vol_m6_n12_pairwise1,2013-09-30,FAC_rank_vol_m6_n12_pairwise1,,42,skipped,完整变量样本数小于 min_cross_section_n
FAC_rank_vol_m6_n12_pairwise1,2013-09-30,CtrlRetSTR,,42,skipped,完整变量样本数小于 min_cross_section_n
FAC_rank_vol_m6_n12_pairwise1,2013-09-30,CtrlRetLTM,,42,skipped,完整变量样本数小于 min_cross_section_n
FAC_rank_vol_m6_n12_pairwise1,2013-09-30,CtrlVol,,42,skipped,完整变量样本数小于 min_cross_section_n
FAC_rank_vol_m6_n12_pairwise1,2013-09-30,as_偏股混合型基金,,42,skipped,完整变量样本数小于 min_cross_section_n
FAC_rank_vol_m6_n12_pairwise1,2013-09-30,Ctrl_log_fund_size,,42,skipped,完整变量样本数小于 min_cross_section_n
FAC_rank_vol_m6_n12_pairwise1,2013-09-30,Ctrl_fund_age,,42,skipped,完整变量样本数小于 min_cross_section_n
FAC_rank_vol_m6_n12_pairwise1,2013-10-31,FAC_rank_vol_m6_n12_pairwise1,,44,skipped,完整变量样本数小于 min_cross_section_n
FAC_rank_vol_m6_n12_pairwise1,2013-10-31,CtrlRetSTR,,44,skipped,完整变量样本数小于 min_cross_section_n
FAC_rank_vol_m6_n12_pairwise1,2013-10-31,CtrlRetLTM,,44,skipped,完整变量样本数小于 min_cross_section_n
FAC_rank_vol_m6_n12_pairwise1,2013-10-31,CtrlVol,,44,skipped,完整变量样本数小于 min_cross_section_n
FAC_rank_vol_m6_n12_pairwise1,2013-10-31,as_偏股混合型基金,,44,skipped,完整变量样本数小于 min_cross_section_n
FAC_rank_vol_m6_n12_pairwise1,2013-10-31,Ctrl_log_fund_size,,44,skipped,完整变量样本数小于 min_cross_section_n
FAC_rank_vol_m6_n12_pairwise1,2013-10-31,Ctrl_fund_age,,44,skipped,完整变量样本数小于 min_cross_section_n
FAC_rank_vol_m6_n12_pairwise1,2013-11-29,FAC_rank_vol_m6_n12_pairwise1,,44,skipped,完整变量样本数小于 min_cross_section_n
FAC_rank_vol_m6_n12_pairwise1,2013-11-29,CtrlRetSTR,,44,skipped,完整变量样本数小于 min_cross_section_n
FAC_rank_vol_m6_n12_pairwise1,2013-11-29,CtrlRetLTM,,44,skipped,完整变量样本数小于 min_cross_section_n
FAC_rank_vol_m6_n12_pairwise1,2013-11-29,CtrlVol,,44,skipped,完整变量样本数小于 min_cross_section_n
FAC_rank_vol_m6_n12_pairwise1,2013-11-29,as_偏股混合型基金,,44,skipped,完整变量样本数小于 min_cross_section_n
FAC_rank_vol_m6_n12_pairwise1,2013-11-29,Ctrl_log_fund_size,,44,skipped,完整变量样本数小于 min_cross_section_n
FAC_rank_vol_m6_n12_pairwise1,2013-11-29,Ctrl_fund_age,,44,skipped,完整变量样本数小于 min_cross_section_n
FAC_rank_vol_m6_n12_pairwise1,2013-12-31,FAC_rank_vol_m6_n12_pairwise1,,45,skipped,完整变量样本数小于 min_cross_section_n
FAC_rank_vol_m6_n12_pairwise1,2013-12-31,CtrlRetSTR,,45,skipped,完整变量样本数小于 min_cross_section_n
FAC_rank_vol_m6_n12_pairwise1,2013-12-31,CtrlRetLTM,,45,skipped,完整变量样本数小于 min_cross_section_n
FAC_rank_vol_m6_n12_pairwise1,2013-12-31,CtrlVol,,45,skipped,完整变量样本数小于 min_cross_section_n
FAC_rank_vol_m6_n12_pairwise1,2013-12-31,as_偏股混合型基金,,45,skipped,完整变量样本数小于 min_cross_section_n
FAC_rank_vol_m6_n12_pairwise1,2013-12-31,Ctrl_log_fund_size,,45,skipped,完整变量样本数小于 min_cross_section_n
FAC_rank_vol_m6_n12_pairwise1,2013-12-31,Ctrl_fund_age,,45,skipped,完整变量样本数小于 min_cross_section_n
FAC_rank_vol_m6_n12_pairwise1,2014-01-30,FAC_rank_vol_m6_n12_pairwise1,,43,skipped,完整变量样本数小于 min_cross_section_n
FAC_rank_vol_m6_n12_pairwise1,2014-01-30,CtrlRetSTR,,43,skipped,完整变量样本数小于 min_cross_section_n
FAC_rank_vol_m6_n12_pairwise1,2014-01-30,CtrlRetLTM,,43,skipped,完整变量样本数小于 min_cross_section_n
FAC_rank_vol_m6_n12_pairwise1,2014-01-30,CtrlVol,,43,skipped,完整变量样本数小于 min_cross_section_n
FAC_rank_vol_m6_n12_pairwise1,2014-01-30,as_偏股混合型基金,,43,skipped,完整变量样本数小于 min_cross_section_n
FAC_rank_vol_m6_n12_pairwise1,2014-01-30,Ctrl_log_fund_size,,43,skipped,完整变量样本数小于 min_cross_section_n
FAC_rank_vol_m6_n12_pairwise1,2014-01-30,Ctrl_fund_age,,43,skipped,完整变量样本数小于 min_cross_section_n
FAC_rank_vol_m6_n12_pairwise1,2014-02-28,FAC_rank_vol_m6_n12_pairwise1,,44,skipped,完整变量样本数小于 min_cross_section_n
FAC_rank_vol_m6_n12_pairwise1,2014-02-28,CtrlRetSTR,,44,skipped,完整变量样本数小于 min_cross_section_n
FAC_rank_vol_m6_n12_pairwise1,2014-02-28,CtrlRetLTM,,44,skipped,完整变量样本数小于 min_cross_section_n
FAC_rank_vol_m6_n12_pairwise1,2014-02-28,CtrlVol,,44,skipped,完整变量样本数小于 min_cross_section_n
FAC_rank_vol_m6_n12_pairwise1,2014-02-28,as_偏股混合型基金,,44,skipped,完整变量样本数小于 min_cross_section_n
FAC_rank_vol_m6_n12_pairwise1,2014-02-28,Ctrl_log_fund_size,,44,skipped,完整变量样本数小于 min_cross_section_n
FAC_rank_vol_m6_n12_pairwise1,2014-02-28,Ctrl_fund_age,,44,skipped,完整变量样本数小于 min_cross_section_n
FAC_rank_vol_m6_n12_pairwise1,2014-03-31,FAC_rank_vol_m6_n12_pairwise1,,43,skipped,完整变量样本数小于 min_cross_section_n
FAC_rank_vol_m6_n12_pairwise1,2014-03-31,CtrlRetSTR,,43,skipped,完整变量样本数小于 min_cross_section_n
FAC_rank_vol_m6_n12_pairwise1,2014-03-31,CtrlRetLTM,,43,skipped,完整变量样本数小于 min_cross_section_n
FAC_rank_vol_m6_n12_pairwise1,2014-03-31,CtrlVol,,43,skipped,完整变量样本数小于 min_cross_section_n
FAC_rank_vol_m6_n12_pairwise1,2014-03-31,as_偏股混合型基金,,43,skipped,完整变量样本数小于 min_cross_section_n
FAC_rank_vol_m6_n12_pairwise1,2014-03-31,Ctrl_log_fund_size,,43,skipped,完整变量样本数小于 min_cross_section_n
FAC_rank_vol_m6_n12_pairwise1,2014-03-31,Ctrl_fund_age,,43,skipped,完整变量样本数小于 min_cross_section_n
FAC_rank_vol_m6_n12_pairwise1,2014-04-30,FAC_rank_vol_m6_n12_pairwise1,,45,skipped,完整变量样本数小于 min_cross_section_n
FAC_rank_vol_m6_n12_pairwise1,2014-04-30,CtrlRetSTR,,45,skipped,完整变量样本数小于 min_cross_section_n
FAC_rank_vol_m6_n12_pairwise1,2014-04-30,CtrlRetLTM,,45,skipped,完整变量样本数小于 min_cross_section_n
FAC_rank_vol_m6_n12_pairwise1,2014-04-30,CtrlVol,,45,skipped,完整变量样本数小于 min_cross_section_n
FAC_rank_vol_m6_n12_pairwise1,2014-04-30,as_偏股混合型基金,,45,skipped,完整变量样本数小于 min_cross_section_n
FAC_rank_vol_m6_n12_pairwise1,2014-04-30,Ctrl_log_fund_size,,45,skipped,完整变量样本数小于 min_cross_section_n
FAC_rank_vol_m6_n12_pairwise1,2014-04-30,Ctrl_fund_age,,45,skipped,完整变量样本数小于 min_cross_section_n
FAC_rank_vol_m6_n12_pairwise1,2014-05-30,FAC_rank_vol_m6_n12_pairwise1,,47,skipped,完整变量样本数小于 min_cross_section_n
FAC_rank_vol_m6_n12_pairwise1,2014-05-30,CtrlRetSTR,,47,skipped,完整变量样本数小于 min_cross_section_n
FAC_rank_vol_m6_n12_pairwise1,2014-05-30,CtrlRetLTM,,47,skipped,完整变量样本数小于 min_cross_section_n
FAC_rank_vol_m6_n12_pairwise1,2014-05-30,CtrlVol,,47,skipped,完整变量样本数小于 min_cross_section_n
FAC_rank_vol_m6_n12_pairwise1,2014-05-30,as_偏股混合型基金,,47,skipped,完整变量样本数小于 min_cross_section_n
FAC_rank_vol_m6_n12_pairwise1,2014-05-30,Ctrl_log_fund_size,,47,skipped,完整变量样本数小于 min_cross_section_n
FAC_rank_vol_m6_n12_pairwise1,2014-05-30,Ctrl_fund_age,,47,skipped,完整变量样本数小于 min_cross_section_n
FAC_rank_vol_m6_n12_pairwise1,2014-06-30,FAC_rank_vol_m6_n12_pairwise1,,46,skipped,完整变量样本数小于 min_cross_section_n
FAC_rank_vol_m6_n12_pairwise1,2014-06-30,CtrlRetSTR,,46,skipped,完整变量样本数小于 min_cross_section_n
FAC_rank_vol_m6_n12_pairwise1,2014-06-30,CtrlRetLTM,,46,skipped,完整变量样本数小于 min_cross_section_n
FAC_rank_vol_m6_n12_pairwise1,2014-06-30,CtrlVol,,46,skipped,完整变量样本数小于 min_cross_section_n
FAC_rank_vol_m6_n12_pairwise1,2014-06-30,as_偏股混合型基金,,46,skipped,完整变量样本数小于 min_cross_section_n
FAC_rank_vol_m6_n12_pairwise1,2014-06-30,Ctrl_log_fund_size,,46,skipped,完整变量样本数小于 min_cross_section_n
FAC_rank_vol_m6_n12_pairwise1,2014-06-30,Ctrl_fund_age,,46,skipped,完整变量样本数小于 min_cross_section_n
FAC_rank_vol_m6_n12_pairwise1,2014-07-31,FAC_rank_vol_m6_n12_pairwise1,,46,skipped,完整变量样本数小于 min_cross_section_n
FAC_rank_vol_m6_n12_pairwise1,2014-07-31,CtrlRetSTR,,46,skipped,完整变量样本数小于 min_cross_section_n
FAC_rank_vol_m6_n12_pairwise1,2014-07-31,CtrlRetLTM,,46,skipped,完整变量样本数小于 min_cross_section_n
FAC_rank_vol_m6_n12_pairwise1,2014-07-31,CtrlVol,,46,skipped,完整变量样本数小于 min_cross_section_n
FAC_rank_vol_m6_n12_pairwise1,2014-07-31,as_偏股混合型基金,,46,skipped,完整变量样本数小于 min_cross_section_n
FAC_rank_vol_m6_n12_pairwise1,2014-07-31,Ctrl_log_fund_size,,46,skipped,完整变量样本数小于 min_cross_section_n
FAC_rank_vol_m6_n12_pairwise1,2014-07-31,Ctrl_fund_age,,46,skipped,完整变量样本数小于 min_cross_section_n
FAC_rank_vol_m6_n12_pairwise1,2014-08-29,FAC_rank_vol_m6_n12_pairwise1,,46,skipped,完整变量样本数小于 min_cross_section_n
FAC_rank_vol_m6_n12_pairwise1,2014-08-29,CtrlRetSTR,,46,skipped,完整变量样本数小于 min_cross_section_n
FAC_rank_vol_m6_n12_pairwise1,2014-08-29,CtrlRetLTM,,46,skipped,完整变量样本数小于 min_cross_section_n
FAC_rank_vol_m6_n12_pairwise1,2014-08-29,CtrlVol,,46,skipped,完整变量样本数小于 min_cross_section_n
FAC_rank_vol_m6_n12_pairwise1,2014-08-29,as_偏股混合型基金,,46,skipped,完整变量样本数小于 min_cross_section_n
FAC_rank_vol_m6_n12_pairwise1,2014-08-29,Ctrl_log_fund_size,,46,skipped,完整变量样本数小于 min_cross_section_n
FAC_rank_vol_m6_n12_pairwise1,2014-08-29,Ctrl_fund_age,,46,skipped,完整变量样本数小于 min_cross_section_n
FAC_rank_vol_m6_n12_pairwise1,2014-09-30,FAC_rank_vol_m6_n12_pairwise1,,46,skipped,完整变量样本数小于 min_cross_section_n
FAC_rank_vol_m6_n12_pairwise1,2014-09-30,CtrlRetSTR,,46,skipped,完整变量样本数小于 min_cross_section_n
FAC_rank_vol_m6_n12_pairwise1,2014-09-30,CtrlRetLTM,,46,skipped,完整变量样本数小于 min_cross_section_n
FAC_rank_vol_m6_n12_pairwise1,2014-09-30,CtrlVol,,46,skipped,完整变量样本数小于 min_cross_section_n
FAC_rank_vol_m6_n12_pairwise1,2014-09-30,as_偏股混合型基金,,46,skipped,完整变量样本数小于 min_cross_section_n
FAC_rank_vol_m6_n12_pairwise1,2014-09-30,Ctrl_log_fund_size,,46,skipped,完整变量样本数小于 min_cross_section_n
FAC_rank_vol_m6_n12_pairwise1,2014-09-30,Ctrl_fund_age,,46,skipped,完整变量样本数小于 min_cross_section_n
FAC_rank_vol_m6_n12_pairwise1,2014-10-31,FAC_rank_vol_m6_n12_pairwise1,,44,skipped,完整变量样本数小于 min_cross_section_n
FAC_rank_vol_m6_n12_pairwise1,2014-10-31,CtrlRetSTR,,44,skipped,完整变量样本数小于 min_cross_section_n
FAC_rank_vol_m6_n12_pairwise1,2014-10-31,CtrlRetLTM,,44,skipped,完整变量样本数小于 min_cross_section_n
FAC_rank_vol_m6_n12_pairwise1,2014-10-31,CtrlVol,,44,skipped,完整变量样本数小于 min_cross_section_n
FAC_rank_vol_m6_n12_pairwise1,2014-10-31,as_偏股混合型基金,,44,skipped,完整变量样本数小于 min_cross_section_n
FAC_rank_vol_m6_n12_pairwise1,2014-10-31,Ctrl_log_fund_size,,44,skipped,完整变量样本数小于 min_cross_section_n
FAC_rank_vol_m6_n12_pairwise1,2014-10-31,Ctrl_fund_age,,44,skipped,完整变量样本数小于 min_cross_section_n
FAC_rank_vol_m6_n12_pairwise1,2014-11-28,FAC_rank_vol_m6_n12_pairwise1,,44,skipped,完整变量样本数小于 min_cross_section_n
FAC_rank_vol_m6_n12_pairwise1,2014-11-28,CtrlRetSTR,,44,skipped,完整变量样本数小于 min_cross_section_n
FAC_rank_vol_m6_n12_pairwise1,2014-11-28,CtrlRetLTM,,44,skipped,完整变量样本数小于 min_cross_section_n
FAC_rank_vol_m6_n12_pairwise1,2014-11-28,CtrlVol,,44,skipped,完整变量样本数小于 min_cross_section_n
FAC_rank_vol_m6_n12_pairwise1,2014-11-28,as_偏股混合型基金,,44,skipped,完整变量样本数小于 min_cross_section_n
FAC_rank_vol_m6_n12_pairwise1,2014-11-28,Ctrl_log_fund_size,,44,skipped,完整变量样本数小于 min_cross_section_n
FAC_rank_vol_m6_n12_pairwise1,2014-11-28,Ctrl_fund_age,,44,skipped,完整变量样本数小于 min_cross_section_n
FAC_rank_vol_m6_n12_pairwise1,2014-12-31,FAC_rank_vol_m6_n12_pairwise1,,40,skipped,完整变量样本数小于 min_cross_section_n
FAC_rank_vol_m6_n12_pairwise1,2014-12-31,CtrlRetSTR,,40,skipped,完整变量样本数小于 min_cross_section_n
FAC_rank_vol_m6_n12_pairwise1,2014-12-31,CtrlRetLTM,,40,skipped,完整变量样本数小于 min_cross_section_n
FAC_rank_vol_m6_n12_pairwise1,2014-12-31,CtrlVol,,40,skipped,完整变量样本数小于 min_cross_section_n
FAC_rank_vol_m6_n12_pairwise1,2014-12-31,as_偏股混合型基金,,40,skipped,完整变量样本数小于 min_cross_section_n
FAC_rank_vol_m6_n12_pairwise1,2014-12-31,Ctrl_log_fund_size,,40,skipped,完整变量样本数小于 min_cross_section_n
FAC_rank_vol_m6_n12_pairwise1,2014-12-31,Ctrl_fund_age,,40,skipped,完整变量样本数小于 min_cross_section_n
FAC_rank_vol_m6_n12_pairwise1,2015-01-30,FAC_rank_vol_m6_n12_pairwise1,,37,skipped,完整变量样本数小于 min_cross_section_n
FAC_rank_vol_m6_n12_pairwise1,2015-01-30,CtrlRetSTR,,37,skipped,完整变量样本数小于 min_cross_section_n
FAC_rank_vol_m6_n12_pairwise1,2015-01-30,CtrlRetLTM,,37,skipped,完整变量样本数小于 min_cross_section_n
FAC_rank_vol_m6_n12_pairwise1,2015-01-30,CtrlVol,,37,skipped,完整变量样本数小于 min_cross_section_n
FAC_rank_vol_m6_n12_pairwise1,2015-01-30,as_偏股混合型基金,,37,skipped,完整变量样本数小于 min_cross_section_n
FAC_rank_vol_m6_n12_pairwise1,2015-01-30,Ctrl_log_fund_size,,37,skipped,完整变量样本数小于 min_cross_section_n
FAC_rank_vol_m6_n12_pairwise1,2015-01-30,Ctrl_fund_age,,37,skipped,完整变量样本数小于 min_cross_section_n
FAC_rank_vol_m6_n12_pairwise1,2015-02-27,FAC_rank_vol_m6_n12_pairwise1,,37,skipped,完整变量样本数小于 min_cross_section_n
FAC_rank_vol_m6_n12_pairwise1,2015-02-27,CtrlRetSTR,,37,skipped,完整变量样本数小于 min_cross_section_n
FAC_rank_vol_m6_n12_pairwise1,2015-02-27,CtrlRetLTM,,37,skipped,完整变量样本数小于 min_cross_section_n
FAC_rank_vol_m6_n12_pairwise1,2015-02-27,CtrlVol,,37,skipped,完整变量样本数小于 min_cross_section_n
FAC_rank_vol_m6_n12_pairwise1,2015-02-27,as_偏股混合型基金,,37,skipped,完整变量样本数小于 min_cross_section_n
FAC_rank_vol_m6_n12_pairwise1,2015-02-27,Ctrl_log_fund_size,,37,skipped,完整变量样本数小于 min_cross_section_n
FAC_rank_vol_m6_n12_pairwise1,2015-02-27,Ctrl_fund_age,,37,skipped,完整变量样本数小于 min_cross_section_n
FAC_rank_vol_m6_n12_pairwise1,2015-03-31,FAC_rank_vol_m6_n12_pairwise1,,35,skipped,完整变量样本数小于 min_cross_section_n
FAC_rank_vol_m6_n12_pairwise1,2015-03-31,CtrlRetSTR,,35,skipped,完整变量样本数小于 min_cross_section_n
FAC_rank_vol_m6_n12_pairwise1,2015-03-31,CtrlRetLTM,,35,skipped,完整变量样本数小于 min_cross_section_n
FAC_rank_vol_m6_n12_pairwise1,2015-03-31,CtrlVol,,35,skipped,完整变量样本数小于 min_cross_section_n
FAC_rank_vol_m6_n12_pairwise1,2015-03-31,as_偏股混合型基金,,35,skipped,完整变量样本数小于 min_cross_section_n
FAC_rank_vol_m6_n12_pairwise1,2015-03-31,Ctrl_log_fund_size,,35,skipped,完整变量样本数小于 min_cross_section_n
FAC_rank_vol_m6_n12_pairwise1,2015-03-31,Ctrl_fund_age,,35,skipped,完整变量样本数小于 min_cross_section_n
FAC_rank_vol_m6_n12_pairwise1,2015-04-30,FAC_rank_vol_m6_n12_pairwise1,,32,skipped,完整变量样本数小于 min_cross_section_n
FAC_rank_vol_m6_n12_pairwise1,2015-04-30,CtrlRetSTR,,32,skipped,完整变量样本数小于 min_cross_section_n
FAC_rank_vol_m6_n12_pairwise1,2015-04-30,CtrlRetLTM,,32,skipped,完整变量样本数小于 min_cross_section_n
FAC_rank_vol_m6_n12_pairwise1,2015-04-30,CtrlVol,,32,skipped,完整变量样本数小于 min_cross_section_n
FAC_rank_vol_m6_n12_pairwise1,2015-04-30,as_偏股混合型基金,,32,skipped,完整变量样本数小于 min_cross_section_n
FAC_rank_vol_m6_n12_pairwise1,2015-04-30,Ctrl_log_fund_size,,32,skipped,完整变量样本数小于 min_cross_section_n
FAC_rank_vol_m6_n12_pairwise1,2015-04-30,Ctrl_fund_age,,32,skipped,完整变量样本数小于 min_cross_section_n
FAC_rank_vol_m6_n12_pairwise1,2015-05-29,FAC_rank_vol_m6_n12_pairwise1,,29,skipped,完整变量样本数小于 min_cross_section_n
FAC_rank_vol_m6_n12_pairwise1,2015-05-29,CtrlRetSTR,,29,skipped,完整变量样本数小于 min_cross_section_n
FAC_rank_vol_m6_n12_pairwise1,2015-05-29,CtrlRetLTM,,29,skipped,完整变量样本数小于 min_cross_section_n
FAC_rank_vol_m6_n12_pairwise1,2015-05-29,CtrlVol,,29,skipped,完整变量样本数小于 min_cross_section_n
FAC_rank_vol_m6_n12_pairwise1,2015-05-29,as_偏股混合型基金,,29,skipped,完整变量样本数小于 min_cross_section_n
FAC_rank_vol_m6_n12_pairwise1,2015-05-29,Ctrl_log_fund_size,,29,skipped,完整变量样本数小于 min_cross_section_n
FAC_rank_vol_m6_n12_pairwise1,2015-05-29,Ctrl_fund_age,,29,skipped,完整变量样本数小于 min_cross_section_n
FAC_rank_vol_m6_n12_pairwise1,2015-06-30,FAC_rank_vol_m6_n12_pairwise1,,24,skipped,完整变量样本数小于 min_cross_section_n
FAC_rank_vol_m6_n12_pairwise1,2015-06-30,CtrlRetSTR,,24,skipped,完整变量样本数小于 min_cross_section_n
FAC_rank_vol_m6_n12_pairwise1,2015-06-30,CtrlRetLTM,,24,skipped,完整变量样本数小于 min_cross_section_n
FAC_rank_vol_m6_n12_pairwise1,2015-06-30,CtrlVol,,24,skipped,完整变量样本数小于 min_cross_section_n
FAC_rank_vol_m6_n12_pairwise1,2015-06-30,as_偏股混合型基金,,24,skipped,完整变量样本数小于 min_cross_section_n
FAC_rank_vol_m6_n12_pairwise1,2015-06-30,Ctrl_log_fund_size,,24,skipped,完整变量样本数小于 min_cross_section_n
FAC_rank_vol_m6_n12_pairwise1,2015-06-30,Ctrl_fund_age,,24,skipped,完整变量样本数小于 min_cross_section_n
FAC_rank_vol_m6_n12_pairwise1,2015-07-31,FAC_rank_vol_m6_n12_pairwise1,,24,skipped,完整变量样本数小于 min_cross_section_n
FAC_rank_vol_m6_n12_pairwise1,2015-07-31,CtrlRetSTR,,24,skipped,完整变量样本数小于 min_cross_section_n
FAC_rank_vol_m6_n12_pairwise1,2015-07-31,CtrlRetLTM,,24,skipped,完整变量样本数小于 min_cross_section_n
FAC_rank_vol_m6_n12_pairwise1,2015-07-31,CtrlVol,,24,skipped,完整变量样本数小于 min_cross_section_n
FAC_rank_vol_m6_n12_pairwise1,2015-07-31,as_偏股混合型基金,,24,skipped,完整变量样本数小于 min_cross_section_n
FAC_rank_vol_m6_n12_pairwise1,2015-07-31,Ctrl_log_fund_size,,24,skipped,完整变量样本数小于 min_cross_section_n
FAC_rank_vol_m6_n12_pairwise1,2015-07-31,Ctrl_fund_age,,24,skipped,完整变量样本数小于 min_cross_section_n
FAC_rank_vol_m6_n12_pairwise1,2015-08-31,FAC_rank_vol_m6_n12_pairwise1,,25,skipped,完整变量样本数小于 min_cross_section_n
FAC_rank_vol_m6_n12_pairwise1,2015-08-31,CtrlRetSTR,,25,skipped,完整变量样本数小于 min_cross_section_n
FAC_rank_vol_m6_n12_pairwise1,2015-08-31,CtrlRetLTM,,25,skipped,完整变量样本数小于 min_cross_section_n
FAC_rank_vol_m6_n12_pairwise1,2015-08-31,CtrlVol,,25,skipped,完整变量样本数小于 min_cross_section_n
FAC_rank_vol_m6_n12_pairwise1,2015-08-31,as_偏股混合型基金,,25,skipped,完整变量样本数小于 min_cross_section_n
FAC_rank_vol_m6_n12_pairwise1,2015-08-31,Ctrl_log_fund_size,,25,skipped,完整变量样本数小于 min_cross_section_n
FAC_rank_vol_m6_n12_pairwise1,2015-08-31,Ctrl_fund_age,,25,skipped,完整变量样本数小于 min_cross_section_n
FAC_rank_vol_m6_n12_pairwise1,2015-09-30,FAC_rank_vol_m6_n12_pairwise1,,23,skipped,完整变量样本数小于 min_cross_section_n
FAC_rank_vol_m6_n12_pairwise1,2015-09-30,CtrlRetSTR,,23,skipped,完整变量样本数小于 min_cross_section_n
FAC_rank_vol_m6_n12_pairwise1,2015-09-30,CtrlRetLTM,,23,skipped,完整变量样本数小于 min_cross_section_n
FAC_rank_vol_m6_n12_pairwise1,2015-09-30,CtrlVol,,23,skipped,完整变量样本数小于 min_cross_section_n
FAC_rank_vol_m6_n12_pairwise1,2015-09-30,as_偏股混合型基金,,23,skipped,完整变量样本数小于 min_cross_section_n
FAC_rank_vol_m6_n12_pairwise1,2015-09-30,Ctrl_log_fund_size,,23,skipped,完整变量样本数小于 min_cross_section_n
FAC_rank_vol_m6_n12_pairwise1,2015-09-30,Ctrl_fund_age,,23,skipped,完整变量样本数小于 min_cross_section_n
FAC_rank_vol_m6_n12_pairwise1,2015-10-30,FAC_rank_vol_m6_n12_pairwise1,,24,skipped,完整变量样本数小于 min_cross_section_n
FAC_rank_vol_m6_n12_pairwise1,2015-10-30,CtrlRetSTR,,24,skipped,完整变量样本数小于 min_cross_section_n
FAC_rank_vol_m6_n12_pairwise1,2015-10-30,CtrlRetLTM,,24,skipped,完整变量样本数小于 min_cross_section_n
FAC_rank_vol_m6_n12_pairwise1,2015-10-30,CtrlVol,,24,skipped,完整变量样本数小于 min_cross_section_n
FAC_rank_vol_m6_n12_pairwise1,2015-10-30,as_偏股混合型基金,,24,skipped,完整变量样本数小于 min_cross_section_n
FAC_rank_vol_m6_n12_pairwise1,2015-10-30,Ctrl_log_fund_size,,24,skipped,完整变量样本数小于 min_cross_section_n
FAC_rank_vol_m6_n12_pairwise1,2015-10-30,Ctrl_fund_age,,24,skipped,完整变量样本数小于 min_cross_section_n
FAC_rank_vol_m6_n12_pairwise1,2015-11-30,FAC_rank_vol_m6_n12_pairwise1,,25,skipped,完整变量样本数小于 min_cross_section_n
FAC_rank_vol_m6_n12_pairwise1,2015-11-30,CtrlRetSTR,,25,skipped,完整变量样本数小于 min_cross_section_n
FAC_rank_vol_m6_n12_pairwise1,2015-11-30,CtrlRetLTM,,25,skipped,完整变量样本数小于 min_cross_section_n
FAC_rank_vol_m6_n12_pairwise1,2015-11-30,CtrlVol,,25,skipped,完整变量样本数小于 min_cross_section_n
FAC_rank_vol_m6_n12_pairwise1,2015-11-30,as_偏股混合型基金,,25,skipped,完整变量样本数小于 min_cross_section_n
FAC_rank_vol_m6_n12_pairwise1,2015-11-30,Ctrl_log_fund_size,,25,skipped,完整变量样本数小于 min_cross_section_n
FAC_rank_vol_m6_n12_pairwise1,2015-11-30,Ctrl_fund_age,,25,skipped,完整变量样本数小于 min_cross_section_n
FAC_rank_vol_m6_n12_pairwise1,2015-12-31,FAC_rank_vol_m6_n12_pairwise1,,25,skipped,完整变量样本数小于 min_cross_section_n
FAC_rank_vol_m6_n12_pairwise1,2015-12-31,CtrlRetSTR,,25,skipped,完整变量样本数小于 min_cross_section_n
FAC_rank_vol_m6_n12_pairwise1,2015-12-31,CtrlRetLTM,,25,skipped,完整变量样本数小于 min_cross_section_n
FAC_rank_vol_m6_n12_pairwise1,2015-12-31,CtrlVol,,25,skipped,完整变量样本数小于 min_cross_section_n
FAC_rank_vol_m6_n12_pairwise1,2015-12-31,as_偏股混合型基金,,25,skipped,完整变量样本数小于 min_cross_section_n
FAC_rank_vol_m6_n12_pairwise1,2015-12-31,Ctrl_log_fund_size,,25,skipped,完整变量样本数小于 min_cross_section_n
FAC_rank_vol_m6_n12_pairwise1,2015-12-31,Ctrl_fund_age,,25,skipped,完整变量样本数小于 min_cross_section_n
FAC_rank_vol_m6_n12_pairwise1,2016-01-29,FAC_rank_vol_m6_n12_pairwise1,,28,skipped,完整变量样本数小于 min_cross_section_n
FAC_rank_vol_m6_n12_pairwise1,2016-01-29,CtrlRetSTR,,28,skipped,完整变量样本数小于 min_cross_section_n
FAC_rank_vol_m6_n12_pairwise1,2016-01-29,CtrlRetLTM,,28,skipped,完整变量样本数小于 min_cross_section_n
FAC_rank_vol_m6_n12_pairwise1,2016-01-29,CtrlVol,,28,skipped,完整变量样本数小于 min_cross_section_n
FAC_rank_vol_m6_n12_pairwise1,2016-01-29,as_偏股混合型基金,,28,skipped,完整变量样本数小于 min_cross_section_n
FAC_rank_vol_m6_n12_pairwise1,2016-01-29,Ctrl_log_fund_size,,28,skipped,完整变量样本数小于 min_cross_section_n
FAC_rank_vol_m6_n12_pairwise1,2016-01-29,Ctrl_fund_age,,28,skipped,完整变量样本数小于 min_cross_section_n
FAC_rank_vol_m6_n12_pairwise1,2016-02-29,FAC_rank_vol_m6_n12_pairwise1,,30,skipped,完整变量样本数小于 min_cross_section_n
FAC_rank_vol_m6_n12_pairwise1,2016-02-29,CtrlRetSTR,,30,skipped,完整变量样本数小于 min_cross_section_n
FAC_rank_vol_m6_n12_pairwise1,2016-02-29,CtrlRetLTM,,30,skipped,完整变量样本数小于 min_cross_section_n
FAC_rank_vol_m6_n12_pairwise1,2016-02-29,CtrlVol,,30,skipped,完整变量样本数小于 min_cross_section_n
FAC_rank_vol_m6_n12_pairwise1,2016-02-29,as_偏股混合型基金,,30,skipped,完整变量样本数小于 min_cross_section_n
FAC_rank_vol_m6_n12_pairwise1,2016-02-29,Ctrl_log_fund_size,,30,skipped,完整变量样本数小于 min_cross_section_n
FAC_rank_vol_m6_n12_pairwise1,2016-02-29,Ctrl_fund_age,,30,skipped,完整变量样本数小于 min_cross_section_n
FAC_rank_vol_m6_n12_pairwise1,2016-03-31,FAC_rank_vol_m6_n12_pairwise1,,30,skipped,完整变量样本数小于 min_cross_section_n
FAC_rank_vol_m6_n12_pairwise1,2016-03-31,CtrlRetSTR,,30,skipped,完整变量样本数小于 min_cross_section_n
FAC_rank_vol_m6_n12_pairwise1,2016-03-31,CtrlRetLTM,,30,skipped,完整变量样本数小于 min_cross_section_n
FAC_rank_vol_m6_n12_pairwise1,2016-03-31,CtrlVol,,30,skipped,完整变量样本数小于 min_cross_section_n
FAC_rank_vol_m6_n12_pairwise1,2016-03-31,as_偏股混合型基金,,30,skipped,完整变量样本数小于 min_cross_section_n
FAC_rank_vol_m6_n12_pairwise1,2016-03-31,Ctrl_log_fund_size,,30,skipped,完整变量样本数小于 min_cross_section_n
FAC_rank_vol_m6_n12_pairwise1,2016-03-31,Ctrl_fund_age,,30,skipped,完整变量样本数小于 min_cross_section_n
FAC_rank_vol_m6_n12_pairwise1,2016-04-29,FAC_rank_vol_m6_n12_pairwise1,,29,skipped,完整变量样本数小于 min_cross_section_n
FAC_rank_vol_m6_n12_pairwise1,2016-04-29,CtrlRetSTR,,29,skipped,完整变量样本数小于 min_cross_section_n
FAC_rank_vol_m6_n12_pairwise1,2016-04-29,CtrlRetLTM,,29,skipped,完整变量样本数小于 min_cross_section_n
FAC_rank_vol_m6_n12_pairwise1,2016-04-29,CtrlVol,,29,skipped,完整变量样本数小于 min_cross_section_n
FAC_rank_vol_m6_n12_pairwise1,2016-04-29,as_偏股混合型基金,,29,skipped,完整变量样本数小于 min_cross_section_n
FAC_rank_vol_m6_n12_pairwise1,2016-04-29,Ctrl_log_fund_size,,29,skipped,完整变量样本数小于 min_cross_section_n
FAC_rank_vol_m6_n12_pairwise1,2016-04-29,Ctrl_fund_age,,29,skipped,完整变量样本数小于 min_cross_section_n
FAC_rank_vol_m6_n12_pairwise1,2016-05-31,FAC_rank_vol_m6_n12_pairwise1,,30,skipped,完整变量样本数小于 min_cross_section_n
FAC_rank_vol_m6_n12_pairwise1,2016-05-31,CtrlRetSTR,,30,skipped,完整变量样本数小于 min_cross_section_n
FAC_rank_vol_m6_n12_pairwise1,2016-05-31,CtrlRetLTM,,30,skipped,完整变量样本数小于 min_cross_section_n
FAC_rank_vol_m6_n12_pairwise1,2016-05-31,CtrlVol,,30,skipped,完整变量样本数小于 min_cross_section_n
FAC_rank_vol_m6_n12_pairwise1,2016-05-31,as_偏股混合型基金,,30,skipped,完整变量样本数小于 min_cross_section_n
FAC_rank_vol_m6_n12_pairwise1,2016-05-31,Ctrl_log_fund_size,,30,skipped,完整变量样本数小于 min_cross_section_n
FAC_rank_vol_m6_n12_pairwise1,2016-05-31,Ctrl_fund_age,,30,skipped,完整变量样本数小于 min_cross_section_n
FAC_rank_vol_m6_n12_pairwise1,2016-06-30,FAC_rank_vol_m6_n12_pairwise1,,32,skipped,完整变量样本数小于 min_cross_section_n
FAC_rank_vol_m6_n12_pairwise1,2016-06-30,CtrlRetSTR,,32,skipped,完整变量样本数小于 min_cross_section_n
FAC_rank_vol_m6_n12_pairwise1,2016-06-30,CtrlRetLTM,,32,skipped,完整变量样本数小于 min_cross_section_n
FAC_rank_vol_m6_n12_pairwise1,2016-06-30,CtrlVol,,32,skipped,完整变量样本数小于 min_cross_section_n
FAC_rank_vol_m6_n12_pairwise1,2016-06-30,as_偏股混合型基金,,32,skipped,完整变量样本数小于 min_cross_section_n
FAC_rank_vol_m6_n12_pairwise1,2016-06-30,Ctrl_log_fund_size,,32,skipped,完整变量样本数小于 min_cross_section_n
FAC_rank_vol_m6_n12_pairwise1,2016-06-30,Ctrl_fund_age,,32,skipped,完整变量样本数小于 min_cross_section_n
FAC_rank_vol_m6_n12_pairwise1,2016-07-29,FAC_rank_vol_m6_n12_pairwise1,,30,skipped,完整变量样本数小于 min_cross_section_n
FAC_rank_vol_m6_n12_pairwise1,2016-07-29,CtrlRetSTR,,30,skipped,完整变量样本数小于 min_cross_section_n
FAC_rank_vol_m6_n12_pairwise1,2016-07-29,CtrlRetLTM,,30,skipped,完整变量样本数小于 min_cross_section_n
FAC_rank_vol_m6_n12_pairwise1,2016-07-29,CtrlVol,,30,skipped,完整变量样本数小于 min_cross_section_n
FAC_rank_vol_m6_n12_pairwise1,2016-07-29,as_偏股混合型基金,,30,skipped,完整变量样本数小于 min_cross_section_n
FAC_rank_vol_m6_n12_pairwise1,2016-07-29,Ctrl_log_fund_size,,30,skipped,完整变量样本数小于 min_cross_section_n
FAC_rank_vol_m6_n12_pairwise1,2016-07-29,Ctrl_fund_age,,30,skipped,完整变量样本数小于 min_cross_section_n
FAC_rank_vol_m6_n12_pairwise1,2016-08-31,FAC_rank_vol_m6_n12_pairwise1,,33,skipped,完整变量样本数小于 min_cross_section_n
FAC_rank_vol_m6_n12_pairwise1,2016-08-31,CtrlRetSTR,,33,skipped,完整变量样本数小于 min_cross_section_n
FAC_rank_vol_m6_n12_pairwise1,2016-08-31,CtrlRetLTM,,33,skipped,完整变量样本数小于 min_cross_section_n
FAC_rank_vol_m6_n12_pairwise1,2016-08-31,CtrlVol,,33,skipped,完整变量样本数小于 min_cross_section_n
FAC_rank_vol_m6_n12_pairwise1,2016-08-31,as_偏股混合型基金,,33,skipped,完整变量样本数小于 min_cross_section_n
FAC_rank_vol_m6_n12_pairwise1,2016-08-31,Ctrl_log_fund_size,,33,skipped,完整变量样本数小于 min_cross_section_n
FAC_rank_vol_m6_n12_pairwise1,2016-08-31,Ctrl_fund_age,,33,skipped,完整变量样本数小于 min_cross_section_n
FAC_rank_vol_m6_n12_pairwise1,2016-09-30,FAC_rank_vol_m6_n12_pairwise1,,34,skipped,完整变量样本数小于 min_cross_section_n
FAC_rank_vol_m6_n12_pairwise1,2016-09-30,CtrlRetSTR,,34,skipped,完整变量样本数小于 min_cross_section_n
FAC_rank_vol_m6_n12_pairwise1,2016-09-30,CtrlRetLTM,,34,skipped,完整变量样本数小于 min_cross_section_n
FAC_rank_vol_m6_n12_pairwise1,2016-09-30,CtrlVol,,34,skipped,完整变量样本数小于 min_cross_section_n
FAC_rank_vol_m6_n12_pairwise1,2016-09-30,as_偏股混合型基金,,34,skipped,完整变量样本数小于 min_cross_section_n
FAC_rank_vol_m6_n12_pairwise1,2016-09-30,Ctrl_log_fund_size,,34,skipped,完整变量样本数小于 min_cross_section_n
FAC_rank_vol_m6_n12_pairwise1,2016-09-30,Ctrl_fund_age,,34,skipped,完整变量样本数小于 min_cross_section_n
FAC_rank_vol_m6_n12_pairwise1,2016-10-31,FAC_rank_vol_m6_n12_pairwise1,,34,skipped,完整变量样本数小于 min_cross_section_n
FAC_rank_vol_m6_n12_pairwise1,2016-10-31,CtrlRetSTR,,34,skipped,完整变量样本数小于 min_cross_section_n
FAC_rank_vol_m6_n12_pairwise1,2016-10-31,CtrlRetLTM,,34,skipped,完整变量样本数小于 min_cross_section_n
FAC_rank_vol_m6_n12_pairwise1,2016-10-31,CtrlVol,,34,skipped,完整变量样本数小于 min_cross_section_n
FAC_rank_vol_m6_n12_pairwise1,2016-10-31,as_偏股混合型基金,,34,skipped,完整变量样本数小于 min_cross_section_n
FAC_rank_vol_m6_n12_pairwise1,2016-10-31,Ctrl_log_fund_size,,34,skipped,完整变量样本数小于 min_cross_section_n
FAC_rank_vol_m6_n12_pairwise1,2016-10-31,Ctrl_fund_age,,34,skipped,完整变量样本数小于 min_cross_section_n
FAC_rank_vol_m6_n12_pairwise1,2016-11-30,FAC_rank_vol_m6_n12_pairwise1,,35,skipped,完整变量样本数小于 min_cross_section_n
FAC_rank_vol_m6_n12_pairwise1,2016-11-30,CtrlRetSTR,,35,skipped,完整变量样本数小于 min_cross_section_n
FAC_rank_vol_m6_n12_pairwise1,2016-11-30,CtrlRetLTM,,35,skipped,完整变量样本数小于 min_cross_section_n
FAC_rank_vol_m6_n12_pairwise1,2016-11-30,CtrlVol,,35,skipped,完整变量样本数小于 min_cross_section_n
FAC_rank_vol_m6_n12_pairwise1,2016-11-30,as_偏股混合型基金,,35,skipped,完整变量样本数小于 min_cross_section_n
FAC_rank_vol_m6_n12_pairwise1,2016-11-30,Ctrl_log_fund_size,,35,skipped,完整变量样本数小于 min_cross_section_n
FAC_rank_vol_m6_n12_pairwise1,2016-11-30,Ctrl_fund_age,,35,skipped,完整变量样本数小于 min_cross_section_n
FAC_rank_vol_m6_n12_pairwise1,2016-12-30,FAC_rank_vol_m6_n12_pairwise1,,36,skipped,完整变量样本数小于 min_cross_section_n
FAC_rank_vol_m6_n12_pairwise1,2016-12-30,CtrlRetSTR,,36,skipped,完整变量样本数小于 min_cross_section_n
FAC_rank_vol_m6_n12_pairwise1,2016-12-30,CtrlRetLTM,,36,skipped,完整变量样本数小于 min_cross_section_n
FAC_rank_vol_m6_n12_pairwise1,2016-12-30,CtrlVol,,36,skipped,完整变量样本数小于 min_cross_section_n
FAC_rank_vol_m6_n12_pairwise1,2016-12-30,as_偏股混合型基金,,36,skipped,完整变量样本数小于 min_cross_section_n
FAC_rank_vol_m6_n12_pairwise1,2016-12-30,Ctrl_log_fund_size,,36,skipped,完整变量样本数小于 min_cross_section_n
FAC_rank_vol_m6_n12_pairwise1,2016-12-30,Ctrl_fund_age,,36,skipped,完整变量样本数小于 min_cross_section_n
FAC_rank_vol_m6_n12_pairwise1,2017-01-26,FAC_rank_vol_m6_n12_pairwise1,,38,skipped,完整变量样本数小于 min_cross_section_n
FAC_rank_vol_m6_n12_pairwise1,2017-01-26,CtrlRetSTR,,38,skipped,完整变量样本数小于 min_cross_section_n
FAC_rank_vol_m6_n12_pairwise1,2017-01-26,CtrlRetLTM,,38,skipped,完整变量样本数小于 min_cross_section_n
FAC_rank_vol_m6_n12_pairwise1,2017-01-26,CtrlVol,,38,skipped,完整变量样本数小于 min_cross_section_n
FAC_rank_vol_m6_n12_pairwise1,2017-01-26,as_偏股混合型基金,,38,skipped,完整变量样本数小于 min_cross_section_n
FAC_rank_vol_m6_n12_pairwise1,2017-01-26,Ctrl_log_fund_size,,38,skipped,完整变量样本数小于 min_cross_section_n
FAC_rank_vol_m6_n12_pairwise1,2017-01-26,Ctrl_fund_age,,38,skipped,完整变量样本数小于 min_cross_section_n
FAC_rank_vol_m6_n12_pairwise1,2017-02-28,FAC_rank_vol_m6_n12_pairwise1,,39,skipped,完整变量样本数小于 min_cross_section_n
FAC_rank_vol_m6_n12_pairwise1,2017-02-28,CtrlRetSTR,,39,skipped,完整变量样本数小于 min_cross_section_n
FAC_rank_vol_m6_n12_pairwise1,2017-02-28,CtrlRetLTM,,39,skipped,完整变量样本数小于 min_cross_section_n
FAC_rank_vol_m6_n12_pairwise1,2017-02-28,CtrlVol,,39,skipped,完整变量样本数小于 min_cross_section_n
FAC_rank_vol_m6_n12_pairwise1,2017-02-28,as_偏股混合型基金,,39,skipped,完整变量样本数小于 min_cross_section_n
FAC_rank_vol_m6_n12_pairwise1,2017-02-28,Ctrl_log_fund_size,,39,skipped,完整变量样本数小于 min_cross_section_n
FAC_rank_vol_m6_n12_pairwise1,2017-02-28,Ctrl_fund_age,,39,skipped,完整变量样本数小于 min_cross_section_n
FAC_rank_vol_m6_n12_pairwise1,2017-03-31,FAC_rank_vol_m6_n12_pairwise1,,37,skipped,完整变量样本数小于 min_cross_section_n
FAC_rank_vol_m6_n12_pairwise1,2017-03-31,CtrlRetSTR,,37,skipped,完整变量样本数小于 min_cross_section_n
FAC_rank_vol_m6_n12_pairwise1,2017-03-31,CtrlRetLTM,,37,skipped,完整变量样本数小于 min_cross_section_n
FAC_rank_vol_m6_n12_pairwise1,2017-03-31,CtrlVol,,37,skipped,完整变量样本数小于 min_cross_section_n
FAC_rank_vol_m6_n12_pairwise1,2017-03-31,as_偏股混合型基金,,37,skipped,完整变量样本数小于 min_cross_section_n
FAC_rank_vol_m6_n12_pairwise1,2017-03-31,Ctrl_log_fund_size,,37,skipped,完整变量样本数小于 min_cross_section_n
FAC_rank_vol_m6_n12_pairwise1,2017-03-31,Ctrl_fund_age,,37,skipped,完整变量样本数小于 min_cross_section_n
FAC_rank_vol_m6_n12_pairwise1,2017-04-28,FAC_rank_vol_m6_n12_pairwise1,,40,skipped,完整变量样本数小于 min_cross_section_n
FAC_rank_vol_m6_n12_pairwise1,2017-04-28,CtrlRetSTR,,40,skipped,完整变量样本数小于 min_cross_section_n
FAC_rank_vol_m6_n12_pairwise1,2017-04-28,CtrlRetLTM,,40,skipped,完整变量样本数小于 min_cross_section_n
FAC_rank_vol_m6_n12_pairwise1,2017-04-28,CtrlVol,,40,skipped,完整变量样本数小于 min_cross_section_n
FAC_rank_vol_m6_n12_pairwise1,2017-04-28,as_偏股混合型基金,,40,skipped,完整变量样本数小于 min_cross_section_n
FAC_rank_vol_m6_n12_pairwise1,2017-04-28,Ctrl_log_fund_size,,40,skipped,完整变量样本数小于 min_cross_section_n
FAC_rank_vol_m6_n12_pairwise1,2017-04-28,Ctrl_fund_age,,40,skipped,完整变量样本数小于 min_cross_section_n
FAC_rank_vol_m6_n12_pairwise1,2017-05-31,FAC_rank_vol_m6_n12_pairwise1,,43,skipped,完整变量样本数小于 min_cross_section_n
FAC_rank_vol_m6_n12_pairwise1,2017-05-31,CtrlRetSTR,,43,skipped,完整变量样本数小于 min_cross_section_n
FAC_rank_vol_m6_n12_pairwise1,2017-05-31,CtrlRetLTM,,43,skipped,完整变量样本数小于 min_cross_section_n
FAC_rank_vol_m6_n12_pairwise1,2017-05-31,CtrlVol,,43,skipped,完整变量样本数小于 min_cross_section_n
FAC_rank_vol_m6_n12_pairwise1,2017-05-31,as_偏股混合型基金,,43,skipped,完整变量样本数小于 min_cross_section_n
FAC_rank_vol_m6_n12_pairwise1,2017-05-31,Ctrl_log_fund_size,,43,skipped,完整变量样本数小于 min_cross_section_n
FAC_rank_vol_m6_n12_pairwise1,2017-05-31,Ctrl_fund_age,,43,skipped,完整变量样本数小于 min_cross_section_n
FAC_rank_vol_m6_n12_pairwise1,2017-06-30,FAC_rank_vol_m6_n12_pairwise1,,46,skipped,完整变量样本数小于 min_cross_section_n
FAC_rank_vol_m6_n12_pairwise1,2017-06-30,CtrlRetSTR,,46,skipped,完整变量样本数小于 min_cross_section_n
FAC_rank_vol_m6_n12_pairwise1,2017-06-30,CtrlRetLTM,,46,skipped,完整变量样本数小于 min_cross_section_n
FAC_rank_vol_m6_n12_pairwise1,2017-06-30,CtrlVol,,46,skipped,完整变量样本数小于 min_cross_section_n
FAC_rank_vol_m6_n12_pairwise1,2017-06-30,as_偏股混合型基金,,46,skipped,完整变量样本数小于 min_cross_section_n
FAC_rank_vol_m6_n12_pairwise1,2017-06-30,Ctrl_log_fund_size,,46,skipped,完整变量样本数小于 min_cross_section_n
FAC_rank_vol_m6_n12_pairwise1,2017-06-30,Ctrl_fund_age,,46,skipped,完整变量样本数小于 min_cross_section_n
FAC_rank_vol_m6_n12_pairwise1,2017-07-31,FAC_rank_vol_m6_n12_pairwise1,1.3680419282410412,51,ok,
FAC_rank_vol_m6_n12_pairwise1,2017-07-31,CtrlRetSTR,1.3038544984361724,51,ok,
FAC_rank_vol_m6_n12_pairwise1,2017-07-31,CtrlRetLTM,1.5137985146831043,51,ok,
FAC_rank_vol_m6_n12_pairwise1,2017-07-31,CtrlVol,1.38579625115799,51,ok,
FAC_rank_vol_m6_n12_pairwise1,2017-07-31,as_偏股混合型基金,1.6806703012480197,51,ok,
FAC_rank_vol_m6_n12_pairwise1,2017-07-31,Ctrl_log_fund_size,3.4882393054671788,51,ok,
FAC_rank_vol_m6_n12_pairwise1,2017-07-31,Ctrl_fund_age,3.8121626319089525,51,ok,
FAC_rank_vol_m6_n12_pairwise1,2017-08-31,FAC_rank_vol_m6_n12_pairwise1,1.247716001956304,57,ok,
FAC_rank_vol_m6_n12_pairwise1,2017-08-31,CtrlRetSTR,1.2313302595434676,57,ok,
FAC_rank_vol_m6_n12_pairwise1,2017-08-31,CtrlRetLTM,1.2345415564292492,57,ok,
FAC_rank_vol_m6_n12_pairwise1,2017-08-31,CtrlVol,1.4704797914999226,57,ok,
FAC_rank_vol_m6_n12_pairwise1,2017-08-31,as_偏股混合型基金,1.916633507991741,57,ok,
FAC_rank_vol_m6_n12_pairwise1,2017-08-31,Ctrl_log_fund_size,4.341291111129232,57,ok,
FAC_rank_vol_m6_n12_pairwise1,2017-08-31,Ctrl_fund_age,4.580987706060808,57,ok,
FAC_rank_vol_m6_n12_pairwise1,2017-09-29,FAC_rank_vol_m6_n12_pairwise1,1.5035760057722496,66,ok,
FAC_rank_vol_m6_n12_pairwise1,2017-09-29,CtrlRetSTR,1.2401757316397244,66,ok,
FAC_rank_vol_m6_n12_pairwise1,2017-09-29,CtrlRetLTM,1.417566563234437,66,ok,
FAC_rank_vol_m6_n12_pairwise1,2017-09-29,CtrlVol,1.2309906397031214,66,ok,
FAC_rank_vol_m6_n12_pairwise1,2017-09-29,as_偏股混合型基金,1.9665207672045522,66,ok,
FAC_rank_vol_m6_n12_pairwise1,2017-09-29,Ctrl_log_fund_size,4.1178957435242385,66,ok,
FAC_rank_vol_m6_n12_pairwise1,2017-09-29,Ctrl_fund_age,4.386771643548018,66,ok,
FAC_rank_vol_m6_n12_pairwise1,2017-10-31,FAC_rank_vol_m6_n12_pairwise1,1.3491297542925242,75,ok,
FAC_rank_vol_m6_n12_pairwise1,2017-10-31,CtrlRetSTR,1.297578382852494,75,ok,
FAC_rank_vol_m6_n12_pairwise1,2017-10-31,CtrlRetLTM,1.5720534978802982,75,ok,
FAC_rank_vol_m6_n12_pairwise1,2017-10-31,CtrlVol,1.0170020138936773,75,ok,
FAC_rank_vol_m6_n12_pairwise1,2017-10-31,as_偏股混合型基金,1.7549287848315707,75,ok,
FAC_rank_vol_m6_n12_pairwise1,2017-10-31,Ctrl_log_fund_size,2.8443262419080084,75,ok,
FAC_rank_vol_m6_n12_pairwise1,2017-10-31,Ctrl_fund_age,3.353327487608499,75,ok,
FAC_rank_vol_m6_n12_pairwise1,2017-11-30,FAC_rank_vol_m6_n12_pairwise1,1.3886566818561394,84,ok,
FAC_rank_vol_m6_n12_pairwise1,2017-11-30,CtrlRetSTR,1.3519568157011037,84,ok,
FAC_rank_vol_m6_n12_pairwise1,2017-11-30,CtrlRetLTM,1.3685967185106687,84,ok,
FAC_rank_vol_m6_n12_pairwise1,2017-11-30,CtrlVol,1.382738449003845,84,ok,
FAC_rank_vol_m6_n12_pairwise1,2017-11-30,as_偏股混合型基金,1.664614769330971,84,ok,
FAC_rank_vol_m6_n12_pairwise1,2017-11-30,Ctrl_log_fund_size,3.1875680491606397,84,ok,
FAC_rank_vol_m6_n12_pairwise1,2017-11-30,Ctrl_fund_age,3.634120226865238,84,ok,
FAC_rank_vol_m6_n12_pairwise1,2017-12-29,FAC_rank_vol_m6_n12_pairwise1,1.5325112747278256,88,ok,
FAC_rank_vol_m6_n12_pairwise1,2017-12-29,CtrlRetSTR,1.368985319855517,88,ok,
FAC_rank_vol_m6_n12_pairwise1,2017-12-29,CtrlRetLTM,1.4545807011931207,88,ok,
FAC_rank_vol_m6_n12_pairwise1,2017-12-29,CtrlVol,1.0385126093089458,88,ok,
FAC_rank_vol_m6_n12_pairwise1,2017-12-29,as_偏股混合型基金,1.755970732409004,88,ok,
FAC_rank_vol_m6_n12_pairwise1,2017-12-29,Ctrl_log_fund_size,3.5748082086524646,88,ok,
FAC_rank_vol_m6_n12_pairwise1,2017-12-29,Ctrl_fund_age,4.223869595934205,88,ok,
FAC_rank_vol_m6_n12_pairwise1,2018-01-31,FAC_rank_vol_m6_n12_pairwise1,1.854861693965982,90,ok,
FAC_rank_vol_m6_n12_pairwise1,2018-01-31,CtrlRetSTR,1.17906864732626,90,ok,
FAC_rank_vol_m6_n12_pairwise1,2018-01-31,CtrlRetLTM,1.7428503237586366,90,ok,
FAC_rank_vol_m6_n12_pairwise1,2018-01-31,CtrlVol,1.1671587052933312,90,ok,
FAC_rank_vol_m6_n12_pairwise1,2018-01-31,as_偏股混合型基金,1.7504955419585146,90,ok,
FAC_rank_vol_m6_n12_pairwise1,2018-01-31,Ctrl_log_fund_size,3.4092685708681567,90,ok,
FAC_rank_vol_m6_n12_pairwise1,2018-01-31,Ctrl_fund_age,3.7298872906916647,90,ok,
FAC_rank_vol_m6_n12_pairwise1,2018-02-28,FAC_rank_vol_m6_n12_pairwise1,1.6291750132299057,94,ok,
FAC_rank_vol_m6_n12_pairwise1,2018-02-28,CtrlRetSTR,1.3450462712943454,94,ok,
FAC_rank_vol_m6_n12_pairwise1,2018-02-28,CtrlRetLTM,1.9234629246018284,94,ok,
FAC_rank_vol_m6_n12_pairwise1,2018-02-28,CtrlVol,1.3479063729957252,94,ok,
FAC_rank_vol_m6_n12_pairwise1,2018-02-28,as_偏股混合型基金,1.7418667333801452,94,ok,
FAC_rank_vol_m6_n12_pairwise1,2018-02-28,Ctrl_log_fund_size,2.814425254425422,94,ok,
FAC_rank_vol_m6_n12_pairwise1,2018-02-28,Ctrl_fund_age,3.236875509224809,94,ok,
FAC_rank_vol_m6_n12_pairwise1,2018-03-30,FAC_rank_vol_m6_n12_pairwise1,1.4381557475834366,94,ok,
FAC_rank_vol_m6_n12_pairwise1,2018-03-30,CtrlRetSTR,1.2530856810627453,94,ok,
FAC_rank_vol_m6_n12_pairwise1,2018-03-30,CtrlRetLTM,1.6298626580302333,94,ok,
FAC_rank_vol_m6_n12_pairwise1,2018-03-30,CtrlVol,1.3469415436590007,94,ok,
FAC_rank_vol_m6_n12_pairwise1,2018-03-30,as_偏股混合型基金,1.8144558555816428,94,ok,
FAC_rank_vol_m6_n12_pairwise1,2018-03-30,Ctrl_log_fund_size,3.0702970034059183,94,ok,
FAC_rank_vol_m6_n12_pairwise1,2018-03-30,Ctrl_fund_age,3.5584632260548243,94,ok,
FAC_rank_vol_m6_n12_pairwise1,2018-04-27,FAC_rank_vol_m6_n12_pairwise1,1.462538891734174,98,ok,
FAC_rank_vol_m6_n12_pairwise1,2018-04-27,CtrlRetSTR,1.153244293106919,98,ok,
FAC_rank_vol_m6_n12_pairwise1,2018-04-27,CtrlRetLTM,1.4343757692761854,98,ok,
FAC_rank_vol_m6_n12_pairwise1,2018-04-27,CtrlVol,1.314010110982064,98,ok,
FAC_rank_vol_m6_n12_pairwise1,2018-04-27,as_偏股混合型基金,1.7382700023100566,98,ok,
FAC_rank_vol_m6_n12_pairwise1,2018-04-27,Ctrl_log_fund_size,3.289411940556154,98,ok,
FAC_rank_vol_m6_n12_pairwise1,2018-04-27,Ctrl_fund_age,3.7470615602788455,98,ok,
FAC_rank_vol_m6_n12_pairwise1,2018-05-31,FAC_rank_vol_m6_n12_pairwise1,1.336317404220151,100,ok,
FAC_rank_vol_m6_n12_pairwise1,2018-05-31,CtrlRetSTR,1.3045752143568425,100,ok,
FAC_rank_vol_m6_n12_pairwise1,2018-05-31,CtrlRetLTM,1.2267161883620548,100,ok,
FAC_rank_vol_m6_n12_pairwise1,2018-05-31,CtrlVol,1.3516147422695566,100,ok,
FAC_rank_vol_m6_n12_pairwise1,2018-05-31,as_偏股混合型基金,1.6760852413152965,100,ok,
FAC_rank_vol_m6_n12_pairwise1,2018-05-31,Ctrl_log_fund_size,3.21100748170716,100,ok,
FAC_rank_vol_m6_n12_pairwise1,2018-05-31,Ctrl_fund_age,3.6425701806914508,100,ok,
FAC_rank_vol_m6_n12_pairwise1,2018-06-29,FAC_rank_vol_m6_n12_pairwise1,1.4124951806301054,101,ok,
FAC_rank_vol_m6_n12_pairwise1,2018-06-29,CtrlRetSTR,1.4037261342563885,101,ok,
FAC_rank_vol_m6_n12_pairwise1,2018-06-29,CtrlRetLTM,1.4788174939763792,101,ok,
FAC_rank_vol_m6_n12_pairwise1,2018-06-29,CtrlVol,1.3969834362037137,101,ok,
FAC_rank_vol_m6_n12_pairwise1,2018-06-29,as_偏股混合型基金,1.839627344307048,101,ok,
FAC_rank_vol_m6_n12_pairwise1,2018-06-29,Ctrl_log_fund_size,3.173173246391124,101,ok,
FAC_rank_vol_m6_n12_pairwise1,2018-06-29,Ctrl_fund_age,3.723319881757201,101,ok,
FAC_rank_vol_m6_n12_pairwise1,2018-07-31,FAC_rank_vol_m6_n12_pairwise1,1.3744002125458263,101,ok,
FAC_rank_vol_m6_n12_pairwise1,2018-07-31,CtrlRetSTR,1.1666231174114445,101,ok,
FAC_rank_vol_m6_n12_pairwise1,2018-07-31,CtrlRetLTM,1.56592370444606,101,ok,
FAC_rank_vol_m6_n12_pairwise1,2018-07-31,CtrlVol,1.3796672853888245,101,ok,
FAC_rank_vol_m6_n12_pairwise1,2018-07-31,as_偏股混合型基金,1.6751547055145486,101,ok,
FAC_rank_vol_m6_n12_pairwise1,2018-07-31,Ctrl_log_fund_size,2.9757985622795973,101,ok,
FAC_rank_vol_m6_n12_pairwise1,2018-07-31,Ctrl_fund_age,3.4304324950202485,101,ok,
FAC_rank_vol_m6_n12_pairwise1,2018-08-31,FAC_rank_vol_m6_n12_pairwise1,1.2290941657048085,108,ok,
FAC_rank_vol_m6_n12_pairwise1,2018-08-31,CtrlRetSTR,1.489398630093218,108,ok,
FAC_rank_vol_m6_n12_pairwise1,2018-08-31,CtrlRetLTM,1.6687250944883414,108,ok,
FAC_rank_vol_m6_n12_pairwise1,2018-08-31,CtrlVol,1.4607255791558449,108,ok,
FAC_rank_vol_m6_n12_pairwise1,2018-08-31,as_偏股混合型基金,1.8832424119177071,108,ok,
FAC_rank_vol_m6_n12_pairwise1,2018-08-31,Ctrl_log_fund_size,2.3931363569875845,108,ok,
FAC_rank_vol_m6_n12_pairwise1,2018-08-31,Ctrl_fund_age,3.0011484445760694,108,ok,
FAC_rank_vol_m6_n12_pairwise1,2018-09-28,FAC_rank_vol_m6_n12_pairwise1,1.2060724534715102,108,ok,
FAC_rank_vol_m6_n12_pairwise1,2018-09-28,CtrlRetSTR,1.5997241182479398,108,ok,
FAC_rank_vol_m6_n12_pairwise1,2018-09-28,CtrlRetLTM,1.6605504680874066,108,ok,
FAC_rank_vol_m6_n12_pairwise1,2018-09-28,CtrlVol,1.7077955932848725,108,ok,
FAC_rank_vol_m6_n12_pairwise1,2018-09-28,as_偏股混合型基金,1.7512717994329423,108,ok,
FAC_rank_vol_m6_n12_pairwise1,2018-09-28,Ctrl_log_fund_size,2.334121047907819,108,ok,
FAC_rank_vol_m6_n12_pairwise1,2018-09-28,Ctrl_fund_age,2.93269719791848,108,ok,
FAC_rank_vol_m6_n12_pairwise1,2018-10-31,FAC_rank_vol_m6_n12_pairwise1,1.316176573286962,107,ok,
FAC_rank_vol_m6_n12_pairwise1,2018-10-31,CtrlRetSTR,1.1822645001513905,107,ok,
FAC_rank_vol_m6_n12_pairwise1,2018-10-31,CtrlRetLTM,1.7382446170688262,107,ok,
FAC_rank_vol_m6_n12_pairwise1,2018-10-31,CtrlVol,1.6906042066250913,107,ok,
FAC_rank_vol_m6_n12_pairwise1,2018-10-31,as_偏股混合型基金,1.7853729991040517,107,ok,
FAC_rank_vol_m6_n12_pairwise1,2018-10-31,Ctrl_log_fund_size,2.1650710388679895,107,ok,
FAC_rank_vol_m6_n12_pairwise1,2018-10-31,Ctrl_fund_age,2.7070537310464253,107,ok,
FAC_rank_vol_m6_n12_pairwise1,2018-11-30,FAC_rank_vol_m6_n12_pairwise1,1.3845315358757662,108,ok,
FAC_rank_vol_m6_n12_pairwise1,2018-11-30,CtrlRetSTR,1.021873115399291,108,ok,
FAC_rank_vol_m6_n12_pairwise1,2018-11-30,CtrlRetLTM,1.5607724447190372,108,ok,
FAC_rank_vol_m6_n12_pairwise1,2018-11-30,CtrlVol,1.4295296417140793,108,ok,
FAC_rank_vol_m6_n12_pairwise1,2018-11-30,as_偏股混合型基金,1.656619736871187,108,ok,
FAC_rank_vol_m6_n12_pairwise1,2018-11-30,Ctrl_log_fund_size,2.069788016780809,108,ok,
FAC_rank_vol_m6_n12_pairwise1,2018-11-30,Ctrl_fund_age,2.4453137178919606,108,ok,
FAC_rank_vol_m6_n12_pairwise1,2018-12-28,FAC_rank_vol_m6_n12_pairwise1,1.4230946696083855,108,ok,
FAC_rank_vol_m6_n12_pairwise1,2018-12-28,CtrlRetSTR,1.1192215468281888,108,ok,
FAC_rank_vol_m6_n12_pairwise1,2018-12-28,CtrlRetLTM,1.630370567275096,108,ok,
FAC_rank_vol_m6_n12_pairwise1,2018-12-28,CtrlVol,1.2813514228107399,108,ok,
FAC_rank_vol_m6_n12_pairwise1,2018-12-28,as_偏股混合型基金,1.6645689721143246,108,ok,
FAC_rank_vol_m6_n12_pairwise1,2018-12-28,Ctrl_log_fund_size,2.1910198461998234,108,ok,
FAC_rank_vol_m6_n12_pairwise1,2018-12-28,Ctrl_fund_age,2.4358926804767984,108,ok,
FAC_rank_vol_m6_n12_pairwise1,2019-01-31,FAC_rank_vol_m6_n12_pairwise1,1.5383108882979488,103,ok,
FAC_rank_vol_m6_n12_pairwise1,2019-01-31,CtrlRetSTR,1.1949140217464438,103,ok,
FAC_rank_vol_m6_n12_pairwise1,2019-01-31,CtrlRetLTM,1.5948125364846197,103,ok,
FAC_rank_vol_m6_n12_pairwise1,2019-01-31,CtrlVol,1.220878366094772,103,ok,
FAC_rank_vol_m6_n12_pairwise1,2019-01-31,as_偏股混合型基金,1.6305112856478945,103,ok,
FAC_rank_vol_m6_n12_pairwise1,2019-01-31,Ctrl_log_fund_size,2.419179580865194,103,ok,
FAC_rank_vol_m6_n12_pairwise1,2019-01-31,Ctrl_fund_age,2.6385780203535827,103,ok,
FAC_rank_vol_m6_n12_pairwise1,2019-02-28,FAC_rank_vol_m6_n12_pairwise1,1.8317614917171565,107,ok,
FAC_rank_vol_m6_n12_pairwise1,2019-02-28,CtrlRetSTR,1.1826651724301813,107,ok,
FAC_rank_vol_m6_n12_pairwise1,2019-02-28,CtrlRetLTM,2.278644742383935,107,ok,
FAC_rank_vol_m6_n12_pairwise1,2019-02-28,CtrlVol,1.3251695195447735,107,ok,
FAC_rank_vol_m6_n12_pairwise1,2019-02-28,as_偏股混合型基金,1.5931597609261172,107,ok,
FAC_rank_vol_m6_n12_pairwise1,2019-02-28,Ctrl_log_fund_size,2.3224018315478556,107,ok,
FAC_rank_vol_m6_n12_pairwise1,2019-02-28,Ctrl_fund_age,2.5844005812003954,107,ok,
FAC_rank_vol_m6_n12_pairwise1,2019-03-29,FAC_rank_vol_m6_n12_pairwise1,1.7196478454442166,106,ok,
FAC_rank_vol_m6_n12_pairwise1,2019-03-29,CtrlRetSTR,1.262637940284764,106,ok,
FAC_rank_vol_m6_n12_pairwise1,2019-03-29,CtrlRetLTM,1.708085743898986,106,ok,
FAC_rank_vol_m6_n12_pairwise1,2019-03-29,CtrlVol,1.1768609265928,106,ok,
FAC_rank_vol_m6_n12_pairwise1,2019-03-29,as_偏股混合型基金,1.6097599738697266,106,ok,
FAC_rank_vol_m6_n12_pairwise1,2019-03-29,Ctrl_log_fund_size,2.2643287126563405,106,ok,
FAC_rank_vol_m6_n12_pairwise1,2019-03-29,Ctrl_fund_age,2.600067289542656,106,ok,
FAC_rank_vol_m6_n12_pairwise1,2019-04-30,FAC_rank_vol_m6_n12_pairwise1,1.9126201432588918,105,ok,
FAC_rank_vol_m6_n12_pairwise1,2019-04-30,CtrlRetSTR,1.3830426463943835,105,ok,
FAC_rank_vol_m6_n12_pairwise1,2019-04-30,CtrlRetLTM,1.5631581402298593,105,ok,
FAC_rank_vol_m6_n12_pairwise1,2019-04-30,CtrlVol,1.0433240275079074,105,ok,
FAC_rank_vol_m6_n12_pairwise1,2019-04-30,as_偏股混合型基金,1.567795178315546,105,ok,
FAC_rank_vol_m6_n12_pairwise1,2019-04-30,Ctrl_log_fund_size,2.29103631994424,105,ok,
FAC_rank_vol_m6_n12_pairwise1,2019-04-30,Ctrl_fund_age,2.506830016194399,105,ok,
FAC_rank_vol_m6_n12_pairwise1,2019-05-31,FAC_rank_vol_m6_n12_pairwise1,1.9062530493719458,107,ok,
FAC_rank_vol_m6_n12_pairwise1,2019-05-31,CtrlRetSTR,1.3634333149896514,107,ok,
FAC_rank_vol_m6_n12_pairwise1,2019-05-31,CtrlRetLTM,1.8370623608123766,107,ok,
FAC_rank_vol_m6_n12_pairwise1,2019-05-31,CtrlVol,1.3380274110738033,107,ok,
FAC_rank_vol_m6_n12_pairwise1,2019-05-31,as_偏股混合型基金,1.6518411357290284,107,ok,
FAC_rank_vol_m6_n12_pairwise1,2019-05-31,Ctrl_log_fund_size,2.3177413133936713,107,ok,
FAC_rank_vol_m6_n12_pairwise1,2019-05-31,Ctrl_fund_age,2.7043064765822304,107,ok,
FAC_rank_vol_m6_n12_pairwise1,2019-06-28,FAC_rank_vol_m6_n12_pairwise1,1.3092506296058064,109,ok,
FAC_rank_vol_m6_n12_pairwise1,2019-06-28,CtrlRetSTR,1.0621854048413402,109,ok,
FAC_rank_vol_m6_n12_pairwise1,2019-06-28,CtrlRetLTM,1.3725536597773447,109,ok,
FAC_rank_vol_m6_n12_pairwise1,2019-06-28,CtrlVol,1.0758188585094446,109,ok,
FAC_rank_vol_m6_n12_pairwise1,2019-06-28,as_偏股混合型基金,1.6379679626098704,109,ok,
FAC_rank_vol_m6_n12_pairwise1,2019-06-28,Ctrl_log_fund_size,2.319729183486169,109,ok,
FAC_rank_vol_m6_n12_pairwise1,2019-06-28,Ctrl_fund_age,2.770101900537817,109,ok,
FAC_rank_vol_m6_n12_pairwise1,2019-07-31,FAC_rank_vol_m6_n12_pairwise1,1.5299406643928737,108,ok,
FAC_rank_vol_m6_n12_pairwise1,2019-07-31,CtrlRetSTR,1.144026215083036,108,ok,
FAC_rank_vol_m6_n12_pairwise1,2019-07-31,CtrlRetLTM,1.608209806035719,108,ok,
FAC_rank_vol_m6_n12_pairwise1,2019-07-31,CtrlVol,1.0565401936739223,108,ok,
FAC_rank_vol_m6_n12_pairwise1,2019-07-31,as_偏股混合型基金,1.9291102226435028,108,ok,
FAC_rank_vol_m6_n12_pairwise1,2019-07-31,Ctrl_log_fund_size,2.1420887907134776,108,ok,
FAC_rank_vol_m6_n12_pairwise1,2019-07-31,Ctrl_fund_age,2.801105779044495,108,ok,
FAC_rank_vol_m6_n12_pairwise1,2019-08-30,FAC_rank_vol_m6_n12_pairwise1,1.5969213898058268,109,ok,
FAC_rank_vol_m6_n12_pairwise1,2019-08-30,CtrlRetSTR,1.3005277474309673,109,ok,
FAC_rank_vol_m6_n12_pairwise1,2019-08-30,CtrlRetLTM,1.4895277732669827,109,ok,
FAC_rank_vol_m6_n12_pairwise1,2019-08-30,CtrlVol,1.1240677327235296,109,ok,
FAC_rank_vol_m6_n12_pairwise1,2019-08-30,as_偏股混合型基金,2.055111256730208,109,ok,
FAC_rank_vol_m6_n12_pairwise1,2019-08-30,Ctrl_log_fund_size,2.166772615633147,109,ok,
FAC_rank_vol_m6_n12_pairwise1,2019-08-30,Ctrl_fund_age,2.9548341050035978,109,ok,
FAC_rank_vol_m6_n12_pairwise1,2019-09-30,FAC_rank_vol_m6_n12_pairwise1,1.3556353860944526,110,ok,
FAC_rank_vol_m6_n12_pairwise1,2019-09-30,CtrlRetSTR,1.1267106123856,110,ok,
FAC_rank_vol_m6_n12_pairwise1,2019-09-30,CtrlRetLTM,1.5774645350337162,110,ok,
FAC_rank_vol_m6_n12_pairwise1,2019-09-30,CtrlVol,1.2841532987779662,110,ok,
FAC_rank_vol_m6_n12_pairwise1,2019-09-30,as_偏股混合型基金,1.9356609870042005,110,ok,
FAC_rank_vol_m6_n12_pairwise1,2019-09-30,Ctrl_log_fund_size,2.1698499199039833,110,ok,
FAC_rank_vol_m6_n12_pairwise1,2019-09-30,Ctrl_fund_age,2.899120512882878,110,ok,
FAC_rank_vol_m6_n12_pairwise1,2019-10-31,FAC_rank_vol_m6_n12_pairwise1,1.0736662827393355,112,ok,
FAC_rank_vol_m6_n12_pairwise1,2019-10-31,CtrlRetSTR,1.3552450754803016,112,ok,
FAC_rank_vol_m6_n12_pairwise1,2019-10-31,CtrlRetLTM,1.9194749989029312,112,ok,
FAC_rank_vol_m6_n12_pairwise1,2019-10-31,CtrlVol,1.558285840323519,112,ok,
FAC_rank_vol_m6_n12_pairwise1,2019-10-31,as_偏股混合型基金,1.8424123642195822,112,ok,
FAC_rank_vol_m6_n12_pairwise1,2019-10-31,Ctrl_log_fund_size,2.479166621968224,112,ok,
FAC_rank_vol_m6_n12_pairwise1,2019-10-31,Ctrl_fund_age,3.1250110610298316,112,ok,
FAC_rank_vol_m6_n12_pairwise1,2019-11-29,FAC_rank_vol_m6_n12_pairwise1,1.0516381043901342,116,ok,
FAC_rank_vol_m6_n12_pairwise1,2019-11-29,CtrlRetSTR,1.1923586159376807,116,ok,
FAC_rank_vol_m6_n12_pairwise1,2019-11-29,CtrlRetLTM,1.3095142828839437,116,ok,
FAC_rank_vol_m6_n12_pairwise1,2019-11-29,CtrlVol,1.283667341269593,116,ok,
FAC_rank_vol_m6_n12_pairwise1,2019-11-29,as_偏股混合型基金,2.102034245745971,116,ok,
FAC_rank_vol_m6_n12_pairwise1,2019-11-29,Ctrl_log_fund_size,2.379137988589998,116,ok,
FAC_rank_vol_m6_n12_pairwise1,2019-11-29,Ctrl_fund_age,3.497801452879622,116,ok,
FAC_rank_vol_m6_n12_pairwise1,2019-12-31,FAC_rank_vol_m6_n12_pairwise1,1.184279001298704,119,ok,
FAC_rank_vol_m6_n12_pairwise1,2019-12-31,CtrlRetSTR,1.1215377178682946,119,ok,
FAC_rank_vol_m6_n12_pairwise1,2019-12-31,CtrlRetLTM,1.4929645160528078,119,ok,
FAC_rank_vol_m6_n12_pairwise1,2019-12-31,CtrlVol,1.390313927309683,119,ok,
FAC_rank_vol_m6_n12_pairwise1,2019-12-31,as_偏股混合型基金,1.9937158221559579,119,ok,
FAC_rank_vol_m6_n12_pairwise1,2019-12-31,Ctrl_log_fund_size,2.4063848402042156,119,ok,
FAC_rank_vol_m6_n12_pairwise1,2019-12-31,Ctrl_fund_age,3.2853512267116662,119,ok,
FAC_rank_vol_m6_n12_pairwise1,2020-01-23,FAC_rank_vol_m6_n12_pairwise1,1.3947269487955836,120,ok,
FAC_rank_vol_m6_n12_pairwise1,2020-01-23,CtrlRetSTR,1.3893820068185248,120,ok,
FAC_rank_vol_m6_n12_pairwise1,2020-01-23,CtrlRetLTM,1.6956019350787652,120,ok,
FAC_rank_vol_m6_n12_pairwise1,2020-01-23,CtrlVol,1.5519654450751537,120,ok,
FAC_rank_vol_m6_n12_pairwise1,2020-01-23,as_偏股混合型基金,1.897380225359742,120,ok,
FAC_rank_vol_m6_n12_pairwise1,2020-01-23,Ctrl_log_fund_size,2.5399290836583464,120,ok,
FAC_rank_vol_m6_n12_pairwise1,2020-01-23,Ctrl_fund_age,3.3051392812929166,120,ok,
FAC_rank_vol_m6_n12_pairwise1,2020-02-28,FAC_rank_vol_m6_n12_pairwise1,1.7744300287065329,121,ok,
FAC_rank_vol_m6_n12_pairwise1,2020-02-28,CtrlRetSTR,1.3331094173596918,121,ok,
FAC_rank_vol_m6_n12_pairwise1,2020-02-28,CtrlRetLTM,1.8587757763014439,121,ok,
FAC_rank_vol_m6_n12_pairwise1,2020-02-28,CtrlVol,1.2310695326055963,121,ok,
FAC_rank_vol_m6_n12_pairwise1,2020-02-28,as_偏股混合型基金,2.0387736047142937,121,ok,
FAC_rank_vol_m6_n12_pairwise1,2020-02-28,Ctrl_log_fund_size,2.645644852075496,121,ok,
FAC_rank_vol_m6_n12_pairwise1,2020-02-28,Ctrl_fund_age,3.4152480896287174,121,ok,
FAC_rank_vol_m6_n12_pairwise1,2020-03-31,FAC_rank_vol_m6_n12_pairwise1,1.9209265142778267,124,ok,
FAC_rank_vol_m6_n12_pairwise1,2020-03-31,CtrlRetSTR,1.7998877021048625,124,ok,
FAC_rank_vol_m6_n12_pairwise1,2020-03-31,CtrlRetLTM,1.8387906722573484,124,ok,
FAC_rank_vol_m6_n12_pairwise1,2020-03-31,CtrlVol,1.704338597700507,124,ok,
FAC_rank_vol_m6_n12_pairwise1,2020-03-31,as_偏股混合型基金,2.1810918244871167,124,ok,
FAC_rank_vol_m6_n12_pairwise1,2020-03-31,Ctrl_log_fund_size,2.6204029933089896,124,ok,
FAC_rank_vol_m6_n12_pairwise1,2020-03-31,Ctrl_fund_age,3.34421312347891,124,ok,
FAC_rank_vol_m6_n12_pairwise1,2020-04-30,FAC_rank_vol_m6_n12_pairwise1,1.2508041689364804,126,ok,
FAC_rank_vol_m6_n12_pairwise1,2020-04-30,CtrlRetSTR,1.380099438337725,126,ok,
FAC_rank_vol_m6_n12_pairwise1,2020-04-30,CtrlRetLTM,1.1348731941293764,126,ok,
FAC_rank_vol_m6_n12_pairwise1,2020-04-30,CtrlVol,1.3416106080169055,126,ok,
FAC_rank_vol_m6_n12_pairwise1,2020-04-30,as_偏股混合型基金,2.0565555834400837,126,ok,
FAC_rank_vol_m6_n12_pairwise1,2020-04-30,Ctrl_log_fund_size,2.4331657761706706,126,ok,
FAC_rank_vol_m6_n12_pairwise1,2020-04-30,Ctrl_fund_age,3.2463075549185936,126,ok,
FAC_rank_vol_m6_n12_pairwise1,2020-05-29,FAC_rank_vol_m6_n12_pairwise1,1.424614979452352,126,ok,
FAC_rank_vol_m6_n12_pairwise1,2020-05-29,CtrlRetSTR,1.3038101115982268,126,ok,
FAC_rank_vol_m6_n12_pairwise1,2020-05-29,CtrlRetLTM,1.2374899797803347,126,ok,
FAC_rank_vol_m6_n12_pairwise1,2020-05-29,CtrlVol,1.3642443754487323,126,ok,
FAC_rank_vol_m6_n12_pairwise1,2020-05-29,as_偏股混合型基金,2.0643450472004643,126,ok,
FAC_rank_vol_m6_n12_pairwise1,2020-05-29,Ctrl_log_fund_size,2.36416743191603,126,ok,
FAC_rank_vol_m6_n12_pairwise1,2020-05-29,Ctrl_fund_age,3.0613119296409437,126,ok,
FAC_rank_vol_m6_n12_pairwise1,2020-06-30,FAC_rank_vol_m6_n12_pairwise1,1.7671105881747928,128,ok,
FAC_rank_vol_m6_n12_pairwise1,2020-06-30,CtrlRetSTR,1.26843598840233,128,ok,
FAC_rank_vol_m6_n12_pairwise1,2020-06-30,CtrlRetLTM,1.4979296875153665,128,ok,
FAC_rank_vol_m6_n12_pairwise1,2020-06-30,CtrlVol,1.5740419788646147,128,ok,
FAC_rank_vol_m6_n12_pairwise1,2020-06-30,as_偏股混合型基金,1.7246646380589779,128,ok,
FAC_rank_vol_m6_n12_pairwise1,2020-06-30,Ctrl_log_fund_size,2.4753858806481333,128,ok,
FAC_rank_vol_m6_n12_pairwise1,2020-06-30,Ctrl_fund_age,2.9158357982711234,128,ok,
FAC_rank_vol_m6_n12_pairwise1,2020-07-31,FAC_rank_vol_m6_n12_pairwise1,1.5601907370369983,130,ok,
FAC_rank_vol_m6_n12_pairwise1,2020-07-31,CtrlRetSTR,1.1547995689707635,130,ok,
FAC_rank_vol_m6_n12_pairwise1,2020-07-31,CtrlRetLTM,1.6439903672708625,130,ok,
FAC_rank_vol_m6_n12_pairwise1,2020-07-31,CtrlVol,1.46826242364115,130,ok,
FAC_rank_vol_m6_n12_pairwise1,2020-07-31,as_偏股混合型基金,1.8398672104258627,130,ok,
FAC_rank_vol_m6_n12_pairwise1,2020-07-31,Ctrl_log_fund_size,2.868177075894996,130,ok,
FAC_rank_vol_m6_n12_pairwise1,2020-07-31,Ctrl_fund_age,3.1719484208157738,130,ok,
FAC_rank_vol_m6_n12_pairwise1,2020-08-31,FAC_rank_vol_m6_n12_pairwise1,1.4027776586648555,137,ok,
FAC_rank_vol_m6_n12_pairwise1,2020-08-31,CtrlRetSTR,1.0765439717229144,137,ok,
FAC_rank_vol_m6_n12_pairwise1,2020-08-31,CtrlRetLTM,1.8811078751966464,137,ok,
FAC_rank_vol_m6_n12_pairwise1,2020-08-31,CtrlVol,1.4936660139563598,137,ok,
FAC_rank_vol_m6_n12_pairwise1,2020-08-31,as_偏股混合型基金,1.5415656635090187,137,ok,
FAC_rank_vol_m6_n12_pairwise1,2020-08-31,Ctrl_log_fund_size,2.91812913765537,137,ok,
FAC_rank_vol_m6_n12_pairwise1,2020-08-31,Ctrl_fund_age,3.3193741896725935,137,ok,
FAC_rank_vol_m6_n12_pairwise1,2020-09-30,FAC_rank_vol_m6_n12_pairwise1,1.3694792629624521,142,ok,
FAC_rank_vol_m6_n12_pairwise1,2020-09-30,CtrlRetSTR,1.0843921790873048,142,ok,
FAC_rank_vol_m6_n12_pairwise1,2020-09-30,CtrlRetLTM,1.676744844584303,142,ok,
FAC_rank_vol_m6_n12_pairwise1,2020-09-30,CtrlVol,1.3324199059933535,142,ok,
FAC_rank_vol_m6_n12_pairwise1,2020-09-30,as_偏股混合型基金,1.6395163372618777,142,ok,
FAC_rank_vol_m6_n12_pairwise1,2020-09-30,Ctrl_log_fund_size,2.948759009422549,142,ok,
FAC_rank_vol_m6_n12_pairwise1,2020-09-30,Ctrl_fund_age,3.393541059273523,142,ok,
FAC_rank_vol_m6_n12_pairwise1,2020-10-30,FAC_rank_vol_m6_n12_pairwise1,1.4412611629344634,142,ok,
FAC_rank_vol_m6_n12_pairwise1,2020-10-30,CtrlRetSTR,1.1127132811834726,142,ok,
FAC_rank_vol_m6_n12_pairwise1,2020-10-30,CtrlRetLTM,1.4890814048254908,142,ok,
FAC_rank_vol_m6_n12_pairwise1,2020-10-30,CtrlVol,1.2629937680268346,142,ok,
FAC_rank_vol_m6_n12_pairwise1,2020-10-30,as_偏股混合型基金,1.6594946092923544,142,ok,
FAC_rank_vol_m6_n12_pairwise1,2020-10-30,Ctrl_log_fund_size,2.8943449299888138,142,ok,
FAC_rank_vol_m6_n12_pairwise1,2020-10-30,Ctrl_fund_age,3.2714380141742025,142,ok,
FAC_rank_vol_m6_n12_pairwise1,2020-11-30,FAC_rank_vol_m6_n12_pairwise1,1.6254499431751115,146,ok,
FAC_rank_vol_m6_n12_pairwise1,2020-11-30,CtrlRetSTR,1.1601060086319674,146,ok,
FAC_rank_vol_m6_n12_pairwise1,2020-11-30,CtrlRetLTM,1.4940973807817812,146,ok,
FAC_rank_vol_m6_n12_pairwise1,2020-11-30,CtrlVol,1.4316254556603494,146,ok,
FAC_rank_vol_m6_n12_pairwise1,2020-11-30,as_偏股混合型基金,1.573400415634867,146,ok,
FAC_rank_vol_m6_n12_pairwise1,2020-11-30,Ctrl_log_fund_size,2.7923068420529806,146,ok,
FAC_rank_vol_m6_n12_pairwise1,2020-11-30,Ctrl_fund_age,2.992574034420681,146,ok,
FAC_rank_vol_m6_n12_pairwise1,2020-12-31,FAC_rank_vol_m6_n12_pairwise1,2.184099566953653,153,ok,
FAC_rank_vol_m6_n12_pairwise1,2020-12-31,CtrlRetSTR,1.480918542766457,153,ok,
FAC_rank_vol_m6_n12_pairwise1,2020-12-31,CtrlRetLTM,1.5466766463170831,153,ok,
FAC_rank_vol_m6_n12_pairwise1,2020-12-31,CtrlVol,1.5218705680202118,153,ok,
FAC_rank_vol_m6_n12_pairwise1,2020-12-31,as_偏股混合型基金,1.481235624879805,153,ok,
FAC_rank_vol_m6_n12_pairwise1,2020-12-31,Ctrl_log_fund_size,2.899005269006681,153,ok,
FAC_rank_vol_m6_n12_pairwise1,2020-12-31,Ctrl_fund_age,2.9117409613906506,153,ok,
FAC_rank_vol_m6_n12_pairwise1,2021-01-29,FAC_rank_vol_m6_n12_pairwise1,1.9826944333027026,153,ok,
FAC_rank_vol_m6_n12_pairwise1,2021-01-29,CtrlRetSTR,1.0938311347661096,153,ok,
FAC_rank_vol_m6_n12_pairwise1,2021-01-29,CtrlRetLTM,1.6619097488339372,153,ok,
FAC_rank_vol_m6_n12_pairwise1,2021-01-29,CtrlVol,1.4374050198840824,153,ok,
FAC_rank_vol_m6_n12_pairwise1,2021-01-29,as_偏股混合型基金,1.4439104673044518,153,ok,
FAC_rank_vol_m6_n12_pairwise1,2021-01-29,Ctrl_log_fund_size,2.749238125211656,153,ok,
FAC_rank_vol_m6_n12_pairwise1,2021-01-29,Ctrl_fund_age,2.76383201009048,153,ok,
FAC_rank_vol_m6_n12_pairwise1,2021-02-26,FAC_rank_vol_m6_n12_pairwise1,1.3374292841806925,160,ok,
FAC_rank_vol_m6_n12_pairwise1,2021-02-26,CtrlRetSTR,1.5033818566216173,160,ok,
FAC_rank_vol_m6_n12_pairwise1,2021-02-26,CtrlRetLTM,1.350674367570241,160,ok,
FAC_rank_vol_m6_n12_pairwise1,2021-02-26,CtrlVol,1.706841397098543,160,ok,
FAC_rank_vol_m6_n12_pairwise1,2021-02-26,as_偏股混合型基金,1.4648571359705624,160,ok,
FAC_rank_vol_m6_n12_pairwise1,2021-02-26,Ctrl_log_fund_size,3.2143487477891663,160,ok,
FAC_rank_vol_m6_n12_pairwise1,2021-02-26,Ctrl_fund_age,3.3663696538779937,160,ok,
FAC_rank_vol_m6_n12_pairwise1,2021-03-31,FAC_rank_vol_m6_n12_pairwise1,1.2061467005977125,160,ok,
FAC_rank_vol_m6_n12_pairwise1,2021-03-31,CtrlRetSTR,1.2878971374260837,160,ok,
FAC_rank_vol_m6_n12_pairwise1,2021-03-31,CtrlRetLTM,1.1695344734031081,160,ok,
FAC_rank_vol_m6_n12_pairwise1,2021-03-31,CtrlVol,1.3707842870957585,160,ok,
FAC_rank_vol_m6_n12_pairwise1,2021-03-31,as_偏股混合型基金,1.4988409605877686,160,ok,
FAC_rank_vol_m6_n12_pairwise1,2021-03-31,Ctrl_log_fund_size,3.109257379112227,160,ok,
FAC_rank_vol_m6_n12_pairwise1,2021-03-31,Ctrl_fund_age,3.3600060022994627,160,ok,
FAC_rank_vol_m6_n12_pairwise1,2021-04-30,FAC_rank_vol_m6_n12_pairwise1,1.2856937933886914,163,ok,
FAC_rank_vol_m6_n12_pairwise1,2021-04-30,CtrlRetSTR,1.4490100675567763,163,ok,
FAC_rank_vol_m6_n12_pairwise1,2021-04-30,CtrlRetLTM,1.2285956179019828,163,ok,
FAC_rank_vol_m6_n12_pairwise1,2021-04-30,CtrlVol,1.776529971338352,163,ok,
FAC_rank_vol_m6_n12_pairwise1,2021-04-30,as_偏股混合型基金,1.4209478207807706,163,ok,
FAC_rank_vol_m6_n12_pairwise1,2021-04-30,Ctrl_log_fund_size,2.983433639255269,163,ok,
FAC_rank_vol_m6_n12_pairwise1,2021-04-30,Ctrl_fund_age,3.2291942350551577,163,ok,
FAC_rank_vol_m6_n12_pairwise1,2021-05-31,FAC_rank_vol_m6_n12_pairwise1,1.3682556950732974,166,ok,
FAC_rank_vol_m6_n12_pairwise1,2021-05-31,CtrlRetSTR,1.1534783611116066,166,ok,
FAC_rank_vol_m6_n12_pairwise1,2021-05-31,CtrlRetLTM,1.1516557764767632,166,ok,
FAC_rank_vol_m6_n12_pairwise1,2021-05-31,CtrlVol,1.3268411944573986,166,ok,
FAC_rank_vol_m6_n12_pairwise1,2021-05-31,as_偏股混合型基金,1.3990460315779827,166,ok,
FAC_rank_vol_m6_n12_pairwise1,2021-05-31,Ctrl_log_fund_size,2.804908883304642,166,ok,
FAC_rank_vol_m6_n12_pairwise1,2021-05-31,Ctrl_fund_age,3.1650986356967694,166,ok,
FAC_rank_vol_m6_n12_pairwise1,2021-06-30,FAC_rank_vol_m6_n12_pairwise1,1.1638670207377348,171,ok,
FAC_rank_vol_m6_n12_pairwise1,2021-06-30,CtrlRetSTR,1.2175779436839056,171,ok,
FAC_rank_vol_m6_n12_pairwise1,2021-06-30,CtrlRetLTM,1.2133815306859888,171,ok,
FAC_rank_vol_m6_n12_pairwise1,2021-06-30,CtrlVol,1.3084791387098635,171,ok,
FAC_rank_vol_m6_n12_pairwise1,2021-06-30,as_偏股混合型基金,1.3499940343875292,171,ok,
FAC_rank_vol_m6_n12_pairwise1,2021-06-30,Ctrl_log_fund_size,2.6054012318762236,171,ok,
FAC_rank_vol_m6_n12_pairwise1,2021-06-30,Ctrl_fund_age,2.877701652284077,171,ok,
FAC_rank_vol_m6_n12_pairwise1,2021-07-30,FAC_rank_vol_m6_n12_pairwise1,1.4980392807861165,174,ok,
FAC_rank_vol_m6_n12_pairwise1,2021-07-30,CtrlRetSTR,1.2928555250550333,174,ok,
FAC_rank_vol_m6_n12_pairwise1,2021-07-30,CtrlRetLTM,1.16025084319471,174,ok,
FAC_rank_vol_m6_n12_pairwise1,2021-07-30,CtrlVol,1.1624247448458351,174,ok,
FAC_rank_vol_m6_n12_pairwise1,2021-07-30,as_偏股混合型基金,1.3954563706012868,174,ok,
FAC_rank_vol_m6_n12_pairwise1,2021-07-30,Ctrl_log_fund_size,2.895947687892895,174,ok,
FAC_rank_vol_m6_n12_pairwise1,2021-07-30,Ctrl_fund_age,3.1268581835892375,174,ok,
FAC_rank_vol_m6_n12_pairwise1,2021-08-31,FAC_rank_vol_m6_n12_pairwise1,1.8799988993874106,184,ok,
FAC_rank_vol_m6_n12_pairwise1,2021-08-31,CtrlRetSTR,1.217320186377113,184,ok,
FAC_rank_vol_m6_n12_pairwise1,2021-08-31,CtrlRetLTM,1.5731879073841277,184,ok,
FAC_rank_vol_m6_n12_pairwise1,2021-08-31,CtrlVol,1.5157133080703658,184,ok,
FAC_rank_vol_m6_n12_pairwise1,2021-08-31,as_偏股混合型基金,1.3613186762778235,184,ok,
FAC_rank_vol_m6_n12_pairwise1,2021-08-31,Ctrl_log_fund_size,2.7912891185611755,184,ok,
FAC_rank_vol_m6_n12_pairwise1,2021-08-31,Ctrl_fund_age,2.9185609477651178,184,ok,
FAC_rank_vol_m6_n12_pairwise1,2021-09-30,FAC_rank_vol_m6_n12_pairwise1,1.8206554995482658,188,ok,
FAC_rank_vol_m6_n12_pairwise1,2021-09-30,CtrlRetSTR,1.577457019818107,188,ok,
FAC_rank_vol_m6_n12_pairwise1,2021-09-30,CtrlRetLTM,1.7624207347929342,188,ok,
FAC_rank_vol_m6_n12_pairwise1,2021-09-30,CtrlVol,1.5399062848321237,188,ok,
FAC_rank_vol_m6_n12_pairwise1,2021-09-30,as_偏股混合型基金,1.3065747746490954,188,ok,
FAC_rank_vol_m6_n12_pairwise1,2021-09-30,Ctrl_log_fund_size,2.6739203282169552,188,ok,
FAC_rank_vol_m6_n12_pairwise1,2021-09-30,Ctrl_fund_age,2.856686994270079,188,ok,
FAC_rank_vol_m6_n12_pairwise1,2021-10-29,FAC_rank_vol_m6_n12_pairwise1,1.6479302619312923,190,ok,
FAC_rank_vol_m6_n12_pairwise1,2021-10-29,CtrlRetSTR,1.179096302996639,190,ok,
FAC_rank_vol_m6_n12_pairwise1,2021-10-29,CtrlRetLTM,1.2562470543917803,190,ok,
FAC_rank_vol_m6_n12_pairwise1,2021-10-29,CtrlVol,1.6107682110791905,190,ok,
FAC_rank_vol_m6_n12_pairwise1,2021-10-29,as_偏股混合型基金,1.319010436301354,190,ok,
FAC_rank_vol_m6_n12_pairwise1,2021-10-29,Ctrl_log_fund_size,2.6429345257832004,190,ok,
FAC_rank_vol_m6_n12_pairwise1,2021-10-29,Ctrl_fund_age,2.647207564803408,190,ok,
FAC_rank_vol_m6_n12_pairwise1,2021-11-30,FAC_rank_vol_m6_n12_pairwise1,1.462720696492533,198,ok,
FAC_rank_vol_m6_n12_pairwise1,2021-11-30,CtrlRetSTR,1.1224960663071113,198,ok,
FAC_rank_vol_m6_n12_pairwise1,2021-11-30,CtrlRetLTM,1.2586862869863857,198,ok,
FAC_rank_vol_m6_n12_pairwise1,2021-11-30,CtrlVol,1.539822175774148,198,ok,
FAC_rank_vol_m6_n12_pairwise1,2021-11-30,as_偏股混合型基金,1.345858497517992,198,ok,
FAC_rank_vol_m6_n12_pairwise1,2021-11-30,Ctrl_log_fund_size,2.6059526855527935,198,ok,
FAC_rank_vol_m6_n12_pairwise1,2021-11-30,Ctrl_fund_age,2.7399191771067266,198,ok,
FAC_rank_vol_m6_n12_pairwise1,2021-12-31,FAC_rank_vol_m6_n12_pairwise1,1.4327525338789733,194,ok,
FAC_rank_vol_m6_n12_pairwise1,2021-12-31,CtrlRetSTR,1.304730861866544,194,ok,
FAC_rank_vol_m6_n12_pairwise1,2021-12-31,CtrlRetLTM,1.848919052043379,194,ok,
FAC_rank_vol_m6_n12_pairwise1,2021-12-31,CtrlVol,1.703199747849465,194,ok,
FAC_rank_vol_m6_n12_pairwise1,2021-12-31,as_偏股混合型基金,1.4271856195689439,194,ok,
FAC_rank_vol_m6_n12_pairwise1,2021-12-31,Ctrl_log_fund_size,2.7133196225746525,194,ok,
FAC_rank_vol_m6_n12_pairwise1,2021-12-31,Ctrl_fund_age,2.829047452919774,194,ok,
FAC_rank_vol_m6_n12_pairwise1,2022-01-28,FAC_rank_vol_m6_n12_pairwise1,1.491687435950088,201,ok,
FAC_rank_vol_m6_n12_pairwise1,2022-01-28,CtrlRetSTR,1.5996812228430397,201,ok,
FAC_rank_vol_m6_n12_pairwise1,2022-01-28,CtrlRetLTM,1.9416592059951019,201,ok,
FAC_rank_vol_m6_n12_pairwise1,2022-01-28,CtrlVol,2.4201209283327976,201,ok,
FAC_rank_vol_m6_n12_pairwise1,2022-01-28,as_偏股混合型基金,1.3362257733067662,201,ok,
FAC_rank_vol_m6_n12_pairwise1,2022-01-28,Ctrl_log_fund_size,2.777391658113121,201,ok,
FAC_rank_vol_m6_n12_pairwise1,2022-01-28,Ctrl_fund_age,2.9273151545415197,201,ok,
FAC_rank_vol_m6_n12_pairwise1,2022-02-28,FAC_rank_vol_m6_n12_pairwise1,1.3982681864998598,214,ok,
FAC_rank_vol_m6_n12_pairwise1,2022-02-28,CtrlRetSTR,1.1874783023297533,214,ok,
FAC_rank_vol_m6_n12_pairwise1,2022-02-28,CtrlRetLTM,1.6617318139131732,214,ok,
FAC_rank_vol_m6_n12_pairwise1,2022-02-28,CtrlVol,1.4906327779866877,214,ok,
FAC_rank_vol_m6_n12_pairwise1,2022-02-28,as_偏股混合型基金,1.340696017065503,214,ok,
FAC_rank_vol_m6_n12_pairwise1,2022-02-28,Ctrl_log_fund_size,2.6536470346189005,214,ok,
FAC_rank_vol_m6_n12_pairwise1,2022-02-28,Ctrl_fund_age,2.815146137508738,214,ok,
FAC_rank_vol_m6_n12_pairwise1,2022-03-31,FAC_rank_vol_m6_n12_pairwise1,1.535721109153932,208,ok,
FAC_rank_vol_m6_n12_pairwise1,2022-03-31,CtrlRetSTR,1.3347626026936303,208,ok,
FAC_rank_vol_m6_n12_pairwise1,2022-03-31,CtrlRetLTM,1.476751046106343,208,ok,
FAC_rank_vol_m6_n12_pairwise1,2022-03-31,CtrlVol,1.1377801240685488,208,ok,
FAC_rank_vol_m6_n12_pairwise1,2022-03-31,as_偏股混合型基金,1.2778131666587964,208,ok,
FAC_rank_vol_m6_n12_pairwise1,2022-03-31,Ctrl_log_fund_size,2.7046901346012273,208,ok,
FAC_rank_vol_m6_n12_pairwise1,2022-03-31,Ctrl_fund_age,2.858302567408758,208,ok,
FAC_rank_vol_m6_n12_pairwise1,2022-04-29,FAC_rank_vol_m6_n12_pairwise1,1.527874619198801,212,ok,
FAC_rank_vol_m6_n12_pairwise1,2022-04-29,CtrlRetSTR,1.368041720560132,212,ok,
FAC_rank_vol_m6_n12_pairwise1,2022-04-29,CtrlRetLTM,2.0036338089901844,212,ok,
FAC_rank_vol_m6_n12_pairwise1,2022-04-29,CtrlVol,1.714895967702044,212,ok,
FAC_rank_vol_m6_n12_pairwise1,2022-04-29,as_偏股混合型基金,1.239273572891305,212,ok,
FAC_rank_vol_m6_n12_pairwise1,2022-04-29,Ctrl_log_fund_size,2.519792614892042,212,ok,
FAC_rank_vol_m6_n12_pairwise1,2022-04-29,Ctrl_fund_age,2.582152325255087,212,ok,
FAC_rank_vol_m6_n12_pairwise1,2022-05-31,FAC_rank_vol_m6_n12_pairwise1,1.477467453281902,228,ok,
FAC_rank_vol_m6_n12_pairwise1,2022-05-31,CtrlRetSTR,1.0446441594305953,228,ok,
FAC_rank_vol_m6_n12_pairwise1,2022-05-31,CtrlRetLTM,1.8347195543123278,228,ok,
FAC_rank_vol_m6_n12_pairwise1,2022-05-31,CtrlVol,1.640149734445262,228,ok,
FAC_rank_vol_m6_n12_pairwise1,2022-05-31,as_偏股混合型基金,1.2422237400961829,228,ok,
FAC_rank_vol_m6_n12_pairwise1,2022-05-31,Ctrl_log_fund_size,2.491625509668318,228,ok,
FAC_rank_vol_m6_n12_pairwise1,2022-05-31,Ctrl_fund_age,2.5186716840643246,228,ok,
FAC_rank_vol_m6_n12_pairwise1,2022-06-30,FAC_rank_vol_m6_n12_pairwise1,1.6215026037152371,237,ok,
FAC_rank_vol_m6_n12_pairwise1,2022-06-30,CtrlRetSTR,1.1894820321249366,237,ok,
FAC_rank_vol_m6_n12_pairwise1,2022-06-30,CtrlRetLTM,1.8303483204888116,237,ok,
FAC_rank_vol_m6_n12_pairwise1,2022-06-30,CtrlVol,1.9654338310553527,237,ok,
FAC_rank_vol_m6_n12_pairwise1,2022-06-30,as_偏股混合型基金,1.1599722849440302,237,ok,
FAC_rank_vol_m6_n12_pairwise1,2022-06-30,Ctrl_log_fund_size,2.78614075970675,237,ok,
FAC_rank_vol_m6_n12_pairwise1,2022-06-30,Ctrl_fund_age,2.738999792913142,237,ok,
FAC_rank_vol_m12_n6_pairwise1,2006-12-29,FAC_rank_vol_m12_n6_pairwise1,,1,skipped,完整变量样本数小于 min_cross_section_n
FAC_rank_vol_m12_n6_pairwise1,2006-12-29,CtrlRetSTR,,1,skipped,完整变量样本数小于 min_cross_section_n
FAC_rank_vol_m12_n6_pairwise1,2006-12-29,CtrlRetLTM,,1,skipped,完整变量样本数小于 min_cross_section_n
FAC_rank_vol_m12_n6_pairwise1,2006-12-29,CtrlVol,,1,skipped,完整变量样本数小于 min_cross_section_n
FAC_rank_vol_m12_n6_pairwise1,2006-12-29,as_偏股混合型基金,,1,skipped,完整变量样本数小于 min_cross_section_n
FAC_rank_vol_m12_n6_pairwise1,2006-12-29,Ctrl_log_fund_size,,1,skipped,完整变量样本数小于 min_cross_section_n
FAC_rank_vol_m12_n6_pairwise1,2006-12-29,Ctrl_fund_age,,1,skipped,完整变量样本数小于 min_cross_section_n
FAC_rank_vol_m12_n6_pairwise1,2007-01-31,FAC_rank_vol_m12_n6_pairwise1,,2,skipped,完整变量样本数小于 min_cross_section_n
FAC_rank_vol_m12_n6_pairwise1,2007-01-31,CtrlRetSTR,,2,skipped,完整变量样本数小于 min_cross_section_n
FAC_rank_vol_m12_n6_pairwise1,2007-01-31,CtrlRetLTM,,2,skipped,完整变量样本数小于 min_cross_section_n
FAC_rank_vol_m12_n6_pairwise1,2007-01-31,CtrlVol,,2,skipped,完整变量样本数小于 min_cross_section_n
FAC_rank_vol_m12_n6_pairwise1,2007-01-31,as_偏股混合型基金,,2,skipped,完整变量样本数小于 min_cross_section_n
FAC_rank_vol_m12_n6_pairwise1,2007-01-31,Ctrl_log_fund_size,,2,skipped,完整变量样本数小于 min_cross_section_n
FAC_rank_vol_m12_n6_pairwise1,2007-01-31,Ctrl_fund_age,,2,skipped,完整变量样本数小于 min_cross_section_n
FAC_rank_vol_m12_n6_pairwise1,2007-02-28,FAC_rank_vol_m12_n6_pairwise1,,2,skipped,完整变量样本数小于 min_cross_section_n
FAC_rank_vol_m12_n6_pairwise1,2007-02-28,CtrlRetSTR,,2,skipped,完整变量样本数小于 min_cross_section_n
FAC_rank_vol_m12_n6_pairwise1,2007-02-28,CtrlRetLTM,,2,skipped,完整变量样本数小于 min_cross_section_n
FAC_rank_vol_m12_n6_pairwise1,2007-02-28,CtrlVol,,2,skipped,完整变量样本数小于 min_cross_section_n
FAC_rank_vol_m12_n6_pairwise1,2007-02-28,as_偏股混合型基金,,2,skipped,完整变量样本数小于 min_cross_section_n
FAC_rank_vol_m12_n6_pairwise1,2007-02-28,Ctrl_log_fund_size,,2,skipped,完整变量样本数小于 min_cross_section_n
FAC_rank_vol_m12_n6_pairwise1,2007-02-28,Ctrl_fund_age,,2,skipped,完整变量样本数小于 min_cross_section_n
FAC_rank_vol_m12_n6_pairwise1,2007-03-30,FAC_rank_vol_m12_n6_pairwise1,,2,skipped,完整变量样本数小于 min_cross_section_n
FAC_rank_vol_m12_n6_pairwise1,2007-03-30,CtrlRetSTR,,2,skipped,完整变量样本数小于 min_cross_section_n
FAC_rank_vol_m12_n6_pairwise1,2007-03-30,CtrlRetLTM,,2,skipped,完整变量样本数小于 min_cross_section_n
FAC_rank_vol_m12_n6_pairwise1,2007-03-30,CtrlVol,,2,skipped,完整变量样本数小于 min_cross_section_n
FAC_rank_vol_m12_n6_pairwise1,2007-03-30,as_偏股混合型基金,,2,skipped,完整变量样本数小于 min_cross_section_n
FAC_rank_vol_m12_n6_pairwise1,2007-03-30,Ctrl_log_fund_size,,2,skipped,完整变量样本数小于 min_cross_section_n
FAC_rank_vol_m12_n6_pairwise1,2007-03-30,Ctrl_fund_age,,2,skipped,完整变量样本数小于 min_cross_section_n
FAC_rank_vol_m12_n6_pairwise1,2007-04-30,FAC_rank_vol_m12_n6_pairwise1,,1,skipped,完整变量样本数小于 min_cross_section_n
FAC_rank_vol_m12_n6_pairwise1,2007-04-30,CtrlRetSTR,,1,skipped,完整变量样本数小于 min_cross_section_n
FAC_rank_vol_m12_n6_pairwise1,2007-04-30,CtrlRetLTM,,1,skipped,完整变量样本数小于 min_cross_section_n
FAC_rank_vol_m12_n6_pairwise1,2007-04-30,CtrlVol,,1,skipped,完整变量样本数小于 min_cross_section_n
FAC_rank_vol_m12_n6_pairwise1,2007-04-30,as_偏股混合型基金,,1,skipped,完整变量样本数小于 min_cross_section_n
FAC_rank_vol_m12_n6_pairwise1,2007-04-30,Ctrl_log_fund_size,,1,skipped,完整变量样本数小于 min_cross_section_n
FAC_rank_vol_m12_n6_pairwise1,2007-04-30,Ctrl_fund_age,,1,skipped,完整变量样本数小于 min_cross_section_n
FAC_rank_vol_m12_n6_pairwise1,2007-05-31,FAC_rank_vol_m12_n6_pairwise1,,1,skipped,完整变量样本数小于 min_cross_section_n
FAC_rank_vol_m12_n6_pairwise1,2007-05-31,CtrlRetSTR,,1,skipped,完整变量样本数小于 min_cross_section_n
FAC_rank_vol_m12_n6_pairwise1,2007-05-31,CtrlRetLTM,,1,skipped,完整变量样本数小于 min_cross_section_n
FAC_rank_vol_m12_n6_pairwise1,2007-05-31,CtrlVol,,1,skipped,完整变量样本数小于 min_cross_section_n
FAC_rank_vol_m12_n6_pairwise1,2007-05-31,as_偏股混合型基金,,1,skipped,完整变量样本数小于 min_cross_section_n
FAC_rank_vol_m12_n6_pairwise1,2007-05-31,Ctrl_log_fund_size,,1,skipped,完整变量样本数小于 min_cross_section_n
FAC_rank_vol_m12_n6_pairwise1,2007-05-31,Ctrl_fund_age,,1,skipped,完整变量样本数小于 min_cross_section_n
FAC_rank_vol_m12_n6_pairwise1,2007-06-29,FAC_rank_vol_m12_n6_pairwise1,,1,skipped,完整变量样本数小于 min_cross_section_n
FAC_rank_vol_m12_n6_pairwise1,2007-06-29,CtrlRetSTR,,1,skipped,完整变量样本数小于 min_cross_section_n
FAC_rank_vol_m12_n6_pairwise1,2007-06-29,CtrlRetLTM,,1,skipped,完整变量样本数小于 min_cross_section_n
FAC_rank_vol_m12_n6_pairwise1,2007-06-29,CtrlVol,,1,skipped,完整变量样本数小于 min_cross_section_n
FAC_rank_vol_m12_n6_pairwise1,2007-06-29,as_偏股混合型基金,,1,skipped,完整变量样本数小于 min_cross_section_n
FAC_rank_vol_m12_n6_pairwise1,2007-06-29,Ctrl_log_fund_size,,1,skipped,完整变量样本数小于 min_cross_section_n
FAC_rank_vol_m12_n6_pairwise1,2007-06-29,Ctrl_fund_age,,1,skipped,完整变量样本数小于 min_cross_section_n
FAC_rank_vol_m12_n6_pairwise1,2007-07-31,FAC_rank_vol_m12_n6_pairwise1,,1,skipped,完整变量样本数小于 min_cross_section_n
FAC_rank_vol_m12_n6_pairwise1,2007-07-31,CtrlRetSTR,,1,skipped,完整变量样本数小于 min_cross_section_n
FAC_rank_vol_m12_n6_pairwise1,2007-07-31,CtrlRetLTM,,1,skipped,完整变量样本数小于 min_cross_section_n
FAC_rank_vol_m12_n6_pairwise1,2007-07-31,CtrlVol,,1,skipped,完整变量样本数小于 min_cross_section_n
FAC_rank_vol_m12_n6_pairwise1,2007-07-31,as_偏股混合型基金,,1,skipped,完整变量样本数小于 min_cross_section_n
FAC_rank_vol_m12_n6_pairwise1,2007-07-31,Ctrl_log_fund_size,,1,skipped,完整变量样本数小于 min_cross_section_n
FAC_rank_vol_m12_n6_pairwise1,2007-07-31,Ctrl_fund_age,,1,skipped,完整变量样本数小于 min_cross_section_n
FAC_rank_vol_m12_n6_pairwise1,2007-08-31,FAC_rank_vol_m12_n6_pairwise1,,2,skipped,完整变量样本数小于 min_cross_section_n
FAC_rank_vol_m12_n6_pairwise1,2007-08-31,CtrlRetSTR,,2,skipped,完整变量样本数小于 min_cross_section_n
FAC_rank_vol_m12_n6_pairwise1,2007-08-31,CtrlRetLTM,,2,skipped,完整变量样本数小于 min_cross_section_n
FAC_rank_vol_m12_n6_pairwise1,2007-08-31,CtrlVol,,2,skipped,完整变量样本数小于 min_cross_section_n
FAC_rank_vol_m12_n6_pairwise1,2007-08-31,as_偏股混合型基金,,2,skipped,完整变量样本数小于 min_cross_section_n
FAC_rank_vol_m12_n6_pairwise1,2007-08-31,Ctrl_log_fund_size,,2,skipped,完整变量样本数小于 min_cross_section_n
FAC_rank_vol_m12_n6_pairwise1,2007-08-31,Ctrl_fund_age,,2,skipped,完整变量样本数小于 min_cross_section_n
FAC_rank_vol_m12_n6_pairwise1,2007-09-28,FAC_rank_vol_m12_n6_pairwise1,,1,skipped,完整变量样本数小于 min_cross_section_n
FAC_rank_vol_m12_n6_pairwise1,2007-09-28,CtrlRetSTR,,1,skipped,完整变量样本数小于 min_cross_section_n
FAC_rank_vol_m12_n6_pairwise1,2007-09-28,CtrlRetLTM,,1,skipped,完整变量样本数小于 min_cross_section_n
FAC_rank_vol_m12_n6_pairwise1,2007-09-28,CtrlVol,,1,skipped,完整变量样本数小于 min_cross_section_n
FAC_rank_vol_m12_n6_pairwise1,2007-09-28,as_偏股混合型基金,,1,skipped,完整变量样本数小于 min_cross_section_n
FAC_rank_vol_m12_n6_pairwise1,2007-09-28,Ctrl_log_fund_size,,1,skipped,完整变量样本数小于 min_cross_section_n
FAC_rank_vol_m12_n6_pairwise1,2007-09-28,Ctrl_fund_age,,1,skipped,完整变量样本数小于 min_cross_section_n
FAC_rank_vol_m12_n6_pairwise1,2007-10-31,FAC_rank_vol_m12_n6_pairwise1,,1,skipped,完整变量样本数小于 min_cross_section_n
FAC_rank_vol_m12_n6_pairwise1,2007-10-31,CtrlRetSTR,,1,skipped,完整变量样本数小于 min_cross_section_n
FAC_rank_vol_m12_n6_pairwise1,2007-10-31,CtrlRetLTM,,1,skipped,完整变量样本数小于 min_cross_section_n
FAC_rank_vol_m12_n6_pairwise1,2007-10-31,CtrlVol,,1,skipped,完整变量样本数小于 min_cross_section_n
FAC_rank_vol_m12_n6_pairwise1,2007-10-31,as_偏股混合型基金,,1,skipped,完整变量样本数小于 min_cross_section_n
FAC_rank_vol_m12_n6_pairwise1,2007-10-31,Ctrl_log_fund_size,,1,skipped,完整变量样本数小于 min_cross_section_n
FAC_rank_vol_m12_n6_pairwise1,2007-10-31,Ctrl_fund_age,,1,skipped,完整变量样本数小于 min_cross_section_n
FAC_rank_vol_m12_n6_pairwise1,2007-11-30,FAC_rank_vol_m12_n6_pairwise1,,1,skipped,完整变量样本数小于 min_cross_section_n
FAC_rank_vol_m12_n6_pairwise1,2007-11-30,CtrlRetSTR,,1,skipped,完整变量样本数小于 min_cross_section_n
FAC_rank_vol_m12_n6_pairwise1,2007-11-30,CtrlRetLTM,,1,skipped,完整变量样本数小于 min_cross_section_n
FAC_rank_vol_m12_n6_pairwise1,2007-11-30,CtrlVol,,1,skipped,完整变量样本数小于 min_cross_section_n
FAC_rank_vol_m12_n6_pairwise1,2007-11-30,as_偏股混合型基金,,1,skipped,完整变量样本数小于 min_cross_section_n
FAC_rank_vol_m12_n6_pairwise1,2007-11-30,Ctrl_log_fund_size,,1,skipped,完整变量样本数小于 min_cross_section_n
FAC_rank_vol_m12_n6_pairwise1,2007-11-30,Ctrl_fund_age,,1,skipped,完整变量样本数小于 min_cross_section_n
FAC_rank_vol_m12_n6_pairwise1,2007-12-28,FAC_rank_vol_m12_n6_pairwise1,,2,skipped,完整变量样本数小于 min_cross_section_n
FAC_rank_vol_m12_n6_pairwise1,2007-12-28,CtrlRetSTR,,2,skipped,完整变量样本数小于 min_cross_section_n
FAC_rank_vol_m12_n6_pairwise1,2007-12-28,CtrlRetLTM,,2,skipped,完整变量样本数小于 min_cross_section_n
FAC_rank_vol_m12_n6_pairwise1,2007-12-28,CtrlVol,,2,skipped,完整变量样本数小于 min_cross_section_n
FAC_rank_vol_m12_n6_pairwise1,2007-12-28,as_偏股混合型基金,,2,skipped,完整变量样本数小于 min_cross_section_n
FAC_rank_vol_m12_n6_pairwise1,2007-12-28,Ctrl_log_fund_size,,2,skipped,完整变量样本数小于 min_cross_section_n
FAC_rank_vol_m12_n6_pairwise1,2007-12-28,Ctrl_fund_age,,2,skipped,完整变量样本数小于 min_cross_section_n
FAC_rank_vol_m12_n6_pairwise1,2008-01-31,FAC_rank_vol_m12_n6_pairwise1,,2,skipped,完整变量样本数小于 min_cross_section_n
FAC_rank_vol_m12_n6_pairwise1,2008-01-31,CtrlRetSTR,,2,skipped,完整变量样本数小于 min_cross_section_n
FAC_rank_vol_m12_n6_pairwise1,2008-01-31,CtrlRetLTM,,2,skipped,完整变量样本数小于 min_cross_section_n
FAC_rank_vol_m12_n6_pairwise1,2008-01-31,CtrlVol,,2,skipped,完整变量样本数小于 min_cross_section_n
FAC_rank_vol_m12_n6_pairwise1,2008-01-31,as_偏股混合型基金,,2,skipped,完整变量样本数小于 min_cross_section_n
FAC_rank_vol_m12_n6_pairwise1,2008-01-31,Ctrl_log_fund_size,,2,skipped,完整变量样本数小于 min_cross_section_n
FAC_rank_vol_m12_n6_pairwise1,2008-01-31,Ctrl_fund_age,,2,skipped,完整变量样本数小于 min_cross_section_n
FAC_rank_vol_m12_n6_pairwise1,2008-02-29,FAC_rank_vol_m12_n6_pairwise1,,2,skipped,完整变量样本数小于 min_cross_section_n
FAC_rank_vol_m12_n6_pairwise1,2008-02-29,CtrlRetSTR,,2,skipped,完整变量样本数小于 min_cross_section_n
FAC_rank_vol_m12_n6_pairwise1,2008-02-29,CtrlRetLTM,,2,skipped,完整变量样本数小于 min_cross_section_n
FAC_rank_vol_m12_n6_pairwise1,2008-02-29,CtrlVol,,2,skipped,完整变量样本数小于 min_cross_section_n
FAC_rank_vol_m12_n6_pairwise1,2008-02-29,as_偏股混合型基金,,2,skipped,完整变量样本数小于 min_cross_section_n
FAC_rank_vol_m12_n6_pairwise1,2008-02-29,Ctrl_log_fund_size,,2,skipped,完整变量样本数小于 min_cross_section_n
FAC_rank_vol_m12_n6_pairwise1,2008-02-29,Ctrl_fund_age,,2,skipped,完整变量样本数小于 min_cross_section_n
FAC_rank_vol_m12_n6_pairwise1,2008-03-31,FAC_rank_vol_m12_n6_pairwise1,,2,skipped,完整变量样本数小于 min_cross_section_n
FAC_rank_vol_m12_n6_pairwise1,2008-03-31,CtrlRetSTR,,2,skipped,完整变量样本数小于 min_cross_section_n
FAC_rank_vol_m12_n6_pairwise1,2008-03-31,CtrlRetLTM,,2,skipped,完整变量样本数小于 min_cross_section_n
FAC_rank_vol_m12_n6_pairwise1,2008-03-31,CtrlVol,,2,skipped,完整变量样本数小于 min_cross_section_n
FAC_rank_vol_m12_n6_pairwise1,2008-03-31,as_偏股混合型基金,,2,skipped,完整变量样本数小于 min_cross_section_n
FAC_rank_vol_m12_n6_pairwise1,2008-03-31,Ctrl_log_fund_size,,2,skipped,完整变量样本数小于 min_cross_section_n
FAC_rank_vol_m12_n6_pairwise1,2008-03-31,Ctrl_fund_age,,2,skipped,完整变量样本数小于 min_cross_section_n
FAC_rank_vol_m12_n6_pairwise1,2008-04-30,FAC_rank_vol_m12_n6_pairwise1,,2,skipped,完整变量样本数小于 min_cross_section_n
FAC_rank_vol_m12_n6_pairwise1,2008-04-30,CtrlRetSTR,,2,skipped,完整变量样本数小于 min_cross_section_n
FAC_rank_vol_m12_n6_pairwise1,2008-04-30,CtrlRetLTM,,2,skipped,完整变量样本数小于 min_cross_section_n
FAC_rank_vol_m12_n6_pairwise1,2008-04-30,CtrlVol,,2,skipped,完整变量样本数小于 min_cross_section_n
FAC_rank_vol_m12_n6_pairwise1,2008-04-30,as_偏股混合型基金,,2,skipped,完整变量样本数小于 min_cross_section_n
FAC_rank_vol_m12_n6_pairwise1,2008-04-30,Ctrl_log_fund_size,,2,skipped,完整变量样本数小于 min_cross_section_n
FAC_rank_vol_m12_n6_pairwise1,2008-04-30,Ctrl_fund_age,,2,skipped,完整变量样本数小于 min_cross_section_n
FAC_rank_vol_m12_n6_pairwise1,2008-05-30,FAC_rank_vol_m12_n6_pairwise1,,4,skipped,完整变量样本数小于 min_cross_section_n
FAC_rank_vol_m12_n6_pairwise1,2008-05-30,CtrlRetSTR,,4,skipped,完整变量样本数小于 min_cross_section_n
FAC_rank_vol_m12_n6_pairwise1,2008-05-30,CtrlRetLTM,,4,skipped,完整变量样本数小于 min_cross_section_n
FAC_rank_vol_m12_n6_pairwise1,2008-05-30,CtrlVol,,4,skipped,完整变量样本数小于 min_cross_section_n
FAC_rank_vol_m12_n6_pairwise1,2008-05-30,as_偏股混合型基金,,4,skipped,完整变量样本数小于 min_cross_section_n
FAC_rank_vol_m12_n6_pairwise1,2008-05-30,Ctrl_log_fund_size,,4,skipped,完整变量样本数小于 min_cross_section_n
FAC_rank_vol_m12_n6_pairwise1,2008-05-30,Ctrl_fund_age,,4,skipped,完整变量样本数小于 min_cross_section_n
FAC_rank_vol_m12_n6_pairwise1,2008-06-30,FAC_rank_vol_m12_n6_pairwise1,,4,skipped,完整变量样本数小于 min_cross_section_n
FAC_rank_vol_m12_n6_pairwise1,2008-06-30,CtrlRetSTR,,4,skipped,完整变量样本数小于 min_cross_section_n
FAC_rank_vol_m12_n6_pairwise1,2008-06-30,CtrlRetLTM,,4,skipped,完整变量样本数小于 min_cross_section_n
FAC_rank_vol_m12_n6_pairwise1,2008-06-30,CtrlVol,,4,skipped,完整变量样本数小于 min_cross_section_n
FAC_rank_vol_m12_n6_pairwise1,2008-06-30,as_偏股混合型基金,,4,skipped,完整变量样本数小于 min_cross_section_n
FAC_rank_vol_m12_n6_pairwise1,2008-06-30,Ctrl_log_fund_size,,4,skipped,完整变量样本数小于 min_cross_section_n
FAC_rank_vol_m12_n6_pairwise1,2008-06-30,Ctrl_fund_age,,4,skipped,完整变量样本数小于 min_cross_section_n
FAC_rank_vol_m12_n6_pairwise1,2008-07-31,FAC_rank_vol_m12_n6_pairwise1,,4,skipped,完整变量样本数小于 min_cross_section_n
FAC_rank_vol_m12_n6_pairwise1,2008-07-31,CtrlRetSTR,,4,skipped,完整变量样本数小于 min_cross_section_n
FAC_rank_vol_m12_n6_pairwise1,2008-07-31,CtrlRetLTM,,4,skipped,完整变量样本数小于 min_cross_section_n
FAC_rank_vol_m12_n6_pairwise1,2008-07-31,CtrlVol,,4,skipped,完整变量样本数小于 min_cross_section_n
FAC_rank_vol_m12_n6_pairwise1,2008-07-31,as_偏股混合型基金,,4,skipped,完整变量样本数小于 min_cross_section_n
FAC_rank_vol_m12_n6_pairwise1,2008-07-31,Ctrl_log_fund_size,,4,skipped,完整变量样本数小于 min_cross_section_n
FAC_rank_vol_m12_n6_pairwise1,2008-07-31,Ctrl_fund_age,,4,skipped,完整变量样本数小于 min_cross_section_n
FAC_rank_vol_m12_n6_pairwise1,2008-08-29,FAC_rank_vol_m12_n6_pairwise1,,4,skipped,完整变量样本数小于 min_cross_section_n
FAC_rank_vol_m12_n6_pairwise1,2008-08-29,CtrlRetSTR,,4,skipped,完整变量样本数小于 min_cross_section_n
FAC_rank_vol_m12_n6_pairwise1,2008-08-29,CtrlRetLTM,,4,skipped,完整变量样本数小于 min_cross_section_n
FAC_rank_vol_m12_n6_pairwise1,2008-08-29,CtrlVol,,4,skipped,完整变量样本数小于 min_cross_section_n
FAC_rank_vol_m12_n6_pairwise1,2008-08-29,as_偏股混合型基金,,4,skipped,完整变量样本数小于 min_cross_section_n
FAC_rank_vol_m12_n6_pairwise1,2008-08-29,Ctrl_log_fund_size,,4,skipped,完整变量样本数小于 min_cross_section_n
FAC_rank_vol_m12_n6_pairwise1,2008-08-29,Ctrl_fund_age,,4,skipped,完整变量样本数小于 min_cross_section_n
FAC_rank_vol_m12_n6_pairwise1,2008-09-26,FAC_rank_vol_m12_n6_pairwise1,,4,skipped,完整变量样本数小于 min_cross_section_n
FAC_rank_vol_m12_n6_pairwise1,2008-09-26,CtrlRetSTR,,4,skipped,完整变量样本数小于 min_cross_section_n
FAC_rank_vol_m12_n6_pairwise1,2008-09-26,CtrlRetLTM,,4,skipped,完整变量样本数小于 min_cross_section_n
FAC_rank_vol_m12_n6_pairwise1,2008-09-26,CtrlVol,,4,skipped,完整变量样本数小于 min_cross_section_n
FAC_rank_vol_m12_n6_pairwise1,2008-09-26,as_偏股混合型基金,,4,skipped,完整变量样本数小于 min_cross_section_n
FAC_rank_vol_m12_n6_pairwise1,2008-09-26,Ctrl_log_fund_size,,4,skipped,完整变量样本数小于 min_cross_section_n
FAC_rank_vol_m12_n6_pairwise1,2008-09-26,Ctrl_fund_age,,4,skipped,完整变量样本数小于 min_cross_section_n
FAC_rank_vol_m12_n6_pairwise1,2008-10-31,FAC_rank_vol_m12_n6_pairwise1,,5,skipped,完整变量样本数小于 min_cross_section_n
FAC_rank_vol_m12_n6_pairwise1,2008-10-31,CtrlRetSTR,,5,skipped,完整变量样本数小于 min_cross_section_n
FAC_rank_vol_m12_n6_pairwise1,2008-10-31,CtrlRetLTM,,5,skipped,完整变量样本数小于 min_cross_section_n
FAC_rank_vol_m12_n6_pairwise1,2008-10-31,CtrlVol,,5,skipped,完整变量样本数小于 min_cross_section_n
FAC_rank_vol_m12_n6_pairwise1,2008-10-31,as_偏股混合型基金,,5,skipped,完整变量样本数小于 min_cross_section_n
FAC_rank_vol_m12_n6_pairwise1,2008-10-31,Ctrl_log_fund_size,,5,skipped,完整变量样本数小于 min_cross_section_n
FAC_rank_vol_m12_n6_pairwise1,2008-10-31,Ctrl_fund_age,,5,skipped,完整变量样本数小于 min_cross_section_n
FAC_rank_vol_m12_n6_pairwise1,2008-11-28,FAC_rank_vol_m12_n6_pairwise1,,6,skipped,完整变量样本数小于 min_cross_section_n
FAC_rank_vol_m12_n6_pairwise1,2008-11-28,CtrlRetSTR,,6,skipped,完整变量样本数小于 min_cross_section_n
FAC_rank_vol_m12_n6_pairwise1,2008-11-28,CtrlRetLTM,,6,skipped,完整变量样本数小于 min_cross_section_n
FAC_rank_vol_m12_n6_pairwise1,2008-11-28,CtrlVol,,6,skipped,完整变量样本数小于 min_cross_section_n
FAC_rank_vol_m12_n6_pairwise1,2008-11-28,as_偏股混合型基金,,6,skipped,完整变量样本数小于 min_cross_section_n
FAC_rank_vol_m12_n6_pairwise1,2008-11-28,Ctrl_log_fund_size,,6,skipped,完整变量样本数小于 min_cross_section_n
FAC_rank_vol_m12_n6_pairwise1,2008-11-28,Ctrl_fund_age,,6,skipped,完整变量样本数小于 min_cross_section_n
FAC_rank_vol_m12_n6_pairwise1,2008-12-31,FAC_rank_vol_m12_n6_pairwise1,,7,skipped,完整变量样本数小于 min_cross_section_n
FAC_rank_vol_m12_n6_pairwise1,2008-12-31,CtrlRetSTR,,7,skipped,完整变量样本数小于 min_cross_section_n
FAC_rank_vol_m12_n6_pairwise1,2008-12-31,CtrlRetLTM,,7,skipped,完整变量样本数小于 min_cross_section_n
FAC_rank_vol_m12_n6_pairwise1,2008-12-31,CtrlVol,,7,skipped,完整变量样本数小于 min_cross_section_n
FAC_rank_vol_m12_n6_pairwise1,2008-12-31,as_偏股混合型基金,,7,skipped,完整变量样本数小于 min_cross_section_n
FAC_rank_vol_m12_n6_pairwise1,2008-12-31,Ctrl_log_fund_size,,7,skipped,完整变量样本数小于 min_cross_section_n
FAC_rank_vol_m12_n6_pairwise1,2008-12-31,Ctrl_fund_age,,7,skipped,完整变量样本数小于 min_cross_section_n
FAC_rank_vol_m12_n6_pairwise1,2009-01-23,FAC_rank_vol_m12_n6_pairwise1,,6,skipped,完整变量样本数小于 min_cross_section_n
FAC_rank_vol_m12_n6_pairwise1,2009-01-23,CtrlRetSTR,,6,skipped,完整变量样本数小于 min_cross_section_n
FAC_rank_vol_m12_n6_pairwise1,2009-01-23,CtrlRetLTM,,6,skipped,完整变量样本数小于 min_cross_section_n
FAC_rank_vol_m12_n6_pairwise1,2009-01-23,CtrlVol,,6,skipped,完整变量样本数小于 min_cross_section_n
FAC_rank_vol_m12_n6_pairwise1,2009-01-23,as_偏股混合型基金,,6,skipped,完整变量样本数小于 min_cross_section_n
FAC_rank_vol_m12_n6_pairwise1,2009-01-23,Ctrl_log_fund_size,,6,skipped,完整变量样本数小于 min_cross_section_n
FAC_rank_vol_m12_n6_pairwise1,2009-01-23,Ctrl_fund_age,,6,skipped,完整变量样本数小于 min_cross_section_n
FAC_rank_vol_m12_n6_pairwise1,2009-02-27,FAC_rank_vol_m12_n6_pairwise1,,7,skipped,完整变量样本数小于 min_cross_section_n
FAC_rank_vol_m12_n6_pairwise1,2009-02-27,CtrlRetSTR,,7,skipped,完整变量样本数小于 min_cross_section_n
FAC_rank_vol_m12_n6_pairwise1,2009-02-27,CtrlRetLTM,,7,skipped,完整变量样本数小于 min_cross_section_n
FAC_rank_vol_m12_n6_pairwise1,2009-02-27,CtrlVol,,7,skipped,完整变量样本数小于 min_cross_section_n
FAC_rank_vol_m12_n6_pairwise1,2009-02-27,as_偏股混合型基金,,7,skipped,完整变量样本数小于 min_cross_section_n
FAC_rank_vol_m12_n6_pairwise1,2009-02-27,Ctrl_log_fund_size,,7,skipped,完整变量样本数小于 min_cross_section_n
FAC_rank_vol_m12_n6_pairwise1,2009-02-27,Ctrl_fund_age,,7,skipped,完整变量样本数小于 min_cross_section_n
FAC_rank_vol_m12_n6_pairwise1,2009-03-31,FAC_rank_vol_m12_n6_pairwise1,,7,skipped,完整变量样本数小于 min_cross_section_n
FAC_rank_vol_m12_n6_pairwise1,2009-03-31,CtrlRetSTR,,7,skipped,完整变量样本数小于 min_cross_section_n
FAC_rank_vol_m12_n6_pairwise1,2009-03-31,CtrlRetLTM,,7,skipped,完整变量样本数小于 min_cross_section_n
FAC_rank_vol_m12_n6_pairwise1,2009-03-31,CtrlVol,,7,skipped,完整变量样本数小于 min_cross_section_n
FAC_rank_vol_m12_n6_pairwise1,2009-03-31,as_偏股混合型基金,,7,skipped,完整变量样本数小于 min_cross_section_n
FAC_rank_vol_m12_n6_pairwise1,2009-03-31,Ctrl_log_fund_size,,7,skipped,完整变量样本数小于 min_cross_section_n
FAC_rank_vol_m12_n6_pairwise1,2009-03-31,Ctrl_fund_age,,7,skipped,完整变量样本数小于 min_cross_section_n
FAC_rank_vol_m12_n6_pairwise1,2009-04-30,FAC_rank_vol_m12_n6_pairwise1,,10,skipped,完整变量样本数小于 min_cross_section_n
FAC_rank_vol_m12_n6_pairwise1,2009-04-30,CtrlRetSTR,,10,skipped,完整变量样本数小于 min_cross_section_n
FAC_rank_vol_m12_n6_pairwise1,2009-04-30,CtrlRetLTM,,10,skipped,完整变量样本数小于 min_cross_section_n
FAC_rank_vol_m12_n6_pairwise1,2009-04-30,CtrlVol,,10,skipped,完整变量样本数小于 min_cross_section_n
FAC_rank_vol_m12_n6_pairwise1,2009-04-30,as_偏股混合型基金,,10,skipped,完整变量样本数小于 min_cross_section_n
FAC_rank_vol_m12_n6_pairwise1,2009-04-30,Ctrl_log_fund_size,,10,skipped,完整变量样本数小于 min_cross_section_n
FAC_rank_vol_m12_n6_pairwise1,2009-04-30,Ctrl_fund_age,,10,skipped,完整变量样本数小于 min_cross_section_n
FAC_rank_vol_m12_n6_pairwise1,2009-05-27,FAC_rank_vol_m12_n6_pairwise1,,10,skipped,完整变量样本数小于 min_cross_section_n
FAC_rank_vol_m12_n6_pairwise1,2009-05-27,CtrlRetSTR,,10,skipped,完整变量样本数小于 min_cross_section_n
FAC_rank_vol_m12_n6_pairwise1,2009-05-27,CtrlRetLTM,,10,skipped,完整变量样本数小于 min_cross_section_n
FAC_rank_vol_m12_n6_pairwise1,2009-05-27,CtrlVol,,10,skipped,完整变量样本数小于 min_cross_section_n
FAC_rank_vol_m12_n6_pairwise1,2009-05-27,as_偏股混合型基金,,10,skipped,完整变量样本数小于 min_cross_section_n
FAC_rank_vol_m12_n6_pairwise1,2009-05-27,Ctrl_log_fund_size,,10,skipped,完整变量样本数小于 min_cross_section_n
FAC_rank_vol_m12_n6_pairwise1,2009-05-27,Ctrl_fund_age,,10,skipped,完整变量样本数小于 min_cross_section_n
FAC_rank_vol_m12_n6_pairwise1,2009-06-30,FAC_rank_vol_m12_n6_pairwise1,,10,skipped,完整变量样本数小于 min_cross_section_n
FAC_rank_vol_m12_n6_pairwise1,2009-06-30,CtrlRetSTR,,10,skipped,完整变量样本数小于 min_cross_section_n
FAC_rank_vol_m12_n6_pairwise1,2009-06-30,CtrlRetLTM,,10,skipped,完整变量样本数小于 min_cross_section_n
FAC_rank_vol_m12_n6_pairwise1,2009-06-30,CtrlVol,,10,skipped,完整变量样本数小于 min_cross_section_n
FAC_rank_vol_m12_n6_pairwise1,2009-06-30,as_偏股混合型基金,,10,skipped,完整变量样本数小于 min_cross_section_n
FAC_rank_vol_m12_n6_pairwise1,2009-06-30,Ctrl_log_fund_size,,10,skipped,完整变量样本数小于 min_cross_section_n
FAC_rank_vol_m12_n6_pairwise1,2009-06-30,Ctrl_fund_age,,10,skipped,完整变量样本数小于 min_cross_section_n
FAC_rank_vol_m12_n6_pairwise1,2009-07-31,FAC_rank_vol_m12_n6_pairwise1,,10,skipped,完整变量样本数小于 min_cross_section_n
FAC_rank_vol_m12_n6_pairwise1,2009-07-31,CtrlRetSTR,,10,skipped,完整变量样本数小于 min_cross_section_n
FAC_rank_vol_m12_n6_pairwise1,2009-07-31,CtrlRetLTM,,10,skipped,完整变量样本数小于 min_cross_section_n
FAC_rank_vol_m12_n6_pairwise1,2009-07-31,CtrlVol,,10,skipped,完整变量样本数小于 min_cross_section_n
FAC_rank_vol_m12_n6_pairwise1,2009-07-31,as_偏股混合型基金,,10,skipped,完整变量样本数小于 min_cross_section_n
FAC_rank_vol_m12_n6_pairwise1,2009-07-31,Ctrl_log_fund_size,,10,skipped,完整变量样本数小于 min_cross_section_n
FAC_rank_vol_m12_n6_pairwise1,2009-07-31,Ctrl_fund_age,,10,skipped,完整变量样本数小于 min_cross_section_n
FAC_rank_vol_m12_n6_pairwise1,2009-08-31,FAC_rank_vol_m12_n6_pairwise1,,10,skipped,完整变量样本数小于 min_cross_section_n
FAC_rank_vol_m12_n6_pairwise1,2009-08-31,CtrlRetSTR,,10,skipped,完整变量样本数小于 min_cross_section_n
FAC_rank_vol_m12_n6_pairwise1,2009-08-31,CtrlRetLTM,,10,skipped,完整变量样本数小于 min_cross_section_n
FAC_rank_vol_m12_n6_pairwise1,2009-08-31,CtrlVol,,10,skipped,完整变量样本数小于 min_cross_section_n
FAC_rank_vol_m12_n6_pairwise1,2009-08-31,as_偏股混合型基金,,10,skipped,完整变量样本数小于 min_cross_section_n
FAC_rank_vol_m12_n6_pairwise1,2009-08-31,Ctrl_log_fund_size,,10,skipped,完整变量样本数小于 min_cross_section_n
FAC_rank_vol_m12_n6_pairwise1,2009-08-31,Ctrl_fund_age,,10,skipped,完整变量样本数小于 min_cross_section_n
FAC_rank_vol_m12_n6_pairwise1,2009-09-30,FAC_rank_vol_m12_n6_pairwise1,,12,skipped,完整变量样本数小于 min_cross_section_n
FAC_rank_vol_m12_n6_pairwise1,2009-09-30,CtrlRetSTR,,12,skipped,完整变量样本数小于 min_cross_section_n
FAC_rank_vol_m12_n6_pairwise1,2009-09-30,CtrlRetLTM,,12,skipped,完整变量样本数小于 min_cross_section_n
FAC_rank_vol_m12_n6_pairwise1,2009-09-30,CtrlVol,,12,skipped,完整变量样本数小于 min_cross_section_n
FAC_rank_vol_m12_n6_pairwise1,2009-09-30,as_偏股混合型基金,,12,skipped,完整变量样本数小于 min_cross_section_n
FAC_rank_vol_m12_n6_pairwise1,2009-09-30,Ctrl_log_fund_size,,12,skipped,完整变量样本数小于 min_cross_section_n
FAC_rank_vol_m12_n6_pairwise1,2009-09-30,Ctrl_fund_age,,12,skipped,完整变量样本数小于 min_cross_section_n
FAC_rank_vol_m12_n6_pairwise1,2009-10-30,FAC_rank_vol_m12_n6_pairwise1,,12,skipped,完整变量样本数小于 min_cross_section_n
FAC_rank_vol_m12_n6_pairwise1,2009-10-30,CtrlRetSTR,,12,skipped,完整变量样本数小于 min_cross_section_n
FAC_rank_vol_m12_n6_pairwise1,2009-10-30,CtrlRetLTM,,12,skipped,完整变量样本数小于 min_cross_section_n
FAC_rank_vol_m12_n6_pairwise1,2009-10-30,CtrlVol,,12,skipped,完整变量样本数小于 min_cross_section_n
FAC_rank_vol_m12_n6_pairwise1,2009-10-30,as_偏股混合型基金,,12,skipped,完整变量样本数小于 min_cross_section_n
FAC_rank_vol_m12_n6_pairwise1,2009-10-30,Ctrl_log_fund_size,,12,skipped,完整变量样本数小于 min_cross_section_n
FAC_rank_vol_m12_n6_pairwise1,2009-10-30,Ctrl_fund_age,,12,skipped,完整变量样本数小于 min_cross_section_n
FAC_rank_vol_m12_n6_pairwise1,2009-11-30,FAC_rank_vol_m12_n6_pairwise1,,12,skipped,完整变量样本数小于 min_cross_section_n
FAC_rank_vol_m12_n6_pairwise1,2009-11-30,CtrlRetSTR,,12,skipped,完整变量样本数小于 min_cross_section_n
FAC_rank_vol_m12_n6_pairwise1,2009-11-30,CtrlRetLTM,,12,skipped,完整变量样本数小于 min_cross_section_n
FAC_rank_vol_m12_n6_pairwise1,2009-11-30,CtrlVol,,12,skipped,完整变量样本数小于 min_cross_section_n
FAC_rank_vol_m12_n6_pairwise1,2009-11-30,as_偏股混合型基金,,12,skipped,完整变量样本数小于 min_cross_section_n
FAC_rank_vol_m12_n6_pairwise1,2009-11-30,Ctrl_log_fund_size,,12,skipped,完整变量样本数小于 min_cross_section_n
FAC_rank_vol_m12_n6_pairwise1,2009-11-30,Ctrl_fund_age,,12,skipped,完整变量样本数小于 min_cross_section_n
FAC_rank_vol_m12_n6_pairwise1,2009-12-31,FAC_rank_vol_m12_n6_pairwise1,,12,skipped,完整变量样本数小于 min_cross_section_n
FAC_rank_vol_m12_n6_pairwise1,2009-12-31,CtrlRetSTR,,12,skipped,完整变量样本数小于 min_cross_section_n
FAC_rank_vol_m12_n6_pairwise1,2009-12-31,CtrlRetLTM,,12,skipped,完整变量样本数小于 min_cross_section_n
FAC_rank_vol_m12_n6_pairwise1,2009-12-31,CtrlVol,,12,skipped,完整变量样本数小于 min_cross_section_n
FAC_rank_vol_m12_n6_pairwise1,2009-12-31,as_偏股混合型基金,,12,skipped,完整变量样本数小于 min_cross_section_n
FAC_rank_vol_m12_n6_pairwise1,2009-12-31,Ctrl_log_fund_size,,12,skipped,完整变量样本数小于 min_cross_section_n
FAC_rank_vol_m12_n6_pairwise1,2009-12-31,Ctrl_fund_age,,12,skipped,完整变量样本数小于 min_cross_section_n
FAC_rank_vol_m12_n6_pairwise1,2010-01-29,FAC_rank_vol_m12_n6_pairwise1,,14,skipped,完整变量样本数小于 min_cross_section_n
FAC_rank_vol_m12_n6_pairwise1,2010-01-29,CtrlRetSTR,,14,skipped,完整变量样本数小于 min_cross_section_n
FAC_rank_vol_m12_n6_pairwise1,2010-01-29,CtrlRetLTM,,14,skipped,完整变量样本数小于 min_cross_section_n
FAC_rank_vol_m12_n6_pairwise1,2010-01-29,CtrlVol,,14,skipped,完整变量样本数小于 min_cross_section_n
FAC_rank_vol_m12_n6_pairwise1,2010-01-29,as_偏股混合型基金,,14,skipped,完整变量样本数小于 min_cross_section_n
FAC_rank_vol_m12_n6_pairwise1,2010-01-29,Ctrl_log_fund_size,,14,skipped,完整变量样本数小于 min_cross_section_n
FAC_rank_vol_m12_n6_pairwise1,2010-01-29,Ctrl_fund_age,,14,skipped,完整变量样本数小于 min_cross_section_n
FAC_rank_vol_m12_n6_pairwise1,2010-02-26,FAC_rank_vol_m12_n6_pairwise1,,15,skipped,完整变量样本数小于 min_cross_section_n
FAC_rank_vol_m12_n6_pairwise1,2010-02-26,CtrlRetSTR,,15,skipped,完整变量样本数小于 min_cross_section_n
FAC_rank_vol_m12_n6_pairwise1,2010-02-26,CtrlRetLTM,,15,skipped,完整变量样本数小于 min_cross_section_n
FAC_rank_vol_m12_n6_pairwise1,2010-02-26,CtrlVol,,15,skipped,完整变量样本数小于 min_cross_section_n
FAC_rank_vol_m12_n6_pairwise1,2010-02-26,as_偏股混合型基金,,15,skipped,完整变量样本数小于 min_cross_section_n
FAC_rank_vol_m12_n6_pairwise1,2010-02-26,Ctrl_log_fund_size,,15,skipped,完整变量样本数小于 min_cross_section_n
FAC_rank_vol_m12_n6_pairwise1,2010-02-26,Ctrl_fund_age,,15,skipped,完整变量样本数小于 min_cross_section_n
FAC_rank_vol_m12_n6_pairwise1,2010-03-31,FAC_rank_vol_m12_n6_pairwise1,,15,skipped,完整变量样本数小于 min_cross_section_n
FAC_rank_vol_m12_n6_pairwise1,2010-03-31,CtrlRetSTR,,15,skipped,完整变量样本数小于 min_cross_section_n
FAC_rank_vol_m12_n6_pairwise1,2010-03-31,CtrlRetLTM,,15,skipped,完整变量样本数小于 min_cross_section_n
FAC_rank_vol_m12_n6_pairwise1,2010-03-31,CtrlVol,,15,skipped,完整变量样本数小于 min_cross_section_n
FAC_rank_vol_m12_n6_pairwise1,2010-03-31,as_偏股混合型基金,,15,skipped,完整变量样本数小于 min_cross_section_n
FAC_rank_vol_m12_n6_pairwise1,2010-03-31,Ctrl_log_fund_size,,15,skipped,完整变量样本数小于 min_cross_section_n
FAC_rank_vol_m12_n6_pairwise1,2010-03-31,Ctrl_fund_age,,15,skipped,完整变量样本数小于 min_cross_section_n
FAC_rank_vol_m12_n6_pairwise1,2010-04-30,FAC_rank_vol_m12_n6_pairwise1,,15,skipped,完整变量样本数小于 min_cross_section_n
FAC_rank_vol_m12_n6_pairwise1,2010-04-30,CtrlRetSTR,,15,skipped,完整变量样本数小于 min_cross_section_n
FAC_rank_vol_m12_n6_pairwise1,2010-04-30,CtrlRetLTM,,15,skipped,完整变量样本数小于 min_cross_section_n
FAC_rank_vol_m12_n6_pairwise1,2010-04-30,CtrlVol,,15,skipped,完整变量样本数小于 min_cross_section_n
FAC_rank_vol_m12_n6_pairwise1,2010-04-30,as_偏股混合型基金,,15,skipped,完整变量样本数小于 min_cross_section_n
FAC_rank_vol_m12_n6_pairwise1,2010-04-30,Ctrl_log_fund_size,,15,skipped,完整变量样本数小于 min_cross_section_n
FAC_rank_vol_m12_n6_pairwise1,2010-04-30,Ctrl_fund_age,,15,skipped,完整变量样本数小于 min_cross_section_n
FAC_rank_vol_m12_n6_pairwise1,2010-05-31,FAC_rank_vol_m12_n6_pairwise1,,16,skipped,完整变量样本数小于 min_cross_section_n
FAC_rank_vol_m12_n6_pairwise1,2010-05-31,CtrlRetSTR,,16,skipped,完整变量样本数小于 min_cross_section_n
FAC_rank_vol_m12_n6_pairwise1,2010-05-31,CtrlRetLTM,,16,skipped,完整变量样本数小于 min_cross_section_n
FAC_rank_vol_m12_n6_pairwise1,2010-05-31,CtrlVol,,16,skipped,完整变量样本数小于 min_cross_section_n
FAC_rank_vol_m12_n6_pairwise1,2010-05-31,as_偏股混合型基金,,16,skipped,完整变量样本数小于 min_cross_section_n
FAC_rank_vol_m12_n6_pairwise1,2010-05-31,Ctrl_log_fund_size,,16,skipped,完整变量样本数小于 min_cross_section_n
FAC_rank_vol_m12_n6_pairwise1,2010-05-31,Ctrl_fund_age,,16,skipped,完整变量样本数小于 min_cross_section_n
FAC_rank_vol_m12_n6_pairwise1,2010-06-30,FAC_rank_vol_m12_n6_pairwise1,,18,skipped,完整变量样本数小于 min_cross_section_n
FAC_rank_vol_m12_n6_pairwise1,2010-06-30,CtrlRetSTR,,18,skipped,完整变量样本数小于 min_cross_section_n
FAC_rank_vol_m12_n6_pairwise1,2010-06-30,CtrlRetLTM,,18,skipped,完整变量样本数小于 min_cross_section_n
FAC_rank_vol_m12_n6_pairwise1,2010-06-30,CtrlVol,,18,skipped,完整变量样本数小于 min_cross_section_n
FAC_rank_vol_m12_n6_pairwise1,2010-06-30,as_偏股混合型基金,,18,skipped,完整变量样本数小于 min_cross_section_n
FAC_rank_vol_m12_n6_pairwise1,2010-06-30,Ctrl_log_fund_size,,18,skipped,完整变量样本数小于 min_cross_section_n
FAC_rank_vol_m12_n6_pairwise1,2010-06-30,Ctrl_fund_age,,18,skipped,完整变量样本数小于 min_cross_section_n
FAC_rank_vol_m12_n6_pairwise1,2010-07-30,FAC_rank_vol_m12_n6_pairwise1,,19,skipped,完整变量样本数小于 min_cross_section_n
FAC_rank_vol_m12_n6_pairwise1,2010-07-30,CtrlRetSTR,,19,skipped,完整变量样本数小于 min_cross_section_n
FAC_rank_vol_m12_n6_pairwise1,2010-07-30,CtrlRetLTM,,19,skipped,完整变量样本数小于 min_cross_section_n
FAC_rank_vol_m12_n6_pairwise1,2010-07-30,CtrlVol,,19,skipped,完整变量样本数小于 min_cross_section_n
FAC_rank_vol_m12_n6_pairwise1,2010-07-30,as_偏股混合型基金,,19,skipped,完整变量样本数小于 min_cross_section_n
FAC_rank_vol_m12_n6_pairwise1,2010-07-30,Ctrl_log_fund_size,,19,skipped,完整变量样本数小于 min_cross_section_n
FAC_rank_vol_m12_n6_pairwise1,2010-07-30,Ctrl_fund_age,,19,skipped,完整变量样本数小于 min_cross_section_n
FAC_rank_vol_m12_n6_pairwise1,2010-08-31,FAC_rank_vol_m12_n6_pairwise1,,18,skipped,完整变量样本数小于 min_cross_section_n
FAC_rank_vol_m12_n6_pairwise1,2010-08-31,CtrlRetSTR,,18,skipped,完整变量样本数小于 min_cross_section_n
FAC_rank_vol_m12_n6_pairwise1,2010-08-31,CtrlRetLTM,,18,skipped,完整变量样本数小于 min_cross_section_n
FAC_rank_vol_m12_n6_pairwise1,2010-08-31,CtrlVol,,18,skipped,完整变量样本数小于 min_cross_section_n
FAC_rank_vol_m12_n6_pairwise1,2010-08-31,as_偏股混合型基金,,18,skipped,完整变量样本数小于 min_cross_section_n
FAC_rank_vol_m12_n6_pairwise1,2010-08-31,Ctrl_log_fund_size,,18,skipped,完整变量样本数小于 min_cross_section_n
FAC_rank_vol_m12_n6_pairwise1,2010-08-31,Ctrl_fund_age,,18,skipped,完整变量样本数小于 min_cross_section_n
FAC_rank_vol_m12_n6_pairwise1,2010-09-30,FAC_rank_vol_m12_n6_pairwise1,,19,skipped,完整变量样本数小于 min_cross_section_n
FAC_rank_vol_m12_n6_pairwise1,2010-09-30,CtrlRetSTR,,19,skipped,完整变量样本数小于 min_cross_section_n
FAC_rank_vol_m12_n6_pairwise1,2010-09-30,CtrlRetLTM,,19,skipped,完整变量样本数小于 min_cross_section_n
FAC_rank_vol_m12_n6_pairwise1,2010-09-30,CtrlVol,,19,skipped,完整变量样本数小于 min_cross_section_n
FAC_rank_vol_m12_n6_pairwise1,2010-09-30,as_偏股混合型基金,,19,skipped,完整变量样本数小于 min_cross_section_n
FAC_rank_vol_m12_n6_pairwise1,2010-09-30,Ctrl_log_fund_size,,19,skipped,完整变量样本数小于 min_cross_section_n
FAC_rank_vol_m12_n6_pairwise1,2010-09-30,Ctrl_fund_age,,19,skipped,完整变量样本数小于 min_cross_section_n
FAC_rank_vol_m12_n6_pairwise1,2010-10-29,FAC_rank_vol_m12_n6_pairwise1,,17,skipped,完整变量样本数小于 min_cross_section_n
FAC_rank_vol_m12_n6_pairwise1,2010-10-29,CtrlRetSTR,,17,skipped,完整变量样本数小于 min_cross_section_n
FAC_rank_vol_m12_n6_pairwise1,2010-10-29,CtrlRetLTM,,17,skipped,完整变量样本数小于 min_cross_section_n
FAC_rank_vol_m12_n6_pairwise1,2010-10-29,CtrlVol,,17,skipped,完整变量样本数小于 min_cross_section_n
FAC_rank_vol_m12_n6_pairwise1,2010-10-29,as_偏股混合型基金,,17,skipped,完整变量样本数小于 min_cross_section_n
FAC_rank_vol_m12_n6_pairwise1,2010-10-29,Ctrl_log_fund_size,,17,skipped,完整变量样本数小于 min_cross_section_n
FAC_rank_vol_m12_n6_pairwise1,2010-10-29,Ctrl_fund_age,,17,skipped,完整变量样本数小于 min_cross_section_n
FAC_rank_vol_m12_n6_pairwise1,2010-11-30,FAC_rank_vol_m12_n6_pairwise1,,19,skipped,完整变量样本数小于 min_cross_section_n
FAC_rank_vol_m12_n6_pairwise1,2010-11-30,CtrlRetSTR,,19,skipped,完整变量样本数小于 min_cross_section_n
FAC_rank_vol_m12_n6_pairwise1,2010-11-30,CtrlRetLTM,,19,skipped,完整变量样本数小于 min_cross_section_n
FAC_rank_vol_m12_n6_pairwise1,2010-11-30,CtrlVol,,19,skipped,完整变量样本数小于 min_cross_section_n
FAC_rank_vol_m12_n6_pairwise1,2010-11-30,as_偏股混合型基金,,19,skipped,完整变量样本数小于 min_cross_section_n
FAC_rank_vol_m12_n6_pairwise1,2010-11-30,Ctrl_log_fund_size,,19,skipped,完整变量样本数小于 min_cross_section_n
FAC_rank_vol_m12_n6_pairwise1,2010-11-30,Ctrl_fund_age,,19,skipped,完整变量样本数小于 min_cross_section_n
FAC_rank_vol_m12_n6_pairwise1,2010-12-31,FAC_rank_vol_m12_n6_pairwise1,,19,skipped,完整变量样本数小于 min_cross_section_n
FAC_rank_vol_m12_n6_pairwise1,2010-12-31,CtrlRetSTR,,19,skipped,完整变量样本数小于 min_cross_section_n
FAC_rank_vol_m12_n6_pairwise1,2010-12-31,CtrlRetLTM,,19,skipped,完整变量样本数小于 min_cross_section_n
FAC_rank_vol_m12_n6_pairwise1,2010-12-31,CtrlVol,,19,skipped,完整变量样本数小于 min_cross_section_n
FAC_rank_vol_m12_n6_pairwise1,2010-12-31,as_偏股混合型基金,,19,skipped,完整变量样本数小于 min_cross_section_n
FAC_rank_vol_m12_n6_pairwise1,2010-12-31,Ctrl_log_fund_size,,19,skipped,完整变量样本数小于 min_cross_section_n
FAC_rank_vol_m12_n6_pairwise1,2010-12-31,Ctrl_fund_age,,19,skipped,完整变量样本数小于 min_cross_section_n
FAC_rank_vol_m12_n6_pairwise1,2011-01-31,FAC_rank_vol_m12_n6_pairwise1,,19,skipped,完整变量样本数小于 min_cross_section_n
FAC_rank_vol_m12_n6_pairwise1,2011-01-31,CtrlRetSTR,,19,skipped,完整变量样本数小于 min_cross_section_n
FAC_rank_vol_m12_n6_pairwise1,2011-01-31,CtrlRetLTM,,19,skipped,完整变量样本数小于 min_cross_section_n
FAC_rank_vol_m12_n6_pairwise1,2011-01-31,CtrlVol,,19,skipped,完整变量样本数小于 min_cross_section_n
FAC_rank_vol_m12_n6_pairwise1,2011-01-31,as_偏股混合型基金,,19,skipped,完整变量样本数小于 min_cross_section_n
FAC_rank_vol_m12_n6_pairwise1,2011-01-31,Ctrl_log_fund_size,,19,skipped,完整变量样本数小于 min_cross_section_n
FAC_rank_vol_m12_n6_pairwise1,2011-01-31,Ctrl_fund_age,,19,skipped,完整变量样本数小于 min_cross_section_n
FAC_rank_vol_m12_n6_pairwise1,2011-02-28,FAC_rank_vol_m12_n6_pairwise1,,19,skipped,完整变量样本数小于 min_cross_section_n
FAC_rank_vol_m12_n6_pairwise1,2011-02-28,CtrlRetSTR,,19,skipped,完整变量样本数小于 min_cross_section_n
FAC_rank_vol_m12_n6_pairwise1,2011-02-28,CtrlRetLTM,,19,skipped,完整变量样本数小于 min_cross_section_n
FAC_rank_vol_m12_n6_pairwise1,2011-02-28,CtrlVol,,19,skipped,完整变量样本数小于 min_cross_section_n
FAC_rank_vol_m12_n6_pairwise1,2011-02-28,as_偏股混合型基金,,19,skipped,完整变量样本数小于 min_cross_section_n
FAC_rank_vol_m12_n6_pairwise1,2011-02-28,Ctrl_log_fund_size,,19,skipped,完整变量样本数小于 min_cross_section_n
FAC_rank_vol_m12_n6_pairwise1,2011-02-28,Ctrl_fund_age,,19,skipped,完整变量样本数小于 min_cross_section_n
FAC_rank_vol_m12_n6_pairwise1,2011-03-31,FAC_rank_vol_m12_n6_pairwise1,,18,skipped,完整变量样本数小于 min_cross_section_n
FAC_rank_vol_m12_n6_pairwise1,2011-03-31,CtrlRetSTR,,18,skipped,完整变量样本数小于 min_cross_section_n
FAC_rank_vol_m12_n6_pairwise1,2011-03-31,CtrlRetLTM,,18,skipped,完整变量样本数小于 min_cross_section_n
FAC_rank_vol_m12_n6_pairwise1,2011-03-31,CtrlVol,,18,skipped,完整变量样本数小于 min_cross_section_n
FAC_rank_vol_m12_n6_pairwise1,2011-03-31,as_偏股混合型基金,,18,skipped,完整变量样本数小于 min_cross_section_n
FAC_rank_vol_m12_n6_pairwise1,2011-03-31,Ctrl_log_fund_size,,18,skipped,完整变量样本数小于 min_cross_section_n
FAC_rank_vol_m12_n6_pairwise1,2011-03-31,Ctrl_fund_age,,18,skipped,完整变量样本数小于 min_cross_section_n
FAC_rank_vol_m12_n6_pairwise1,2011-04-29,FAC_rank_vol_m12_n6_pairwise1,,17,skipped,完整变量样本数小于 min_cross_section_n
FAC_rank_vol_m12_n6_pairwise1,2011-04-29,CtrlRetSTR,,17,skipped,完整变量样本数小于 min_cross_section_n
FAC_rank_vol_m12_n6_pairwise1,2011-04-29,CtrlRetLTM,,17,skipped,完整变量样本数小于 min_cross_section_n
FAC_rank_vol_m12_n6_pairwise1,2011-04-29,CtrlVol,,17,skipped,完整变量样本数小于 min_cross_section_n
FAC_rank_vol_m12_n6_pairwise1,2011-04-29,as_偏股混合型基金,,17,skipped,完整变量样本数小于 min_cross_section_n
FAC_rank_vol_m12_n6_pairwise1,2011-04-29,Ctrl_log_fund_size,,17,skipped,完整变量样本数小于 min_cross_section_n
FAC_rank_vol_m12_n6_pairwise1,2011-04-29,Ctrl_fund_age,,17,skipped,完整变量样本数小于 min_cross_section_n
FAC_rank_vol_m12_n6_pairwise1,2011-05-31,FAC_rank_vol_m12_n6_pairwise1,,16,skipped,完整变量样本数小于 min_cross_section_n
FAC_rank_vol_m12_n6_pairwise1,2011-05-31,CtrlRetSTR,,16,skipped,完整变量样本数小于 min_cross_section_n
FAC_rank_vol_m12_n6_pairwise1,2011-05-31,CtrlRetLTM,,16,skipped,完整变量样本数小于 min_cross_section_n
FAC_rank_vol_m12_n6_pairwise1,2011-05-31,CtrlVol,,16,skipped,完整变量样本数小于 min_cross_section_n
FAC_rank_vol_m12_n6_pairwise1,2011-05-31,as_偏股混合型基金,,16,skipped,完整变量样本数小于 min_cross_section_n
FAC_rank_vol_m12_n6_pairwise1,2011-05-31,Ctrl_log_fund_size,,16,skipped,完整变量样本数小于 min_cross_section_n
FAC_rank_vol_m12_n6_pairwise1,2011-05-31,Ctrl_fund_age,,16,skipped,完整变量样本数小于 min_cross_section_n
FAC_rank_vol_m12_n6_pairwise1,2011-06-30,FAC_rank_vol_m12_n6_pairwise1,,18,skipped,完整变量样本数小于 min_cross_section_n
FAC_rank_vol_m12_n6_pairwise1,2011-06-30,CtrlRetSTR,,18,skipped,完整变量样本数小于 min_cross_section_n
FAC_rank_vol_m12_n6_pairwise1,2011-06-30,CtrlRetLTM,,18,skipped,完整变量样本数小于 min_cross_section_n
FAC_rank_vol_m12_n6_pairwise1,2011-06-30,CtrlVol,,18,skipped,完整变量样本数小于 min_cross_section_n
FAC_rank_vol_m12_n6_pairwise1,2011-06-30,as_偏股混合型基金,,18,skipped,完整变量样本数小于 min_cross_section_n
FAC_rank_vol_m12_n6_pairwise1,2011-06-30,Ctrl_log_fund_size,,18,skipped,完整变量样本数小于 min_cross_section_n
FAC_rank_vol_m12_n6_pairwise1,2011-06-30,Ctrl_fund_age,,18,skipped,完整变量样本数小于 min_cross_section_n
FAC_rank_vol_m12_n6_pairwise1,2011-07-29,FAC_rank_vol_m12_n6_pairwise1,,17,skipped,完整变量样本数小于 min_cross_section_n
FAC_rank_vol_m12_n6_pairwise1,2011-07-29,CtrlRetSTR,,17,skipped,完整变量样本数小于 min_cross_section_n
FAC_rank_vol_m12_n6_pairwise1,2011-07-29,CtrlRetLTM,,17,skipped,完整变量样本数小于 min_cross_section_n
FAC_rank_vol_m12_n6_pairwise1,2011-07-29,CtrlVol,,17,skipped,完整变量样本数小于 min_cross_section_n
FAC_rank_vol_m12_n6_pairwise1,2011-07-29,as_偏股混合型基金,,17,skipped,完整变量样本数小于 min_cross_section_n
FAC_rank_vol_m12_n6_pairwise1,2011-07-29,Ctrl_log_fund_size,,17,skipped,完整变量样本数小于 min_cross_section_n
FAC_rank_vol_m12_n6_pairwise1,2011-07-29,Ctrl_fund_age,,17,skipped,完整变量样本数小于 min_cross_section_n
FAC_rank_vol_m12_n6_pairwise1,2011-08-31,FAC_rank_vol_m12_n6_pairwise1,,17,skipped,完整变量样本数小于 min_cross_section_n
FAC_rank_vol_m12_n6_pairwise1,2011-08-31,CtrlRetSTR,,17,skipped,完整变量样本数小于 min_cross_section_n
FAC_rank_vol_m12_n6_pairwise1,2011-08-31,CtrlRetLTM,,17,skipped,完整变量样本数小于 min_cross_section_n
FAC_rank_vol_m12_n6_pairwise1,2011-08-31,CtrlVol,,17,skipped,完整变量样本数小于 min_cross_section_n
FAC_rank_vol_m12_n6_pairwise1,2011-08-31,as_偏股混合型基金,,17,skipped,完整变量样本数小于 min_cross_section_n
FAC_rank_vol_m12_n6_pairwise1,2011-08-31,Ctrl_log_fund_size,,17,skipped,完整变量样本数小于 min_cross_section_n
FAC_rank_vol_m12_n6_pairwise1,2011-08-31,Ctrl_fund_age,,17,skipped,完整变量样本数小于 min_cross_section_n
FAC_rank_vol_m12_n6_pairwise1,2011-09-30,FAC_rank_vol_m12_n6_pairwise1,,18,skipped,完整变量样本数小于 min_cross_section_n
FAC_rank_vol_m12_n6_pairwise1,2011-09-30,CtrlRetSTR,,18,skipped,完整变量样本数小于 min_cross_section_n
FAC_rank_vol_m12_n6_pairwise1,2011-09-30,CtrlRetLTM,,18,skipped,完整变量样本数小于 min_cross_section_n
FAC_rank_vol_m12_n6_pairwise1,2011-09-30,CtrlVol,,18,skipped,完整变量样本数小于 min_cross_section_n
FAC_rank_vol_m12_n6_pairwise1,2011-09-30,as_偏股混合型基金,,18,skipped,完整变量样本数小于 min_cross_section_n
FAC_rank_vol_m12_n6_pairwise1,2011-09-30,Ctrl_log_fund_size,,18,skipped,完整变量样本数小于 min_cross_section_n
FAC_rank_vol_m12_n6_pairwise1,2011-09-30,Ctrl_fund_age,,18,skipped,完整变量样本数小于 min_cross_section_n
FAC_rank_vol_m12_n6_pairwise1,2011-10-31,FAC_rank_vol_m12_n6_pairwise1,,19,skipped,完整变量样本数小于 min_cross_section_n
FAC_rank_vol_m12_n6_pairwise1,2011-10-31,CtrlRetSTR,,19,skipped,完整变量样本数小于 min_cross_section_n
FAC_rank_vol_m12_n6_pairwise1,2011-10-31,CtrlRetLTM,,19,skipped,完整变量样本数小于 min_cross_section_n
FAC_rank_vol_m12_n6_pairwise1,2011-10-31,CtrlVol,,19,skipped,完整变量样本数小于 min_cross_section_n
FAC_rank_vol_m12_n6_pairwise1,2011-10-31,as_偏股混合型基金,,19,skipped,完整变量样本数小于 min_cross_section_n
FAC_rank_vol_m12_n6_pairwise1,2011-10-31,Ctrl_log_fund_size,,19,skipped,完整变量样本数小于 min_cross_section_n
FAC_rank_vol_m12_n6_pairwise1,2011-10-31,Ctrl_fund_age,,19,skipped,完整变量样本数小于 min_cross_section_n
FAC_rank_vol_m12_n6_pairwise1,2011-11-30,FAC_rank_vol_m12_n6_pairwise1,,21,skipped,完整变量样本数小于 min_cross_section_n
FAC_rank_vol_m12_n6_pairwise1,2011-11-30,CtrlRetSTR,,21,skipped,完整变量样本数小于 min_cross_section_n
FAC_rank_vol_m12_n6_pairwise1,2011-11-30,CtrlRetLTM,,21,skipped,完整变量样本数小于 min_cross_section_n
FAC_rank_vol_m12_n6_pairwise1,2011-11-30,CtrlVol,,21,skipped,完整变量样本数小于 min_cross_section_n
FAC_rank_vol_m12_n6_pairwise1,2011-11-30,as_偏股混合型基金,,21,skipped,完整变量样本数小于 min_cross_section_n
FAC_rank_vol_m12_n6_pairwise1,2011-11-30,Ctrl_log_fund_size,,21,skipped,完整变量样本数小于 min_cross_section_n
FAC_rank_vol_m12_n6_pairwise1,2011-11-30,Ctrl_fund_age,,21,skipped,完整变量样本数小于 min_cross_section_n
FAC_rank_vol_m12_n6_pairwise1,2011-12-30,FAC_rank_vol_m12_n6_pairwise1,,21,skipped,完整变量样本数小于 min_cross_section_n
FAC_rank_vol_m12_n6_pairwise1,2011-12-30,CtrlRetSTR,,21,skipped,完整变量样本数小于 min_cross_section_n
FAC_rank_vol_m12_n6_pairwise1,2011-12-30,CtrlRetLTM,,21,skipped,完整变量样本数小于 min_cross_section_n
FAC_rank_vol_m12_n6_pairwise1,2011-12-30,CtrlVol,,21,skipped,完整变量样本数小于 min_cross_section_n
FAC_rank_vol_m12_n6_pairwise1,2011-12-30,as_偏股混合型基金,,21,skipped,完整变量样本数小于 min_cross_section_n
FAC_rank_vol_m12_n6_pairwise1,2011-12-30,Ctrl_log_fund_size,,21,skipped,完整变量样本数小于 min_cross_section_n
FAC_rank_vol_m12_n6_pairwise1,2011-12-30,Ctrl_fund_age,,21,skipped,完整变量样本数小于 min_cross_section_n
FAC_rank_vol_m12_n6_pairwise1,2012-01-31,FAC_rank_vol_m12_n6_pairwise1,,21,skipped,完整变量样本数小于 min_cross_section_n
FAC_rank_vol_m12_n6_pairwise1,2012-01-31,CtrlRetSTR,,21,skipped,完整变量样本数小于 min_cross_section_n
FAC_rank_vol_m12_n6_pairwise1,2012-01-31,CtrlRetLTM,,21,skipped,完整变量样本数小于 min_cross_section_n
FAC_rank_vol_m12_n6_pairwise1,2012-01-31,CtrlVol,,21,skipped,完整变量样本数小于 min_cross_section_n
FAC_rank_vol_m12_n6_pairwise1,2012-01-31,as_偏股混合型基金,,21,skipped,完整变量样本数小于 min_cross_section_n
FAC_rank_vol_m12_n6_pairwise1,2012-01-31,Ctrl_log_fund_size,,21,skipped,完整变量样本数小于 min_cross_section_n
FAC_rank_vol_m12_n6_pairwise1,2012-01-31,Ctrl_fund_age,,21,skipped,完整变量样本数小于 min_cross_section_n
FAC_rank_vol_m12_n6_pairwise1,2012-02-29,FAC_rank_vol_m12_n6_pairwise1,,22,skipped,完整变量样本数小于 min_cross_section_n
FAC_rank_vol_m12_n6_pairwise1,2012-02-29,CtrlRetSTR,,22,skipped,完整变量样本数小于 min_cross_section_n
FAC_rank_vol_m12_n6_pairwise1,2012-02-29,CtrlRetLTM,,22,skipped,完整变量样本数小于 min_cross_section_n
FAC_rank_vol_m12_n6_pairwise1,2012-02-29,CtrlVol,,22,skipped,完整变量样本数小于 min_cross_section_n
FAC_rank_vol_m12_n6_pairwise1,2012-02-29,as_偏股混合型基金,,22,skipped,完整变量样本数小于 min_cross_section_n
FAC_rank_vol_m12_n6_pairwise1,2012-02-29,Ctrl_log_fund_size,,22,skipped,完整变量样本数小于 min_cross_section_n
FAC_rank_vol_m12_n6_pairwise1,2012-02-29,Ctrl_fund_age,,22,skipped,完整变量样本数小于 min_cross_section_n
FAC_rank_vol_m12_n6_pairwise1,2012-03-30,FAC_rank_vol_m12_n6_pairwise1,,22,skipped,完整变量样本数小于 min_cross_section_n
FAC_rank_vol_m12_n6_pairwise1,2012-03-30,CtrlRetSTR,,22,skipped,完整变量样本数小于 min_cross_section_n
FAC_rank_vol_m12_n6_pairwise1,2012-03-30,CtrlRetLTM,,22,skipped,完整变量样本数小于 min_cross_section_n
FAC_rank_vol_m12_n6_pairwise1,2012-03-30,CtrlVol,,22,skipped,完整变量样本数小于 min_cross_section_n
FAC_rank_vol_m12_n6_pairwise1,2012-03-30,as_偏股混合型基金,,22,skipped,完整变量样本数小于 min_cross_section_n
FAC_rank_vol_m12_n6_pairwise1,2012-03-30,Ctrl_log_fund_size,,22,skipped,完整变量样本数小于 min_cross_section_n
FAC_rank_vol_m12_n6_pairwise1,2012-03-30,Ctrl_fund_age,,22,skipped,完整变量样本数小于 min_cross_section_n
FAC_rank_vol_m12_n6_pairwise1,2012-04-27,FAC_rank_vol_m12_n6_pairwise1,,22,skipped,完整变量样本数小于 min_cross_section_n
FAC_rank_vol_m12_n6_pairwise1,2012-04-27,CtrlRetSTR,,22,skipped,完整变量样本数小于 min_cross_section_n
FAC_rank_vol_m12_n6_pairwise1,2012-04-27,CtrlRetLTM,,22,skipped,完整变量样本数小于 min_cross_section_n
FAC_rank_vol_m12_n6_pairwise1,2012-04-27,CtrlVol,,22,skipped,完整变量样本数小于 min_cross_section_n
FAC_rank_vol_m12_n6_pairwise1,2012-04-27,as_偏股混合型基金,,22,skipped,完整变量样本数小于 min_cross_section_n
FAC_rank_vol_m12_n6_pairwise1,2012-04-27,Ctrl_log_fund_size,,22,skipped,完整变量样本数小于 min_cross_section_n
FAC_rank_vol_m12_n6_pairwise1,2012-04-27,Ctrl_fund_age,,22,skipped,完整变量样本数小于 min_cross_section_n
FAC_rank_vol_m12_n6_pairwise1,2012-05-31,FAC_rank_vol_m12_n6_pairwise1,,24,skipped,完整变量样本数小于 min_cross_section_n
FAC_rank_vol_m12_n6_pairwise1,2012-05-31,CtrlRetSTR,,24,skipped,完整变量样本数小于 min_cross_section_n
FAC_rank_vol_m12_n6_pairwise1,2012-05-31,CtrlRetLTM,,24,skipped,完整变量样本数小于 min_cross_section_n
FAC_rank_vol_m12_n6_pairwise1,2012-05-31,CtrlVol,,24,skipped,完整变量样本数小于 min_cross_section_n
FAC_rank_vol_m12_n6_pairwise1,2012-05-31,as_偏股混合型基金,,24,skipped,完整变量样本数小于 min_cross_section_n
FAC_rank_vol_m12_n6_pairwise1,2012-05-31,Ctrl_log_fund_size,,24,skipped,完整变量样本数小于 min_cross_section_n
FAC_rank_vol_m12_n6_pairwise1,2012-05-31,Ctrl_fund_age,,24,skipped,完整变量样本数小于 min_cross_section_n
FAC_rank_vol_m12_n6_pairwise1,2012-06-29,FAC_rank_vol_m12_n6_pairwise1,,24,skipped,完整变量样本数小于 min_cross_section_n
FAC_rank_vol_m12_n6_pairwise1,2012-06-29,CtrlRetSTR,,24,skipped,完整变量样本数小于 min_cross_section_n
FAC_rank_vol_m12_n6_pairwise1,2012-06-29,CtrlRetLTM,,24,skipped,完整变量样本数小于 min_cross_section_n
FAC_rank_vol_m12_n6_pairwise1,2012-06-29,CtrlVol,,24,skipped,完整变量样本数小于 min_cross_section_n
FAC_rank_vol_m12_n6_pairwise1,2012-06-29,as_偏股混合型基金,,24,skipped,完整变量样本数小于 min_cross_section_n
FAC_rank_vol_m12_n6_pairwise1,2012-06-29,Ctrl_log_fund_size,,24,skipped,完整变量样本数小于 min_cross_section_n
FAC_rank_vol_m12_n6_pairwise1,2012-06-29,Ctrl_fund_age,,24,skipped,完整变量样本数小于 min_cross_section_n
FAC_rank_vol_m12_n6_pairwise1,2012-07-31,FAC_rank_vol_m12_n6_pairwise1,,23,skipped,完整变量样本数小于 min_cross_section_n
FAC_rank_vol_m12_n6_pairwise1,2012-07-31,CtrlRetSTR,,23,skipped,完整变量样本数小于 min_cross_section_n
FAC_rank_vol_m12_n6_pairwise1,2012-07-31,CtrlRetLTM,,23,skipped,完整变量样本数小于 min_cross_section_n
FAC_rank_vol_m12_n6_pairwise1,2012-07-31,CtrlVol,,23,skipped,完整变量样本数小于 min_cross_section_n
FAC_rank_vol_m12_n6_pairwise1,2012-07-31,as_偏股混合型基金,,23,skipped,完整变量样本数小于 min_cross_section_n
FAC_rank_vol_m12_n6_pairwise1,2012-07-31,Ctrl_log_fund_size,,23,skipped,完整变量样本数小于 min_cross_section_n
FAC_rank_vol_m12_n6_pairwise1,2012-07-31,Ctrl_fund_age,,23,skipped,完整变量样本数小于 min_cross_section_n
FAC_rank_vol_m12_n6_pairwise1,2012-08-31,FAC_rank_vol_m12_n6_pairwise1,,23,skipped,完整变量样本数小于 min_cross_section_n
FAC_rank_vol_m12_n6_pairwise1,2012-08-31,CtrlRetSTR,,23,skipped,完整变量样本数小于 min_cross_section_n
FAC_rank_vol_m12_n6_pairwise1,2012-08-31,CtrlRetLTM,,23,skipped,完整变量样本数小于 min_cross_section_n
FAC_rank_vol_m12_n6_pairwise1,2012-08-31,CtrlVol,,23,skipped,完整变量样本数小于 min_cross_section_n
FAC_rank_vol_m12_n6_pairwise1,2012-08-31,as_偏股混合型基金,,23,skipped,完整变量样本数小于 min_cross_section_n
FAC_rank_vol_m12_n6_pairwise1,2012-08-31,Ctrl_log_fund_size,,23,skipped,完整变量样本数小于 min_cross_section_n
FAC_rank_vol_m12_n6_pairwise1,2012-08-31,Ctrl_fund_age,,23,skipped,完整变量样本数小于 min_cross_section_n
FAC_rank_vol_m12_n6_pairwise1,2012-09-28,FAC_rank_vol_m12_n6_pairwise1,,25,skipped,完整变量样本数小于 min_cross_section_n
FAC_rank_vol_m12_n6_pairwise1,2012-09-28,CtrlRetSTR,,25,skipped,完整变量样本数小于 min_cross_section_n
FAC_rank_vol_m12_n6_pairwise1,2012-09-28,CtrlRetLTM,,25,skipped,完整变量样本数小于 min_cross_section_n
FAC_rank_vol_m12_n6_pairwise1,2012-09-28,CtrlVol,,25,skipped,完整变量样本数小于 min_cross_section_n
FAC_rank_vol_m12_n6_pairwise1,2012-09-28,as_偏股混合型基金,,25,skipped,完整变量样本数小于 min_cross_section_n
FAC_rank_vol_m12_n6_pairwise1,2012-09-28,Ctrl_log_fund_size,,25,skipped,完整变量样本数小于 min_cross_section_n
FAC_rank_vol_m12_n6_pairwise1,2012-09-28,Ctrl_fund_age,,25,skipped,完整变量样本数小于 min_cross_section_n
FAC_rank_vol_m12_n6_pairwise1,2012-10-31,FAC_rank_vol_m12_n6_pairwise1,,28,skipped,完整变量样本数小于 min_cross_section_n
FAC_rank_vol_m12_n6_pairwise1,2012-10-31,CtrlRetSTR,,28,skipped,完整变量样本数小于 min_cross_section_n
FAC_rank_vol_m12_n6_pairwise1,2012-10-31,CtrlRetLTM,,28,skipped,完整变量样本数小于 min_cross_section_n
FAC_rank_vol_m12_n6_pairwise1,2012-10-31,CtrlVol,,28,skipped,完整变量样本数小于 min_cross_section_n
FAC_rank_vol_m12_n6_pairwise1,2012-10-31,as_偏股混合型基金,,28,skipped,完整变量样本数小于 min_cross_section_n
FAC_rank_vol_m12_n6_pairwise1,2012-10-31,Ctrl_log_fund_size,,28,skipped,完整变量样本数小于 min_cross_section_n
FAC_rank_vol_m12_n6_pairwise1,2012-10-31,Ctrl_fund_age,,28,skipped,完整变量样本数小于 min_cross_section_n
FAC_rank_vol_m12_n6_pairwise1,2012-11-30,FAC_rank_vol_m12_n6_pairwise1,,30,skipped,完整变量样本数小于 min_cross_section_n
FAC_rank_vol_m12_n6_pairwise1,2012-11-30,CtrlRetSTR,,30,skipped,完整变量样本数小于 min_cross_section_n
FAC_rank_vol_m12_n6_pairwise1,2012-11-30,CtrlRetLTM,,30,skipped,完整变量样本数小于 min_cross_section_n
FAC_rank_vol_m12_n6_pairwise1,2012-11-30,CtrlVol,,30,skipped,完整变量样本数小于 min_cross_section_n
FAC_rank_vol_m12_n6_pairwise1,2012-11-30,as_偏股混合型基金,,30,skipped,完整变量样本数小于 min_cross_section_n
FAC_rank_vol_m12_n6_pairwise1,2012-11-30,Ctrl_log_fund_size,,30,skipped,完整变量样本数小于 min_cross_section_n
FAC_rank_vol_m12_n6_pairwise1,2012-11-30,Ctrl_fund_age,,30,skipped,完整变量样本数小于 min_cross_section_n
FAC_rank_vol_m12_n6_pairwise1,2012-12-31,FAC_rank_vol_m12_n6_pairwise1,,31,skipped,完整变量样本数小于 min_cross_section_n
FAC_rank_vol_m12_n6_pairwise1,2012-12-31,CtrlRetSTR,,31,skipped,完整变量样本数小于 min_cross_section_n
FAC_rank_vol_m12_n6_pairwise1,2012-12-31,CtrlRetLTM,,31,skipped,完整变量样本数小于 min_cross_section_n
FAC_rank_vol_m12_n6_pairwise1,2012-12-31,CtrlVol,,31,skipped,完整变量样本数小于 min_cross_section_n
FAC_rank_vol_m12_n6_pairwise1,2012-12-31,as_偏股混合型基金,,31,skipped,完整变量样本数小于 min_cross_section_n
FAC_rank_vol_m12_n6_pairwise1,2012-12-31,Ctrl_log_fund_size,,31,skipped,完整变量样本数小于 min_cross_section_n
FAC_rank_vol_m12_n6_pairwise1,2012-12-31,Ctrl_fund_age,,31,skipped,完整变量样本数小于 min_cross_section_n
FAC_rank_vol_m12_n6_pairwise1,2013-01-31,FAC_rank_vol_m12_n6_pairwise1,,33,skipped,完整变量样本数小于 min_cross_section_n
FAC_rank_vol_m12_n6_pairwise1,2013-01-31,CtrlRetSTR,,33,skipped,完整变量样本数小于 min_cross_section_n
FAC_rank_vol_m12_n6_pairwise1,2013-01-31,CtrlRetLTM,,33,skipped,完整变量样本数小于 min_cross_section_n
FAC_rank_vol_m12_n6_pairwise1,2013-01-31,CtrlVol,,33,skipped,完整变量样本数小于 min_cross_section_n
FAC_rank_vol_m12_n6_pairwise1,2013-01-31,as_偏股混合型基金,,33,skipped,完整变量样本数小于 min_cross_section_n
FAC_rank_vol_m12_n6_pairwise1,2013-01-31,Ctrl_log_fund_size,,33,skipped,完整变量样本数小于 min_cross_section_n
FAC_rank_vol_m12_n6_pairwise1,2013-01-31,Ctrl_fund_age,,33,skipped,完整变量样本数小于 min_cross_section_n
FAC_rank_vol_m12_n6_pairwise1,2013-02-28,FAC_rank_vol_m12_n6_pairwise1,,34,skipped,完整变量样本数小于 min_cross_section_n
FAC_rank_vol_m12_n6_pairwise1,2013-02-28,CtrlRetSTR,,34,skipped,完整变量样本数小于 min_cross_section_n
FAC_rank_vol_m12_n6_pairwise1,2013-02-28,CtrlRetLTM,,34,skipped,完整变量样本数小于 min_cross_section_n
FAC_rank_vol_m12_n6_pairwise1,2013-02-28,CtrlVol,,34,skipped,完整变量样本数小于 min_cross_section_n
FAC_rank_vol_m12_n6_pairwise1,2013-02-28,as_偏股混合型基金,,34,skipped,完整变量样本数小于 min_cross_section_n
FAC_rank_vol_m12_n6_pairwise1,2013-02-28,Ctrl_log_fund_size,,34,skipped,完整变量样本数小于 min_cross_section_n
FAC_rank_vol_m12_n6_pairwise1,2013-02-28,Ctrl_fund_age,,34,skipped,完整变量样本数小于 min_cross_section_n
FAC_rank_vol_m12_n6_pairwise1,2013-03-29,FAC_rank_vol_m12_n6_pairwise1,,34,skipped,完整变量样本数小于 min_cross_section_n
FAC_rank_vol_m12_n6_pairwise1,2013-03-29,CtrlRetSTR,,34,skipped,完整变量样本数小于 min_cross_section_n
FAC_rank_vol_m12_n6_pairwise1,2013-03-29,CtrlRetLTM,,34,skipped,完整变量样本数小于 min_cross_section_n
FAC_rank_vol_m12_n6_pairwise1,2013-03-29,CtrlVol,,34,skipped,完整变量样本数小于 min_cross_section_n
FAC_rank_vol_m12_n6_pairwise1,2013-03-29,as_偏股混合型基金,,34,skipped,完整变量样本数小于 min_cross_section_n
FAC_rank_vol_m12_n6_pairwise1,2013-03-29,Ctrl_log_fund_size,,34,skipped,完整变量样本数小于 min_cross_section_n
FAC_rank_vol_m12_n6_pairwise1,2013-03-29,Ctrl_fund_age,,34,skipped,完整变量样本数小于 min_cross_section_n
FAC_rank_vol_m12_n6_pairwise1,2013-04-26,FAC_rank_vol_m12_n6_pairwise1,,36,skipped,完整变量样本数小于 min_cross_section_n
FAC_rank_vol_m12_n6_pairwise1,2013-04-26,CtrlRetSTR,,36,skipped,完整变量样本数小于 min_cross_section_n
FAC_rank_vol_m12_n6_pairwise1,2013-04-26,CtrlRetLTM,,36,skipped,完整变量样本数小于 min_cross_section_n
FAC_rank_vol_m12_n6_pairwise1,2013-04-26,CtrlVol,,36,skipped,完整变量样本数小于 min_cross_section_n
FAC_rank_vol_m12_n6_pairwise1,2013-04-26,as_偏股混合型基金,,36,skipped,完整变量样本数小于 min_cross_section_n
FAC_rank_vol_m12_n6_pairwise1,2013-04-26,Ctrl_log_fund_size,,36,skipped,完整变量样本数小于 min_cross_section_n
FAC_rank_vol_m12_n6_pairwise1,2013-04-26,Ctrl_fund_age,,36,skipped,完整变量样本数小于 min_cross_section_n
FAC_rank_vol_m12_n6_pairwise1,2013-05-31,FAC_rank_vol_m12_n6_pairwise1,,38,skipped,完整变量样本数小于 min_cross_section_n
FAC_rank_vol_m12_n6_pairwise1,2013-05-31,CtrlRetSTR,,38,skipped,完整变量样本数小于 min_cross_section_n
FAC_rank_vol_m12_n6_pairwise1,2013-05-31,CtrlRetLTM,,38,skipped,完整变量样本数小于 min_cross_section_n
FAC_rank_vol_m12_n6_pairwise1,2013-05-31,CtrlVol,,38,skipped,完整变量样本数小于 min_cross_section_n
FAC_rank_vol_m12_n6_pairwise1,2013-05-31,as_偏股混合型基金,,38,skipped,完整变量样本数小于 min_cross_section_n
FAC_rank_vol_m12_n6_pairwise1,2013-05-31,Ctrl_log_fund_size,,38,skipped,完整变量样本数小于 min_cross_section_n
FAC_rank_vol_m12_n6_pairwise1,2013-05-31,Ctrl_fund_age,,38,skipped,完整变量样本数小于 min_cross_section_n
FAC_rank_vol_m12_n6_pairwise1,2013-06-28,FAC_rank_vol_m12_n6_pairwise1,,40,skipped,完整变量样本数小于 min_cross_section_n
FAC_rank_vol_m12_n6_pairwise1,2013-06-28,CtrlRetSTR,,40,skipped,完整变量样本数小于 min_cross_section_n
FAC_rank_vol_m12_n6_pairwise1,2013-06-28,CtrlRetLTM,,40,skipped,完整变量样本数小于 min_cross_section_n
FAC_rank_vol_m12_n6_pairwise1,2013-06-28,CtrlVol,,40,skipped,完整变量样本数小于 min_cross_section_n
FAC_rank_vol_m12_n6_pairwise1,2013-06-28,as_偏股混合型基金,,40,skipped,完整变量样本数小于 min_cross_section_n
FAC_rank_vol_m12_n6_pairwise1,2013-06-28,Ctrl_log_fund_size,,40,skipped,完整变量样本数小于 min_cross_section_n
FAC_rank_vol_m12_n6_pairwise1,2013-06-28,Ctrl_fund_age,,40,skipped,完整变量样本数小于 min_cross_section_n
FAC_rank_vol_m12_n6_pairwise1,2013-07-31,FAC_rank_vol_m12_n6_pairwise1,,39,skipped,完整变量样本数小于 min_cross_section_n
FAC_rank_vol_m12_n6_pairwise1,2013-07-31,CtrlRetSTR,,39,skipped,完整变量样本数小于 min_cross_section_n
FAC_rank_vol_m12_n6_pairwise1,2013-07-31,CtrlRetLTM,,39,skipped,完整变量样本数小于 min_cross_section_n
FAC_rank_vol_m12_n6_pairwise1,2013-07-31,CtrlVol,,39,skipped,完整变量样本数小于 min_cross_section_n
FAC_rank_vol_m12_n6_pairwise1,2013-07-31,as_偏股混合型基金,,39,skipped,完整变量样本数小于 min_cross_section_n
FAC_rank_vol_m12_n6_pairwise1,2013-07-31,Ctrl_log_fund_size,,39,skipped,完整变量样本数小于 min_cross_section_n
FAC_rank_vol_m12_n6_pairwise1,2013-07-31,Ctrl_fund_age,,39,skipped,完整变量样本数小于 min_cross_section_n
FAC_rank_vol_m12_n6_pairwise1,2013-08-30,FAC_rank_vol_m12_n6_pairwise1,,41,skipped,完整变量样本数小于 min_cross_section_n
FAC_rank_vol_m12_n6_pairwise1,2013-08-30,CtrlRetSTR,,41,skipped,完整变量样本数小于 min_cross_section_n
FAC_rank_vol_m12_n6_pairwise1,2013-08-30,CtrlRetLTM,,41,skipped,完整变量样本数小于 min_cross_section_n
FAC_rank_vol_m12_n6_pairwise1,2013-08-30,CtrlVol,,41,skipped,完整变量样本数小于 min_cross_section_n
FAC_rank_vol_m12_n6_pairwise1,2013-08-30,as_偏股混合型基金,,41,skipped,完整变量样本数小于 min_cross_section_n
FAC_rank_vol_m12_n6_pairwise1,2013-08-30,Ctrl_log_fund_size,,41,skipped,完整变量样本数小于 min_cross_section_n
FAC_rank_vol_m12_n6_pairwise1,2013-08-30,Ctrl_fund_age,,41,skipped,完整变量样本数小于 min_cross_section_n
FAC_rank_vol_m12_n6_pairwise1,2013-09-30,FAC_rank_vol_m12_n6_pairwise1,,42,skipped,完整变量样本数小于 min_cross_section_n
FAC_rank_vol_m12_n6_pairwise1,2013-09-30,CtrlRetSTR,,42,skipped,完整变量样本数小于 min_cross_section_n
FAC_rank_vol_m12_n6_pairwise1,2013-09-30,CtrlRetLTM,,42,skipped,完整变量样本数小于 min_cross_section_n
FAC_rank_vol_m12_n6_pairwise1,2013-09-30,CtrlVol,,42,skipped,完整变量样本数小于 min_cross_section_n
FAC_rank_vol_m12_n6_pairwise1,2013-09-30,as_偏股混合型基金,,42,skipped,完整变量样本数小于 min_cross_section_n
FAC_rank_vol_m12_n6_pairwise1,2013-09-30,Ctrl_log_fund_size,,42,skipped,完整变量样本数小于 min_cross_section_n
FAC_rank_vol_m12_n6_pairwise1,2013-09-30,Ctrl_fund_age,,42,skipped,完整变量样本数小于 min_cross_section_n
FAC_rank_vol_m12_n6_pairwise1,2013-10-31,FAC_rank_vol_m12_n6_pairwise1,,44,skipped,完整变量样本数小于 min_cross_section_n
FAC_rank_vol_m12_n6_pairwise1,2013-10-31,CtrlRetSTR,,44,skipped,完整变量样本数小于 min_cross_section_n
FAC_rank_vol_m12_n6_pairwise1,2013-10-31,CtrlRetLTM,,44,skipped,完整变量样本数小于 min_cross_section_n
FAC_rank_vol_m12_n6_pairwise1,2013-10-31,CtrlVol,,44,skipped,完整变量样本数小于 min_cross_section_n
FAC_rank_vol_m12_n6_pairwise1,2013-10-31,as_偏股混合型基金,,44,skipped,完整变量样本数小于 min_cross_section_n
FAC_rank_vol_m12_n6_pairwise1,2013-10-31,Ctrl_log_fund_size,,44,skipped,完整变量样本数小于 min_cross_section_n
FAC_rank_vol_m12_n6_pairwise1,2013-10-31,Ctrl_fund_age,,44,skipped,完整变量样本数小于 min_cross_section_n
FAC_rank_vol_m12_n6_pairwise1,2013-11-29,FAC_rank_vol_m12_n6_pairwise1,,44,skipped,完整变量样本数小于 min_cross_section_n
FAC_rank_vol_m12_n6_pairwise1,2013-11-29,CtrlRetSTR,,44,skipped,完整变量样本数小于 min_cross_section_n
FAC_rank_vol_m12_n6_pairwise1,2013-11-29,CtrlRetLTM,,44,skipped,完整变量样本数小于 min_cross_section_n
FAC_rank_vol_m12_n6_pairwise1,2013-11-29,CtrlVol,,44,skipped,完整变量样本数小于 min_cross_section_n
FAC_rank_vol_m12_n6_pairwise1,2013-11-29,as_偏股混合型基金,,44,skipped,完整变量样本数小于 min_cross_section_n
FAC_rank_vol_m12_n6_pairwise1,2013-11-29,Ctrl_log_fund_size,,44,skipped,完整变量样本数小于 min_cross_section_n
FAC_rank_vol_m12_n6_pairwise1,2013-11-29,Ctrl_fund_age,,44,skipped,完整变量样本数小于 min_cross_section_n
FAC_rank_vol_m12_n6_pairwise1,2013-12-31,FAC_rank_vol_m12_n6_pairwise1,,45,skipped,完整变量样本数小于 min_cross_section_n
FAC_rank_vol_m12_n6_pairwise1,2013-12-31,CtrlRetSTR,,45,skipped,完整变量样本数小于 min_cross_section_n
FAC_rank_vol_m12_n6_pairwise1,2013-12-31,CtrlRetLTM,,45,skipped,完整变量样本数小于 min_cross_section_n
FAC_rank_vol_m12_n6_pairwise1,2013-12-31,CtrlVol,,45,skipped,完整变量样本数小于 min_cross_section_n
FAC_rank_vol_m12_n6_pairwise1,2013-12-31,as_偏股混合型基金,,45,skipped,完整变量样本数小于 min_cross_section_n
FAC_rank_vol_m12_n6_pairwise1,2013-12-31,Ctrl_log_fund_size,,45,skipped,完整变量样本数小于 min_cross_section_n
FAC_rank_vol_m12_n6_pairwise1,2013-12-31,Ctrl_fund_age,,45,skipped,完整变量样本数小于 min_cross_section_n
FAC_rank_vol_m12_n6_pairwise1,2014-01-30,FAC_rank_vol_m12_n6_pairwise1,,43,skipped,完整变量样本数小于 min_cross_section_n
FAC_rank_vol_m12_n6_pairwise1,2014-01-30,CtrlRetSTR,,43,skipped,完整变量样本数小于 min_cross_section_n
FAC_rank_vol_m12_n6_pairwise1,2014-01-30,CtrlRetLTM,,43,skipped,完整变量样本数小于 min_cross_section_n
FAC_rank_vol_m12_n6_pairwise1,2014-01-30,CtrlVol,,43,skipped,完整变量样本数小于 min_cross_section_n
FAC_rank_vol_m12_n6_pairwise1,2014-01-30,as_偏股混合型基金,,43,skipped,完整变量样本数小于 min_cross_section_n
FAC_rank_vol_m12_n6_pairwise1,2014-01-30,Ctrl_log_fund_size,,43,skipped,完整变量样本数小于 min_cross_section_n
FAC_rank_vol_m12_n6_pairwise1,2014-01-30,Ctrl_fund_age,,43,skipped,完整变量样本数小于 min_cross_section_n
FAC_rank_vol_m12_n6_pairwise1,2014-02-28,FAC_rank_vol_m12_n6_pairwise1,,44,skipped,完整变量样本数小于 min_cross_section_n
FAC_rank_vol_m12_n6_pairwise1,2014-02-28,CtrlRetSTR,,44,skipped,完整变量样本数小于 min_cross_section_n
FAC_rank_vol_m12_n6_pairwise1,2014-02-28,CtrlRetLTM,,44,skipped,完整变量样本数小于 min_cross_section_n
FAC_rank_vol_m12_n6_pairwise1,2014-02-28,CtrlVol,,44,skipped,完整变量样本数小于 min_cross_section_n
FAC_rank_vol_m12_n6_pairwise1,2014-02-28,as_偏股混合型基金,,44,skipped,完整变量样本数小于 min_cross_section_n
FAC_rank_vol_m12_n6_pairwise1,2014-02-28,Ctrl_log_fund_size,,44,skipped,完整变量样本数小于 min_cross_section_n
FAC_rank_vol_m12_n6_pairwise1,2014-02-28,Ctrl_fund_age,,44,skipped,完整变量样本数小于 min_cross_section_n
FAC_rank_vol_m12_n6_pairwise1,2014-03-31,FAC_rank_vol_m12_n6_pairwise1,,43,skipped,完整变量样本数小于 min_cross_section_n
FAC_rank_vol_m12_n6_pairwise1,2014-03-31,CtrlRetSTR,,43,skipped,完整变量样本数小于 min_cross_section_n
FAC_rank_vol_m12_n6_pairwise1,2014-03-31,CtrlRetLTM,,43,skipped,完整变量样本数小于 min_cross_section_n
FAC_rank_vol_m12_n6_pairwise1,2014-03-31,CtrlVol,,43,skipped,完整变量样本数小于 min_cross_section_n
FAC_rank_vol_m12_n6_pairwise1,2014-03-31,as_偏股混合型基金,,43,skipped,完整变量样本数小于 min_cross_section_n
FAC_rank_vol_m12_n6_pairwise1,2014-03-31,Ctrl_log_fund_size,,43,skipped,完整变量样本数小于 min_cross_section_n
FAC_rank_vol_m12_n6_pairwise1,2014-03-31,Ctrl_fund_age,,43,skipped,完整变量样本数小于 min_cross_section_n
FAC_rank_vol_m12_n6_pairwise1,2014-04-30,FAC_rank_vol_m12_n6_pairwise1,,45,skipped,完整变量样本数小于 min_cross_section_n
FAC_rank_vol_m12_n6_pairwise1,2014-04-30,CtrlRetSTR,,45,skipped,完整变量样本数小于 min_cross_section_n
FAC_rank_vol_m12_n6_pairwise1,2014-04-30,CtrlRetLTM,,45,skipped,完整变量样本数小于 min_cross_section_n
FAC_rank_vol_m12_n6_pairwise1,2014-04-30,CtrlVol,,45,skipped,完整变量样本数小于 min_cross_section_n
FAC_rank_vol_m12_n6_pairwise1,2014-04-30,as_偏股混合型基金,,45,skipped,完整变量样本数小于 min_cross_section_n
FAC_rank_vol_m12_n6_pairwise1,2014-04-30,Ctrl_log_fund_size,,45,skipped,完整变量样本数小于 min_cross_section_n
FAC_rank_vol_m12_n6_pairwise1,2014-04-30,Ctrl_fund_age,,45,skipped,完整变量样本数小于 min_cross_section_n
FAC_rank_vol_m12_n6_pairwise1,2014-05-30,FAC_rank_vol_m12_n6_pairwise1,,47,skipped,完整变量样本数小于 min_cross_section_n
FAC_rank_vol_m12_n6_pairwise1,2014-05-30,CtrlRetSTR,,47,skipped,完整变量样本数小于 min_cross_section_n
FAC_rank_vol_m12_n6_pairwise1,2014-05-30,CtrlRetLTM,,47,skipped,完整变量样本数小于 min_cross_section_n
FAC_rank_vol_m12_n6_pairwise1,2014-05-30,CtrlVol,,47,skipped,完整变量样本数小于 min_cross_section_n
FAC_rank_vol_m12_n6_pairwise1,2014-05-30,as_偏股混合型基金,,47,skipped,完整变量样本数小于 min_cross_section_n
FAC_rank_vol_m12_n6_pairwise1,2014-05-30,Ctrl_log_fund_size,,47,skipped,完整变量样本数小于 min_cross_section_n
FAC_rank_vol_m12_n6_pairwise1,2014-05-30,Ctrl_fund_age,,47,skipped,完整变量样本数小于 min_cross_section_n
FAC_rank_vol_m12_n6_pairwise1,2014-06-30,FAC_rank_vol_m12_n6_pairwise1,,46,skipped,完整变量样本数小于 min_cross_section_n
FAC_rank_vol_m12_n6_pairwise1,2014-06-30,CtrlRetSTR,,46,skipped,完整变量样本数小于 min_cross_section_n
FAC_rank_vol_m12_n6_pairwise1,2014-06-30,CtrlRetLTM,,46,skipped,完整变量样本数小于 min_cross_section_n
FAC_rank_vol_m12_n6_pairwise1,2014-06-30,CtrlVol,,46,skipped,完整变量样本数小于 min_cross_section_n
FAC_rank_vol_m12_n6_pairwise1,2014-06-30,as_偏股混合型基金,,46,skipped,完整变量样本数小于 min_cross_section_n
FAC_rank_vol_m12_n6_pairwise1,2014-06-30,Ctrl_log_fund_size,,46,skipped,完整变量样本数小于 min_cross_section_n
FAC_rank_vol_m12_n6_pairwise1,2014-06-30,Ctrl_fund_age,,46,skipped,完整变量样本数小于 min_cross_section_n
FAC_rank_vol_m12_n6_pairwise1,2014-07-31,FAC_rank_vol_m12_n6_pairwise1,,46,skipped,完整变量样本数小于 min_cross_section_n
FAC_rank_vol_m12_n6_pairwise1,2014-07-31,CtrlRetSTR,,46,skipped,完整变量样本数小于 min_cross_section_n
FAC_rank_vol_m12_n6_pairwise1,2014-07-31,CtrlRetLTM,,46,skipped,完整变量样本数小于 min_cross_section_n
FAC_rank_vol_m12_n6_pairwise1,2014-07-31,CtrlVol,,46,skipped,完整变量样本数小于 min_cross_section_n
FAC_rank_vol_m12_n6_pairwise1,2014-07-31,as_偏股混合型基金,,46,skipped,完整变量样本数小于 min_cross_section_n
FAC_rank_vol_m12_n6_pairwise1,2014-07-31,Ctrl_log_fund_size,,46,skipped,完整变量样本数小于 min_cross_section_n
FAC_rank_vol_m12_n6_pairwise1,2014-07-31,Ctrl_fund_age,,46,skipped,完整变量样本数小于 min_cross_section_n
FAC_rank_vol_m12_n6_pairwise1,2014-08-29,FAC_rank_vol_m12_n6_pairwise1,,46,skipped,完整变量样本数小于 min_cross_section_n
FAC_rank_vol_m12_n6_pairwise1,2014-08-29,CtrlRetSTR,,46,skipped,完整变量样本数小于 min_cross_section_n
FAC_rank_vol_m12_n6_pairwise1,2014-08-29,CtrlRetLTM,,46,skipped,完整变量样本数小于 min_cross_section_n
FAC_rank_vol_m12_n6_pairwise1,2014-08-29,CtrlVol,,46,skipped,完整变量样本数小于 min_cross_section_n
FAC_rank_vol_m12_n6_pairwise1,2014-08-29,as_偏股混合型基金,,46,skipped,完整变量样本数小于 min_cross_section_n
FAC_rank_vol_m12_n6_pairwise1,2014-08-29,Ctrl_log_fund_size,,46,skipped,完整变量样本数小于 min_cross_section_n
FAC_rank_vol_m12_n6_pairwise1,2014-08-29,Ctrl_fund_age,,46,skipped,完整变量样本数小于 min_cross_section_n
FAC_rank_vol_m12_n6_pairwise1,2014-09-30,FAC_rank_vol_m12_n6_pairwise1,,46,skipped,完整变量样本数小于 min_cross_section_n
FAC_rank_vol_m12_n6_pairwise1,2014-09-30,CtrlRetSTR,,46,skipped,完整变量样本数小于 min_cross_section_n
FAC_rank_vol_m12_n6_pairwise1,2014-09-30,CtrlRetLTM,,46,skipped,完整变量样本数小于 min_cross_section_n
FAC_rank_vol_m12_n6_pairwise1,2014-09-30,CtrlVol,,46,skipped,完整变量样本数小于 min_cross_section_n
FAC_rank_vol_m12_n6_pairwise1,2014-09-30,as_偏股混合型基金,,46,skipped,完整变量样本数小于 min_cross_section_n
FAC_rank_vol_m12_n6_pairwise1,2014-09-30,Ctrl_log_fund_size,,46,skipped,完整变量样本数小于 min_cross_section_n
FAC_rank_vol_m12_n6_pairwise1,2014-09-30,Ctrl_fund_age,,46,skipped,完整变量样本数小于 min_cross_section_n
FAC_rank_vol_m12_n6_pairwise1,2014-10-31,FAC_rank_vol_m12_n6_pairwise1,,44,skipped,完整变量样本数小于 min_cross_section_n
FAC_rank_vol_m12_n6_pairwise1,2014-10-31,CtrlRetSTR,,44,skipped,完整变量样本数小于 min_cross_section_n
FAC_rank_vol_m12_n6_pairwise1,2014-10-31,CtrlRetLTM,,44,skipped,完整变量样本数小于 min_cross_section_n
FAC_rank_vol_m12_n6_pairwise1,2014-10-31,CtrlVol,,44,skipped,完整变量样本数小于 min_cross_section_n
FAC_rank_vol_m12_n6_pairwise1,2014-10-31,as_偏股混合型基金,,44,skipped,完整变量样本数小于 min_cross_section_n
FAC_rank_vol_m12_n6_pairwise1,2014-10-31,Ctrl_log_fund_size,,44,skipped,完整变量样本数小于 min_cross_section_n
FAC_rank_vol_m12_n6_pairwise1,2014-10-31,Ctrl_fund_age,,44,skipped,完整变量样本数小于 min_cross_section_n
FAC_rank_vol_m12_n6_pairwise1,2014-11-28,FAC_rank_vol_m12_n6_pairwise1,,44,skipped,完整变量样本数小于 min_cross_section_n
FAC_rank_vol_m12_n6_pairwise1,2014-11-28,CtrlRetSTR,,44,skipped,完整变量样本数小于 min_cross_section_n
FAC_rank_vol_m12_n6_pairwise1,2014-11-28,CtrlRetLTM,,44,skipped,完整变量样本数小于 min_cross_section_n
FAC_rank_vol_m12_n6_pairwise1,2014-11-28,CtrlVol,,44,skipped,完整变量样本数小于 min_cross_section_n
FAC_rank_vol_m12_n6_pairwise1,2014-11-28,as_偏股混合型基金,,44,skipped,完整变量样本数小于 min_cross_section_n
FAC_rank_vol_m12_n6_pairwise1,2014-11-28,Ctrl_log_fund_size,,44,skipped,完整变量样本数小于 min_cross_section_n
FAC_rank_vol_m12_n6_pairwise1,2014-11-28,Ctrl_fund_age,,44,skipped,完整变量样本数小于 min_cross_section_n
FAC_rank_vol_m12_n6_pairwise1,2014-12-31,FAC_rank_vol_m12_n6_pairwise1,,40,skipped,完整变量样本数小于 min_cross_section_n
FAC_rank_vol_m12_n6_pairwise1,2014-12-31,CtrlRetSTR,,40,skipped,完整变量样本数小于 min_cross_section_n
FAC_rank_vol_m12_n6_pairwise1,2014-12-31,CtrlRetLTM,,40,skipped,完整变量样本数小于 min_cross_section_n
FAC_rank_vol_m12_n6_pairwise1,2014-12-31,CtrlVol,,40,skipped,完整变量样本数小于 min_cross_section_n
FAC_rank_vol_m12_n6_pairwise1,2014-12-31,as_偏股混合型基金,,40,skipped,完整变量样本数小于 min_cross_section_n
FAC_rank_vol_m12_n6_pairwise1,2014-12-31,Ctrl_log_fund_size,,40,skipped,完整变量样本数小于 min_cross_section_n
FAC_rank_vol_m12_n6_pairwise1,2014-12-31,Ctrl_fund_age,,40,skipped,完整变量样本数小于 min_cross_section_n
FAC_rank_vol_m12_n6_pairwise1,2015-01-30,FAC_rank_vol_m12_n6_pairwise1,,37,skipped,完整变量样本数小于 min_cross_section_n
FAC_rank_vol_m12_n6_pairwise1,2015-01-30,CtrlRetSTR,,37,skipped,完整变量样本数小于 min_cross_section_n
FAC_rank_vol_m12_n6_pairwise1,2015-01-30,CtrlRetLTM,,37,skipped,完整变量样本数小于 min_cross_section_n
FAC_rank_vol_m12_n6_pairwise1,2015-01-30,CtrlVol,,37,skipped,完整变量样本数小于 min_cross_section_n
FAC_rank_vol_m12_n6_pairwise1,2015-01-30,as_偏股混合型基金,,37,skipped,完整变量样本数小于 min_cross_section_n
FAC_rank_vol_m12_n6_pairwise1,2015-01-30,Ctrl_log_fund_size,,37,skipped,完整变量样本数小于 min_cross_section_n
FAC_rank_vol_m12_n6_pairwise1,2015-01-30,Ctrl_fund_age,,37,skipped,完整变量样本数小于 min_cross_section_n
FAC_rank_vol_m12_n6_pairwise1,2015-02-27,FAC_rank_vol_m12_n6_pairwise1,,37,skipped,完整变量样本数小于 min_cross_section_n
FAC_rank_vol_m12_n6_pairwise1,2015-02-27,CtrlRetSTR,,37,skipped,完整变量样本数小于 min_cross_section_n
FAC_rank_vol_m12_n6_pairwise1,2015-02-27,CtrlRetLTM,,37,skipped,完整变量样本数小于 min_cross_section_n
FAC_rank_vol_m12_n6_pairwise1,2015-02-27,CtrlVol,,37,skipped,完整变量样本数小于 min_cross_section_n
FAC_rank_vol_m12_n6_pairwise1,2015-02-27,as_偏股混合型基金,,37,skipped,完整变量样本数小于 min_cross_section_n
FAC_rank_vol_m12_n6_pairwise1,2015-02-27,Ctrl_log_fund_size,,37,skipped,完整变量样本数小于 min_cross_section_n
FAC_rank_vol_m12_n6_pairwise1,2015-02-27,Ctrl_fund_age,,37,skipped,完整变量样本数小于 min_cross_section_n
FAC_rank_vol_m12_n6_pairwise1,2015-03-31,FAC_rank_vol_m12_n6_pairwise1,,35,skipped,完整变量样本数小于 min_cross_section_n
FAC_rank_vol_m12_n6_pairwise1,2015-03-31,CtrlRetSTR,,35,skipped,完整变量样本数小于 min_cross_section_n
FAC_rank_vol_m12_n6_pairwise1,2015-03-31,CtrlRetLTM,,35,skipped,完整变量样本数小于 min_cross_section_n
FAC_rank_vol_m12_n6_pairwise1,2015-03-31,CtrlVol,,35,skipped,完整变量样本数小于 min_cross_section_n
FAC_rank_vol_m12_n6_pairwise1,2015-03-31,as_偏股混合型基金,,35,skipped,完整变量样本数小于 min_cross_section_n
FAC_rank_vol_m12_n6_pairwise1,2015-03-31,Ctrl_log_fund_size,,35,skipped,完整变量样本数小于 min_cross_section_n
FAC_rank_vol_m12_n6_pairwise1,2015-03-31,Ctrl_fund_age,,35,skipped,完整变量样本数小于 min_cross_section_n
FAC_rank_vol_m12_n6_pairwise1,2015-04-30,FAC_rank_vol_m12_n6_pairwise1,,32,skipped,完整变量样本数小于 min_cross_section_n
FAC_rank_vol_m12_n6_pairwise1,2015-04-30,CtrlRetSTR,,32,skipped,完整变量样本数小于 min_cross_section_n
FAC_rank_vol_m12_n6_pairwise1,2015-04-30,CtrlRetLTM,,32,skipped,完整变量样本数小于 min_cross_section_n
FAC_rank_vol_m12_n6_pairwise1,2015-04-30,CtrlVol,,32,skipped,完整变量样本数小于 min_cross_section_n
FAC_rank_vol_m12_n6_pairwise1,2015-04-30,as_偏股混合型基金,,32,skipped,完整变量样本数小于 min_cross_section_n
FAC_rank_vol_m12_n6_pairwise1,2015-04-30,Ctrl_log_fund_size,,32,skipped,完整变量样本数小于 min_cross_section_n
FAC_rank_vol_m12_n6_pairwise1,2015-04-30,Ctrl_fund_age,,32,skipped,完整变量样本数小于 min_cross_section_n
FAC_rank_vol_m12_n6_pairwise1,2015-05-29,FAC_rank_vol_m12_n6_pairwise1,,29,skipped,完整变量样本数小于 min_cross_section_n
FAC_rank_vol_m12_n6_pairwise1,2015-05-29,CtrlRetSTR,,29,skipped,完整变量样本数小于 min_cross_section_n
FAC_rank_vol_m12_n6_pairwise1,2015-05-29,CtrlRetLTM,,29,skipped,完整变量样本数小于 min_cross_section_n
FAC_rank_vol_m12_n6_pairwise1,2015-05-29,CtrlVol,,29,skipped,完整变量样本数小于 min_cross_section_n
FAC_rank_vol_m12_n6_pairwise1,2015-05-29,as_偏股混合型基金,,29,skipped,完整变量样本数小于 min_cross_section_n
FAC_rank_vol_m12_n6_pairwise1,2015-05-29,Ctrl_log_fund_size,,29,skipped,完整变量样本数小于 min_cross_section_n
FAC_rank_vol_m12_n6_pairwise1,2015-05-29,Ctrl_fund_age,,29,skipped,完整变量样本数小于 min_cross_section_n
FAC_rank_vol_m12_n6_pairwise1,2015-06-30,FAC_rank_vol_m12_n6_pairwise1,,24,skipped,完整变量样本数小于 min_cross_section_n
FAC_rank_vol_m12_n6_pairwise1,2015-06-30,CtrlRetSTR,,24,skipped,完整变量样本数小于 min_cross_section_n
FAC_rank_vol_m12_n6_pairwise1,2015-06-30,CtrlRetLTM,,24,skipped,完整变量样本数小于 min_cross_section_n
FAC_rank_vol_m12_n6_pairwise1,2015-06-30,CtrlVol,,24,skipped,完整变量样本数小于 min_cross_section_n
FAC_rank_vol_m12_n6_pairwise1,2015-06-30,as_偏股混合型基金,,24,skipped,完整变量样本数小于 min_cross_section_n
FAC_rank_vol_m12_n6_pairwise1,2015-06-30,Ctrl_log_fund_size,,24,skipped,完整变量样本数小于 min_cross_section_n
FAC_rank_vol_m12_n6_pairwise1,2015-06-30,Ctrl_fund_age,,24,skipped,完整变量样本数小于 min_cross_section_n
FAC_rank_vol_m12_n6_pairwise1,2015-07-31,FAC_rank_vol_m12_n6_pairwise1,,24,skipped,完整变量样本数小于 min_cross_section_n
FAC_rank_vol_m12_n6_pairwise1,2015-07-31,CtrlRetSTR,,24,skipped,完整变量样本数小于 min_cross_section_n
FAC_rank_vol_m12_n6_pairwise1,2015-07-31,CtrlRetLTM,,24,skipped,完整变量样本数小于 min_cross_section_n
FAC_rank_vol_m12_n6_pairwise1,2015-07-31,CtrlVol,,24,skipped,完整变量样本数小于 min_cross_section_n
FAC_rank_vol_m12_n6_pairwise1,2015-07-31,as_偏股混合型基金,,24,skipped,完整变量样本数小于 min_cross_section_n
FAC_rank_vol_m12_n6_pairwise1,2015-07-31,Ctrl_log_fund_size,,24,skipped,完整变量样本数小于 min_cross_section_n
FAC_rank_vol_m12_n6_pairwise1,2015-07-31,Ctrl_fund_age,,24,skipped,完整变量样本数小于 min_cross_section_n
FAC_rank_vol_m12_n6_pairwise1,2015-08-31,FAC_rank_vol_m12_n6_pairwise1,,25,skipped,完整变量样本数小于 min_cross_section_n
FAC_rank_vol_m12_n6_pairwise1,2015-08-31,CtrlRetSTR,,25,skipped,完整变量样本数小于 min_cross_section_n
FAC_rank_vol_m12_n6_pairwise1,2015-08-31,CtrlRetLTM,,25,skipped,完整变量样本数小于 min_cross_section_n
FAC_rank_vol_m12_n6_pairwise1,2015-08-31,CtrlVol,,25,skipped,完整变量样本数小于 min_cross_section_n
FAC_rank_vol_m12_n6_pairwise1,2015-08-31,as_偏股混合型基金,,25,skipped,完整变量样本数小于 min_cross_section_n
FAC_rank_vol_m12_n6_pairwise1,2015-08-31,Ctrl_log_fund_size,,25,skipped,完整变量样本数小于 min_cross_section_n
FAC_rank_vol_m12_n6_pairwise1,2015-08-31,Ctrl_fund_age,,25,skipped,完整变量样本数小于 min_cross_section_n
FAC_rank_vol_m12_n6_pairwise1,2015-09-30,FAC_rank_vol_m12_n6_pairwise1,,23,skipped,完整变量样本数小于 min_cross_section_n
FAC_rank_vol_m12_n6_pairwise1,2015-09-30,CtrlRetSTR,,23,skipped,完整变量样本数小于 min_cross_section_n
FAC_rank_vol_m12_n6_pairwise1,2015-09-30,CtrlRetLTM,,23,skipped,完整变量样本数小于 min_cross_section_n
FAC_rank_vol_m12_n6_pairwise1,2015-09-30,CtrlVol,,23,skipped,完整变量样本数小于 min_cross_section_n
FAC_rank_vol_m12_n6_pairwise1,2015-09-30,as_偏股混合型基金,,23,skipped,完整变量样本数小于 min_cross_section_n
FAC_rank_vol_m12_n6_pairwise1,2015-09-30,Ctrl_log_fund_size,,23,skipped,完整变量样本数小于 min_cross_section_n
FAC_rank_vol_m12_n6_pairwise1,2015-09-30,Ctrl_fund_age,,23,skipped,完整变量样本数小于 min_cross_section_n
FAC_rank_vol_m12_n6_pairwise1,2015-10-30,FAC_rank_vol_m12_n6_pairwise1,,24,skipped,完整变量样本数小于 min_cross_section_n
FAC_rank_vol_m12_n6_pairwise1,2015-10-30,CtrlRetSTR,,24,skipped,完整变量样本数小于 min_cross_section_n
FAC_rank_vol_m12_n6_pairwise1,2015-10-30,CtrlRetLTM,,24,skipped,完整变量样本数小于 min_cross_section_n
FAC_rank_vol_m12_n6_pairwise1,2015-10-30,CtrlVol,,24,skipped,完整变量样本数小于 min_cross_section_n
FAC_rank_vol_m12_n6_pairwise1,2015-10-30,as_偏股混合型基金,,24,skipped,完整变量样本数小于 min_cross_section_n
FAC_rank_vol_m12_n6_pairwise1,2015-10-30,Ctrl_log_fund_size,,24,skipped,完整变量样本数小于 min_cross_section_n
FAC_rank_vol_m12_n6_pairwise1,2015-10-30,Ctrl_fund_age,,24,skipped,完整变量样本数小于 min_cross_section_n
FAC_rank_vol_m12_n6_pairwise1,2015-11-30,FAC_rank_vol_m12_n6_pairwise1,,25,skipped,完整变量样本数小于 min_cross_section_n
FAC_rank_vol_m12_n6_pairwise1,2015-11-30,CtrlRetSTR,,25,skipped,完整变量样本数小于 min_cross_section_n
FAC_rank_vol_m12_n6_pairwise1,2015-11-30,CtrlRetLTM,,25,skipped,完整变量样本数小于 min_cross_section_n
FAC_rank_vol_m12_n6_pairwise1,2015-11-30,CtrlVol,,25,skipped,完整变量样本数小于 min_cross_section_n
FAC_rank_vol_m12_n6_pairwise1,2015-11-30,as_偏股混合型基金,,25,skipped,完整变量样本数小于 min_cross_section_n
FAC_rank_vol_m12_n6_pairwise1,2015-11-30,Ctrl_log_fund_size,,25,skipped,完整变量样本数小于 min_cross_section_n
FAC_rank_vol_m12_n6_pairwise1,2015-11-30,Ctrl_fund_age,,25,skipped,完整变量样本数小于 min_cross_section_n
FAC_rank_vol_m12_n6_pairwise1,2015-12-31,FAC_rank_vol_m12_n6_pairwise1,,25,skipped,完整变量样本数小于 min_cross_section_n
FAC_rank_vol_m12_n6_pairwise1,2015-12-31,CtrlRetSTR,,25,skipped,完整变量样本数小于 min_cross_section_n
FAC_rank_vol_m12_n6_pairwise1,2015-12-31,CtrlRetLTM,,25,skipped,完整变量样本数小于 min_cross_section_n
FAC_rank_vol_m12_n6_pairwise1,2015-12-31,CtrlVol,,25,skipped,完整变量样本数小于 min_cross_section_n
FAC_rank_vol_m12_n6_pairwise1,2015-12-31,as_偏股混合型基金,,25,skipped,完整变量样本数小于 min_cross_section_n
FAC_rank_vol_m12_n6_pairwise1,2015-12-31,Ctrl_log_fund_size,,25,skipped,完整变量样本数小于 min_cross_section_n
FAC_rank_vol_m12_n6_pairwise1,2015-12-31,Ctrl_fund_age,,25,skipped,完整变量样本数小于 min_cross_section_n
FAC_rank_vol_m12_n6_pairwise1,2016-01-29,FAC_rank_vol_m12_n6_pairwise1,,28,skipped,完整变量样本数小于 min_cross_section_n
FAC_rank_vol_m12_n6_pairwise1,2016-01-29,CtrlRetSTR,,28,skipped,完整变量样本数小于 min_cross_section_n
FAC_rank_vol_m12_n6_pairwise1,2016-01-29,CtrlRetLTM,,28,skipped,完整变量样本数小于 min_cross_section_n
FAC_rank_vol_m12_n6_pairwise1,2016-01-29,CtrlVol,,28,skipped,完整变量样本数小于 min_cross_section_n
FAC_rank_vol_m12_n6_pairwise1,2016-01-29,as_偏股混合型基金,,28,skipped,完整变量样本数小于 min_cross_section_n
FAC_rank_vol_m12_n6_pairwise1,2016-01-29,Ctrl_log_fund_size,,28,skipped,完整变量样本数小于 min_cross_section_n
FAC_rank_vol_m12_n6_pairwise1,2016-01-29,Ctrl_fund_age,,28,skipped,完整变量样本数小于 min_cross_section_n
FAC_rank_vol_m12_n6_pairwise1,2016-02-29,FAC_rank_vol_m12_n6_pairwise1,,30,skipped,完整变量样本数小于 min_cross_section_n
FAC_rank_vol_m12_n6_pairwise1,2016-02-29,CtrlRetSTR,,30,skipped,完整变量样本数小于 min_cross_section_n
FAC_rank_vol_m12_n6_pairwise1,2016-02-29,CtrlRetLTM,,30,skipped,完整变量样本数小于 min_cross_section_n
FAC_rank_vol_m12_n6_pairwise1,2016-02-29,CtrlVol,,30,skipped,完整变量样本数小于 min_cross_section_n
FAC_rank_vol_m12_n6_pairwise1,2016-02-29,as_偏股混合型基金,,30,skipped,完整变量样本数小于 min_cross_section_n
FAC_rank_vol_m12_n6_pairwise1,2016-02-29,Ctrl_log_fund_size,,30,skipped,完整变量样本数小于 min_cross_section_n
FAC_rank_vol_m12_n6_pairwise1,2016-02-29,Ctrl_fund_age,,30,skipped,完整变量样本数小于 min_cross_section_n
FAC_rank_vol_m12_n6_pairwise1,2016-03-31,FAC_rank_vol_m12_n6_pairwise1,,30,skipped,完整变量样本数小于 min_cross_section_n
FAC_rank_vol_m12_n6_pairwise1,2016-03-31,CtrlRetSTR,,30,skipped,完整变量样本数小于 min_cross_section_n
FAC_rank_vol_m12_n6_pairwise1,2016-03-31,CtrlRetLTM,,30,skipped,完整变量样本数小于 min_cross_section_n
FAC_rank_vol_m12_n6_pairwise1,2016-03-31,CtrlVol,,30,skipped,完整变量样本数小于 min_cross_section_n
FAC_rank_vol_m12_n6_pairwise1,2016-03-31,as_偏股混合型基金,,30,skipped,完整变量样本数小于 min_cross_section_n
FAC_rank_vol_m12_n6_pairwise1,2016-03-31,Ctrl_log_fund_size,,30,skipped,完整变量样本数小于 min_cross_section_n
FAC_rank_vol_m12_n6_pairwise1,2016-03-31,Ctrl_fund_age,,30,skipped,完整变量样本数小于 min_cross_section_n
FAC_rank_vol_m12_n6_pairwise1,2016-04-29,FAC_rank_vol_m12_n6_pairwise1,,29,skipped,完整变量样本数小于 min_cross_section_n
FAC_rank_vol_m12_n6_pairwise1,2016-04-29,CtrlRetSTR,,29,skipped,完整变量样本数小于 min_cross_section_n
FAC_rank_vol_m12_n6_pairwise1,2016-04-29,CtrlRetLTM,,29,skipped,完整变量样本数小于 min_cross_section_n
FAC_rank_vol_m12_n6_pairwise1,2016-04-29,CtrlVol,,29,skipped,完整变量样本数小于 min_cross_section_n
FAC_rank_vol_m12_n6_pairwise1,2016-04-29,as_偏股混合型基金,,29,skipped,完整变量样本数小于 min_cross_section_n
FAC_rank_vol_m12_n6_pairwise1,2016-04-29,Ctrl_log_fund_size,,29,skipped,完整变量样本数小于 min_cross_section_n
FAC_rank_vol_m12_n6_pairwise1,2016-04-29,Ctrl_fund_age,,29,skipped,完整变量样本数小于 min_cross_section_n
FAC_rank_vol_m12_n6_pairwise1,2016-05-31,FAC_rank_vol_m12_n6_pairwise1,,30,skipped,完整变量样本数小于 min_cross_section_n
FAC_rank_vol_m12_n6_pairwise1,2016-05-31,CtrlRetSTR,,30,skipped,完整变量样本数小于 min_cross_section_n
FAC_rank_vol_m12_n6_pairwise1,2016-05-31,CtrlRetLTM,,30,skipped,完整变量样本数小于 min_cross_section_n
FAC_rank_vol_m12_n6_pairwise1,2016-05-31,CtrlVol,,30,skipped,完整变量样本数小于 min_cross_section_n
FAC_rank_vol_m12_n6_pairwise1,2016-05-31,as_偏股混合型基金,,30,skipped,完整变量样本数小于 min_cross_section_n
FAC_rank_vol_m12_n6_pairwise1,2016-05-31,Ctrl_log_fund_size,,30,skipped,完整变量样本数小于 min_cross_section_n
FAC_rank_vol_m12_n6_pairwise1,2016-05-31,Ctrl_fund_age,,30,skipped,完整变量样本数小于 min_cross_section_n
FAC_rank_vol_m12_n6_pairwise1,2016-06-30,FAC_rank_vol_m12_n6_pairwise1,,32,skipped,完整变量样本数小于 min_cross_section_n
FAC_rank_vol_m12_n6_pairwise1,2016-06-30,CtrlRetSTR,,32,skipped,完整变量样本数小于 min_cross_section_n
FAC_rank_vol_m12_n6_pairwise1,2016-06-30,CtrlRetLTM,,32,skipped,完整变量样本数小于 min_cross_section_n
FAC_rank_vol_m12_n6_pairwise1,2016-06-30,CtrlVol,,32,skipped,完整变量样本数小于 min_cross_section_n
FAC_rank_vol_m12_n6_pairwise1,2016-06-30,as_偏股混合型基金,,32,skipped,完整变量样本数小于 min_cross_section_n
FAC_rank_vol_m12_n6_pairwise1,2016-06-30,Ctrl_log_fund_size,,32,skipped,完整变量样本数小于 min_cross_section_n
FAC_rank_vol_m12_n6_pairwise1,2016-06-30,Ctrl_fund_age,,32,skipped,完整变量样本数小于 min_cross_section_n
FAC_rank_vol_m12_n6_pairwise1,2016-07-29,FAC_rank_vol_m12_n6_pairwise1,,30,skipped,完整变量样本数小于 min_cross_section_n
FAC_rank_vol_m12_n6_pairwise1,2016-07-29,CtrlRetSTR,,30,skipped,完整变量样本数小于 min_cross_section_n
FAC_rank_vol_m12_n6_pairwise1,2016-07-29,CtrlRetLTM,,30,skipped,完整变量样本数小于 min_cross_section_n
FAC_rank_vol_m12_n6_pairwise1,2016-07-29,CtrlVol,,30,skipped,完整变量样本数小于 min_cross_section_n
FAC_rank_vol_m12_n6_pairwise1,2016-07-29,as_偏股混合型基金,,30,skipped,完整变量样本数小于 min_cross_section_n
FAC_rank_vol_m12_n6_pairwise1,2016-07-29,Ctrl_log_fund_size,,30,skipped,完整变量样本数小于 min_cross_section_n
FAC_rank_vol_m12_n6_pairwise1,2016-07-29,Ctrl_fund_age,,30,skipped,完整变量样本数小于 min_cross_section_n
FAC_rank_vol_m12_n6_pairwise1,2016-08-31,FAC_rank_vol_m12_n6_pairwise1,,33,skipped,完整变量样本数小于 min_cross_section_n
FAC_rank_vol_m12_n6_pairwise1,2016-08-31,CtrlRetSTR,,33,skipped,完整变量样本数小于 min_cross_section_n
FAC_rank_vol_m12_n6_pairwise1,2016-08-31,CtrlRetLTM,,33,skipped,完整变量样本数小于 min_cross_section_n
FAC_rank_vol_m12_n6_pairwise1,2016-08-31,CtrlVol,,33,skipped,完整变量样本数小于 min_cross_section_n
FAC_rank_vol_m12_n6_pairwise1,2016-08-31,as_偏股混合型基金,,33,skipped,完整变量样本数小于 min_cross_section_n
FAC_rank_vol_m12_n6_pairwise1,2016-08-31,Ctrl_log_fund_size,,33,skipped,完整变量样本数小于 min_cross_section_n
FAC_rank_vol_m12_n6_pairwise1,2016-08-31,Ctrl_fund_age,,33,skipped,完整变量样本数小于 min_cross_section_n
FAC_rank_vol_m12_n6_pairwise1,2016-09-30,FAC_rank_vol_m12_n6_pairwise1,,34,skipped,完整变量样本数小于 min_cross_section_n
FAC_rank_vol_m12_n6_pairwise1,2016-09-30,CtrlRetSTR,,34,skipped,完整变量样本数小于 min_cross_section_n
FAC_rank_vol_m12_n6_pairwise1,2016-09-30,CtrlRetLTM,,34,skipped,完整变量样本数小于 min_cross_section_n
FAC_rank_vol_m12_n6_pairwise1,2016-09-30,CtrlVol,,34,skipped,完整变量样本数小于 min_cross_section_n
FAC_rank_vol_m12_n6_pairwise1,2016-09-30,as_偏股混合型基金,,34,skipped,完整变量样本数小于 min_cross_section_n
FAC_rank_vol_m12_n6_pairwise1,2016-09-30,Ctrl_log_fund_size,,34,skipped,完整变量样本数小于 min_cross_section_n
FAC_rank_vol_m12_n6_pairwise1,2016-09-30,Ctrl_fund_age,,34,skipped,完整变量样本数小于 min_cross_section_n
FAC_rank_vol_m12_n6_pairwise1,2016-10-31,FAC_rank_vol_m12_n6_pairwise1,,34,skipped,完整变量样本数小于 min_cross_section_n
FAC_rank_vol_m12_n6_pairwise1,2016-10-31,CtrlRetSTR,,34,skipped,完整变量样本数小于 min_cross_section_n
FAC_rank_vol_m12_n6_pairwise1,2016-10-31,CtrlRetLTM,,34,skipped,完整变量样本数小于 min_cross_section_n
FAC_rank_vol_m12_n6_pairwise1,2016-10-31,CtrlVol,,34,skipped,完整变量样本数小于 min_cross_section_n
FAC_rank_vol_m12_n6_pairwise1,2016-10-31,as_偏股混合型基金,,34,skipped,完整变量样本数小于 min_cross_section_n
FAC_rank_vol_m12_n6_pairwise1,2016-10-31,Ctrl_log_fund_size,,34,skipped,完整变量样本数小于 min_cross_section_n
FAC_rank_vol_m12_n6_pairwise1,2016-10-31,Ctrl_fund_age,,34,skipped,完整变量样本数小于 min_cross_section_n
FAC_rank_vol_m12_n6_pairwise1,2016-11-30,FAC_rank_vol_m12_n6_pairwise1,,35,skipped,完整变量样本数小于 min_cross_section_n
FAC_rank_vol_m12_n6_pairwise1,2016-11-30,CtrlRetSTR,,35,skipped,完整变量样本数小于 min_cross_section_n
FAC_rank_vol_m12_n6_pairwise1,2016-11-30,CtrlRetLTM,,35,skipped,完整变量样本数小于 min_cross_section_n
FAC_rank_vol_m12_n6_pairwise1,2016-11-30,CtrlVol,,35,skipped,完整变量样本数小于 min_cross_section_n
FAC_rank_vol_m12_n6_pairwise1,2016-11-30,as_偏股混合型基金,,35,skipped,完整变量样本数小于 min_cross_section_n
FAC_rank_vol_m12_n6_pairwise1,2016-11-30,Ctrl_log_fund_size,,35,skipped,完整变量样本数小于 min_cross_section_n
FAC_rank_vol_m12_n6_pairwise1,2016-11-30,Ctrl_fund_age,,35,skipped,完整变量样本数小于 min_cross_section_n
FAC_rank_vol_m12_n6_pairwise1,2016-12-30,FAC_rank_vol_m12_n6_pairwise1,,36,skipped,完整变量样本数小于 min_cross_section_n
FAC_rank_vol_m12_n6_pairwise1,2016-12-30,CtrlRetSTR,,36,skipped,完整变量样本数小于 min_cross_section_n
FAC_rank_vol_m12_n6_pairwise1,2016-12-30,CtrlRetLTM,,36,skipped,完整变量样本数小于 min_cross_section_n
FAC_rank_vol_m12_n6_pairwise1,2016-12-30,CtrlVol,,36,skipped,完整变量样本数小于 min_cross_section_n
FAC_rank_vol_m12_n6_pairwise1,2016-12-30,as_偏股混合型基金,,36,skipped,完整变量样本数小于 min_cross_section_n
FAC_rank_vol_m12_n6_pairwise1,2016-12-30,Ctrl_log_fund_size,,36,skipped,完整变量样本数小于 min_cross_section_n
FAC_rank_vol_m12_n6_pairwise1,2016-12-30,Ctrl_fund_age,,36,skipped,完整变量样本数小于 min_cross_section_n
FAC_rank_vol_m12_n6_pairwise1,2017-01-26,FAC_rank_vol_m12_n6_pairwise1,,38,skipped,完整变量样本数小于 min_cross_section_n
FAC_rank_vol_m12_n6_pairwise1,2017-01-26,CtrlRetSTR,,38,skipped,完整变量样本数小于 min_cross_section_n
FAC_rank_vol_m12_n6_pairwise1,2017-01-26,CtrlRetLTM,,38,skipped,完整变量样本数小于 min_cross_section_n
FAC_rank_vol_m12_n6_pairwise1,2017-01-26,CtrlVol,,38,skipped,完整变量样本数小于 min_cross_section_n
FAC_rank_vol_m12_n6_pairwise1,2017-01-26,as_偏股混合型基金,,38,skipped,完整变量样本数小于 min_cross_section_n
FAC_rank_vol_m12_n6_pairwise1,2017-01-26,Ctrl_log_fund_size,,38,skipped,完整变量样本数小于 min_cross_section_n
FAC_rank_vol_m12_n6_pairwise1,2017-01-26,Ctrl_fund_age,,38,skipped,完整变量样本数小于 min_cross_section_n
FAC_rank_vol_m12_n6_pairwise1,2017-02-28,FAC_rank_vol_m12_n6_pairwise1,,39,skipped,完整变量样本数小于 min_cross_section_n
FAC_rank_vol_m12_n6_pairwise1,2017-02-28,CtrlRetSTR,,39,skipped,完整变量样本数小于 min_cross_section_n
FAC_rank_vol_m12_n6_pairwise1,2017-02-28,CtrlRetLTM,,39,skipped,完整变量样本数小于 min_cross_section_n
FAC_rank_vol_m12_n6_pairwise1,2017-02-28,CtrlVol,,39,skipped,完整变量样本数小于 min_cross_section_n
FAC_rank_vol_m12_n6_pairwise1,2017-02-28,as_偏股混合型基金,,39,skipped,完整变量样本数小于 min_cross_section_n
FAC_rank_vol_m12_n6_pairwise1,2017-02-28,Ctrl_log_fund_size,,39,skipped,完整变量样本数小于 min_cross_section_n
FAC_rank_vol_m12_n6_pairwise1,2017-02-28,Ctrl_fund_age,,39,skipped,完整变量样本数小于 min_cross_section_n
FAC_rank_vol_m12_n6_pairwise1,2017-03-31,FAC_rank_vol_m12_n6_pairwise1,,37,skipped,完整变量样本数小于 min_cross_section_n
FAC_rank_vol_m12_n6_pairwise1,2017-03-31,CtrlRetSTR,,37,skipped,完整变量样本数小于 min_cross_section_n
FAC_rank_vol_m12_n6_pairwise1,2017-03-31,CtrlRetLTM,,37,skipped,完整变量样本数小于 min_cross_section_n
FAC_rank_vol_m12_n6_pairwise1,2017-03-31,CtrlVol,,37,skipped,完整变量样本数小于 min_cross_section_n
FAC_rank_vol_m12_n6_pairwise1,2017-03-31,as_偏股混合型基金,,37,skipped,完整变量样本数小于 min_cross_section_n
FAC_rank_vol_m12_n6_pairwise1,2017-03-31,Ctrl_log_fund_size,,37,skipped,完整变量样本数小于 min_cross_section_n
FAC_rank_vol_m12_n6_pairwise1,2017-03-31,Ctrl_fund_age,,37,skipped,完整变量样本数小于 min_cross_section_n
FAC_rank_vol_m12_n6_pairwise1,2017-04-28,FAC_rank_vol_m12_n6_pairwise1,,40,skipped,完整变量样本数小于 min_cross_section_n
FAC_rank_vol_m12_n6_pairwise1,2017-04-28,CtrlRetSTR,,40,skipped,完整变量样本数小于 min_cross_section_n
FAC_rank_vol_m12_n6_pairwise1,2017-04-28,CtrlRetLTM,,40,skipped,完整变量样本数小于 min_cross_section_n
FAC_rank_vol_m12_n6_pairwise1,2017-04-28,CtrlVol,,40,skipped,完整变量样本数小于 min_cross_section_n
FAC_rank_vol_m12_n6_pairwise1,2017-04-28,as_偏股混合型基金,,40,skipped,完整变量样本数小于 min_cross_section_n
FAC_rank_vol_m12_n6_pairwise1,2017-04-28,Ctrl_log_fund_size,,40,skipped,完整变量样本数小于 min_cross_section_n
FAC_rank_vol_m12_n6_pairwise1,2017-04-28,Ctrl_fund_age,,40,skipped,完整变量样本数小于 min_cross_section_n
FAC_rank_vol_m12_n6_pairwise1,2017-05-31,FAC_rank_vol_m12_n6_pairwise1,,43,skipped,完整变量样本数小于 min_cross_section_n
FAC_rank_vol_m12_n6_pairwise1,2017-05-31,CtrlRetSTR,,43,skipped,完整变量样本数小于 min_cross_section_n
FAC_rank_vol_m12_n6_pairwise1,2017-05-31,CtrlRetLTM,,43,skipped,完整变量样本数小于 min_cross_section_n
FAC_rank_vol_m12_n6_pairwise1,2017-05-31,CtrlVol,,43,skipped,完整变量样本数小于 min_cross_section_n
FAC_rank_vol_m12_n6_pairwise1,2017-05-31,as_偏股混合型基金,,43,skipped,完整变量样本数小于 min_cross_section_n
FAC_rank_vol_m12_n6_pairwise1,2017-05-31,Ctrl_log_fund_size,,43,skipped,完整变量样本数小于 min_cross_section_n
FAC_rank_vol_m12_n6_pairwise1,2017-05-31,Ctrl_fund_age,,43,skipped,完整变量样本数小于 min_cross_section_n
FAC_rank_vol_m12_n6_pairwise1,2017-06-30,FAC_rank_vol_m12_n6_pairwise1,,46,skipped,完整变量样本数小于 min_cross_section_n
FAC_rank_vol_m12_n6_pairwise1,2017-06-30,CtrlRetSTR,,46,skipped,完整变量样本数小于 min_cross_section_n
FAC_rank_vol_m12_n6_pairwise1,2017-06-30,CtrlRetLTM,,46,skipped,完整变量样本数小于 min_cross_section_n
FAC_rank_vol_m12_n6_pairwise1,2017-06-30,CtrlVol,,46,skipped,完整变量样本数小于 min_cross_section_n
FAC_rank_vol_m12_n6_pairwise1,2017-06-30,as_偏股混合型基金,,46,skipped,完整变量样本数小于 min_cross_section_n
FAC_rank_vol_m12_n6_pairwise1,2017-06-30,Ctrl_log_fund_size,,46,skipped,完整变量样本数小于 min_cross_section_n
FAC_rank_vol_m12_n6_pairwise1,2017-06-30,Ctrl_fund_age,,46,skipped,完整变量样本数小于 min_cross_section_n
FAC_rank_vol_m12_n6_pairwise1,2017-07-31,FAC_rank_vol_m12_n6_pairwise1,1.5602802677298317,51,ok,
FAC_rank_vol_m12_n6_pairwise1,2017-07-31,CtrlRetSTR,1.266370195528487,51,ok,
FAC_rank_vol_m12_n6_pairwise1,2017-07-31,CtrlRetLTM,1.5473363663210753,51,ok,
FAC_rank_vol_m12_n6_pairwise1,2017-07-31,CtrlVol,1.3466656449370744,51,ok,
FAC_rank_vol_m12_n6_pairwise1,2017-07-31,as_偏股混合型基金,1.6169185851573797,51,ok,
FAC_rank_vol_m12_n6_pairwise1,2017-07-31,Ctrl_log_fund_size,3.4678613772684814,51,ok,
FAC_rank_vol_m12_n6_pairwise1,2017-07-31,Ctrl_fund_age,3.3706580879733385,51,ok,
FAC_rank_vol_m12_n6_pairwise1,2017-08-31,FAC_rank_vol_m12_n6_pairwise1,1.2938226674475526,57,ok,
FAC_rank_vol_m12_n6_pairwise1,2017-08-31,CtrlRetSTR,1.383297042120675,57,ok,
FAC_rank_vol_m12_n6_pairwise1,2017-08-31,CtrlRetLTM,1.2297394045980081,57,ok,
FAC_rank_vol_m12_n6_pairwise1,2017-08-31,CtrlVol,1.6149676896215486,57,ok,
FAC_rank_vol_m12_n6_pairwise1,2017-08-31,as_偏股混合型基金,1.9305646157210345,57,ok,
FAC_rank_vol_m12_n6_pairwise1,2017-08-31,Ctrl_log_fund_size,4.350504142302509,57,ok,
FAC_rank_vol_m12_n6_pairwise1,2017-08-31,Ctrl_fund_age,4.59562281702232,57,ok,
FAC_rank_vol_m12_n6_pairwise1,2017-09-29,FAC_rank_vol_m12_n6_pairwise1,1.1977212466061105,66,ok,
FAC_rank_vol_m12_n6_pairwise1,2017-09-29,CtrlRetSTR,1.3007495955034398,66,ok,
FAC_rank_vol_m12_n6_pairwise1,2017-09-29,CtrlRetLTM,1.1607189787908845,66,ok,
FAC_rank_vol_m12_n6_pairwise1,2017-09-29,CtrlVol,1.3007535725441655,66,ok,
FAC_rank_vol_m12_n6_pairwise1,2017-09-29,as_偏股混合型基金,1.7975421469794266,66,ok,
FAC_rank_vol_m12_n6_pairwise1,2017-09-29,Ctrl_log_fund_size,3.9777926877748877,66,ok,
FAC_rank_vol_m12_n6_pairwise1,2017-09-29,Ctrl_fund_age,4.0835570370448275,66,ok,
FAC_rank_vol_m12_n6_pairwise1,2017-10-31,FAC_rank_vol_m12_n6_pairwise1,1.1590568359349724,75,ok,
FAC_rank_vol_m12_n6_pairwise1,2017-10-31,CtrlRetSTR,1.3255349279312854,75,ok,
FAC_rank_vol_m12_n6_pairwise1,2017-10-31,CtrlRetLTM,1.38233705253329,75,ok,
FAC_rank_vol_m12_n6_pairwise1,2017-10-31,CtrlVol,1.0530114393205818,75,ok,
FAC_rank_vol_m12_n6_pairwise1,2017-10-31,as_偏股混合型基金,1.645671969889408,75,ok,
FAC_rank_vol_m12_n6_pairwise1,2017-10-31,Ctrl_log_fund_size,2.8580172325882316,75,ok,
FAC_rank_vol_m12_n6_pairwise1,2017-10-31,Ctrl_fund_age,3.1654181862520683,75,ok,
FAC_rank_vol_m12_n6_pairwise1,2017-11-30,FAC_rank_vol_m12_n6_pairwise1,1.0318548783277204,84,ok,
FAC_rank_vol_m12_n6_pairwise1,2017-11-30,CtrlRetSTR,1.3001268595627884,84,ok,
FAC_rank_vol_m12_n6_pairwise1,2017-11-30,CtrlRetLTM,1.038310650849777,84,ok,
FAC_rank_vol_m12_n6_pairwise1,2017-11-30,CtrlVol,1.3279840759678132,84,ok,
FAC_rank_vol_m12_n6_pairwise1,2017-11-30,as_偏股混合型基金,1.6595344180758178,84,ok,
FAC_rank_vol_m12_n6_pairwise1,2017-11-30,Ctrl_log_fund_size,3.194945622377706,84,ok,
FAC_rank_vol_m12_n6_pairwise1,2017-11-30,Ctrl_fund_age,3.470279918295259,84,ok,
FAC_rank_vol_m12_n6_pairwise1,2017-12-29,FAC_rank_vol_m12_n6_pairwise1,1.0560403442070248,88,ok,
FAC_rank_vol_m12_n6_pairwise1,2017-12-29,CtrlRetSTR,1.2223370039076609,88,ok,
FAC_rank_vol_m12_n6_pairwise1,2017-12-29,CtrlRetLTM,1.1286749781131993,88,ok,
FAC_rank_vol_m12_n6_pairwise1,2017-12-29,CtrlVol,1.0430192926262554,88,ok,
FAC_rank_vol_m12_n6_pairwise1,2017-12-29,as_偏股混合型基金,1.7026206514978217,88,ok,
FAC_rank_vol_m12_n6_pairwise1,2017-12-29,Ctrl_log_fund_size,3.48920377145006,88,ok,
FAC_rank_vol_m12_n6_pairwise1,2017-12-29,Ctrl_fund_age,4.036289681325726,88,ok,
FAC_rank_vol_m12_n6_pairwise1,2018-01-31,FAC_rank_vol_m12_n6_pairwise1,1.2329556272629636,90,ok,
FAC_rank_vol_m12_n6_pairwise1,2018-01-31,CtrlRetSTR,1.1796869750944554,90,ok,
FAC_rank_vol_m12_n6_pairwise1,2018-01-31,CtrlRetLTM,1.1185888418613255,90,ok,
FAC_rank_vol_m12_n6_pairwise1,2018-01-31,CtrlVol,1.1206756042434933,90,ok,
FAC_rank_vol_m12_n6_pairwise1,2018-01-31,as_偏股混合型基金,1.7337719502859965,90,ok,
FAC_rank_vol_m12_n6_pairwise1,2018-01-31,Ctrl_log_fund_size,3.24280900692879,90,ok,
FAC_rank_vol_m12_n6_pairwise1,2018-01-31,Ctrl_fund_age,3.597775645929432,90,ok,
FAC_rank_vol_m12_n6_pairwise1,2018-02-28,FAC_rank_vol_m12_n6_pairwise1,1.4696007932635198,94,ok,
FAC_rank_vol_m12_n6_pairwise1,2018-02-28,CtrlRetSTR,1.3515001504724817,94,ok,
FAC_rank_vol_m12_n6_pairwise1,2018-02-28,CtrlRetLTM,1.726857699153273,94,ok,
FAC_rank_vol_m12_n6_pairwise1,2018-02-28,CtrlVol,1.2202701951714714,94,ok,
FAC_rank_vol_m12_n6_pairwise1,2018-02-28,as_偏股混合型基金,1.7681056762779068,94,ok,
FAC_rank_vol_m12_n6_pairwise1,2018-02-28,Ctrl_log_fund_size,2.847380484549764,94,ok,
FAC_rank_vol_m12_n6_pairwise1,2018-02-28,Ctrl_fund_age,3.249339513659797,94,ok,
FAC_rank_vol_m12_n6_pairwise1,2018-03-30,FAC_rank_vol_m12_n6_pairwise1,1.3718449785852378,94,ok,
FAC_rank_vol_m12_n6_pairwise1,2018-03-30,CtrlRetSTR,1.2443768148761494,94,ok,
FAC_rank_vol_m12_n6_pairwise1,2018-03-30,CtrlRetLTM,1.608082590811122,94,ok,
FAC_rank_vol_m12_n6_pairwise1,2018-03-30,CtrlVol,1.1788813890239302,94,ok,
FAC_rank_vol_m12_n6_pairwise1,2018-03-30,as_偏股混合型基金,1.7966103209576376,94,ok,
FAC_rank_vol_m12_n6_pairwise1,2018-03-30,Ctrl_log_fund_size,3.0770665594035775,94,ok,
FAC_rank_vol_m12_n6_pairwise1,2018-03-30,Ctrl_fund_age,3.43356968369951,94,ok,
FAC_rank_vol_m12_n6_pairwise1,2018-04-27,FAC_rank_vol_m12_n6_pairwise1,1.2444846032020092,98,ok,
FAC_rank_vol_m12_n6_pairwise1,2018-04-27,CtrlRetSTR,1.1817879879242918,98,ok,
FAC_rank_vol_m12_n6_pairwise1,2018-04-27,CtrlRetLTM,1.2057840469862242,98,ok,
FAC_rank_vol_m12_n6_pairwise1,2018-04-27,CtrlVol,1.2331615623072472,98,ok,
FAC_rank_vol_m12_n6_pairwise1,2018-04-27,as_偏股混合型基金,1.7763376594859128,98,ok,
FAC_rank_vol_m12_n6_pairwise1,2018-04-27,Ctrl_log_fund_size,3.306751797867346,98,ok,
FAC_rank_vol_m12_n6_pairwise1,2018-04-27,Ctrl_fund_age,3.750986564207522,98,ok,
FAC_rank_vol_m12_n6_pairwise1,2018-05-31,FAC_rank_vol_m12_n6_pairwise1,1.2000064619078477,100,ok,
FAC_rank_vol_m12_n6_pairwise1,2018-05-31,CtrlRetSTR,1.1914679100398822,100,ok,
FAC_rank_vol_m12_n6_pairwise1,2018-05-31,CtrlRetLTM,1.1727948405820219,100,ok,
FAC_rank_vol_m12_n6_pairwise1,2018-05-31,CtrlVol,1.19434408796769,100,ok,
FAC_rank_vol_m12_n6_pairwise1,2018-05-31,as_偏股混合型基金,1.7414477196113691,100,ok,
FAC_rank_vol_m12_n6_pairwise1,2018-05-31,Ctrl_log_fund_size,3.174551587707946,100,ok,
FAC_rank_vol_m12_n6_pairwise1,2018-05-31,Ctrl_fund_age,3.5681169262969052,100,ok,
FAC_rank_vol_m12_n6_pairwise1,2018-06-29,FAC_rank_vol_m12_n6_pairwise1,1.4363952941540306,101,ok,
FAC_rank_vol_m12_n6_pairwise1,2018-06-29,CtrlRetSTR,1.3748629602817812,101,ok,
FAC_rank_vol_m12_n6_pairwise1,2018-06-29,CtrlRetLTM,1.5773149135249898,101,ok,
FAC_rank_vol_m12_n6_pairwise1,2018-06-29,CtrlVol,1.4039570965441297,101,ok,
FAC_rank_vol_m12_n6_pairwise1,2018-06-29,as_偏股混合型基金,1.8616886720040744,101,ok,
FAC_rank_vol_m12_n6_pairwise1,2018-06-29,Ctrl_log_fund_size,3.265316031256651,101,ok,
FAC_rank_vol_m12_n6_pairwise1,2018-06-29,Ctrl_fund_age,3.8631684024936046,101,ok,
FAC_rank_vol_m12_n6_pairwise1,2018-07-31,FAC_rank_vol_m12_n6_pairwise1,1.5676339390205256,101,ok,
FAC_rank_vol_m12_n6_pairwise1,2018-07-31,CtrlRetSTR,1.1659528476446717,101,ok,
FAC_rank_vol_m12_n6_pairwise1,2018-07-31,CtrlRetLTM,1.7818818165855899,101,ok,
FAC_rank_vol_m12_n6_pairwise1,2018-07-31,CtrlVol,1.530230176438075,101,ok,
FAC_rank_vol_m12_n6_pairwise1,2018-07-31,as_偏股混合型基金,1.6590449294679936,101,ok,
FAC_rank_vol_m12_n6_pairwise1,2018-07-31,Ctrl_log_fund_size,3.034154073329246,101,ok,
FAC_rank_vol_m12_n6_pairwise1,2018-07-31,Ctrl_fund_age,3.443891330525094,101,ok,
FAC_rank_vol_m12_n6_pairwise1,2018-08-31,FAC_rank_vol_m12_n6_pairwise1,1.4443551058741335,108,ok,
FAC_rank_vol_m12_n6_pairwise1,2018-08-31,CtrlRetSTR,1.583840220881189,108,ok,
FAC_rank_vol_m12_n6_pairwise1,2018-08-31,CtrlRetLTM,1.7843069847476942,108,ok,
FAC_rank_vol_m12_n6_pairwise1,2018-08-31,CtrlVol,1.7868658634534362,108,ok,
FAC_rank_vol_m12_n6_pairwise1,2018-08-31,as_偏股混合型基金,1.8997707302706426,108,ok,
FAC_rank_vol_m12_n6_pairwise1,2018-08-31,Ctrl_log_fund_size,2.420108127156184,108,ok,
FAC_rank_vol_m12_n6_pairwise1,2018-08-31,Ctrl_fund_age,2.993536559096993,108,ok,
FAC_rank_vol_m12_n6_pairwise1,2018-09-28,FAC_rank_vol_m12_n6_pairwise1,1.7080772760002452,108,ok,
FAC_rank_vol_m12_n6_pairwise1,2018-09-28,CtrlRetSTR,1.64686812930308,108,ok,
FAC_rank_vol_m12_n6_pairwise1,2018-09-28,CtrlRetLTM,1.6596106676182876,108,ok,
FAC_rank_vol_m12_n6_pairwise1,2018-09-28,CtrlVol,2.523400756210224,108,ok,
FAC_rank_vol_m12_n6_pairwise1,2018-09-28,as_偏股混合型基金,1.7513983796616859,108,ok,
FAC_rank_vol_m12_n6_pairwise1,2018-09-28,Ctrl_log_fund_size,2.2973286776813744,108,ok,
FAC_rank_vol_m12_n6_pairwise1,2018-09-28,Ctrl_fund_age,2.896701244603321,108,ok,
FAC_rank_vol_m12_n6_pairwise1,2018-10-31,FAC_rank_vol_m12_n6_pairwise1,1.7554056425939424,107,ok,
FAC_rank_vol_m12_n6_pairwise1,2018-10-31,CtrlRetSTR,1.2601437468770036,107,ok,
FAC_rank_vol_m12_n6_pairwise1,2018-10-31,CtrlRetLTM,2.003837736710947,107,ok,
FAC_rank_vol_m12_n6_pairwise1,2018-10-31,CtrlVol,2.4203352619634204,107,ok,
FAC_rank_vol_m12_n6_pairwise1,2018-10-31,as_偏股混合型基金,1.774879012592236,107,ok,
FAC_rank_vol_m12_n6_pairwise1,2018-10-31,Ctrl_log_fund_size,2.177455130610618,107,ok,
FAC_rank_vol_m12_n6_pairwise1,2018-10-31,Ctrl_fund_age,2.6670706078968673,107,ok,
FAC_rank_vol_m12_n6_pairwise1,2018-11-30,FAC_rank_vol_m12_n6_pairwise1,1.4761092698534508,108,ok,
FAC_rank_vol_m12_n6_pairwise1,2018-11-30,CtrlRetSTR,1.0987664254320768,108,ok,
FAC_rank_vol_m12_n6_pairwise1,2018-11-30,CtrlRetLTM,1.6100114343997207,108,ok,
FAC_rank_vol_m12_n6_pairwise1,2018-11-30,CtrlVol,1.578160268813058,108,ok,
FAC_rank_vol_m12_n6_pairwise1,2018-11-30,as_偏股混合型基金,1.6574211935353464,108,ok,
FAC_rank_vol_m12_n6_pairwise1,2018-11-30,Ctrl_log_fund_size,2.1107034923790167,108,ok,
FAC_rank_vol_m12_n6_pairwise1,2018-11-30,Ctrl_fund_age,2.499568031364287,108,ok,
FAC_rank_vol_m12_n6_pairwise1,2018-12-28,FAC_rank_vol_m12_n6_pairwise1,1.2783602610110885,108,ok,
FAC_rank_vol_m12_n6_pairwise1,2018-12-28,CtrlRetSTR,1.1231179644913194,108,ok,
FAC_rank_vol_m12_n6_pairwise1,2018-12-28,CtrlRetLTM,1.46535679136917,108,ok,
FAC_rank_vol_m12_n6_pairwise1,2018-12-28,CtrlVol,1.4191073680352864,108,ok,
FAC_rank_vol_m12_n6_pairwise1,2018-12-28,as_偏股混合型基金,1.6512747799175902,108,ok,
FAC_rank_vol_m12_n6_pairwise1,2018-12-28,Ctrl_log_fund_size,2.053411201935689,108,ok,
FAC_rank_vol_m12_n6_pairwise1,2018-12-28,Ctrl_fund_age,2.3452050596379648,108,ok,
FAC_rank_vol_m12_n6_pairwise1,2019-01-31,FAC_rank_vol_m12_n6_pairwise1,1.250530636627356,103,ok,
FAC_rank_vol_m12_n6_pairwise1,2019-01-31,CtrlRetSTR,1.1713193996738123,103,ok,
FAC_rank_vol_m12_n6_pairwise1,2019-01-31,CtrlRetLTM,1.3098502333971647,103,ok,
FAC_rank_vol_m12_n6_pairwise1,2019-01-31,CtrlVol,1.1560731515282778,103,ok,
FAC_rank_vol_m12_n6_pairwise1,2019-01-31,as_偏股混合型基金,1.6410455864114724,103,ok,
FAC_rank_vol_m12_n6_pairwise1,2019-01-31,Ctrl_log_fund_size,2.1541694456750586,103,ok,
FAC_rank_vol_m12_n6_pairwise1,2019-01-31,Ctrl_fund_age,2.465026027547031,103,ok,
FAC_rank_vol_m12_n6_pairwise1,2019-02-28,FAC_rank_vol_m12_n6_pairwise1,1.376987899352957,107,ok,
FAC_rank_vol_m12_n6_pairwise1,2019-02-28,CtrlRetSTR,1.1450450429255346,107,ok,
FAC_rank_vol_m12_n6_pairwise1,2019-02-28,CtrlRetLTM,1.6014004506114368,107,ok,
FAC_rank_vol_m12_n6_pairwise1,2019-02-28,CtrlVol,1.3703604569375323,107,ok,
FAC_rank_vol_m12_n6_pairwise1,2019-02-28,as_偏股混合型基金,1.582676672434208,107,ok,
FAC_rank_vol_m12_n6_pairwise1,2019-02-28,Ctrl_log_fund_size,2.2766084594072553,107,ok,
FAC_rank_vol_m12_n6_pairwise1,2019-02-28,Ctrl_fund_age,2.557861773056843,107,ok,
FAC_rank_vol_m12_n6_pairwise1,2019-03-29,FAC_rank_vol_m12_n6_pairwise1,1.3852142437199801,106,ok,
FAC_rank_vol_m12_n6_pairwise1,2019-03-29,CtrlRetSTR,1.273870344679605,106,ok,
FAC_rank_vol_m12_n6_pairwise1,2019-03-29,CtrlRetLTM,1.2403742493671404,106,ok,
FAC_rank_vol_m12_n6_pairwise1,2019-03-29,CtrlVol,1.2949347289569977,106,ok,
FAC_rank_vol_m12_n6_pairwise1,2019-03-29,as_偏股混合型基金,1.5371794917107842,106,ok,
FAC_rank_vol_m12_n6_pairwise1,2019-03-29,Ctrl_log_fund_size,2.3366062911933234,106,ok,
FAC_rank_vol_m12_n6_pairwise1,2019-03-29,Ctrl_fund_age,2.641500608464736,106,ok,
FAC_rank_vol_m12_n6_pairwise1,2019-04-30,FAC_rank_vol_m12_n6_pairwise1,1.4454041872938581,105,ok,
FAC_rank_vol_m12_n6_pairwise1,2019-04-30,CtrlRetSTR,1.246467476965223,105,ok,
FAC_rank_vol_m12_n6_pairwise1,2019-04-30,CtrlRetLTM,1.2869734319714068,105,ok,
FAC_rank_vol_m12_n6_pairwise1,2019-04-30,CtrlVol,1.1624366558431902,105,ok,
FAC_rank_vol_m12_n6_pairwise1,2019-04-30,as_偏股混合型基金,1.5197616146712452,105,ok,
FAC_rank_vol_m12_n6_pairwise1,2019-04-30,Ctrl_log_fund_size,2.467455342738942,105,ok,
FAC_rank_vol_m12_n6_pairwise1,2019-04-30,Ctrl_fund_age,2.561732508442081,105,ok,
FAC_rank_vol_m12_n6_pairwise1,2019-05-31,FAC_rank_vol_m12_n6_pairwise1,1.8362752949328307,107,ok,
FAC_rank_vol_m12_n6_pairwise1,2019-05-31,CtrlRetSTR,1.3795100741938318,107,ok,
FAC_rank_vol_m12_n6_pairwise1,2019-05-31,CtrlRetLTM,1.4078475475117718,107,ok,
FAC_rank_vol_m12_n6_pairwise1,2019-05-31,CtrlVol,1.5690739927677615,107,ok,
FAC_rank_vol_m12_n6_pairwise1,2019-05-31,as_偏股混合型基金,1.587841790401697,107,ok,
FAC_rank_vol_m12_n6_pairwise1,2019-05-31,Ctrl_log_fund_size,2.2251525887640615,107,ok,
FAC_rank_vol_m12_n6_pairwise1,2019-05-31,Ctrl_fund_age,2.4657290782220556,107,ok,
FAC_rank_vol_m12_n6_pairwise1,2019-06-28,FAC_rank_vol_m12_n6_pairwise1,1.2662357197002714,109,ok,
FAC_rank_vol_m12_n6_pairwise1,2019-06-28,CtrlRetSTR,1.059245727358599,109,ok,
FAC_rank_vol_m12_n6_pairwise1,2019-06-28,CtrlRetLTM,1.1610570321258196,109,ok,
FAC_rank_vol_m12_n6_pairwise1,2019-06-28,CtrlVol,1.1934890220497656,109,ok,
FAC_rank_vol_m12_n6_pairwise1,2019-06-28,as_偏股混合型基金,1.675525351869078,109,ok,
FAC_rank_vol_m12_n6_pairwise1,2019-06-28,Ctrl_log_fund_size,2.0747879801801483,109,ok,
FAC_rank_vol_m12_n6_pairwise1,2019-06-28,Ctrl_fund_age,2.4062734330494973,109,ok,
FAC_rank_vol_m12_n6_pairwise1,2019-07-31,FAC_rank_vol_m12_n6_pairwise1,1.2151649735838148,108,ok,
FAC_rank_vol_m12_n6_pairwise1,2019-07-31,CtrlRetSTR,1.1593133402488702,108,ok,
FAC_rank_vol_m12_n6_pairwise1,2019-07-31,CtrlRetLTM,1.2563781328458024,108,ok,
FAC_rank_vol_m12_n6_pairwise1,2019-07-31,CtrlVol,1.110607916903156,108,ok,
FAC_rank_vol_m12_n6_pairwise1,2019-07-31,as_偏股混合型基金,1.9664705708429149,108,ok,
FAC_rank_vol_m12_n6_pairwise1,2019-07-31,Ctrl_log_fund_size,2.0892795371609085,108,ok,
FAC_rank_vol_m12_n6_pairwise1,2019-07-31,Ctrl_fund_age,2.7115833456805953,108,ok,
FAC_rank_vol_m12_n6_pairwise1,2019-08-30,FAC_rank_vol_m12_n6_pairwise1,1.046792758174849,109,ok,
FAC_rank_vol_m12_n6_pairwise1,2019-08-30,CtrlRetSTR,1.2256246258056187,109,ok,
FAC_rank_vol_m12_n6_pairwise1,2019-08-30,CtrlRetLTM,1.0653688714912353,109,ok,
FAC_rank_vol_m12_n6_pairwise1,2019-08-30,CtrlVol,1.1078798181664593,109,ok,
FAC_rank_vol_m12_n6_pairwise1,2019-08-30,as_偏股混合型基金,1.9801817017849888,109,ok,
FAC_rank_vol_m12_n6_pairwise1,2019-08-30,Ctrl_log_fund_size,2.1970505187100593,109,ok,
FAC_rank_vol_m12_n6_pairwise1,2019-08-30,Ctrl_fund_age,2.9144091024488237,109,ok,
FAC_rank_vol_m12_n6_pairwise1,2019-09-30,FAC_rank_vol_m12_n6_pairwise1,1.0919855467647748,110,ok,
FAC_rank_vol_m12_n6_pairwise1,2019-09-30,CtrlRetSTR,1.068374686740014,110,ok,
FAC_rank_vol_m12_n6_pairwise1,2019-09-30,CtrlRetLTM,1.3409228383742933,110,ok,
FAC_rank_vol_m12_n6_pairwise1,2019-09-30,CtrlVol,1.259278796049675,110,ok,
FAC_rank_vol_m12_n6_pairwise1,2019-09-30,as_偏股混合型基金,1.8443237073056782,110,ok,
FAC_rank_vol_m12_n6_pairwise1,2019-09-30,Ctrl_log_fund_size,2.152094204069998,110,ok,
FAC_rank_vol_m12_n6_pairwise1,2019-09-30,Ctrl_fund_age,2.829907804413021,110,ok,
FAC_rank_vol_m12_n6_pairwise1,2019-10-31,FAC_rank_vol_m12_n6_pairwise1,1.1128683855719592,112,ok,
FAC_rank_vol_m12_n6_pairwise1,2019-10-31,CtrlRetSTR,1.3589361400298885,112,ok,
FAC_rank_vol_m12_n6_pairwise1,2019-10-31,CtrlRetLTM,1.689577771372669,112,ok,
FAC_rank_vol_m12_n6_pairwise1,2019-10-31,CtrlVol,1.4896285636004918,112,ok,
FAC_rank_vol_m12_n6_pairwise1,2019-10-31,as_偏股混合型基金,1.9245154870960475,112,ok,
FAC_rank_vol_m12_n6_pairwise1,2019-10-31,Ctrl_log_fund_size,2.3091689864566236,112,ok,
FAC_rank_vol_m12_n6_pairwise1,2019-10-31,Ctrl_fund_age,3.087592040903169,112,ok,
FAC_rank_vol_m12_n6_pairwise1,2019-11-29,FAC_rank_vol_m12_n6_pairwise1,1.039045570350266,116,ok,
FAC_rank_vol_m12_n6_pairwise1,2019-11-29,CtrlRetSTR,1.191756845991345,116,ok,
FAC_rank_vol_m12_n6_pairwise1,2019-11-29,CtrlRetLTM,1.2208666864078321,116,ok,
FAC_rank_vol_m12_n6_pairwise1,2019-11-29,CtrlVol,1.1881423029282498,116,ok,
FAC_rank_vol_m12_n6_pairwise1,2019-11-29,as_偏股混合型基金,2.17680145545434,116,ok,
FAC_rank_vol_m12_n6_pairwise1,2019-11-29,Ctrl_log_fund_size,2.377943251985701,116,ok,
FAC_rank_vol_m12_n6_pairwise1,2019-11-29,Ctrl_fund_age,3.492650822450385,116,ok,
FAC_rank_vol_m12_n6_pairwise1,2019-12-31,FAC_rank_vol_m12_n6_pairwise1,1.1053394772230254,119,ok,
FAC_rank_vol_m12_n6_pairwise1,2019-12-31,CtrlRetSTR,1.1059130205603016,119,ok,
FAC_rank_vol_m12_n6_pairwise1,2019-12-31,CtrlRetLTM,1.288927030638407,119,ok,
FAC_rank_vol_m12_n6_pairwise1,2019-12-31,CtrlVol,1.4312634860627016,119,ok,
FAC_rank_vol_m12_n6_pairwise1,2019-12-31,as_偏股混合型基金,1.9410774866981249,119,ok,
FAC_rank_vol_m12_n6_pairwise1,2019-12-31,Ctrl_log_fund_size,2.4322382272498926,119,ok,
FAC_rank_vol_m12_n6_pairwise1,2019-12-31,Ctrl_fund_age,3.2090591857492567,119,ok,
FAC_rank_vol_m12_n6_pairwise1,2020-01-23,FAC_rank_vol_m12_n6_pairwise1,1.4992908816946136,120,ok,
FAC_rank_vol_m12_n6_pairwise1,2020-01-23,CtrlRetSTR,1.467257817460034,120,ok,
FAC_rank_vol_m12_n6_pairwise1,2020-01-23,CtrlRetLTM,1.4854477960786814,120,ok,
FAC_rank_vol_m12_n6_pairwise1,2020-01-23,CtrlVol,1.7403579002516856,120,ok,
FAC_rank_vol_m12_n6_pairwise1,2020-01-23,as_偏股混合型基金,1.9313714594392422,120,ok,
FAC_rank_vol_m12_n6_pairwise1,2020-01-23,Ctrl_log_fund_size,2.63815138462874,120,ok,
FAC_rank_vol_m12_n6_pairwise1,2020-01-23,Ctrl_fund_age,3.445813009648266,120,ok,
FAC_rank_vol_m12_n6_pairwise1,2020-02-28,FAC_rank_vol_m12_n6_pairwise1,1.9160627709991058,121,ok,
FAC_rank_vol_m12_n6_pairwise1,2020-02-28,CtrlRetSTR,1.3654162913283105,121,ok,
FAC_rank_vol_m12_n6_pairwise1,2020-02-28,CtrlRetLTM,1.733093913253375,121,ok,
FAC_rank_vol_m12_n6_pairwise1,2020-02-28,CtrlVol,1.442349695578532,121,ok,
FAC_rank_vol_m12_n6_pairwise1,2020-02-28,as_偏股混合型基金,2.106425715754916,121,ok,
FAC_rank_vol_m12_n6_pairwise1,2020-02-28,Ctrl_log_fund_size,2.633717220301584,121,ok,
FAC_rank_vol_m12_n6_pairwise1,2020-02-28,Ctrl_fund_age,3.516620256989244,121,ok,
FAC_rank_vol_m12_n6_pairwise1,2020-03-31,FAC_rank_vol_m12_n6_pairwise1,2.021228556552929,124,ok,
FAC_rank_vol_m12_n6_pairwise1,2020-03-31,CtrlRetSTR,1.6848108364405971,124,ok,
FAC_rank_vol_m12_n6_pairwise1,2020-03-31,CtrlRetLTM,1.5471814989844543,124,ok,
FAC_rank_vol_m12_n6_pairwise1,2020-03-31,CtrlVol,2.0484009899082856,124,ok,
FAC_rank_vol_m12_n6_pairwise1,2020-03-31,as_偏股混合型基金,2.338550030717478,124,ok,
FAC_rank_vol_m12_n6_pairwise1,2020-03-31,Ctrl_log_fund_size,2.6858905831670983,124,ok,
FAC_rank_vol_m12_n6_pairwise1,2020-03-31,Ctrl_fund_age,3.5182041069587173,124,ok,
FAC_rank_vol_m12_n6_pairwise1,2020-04-30,FAC_rank_vol_m12_n6_pairwise1,1.3132652809065768,126,ok,
FAC_rank_vol_m12_n6_pairwise1,2020-04-30,CtrlRetSTR,1.397541353311319,126,ok,
FAC_rank_vol_m12_n6_pairwise1,2020-04-30,CtrlRetLTM,1.105885971050628,126,ok,
FAC_rank_vol_m12_n6_pairwise1,2020-04-30,CtrlVol,1.4731353669845928,126,ok,
FAC_rank_vol_m12_n6_pairwise1,2020-04-30,as_偏股混合型基金,2.117949639990459,126,ok,
FAC_rank_vol_m12_n6_pairwise1,2020-04-30,Ctrl_log_fund_size,2.5074678246665236,126,ok,
FAC_rank_vol_m12_n6_pairwise1,2020-04-30,Ctrl_fund_age,3.4319325201722672,126,ok,
FAC_rank_vol_m12_n6_pairwise1,2020-05-29,FAC_rank_vol_m12_n6_pairwise1,1.7343620324496702,126,ok,
FAC_rank_vol_m12_n6_pairwise1,2020-05-29,CtrlRetSTR,1.4869793190539637,126,ok,
FAC_rank_vol_m12_n6_pairwise1,2020-05-29,CtrlRetLTM,1.1998477640383418,126,ok,
FAC_rank_vol_m12_n6_pairwise1,2020-05-29,CtrlVol,1.5399101027450321,126,ok,
FAC_rank_vol_m12_n6_pairwise1,2020-05-29,as_偏股混合型基金,2.0571768877379113,126,ok,
FAC_rank_vol_m12_n6_pairwise1,2020-05-29,Ctrl_log_fund_size,2.304402128448874,126,ok,
FAC_rank_vol_m12_n6_pairwise1,2020-05-29,Ctrl_fund_age,3.044183836940374,126,ok,
FAC_rank_vol_m12_n6_pairwise1,2020-06-30,FAC_rank_vol_m12_n6_pairwise1,1.6441087187690457,128,ok,
FAC_rank_vol_m12_n6_pairwise1,2020-06-30,CtrlRetSTR,1.2504466089627486,128,ok,
FAC_rank_vol_m12_n6_pairwise1,2020-06-30,CtrlRetLTM,1.3386500164312103,128,ok,
FAC_rank_vol_m12_n6_pairwise1,2020-06-30,CtrlVol,1.596212161152854,128,ok,
FAC_rank_vol_m12_n6_pairwise1,2020-06-30,as_偏股混合型基金,1.6905584812687213,128,ok,
FAC_rank_vol_m12_n6_pairwise1,2020-06-30,Ctrl_log_fund_size,2.5939550603486534,128,ok,
FAC_rank_vol_m12_n6_pairwise1,2020-06-30,Ctrl_fund_age,3.002843378743682,128,ok,
FAC_rank_vol_m12_n6_pairwise1,2020-07-31,FAC_rank_vol_m12_n6_pairwise1,1.6850690325056192,130,ok,
FAC_rank_vol_m12_n6_pairwise1,2020-07-31,CtrlRetSTR,1.2859631858991183,130,ok,
FAC_rank_vol_m12_n6_pairwise1,2020-07-31,CtrlRetLTM,1.57479170977304,130,ok,
FAC_rank_vol_m12_n6_pairwise1,2020-07-31,CtrlVol,1.4640532121669954,130,ok,
FAC_rank_vol_m12_n6_pairwise1,2020-07-31,as_偏股混合型基金,1.886008707809118,130,ok,
FAC_rank_vol_m12_n6_pairwise1,2020-07-31,Ctrl_log_fund_size,2.7656498273330357,130,ok,
FAC_rank_vol_m12_n6_pairwise1,2020-07-31,Ctrl_fund_age,3.050456956340401,130,ok,
FAC_rank_vol_m12_n6_pairwise1,2020-08-31,FAC_rank_vol_m12_n6_pairwise1,1.7202031051773459,137,ok,
FAC_rank_vol_m12_n6_pairwise1,2020-08-31,CtrlRetSTR,1.1406752566456515,137,ok,
FAC_rank_vol_m12_n6_pairwise1,2020-08-31,CtrlRetLTM,1.6166351407476665,137,ok,
FAC_rank_vol_m12_n6_pairwise1,2020-08-31,CtrlVol,1.7449757435140383,137,ok,
FAC_rank_vol_m12_n6_pairwise1,2020-08-31,as_偏股混合型基金,1.63666699066977,137,ok,
FAC_rank_vol_m12_n6_pairwise1,2020-08-31,Ctrl_log_fund_size,2.760178944312708,137,ok,
FAC_rank_vol_m12_n6_pairwise1,2020-08-31,Ctrl_fund_age,3.0841329934331814,137,ok,
FAC_rank_vol_m12_n6_pairwise1,2020-09-30,FAC_rank_vol_m12_n6_pairwise1,1.9761176365884643,142,ok,
FAC_rank_vol_m12_n6_pairwise1,2020-09-30,CtrlRetSTR,1.0835779476520702,142,ok,
FAC_rank_vol_m12_n6_pairwise1,2020-09-30,CtrlRetLTM,1.7654449628470457,142,ok,
FAC_rank_vol_m12_n6_pairwise1,2020-09-30,CtrlVol,1.5835391391600113,142,ok,
FAC_rank_vol_m12_n6_pairwise1,2020-09-30,as_偏股混合型基金,1.6936188947643316,142,ok,
FAC_rank_vol_m12_n6_pairwise1,2020-09-30,Ctrl_log_fund_size,2.8563844281630146,142,ok,
FAC_rank_vol_m12_n6_pairwise1,2020-09-30,Ctrl_fund_age,3.2456247215297087,142,ok,
FAC_rank_vol_m12_n6_pairwise1,2020-10-30,FAC_rank_vol_m12_n6_pairwise1,1.838759981979897,142,ok,
FAC_rank_vol_m12_n6_pairwise1,2020-10-30,CtrlRetSTR,1.2352439684385916,142,ok,
FAC_rank_vol_m12_n6_pairwise1,2020-10-30,CtrlRetLTM,1.4888655071850423,142,ok,
FAC_rank_vol_m12_n6_pairwise1,2020-10-30,CtrlVol,1.5464562553318897,142,ok,
FAC_rank_vol_m12_n6_pairwise1,2020-10-30,as_偏股混合型基金,1.6263946986377467,142,ok,
FAC_rank_vol_m12_n6_pairwise1,2020-10-30,Ctrl_log_fund_size,2.8781406765973685,142,ok,
FAC_rank_vol_m12_n6_pairwise1,2020-10-30,Ctrl_fund_age,3.1056372081955117,142,ok,
FAC_rank_vol_m12_n6_pairwise1,2020-11-30,FAC_rank_vol_m12_n6_pairwise1,1.6112623571142597,146,ok,
FAC_rank_vol_m12_n6_pairwise1,2020-11-30,CtrlRetSTR,1.114151046776535,146,ok,
FAC_rank_vol_m12_n6_pairwise1,2020-11-30,CtrlRetLTM,1.4683375650629593,146,ok,
FAC_rank_vol_m12_n6_pairwise1,2020-11-30,CtrlVol,1.4296155490166713,146,ok,
FAC_rank_vol_m12_n6_pairwise1,2020-11-30,as_偏股混合型基金,1.5902461482503214,146,ok,
FAC_rank_vol_m12_n6_pairwise1,2020-11-30,Ctrl_log_fund_size,2.74200551523729,146,ok,
FAC_rank_vol_m12_n6_pairwise1,2020-11-30,Ctrl_fund_age,2.997929333088134,146,ok,
FAC_rank_vol_m12_n6_pairwise1,2020-12-31,FAC_rank_vol_m12_n6_pairwise1,1.5634272729812047,153,ok,
FAC_rank_vol_m12_n6_pairwise1,2020-12-31,CtrlRetSTR,1.3606379778035016,153,ok,
FAC_rank_vol_m12_n6_pairwise1,2020-12-31,CtrlRetLTM,1.2564083951269287,153,ok,
FAC_rank_vol_m12_n6_pairwise1,2020-12-31,CtrlVol,1.454303470345184,153,ok,
FAC_rank_vol_m12_n6_pairwise1,2020-12-31,as_偏股混合型基金,1.49018382983669,153,ok,
FAC_rank_vol_m12_n6_pairwise1,2020-12-31,Ctrl_log_fund_size,2.853805021580528,153,ok,
FAC_rank_vol_m12_n6_pairwise1,2020-12-31,Ctrl_fund_age,2.929926545624473,153,ok,
FAC_rank_vol_m12_n6_pairwise1,2021-01-29,FAC_rank_vol_m12_n6_pairwise1,1.5296315715972255,153,ok,
FAC_rank_vol_m12_n6_pairwise1,2021-01-29,CtrlRetSTR,1.112860548464779,153,ok,
FAC_rank_vol_m12_n6_pairwise1,2021-01-29,CtrlRetLTM,1.2043051466813333,153,ok,
FAC_rank_vol_m12_n6_pairwise1,2021-01-29,CtrlVol,1.4923170582532579,153,ok,
FAC_rank_vol_m12_n6_pairwise1,2021-01-29,as_偏股混合型基金,1.4586576219967369,153,ok,
FAC_rank_vol_m12_n6_pairwise1,2021-01-29,Ctrl_log_fund_size,2.795437224808244,153,ok,
FAC_rank_vol_m12_n6_pairwise1,2021-01-29,Ctrl_fund_age,2.960842267669597,153,ok,
FAC_rank_vol_m12_n6_pairwise1,2021-02-26,FAC_rank_vol_m12_n6_pairwise1,1.2988724980224715,160,ok,
FAC_rank_vol_m12_n6_pairwise1,2021-02-26,CtrlRetSTR,1.537922804987472,160,ok,
FAC_rank_vol_m12_n6_pairwise1,2021-02-26,CtrlRetLTM,1.1748617091487275,160,ok,
FAC_rank_vol_m12_n6_pairwise1,2021-02-26,CtrlVol,1.866019623582793,160,ok,
FAC_rank_vol_m12_n6_pairwise1,2021-02-26,as_偏股混合型基金,1.500010561623608,160,ok,
FAC_rank_vol_m12_n6_pairwise1,2021-02-26,Ctrl_log_fund_size,3.249902258542949,160,ok,
FAC_rank_vol_m12_n6_pairwise1,2021-02-26,Ctrl_fund_age,3.522767131725923,160,ok,
FAC_rank_vol_m12_n6_pairwise1,2021-03-31,FAC_rank_vol_m12_n6_pairwise1,1.202480423241531,160,ok,
FAC_rank_vol_m12_n6_pairwise1,2021-03-31,CtrlRetSTR,1.279413721519046,160,ok,
FAC_rank_vol_m12_n6_pairwise1,2021-03-31,CtrlRetLTM,1.1248427570453197,160,ok,
FAC_rank_vol_m12_n6_pairwise1,2021-03-31,CtrlVol,1.4150387596966956,160,ok,
FAC_rank_vol_m12_n6_pairwise1,2021-03-31,as_偏股混合型基金,1.4673492116926377,160,ok,
FAC_rank_vol_m12_n6_pairwise1,2021-03-31,Ctrl_log_fund_size,3.1835716363679802,160,ok,
FAC_rank_vol_m12_n6_pairwise1,2021-03-31,Ctrl_fund_age,3.472589563676539,160,ok,
FAC_rank_vol_m12_n6_pairwise1,2021-04-30,FAC_rank_vol_m12_n6_pairwise1,1.256928087473744,163,ok,
FAC_rank_vol_m12_n6_pairwise1,2021-04-30,CtrlRetSTR,1.4655364069122936,163,ok,
FAC_rank_vol_m12_n6_pairwise1,2021-04-30,CtrlRetLTM,1.1500666842145406,163,ok,
FAC_rank_vol_m12_n6_pairwise1,2021-04-30,CtrlVol,1.7741597339113184,163,ok,
FAC_rank_vol_m12_n6_pairwise1,2021-04-30,as_偏股混合型基金,1.4365966477049745,163,ok,
FAC_rank_vol_m12_n6_pairwise1,2021-04-30,Ctrl_log_fund_size,2.8643930850404886,163,ok,
FAC_rank_vol_m12_n6_pairwise1,2021-04-30,Ctrl_fund_age,3.1323655075673003,163,ok,
FAC_rank_vol_m12_n6_pairwise1,2021-05-31,FAC_rank_vol_m12_n6_pairwise1,1.2774538257765469,166,ok,
FAC_rank_vol_m12_n6_pairwise1,2021-05-31,CtrlRetSTR,1.1175035934310165,166,ok,
FAC_rank_vol_m12_n6_pairwise1,2021-05-31,CtrlRetLTM,1.033699800335254,166,ok,
FAC_rank_vol_m12_n6_pairwise1,2021-05-31,CtrlVol,1.3786797266849327,166,ok,
FAC_rank_vol_m12_n6_pairwise1,2021-05-31,as_偏股混合型基金,1.4086923112339036,166,ok,
FAC_rank_vol_m12_n6_pairwise1,2021-05-31,Ctrl_log_fund_size,2.757940136931276,166,ok,
FAC_rank_vol_m12_n6_pairwise1,2021-05-31,Ctrl_fund_age,3.0854955659180012,166,ok,
FAC_rank_vol_m12_n6_pairwise1,2021-06-30,FAC_rank_vol_m12_n6_pairwise1,1.130426118068459,171,ok,
FAC_rank_vol_m12_n6_pairwise1,2021-06-30,CtrlRetSTR,1.2471464896784663,171,ok,
FAC_rank_vol_m12_n6_pairwise1,2021-06-30,CtrlRetLTM,1.1019713443542662,171,ok,
FAC_rank_vol_m12_n6_pairwise1,2021-06-30,CtrlVol,1.3984308475086038,171,ok,
FAC_rank_vol_m12_n6_pairwise1,2021-06-30,as_偏股混合型基金,1.3552324114773824,171,ok,
FAC_rank_vol_m12_n6_pairwise1,2021-06-30,Ctrl_log_fund_size,2.65081657403664,171,ok,
FAC_rank_vol_m12_n6_pairwise1,2021-06-30,Ctrl_fund_age,2.946435407220551,171,ok,
FAC_rank_vol_m12_n6_pairwise1,2021-07-30,FAC_rank_vol_m12_n6_pairwise1,1.2261602012699115,174,ok,
FAC_rank_vol_m12_n6_pairwise1,2021-07-30,CtrlRetSTR,1.1327961700868399,174,ok,
FAC_rank_vol_m12_n6_pairwise1,2021-07-30,CtrlRetLTM,1.1211758597207897,174,ok,
FAC_rank_vol_m12_n6_pairwise1,2021-07-30,CtrlVol,1.2697203285276297,174,ok,
FAC_rank_vol_m12_n6_pairwise1,2021-07-30,as_偏股混合型基金,1.4033551791273298,174,ok,
FAC_rank_vol_m12_n6_pairwise1,2021-07-30,Ctrl_log_fund_size,2.8367244000493876,174,ok,
FAC_rank_vol_m12_n6_pairwise1,2021-07-30,Ctrl_fund_age,3.042527143117312,174,ok,
FAC_rank_vol_m12_n6_pairwise1,2021-08-31,FAC_rank_vol_m12_n6_pairwise1,1.4689168367392607,184,ok,
FAC_rank_vol_m12_n6_pairwise1,2021-08-31,CtrlRetSTR,1.2153489026865367,184,ok,
FAC_rank_vol_m12_n6_pairwise1,2021-08-31,CtrlRetLTM,1.3087815791288013,184,ok,
FAC_rank_vol_m12_n6_pairwise1,2021-08-31,CtrlVol,1.5270640172255652,184,ok,
FAC_rank_vol_m12_n6_pairwise1,2021-08-31,as_偏股混合型基金,1.3654519527478965,184,ok,
FAC_rank_vol_m12_n6_pairwise1,2021-08-31,Ctrl_log_fund_size,2.754690132521393,184,ok,
FAC_rank_vol_m12_n6_pairwise1,2021-08-31,Ctrl_fund_age,2.8959968956300792,184,ok,
FAC_rank_vol_m12_n6_pairwise1,2021-09-30,FAC_rank_vol_m12_n6_pairwise1,1.7093520957150963,188,ok,
FAC_rank_vol_m12_n6_pairwise1,2021-09-30,CtrlRetSTR,1.5080323075032194,188,ok,
FAC_rank_vol_m12_n6_pairwise1,2021-09-30,CtrlRetLTM,1.8452520752803956,188,ok,
FAC_rank_vol_m12_n6_pairwise1,2021-09-30,CtrlVol,1.3975733050640868,188,ok,
FAC_rank_vol_m12_n6_pairwise1,2021-09-30,as_偏股混合型基金,1.3469069935914657,188,ok,
FAC_rank_vol_m12_n6_pairwise1,2021-09-30,Ctrl_log_fund_size,2.5144773077090727,188,ok,
FAC_rank_vol_m12_n6_pairwise1,2021-09-30,Ctrl_fund_age,2.7373110566877976,188,ok,
FAC_rank_vol_m12_n6_pairwise1,2021-10-29,FAC_rank_vol_m12_n6_pairwise1,1.645137549108786,190,ok,
FAC_rank_vol_m12_n6_pairwise1,2021-10-29,CtrlRetSTR,1.060533545324751,190,ok,
FAC_rank_vol_m12_n6_pairwise1,2021-10-29,CtrlRetLTM,1.2927360274543156,190,ok,
FAC_rank_vol_m12_n6_pairwise1,2021-10-29,CtrlVol,1.367687333048234,190,ok,
FAC_rank_vol_m12_n6_pairwise1,2021-10-29,as_偏股混合型基金,1.3184372281116092,190,ok,
FAC_rank_vol_m12_n6_pairwise1,2021-10-29,Ctrl_log_fund_size,2.5515788412693277,190,ok,
FAC_rank_vol_m12_n6_pairwise1,2021-10-29,Ctrl_fund_age,2.570934324459605,190,ok,
FAC_rank_vol_m12_n6_pairwise1,2021-11-30,FAC_rank_vol_m12_n6_pairwise1,1.4722799798637587,198,ok,
FAC_rank_vol_m12_n6_pairwise1,2021-11-30,CtrlRetSTR,1.1199367569719043,198,ok,
FAC_rank_vol_m12_n6_pairwise1,2021-11-30,CtrlRetLTM,1.2539509701651101,198,ok,
FAC_rank_vol_m12_n6_pairwise1,2021-11-30,CtrlVol,1.4062774437646233,198,ok,
FAC_rank_vol_m12_n6_pairwise1,2021-11-30,as_偏股混合型基金,1.3342979527660699,198,ok,
FAC_rank_vol_m12_n6_pairwise1,2021-11-30,Ctrl_log_fund_size,2.522993593148325,198,ok,
FAC_rank_vol_m12_n6_pairwise1,2021-11-30,Ctrl_fund_age,2.6091840977106893,198,ok,
FAC_rank_vol_m12_n6_pairwise1,2021-12-31,FAC_rank_vol_m12_n6_pairwise1,1.6451132074218089,194,ok,
FAC_rank_vol_m12_n6_pairwise1,2021-12-31,CtrlRetSTR,1.4536568558605125,194,ok,
FAC_rank_vol_m12_n6_pairwise1,2021-12-31,CtrlRetLTM,1.3847846539884536,194,ok,
FAC_rank_vol_m12_n6_pairwise1,2021-12-31,CtrlVol,2.3753715894493883,194,ok,
FAC_rank_vol_m12_n6_pairwise1,2021-12-31,as_偏股混合型基金,1.358728596605576,194,ok,
FAC_rank_vol_m12_n6_pairwise1,2021-12-31,Ctrl_log_fund_size,2.555344618710007,194,ok,
FAC_rank_vol_m12_n6_pairwise1,2021-12-31,Ctrl_fund_age,2.6921963994759555,194,ok,
FAC_rank_vol_m12_n6_pairwise1,2022-01-28,FAC_rank_vol_m12_n6_pairwise1,1.8019766005738036,201,ok,
FAC_rank_vol_m12_n6_pairwise1,2022-01-28,CtrlRetSTR,1.7417011671242841,201,ok,
FAC_rank_vol_m12_n6_pairwise1,2022-01-28,CtrlRetLTM,1.3287343769441817,201,ok,
FAC_rank_vol_m12_n6_pairwise1,2022-01-28,CtrlVol,2.9593082919971625,201,ok,
FAC_rank_vol_m12_n6_pairwise1,2022-01-28,as_偏股混合型基金,1.3170403079466528,201,ok,
FAC_rank_vol_m12_n6_pairwise1,2022-01-28,Ctrl_log_fund_size,2.5598341336022092,201,ok,
FAC_rank_vol_m12_n6_pairwise1,2022-01-28,Ctrl_fund_age,2.746366949564361,201,ok,
FAC_rank_vol_m12_n6_pairwise1,2022-02-28,FAC_rank_vol_m12_n6_pairwise1,1.2305865670338674,214,ok,
FAC_rank_vol_m12_n6_pairwise1,2022-02-28,CtrlRetSTR,1.2409129834776673,214,ok,
FAC_rank_vol_m12_n6_pairwise1,2022-02-28,CtrlRetLTM,1.2210255724743713,214,ok,
FAC_rank_vol_m12_n6_pairwise1,2022-02-28,CtrlVol,1.5425456114515281,214,ok,
FAC_rank_vol_m12_n6_pairwise1,2022-02-28,as_偏股混合型基金,1.25962844279637,214,ok,
FAC_rank_vol_m12_n6_pairwise1,2022-02-28,Ctrl_log_fund_size,2.5884860366867124,214,ok,
FAC_rank_vol_m12_n6_pairwise1,2022-02-28,Ctrl_fund_age,2.7537590060206734,214,ok,
FAC_rank_vol_m12_n6_pairwise1,2022-03-31,FAC_rank_vol_m12_n6_pairwise1,1.365102229406306,208,ok,
FAC_rank_vol_m12_n6_pairwise1,2022-03-31,CtrlRetSTR,1.1669612001712044,208,ok,
FAC_rank_vol_m12_n6_pairwise1,2022-03-31,CtrlRetLTM,1.1209799555462356,208,ok,
FAC_rank_vol_m12_n6_pairwise1,2022-03-31,CtrlVol,1.2503044452655827,208,ok,
FAC_rank_vol_m12_n6_pairwise1,2022-03-31,as_偏股混合型基金,1.2475601707622173,208,ok,
FAC_rank_vol_m12_n6_pairwise1,2022-03-31,Ctrl_log_fund_size,2.6159292075681755,208,ok,
FAC_rank_vol_m12_n6_pairwise1,2022-03-31,Ctrl_fund_age,2.7268672042360365,208,ok,
FAC_rank_vol_m12_n6_pairwise1,2022-04-29,FAC_rank_vol_m12_n6_pairwise1,1.4237539140550148,212,ok,
FAC_rank_vol_m12_n6_pairwise1,2022-04-29,CtrlRetSTR,1.49003199930969,212,ok,
FAC_rank_vol_m12_n6_pairwise1,2022-04-29,CtrlRetLTM,1.5802757007166535,212,ok,
FAC_rank_vol_m12_n6_pairwise1,2022-04-29,CtrlVol,1.9473228464554564,212,ok,
FAC_rank_vol_m12_n6_pairwise1,2022-04-29,as_偏股混合型基金,1.2579451710894882,212,ok,
FAC_rank_vol_m12_n6_pairwise1,2022-04-29,Ctrl_log_fund_size,2.5123243742805776,212,ok,
FAC_rank_vol_m12_n6_pairwise1,2022-04-29,Ctrl_fund_age,2.5433056948743484,212,ok,
FAC_rank_vol_m12_n6_pairwise1,2022-05-31,FAC_rank_vol_m12_n6_pairwise1,1.6629113931147455,228,ok,
FAC_rank_vol_m12_n6_pairwise1,2022-05-31,CtrlRetSTR,1.2908395537313626,228,ok,
FAC_rank_vol_m12_n6_pairwise1,2022-05-31,CtrlRetLTM,1.57431304985661,228,ok,
FAC_rank_vol_m12_n6_pairwise1,2022-05-31,CtrlVol,1.9432737701149363,228,ok,
FAC_rank_vol_m12_n6_pairwise1,2022-05-31,as_偏股混合型基金,1.261671284484549,228,ok,
FAC_rank_vol_m12_n6_pairwise1,2022-05-31,Ctrl_log_fund_size,2.5026660502723215,228,ok,
FAC_rank_vol_m12_n6_pairwise1,2022-05-31,Ctrl_fund_age,2.5104502022478465,228,ok,
FAC_rank_vol_m12_n6_pairwise1,2022-06-30,FAC_rank_vol_m12_n6_pairwise1,1.3354934333156623,237,ok,
FAC_rank_vol_m12_n6_pairwise1,2022-06-30,CtrlRetSTR,1.2192542905532735,237,ok,
FAC_rank_vol_m12_n6_pairwise1,2022-06-30,CtrlRetLTM,1.2435331583257656,237,ok,
FAC_rank_vol_m12_n6_pairwise1,2022-06-30,CtrlVol,1.4753079250615466,237,ok,
FAC_rank_vol_m12_n6_pairwise1,2022-06-30,as_偏股混合型基金,1.1747347357506936,237,ok,
FAC_rank_vol_m12_n6_pairwise1,2022-06-30,Ctrl_log_fund_size,2.7658162590230537,237,ok,
FAC_rank_vol_m12_n6_pairwise1,2022-06-30,Ctrl_fund_age,2.6807861911079613,237,ok,
