fund_code,selected_count,correct_count,wrong_count,avg_forward_return,avg_excess_vs_5050,win_rate_vs_5050,correct_rate,mean_net_exposure,exposure_vol,mean_abs_net_exposure,exposure_p10,exposure_p90,exposure_range_p90_p10,is_stable_selected,is_stable_outperform,is_stable,is_dynamic_style
251,127,66,61,0.007254104405119742,0.0028636059432753927,0.5826771653543307,0.5196850393700787,-0.7740974754454202,0.37463956342608645,0.7951243659226389,-1.0,-0.06861305836803892,0.9313869416319611,True,False,True,False
916,120,62,58,0.007572562700478596,0.0027466847565847208,0.5916666666666667,0.5166666666666667,-0.5585521918585293,0.2574690869744072,0.5585521918585296,-0.8702730304519872,-0.22549508818049613,0.6447779422714911,True,False,True,False
31,110,61,49,0.008197358731869202,0.004962987980554595,0.6,0.5545454545454546,0.8794328525985112,0.12015896976642322,0.8794328525985112,0.6803967264605795,1.0,0.31960327353942053,True,False,True,False
172,108,59,49,0.008457931394132359,0.002397777496301679,0.6203703703703703,0.5462962962962963,-0.09395608820173305,0.23670087429115388,0.19666954199990544,-0.4644824691472909,0.1722947911672385,0.6367772603145294,True,False,True,False
21,126,57,69,0.007228820949098813,0.0006989639850462743,0.49206349206349204,0.4523809523809524,0.9142472854641814,0.08426302261079453,0.9142472854641814,0.7949115919378241,1.0,0.20508840806217588,True,False,True,False
1577,101,55,46,0.008769773860705514,0.004167192183484513,0.5643564356435643,0.5445544554455446,-0.17712373170758708,0.44662611962194315,0.4147484723410396,-0.6534331052431724,0.5319307045425243,1.1853638097856969,True,False,True,False
1008,92,51,41,0.008115706779369675,0.003637513554469391,0.5869565217391305,0.5543478260869565,0.10078531432782709,0.7494047101603519,0.6842689901214395,-0.9999999999999998,0.9999999999999999,1.9999999999999996,True,False,True,False
61,96,50,46,0.014429475495963412,0.0018205112041797349,0.5208333333333334,0.5208333333333334,0.8493316998375988,0.13299308342670618,0.8493316998375988,0.6744092601610421,1.0,0.3255907398389579,True,False,True,False
893,95,47,48,0.0047468315219041345,0.0009779175474398233,0.5473684210526316,0.49473684210526314,-0.020638796530441997,0.6464666522888751,0.5659787885251455,-0.680244792547383,0.9999999999999998,1.680244792547383,True,False,True,False
991,77,46,31,0.015536836151201997,0.00920716126982595,0.5454545454545454,0.5974025974025974,0.21152786513402605,0.7232396840597742,0.6770396493262845,-0.806687757743714,0.9999999999999999,1.806687757743714,True,False,True,False
1039,90,45,45,0.013681298885342067,0.005072944313953233,0.5444444444444444,0.5,0.9561749915006481,0.05815243763860276,0.9561749915006482,0.855620514288842,1.0,0.144379485711158,True,False,True,False
4393,92,44,48,0.007404794958632716,0.002245560580461341,0.5543478260869565,0.4782608695652174,-0.4274836839254351,0.29533197738925615,0.4438478715502323,-0.7704040966256348,-0.020855558764786026,0.7495485378608487,True,False,True,False
4083,80,43,37,0.0031959197480259257,0.002345996704825394,0.5375,0.5375,-0.11771212466290364,0.0896375257043735,0.122066603055907,-0.25190993373628234,0.006074509219752216,0.25798444295603457,True,False,True,False
2334,88,43,45,0.001835430100531254,0.000669031146415832,0.5909090909090909,0.48863636363636365,-0.22302084036151948,0.27640117059025054,0.28594193840997467,-0.5733961549578543,0.16328392181700138,0.7366800767748557,True,False,True,False
2335,88,43,45,0.0014503513302828175,0.00028395237616739543,0.5681818181818182,0.48863636363636365,-0.22277687602292784,0.2774053552236457,0.28627310923363714,-0.5732145477748475,0.16479050335110917,0.7380050511259566,True,False,True,False
20,89,43,46,0.012587185895284203,0.007158703858947415,0.6292134831460674,0.48314606741573035,0.8641104815384215,0.12554974151958828,0.8641104815384215,0.6741616304892363,1.0,0.3258383695107637,True,False,True,False
1938,73,42,31,0.01605003688433407,0.009592913281290099,0.6027397260273972,0.5753424657534246,0.8189572051342645,0.205206011883168,0.8189572051342645,0.40953668063499943,1.0,0.5904633193650006,True,False,True,False
1036,87,42,45,0.007498660965399569,0.002820306462652465,0.5402298850574713,0.4827586206896552,0.8754189295215931,0.15760536996430946,0.8754189295215931,0.6012032428587638,1.0,0.3987967571412362,True,False,True,False
1291,70,41,29,0.00250074167114113,-0.002859375702494685,0.5571428571428572,0.5857142857142857,0.34168727693455914,0.5276095688852162,0.5236852933058703,-0.3932339227126544,0.9792218515403127,1.372455774252967,True,False,True,False
4241,72,41,31,0.015219349200716967,0.008784724539349477,0.5972222222222222,0.5694444444444444,0.817654129380685,0.2046777155531366,0.817654129380685,0.4080157234815407,0.9999999999999999,0.5919842765184592,True,False,True,False
1720,83,41,42,0.003200132954980846,0.00016250593954429666,0.5542168674698795,0.4939759036144578,-0.12356951482380635,0.0680812097881108,0.12380912418974263,-0.20780370484798974,-0.033600705676624106,0.17420299917136564,True,False,True,False
549,85,41,44,0.008920437106052547,0.0026767430033063223,0.4823529411764706,0.4823529411764706,0.9447752116880389,0.0912918229033568,0.9447752116880388,0.8696376992737038,1.0,0.13036230072629618,True,False,True,False
2006,88,41,47,0.0031717520459038184,-0.0009975892270334243,0.5454545454545454,0.4659090909090909,-0.013148816444718318,0.09872319050913765,0.07785015508041265,-0.19868816759214172,0.08633331388400176,0.2850214814761435,True,False,True,False
1583,85,40,45,0.004643715009647367,0.0028229950076149707,0.5647058823529412,0.47058823529411764,-0.5671477950363243,0.5607130063157034,0.7524298112774122,-1.0,-0.0361410671281078,0.9638589328718922,True,False,True,True
1028,87,40,47,0.0059792998679801266,-0.00044342380895337133,0.4827586206896552,0.45977011494252873,0.94074578092479,0.09800122102804613,0.94074578092479,0.8742105542741487,1.0,0.12578944572585127,True,False,True,False
3161,71,39,32,0.0023102096171797484,0.0030084547221167148,0.5915492957746479,0.5492957746478874,-0.0360643544366397,0.049929406020278365,0.04368280843574363,-0.1050495461944542,0.013044589037503676,0.11809413523195787,True,False,True,False
2980,75,39,36,0.017449831343966254,0.008951437886207675,0.56,0.52,0.9052112244289975,0.07039811510441925,0.9052112244289973,0.7980438079567332,0.9999999999999999,0.20195619204326665,True,False,True,False
1309,76,39,37,0.0041742665816985386,-0.0005887708884922375,0.5131578947368421,0.5131578947368421,0.013076716838033735,0.08170849974578706,0.06925870290173479,-0.08291660616611801,0.09317033629993546,0.17608694246605347,True,False,True,False
5039,78,39,39,0.005243139429332095,-0.0008723623035529376,0.5384615384615384,0.5,-0.06497516538003136,0.1701791751739177,0.13723991489950985,-0.3345690534011107,0.17612315617856722,0.510692209579678,True,False,True,False
5040,78,39,39,0.004931007947215815,-0.0011844937856692178,0.5384615384615384,0.5,-0.06444685418865401,0.16897316841749077,0.13593431486014002,-0.33183015007560657,0.1711849820107319,0.5030151320863385,True,False,True,False
3295,66,38,28,0.0014448093051143106,0.0076410578218825366,0.6363636363636364,0.5757575757575758,0.007027651882882561,0.055109289285228846,0.041534028851809186,-0.04682861945455706,0.0566613373113463,0.10348995676590336,True,False,True,False
1409,78,38,40,0.0004597825234690328,-0.004421154978025061,0.4230769230769231,0.48717948717948717,0.849027449607238,0.15465587200545983,0.849027449607238,0.6223705243553871,1.0,0.3776294756446129,True,False,True,False
1714,60,37,23,0.007534342175510909,0.005322450872613421,0.6,0.6166666666666667,0.5475212818090118,0.3667563724172364,0.5749270752450126,-0.06604791538742023,0.9577606143776142,1.0238085297650343,True,True,True,False
3069,71,37,34,0.011236254852134154,0.003627638635169214,0.49295774647887325,0.5211267605633803,0.950123375379463,0.06102999065548536,0.950123375379463,0.8603366688982143,1.0,0.13966333110178575,True,False,True,False
4084,71,37,34,0.0032922585410352138,-0.0009123378949854146,0.5070422535211268,0.5211267605633803,-0.10242557161045322,0.08258031005304192,0.10713622013913662,-0.18030985070528552,0.00538462081416749,0.185694471519453,True,False,True,False
263,74,37,37,0.009752005647640167,0.006542547568150111,0.5405405405405406,0.5,0.82887468288265,0.13478205089063272,0.82887468288265,0.6031798236972831,0.9999999999999998,0.3968201763027167,True,False,True,False
124,60,36,24,0.009618599665669036,0.003718647192540475,0.4666666666666667,0.6,0.5863715083708169,0.45959843409378903,0.6635055728476079,-0.12191941713181048,1.0,1.1219194171318105,True,True,True,False
1416,66,36,30,-0.0002331019681944235,0.0006601376464413701,0.5454545454545454,0.5454545454545454,0.8833184658682529,0.12350854423270301,0.8833184658682531,0.7710508619130981,0.9999999999999999,0.22894913808690176,True,False,True,False
1421,69,36,33,0.008702493845160962,-0.0007503110318833641,0.5217391304347826,0.5217391304347826,0.8686496770242578,0.2201351186386419,0.8686496770242579,0.5031355406594126,1.0,0.4968644593405874,True,False,True,False
1104,70,36,34,-0.0005599539075211427,0.0003716099615083473,0.5,0.5142857142857142,0.4493128364222978,0.6474880032874382,0.7197109512025878,-0.6600116170216371,1.0,1.6600116170216372,True,False,True,False
1882,71,36,35,0.00902580777059068,0.004843997975921751,0.6056338028169014,0.5070422535211268,-0.28032673358913657,0.44172717511123444,0.44435666594524875,-0.9274122168241129,0.44133591797905675,1.3687481348031696,True,False,True,False
1396,71,36,35,0.005610803031143815,0.000378280582294327,0.5211267605633803,0.5070422535211268,0.7926722582239932,0.22267605724865916,0.792844183889827,0.43290535673703673,1.0,0.5670946432629633,True,False,True,False
1054,72,36,36,0.012495020313833158,0.006598635722350177,0.5833333333333334,0.5,0.353732350346014,0.5499175053637325,0.5547591048573275,-0.47838551996544487,0.9709547415770842,1.449340261542529,True,False,True,False
971,62,35,27,0.02133615539457253,0.011883942207035907,0.5967741935483871,0.5645161290322581,0.7408210405426465,0.323686430317848,0.7408210405426465,0.15974857122505653,1.0,0.8402514287749434,True,False,True,False
1204,65,35,30,0.002847089515319654,-9.706916112435067e-05,0.5384615384615384,0.5384615384615384,0.01932838425196011,0.1342774652208528,0.10692134720239083,-0.10761080998340261,0.251133913181015,0.35874472316441763,True,False,True,False
1208,68,35,33,0.006004854243141785,0.0038898207903229377,0.6764705882352942,0.5147058823529411,0.020565126866462682,0.4485076026106322,0.36842144710170976,-0.6104644194253559,0.5872791477191119,1.1977435671444678,True,False,True,False
4871,78,35,43,0.005980591784676537,0.00044194335332561685,0.48717948717948717,0.44871794871794873,-0.8926786126377848,0.11121471709189594,0.8926786126377849,-0.9999999999999999,-0.6874122524473643,0.31258774755263563,True,False,True,False
1463,64,34,30,-0.000565546992821719,-0.0033402403247707706,0.53125,0.53125,0.49052344596715625,0.719083101593478,0.8535098075345083,-0.7892015640030601,1.0,1.78920156400306,True,False,True,True
1651,73,34,39,0.005851650437213215,0.008598594497345414,0.6712328767123288,0.4657534246575342,-0.20009508202634826,0.3974668275364445,0.3780276451831899,-0.756382859553615,0.2971174617796716,1.0535003213332865,True,False,True,False
4716,76,34,42,0.008302860511974739,-5.377570703700648e-05,0.618421052631579,0.4473684210526316,-0.07959678172175434,0.3324418411609761,0.229068114906804,-0.7595658103711098,0.21362038569286068,0.9731861960639705,True,False,True,False
1203,63,33,30,0.0033218102067451272,-0.00030179607115496696,0.5396825396825397,0.5238095238095238,0.022714995857135534,0.13630218127151342,0.10816077412202825,-0.1080950943729038,0.25745553733681914,0.3655506317097229,True,False,True,False
612,66,33,33,0.006558603339153377,0.00010589666832886289,0.5606060606060606,0.5,0.9065362692411009,0.18421255312234283,0.9065362692411011,0.5936375615326033,1.0,0.4063624384673967,True,False,True,False
1256,66,33,33,0.0032071322527141826,-0.0040529352238207195,0.4393939393939394,0.5,0.6528930583054451,0.29088617536944505,0.6528930583054449,0.11963997415747334,0.9225168504736295,0.8028768763161562,True,False,True,False
5267,67,33,34,0.00929367525328585,0.0047193113021173185,0.582089552238806,0.4925373134328358,-0.4774841168740023,0.2947540555423429,0.50201934122311,-0.7810624507844127,-0.07285368955723177,0.7082087612271809,True,False,True,False
1811,54,32,22,0.028018674555193464,0.017202687993543065,0.6481481481481481,0.5925925925925926,0.9109270284279553,0.08641917572041152,0.9109270284279554,0.757834329840813,1.0,0.242165670159187,True,False,True,False
803,57,32,25,0.007736192663364487,0.007977111958232457,0.5263157894736842,0.5614035087719298,0.4451205302623598,0.5381503832396246,0.6471115388471894,-0.5604102181903746,0.9999999999999998,1.5604102181903743,True,False,True,False
5268,60,32,28,0.008906113256683041,0.002621192021816489,0.55,0.5333333333333333,0.7345309253457076,0.27275304621956376,0.7407521899528271,0.2799453926413454,1.0,0.7200546073586547,True,False,True,False
4403,61,32,29,0.005653357096242976,-0.0005157179564318465,0.5409836065573771,0.5245901639344263,-0.454337303155551,0.47818443382835696,0.6040230719233953,-0.9221939496962815,0.43071698327786145,1.3529109329741429,True,False,True,False
4404,61,32,29,0.005010562474454196,-0.0011585125782206257,0.5081967213114754,0.5245901639344263,-0.4553415231435287,0.47801424780602536,0.6050534221704771,-0.9226185361672983,0.43144371190257885,1.3540622480698772,True,False,True,False
199,63,32,31,0.011531386434165895,-0.0005835181762212455,0.5555555555555556,0.5079365079365079,0.20816253067894744,0.3975010092902465,0.3457651022700694,-0.27621360710323906,0.9999999999999992,1.2762136071032382,True,False,True,False
513,67,32,35,0.005981873408625519,-0.0002618205814731214,0.582089552238806,0.47761194029850745,0.7543079582705703,0.2531644461073109,0.7543079582705703,0.2836697309343741,0.9380968589078035,0.6544271279734294,True,False,True,False
4148,68,32,36,0.007617151948915437,0.0025442087764929603,0.5588235294117647,0.47058823529411764,0.5273709764717449,0.6205437125311117,0.7766729359855025,-0.6180554649859523,0.9999999999999998,1.618055464985952,True,False,True,True
965,54,31,23,0.010330810867457517,0.00027679569354615305,0.5185185185185185,0.5740740740740741,0.7580783103645025,0.31836175122396143,0.7632253586845733,0.3546699343877986,1.0,0.6453300656122014,True,False,True,False
1476,58,31,27,0.024788038558955318,0.01463950054225962,0.6206896551724138,0.5344827586206896,0.8650430474675429,0.1431159431976502,0.8650430474675429,0.7239843588538862,1.0,0.27601564114611377,True,False,True,False
1726,58,31,27,0.002497723740208442,-0.0030138642300774343,0.5344827586206896,0.5344827586206896,0.9640054224367248,0.044006134528678936,0.9640054224367248,0.9006913264551077,1.0,0.09930867354489226,True,False,True,False
1163,59,31,28,0.005381723566481745,-0.0006786165292410832,0.5254237288135594,0.5254237288135594,0.7879953053151101,0.19414027978855558,0.7879953053151101,0.5559015228909368,0.9893591386717107,0.4334576157807739,True,False,True,False
6353,61,31,30,0.0031041609874649773,-0.0021604390784933196,0.5573770491803278,0.5081967213114754,-0.01831704011047006,0.02709195404061736,0.02610992007834438,-0.05429638400775404,0.013888151806010246,0.06818453581376428,True,False,True,False
6138,62,31,31,0.008866537232381733,0.00364971534955412,0.5483870967741935,0.5,-0.24734020318790212,0.20657608690478999,0.26400461208539094,-0.48729522539774445,0.04593795113964494,0.5332331765373894,True,False,True,False
751,62,31,31,-0.003387327097506357,-0.004072439381516672,0.4838709677419355,0.5,0.8092279331012265,0.14202470674429096,0.8092279331012265,0.6024770792767223,0.9787796843547761,0.3763026050780538,True,False,True,False
1722,48,30,18,0.0041753949768492645,0.007621746337967812,0.5833333333333334,0.625,-0.06659458596268623,0.19203158083572666,0.17456971697538037,-0.24117526613731655,0.2824766049485052,0.5236518710858218,True,True,True,False
1403,48,30,18,0.014027557268252985,-0.002037380930409028,0.4375,0.625,0.5611826309175726,0.6385872869449098,0.8133990781071601,-0.4606303562388222,1.0,1.460630356238822,True,False,True,True
867,51,30,21,0.00669376821700252,0.008240356042685026,0.6274509803921569,0.5882352941176471,0.6598281328742283,0.3672425557918485,0.6710389127492943,0.1172944239829186,1.0,0.8827055760170814,True,False,True,False
1692,59,30,29,0.006021500373363876,0.004170706233401353,0.5423728813559322,0.5084745762711864,0.7404033627822637,0.2563944766643173,0.7404033627822638,0.25023107178496057,0.9999999999999998,0.7497689282150393,True,False,True,False
2210,62,30,32,0.005068335527513457,0.003417782703332455,0.532258064516129,0.4838709677419355,0.7868418542148263,0.14013779068842735,0.7868418542148264,0.5796326463942187,0.8999356311218103,0.32030298472759156,True,False,True,False
5960,62,30,32,0.00309869762359113,0.0002046469350242266,0.5645161290322581,0.4838709677419355,0.0006568008255737179,0.25576519396001207,0.2141482761604117,-0.2403629203612523,0.3896895123596121,0.6300524327208644,True,False,True,False
5961,62,30,32,0.0024613279319635178,-0.00043272275660338576,0.5483870967741935,0.4838709677419355,-0.00022755278340943022,0.2539914881098928,0.2119368152491228,-0.23994323399026055,0.38494175273763137,0.624884986727892,True,False,True,False
793,63,30,33,0.011670742216793326,0.005008932469209653,0.5714285714285714,0.47619047619047616,0.9072400853273127,0.10738346168975627,0.9072400853273129,0.7322033267035915,1.0,0.26779667329640855,True,False,True,False
1541,63,30,33,-0.0012100277293821207,-0.003441439522993418,0.5079365079365079,0.47619047619047616,0.8666903524096246,0.15689521216996477,0.8666903524096247,0.7283429495513917,1.0,0.27165705044860833,True,False,True,False
5083,68,30,38,0.0005605337669661478,-0.0034217585919845057,0.5294117647058824,0.4411764705882353,-0.11667442076164104,0.20202418286773363,0.2056263128291868,-0.36258834653718186,0.23736179796114792,0.5999501444983297,True,False,True,False
5082,68,30,38,0.00044758728184172736,-0.003534705077108926,0.5294117647058824,0.4411764705882353,-0.11786714420168751,0.20227998764718716,0.2069607528728578,-0.3621378986299351,0.2373759764252441,0.5995138750551792,True,False,True,False
1088,79,30,49,0.0017428215660421989,0.002008009372889938,0.5822784810126582,0.379746835443038,0.5969404090274366,0.37890170490773073,0.6528698352875085,-0.15566554838295732,0.921852381164224,1.0775179295471813,True,False,True,False
6586,46,29,17,9.168143079625662e-05,0.0056614723202611785,0.6086956521739131,0.6304347826086957,0.031424159517489635,0.025375236531323567,0.03519050524934497,0.005073235161857895,0.05949504097106917,0.05442180580921127,True,True,True,False
1277,54,29,25,0.0003976000093957763,-0.0011577538108271627,0.5555555555555556,0.5370370370370371,0.4009610564535741,0.2971373349323095,0.4034999430380224,0.04722294543730252,0.8477100706606182,0.8004871252233157,True,False,True,False
1521,57,29,28,0.011816948505929339,0.0019160003031120925,0.5614035087719298,0.5087719298245614,0.9350707982033124,0.10294662578433837,0.9350707982033124,0.7969584485922689,1.0,0.20304155140773106,True,False,True,False
1616,58,29,29,0.014411608805448168,0.0006861895871624833,0.5344827586206896,0.5,0.9386013988032008,0.059581780255746106,0.9386013988032008,0.8639304336572012,1.0,0.13606956634279876,True,False,True,False
3865,61,29,32,0.005964334169542786,0.0035480780987456554,0.5409836065573771,0.47540983606557374,0.7855787026219021,0.14176075302397678,0.7855787026219021,0.5757112621648748,0.8987744777261144,0.3230632155612396,True,False,True,False
1705,63,29,34,-0.009655964502907587,-0.006991967787265153,0.3968253968253968,0.4603174603174603,0.7822309908464687,0.21311294467526323,0.7822309908464689,0.5833942402841257,0.9620425763774979,0.37864833609337223,True,False,True,False
601,43,28,15,0.02850607067964472,0.015947660422357467,0.6046511627906976,0.6511627906976745,0.996967664570204,0.008288422124111934,0.9969676645702041,0.9909042726330826,1.0,0.009095727366917439,True,True,True,False
1985,51,28,23,0.022608144523550474,0.010665446408726416,0.6274509803921569,0.5490196078431373,0.9258470804352523,0.05973211820189061,0.9258470804352523,0.8669293743640895,1.0,0.13307062563591054,True,False,True,False
1166,52,28,24,0.013641867432484618,0.009737414605938827,0.5192307692307693,0.5384615384615384,0.8072258406969435,0.2931250311576985,0.8081779658861047,0.2413289812891676,1.0,0.7586710187108324,True,False,True,False
57,54,28,26,-0.002963189502099781,-0.001619350389870867,0.48148148148148145,0.5185185185185185,0.38370476791935476,0.5903635651487096,0.6187731336863583,-0.5761755515934537,0.9999999999999999,1.5761755515934537,True,False,True,False
4517,39,27,12,-0.00022109056943787648,0.0021161391860896207,0.5641025641025641,0.6923076923076923,0.037775000030547734,0.03995523179568152,0.04909644983016121,-0.013578678007441157,0.07719929386922313,0.09077797187666428,True,True,True,False
4183,42,27,15,0.020645282039055263,0.012506307056432617,0.6666666666666666,0.6428571428571429,0.8487860419951262,0.14026551319693523,0.8487860419951263,0.6869327477170719,0.9653633658763275,0.2784306181592556,True,True,True,False
5075,48,27,21,0.0060313224726579,0.0030548479126814945,0.625,0.5625,0.735858299430558,0.2453252324491843,0.735858299430558,0.4033219036749275,0.9999999999999997,0.5966780963250722,True,False,True,False
1319,50,27,23,0.01522085986444772,0.00986619143444063,0.5,0.54,0.913997317085424,0.0611813595843797,0.9139973170854241,0.8377779035873375,1.0,0.1622220964126625,True,False,True,False
3044,52,27,25,0.0006620269510681531,0.006960696293855719,0.6538461538461539,0.5192307692307693,0.10272704993767383,0.0833214492524282,0.10631279052614694,0.0020714154307194784,0.22583080496266936,0.22375938953194988,True,False,True,False
955,52,27,25,-0.0025408685393746152,-0.002356441904509715,0.4423076923076923,0.5192307692307693,0.5315084304967094,0.5267079233359293,0.7189447130020842,-0.550197398829194,0.9999999999999999,1.550197398829194,True,False,True,False
4476,53,27,26,0.016455125910906927,0.004688334735047611,0.5660377358490566,0.5094339622641509,0.8408292571771002,0.09297593544466945,0.8408292571771003,0.6987974182956275,0.9579068134349238,0.2591093951392963,True,False,True,False
1974,56,27,29,0.01309868761206641,0.0027399615522414877,0.6607142857142857,0.48214285714285715,0.048213133369948834,0.2832469504855744,0.24582979593225632,-0.38719308092333615,0.3747479306875689,0.7619410116109051,True,False,True,False
577,58,27,31,0.01426143781591209,0.00987319451332966,0.6551724137931034,0.46551724137931033,0.43535354313385444,0.45352398942984545,0.5651175009587012,-0.1747888699046335,0.8738624212192598,1.0486512911238934,True,False,True,False
2562,58,27,31,0.004879537409960577,0.00046898170865333,0.5689655172413793,0.46551724137931033,0.588383454586863,0.33394145971020067,0.5914333503074106,0.05142624084424433,0.9275266671280852,0.8761004262838409,True,False,True,False
5635,62,27,35,0.003704756606051681,0.0004279466912740629,0.5967741935483871,0.43548387096774194,0.11442734834149353,0.22362200172133756,0.16970906964081112,-0.11435245185838781,0.4456034492398562,0.559955901098244,True,False,True,False
5636,62,27,35,0.0030609994940066524,-0.00021581042077096552,0.5806451612903226,0.43548387096774194,0.11359860029696296,0.22246302365228662,0.16740912302280017,-0.11137182647149138,0.44431455526011854,0.5556863817316099,True,False,True,False
457,63,27,36,0.01078105628380949,0.0057597379316675695,0.5555555555555556,0.42857142857142855,0.81246894348627,0.2298242797836028,0.81246894348627,0.45562644335017116,1.0,0.5443735566498289,True,False,True,False
1490,64,27,37,-0.0033272081708921666,-0.002430336113858303,0.515625,0.421875,0.6043995802630839,0.4609406647007225,0.7181248059855777,0.1093117645539078,0.9434011250949573,0.8340893605410495,True,False,True,False
1313,40,26,14,0.021510202676821376,0.00938055870915944,0.6,0.65,0.9999999999999999,1.8355090436664715e-16,1.0,0.9999999999999998,1.0,2.220446049250313e-16,True,True,True,False
697,40,26,14,0.014840992455266697,0.0045567406046059635,0.425,0.65,0.97739813781903,0.04252384582928036,0.97739813781903,0.9416728917287985,1.0,0.05832710827120147,True,True,True,False
1186,44,26,18,0.026083012383304426,0.005545251226196941,0.5681818181818182,0.5909090909090909,0.6343075310995447,0.3856800205676839,0.6418445859950743,0.004713588188897302,0.9999999999999998,0.9952864118111024,True,False,True,False
4129,45,26,19,0.0026277530258956134,-0.004585358258396341,0.4666666666666667,0.5777777777777777,0.13052473107347784,0.10730302180204801,0.1505264868293207,0.0037592987907413417,0.2863556309483706,0.28259633215762925,True,False,True,False
209,51,26,25,0.03017939532459678,0.014441429169579299,0.6078431372549019,0.5098039215686274,0.889033887842696,0.12046289580737055,0.889033887842696,0.7131216245936663,1.0,0.28687837540633365,True,False,True,False
1043,57,26,31,0.012008083058348993,0.006964877446695516,0.7192982456140351,0.45614035087719296,0.4347433939344683,0.39007968243571445,0.466928218652469,-0.04534374065695547,0.9701878115047435,1.015531552161699,True,False,True,False
1072,37,25,12,0.027082888498230564,0.017089162770909896,0.5945945945945946,0.6756756756756757,0.9386319770525652,0.05346315567246331,0.9386319770525651,0.8647416056460961,0.9999999999999996,0.1352583943539034,True,True,True,False
1576,39,25,14,0.02727879798165853,0.01895000893971413,0.6923076923076923,0.6410256410256411,0.9257505542863915,0.09118639768621055,0.9257505542863916,0.7996357308624936,1.0,0.20036426913750638,True,True,True,False
5241,39,25,14,0.010145638764986845,0.00622831486860487,0.5897435897435898,0.6410256410256411,0.7449051219629065,0.29316127189368335,0.7624066572007018,0.3767396473374373,1.0,0.6232603526625626,True,True,True,False
5242,40,25,15,0.008416654811359836,0.005513124623226634,0.6,0.625,0.744907282724988,0.29323258938902036,0.7625899318647583,0.37648939841716267,1.0,0.6235106015828373,True,True,True,False
418,42,25,17,0.021888705984464536,0.010271922543950308,0.6428571428571429,0.5952380952380952,0.7758371134300975,0.32355667678110694,0.7772869829187444,0.14977319933471261,1.0,0.8502268006652873,True,False,True,False
2553,44,25,19,0.01096905821053844,0.001015983373384092,0.5454545454545454,0.5681818181818182,0.7453275879659409,0.1326073659731127,0.7453275879659408,0.5881224489313157,0.853809838890919,0.2656873899596033,True,False,True,False
5296,47,25,22,0.010358340490634456,0.008381358466425853,0.5106382978723404,0.5319148936170213,0.8933440885507774,0.09845153452956802,0.8933440885507774,0.7652100844645374,1.0,0.23478991553546258,True,False,True,False
5297,47,25,22,0.01003520455089439,0.008058222526685787,0.5106382978723404,0.5319148936170213,0.8929100803862329,0.09983074293453878,0.8929100803862328,0.758314382445277,1.0,0.24168561755472295,True,False,True,False
4405,48,25,23,0.0037997037356260663,0.0051356325465295284,0.6041666666666666,0.5208333333333334,-0.03279760048457841,0.05825800307280521,0.04689289909626129,-0.11834302873043269,0.02761078092763676,0.14595380965806945,True,False,True,False
4406,48,25,23,0.0037276564701811143,0.005063585281084577,0.6041666666666666,0.5208333333333334,-0.03309802988760301,0.059161027973652594,0.0472477917218996,-0.12167759910658622,0.02766523454360105,0.14934283365018727,True,False,True,False
1672,48,25,23,0.007073689382095727,0.0005322676743248189,0.5416666666666666,0.5208333333333334,0.8747708528932904,0.14024241733926035,0.8747708528932904,0.6743347859238144,1.0,0.32566521407618565,True,False,True,False
4648,50,25,25,0.0032495739353557494,-0.0033630750300915847,0.54,0.5,0.06797778480346474,0.07920351373273912,0.08986379419674279,-0.049169890220111714,0.15857909907766082,0.20774898929777252,True,False,True,False
3045,51,25,26,0.000729211122600447,0.005183919149179259,0.6078431372549019,0.49019607843137253,0.10319993766486185,0.08403739135930456,0.10715263970505746,0.0010536136790859983,0.22971256670640475,0.22865895302731876,True,False,True,False
326,52,25,27,-0.00521175977327469,-0.0014450730512254233,0.5576923076923077,0.4807692307692308,0.5670562764062689,0.36940111757103095,0.5843881324233274,-0.0009757372670225255,0.9911940911784404,0.9921698284454629,True,False,True,False
5059,56,25,31,0.004049209947268956,-0.00538939761850767,0.5,0.44642857142857145,0.046589273531991784,0.07483488043872866,0.07840529165604691,-0.0778345544366906,0.11760045961675493,0.19543501405344554,True,False,True,False
173,60,25,35,0.0011387851410688008,-0.0031930870038874904,0.55,0.4166666666666667,0.5651765418314334,0.39838120648993575,0.5833606081669951,0.01771498217248485,1.0,0.9822850178275151,True,False,True,False
3145,36,24,12,0.030575571762241998,0.023530331602036388,0.6944444444444444,0.6666666666666666,0.9333079686709945,0.07636722349704181,0.9333079686709946,0.8707155287335475,1.0,0.12928447126645248,True,True,True,False
5328,36,24,12,0.0210643838962555,-0.0026559438174814285,0.5555555555555556,0.6666666666666666,0.8332666087815679,0.18555968056906955,0.8332666087815679,0.49343931566259197,1.0,0.506560684337408,True,False,True,False
409,38,24,14,0.01929326979533515,0.019605788042854295,0.6052631578947368,0.631578947368421,0.8898136681545604,0.13392558636023313,0.8898136681545604,0.6843240481538572,1.0,0.31567595184614283,True,True,True,False
2229,38,24,14,0.016981430244723233,0.003500881639209258,0.631578947368421,0.631578947368421,0.8751965002052426,0.12490098641358137,0.8751965002052426,0.6592756071632218,0.9851422321426526,0.32586662497943086,True,True,True,False
5250,43,24,19,0.0007683944948624267,-0.00138606033132354,0.4883720930232558,0.5581395348837209,0.41473515759584695,0.4984821736162825,0.5841950489844995,-0.3522385883716445,0.9077593308935155,1.25999791926516,True,False,True,False
1723,45,24,21,-0.00967842340087534,-0.012180017910901373,0.4222222222222222,0.5333333333333333,0.9101435184313348,0.1677394367419585,0.9101435184313349,0.7997921706481231,1.0,0.20020782935187686,True,False,True,False
5037,46,24,22,0.03897004006561665,0.02134132254351086,0.6304347826086957,0.5217391304347826,0.7993024026538343,0.29758447553144074,0.8032101256137478,0.2979031478861774,1.0,0.7020968521138227,True,False,True,False
5038,46,24,22,0.0386186298153676,0.020989912293261814,0.6304347826086957,0.5217391304347826,0.7984982841955371,0.29893019110958285,0.8025589772978592,0.29464707754239594,1.0,0.7053529224576041,True,False,True,False
4130,46,24,22,0.003275359515912998,-0.0044448746534121305,0.45652173913043476,0.5217391304347826,0.13053712570015297,0.10691592459956852,0.15038244865883474,0.005094132212796698,0.28595399057321325,0.28085985836041655,True,False,True,False
4477,48,24,24,-0.0010122242326265813,-0.0013099230798338153,0.4166666666666667,0.5,0.13062547590226978,0.6934526026284658,0.661062761945317,-0.7204641474126788,0.9317651430614543,1.6522292904741331,True,False,True,False
866,49,24,25,0.014224783145396741,0.01342231095169671,0.673469387755102,0.4897959183673469,0.7685782495140314,0.2705651971809439,0.7748342382125286,0.4485550661907059,0.9999999999999999,0.5514449338092939,True,False,True,False
4232,55,24,31,0.007797715182085735,0.004231487404673402,0.6,0.43636363636363634,-0.20523606535453104,0.44168023793421907,0.4092043142832607,-0.8342778024037858,0.47939124424662943,1.3136690466504153,True,False,True,False
4360,55,24,31,0.008185845583835337,0.003279513107928521,0.6181818181818182,0.43636363636363634,0.08139057176274272,0.45974741125189084,0.4185001719841308,-0.5533852416923519,0.6341260457120016,1.1875112874043534,True,False,True,False
1245,57,24,33,0.023551242555558027,0.008397889796913229,0.543859649122807,0.42105263157894735,0.5888319498184322,0.4964266437065383,0.70487916315775,-0.2443818017885833,1.0,1.2443818017885833,True,False,True,False
978,57,24,33,0.008638805028983282,0.005374242841247592,0.5263157894736842,0.42105263157894735,0.5944107482413448,0.33307405470704715,0.5998414265522042,0.06900281484855644,0.9999999999999997,0.9309971851514433,True,False,True,False
589,58,24,34,0.004361914357374421,0.005700161536020824,0.6379310344827587,0.41379310344827586,0.6886858970936842,0.26868748704428846,0.6901876702295391,0.2785050286070238,1.0,0.7214949713929761,True,False,True,False
5662,59,24,35,0.001880354468884089,-0.006581058074355638,0.4745762711864407,0.4067796610169492,-0.970465393264771,0.05124527290834807,0.9704653932647711,-1.0,-0.9038017308701504,0.09619826912984963,True,False,True,False
5663,59,24,35,0.001464811227321397,-0.0069966013159183296,0.4576271186440678,0.4067796610169492,-0.9708555387059594,0.05076565808885483,0.9708555387059595,-1.0,-0.9022287758073995,0.09777122419260054,True,False,True,False
985,37,23,14,0.014289004637910201,0.011121419931126367,0.5945945945945946,0.6216216216216216,0.9170568823431392,0.11368449079898366,0.9170568823431393,0.7772956986722372,1.0,0.22270430132776275,True,True,True,False
854,42,23,19,-0.0009135069421322404,-0.0043617133430074685,0.47619047619047616,0.5476190476190477,0.8619648052899234,0.2796653270742467,0.8822673428542513,0.7403525269829211,1.0,0.2596474730170789,True,False,True,False
778,45,23,22,-0.0008542520075363318,0.0003015435510801708,0.5333333333333333,0.5111111111111111,0.4577431692530894,0.49899208731012684,0.5924695784733006,-0.27232795092143114,0.9999999999999998,1.272327950921431,True,False,True,False
1047,47,23,24,0.013761037627019006,0.006835084774471303,0.5957446808510638,0.48936170212765956,0.3777186164668441,0.6777307112099122,0.7336157392434886,-0.7190106761008914,1.0,1.7190106761008914,True,False,True,True
1126,47,23,24,0.007630113062481079,0.006571169340225287,0.5531914893617021,0.48936170212765956,0.9162212958500534,0.11695337248252267,0.9162212958500534,0.7560302232829241,1.0,0.24396977671707587,True,False,True,False
696,52,23,29,0.004506055326419966,-0.0003904549904302181,0.46153846153846156,0.4423076923076923,0.8403543806350875,0.21417832568965994,0.8403543806350875,0.47477826642046655,1.0,0.5252217335795335,True,False,True,False
4359,54,23,31,0.008496088627280532,0.0035174648322451258,0.6296296296296297,0.42592592592592593,0.08238302144703277,0.457917466383811,0.41724547857679556,-0.5483894728628728,0.6319793247641815,1.1803687976270543,True,False,True,False
5005,54,23,31,0.010999835221676092,-0.0029582510432459522,0.5370370370370371,0.42592592592592593,-0.013607388115918594,0.5640892329193692,0.4506171332541343,-0.8938452235098729,0.7462605948216451,1.640105818331518,True,False,True,False
5006,54,23,31,0.01069299056792394,-0.003265095696998105,0.5185185185185185,0.42592592592592593,-0.013845563095599627,0.5642686869373352,0.45076473552351065,-0.8944736363219189,0.7456293302161835,1.6401029665381024,True,False,True,False
1097,30,22,8,0.01207397092071281,-0.006845471101151849,0.5,0.7333333333333333,0.7151291006458981,0.2741269011090538,0.7197505548879538,0.3259542256011459,0.9962854126097552,0.6703311870086093,True,False,True,False
2340,33,22,11,0.021810569054480883,0.013149024384430198,0.5454545454545454,0.6666666666666666,0.5696691618316375,0.26420203727218794,0.5696691618316375,0.2360826209498769,0.9040924277318828,0.6680098067820059,True,True,True,False
1267,36,22,14,0.02534425832278474,0.01486895695339164,0.6666666666666666,0.6111111111111112,0.6362825868418386,0.37215681896094105,0.6477142916827241,0.013447675400681907,1.0,0.9865523245993181,True,True,True,False
354,36,22,14,0.013077052428458037,0.010749889455846222,0.5555555555555556,0.6111111111111112,0.6176604290740344,0.41938485240309054,0.6552405989182211,-0.03393189164623496,0.9719119099730766,1.0058438016193116,True,True,True,False
339,37,22,15,0.012227345857100436,0.01650330427628138,0.6756756756756757,0.5945945945945946,0.8628338296374964,0.06648024875464266,0.8628338296374964,0.7938544468989658,0.9553375734820373,0.1614831265830715,True,False,True,False
1009,37,22,15,0.010659909970840074,0.010371183164710146,0.6216216216216216,0.5945945945945946,0.9506448079415771,0.07012087137027243,0.9506448079415771,0.855549856409227,1.0,0.14445014359077302,True,False,True,False
996,37,22,15,0.00604723046250707,0.0031586296912330153,0.6486486486486487,0.5945945945945946,0.8068197281343007,0.20179990858693078,0.8068197281343007,0.5436441876097584,1.0,0.4563558123902416,True,False,True,False
1603,38,22,16,0.006287903288054751,-0.003557538452134079,0.5789473684210527,0.5789473684210527,0.2957238104416015,0.2862638277517798,0.3301263996673008,-0.044340620461462525,0.6951155956366915,0.7394562160981539,True,False,True,False
82,39,22,17,0.006355194904111927,0.009135127976653275,0.6923076923076923,0.5641025641025641,0.4646838931281636,0.2928715876667605,0.4929357458153473,0.13338030359288805,0.9141368799124988,0.7807565763196107,True,False,True,False
729,41,22,19,0.006950763013794736,0.0019375227895662489,0.4878048780487805,0.5365853658536586,0.7993551083574506,0.18790597140014545,0.7993551083574505,0.5542105625595867,1.0,0.4457894374404133,True,False,True,False
432,42,22,20,-0.007434628936092697,0.001498330544354966,0.5476190476190477,0.5238095238095238,0.5870384907102617,0.40104595598732257,0.6235199125602873,-0.014434688795156497,1.0,1.0144346887951565,True,False,True,False
1703,43,22,21,0.0032779093105357805,0.001542975413227981,0.627906976744186,0.5116279069767442,0.24416498400242415,0.592950873625909,0.5615063234487618,-0.6292990657669075,0.9099522579668984,1.539251323733806,True,False,True,False
1886,43,22,21,0.006772422438838156,-0.0004541677172559447,0.5348837209302325,0.5116279069767442,0.5782308172857369,0.3719729594017318,0.625060765561181,-0.12040308445241454,0.9950560924398099,1.1154591768922244,True,False,True,False
524,44,22,22,0.005274295255453055,0.004698052565086857,0.6136363636363636,0.5,0.9399415818521685,0.07426770251065666,0.9399415818521685,0.8265536124368512,1.0,0.17344638756314879,True,False,True,False
120,47,22,25,0.004980516408985045,0.0048982849089988945,0.5531914893617021,0.46808510638297873,0.4167227982956135,0.5401787458013896,0.6033881503975758,-0.34603335750991987,1.0,1.34603335750992,True,False,True,False
5457,47,22,25,0.007434625021690347,0.002539000748697124,0.48936170212765956,0.46808510638297873,0.7879981165230994,0.1829182638101832,0.7879981165230994,0.5924462464175523,0.9650728326238737,0.3726265862063214,True,False,True,False
3070,48,22,26,0.007890908750624053,0.0040819176383344565,0.4791666666666667,0.4583333333333333,0.9470656672179741,0.0665015426477791,0.9470656672179741,0.8542920959319575,1.0,0.14570790406804246,True,False,True,False
117,49,22,27,-0.009215120801633468,-0.008760119434610468,0.4489795918367347,0.4489795918367347,0.7928544760214782,0.31224954016382356,0.8009607907006605,0.22371717805212418,1.0,0.7762828219478758,True,False,True,False
1496,56,22,34,0.006140594005544629,0.005857734107885337,0.6428571428571429,0.39285714285714285,0.485059316934421,0.6378375741595395,0.73247001516244,-0.5974520528263323,0.9999999999999999,1.5974520528263323,True,False,True,True
4413,33,21,12,0.0009474149988780139,-0.004788496782467228,0.5151515151515151,0.6363636363636364,0.05914288097920243,0.04987267528797764,0.06413741600605624,-0.006136670711608904,0.14142141776565573,0.14755808847726462,True,False,True,False
2690,35,21,14,0.0031880760435671865,-0.003719005953896267,0.4857142857142857,0.6,0.04060675500340302,0.041751272528098494,0.051492462209132346,0.004329404622621658,0.07989226381061569,0.07556285918799403,True,False,True,False
2691,35,21,14,0.0031034639049012094,-0.0038036180925622443,0.4857142857142857,0.6,0.040909983310865344,0.0421674447003312,0.05195117620058359,0.0044925535408365195,0.0805070107633213,0.07601445722248477,True,False,True,False
2424,36,21,15,0.008989509139485097,0.005965413163314805,0.6388888888888888,0.5833333333333334,0.9081029472129536,0.03746526179272886,0.9081029472129536,0.8616403829730631,0.9555096942894895,0.0938693113164264,True,False,True,False
592,37,21,16,0.037434780438648826,0.02698532811347787,0.6486486486486487,0.5675675675675675,0.7644016287539359,0.32683791496430153,0.7743674063159897,0.268990889702079,1.0,0.731009110297921,True,False,True,False
309,38,21,17,0.016480618710908133,0.004000226255892698,0.5789473684210527,0.5526315789473685,0.6628565375645582,0.3573497712814793,0.6653226641873032,0.10099738694708348,1.0,0.8990026130529165,True,False,True,False
327,40,21,19,0.013354269957595801,0.011110033758838702,0.525,0.525,0.43807176006644855,0.3444481971075162,0.4413086731598375,0.007003647268763398,0.852063145312159,0.8450594980433956,True,False,True,False
2317,40,21,19,0.007625864884222641,0.00860507490924313,0.65,0.525,-0.07481772674987144,0.3677173385151741,0.29401676124572557,-0.7242301844142842,0.33811051213839616,1.0623406965526803,True,False,True,False
1528,40,21,19,0.00587063997172862,0.0011768551871856048,0.55,0.525,0.06546152056222079,0.3790613465107832,0.337874532523863,-0.40993572463269634,0.5898783082437439,0.9998140328764402,True,False,True,False
1410,42,21,21,0.01684442236212255,0.009721897235876137,0.5476190476190477,0.5,0.990922665024174,0.01805966963525582,0.9909226650241743,0.9614803448837733,1.0,0.03851965511622668,True,False,True,False
547,44,21,23,0.00837874211302988,0.004295530749654734,0.5454545454545454,0.4772727272727273,0.7151068298428606,0.31860072190890837,0.7324704755835852,0.10280881228648958,0.998941244994441,0.8961324327079514,True,False,True,False
4495,50,21,29,0.0030275013020920503,0.0025112324835394094,0.58,0.42,-0.1763667358589433,0.26314593033078315,0.265536605487044,-0.4635330961754694,0.2107887031538986,0.674321799329368,True,False,True,False
5035,28,20,8,0.025170397565811947,0.0025269865262550323,0.5,0.7142857142857143,0.990562364223437,0.03467414950405557,0.990562364223437,0.9999999999999996,1.0,4.440892098500626e-16,True,True,True,False
5036,28,20,8,0.02500755432541654,0.002364143285859623,0.5,0.7142857142857143,0.9906203864077776,0.034460803038614825,0.9906203864077776,0.9999999999999996,1.0,4.440892098500626e-16,True,True,True,False
4640,32,20,12,0.038690389479576766,0.02085810273881267,0.65625,0.625,0.849559323657205,0.1861815771221605,0.849559323657205,0.502610620471285,1.0,0.497389379528715,True,True,True,False
1637,33,20,13,0.008942821399767353,0.006350390861990148,0.6666666666666666,0.6060606060606061,0.5808035451322623,0.25467265111036363,0.5808035451322623,0.21829523976445073,0.9275543840971118,0.709259144332661,True,True,True,False
4925,37,20,17,0.04007245234392342,0.015384692934329695,0.5405405405405406,0.5405405405405406,0.8434819475065438,0.25280434467361235,0.8434819475065438,0.4414074710229504,1.0,0.5585925289770496,True,False,True,False
756,37,20,17,-0.00014147353187542966,0.00046623514245237077,0.4864864864864865,0.5405405405405406,0.8533660240474241,0.1378654879146052,0.853366024047424,0.627981525791471,1.0,0.37201847420852896,True,False,True,False
3494,38,20,18,0.004428310389546523,0.00025900765089120466,0.4473684210526316,0.5263157894736842,0.6434204707902351,0.2031044582410871,0.6434204707902351,0.3971937408226256,0.9350617902512505,0.5378680494286249,True,False,True,False
4231,39,20,19,0.00642951179065806,-0.0007969875183284454,0.5641025641025641,0.5128205128205128,0.5529491501048115,0.3712207257844284,0.602699364351485,-0.126205714309946,0.9967203684712078,1.1229260827811538,True,False,True,False
1268,40,20,20,-0.0013645225215308337,-0.0029994575151592482,0.5,0.5,0.9387606890374219,0.07622181192325625,0.9387606890374223,0.8339812981665725,1.0,0.16601870183342748,True,False,True,False
4805,41,20,21,0.0023423348309547145,-0.005692832601598899,0.5121951219512195,0.4878048780487805,0.6828746100203008,0.48807588224610077,0.7723084521551256,-0.25527381204936384,1.0,1.2552738120493638,True,False,True,True
1677,43,20,23,0.013634943772555638,0.014495785885732939,0.6046511627906976,0.46511627906976744,0.30902564994141635,0.5719783782702194,0.5775256491872486,-0.5370238669806193,0.933129580642317,1.4701534476229363,True,False,True,False
800,44,20,24,0.010481309478676247,0.007092847307641272,0.5909090909090909,0.45454545454545453,0.8509037790173819,0.12040590939114416,0.850903779017382,0.72105547740614,1.0,0.27894452259386004,True,False,True,False
974,47,20,27,0.017922769862133564,0.00734970838715747,0.5319148936170213,0.425531914893617,0.30017238279774844,0.4934513517360823,0.509347739032282,-0.42142212066247514,0.8538430478771241,1.2752651685395993,True,False,True,False
5009,24,19,5,0.04553330730800346,0.028461273308184112,0.625,0.7916666666666666,0.6377612085703472,0.36772523200691354,0.6377612085703471,0.1538548323156637,1.0,0.8461451676843363,False,True,False,False
4218,26,19,7,0.003327866581304265,0.006861922314586497,0.6923076923076923,0.7307692307692307,0.09295977422979497,0.05435353396018112,0.09295977422979494,0.020971780630741343,0.13239277855358894,0.1114209979228476,True,True,True,False
3054,27,19,8,0.02218758930534013,0.005495743376359854,0.5925925925925926,0.7037037037037037,0.9681242903597098,0.03147146584376615,0.9681242903597097,0.9229787365773198,1.0,0.07702126342268023,True,True,True,False
5209,27,19,8,0.023274253626089127,0.0006787073299237207,0.5185185185185185,0.7037037037037037,0.9021104441392495,0.03869814472416252,0.9021104441392493,0.8570095743791302,0.9595729427091276,0.10256336832999746,True,True,True,False
5210,27,19,8,0.022864344847179714,0.00026879855101430634,0.5185185185185185,0.7037037037037037,0.9016385969490851,0.03890000255528521,0.9016385969490851,0.8565348336453146,0.9596632874204872,0.10312845377517266,True,True,True,False
5652,32,19,13,-0.00020767370366813961,0.007868599816642122,0.65625,0.59375,0.02117026168966319,0.03561117496482261,0.026556177239439493,-0.006639702160442578,0.08865372176724827,0.09529342392769084,True,False,True,False
5653,32,19,13,-0.0006873171761743076,0.0073889563441359545,0.65625,0.59375,0.022153106863875803,0.03616126259630215,0.027118270989052343,-0.006190836884010911,0.09087675700927882,0.09706759389328973,True,False,True,False
550,32,19,13,0.002305099404151953,-0.00268455658879423,0.40625,0.59375,0.6482464108751497,0.37878654330130845,0.6799422229605364,0.11500799858316736,1.0,0.8849920014168327,True,False,True,False
4292,34,19,15,0.00731817447006341,0.0005850560207396931,0.5,0.5588235294117647,0.8840926222285185,0.13724982712192269,0.8840926222285185,0.6925349278558626,1.0,0.30746507214413743,True,False,True,False
308,35,19,16,0.02037780327632116,0.012330570430547853,0.6285714285714286,0.5428571428571428,0.7400042751607369,0.30139652617832946,0.7406052772786124,0.2315036933848799,1.0,0.7684963066151201,True,False,True,False
3900,36,19,17,0.0018772568416888884,-0.0008509231785861339,0.5555555555555556,0.5277777777777778,-0.04908446412403368,0.04950873661978067,0.05378321469859623,-0.1411330641826821,-0.007460014920783287,0.1336730492618988,True,False,True,False
2332,37,19,18,0.00040897798344531725,0.0006150279862144472,0.5405405405405406,0.5135135135135135,0.16274517745825398,0.4967181223636355,0.41921954421857377,-0.5527888206453817,0.9060645486887039,1.4588533693340855,True,False,True,False
2333,37,19,18,-3.0737647466854804e-06,0.00020297623802244445,0.5405405405405406,0.5135135135135135,0.16181677627042187,0.4948549803442293,0.4168589037581024,-0.5488396658798129,0.903730154255745,1.452569820135558,True,False,True,False
4076,39,19,20,0.008246906388659273,0.005842064693498578,0.6153846153846154,0.48717948717948717,0.3376776277164089,0.6998372033645032,0.7168991562562668,-0.8574848269215422,1.0,1.8574848269215423,True,False,True,False
4858,40,19,21,0.008197490954475825,0.002942659746063836,0.6,0.475,0.19907044102896188,0.33280651271540773,0.332826172636445,-0.2670654522113039,0.5947815819196722,0.8618470341309761,True,False,True,False
1042,41,19,22,-7.607615296608775e-05,-0.009926724668893206,0.43902439024390244,0.4634146341463415,0.8782597003348606,0.1717276117705949,0.8782597003348607,0.5469058328904658,1.0,0.4530941671095342,True,False,True,False
1849,46,19,27,0.01138425446133404,0.005455578514943052,0.5434782608695652,0.41304347826086957,0.27404842865376744,0.4152578834562489,0.4311623552175759,-0.37842583054835455,0.73726033119567,1.1156861617440246,True,False,True,False
5974,51,19,32,0.007135438113794825,-0.0023622910964372504,0.45098039215686275,0.37254901960784315,-0.016172340431301488,0.0602329536509748,0.054356888518485746,-0.09101796939139185,0.07461328994647803,0.16563125933786987,True,False,True,False
5975,51,19,32,0.0067381124796816036,-0.0027596167305504716,0.45098039215686275,0.37254901960784315,-0.01670380823320056,0.05930882150118601,0.05343776548807903,-0.0900618985095188,0.07314411263602445,0.16320601114554326,True,False,True,False
1306,25,18,7,0.014360334095818605,-0.0018168764268600057,0.56,0.72,0.537806932167019,0.33107088466968254,0.5448802892632999,0.09710782115330817,0.9392345799022147,0.8421267587489065,True,False,True,False
1307,25,18,7,0.01378393517558722,-0.00239327534709139,0.56,0.72,0.5371070926022702,0.33168586887392926,0.5437387162620502,0.0943797316940019,0.9396402079179853,0.8452604762239834,True,False,True,False
3053,26,18,8,0.021721499177368285,0.003379990830394475,0.5769230769230769,0.6923076923076923,0.965293859652111,0.03170597644460807,0.965293859652111,0.9217096359833526,1.0,0.07829036401664735,True,True,True,False
1542,27,18,9,0.02602558715257049,0.010949412618995054,0.5555555555555556,0.6666666666666666,0.6507630522412171,0.5478399739946493,0.7963969994854018,-0.3159674866407817,1.0,1.3159674866407818,True,True,True,True
1881,30,18,12,0.013697514169079746,0.013742831186897387,0.5333333333333333,0.6,0.5794956740268234,0.1888352609071078,0.5794956740268236,0.3412742287917813,0.8031736313846513,0.46189940259286993,True,True,True,False
1162,30,18,12,-0.0005307241813092241,-0.0012932859218614313,0.36666666666666664,0.6,0.05547958327030318,0.37295987191820223,0.32903551987918167,-0.3267585588067673,0.5685910811721967,0.895349639978964,True,False,True,False
1044,32,18,14,0.011911561151528572,0.004424659725461189,0.59375,0.5625,0.2235461574266377,0.46228615951145796,0.3934606065943685,-0.22859667957970867,0.8431253110446092,1.0717219906243178,True,False,True,False
3745,34,18,16,0.02117073589571967,0.016646532053775868,0.6764705882352942,0.5294117647058824,0.87501496998222,0.18455757008047524,0.87501496998222,0.5793620765405859,1.0,0.4206379234594141,True,False,True,False
1955,34,18,16,0.005495555103387921,-0.001516037187880312,0.5,0.5294117647058824,0.6519679758776878,0.2788152204432941,0.6650779982537122,0.29569730022483703,0.9280601854554975,0.6323628852306604,True,False,True,False
1980,35,18,17,0.019636834622481173,0.004929906375521677,0.6285714285714286,0.5142857142857142,0.5099011793786873,0.2118461978800362,0.5099011793786873,0.16470668732110758,0.7517178536116829,0.5870111662905753,True,False,True,False
1975,36,18,18,0.026360191251358082,0.009288198408439561,0.6111111111111112,0.5,0.857021120516223,0.1167135422015057,0.8570211205162233,0.7648022940968273,1.0,0.23519770590317268,True,False,True,False
1734,36,18,18,-0.0007677439805074003,-0.001792931058656534,0.5555555555555556,0.5,0.8103937367683858,0.26593838372540113,0.8103937367683857,0.45098521035127265,1.0,0.5490147896487274,True,False,True,False
1735,37,18,19,-0.0013645828424443756,-0.0019708012563862975,0.5135135135135135,0.4864864864864865,0.8112541670584553,0.26401151967157693,0.8112541670584553,0.45861700699957964,1.0,0.5413829930004204,True,False,True,False
586,38,18,20,0.026440833214367514,0.00973333921052838,0.6052631578947368,0.47368421052631576,0.8456414027032957,0.12354951650995544,0.8456414027032956,0.6896428074084394,1.0,0.3103571925915606,True,False,True,False
2952,39,18,21,-0.0012220558914390945,-0.006272206677370886,0.48717948717948717,0.46153846153846156,0.48231546103873124,0.35627584791161776,0.5281988945138162,-0.07462978860774262,0.8865270261963312,0.9611568148040738,True,False,True,False
2767,40,18,22,0.00364664541626121,0.002005736635748123,0.65,0.45,-0.01303172560158088,0.15497225836789102,0.14091747551679373,-0.2207940677948055,0.15335108958148402,0.3741451573762895,True,False,True,False
1883,45,18,27,-0.005263882230605839,0.001886895425096191,0.5777777777777777,0.4,0.6535469942582256,0.1758719910287119,0.6535469942582256,0.37574973082489593,0.8182287429403355,0.4424790121154396,True,False,True,False
5207,24,17,7,0.03730113931904538,0.020166993444685293,0.5416666666666666,0.7083333333333334,0.8639837697560961,0.07545644747688557,0.8639837697560961,0.7883402662229776,0.978061762660945,0.18972149643796743,False,True,False,False
4450,26,17,9,0.0215994417427758,0.015414289270952721,0.6153846153846154,0.6538461538461539,0.9795521049057883,0.040179888446769535,0.9795521049057884,0.9358672614390672,1.0,0.06413273856093282,True,True,True,False
4845,28,17,11,0.012486895580217773,0.00831792801425067,0.5357142857142857,0.6071428571428571,0.9219959622673694,0.0908717102062921,0.9219959622673694,0.8023370067993149,1.0,0.19766299320068514,True,True,True,False
4846,28,17,11,0.012049229572537687,0.007880262006570585,0.5357142857142857,0.6071428571428571,0.9216354641015111,0.09168482036245744,0.9216354641015111,0.7997314611732762,1.0,0.2002685388267238,True,True,True,False
4189,28,17,11,-0.005594540872394689,-0.005572395362817668,0.42857142857142855,0.6071428571428571,0.7749182342008831,0.23126253729757207,0.7815823282115093,0.5686375920869524,0.9680020369460487,0.3993644448590963,True,False,True,False
1781,29,17,12,0.0057646686364500035,-0.0036293731284839158,0.3793103448275862,0.5862068965517241,0.35976078776939063,0.4494312465928764,0.4749021230608094,-0.24805059834333468,0.8969164602170877,1.1449670585604224,True,False,True,False
2494,30,17,13,0.0010624142283493065,0.010191541698492946,0.6333333333333333,0.5666666666666667,0.05396950049393253,0.021910890853119327,0.05396950049393254,0.019122617832447807,0.07747715404706575,0.05835453621461794,True,False,True,False
1643,34,17,17,0.012493623872173147,0.006297882495536282,0.5588235294117647,0.5,0.8650842410157782,0.18657138855215963,0.8650842410157781,0.535747507819019,1.0,0.46425249218098097,True,False,True,False
17,34,17,17,0.0018285270694564288,-0.004187268565165786,0.5294117647058824,0.5,0.6845110005651944,0.34278500143947604,0.6845110005651944,0.17616610863678647,1.0,0.8238338913632135,True,False,True,False
1482,37,17,20,0.0005113099691806174,-0.0031294962256066807,0.5135135135135135,0.4594594594594595,0.888885763428873,0.11991204640751328,0.8888857634288734,0.7300203661916124,1.0,0.26997963380838763,True,False,True,False
1349,37,17,20,-0.003837279414683796,-0.01385367318263143,0.40540540540540543,0.4594594594594595,0.6012593484537111,0.38059403506385964,0.6291268401620103,0.10908660169756004,0.9999999999999996,0.8909133983024395,True,False,True,False
884,38,17,21,0.016909961119917452,0.010301934286494998,0.6578947368421053,0.4473684210526316,0.8121899405282549,0.3166968440610517,0.8190533638251891,0.1063898215102392,1.0,0.8936101784897608,True,False,True,False
1158,38,17,21,0.009591361701320937,0.006558546471181081,0.5,0.4473684210526316,0.4988345106678049,0.3495070246452823,0.5143802585512836,0.027953684351276098,0.9999999999999999,0.9720463156487238,True,False,True,False
1733,38,17,21,0.007647699482959493,-0.000374589789101306,0.631578947368421,0.4473684210526316,0.4886383677170625,0.3407915323933467,0.4886383677170625,0.12487264817111718,0.9315157054042696,0.8066430572331524,True,False,True,False
1040,40,17,23,0.01984036149738071,0.009020257308339044,0.575,0.425,0.391437862646773,0.584386421268462,0.6246905429782437,-0.3895439089838414,1.0,1.3895439089838413,True,False,True,False
3984,40,17,23,0.013729723679211898,0.006402391495092213,0.5,0.425,0.9744696356951232,0.057935178376150635,0.9744696356951232,0.9108838988262331,1.0,0.08911610117376689,True,False,True,False
3985,40,17,23,0.013725660714329907,0.005177694702506575,0.5,0.425,0.969436156995886,0.06558756976005986,0.969436156995886,0.8707553032940472,1.0,0.12924469670595284,True,False,True,False
925,40,17,23,0.006138491996141618,0.0011945543485352955,0.55,0.425,0.43957991947901126,0.6531067031506012,0.7385774995282934,-0.6986773356983819,1.0,1.698677335698382,True,False,True,True
1118,44,17,27,0.0005757363152111889,-0.006613248766879379,0.45454545454545453,0.38636363636363635,0.686827829691817,0.3048641660496063,0.6869455020296927,0.21380334880022756,1.0,0.7861966511997724,True,False,True,False
411,50,17,33,0.014519352204926768,0.0024794999679221986,0.6,0.34,0.2848990876472565,0.5543885553236421,0.5090034217730294,-0.5494672378562665,1.0,1.5494672378562666,True,False,True,False
1721,22,16,6,0.00041711067083694995,0.01812027617561869,0.7727272727272727,0.7272727272727273,0.07788167389004604,0.16614075308849283,0.1399086801207244,-0.08030939164620607,0.299878227833871,0.38018761948007707,False,True,False,False
1000,24,16,8,0.014104394775676377,0.02080723749214393,0.625,0.6666666666666666,0.6205674222797634,0.42950618636720617,0.639517420849056,0.03927326906988827,1.0,0.9607267309301117,False,True,False,False
1888,27,16,11,0.016276197509526157,0.0013846187283708697,0.6296296296296297,0.5925925925925926,0.6170337807684532,0.39074303574991776,0.6447777092623638,0.07259088281444112,0.9943761383415473,0.9217852555271061,True,False,True,False
2000,28,16,12,0.0025020240365906388,0.010111082605814654,0.6071428571428571,0.5714285714285714,-0.002929747311965937,0.18089794105636242,0.162660292318512,-0.17349498029631574,0.25544005260870245,0.4289350329050182,True,False,True,False
1917,29,16,13,0.01620991841519582,0.012530748690354256,0.6551724137931034,0.5517241379310345,0.7032909554887226,0.2066746993003001,0.7032909554887226,0.3813995489290935,0.9204490646190113,0.5390495156899178,True,False,True,False
6868,30,16,14,0.019169325005837103,0.006137184216535,0.6,0.5333333333333333,0.8963883063454255,0.10873033556703647,0.8963883063454257,0.7537788428788669,1.0,0.24622115712113313,True,False,True,False
1626,30,16,14,-0.00671572648538334,-0.0020331143121584167,0.4666666666666667,0.5333333333333333,0.4536019890527999,0.34788048424494683,0.4764630051335752,0.005945365358614896,0.8495254059957329,0.843580040637118,True,False,True,False
83,32,16,16,0.0033155551784844334,-0.004696696493193646,0.53125,0.5,0.577696028310079,0.5539866133182055,0.7336182957456907,-0.4275162776998617,1.0,1.4275162776998618,True,False,True,True
1644,33,16,17,0.010593780895468165,0.003463231375686708,0.5454545454545454,0.48484848484848486,0.8635434824037204,0.18852075002001126,0.8635434824037204,0.5297844133752454,1.0,0.4702155866247546,True,False,True,False
532,34,16,18,-0.003964632114986325,-0.006447938764663789,0.4411764705882353,0.47058823529411764,0.6483263429071381,0.4637031326893976,0.7220970345049507,-0.14738981277129642,1.0,1.1473898127712965,True,False,True,False
1076,36,16,20,0.027920008410712287,0.019352439390386958,0.5555555555555556,0.4444444444444444,0.6413636503745254,0.4680520378587217,0.7297977672812427,-0.17771747022394985,1.0,1.17771747022395,True,False,True,True
4989,38,16,22,0.00214017992193908,0.005080686276198261,0.5526315789473685,0.42105263157894735,-0.10585720094998607,0.15818722757311746,0.18049624237408174,-0.23566767324556973,0.13424958879747614,0.36991726204304587,True,False,True,False
4606,38,16,22,-0.004001361837816645,-0.003661677100852917,0.4473684210526316,0.42105263157894735,0.39606487347282954,0.3541190221307279,0.4136173343528467,-0.02360710928851824,0.9720187036588729,0.9956258129473912,True,False,True,False
4988,39,16,23,0.002317920798487053,0.004363771303414414,0.5128205128205128,0.41025641025641024,-0.10321056288165792,0.15769976891491921,0.17711316821856246,-0.23493700826171285,0.13358275999112693,0.3685197682528398,True,False,True,False
2168,41,16,25,0.004139491455794194,-0.001757253742764088,0.4634146341463415,0.3902439024390244,0.9907966527950521,0.02850811156487954,0.9907966527950521,0.9843545313013066,1.0,0.015645468698693432,True,False,True,False
1475,20,15,5,0.04972788189077892,0.033634098278405945,0.75,0.75,0.9097802252928862,0.08396145169155132,0.9097802252928862,0.7814586395799014,1.0,0.21854136042009864,False,True,False,False
1382,22,15,7,0.03187099348638706,0.020489648999218846,0.6818181818181818,0.6818181818181818,0.36319353364096957,0.531491302341117,0.5672167981585011,-0.39360879168277396,0.9504669738193698,1.3440757655021438,False,True,False,False
4332,23,15,8,0.018123827814750526,0.02011296206492696,0.6086956521739131,0.6521739130434783,0.6629142536281567,0.38842675453074327,0.706173663896838,-0.09090292143454537,0.9907281182961138,1.0816310397306592,False,True,False,False
3492,24,15,9,-0.004548138320662735,-0.005196913930589658,0.4166666666666667,0.625,0.5719716952646777,0.3745133534079585,0.5803128485918105,0.05970650261750807,1.0,0.9402934973824919,False,False,False,False
2668,26,15,11,0.0028540702390006476,0.001127455345989369,0.6538461538461539,0.5769230769230769,0.07309320904239391,0.04265414360872868,0.07761083027571501,0.03611760342677476,0.1205046846199887,0.08438708119321395,True,False,True,False
940,27,15,12,0.01905487347990152,0.004590070334503447,0.5925925925925926,0.5555555555555556,0.8754369660701595,0.12354922317847579,0.8754369660701595,0.6750958063716133,1.0,0.32490419362838674,True,False,True,False
471,28,15,13,0.010317385257324932,0.005375829268652206,0.5357142857142857,0.5357142857142857,0.5400664156793725,0.29814326189726176,0.547090314800253,0.19342619512753123,0.9999999999999998,0.8065738048724685,True,False,True,False
746,28,15,13,0.0037819994996372524,0.002128271438703156,0.5,0.5357142857142857,0.3327360939650517,0.7883572945979239,0.7787286116234157,-1.0,1.0,2.0,True,False,True,True
979,29,15,14,0.00808655903669835,0.005394498034810976,0.6206896551724138,0.5172413793103449,-0.11940029795455256,0.6527191713061031,0.6126674839936593,-0.725797782662567,0.7928841493211508,1.5186819319837177,True,False,True,False
4738,29,15,14,0.00342274698373284,-0.00878915660762804,0.41379310344827586,0.5172413793103449,0.06467606601064754,0.0950962098329388,0.09384390841943115,-0.0805203370777374,0.17920293297624448,0.2597232700539819,True,False,True,False
4739,30,15,15,0.002928462897466603,-0.0076048516000548185,0.43333333333333335,0.5,0.0589443897395312,0.09747494985517843,0.09348956725361221,-0.07956669587741566,0.17813469457450787,0.25770139045192353,True,False,True,False
3834,32,15,17,0.016146492164478995,0.0018188001607775256,0.53125,0.46875,0.8120882493227984,0.23174254969571215,0.8120882493227983,0.6236298842180539,1.0,0.3763701157819461,True,False,True,False
1105,33,15,18,-0.006832333876412708,0.0013404178357226588,0.5757575757575758,0.45454545454545453,0.7724377276093141,0.2819136278557915,0.7724377276093141,0.34283656650741934,1.0,0.6571634334925807,True,False,True,False
591,34,15,19,0.0029313463252374494,-0.0054483181423162315,0.47058823529411764,0.4411764705882353,0.39921035380764286,0.6104592571459937,0.6678437583691501,-0.5715001220626716,0.9999999999999999,1.5715001220626714,True,False,True,False
1884,35,15,20,0.02234247805491409,-0.0027144110019218554,0.5428571428571428,0.42857142857142855,0.10533880284385563,0.4669422890529324,0.41966031836935863,-0.8013342381091965,0.49649229821170554,1.297826536320902,True,False,True,False
4340,36,15,21,0.005016477208187804,0.00016567953272602568,0.6111111111111112,0.4166666666666667,0.0665649254264657,0.15761156058095963,0.15459384695389036,-0.168266440911076,0.22188982596862297,0.39015626687969895,True,False,True,False
688,37,15,22,0.004550319079780129,-0.0028419458724305725,0.5405405405405406,0.40540540540540543,0.5610748219500821,0.3525794342302525,0.5613676471913644,0.05872676120647524,0.9999999999999999,0.9412732387935246,True,False,True,False
3476,38,15,23,0.0044122831455882805,-0.0012307077505008198,0.5263157894736842,0.39473684210526316,0.0943937046005184,0.12815738481168099,0.12671482960256178,-0.0855253486204491,0.2838395120023421,0.36936486062279117,True,False,True,False
1188,42,15,27,0.0122101661265527,0.00451517633971497,0.5238095238095238,0.35714285714285715,0.5256535520642027,0.5642622783028417,0.6963652580447673,-0.4294214420359543,1.0,1.4294214420359543,True,False,True,False
1513,18,14,4,0.05058077329565355,0.04132016115981514,0.7222222222222222,0.7777777777777778,0.9694453183689843,0.03888172572517913,0.9694453183689843,0.9037611848069145,1.0,0.09623881519308553,False,True,False,False
4812,21,14,7,0.07174458724074004,0.03298784780222267,0.7619047619047619,0.6666666666666666,0.6520761660136258,0.2917970528679052,0.6520761660136258,0.21862406589909605,1.0,0.7813759341009039,False,True,False,False
4813,21,14,7,0.06614819476313505,0.03290433747026351,0.7619047619047619,0.6666666666666666,0.6548330524408811,0.2894965841401893,0.6548330524408811,0.22463130995017225,1.0,0.7753686900498278,False,True,False,False
1718,22,14,8,0.035799676147932044,0.016576697656008207,0.6363636363636364,0.6363636363636364,0.5611647502629714,0.3874751951121902,0.6308230560793765,0.09115794242526255,0.9522838567095172,0.8611259142842547,False,True,False,False
1236,22,14,8,0.018227097579952424,0.006985712660165016,0.5909090909090909,0.6363636363636364,0.7117107909478506,0.28407164554222425,0.7119511664637636,0.3319085961400283,1.0,0.6680914038599717,False,True,False,False
1178,25,14,11,0.015040288127148154,0.007895922288248172,0.56,0.56,0.57524522074055,0.29293950812166275,0.5762222066041172,0.18046281714589824,0.9853026541166754,0.8048398369707772,True,False,True,False
1645,25,14,11,0.0205990369443876,0.006671039628638611,0.48,0.56,0.9421821953417958,0.07367685138208924,0.9421821953417958,0.8799731666490612,0.9948722648706252,0.11489909822156397,True,False,True,False
1485,25,14,11,0.0018961203217125711,0.0032774792994721123,0.6,0.56,0.06578391741208688,0.05481449907768619,0.0666983053933286,0.0026964133937993173,0.14163730149812911,0.1389408881043298,True,False,True,False
5189,29,14,15,0.004177146899486937,0.00567547948078306,0.6206896551724138,0.4827586206896552,0.5700128921556098,0.2624808253840511,0.5719551155472775,0.10966122066227867,0.8192910898513179,0.7096298691890393,True,False,True,False
1167,29,14,15,-0.0002994400781531673,0.003387080368246956,0.4827586206896552,0.4827586206896552,0.9531291333759748,0.06541658378548493,0.9531291333759748,0.8817501008275818,1.0,0.11824989917241824,True,False,True,False
5188,30,14,16,0.004261911386624602,0.005412300791641201,0.6333333333333333,0.4666666666666667,0.5646377379417901,0.2737991979403816,0.5709432008653135,0.08660038865919244,0.8187482700268288,0.7321478813676364,True,False,True,False
4686,31,14,17,0.012614071433251177,0.0050088495632446195,0.6774193548387096,0.45161290322580644,0.30488315528973126,0.2757851275985859,0.3778806813544355,-0.22977434313102668,0.575606984027317,0.8053813271583437,True,False,True,False
4951,35,14,21,0.01834496543038209,0.0034082649921044358,0.5714285714285714,0.4,0.05841597073077653,0.4627446270387251,0.42550176462717515,-0.58501884629408,0.6250889235419473,1.2101077698360272,True,False,True,False
5167,35,14,21,0.0013933500978420912,-0.0022335117585514526,0.5142857142857142,0.4,0.10639497720857549,0.06877944420046823,0.10639497720857546,0.04025956758153673,0.20978809595432787,0.16952852837279114,True,False,True,False
2166,36,14,22,0.004384900923311212,0.000424608701924567,0.5555555555555556,0.3888888888888889,0.14420117274704294,0.148085873041023,0.16412277758449215,-0.03150732781520621,0.29752858264907855,0.32903591046428476,True,False,True,False
121,37,14,23,0.005065480180000585,0.0029216420287057304,0.5945945945945946,0.3783783783783784,0.16263899424402847,0.1288681401887405,0.1756444166214844,-0.023915190035983795,0.2980752353085946,0.3219904253445784,True,False,True,False
367,41,14,27,0.00694842815487983,0.0011742925278798463,0.5853658536585366,0.34146341463414637,0.022712578790525035,0.17407669412088225,0.1548166389562923,-0.18704253301660356,0.24831845227317342,0.43536098528977696,True,False,True,False
2061,41,14,27,0.006844098741238667,0.0010699631142386838,0.5853658536585366,0.34146341463414637,0.020564529870293963,0.17213799443332972,0.15332004013594014,-0.18012654559755611,0.24626325965377585,0.42638980525133197,True,False,True,False
5126,44,14,30,0.012055042677249233,0.0037901499923791663,0.5454545454545454,0.3181818181818182,0.20951807063935735,0.40320858416891253,0.33699936109809453,-0.1772227366968948,0.8220706030696762,0.999293339766571,True,False,True,False
1749,15,13,2,0.029267722173073052,0.02807820774073777,0.7333333333333333,0.8666666666666667,0.8180210310663282,0.15788639933462661,0.8180210310663283,0.5510516440861981,0.9952151357920678,0.44416349170586966,False,True,False,False
1696,19,13,6,0.031965362686814956,0.008201358189329142,0.631578947368421,0.6842105263157895,0.6085674928001955,0.3830006160118886,0.6144635125742011,0.11082815163076168,0.9820855952570204,0.8712574436262588,False,True,False,False
2228,21,13,8,0.00206806850019041,-0.005762525464508162,0.3333333333333333,0.6190476190476191,0.005656701112390684,0.04915176205236679,0.02991555787650478,-0.007517688074901657,0.042658899006203954,0.05017658708110561,False,False,False,False
2861,22,13,9,0.010765337647947803,0.005081861071594251,0.5909090909090909,0.5909090909090909,0.7346561405766053,0.3006229043861474,0.7367697608332844,0.3012955309117253,1.0,0.6987044690882747,False,False,False,False
4221,23,13,10,-0.009616125043084352,-0.007069922861035887,0.4782608695652174,0.5652173913043478,0.6202577937690616,0.20143784340969986,0.6202577937690616,0.38859976253232026,0.9465602181424424,0.5579604556101221,False,False,False,False
7137,24,13,11,0.020849171584132877,0.006639940811024221,0.7083333333333334,0.5416666666666666,0.3801448571978373,0.39200794544212353,0.39652343121012007,-0.03469350302618045,0.9999999999999999,1.0346935030261804,False,False,False,False
1638,24,13,11,-0.004274694414607404,-0.0036286760033571223,0.375,0.5416666666666666,0.0022629520363195137,0.3802330425504961,0.3238086547404868,-0.3375723886775686,0.5628792459367212,0.9004516346142899,False,False,False,False
7138,25,13,12,0.015566729211432095,0.001645145310719891,0.64,0.52,0.41081293302943767,0.4027528085132928,0.4248975035343682,-0.02018627076467772,1.0,1.0201862707646778,True,False,True,False
4202,26,13,13,0.0060348919918035105,0.001864473065825959,0.5769230769230769,0.5,0.05187319887102267,0.055528265591820995,0.061928430875291665,-0.016847221724697527,0.11812590185702068,0.1349731235817182,True,False,True,False
508,26,13,13,0.0037502635045388653,0.0017694550942926389,0.5769230769230769,0.5,0.07157800775125238,0.09670451556435754,0.10570916391847159,0.022499599002678828,0.15534268990071398,0.13284309089803514,True,False,True,False
5612,27,13,14,0.026390952079179675,0.010147172244210138,0.6666666666666666,0.48148148148148145,0.15484455549687892,0.3708074503084014,0.3410585960280414,-0.3376011288813363,0.5546037000759487,0.892204828957285,True,False,True,False
507,27,13,14,0.003501101414834042,0.0009817254699338934,0.5555555555555556,0.48148148148148145,0.06593450817785115,0.10045603676232082,0.10633336522872917,-0.04386436745571517,0.1510651555050059,0.19492952296072108,True,False,True,False
5001,28,13,15,0.00643179601445501,0.010437052373066049,0.6428571428571429,0.4642857142857143,0.7274638526039336,0.2677551554896399,0.7274638526039336,0.25120460263953553,0.9630768546181487,0.7118722519786131,True,False,True,False
2602,30,13,17,0.0069956461485098115,-0.007107400623898352,0.6,0.43333333333333335,0.01638064253641656,0.17091583217684977,0.119265852496997,-0.23199447974603005,0.271283980757685,0.503278460503715,True,False,True,False
1725,31,13,18,0.011477454410934826,0.0028874519576332484,0.5483870967741935,0.41935483870967744,-0.1110351310762821,0.7445566012969538,0.7059145408083444,-0.8867196884977904,0.8510192159643499,1.7377389044621403,True,False,True,False
1223,17,12,5,0.025102071230348747,0.015186898693811839,0.6470588235294118,0.7058823529411765,0.8582635257239081,0.14370987839414928,0.8582635257239083,0.6373659111713562,0.9641246502366422,0.32675873906528596,False,True,False,False
1877,18,12,6,0.026251621163220693,0.01134525169220063,0.6666666666666666,0.6666666666666666,0.8686999361395704,0.05765477376496351,0.8686999361395703,0.7968053666215815,0.936923743202539,0.1401183765809575,False,True,False,False
6604,20,12,8,0.011953307664496792,0.005295420421583335,0.6,0.6,0.8449089383804776,0.21956928262565922,0.8449089383804775,0.5442919509560387,1.0,0.45570804904396134,False,True,False,False
6605,20,12,8,0.011575639601304583,0.004917752358391125,0.6,0.6,0.8452479035953065,0.21847966627782137,0.8452479035953065,0.5469765553920392,1.0,0.45302344460796085,False,True,False,False
4824,22,12,10,-0.0019250167620246219,0.009369969222770865,0.7272727272727273,0.5454545454545454,0.03549442657902601,0.13388483003060508,0.11602646187675321,-0.146651583216606,0.23035155290180767,0.3770031361184137,False,False,False,False
4505,22,12,10,0.010393793402106999,0.002507740519343725,0.5,0.5454545454545454,0.5431150302609503,0.29313278933164494,0.5603274276326531,0.18785559617264108,0.8633296561694157,0.6754740599967746,False,False,False,False
3312,22,12,10,0.00023964328518698665,-0.006980143077597473,0.45454545454545453,0.5454545454545454,0.780298485907961,0.15988750302663188,0.7802984859079611,0.5424897190551843,0.913933987991572,0.3714442689363877,False,False,False,False
1070,23,12,11,0.020803590753192075,0.016687706767615836,0.6521739130434783,0.5217391304347826,0.8431351369667431,0.1695126009716372,0.843135136966743,0.6575223021722406,1.0,0.3424776978277594,False,False,False,False
1171,23,12,11,0.021659315225311396,0.012118892861709332,0.6956521739130435,0.5217391304347826,0.8358055617143731,0.1555829337207455,0.8358055617143731,0.609440255918697,1.0,0.390559744081303,False,False,False,False
1628,23,12,11,0.01972522752853777,0.012094430471548597,0.391304347826087,0.5217391304347826,0.9751702563149967,0.038429059019673535,0.9751702563149967,0.9252005080437004,1.0,0.07479949195629965,False,False,False,False
5259,23,12,11,0.012936805809922099,0.006235719345410977,0.5652173913043478,0.5217391304347826,0.6225687038380437,0.38807227942946726,0.6443833334257205,0.04687736846189571,0.9679801693038506,0.9211028008419548,False,False,False,False
1878,23,12,11,0.007604436252274505,0.0018568982845660862,0.5217391304347826,0.5217391304347826,0.1628984041742396,0.4965187329752486,0.4727327227596717,-0.5063835672588429,0.7625553394139915,1.2689389066728345,False,False,False,False
4005,23,12,11,0.002562130177504811,-0.021584951134625146,0.391304347826087,0.5217391304347826,-0.04170015741590958,0.10370015901228359,0.07795461545605448,-0.19765396947205746,0.049518988525446665,0.24717295799750413,False,False,False,False
4006,23,12,11,0.002338877601838852,-0.021808203710291105,0.391304347826087,0.5217391304347826,-0.04229514849997235,0.10446109765806584,0.07831205132727127,-0.20437007748698224,0.048918272920272565,0.25328835040725484,False,False,False,False
294,26,12,14,-0.0005875813134779866,-0.007693000302253928,0.4230769230769231,0.46153846153846156,0.6869894204653465,0.28697397062873364,0.6869894204653466,0.3676967124994676,1.0,0.6323032875005323,True,False,True,False
1790,27,12,15,-0.005119806740168925,-0.011212749154801539,0.3333333333333333,0.4444444444444444,0.9427348433710753,0.12453268142352833,0.9427348433710753,0.7628817801054332,1.0,0.23711821989456683,True,False,True,False
4361,28,12,16,0.0011459806816898105,-0.0020957746082712375,0.5357142857142857,0.42857142857142855,0.0890503830412423,0.08130231629351893,0.09892028226067685,-0.023767878104104856,0.16467374759350226,0.1884416256976071,True,False,True,False
4362,28,12,16,-0.000179540412969014,-0.004642732887015729,0.5357142857142857,0.42857142857142855,0.0880836678462501,0.07670966715292565,0.0943162738498214,-0.00996842395546141,0.16449137719953527,0.17445980115499668,True,False,True,False
894,31,12,19,0.006808677542583626,-0.004164532577877709,0.41935483870967744,0.3870967741935484,0.007048330839593029,0.15380750190490125,0.1303635807475981,-0.2257176944541945,0.158640648186943,0.38435834264113755,True,False,True,False
1048,32,12,20,0.011700569154036344,0.003634541101856268,0.5625,0.375,0.2964096034497337,0.6992760314408732,0.6826432604711152,-0.6713261879340483,1.0,1.6713261879340484,True,False,True,False
5053,35,12,23,0.014830534793973097,0.0010275988328673571,0.5142857142857142,0.34285714285714286,-0.06763051665672572,0.2809455117499204,0.2412011719887922,-0.45583191695789627,0.2143717722937561,0.6702036892516523,True,False,True,False
594,36,12,24,-0.009869813526075775,-0.008094871966146368,0.5,0.3333333333333333,0.7391838841326621,0.25085154949204624,0.7397555712226004,0.41688945402763755,1.0,0.5831105459723624,True,False,True,False
4236,38,12,26,-0.0057324594153964625,0.0021806729436474968,0.6052631578947368,0.3157894736842105,0.6377322189890676,0.16992355003447865,0.6377322189890676,0.3603639688575674,0.8059129868634375,0.4455490180058701,True,False,True,False
1195,13,11,2,-0.010899995191369024,-0.01317043696493899,0.3076923076923077,0.8461538461538461,0.6418435797626715,0.24563500749735545,0.6418435797626716,0.39682858253491826,0.9207104145964284,0.5238818320615102,False,False,False,False
2556,15,11,4,0.03242358154768043,0.013043057525656354,0.7333333333333333,0.7333333333333333,0.6467257301279361,0.27329948334262677,0.6467953714076758,0.21044179618868009,0.9119201372683198,0.7014783410796397,False,True,False,False
39,19,11,8,0.015591196136231623,0.02966555654003435,0.6842105263157895,0.5789473684210527,0.809541328373619,0.1794505824970651,0.8095413283736191,0.6210581686069473,1.0,0.3789418313930527,False,False,False,False
5927,19,11,8,0.05402926367100616,0.019593312340605358,0.5789473684210527,0.5789473684210527,0.8406539802929164,0.16105720173726537,0.8406539802929164,0.6044314372757127,1.0,0.3955685627242873,False,False,False,False
5928,19,11,8,0.05344909108209808,0.01901313975169728,0.5789473684210527,0.5789473684210527,0.8410544643375522,0.16003835834438818,0.8410544643375522,0.607611461305085,1.0,0.39238853869491497,False,False,False,False
2227,19,11,8,0.0013435086700880456,-0.005087135718185631,0.3157894736842105,0.5789473684210527,0.00805165243476705,0.048009408785482086,0.02685118730720831,-0.008218246082285148,0.04316488853464076,0.05138313461692591,False,False,False,False
6,20,11,9,0.02347039520501084,0.007971550268756488,0.6,0.55,0.6681142726367345,0.33610911776176106,0.7016540947550686,0.28582280361008167,0.9855130060297315,0.6996902024196499,False,False,False,False
4065,20,11,9,0.00675323227433432,0.003959620596277835,0.5,0.55,0.877927204037406,0.09311576949216395,0.877927204037406,0.8344841391551425,0.9863429129062564,0.1518587737511139,False,False,False,False
4823,21,11,10,-0.0014830292593147238,0.008941354479344854,0.7142857142857143,0.5238095238095238,0.03480277349202506,0.1338253877228001,0.11601650108128404,-0.14775823193511575,0.22923414050326452,0.37699237243838024,False,False,False,False
4233,21,11,10,0.024464535104162636,0.0038137130516408095,0.6666666666666666,0.5238095238095238,0.5706750197549286,0.4008200176599908,0.6018699089532711,0.06022866692604513,0.9999999999999998,0.9397713330739547,False,False,False,False
1736,22,11,11,0.01789495152835652,0.013491966479343899,0.5454545454545454,0.5,0.4241440612670647,0.2966941757244684,0.44386619439990926,0.023767834451097102,0.7565601070730636,0.7327922726219666,False,False,False,False
551,23,11,12,0.0006966032966376285,0.006249434568212852,0.4782608695652174,0.4782608695652174,0.6771872236969205,0.30105896864915094,0.6771872236969204,0.197369211947196,1.0,0.802630788052804,False,False,False,False
1473,25,11,14,0.012473605534661978,0.004897339576935282,0.48,0.44,0.34836235948375444,0.38650934161188266,0.44414031414899924,-0.17689047071451763,0.9216602702395689,1.0985507409540864,True,False,True,False
7133,25,11,14,0.01301413638365486,0.003558566699389347,0.52,0.44,0.2579969495037508,0.4156330069898899,0.3745213352678102,-0.19286612784640478,0.8299150142526572,1.022781142099062,True,False,True,False
7134,25,11,14,0.012608491767673029,0.003152922083407517,0.44,0.44,0.2567960593580663,0.41564130620787176,0.3731163548947678,-0.19284478168118727,0.8297780408128744,1.0226228224940617,True,False,True,False
4350,25,11,14,0.013113981299389557,0.0007045123866797099,0.44,0.44,0.6592846205671248,0.3444699440399282,0.6839642164408164,0.1625323440167427,0.9256553323751031,0.7631229883583603,True,False,True,False
110,25,11,14,0.009643212005037736,0.00020909715004984619,0.56,0.44,0.11141719940763276,0.06708120383185198,0.11477022545137745,0.036068704716327143,0.19081120351817904,0.1547424988018519,True,False,True,False
2513,25,11,14,0.009563795938532843,0.00012968108354495468,0.56,0.44,0.11139849235029003,0.06742183789000034,0.1147900709393203,0.036736684164993566,0.1912684225567261,0.15453173839173254,True,False,True,False
2792,25,11,14,0.0038559025807227386,-1.2281849348356744e-05,0.6,0.44,0.06463819631852297,0.07344157264716093,0.08445196857090607,-0.027320428747303366,0.14260210370931858,0.16992253245662195,True,False,True,False
2793,25,11,14,0.004092766163236279,-0.0022505563291805907,0.56,0.44,0.06144647134227087,0.07642272391270301,0.08484248180449637,-0.04827850553222699,0.14285294389015984,0.19113144942238683,True,False,True,False
4258,26,11,15,0.0033656165889687315,0.002258597295884124,0.6153846153846154,0.4230769230769231,0.03246893683959952,0.18156499023163175,0.178244901671032,-0.20743644185376517,0.20223397208008684,0.409670413933852,True,False,True,False
4259,26,11,15,0.0032882422529627244,0.002181222959878117,0.6153846153846154,0.4230769230769231,0.03223970656433416,0.18109588807568933,0.17767227605745717,-0.2078674541548212,0.2010809830111856,0.4089484371660068,True,False,True,False
4112,27,11,16,0.0062244379118930266,-0.0030903549588286636,0.5555555555555556,0.4074074074074074,0.3818796096599323,0.37828858900867196,0.4285914939566613,-0.09263159742598563,1.0,1.0926315974259857,True,False,True,False
2783,27,11,16,0.004940318422098962,-0.011952330788517894,0.5555555555555556,0.4074074074074074,0.16631987776081317,0.10231069281746216,0.16652661065749738,0.030206096339089463,0.29746577061328533,0.2672596742741959,True,False,True,False
2784,27,11,16,0.004625324854393775,-0.012267324356223082,0.5555555555555556,0.4074074074074074,0.16587237914629507,0.1020055929122424,0.1660812690116375,0.029912905227665862,0.2979249850857209,0.26801207985805503,True,False,True,False
828,28,11,17,0.004308761397488683,0.007934597160108251,0.6428571428571429,0.39285714285714285,0.9265399276353781,0.11924822270021171,0.9265399276353781,0.8304462953911962,1.0,0.1695537046088038,True,False,True,False
4769,29,11,18,0.01848820435637492,0.006765632139808895,0.6896551724137931,0.3793103448275862,0.09189706465402787,0.19672053606050707,0.18911833049419982,-0.18452785992292575,0.3212030714865698,0.5057309314094955,True,False,True,False
5968,30,11,19,-0.005465131437704411,-0.013182668603315854,0.4,0.36666666666666664,0.8452881406546865,0.1941367071398283,0.8452881406546865,0.46684393207689223,1.0,0.5331560679231078,True,False,True,False
5969,30,11,19,-0.006030982858386184,-0.013748520023997627,0.4,0.36666666666666664,0.8451738271528875,0.19539232502082415,0.8451738271528876,0.46211833578732153,1.0,0.5378816642126785,True,False,True,False
4959,32,11,21,0.020197524274878243,0.01631349184326512,0.65625,0.34375,0.5524540029417143,0.3305206326833615,0.5738664968619338,0.016788156313370967,0.8315071912447651,0.8147190349313942,True,False,True,False
4250,36,11,25,0.007507521099726732,0.0023917936842118414,0.5555555555555556,0.3055555555555556,0.5667705097675493,0.19713597104070543,0.5667705097675492,0.3045141891514504,0.8184508956894377,0.5139367065379874,True,False,True,False
4784,12,10,2,0.05169767423252136,0.060351487209514394,1.0,0.8333333333333334,0.6667966884567886,0.32819715268920213,0.6667966884567886,0.17997601626783663,0.9999999999999999,0.8200239837321632,False,True,False,False
4995,14,10,4,0.00801299184721273,-0.0008039772812546102,0.5714285714285714,0.7142857142857143,0.7908010556554207,0.2264588672826416,0.7908010556554207,0.5249602805912719,1.0,0.47503971940872813,False,False,False,False
5877,14,10,4,-0.008059684021729106,-0.0013731724239070067,0.35714285714285715,0.7142857142857143,0.33721229437749234,0.2604823867754556,0.33721229437749234,0.04593247443142325,0.7009419160809511,0.6550094416495279,False,False,False,False
3190,16,10,6,-0.004261598944060682,-0.006126012877153676,0.5,0.625,0.751766707922326,0.3062122833793327,0.7605447486118208,0.4204986904644249,1.0,0.5795013095355751,False,False,False,False
3191,16,10,6,-0.004800023721236196,-0.00666443765432919,0.5,0.625,0.7515052050434632,0.3067456542031674,0.7605034146447541,0.4191301760401141,1.0,0.580869823959886,False,False,False,False
1707,17,10,7,0.0047789305566060735,0.008549067980937176,0.5882352941176471,0.5882352941176471,0.8865715705473513,0.15449961882006263,0.8865715705473513,0.7506641708960354,1.0,0.24933582910396457,False,False,False,False
4785,17,10,7,0.013324855475816529,0.004647896156427702,0.47058823529411764,0.5882352941176471,0.8626783807448779,0.08416967940007415,0.8626783807448781,0.8035983813774638,0.912977251794785,0.1093788704173212,False,False,False,False
4352,17,10,7,0.008104949349750826,-0.007204337434340882,0.29411764705882354,0.5882352941176471,0.746231253022215,0.188983178332371,0.746231253022215,0.48344614959928145,0.9745377832872438,0.4910916336879624,False,False,False,False
1685,17,10,7,-0.025830388149818875,-0.012326195245184843,0.4117647058823529,0.5882352941176471,0.5303397470822242,0.739376177053476,0.8636207973865702,-0.636742226950754,1.0,1.636742226950754,False,False,False,False
4442,19,10,9,0.004470832622090908,0.005194799243553588,0.631578947368421,0.5263157894736842,-0.08012972317525482,0.08893094913950446,0.116052365603713,-0.1352277886292493,0.08272982190907552,0.21795761053832483,False,False,False,False
4455,19,10,9,0.004444705572817801,0.005168672194280481,0.631578947368421,0.5263157894736842,-0.07993244159469774,0.08900990768074861,0.11597263004820799,-0.13519961434203837,0.08295324996586463,0.21815286430790298,False,False,False,False
4710,20,10,10,-0.0004954085836772704,0.005303184174776415,0.65,0.5,0.07123750088748365,0.051642462250544176,0.07123750088748365,0.015740206305759157,0.1530609595288831,0.13732075322312395,False,False,False,False
3751,20,10,10,0.0021129957383983432,0.0024442279025620626,0.5,0.5,0.8752877836666624,0.05019249163041516,0.8752877836666624,0.8192443041243694,0.9180579417113759,0.09881363758700645,False,False,False,False
2425,21,10,11,0.004466921806033618,0.00562229073554623,0.6666666666666666,0.47619047619047616,0.14314502607929974,0.0436361407800437,0.14314502607929974,0.09442662430755823,0.21429691877463444,0.11987029446707621,False,False,False,False
4760,27,10,17,0.005572644313929125,-0.002607500269065553,0.5185185185185185,0.37037037037037035,0.22617166114108944,0.13532933154704951,0.24650573034175582,-0.039957277887671644,0.36714221172446276,0.4070994896121344,True,False,True,False
4761,27,10,17,0.005464207184442047,-0.002715937398552631,0.5185185185185185,0.37037037037037035,0.22588714112812,0.13512854863529952,0.246202030115986,-0.04033940148348319,0.3672101854834577,0.4075495869669409,True,False,True,False
4278,31,10,21,0.0036318509232210615,-0.014042157374142447,0.41935483870967744,0.3225806451612903,0.06289643142836943,0.17157699588580455,0.17247980952723857,-0.2008928721262731,0.23195896387732837,0.43285183600360144,True,False,True,False
4484,34,10,24,0.01568410885757661,-0.0007464915745387527,0.5588235294117647,0.29411764705882354,-0.07097655423558873,0.34537517501768555,0.2983712010372951,-0.5885284158717546,0.24846454051359515,0.8369929563853498,True,False,True,False
4485,34,10,24,0.015227475436514527,-0.0012031249956008336,0.5294117647058824,0.29411764705882354,-0.07425887170694455,0.34405380986130896,0.2964042951392307,-0.586990290620638,0.2485295394066389,0.8355198300272769,True,False,True,False
4997,11,9,2,0.07189256191925451,0.0458827871172091,0.8181818181818182,0.8181818181818182,0.7806034024970704,0.17927713200257772,0.7806034024970704,0.565256727134621,1.0,0.43474327286537895,False,True,False,False
5310,12,9,3,0.06088233080369527,0.03964970092983685,0.9166666666666666,0.75,0.9997528845364082,0.0008560330765533778,0.9997528845364082,0.9999999999999996,1.0,4.440892098500626e-16,False,True,False,False
2595,13,9,4,0.02269246144221228,0.03103533857286555,0.6923076923076923,0.6923076923076923,0.7268947415320067,0.1595674921485968,0.7268947415320066,0.47642274931459133,0.9145238930623657,0.43810114374777437,False,True,False,False
5876,13,9,4,-0.0074574086094056575,-0.0002871299222104888,0.46153846153846156,0.6923076923076923,0.3372523428906097,0.2622928202520498,0.33725234289060974,0.043393129470393796,0.7031981236248037,0.65980499415441,False,False,False,False
5240,13,9,4,0.01010363915969616,-0.0017666798082366375,0.5384615384615384,0.6923076923076923,0.9340074683161195,0.08021767299581534,0.9340074683161196,0.9311847615150075,0.979521816029947,0.048337054514939526,False,False,False,False
5239,13,9,4,0.00987717872737624,-0.0019931402405565578,0.5384615384615384,0.6923076923076923,0.9337410840135189,0.07938054064702137,0.9337410840135186,0.9304490094809538,0.978802940956203,0.048353931475249246,False,False,False,False
1956,14,9,5,0.03913812778491855,0.02648336264205898,0.5714285714285714,0.6428571428571429,0.9999999999999999,1.6582024504733824e-16,1.0,0.9999999999999997,1.0,3.3306690738754696e-16,False,True,False,False
1404,14,9,5,0.025649147809472608,0.023536176781098334,0.6428571428571429,0.6428571428571429,0.5541233356335222,0.3772745385540997,0.556766060808557,0.0862252956096684,1.0,0.9137747043903316,False,True,False,False
4757,16,9,7,0.002239728630383471,0.008247796877549549,0.625,0.5625,-0.10048001884902175,0.11302348901154255,0.1334531248797116,-0.196867089050987,0.030366845619112563,0.22723393467009956,False,False,False,False
4703,16,9,7,0.01932046745077514,0.005945466842900336,0.6875,0.5625,0.36558222037427324,0.3639671180791813,0.3939965589376206,-0.018406376952139137,0.7754460308086791,0.7938524077608182,False,False,False,False
3822,16,9,7,0.03197188909898226,-0.0029018631558311303,0.5,0.5625,0.757039069945745,0.17752698994584512,0.757039069945745,0.5724553197533234,1.0,0.4275446802466766,False,False,False,False
3823,16,9,7,0.03164910569967138,-0.0032246465551420134,0.5,0.5625,0.7566530919991402,0.17776057262386544,0.7566530919991403,0.572275358592217,1.0,0.427724641407783,False,False,False,False
3956,17,9,8,0.03356346981766618,0.023810055218521368,0.8235294117647058,0.5294117647058824,0.6414318557094124,0.4772198576943214,0.7883969314512355,0.22393334607113602,0.8423657384782473,0.6184323924071112,False,False,False,False
4756,17,9,8,0.0029641896796753905,0.007386866660473096,0.5882352941176471,0.5294117647058824,-0.0967834753731066,0.11080735088048176,0.12776242717368794,-0.19705769084391056,0.029002289331544088,0.22605998017545464,False,False,False,False
7130,17,9,8,0.027812576002253085,0.0022897193875798054,0.5294117647058824,0.5294117647058824,0.8773315814344187,0.22717995506528516,0.8773315814344185,0.5058004531330029,1.0,0.4941995468669971,False,False,False,False
1764,17,9,8,-0.0019921722730579304,-0.008012124950552571,0.4117647058823529,0.5294117647058824,0.2512147947150833,0.7629478573706651,0.7765353895603891,-0.7537846950868857,0.9383508636703458,1.6921355587572315,False,False,False,False
6926,19,9,10,-0.010737395832701776,-0.0250207623572726,0.3684210526315789,0.47368421052631576,0.37752385552078094,0.812242695268271,0.8589802292388207,-0.671612977486334,1.0,1.671612977486334,False,False,False,False
1678,20,9,11,0.036143885694290126,0.01766094941779418,0.7,0.45,0.3086358227891653,0.5155185866782416,0.5500749642786454,-0.41608399638080124,0.8834276844526828,1.2995116808334841,False,False,False,False
1719,20,9,11,0.037677913778524884,0.016786159357833935,0.5,0.45,0.4902434965943288,0.3371330280229689,0.5076546510230293,-0.015187905689892756,0.8729056526578022,0.888093558347695,False,False,False,False
4272,20,9,11,0.005731343096777664,-0.008612667556587711,0.45,0.45,0.6312019120578102,0.3673766665004165,0.649373783210553,0.007312434924141347,0.9066800760425316,0.8993676411183903,False,False,False,False
4273,20,9,11,0.0055973809203085255,-0.008746629733056848,0.45,0.45,0.6310959931613079,0.36793838780574967,0.6494963814781407,0.0068561604754074235,0.9072194484879068,0.9003632880124994,False,False,False,False
4937,24,9,15,0.006932947884948591,-0.004273103286694821,0.5,0.375,0.20196764547607315,0.18030437014843795,0.20476562496705372,0.048642433451739624,0.4794620688504979,0.4308196353987583,False,False,False,False
4936,25,9,16,0.004436974025635667,-0.004795004330189094,0.48,0.36,0.20500970561192472,0.1822822678644246,0.2072122952110041,0.04776968884903554,0.48372511334640006,0.4359554244973645,True,False,True,False
5105,27,9,18,0.02128890221939747,0.008581816981558252,0.5555555555555556,0.3333333333333333,0.41526957901931666,0.5071741681946734,0.5432497204550104,-0.2709878756496156,1.0,1.2709878756496156,True,False,True,False
3232,27,9,18,0.0004917555341403525,-0.007653511345989395,0.4074074074074074,0.3333333333333333,-0.8713342932014058,0.1353822356672598,0.8713342932014058,-1.0,-0.677990569312133,0.322009430687867,True,False,True,False
3233,27,9,18,-1.1120001896830695e-05,-0.008156386882026578,0.4074074074074074,0.3333333333333333,-0.873332061218571,0.13407200864801655,0.873332061218571,-1.0,-0.6789231204391224,0.3210768795608776,True,False,True,False
1193,28,9,19,0.0024583157069777034,-0.002276191051218857,0.42857142857142855,0.32142857142857145,0.6765370518548351,0.33950212266757335,0.693268965037812,0.08482843574329162,0.9999999999999997,0.9151715642567081,True,False,True,False
2692,12,8,4,0.043465091763507956,0.029939497115375347,0.75,0.6666666666666666,0.9561329243921165,0.033737292406652415,0.9561329243921165,0.9063899895614225,0.9987173669627492,0.09232737740132668,False,True,False,False
5826,12,8,4,0.018072331021758214,0.007350124126377773,0.5833333333333334,0.6666666666666666,0.7689062747384257,0.2744451203529482,0.7696256377763624,0.32533414935300925,0.9697689223428182,0.644434772989809,False,True,False,False
6675,13,8,5,-0.003317335913296492,-0.013279828598501008,0.3076923076923077,0.6153846153846154,-0.3169384735315586,0.14909108557808862,0.3169384735315586,-0.40239829417277106,-0.08281741073204285,0.3195808834407282,False,False,False,False
6676,13,8,5,-0.0039848431624846655,-0.013947335847689181,0.3076923076923077,0.6153846153846154,-0.319382729772719,0.14723496611364822,0.319382729772719,-0.40709565137645776,-0.08837956817512556,0.3187160832013322,False,False,False,False
6671,13,8,5,-0.019030849981330516,-0.016201336232816603,0.3076923076923077,0.6153846153846154,0.713316268259346,0.3965231964124612,0.7133162682593459,0.07023524837722367,1.0,0.9297647516227763,False,False,False,False
127,15,8,7,0.030214928640267483,0.008325733913074732,0.6,0.5333333333333333,0.7668365584160423,0.26664209516513065,0.7668365584160423,0.35669227009457377,1.0,0.6433077299054262,False,False,False,False
5096,15,8,7,0.020903737335073145,-0.0003251648651530233,0.3333333333333333,0.5333333333333333,0.3852226030390101,0.19826305890499402,0.3852226030390101,0.18600171993452397,0.7076992131425976,0.5216974932080737,False,False,False,False
1547,16,8,8,0.0033755055125677252,0.012561297046515346,0.5625,0.5,0.013139630287023776,0.033919200182488785,0.028125698155841043,-0.02400129114270122,0.055824247450801806,0.07982553859350303,False,False,False,False
960,17,8,9,0.013956017216028786,0.010489255815209386,0.47058823529411764,0.47058823529411764,0.9588815464878703,0.04749311232512685,0.95888154648787,0.8863450782853545,1.0,0.11365492171464553,False,False,False,False
2387,17,8,9,0.0060983951698046395,-0.0035012089047769895,0.5882352941176471,0.47058823529411764,-0.5091133035725814,0.5873373558350843,0.6742544382042572,-1.0,0.2228401431160554,1.2228401431160554,False,False,False,False
1825,18,8,10,0.01093046714955203,0.007641667211074393,0.3888888888888889,0.4444444444444444,0.5773803081937475,0.2468028277545183,0.5773803081937475,0.28800681272002693,0.9037909551068091,0.6157841423867821,False,False,False,False
66,19,8,11,0.031880152928136306,0.014081813036777626,0.6842105263157895,0.42105263157894735,0.3884776346443362,0.31137864114815733,0.3967153276916303,0.06976425609313047,0.8668054074748186,0.7970411513816882,False,False,False,False
4868,21,8,13,0.012366679576767589,0.004170761564364752,0.5238095238095238,0.38095238095238093,0.5256470583692066,0.5429347228340845,0.7122264497513635,-0.374691789666834,0.9579812234232329,1.3326730130900668,False,False,False,False
646,23,8,15,0.01691592001037942,0.00016070995461626568,0.5652173913043478,0.34782608695652173,0.24543734074645976,0.6924858998260527,0.6383694961417501,-0.7788477370226862,1.0,1.7788477370226863,False,False,False,False
3416,24,8,16,0.015239390260021565,0.001618988539176261,0.5,0.3333333333333333,0.2869970128036202,0.4144214522637816,0.36767489668194153,-0.15973547578381547,0.8701478061047592,1.0298832818885746,False,False,False,False
5104,26,8,18,0.022410026181086725,0.010019729329526623,0.5769230769230769,0.3076923076923077,0.4048793959968503,0.5107028983461046,0.535902299669712,-0.27763642279200457,1.0,1.2776364227920045,True,False,True,False
761,28,8,20,0.011715232781756794,-0.0025952583764413473,0.5357142857142857,0.2857142857142857,0.5141397391551824,0.40474332137847524,0.5515950053598925,-0.08572992320291171,1.0,1.0857299232029116,True,False,True,False
4720,30,8,22,0.008357454251215016,-0.009140979936949364,0.4666666666666667,0.26666666666666666,0.018387456393429737,0.06784228763014825,0.058577826831621355,-0.06203554436002013,0.07187195689344009,0.1339075012534602,True,False,True,False
4721,30,8,22,0.008112965171104805,-0.009385469017059575,0.4666666666666667,0.26666666666666666,0.017057653472482916,0.066567435308822,0.05661644397918828,-0.06037646306973679,0.06837900178466566,0.12875546485440245,True,False,True,False
1558,9,7,2,0.008812329584316955,0.009007635568517889,0.4444444444444444,0.7777777777777778,0.3785263733046966,0.3993961390728144,0.4739860502309196,-0.20839466854648647,0.6983697083719835,0.90676437691847,False,False,False,False
1559,9,7,2,0.008583038441363445,0.00877834442556438,0.4444444444444444,0.7777777777777778,0.37782694933462174,0.39966179022319853,0.47343379879666025,-0.2090323443036744,0.6964951205985694,0.9055274649022438,False,False,False,False
4225,10,7,3,0.007052586440292397,0.008235019129497567,0.5,0.7,0.10628704708349405,0.054382533490525006,0.10628704708349405,0.0232312072111989,0.16505359428781743,0.14182238707661854,False,True,False,False
4226,10,7,3,0.006962922343924649,0.00814535503312982,0.5,0.7,0.10643878884264568,0.054359251897120715,0.10643878884264565,0.023460196499071752,0.1650249450935038,0.14156474859443205,False,True,False,False
4374,12,7,5,0.016324277597851256,0.0038806077067134828,0.4166666666666667,0.5833333333333334,0.42611704668190326,0.5122529819805893,0.5176416531710134,-0.15817526170507265,0.9980856276546722,1.1562608893597448,False,False,False,False
4375,12,7,5,0.016131657856914994,0.003687987965777221,0.4166666666666667,0.5833333333333334,0.42431463278748704,0.5139032804816767,0.5183545025576622,-0.16282907470256333,0.9979971077116143,1.1608261824141777,False,False,False,False
5955,12,7,5,0.004784326363032156,-0.008473176808743535,0.3333333333333333,0.5833333333333334,-0.040247060922622466,0.22194557324137032,0.17424383548525357,-0.17011544991568053,0.25688057446374357,0.4269960243794241,False,False,False,False
5956,12,7,5,0.004318917244522241,-0.008938585927253448,0.3333333333333333,0.5833333333333334,-0.04134115788145978,0.21882762480610501,0.17310777124580598,-0.16893956686770606,0.2516865095641499,0.42062607643185596,False,False,False,False
5029,12,7,5,-0.01893093007132632,-0.014326322220323632,0.4166666666666667,0.5833333333333334,0.9495124909544684,0.054336615784714,0.9495124909544684,0.8602264623882624,1.0,0.1397735376117376,False,False,False,False
5095,13,7,6,0.0247579776487512,-8.435138294444926e-05,0.3076923076923077,0.5384615384615384,0.38818158517102097,0.19774072546703833,0.38818158517102097,0.19217863409363908,0.7175807454062767,0.5254021113126376,False,False,False,False
5041,13,7,6,0.00541098170696595,-0.007311013486838346,0.46153846153846156,0.5384615384615384,0.5446359363799843,0.18208529415959576,0.5446359363799842,0.3577028551569139,0.8686255794952672,0.5109227243383533,False,False,False,False
5042,13,7,6,0.005001110115265734,-0.007720885078538562,0.46153846153846156,0.5384615384615384,0.5441388265551588,0.18141038146737076,0.5441388265551588,0.3573586433172579,0.8682804236864105,0.5109217803691526,False,False,False,False
2923,14,7,7,0.0031630349898845484,0.013214243561301242,0.5714285714285714,0.5,0.013345027154731643,0.03532080199560149,0.028482179369350588,-0.025592877885337803,0.057551163188570946,0.08314404107390874,False,False,False,False
639,14,7,7,0.0021877441050730767,-0.004516257218073162,0.42857142857142855,0.5,-0.039391677363182935,0.02257781970646419,0.039391677363182935,-0.06749501000369051,-0.01911025030276423,0.04838475970092629,False,False,False,False
3813,17,7,10,0.0033520081761703965,0.014023708186824054,0.7647058823529411,0.4117647058823529,0.0558562290722951,0.03445389939425751,0.05870453123241856,0.00476872164577612,0.08337475925768374,0.07860603761190763,False,False,False,False
5523,17,7,10,0.0019023366212370075,0.009930549212683763,0.7058823529411765,0.4117647058823529,0.06093600286596196,0.035264220599962565,0.06093600286596195,0.009017122080297655,0.1014585420949146,0.09244142001461694,False,False,False,False
5524,17,7,10,0.0016589049738620926,0.009687117565308849,0.7058823529411765,0.4117647058823529,0.06133103933401881,0.03520259107616833,0.06133103933401881,0.009486561364702476,0.1019647760463635,0.09247821468166102,False,False,False,False
4434,18,7,11,0.006370321907074903,0.010916252810676918,0.6666666666666666,0.3888888888888889,0.7544832723565028,0.13990351807144089,0.7544832723565028,0.5775164321493128,0.9157729229731328,0.33825649082382003,False,False,False,False
4435,18,7,11,0.005966838969355083,0.010512769872957097,0.6666666666666666,0.3888888888888889,0.7543911509234864,0.1394627859029919,0.7543911509234864,0.5772101656597419,0.9155417493980382,0.3383315837382963,False,False,False,False
5004,22,7,15,0.007792908457705658,0.0022960618778645244,0.5,0.3181818181818182,0.612287914454841,0.4803399987243347,0.7403856863591022,-0.3290633900717244,0.9704442616527884,1.2995076517245128,False,False,False,False
3697,24,7,17,0.005076769787137887,-0.011281912381556158,0.375,0.2916666666666667,0.12684391146096785,0.02919032344681279,0.12684391146096785,0.1069250326219681,0.15351358006079943,0.046588547438831326,False,False,False,False
2331,24,7,17,0.010741926856801517,-0.012868274277673508,0.4166666666666667,0.2916666666666667,0.1430140917882111,0.09033438830875425,0.15622426220977353,0.02064865060634613,0.22531165168222236,0.20466300107587623,False,False,False,False
6251,8,6,2,0.03378137881765801,0.030119423712343413,0.5,0.75,0.9426790355140452,0.04345086152678358,0.9426790355140452,0.9119229114266536,0.9921340093823244,0.08021109795567083,False,False,False,False
5495,9,6,3,0.049785892389568195,0.03380973188496,0.8888888888888888,0.6666666666666666,0.9178617124590601,0.03453026265057695,0.9178617124590601,0.8800731547154353,0.9604413391018733,0.080368184386438,False,False,False,False
5496,9,6,3,0.04887321833765025,0.03289705783304205,0.8888888888888888,0.6666666666666666,0.9165017006644821,0.034185755958313364,0.9165017006644821,0.8787831280471248,0.9586058711966751,0.07982274314955029,False,False,False,False
932,9,6,3,-0.0016592180348681633,0.013520325184610906,0.6666666666666666,0.6666666666666666,0.12778232517067634,0.020998475524715933,0.12778232517067634,0.10435597444299176,0.15784709471595368,0.05349112027296192,False,False,False,False
933,9,6,3,-0.0020011728580456114,0.013178370361433458,0.6666666666666666,0.6666666666666666,0.1286786083879782,0.021272174579941128,0.1286786083879782,0.1054768679571458,0.15945853741924543,0.05398166946209963,False,False,False,False
4616,9,6,3,0.02375921071077785,-0.011449379948335146,0.1111111111111111,0.6666666666666666,0.8893262757555724,0.15483977726447465,0.8893262757555725,0.6643191473545701,1.0,0.3356808526454299,False,False,False,False
5763,9,6,3,0.023117792565292967,-0.012090798093820028,0.1111111111111111,0.6666666666666666,0.8884046519834545,0.1550487135167001,0.8884046519834546,0.6630992000279399,1.0,0.3369007999720601,False,False,False,False
2593,10,6,4,0.010775973025590602,0.008710580377052957,0.6,0.6,0.39039273730745705,0.21278802291278018,0.39566025501306573,0.18601415443713043,0.7828679183153429,0.5968537638782124,False,True,False,False
4913,10,6,4,0.004806772464774877,-0.00363861931646261,0.3,0.6,-0.06149677490980822,0.018782486127892416,0.061496774909808205,-0.08404189974208125,-0.036774623671722115,0.04726727607035913,False,False,False,False
4914,10,6,4,0.004728019175821252,-0.003717372605416236,0.3,0.6,-0.061829658022633724,0.018774496991078485,0.06182965802263374,-0.08420153422992135,-0.03709490090383031,0.047106633326091045,False,False,False,False
1605,11,6,5,-0.002633937263215379,-0.004715672302907067,0.45454545454545453,0.5454545454545454,0.35434676930078907,0.23841472155231055,0.3715504401479656,0.0028125241113587255,0.6809193192092912,0.6781067950979325,False,False,False,False
3622,11,6,5,-0.010250968939883077,-0.006941765524639573,0.18181818181818182,0.5454545454545454,0.6899086596775891,0.19991371144298575,0.6899086596775893,0.43623883928523516,0.9496255122829288,0.5133866729976937,False,False,False,False
3623,11,6,5,-0.010329419358154174,-0.00702021594291067,0.18181818181818182,0.5454545454545454,0.6862811397928738,0.2020062384245461,0.6862811397928739,0.42674871855907226,0.9499314179561609,0.5231826993970886,False,False,False,False
1189,11,6,5,0.011821766592122439,-0.01770069704382588,0.5454545454545454,0.5454545454545454,0.15592197844661482,0.05343397590590694,0.15752056522420113,0.09577566854777068,0.19977874474950327,0.10400307620173259,False,False,False,False
3299,13,6,7,0.016540907459846384,0.0216776700215741,0.6923076923076923,0.46153846153846156,0.2769709490463332,0.2770963910555781,0.30885555825238253,-0.08058971406952725,0.651564972938724,0.7321546870082511,False,False,False,False
4279,13,6,7,0.0022363207699769125,0.008576918118917339,0.6923076923076923,0.46153846153846156,0.13126217495406678,0.05530696501806024,0.1312621749540668,0.0754785406358331,0.18046448606355214,0.10498594542771904,False,False,False,False
4280,13,6,7,0.0021650320923322086,0.008505629441272635,0.6923076923076923,0.46153846153846156,0.1312816602513448,0.055143764105637774,0.1312816602513448,0.07554260749266709,0.17999088550151468,0.1044482780088476,False,False,False,False
1448,13,6,7,-0.012903110990992258,-0.008102846095296408,0.46153846153846156,0.46153846153846156,0.3253080881032988,0.4446789603644711,0.49823060820725534,-0.28675022762280233,0.8564619645819084,1.1432121922047107,False,False,False,False
5084,13,6,7,0.0035837228432441613,-0.014677872632111835,0.38461538461538464,0.46153846153846156,0.43745254483148704,0.49457105622284253,0.5716460555913444,-0.22505873972702195,0.9497552272939289,1.1748139670209508,False,False,False,False
5085,13,6,7,0.003022757598630201,-0.015238837876725796,0.38461538461538464,0.46153846153846156,0.43435399869770563,0.49149915216275636,0.5675083212098645,-0.22441151299838377,0.948831527127373,1.1732430401257568,False,False,False,False
4302,14,6,8,0.0039707617828707575,-0.0032993737626459013,0.5,0.42857142857142855,0.1951259856680337,0.02136105602251524,0.19512598566803374,0.15809730685638684,0.21724837576299888,0.05915106890661204,False,False,False,False
711,16,6,10,0.0077389376668931115,0.010987489960726723,0.5625,0.375,0.9343502796807226,0.09474890107584093,0.9343502796807225,0.7977065519730023,1.0,0.20229344802699767,False,False,False,False
6973,16,6,10,0.009232127044248715,0.0033971228315239216,0.5625,0.375,0.11376416089210561,0.12818126367796032,0.11376416089210561,0.01180647523778078,0.32886836408891945,0.3170618888511387,False,False,False,False
4212,21,6,15,0.011221250154641963,0.004669052389421787,0.6190476190476191,0.2857142857142857,0.19899685822439284,0.26120017544527907,0.22274357377016196,-0.07892227394135397,0.5925320890164828,0.6714543629578368,False,False,False,False
4783,21,6,15,0.014644730681498191,0.003897951855408141,0.5714285714285714,0.2857142857142857,0.20951551535360502,0.2663495695589625,0.23319580417596392,-0.05188253332794862,0.601361949715951,0.6532444830438997,False,False,False,False
6195,22,6,16,0.02051528344630367,0.008017775820819494,0.5454545454545454,0.2727272727272727,0.09976228662879852,0.3797581518731148,0.2970384518188584,-0.33956180245231066,0.635552981905174,0.9751147843574846,False,False,False,False
628,26,6,20,0.011003236262981629,0.001201585092533947,0.5,0.23076923076923078,0.30070899865949363,0.4660605037569863,0.4379027884525558,-0.30039984272881576,1.0,1.3003998427288157,True,False,True,False
5090,5,5,0,0.058355081248470574,0.06717481750642784,0.8,1.0,0.8996830972431822,0.10223456828151964,0.8996830972431822,0.7772654064090154,1.0,0.22273459359098458,False,False,False,False
5091,5,5,0,0.0577133071423789,0.06653304340033617,0.8,1.0,0.8989605182709587,0.10282113867915302,0.8989605182709587,0.7759963509368253,1.0,0.22400364906317471,False,False,False,False
5894,6,5,1,0.021730172326886454,0.03360869776254973,0.8333333333333334,0.8333333333333334,0.9999999999999999,9.930136612989092e-17,1.0,0.9999999999999998,1.0,2.220446049250313e-16,False,False,False,False
2005,6,5,1,0.0010856845017699162,0.024444238539100976,0.6666666666666666,0.8333333333333334,-0.00959322837347365,0.04349382536645023,0.03617091421603247,-0.05878767592573891,0.031981790885978786,0.09076946681171769,False,False,False,False
1584,6,5,1,-0.0040561096976720985,0.011600248218998077,0.6666666666666666,0.8333333333333334,-0.20461002536138337,0.02592738541845535,0.2046100253613833,-0.22989398878466724,-0.18085659358495437,0.04903739519971287,False,False,False,False
1585,6,5,1,-0.0041431849565151295,0.011513172960155046,0.6666666666666666,0.8333333333333334,-0.20456073972239577,0.026339072015567,0.20456073972239577,-0.23021167866004244,-0.18050273177495985,0.049708946885082594,False,False,False,False
5164,7,5,2,0.010121575902119024,0.009872707435285408,0.42857142857142855,0.7142857142857143,0.563734295316128,0.24023562492219355,0.5637342953161281,0.25850705945931896,0.8980870062607018,0.6395799468013829,False,False,False,False
6398,7,5,2,-0.0031764658172666682,-0.005096942571839553,0.5714285714285714,0.7142857142857143,0.07730188476436314,0.08576343247376905,0.09407782666838277,-0.033104518102338436,0.1427721353807299,0.17587665348306833,False,False,False,False
6399,7,5,2,-0.0035030017702058097,-0.005423478524778694,0.5714285714285714,0.7142857142857143,0.07772670586860325,0.08592949049587832,0.09434960360800675,-0.0330035773396194,0.14333569814819763,0.17633927548781703,False,False,False,False
2419,8,5,3,0.02344540570110186,0.027880842892866964,0.875,0.625,0.0893364746872813,0.5290228097613044,0.383528472293126,-0.2161334249974108,0.9447234144254661,1.1608568394228769,False,False,False,False
5165,8,5,3,0.008494299997807833,0.009143362026162949,0.5,0.625,0.5637589508002101,0.24025257750503265,0.5637589508002101,0.25852702058380844,0.8980919753771113,0.6395649547933029,False,False,False,False
436,8,5,3,0.004614905365094624,0.005753898681031308,0.5,0.625,0.13822730929512586,0.09375503018317834,0.14217439331285622,-0.009212303680290966,0.24023529098817833,0.2494475946684693,False,False,False,False
6005,8,5,3,0.0022845878922609086,-0.002288461205219819,0.625,0.625,0.2615240487037044,0.20488344058384733,0.2678264289154235,0.0821074269918353,0.5673758119656166,0.4852683849737813,False,False,False,False
6006,8,5,3,0.001834886500773611,-0.0027381625967071166,0.625,0.625,0.26052518813205294,0.20260825807564756,0.26692870381102746,0.08189090171634081,0.5628774984625816,0.4809865967462408,False,False,False,False
6603,9,5,4,-0.005797870655012287,0.014912708558102216,0.3333333333333333,0.5555555555555556,0.6980520707078934,0.1190867242134823,0.6980520707078937,0.5261781740092557,0.8217603332322789,0.2955821592230232,False,False,False,False
2121,10,5,5,-0.005119612549139984,-0.020171723297750677,0.2,0.5,-0.5133710379242413,0.29058104219307335,0.5471619902124744,-0.797986673615389,-0.3387552083300104,0.4592314652853786,False,False,False,False
5161,11,5,6,0.048611498397068825,0.003908664480606197,0.5454545454545454,0.45454545454545453,0.5239614327576966,0.36301458523111624,0.5398597376549532,0.13218932644359682,0.9183482218279322,0.7861588953843354,False,False,False,False
5000,11,5,6,-0.023180386169652477,-0.010881823755765286,0.5454545454545454,0.45454545454545453,0.6650467306321486,0.1838636591220524,0.6650467306321487,0.3889908863704078,0.8711849500291449,0.48219406365873707,False,False,False,False
5111,11,5,6,-0.02356673028839644,-0.011268167874509249,0.5454545454545454,0.45454545454545453,0.6636472839166272,0.18443041875894592,0.6636472839166272,0.3859557144467523,0.8708124132597848,0.48485669881303245,False,False,False,False
4098,11,5,6,-0.006287987563062178,-0.013494265935268045,0.5454545454545454,0.45454545454545453,-0.5959128384358336,0.1307253693585696,0.5959128384358336,-0.6857973183025189,-0.3942472504066467,0.2915500678958722,False,False,False,False
2612,12,5,7,0.007598312586126431,0.008871281370116474,0.5,0.4166666666666667,0.36666486065370596,0.2301821541679243,0.3666648606537059,0.17367401718574485,0.8165390835072361,0.6428650663214913,False,False,False,False
3298,13,5,8,0.016983463550740242,0.015398327801410722,0.6923076923076923,0.38461538461538464,0.2765637204980918,0.2824932223094091,0.3103082797105935,-0.07273756429210848,0.660369969088881,0.7331075333809896,False,False,False,False
5177,13,5,8,0.008144905200894144,0.0029993018115594106,0.6153846153846154,0.38461538461538464,0.09475042877495668,0.04355909511987631,0.10208596469064227,0.09564565751870444,0.11601855401924281,0.020372896500538376,False,False,False,False
5824,13,5,8,0.007761071820735488,0.0008765926432995256,0.6153846153846154,0.38461538461538464,0.2029071100528849,0.0209300359879445,0.2029071100528849,0.1811712991884109,0.22564715949418973,0.044475860305778825,False,False,False,False
5178,14,5,9,0.007947708943782763,-0.006624207154583538,0.5714285714285714,0.35714285714285715,0.09412909842410723,0.04350655860515224,0.10150039492287692,0.09404289525183279,0.11518718140509722,0.021144286153264427,False,False,False,False
3567,15,5,10,0.03973347838355249,0.014947211085150588,0.5333333333333333,0.3333333333333333,0.5186398123837177,0.30801201856461347,0.5225135339482029,0.11101784044354232,0.8702689929974707,0.7592511525539284,False,False,False,False
2289,15,5,10,-0.006743513804342764,0.0013608048396228053,0.4666666666666667,0.3333333333333333,0.698465568546863,0.31657294058385,0.698465568546863,0.09622912277236002,1.0,0.9037708772276399,False,False,False,False
4301,15,5,10,0.006701641487250994,-0.013919210328297201,0.4,0.3333333333333333,0.19500320748800737,0.020447658125917745,0.19500320748800737,0.15846919823106503,0.2144498260315194,0.055980627800454374,False,False,False,False
831,16,5,11,0.002481446488210519,-0.001044915766912978,0.375,0.3125,0.8999084027802424,0.1270229988388211,0.8999084027802424,0.7223564033436468,1.0,0.2776435966563532,False,False,False,False
4852,16,5,11,0.0028863715476517768,-0.006377835298060783,0.3125,0.3125,0.1710855649081512,0.06567139863884607,0.1710855649081512,0.06783080557982636,0.2538972190458786,0.18606641346605224,False,False,False,False
4853,16,5,11,0.002570670712966759,-0.0066935361327458,0.3125,0.3125,0.17076489081032725,0.06666660447906983,0.17076489081032725,0.06701877409890113,0.2547494183750002,0.1877306442760991,False,False,False,False
6751,4,4,0,0.08277566173802484,0.0901421494861887,0.75,1.0,1.0,6.409875621278546e-17,1.0,0.9999999999999999,1.0,1.1102230246251565e-16,False,False,False,False
5962,4,4,0,0.05822451363866102,0.05669890788299739,1.0,1.0,1.0,0.0,1.0,1.0,1.0,0.0,False,False,False,False
5963,4,4,0,0.05757517706099716,0.05604957130533353,1.0,1.0,1.0,6.409875621278546e-17,1.0,0.9999999999999999,1.0,1.1102230246251565e-16,False,False,False,False
2300,5,4,1,0.02025371903462969,0.021456379939513215,0.8,0.8,0.1856477302372456,0.16746990132460363,0.1926196258734198,0.043931724038225275,0.4056771591621595,0.36174543512393426,False,False,False,False
5628,5,4,1,0.014018294551318288,0.01701649929665199,0.6,0.8,0.7222303095699882,0.12569016573792405,0.7222303095699882,0.6124958703940233,0.87481417710095,0.2623183067069267,False,False,False,False
5629,5,4,1,0.013568618249446374,0.016566822994780073,0.6,0.8,0.7175416935216515,0.12742779981291857,0.7175416935216514,0.6096464927717722,0.8736162439195946,0.2639697511478224,False,False,False,False
4483,6,4,2,-0.016430256141177362,0.006737673480226951,0.8333333333333334,0.6666666666666666,-0.6079695046488832,0.17816984894052304,0.6079695046488832,-0.804012610984016,-0.4334540069322723,0.3705586040517437,False,False,False,False
4482,6,4,2,-0.017385738129272615,0.005782191492131698,0.8333333333333334,0.6666666666666666,-0.6099418057074943,0.17883126097158875,0.6099418057074943,-0.8077760668381815,-0.43520051085679406,0.3725755559813874,False,False,False,False
3126,6,4,2,-0.0008527048367535558,0.004557228098773514,0.6666666666666666,0.6666666666666666,0.21270917166989478,0.08472485287452104,0.21270917166989478,0.10305210500427606,0.323686458246902,0.22063435324262595,False,False,False,False
3127,6,4,2,-0.0008744423582728497,0.00453549057725422,0.6666666666666666,0.6666666666666666,0.2121287689191421,0.0840284003172196,0.2121287689191421,0.10335004690229237,0.32235002710202004,0.21899998019972766,False,False,False,False
4900,6,4,2,-0.0023048927982081504,-0.0021837246944461652,0.6666666666666666,0.6666666666666666,0.013548785548097964,0.047658464422434155,0.0391368578359231,-0.033086902940594715,0.0474751999557059,0.08056210289630061,False,False,False,False
4901,6,4,2,-0.0024640788578314345,-0.0023429107540694494,0.6666666666666666,0.6666666666666666,0.013443644942604685,0.04770011197324483,0.03927507183573093,-0.03302078534253859,0.047089767311363134,0.08011055265390173,False,False,False,False
3853,7,4,3,0.059803088655974786,0.031043329734944076,0.7142857142857143,0.5714285714285714,1.0,9.064933036736789e-17,1.0,0.9999999999999999,1.0,1.1102230246251565e-16,False,False,False,False
5885,7,4,3,0.05948022233067986,0.030720463409649148,0.7142857142857143,0.5714285714285714,0.9999999999999999,1.1102230246251565e-16,1.0,0.9999999999999998,1.0,2.220446049250313e-16,False,False,False,False
4772,7,4,3,0.012407554009061033,0.003908174008318459,0.7142857142857143,0.5714285714285714,-0.041573102016142845,0.04513293104327607,0.044716910511276416,-0.10206216759330808,0.0036206607984268628,0.10568282839173494,False,False,False,False
4773,7,4,3,0.011905140512373442,0.003405760511630868,0.7142857142857143,0.5714285714285714,-0.04133388597275762,0.04491114650787227,0.04417155279525807,-0.10185444816409528,0.0032563564196829526,0.10511080458377824,False,False,False,False
5970,7,4,3,-0.001997795118063956,-0.027120871291918123,0.2857142857142857,0.5714285714285714,0.1669931725122405,0.3666127579255515,0.30984895163206794,-0.2176713709621395,0.5896325827426093,0.8073039537047488,False,False,False,False
1358,8,4,4,0.006762510955335102,-0.013554982050854703,0.5,0.5,0.08019004438223098,0.1526290162284465,0.13156368000421498,-0.06818867814562307,0.25799459496618193,0.326183273111805,False,False,False,False
1115,8,4,4,0.006259962372371114,-0.030734888301361576,0.375,0.5,0.08615663099661995,0.09729071572380608,0.1218551657885232,0.012730656543660044,0.15900264370193268,0.14627198715827264,False,False,False,False
4351,9,4,5,0.0030135565216460325,-0.0032627051656918507,0.4444444444444444,0.4444444444444444,0.1853396386446889,0.32466932465897275,0.3227141771470777,-0.21677357773449654,0.566566893632165,0.7833404713666615,False,False,False,False
2386,9,4,5,-0.02060723659927948,-0.003513519864788675,0.5555555555555556,0.4444444444444444,0.7911977784006177,0.13509880071665473,0.7911977784006177,0.7562347399028158,0.8602360250800126,0.10400128517719687,False,False,False,False
3331,9,4,5,0.00870739384981308,-0.006326823380940162,0.3333333333333333,0.4444444444444444,0.07222049339353304,0.09923907841977538,0.10888106439331907,0.045331535348879494,0.13102695744367107,0.08569542209479158,False,False,False,False
5264,9,4,5,-0.02970891515477441,-0.019980349135492365,0.3333333333333333,0.4444444444444444,0.9598660618698206,0.04631099502221711,0.9598660618698206,0.8926977845934541,1.0,0.10730221540654594,False,False,False,False
1116,9,4,5,0.006338124926405373,-0.03341737495771693,0.3333333333333333,0.4444444444444444,0.029643711653291868,0.1293684330268173,0.12170648229597944,-0.13476376163537934,0.1553981170365688,0.29016187867194815,False,False,False,False
5235,10,4,6,0.004853340934036743,-0.003592050847200745,0.4,0.4,0.771433668173922,0.2619968300155703,0.771433668173922,0.4822831570958062,1.0,0.5177168429041938,False,False,False,False
5236,10,4,6,0.004550945671983697,-0.0038944461092537907,0.4,0.4,0.7715196652637312,0.26260186744000313,0.771519665263731,0.48141958698504156,1.0,0.5185804130149585,False,False,False,False
6013,11,4,7,0.02186201222471988,0.012010452499548352,0.8181818181818182,0.36363636363636365,0.42774296236675613,0.15022724038760796,0.42774296236675613,0.23227343191648295,0.6245337152200745,0.39226028330359153,False,False,False,False
6014,11,4,7,0.023480574252044386,0.011272923165184407,0.8181818181818182,0.36363636363636365,0.4275285446766942,0.14994035112969503,0.4275285446766943,0.23253886150366562,0.6240716188504299,0.3915327573467643,False,False,False,False
4730,12,4,8,0.020416102034153883,0.006834312191530902,0.6666666666666666,0.3333333333333333,0.3836974239477963,0.2691522161853322,0.38511229375873446,0.13587895690913387,0.8528543712498351,0.7169754143407012,False,False,False,False
5823,12,4,8,0.006656887024730089,0.0009739499734175058,0.5833333333333334,0.3333333333333333,0.20321288292942566,0.020892400629713665,0.2032128829294257,0.18187720776315988,0.2255797542862225,0.04370254652306263,False,False,False,False
3877,12,4,8,0.007574485171684002,-0.02118801150418223,0.25,0.3333333333333333,0.24223526996137373,0.30119630516990475,0.26861107816896096,-0.050223984046971676,0.636180579906331,0.6864045639533027,False,False,False,False
3878,12,4,8,0.007262308794804505,-0.021500187881061728,0.25,0.3333333333333333,0.24602255897376327,0.29594483826869494,0.2729801711944191,-0.051231735804361446,0.6356030549473787,0.6868347907517401,False,False,False,False
5802,13,4,9,0.03216010690316688,0.029390421828172676,0.6923076923076923,0.3076923076923077,0.20820840446817737,0.5544891284849103,0.5133596574039475,-0.4764623418398339,0.9048226001991391,1.381284942038973,False,False,False,False
5014,13,4,9,0.01490924026360415,-0.010149963084195955,0.5384615384615384,0.3076923076923077,0.2149922711992865,0.17219211224753203,0.2702932130890347,-0.09767596030515335,0.30978686550193163,0.407462825807085,False,False,False,False
5015,13,4,9,0.014881701903807238,-0.010177501443992867,0.5384615384615384,0.3076923076923077,0.21519449068147564,0.1721120864083697,0.27030697663332404,-0.0965283324905969,0.3096867256552842,0.4062150581458811,False,False,False,False
2660,14,4,10,0.007463602069620133,0.01057957626450006,0.5714285714285714,0.2857142857142857,0.012176118833353787,0.0656342606021315,0.04313355921875012,-0.0582019615701077,0.08667944299333294,0.14488140456344065,False,False,False,False
4683,3,3,0,0.04319472972528412,0.042041120566360925,0.6666666666666666,1.0,0.6899894121203418,0.15529150604610262,0.6899894121203417,0.4970924081125995,0.866779344914502,0.3696869368019025,False,False,False,False
1579,3,3,0,-0.008140058951778753,-0.005377926954966676,0.6666666666666666,1.0,0.40246894139376305,0.24934061051058873,0.42044193339294356,0.09468101765240051,0.6675010403696626,0.5728200227172621,False,False,False,False
4768,4,3,1,0.005064788153023414,0.014933622562435328,0.75,0.75,-0.6962003972574379,0.03187784257430084,0.6962003972574379,-0.7260967572405053,-0.6671905434981688,0.05890621374233651,False,False,False,False
5136,5,3,2,0.05687630505976127,0.01683496885122231,0.8,0.6,0.7324865521133019,0.05032272776821857,0.7324865521133018,0.6797530826500532,0.8061869604786587,0.1264338778286055,False,False,False,False
4680,5,3,2,-0.00695135100631572,0.003931980799583168,0.4,0.6,0.17270991124043944,0.010161400648910014,0.17270991124043944,0.15884408959303759,0.18015843025677689,0.0213143406637393,False,False,False,False
5505,5,3,2,0.010449826007049644,-0.00813577641851293,0.4,0.6,-0.4447554274703013,0.09469008596043267,0.4447554274703013,-0.5489410775853747,-0.36647182282664664,0.18246925475872805,False,False,False,False
5506,5,3,2,0.010247838577358004,-0.00833776384820457,0.4,0.6,-0.4448393853702983,0.09437469276490278,0.4448393853702983,-0.5487371446889663,-0.3668091516467696,0.1819279930421967,False,False,False,False
6843,5,3,2,0.011446313993984191,-0.01713911384567175,0.2,0.6,0.3481414382887886,0.005511105841720545,0.3481414382887886,0.3428750990055101,0.3523398451077474,0.009464746102237298,False,False,False,False
220,5,3,2,-0.009351748415073602,-0.021208188743746505,0.4,0.6,0.9053627867688946,0.08738806253567592,0.9053627867688946,0.8132664657160928,0.9865418054055044,0.17327533968941156,False,False,False,False
913,6,3,3,0.011818144551549947,0.006902363725813414,0.6666666666666666,0.5,0.9999999999999999,2.9790409838967276e-16,0.9999999999999999,0.9999999999999996,1.0,4.440892098500626e-16,False,False,False,False
522,7,3,4,0.008203372541700258,0.0028432770253171225,0.5714285714285714,0.42857142857142855,0.9883198415386104,0.02467207418716787,0.9883198415386104,0.9442134538909349,1.0,0.05578654610906508,False,False,False,False
4774,7,3,4,0.009771019671645556,-0.0098566505015444,0.2857142857142857,0.42857142857142855,0.2607784727523063,0.0287578003715545,0.26077847275230626,0.22302681127215818,0.28841501089861854,0.06538819962646036,False,False,False,False
5044,7,3,4,-0.032422824466805715,-0.022280586005655318,0.0,0.42857142857142855,0.45335546377113783,0.2706606976991042,0.48834137344454415,0.14350873121120916,0.7002596845780636,0.5567509533668544,False,False,False,False
5034,8,3,5,0.02986728043058541,0.02409016556528336,0.875,0.375,0.35412067953122534,0.23506579754079218,0.35412067953122534,0.09814924563655317,0.6771256733491933,0.5789764277126401,False,False,False,False
780,8,3,5,0.010956686315739886,0.01818269935535155,0.375,0.375,0.9102335794469957,0.1311813632889426,0.9102335794469959,0.728413435979279,1.0,0.271586564020721,False,False,False,False
2708,8,3,5,0.000604172117008972,-0.0011286870232943835,0.5,0.375,0.6835652091852732,0.07658936650950943,0.6835652091852731,0.5614683453315363,0.7372481075776215,0.17577976224608516,False,False,False,False
6803,9,3,6,0.027359851899097374,0.0310395301920139,0.5555555555555556,0.3333333333333333,0.5184732398894771,0.20384791953190035,0.518473239889477,0.3091450372361657,0.9099339487130447,0.600788911476879,False,False,False,False
5033,9,3,6,0.02352327655945779,0.019647086276590238,0.7777777777777778,0.3333333333333333,0.3537229199981029,0.23656210880401882,0.3537229199981029,0.09439586495148779,0.6782625835520385,0.5838667186005507,False,False,False,False
3095,9,3,6,0.012635719150978546,0.008584453374679649,0.4444444444444444,0.3333333333333333,0.8505041478381623,0.09305783517129647,0.8505041478381624,0.7027269961778665,0.910506321477526,0.20777932529965948,False,False,False,False
3096,9,3,6,0.011989929759576246,0.007938663983277349,0.4444444444444444,0.3333333333333333,0.8510479621080951,0.09268517366700196,0.8510479621080951,0.7037637415295684,0.9109942816624726,0.2072305401329042,False,False,False,False
3625,9,3,6,0.010162677585700145,-0.005813482918908054,0.5555555555555556,0.3333333333333333,-0.23782330410329708,0.21917251453159803,0.23782330410329708,-0.4510850411270245,-0.0648998877489387,0.3861851533780858,False,False,False,False
3624,9,3,6,0.009592382243402234,-0.0063837782612059645,0.5555555555555556,0.3333333333333333,-0.23452722725195463,0.22042449347082907,0.23452722725195457,-0.4485266513359316,-0.06146366531874242,0.3870629860171892,False,False,False,False
2872,10,3,7,0.05080948613013214,0.03312858105155658,1.0,0.3,0.448195785273262,0.1975877863148683,0.4490171671240034,0.23906736109776003,0.7075256323925312,0.46845827129477113,False,False,False,False
6972,10,3,7,0.018337649388224388,0.013770021989164393,0.5,0.3,0.4380808559721053,0.22073479844089777,0.4380808559721053,0.10934649663480223,0.6365727562487116,0.5272262596139093,False,False,False,False
5140,10,3,7,0.003799947887336508,0.012315573656393153,0.8,0.3,0.17375384392440965,0.030494342037864476,0.17375384392440965,0.15143306641028087,0.228206317600795,0.07677325119051412,False,False,False,False
5141,10,3,7,0.00358895368314851,0.012104579452205156,0.8,0.3,0.17364654910390298,0.030293643546470975,0.17364654910390298,0.15145284474915258,0.22767535464602234,0.07622250989686977,False,False,False,False
4916,11,3,8,0.010489752699296306,-0.01324966488504216,0.36363636363636365,0.2727272727272727,-0.05306511347616616,0.09678152975143446,0.08425906275397305,-0.15187683994921672,0.06705437254846192,0.21893121249767863,False,False,False,False
2802,12,3,9,0.0022905497902311056,0.013232145160270528,0.5833333333333334,0.25,0.5935162490381586,0.3072454583657564,0.6385288640017804,0.28915199267964276,0.8554819592304738,0.566329966550831,False,False,False,False
2871,18,3,15,0.040740204806582914,0.020875673880135885,0.7777777777777778,0.16666666666666666,0.3957173410170284,0.2138381362321612,0.4006186423565167,0.13493713984863037,0.6674253637853556,0.5324882239367252,False,False,False,False
4698,2,2,0,0.02890647852387468,0.01171621419109281,1.0,1.0,0.6996880906950653,0.09701868167526327,0.6996880906950653,0.6189316500448395,0.7668919818876739,0.1479603318428344,False,False,False,False
5620,2,2,0,-0.0419678563183884,-0.04506298507192913,0.0,1.0,0.38374050639288815,0.3078323339062216,0.45961005000268806,-0.031634877417992285,0.6236797451487055,0.6553146225666978,False,False,False,False
2697,2,2,0,-0.04155342462941769,-0.045577965588349145,0.0,1.0,0.3554433873627147,0.2310564203803216,0.3594877154301577,0.12864959475528412,0.6889373442663047,0.5602877495110206,False,False,False,False
5621,2,2,0,-0.04253262113740164,-0.04562774989094237,0.0,1.0,0.3843975938918004,0.3094343068582337,0.4610708742471149,-0.03414766790904353,0.6259047036087682,0.6600523715178117,False,False,False,False
3311,3,2,1,0.0,0.057582688190486585,1.0,0.6666666666666666,-0.5143603754313337,0.06651652943904235,0.5143603754313337,-0.557648142941524,-0.459318580780918,0.09832956216060601,False,False,False,False
4891,3,2,1,0.0,0.010196551616539873,0.6666666666666666,0.6666666666666666,0.29356812825394896,0.13123189829870252,0.3013116087192926,0.0867570813826677,0.3991376858653853,0.3123806044827176,False,False,False,False
4892,3,2,1,0.0,0.010196551616539873,0.6666666666666666,0.6666666666666666,0.2939314634051303,0.13124593816083935,0.3016470938335264,0.08708499803365453,0.3995203668084276,0.31243536877477307,False,False,False,False
2173,3,2,1,0.0048212338814878075,-0.002031620992208364,0.6666666666666666,0.6666666666666666,0.9556724378244357,0.058929919145720745,0.9556724378244357,0.9066823098755559,0.9956438469676966,0.08896153709214072,False,False,False,False
5664,3,2,1,0.02620700485014989,-0.02340909580320416,0.0,0.6666666666666666,0.33158751834269956,0.02835036392158597,0.3315875183426996,0.2941467912279982,0.37204930315250845,0.07790251192451025,False,False,False,False
5665,3,2,1,0.02588340936236592,-0.023732691290988133,0.0,0.6666666666666666,0.3313565101178123,0.028208229918741164,0.33135651011781236,0.29444837193358236,0.37158731948034807,0.0771389475467657,False,False,False,False
5983,4,2,2,0.052367332542068434,0.023676934525645343,0.75,0.5,0.7277450205018627,0.13905574893824746,0.7277450205018627,0.6032235355561154,0.898708841219384,0.2954853056632686,False,False,False,False
6190,4,2,2,-0.0009354257319496295,0.007567179716653882,0.5,0.5,0.17293386466437427,0.010092831711237711,0.17293386466437427,0.15917949744785442,0.18034881079496054,0.021169313347106117,False,False,False,False
5433,4,2,2,0.0018596024070953732,0.003878741126961821,0.25,0.5,1.0,0.0,1.0,1.0,1.0,0.0,False,False,False,False
5669,4,2,2,0.021461597164985663,-0.0018011560652564929,0.5,0.5,0.6945679312053548,0.04489430982085756,0.6945679312053546,0.6483447549088301,0.7263885170292659,0.07804376212043573,False,False,False,False
4457,4,2,2,0.009981446983630099,-0.005705457868499991,0.25,0.5,0.05839161990010318,0.1202516911828385,0.11202165782456783,-0.06786021613955166,0.17881019748454877,0.24667041362410042,False,False,False,False
4424,4,2,2,-0.018407757528699498,-0.02537656426244042,0.0,0.5,0.8329182937340945,0.17609152653165705,0.8329182937340945,0.8337573581960774,0.9304273819716469,0.09667002377556944,False,False,False,False
5094,4,2,2,-0.0002379289029760534,-0.04079216575766184,0.25,0.5,0.6560772782783201,0.19874679745426646,0.6560772782783201,0.42647141796430327,0.9104491260057224,0.4839777080414191,False,False,False,False
1663,5,2,3,0.012516603296776351,0.007392314232051023,0.8,0.4,0.385651397438009,0.36309844984587714,0.41163826875916054,-0.04353250681227511,0.9834208107865654,1.0269533175988406,False,False,False,False
6257,5,2,3,-0.023839208374287234,-0.014780537597967292,0.6,0.4,0.9999999999999998,1.9229626863835638e-16,0.9999999999999998,0.9999999999999997,1.0,3.3306690738754696e-16,False,False,False,False
4917,5,2,3,0.0035289645862344845,-0.02002845075219182,0.2,0.4,0.70153624015213,0.21230546288702526,0.7015362401521299,0.4493565024049062,0.9463993174707962,0.49704281506589,False,False,False,False
4918,5,2,3,0.003214878660217013,-0.02034253667820929,0.2,0.4,0.69978057791201,0.212882821395019,0.69978057791201,0.4463297247859232,0.945810256274156,0.49948053148823285,False,False,False,False
5043,5,2,3,-0.03366849223376798,-0.02509262802392549,0.0,0.4,0.4540007273791513,0.26992958093335506,0.4887196355371862,0.14634689423407882,0.6997266702432785,0.5533797760091996,False,False,False,False
4926,7,2,5,0.05941515651189665,0.01871041189743028,0.8571428571428571,0.2857142857142857,0.4431611606021048,0.19158471909849642,0.445617630538301,0.12120723050813703,0.6145712708184569,0.49336404031031983,False,False,False,False
4927,7,2,5,0.05935270765011556,0.018647963035649195,0.8571428571428571,0.2857142857142857,0.44266160183669395,0.1926241959973135,0.44528402180426774,0.11821184385029773,0.6151521439101263,0.4969403000598286,False,False,False,False
5303,7,2,5,0.003747391990812104,0.008623056662706099,0.42857142857142855,0.2857142857142857,0.7398586617145038,0.10564299968361855,0.7398586617145038,0.6423189033161146,0.8015316611170925,0.15921275780097788,False,False,False,False
5304,7,2,5,0.0031076485129847764,0.00798331318487877,0.42857142857142855,0.2857142857142857,0.7400639668389641,0.10543261187350603,0.7400639668389641,0.6430087142811918,0.8016619214362185,0.15865320715502673,False,False,False,False
5237,7,2,5,-0.0005319202678224341,0.00434374440407156,0.42857142857142855,0.2857142857142857,0.7001656521030242,0.10289375615090779,0.7001656521030242,0.5492882164886547,0.7775043957973979,0.22821617930874327,False,False,False,False
5238,7,2,5,-0.0008556385031320042,0.004020026168761991,0.42857142857142855,0.2857142857142857,0.7005240882719418,0.10259418998671142,0.7005240882719418,0.5503037055390179,0.777707531016152,0.2274038254771341,False,False,False,False
2640,7,2,5,0.018339546792988104,-0.009598081087468593,0.42857142857142855,0.2857142857142857,0.2892761818306924,0.08102310750298583,0.2892761818306925,0.18087549612119555,0.3568238047420748,0.17594830862087926,False,False,False,False
4265,7,2,5,-0.002385614420454231,-0.03906548293355061,0.2857142857142857,0.2857142857142857,0.5339089646530379,0.09898264315126676,0.5339089646530379,0.47188944365373175,0.6218663761842207,0.14997693253048894,False,False,False,False
5274,8,2,6,0.006231187291268592,0.023202588388925832,0.875,0.25,0.16646506982676748,0.04811121118333594,0.16646506982676748,0.11242135868623208,0.21502949481193867,0.10260813612570659,False,False,False,False
4436,8,2,6,-0.009350258000545411,-0.001650078770709884,0.625,0.25,0.20529827634819187,0.05171069260181993,0.20529827634819187,0.14597902156685139,0.2563566802030893,0.11037765863623794,False,False,False,False
4437,8,2,6,-0.009823758890189757,-0.00212357966035423,0.625,0.25,0.20458361153296803,0.051818529071080595,0.20458361153296803,0.1454041372801231,0.2557225291490613,0.11031839186893819,False,False,False,False
1182,9,2,7,0.017655263209839567,0.0009300312630142749,0.5555555555555556,0.2222222222222222,0.38389196369928585,0.09523180354551915,0.3838919636992858,0.24789883894803164,0.4824122223255677,0.23451338337753605,False,False,False,False
2745,1,1,0,-0.0003180661577609767,0.02925956699588861,1.0,1.0,0.3999094310386852,0.17369222650781319,0.41484278664666835,0.21075460435973264,0.49188569341161253,0.2811310890518799,False,False,False,False
3634,1,1,0,-0.023093008455314368,0.01841035697555482,1.0,1.0,0.41770599126612384,0.2655353353053999,0.41770599126612384,0.29624662567509774,0.6464393815386344,0.3501927558635367,False,False,False,False
5228,1,1,0,-0.0143114396739642,-0.015867990448739655,0.0,1.0,0.9125992635585274,0.007250880655539246,0.9125992635585274,0.9084975460536424,0.9167009810634124,0.008203435009769944,False,False,False,False
2621,1,1,0,-0.04546879709604179,-0.08123668775677284,0.0,1.0,0.3534003354064712,0.23084127237602106,0.35696012717357445,0.12422494615709803,0.6865429875234397,0.5623180413663417,False,False,False,False
6535,2,1,1,-0.002561738607059161,0.011887321203703005,0.5,0.5,0.18521541537275604,0.06762110215464023,0.18521541537275604,0.11640284984008795,0.2542937261601496,0.13789087632006167,False,False,False,False
6536,2,1,1,-0.00268056484185919,0.011768494968902976,0.5,0.5,0.18551696357455522,0.06753401364703962,0.18551696357455522,0.11673053730567953,0.2544412401188061,0.13771070281312656,False,False,False,False
4965,2,1,1,-0.0002579809131916244,-0.0042032719753977155,0.0,0.5,0.36770689329827,0.1439365173674177,0.36770689329827,0.18030544583298935,0.5191923735727031,0.33888692773971374,False,False,False,False
5106,3,1,2,0.04064121229536181,0.03446731521665599,1.0,0.3333333333333333,-0.05511752412636256,0.10462402522795738,0.1027417678833911,-0.12942711354326522,0.042411696410617025,0.17183880995388223,False,False,False,False
5777,3,1,2,0.008772479884376646,-0.04084362076897741,0.0,0.3333333333333333,0.7931774951948405,0.0931746646647602,0.7931774951948404,0.6791556224847984,0.9004218140371809,0.22126619155238247,False,False,False,False
5128,4,1,3,0.014144944100327989,0.02611193396223402,0.75,0.25,0.16238280342316697,0.04312597393120297,0.16238280342316697,0.1311866845901639,0.2226755335054841,0.09148884891532022,False,False,False,False
1915,4,1,3,0.004975483781795076,-0.019717224406581524,0.0,0.25,0.9999999999999999,2.220446049250313e-16,0.9999999999999999,0.9999999999999996,1.0,4.440892098500626e-16,False,False,False,False
6002,5,1,4,0.02504585952453724,0.028771923437827706,0.6,0.2,0.7409467539942672,0.026988206326779698,0.7409467539942673,0.7143321184629726,0.755195380974128,0.04086326251115535,False,False,False,False
6003,5,1,4,0.024556027284274973,0.02828209119756544,0.6,0.2,0.7410046824018496,0.027130136807969475,0.7410046824018496,0.7142614708537235,0.7553948898019022,0.04113341894817868,False,False,False,False
5233,5,1,4,0.03292606484774789,0.02401808063128914,0.8,0.2,0.3398418929524644,0.2826849392861951,0.35782003145641367,0.0001521101814556669,0.6786462941078957,0.67849418392644,False,False,False,False
6981,5,1,4,0.00504447655715341,0.008770540470443877,0.4,0.2,0.7006769077015403,0.04821228414767074,0.7006769077015403,0.6489045545933867,0.7321544740344792,0.0832499194410925,False,False,False,False
7005,5,1,4,0.004736410016506265,0.008462473929796733,0.4,0.2,0.7010315176837784,0.04784001098979931,0.7010315176837785,0.6495453292947109,0.7323339225476412,0.08278859325293031,False,False,False,False
5706,6,1,5,0.023833990591913323,-0.006237629182685593,0.6666666666666666,0.16666666666666666,0.34734779641997954,0.11039789910731189,0.34734779641997954,0.18644978224045392,0.4661288029681641,0.2796790207277102,False,False,False,False
4946,6,1,5,0.003101116693846717,-0.00816545801871534,0.3333333333333333,0.16666666666666666,0.19352024078168506,0.07044214626424955,0.19352024078168506,0.10716207032861506,0.2771073448120149,0.1699452744833998,False,False,False,False
5115,6,1,5,0.000871590056923055,-0.00940268919710624,0.3333333333333333,0.16666666666666666,-0.2285382879505727,0.03875979055029045,0.2285382879505727,-0.2706868950705802,-0.1870630423515448,0.08362385271903539,False,False,False,False
5116,6,1,5,0.0007542693673274018,-0.009520009886701894,0.3333333333333333,0.16666666666666666,-0.2300475511764529,0.03733808974726117,0.2300475511764529,-0.27109267843707857,-0.190571819584673,0.08052085885240556,False,False,False,False
4100,10,1,9,0.008676511691970135,0.011905048875664348,0.7,0.1,0.04268115320556383,0.029771121580746983,0.04592894887208657,-0.0021926242130203494,0.07109961470881825,0.0732922389218386,False,False,False,False
6952,2,0,2,0.00785553649583437,0.04605577712148062,1.0,0.0,0.3408631108400265,0.06889002313595198,0.3408631108400265,0.22993471901581675,0.40190504186620063,0.17197032285038388,False,False,False,False
2305,6,0,6,0.05799896421069306,0.038138497397777325,0.8333333333333334,0.0,0.43680912772440333,0.12518509939843447,0.4368091277244032,0.26405675017050606,0.58536190745629,0.32130515728578396,False,False,False,False
2908,2,0,2,0.0005154325606958055,0.03387005773097512,1.0,0.0,0.16467980971036655,0.03196022641076317,0.16467980971036655,0.1296059884716354,0.1929848334252006,0.06337884495356519,False,False,False,False
804,1,0,1,0.009703196347031762,0.02433592664416262,1.0,0.0,-0.0555143236192904,,0.0555143236192904,-0.0555143236192904,-0.0555143236192904,0.0,False,False,False,False
6844,1,0,1,0.009476612762997938,0.024109343060128796,1.0,0.0,-0.05577880789109749,,0.05577880789109749,-0.05577880789109749,-0.05577880789109749,0.0,False,False,False,False
5661,2,0,2,0.0629749359013142,0.01967494707851214,1.0,0.0,0.5685415469762064,0.30702892714638336,0.5685415469762063,0.23833897050137134,0.8431133738672149,0.6047744033658435,False,False,False,False
5402,4,0,4,0.05433137924615972,0.008044211420899505,0.75,0.0,-0.5901144052031044,0.26326757724127864,0.5901144052031044,-0.8369901613445354,-0.43703652907780816,0.39995363226672725,False,False,False,False
2599,5,0,5,0.025617059484723925,0.007488024522295422,0.6,0.0,0.4645771788938792,0.23303884358957352,0.4703469647927013,0.13073776492765543,0.6999453155283947,0.5692075506007392,False,False,False,False
1520,1,0,1,0.07523553494796054,0.005056294347441037,1.0,0.0,0.44238521928649166,0.1202741395765501,0.4423852192864915,0.31866056695293765,0.6281397184861663,0.3094791515332287,False,False,False,False
5660,1,0,1,0.07452884811886817,0.004451002319166175,1.0,0.0,0.5728150891794757,0.3042268722536528,0.5728150891794755,0.24554533804670628,0.844372722397101,0.5988273843503947,False,False,False,False
2598,6,0,6,0.03174986736976787,0.004216080300355622,0.5,0.0,0.4486890969288382,0.2392220522628171,0.458937199659187,0.10295816185689362,0.7001812021671441,0.5972230403102504,False,False,False,False
5329,1,0,1,0.045074002092988064,-0.00030397739087351106,0.0,0.0,0.32375028301196057,0.018834865534769887,0.32375028301196057,0.3034691545265218,0.35032750481673924,0.046858350290217454,False,False,False,False
1900,6,0,6,-0.00905661323675568,-0.0003127286312812709,0.5,0.0,0.3302141277536245,0.3191360035269298,0.3308218243671967,0.01432275294205191,0.7704010351065104,0.7560782821644585,False,False,False,False
5330,1,0,1,0.04474899674415078,-0.0006289827397107928,0.0,0.0,0.32339825225364777,0.019125854451133982,0.32339825225364777,0.30274115020319975,0.3504513877380726,0.04771023753487286,False,False,False,False
4947,5,0,5,0.0018923686980254484,-0.00229293238116699,0.4,0.0,0.1936571030117085,0.06993514237431593,0.19365710301170855,0.1070464617418586,0.27674391890462785,0.16969745716276924,False,False,False,False
4966,1,0,1,0.027964013523580133,-0.003987058246101682,0.0,0.0,0.3709464748839262,0.1442130675019821,0.37094647488392607,0.18226853830714196,0.5199449801765162,0.3376764418693743,False,False,False,False
5707,1,0,1,-0.0057091882247994885,-0.007265738999574944,0.0,0.0,0.026248209991415805,,0.026248209991415805,0.026248209991415805,0.026248209991415805,0.0,False,False,False,False
1649,1,0,1,-0.05006257822277849,-0.010204317860205814,0.0,0.0,0.6408981313023014,0.15623249477619588,0.6408981313023016,0.5085912854430985,0.7730995364584147,0.26450825101531616,False,False,False,False
1766,3,0,3,-0.023133345480100303,-0.019884201838204496,0.3333333333333333,0.0,1.0,9.614813431917819e-17,1.0,0.9999999999999998,1.0,2.220446049250313e-16,False,False,False,False
1230,4,0,4,-0.01785221905482487,-0.020558239000667472,0.5,0.0,0.9906594195779952,0.028681775152555516,0.9906594195779952,0.992829428355415,1.0,0.007170571644585011,False,False,False,False
4888,1,0,1,-0.01702313400261901,-0.02830740868406112,0.0,0.0,0.5381821964035963,0.1679921137917138,0.5381821964035964,0.35506867185966623,0.7256843729015531,0.37061570104188685,False,False,False,False
4889,1,0,1,-0.01720855301698876,-0.028492827698430867,0.0,0.0,0.5381634030502512,0.1677330134791125,0.5381634030502511,0.3546788408206566,0.7253133219543747,0.3706344811337181,False,False,False,False
