ret_col,date,sort_col,economic_group,group_label,sort_mean,portfolio_ret,n_funds
future_ret_6m,2006-06-30 00:00:00,FAC_rank_vol_m3_n6_pairwise1,1,Low,0.870315184779241,,2
future_ret_6m,2006-06-30 00:00:00,FAC_rank_vol_m3_n6_pairwise1,2,Q2,0.9037749551350623,,1
future_ret_6m,2006-06-30 00:00:00,FAC_rank_vol_m3_n6_pairwise1,3,Q3,0.9037749551350623,,1
future_ret_6m,2006-06-30 00:00:00,FAC_rank_vol_m3_n6_pairwise1,4,Q4,0.9037749551350623,,1
future_ret_6m,2006-06-30 00:00:00,FAC_rank_vol_m3_n6_pairwise1,5,High,0.9951887477567531,,1
future_ret_6m,2006-09-29 00:00:00,FAC_rank_vol_m3_n6_pairwise1,1,Low,0.8096594833005979,,2
future_ret_6m,2006-09-29 00:00:00,FAC_rank_vol_m3_n6_pairwise1,2,Q2,0.8897603620389753,,1
future_ret_6m,2006-09-29 00:00:00,FAC_rank_vol_m3_n6_pairwise1,3,Q3,0.9037749551350623,,1
future_ret_6m,2006-09-29 00:00:00,FAC_rank_vol_m3_n6_pairwise1,4,Q4,0.9132639166889112,,1
future_ret_6m,2006-09-29 00:00:00,FAC_rank_vol_m3_n6_pairwise1,5,High,0.972809747679023,,1
future_ret_6m,2006-12-29 00:00:00,FAC_rank_vol_m3_n6_pairwise1,1,Low,0.6834813136397889,,2
future_ret_6m,2006-12-29 00:00:00,FAC_rank_vol_m3_n6_pairwise1,2,Q2,0.7837908439104515,,1
future_ret_6m,2006-12-29 00:00:00,FAC_rank_vol_m3_n6_pairwise1,3,Q3,0.858271127456312,,2
future_ret_6m,2006-12-29 00:00:00,FAC_rank_vol_m3_n6_pairwise1,4,Q4,0.8679946534316365,,1
future_ret_6m,2006-12-29 00:00:00,FAC_rank_vol_m3_n6_pairwise1,5,High,0.9149551965572984,,2
future_ret_6m,2007-03-30 00:00:00,FAC_rank_vol_m3_n6_pairwise1,1,Low,0.7881223749219366,,2
future_ret_6m,2007-03-30 00:00:00,FAC_rank_vol_m3_n6_pairwise1,2,Q2,0.8514906024782829,,2
future_ret_6m,2007-03-30 00:00:00,FAC_rank_vol_m3_n6_pairwise1,3,Q3,0.8727062306956711,,1
future_ret_6m,2007-03-30 00:00:00,FAC_rank_vol_m3_n6_pairwise1,4,Q4,0.9186185378183012,,1
future_ret_6m,2007-03-30 00:00:00,FAC_rank_vol_m3_n6_pairwise1,5,High,0.9317938993846873,,2
future_ret_6m,2007-06-29 00:00:00,FAC_rank_vol_m3_n6_pairwise1,1,Low,0.7693911268678615,,1
future_ret_6m,2007-06-29 00:00:00,FAC_rank_vol_m3_n6_pairwise1,2,Q2,0.7745057889352642,,1
future_ret_6m,2007-06-29 00:00:00,FAC_rank_vol_m3_n6_pairwise1,3,Q3,0.7984258505508337,,1
future_ret_6m,2007-06-29 00:00:00,FAC_rank_vol_m3_n6_pairwise1,4,Q4,0.8424905900876916,,1
future_ret_6m,2007-06-29 00:00:00,FAC_rank_vol_m3_n6_pairwise1,5,High,0.8969440318679078,,1
future_ret_6m,2007-09-28 00:00:00,FAC_rank_vol_m3_n6_pairwise1,1,Low,0.7143408261208203,,3
future_ret_6m,2007-09-28 00:00:00,FAC_rank_vol_m3_n6_pairwise1,2,Q2,0.8611340698498231,,3
future_ret_6m,2007-09-28 00:00:00,FAC_rank_vol_m3_n6_pairwise1,3,Q3,0.8950272237837045,,2
future_ret_6m,2007-09-28 00:00:00,FAC_rank_vol_m3_n6_pairwise1,4,Q4,0.9090909090909091,,1
future_ret_6m,2007-09-28 00:00:00,FAC_rank_vol_m3_n6_pairwise1,5,High,0.9711324865405188,,2
future_ret_6m,2007-12-28 00:00:00,FAC_rank_vol_m3_n6_pairwise1,1,Low,0.819988587091907,,3
future_ret_6m,2007-12-28 00:00:00,FAC_rank_vol_m3_n6_pairwise1,2,Q2,0.8722250696621334,,2
future_ret_6m,2007-12-28 00:00:00,FAC_rank_vol_m3_n6_pairwise1,3,Q3,0.8962873354658368,,3
future_ret_6m,2007-12-28 00:00:00,FAC_rank_vol_m3_n6_pairwise1,4,Q4,0.9131195669108578,,2
future_ret_6m,2007-12-28 00:00:00,FAC_rank_vol_m3_n6_pairwise1,5,High,0.9478128319043666,,3
future_ret_6m,2008-03-31 00:00:00,FAC_rank_vol_m3_n6_pairwise1,1,Low,0.6946086905126307,,3
future_ret_6m,2008-03-31 00:00:00,FAC_rank_vol_m3_n6_pairwise1,2,Q2,0.7491301717223587,,3
future_ret_6m,2008-03-31 00:00:00,FAC_rank_vol_m3_n6_pairwise1,3,Q3,0.8147933295445672,,3
future_ret_6m,2008-03-31 00:00:00,FAC_rank_vol_m3_n6_pairwise1,4,Q4,0.8789509733366855,,4
future_ret_6m,2008-03-31 00:00:00,FAC_rank_vol_m3_n6_pairwise1,5,High,0.9719488191466871,,2
future_ret_6m,2008-06-30 00:00:00,FAC_rank_vol_m3_n6_pairwise1,1,Low,0.7102312101547645,,4
future_ret_6m,2008-06-30 00:00:00,FAC_rank_vol_m3_n6_pairwise1,2,Q2,0.8134846355006984,,4
future_ret_6m,2008-06-30 00:00:00,FAC_rank_vol_m3_n6_pairwise1,3,Q3,0.8575895345463086,,4
future_ret_6m,2008-06-30 00:00:00,FAC_rank_vol_m3_n6_pairwise1,4,Q4,0.8989814892583264,,4
future_ret_6m,2008-06-30 00:00:00,FAC_rank_vol_m3_n6_pairwise1,5,High,0.9542499348862532,,4
future_ret_6m,2008-09-26 00:00:00,FAC_rank_vol_m3_n6_pairwise1,1,Low,0.7944776773794558,0.09292653004707359,6
future_ret_6m,2008-09-26 00:00:00,FAC_rank_vol_m3_n6_pairwise1,2,Q2,0.8789120931002768,0.17211683633047853,5
future_ret_6m,2008-09-26 00:00:00,FAC_rank_vol_m3_n6_pairwise1,3,Q3,0.9148291762976383,0.09426835939424025,5
future_ret_6m,2008-09-26 00:00:00,FAC_rank_vol_m3_n6_pairwise1,4,Q4,0.9388088254627883,0.1010304855856878,5
future_ret_6m,2008-09-26 00:00:00,FAC_rank_vol_m3_n6_pairwise1,5,High,0.9721926423970249,0.15229040491759469,5
future_ret_6m,2008-12-31 00:00:00,FAC_rank_vol_m3_n6_pairwise1,1,Low,0.818687658163127,0.44523557765665556,7
future_ret_6m,2008-12-31 00:00:00,FAC_rank_vol_m3_n6_pairwise1,2,Q2,0.8967455396548999,0.5278880008701665,7
future_ret_6m,2008-12-31 00:00:00,FAC_rank_vol_m3_n6_pairwise1,3,Q3,0.9271304805011543,0.4792408445747465,7
future_ret_6m,2008-12-31 00:00:00,FAC_rank_vol_m3_n6_pairwise1,4,Q4,0.9587469406056953,0.5584047922501244,7
future_ret_6m,2008-12-31 00:00:00,FAC_rank_vol_m3_n6_pairwise1,5,High,0.9867234294386105,0.4839829121492567,7
future_ret_6m,2009-03-31 00:00:00,FAC_rank_vol_m3_n6_pairwise1,1,Low,0.7020474170594736,0.1844849706118405,7
future_ret_6m,2009-03-31 00:00:00,FAC_rank_vol_m3_n6_pairwise1,2,Q2,0.7891069846389929,0.21111869371779032,6
future_ret_6m,2009-03-31 00:00:00,FAC_rank_vol_m3_n6_pairwise1,3,Q3,0.8960887198865818,0.14542909400693077,7
future_ret_6m,2009-03-31 00:00:00,FAC_rank_vol_m3_n6_pairwise1,4,Q4,0.9395387528284203,0.21985051366725109,6
future_ret_6m,2009-03-31 00:00:00,FAC_rank_vol_m3_n6_pairwise1,5,High,0.9653452753507635,0.18183419279279184,7
future_ret_6m,2009-06-30 00:00:00,FAC_rank_vol_m3_n6_pairwise1,1,Low,0.789383640971046,0.13546527409494735,9
future_ret_6m,2009-06-30 00:00:00,FAC_rank_vol_m3_n6_pairwise1,2,Q2,0.886768391020397,0.15569636588638625,8
future_ret_6m,2009-06-30 00:00:00,FAC_rank_vol_m3_n6_pairwise1,3,Q3,0.9251437732048429,0.13950005248490735,8
future_ret_6m,2009-06-30 00:00:00,FAC_rank_vol_m3_n6_pairwise1,4,Q4,0.9549300960559387,0.10415712102456606,8
future_ret_6m,2009-06-30 00:00:00,FAC_rank_vol_m3_n6_pairwise1,5,High,0.9846617794399835,0.13019354183006326,9
future_ret_6m,2009-09-30 00:00:00,FAC_rank_vol_m3_n6_pairwise1,1,Low,0.7477278764107295,0.1488009530396167,10
future_ret_6m,2009-09-30 00:00:00,FAC_rank_vol_m3_n6_pairwise1,2,Q2,0.8641924271797207,0.13241107178125874,9
future_ret_6m,2009-09-30 00:00:00,FAC_rank_vol_m3_n6_pairwise1,3,Q3,0.8927346659085474,0.11451448228838333,9
future_ret_6m,2009-09-30 00:00:00,FAC_rank_vol_m3_n6_pairwise1,4,Q4,0.9281802208086588,0.1198402060147086,9
future_ret_6m,2009-09-30 00:00:00,FAC_rank_vol_m3_n6_pairwise1,5,High,0.9733422901079501,0.12797661312734304,10
future_ret_6m,2009-12-31 00:00:00,FAC_rank_vol_m3_n6_pairwise1,1,Low,0.7246049438752857,-0.1840519181943567,12
future_ret_6m,2009-12-31 00:00:00,FAC_rank_vol_m3_n6_pairwise1,2,Q2,0.8538598733281312,-0.2021181563534734,12
future_ret_6m,2009-12-31 00:00:00,FAC_rank_vol_m3_n6_pairwise1,3,Q3,0.9176447817038695,-0.1799175750448498,11
future_ret_6m,2009-12-31 00:00:00,FAC_rank_vol_m3_n6_pairwise1,4,Q4,0.9560885919311936,-0.16810980241197646,12
future_ret_6m,2009-12-31 00:00:00,FAC_rank_vol_m3_n6_pairwise1,5,High,0.9892825757918211,-0.19876259641270103,12
future_ret_6m,2010-03-31 00:00:00,FAC_rank_vol_m3_n6_pairwise1,1,Low,0.7388338220004105,-0.0056261269703648436,12
future_ret_6m,2010-03-31 00:00:00,FAC_rank_vol_m3_n6_pairwise1,2,Q2,0.8435143277778968,0.004046941882064069,12
future_ret_6m,2010-03-31 00:00:00,FAC_rank_vol_m3_n6_pairwise1,3,Q3,0.8835527228296157,0.016628694731098168,12
future_ret_6m,2010-03-31 00:00:00,FAC_rank_vol_m3_n6_pairwise1,4,Q4,0.9292193729683861,-0.023565117763384286,12
future_ret_6m,2010-03-31 00:00:00,FAC_rank_vol_m3_n6_pairwise1,5,High,0.9642035635528409,-0.013750134813868184,12
future_ret_6m,2010-06-30 00:00:00,FAC_rank_vol_m3_n6_pairwise1,1,Low,0.8286159230665663,0.2287276557647285,12
future_ret_6m,2010-06-30 00:00:00,FAC_rank_vol_m3_n6_pairwise1,2,Q2,0.9028244789530105,0.25932471845730726,11
future_ret_6m,2010-06-30 00:00:00,FAC_rank_vol_m3_n6_pairwise1,3,Q3,0.9349961702852337,0.2530668710225709,11
future_ret_6m,2010-06-30 00:00:00,FAC_rank_vol_m3_n6_pairwise1,4,Q4,0.9670865073920603,0.25882218908980287,11
future_ret_6m,2010-06-30 00:00:00,FAC_rank_vol_m3_n6_pairwise1,5,High,0.9911939952365715,0.26819744601627105,12
future_ret_6m,2010-09-30 00:00:00,FAC_rank_vol_m3_n6_pairwise1,1,Low,0.8238549497383456,0.018533250114302614,12
future_ret_6m,2010-09-30 00:00:00,FAC_rank_vol_m3_n6_pairwise1,2,Q2,0.8952748150048859,0.05947053547636335,12
future_ret_6m,2010-09-30 00:00:00,FAC_rank_vol_m3_n6_pairwise1,3,Q3,0.9308198075403572,0.02939141525091236,12
future_ret_6m,2010-09-30 00:00:00,FAC_rank_vol_m3_n6_pairwise1,4,Q4,0.9623180885462618,0.024928770061476438,12
future_ret_6m,2010-09-30 00:00:00,FAC_rank_vol_m3_n6_pairwise1,5,High,0.9884671152869667,0.0395458814248954,12
future_ret_6m,2010-12-31 00:00:00,FAC_rank_vol_m3_n6_pairwise1,1,Low,0.7893391619148102,-0.08116760846439539,13
future_ret_6m,2010-12-31 00:00:00,FAC_rank_vol_m3_n6_pairwise1,2,Q2,0.8828796197983756,-0.07652915565761916,12
future_ret_6m,2010-12-31 00:00:00,FAC_rank_vol_m3_n6_pairwise1,3,Q3,0.9348518217124225,-0.07840278110936992,12
future_ret_6m,2010-12-31 00:00:00,FAC_rank_vol_m3_n6_pairwise1,4,Q4,0.9602677097090725,-0.06008557684873084,12
future_ret_6m,2010-12-31 00:00:00,FAC_rank_vol_m3_n6_pairwise1,5,High,0.9802097296850314,-0.05514226000088365,12
future_ret_6m,2011-03-31 00:00:00,FAC_rank_vol_m3_n6_pairwise1,1,Low,0.733494937652402,-0.14416756047884413,13
future_ret_6m,2011-03-31 00:00:00,FAC_rank_vol_m3_n6_pairwise1,2,Q2,0.8460917462350165,-0.14983976690604808,12
future_ret_6m,2011-03-31 00:00:00,FAC_rank_vol_m3_n6_pairwise1,3,Q3,0.9059373514417058,-0.17143709202335966,13
future_ret_6m,2011-03-31 00:00:00,FAC_rank_vol_m3_n6_pairwise1,4,Q4,0.9464387558855424,-0.14736344003072632,12
future_ret_6m,2011-03-31 00:00:00,FAC_rank_vol_m3_n6_pairwise1,5,High,0.982028230984774,-0.15571123266681505,13
future_ret_6m,2011-06-30 00:00:00,FAC_rank_vol_m3_n6_pairwise1,1,Low,0.7290063084554521,-0.20299121324919572,14
future_ret_6m,2011-06-30 00:00:00,FAC_rank_vol_m3_n6_pairwise1,2,Q2,0.8833154078384517,-0.15633946644528143,14
future_ret_6m,2011-06-30 00:00:00,FAC_rank_vol_m3_n6_pairwise1,3,Q3,0.9080516530156643,-0.18515245888183532,13
future_ret_6m,2011-06-30 00:00:00,FAC_rank_vol_m3_n6_pairwise1,4,Q4,0.9465459395689256,-0.18794656542000573,14
future_ret_6m,2011-06-30 00:00:00,FAC_rank_vol_m3_n6_pairwise1,5,High,0.9811647727854176,-0.16978095701509016,14
future_ret_6m,2011-09-30 00:00:00,FAC_rank_vol_m3_n6_pairwise1,1,Low,0.7390907351807647,-0.07241131296122114,16
future_ret_6m,2011-09-30 00:00:00,FAC_rank_vol_m3_n6_pairwise1,2,Q2,0.8481146727987752,-0.06401232850419226,15
future_ret_6m,2011-09-30 00:00:00,FAC_rank_vol_m3_n6_pairwise1,3,Q3,0.897892482939502,-0.0639422507938577,15
future_ret_6m,2011-09-30 00:00:00,FAC_rank_vol_m3_n6_pairwise1,4,Q4,0.9370262721781145,-0.06460718631156942,15
future_ret_6m,2011-09-30 00:00:00,FAC_rank_vol_m3_n6_pairwise1,5,High,0.9787786139596768,-0.05869537220183466,15
future_ret_6m,2011-12-30 00:00:00,FAC_rank_vol_m3_n6_pairwise1,1,Low,0.755825175792116,0.041606656822902995,16
future_ret_6m,2011-12-30 00:00:00,FAC_rank_vol_m3_n6_pairwise1,2,Q2,0.8570031833542444,0.03962014268463521,16
future_ret_6m,2011-12-30 00:00:00,FAC_rank_vol_m3_n6_pairwise1,3,Q3,0.9156382168436202,0.043051814444534105,15
future_ret_6m,2011-12-30 00:00:00,FAC_rank_vol_m3_n6_pairwise1,4,Q4,0.9503041098513686,0.06360124343096146,16
future_ret_6m,2011-12-30 00:00:00,FAC_rank_vol_m3_n6_pairwise1,5,High,0.9794567968704533,0.03974273820137834,16
future_ret_6m,2012-03-30 00:00:00,FAC_rank_vol_m3_n6_pairwise1,1,Low,0.8524406242148624,0.024630106827490755,17
future_ret_6m,2012-03-30 00:00:00,FAC_rank_vol_m3_n6_pairwise1,2,Q2,0.9083965557671938,0.002089174163570004,16
future_ret_6m,2012-03-30 00:00:00,FAC_rank_vol_m3_n6_pairwise1,3,Q3,0.9383850732463073,-0.013140648478059076,16
future_ret_6m,2012-03-30 00:00:00,FAC_rank_vol_m3_n6_pairwise1,4,Q4,0.9611885972173886,0.0051031080662359805,16
future_ret_6m,2012-03-30 00:00:00,FAC_rank_vol_m3_n6_pairwise1,5,High,0.988173904541514,0.003811490803494265,16
future_ret_6m,2012-06-29 00:00:00,FAC_rank_vol_m3_n6_pairwise1,1,Low,0.6852288952899226,0.017529874243722154,18
future_ret_6m,2012-06-29 00:00:00,FAC_rank_vol_m3_n6_pairwise1,2,Q2,0.8054178471993896,0.024812592441240375,18
future_ret_6m,2012-06-29 00:00:00,FAC_rank_vol_m3_n6_pairwise1,3,Q3,0.8634235859644503,-0.003052545529375303,17
future_ret_6m,2012-06-29 00:00:00,FAC_rank_vol_m3_n6_pairwise1,4,Q4,0.9062087782202077,-0.017732416137235727,18
future_ret_6m,2012-06-29 00:00:00,FAC_rank_vol_m3_n6_pairwise1,5,High,0.9659921644762269,0.018145861808614723,18
future_ret_6m,2012-09-28 00:00:00,FAC_rank_vol_m3_n6_pairwise1,1,Low,0.8477584738539421,0.110733295748218,21
future_ret_6m,2012-09-28 00:00:00,FAC_rank_vol_m3_n6_pairwise1,2,Q2,0.9194265427292317,0.11221041971026187,21
future_ret_6m,2012-09-28 00:00:00,FAC_rank_vol_m3_n6_pairwise1,3,Q3,0.9459829652049185,0.0912445093275154,20
future_ret_6m,2012-09-28 00:00:00,FAC_rank_vol_m3_n6_pairwise1,4,Q4,0.9664405768196703,0.12090822036235324,21
future_ret_6m,2012-09-28 00:00:00,FAC_rank_vol_m3_n6_pairwise1,5,High,0.9871652198524908,0.10384760655419625,21
future_ret_6m,2012-12-31 00:00:00,FAC_rank_vol_m3_n6_pairwise1,1,Low,0.6691723329746783,0.003120009805771387,24
future_ret_6m,2012-12-31 00:00:00,FAC_rank_vol_m3_n6_pairwise1,2,Q2,0.81109120126228,0.06236076693295854,23
future_ret_6m,2012-12-31 00:00:00,FAC_rank_vol_m3_n6_pairwise1,3,Q3,0.8782931494726421,0.09361849141934726,24
future_ret_6m,2012-12-31 00:00:00,FAC_rank_vol_m3_n6_pairwise1,4,Q4,0.9266632330097567,0.04428507162247566,23
future_ret_6m,2012-12-31 00:00:00,FAC_rank_vol_m3_n6_pairwise1,5,High,0.9696951495608653,0.07958476068742561,24
future_ret_6m,2013-03-29 00:00:00,FAC_rank_vol_m3_n6_pairwise1,1,Low,0.7236930520850211,0.16402726359890762,25
future_ret_6m,2013-03-29 00:00:00,FAC_rank_vol_m3_n6_pairwise1,2,Q2,0.832810073774668,0.10322399179328137,25
future_ret_6m,2013-03-29 00:00:00,FAC_rank_vol_m3_n6_pairwise1,3,Q3,0.8860502874124934,0.1578218960729035,24
future_ret_6m,2013-03-29 00:00:00,FAC_rank_vol_m3_n6_pairwise1,4,Q4,0.9268125313651236,0.11655134225543261,25
future_ret_6m,2013-03-29 00:00:00,FAC_rank_vol_m3_n6_pairwise1,5,High,0.9705196608266128,0.14659084346067186,25
future_ret_6m,2013-06-28 00:00:00,FAC_rank_vol_m3_n6_pairwise1,1,Low,0.7281629753310855,0.1275630670399252,25
future_ret_6m,2013-06-28 00:00:00,FAC_rank_vol_m3_n6_pairwise1,2,Q2,0.8351226400175271,0.0760464786692385,25
future_ret_6m,2013-06-28 00:00:00,FAC_rank_vol_m3_n6_pairwise1,3,Q3,0.8941136696692182,0.11687322681434273,25
future_ret_6m,2013-06-28 00:00:00,FAC_rank_vol_m3_n6_pairwise1,4,Q4,0.9399812337257987,0.09015544136618715,25
future_ret_6m,2013-06-28 00:00:00,FAC_rank_vol_m3_n6_pairwise1,5,High,0.9795423957789793,0.10696614771307658,25
future_ret_6m,2013-09-30 00:00:00,FAC_rank_vol_m3_n6_pairwise1,1,Low,0.8588253826408659,-0.09396893917685654,27
future_ret_6m,2013-09-30 00:00:00,FAC_rank_vol_m3_n6_pairwise1,2,Q2,0.9263697962304552,-0.06158458785083834,27
future_ret_6m,2013-09-30 00:00:00,FAC_rank_vol_m3_n6_pairwise1,3,Q3,0.9493327629823507,-0.06718416002144165,26
future_ret_6m,2013-09-30 00:00:00,FAC_rank_vol_m3_n6_pairwise1,4,Q4,0.9674303103448006,-0.06749903348747821,27
future_ret_6m,2013-09-30 00:00:00,FAC_rank_vol_m3_n6_pairwise1,5,High,0.9868896155071659,-0.09811459075944329,27
future_ret_6m,2013-12-31 00:00:00,FAC_rank_vol_m3_n6_pairwise1,1,Low,0.790832195623127,0.008771267688892064,29
future_ret_6m,2013-12-31 00:00:00,FAC_rank_vol_m3_n6_pairwise1,2,Q2,0.8763853667248195,-0.01579197585757677,28
future_ret_6m,2013-12-31 00:00:00,FAC_rank_vol_m3_n6_pairwise1,3,Q3,0.9183105217805171,-0.00990531932226293,28
future_ret_6m,2013-12-31 00:00:00,FAC_rank_vol_m3_n6_pairwise1,4,Q4,0.9521286201577935,-0.03717814506721771,28
future_ret_6m,2013-12-31 00:00:00,FAC_rank_vol_m3_n6_pairwise1,5,High,0.9801676142705819,-0.02122195143589313,29
future_ret_6m,2014-03-31 00:00:00,FAC_rank_vol_m3_n6_pairwise1,1,Low,0.7533839247061744,0.1528512378612784,26
future_ret_6m,2014-03-31 00:00:00,FAC_rank_vol_m3_n6_pairwise1,2,Q2,0.8582917562816407,0.1631050667528478,25
future_ret_6m,2014-03-31 00:00:00,FAC_rank_vol_m3_n6_pairwise1,3,Q3,0.9015704579741052,0.17047472535959193,26
future_ret_6m,2014-03-31 00:00:00,FAC_rank_vol_m3_n6_pairwise1,4,Q4,0.9423825489412296,0.16880559764206726,25
future_ret_6m,2014-03-31 00:00:00,FAC_rank_vol_m3_n6_pairwise1,5,High,0.9720146547905811,0.18869518987402248,26
future_ret_6m,2014-06-30 00:00:00,FAC_rank_vol_m3_n6_pairwise1,1,Low,0.842307503416431,0.21880374769130995,25
future_ret_6m,2014-06-30 00:00:00,FAC_rank_vol_m3_n6_pairwise1,2,Q2,0.9071676017826623,0.2641252608783493,25
future_ret_6m,2014-06-30 00:00:00,FAC_rank_vol_m3_n6_pairwise1,3,Q3,0.9386713583354773,0.24131858884679452,25
future_ret_6m,2014-06-30 00:00:00,FAC_rank_vol_m3_n6_pairwise1,4,Q4,0.9669935470183255,0.28681559269997364,25
future_ret_6m,2014-06-30 00:00:00,FAC_rank_vol_m3_n6_pairwise1,5,High,0.9915734032065874,0.24665143483219715,25
future_ret_6m,2014-09-30 00:00:00,FAC_rank_vol_m3_n6_pairwise1,1,Low,0.7584097796347272,0.4628539590465679,25
future_ret_6m,2014-09-30 00:00:00,FAC_rank_vol_m3_n6_pairwise1,2,Q2,0.854359603303501,0.47711149170160977,24
future_ret_6m,2014-09-30 00:00:00,FAC_rank_vol_m3_n6_pairwise1,3,Q3,0.9039062257700468,0.4927315881628533,24
future_ret_6m,2014-09-30 00:00:00,FAC_rank_vol_m3_n6_pairwise1,4,Q4,0.935244367983859,0.4206356486531349,24
future_ret_6m,2014-09-30 00:00:00,FAC_rank_vol_m3_n6_pairwise1,5,High,0.9737574557025417,0.47920413356932406,25
future_ret_6m,2014-12-31 00:00:00,FAC_rank_vol_m3_n6_pairwise1,1,Low,0.6691329084864984,0.602635187980492,24
future_ret_6m,2014-12-31 00:00:00,FAC_rank_vol_m3_n6_pairwise1,2,Q2,0.7832962649374074,0.5508086405057557,23
future_ret_6m,2014-12-31 00:00:00,FAC_rank_vol_m3_n6_pairwise1,3,Q3,0.8449781943733327,0.6172174545331126,23
future_ret_6m,2014-12-31 00:00:00,FAC_rank_vol_m3_n6_pairwise1,4,Q4,0.8893501269339802,0.5664806689629917,23
future_ret_6m,2014-12-31 00:00:00,FAC_rank_vol_m3_n6_pairwise1,5,High,0.958538664052229,0.5687723224537901,23
future_ret_6m,2015-03-31 00:00:00,FAC_rank_vol_m3_n6_pairwise1,1,Low,0.8215846419932752,-0.1428666350610627,24
future_ret_6m,2015-03-31 00:00:00,FAC_rank_vol_m3_n6_pairwise1,2,Q2,0.8990988591132352,-0.10071062776737734,23
future_ret_6m,2015-03-31 00:00:00,FAC_rank_vol_m3_n6_pairwise1,3,Q3,0.9311511121793101,-0.12705148443873687,23
future_ret_6m,2015-03-31 00:00:00,FAC_rank_vol_m3_n6_pairwise1,4,Q4,0.960503545533342,-0.11302010606452557,23
future_ret_6m,2015-03-31 00:00:00,FAC_rank_vol_m3_n6_pairwise1,5,High,0.9808422615757074,-0.10888762110593948,24
future_ret_6m,2015-06-30 00:00:00,FAC_rank_vol_m3_n6_pairwise1,1,Low,0.6754247290978002,-0.04078682881132337,17
future_ret_6m,2015-06-30 00:00:00,FAC_rank_vol_m3_n6_pairwise1,2,Q2,0.8189046520344188,-0.03644012531615648,17
future_ret_6m,2015-06-30 00:00:00,FAC_rank_vol_m3_n6_pairwise1,3,Q3,0.8718836439818634,-0.012573272753463042,17
future_ret_6m,2015-06-30 00:00:00,FAC_rank_vol_m3_n6_pairwise1,4,Q4,0.9111813461341364,-0.01740656490998965,17
future_ret_6m,2015-06-30 00:00:00,FAC_rank_vol_m3_n6_pairwise1,5,High,0.9684849906735777,-0.07966750156248083,17
future_ret_6m,2015-09-30 00:00:00,FAC_rank_vol_m3_n6_pairwise1,1,Low,0.6962216039331727,0.09231043872634288,17
future_ret_6m,2015-09-30 00:00:00,FAC_rank_vol_m3_n6_pairwise1,2,Q2,0.8317866410058873,0.07978240203066417,16
future_ret_6m,2015-09-30 00:00:00,FAC_rank_vol_m3_n6_pairwise1,3,Q3,0.8888774101407744,0.08014112463369671,16
future_ret_6m,2015-09-30 00:00:00,FAC_rank_vol_m3_n6_pairwise1,4,Q4,0.9319163829711873,0.08316675505460697,16
future_ret_6m,2015-09-30 00:00:00,FAC_rank_vol_m3_n6_pairwise1,5,High,0.9736715142339845,0.09707519766672199,17
future_ret_6m,2015-12-31 00:00:00,FAC_rank_vol_m3_n6_pairwise1,1,Low,0.7453035310416936,-0.1264084987971967,18
future_ret_6m,2015-12-31 00:00:00,FAC_rank_vol_m3_n6_pairwise1,2,Q2,0.8339229043341206,-0.13606810903428113,18
future_ret_6m,2015-12-31 00:00:00,FAC_rank_vol_m3_n6_pairwise1,3,Q3,0.889108078461683,-0.12292839908345653,18
future_ret_6m,2015-12-31 00:00:00,FAC_rank_vol_m3_n6_pairwise1,4,Q4,0.9283705083200474,-0.13205198096400145,18
future_ret_6m,2015-12-31 00:00:00,FAC_rank_vol_m3_n6_pairwise1,5,High,0.9731160309717275,-0.11242244717984813,18
future_ret_6m,2016-03-31 00:00:00,FAC_rank_vol_m3_n6_pairwise1,1,Low,0.7649863576538847,0.041740263819709834,19
future_ret_6m,2016-03-31 00:00:00,FAC_rank_vol_m3_n6_pairwise1,2,Q2,0.8541625146508577,0.06956241306253712,19
future_ret_6m,2016-03-31 00:00:00,FAC_rank_vol_m3_n6_pairwise1,3,Q3,0.8985663862817453,0.035070832318680425,19
future_ret_6m,2016-03-31 00:00:00,FAC_rank_vol_m3_n6_pairwise1,4,Q4,0.9283729088534499,0.04819796257921285,19
future_ret_6m,2016-03-31 00:00:00,FAC_rank_vol_m3_n6_pairwise1,5,High,0.9650198601704435,0.04120926506533363,19
future_ret_6m,2016-06-30 00:00:00,FAC_rank_vol_m3_n6_pairwise1,1,Low,0.7860837690066611,-0.03293210341219545,21
future_ret_6m,2016-06-30 00:00:00,FAC_rank_vol_m3_n6_pairwise1,2,Q2,0.8679099696211422,-0.02031466558180344,20
future_ret_6m,2016-06-30 00:00:00,FAC_rank_vol_m3_n6_pairwise1,3,Q3,0.9060480621774422,0.007741437628785579,21
future_ret_6m,2016-06-30 00:00:00,FAC_rank_vol_m3_n6_pairwise1,4,Q4,0.9451192831406727,-0.007500744533141807,20
future_ret_6m,2016-06-30 00:00:00,FAC_rank_vol_m3_n6_pairwise1,5,High,0.9806884901499784,-0.004086496549883372,21
future_ret_6m,2016-09-30 00:00:00,FAC_rank_vol_m3_n6_pairwise1,1,Low,0.7629814174522886,-0.005118203165514514,25
future_ret_6m,2016-09-30 00:00:00,FAC_rank_vol_m3_n6_pairwise1,2,Q2,0.8707679214391717,0.007915720903077848,25
future_ret_6m,2016-09-30 00:00:00,FAC_rank_vol_m3_n6_pairwise1,3,Q3,0.9092715085896017,0.012444010481768065,25
future_ret_6m,2016-09-30 00:00:00,FAC_rank_vol_m3_n6_pairwise1,4,Q4,0.9421696347535489,-0.001253132941709949,25
future_ret_6m,2016-09-30 00:00:00,FAC_rank_vol_m3_n6_pairwise1,5,High,0.9676480949457915,0.008331399850381057,25
future_ret_6m,2016-12-30 00:00:00,FAC_rank_vol_m3_n6_pairwise1,1,Low,0.7867157691560362,0.05321497741494547,35
future_ret_6m,2016-12-30 00:00:00,FAC_rank_vol_m3_n6_pairwise1,2,Q2,0.8682843543484818,0.06431230954165436,34
future_ret_6m,2016-12-30 00:00:00,FAC_rank_vol_m3_n6_pairwise1,3,Q3,0.9054275809820066,0.07234162130463913,35
future_ret_6m,2016-12-30 00:00:00,FAC_rank_vol_m3_n6_pairwise1,4,Q4,0.9448547454250816,0.06898028132634171,34
future_ret_6m,2016-12-30 00:00:00,FAC_rank_vol_m3_n6_pairwise1,5,High,0.9774565753790556,0.03798876154204786,35
future_ret_6m,2017-03-31 00:00:00,FAC_rank_vol_m3_n6_pairwise1,1,Low,0.7794220320006782,0.10018057610879584,45
future_ret_6m,2017-03-31 00:00:00,FAC_rank_vol_m3_n6_pairwise1,2,Q2,0.8734602622651465,0.09487528855252964,44
future_ret_6m,2017-03-31 00:00:00,FAC_rank_vol_m3_n6_pairwise1,3,Q3,0.9151802116829324,0.08717587811276094,44
future_ret_6m,2017-03-31 00:00:00,FAC_rank_vol_m3_n6_pairwise1,4,Q4,0.9458606638203705,0.09297109980165814,44
future_ret_6m,2017-03-31 00:00:00,FAC_rank_vol_m3_n6_pairwise1,5,High,0.9790716975501431,0.07622751078642724,44
future_ret_6m,2017-06-30 00:00:00,FAC_rank_vol_m3_n6_pairwise1,1,Low,0.8445714754838926,0.09534133307179027,47
future_ret_6m,2017-06-30 00:00:00,FAC_rank_vol_m3_n6_pairwise1,2,Q2,0.9068825349468853,0.07758213053248345,46
future_ret_6m,2017-06-30 00:00:00,FAC_rank_vol_m3_n6_pairwise1,3,Q3,0.9367402408388156,0.06974185684160897,46
future_ret_6m,2017-06-30 00:00:00,FAC_rank_vol_m3_n6_pairwise1,4,Q4,0.9611944676664818,0.0863214626318503,46
future_ret_6m,2017-06-30 00:00:00,FAC_rank_vol_m3_n6_pairwise1,5,High,0.9799174857880214,0.09690785259894706,47
future_ret_6m,2017-09-29 00:00:00,FAC_rank_vol_m3_n6_pairwise1,1,Low,0.858234862272532,0.01844913752108608,52
future_ret_6m,2017-09-29 00:00:00,FAC_rank_vol_m3_n6_pairwise1,2,Q2,0.9175461449115364,0.019785117765699838,51
future_ret_6m,2017-09-29 00:00:00,FAC_rank_vol_m3_n6_pairwise1,3,Q3,0.9463241787518826,0.004632772079760506,51
future_ret_6m,2017-09-29 00:00:00,FAC_rank_vol_m3_n6_pairwise1,4,Q4,0.9664083200778835,0.0045892081021549356,51
future_ret_6m,2017-09-29 00:00:00,FAC_rank_vol_m3_n6_pairwise1,5,High,0.9881531799549846,-0.0024092758904205977,51
future_ret_6m,2017-12-29 00:00:00,FAC_rank_vol_m3_n6_pairwise1,1,Low,0.8159694362545205,-0.0909398559648351,55
future_ret_6m,2017-12-29 00:00:00,FAC_rank_vol_m3_n6_pairwise1,2,Q2,0.8989718523088027,-0.08335435372384496,54
future_ret_6m,2017-12-29 00:00:00,FAC_rank_vol_m3_n6_pairwise1,3,Q3,0.9322102740018404,-0.08323888279342105,54
future_ret_6m,2017-12-29 00:00:00,FAC_rank_vol_m3_n6_pairwise1,4,Q4,0.9551794021738408,-0.07947127042176644,54
future_ret_6m,2017-12-29 00:00:00,FAC_rank_vol_m3_n6_pairwise1,5,High,0.981652064868031,-0.07379778124022096,55
future_ret_6m,2018-03-30 00:00:00,FAC_rank_vol_m3_n6_pairwise1,1,Low,0.7788882829301038,-0.14979916298654003,54
future_ret_6m,2018-03-30 00:00:00,FAC_rank_vol_m3_n6_pairwise1,2,Q2,0.865044437070159,-0.140490351907108,54
future_ret_6m,2018-03-30 00:00:00,FAC_rank_vol_m3_n6_pairwise1,3,Q3,0.9139745382345869,-0.13945774467469998,53
future_ret_6m,2018-03-30 00:00:00,FAC_rank_vol_m3_n6_pairwise1,4,Q4,0.9499729151360484,-0.14883851124585526,54
future_ret_6m,2018-03-30 00:00:00,FAC_rank_vol_m3_n6_pairwise1,5,High,0.9791075102927214,-0.1353058698505436,54
future_ret_6m,2018-06-29 00:00:00,FAC_rank_vol_m3_n6_pairwise1,1,Low,0.7698424011186196,-0.18793877666710782,56
future_ret_6m,2018-06-29 00:00:00,FAC_rank_vol_m3_n6_pairwise1,2,Q2,0.8623387809064638,-0.16640896794642818,55
future_ret_6m,2018-06-29 00:00:00,FAC_rank_vol_m3_n6_pairwise1,3,Q3,0.908151556561975,-0.17362278049066976,56
future_ret_6m,2018-06-29 00:00:00,FAC_rank_vol_m3_n6_pairwise1,4,Q4,0.9405889926430622,-0.17786491346760433,55
future_ret_6m,2018-06-29 00:00:00,FAC_rank_vol_m3_n6_pairwise1,5,High,0.9759741589651548,-0.18807693087248373,56
future_ret_6m,2018-09-28 00:00:00,FAC_rank_vol_m3_n6_pairwise1,1,Low,0.6983130598297712,0.14043315960875918,55
future_ret_6m,2018-09-28 00:00:00,FAC_rank_vol_m3_n6_pairwise1,2,Q2,0.8290513516477622,0.1343019153198711,55
future_ret_6m,2018-09-28 00:00:00,FAC_rank_vol_m3_n6_pairwise1,3,Q3,0.8873410758313667,0.13560763694938607,54
future_ret_6m,2018-09-28 00:00:00,FAC_rank_vol_m3_n6_pairwise1,4,Q4,0.930569708679843,0.12825482664303464,55
future_ret_6m,2018-09-28 00:00:00,FAC_rank_vol_m3_n6_pairwise1,5,High,0.971818097272634,0.11757915910529512,55
future_ret_6m,2018-12-28 00:00:00,FAC_rank_vol_m3_n6_pairwise1,1,Low,0.7876305725440119,0.27747147529727734,56
future_ret_6m,2018-12-28 00:00:00,FAC_rank_vol_m3_n6_pairwise1,2,Q2,0.871709447332991,0.2500232168768789,55
future_ret_6m,2018-12-28 00:00:00,FAC_rank_vol_m3_n6_pairwise1,3,Q3,0.9135657029865715,0.27192455200546545,56
future_ret_6m,2018-12-28 00:00:00,FAC_rank_vol_m3_n6_pairwise1,4,Q4,0.950807001780335,0.25275724373325353,55
future_ret_6m,2018-12-28 00:00:00,FAC_rank_vol_m3_n6_pairwise1,5,High,0.984734355959452,0.2329737480041749,56
future_ret_6m,2019-03-29 00:00:00,FAC_rank_vol_m3_n6_pairwise1,1,Low,0.6733613860953056,0.06067009874661677,58
future_ret_6m,2019-03-29 00:00:00,FAC_rank_vol_m3_n6_pairwise1,2,Q2,0.7866572374416966,0.07187390916800919,57
future_ret_6m,2019-03-29 00:00:00,FAC_rank_vol_m3_n6_pairwise1,3,Q3,0.8666417250215093,0.049049133036472195,57
future_ret_6m,2019-03-29 00:00:00,FAC_rank_vol_m3_n6_pairwise1,4,Q4,0.9119708333574525,0.07144480834662521,57
future_ret_6m,2019-03-29 00:00:00,FAC_rank_vol_m3_n6_pairwise1,5,High,0.959886252550355,0.07302895348313897,58
future_ret_6m,2019-06-28 00:00:00,FAC_rank_vol_m3_n6_pairwise1,1,Low,0.8060125746857149,0.19226890372350383,60
future_ret_6m,2019-06-28 00:00:00,FAC_rank_vol_m3_n6_pairwise1,2,Q2,0.8809142479779647,0.1889026370084364,59
future_ret_6m,2019-06-28 00:00:00,FAC_rank_vol_m3_n6_pairwise1,3,Q3,0.9240399569881821,0.19860408753992756,59
future_ret_6m,2019-06-28 00:00:00,FAC_rank_vol_m3_n6_pairwise1,4,Q4,0.9547052213285789,0.20589630253425098,59
future_ret_6m,2019-06-28 00:00:00,FAC_rank_vol_m3_n6_pairwise1,5,High,0.982473792266968,0.16048022973993914,60
future_ret_6m,2019-09-30 00:00:00,FAC_rank_vol_m3_n6_pairwise1,1,Low,0.7774822626830195,0.1149396663892762,61
future_ret_6m,2019-09-30 00:00:00,FAC_rank_vol_m3_n6_pairwise1,2,Q2,0.8668016529844833,0.10306790476843583,60
future_ret_6m,2019-09-30 00:00:00,FAC_rank_vol_m3_n6_pairwise1,3,Q3,0.9095181556495168,0.09717087673086171,60
future_ret_6m,2019-09-30 00:00:00,FAC_rank_vol_m3_n6_pairwise1,4,Q4,0.9390365587890487,0.10270239742562624,60
future_ret_6m,2019-09-30 00:00:00,FAC_rank_vol_m3_n6_pairwise1,5,High,0.9719471540304865,0.10163879737457941,61
future_ret_6m,2019-12-31 00:00:00,FAC_rank_vol_m3_n6_pairwise1,1,Low,0.7724746545759881,0.297600881473285,69
future_ret_6m,2019-12-31 00:00:00,FAC_rank_vol_m3_n6_pairwise1,2,Q2,0.8597350347101897,0.27616326883507325,68
future_ret_6m,2019-12-31 00:00:00,FAC_rank_vol_m3_n6_pairwise1,3,Q3,0.912527885489813,0.2812585400347068,68
future_ret_6m,2019-12-31 00:00:00,FAC_rank_vol_m3_n6_pairwise1,4,Q4,0.9452279491455426,0.25756924265866493,68
future_ret_6m,2019-12-31 00:00:00,FAC_rank_vol_m3_n6_pairwise1,5,High,0.9760374638796651,0.23423825063237613,68
future_ret_6m,2020-03-31 00:00:00,FAC_rank_vol_m3_n6_pairwise1,1,Low,0.7812543146213614,0.43615667889756676,71
future_ret_6m,2020-03-31 00:00:00,FAC_rank_vol_m3_n6_pairwise1,2,Q2,0.8784887202948413,0.42388424638435146,71
future_ret_6m,2020-03-31 00:00:00,FAC_rank_vol_m3_n6_pairwise1,3,Q3,0.9162601933463581,0.42157734031843175,71
future_ret_6m,2020-03-31 00:00:00,FAC_rank_vol_m3_n6_pairwise1,4,Q4,0.9476066212824561,0.39612027456683463,71
future_ret_6m,2020-03-31 00:00:00,FAC_rank_vol_m3_n6_pairwise1,5,High,0.9749400676194905,0.406073127702459,71
future_ret_6m,2020-06-30 00:00:00,FAC_rank_vol_m3_n6_pairwise1,1,Low,0.798922586628839,0.32737916107041864,75
future_ret_6m,2020-06-30 00:00:00,FAC_rank_vol_m3_n6_pairwise1,2,Q2,0.8760424331766432,0.28976322160696255,74
future_ret_6m,2020-06-30 00:00:00,FAC_rank_vol_m3_n6_pairwise1,3,Q3,0.9160364022411909,0.29830502453387714,75
future_ret_6m,2020-06-30 00:00:00,FAC_rank_vol_m3_n6_pairwise1,4,Q4,0.9492723814370936,0.30015374268470874,74
future_ret_6m,2020-06-30 00:00:00,FAC_rank_vol_m3_n6_pairwise1,5,High,0.9792414461416198,0.2529550789890902,75
future_ret_6m,2020-09-30 00:00:00,FAC_rank_vol_m3_n6_pairwise1,1,Low,0.7537991403054917,0.10825762581573953,80
future_ret_6m,2020-09-30 00:00:00,FAC_rank_vol_m3_n6_pairwise1,2,Q2,0.8622223898297482,0.11219226047104518,79
future_ret_6m,2020-09-30 00:00:00,FAC_rank_vol_m3_n6_pairwise1,3,Q3,0.9036217615061732,0.10458879750681763,79
future_ret_6m,2020-09-30 00:00:00,FAC_rank_vol_m3_n6_pairwise1,4,Q4,0.9343664849425667,0.1220024688330572,79
future_ret_6m,2020-09-30 00:00:00,FAC_rank_vol_m3_n6_pairwise1,5,High,0.9677806775240712,0.10911122845477887,80
future_ret_6m,2020-12-31 00:00:00,FAC_rank_vol_m3_n6_pairwise1,1,Low,0.7399302182920079,0.12388402740339845,88
future_ret_6m,2020-12-31 00:00:00,FAC_rank_vol_m3_n6_pairwise1,2,Q2,0.8458158920000027,0.09972914104958788,87
future_ret_6m,2020-12-31 00:00:00,FAC_rank_vol_m3_n6_pairwise1,3,Q3,0.8987683333696898,0.08932922587680886,88
future_ret_6m,2020-12-31 00:00:00,FAC_rank_vol_m3_n6_pairwise1,4,Q4,0.9356781087589936,0.07836357520940627,87
future_ret_6m,2020-12-31 00:00:00,FAC_rank_vol_m3_n6_pairwise1,5,High,0.972326423555128,0.09798797194085651,88
future_ret_6m,2021-03-31 00:00:00,FAC_rank_vol_m3_n6_pairwise1,1,Low,0.8045142518194235,0.13114883708268577,93
future_ret_6m,2021-03-31 00:00:00,FAC_rank_vol_m3_n6_pairwise1,2,Q2,0.8784883765128108,0.0970055397917242,92
future_ret_6m,2021-03-31 00:00:00,FAC_rank_vol_m3_n6_pairwise1,3,Q3,0.9155178942830114,0.09453142994790283,93
future_ret_6m,2021-03-31 00:00:00,FAC_rank_vol_m3_n6_pairwise1,4,Q4,0.9506401855568193,0.08744645767335495,92
future_ret_6m,2021-03-31 00:00:00,FAC_rank_vol_m3_n6_pairwise1,5,High,0.9797771982432828,0.12510924657898928,93
future_ret_6m,2021-06-30 00:00:00,FAC_rank_vol_m3_n6_pairwise1,1,Low,0.7018049535245788,0.02340053068403896,104
future_ret_6m,2021-06-30 00:00:00,FAC_rank_vol_m3_n6_pairwise1,2,Q2,0.8143887760950689,-0.005889251368026303,104
future_ret_6m,2021-06-30 00:00:00,FAC_rank_vol_m3_n6_pairwise1,3,Q3,0.8708134836836382,-0.011103795058175313,103
future_ret_6m,2021-06-30 00:00:00,FAC_rank_vol_m3_n6_pairwise1,4,Q4,0.9142185004164189,-0.01129033896820577,104
future_ret_6m,2021-06-30 00:00:00,FAC_rank_vol_m3_n6_pairwise1,5,High,0.9610327738703703,0.012198978071187314,104
future_ret_6m,2021-09-30 00:00:00,FAC_rank_vol_m3_n6_pairwise1,1,Low,0.8732212965469474,-0.16717676357420608,114
future_ret_6m,2021-09-30 00:00:00,FAC_rank_vol_m3_n6_pairwise1,2,Q2,0.9214195081425117,-0.14452374325000844,113
future_ret_6m,2021-09-30 00:00:00,FAC_rank_vol_m3_n6_pairwise1,3,Q3,0.9446464902709129,-0.1436535637590529,114
future_ret_6m,2021-09-30 00:00:00,FAC_rank_vol_m3_n6_pairwise1,4,Q4,0.9636074748735629,-0.14042876252102054,113
future_ret_6m,2021-09-30 00:00:00,FAC_rank_vol_m3_n6_pairwise1,5,High,0.983748852442148,-0.1439233076316843,114
future_ret_6m,2021-12-31 00:00:00,FAC_rank_vol_m3_n6_pairwise1,1,Low,0.8251876816828074,-0.10541232808995046,121
future_ret_6m,2021-12-31 00:00:00,FAC_rank_vol_m3_n6_pairwise1,2,Q2,0.8942573927767391,-0.09880373978266066,120
future_ret_6m,2021-12-31 00:00:00,FAC_rank_vol_m3_n6_pairwise1,3,Q3,0.9330276088107783,-0.10310114891246833,120
future_ret_6m,2021-12-31 00:00:00,FAC_rank_vol_m3_n6_pairwise1,4,Q4,0.9590971903128486,-0.10304607051139998,120
future_ret_6m,2021-12-31 00:00:00,FAC_rank_vol_m3_n6_pairwise1,5,High,0.9814518530014325,-0.09687608885669699,121
future_ret_6m,2022-03-31 00:00:00,FAC_rank_vol_m3_n6_pairwise1,1,Low,0.7907326503098052,-0.02769020000969495,133
future_ret_6m,2022-03-31 00:00:00,FAC_rank_vol_m3_n6_pairwise1,2,Q2,0.8742791345786572,-0.05242007069024781,133
future_ret_6m,2022-03-31 00:00:00,FAC_rank_vol_m3_n6_pairwise1,3,Q3,0.9139158909404551,-0.06355619658861378,132
future_ret_6m,2022-03-31 00:00:00,FAC_rank_vol_m3_n6_pairwise1,4,Q4,0.9438726391665698,-0.05489723916301012,133
future_ret_6m,2022-03-31 00:00:00,FAC_rank_vol_m3_n6_pairwise1,5,High,0.9775373596944773,-0.050499134269055904,133
future_ret_6m,2022-06-30 00:00:00,FAC_rank_vol_m3_n6_pairwise1,1,Low,0.7205344457187915,-0.1359662745914975,155
future_ret_6m,2022-06-30 00:00:00,FAC_rank_vol_m3_n6_pairwise1,2,Q2,0.8520946961507482,-0.13349038432589294,154
future_ret_6m,2022-06-30 00:00:00,FAC_rank_vol_m3_n6_pairwise1,3,Q3,0.90578141067906,-0.11710114980459561,154
future_ret_6m,2022-06-30 00:00:00,FAC_rank_vol_m3_n6_pairwise1,4,Q4,0.9418909919509277,-0.12083082245465501,154
future_ret_6m,2022-06-30 00:00:00,FAC_rank_vol_m3_n6_pairwise1,5,High,0.9771267281837629,-0.10576140509219095,154
future_ret_6m,2006-06-30 00:00:00,FAC_rank_vol_m6_n3_pairwise1,1,Low,0.6941693254479679,,2
future_ret_6m,2006-06-30 00:00:00,FAC_rank_vol_m6_n3_pairwise1,2,Q2,0.8382496326992996,,1
future_ret_6m,2006-06-30 00:00:00,FAC_rank_vol_m6_n3_pairwise1,3,Q3,0.8423049624505423,,1
future_ret_6m,2006-06-30 00:00:00,FAC_rank_vol_m6_n3_pairwise1,4,Q4,0.8782148955864943,,1
future_ret_6m,2006-06-30 00:00:00,FAC_rank_vol_m6_n3_pairwise1,5,High,0.9193224877995488,,1
future_ret_6m,2006-09-29 00:00:00,FAC_rank_vol_m6_n3_pairwise1,1,Low,0.6652796196579729,,2
future_ret_6m,2006-09-29 00:00:00,FAC_rank_vol_m6_n3_pairwise1,2,Q2,0.7123870771059864,,1
future_ret_6m,2006-09-29 00:00:00,FAC_rank_vol_m6_n3_pairwise1,3,Q3,0.7487044883879169,,1
future_ret_6m,2006-09-29 00:00:00,FAC_rank_vol_m6_n3_pairwise1,4,Q4,0.7858136988392155,,1
future_ret_6m,2006-09-29 00:00:00,FAC_rank_vol_m6_n3_pairwise1,5,High,0.8775604077768568,,1
future_ret_6m,2006-12-29 00:00:00,FAC_rank_vol_m6_n3_pairwise1,1,Low,0.6175188527735475,,2
future_ret_6m,2006-12-29 00:00:00,FAC_rank_vol_m6_n3_pairwise1,2,Q2,0.6746618568206191,,1
future_ret_6m,2006-12-29 00:00:00,FAC_rank_vol_m6_n3_pairwise1,3,Q3,0.7388958478935478,,2
future_ret_6m,2006-12-29 00:00:00,FAC_rank_vol_m6_n3_pairwise1,4,Q4,0.778966967470385,,1
future_ret_6m,2006-12-29 00:00:00,FAC_rank_vol_m6_n3_pairwise1,5,High,0.8614021428733835,,2
future_ret_6m,2007-03-30 00:00:00,FAC_rank_vol_m6_n3_pairwise1,1,Low,0.680382890878299,,2
future_ret_6m,2007-03-30 00:00:00,FAC_rank_vol_m6_n3_pairwise1,2,Q2,0.8088701004814687,,1
future_ret_6m,2007-03-30 00:00:00,FAC_rank_vol_m6_n3_pairwise1,3,Q3,0.8204985654886231,,2
future_ret_6m,2007-03-30 00:00:00,FAC_rank_vol_m6_n3_pairwise1,4,Q4,0.8597099213613412,,1
future_ret_6m,2007-03-30 00:00:00,FAC_rank_vol_m6_n3_pairwise1,5,High,0.9013821469444916,,2
future_ret_6m,2007-06-29 00:00:00,FAC_rank_vol_m6_n3_pairwise1,1,Low,0.6666850326527115,,1
future_ret_6m,2007-06-29 00:00:00,FAC_rank_vol_m6_n3_pairwise1,2,Q2,0.6806246942832229,,1
future_ret_6m,2007-06-29 00:00:00,FAC_rank_vol_m6_n3_pairwise1,3,Q3,0.8072201273292866,,1
future_ret_6m,2007-06-29 00:00:00,FAC_rank_vol_m6_n3_pairwise1,4,Q4,0.8286667624577699,,1
future_ret_6m,2007-06-29 00:00:00,FAC_rank_vol_m6_n3_pairwise1,5,High,0.8291635987054465,,1
future_ret_6m,2007-09-28 00:00:00,FAC_rank_vol_m6_n3_pairwise1,1,Low,0.6696670595547934,,3
future_ret_6m,2007-09-28 00:00:00,FAC_rank_vol_m6_n3_pairwise1,2,Q2,0.7814968524188999,,2
future_ret_6m,2007-09-28 00:00:00,FAC_rank_vol_m6_n3_pairwise1,3,Q3,0.8382792406394497,,2
future_ret_6m,2007-09-28 00:00:00,FAC_rank_vol_m6_n3_pairwise1,4,Q4,0.8752580383385471,,2
future_ret_6m,2007-09-28 00:00:00,FAC_rank_vol_m6_n3_pairwise1,5,High,0.9107965767211128,,2
future_ret_6m,2007-12-28 00:00:00,FAC_rank_vol_m6_n3_pairwise1,1,Low,0.6926765646103893,,3
future_ret_6m,2007-12-28 00:00:00,FAC_rank_vol_m6_n3_pairwise1,2,Q2,0.7178720879685039,,2
future_ret_6m,2007-12-28 00:00:00,FAC_rank_vol_m6_n3_pairwise1,3,Q3,0.7841502824201699,,3
future_ret_6m,2007-12-28 00:00:00,FAC_rank_vol_m6_n3_pairwise1,4,Q4,0.8224447174457875,,2
future_ret_6m,2007-12-28 00:00:00,FAC_rank_vol_m6_n3_pairwise1,5,High,0.8772732807482754,,3
future_ret_6m,2008-03-31 00:00:00,FAC_rank_vol_m6_n3_pairwise1,1,Low,0.6559662378481433,,3
future_ret_6m,2008-03-31 00:00:00,FAC_rank_vol_m6_n3_pairwise1,2,Q2,0.6852942896461031,,3
future_ret_6m,2008-03-31 00:00:00,FAC_rank_vol_m6_n3_pairwise1,3,Q3,0.7336625229588624,,3
future_ret_6m,2008-03-31 00:00:00,FAC_rank_vol_m6_n3_pairwise1,4,Q4,0.7924581078789482,,3
future_ret_6m,2008-03-31 00:00:00,FAC_rank_vol_m6_n3_pairwise1,5,High,0.8858227312158139,,3
future_ret_6m,2008-06-30 00:00:00,FAC_rank_vol_m6_n3_pairwise1,1,Low,0.6486662404081811,,4
future_ret_6m,2008-06-30 00:00:00,FAC_rank_vol_m6_n3_pairwise1,2,Q2,0.7171745600125545,,4
future_ret_6m,2008-06-30 00:00:00,FAC_rank_vol_m6_n3_pairwise1,3,Q3,0.7613707858689722,,4
future_ret_6m,2008-06-30 00:00:00,FAC_rank_vol_m6_n3_pairwise1,4,Q4,0.8125766524727872,,4
future_ret_6m,2008-06-30 00:00:00,FAC_rank_vol_m6_n3_pairwise1,5,High,0.849019605379467,,4
future_ret_6m,2008-09-26 00:00:00,FAC_rank_vol_m6_n3_pairwise1,1,Low,0.7096315218584643,0.09602439925616028,6
future_ret_6m,2008-09-26 00:00:00,FAC_rank_vol_m6_n3_pairwise1,2,Q2,0.7946739210863617,0.1269728264731389,5
future_ret_6m,2008-09-26 00:00:00,FAC_rank_vol_m6_n3_pairwise1,3,Q3,0.8321603934163253,0.10218982970810231,5
future_ret_6m,2008-09-26 00:00:00,FAC_rank_vol_m6_n3_pairwise1,4,Q4,0.8609167647616331,0.14057764893921396,5
future_ret_6m,2008-09-26 00:00:00,FAC_rank_vol_m6_n3_pairwise1,5,High,0.9375796535921703,0.14624833805664209,5
future_ret_6m,2008-12-31 00:00:00,FAC_rank_vol_m6_n3_pairwise1,1,Low,0.6941337769665923,0.48267727998426524,7
future_ret_6m,2008-12-31 00:00:00,FAC_rank_vol_m6_n3_pairwise1,2,Q2,0.7570875068306163,0.5145409918259497,7
future_ret_6m,2008-12-31 00:00:00,FAC_rank_vol_m6_n3_pairwise1,3,Q3,0.8187895599876037,0.48597144188091956,7
future_ret_6m,2008-12-31 00:00:00,FAC_rank_vol_m6_n3_pairwise1,4,Q4,0.852618577593535,0.4979247935521577,7
future_ret_6m,2008-12-31 00:00:00,FAC_rank_vol_m6_n3_pairwise1,5,High,0.9149562721464835,0.5136376202576576,7
future_ret_6m,2009-03-31 00:00:00,FAC_rank_vol_m6_n3_pairwise1,1,Low,0.6072670177262045,0.21430169065569665,7
future_ret_6m,2009-03-31 00:00:00,FAC_rank_vol_m6_n3_pairwise1,2,Q2,0.7057144114225892,0.14942726041363721,6
future_ret_6m,2009-03-31 00:00:00,FAC_rank_vol_m6_n3_pairwise1,3,Q3,0.7640354798409367,0.18128826379265342,7
future_ret_6m,2009-03-31 00:00:00,FAC_rank_vol_m6_n3_pairwise1,4,Q4,0.8131307775049074,0.1766440375705309,6
future_ret_6m,2009-03-31 00:00:00,FAC_rank_vol_m6_n3_pairwise1,5,High,0.8771454413731402,0.20607079673539014,7
future_ret_6m,2009-06-30 00:00:00,FAC_rank_vol_m6_n3_pairwise1,1,Low,0.6889206572797453,0.13846139644740846,9
future_ret_6m,2009-06-30 00:00:00,FAC_rank_vol_m6_n3_pairwise1,2,Q2,0.7776415352651603,0.16160029680906882,8
future_ret_6m,2009-06-30 00:00:00,FAC_rank_vol_m6_n3_pairwise1,3,Q3,0.8198773956199834,0.11719616479340206,8
future_ret_6m,2009-06-30 00:00:00,FAC_rank_vol_m6_n3_pairwise1,4,Q4,0.8627991503156265,0.13864020847860975,8
future_ret_6m,2009-06-30 00:00:00,FAC_rank_vol_m6_n3_pairwise1,5,High,0.9217982982084246,0.11112352553518351,9
future_ret_6m,2009-09-30 00:00:00,FAC_rank_vol_m6_n3_pairwise1,1,Low,0.6868417497411323,0.13750898328025157,10
future_ret_6m,2009-09-30 00:00:00,FAC_rank_vol_m6_n3_pairwise1,2,Q2,0.7549247155274121,0.13673631748184412,9
future_ret_6m,2009-09-30 00:00:00,FAC_rank_vol_m6_n3_pairwise1,3,Q3,0.8086230461182397,0.12470426799586051,9
future_ret_6m,2009-09-30 00:00:00,FAC_rank_vol_m6_n3_pairwise1,4,Q4,0.8396758021141553,0.12930521628991898,9
future_ret_6m,2009-09-30 00:00:00,FAC_rank_vol_m6_n3_pairwise1,5,High,0.9102412087591786,0.11768654537176253,10
future_ret_6m,2009-12-31 00:00:00,FAC_rank_vol_m6_n3_pairwise1,1,Low,0.6398300927214607,-0.18038170252891406,12
future_ret_6m,2009-12-31 00:00:00,FAC_rank_vol_m6_n3_pairwise1,2,Q2,0.7191483676679974,-0.17106860866901383,12
future_ret_6m,2009-12-31 00:00:00,FAC_rank_vol_m6_n3_pairwise1,3,Q3,0.7631492416358081,-0.17964161101168374,11
future_ret_6m,2009-12-31 00:00:00,FAC_rank_vol_m6_n3_pairwise1,4,Q4,0.8150624061398987,-0.20515664721721474,12
future_ret_6m,2009-12-31 00:00:00,FAC_rank_vol_m6_n3_pairwise1,5,High,0.8724347655417019,-0.19668848198776714,12
future_ret_6m,2010-03-31 00:00:00,FAC_rank_vol_m6_n3_pairwise1,1,Low,0.6857414080043182,-0.0035872835664359573,12
future_ret_6m,2010-03-31 00:00:00,FAC_rank_vol_m6_n3_pairwise1,2,Q2,0.7486298357368545,0.002431632124230957,12
future_ret_6m,2010-03-31 00:00:00,FAC_rank_vol_m6_n3_pairwise1,3,Q3,0.7926988985821836,0.008844451149779229,12
future_ret_6m,2010-03-31 00:00:00,FAC_rank_vol_m6_n3_pairwise1,4,Q4,0.8487039015328435,-0.0035411903968778614,12
future_ret_6m,2010-03-31 00:00:00,FAC_rank_vol_m6_n3_pairwise1,5,High,0.9064921892767198,-0.026413352245151445,12
future_ret_6m,2010-06-30 00:00:00,FAC_rank_vol_m6_n3_pairwise1,1,Low,0.6814215009131127,0.26223225947408807,12
future_ret_6m,2010-06-30 00:00:00,FAC_rank_vol_m6_n3_pairwise1,2,Q2,0.7793494588492137,0.2229517490840454,11
future_ret_6m,2010-06-30 00:00:00,FAC_rank_vol_m6_n3_pairwise1,3,Q3,0.8518210491661378,0.2549141922177233,11
future_ret_6m,2010-06-30 00:00:00,FAC_rank_vol_m6_n3_pairwise1,4,Q4,0.8995085862524916,0.2586754656734811,11
future_ret_6m,2010-06-30 00:00:00,FAC_rank_vol_m6_n3_pairwise1,5,High,0.9493921172752708,0.2664758496018069,12
future_ret_6m,2010-09-30 00:00:00,FAC_rank_vol_m6_n3_pairwise1,1,Low,0.6666817909037306,0.001668553514866176,12
future_ret_6m,2010-09-30 00:00:00,FAC_rank_vol_m6_n3_pairwise1,2,Q2,0.75305986647667,0.06518001292523401,12
future_ret_6m,2010-09-30 00:00:00,FAC_rank_vol_m6_n3_pairwise1,3,Q3,0.803271062226167,0.03523769569015434,12
future_ret_6m,2010-09-30 00:00:00,FAC_rank_vol_m6_n3_pairwise1,4,Q4,0.8611758258733339,0.031308386068028604,12
future_ret_6m,2010-09-30 00:00:00,FAC_rank_vol_m6_n3_pairwise1,5,High,0.9232050245816591,0.03847520412966702,12
future_ret_6m,2010-12-31 00:00:00,FAC_rank_vol_m6_n3_pairwise1,1,Low,0.6928670681477309,-0.07787532298082779,13
future_ret_6m,2010-12-31 00:00:00,FAC_rank_vol_m6_n3_pairwise1,2,Q2,0.7598633854247666,-0.06663979719108007,12
future_ret_6m,2010-12-31 00:00:00,FAC_rank_vol_m6_n3_pairwise1,3,Q3,0.814637101655778,-0.057323757979883545,12
future_ret_6m,2010-12-31 00:00:00,FAC_rank_vol_m6_n3_pairwise1,4,Q4,0.8487073924459625,-0.07621674979177075,12
future_ret_6m,2010-12-31 00:00:00,FAC_rank_vol_m6_n3_pairwise1,5,High,0.9280547189030183,-0.07354611126106743,12
future_ret_6m,2011-03-31 00:00:00,FAC_rank_vol_m6_n3_pairwise1,1,Low,0.6189955885760432,-0.15809992496056188,13
future_ret_6m,2011-03-31 00:00:00,FAC_rank_vol_m6_n3_pairwise1,2,Q2,0.7154683921685173,-0.13396530822075453,12
future_ret_6m,2011-03-31 00:00:00,FAC_rank_vol_m6_n3_pairwise1,3,Q3,0.7639349286907184,-0.16706643292200432,13
future_ret_6m,2011-03-31 00:00:00,FAC_rank_vol_m6_n3_pairwise1,4,Q4,0.7982146613742126,-0.15646540786808882,12
future_ret_6m,2011-03-31 00:00:00,FAC_rank_vol_m6_n3_pairwise1,5,High,0.8769415885084988,-0.15240105729992753,13
future_ret_6m,2011-06-30 00:00:00,FAC_rank_vol_m6_n3_pairwise1,1,Low,0.657249018108886,-0.20680779153547385,14
future_ret_6m,2011-06-30 00:00:00,FAC_rank_vol_m6_n3_pairwise1,2,Q2,0.733265682053056,-0.1769659522911065,14
future_ret_6m,2011-06-30 00:00:00,FAC_rank_vol_m6_n3_pairwise1,3,Q3,0.7956007245138365,-0.17701907193693925,13
future_ret_6m,2011-06-30 00:00:00,FAC_rank_vol_m6_n3_pairwise1,4,Q4,0.8498859367792285,-0.16967396605614035,14
future_ret_6m,2011-06-30 00:00:00,FAC_rank_vol_m6_n3_pairwise1,5,High,0.9078965553427905,-0.17116292298139854,14
future_ret_6m,2011-09-30 00:00:00,FAC_rank_vol_m6_n3_pairwise1,1,Low,0.6369653576730421,-0.07131013802837798,16
future_ret_6m,2011-09-30 00:00:00,FAC_rank_vol_m6_n3_pairwise1,2,Q2,0.7289952213723389,-0.06956162869805907,15
future_ret_6m,2011-09-30 00:00:00,FAC_rank_vol_m6_n3_pairwise1,3,Q3,0.7842659865527233,-0.06360522539587771,15
future_ret_6m,2011-09-30 00:00:00,FAC_rank_vol_m6_n3_pairwise1,4,Q4,0.8240900166613357,-0.06941179369402156,15
future_ret_6m,2011-09-30 00:00:00,FAC_rank_vol_m6_n3_pairwise1,5,High,0.8966525601592734,-0.049853076618528405,15
future_ret_6m,2011-12-30 00:00:00,FAC_rank_vol_m6_n3_pairwise1,1,Low,0.6605958645760254,0.0395970104885386,16
future_ret_6m,2011-12-30 00:00:00,FAC_rank_vol_m6_n3_pairwise1,2,Q2,0.762674701469255,0.04991555395068258,16
future_ret_6m,2011-12-30 00:00:00,FAC_rank_vol_m6_n3_pairwise1,3,Q3,0.8086072133723037,0.055733617166546075,15
future_ret_6m,2011-12-30 00:00:00,FAC_rank_vol_m6_n3_pairwise1,4,Q4,0.8642016269077192,0.05015608666749871,16
future_ret_6m,2011-12-30 00:00:00,FAC_rank_vol_m6_n3_pairwise1,5,High,0.9200025248733501,0.03301293998127188,16
future_ret_6m,2012-03-30 00:00:00,FAC_rank_vol_m6_n3_pairwise1,1,Low,0.6511189685905974,-0.019897932767718375,17
future_ret_6m,2012-03-30 00:00:00,FAC_rank_vol_m6_n3_pairwise1,2,Q2,0.7282134473379654,0.017133394153591594,16
future_ret_6m,2012-03-30 00:00:00,FAC_rank_vol_m6_n3_pairwise1,3,Q3,0.7809326314543907,0.010668538677384674,16
future_ret_6m,2012-03-30 00:00:00,FAC_rank_vol_m6_n3_pairwise1,4,Q4,0.8445903974851927,0.015805501572687862,16
future_ret_6m,2012-03-30 00:00:00,FAC_rank_vol_m6_n3_pairwise1,5,High,0.9085800748469727,0.0015667322214867468,16
future_ret_6m,2012-06-29 00:00:00,FAC_rank_vol_m6_n3_pairwise1,1,Low,0.6036027042866805,0.016239951230493575,18
future_ret_6m,2012-06-29 00:00:00,FAC_rank_vol_m6_n3_pairwise1,2,Q2,0.7096860229067041,-0.008312165367732945,18
future_ret_6m,2012-06-29 00:00:00,FAC_rank_vol_m6_n3_pairwise1,3,Q3,0.7755681203743506,0.0060041214462777034,17
future_ret_6m,2012-06-29 00:00:00,FAC_rank_vol_m6_n3_pairwise1,4,Q4,0.8256956981415603,0.010278734775680563,18
future_ret_6m,2012-06-29 00:00:00,FAC_rank_vol_m6_n3_pairwise1,5,High,0.8856571618647325,0.01599587290756138,18
future_ret_6m,2012-09-28 00:00:00,FAC_rank_vol_m6_n3_pairwise1,1,Low,0.6858747849320685,0.12348595746221411,21
future_ret_6m,2012-09-28 00:00:00,FAC_rank_vol_m6_n3_pairwise1,2,Q2,0.7670128453297625,0.11680269594837539,21
future_ret_6m,2012-09-28 00:00:00,FAC_rank_vol_m6_n3_pairwise1,3,Q3,0.8148269258968034,0.09392137906404321,20
future_ret_6m,2012-09-28 00:00:00,FAC_rank_vol_m6_n3_pairwise1,4,Q4,0.8701041799412313,0.09669259348629308,21
future_ret_6m,2012-09-28 00:00:00,FAC_rank_vol_m6_n3_pairwise1,5,High,0.9342242954903179,0.10816889572907269,21
future_ret_6m,2012-12-31 00:00:00,FAC_rank_vol_m6_n3_pairwise1,1,Low,0.6183897853558394,0.026985706943289587,24
future_ret_6m,2012-12-31 00:00:00,FAC_rank_vol_m6_n3_pairwise1,2,Q2,0.7377856064723108,0.05311665322219097,23
future_ret_6m,2012-12-31 00:00:00,FAC_rank_vol_m6_n3_pairwise1,3,Q3,0.7905757584388265,0.07980938143570387,24
future_ret_6m,2012-12-31 00:00:00,FAC_rank_vol_m6_n3_pairwise1,4,Q4,0.8434416339127647,0.0873079293728426,23
future_ret_6m,2012-12-31 00:00:00,FAC_rank_vol_m6_n3_pairwise1,5,High,0.9016782531572547,0.037156877162268065,24
future_ret_6m,2013-03-29 00:00:00,FAC_rank_vol_m6_n3_pairwise1,1,Low,0.6175503299640216,0.09218886589082348,25
future_ret_6m,2013-03-29 00:00:00,FAC_rank_vol_m6_n3_pairwise1,2,Q2,0.6937457210311178,0.11642847271076243,25
future_ret_6m,2013-03-29 00:00:00,FAC_rank_vol_m6_n3_pairwise1,3,Q3,0.7387054220389052,0.1790847089771902,24
future_ret_6m,2013-03-29 00:00:00,FAC_rank_vol_m6_n3_pairwise1,4,Q4,0.810607927082833,0.18272186883293606,25
future_ret_6m,2013-03-29 00:00:00,FAC_rank_vol_m6_n3_pairwise1,5,High,0.8786063868748114,0.11864193328565623,25
future_ret_6m,2013-06-28 00:00:00,FAC_rank_vol_m6_n3_pairwise1,1,Low,0.6532495723740399,0.09501496371478856,25
future_ret_6m,2013-06-28 00:00:00,FAC_rank_vol_m6_n3_pairwise1,2,Q2,0.7164260746907698,0.09733587627782152,25
future_ret_6m,2013-06-28 00:00:00,FAC_rank_vol_m6_n3_pairwise1,3,Q3,0.7760387591864412,0.09998336952750658,25
future_ret_6m,2013-06-28 00:00:00,FAC_rank_vol_m6_n3_pairwise1,4,Q4,0.8425015040444697,0.13939734027756728,25
future_ret_6m,2013-06-28 00:00:00,FAC_rank_vol_m6_n3_pairwise1,5,High,0.8973733891077633,0.08587281180508623,25
future_ret_6m,2013-09-30 00:00:00,FAC_rank_vol_m6_n3_pairwise1,1,Low,0.7206260591462402,-0.08519849196378822,27
future_ret_6m,2013-09-30 00:00:00,FAC_rank_vol_m6_n3_pairwise1,2,Q2,0.7963418785941926,-0.06739438151680047,27
future_ret_6m,2013-09-30 00:00:00,FAC_rank_vol_m6_n3_pairwise1,3,Q3,0.847297359885745,-0.08715422818536626,26
future_ret_6m,2013-09-30 00:00:00,FAC_rank_vol_m6_n3_pairwise1,4,Q4,0.8947272956530831,-0.06451610598258518,27
future_ret_6m,2013-09-30 00:00:00,FAC_rank_vol_m6_n3_pairwise1,5,High,0.9440047141767889,-0.08482773580173729,27
future_ret_6m,2013-12-31 00:00:00,FAC_rank_vol_m6_n3_pairwise1,1,Low,0.640752084775495,0.018685225981560836,29
future_ret_6m,2013-12-31 00:00:00,FAC_rank_vol_m6_n3_pairwise1,2,Q2,0.740045792310183,-0.03418230358197101,28
future_ret_6m,2013-12-31 00:00:00,FAC_rank_vol_m6_n3_pairwise1,3,Q3,0.7961957397064506,-0.006431784969642426,28
future_ret_6m,2013-12-31 00:00:00,FAC_rank_vol_m6_n3_pairwise1,4,Q4,0.837771354562235,-0.030659002726034258,28
future_ret_6m,2013-12-31 00:00:00,FAC_rank_vol_m6_n3_pairwise1,5,High,0.8965680137107505,-0.023027832871440248,29
future_ret_6m,2014-03-31 00:00:00,FAC_rank_vol_m6_n3_pairwise1,1,Low,0.6442399847385762,0.17894091756931108,26
future_ret_6m,2014-03-31 00:00:00,FAC_rank_vol_m6_n3_pairwise1,2,Q2,0.7540330777182558,0.16365576050997938,25
future_ret_6m,2014-03-31 00:00:00,FAC_rank_vol_m6_n3_pairwise1,3,Q3,0.8149387181589153,0.1507584688802754,26
future_ret_6m,2014-03-31 00:00:00,FAC_rank_vol_m6_n3_pairwise1,4,Q4,0.8583235042809055,0.18556821908184631,25
future_ret_6m,2014-03-31 00:00:00,FAC_rank_vol_m6_n3_pairwise1,5,High,0.9093826005832238,0.16567434818673848,26
future_ret_6m,2014-06-30 00:00:00,FAC_rank_vol_m6_n3_pairwise1,1,Low,0.6195055506173688,0.2785433506412718,25
future_ret_6m,2014-06-30 00:00:00,FAC_rank_vol_m6_n3_pairwise1,2,Q2,0.7304681065591508,0.24673604582587808,25
future_ret_6m,2014-06-30 00:00:00,FAC_rank_vol_m6_n3_pairwise1,3,Q3,0.7965523699247108,0.20894051487877566,25
future_ret_6m,2014-06-30 00:00:00,FAC_rank_vol_m6_n3_pairwise1,4,Q4,0.8456956770735282,0.28995443301525453,25
future_ret_6m,2014-06-30 00:00:00,FAC_rank_vol_m6_n3_pairwise1,5,High,0.9081415440435908,0.23354028058744447,25
future_ret_6m,2014-09-30 00:00:00,FAC_rank_vol_m6_n3_pairwise1,1,Low,0.6991676098856908,0.4726731454652272,25
future_ret_6m,2014-09-30 00:00:00,FAC_rank_vol_m6_n3_pairwise1,2,Q2,0.7686515327753932,0.5200905066705966,24
future_ret_6m,2014-09-30 00:00:00,FAC_rank_vol_m6_n3_pairwise1,3,Q3,0.8136382452323022,0.45404301279779863,24
future_ret_6m,2014-09-30 00:00:00,FAC_rank_vol_m6_n3_pairwise1,4,Q4,0.8594450319690622,0.4449108344692936,24
future_ret_6m,2014-09-30 00:00:00,FAC_rank_vol_m6_n3_pairwise1,5,High,0.9113668318572878,0.4419619467473776,25
future_ret_6m,2014-12-31 00:00:00,FAC_rank_vol_m6_n3_pairwise1,1,Low,0.6704855176684396,0.46172138584879274,24
future_ret_6m,2014-12-31 00:00:00,FAC_rank_vol_m6_n3_pairwise1,2,Q2,0.7456817653093076,0.6582082299765526,23
future_ret_6m,2014-12-31 00:00:00,FAC_rank_vol_m6_n3_pairwise1,3,Q3,0.7893156038821748,0.6010695483860224,23
future_ret_6m,2014-12-31 00:00:00,FAC_rank_vol_m6_n3_pairwise1,4,Q4,0.8312778758768055,0.6135783373720988,23
future_ret_6m,2014-12-31 00:00:00,FAC_rank_vol_m6_n3_pairwise1,5,High,0.8963049042359156,0.57746345990188,23
future_ret_6m,2015-03-31 00:00:00,FAC_rank_vol_m6_n3_pairwise1,1,Low,0.6073646073065891,-0.1403722691841632,24
future_ret_6m,2015-03-31 00:00:00,FAC_rank_vol_m6_n3_pairwise1,2,Q2,0.7036486557532895,-0.11004666705192968,23
future_ret_6m,2015-03-31 00:00:00,FAC_rank_vol_m6_n3_pairwise1,3,Q3,0.7535247674484864,-0.1279246676097681,23
future_ret_6m,2015-03-31 00:00:00,FAC_rank_vol_m6_n3_pairwise1,4,Q4,0.8044615411999546,-0.10233821894469401,23
future_ret_6m,2015-03-31 00:00:00,FAC_rank_vol_m6_n3_pairwise1,5,High,0.8643295326070075,-0.11183495728607672,24
future_ret_6m,2015-06-30 00:00:00,FAC_rank_vol_m6_n3_pairwise1,1,Low,0.6165564227375538,-0.04054445614996133,17
future_ret_6m,2015-06-30 00:00:00,FAC_rank_vol_m6_n3_pairwise1,2,Q2,0.7114461656509773,-0.023174453238317017,17
future_ret_6m,2015-06-30 00:00:00,FAC_rank_vol_m6_n3_pairwise1,3,Q3,0.7791339227530784,-0.026917676001496874,17
future_ret_6m,2015-06-30 00:00:00,FAC_rank_vol_m6_n3_pairwise1,4,Q4,0.8252785025876846,-0.0371186873225879,17
future_ret_6m,2015-06-30 00:00:00,FAC_rank_vol_m6_n3_pairwise1,5,High,0.8759501396779931,-0.05911902064105023,17
future_ret_6m,2015-09-30 00:00:00,FAC_rank_vol_m6_n3_pairwise1,1,Low,0.5775879356844857,0.09351038602940936,17
future_ret_6m,2015-09-30 00:00:00,FAC_rank_vol_m6_n3_pairwise1,2,Q2,0.6837329671366639,0.113091978699188,16
future_ret_6m,2015-09-30 00:00:00,FAC_rank_vol_m6_n3_pairwise1,3,Q3,0.7552841517936102,0.053944968534672955,16
future_ret_6m,2015-09-30 00:00:00,FAC_rank_vol_m6_n3_pairwise1,4,Q4,0.8159534521686787,0.08586243052007644,16
future_ret_6m,2015-09-30 00:00:00,FAC_rank_vol_m6_n3_pairwise1,5,High,0.8813537838179023,0.08664315997780181,17
future_ret_6m,2015-12-31 00:00:00,FAC_rank_vol_m6_n3_pairwise1,1,Low,0.5966890773545621,-0.11367196151717292,18
future_ret_6m,2015-12-31 00:00:00,FAC_rank_vol_m6_n3_pairwise1,2,Q2,0.7064340660223088,-0.12585927380919257,18
future_ret_6m,2015-12-31 00:00:00,FAC_rank_vol_m6_n3_pairwise1,3,Q3,0.7578641186271584,-0.1378559904973968,18
future_ret_6m,2015-12-31 00:00:00,FAC_rank_vol_m6_n3_pairwise1,4,Q4,0.8046123912130065,-0.12443848820865035,18
future_ret_6m,2015-12-31 00:00:00,FAC_rank_vol_m6_n3_pairwise1,5,High,0.8849345059583611,-0.12805372102637136,18
future_ret_6m,2016-03-31 00:00:00,FAC_rank_vol_m6_n3_pairwise1,1,Low,0.5963145271188126,0.05419460434742358,19
future_ret_6m,2016-03-31 00:00:00,FAC_rank_vol_m6_n3_pairwise1,2,Q2,0.7026281912404235,0.03630094966767633,19
future_ret_6m,2016-03-31 00:00:00,FAC_rank_vol_m6_n3_pairwise1,3,Q3,0.764772161161135,0.05154643414367619,19
future_ret_6m,2016-03-31 00:00:00,FAC_rank_vol_m6_n3_pairwise1,4,Q4,0.8338857618554928,0.042664458958463304,19
future_ret_6m,2016-03-31 00:00:00,FAC_rank_vol_m6_n3_pairwise1,5,High,0.8900640354734128,0.05107428972823445,19
future_ret_6m,2016-06-30 00:00:00,FAC_rank_vol_m6_n3_pairwise1,1,Low,0.6451615036398864,-0.03697461886063333,21
future_ret_6m,2016-06-30 00:00:00,FAC_rank_vol_m6_n3_pairwise1,2,Q2,0.732083521563934,-0.015437961895109865,20
future_ret_6m,2016-06-30 00:00:00,FAC_rank_vol_m6_n3_pairwise1,3,Q3,0.7824086688656128,-0.004712030743188388,21
future_ret_6m,2016-06-30 00:00:00,FAC_rank_vol_m6_n3_pairwise1,4,Q4,0.8313933256949279,0.00988258160516614,20
future_ret_6m,2016-06-30 00:00:00,FAC_rank_vol_m6_n3_pairwise1,5,High,0.8948930589519606,-0.008790541134234877,21
future_ret_6m,2016-09-30 00:00:00,FAC_rank_vol_m6_n3_pairwise1,1,Low,0.6703924132812298,-0.012564454487611641,25
future_ret_6m,2016-09-30 00:00:00,FAC_rank_vol_m6_n3_pairwise1,2,Q2,0.7431633759428407,0.017735204431853325,25
future_ret_6m,2016-09-30 00:00:00,FAC_rank_vol_m6_n3_pairwise1,3,Q3,0.7916117275528767,0.0014984347671102415,25
future_ret_6m,2016-09-30 00:00:00,FAC_rank_vol_m6_n3_pairwise1,4,Q4,0.829568394639347,0.01321521735212651,25
future_ret_6m,2016-09-30 00:00:00,FAC_rank_vol_m6_n3_pairwise1,5,High,0.8907618946305341,0.002435393064524072,25
future_ret_6m,2016-12-30 00:00:00,FAC_rank_vol_m6_n3_pairwise1,1,Low,0.676166377549721,0.0665517693579983,35
future_ret_6m,2016-12-30 00:00:00,FAC_rank_vol_m6_n3_pairwise1,2,Q2,0.7786889929400075,0.0790924880964271,34
future_ret_6m,2016-12-30 00:00:00,FAC_rank_vol_m6_n3_pairwise1,3,Q3,0.8173179596335787,0.05890841430820135,35
future_ret_6m,2016-12-30 00:00:00,FAC_rank_vol_m6_n3_pairwise1,4,Q4,0.8553034751931714,0.04668349132683348,34
future_ret_6m,2016-12-30 00:00:00,FAC_rank_vol_m6_n3_pairwise1,5,High,0.9046610074991076,0.04538702771317585,35
future_ret_6m,2017-03-31 00:00:00,FAC_rank_vol_m6_n3_pairwise1,1,Low,0.6510482224016707,0.08776788573802544,45
future_ret_6m,2017-03-31 00:00:00,FAC_rank_vol_m6_n3_pairwise1,2,Q2,0.7467879342043067,0.11157861694251664,44
future_ret_6m,2017-03-31 00:00:00,FAC_rank_vol_m6_n3_pairwise1,3,Q3,0.8048642603282409,0.08068921544937811,44
future_ret_6m,2017-03-31 00:00:00,FAC_rank_vol_m6_n3_pairwise1,4,Q4,0.8539210339823938,0.08289619996422491,44
future_ret_6m,2017-03-31 00:00:00,FAC_rank_vol_m6_n3_pairwise1,5,High,0.9099788129942126,0.08878054186736238,44
future_ret_6m,2017-06-30 00:00:00,FAC_rank_vol_m6_n3_pairwise1,1,Low,0.6919748787614896,0.08462326818976192,47
future_ret_6m,2017-06-30 00:00:00,FAC_rank_vol_m6_n3_pairwise1,2,Q2,0.7927174758408533,0.09302955402572226,46
future_ret_6m,2017-06-30 00:00:00,FAC_rank_vol_m6_n3_pairwise1,3,Q3,0.8411942564654857,0.071754229536995,46
future_ret_6m,2017-06-30 00:00:00,FAC_rank_vol_m6_n3_pairwise1,4,Q4,0.8798899249723506,0.09003227707180293,46
future_ret_6m,2017-06-30 00:00:00,FAC_rank_vol_m6_n3_pairwise1,5,High,0.9294641676367409,0.08690574537641026,47
future_ret_6m,2017-09-29 00:00:00,FAC_rank_vol_m6_n3_pairwise1,1,Low,0.6682520954229569,0.013891388240630175,52
future_ret_6m,2017-09-29 00:00:00,FAC_rank_vol_m6_n3_pairwise1,2,Q2,0.7635745291307346,0.017715571112237004,51
future_ret_6m,2017-09-29 00:00:00,FAC_rank_vol_m6_n3_pairwise1,3,Q3,0.8165741571933737,-0.0010305537291894632,51
future_ret_6m,2017-09-29 00:00:00,FAC_rank_vol_m6_n3_pairwise1,4,Q4,0.8649022448346767,0.0077421915698097895,51
future_ret_6m,2017-09-29 00:00:00,FAC_rank_vol_m6_n3_pairwise1,5,High,0.9233695144605361,0.006817730017743375,51
future_ret_6m,2017-12-29 00:00:00,FAC_rank_vol_m6_n3_pairwise1,1,Low,0.6548392932627131,-0.07175220154223708,55
future_ret_6m,2017-12-29 00:00:00,FAC_rank_vol_m6_n3_pairwise1,2,Q2,0.7488240344150208,-0.08330854606504066,54
future_ret_6m,2017-12-29 00:00:00,FAC_rank_vol_m6_n3_pairwise1,3,Q3,0.8036893645657609,-0.07561950169001541,54
future_ret_6m,2017-12-29 00:00:00,FAC_rank_vol_m6_n3_pairwise1,4,Q4,0.8590654447685974,-0.09587116922900378,54
future_ret_6m,2017-12-29 00:00:00,FAC_rank_vol_m6_n3_pairwise1,5,High,0.919681485156465,-0.08440953852770118,55
future_ret_6m,2018-03-30 00:00:00,FAC_rank_vol_m6_n3_pairwise1,1,Low,0.6495437304256007,-0.1778640805691626,54
future_ret_6m,2018-03-30 00:00:00,FAC_rank_vol_m6_n3_pairwise1,2,Q2,0.7376748404210117,-0.13922218589168134,54
future_ret_6m,2018-03-30 00:00:00,FAC_rank_vol_m6_n3_pairwise1,3,Q3,0.7833207513022041,-0.12773618140640183,53
future_ret_6m,2018-03-30 00:00:00,FAC_rank_vol_m6_n3_pairwise1,4,Q4,0.8306595344362094,-0.12848978346839895,54
future_ret_6m,2018-03-30 00:00:00,FAC_rank_vol_m6_n3_pairwise1,5,High,0.8922532108706674,-0.1403623433426522,54
future_ret_6m,2018-06-29 00:00:00,FAC_rank_vol_m6_n3_pairwise1,1,Low,0.6319150679848526,-0.19725118922823567,56
future_ret_6m,2018-06-29 00:00:00,FAC_rank_vol_m6_n3_pairwise1,2,Q2,0.708570165032254,-0.1840323878241773,55
future_ret_6m,2018-06-29 00:00:00,FAC_rank_vol_m6_n3_pairwise1,3,Q3,0.7732960893719101,-0.18081180850953027,56
future_ret_6m,2018-06-29 00:00:00,FAC_rank_vol_m6_n3_pairwise1,4,Q4,0.8281047202645013,-0.16869098167385374,55
future_ret_6m,2018-06-29 00:00:00,FAC_rank_vol_m6_n3_pairwise1,5,High,0.8951294117279591,-0.16327688592428258,56
future_ret_6m,2018-09-28 00:00:00,FAC_rank_vol_m6_n3_pairwise1,1,Low,0.6271146537480343,0.13820437482469713,55
future_ret_6m,2018-09-28 00:00:00,FAC_rank_vol_m6_n3_pairwise1,2,Q2,0.7083660299445531,0.14247557809773814,55
future_ret_6m,2018-09-28 00:00:00,FAC_rank_vol_m6_n3_pairwise1,3,Q3,0.7671116809589296,0.12703863694391046,54
future_ret_6m,2018-09-28 00:00:00,FAC_rank_vol_m6_n3_pairwise1,4,Q4,0.8327728830631004,0.12443519534324607,55
future_ret_6m,2018-09-28 00:00:00,FAC_rank_vol_m6_n3_pairwise1,5,High,0.8943127850783916,0.12386711241665475,55
future_ret_6m,2018-12-28 00:00:00,FAC_rank_vol_m6_n3_pairwise1,1,Low,0.6775939121962276,0.2927880442303231,56
future_ret_6m,2018-12-28 00:00:00,FAC_rank_vol_m6_n3_pairwise1,2,Q2,0.7542564126977532,0.2540333227075017,55
future_ret_6m,2018-12-28 00:00:00,FAC_rank_vol_m6_n3_pairwise1,3,Q3,0.8091853637435908,0.25169709517664185,56
future_ret_6m,2018-12-28 00:00:00,FAC_rank_vol_m6_n3_pairwise1,4,Q4,0.8595039285042287,0.25441848879703316,55
future_ret_6m,2018-12-28 00:00:00,FAC_rank_vol_m6_n3_pairwise1,5,High,0.92419118663747,0.23231455912866467,56
future_ret_6m,2019-03-29 00:00:00,FAC_rank_vol_m6_n3_pairwise1,1,Low,0.6124332146070665,0.0740335945386508,58
future_ret_6m,2019-03-29 00:00:00,FAC_rank_vol_m6_n3_pairwise1,2,Q2,0.7061629809025336,0.07545453589010268,57
future_ret_6m,2019-03-29 00:00:00,FAC_rank_vol_m6_n3_pairwise1,3,Q3,0.7608262455164708,0.054838519828682875,57
future_ret_6m,2019-03-29 00:00:00,FAC_rank_vol_m6_n3_pairwise1,4,Q4,0.8119432877955125,0.0596142261349534,57
future_ret_6m,2019-03-29 00:00:00,FAC_rank_vol_m6_n3_pairwise1,5,High,0.8793833795802445,0.062083602790242116,58
future_ret_6m,2019-06-28 00:00:00,FAC_rank_vol_m6_n3_pairwise1,1,Low,0.6392020421899178,0.2054569877923833,60
future_ret_6m,2019-06-28 00:00:00,FAC_rank_vol_m6_n3_pairwise1,2,Q2,0.730791486205811,0.20645151732964992,59
future_ret_6m,2019-06-28 00:00:00,FAC_rank_vol_m6_n3_pairwise1,3,Q3,0.7981136366456223,0.1779641875998208,59
future_ret_6m,2019-06-28 00:00:00,FAC_rank_vol_m6_n3_pairwise1,4,Q4,0.8481159491682376,0.1789342935935801,59
future_ret_6m,2019-06-28 00:00:00,FAC_rank_vol_m6_n3_pairwise1,5,High,0.9105140752108082,0.17684429042129765,60
future_ret_6m,2019-09-30 00:00:00,FAC_rank_vol_m6_n3_pairwise1,1,Low,0.6428000594456937,0.1223965961228897,61
future_ret_6m,2019-09-30 00:00:00,FAC_rank_vol_m6_n3_pairwise1,2,Q2,0.7240271320404604,0.08620551865464413,60
future_ret_6m,2019-09-30 00:00:00,FAC_rank_vol_m6_n3_pairwise1,3,Q3,0.7805947075086458,0.10495124322721404,60
future_ret_6m,2019-09-30 00:00:00,FAC_rank_vol_m6_n3_pairwise1,4,Q4,0.8385329477705067,0.09892494708003605,60
future_ret_6m,2019-09-30 00:00:00,FAC_rank_vol_m6_n3_pairwise1,5,High,0.8959857998796092,0.10683052662099504,61
future_ret_6m,2019-12-31 00:00:00,FAC_rank_vol_m6_n3_pairwise1,1,Low,0.6667973153555449,0.3134018787126041,69
future_ret_6m,2019-12-31 00:00:00,FAC_rank_vol_m6_n3_pairwise1,2,Q2,0.7448464764292477,0.27389437716808107,68
future_ret_6m,2019-12-31 00:00:00,FAC_rank_vol_m6_n3_pairwise1,3,Q3,0.7978773499094133,0.2597916086307979,68
future_ret_6m,2019-12-31 00:00:00,FAC_rank_vol_m6_n3_pairwise1,4,Q4,0.8506494622903735,0.2545225567132378,68
future_ret_6m,2019-12-31 00:00:00,FAC_rank_vol_m6_n3_pairwise1,5,High,0.9141748764382202,0.2449873948029247,68
future_ret_6m,2020-03-31 00:00:00,FAC_rank_vol_m6_n3_pairwise1,1,Low,0.6724251834614036,0.44053377132066657,71
future_ret_6m,2020-03-31 00:00:00,FAC_rank_vol_m6_n3_pairwise1,2,Q2,0.7568627915969542,0.4039549296756204,71
future_ret_6m,2020-03-31 00:00:00,FAC_rank_vol_m6_n3_pairwise1,3,Q3,0.8142056938348357,0.4127741179116068,71
future_ret_6m,2020-03-31 00:00:00,FAC_rank_vol_m6_n3_pairwise1,4,Q4,0.8607801925007666,0.4200850631737554,71
future_ret_6m,2020-03-31 00:00:00,FAC_rank_vol_m6_n3_pairwise1,5,High,0.9169878875765908,0.4064637857879944,71
future_ret_6m,2020-06-30 00:00:00,FAC_rank_vol_m6_n3_pairwise1,1,Low,0.6290170516620772,0.29319156938276203,75
future_ret_6m,2020-06-30 00:00:00,FAC_rank_vol_m6_n3_pairwise1,2,Q2,0.7123003472556041,0.32062340429852204,74
future_ret_6m,2020-06-30 00:00:00,FAC_rank_vol_m6_n3_pairwise1,3,Q3,0.7825284114483405,0.28911964843413673,75
future_ret_6m,2020-06-30 00:00:00,FAC_rank_vol_m6_n3_pairwise1,4,Q4,0.8493113984130548,0.2921427847280674,74
future_ret_6m,2020-06-30 00:00:00,FAC_rank_vol_m6_n3_pairwise1,5,High,0.9075528060858503,0.27378347837136796,75
future_ret_6m,2020-09-30 00:00:00,FAC_rank_vol_m6_n3_pairwise1,1,Low,0.6564999890038565,0.102280861853564,80
future_ret_6m,2020-09-30 00:00:00,FAC_rank_vol_m6_n3_pairwise1,2,Q2,0.7398554838639981,0.10017293631639664,79
future_ret_6m,2020-09-30 00:00:00,FAC_rank_vol_m6_n3_pairwise1,3,Q3,0.7935626526581531,0.10978733175555602,79
future_ret_6m,2020-09-30 00:00:00,FAC_rank_vol_m6_n3_pairwise1,4,Q4,0.84194267936667,0.11164344837841825,79
future_ret_6m,2020-09-30 00:00:00,FAC_rank_vol_m6_n3_pairwise1,5,High,0.8980457771231094,0.13205305514799667,80
future_ret_6m,2020-12-31 00:00:00,FAC_rank_vol_m6_n3_pairwise1,1,Low,0.6555818218764282,0.12615456899889008,88
future_ret_6m,2020-12-31 00:00:00,FAC_rank_vol_m6_n3_pairwise1,2,Q2,0.7323322703093008,0.09800134920520595,87
future_ret_6m,2020-12-31 00:00:00,FAC_rank_vol_m6_n3_pairwise1,3,Q3,0.7863117244631413,0.09439745356516181,88
future_ret_6m,2020-12-31 00:00:00,FAC_rank_vol_m6_n3_pairwise1,4,Q4,0.8390788346426191,0.08082109877950087,87
future_ret_6m,2020-12-31 00:00:00,FAC_rank_vol_m6_n3_pairwise1,5,High,0.9054318331567697,0.0899277633372732,88
future_ret_6m,2021-03-31 00:00:00,FAC_rank_vol_m6_n3_pairwise1,1,Low,0.6436620252974365,0.16768405406383224,93
future_ret_6m,2021-03-31 00:00:00,FAC_rank_vol_m6_n3_pairwise1,2,Q2,0.7306198003686518,0.09975056378857446,92
future_ret_6m,2021-03-31 00:00:00,FAC_rank_vol_m6_n3_pairwise1,3,Q3,0.7893312154762155,0.0927264006880067,93
future_ret_6m,2021-03-31 00:00:00,FAC_rank_vol_m6_n3_pairwise1,4,Q4,0.8421711956415937,0.07655952372210079,92
future_ret_6m,2021-03-31 00:00:00,FAC_rank_vol_m6_n3_pairwise1,5,High,0.9047366715574968,0.0984334213932784,93
future_ret_6m,2021-06-30 00:00:00,FAC_rank_vol_m6_n3_pairwise1,1,Low,0.6168372382085165,0.06502259931749345,104
future_ret_6m,2021-06-30 00:00:00,FAC_rank_vol_m6_n3_pairwise1,2,Q2,0.6924328045031826,0.013221741634228835,104
future_ret_6m,2021-06-30 00:00:00,FAC_rank_vol_m6_n3_pairwise1,3,Q3,0.7525162240684686,-0.011102036780364184,103
future_ret_6m,2021-06-30 00:00:00,FAC_rank_vol_m6_n3_pairwise1,4,Q4,0.8063393106282549,-0.04256112797010358,104
future_ret_6m,2021-06-30 00:00:00,FAC_rank_vol_m6_n3_pairwise1,5,High,0.8712535795075588,-0.017265035933918232,104
future_ret_6m,2021-09-30 00:00:00,FAC_rank_vol_m6_n3_pairwise1,1,Low,0.6369477994819196,-0.16802029701636648,114
future_ret_6m,2021-09-30 00:00:00,FAC_rank_vol_m6_n3_pairwise1,2,Q2,0.723470849103736,-0.13604881343523073,113
future_ret_6m,2021-09-30 00:00:00,FAC_rank_vol_m6_n3_pairwise1,3,Q3,0.7763356633752933,-0.1355027153094975,114
future_ret_6m,2021-09-30 00:00:00,FAC_rank_vol_m6_n3_pairwise1,4,Q4,0.8299510334023734,-0.14623894985957436,113
future_ret_6m,2021-09-30 00:00:00,FAC_rank_vol_m6_n3_pairwise1,5,High,0.8978865908206284,-0.15387199018130113,114
future_ret_6m,2021-12-31 00:00:00,FAC_rank_vol_m6_n3_pairwise1,1,Low,0.6417601575175493,-0.10135983228412283,121
future_ret_6m,2021-12-31 00:00:00,FAC_rank_vol_m6_n3_pairwise1,2,Q2,0.7352931229486335,-0.09689624152371552,120
future_ret_6m,2021-12-31 00:00:00,FAC_rank_vol_m6_n3_pairwise1,3,Q3,0.7904477660206427,-0.10416603422162109,120
future_ret_6m,2021-12-31 00:00:00,FAC_rank_vol_m6_n3_pairwise1,4,Q4,0.84150635733237,-0.10053586471444091,120
future_ret_6m,2021-12-31 00:00:00,FAC_rank_vol_m6_n3_pairwise1,5,High,0.904657111715683,-0.1042536941634352,121
future_ret_6m,2022-03-31 00:00:00,FAC_rank_vol_m6_n3_pairwise1,1,Low,0.6515954673731377,-0.06696867270374061,133
future_ret_6m,2022-03-31 00:00:00,FAC_rank_vol_m6_n3_pairwise1,2,Q2,0.7274993216796465,-0.044204196220624346,133
future_ret_6m,2022-03-31 00:00:00,FAC_rank_vol_m6_n3_pairwise1,3,Q3,0.7774829430324606,-0.038825916423980374,132
future_ret_6m,2022-03-31 00:00:00,FAC_rank_vol_m6_n3_pairwise1,4,Q4,0.8286515818526846,-0.0457221131253326,133
future_ret_6m,2022-03-31 00:00:00,FAC_rank_vol_m6_n3_pairwise1,5,High,0.8897831935693675,-0.05315600029081959,133
future_ret_6m,2022-06-30 00:00:00,FAC_rank_vol_m6_n3_pairwise1,1,Low,0.645554507605611,-0.1141192219174727,155
future_ret_6m,2022-06-30 00:00:00,FAC_rank_vol_m6_n3_pairwise1,2,Q2,0.7258516109922893,-0.12255017654303205,154
future_ret_6m,2022-06-30 00:00:00,FAC_rank_vol_m6_n3_pairwise1,3,Q3,0.7826134172347646,-0.1272313944723809,154
future_ret_6m,2022-06-30 00:00:00,FAC_rank_vol_m6_n3_pairwise1,4,Q4,0.8296501259335147,-0.12324388928821516,154
future_ret_6m,2022-06-30 00:00:00,FAC_rank_vol_m6_n3_pairwise1,5,High,0.8928919937216179,-0.12614721802613393,154
future_ret_6m,2006-09-29 00:00:00,FAC_rank_vol_m6_n6_pairwise1,1,Low,0.6659614886441693,,1
future_ret_6m,2006-09-29 00:00:00,FAC_rank_vol_m6_n6_pairwise1,2,Q2,0.7088138879481856,,1
future_ret_6m,2006-09-29 00:00:00,FAC_rank_vol_m6_n6_pairwise1,3,Q3,0.8264944765528582,,1
future_ret_6m,2006-09-29 00:00:00,FAC_rank_vol_m6_n6_pairwise1,4,Q4,0.86627661220099,,1
future_ret_6m,2006-09-29 00:00:00,FAC_rank_vol_m6_n6_pairwise1,5,High,0.8996675571477298,,1
future_ret_6m,2006-12-29 00:00:00,FAC_rank_vol_m6_n6_pairwise1,1,Low,0.677293576309217,,1
future_ret_6m,2006-12-29 00:00:00,FAC_rank_vol_m6_n6_pairwise1,2,Q2,0.7384023264981948,,1
future_ret_6m,2006-12-29 00:00:00,FAC_rank_vol_m6_n6_pairwise1,3,Q3,0.7977501591833625,,1
future_ret_6m,2006-12-29 00:00:00,FAC_rank_vol_m6_n6_pairwise1,4,Q4,0.8799305756378142,,1
future_ret_6m,2006-12-29 00:00:00,FAC_rank_vol_m6_n6_pairwise1,5,High,0.9087909020451201,,1
future_ret_6m,2007-03-30 00:00:00,FAC_rank_vol_m6_n6_pairwise1,1,Low,0.7706386658264195,,2
future_ret_6m,2007-03-30 00:00:00,FAC_rank_vol_m6_n6_pairwise1,2,Q2,0.7943706593990891,,1
future_ret_6m,2007-03-30 00:00:00,FAC_rank_vol_m6_n6_pairwise1,3,Q3,0.8191169607472586,,1
future_ret_6m,2007-03-30 00:00:00,FAC_rank_vol_m6_n6_pairwise1,4,Q4,0.8345546607369472,,1
future_ret_6m,2007-03-30 00:00:00,FAC_rank_vol_m6_n6_pairwise1,5,High,0.8801603289710778,,2
future_ret_6m,2007-06-29 00:00:00,FAC_rank_vol_m6_n6_pairwise1,1,Low,0.745007644243893,,1
future_ret_6m,2007-06-29 00:00:00,FAC_rank_vol_m6_n6_pairwise1,2,Q2,0.8144045744986437,,1
future_ret_6m,2007-06-29 00:00:00,FAC_rank_vol_m6_n6_pairwise1,3,Q3,0.8374371856336671,,1
future_ret_6m,2007-06-29 00:00:00,FAC_rank_vol_m6_n6_pairwise1,4,Q4,0.8423280381256634,,1
future_ret_6m,2007-06-29 00:00:00,FAC_rank_vol_m6_n6_pairwise1,5,High,0.9006270478949177,,1
future_ret_6m,2007-12-28 00:00:00,FAC_rank_vol_m6_n6_pairwise1,1,Low,0.7601661558707717,,3
future_ret_6m,2007-12-28 00:00:00,FAC_rank_vol_m6_n6_pairwise1,2,Q2,0.8422407455880836,,2
future_ret_6m,2007-12-28 00:00:00,FAC_rank_vol_m6_n6_pairwise1,3,Q3,0.8912208790045499,,2
future_ret_6m,2007-12-28 00:00:00,FAC_rank_vol_m6_n6_pairwise1,4,Q4,0.9011923004419902,,2
future_ret_6m,2007-12-28 00:00:00,FAC_rank_vol_m6_n6_pairwise1,5,High,0.9135636112427628,,2
future_ret_6m,2008-03-31 00:00:00,FAC_rank_vol_m6_n6_pairwise1,1,Low,0.7019693719073037,,2
future_ret_6m,2008-03-31 00:00:00,FAC_rank_vol_m6_n6_pairwise1,2,Q2,0.743206410655791,,2
future_ret_6m,2008-03-31 00:00:00,FAC_rank_vol_m6_n6_pairwise1,3,Q3,0.7763532339851604,,2
future_ret_6m,2008-03-31 00:00:00,FAC_rank_vol_m6_n6_pairwise1,4,Q4,0.850101548280026,,2
future_ret_6m,2008-03-31 00:00:00,FAC_rank_vol_m6_n6_pairwise1,5,High,0.9144859971516068,,2
future_ret_6m,2008-06-30 00:00:00,FAC_rank_vol_m6_n6_pairwise1,1,Low,0.7010492139236991,,3
future_ret_6m,2008-06-30 00:00:00,FAC_rank_vol_m6_n6_pairwise1,2,Q2,0.7494055165473773,,3
future_ret_6m,2008-06-30 00:00:00,FAC_rank_vol_m6_n6_pairwise1,3,Q3,0.7692167617760627,,2
future_ret_6m,2008-06-30 00:00:00,FAC_rank_vol_m6_n6_pairwise1,4,Q4,0.8342574760011999,,3
future_ret_6m,2008-06-30 00:00:00,FAC_rank_vol_m6_n6_pairwise1,5,High,0.8677562836985745,,3
future_ret_6m,2008-09-26 00:00:00,FAC_rank_vol_m6_n6_pairwise1,1,Low,0.7358967006972713,,4
future_ret_6m,2008-09-26 00:00:00,FAC_rank_vol_m6_n6_pairwise1,2,Q2,0.7926019695743046,,3
future_ret_6m,2008-09-26 00:00:00,FAC_rank_vol_m6_n6_pairwise1,3,Q3,0.8243146653086925,,3
future_ret_6m,2008-09-26 00:00:00,FAC_rank_vol_m6_n6_pairwise1,4,Q4,0.8645730931318897,,3
future_ret_6m,2008-09-26 00:00:00,FAC_rank_vol_m6_n6_pairwise1,5,High,0.9304936526410398,,4
future_ret_6m,2008-12-31 00:00:00,FAC_rank_vol_m6_n6_pairwise1,1,Low,0.7687453274586364,0.45031737879250466,5
future_ret_6m,2008-12-31 00:00:00,FAC_rank_vol_m6_n6_pairwise1,2,Q2,0.8287165353490078,0.5010936269378007,5
future_ret_6m,2008-12-31 00:00:00,FAC_rank_vol_m6_n6_pairwise1,3,Q3,0.8709839643053737,0.501246983740457,5
future_ret_6m,2008-12-31 00:00:00,FAC_rank_vol_m6_n6_pairwise1,4,Q4,0.9064550399964935,0.46885366610449264,5
future_ret_6m,2008-12-31 00:00:00,FAC_rank_vol_m6_n6_pairwise1,5,High,0.9549707215246543,0.5236796477999329,5
future_ret_6m,2009-03-31 00:00:00,FAC_rank_vol_m6_n6_pairwise1,1,Low,0.6673287307218561,0.18447972310095737,7
future_ret_6m,2009-03-31 00:00:00,FAC_rank_vol_m6_n6_pairwise1,2,Q2,0.7670389187063081,0.15915101313122282,6
future_ret_6m,2009-03-31 00:00:00,FAC_rank_vol_m6_n6_pairwise1,3,Q3,0.832393304370258,0.20945463413309937,6
future_ret_6m,2009-03-31 00:00:00,FAC_rank_vol_m6_n6_pairwise1,4,Q4,0.8800812773166521,0.1986370320079219,6
future_ret_6m,2009-03-31 00:00:00,FAC_rank_vol_m6_n6_pairwise1,5,High,0.9317180413466694,0.17560605217110323,6
future_ret_6m,2009-06-30 00:00:00,FAC_rank_vol_m6_n6_pairwise1,1,Low,0.6920056324292815,0.12307712514584594,6
future_ret_6m,2009-06-30 00:00:00,FAC_rank_vol_m6_n6_pairwise1,2,Q2,0.7717602850797861,0.10117695395293719,6
future_ret_6m,2009-06-30 00:00:00,FAC_rank_vol_m6_n6_pairwise1,3,Q3,0.8222026350654934,0.1667853861669879,6
future_ret_6m,2009-06-30 00:00:00,FAC_rank_vol_m6_n6_pairwise1,4,Q4,0.8840820657713353,0.13664629966494476,6
future_ret_6m,2009-06-30 00:00:00,FAC_rank_vol_m6_n6_pairwise1,5,High,0.9574524129195737,0.15671002920020985,6
future_ret_6m,2009-09-30 00:00:00,FAC_rank_vol_m6_n6_pairwise1,1,Low,0.7357437600140142,0.1412500510822473,8
future_ret_6m,2009-09-30 00:00:00,FAC_rank_vol_m6_n6_pairwise1,2,Q2,0.8137689243229929,0.132471847736311,7
future_ret_6m,2009-09-30 00:00:00,FAC_rank_vol_m6_n6_pairwise1,3,Q3,0.8663403478071129,0.16545979639549582,7
future_ret_6m,2009-09-30 00:00:00,FAC_rank_vol_m6_n6_pairwise1,4,Q4,0.8998398634732562,0.1039046251530138,7
future_ret_6m,2009-09-30 00:00:00,FAC_rank_vol_m6_n6_pairwise1,5,High,0.9410844706369014,0.0918971358046321,7
future_ret_6m,2009-12-31 00:00:00,FAC_rank_vol_m6_n6_pairwise1,1,Low,0.7471897083188177,-0.1784505689013347,9
future_ret_6m,2009-12-31 00:00:00,FAC_rank_vol_m6_n6_pairwise1,2,Q2,0.814210110973074,-0.19582866795077086,9
future_ret_6m,2009-12-31 00:00:00,FAC_rank_vol_m6_n6_pairwise1,3,Q3,0.8614147252703859,-0.18820218920145015,9
future_ret_6m,2009-12-31 00:00:00,FAC_rank_vol_m6_n6_pairwise1,4,Q4,0.9051208068869191,-0.18704881325963474,9
future_ret_6m,2009-12-31 00:00:00,FAC_rank_vol_m6_n6_pairwise1,5,High,0.9514774586162219,-0.17077274267812648,9
future_ret_6m,2010-03-31 00:00:00,FAC_rank_vol_m6_n6_pairwise1,1,Low,0.7182636676060185,-0.007508804527271093,11
future_ret_6m,2010-03-31 00:00:00,FAC_rank_vol_m6_n6_pairwise1,2,Q2,0.7987906761255377,-0.003351630536594616,10
future_ret_6m,2010-03-31 00:00:00,FAC_rank_vol_m6_n6_pairwise1,3,Q3,0.8515456699973576,-0.0008667604469304701,10
future_ret_6m,2010-03-31 00:00:00,FAC_rank_vol_m6_n6_pairwise1,4,Q4,0.8833281526691923,-0.01354778008820846,10
future_ret_6m,2010-03-31 00:00:00,FAC_rank_vol_m6_n6_pairwise1,5,High,0.9394750140933734,-0.013029142362467295,10
future_ret_6m,2010-06-30 00:00:00,FAC_rank_vol_m6_n6_pairwise1,1,Low,0.7372910779089384,0.24090637643004165,11
future_ret_6m,2010-06-30 00:00:00,FAC_rank_vol_m6_n6_pairwise1,2,Q2,0.8024958828854848,0.2788152815811463,10
future_ret_6m,2010-06-30 00:00:00,FAC_rank_vol_m6_n6_pairwise1,3,Q3,0.854176860697569,0.2614732441082664,10
future_ret_6m,2010-06-30 00:00:00,FAC_rank_vol_m6_n6_pairwise1,4,Q4,0.8862780520340274,0.24613902489868084,10
future_ret_6m,2010-06-30 00:00:00,FAC_rank_vol_m6_n6_pairwise1,5,High,0.9261383075916776,0.25390866978186827,11
future_ret_6m,2010-09-30 00:00:00,FAC_rank_vol_m6_n6_pairwise1,1,Low,0.7992403434499136,0.05137570334803545,10
future_ret_6m,2010-09-30 00:00:00,FAC_rank_vol_m6_n6_pairwise1,2,Q2,0.8633251901709557,0.01334238293361425,10
future_ret_6m,2010-09-30 00:00:00,FAC_rank_vol_m6_n6_pairwise1,3,Q3,0.9020412961192514,0.030787609318611242,10
future_ret_6m,2010-09-30 00:00:00,FAC_rank_vol_m6_n6_pairwise1,4,Q4,0.9275323707188082,0.05950404980874376,10
future_ret_6m,2010-09-30 00:00:00,FAC_rank_vol_m6_n6_pairwise1,5,High,0.9761534279264689,0.033885570094869324,10
future_ret_6m,2010-12-31 00:00:00,FAC_rank_vol_m6_n6_pairwise1,1,Low,0.7319229123654314,-0.07551252453148466,11
future_ret_6m,2010-12-31 00:00:00,FAC_rank_vol_m6_n6_pairwise1,2,Q2,0.8085617579528371,-0.050616854542356114,10
future_ret_6m,2010-12-31 00:00:00,FAC_rank_vol_m6_n6_pairwise1,3,Q3,0.8606566798616444,-0.094204311757138,11
future_ret_6m,2010-12-31 00:00:00,FAC_rank_vol_m6_n6_pairwise1,4,Q4,0.9041134430634313,-0.07914673222174955,10
future_ret_6m,2010-12-31 00:00:00,FAC_rank_vol_m6_n6_pairwise1,5,High,0.944090195210866,-0.052762346511413497,11
future_ret_6m,2011-03-31 00:00:00,FAC_rank_vol_m6_n6_pairwise1,1,Low,0.7102461985025845,-0.1529530775928082,11
future_ret_6m,2011-03-31 00:00:00,FAC_rank_vol_m6_n6_pairwise1,2,Q2,0.8108982639212652,-0.1552276754831871,10
future_ret_6m,2011-03-31 00:00:00,FAC_rank_vol_m6_n6_pairwise1,3,Q3,0.8634840247543055,-0.1665795542435134,10
future_ret_6m,2011-03-31 00:00:00,FAC_rank_vol_m6_n6_pairwise1,4,Q4,0.9124782707047627,-0.1660913841810942,10
future_ret_6m,2011-03-31 00:00:00,FAC_rank_vol_m6_n6_pairwise1,5,High,0.9612889082635346,-0.1374997732223135,10
future_ret_6m,2011-06-30 00:00:00,FAC_rank_vol_m6_n6_pairwise1,1,Low,0.6738154921539782,-0.17567085733181995,11
future_ret_6m,2011-06-30 00:00:00,FAC_rank_vol_m6_n6_pairwise1,2,Q2,0.7856094388556233,-0.1992390223709525,11
future_ret_6m,2011-06-30 00:00:00,FAC_rank_vol_m6_n6_pairwise1,3,Q3,0.8460215516172426,-0.19092945079961515,10
future_ret_6m,2011-06-30 00:00:00,FAC_rank_vol_m6_n6_pairwise1,4,Q4,0.8916922059340329,-0.17368496075973347,11
future_ret_6m,2011-06-30 00:00:00,FAC_rank_vol_m6_n6_pairwise1,5,High,0.9482044727633354,-0.18701976727350722,11
future_ret_6m,2011-09-30 00:00:00,FAC_rank_vol_m6_n6_pairwise1,1,Low,0.6757764604475578,-0.060522597210244625,13
future_ret_6m,2011-09-30 00:00:00,FAC_rank_vol_m6_n6_pairwise1,2,Q2,0.8009079758369401,-0.059014440125453614,12
future_ret_6m,2011-09-30 00:00:00,FAC_rank_vol_m6_n6_pairwise1,3,Q3,0.8356618136474957,-0.06358688281394027,12
future_ret_6m,2011-09-30 00:00:00,FAC_rank_vol_m6_n6_pairwise1,4,Q4,0.8723596569503954,-0.07465109559618129,12
future_ret_6m,2011-09-30 00:00:00,FAC_rank_vol_m6_n6_pairwise1,5,High,0.9247293507084743,-0.07300933869296854,12
future_ret_6m,2011-12-30 00:00:00,FAC_rank_vol_m6_n6_pairwise1,1,Low,0.7161379228346584,0.05368366610932989,14
future_ret_6m,2011-12-30 00:00:00,FAC_rank_vol_m6_n6_pairwise1,2,Q2,0.7945042995483999,0.030640708554618017,14
future_ret_6m,2011-12-30 00:00:00,FAC_rank_vol_m6_n6_pairwise1,3,Q3,0.8584820599491461,0.045686415828147295,13
future_ret_6m,2011-12-30 00:00:00,FAC_rank_vol_m6_n6_pairwise1,4,Q4,0.8968855769105015,0.040755318048115614,14
future_ret_6m,2011-12-30 00:00:00,FAC_rank_vol_m6_n6_pairwise1,5,High,0.9464056404966215,0.073700126872555,14
future_ret_6m,2012-03-30 00:00:00,FAC_rank_vol_m6_n6_pairwise1,1,Low,0.6960573039469431,-0.018236407153870895,13
future_ret_6m,2012-03-30 00:00:00,FAC_rank_vol_m6_n6_pairwise1,2,Q2,0.7986809016999424,-0.0037737547484010905,12
future_ret_6m,2012-03-30 00:00:00,FAC_rank_vol_m6_n6_pairwise1,3,Q3,0.8505104210643685,0.000741922407957026,12
future_ret_6m,2012-03-30 00:00:00,FAC_rank_vol_m6_n6_pairwise1,4,Q4,0.8899366794779665,0.01137228014836364,12
future_ret_6m,2012-03-30 00:00:00,FAC_rank_vol_m6_n6_pairwise1,5,High,0.9356213950635165,-0.010612235182402866,13
future_ret_6m,2012-06-29 00:00:00,FAC_rank_vol_m6_n6_pairwise1,1,Low,0.7146581987989727,0.018208832286425513,15
future_ret_6m,2012-06-29 00:00:00,FAC_rank_vol_m6_n6_pairwise1,2,Q2,0.7867980410159605,0.010654037382582424,14
future_ret_6m,2012-06-29 00:00:00,FAC_rank_vol_m6_n6_pairwise1,3,Q3,0.8465203476880986,0.019344602352694893,15
future_ret_6m,2012-06-29 00:00:00,FAC_rank_vol_m6_n6_pairwise1,4,Q4,0.8798615342319492,6.872433271382095e-05,14
future_ret_6m,2012-06-29 00:00:00,FAC_rank_vol_m6_n6_pairwise1,5,High,0.9339005928292128,0.005091216258011907,15
future_ret_6m,2012-09-28 00:00:00,FAC_rank_vol_m6_n6_pairwise1,1,Low,0.6605770426932867,0.1041094023042173,16
future_ret_6m,2012-09-28 00:00:00,FAC_rank_vol_m6_n6_pairwise1,2,Q2,0.7709192194073787,0.11684418084530933,16
future_ret_6m,2012-09-28 00:00:00,FAC_rank_vol_m6_n6_pairwise1,3,Q3,0.8318923000311701,0.11558138946493403,16
future_ret_6m,2012-09-28 00:00:00,FAC_rank_vol_m6_n6_pairwise1,4,Q4,0.8892266273551617,0.09254819844831905,16
future_ret_6m,2012-09-28 00:00:00,FAC_rank_vol_m6_n6_pairwise1,5,High,0.9398352485823962,0.09497884621502609,16
future_ret_6m,2012-12-31 00:00:00,FAC_rank_vol_m6_n6_pairwise1,1,Low,0.7310314555085659,0.050683249344462375,20
future_ret_6m,2012-12-31 00:00:00,FAC_rank_vol_m6_n6_pairwise1,2,Q2,0.8337398001674353,0.06729993883267905,19
future_ret_6m,2012-12-31 00:00:00,FAC_rank_vol_m6_n6_pairwise1,3,Q3,0.8705883803862999,0.07195411065429959,20
future_ret_6m,2012-12-31 00:00:00,FAC_rank_vol_m6_n6_pairwise1,4,Q4,0.9116073656672791,0.04777510951892708,19
future_ret_6m,2012-12-31 00:00:00,FAC_rank_vol_m6_n6_pairwise1,5,High,0.9620698588449763,0.060074595299200804,20
future_ret_6m,2013-03-29 00:00:00,FAC_rank_vol_m6_n6_pairwise1,1,Low,0.6730868628993257,0.11399233945359151,22
future_ret_6m,2013-03-29 00:00:00,FAC_rank_vol_m6_n6_pairwise1,2,Q2,0.7607092745780769,0.1450572382414108,21
future_ret_6m,2013-03-29 00:00:00,FAC_rank_vol_m6_n6_pairwise1,3,Q3,0.8245057110433861,0.12476559565505596,22
future_ret_6m,2013-03-29 00:00:00,FAC_rank_vol_m6_n6_pairwise1,4,Q4,0.8683396118325581,0.1719299881950161,21
future_ret_6m,2013-03-29 00:00:00,FAC_rank_vol_m6_n6_pairwise1,5,High,0.9204755681724659,0.13569295196165732,22
future_ret_6m,2013-06-28 00:00:00,FAC_rank_vol_m6_n6_pairwise1,1,Low,0.6979934755116303,0.09173796604115649,22
future_ret_6m,2013-06-28 00:00:00,FAC_rank_vol_m6_n6_pairwise1,2,Q2,0.7737024817069651,0.11177054649486136,21
future_ret_6m,2013-06-28 00:00:00,FAC_rank_vol_m6_n6_pairwise1,3,Q3,0.8337081429652269,0.12270921887520495,22
future_ret_6m,2013-06-28 00:00:00,FAC_rank_vol_m6_n6_pairwise1,4,Q4,0.8838496162832319,0.08596460504207808,21
future_ret_6m,2013-06-28 00:00:00,FAC_rank_vol_m6_n6_pairwise1,5,High,0.9464854570717084,0.10955532695208565,22
future_ret_6m,2013-09-30 00:00:00,FAC_rank_vol_m6_n6_pairwise1,1,Low,0.7502278375420949,-0.07026032320973509,23
future_ret_6m,2013-09-30 00:00:00,FAC_rank_vol_m6_n6_pairwise1,2,Q2,0.8409182209647196,-0.043358844007948545,22
future_ret_6m,2013-09-30 00:00:00,FAC_rank_vol_m6_n6_pairwise1,3,Q3,0.8838016164960006,-0.07261991160231286,22
future_ret_6m,2013-09-30 00:00:00,FAC_rank_vol_m6_n6_pairwise1,4,Q4,0.9219339520293588,-0.10523619025383259,22
future_ret_6m,2013-09-30 00:00:00,FAC_rank_vol_m6_n6_pairwise1,5,High,0.9634330676031067,-0.09921888147177035,22
future_ret_6m,2013-12-31 00:00:00,FAC_rank_vol_m6_n6_pairwise1,1,Low,0.7348726627101477,-0.015706839793992428,25
future_ret_6m,2013-12-31 00:00:00,FAC_rank_vol_m6_n6_pairwise1,2,Q2,0.8148051839447922,-0.006772989443477681,24
future_ret_6m,2013-12-31 00:00:00,FAC_rank_vol_m6_n6_pairwise1,3,Q3,0.8863167807328152,-0.007377423761550403,25
future_ret_6m,2013-12-31 00:00:00,FAC_rank_vol_m6_n6_pairwise1,4,Q4,0.9200106869514771,-0.026107296393374974,24
future_ret_6m,2013-12-31 00:00:00,FAC_rank_vol_m6_n6_pairwise1,5,High,0.9638141741232121,-0.03930747501549848,25
future_ret_6m,2014-03-31 00:00:00,FAC_rank_vol_m6_n6_pairwise1,1,Low,0.7484626149880708,0.15821834499967555,24
future_ret_6m,2014-03-31 00:00:00,FAC_rank_vol_m6_n6_pairwise1,2,Q2,0.8205010331160617,0.1800171223014266,24
future_ret_6m,2014-03-31 00:00:00,FAC_rank_vol_m6_n6_pairwise1,3,Q3,0.8667807715388675,0.18035626424122084,24
future_ret_6m,2014-03-31 00:00:00,FAC_rank_vol_m6_n6_pairwise1,4,Q4,0.8984022508468549,0.17780690637603427,24
future_ret_6m,2014-03-31 00:00:00,FAC_rank_vol_m6_n6_pairwise1,5,High,0.9451628227791314,0.15677510815393503,24
future_ret_6m,2014-06-30 00:00:00,FAC_rank_vol_m6_n6_pairwise1,1,Low,0.7556936725493124,0.2829123289209278,23
future_ret_6m,2014-06-30 00:00:00,FAC_rank_vol_m6_n6_pairwise1,2,Q2,0.8388235721431831,0.2282184313839232,23
future_ret_6m,2014-06-30 00:00:00,FAC_rank_vol_m6_n6_pairwise1,3,Q3,0.8855557101248404,0.19546496147573714,22
future_ret_6m,2014-06-30 00:00:00,FAC_rank_vol_m6_n6_pairwise1,4,Q4,0.9154760361136512,0.2856734518765612,23
future_ret_6m,2014-06-30 00:00:00,FAC_rank_vol_m6_n6_pairwise1,5,High,0.9612823584609894,0.2551480574350202,23
future_ret_6m,2014-09-30 00:00:00,FAC_rank_vol_m6_n6_pairwise1,1,Low,0.7140407204741152,0.4192530637517411,23
future_ret_6m,2014-09-30 00:00:00,FAC_rank_vol_m6_n6_pairwise1,2,Q2,0.8108368982784385,0.5360333459390287,22
future_ret_6m,2014-09-30 00:00:00,FAC_rank_vol_m6_n6_pairwise1,3,Q3,0.8627491444246815,0.4616621688733634,22
future_ret_6m,2014-09-30 00:00:00,FAC_rank_vol_m6_n6_pairwise1,4,Q4,0.8960024535421819,0.4498415497144767,22
future_ret_6m,2014-09-30 00:00:00,FAC_rank_vol_m6_n6_pairwise1,5,High,0.9374142360647425,0.4539428357517669,23
future_ret_6m,2014-12-31 00:00:00,FAC_rank_vol_m6_n6_pairwise1,1,Low,0.7173372198003614,0.5583796240622361,20
future_ret_6m,2014-12-31 00:00:00,FAC_rank_vol_m6_n6_pairwise1,2,Q2,0.794300191802168,0.5531243136176057,19
future_ret_6m,2014-12-31 00:00:00,FAC_rank_vol_m6_n6_pairwise1,3,Q3,0.8392413943607311,0.600503672822968,19
future_ret_6m,2014-12-31 00:00:00,FAC_rank_vol_m6_n6_pairwise1,4,Q4,0.878874081820153,0.5280185820842846,19
future_ret_6m,2014-12-31 00:00:00,FAC_rank_vol_m6_n6_pairwise1,5,High,0.9273217201216791,0.6060696044447038,19
future_ret_6m,2015-03-31 00:00:00,FAC_rank_vol_m6_n6_pairwise1,1,Low,0.6744058601845448,-0.13518752763031053,19
future_ret_6m,2015-03-31 00:00:00,FAC_rank_vol_m6_n6_pairwise1,2,Q2,0.7691588807235915,-0.12339027358434311,19
future_ret_6m,2015-03-31 00:00:00,FAC_rank_vol_m6_n6_pairwise1,3,Q3,0.8250384692492757,-0.1080265397377753,19
future_ret_6m,2015-03-31 00:00:00,FAC_rank_vol_m6_n6_pairwise1,4,Q4,0.8659140454357247,-0.15017033288703302,19
future_ret_6m,2015-03-31 00:00:00,FAC_rank_vol_m6_n6_pairwise1,5,High,0.9247714824083386,-0.0811971021411475,19
future_ret_6m,2015-06-30 00:00:00,FAC_rank_vol_m6_n6_pairwise1,1,Low,0.6859879756753905,-0.03975017487129562,15
future_ret_6m,2015-06-30 00:00:00,FAC_rank_vol_m6_n6_pairwise1,2,Q2,0.7966603284303678,-0.011519791287835535,14
future_ret_6m,2015-06-30 00:00:00,FAC_rank_vol_m6_n6_pairwise1,3,Q3,0.8527807637749422,-0.05378714163132397,14
future_ret_6m,2015-06-30 00:00:00,FAC_rank_vol_m6_n6_pairwise1,4,Q4,0.8888807441118783,-0.03797601822860543,14
future_ret_6m,2015-06-30 00:00:00,FAC_rank_vol_m6_n6_pairwise1,5,High,0.939881350224005,-0.04732133013826023,15
future_ret_6m,2015-09-30 00:00:00,FAC_rank_vol_m6_n6_pairwise1,1,Low,0.629908326178498,0.08695203903863964,14
future_ret_6m,2015-09-30 00:00:00,FAC_rank_vol_m6_n6_pairwise1,2,Q2,0.7341202090073858,0.09541201703508435,14
future_ret_6m,2015-09-30 00:00:00,FAC_rank_vol_m6_n6_pairwise1,3,Q3,0.7955571798340043,0.109257531968231,14
future_ret_6m,2015-09-30 00:00:00,FAC_rank_vol_m6_n6_pairwise1,4,Q4,0.8640001824689947,0.06675079236742827,14
future_ret_6m,2015-09-30 00:00:00,FAC_rank_vol_m6_n6_pairwise1,5,High,0.910103653234163,0.08216110053677769,14
future_ret_6m,2015-12-31 00:00:00,FAC_rank_vol_m6_n6_pairwise1,1,Low,0.6970789895065291,-0.11428557176710473,15
future_ret_6m,2015-12-31 00:00:00,FAC_rank_vol_m6_n6_pairwise1,2,Q2,0.7946162419991,-0.12436907589167197,15
future_ret_6m,2015-12-31 00:00:00,FAC_rank_vol_m6_n6_pairwise1,3,Q3,0.8448169603682357,-0.12954764098292576,15
future_ret_6m,2015-12-31 00:00:00,FAC_rank_vol_m6_n6_pairwise1,4,Q4,0.8762454158227081,-0.11918190354006393,15
future_ret_6m,2015-12-31 00:00:00,FAC_rank_vol_m6_n6_pairwise1,5,High,0.929334482889018,-0.12552896234407301,15
future_ret_6m,2016-03-31 00:00:00,FAC_rank_vol_m6_n6_pairwise1,1,Low,0.7174872212684013,0.05142221828632926,17
future_ret_6m,2016-03-31 00:00:00,FAC_rank_vol_m6_n6_pairwise1,2,Q2,0.7991118097155423,0.026833106500404436,16
future_ret_6m,2016-03-31 00:00:00,FAC_rank_vol_m6_n6_pairwise1,3,Q3,0.8467307549281692,0.060697148475158794,16
future_ret_6m,2016-03-31 00:00:00,FAC_rank_vol_m6_n6_pairwise1,4,Q4,0.8861523498726549,0.05189409663015581,16
future_ret_6m,2016-03-31 00:00:00,FAC_rank_vol_m6_n6_pairwise1,5,High,0.9291516951202916,0.054177077659013126,16
future_ret_6m,2016-06-30 00:00:00,FAC_rank_vol_m6_n6_pairwise1,1,Low,0.7270232299702922,-0.015352253049653621,18
future_ret_6m,2016-06-30 00:00:00,FAC_rank_vol_m6_n6_pairwise1,2,Q2,0.8172331519038397,-0.022552333778765914,18
future_ret_6m,2016-06-30 00:00:00,FAC_rank_vol_m6_n6_pairwise1,3,Q3,0.858765343794279,0.0017571206978912522,17
future_ret_6m,2016-06-30 00:00:00,FAC_rank_vol_m6_n6_pairwise1,4,Q4,0.8857649880994471,-0.01905527457922555,18
future_ret_6m,2016-06-30 00:00:00,FAC_rank_vol_m6_n6_pairwise1,5,High,0.9275612885172853,-0.004409392207741564,18
future_ret_6m,2016-09-30 00:00:00,FAC_rank_vol_m6_n6_pairwise1,1,Low,0.7085863761566485,-0.010867150472776177,19
future_ret_6m,2016-09-30 00:00:00,FAC_rank_vol_m6_n6_pairwise1,2,Q2,0.8044017926856704,0.005037086643625201,18
future_ret_6m,2016-09-30 00:00:00,FAC_rank_vol_m6_n6_pairwise1,3,Q3,0.8492083136528263,0.006995402835968266,18
future_ret_6m,2016-09-30 00:00:00,FAC_rank_vol_m6_n6_pairwise1,4,Q4,0.8934070384318341,0.016712118009100347,18
future_ret_6m,2016-09-30 00:00:00,FAC_rank_vol_m6_n6_pairwise1,5,High,0.9407496776069991,-0.00146395925764082,18
future_ret_6m,2016-12-30 00:00:00,FAC_rank_vol_m6_n6_pairwise1,1,Low,0.771162597314336,0.03524163947207896,24
future_ret_6m,2016-12-30 00:00:00,FAC_rank_vol_m6_n6_pairwise1,2,Q2,0.8428743950883116,0.08305683060969665,23
future_ret_6m,2016-12-30 00:00:00,FAC_rank_vol_m6_n6_pairwise1,3,Q3,0.8762876171772783,0.06921734987969674,24
future_ret_6m,2016-12-30 00:00:00,FAC_rank_vol_m6_n6_pairwise1,4,Q4,0.9054433944153806,0.09025639279425926,23
future_ret_6m,2016-12-30 00:00:00,FAC_rank_vol_m6_n6_pairwise1,5,High,0.9469992338985596,0.050280007745740984,24
future_ret_6m,2017-03-31 00:00:00,FAC_rank_vol_m6_n6_pairwise1,1,Low,0.7443794186482752,0.08171977338196566,31
future_ret_6m,2017-03-31 00:00:00,FAC_rank_vol_m6_n6_pairwise1,2,Q2,0.8205568692986802,0.09603070261500544,31
future_ret_6m,2017-03-31 00:00:00,FAC_rank_vol_m6_n6_pairwise1,3,Q3,0.8698404619509977,0.08730335575459998,30
future_ret_6m,2017-03-31 00:00:00,FAC_rank_vol_m6_n6_pairwise1,4,Q4,0.9069454112848961,0.10049162983300024,31
future_ret_6m,2017-03-31 00:00:00,FAC_rank_vol_m6_n6_pairwise1,5,High,0.9488913789321408,0.08786649933993947,31
future_ret_6m,2017-06-30 00:00:00,FAC_rank_vol_m6_n6_pairwise1,1,Low,0.7215776793015327,0.1062655473050807,41
future_ret_6m,2017-06-30 00:00:00,FAC_rank_vol_m6_n6_pairwise1,2,Q2,0.8175510767521962,0.09384228134449168,40
future_ret_6m,2017-06-30 00:00:00,FAC_rank_vol_m6_n6_pairwise1,3,Q3,0.8764629258881431,0.08903101380002233,40
future_ret_6m,2017-06-30 00:00:00,FAC_rank_vol_m6_n6_pairwise1,4,Q4,0.9192493035104364,0.09020161213465566,40
future_ret_6m,2017-06-30 00:00:00,FAC_rank_vol_m6_n6_pairwise1,5,High,0.9525632156117897,0.06521018696295056,41
future_ret_6m,2017-09-29 00:00:00,FAC_rank_vol_m6_n6_pairwise1,1,Low,0.7849144572644206,0.017127446320039087,45
future_ret_6m,2017-09-29 00:00:00,FAC_rank_vol_m6_n6_pairwise1,2,Q2,0.865615712166845,0.0070710861121887425,44
future_ret_6m,2017-09-29 00:00:00,FAC_rank_vol_m6_n6_pairwise1,3,Q3,0.903941152104597,0.0011441502943757237,44
future_ret_6m,2017-09-29 00:00:00,FAC_rank_vol_m6_n6_pairwise1,4,Q4,0.9310652640621846,0.0048465774847805424,44
future_ret_6m,2017-09-29 00:00:00,FAC_rank_vol_m6_n6_pairwise1,5,High,0.9613096899285588,0.00832476483013284,45
future_ret_6m,2017-12-29 00:00:00,FAC_rank_vol_m6_n6_pairwise1,1,Low,0.7915645340216068,-0.09982369543684165,47
future_ret_6m,2017-12-29 00:00:00,FAC_rank_vol_m6_n6_pairwise1,2,Q2,0.8597406344738051,-0.09452614216108367,46
future_ret_6m,2017-12-29 00:00:00,FAC_rank_vol_m6_n6_pairwise1,3,Q3,0.903628324702396,-0.07948942772296273,47
future_ret_6m,2017-12-29 00:00:00,FAC_rank_vol_m6_n6_pairwise1,4,Q4,0.930785747789267,-0.07365228768040402,46
future_ret_6m,2017-12-29 00:00:00,FAC_rank_vol_m6_n6_pairwise1,5,High,0.9643616153567711,-0.06923331859143833,47
future_ret_6m,2018-03-30 00:00:00,FAC_rank_vol_m6_n6_pairwise1,1,Low,0.7307515282563055,-0.1824102858060533,50
future_ret_6m,2018-03-30 00:00:00,FAC_rank_vol_m6_n6_pairwise1,2,Q2,0.8267443375335058,-0.11486622904214285,49
future_ret_6m,2018-03-30 00:00:00,FAC_rank_vol_m6_n6_pairwise1,3,Q3,0.8727133996956172,-0.1533511905473165,50
future_ret_6m,2018-03-30 00:00:00,FAC_rank_vol_m6_n6_pairwise1,4,Q4,0.9108781591841503,-0.13945275682307154,49
future_ret_6m,2018-03-30 00:00:00,FAC_rank_vol_m6_n6_pairwise1,5,High,0.9462111889736933,-0.127880298062049,50
future_ret_6m,2018-06-29 00:00:00,FAC_rank_vol_m6_n6_pairwise1,1,Low,0.7131898528573637,-0.16592000235383939,51
future_ret_6m,2018-06-29 00:00:00,FAC_rank_vol_m6_n6_pairwise1,2,Q2,0.8094134711003046,-0.1877074559884207,50
future_ret_6m,2018-06-29 00:00:00,FAC_rank_vol_m6_n6_pairwise1,3,Q3,0.8644827209028064,-0.19455493002412508,51
future_ret_6m,2018-06-29 00:00:00,FAC_rank_vol_m6_n6_pairwise1,4,Q4,0.9041915868924211,-0.17259015814792533,50
future_ret_6m,2018-06-29 00:00:00,FAC_rank_vol_m6_n6_pairwise1,5,High,0.9473566809807019,-0.1738289541702564,51
future_ret_6m,2018-09-28 00:00:00,FAC_rank_vol_m6_n6_pairwise1,1,Low,0.7330267497647944,0.14429179797193484,51
future_ret_6m,2018-09-28 00:00:00,FAC_rank_vol_m6_n6_pairwise1,2,Q2,0.813415315975695,0.1422983486767911,51
future_ret_6m,2018-09-28 00:00:00,FAC_rank_vol_m6_n6_pairwise1,3,Q3,0.861114611188316,0.12101312310973864,50
future_ret_6m,2018-09-28 00:00:00,FAC_rank_vol_m6_n6_pairwise1,4,Q4,0.8962879765675051,0.14275980505702723,51
future_ret_6m,2018-09-28 00:00:00,FAC_rank_vol_m6_n6_pairwise1,5,High,0.944067564313205,0.10718292463165902,51
future_ret_6m,2018-12-28 00:00:00,FAC_rank_vol_m6_n6_pairwise1,1,Low,0.6872747354309405,0.29680181769486524,51
future_ret_6m,2018-12-28 00:00:00,FAC_rank_vol_m6_n6_pairwise1,2,Q2,0.7902137295045627,0.25224364852936115,51
future_ret_6m,2018-12-28 00:00:00,FAC_rank_vol_m6_n6_pairwise1,3,Q3,0.8460844617833039,0.2593296133451365,50
future_ret_6m,2018-12-28 00:00:00,FAC_rank_vol_m6_n6_pairwise1,4,Q4,0.8923989458557693,0.25380275778227984,51
future_ret_6m,2018-12-28 00:00:00,FAC_rank_vol_m6_n6_pairwise1,5,High,0.9491133975750597,0.23302071895546397,51
future_ret_6m,2019-03-29 00:00:00,FAC_rank_vol_m6_n6_pairwise1,1,Low,0.6933877776107519,0.05352768830343487,51
future_ret_6m,2019-03-29 00:00:00,FAC_rank_vol_m6_n6_pairwise1,2,Q2,0.7793236071350681,0.09349397812940469,50
future_ret_6m,2019-03-29 00:00:00,FAC_rank_vol_m6_n6_pairwise1,3,Q3,0.83011693859673,0.05963903316535805,50
future_ret_6m,2019-03-29 00:00:00,FAC_rank_vol_m6_n6_pairwise1,4,Q4,0.8819121573489536,0.052992275411552284,50
future_ret_6m,2019-03-29 00:00:00,FAC_rank_vol_m6_n6_pairwise1,5,High,0.9284430955331466,0.07137702079088333,50
future_ret_6m,2019-06-28 00:00:00,FAC_rank_vol_m6_n6_pairwise1,1,Low,0.664265078507427,0.17563428419153462,55
future_ret_6m,2019-06-28 00:00:00,FAC_rank_vol_m6_n6_pairwise1,2,Q2,0.761298124582314,0.182363241350139,55
future_ret_6m,2019-06-28 00:00:00,FAC_rank_vol_m6_n6_pairwise1,3,Q3,0.8192140945542361,0.19392638057428863,54
future_ret_6m,2019-06-28 00:00:00,FAC_rank_vol_m6_n6_pairwise1,4,Q4,0.8670054010344495,0.18762158425618355,55
future_ret_6m,2019-06-28 00:00:00,FAC_rank_vol_m6_n6_pairwise1,5,High,0.9261454153708357,0.1886447617106158,55
future_ret_6m,2019-09-30 00:00:00,FAC_rank_vol_m6_n6_pairwise1,1,Low,0.7589662453646706,0.11374790655474479,55
future_ret_6m,2019-09-30 00:00:00,FAC_rank_vol_m6_n6_pairwise1,2,Q2,0.8353763199644048,0.12097997344553454,54
future_ret_6m,2019-09-30 00:00:00,FAC_rank_vol_m6_n6_pairwise1,3,Q3,0.8716832670059165,0.10232335455156621,54
future_ret_6m,2019-09-30 00:00:00,FAC_rank_vol_m6_n6_pairwise1,4,Q4,0.9088650752683972,0.11852757138275402,54
future_ret_6m,2019-09-30 00:00:00,FAC_rank_vol_m6_n6_pairwise1,5,High,0.9441771142079143,0.06888041049933845,55
future_ret_6m,2019-12-31 00:00:00,FAC_rank_vol_m6_n6_pairwise1,1,Low,0.7138437736878963,0.2980853814973935,58
future_ret_6m,2019-12-31 00:00:00,FAC_rank_vol_m6_n6_pairwise1,2,Q2,0.8125433223185421,0.26546121830064734,58
future_ret_6m,2019-12-31 00:00:00,FAC_rank_vol_m6_n6_pairwise1,3,Q3,0.8634482557867819,0.27147797679687624,57
future_ret_6m,2019-12-31 00:00:00,FAC_rank_vol_m6_n6_pairwise1,4,Q4,0.8966828557766057,0.27231990011281204,58
future_ret_6m,2019-12-31 00:00:00,FAC_rank_vol_m6_n6_pairwise1,5,High,0.9420223368733942,0.23718600564576503,58
future_ret_6m,2020-03-31 00:00:00,FAC_rank_vol_m6_n6_pairwise1,1,Low,0.7485133339061664,0.4519964816310539,63
future_ret_6m,2020-03-31 00:00:00,FAC_rank_vol_m6_n6_pairwise1,2,Q2,0.8323025450198982,0.4265543434187668,63
future_ret_6m,2020-03-31 00:00:00,FAC_rank_vol_m6_n6_pairwise1,3,Q3,0.8773848968970795,0.43503499018663505,62
future_ret_6m,2020-03-31 00:00:00,FAC_rank_vol_m6_n6_pairwise1,4,Q4,0.9120202585304615,0.41034841473728395,63
future_ret_6m,2020-03-31 00:00:00,FAC_rank_vol_m6_n6_pairwise1,5,High,0.9524080744300071,0.3658667423843854,63
future_ret_6m,2020-06-30 00:00:00,FAC_rank_vol_m6_n6_pairwise1,1,Low,0.7638346618688171,0.2948458626198986,67
future_ret_6m,2020-06-30 00:00:00,FAC_rank_vol_m6_n6_pairwise1,2,Q2,0.8435678768509643,0.30493866600338476,67
future_ret_6m,2020-06-30 00:00:00,FAC_rank_vol_m6_n6_pairwise1,3,Q3,0.8870849982636594,0.3161722608980399,66
future_ret_6m,2020-06-30 00:00:00,FAC_rank_vol_m6_n6_pairwise1,4,Q4,0.9204131844371838,0.28388532683723333,67
future_ret_6m,2020-06-30 00:00:00,FAC_rank_vol_m6_n6_pairwise1,5,High,0.9566253754168286,0.27241285406310434,67
future_ret_6m,2020-09-30 00:00:00,FAC_rank_vol_m6_n6_pairwise1,1,Low,0.6864432550704601,0.1134792204405686,72
future_ret_6m,2020-09-30 00:00:00,FAC_rank_vol_m6_n6_pairwise1,2,Q2,0.7855590757771225,0.10444996462114267,71
future_ret_6m,2020-09-30 00:00:00,FAC_rank_vol_m6_n6_pairwise1,3,Q3,0.8407655464015636,0.11476501287914964,71
future_ret_6m,2020-09-30 00:00:00,FAC_rank_vol_m6_n6_pairwise1,4,Q4,0.8855141155316666,0.12256583366722901,71
future_ret_6m,2020-09-30 00:00:00,FAC_rank_vol_m6_n6_pairwise1,5,High,0.9290065653272312,0.1067134679368022,72
future_ret_6m,2020-12-31 00:00:00,FAC_rank_vol_m6_n6_pairwise1,1,Low,0.6737234586815286,0.11988108778796784,76
future_ret_6m,2020-12-31 00:00:00,FAC_rank_vol_m6_n6_pairwise1,2,Q2,0.7994809103656075,0.09311431138875355,76
future_ret_6m,2020-12-31 00:00:00,FAC_rank_vol_m6_n6_pairwise1,3,Q3,0.850363884640555,0.09246901785657181,75
future_ret_6m,2020-12-31 00:00:00,FAC_rank_vol_m6_n6_pairwise1,4,Q4,0.8923758675951867,0.09315536851737595,76
future_ret_6m,2020-12-31 00:00:00,FAC_rank_vol_m6_n6_pairwise1,5,High,0.936483091874186,0.08054274566467427,76
future_ret_6m,2021-03-31 00:00:00,FAC_rank_vol_m6_n6_pairwise1,1,Low,0.7516516702121895,0.12313088229688716,82
future_ret_6m,2021-03-31 00:00:00,FAC_rank_vol_m6_n6_pairwise1,2,Q2,0.8291015489194773,0.07728027471621221,82
future_ret_6m,2021-03-31 00:00:00,FAC_rank_vol_m6_n6_pairwise1,3,Q3,0.8747306226523475,0.10890377835620375,81
future_ret_6m,2021-03-31 00:00:00,FAC_rank_vol_m6_n6_pairwise1,4,Q4,0.9092963084787574,0.07943462497891435,82
future_ret_6m,2021-03-31 00:00:00,FAC_rank_vol_m6_n6_pairwise1,5,High,0.9493732177935589,0.1218525891511564,82
future_ret_6m,2021-06-30 00:00:00,FAC_rank_vol_m6_n6_pairwise1,1,Low,0.6995956923570914,-0.029917441207320733,89
future_ret_6m,2021-06-30 00:00:00,FAC_rank_vol_m6_n6_pairwise1,2,Q2,0.7806634744552752,0.01553535323131017,89
future_ret_6m,2021-06-30 00:00:00,FAC_rank_vol_m6_n6_pairwise1,3,Q3,0.8281056010291651,-0.014810852239060453,88
future_ret_6m,2021-06-30 00:00:00,FAC_rank_vol_m6_n6_pairwise1,4,Q4,0.8751525597262986,0.010259649023898323,89
future_ret_6m,2021-06-30 00:00:00,FAC_rank_vol_m6_n6_pairwise1,5,High,0.9345845520783744,0.00876833929698869,89
future_ret_6m,2021-09-30 00:00:00,FAC_rank_vol_m6_n6_pairwise1,1,Low,0.6558284588697747,-0.15903741426336135,98
future_ret_6m,2021-09-30 00:00:00,FAC_rank_vol_m6_n6_pairwise1,2,Q2,0.7640932946265517,-0.1508014888902469,97
future_ret_6m,2021-09-30 00:00:00,FAC_rank_vol_m6_n6_pairwise1,3,Q3,0.8292041965108425,-0.14475558694261695,97
future_ret_6m,2021-09-30 00:00:00,FAC_rank_vol_m6_n6_pairwise1,4,Q4,0.879795038549936,-0.14277222187228145,97
future_ret_6m,2021-09-30 00:00:00,FAC_rank_vol_m6_n6_pairwise1,5,High,0.9314843566563479,-0.13644972380338757,98
future_ret_6m,2021-12-31 00:00:00,FAC_rank_vol_m6_n6_pairwise1,1,Low,0.8199698452447429,-0.11094285878652364,106
future_ret_6m,2021-12-31 00:00:00,FAC_rank_vol_m6_n6_pairwise1,2,Q2,0.8815017504751276,-0.10823139801045849,105
future_ret_6m,2021-12-31 00:00:00,FAC_rank_vol_m6_n6_pairwise1,3,Q3,0.9122893920286536,-0.10014517090216263,105
future_ret_6m,2021-12-31 00:00:00,FAC_rank_vol_m6_n6_pairwise1,4,Q4,0.939205527027528,-0.10023388614356446,105
future_ret_6m,2021-12-31 00:00:00,FAC_rank_vol_m6_n6_pairwise1,5,High,0.9660067475887283,-0.09161429503766615,105
future_ret_6m,2022-03-31 00:00:00,FAC_rank_vol_m6_n6_pairwise1,1,Low,0.6586368946323418,-0.03859338857482673,111
future_ret_6m,2022-03-31 00:00:00,FAC_rank_vol_m6_n6_pairwise1,2,Q2,0.7700350010517221,-0.04143467991659895,111
future_ret_6m,2022-03-31 00:00:00,FAC_rank_vol_m6_n6_pairwise1,3,Q3,0.8310700591133557,-0.045482005109564225,111
future_ret_6m,2022-03-31 00:00:00,FAC_rank_vol_m6_n6_pairwise1,4,Q4,0.8875085867785558,-0.04760796865361547,111
future_ret_6m,2022-03-31 00:00:00,FAC_rank_vol_m6_n6_pairwise1,5,High,0.9364585069767202,-0.0671757300998336,111
future_ret_6m,2022-06-30 00:00:00,FAC_rank_vol_m6_n6_pairwise1,1,Low,0.7407369745761581,-0.1309109006503817,130
future_ret_6m,2022-06-30 00:00:00,FAC_rank_vol_m6_n6_pairwise1,2,Q2,0.8143526363963822,-0.13389104014948036,130
future_ret_6m,2022-06-30 00:00:00,FAC_rank_vol_m6_n6_pairwise1,3,Q3,0.8605289316709877,-0.1296850701032167,130
future_ret_6m,2022-06-30 00:00:00,FAC_rank_vol_m6_n6_pairwise1,4,Q4,0.9013410907811898,-0.1159284205805026,130
future_ret_6m,2022-06-30 00:00:00,FAC_rank_vol_m6_n6_pairwise1,5,High,0.949499415561586,-0.09558729150404298,130
future_ret_6m,2008-06-30 00:00:00,FAC_rank_vol_m6_n12_pairwise1,1,Low,0.7374038688756828,,2
future_ret_6m,2008-06-30 00:00:00,FAC_rank_vol_m6_n12_pairwise1,2,Q2,0.817865139632355,,1
future_ret_6m,2008-06-30 00:00:00,FAC_rank_vol_m6_n12_pairwise1,3,Q3,0.8628138310135716,,2
future_ret_6m,2008-06-30 00:00:00,FAC_rank_vol_m6_n12_pairwise1,4,Q4,0.8795485383315621,,1
future_ret_6m,2008-06-30 00:00:00,FAC_rank_vol_m6_n12_pairwise1,5,High,0.9425649574914771,,2
future_ret_6m,2008-09-26 00:00:00,FAC_rank_vol_m6_n12_pairwise1,1,Low,0.7307912982594214,,2
future_ret_6m,2008-09-26 00:00:00,FAC_rank_vol_m6_n12_pairwise1,2,Q2,0.8175866657445132,,2
future_ret_6m,2008-09-26 00:00:00,FAC_rank_vol_m6_n12_pairwise1,3,Q3,0.8690530290806466,,1
future_ret_6m,2008-09-26 00:00:00,FAC_rank_vol_m6_n12_pairwise1,4,Q4,0.8892020087572092,,2
future_ret_6m,2008-09-26 00:00:00,FAC_rank_vol_m6_n12_pairwise1,5,High,0.9257948250474292,,2
future_ret_6m,2008-12-31 00:00:00,FAC_rank_vol_m6_n12_pairwise1,1,Low,0.7938462803017389,,3
future_ret_6m,2008-12-31 00:00:00,FAC_rank_vol_m6_n12_pairwise1,2,Q2,0.8601585099938337,,3
future_ret_6m,2008-12-31 00:00:00,FAC_rank_vol_m6_n12_pairwise1,3,Q3,0.9004744051261355,,2
future_ret_6m,2008-12-31 00:00:00,FAC_rank_vol_m6_n12_pairwise1,4,Q4,0.9282408685843958,,3
future_ret_6m,2008-12-31 00:00:00,FAC_rank_vol_m6_n12_pairwise1,5,High,0.952965254426407,,3
future_ret_6m,2009-03-31 00:00:00,FAC_rank_vol_m6_n12_pairwise1,1,Low,0.8785785964459105,,3
future_ret_6m,2009-03-31 00:00:00,FAC_rank_vol_m6_n12_pairwise1,2,Q2,0.8967402609853318,,3
future_ret_6m,2009-03-31 00:00:00,FAC_rank_vol_m6_n12_pairwise1,3,Q3,0.917715535059227,,2
future_ret_6m,2009-03-31 00:00:00,FAC_rank_vol_m6_n12_pairwise1,4,Q4,0.9387982303473491,,3
future_ret_6m,2009-03-31 00:00:00,FAC_rank_vol_m6_n12_pairwise1,5,High,0.959556374738853,,3
future_ret_6m,2009-06-30 00:00:00,FAC_rank_vol_m6_n12_pairwise1,1,Low,0.7789314465379318,,4
future_ret_6m,2009-06-30 00:00:00,FAC_rank_vol_m6_n12_pairwise1,2,Q2,0.8326371792050606,,4
future_ret_6m,2009-06-30 00:00:00,FAC_rank_vol_m6_n12_pairwise1,3,Q3,0.8803775352417893,,4
future_ret_6m,2009-06-30 00:00:00,FAC_rank_vol_m6_n12_pairwise1,4,Q4,0.9326186773808398,,4
future_ret_6m,2009-06-30 00:00:00,FAC_rank_vol_m6_n12_pairwise1,5,High,0.9685180082337621,,4
future_ret_6m,2009-09-30 00:00:00,FAC_rank_vol_m6_n12_pairwise1,1,Low,0.7456235330321764,0.12542495076090243,5
future_ret_6m,2009-09-30 00:00:00,FAC_rank_vol_m6_n12_pairwise1,2,Q2,0.829591713394759,0.0857024045050335,5
future_ret_6m,2009-09-30 00:00:00,FAC_rank_vol_m6_n12_pairwise1,3,Q3,0.8617566572701103,,4
future_ret_6m,2009-09-30 00:00:00,FAC_rank_vol_m6_n12_pairwise1,4,Q4,0.9023471720948499,0.10768640430412031,5
future_ret_6m,2009-09-30 00:00:00,FAC_rank_vol_m6_n12_pairwise1,5,High,0.9589818014303193,0.14094594949045822,5
future_ret_6m,2009-12-31 00:00:00,FAC_rank_vol_m6_n12_pairwise1,1,Low,0.7763716683617657,-0.1803863333653358,5
future_ret_6m,2009-12-31 00:00:00,FAC_rank_vol_m6_n12_pairwise1,2,Q2,0.831433883134248,-0.2164923573056993,5
future_ret_6m,2009-12-31 00:00:00,FAC_rank_vol_m6_n12_pairwise1,3,Q3,0.8929450738914575,-0.20508633626241038,5
future_ret_6m,2009-12-31 00:00:00,FAC_rank_vol_m6_n12_pairwise1,4,Q4,0.9340786325355255,-0.18400104643889542,5
future_ret_6m,2009-12-31 00:00:00,FAC_rank_vol_m6_n12_pairwise1,5,High,0.9768876667095988,-0.1722341728534602,5
future_ret_6m,2010-03-31 00:00:00,FAC_rank_vol_m6_n12_pairwise1,1,Low,0.8148569387868537,-0.01513072001129534,7
future_ret_6m,2010-03-31 00:00:00,FAC_rank_vol_m6_n12_pairwise1,2,Q2,0.8781326220319418,-0.01819025759044488,6
future_ret_6m,2010-03-31 00:00:00,FAC_rank_vol_m6_n12_pairwise1,3,Q3,0.9178629169072591,0.00021816519503280174,6
future_ret_6m,2010-03-31 00:00:00,FAC_rank_vol_m6_n12_pairwise1,4,Q4,0.9461843042576105,-0.003813902724805344,6
future_ret_6m,2010-03-31 00:00:00,FAC_rank_vol_m6_n12_pairwise1,5,High,0.9708809454809478,-0.00931297143169609,6
future_ret_6m,2010-06-30 00:00:00,FAC_rank_vol_m6_n12_pairwise1,1,Low,0.7740856272724093,0.28229254874131904,8
future_ret_6m,2010-06-30 00:00:00,FAC_rank_vol_m6_n12_pairwise1,2,Q2,0.8700187349226337,0.24632160028183545,7
future_ret_6m,2010-06-30 00:00:00,FAC_rank_vol_m6_n12_pairwise1,3,Q3,0.9078677375164373,0.22867699495962862,7
future_ret_6m,2010-06-30 00:00:00,FAC_rank_vol_m6_n12_pairwise1,4,Q4,0.9293938248164907,0.23659536694750966,7
future_ret_6m,2010-06-30 00:00:00,FAC_rank_vol_m6_n12_pairwise1,5,High,0.9588243857860617,0.2674406812919211,8
future_ret_6m,2010-09-30 00:00:00,FAC_rank_vol_m6_n12_pairwise1,1,Low,0.8113144282223042,0.029378306356254637,8
future_ret_6m,2010-09-30 00:00:00,FAC_rank_vol_m6_n12_pairwise1,2,Q2,0.8700916441247109,0.03920787005250205,8
future_ret_6m,2010-09-30 00:00:00,FAC_rank_vol_m6_n12_pairwise1,3,Q3,0.9051722812967836,0.04199023659858874,7
future_ret_6m,2010-09-30 00:00:00,FAC_rank_vol_m6_n12_pairwise1,4,Q4,0.9250579038430542,0.059233780855062576,8
future_ret_6m,2010-09-30 00:00:00,FAC_rank_vol_m6_n12_pairwise1,5,High,0.9769515487335054,0.052042166835800166,8
future_ret_6m,2010-12-31 00:00:00,FAC_rank_vol_m6_n12_pairwise1,1,Low,0.8183467299299086,-0.06265657242226912,8
future_ret_6m,2010-12-31 00:00:00,FAC_rank_vol_m6_n12_pairwise1,2,Q2,0.8826060060666499,-0.06612230713395988,8
future_ret_6m,2010-12-31 00:00:00,FAC_rank_vol_m6_n12_pairwise1,3,Q3,0.9193005305878708,-0.05239525070605862,8
future_ret_6m,2010-12-31 00:00:00,FAC_rank_vol_m6_n12_pairwise1,4,Q4,0.946039700527523,-0.07571340883117375,8
future_ret_6m,2010-12-31 00:00:00,FAC_rank_vol_m6_n12_pairwise1,5,High,0.972004071432438,-0.0684662337811693,8
future_ret_6m,2011-03-31 00:00:00,FAC_rank_vol_m6_n12_pairwise1,1,Low,0.8367395633058806,-0.17150315070347316,8
future_ret_6m,2011-03-31 00:00:00,FAC_rank_vol_m6_n12_pairwise1,2,Q2,0.8817531169727102,-0.149208694944998,7
future_ret_6m,2011-03-31 00:00:00,FAC_rank_vol_m6_n12_pairwise1,3,Q3,0.9124108984957343,-0.1503865127442539,8
future_ret_6m,2011-03-31 00:00:00,FAC_rank_vol_m6_n12_pairwise1,4,Q4,0.9461498934830379,-0.1555054678356251,7
future_ret_6m,2011-03-31 00:00:00,FAC_rank_vol_m6_n12_pairwise1,5,High,0.9661108295987398,-0.13349369575447165,8
future_ret_6m,2011-06-30 00:00:00,FAC_rank_vol_m6_n12_pairwise1,1,Low,0.7735875550343297,-0.17576998588043657,8
future_ret_6m,2011-06-30 00:00:00,FAC_rank_vol_m6_n12_pairwise1,2,Q2,0.8486463145910605,-0.19705620544228217,7
future_ret_6m,2011-06-30 00:00:00,FAC_rank_vol_m6_n12_pairwise1,3,Q3,0.8837701008589521,-0.18899209909233944,7
future_ret_6m,2011-06-30 00:00:00,FAC_rank_vol_m6_n12_pairwise1,4,Q4,0.9373747991900856,-0.18219322798226298,7
future_ret_6m,2011-06-30 00:00:00,FAC_rank_vol_m6_n12_pairwise1,5,High,0.9689740096081144,-0.18307405557005205,8
future_ret_6m,2011-09-30 00:00:00,FAC_rank_vol_m6_n12_pairwise1,1,Low,0.8079116399199384,-0.024919368961685298,8
future_ret_6m,2011-09-30 00:00:00,FAC_rank_vol_m6_n12_pairwise1,2,Q2,0.8963961799403153,-0.06789145339386096,7
future_ret_6m,2011-09-30 00:00:00,FAC_rank_vol_m6_n12_pairwise1,3,Q3,0.9232296021528362,-0.07721462612020472,7
future_ret_6m,2011-09-30 00:00:00,FAC_rank_vol_m6_n12_pairwise1,4,Q4,0.9368180709457488,-0.06665676665768978,7
future_ret_6m,2011-09-30 00:00:00,FAC_rank_vol_m6_n12_pairwise1,5,High,0.9727395539690646,-0.08023324719272344,8
future_ret_6m,2011-12-30 00:00:00,FAC_rank_vol_m6_n12_pairwise1,1,Low,0.7193669004090224,0.057260969000081596,9
future_ret_6m,2011-12-30 00:00:00,FAC_rank_vol_m6_n12_pairwise1,2,Q2,0.7947116798073541,0.03099562039644238,8
future_ret_6m,2011-12-30 00:00:00,FAC_rank_vol_m6_n12_pairwise1,3,Q3,0.8544589885147806,0.051669222144071644,9
future_ret_6m,2011-12-30 00:00:00,FAC_rank_vol_m6_n12_pairwise1,4,Q4,0.9006650838103162,0.05844199622639615,8
future_ret_6m,2011-12-30 00:00:00,FAC_rank_vol_m6_n12_pairwise1,5,High,0.9500636282641588,0.04064737995262605,9
future_ret_6m,2012-03-30 00:00:00,FAC_rank_vol_m6_n12_pairwise1,1,Low,0.7562227753493957,-0.009848486974019022,10
future_ret_6m,2012-03-30 00:00:00,FAC_rank_vol_m6_n12_pairwise1,2,Q2,0.8298689195435345,0.013155955156862334,9
future_ret_6m,2012-03-30 00:00:00,FAC_rank_vol_m6_n12_pairwise1,3,Q3,0.8806660553946032,0.04072770543733471,9
future_ret_6m,2012-03-30 00:00:00,FAC_rank_vol_m6_n12_pairwise1,4,Q4,0.9205448371129289,-0.02145531748924143,9
future_ret_6m,2012-03-30 00:00:00,FAC_rank_vol_m6_n12_pairwise1,5,High,0.9566860030818233,-0.022484472014640027,9
future_ret_6m,2012-06-29 00:00:00,FAC_rank_vol_m6_n12_pairwise1,1,Low,0.7733747485450302,0.03502088922888095,10
future_ret_6m,2012-06-29 00:00:00,FAC_rank_vol_m6_n12_pairwise1,2,Q2,0.8667476065535571,-0.018690043621797492,10
future_ret_6m,2012-06-29 00:00:00,FAC_rank_vol_m6_n12_pairwise1,3,Q3,0.904402049197806,0.00042017117267112436,9
future_ret_6m,2012-06-29 00:00:00,FAC_rank_vol_m6_n12_pairwise1,4,Q4,0.9358296948764782,0.031176385895780367,10
future_ret_6m,2012-06-29 00:00:00,FAC_rank_vol_m6_n12_pairwise1,5,High,0.9740792733121845,0.00347718695218715,10
future_ret_6m,2012-09-28 00:00:00,FAC_rank_vol_m6_n12_pairwise1,1,Low,0.793891344456137,0.08925247783723353,11
future_ret_6m,2012-09-28 00:00:00,FAC_rank_vol_m6_n12_pairwise1,2,Q2,0.8758193926374119,0.10980475438074808,10
future_ret_6m,2012-09-28 00:00:00,FAC_rank_vol_m6_n12_pairwise1,3,Q3,0.9182608424051573,0.10859406411511807,10
future_ret_6m,2012-09-28 00:00:00,FAC_rank_vol_m6_n12_pairwise1,4,Q4,0.9391383543661537,0.12037024045186973,10
future_ret_6m,2012-09-28 00:00:00,FAC_rank_vol_m6_n12_pairwise1,5,High,0.9731253251525169,0.09325491563781532,10
future_ret_6m,2012-12-31 00:00:00,FAC_rank_vol_m6_n12_pairwise1,1,Low,0.7882463836645861,0.017774786890212932,13
future_ret_6m,2012-12-31 00:00:00,FAC_rank_vol_m6_n12_pairwise1,2,Q2,0.860073949087908,0.00448878676527444,12
future_ret_6m,2012-12-31 00:00:00,FAC_rank_vol_m6_n12_pairwise1,3,Q3,0.9002011765769781,0.08278756566029694,12
future_ret_6m,2012-12-31 00:00:00,FAC_rank_vol_m6_n12_pairwise1,4,Q4,0.9301585454980716,0.08867008489428363,12
future_ret_6m,2012-12-31 00:00:00,FAC_rank_vol_m6_n12_pairwise1,5,High,0.9648262314448373,0.03288867895745501,13
future_ret_6m,2013-03-29 00:00:00,FAC_rank_vol_m6_n12_pairwise1,1,Low,0.7672144212677408,0.14005500058367726,14
future_ret_6m,2013-03-29 00:00:00,FAC_rank_vol_m6_n12_pairwise1,2,Q2,0.8447216850145375,0.1563347249712679,14
future_ret_6m,2013-03-29 00:00:00,FAC_rank_vol_m6_n12_pairwise1,3,Q3,0.8807704907968219,0.12963309148890578,13
future_ret_6m,2013-03-29 00:00:00,FAC_rank_vol_m6_n12_pairwise1,4,Q4,0.9192569080430001,0.13027997425110877,14
future_ret_6m,2013-03-29 00:00:00,FAC_rank_vol_m6_n12_pairwise1,5,High,0.9643533077384367,0.12621109183767418,14
future_ret_6m,2013-06-28 00:00:00,FAC_rank_vol_m6_n12_pairwise1,1,Low,0.8106305675520813,0.12439553229157115,16
future_ret_6m,2013-06-28 00:00:00,FAC_rank_vol_m6_n12_pairwise1,2,Q2,0.8660868904336708,0.10208669873281467,16
future_ret_6m,2013-06-28 00:00:00,FAC_rank_vol_m6_n12_pairwise1,3,Q3,0.8994789191444588,0.10920998865120175,16
future_ret_6m,2013-06-28 00:00:00,FAC_rank_vol_m6_n12_pairwise1,4,Q4,0.9368468131738055,0.08704213118060372,16
future_ret_6m,2013-06-28 00:00:00,FAC_rank_vol_m6_n12_pairwise1,5,High,0.9765067097526798,0.09852011976331684,16
future_ret_6m,2013-09-30 00:00:00,FAC_rank_vol_m6_n12_pairwise1,1,Low,0.7909859625401561,-0.08379956738984166,17
future_ret_6m,2013-09-30 00:00:00,FAC_rank_vol_m6_n12_pairwise1,2,Q2,0.8711220796054603,-0.051859287761422575,17
future_ret_6m,2013-09-30 00:00:00,FAC_rank_vol_m6_n12_pairwise1,3,Q3,0.9097538232599562,-0.05970895837236796,17
future_ret_6m,2013-09-30 00:00:00,FAC_rank_vol_m6_n12_pairwise1,4,Q4,0.9404652089411388,-0.08874364650966327,17
future_ret_6m,2013-09-30 00:00:00,FAC_rank_vol_m6_n12_pairwise1,5,High,0.9769738677346667,-0.10845363709333225,17
future_ret_6m,2013-12-31 00:00:00,FAC_rank_vol_m6_n12_pairwise1,1,Low,0.8512687098424857,0.010147676556613664,19
future_ret_6m,2013-12-31 00:00:00,FAC_rank_vol_m6_n12_pairwise1,2,Q2,0.8978367079117027,-0.0018320371745931079,18
future_ret_6m,2013-12-31 00:00:00,FAC_rank_vol_m6_n12_pairwise1,3,Q3,0.9211245216416937,-0.01706474868961598,18
future_ret_6m,2013-12-31 00:00:00,FAC_rank_vol_m6_n12_pairwise1,4,Q4,0.944064956211289,-0.031338890890555825,18
future_ret_6m,2013-12-31 00:00:00,FAC_rank_vol_m6_n12_pairwise1,5,High,0.9842510964616618,-0.03645909832838469,18
future_ret_6m,2014-03-31 00:00:00,FAC_rank_vol_m6_n12_pairwise1,1,Low,0.8134406515031917,0.20305647084236553,18
future_ret_6m,2014-03-31 00:00:00,FAC_rank_vol_m6_n12_pairwise1,2,Q2,0.8659935158002593,0.16986704221889212,17
future_ret_6m,2014-03-31 00:00:00,FAC_rank_vol_m6_n12_pairwise1,3,Q3,0.8987931541588101,0.19181992128103834,18
future_ret_6m,2014-03-31 00:00:00,FAC_rank_vol_m6_n12_pairwise1,4,Q4,0.9396887922985041,0.1484673817565149,17
future_ret_6m,2014-03-31 00:00:00,FAC_rank_vol_m6_n12_pairwise1,5,High,0.9760022249950904,0.16260531318736554,18
future_ret_6m,2014-06-30 00:00:00,FAC_rank_vol_m6_n12_pairwise1,1,Low,0.7957532916193074,0.2738764738641856,19
future_ret_6m,2014-06-30 00:00:00,FAC_rank_vol_m6_n12_pairwise1,2,Q2,0.8759493821481245,0.2727063706003501,19
future_ret_6m,2014-06-30 00:00:00,FAC_rank_vol_m6_n12_pairwise1,3,Q3,0.914239759057978,0.25085301801766274,18
future_ret_6m,2014-06-30 00:00:00,FAC_rank_vol_m6_n12_pairwise1,4,Q4,0.9404297468302807,0.191693661480273,19
future_ret_6m,2014-06-30 00:00:00,FAC_rank_vol_m6_n12_pairwise1,5,High,0.9649594026111088,0.256086729499075,19
future_ret_6m,2014-09-30 00:00:00,FAC_rank_vol_m6_n12_pairwise1,1,Low,0.8042988821038173,0.45926206589300334,19
future_ret_6m,2014-09-30 00:00:00,FAC_rank_vol_m6_n12_pairwise1,2,Q2,0.873930333180206,0.4607037965554908,19
future_ret_6m,2014-09-30 00:00:00,FAC_rank_vol_m6_n12_pairwise1,3,Q3,0.9111423183999761,0.4552827758779919,18
future_ret_6m,2014-09-30 00:00:00,FAC_rank_vol_m6_n12_pairwise1,4,Q4,0.9370399215167727,0.4641380569185573,19
future_ret_6m,2014-09-30 00:00:00,FAC_rank_vol_m6_n12_pairwise1,5,High,0.9676984989283661,0.4905581216646679,19
future_ret_6m,2014-12-31 00:00:00,FAC_rank_vol_m6_n12_pairwise1,1,Low,0.760799953236666,0.5429352658231545,17
future_ret_6m,2014-12-31 00:00:00,FAC_rank_vol_m6_n12_pairwise1,2,Q2,0.8494419101273653,0.5528540062303778,16
future_ret_6m,2014-12-31 00:00:00,FAC_rank_vol_m6_n12_pairwise1,3,Q3,0.8978177021998853,0.6265653790639747,16
future_ret_6m,2014-12-31 00:00:00,FAC_rank_vol_m6_n12_pairwise1,4,Q4,0.9310443456518234,0.5452105052584137,16
future_ret_6m,2014-12-31 00:00:00,FAC_rank_vol_m6_n12_pairwise1,5,High,0.9637344025011239,0.6256158828377222,16
future_ret_6m,2015-03-31 00:00:00,FAC_rank_vol_m6_n12_pairwise1,1,Low,0.7392559024670787,-0.14204919116724837,15
future_ret_6m,2015-03-31 00:00:00,FAC_rank_vol_m6_n12_pairwise1,2,Q2,0.8204732611768079,-0.11084939805381093,14
future_ret_6m,2015-03-31 00:00:00,FAC_rank_vol_m6_n12_pairwise1,3,Q3,0.8551796964047781,-0.12556445902426874,14
future_ret_6m,2015-03-31 00:00:00,FAC_rank_vol_m6_n12_pairwise1,4,Q4,0.9018492251785626,-0.10415342463179231,14
future_ret_6m,2015-03-31 00:00:00,FAC_rank_vol_m6_n12_pairwise1,5,High,0.947362554836141,-0.13185282071509902,14
future_ret_6m,2015-06-30 00:00:00,FAC_rank_vol_m6_n12_pairwise1,1,Low,0.7662824453810778,-0.04305203317920744,10
future_ret_6m,2015-06-30 00:00:00,FAC_rank_vol_m6_n12_pairwise1,2,Q2,0.8295607934321207,-0.006255627988517842,10
future_ret_6m,2015-06-30 00:00:00,FAC_rank_vol_m6_n12_pairwise1,3,Q3,0.883511248906556,-0.05461201510247674,10
future_ret_6m,2015-06-30 00:00:00,FAC_rank_vol_m6_n12_pairwise1,4,Q4,0.9096454650291168,-0.05007862193245414,10
future_ret_6m,2015-06-30 00:00:00,FAC_rank_vol_m6_n12_pairwise1,5,High,0.950410016379211,-0.06896136092454155,10
future_ret_6m,2015-09-30 00:00:00,FAC_rank_vol_m6_n12_pairwise1,1,Low,0.700938950291196,0.12544509561854916,10
future_ret_6m,2015-09-30 00:00:00,FAC_rank_vol_m6_n12_pairwise1,2,Q2,0.8090864282148451,0.11291702628744114,9
future_ret_6m,2015-09-30 00:00:00,FAC_rank_vol_m6_n12_pairwise1,3,Q3,0.8659024749359819,0.07195198085056115,9
future_ret_6m,2015-09-30 00:00:00,FAC_rank_vol_m6_n12_pairwise1,4,Q4,0.9013195608521527,0.06445559628712176,9
future_ret_6m,2015-09-30 00:00:00,FAC_rank_vol_m6_n12_pairwise1,5,High,0.9497639064013896,0.06416727088763943,10
future_ret_6m,2015-12-31 00:00:00,FAC_rank_vol_m6_n12_pairwise1,1,Low,0.7428167045047611,-0.14503640146629576,11
future_ret_6m,2015-12-31 00:00:00,FAC_rank_vol_m6_n12_pairwise1,2,Q2,0.8064469647469691,-0.1382591786169388,10
future_ret_6m,2015-12-31 00:00:00,FAC_rank_vol_m6_n12_pairwise1,3,Q3,0.8660993854097745,-0.1232295775579199,10
future_ret_6m,2015-12-31 00:00:00,FAC_rank_vol_m6_n12_pairwise1,4,Q4,0.9141469885752687,-0.11354450897306956,10
future_ret_6m,2015-12-31 00:00:00,FAC_rank_vol_m6_n12_pairwise1,5,High,0.94387731628131,-0.13530816699044934,11
future_ret_6m,2016-03-31 00:00:00,FAC_rank_vol_m6_n12_pairwise1,1,Low,0.7161463573294939,0.018559442942053916,13
future_ret_6m,2016-03-31 00:00:00,FAC_rank_vol_m6_n12_pairwise1,2,Q2,0.8231310060740767,0.06228538603088446,12
future_ret_6m,2016-03-31 00:00:00,FAC_rank_vol_m6_n12_pairwise1,3,Q3,0.8735355571730864,0.046143503583078734,12
future_ret_6m,2016-03-31 00:00:00,FAC_rank_vol_m6_n12_pairwise1,4,Q4,0.912223130645715,0.066703168347737,12
future_ret_6m,2016-03-31 00:00:00,FAC_rank_vol_m6_n12_pairwise1,5,High,0.9685069428802295,0.05856480193161686,12
future_ret_6m,2016-06-30 00:00:00,FAC_rank_vol_m6_n12_pairwise1,1,Low,0.7860466935852387,-0.012064162642877565,13
future_ret_6m,2016-06-30 00:00:00,FAC_rank_vol_m6_n12_pairwise1,2,Q2,0.8602063957769939,-0.012365239702467244,13
future_ret_6m,2016-06-30 00:00:00,FAC_rank_vol_m6_n12_pairwise1,3,Q3,0.9005233485081048,-0.026279843827091864,12
future_ret_6m,2016-06-30 00:00:00,FAC_rank_vol_m6_n12_pairwise1,4,Q4,0.9276490122067738,0.006209928462561614,13
future_ret_6m,2016-06-30 00:00:00,FAC_rank_vol_m6_n12_pairwise1,5,High,0.9700794860627067,0.004046411883784825,13
future_ret_6m,2016-09-30 00:00:00,FAC_rank_vol_m6_n12_pairwise1,1,Low,0.7798185422463328,-0.006351209475021872,14
future_ret_6m,2016-09-30 00:00:00,FAC_rank_vol_m6_n12_pairwise1,2,Q2,0.8652065945721932,2.3954448909714063e-05,13
future_ret_6m,2016-09-30 00:00:00,FAC_rank_vol_m6_n12_pairwise1,3,Q3,0.8909412187867302,0.021242525477390122,14
future_ret_6m,2016-09-30 00:00:00,FAC_rank_vol_m6_n12_pairwise1,4,Q4,0.9168646201268333,0.021226056695553067,13
future_ret_6m,2016-09-30 00:00:00,FAC_rank_vol_m6_n12_pairwise1,5,High,0.9522842521938025,-0.003469219597370859,14
future_ret_6m,2016-12-30 00:00:00,FAC_rank_vol_m6_n12_pairwise1,1,Low,0.7640301184556162,0.07269073923777421,15
future_ret_6m,2016-12-30 00:00:00,FAC_rank_vol_m6_n12_pairwise1,2,Q2,0.8478961956757516,0.07000113951355486,15
future_ret_6m,2016-12-30 00:00:00,FAC_rank_vol_m6_n12_pairwise1,3,Q3,0.8888670504451653,0.06384451073989386,14
future_ret_6m,2016-12-30 00:00:00,FAC_rank_vol_m6_n12_pairwise1,4,Q4,0.9135819083653708,0.06316305993220271,15
future_ret_6m,2016-12-30 00:00:00,FAC_rank_vol_m6_n12_pairwise1,5,High,0.9477883766261146,0.0630725420837122,15
future_ret_6m,2017-03-31 00:00:00,FAC_rank_vol_m6_n12_pairwise1,1,Low,0.7825911300801434,0.08793482448364423,16
future_ret_6m,2017-03-31 00:00:00,FAC_rank_vol_m6_n12_pairwise1,2,Q2,0.8715842914788896,0.10253736028932853,15
future_ret_6m,2017-03-31 00:00:00,FAC_rank_vol_m6_n12_pairwise1,3,Q3,0.9021094055119876,0.07399571057752798,15
future_ret_6m,2017-03-31 00:00:00,FAC_rank_vol_m6_n12_pairwise1,4,Q4,0.9271844114166574,0.12100903029514036,15
future_ret_6m,2017-03-31 00:00:00,FAC_rank_vol_m6_n12_pairwise1,5,High,0.9657846575432212,0.07236136789326365,15
future_ret_6m,2017-06-30 00:00:00,FAC_rank_vol_m6_n12_pairwise1,1,Low,0.7743068402187613,0.08566929129549575,19
future_ret_6m,2017-06-30 00:00:00,FAC_rank_vol_m6_n12_pairwise1,2,Q2,0.8611549015627292,0.11089269560517054,18
future_ret_6m,2017-06-30 00:00:00,FAC_rank_vol_m6_n12_pairwise1,3,Q3,0.9001889685814424,0.08162724790896068,19
future_ret_6m,2017-06-30 00:00:00,FAC_rank_vol_m6_n12_pairwise1,4,Q4,0.9320167739489139,0.09085646306931697,18
future_ret_6m,2017-06-30 00:00:00,FAC_rank_vol_m6_n12_pairwise1,5,High,0.969625540641088,0.10776726733827219,19
future_ret_6m,2017-09-29 00:00:00,FAC_rank_vol_m6_n12_pairwise1,1,Low,0.7897599722558861,0.012618415699793354,27
future_ret_6m,2017-09-29 00:00:00,FAC_rank_vol_m6_n12_pairwise1,2,Q2,0.8807532805290955,-0.005206772298299796,27
future_ret_6m,2017-09-29 00:00:00,FAC_rank_vol_m6_n12_pairwise1,3,Q3,0.918059681328317,0.014712061316151314,26
future_ret_6m,2017-09-29 00:00:00,FAC_rank_vol_m6_n12_pairwise1,4,Q4,0.9448639003755653,0.011408843590418473,27
future_ret_6m,2017-09-29 00:00:00,FAC_rank_vol_m6_n12_pairwise1,5,High,0.9695395556086174,0.018238815098525304,27
future_ret_6m,2017-12-29 00:00:00,FAC_rank_vol_m6_n12_pairwise1,1,Low,0.8461721863463054,-0.09858060329493536,36
future_ret_6m,2017-12-29 00:00:00,FAC_rank_vol_m6_n12_pairwise1,2,Q2,0.9072246303252531,-0.0947193890611457,35
future_ret_6m,2017-12-29 00:00:00,FAC_rank_vol_m6_n12_pairwise1,3,Q3,0.9374551906667581,-0.07439401355970496,35
future_ret_6m,2017-12-29 00:00:00,FAC_rank_vol_m6_n12_pairwise1,4,Q4,0.9537556829129349,-0.09022943611639862,35
future_ret_6m,2017-12-29 00:00:00,FAC_rank_vol_m6_n12_pairwise1,5,High,0.9734770164762073,-0.0721123792556126,36
future_ret_6m,2018-03-30 00:00:00,FAC_rank_vol_m6_n12_pairwise1,1,Low,0.8495617850108365,-0.16895273616467418,38
future_ret_6m,2018-03-30 00:00:00,FAC_rank_vol_m6_n12_pairwise1,2,Q2,0.9099020884604417,-0.13568908878694458,38
future_ret_6m,2018-03-30 00:00:00,FAC_rank_vol_m6_n12_pairwise1,3,Q3,0.9313938964032166,-0.15965589822439652,37
future_ret_6m,2018-03-30 00:00:00,FAC_rank_vol_m6_n12_pairwise1,4,Q4,0.952478892103145,-0.1358959283112091,38
future_ret_6m,2018-03-30 00:00:00,FAC_rank_vol_m6_n12_pairwise1,5,High,0.9802280378927946,-0.12766880744681894,38
future_ret_6m,2018-06-29 00:00:00,FAC_rank_vol_m6_n12_pairwise1,1,Low,0.7976860506909743,-0.19545696119058384,41
future_ret_6m,2018-06-29 00:00:00,FAC_rank_vol_m6_n12_pairwise1,2,Q2,0.8697911024359752,-0.16592559632857476,40
future_ret_6m,2018-06-29 00:00:00,FAC_rank_vol_m6_n12_pairwise1,3,Q3,0.9076244173996499,-0.17788692561778846,40
future_ret_6m,2018-06-29 00:00:00,FAC_rank_vol_m6_n12_pairwise1,4,Q4,0.9323279250385493,-0.1773979728358457,40
future_ret_6m,2018-06-29 00:00:00,FAC_rank_vol_m6_n12_pairwise1,5,High,0.9649520254828111,-0.17971456144673637,41
future_ret_6m,2018-09-28 00:00:00,FAC_rank_vol_m6_n12_pairwise1,1,Low,0.7775733624298851,0.12543783952148868,44
future_ret_6m,2018-09-28 00:00:00,FAC_rank_vol_m6_n12_pairwise1,2,Q2,0.8724640148519698,0.14040271964045117,43
future_ret_6m,2018-09-28 00:00:00,FAC_rank_vol_m6_n12_pairwise1,3,Q3,0.9138794214403572,0.1312162239590853,43
future_ret_6m,2018-09-28 00:00:00,FAC_rank_vol_m6_n12_pairwise1,4,Q4,0.93797816109882,0.1340473398253561,43
future_ret_6m,2018-09-28 00:00:00,FAC_rank_vol_m6_n12_pairwise1,5,High,0.9717294978405783,0.1221387809430847,43
future_ret_6m,2018-12-28 00:00:00,FAC_rank_vol_m6_n12_pairwise1,1,Low,0.8071636639029208,0.3057794721026894,44
future_ret_6m,2018-12-28 00:00:00,FAC_rank_vol_m6_n12_pairwise1,2,Q2,0.8781463724240754,0.22885404037793222,43
future_ret_6m,2018-12-28 00:00:00,FAC_rank_vol_m6_n12_pairwise1,3,Q3,0.9156729785136609,0.26565560151226203,43
future_ret_6m,2018-12-28 00:00:00,FAC_rank_vol_m6_n12_pairwise1,4,Q4,0.9402356647777297,0.24721491743993823,43
future_ret_6m,2018-12-28 00:00:00,FAC_rank_vol_m6_n12_pairwise1,5,High,0.9730590005976608,0.2532927569187413,43
future_ret_6m,2019-03-29 00:00:00,FAC_rank_vol_m6_n12_pairwise1,1,Low,0.8066441967874839,0.06949607595430385,43
future_ret_6m,2019-03-29 00:00:00,FAC_rank_vol_m6_n12_pairwise1,2,Q2,0.8656226371144249,0.07698716561452412,42
future_ret_6m,2019-03-29 00:00:00,FAC_rank_vol_m6_n12_pairwise1,3,Q3,0.9022395226123292,0.07737018660252266,43
future_ret_6m,2019-03-29 00:00:00,FAC_rank_vol_m6_n12_pairwise1,4,Q4,0.9351444833548532,0.04856775374887734,42
future_ret_6m,2019-03-29 00:00:00,FAC_rank_vol_m6_n12_pairwise1,5,High,0.9711036390204396,0.04856045282160682,43
future_ret_6m,2019-06-28 00:00:00,FAC_rank_vol_m6_n12_pairwise1,1,Low,0.7625605293894945,0.16498511689133208,44
future_ret_6m,2019-06-28 00:00:00,FAC_rank_vol_m6_n12_pairwise1,2,Q2,0.8456381993041961,0.1982143502099614,44
future_ret_6m,2019-06-28 00:00:00,FAC_rank_vol_m6_n12_pairwise1,3,Q3,0.8909734707557435,0.1957581057712456,43
future_ret_6m,2019-06-28 00:00:00,FAC_rank_vol_m6_n12_pairwise1,4,Q4,0.922812305251492,0.1703483567799247,44
future_ret_6m,2019-06-28 00:00:00,FAC_rank_vol_m6_n12_pairwise1,5,High,0.9638455883735724,0.19577773964650466,44
future_ret_6m,2019-09-30 00:00:00,FAC_rank_vol_m6_n12_pairwise1,1,Low,0.7578954862087965,0.12117437742470188,44
future_ret_6m,2019-09-30 00:00:00,FAC_rank_vol_m6_n12_pairwise1,2,Q2,0.837045029681986,0.08898466629452675,44
future_ret_6m,2019-09-30 00:00:00,FAC_rank_vol_m6_n12_pairwise1,3,Q3,0.8869983355967338,0.11579270788486999,44
future_ret_6m,2019-09-30 00:00:00,FAC_rank_vol_m6_n12_pairwise1,4,Q4,0.9222404448585544,0.09342436862126915,44
future_ret_6m,2019-09-30 00:00:00,FAC_rank_vol_m6_n12_pairwise1,5,High,0.9623529479813715,0.09618572116106229,44
future_ret_6m,2019-12-31 00:00:00,FAC_rank_vol_m6_n12_pairwise1,1,Low,0.7921829487501473,0.3026107896552747,48
future_ret_6m,2019-12-31 00:00:00,FAC_rank_vol_m6_n12_pairwise1,2,Q2,0.8633345161616374,0.24863147628169735,48
future_ret_6m,2019-12-31 00:00:00,FAC_rank_vol_m6_n12_pairwise1,3,Q3,0.8973822985179418,0.30151202783090786,47
future_ret_6m,2019-12-31 00:00:00,FAC_rank_vol_m6_n12_pairwise1,4,Q4,0.9286033591571908,0.26569623231960676,48
future_ret_6m,2019-12-31 00:00:00,FAC_rank_vol_m6_n12_pairwise1,5,High,0.9598170244560985,0.23007203339636007,48
future_ret_6m,2020-03-31 00:00:00,FAC_rank_vol_m6_n12_pairwise1,1,Low,0.7820484064237295,0.4462504029724147,50
future_ret_6m,2020-03-31 00:00:00,FAC_rank_vol_m6_n12_pairwise1,2,Q2,0.8651278002558882,0.42305263981881724,50
future_ret_6m,2020-03-31 00:00:00,FAC_rank_vol_m6_n12_pairwise1,3,Q3,0.9049255360764374,0.40930191620256706,50
future_ret_6m,2020-03-31 00:00:00,FAC_rank_vol_m6_n12_pairwise1,4,Q4,0.9349407771529532,0.44219111755263735,50
future_ret_6m,2020-03-31 00:00:00,FAC_rank_vol_m6_n12_pairwise1,5,High,0.9658778923136417,0.3629799722427885,50
future_ret_6m,2020-06-30 00:00:00,FAC_rank_vol_m6_n12_pairwise1,1,Low,0.8395384291739629,0.3060115222199837,52
future_ret_6m,2020-06-30 00:00:00,FAC_rank_vol_m6_n12_pairwise1,2,Q2,0.8965234991298274,0.315042803302768,51
future_ret_6m,2020-06-30 00:00:00,FAC_rank_vol_m6_n12_pairwise1,3,Q3,0.9247570986900202,0.3174423632721773,51
future_ret_6m,2020-06-30 00:00:00,FAC_rank_vol_m6_n12_pairwise1,4,Q4,0.9482551101921063,0.2713590560051725,51
future_ret_6m,2020-06-30 00:00:00,FAC_rank_vol_m6_n12_pairwise1,5,High,0.9722425224693197,0.24318148142213875,52
future_ret_6m,2020-09-30 00:00:00,FAC_rank_vol_m6_n12_pairwise1,1,Low,0.8311980308324326,0.12177393034544891,57
future_ret_6m,2020-09-30 00:00:00,FAC_rank_vol_m6_n12_pairwise1,2,Q2,0.8916565342108119,0.111134442071444,57
future_ret_6m,2020-09-30 00:00:00,FAC_rank_vol_m6_n12_pairwise1,3,Q3,0.9210770626940881,0.11319459162423963,57
future_ret_6m,2020-09-30 00:00:00,FAC_rank_vol_m6_n12_pairwise1,4,Q4,0.947312552558562,0.11844385139587625,57
future_ret_6m,2020-09-30 00:00:00,FAC_rank_vol_m6_n12_pairwise1,5,High,0.9737486429914558,0.11524945023714425,57
future_ret_6m,2020-12-31 00:00:00,FAC_rank_vol_m6_n12_pairwise1,1,Low,0.7855699281144808,0.08851031560730202,62
future_ret_6m,2020-12-31 00:00:00,FAC_rank_vol_m6_n12_pairwise1,2,Q2,0.8547925368189071,0.10683733502301922,61
future_ret_6m,2020-12-31 00:00:00,FAC_rank_vol_m6_n12_pairwise1,3,Q3,0.8937400377635019,0.10107518187938201,61
future_ret_6m,2020-12-31 00:00:00,FAC_rank_vol_m6_n12_pairwise1,4,Q4,0.9304763613143183,0.09140377212247311,61
future_ret_6m,2020-12-31 00:00:00,FAC_rank_vol_m6_n12_pairwise1,5,High,0.9698977470328437,0.08337307974578337,62
future_ret_6m,2021-03-31 00:00:00,FAC_rank_vol_m6_n12_pairwise1,1,Low,0.7665290312011119,0.08862771128049726,65
future_ret_6m,2021-03-31 00:00:00,FAC_rank_vol_m6_n12_pairwise1,2,Q2,0.8388360071831287,0.10117808099315628,64
future_ret_6m,2021-03-31 00:00:00,FAC_rank_vol_m6_n12_pairwise1,3,Q3,0.8847702063696057,0.09028421844572548,64
future_ret_6m,2021-03-31 00:00:00,FAC_rank_vol_m6_n12_pairwise1,4,Q4,0.9243439623444993,0.09059151629883888,64
future_ret_6m,2021-03-31 00:00:00,FAC_rank_vol_m6_n12_pairwise1,5,High,0.9618169190420656,0.1119991703689141,64
future_ret_6m,2021-06-30 00:00:00,FAC_rank_vol_m6_n12_pairwise1,1,Low,0.821160429636771,0.0051956841488802,69
future_ret_6m,2021-06-30 00:00:00,FAC_rank_vol_m6_n12_pairwise1,2,Q2,0.8866965062274609,-0.020921017964276863,68
future_ret_6m,2021-06-30 00:00:00,FAC_rank_vol_m6_n12_pairwise1,3,Q3,0.9160774783600818,-0.004295422280731108,69
future_ret_6m,2021-06-30 00:00:00,FAC_rank_vol_m6_n12_pairwise1,4,Q4,0.9391047506169831,0.00010479206238463157,68
future_ret_6m,2021-06-30 00:00:00,FAC_rank_vol_m6_n12_pairwise1,5,High,0.9728972448416199,0.002691035948040244,69
future_ret_6m,2021-09-30 00:00:00,FAC_rank_vol_m6_n12_pairwise1,1,Low,0.7044319193184062,-0.16209512142113605,76
future_ret_6m,2021-09-30 00:00:00,FAC_rank_vol_m6_n12_pairwise1,2,Q2,0.8169938087639622,-0.15579872017322002,75
future_ret_6m,2021-09-30 00:00:00,FAC_rank_vol_m6_n12_pairwise1,3,Q3,0.8696520701424761,-0.13295640314245774,76
future_ret_6m,2021-09-30 00:00:00,FAC_rank_vol_m6_n12_pairwise1,4,Q4,0.9107800349316464,-0.14577929013414814,75
future_ret_6m,2021-09-30 00:00:00,FAC_rank_vol_m6_n12_pairwise1,5,High,0.9577158123515058,-0.13049325183644828,76
future_ret_6m,2021-12-31 00:00:00,FAC_rank_vol_m6_n12_pairwise1,1,Low,0.8303851274539708,-0.1081912594625371,79
future_ret_6m,2021-12-31 00:00:00,FAC_rank_vol_m6_n12_pairwise1,2,Q2,0.8809297966957255,-0.08451783412574458,78
future_ret_6m,2021-12-31 00:00:00,FAC_rank_vol_m6_n12_pairwise1,3,Q3,0.9098028559713802,-0.10036694976650562,78
future_ret_6m,2021-12-31 00:00:00,FAC_rank_vol_m6_n12_pairwise1,4,Q4,0.9341125114947112,-0.10460351531464177,78
future_ret_6m,2021-12-31 00:00:00,FAC_rank_vol_m6_n12_pairwise1,5,High,0.9666275322443377,-0.10438165872649431,78
future_ret_6m,2022-03-31 00:00:00,FAC_rank_vol_m6_n12_pairwise1,1,Low,0.8192544068505415,-0.07645762458874752,84
future_ret_6m,2022-03-31 00:00:00,FAC_rank_vol_m6_n12_pairwise1,2,Q2,0.8834942840224052,-0.04661046328920141,84
future_ret_6m,2022-03-31 00:00:00,FAC_rank_vol_m6_n12_pairwise1,3,Q3,0.9156350395460296,-0.04042225272183372,84
future_ret_6m,2022-03-31 00:00:00,FAC_rank_vol_m6_n12_pairwise1,4,Q4,0.938171716569625,-0.03287936268939731,84
future_ret_6m,2022-03-31 00:00:00,FAC_rank_vol_m6_n12_pairwise1,5,High,0.9675154379535629,-0.04574360428750206,84
future_ret_6m,2022-06-30 00:00:00,FAC_rank_vol_m6_n12_pairwise1,1,Low,0.8624116326300206,-0.13318771954748654,96
future_ret_6m,2022-06-30 00:00:00,FAC_rank_vol_m6_n12_pairwise1,2,Q2,0.9095486433579261,-0.10674304959342301,95
future_ret_6m,2022-06-30 00:00:00,FAC_rank_vol_m6_n12_pairwise1,3,Q3,0.9314457085012148,-0.131757560911511,96
future_ret_6m,2022-06-30 00:00:00,FAC_rank_vol_m6_n12_pairwise1,4,Q4,0.9497882198090972,-0.11774150314356639,95
future_ret_6m,2022-06-30 00:00:00,FAC_rank_vol_m6_n12_pairwise1,5,High,0.9710294519576793,-0.12169602808883333,96
future_ret_6m,2008-06-30 00:00:00,FAC_rank_vol_m12_n6_pairwise1,1,Low,0.6394808699850532,,2
future_ret_6m,2008-06-30 00:00:00,FAC_rank_vol_m12_n6_pairwise1,2,Q2,0.7335904881745064,,1
future_ret_6m,2008-06-30 00:00:00,FAC_rank_vol_m12_n6_pairwise1,3,Q3,0.7393640241389795,,2
future_ret_6m,2008-06-30 00:00:00,FAC_rank_vol_m12_n6_pairwise1,4,Q4,0.8242076310798592,,1
future_ret_6m,2008-06-30 00:00:00,FAC_rank_vol_m12_n6_pairwise1,5,High,0.8534208253442516,,2
future_ret_6m,2008-09-26 00:00:00,FAC_rank_vol_m12_n6_pairwise1,1,Low,0.622507074971441,,2
future_ret_6m,2008-09-26 00:00:00,FAC_rank_vol_m12_n6_pairwise1,2,Q2,0.756879229061067,,2
future_ret_6m,2008-09-26 00:00:00,FAC_rank_vol_m12_n6_pairwise1,3,Q3,0.7601302461108549,,1
future_ret_6m,2008-09-26 00:00:00,FAC_rank_vol_m12_n6_pairwise1,4,Q4,0.784852045144095,,2
future_ret_6m,2008-09-26 00:00:00,FAC_rank_vol_m12_n6_pairwise1,5,High,0.8363419632507598,,2
future_ret_6m,2008-12-31 00:00:00,FAC_rank_vol_m12_n6_pairwise1,1,Low,0.696865992598287,,3
future_ret_6m,2008-12-31 00:00:00,FAC_rank_vol_m12_n6_pairwise1,2,Q2,0.7572954613872014,,3
future_ret_6m,2008-12-31 00:00:00,FAC_rank_vol_m12_n6_pairwise1,3,Q3,0.7680135821046059,,2
future_ret_6m,2008-12-31 00:00:00,FAC_rank_vol_m12_n6_pairwise1,4,Q4,0.7893370113184831,,3
future_ret_6m,2008-12-31 00:00:00,FAC_rank_vol_m12_n6_pairwise1,5,High,0.830227481790085,,3
future_ret_6m,2009-03-31 00:00:00,FAC_rank_vol_m12_n6_pairwise1,1,Low,0.6881372966996079,,3
future_ret_6m,2009-03-31 00:00:00,FAC_rank_vol_m12_n6_pairwise1,2,Q2,0.7255823955858768,,3
future_ret_6m,2009-03-31 00:00:00,FAC_rank_vol_m12_n6_pairwise1,3,Q3,0.7404385626393508,,2
future_ret_6m,2009-03-31 00:00:00,FAC_rank_vol_m12_n6_pairwise1,4,Q4,0.774336594015033,,3
future_ret_6m,2009-03-31 00:00:00,FAC_rank_vol_m12_n6_pairwise1,5,High,0.835396259791323,,3
future_ret_6m,2009-06-30 00:00:00,FAC_rank_vol_m12_n6_pairwise1,1,Low,0.6170981369512238,,4
future_ret_6m,2009-06-30 00:00:00,FAC_rank_vol_m12_n6_pairwise1,2,Q2,0.7067181936757904,,4
future_ret_6m,2009-06-30 00:00:00,FAC_rank_vol_m12_n6_pairwise1,3,Q3,0.74957614130549,,4
future_ret_6m,2009-06-30 00:00:00,FAC_rank_vol_m12_n6_pairwise1,4,Q4,0.8059873604474959,,4
future_ret_6m,2009-06-30 00:00:00,FAC_rank_vol_m12_n6_pairwise1,5,High,0.8823467770139426,,4
future_ret_6m,2009-09-30 00:00:00,FAC_rank_vol_m12_n6_pairwise1,1,Low,0.6736486157672831,0.10469477108652239,5
future_ret_6m,2009-09-30 00:00:00,FAC_rank_vol_m12_n6_pairwise1,2,Q2,0.7206042373329267,0.13518128918377342,5
future_ret_6m,2009-09-30 00:00:00,FAC_rank_vol_m12_n6_pairwise1,3,Q3,0.7439475637004161,,4
future_ret_6m,2009-09-30 00:00:00,FAC_rank_vol_m12_n6_pairwise1,4,Q4,0.8060773697366995,0.10726333284741721,5
future_ret_6m,2009-09-30 00:00:00,FAC_rank_vol_m12_n6_pairwise1,5,High,0.8750624644355284,0.11831851431493119,5
future_ret_6m,2009-12-31 00:00:00,FAC_rank_vol_m12_n6_pairwise1,1,Low,0.7085283237556507,-0.17246919970657357,5
future_ret_6m,2009-12-31 00:00:00,FAC_rank_vol_m12_n6_pairwise1,2,Q2,0.737841538350926,-0.22291356948229435,5
future_ret_6m,2009-12-31 00:00:00,FAC_rank_vol_m12_n6_pairwise1,3,Q3,0.7833087732233315,-0.18443703440269119,5
future_ret_6m,2009-12-31 00:00:00,FAC_rank_vol_m12_n6_pairwise1,4,Q4,0.8235667837284666,-0.21796984624622323,5
future_ret_6m,2009-12-31 00:00:00,FAC_rank_vol_m12_n6_pairwise1,5,High,0.8882450635961604,-0.16041059638801872,5
future_ret_6m,2010-03-31 00:00:00,FAC_rank_vol_m12_n6_pairwise1,1,Low,0.7137437521812752,0.04042625118711477,7
future_ret_6m,2010-03-31 00:00:00,FAC_rank_vol_m12_n6_pairwise1,2,Q2,0.769789335239321,-0.03094101508614044,6
future_ret_6m,2010-03-31 00:00:00,FAC_rank_vol_m12_n6_pairwise1,3,Q3,0.8145228398215806,-0.031321665922054286,6
future_ret_6m,2010-03-31 00:00:00,FAC_rank_vol_m12_n6_pairwise1,4,Q4,0.8411342985021978,-0.007828677084597632,6
future_ret_6m,2010-03-31 00:00:00,FAC_rank_vol_m12_n6_pairwise1,5,High,0.9052607509581403,-0.025824074857266288,6
future_ret_6m,2010-06-30 00:00:00,FAC_rank_vol_m12_n6_pairwise1,1,Low,0.7132062770735919,0.23188558412111818,8
future_ret_6m,2010-06-30 00:00:00,FAC_rank_vol_m12_n6_pairwise1,2,Q2,0.753295352448454,0.2703847081465566,7
future_ret_6m,2010-06-30 00:00:00,FAC_rank_vol_m12_n6_pairwise1,3,Q3,0.784080180102133,0.2566372393237474,7
future_ret_6m,2010-06-30 00:00:00,FAC_rank_vol_m12_n6_pairwise1,4,Q4,0.8240354356441327,0.29425060878506853,7
future_ret_6m,2010-06-30 00:00:00,FAC_rank_vol_m12_n6_pairwise1,5,High,0.8870463091864433,0.22187887610402307,8
future_ret_6m,2010-09-30 00:00:00,FAC_rank_vol_m12_n6_pairwise1,1,Low,0.6809623254550461,0.010565630931463468,8
future_ret_6m,2010-09-30 00:00:00,FAC_rank_vol_m12_n6_pairwise1,2,Q2,0.7301598083687528,0.07388510670064713,8
future_ret_6m,2010-09-30 00:00:00,FAC_rank_vol_m12_n6_pairwise1,3,Q3,0.7823441269433368,0.0762338645234013,7
future_ret_6m,2010-09-30 00:00:00,FAC_rank_vol_m12_n6_pairwise1,4,Q4,0.8467447408590584,0.015179473765999941,8
future_ret_6m,2010-09-30 00:00:00,FAC_rank_vol_m12_n6_pairwise1,5,High,0.8925905023174057,0.0502687382672979,8
future_ret_6m,2010-12-31 00:00:00,FAC_rank_vol_m12_n6_pairwise1,1,Low,0.7141007771927441,-0.06119101642842134,8
future_ret_6m,2010-12-31 00:00:00,FAC_rank_vol_m12_n6_pairwise1,2,Q2,0.7627715429649996,-0.05783963258910335,8
future_ret_6m,2010-12-31 00:00:00,FAC_rank_vol_m12_n6_pairwise1,3,Q3,0.818921311772733,-0.07008520611656761,8
future_ret_6m,2010-12-31 00:00:00,FAC_rank_vol_m12_n6_pairwise1,4,Q4,0.8552033696374525,-0.0747663423710892,8
future_ret_6m,2010-12-31 00:00:00,FAC_rank_vol_m12_n6_pairwise1,5,High,0.9062690558004225,-0.06147157536944915,8
future_ret_6m,2011-03-31 00:00:00,FAC_rank_vol_m12_n6_pairwise1,1,Low,0.6795204322742951,-0.15332073841913157,8
future_ret_6m,2011-03-31 00:00:00,FAC_rank_vol_m12_n6_pairwise1,2,Q2,0.760282998231507,-0.16382251973649634,7
future_ret_6m,2011-03-31 00:00:00,FAC_rank_vol_m12_n6_pairwise1,3,Q3,0.8089715784298973,-0.15471961867060138,8
future_ret_6m,2011-03-31 00:00:00,FAC_rank_vol_m12_n6_pairwise1,4,Q4,0.8423485798758953,-0.1596838640515376,7
future_ret_6m,2011-03-31 00:00:00,FAC_rank_vol_m12_n6_pairwise1,5,High,0.8991017934539899,-0.13089980873098134,8
future_ret_6m,2011-06-30 00:00:00,FAC_rank_vol_m12_n6_pairwise1,1,Low,0.6489761027723171,-0.1829546052543482,8
future_ret_6m,2011-06-30 00:00:00,FAC_rank_vol_m12_n6_pairwise1,2,Q2,0.755922335546077,-0.2031987383443575,7
future_ret_6m,2011-06-30 00:00:00,FAC_rank_vol_m12_n6_pairwise1,3,Q3,0.7788208215706105,-0.1897655681748072,7
future_ret_6m,2011-06-30 00:00:00,FAC_rank_vol_m12_n6_pairwise1,4,Q4,0.8095474510590602,-0.1724084567362459,7
future_ret_6m,2011-06-30 00:00:00,FAC_rank_vol_m12_n6_pairwise1,5,High,0.8720506596354876,-0.17839960929993004,8
future_ret_6m,2011-09-30 00:00:00,FAC_rank_vol_m12_n6_pairwise1,1,Low,0.6202261326769021,-0.04512665976431994,8
future_ret_6m,2011-09-30 00:00:00,FAC_rank_vol_m12_n6_pairwise1,2,Q2,0.7474856354056284,-0.07147042939191198,7
future_ret_6m,2011-09-30 00:00:00,FAC_rank_vol_m12_n6_pairwise1,3,Q3,0.8091140450806262,-0.07474261605956233,7
future_ret_6m,2011-09-30 00:00:00,FAC_rank_vol_m12_n6_pairwise1,4,Q4,0.8373109421409326,-0.044525093935400384,7
future_ret_6m,2011-09-30 00:00:00,FAC_rank_vol_m12_n6_pairwise1,5,High,0.8905214544486935,-0.07842257482685948,8
future_ret_6m,2011-12-30 00:00:00,FAC_rank_vol_m12_n6_pairwise1,1,Low,0.645443876604589,0.06084593923420461,9
future_ret_6m,2011-12-30 00:00:00,FAC_rank_vol_m12_n6_pairwise1,2,Q2,0.7351210655487925,0.03539667560683851,8
future_ret_6m,2011-12-30 00:00:00,FAC_rank_vol_m12_n6_pairwise1,3,Q3,0.7930926432534151,0.05305604891960063,9
future_ret_6m,2011-12-30 00:00:00,FAC_rank_vol_m12_n6_pairwise1,4,Q4,0.8194577864819435,0.05501642214805734,8
future_ret_6m,2011-12-30 00:00:00,FAC_rank_vol_m12_n6_pairwise1,5,High,0.8835252976369358,0.03480848860336754,9
future_ret_6m,2012-03-30 00:00:00,FAC_rank_vol_m12_n6_pairwise1,1,Low,0.6505748108204907,0.012789678849375607,10
future_ret_6m,2012-03-30 00:00:00,FAC_rank_vol_m12_n6_pairwise1,2,Q2,0.7365903976756608,-0.005084909869279255,9
future_ret_6m,2012-03-30 00:00:00,FAC_rank_vol_m12_n6_pairwise1,3,Q3,0.7911704737809617,-0.029231231212675544,9
future_ret_6m,2012-03-30 00:00:00,FAC_rank_vol_m12_n6_pairwise1,4,Q4,0.8200663967035885,0.009323800086682666,9
future_ret_6m,2012-03-30 00:00:00,FAC_rank_vol_m12_n6_pairwise1,5,High,0.8821820204791042,0.009782694504038137,9
future_ret_6m,2012-06-29 00:00:00,FAC_rank_vol_m12_n6_pairwise1,1,Low,0.672289457354735,0.011554272053898983,10
future_ret_6m,2012-06-29 00:00:00,FAC_rank_vol_m12_n6_pairwise1,2,Q2,0.7297670741886355,0.013423381039956484,10
future_ret_6m,2012-06-29 00:00:00,FAC_rank_vol_m12_n6_pairwise1,3,Q3,0.7764148762339862,0.0076738230482105395,9
future_ret_6m,2012-06-29 00:00:00,FAC_rank_vol_m12_n6_pairwise1,4,Q4,0.8175440567340303,0.0003854662170426515,10
future_ret_6m,2012-06-29 00:00:00,FAC_rank_vol_m12_n6_pairwise1,5,High,0.8595184792175553,0.01909301245616738,10
future_ret_6m,2012-09-28 00:00:00,FAC_rank_vol_m12_n6_pairwise1,1,Low,0.6602668046468188,0.09959292031471856,11
future_ret_6m,2012-09-28 00:00:00,FAC_rank_vol_m12_n6_pairwise1,2,Q2,0.7215605211225087,0.08994434141817909,10
future_ret_6m,2012-09-28 00:00:00,FAC_rank_vol_m12_n6_pairwise1,3,Q3,0.7865061340113011,0.07196163876598675,10
future_ret_6m,2012-09-28 00:00:00,FAC_rank_vol_m12_n6_pairwise1,4,Q4,0.8361536201241642,0.1472567500842503,10
future_ret_6m,2012-09-28 00:00:00,FAC_rank_vol_m12_n6_pairwise1,5,High,0.8912938957787361,0.11148675759190152,10
future_ret_6m,2012-12-31 00:00:00,FAC_rank_vol_m12_n6_pairwise1,1,Low,0.6515122719471829,0.022245149410378893,13
future_ret_6m,2012-12-31 00:00:00,FAC_rank_vol_m12_n6_pairwise1,2,Q2,0.7337500453643542,0.021966668021233437,12
future_ret_6m,2012-12-31 00:00:00,FAC_rank_vol_m12_n6_pairwise1,3,Q3,0.7924645281647941,0.036321046187411624,12
future_ret_6m,2012-12-31 00:00:00,FAC_rank_vol_m12_n6_pairwise1,4,Q4,0.8407865751227476,0.08792461478332313,12
future_ret_6m,2012-12-31 00:00:00,FAC_rank_vol_m12_n6_pairwise1,5,High,0.9030410362996739,0.05586518566303073,13
future_ret_6m,2013-03-29 00:00:00,FAC_rank_vol_m12_n6_pairwise1,1,Low,0.6533857103503262,0.12675939797903488,14
future_ret_6m,2013-03-29 00:00:00,FAC_rank_vol_m12_n6_pairwise1,2,Q2,0.7380612140143397,0.17164421276938446,14
future_ret_6m,2013-03-29 00:00:00,FAC_rank_vol_m12_n6_pairwise1,3,Q3,0.7816179846292639,0.12853295551186716,13
future_ret_6m,2013-03-29 00:00:00,FAC_rank_vol_m12_n6_pairwise1,4,Q4,0.8274803154761853,0.14218045976328286,14
future_ret_6m,2013-03-29 00:00:00,FAC_rank_vol_m12_n6_pairwise1,5,High,0.8869177511377917,0.11331827596784752,14
future_ret_6m,2013-06-28 00:00:00,FAC_rank_vol_m12_n6_pairwise1,1,Low,0.6595018967536972,0.09587542909426622,16
future_ret_6m,2013-06-28 00:00:00,FAC_rank_vol_m12_n6_pairwise1,2,Q2,0.7418364542079859,0.13994307003582185,16
future_ret_6m,2013-06-28 00:00:00,FAC_rank_vol_m12_n6_pairwise1,3,Q3,0.8000521807160063,0.09561391833197232,16
future_ret_6m,2013-06-28 00:00:00,FAC_rank_vol_m12_n6_pairwise1,4,Q4,0.8504001983501477,0.0863090563047408,16
future_ret_6m,2013-06-28 00:00:00,FAC_rank_vol_m12_n6_pairwise1,5,High,0.9024447889730236,0.10351299685270696,16
future_ret_6m,2013-09-30 00:00:00,FAC_rank_vol_m12_n6_pairwise1,1,Low,0.6679831461167511,-0.07323289887942756,17
future_ret_6m,2013-09-30 00:00:00,FAC_rank_vol_m12_n6_pairwise1,2,Q2,0.7399757909228695,-0.05922144004992729,17
future_ret_6m,2013-09-30 00:00:00,FAC_rank_vol_m12_n6_pairwise1,3,Q3,0.7928244535845792,-0.06475747408839891,17
future_ret_6m,2013-09-30 00:00:00,FAC_rank_vol_m12_n6_pairwise1,4,Q4,0.8382206833586262,-0.10289655076890628,17
future_ret_6m,2013-09-30 00:00:00,FAC_rank_vol_m12_n6_pairwise1,5,High,0.9020008921769571,-0.09245673333996766,17
future_ret_6m,2013-12-31 00:00:00,FAC_rank_vol_m12_n6_pairwise1,1,Low,0.6918901662221384,0.0038208264721294313,19
future_ret_6m,2013-12-31 00:00:00,FAC_rank_vol_m12_n6_pairwise1,2,Q2,0.7565159003956649,-0.03116760480712892,18
future_ret_6m,2013-12-31 00:00:00,FAC_rank_vol_m12_n6_pairwise1,3,Q3,0.7947754151463048,-0.0010971329906170797,18
future_ret_6m,2013-12-31 00:00:00,FAC_rank_vol_m12_n6_pairwise1,4,Q4,0.8453559022507647,-0.011762989198952504,18
future_ret_6m,2013-12-31 00:00:00,FAC_rank_vol_m12_n6_pairwise1,5,High,0.9048578118118916,-0.03598870633060663,18
future_ret_6m,2014-03-31 00:00:00,FAC_rank_vol_m12_n6_pairwise1,1,Low,0.6916936604100772,0.1738598589290884,18
future_ret_6m,2014-03-31 00:00:00,FAC_rank_vol_m12_n6_pairwise1,2,Q2,0.7567890520200055,0.18363487220362598,17
future_ret_6m,2014-03-31 00:00:00,FAC_rank_vol_m12_n6_pairwise1,3,Q3,0.7935418961020725,0.1763563247922203,18
future_ret_6m,2014-03-31 00:00:00,FAC_rank_vol_m12_n6_pairwise1,4,Q4,0.8400988367070888,0.18444673121776667,17
future_ret_6m,2014-03-31 00:00:00,FAC_rank_vol_m12_n6_pairwise1,5,High,0.8997774470927351,0.16028207433491878,18
future_ret_6m,2014-06-30 00:00:00,FAC_rank_vol_m12_n6_pairwise1,1,Low,0.6744557505660225,0.26178276486610297,19
future_ret_6m,2014-06-30 00:00:00,FAC_rank_vol_m12_n6_pairwise1,2,Q2,0.766676079383284,0.23779374083840388,19
future_ret_6m,2014-06-30 00:00:00,FAC_rank_vol_m12_n6_pairwise1,3,Q3,0.803385289870403,0.2598072344760986,18
future_ret_6m,2014-06-30 00:00:00,FAC_rank_vol_m12_n6_pairwise1,4,Q4,0.8561980328721105,0.2576714652290373,19
future_ret_6m,2014-06-30 00:00:00,FAC_rank_vol_m12_n6_pairwise1,5,High,0.9040046373720848,0.2286323226023478,19
future_ret_6m,2014-09-30 00:00:00,FAC_rank_vol_m12_n6_pairwise1,1,Low,0.6822572726969144,0.45433783585810666,19
future_ret_6m,2014-09-30 00:00:00,FAC_rank_vol_m12_n6_pairwise1,2,Q2,0.7652837146354079,0.46430636453003804,19
future_ret_6m,2014-09-30 00:00:00,FAC_rank_vol_m12_n6_pairwise1,3,Q3,0.8140519069726144,0.48874018102458217,18
future_ret_6m,2014-09-30 00:00:00,FAC_rank_vol_m12_n6_pairwise1,4,Q4,0.8462237545656982,0.43057662992668544,19
future_ret_6m,2014-09-30 00:00:00,FAC_rank_vol_m12_n6_pairwise1,5,High,0.9015280604375292,0.49374472163064587,19
future_ret_6m,2014-12-31 00:00:00,FAC_rank_vol_m12_n6_pairwise1,1,Low,0.700305043572077,0.5523501245179294,17
future_ret_6m,2014-12-31 00:00:00,FAC_rank_vol_m12_n6_pairwise1,2,Q2,0.7693922708365774,0.5134125461919947,16
future_ret_6m,2014-12-31 00:00:00,FAC_rank_vol_m12_n6_pairwise1,3,Q3,0.8041168800668499,0.6202183496845814,16
future_ret_6m,2014-12-31 00:00:00,FAC_rank_vol_m12_n6_pairwise1,4,Q4,0.8538171255357123,0.5735947812722924,16
future_ret_6m,2014-12-31 00:00:00,FAC_rank_vol_m12_n6_pairwise1,5,High,0.8995779633234116,0.6330168088784215,16
future_ret_6m,2015-03-31 00:00:00,FAC_rank_vol_m12_n6_pairwise1,1,Low,0.6611409537098721,-0.12486751772913571,15
future_ret_6m,2015-03-31 00:00:00,FAC_rank_vol_m12_n6_pairwise1,2,Q2,0.7431275394728508,-0.1183257094244988,14
future_ret_6m,2015-03-31 00:00:00,FAC_rank_vol_m12_n6_pairwise1,3,Q3,0.7905532704341856,-0.10277737612916746,14
future_ret_6m,2015-03-31 00:00:00,FAC_rank_vol_m12_n6_pairwise1,4,Q4,0.827416277628952,-0.1267116037032384,14
future_ret_6m,2015-03-31 00:00:00,FAC_rank_vol_m12_n6_pairwise1,5,High,0.8813067854333275,-0.14301434899461565,14
future_ret_6m,2015-06-30 00:00:00,FAC_rank_vol_m12_n6_pairwise1,1,Low,0.6597933504497551,-0.0594551073672514,10
future_ret_6m,2015-06-30 00:00:00,FAC_rank_vol_m12_n6_pairwise1,2,Q2,0.7411315312192732,-0.042200183232350474,10
future_ret_6m,2015-06-30 00:00:00,FAC_rank_vol_m12_n6_pairwise1,3,Q3,0.7911523793695434,-0.03882516776134069,10
future_ret_6m,2015-06-30 00:00:00,FAC_rank_vol_m12_n6_pairwise1,4,Q4,0.8313503835157249,-0.05030863743615401,10
future_ret_6m,2015-06-30 00:00:00,FAC_rank_vol_m12_n6_pairwise1,5,High,0.8924160586387719,-0.03217056333010112,10
future_ret_6m,2015-09-30 00:00:00,FAC_rank_vol_m12_n6_pairwise1,1,Low,0.6573060439123414,0.07370256367147361,10
future_ret_6m,2015-09-30 00:00:00,FAC_rank_vol_m12_n6_pairwise1,2,Q2,0.7287168954087895,0.12126191245055641,9
future_ret_6m,2015-09-30 00:00:00,FAC_rank_vol_m12_n6_pairwise1,3,Q3,0.7729757745037474,0.09604817948524001,9
future_ret_6m,2015-09-30 00:00:00,FAC_rank_vol_m12_n6_pairwise1,4,Q4,0.8125152074129256,0.07503472470598987,9
future_ret_6m,2015-09-30 00:00:00,FAC_rank_vol_m12_n6_pairwise1,5,High,0.8725018460739928,0.07719161093971896,10
future_ret_6m,2015-12-31 00:00:00,FAC_rank_vol_m12_n6_pairwise1,1,Low,0.6235939671062423,-0.13537279093618945,11
future_ret_6m,2015-12-31 00:00:00,FAC_rank_vol_m12_n6_pairwise1,2,Q2,0.7218276890677027,-0.14069103333709174,10
future_ret_6m,2015-12-31 00:00:00,FAC_rank_vol_m12_n6_pairwise1,3,Q3,0.7582810576656698,-0.12934820252307566,10
future_ret_6m,2015-12-31 00:00:00,FAC_rank_vol_m12_n6_pairwise1,4,Q4,0.8195920908311048,-0.11318431872432137,10
future_ret_6m,2015-12-31 00:00:00,FAC_rank_vol_m12_n6_pairwise1,5,High,0.8700325196721476,-0.13752605985095515,11
future_ret_6m,2016-03-31 00:00:00,FAC_rank_vol_m12_n6_pairwise1,1,Low,0.6536977470196089,0.035673254429419626,13
future_ret_6m,2016-03-31 00:00:00,FAC_rank_vol_m12_n6_pairwise1,2,Q2,0.7375644180280823,0.03791995381920885,12
future_ret_6m,2016-03-31 00:00:00,FAC_rank_vol_m12_n6_pairwise1,3,Q3,0.7691053562704155,0.05592010560267376,12
future_ret_6m,2016-03-31 00:00:00,FAC_rank_vol_m12_n6_pairwise1,4,Q4,0.8083545222973694,0.05493912605843158,12
future_ret_6m,2016-03-31 00:00:00,FAC_rank_vol_m12_n6_pairwise1,5,High,0.862085744712035,0.06637771196835668,12
future_ret_6m,2016-06-30 00:00:00,FAC_rank_vol_m12_n6_pairwise1,1,Low,0.7160835930140428,-0.019026888331232346,13
future_ret_6m,2016-06-30 00:00:00,FAC_rank_vol_m12_n6_pairwise1,2,Q2,0.7765370551133258,0.013680824968408039,13
future_ret_6m,2016-06-30 00:00:00,FAC_rank_vol_m12_n6_pairwise1,3,Q3,0.8100961438231752,-0.027000762393272804,12
future_ret_6m,2016-06-30 00:00:00,FAC_rank_vol_m12_n6_pairwise1,4,Q4,0.844986533310257,-0.007351396669160421,13
future_ret_6m,2016-06-30 00:00:00,FAC_rank_vol_m12_n6_pairwise1,5,High,0.8868749968993825,-0.0008101386751543115,13
future_ret_6m,2016-09-30 00:00:00,FAC_rank_vol_m12_n6_pairwise1,1,Low,0.6904865128672621,0.005397477064609593,14
future_ret_6m,2016-09-30 00:00:00,FAC_rank_vol_m12_n6_pairwise1,2,Q2,0.76711928529021,-0.011627816463208344,13
future_ret_6m,2016-09-30 00:00:00,FAC_rank_vol_m12_n6_pairwise1,3,Q3,0.8110489809212522,0.024456696895369286,14
future_ret_6m,2016-09-30 00:00:00,FAC_rank_vol_m12_n6_pairwise1,4,Q4,0.8459136458854039,0.01431020583402481,13
future_ret_6m,2016-09-30 00:00:00,FAC_rank_vol_m12_n6_pairwise1,5,High,0.8859053200769295,-0.0011907144794527686,14
future_ret_6m,2016-12-30 00:00:00,FAC_rank_vol_m12_n6_pairwise1,1,Low,0.6862167819302378,0.057321170800802304,15
future_ret_6m,2016-12-30 00:00:00,FAC_rank_vol_m12_n6_pairwise1,2,Q2,0.7708304741634239,0.07312208627387244,15
future_ret_6m,2016-12-30 00:00:00,FAC_rank_vol_m12_n6_pairwise1,3,Q3,0.8079571396051293,0.09621406098144523,14
future_ret_6m,2016-12-30 00:00:00,FAC_rank_vol_m12_n6_pairwise1,4,Q4,0.839750281919902,0.07518829065405032,15
future_ret_6m,2016-12-30 00:00:00,FAC_rank_vol_m12_n6_pairwise1,5,High,0.8794123425794811,0.033084352813070976,15
future_ret_6m,2017-03-31 00:00:00,FAC_rank_vol_m12_n6_pairwise1,1,Low,0.7128146494381499,0.06426218801750383,16
future_ret_6m,2017-03-31 00:00:00,FAC_rank_vol_m12_n6_pairwise1,2,Q2,0.7784767825333998,0.13143676224614725,15
future_ret_6m,2017-03-31 00:00:00,FAC_rank_vol_m12_n6_pairwise1,3,Q3,0.8279822131569394,0.08097420653823213,15
future_ret_6m,2017-03-31 00:00:00,FAC_rank_vol_m12_n6_pairwise1,4,Q4,0.858362972265961,0.07703386004705262,15
future_ret_6m,2017-03-31 00:00:00,FAC_rank_vol_m12_n6_pairwise1,5,High,0.897376678166045,0.1057094524543783,15
future_ret_6m,2017-06-30 00:00:00,FAC_rank_vol_m12_n6_pairwise1,1,Low,0.70050359992669,0.09008580055745422,19
future_ret_6m,2017-06-30 00:00:00,FAC_rank_vol_m12_n6_pairwise1,2,Q2,0.7706887185311494,0.11938574239206028,18
future_ret_6m,2017-06-30 00:00:00,FAC_rank_vol_m12_n6_pairwise1,3,Q3,0.8211438236645872,0.09134754166140363,19
future_ret_6m,2017-06-30 00:00:00,FAC_rank_vol_m12_n6_pairwise1,4,Q4,0.8603984969197288,0.08437683382839029,18
future_ret_6m,2017-06-30 00:00:00,FAC_rank_vol_m12_n6_pairwise1,5,High,0.9188561554461208,0.09172301612243206,19
future_ret_6m,2017-09-29 00:00:00,FAC_rank_vol_m12_n6_pairwise1,1,Low,0.6727951747494191,-0.0052945805930058746,27
future_ret_6m,2017-09-29 00:00:00,FAC_rank_vol_m12_n6_pairwise1,2,Q2,0.7648413663689849,0.00038830105554631686,27
future_ret_6m,2017-09-29 00:00:00,FAC_rank_vol_m12_n6_pairwise1,3,Q3,0.8195460996791972,0.03805323309383721,26
future_ret_6m,2017-09-29 00:00:00,FAC_rank_vol_m12_n6_pairwise1,4,Q4,0.8740714185548997,0.009978938266844657,27
future_ret_6m,2017-09-29 00:00:00,FAC_rank_vol_m12_n6_pairwise1,5,High,0.917857772713505,0.009509959426984339,27
future_ret_6m,2017-12-29 00:00:00,FAC_rank_vol_m12_n6_pairwise1,1,Low,0.7061685561488001,-0.0992724982010307,36
future_ret_6m,2017-12-29 00:00:00,FAC_rank_vol_m12_n6_pairwise1,2,Q2,0.7875074017087984,-0.09987097527386811,35
future_ret_6m,2017-12-29 00:00:00,FAC_rank_vol_m12_n6_pairwise1,3,Q3,0.8339289042289879,-0.0886961485835803,35
future_ret_6m,2017-12-29 00:00:00,FAC_rank_vol_m12_n6_pairwise1,4,Q4,0.8695597928047606,-0.05946366274200973,35
future_ret_6m,2017-12-29 00:00:00,FAC_rank_vol_m12_n6_pairwise1,5,High,0.917931620868175,-0.08241831281681417,36
future_ret_6m,2018-03-30 00:00:00,FAC_rank_vol_m12_n6_pairwise1,1,Low,0.7286919307814343,-0.1614233959176402,38
future_ret_6m,2018-03-30 00:00:00,FAC_rank_vol_m12_n6_pairwise1,2,Q2,0.7992120769897091,-0.14034889148735222,38
future_ret_6m,2018-03-30 00:00:00,FAC_rank_vol_m12_n6_pairwise1,3,Q3,0.8488972603829337,-0.15230461510711377,37
future_ret_6m,2018-03-30 00:00:00,FAC_rank_vol_m12_n6_pairwise1,4,Q4,0.8890045925364374,-0.13904109415589921,38
future_ret_6m,2018-03-30 00:00:00,FAC_rank_vol_m12_n6_pairwise1,5,High,0.9298376612120675,-0.13455100744716206,38
future_ret_6m,2018-06-29 00:00:00,FAC_rank_vol_m12_n6_pairwise1,1,Low,0.6678048857173461,-0.19830110784870367,41
future_ret_6m,2018-06-29 00:00:00,FAC_rank_vol_m12_n6_pairwise1,2,Q2,0.7630046929966542,-0.16486535265767147,40
future_ret_6m,2018-06-29 00:00:00,FAC_rank_vol_m12_n6_pairwise1,3,Q3,0.829602418851626,-0.18305416069759128,40
future_ret_6m,2018-06-29 00:00:00,FAC_rank_vol_m12_n6_pairwise1,4,Q4,0.8639896360782806,-0.1760980217499784,40
future_ret_6m,2018-06-29 00:00:00,FAC_rank_vol_m12_n6_pairwise1,5,High,0.9135063975658526,-0.1741318388637071,41
future_ret_6m,2018-09-28 00:00:00,FAC_rank_vol_m12_n6_pairwise1,1,Low,0.658182363003697,0.12414232834578662,44
future_ret_6m,2018-09-28 00:00:00,FAC_rank_vol_m12_n6_pairwise1,2,Q2,0.750786904667737,0.12642565438596837,43
future_ret_6m,2018-09-28 00:00:00,FAC_rank_vol_m12_n6_pairwise1,3,Q3,0.8060795523278528,0.1464275819578924,43
future_ret_6m,2018-09-28 00:00:00,FAC_rank_vol_m12_n6_pairwise1,4,Q4,0.845355933972655,0.12845027882023943,43
future_ret_6m,2018-09-28 00:00:00,FAC_rank_vol_m12_n6_pairwise1,5,High,0.9008117376775853,0.12782718854645597,43
future_ret_6m,2018-12-28 00:00:00,FAC_rank_vol_m12_n6_pairwise1,1,Low,0.6775915478096578,0.2723325900779009,44
future_ret_6m,2018-12-28 00:00:00,FAC_rank_vol_m12_n6_pairwise1,2,Q2,0.7510403641540045,0.2857734455702339,43
future_ret_6m,2018-12-28 00:00:00,FAC_rank_vol_m12_n6_pairwise1,3,Q3,0.8042231026603919,0.2548071215350839,43
future_ret_6m,2018-12-28 00:00:00,FAC_rank_vol_m12_n6_pairwise1,4,Q4,0.8465023773143829,0.2485168430892508,43
future_ret_6m,2018-12-28 00:00:00,FAC_rank_vol_m12_n6_pairwise1,5,High,0.9075373156358515,0.2401446225447865,43
future_ret_6m,2019-03-29 00:00:00,FAC_rank_vol_m12_n6_pairwise1,1,Low,0.6695245803564988,0.09065107815297298,43
future_ret_6m,2019-03-29 00:00:00,FAC_rank_vol_m12_n6_pairwise1,2,Q2,0.7441347416214849,0.052847852515837825,42
future_ret_6m,2019-03-29 00:00:00,FAC_rank_vol_m12_n6_pairwise1,3,Q3,0.7917829280802494,0.07011283162376647,43
future_ret_6m,2019-03-29 00:00:00,FAC_rank_vol_m12_n6_pairwise1,4,Q4,0.8402717471280131,0.03965650747226452,42
future_ret_6m,2019-03-29 00:00:00,FAC_rank_vol_m12_n6_pairwise1,5,High,0.8932557086882605,0.06694474731710233,43
future_ret_6m,2019-06-28 00:00:00,FAC_rank_vol_m12_n6_pairwise1,1,Low,0.6388507464514137,0.16364767372621244,44
future_ret_6m,2019-06-28 00:00:00,FAC_rank_vol_m12_n6_pairwise1,2,Q2,0.7238488263061649,0.18414120970357395,44
future_ret_6m,2019-06-28 00:00:00,FAC_rank_vol_m12_n6_pairwise1,3,Q3,0.7702757258759929,0.1720677072331707,43
future_ret_6m,2019-06-28 00:00:00,FAC_rank_vol_m12_n6_pairwise1,4,Q4,0.815850902475021,0.20392630282034974,44
future_ret_6m,2019-06-28 00:00:00,FAC_rank_vol_m12_n6_pairwise1,5,High,0.8790800342930922,0.20076235766706899,44
future_ret_6m,2019-09-30 00:00:00,FAC_rank_vol_m12_n6_pairwise1,1,Low,0.6413260038026327,0.09543464734468589,44
future_ret_6m,2019-09-30 00:00:00,FAC_rank_vol_m12_n6_pairwise1,2,Q2,0.7291994987484035,0.07913178792317001,44
future_ret_6m,2019-09-30 00:00:00,FAC_rank_vol_m12_n6_pairwise1,3,Q3,0.770059906352737,0.12023811776468683,44
future_ret_6m,2019-09-30 00:00:00,FAC_rank_vol_m12_n6_pairwise1,4,Q4,0.8186339437431119,0.1068274444726886,44
future_ret_6m,2019-09-30 00:00:00,FAC_rank_vol_m12_n6_pairwise1,5,High,0.8740032400527148,0.11392984388119877,44
future_ret_6m,2019-12-31 00:00:00,FAC_rank_vol_m12_n6_pairwise1,1,Low,0.6729017657944844,0.30542428987111286,48
future_ret_6m,2019-12-31 00:00:00,FAC_rank_vol_m12_n6_pairwise1,2,Q2,0.7408714064740072,0.2824477751190783,48
future_ret_6m,2019-12-31 00:00:00,FAC_rank_vol_m12_n6_pairwise1,3,Q3,0.7783195641898323,0.24011689034462888,47
future_ret_6m,2019-12-31 00:00:00,FAC_rank_vol_m12_n6_pairwise1,4,Q4,0.8176535158500582,0.2827187102693183,48
future_ret_6m,2019-12-31 00:00:00,FAC_rank_vol_m12_n6_pairwise1,5,High,0.8769798251656358,0.23653582851541088,48
future_ret_6m,2020-03-31 00:00:00,FAC_rank_vol_m12_n6_pairwise1,1,Low,0.6639924062822848,0.45330365170176423,50
future_ret_6m,2020-03-31 00:00:00,FAC_rank_vol_m12_n6_pairwise1,2,Q2,0.7654553111055606,0.42097919499194214,50
future_ret_6m,2020-03-31 00:00:00,FAC_rank_vol_m12_n6_pairwise1,3,Q3,0.8161361936552156,0.42612676087042134,50
future_ret_6m,2020-03-31 00:00:00,FAC_rank_vol_m12_n6_pairwise1,4,Q4,0.854405257881079,0.39298469912834877,50
future_ret_6m,2020-03-31 00:00:00,FAC_rank_vol_m12_n6_pairwise1,5,High,0.905454286024476,0.39038174209674814,50
future_ret_6m,2020-06-30 00:00:00,FAC_rank_vol_m12_n6_pairwise1,1,Low,0.697351986374148,0.3347683102680274,52
future_ret_6m,2020-06-30 00:00:00,FAC_rank_vol_m12_n6_pairwise1,2,Q2,0.7877068400282831,0.2671746119718602,51
future_ret_6m,2020-06-30 00:00:00,FAC_rank_vol_m12_n6_pairwise1,3,Q3,0.8342273743705841,0.29843714235309377,51
future_ret_6m,2020-06-30 00:00:00,FAC_rank_vol_m12_n6_pairwise1,4,Q4,0.8701146178930421,0.2805597776816519,51
future_ret_6m,2020-06-30 00:00:00,FAC_rank_vol_m12_n6_pairwise1,5,High,0.92045464836183,0.2709882937442703,52
future_ret_6m,2020-09-30 00:00:00,FAC_rank_vol_m12_n6_pairwise1,1,Low,0.6804386594493643,0.1070085293321128,57
future_ret_6m,2020-09-30 00:00:00,FAC_rank_vol_m12_n6_pairwise1,2,Q2,0.7647281328144475,0.12415559769609932,57
future_ret_6m,2020-09-30 00:00:00,FAC_rank_vol_m12_n6_pairwise1,3,Q3,0.8149441383927571,0.10219880201185726,57
future_ret_6m,2020-09-30 00:00:00,FAC_rank_vol_m12_n6_pairwise1,4,Q4,0.8561075213600945,0.12471019452505629,57
future_ret_6m,2020-09-30 00:00:00,FAC_rank_vol_m12_n6_pairwise1,5,High,0.9112369611823421,0.12172314210902736,57
future_ret_6m,2020-12-31 00:00:00,FAC_rank_vol_m12_n6_pairwise1,1,Low,0.6405484825885818,0.0901598286529937,62
future_ret_6m,2020-12-31 00:00:00,FAC_rank_vol_m12_n6_pairwise1,2,Q2,0.725018572059167,0.11583923714529837,61
future_ret_6m,2020-12-31 00:00:00,FAC_rank_vol_m12_n6_pairwise1,3,Q3,0.7831152245309816,0.09080010565109209,61
future_ret_6m,2020-12-31 00:00:00,FAC_rank_vol_m12_n6_pairwise1,4,Q4,0.8312280487555577,0.09363638506705213,61
future_ret_6m,2020-12-31 00:00:00,FAC_rank_vol_m12_n6_pairwise1,5,High,0.8886803980226348,0.08077960268150033,62
future_ret_6m,2021-03-31 00:00:00,FAC_rank_vol_m12_n6_pairwise1,1,Low,0.6495896421281094,0.10218144949126366,65
future_ret_6m,2021-03-31 00:00:00,FAC_rank_vol_m12_n6_pairwise1,2,Q2,0.7300294448250193,0.10289601669997872,64
future_ret_6m,2021-03-31 00:00:00,FAC_rank_vol_m12_n6_pairwise1,3,Q3,0.7810689639092285,0.10069622201864659,64
future_ret_6m,2021-03-31 00:00:00,FAC_rank_vol_m12_n6_pairwise1,4,Q4,0.8291351188091811,0.09995218981853805,64
future_ret_6m,2021-03-31 00:00:00,FAC_rank_vol_m12_n6_pairwise1,5,High,0.8863146257806468,0.07674304219916177,64
future_ret_6m,2021-06-30 00:00:00,FAC_rank_vol_m12_n6_pairwise1,1,Low,0.6761895718628206,-0.04024330649540749,69
future_ret_6m,2021-06-30 00:00:00,FAC_rank_vol_m12_n6_pairwise1,2,Q2,0.7658953657899614,0.030073352666946943,68
future_ret_6m,2021-06-30 00:00:00,FAC_rank_vol_m12_n6_pairwise1,3,Q3,0.8089238036322142,-0.007399648496251503,69
future_ret_6m,2021-06-30 00:00:00,FAC_rank_vol_m12_n6_pairwise1,4,Q4,0.8402097083140303,-0.01263349941305407,68
future_ret_6m,2021-06-30 00:00:00,FAC_rank_vol_m12_n6_pairwise1,5,High,0.8936077724695646,0.013532609581857214,69
future_ret_6m,2021-09-30 00:00:00,FAC_rank_vol_m12_n6_pairwise1,1,Low,0.6610008088362782,-0.16530497700024643,76
future_ret_6m,2021-09-30 00:00:00,FAC_rank_vol_m12_n6_pairwise1,2,Q2,0.7340532036453904,-0.15016194589316015,75
future_ret_6m,2021-09-30 00:00:00,FAC_rank_vol_m12_n6_pairwise1,3,Q3,0.7860380021536618,-0.13556254420092997,76
future_ret_6m,2021-09-30 00:00:00,FAC_rank_vol_m12_n6_pairwise1,4,Q4,0.8359168175126479,-0.13511984316255266,75
future_ret_6m,2021-09-30 00:00:00,FAC_rank_vol_m12_n6_pairwise1,5,High,0.8925381610942151,-0.1407590524866835,76
future_ret_6m,2021-12-31 00:00:00,FAC_rank_vol_m12_n6_pairwise1,1,Low,0.6486758917695656,-0.10295839772625522,79
future_ret_6m,2021-12-31 00:00:00,FAC_rank_vol_m12_n6_pairwise1,2,Q2,0.7332741586972614,-0.10666863243902422,78
future_ret_6m,2021-12-31 00:00:00,FAC_rank_vol_m12_n6_pairwise1,3,Q3,0.7963269965966797,-0.09140089338235047,78
future_ret_6m,2021-12-31 00:00:00,FAC_rank_vol_m12_n6_pairwise1,4,Q4,0.8449764254453694,-0.09984339501588602,78
future_ret_6m,2021-12-31 00:00:00,FAC_rank_vol_m12_n6_pairwise1,5,High,0.8998486181970268,-0.10125698680338545,78
future_ret_6m,2022-03-31 00:00:00,FAC_rank_vol_m12_n6_pairwise1,1,Low,0.6523764296070406,-0.059212548315192126,84
future_ret_6m,2022-03-31 00:00:00,FAC_rank_vol_m12_n6_pairwise1,2,Q2,0.7198514331578261,-0.04572657959430126,84
future_ret_6m,2022-03-31 00:00:00,FAC_rank_vol_m12_n6_pairwise1,3,Q3,0.7764121769595688,-0.04567111868873149,84
future_ret_6m,2022-03-31 00:00:00,FAC_rank_vol_m12_n6_pairwise1,4,Q4,0.8242240775262323,-0.043076592682348064,84
future_ret_6m,2022-03-31 00:00:00,FAC_rank_vol_m12_n6_pairwise1,5,High,0.886353584679221,-0.0484264682961091,84
future_ret_6m,2022-06-30 00:00:00,FAC_rank_vol_m12_n6_pairwise1,1,Low,0.6365561790302665,-0.1327533394420226,96
future_ret_6m,2022-06-30 00:00:00,FAC_rank_vol_m12_n6_pairwise1,2,Q2,0.7347140863062205,-0.12358533185444767,95
future_ret_6m,2022-06-30 00:00:00,FAC_rank_vol_m12_n6_pairwise1,3,Q3,0.7940915558772016,-0.11574125739410511,96
future_ret_6m,2022-06-30 00:00:00,FAC_rank_vol_m12_n6_pairwise1,4,Q4,0.8430672056574939,-0.12119191621599529,95
future_ret_6m,2022-06-30 00:00:00,FAC_rank_vol_m12_n6_pairwise1,5,High,0.8972191185561725,-0.11806539862130642,96
