factor,month_date,variable,vif,n_obs,status,reason
FAC_rank_vol_m3_n6_pairwise1,2004-08-31,FAC_rank_vol_m3_n6_pairwise1,,0,skipped,完整变量样本数小于 min_cross_section_n
FAC_rank_vol_m3_n6_pairwise1,2004-08-31,CtrlRetSTR,,0,skipped,完整变量样本数小于 min_cross_section_n
FAC_rank_vol_m3_n6_pairwise1,2004-08-31,CtrlRetLTM,,0,skipped,完整变量样本数小于 min_cross_section_n
FAC_rank_vol_m3_n6_pairwise1,2004-08-31,CtrlVol,,0,skipped,完整变量样本数小于 min_cross_section_n
FAC_rank_vol_m3_n6_pairwise1,2004-08-31,as_偏股混合型基金,,0,skipped,完整变量样本数小于 min_cross_section_n
FAC_rank_vol_m3_n6_pairwise1,2004-08-31,Ctrl_log_fund_size,,0,skipped,完整变量样本数小于 min_cross_section_n
FAC_rank_vol_m3_n6_pairwise1,2004-08-31,Ctrl_fund_age,,0,skipped,完整变量样本数小于 min_cross_section_n
FAC_rank_vol_m3_n6_pairwise1,2004-09-30,FAC_rank_vol_m3_n6_pairwise1,,0,skipped,完整变量样本数小于 min_cross_section_n
FAC_rank_vol_m3_n6_pairwise1,2004-09-30,CtrlRetSTR,,0,skipped,完整变量样本数小于 min_cross_section_n
FAC_rank_vol_m3_n6_pairwise1,2004-09-30,CtrlRetLTM,,0,skipped,完整变量样本数小于 min_cross_section_n
FAC_rank_vol_m3_n6_pairwise1,2004-09-30,CtrlVol,,0,skipped,完整变量样本数小于 min_cross_section_n
FAC_rank_vol_m3_n6_pairwise1,2004-09-30,as_偏股混合型基金,,0,skipped,完整变量样本数小于 min_cross_section_n
FAC_rank_vol_m3_n6_pairwise1,2004-09-30,Ctrl_log_fund_size,,0,skipped,完整变量样本数小于 min_cross_section_n
FAC_rank_vol_m3_n6_pairwise1,2004-09-30,Ctrl_fund_age,,0,skipped,完整变量样本数小于 min_cross_section_n
FAC_rank_vol_m3_n6_pairwise1,2004-10-29,FAC_rank_vol_m3_n6_pairwise1,,0,skipped,完整变量样本数小于 min_cross_section_n
FAC_rank_vol_m3_n6_pairwise1,2004-10-29,CtrlRetSTR,,0,skipped,完整变量样本数小于 min_cross_section_n
FAC_rank_vol_m3_n6_pairwise1,2004-10-29,CtrlRetLTM,,0,skipped,完整变量样本数小于 min_cross_section_n
FAC_rank_vol_m3_n6_pairwise1,2004-10-29,CtrlVol,,0,skipped,完整变量样本数小于 min_cross_section_n
FAC_rank_vol_m3_n6_pairwise1,2004-10-29,as_偏股混合型基金,,0,skipped,完整变量样本数小于 min_cross_section_n
FAC_rank_vol_m3_n6_pairwise1,2004-10-29,Ctrl_log_fund_size,,0,skipped,完整变量样本数小于 min_cross_section_n
FAC_rank_vol_m3_n6_pairwise1,2004-10-29,Ctrl_fund_age,,0,skipped,完整变量样本数小于 min_cross_section_n
FAC_rank_vol_m3_n6_pairwise1,2004-11-30,FAC_rank_vol_m3_n6_pairwise1,,0,skipped,完整变量样本数小于 min_cross_section_n
FAC_rank_vol_m3_n6_pairwise1,2004-11-30,CtrlRetSTR,,0,skipped,完整变量样本数小于 min_cross_section_n
FAC_rank_vol_m3_n6_pairwise1,2004-11-30,CtrlRetLTM,,0,skipped,完整变量样本数小于 min_cross_section_n
FAC_rank_vol_m3_n6_pairwise1,2004-11-30,CtrlVol,,0,skipped,完整变量样本数小于 min_cross_section_n
FAC_rank_vol_m3_n6_pairwise1,2004-11-30,as_偏股混合型基金,,0,skipped,完整变量样本数小于 min_cross_section_n
FAC_rank_vol_m3_n6_pairwise1,2004-11-30,Ctrl_log_fund_size,,0,skipped,完整变量样本数小于 min_cross_section_n
FAC_rank_vol_m3_n6_pairwise1,2004-11-30,Ctrl_fund_age,,0,skipped,完整变量样本数小于 min_cross_section_n
FAC_rank_vol_m3_n6_pairwise1,2004-12-31,FAC_rank_vol_m3_n6_pairwise1,,0,skipped,完整变量样本数小于 min_cross_section_n
FAC_rank_vol_m3_n6_pairwise1,2004-12-31,CtrlRetSTR,,0,skipped,完整变量样本数小于 min_cross_section_n
FAC_rank_vol_m3_n6_pairwise1,2004-12-31,CtrlRetLTM,,0,skipped,完整变量样本数小于 min_cross_section_n
FAC_rank_vol_m3_n6_pairwise1,2004-12-31,CtrlVol,,0,skipped,完整变量样本数小于 min_cross_section_n
FAC_rank_vol_m3_n6_pairwise1,2004-12-31,as_偏股混合型基金,,0,skipped,完整变量样本数小于 min_cross_section_n
FAC_rank_vol_m3_n6_pairwise1,2004-12-31,Ctrl_log_fund_size,,0,skipped,完整变量样本数小于 min_cross_section_n
FAC_rank_vol_m3_n6_pairwise1,2004-12-31,Ctrl_fund_age,,0,skipped,完整变量样本数小于 min_cross_section_n
FAC_rank_vol_m3_n6_pairwise1,2005-01-31,FAC_rank_vol_m3_n6_pairwise1,,0,skipped,完整变量样本数小于 min_cross_section_n
FAC_rank_vol_m3_n6_pairwise1,2005-01-31,CtrlRetSTR,,0,skipped,完整变量样本数小于 min_cross_section_n
FAC_rank_vol_m3_n6_pairwise1,2005-01-31,CtrlRetLTM,,0,skipped,完整变量样本数小于 min_cross_section_n
FAC_rank_vol_m3_n6_pairwise1,2005-01-31,CtrlVol,,0,skipped,完整变量样本数小于 min_cross_section_n
FAC_rank_vol_m3_n6_pairwise1,2005-01-31,as_偏股混合型基金,,0,skipped,完整变量样本数小于 min_cross_section_n
FAC_rank_vol_m3_n6_pairwise1,2005-01-31,Ctrl_log_fund_size,,0,skipped,完整变量样本数小于 min_cross_section_n
FAC_rank_vol_m3_n6_pairwise1,2005-01-31,Ctrl_fund_age,,0,skipped,完整变量样本数小于 min_cross_section_n
FAC_rank_vol_m3_n6_pairwise1,2005-02-28,FAC_rank_vol_m3_n6_pairwise1,,0,skipped,完整变量样本数小于 min_cross_section_n
FAC_rank_vol_m3_n6_pairwise1,2005-02-28,CtrlRetSTR,,0,skipped,完整变量样本数小于 min_cross_section_n
FAC_rank_vol_m3_n6_pairwise1,2005-02-28,CtrlRetLTM,,0,skipped,完整变量样本数小于 min_cross_section_n
FAC_rank_vol_m3_n6_pairwise1,2005-02-28,CtrlVol,,0,skipped,完整变量样本数小于 min_cross_section_n
FAC_rank_vol_m3_n6_pairwise1,2005-02-28,as_偏股混合型基金,,0,skipped,完整变量样本数小于 min_cross_section_n
FAC_rank_vol_m3_n6_pairwise1,2005-02-28,Ctrl_log_fund_size,,0,skipped,完整变量样本数小于 min_cross_section_n
FAC_rank_vol_m3_n6_pairwise1,2005-02-28,Ctrl_fund_age,,0,skipped,完整变量样本数小于 min_cross_section_n
FAC_rank_vol_m3_n6_pairwise1,2005-03-31,FAC_rank_vol_m3_n6_pairwise1,,0,skipped,完整变量样本数小于 min_cross_section_n
FAC_rank_vol_m3_n6_pairwise1,2005-03-31,CtrlRetSTR,,0,skipped,完整变量样本数小于 min_cross_section_n
FAC_rank_vol_m3_n6_pairwise1,2005-03-31,CtrlRetLTM,,0,skipped,完整变量样本数小于 min_cross_section_n
FAC_rank_vol_m3_n6_pairwise1,2005-03-31,CtrlVol,,0,skipped,完整变量样本数小于 min_cross_section_n
FAC_rank_vol_m3_n6_pairwise1,2005-03-31,as_偏股混合型基金,,0,skipped,完整变量样本数小于 min_cross_section_n
FAC_rank_vol_m3_n6_pairwise1,2005-03-31,Ctrl_log_fund_size,,0,skipped,完整变量样本数小于 min_cross_section_n
FAC_rank_vol_m3_n6_pairwise1,2005-03-31,Ctrl_fund_age,,0,skipped,完整变量样本数小于 min_cross_section_n
FAC_rank_vol_m3_n6_pairwise1,2005-04-29,FAC_rank_vol_m3_n6_pairwise1,,0,skipped,完整变量样本数小于 min_cross_section_n
FAC_rank_vol_m3_n6_pairwise1,2005-04-29,CtrlRetSTR,,0,skipped,完整变量样本数小于 min_cross_section_n
FAC_rank_vol_m3_n6_pairwise1,2005-04-29,CtrlRetLTM,,0,skipped,完整变量样本数小于 min_cross_section_n
FAC_rank_vol_m3_n6_pairwise1,2005-04-29,CtrlVol,,0,skipped,完整变量样本数小于 min_cross_section_n
FAC_rank_vol_m3_n6_pairwise1,2005-04-29,as_偏股混合型基金,,0,skipped,完整变量样本数小于 min_cross_section_n
FAC_rank_vol_m3_n6_pairwise1,2005-04-29,Ctrl_log_fund_size,,0,skipped,完整变量样本数小于 min_cross_section_n
FAC_rank_vol_m3_n6_pairwise1,2005-04-29,Ctrl_fund_age,,0,skipped,完整变量样本数小于 min_cross_section_n
FAC_rank_vol_m3_n6_pairwise1,2005-05-31,FAC_rank_vol_m3_n6_pairwise1,,0,skipped,完整变量样本数小于 min_cross_section_n
FAC_rank_vol_m3_n6_pairwise1,2005-05-31,CtrlRetSTR,,0,skipped,完整变量样本数小于 min_cross_section_n
FAC_rank_vol_m3_n6_pairwise1,2005-05-31,CtrlRetLTM,,0,skipped,完整变量样本数小于 min_cross_section_n
FAC_rank_vol_m3_n6_pairwise1,2005-05-31,CtrlVol,,0,skipped,完整变量样本数小于 min_cross_section_n
FAC_rank_vol_m3_n6_pairwise1,2005-05-31,as_偏股混合型基金,,0,skipped,完整变量样本数小于 min_cross_section_n
FAC_rank_vol_m3_n6_pairwise1,2005-05-31,Ctrl_log_fund_size,,0,skipped,完整变量样本数小于 min_cross_section_n
FAC_rank_vol_m3_n6_pairwise1,2005-05-31,Ctrl_fund_age,,0,skipped,完整变量样本数小于 min_cross_section_n
FAC_rank_vol_m3_n6_pairwise1,2005-06-30,FAC_rank_vol_m3_n6_pairwise1,,0,skipped,完整变量样本数小于 min_cross_section_n
FAC_rank_vol_m3_n6_pairwise1,2005-06-30,CtrlRetSTR,,0,skipped,完整变量样本数小于 min_cross_section_n
FAC_rank_vol_m3_n6_pairwise1,2005-06-30,CtrlRetLTM,,0,skipped,完整变量样本数小于 min_cross_section_n
FAC_rank_vol_m3_n6_pairwise1,2005-06-30,CtrlVol,,0,skipped,完整变量样本数小于 min_cross_section_n
FAC_rank_vol_m3_n6_pairwise1,2005-06-30,as_偏股混合型基金,,0,skipped,完整变量样本数小于 min_cross_section_n
FAC_rank_vol_m3_n6_pairwise1,2005-06-30,Ctrl_log_fund_size,,0,skipped,完整变量样本数小于 min_cross_section_n
FAC_rank_vol_m3_n6_pairwise1,2005-06-30,Ctrl_fund_age,,0,skipped,完整变量样本数小于 min_cross_section_n
FAC_rank_vol_m3_n6_pairwise1,2005-07-29,FAC_rank_vol_m3_n6_pairwise1,,0,skipped,完整变量样本数小于 min_cross_section_n
FAC_rank_vol_m3_n6_pairwise1,2005-07-29,CtrlRetSTR,,0,skipped,完整变量样本数小于 min_cross_section_n
FAC_rank_vol_m3_n6_pairwise1,2005-07-29,CtrlRetLTM,,0,skipped,完整变量样本数小于 min_cross_section_n
FAC_rank_vol_m3_n6_pairwise1,2005-07-29,CtrlVol,,0,skipped,完整变量样本数小于 min_cross_section_n
FAC_rank_vol_m3_n6_pairwise1,2005-07-29,as_偏股混合型基金,,0,skipped,完整变量样本数小于 min_cross_section_n
FAC_rank_vol_m3_n6_pairwise1,2005-07-29,Ctrl_log_fund_size,,0,skipped,完整变量样本数小于 min_cross_section_n
FAC_rank_vol_m3_n6_pairwise1,2005-07-29,Ctrl_fund_age,,0,skipped,完整变量样本数小于 min_cross_section_n
FAC_rank_vol_m3_n6_pairwise1,2005-08-31,FAC_rank_vol_m3_n6_pairwise1,,0,skipped,完整变量样本数小于 min_cross_section_n
FAC_rank_vol_m3_n6_pairwise1,2005-08-31,CtrlRetSTR,,0,skipped,完整变量样本数小于 min_cross_section_n
FAC_rank_vol_m3_n6_pairwise1,2005-08-31,CtrlRetLTM,,0,skipped,完整变量样本数小于 min_cross_section_n
FAC_rank_vol_m3_n6_pairwise1,2005-08-31,CtrlVol,,0,skipped,完整变量样本数小于 min_cross_section_n
FAC_rank_vol_m3_n6_pairwise1,2005-08-31,as_偏股混合型基金,,0,skipped,完整变量样本数小于 min_cross_section_n
FAC_rank_vol_m3_n6_pairwise1,2005-08-31,Ctrl_log_fund_size,,0,skipped,完整变量样本数小于 min_cross_section_n
FAC_rank_vol_m3_n6_pairwise1,2005-08-31,Ctrl_fund_age,,0,skipped,完整变量样本数小于 min_cross_section_n
FAC_rank_vol_m3_n6_pairwise1,2005-09-30,FAC_rank_vol_m3_n6_pairwise1,,1,skipped,完整变量样本数小于 min_cross_section_n
FAC_rank_vol_m3_n6_pairwise1,2005-09-30,CtrlRetSTR,,1,skipped,完整变量样本数小于 min_cross_section_n
FAC_rank_vol_m3_n6_pairwise1,2005-09-30,CtrlRetLTM,,1,skipped,完整变量样本数小于 min_cross_section_n
FAC_rank_vol_m3_n6_pairwise1,2005-09-30,CtrlVol,,1,skipped,完整变量样本数小于 min_cross_section_n
FAC_rank_vol_m3_n6_pairwise1,2005-09-30,as_偏股混合型基金,,1,skipped,完整变量样本数小于 min_cross_section_n
FAC_rank_vol_m3_n6_pairwise1,2005-09-30,Ctrl_log_fund_size,,1,skipped,完整变量样本数小于 min_cross_section_n
FAC_rank_vol_m3_n6_pairwise1,2005-09-30,Ctrl_fund_age,,1,skipped,完整变量样本数小于 min_cross_section_n
FAC_rank_vol_m3_n6_pairwise1,2005-10-31,FAC_rank_vol_m3_n6_pairwise1,,1,skipped,完整变量样本数小于 min_cross_section_n
FAC_rank_vol_m3_n6_pairwise1,2005-10-31,CtrlRetSTR,,1,skipped,完整变量样本数小于 min_cross_section_n
FAC_rank_vol_m3_n6_pairwise1,2005-10-31,CtrlRetLTM,,1,skipped,完整变量样本数小于 min_cross_section_n
FAC_rank_vol_m3_n6_pairwise1,2005-10-31,CtrlVol,,1,skipped,完整变量样本数小于 min_cross_section_n
FAC_rank_vol_m3_n6_pairwise1,2005-10-31,as_偏股混合型基金,,1,skipped,完整变量样本数小于 min_cross_section_n
FAC_rank_vol_m3_n6_pairwise1,2005-10-31,Ctrl_log_fund_size,,1,skipped,完整变量样本数小于 min_cross_section_n
FAC_rank_vol_m3_n6_pairwise1,2005-10-31,Ctrl_fund_age,,1,skipped,完整变量样本数小于 min_cross_section_n
FAC_rank_vol_m3_n6_pairwise1,2005-11-30,FAC_rank_vol_m3_n6_pairwise1,,2,skipped,完整变量样本数小于 min_cross_section_n
FAC_rank_vol_m3_n6_pairwise1,2005-11-30,CtrlRetSTR,,2,skipped,完整变量样本数小于 min_cross_section_n
FAC_rank_vol_m3_n6_pairwise1,2005-11-30,CtrlRetLTM,,2,skipped,完整变量样本数小于 min_cross_section_n
FAC_rank_vol_m3_n6_pairwise1,2005-11-30,CtrlVol,,2,skipped,完整变量样本数小于 min_cross_section_n
FAC_rank_vol_m3_n6_pairwise1,2005-11-30,as_偏股混合型基金,,2,skipped,完整变量样本数小于 min_cross_section_n
FAC_rank_vol_m3_n6_pairwise1,2005-11-30,Ctrl_log_fund_size,,2,skipped,完整变量样本数小于 min_cross_section_n
FAC_rank_vol_m3_n6_pairwise1,2005-11-30,Ctrl_fund_age,,2,skipped,完整变量样本数小于 min_cross_section_n
FAC_rank_vol_m3_n6_pairwise1,2005-12-30,FAC_rank_vol_m3_n6_pairwise1,,3,skipped,完整变量样本数小于 min_cross_section_n
FAC_rank_vol_m3_n6_pairwise1,2005-12-30,CtrlRetSTR,,3,skipped,完整变量样本数小于 min_cross_section_n
FAC_rank_vol_m3_n6_pairwise1,2005-12-30,CtrlRetLTM,,3,skipped,完整变量样本数小于 min_cross_section_n
FAC_rank_vol_m3_n6_pairwise1,2005-12-30,CtrlVol,,3,skipped,完整变量样本数小于 min_cross_section_n
FAC_rank_vol_m3_n6_pairwise1,2005-12-30,as_偏股混合型基金,,3,skipped,完整变量样本数小于 min_cross_section_n
FAC_rank_vol_m3_n6_pairwise1,2005-12-30,Ctrl_log_fund_size,,3,skipped,完整变量样本数小于 min_cross_section_n
FAC_rank_vol_m3_n6_pairwise1,2005-12-30,Ctrl_fund_age,,3,skipped,完整变量样本数小于 min_cross_section_n
FAC_rank_vol_m3_n6_pairwise1,2006-01-25,FAC_rank_vol_m3_n6_pairwise1,,3,skipped,完整变量样本数小于 min_cross_section_n
FAC_rank_vol_m3_n6_pairwise1,2006-01-25,CtrlRetSTR,,3,skipped,完整变量样本数小于 min_cross_section_n
FAC_rank_vol_m3_n6_pairwise1,2006-01-25,CtrlRetLTM,,3,skipped,完整变量样本数小于 min_cross_section_n
FAC_rank_vol_m3_n6_pairwise1,2006-01-25,CtrlVol,,3,skipped,完整变量样本数小于 min_cross_section_n
FAC_rank_vol_m3_n6_pairwise1,2006-01-25,as_偏股混合型基金,,3,skipped,完整变量样本数小于 min_cross_section_n
FAC_rank_vol_m3_n6_pairwise1,2006-01-25,Ctrl_log_fund_size,,3,skipped,完整变量样本数小于 min_cross_section_n
FAC_rank_vol_m3_n6_pairwise1,2006-01-25,Ctrl_fund_age,,3,skipped,完整变量样本数小于 min_cross_section_n
FAC_rank_vol_m3_n6_pairwise1,2006-02-28,FAC_rank_vol_m3_n6_pairwise1,,3,skipped,完整变量样本数小于 min_cross_section_n
FAC_rank_vol_m3_n6_pairwise1,2006-02-28,CtrlRetSTR,,3,skipped,完整变量样本数小于 min_cross_section_n
FAC_rank_vol_m3_n6_pairwise1,2006-02-28,CtrlRetLTM,,3,skipped,完整变量样本数小于 min_cross_section_n
FAC_rank_vol_m3_n6_pairwise1,2006-02-28,CtrlVol,,3,skipped,完整变量样本数小于 min_cross_section_n
FAC_rank_vol_m3_n6_pairwise1,2006-02-28,as_偏股混合型基金,,3,skipped,完整变量样本数小于 min_cross_section_n
FAC_rank_vol_m3_n6_pairwise1,2006-02-28,Ctrl_log_fund_size,,3,skipped,完整变量样本数小于 min_cross_section_n
FAC_rank_vol_m3_n6_pairwise1,2006-02-28,Ctrl_fund_age,,3,skipped,完整变量样本数小于 min_cross_section_n
FAC_rank_vol_m3_n6_pairwise1,2006-03-31,FAC_rank_vol_m3_n6_pairwise1,,4,skipped,完整变量样本数小于 min_cross_section_n
FAC_rank_vol_m3_n6_pairwise1,2006-03-31,CtrlRetSTR,,4,skipped,完整变量样本数小于 min_cross_section_n
FAC_rank_vol_m3_n6_pairwise1,2006-03-31,CtrlRetLTM,,4,skipped,完整变量样本数小于 min_cross_section_n
FAC_rank_vol_m3_n6_pairwise1,2006-03-31,CtrlVol,,4,skipped,完整变量样本数小于 min_cross_section_n
FAC_rank_vol_m3_n6_pairwise1,2006-03-31,as_偏股混合型基金,,4,skipped,完整变量样本数小于 min_cross_section_n
FAC_rank_vol_m3_n6_pairwise1,2006-03-31,Ctrl_log_fund_size,,4,skipped,完整变量样本数小于 min_cross_section_n
FAC_rank_vol_m3_n6_pairwise1,2006-03-31,Ctrl_fund_age,,4,skipped,完整变量样本数小于 min_cross_section_n
FAC_rank_vol_m3_n6_pairwise1,2006-04-28,FAC_rank_vol_m3_n6_pairwise1,,6,skipped,完整变量样本数小于 min_cross_section_n
FAC_rank_vol_m3_n6_pairwise1,2006-04-28,CtrlRetSTR,,6,skipped,完整变量样本数小于 min_cross_section_n
FAC_rank_vol_m3_n6_pairwise1,2006-04-28,CtrlRetLTM,,6,skipped,完整变量样本数小于 min_cross_section_n
FAC_rank_vol_m3_n6_pairwise1,2006-04-28,CtrlVol,,6,skipped,完整变量样本数小于 min_cross_section_n
FAC_rank_vol_m3_n6_pairwise1,2006-04-28,as_偏股混合型基金,,6,skipped,完整变量样本数小于 min_cross_section_n
FAC_rank_vol_m3_n6_pairwise1,2006-04-28,Ctrl_log_fund_size,,6,skipped,完整变量样本数小于 min_cross_section_n
FAC_rank_vol_m3_n6_pairwise1,2006-04-28,Ctrl_fund_age,,6,skipped,完整变量样本数小于 min_cross_section_n
FAC_rank_vol_m3_n6_pairwise1,2006-05-31,FAC_rank_vol_m3_n6_pairwise1,,6,skipped,完整变量样本数小于 min_cross_section_n
FAC_rank_vol_m3_n6_pairwise1,2006-05-31,CtrlRetSTR,,6,skipped,完整变量样本数小于 min_cross_section_n
FAC_rank_vol_m3_n6_pairwise1,2006-05-31,CtrlRetLTM,,6,skipped,完整变量样本数小于 min_cross_section_n
FAC_rank_vol_m3_n6_pairwise1,2006-05-31,CtrlVol,,6,skipped,完整变量样本数小于 min_cross_section_n
FAC_rank_vol_m3_n6_pairwise1,2006-05-31,as_偏股混合型基金,,6,skipped,完整变量样本数小于 min_cross_section_n
FAC_rank_vol_m3_n6_pairwise1,2006-05-31,Ctrl_log_fund_size,,6,skipped,完整变量样本数小于 min_cross_section_n
FAC_rank_vol_m3_n6_pairwise1,2006-05-31,Ctrl_fund_age,,6,skipped,完整变量样本数小于 min_cross_section_n
FAC_rank_vol_m3_n6_pairwise1,2006-06-30,FAC_rank_vol_m3_n6_pairwise1,,6,skipped,完整变量样本数小于 min_cross_section_n
FAC_rank_vol_m3_n6_pairwise1,2006-06-30,CtrlRetSTR,,6,skipped,完整变量样本数小于 min_cross_section_n
FAC_rank_vol_m3_n6_pairwise1,2006-06-30,CtrlRetLTM,,6,skipped,完整变量样本数小于 min_cross_section_n
FAC_rank_vol_m3_n6_pairwise1,2006-06-30,CtrlVol,,6,skipped,完整变量样本数小于 min_cross_section_n
FAC_rank_vol_m3_n6_pairwise1,2006-06-30,as_偏股混合型基金,,6,skipped,完整变量样本数小于 min_cross_section_n
FAC_rank_vol_m3_n6_pairwise1,2006-06-30,Ctrl_log_fund_size,,6,skipped,完整变量样本数小于 min_cross_section_n
FAC_rank_vol_m3_n6_pairwise1,2006-06-30,Ctrl_fund_age,,6,skipped,完整变量样本数小于 min_cross_section_n
FAC_rank_vol_m3_n6_pairwise1,2006-07-31,FAC_rank_vol_m3_n6_pairwise1,,6,skipped,完整变量样本数小于 min_cross_section_n
FAC_rank_vol_m3_n6_pairwise1,2006-07-31,CtrlRetSTR,,6,skipped,完整变量样本数小于 min_cross_section_n
FAC_rank_vol_m3_n6_pairwise1,2006-07-31,CtrlRetLTM,,6,skipped,完整变量样本数小于 min_cross_section_n
FAC_rank_vol_m3_n6_pairwise1,2006-07-31,CtrlVol,,6,skipped,完整变量样本数小于 min_cross_section_n
FAC_rank_vol_m3_n6_pairwise1,2006-07-31,as_偏股混合型基金,,6,skipped,完整变量样本数小于 min_cross_section_n
FAC_rank_vol_m3_n6_pairwise1,2006-07-31,Ctrl_log_fund_size,,6,skipped,完整变量样本数小于 min_cross_section_n
FAC_rank_vol_m3_n6_pairwise1,2006-07-31,Ctrl_fund_age,,6,skipped,完整变量样本数小于 min_cross_section_n
FAC_rank_vol_m3_n6_pairwise1,2006-08-31,FAC_rank_vol_m3_n6_pairwise1,,5,skipped,完整变量样本数小于 min_cross_section_n
FAC_rank_vol_m3_n6_pairwise1,2006-08-31,CtrlRetSTR,,5,skipped,完整变量样本数小于 min_cross_section_n
FAC_rank_vol_m3_n6_pairwise1,2006-08-31,CtrlRetLTM,,5,skipped,完整变量样本数小于 min_cross_section_n
FAC_rank_vol_m3_n6_pairwise1,2006-08-31,CtrlVol,,5,skipped,完整变量样本数小于 min_cross_section_n
FAC_rank_vol_m3_n6_pairwise1,2006-08-31,as_偏股混合型基金,,5,skipped,完整变量样本数小于 min_cross_section_n
FAC_rank_vol_m3_n6_pairwise1,2006-08-31,Ctrl_log_fund_size,,5,skipped,完整变量样本数小于 min_cross_section_n
FAC_rank_vol_m3_n6_pairwise1,2006-08-31,Ctrl_fund_age,,5,skipped,完整变量样本数小于 min_cross_section_n
FAC_rank_vol_m3_n6_pairwise1,2006-09-29,FAC_rank_vol_m3_n6_pairwise1,,6,skipped,完整变量样本数小于 min_cross_section_n
FAC_rank_vol_m3_n6_pairwise1,2006-09-29,CtrlRetSTR,,6,skipped,完整变量样本数小于 min_cross_section_n
FAC_rank_vol_m3_n6_pairwise1,2006-09-29,CtrlRetLTM,,6,skipped,完整变量样本数小于 min_cross_section_n
FAC_rank_vol_m3_n6_pairwise1,2006-09-29,CtrlVol,,6,skipped,完整变量样本数小于 min_cross_section_n
FAC_rank_vol_m3_n6_pairwise1,2006-09-29,as_偏股混合型基金,,6,skipped,完整变量样本数小于 min_cross_section_n
FAC_rank_vol_m3_n6_pairwise1,2006-09-29,Ctrl_log_fund_size,,6,skipped,完整变量样本数小于 min_cross_section_n
FAC_rank_vol_m3_n6_pairwise1,2006-09-29,Ctrl_fund_age,,6,skipped,完整变量样本数小于 min_cross_section_n
FAC_rank_vol_m3_n6_pairwise1,2006-10-31,FAC_rank_vol_m3_n6_pairwise1,,6,skipped,完整变量样本数小于 min_cross_section_n
FAC_rank_vol_m3_n6_pairwise1,2006-10-31,CtrlRetSTR,,6,skipped,完整变量样本数小于 min_cross_section_n
FAC_rank_vol_m3_n6_pairwise1,2006-10-31,CtrlRetLTM,,6,skipped,完整变量样本数小于 min_cross_section_n
FAC_rank_vol_m3_n6_pairwise1,2006-10-31,CtrlVol,,6,skipped,完整变量样本数小于 min_cross_section_n
FAC_rank_vol_m3_n6_pairwise1,2006-10-31,as_偏股混合型基金,,6,skipped,完整变量样本数小于 min_cross_section_n
FAC_rank_vol_m3_n6_pairwise1,2006-10-31,Ctrl_log_fund_size,,6,skipped,完整变量样本数小于 min_cross_section_n
FAC_rank_vol_m3_n6_pairwise1,2006-10-31,Ctrl_fund_age,,6,skipped,完整变量样本数小于 min_cross_section_n
FAC_rank_vol_m3_n6_pairwise1,2006-11-30,FAC_rank_vol_m3_n6_pairwise1,,7,skipped,完整变量样本数小于 min_cross_section_n
FAC_rank_vol_m3_n6_pairwise1,2006-11-30,CtrlRetSTR,,7,skipped,完整变量样本数小于 min_cross_section_n
FAC_rank_vol_m3_n6_pairwise1,2006-11-30,CtrlRetLTM,,7,skipped,完整变量样本数小于 min_cross_section_n
FAC_rank_vol_m3_n6_pairwise1,2006-11-30,CtrlVol,,7,skipped,完整变量样本数小于 min_cross_section_n
FAC_rank_vol_m3_n6_pairwise1,2006-11-30,as_偏股混合型基金,,7,skipped,完整变量样本数小于 min_cross_section_n
FAC_rank_vol_m3_n6_pairwise1,2006-11-30,Ctrl_log_fund_size,,7,skipped,完整变量样本数小于 min_cross_section_n
FAC_rank_vol_m3_n6_pairwise1,2006-11-30,Ctrl_fund_age,,7,skipped,完整变量样本数小于 min_cross_section_n
FAC_rank_vol_m3_n6_pairwise1,2006-12-29,FAC_rank_vol_m3_n6_pairwise1,,8,skipped,完整变量样本数小于 min_cross_section_n
FAC_rank_vol_m3_n6_pairwise1,2006-12-29,CtrlRetSTR,,8,skipped,完整变量样本数小于 min_cross_section_n
FAC_rank_vol_m3_n6_pairwise1,2006-12-29,CtrlRetLTM,,8,skipped,完整变量样本数小于 min_cross_section_n
FAC_rank_vol_m3_n6_pairwise1,2006-12-29,CtrlVol,,8,skipped,完整变量样本数小于 min_cross_section_n
FAC_rank_vol_m3_n6_pairwise1,2006-12-29,as_偏股混合型基金,,8,skipped,完整变量样本数小于 min_cross_section_n
FAC_rank_vol_m3_n6_pairwise1,2006-12-29,Ctrl_log_fund_size,,8,skipped,完整变量样本数小于 min_cross_section_n
FAC_rank_vol_m3_n6_pairwise1,2006-12-29,Ctrl_fund_age,,8,skipped,完整变量样本数小于 min_cross_section_n
FAC_rank_vol_m3_n6_pairwise1,2007-01-31,FAC_rank_vol_m3_n6_pairwise1,,8,skipped,完整变量样本数小于 min_cross_section_n
FAC_rank_vol_m3_n6_pairwise1,2007-01-31,CtrlRetSTR,,8,skipped,完整变量样本数小于 min_cross_section_n
FAC_rank_vol_m3_n6_pairwise1,2007-01-31,CtrlRetLTM,,8,skipped,完整变量样本数小于 min_cross_section_n
FAC_rank_vol_m3_n6_pairwise1,2007-01-31,CtrlVol,,8,skipped,完整变量样本数小于 min_cross_section_n
FAC_rank_vol_m3_n6_pairwise1,2007-01-31,as_偏股混合型基金,,8,skipped,完整变量样本数小于 min_cross_section_n
FAC_rank_vol_m3_n6_pairwise1,2007-01-31,Ctrl_log_fund_size,,8,skipped,完整变量样本数小于 min_cross_section_n
FAC_rank_vol_m3_n6_pairwise1,2007-01-31,Ctrl_fund_age,,8,skipped,完整变量样本数小于 min_cross_section_n
FAC_rank_vol_m3_n6_pairwise1,2007-02-28,FAC_rank_vol_m3_n6_pairwise1,,8,skipped,完整变量样本数小于 min_cross_section_n
FAC_rank_vol_m3_n6_pairwise1,2007-02-28,CtrlRetSTR,,8,skipped,完整变量样本数小于 min_cross_section_n
FAC_rank_vol_m3_n6_pairwise1,2007-02-28,CtrlRetLTM,,8,skipped,完整变量样本数小于 min_cross_section_n
FAC_rank_vol_m3_n6_pairwise1,2007-02-28,CtrlVol,,8,skipped,完整变量样本数小于 min_cross_section_n
FAC_rank_vol_m3_n6_pairwise1,2007-02-28,as_偏股混合型基金,,8,skipped,完整变量样本数小于 min_cross_section_n
FAC_rank_vol_m3_n6_pairwise1,2007-02-28,Ctrl_log_fund_size,,8,skipped,完整变量样本数小于 min_cross_section_n
FAC_rank_vol_m3_n6_pairwise1,2007-02-28,Ctrl_fund_age,,8,skipped,完整变量样本数小于 min_cross_section_n
FAC_rank_vol_m3_n6_pairwise1,2007-03-30,FAC_rank_vol_m3_n6_pairwise1,,8,skipped,完整变量样本数小于 min_cross_section_n
FAC_rank_vol_m3_n6_pairwise1,2007-03-30,CtrlRetSTR,,8,skipped,完整变量样本数小于 min_cross_section_n
FAC_rank_vol_m3_n6_pairwise1,2007-03-30,CtrlRetLTM,,8,skipped,完整变量样本数小于 min_cross_section_n
FAC_rank_vol_m3_n6_pairwise1,2007-03-30,CtrlVol,,8,skipped,完整变量样本数小于 min_cross_section_n
FAC_rank_vol_m3_n6_pairwise1,2007-03-30,as_偏股混合型基金,,8,skipped,完整变量样本数小于 min_cross_section_n
FAC_rank_vol_m3_n6_pairwise1,2007-03-30,Ctrl_log_fund_size,,8,skipped,完整变量样本数小于 min_cross_section_n
FAC_rank_vol_m3_n6_pairwise1,2007-03-30,Ctrl_fund_age,,8,skipped,完整变量样本数小于 min_cross_section_n
FAC_rank_vol_m3_n6_pairwise1,2007-04-30,FAC_rank_vol_m3_n6_pairwise1,,7,skipped,完整变量样本数小于 min_cross_section_n
FAC_rank_vol_m3_n6_pairwise1,2007-04-30,CtrlRetSTR,,7,skipped,完整变量样本数小于 min_cross_section_n
FAC_rank_vol_m3_n6_pairwise1,2007-04-30,CtrlRetLTM,,7,skipped,完整变量样本数小于 min_cross_section_n
FAC_rank_vol_m3_n6_pairwise1,2007-04-30,CtrlVol,,7,skipped,完整变量样本数小于 min_cross_section_n
FAC_rank_vol_m3_n6_pairwise1,2007-04-30,as_偏股混合型基金,,7,skipped,完整变量样本数小于 min_cross_section_n
FAC_rank_vol_m3_n6_pairwise1,2007-04-30,Ctrl_log_fund_size,,7,skipped,完整变量样本数小于 min_cross_section_n
FAC_rank_vol_m3_n6_pairwise1,2007-04-30,Ctrl_fund_age,,7,skipped,完整变量样本数小于 min_cross_section_n
FAC_rank_vol_m3_n6_pairwise1,2007-05-31,FAC_rank_vol_m3_n6_pairwise1,,6,skipped,完整变量样本数小于 min_cross_section_n
FAC_rank_vol_m3_n6_pairwise1,2007-05-31,CtrlRetSTR,,6,skipped,完整变量样本数小于 min_cross_section_n
FAC_rank_vol_m3_n6_pairwise1,2007-05-31,CtrlRetLTM,,6,skipped,完整变量样本数小于 min_cross_section_n
FAC_rank_vol_m3_n6_pairwise1,2007-05-31,CtrlVol,,6,skipped,完整变量样本数小于 min_cross_section_n
FAC_rank_vol_m3_n6_pairwise1,2007-05-31,as_偏股混合型基金,,6,skipped,完整变量样本数小于 min_cross_section_n
FAC_rank_vol_m3_n6_pairwise1,2007-05-31,Ctrl_log_fund_size,,6,skipped,完整变量样本数小于 min_cross_section_n
FAC_rank_vol_m3_n6_pairwise1,2007-05-31,Ctrl_fund_age,,6,skipped,完整变量样本数小于 min_cross_section_n
FAC_rank_vol_m3_n6_pairwise1,2007-06-29,FAC_rank_vol_m3_n6_pairwise1,,5,skipped,完整变量样本数小于 min_cross_section_n
FAC_rank_vol_m3_n6_pairwise1,2007-06-29,CtrlRetSTR,,5,skipped,完整变量样本数小于 min_cross_section_n
FAC_rank_vol_m3_n6_pairwise1,2007-06-29,CtrlRetLTM,,5,skipped,完整变量样本数小于 min_cross_section_n
FAC_rank_vol_m3_n6_pairwise1,2007-06-29,CtrlVol,,5,skipped,完整变量样本数小于 min_cross_section_n
FAC_rank_vol_m3_n6_pairwise1,2007-06-29,as_偏股混合型基金,,5,skipped,完整变量样本数小于 min_cross_section_n
FAC_rank_vol_m3_n6_pairwise1,2007-06-29,Ctrl_log_fund_size,,5,skipped,完整变量样本数小于 min_cross_section_n
FAC_rank_vol_m3_n6_pairwise1,2007-06-29,Ctrl_fund_age,,5,skipped,完整变量样本数小于 min_cross_section_n
FAC_rank_vol_m3_n6_pairwise1,2007-07-31,FAC_rank_vol_m3_n6_pairwise1,,9,skipped,完整变量样本数小于 min_cross_section_n
FAC_rank_vol_m3_n6_pairwise1,2007-07-31,CtrlRetSTR,,9,skipped,完整变量样本数小于 min_cross_section_n
FAC_rank_vol_m3_n6_pairwise1,2007-07-31,CtrlRetLTM,,9,skipped,完整变量样本数小于 min_cross_section_n
FAC_rank_vol_m3_n6_pairwise1,2007-07-31,CtrlVol,,9,skipped,完整变量样本数小于 min_cross_section_n
FAC_rank_vol_m3_n6_pairwise1,2007-07-31,as_偏股混合型基金,,9,skipped,完整变量样本数小于 min_cross_section_n
FAC_rank_vol_m3_n6_pairwise1,2007-07-31,Ctrl_log_fund_size,,9,skipped,完整变量样本数小于 min_cross_section_n
FAC_rank_vol_m3_n6_pairwise1,2007-07-31,Ctrl_fund_age,,9,skipped,完整变量样本数小于 min_cross_section_n
FAC_rank_vol_m3_n6_pairwise1,2007-08-31,FAC_rank_vol_m3_n6_pairwise1,,13,skipped,完整变量样本数小于 min_cross_section_n
FAC_rank_vol_m3_n6_pairwise1,2007-08-31,CtrlRetSTR,,13,skipped,完整变量样本数小于 min_cross_section_n
FAC_rank_vol_m3_n6_pairwise1,2007-08-31,CtrlRetLTM,,13,skipped,完整变量样本数小于 min_cross_section_n
FAC_rank_vol_m3_n6_pairwise1,2007-08-31,CtrlVol,,13,skipped,完整变量样本数小于 min_cross_section_n
FAC_rank_vol_m3_n6_pairwise1,2007-08-31,as_偏股混合型基金,,13,skipped,完整变量样本数小于 min_cross_section_n
FAC_rank_vol_m3_n6_pairwise1,2007-08-31,Ctrl_log_fund_size,,13,skipped,完整变量样本数小于 min_cross_section_n
FAC_rank_vol_m3_n6_pairwise1,2007-08-31,Ctrl_fund_age,,13,skipped,完整变量样本数小于 min_cross_section_n
FAC_rank_vol_m3_n6_pairwise1,2007-09-28,FAC_rank_vol_m3_n6_pairwise1,,11,skipped,完整变量样本数小于 min_cross_section_n
FAC_rank_vol_m3_n6_pairwise1,2007-09-28,CtrlRetSTR,,11,skipped,完整变量样本数小于 min_cross_section_n
FAC_rank_vol_m3_n6_pairwise1,2007-09-28,CtrlRetLTM,,11,skipped,完整变量样本数小于 min_cross_section_n
FAC_rank_vol_m3_n6_pairwise1,2007-09-28,CtrlVol,,11,skipped,完整变量样本数小于 min_cross_section_n
FAC_rank_vol_m3_n6_pairwise1,2007-09-28,as_偏股混合型基金,,11,skipped,完整变量样本数小于 min_cross_section_n
FAC_rank_vol_m3_n6_pairwise1,2007-09-28,Ctrl_log_fund_size,,11,skipped,完整变量样本数小于 min_cross_section_n
FAC_rank_vol_m3_n6_pairwise1,2007-09-28,Ctrl_fund_age,,11,skipped,完整变量样本数小于 min_cross_section_n
FAC_rank_vol_m3_n6_pairwise1,2007-10-31,FAC_rank_vol_m3_n6_pairwise1,,11,skipped,完整变量样本数小于 min_cross_section_n
FAC_rank_vol_m3_n6_pairwise1,2007-10-31,CtrlRetSTR,,11,skipped,完整变量样本数小于 min_cross_section_n
FAC_rank_vol_m3_n6_pairwise1,2007-10-31,CtrlRetLTM,,11,skipped,完整变量样本数小于 min_cross_section_n
FAC_rank_vol_m3_n6_pairwise1,2007-10-31,CtrlVol,,11,skipped,完整变量样本数小于 min_cross_section_n
FAC_rank_vol_m3_n6_pairwise1,2007-10-31,as_偏股混合型基金,,11,skipped,完整变量样本数小于 min_cross_section_n
FAC_rank_vol_m3_n6_pairwise1,2007-10-31,Ctrl_log_fund_size,,11,skipped,完整变量样本数小于 min_cross_section_n
FAC_rank_vol_m3_n6_pairwise1,2007-10-31,Ctrl_fund_age,,11,skipped,完整变量样本数小于 min_cross_section_n
FAC_rank_vol_m3_n6_pairwise1,2007-11-30,FAC_rank_vol_m3_n6_pairwise1,,11,skipped,完整变量样本数小于 min_cross_section_n
FAC_rank_vol_m3_n6_pairwise1,2007-11-30,CtrlRetSTR,,11,skipped,完整变量样本数小于 min_cross_section_n
FAC_rank_vol_m3_n6_pairwise1,2007-11-30,CtrlRetLTM,,11,skipped,完整变量样本数小于 min_cross_section_n
FAC_rank_vol_m3_n6_pairwise1,2007-11-30,CtrlVol,,11,skipped,完整变量样本数小于 min_cross_section_n
FAC_rank_vol_m3_n6_pairwise1,2007-11-30,as_偏股混合型基金,,11,skipped,完整变量样本数小于 min_cross_section_n
FAC_rank_vol_m3_n6_pairwise1,2007-11-30,Ctrl_log_fund_size,,11,skipped,完整变量样本数小于 min_cross_section_n
FAC_rank_vol_m3_n6_pairwise1,2007-11-30,Ctrl_fund_age,,11,skipped,完整变量样本数小于 min_cross_section_n
FAC_rank_vol_m3_n6_pairwise1,2007-12-28,FAC_rank_vol_m3_n6_pairwise1,,13,skipped,完整变量样本数小于 min_cross_section_n
FAC_rank_vol_m3_n6_pairwise1,2007-12-28,CtrlRetSTR,,13,skipped,完整变量样本数小于 min_cross_section_n
FAC_rank_vol_m3_n6_pairwise1,2007-12-28,CtrlRetLTM,,13,skipped,完整变量样本数小于 min_cross_section_n
FAC_rank_vol_m3_n6_pairwise1,2007-12-28,CtrlVol,,13,skipped,完整变量样本数小于 min_cross_section_n
FAC_rank_vol_m3_n6_pairwise1,2007-12-28,as_偏股混合型基金,,13,skipped,完整变量样本数小于 min_cross_section_n
FAC_rank_vol_m3_n6_pairwise1,2007-12-28,Ctrl_log_fund_size,,13,skipped,完整变量样本数小于 min_cross_section_n
FAC_rank_vol_m3_n6_pairwise1,2007-12-28,Ctrl_fund_age,,13,skipped,完整变量样本数小于 min_cross_section_n
FAC_rank_vol_m3_n6_pairwise1,2008-01-31,FAC_rank_vol_m3_n6_pairwise1,,12,skipped,完整变量样本数小于 min_cross_section_n
FAC_rank_vol_m3_n6_pairwise1,2008-01-31,CtrlRetSTR,,12,skipped,完整变量样本数小于 min_cross_section_n
FAC_rank_vol_m3_n6_pairwise1,2008-01-31,CtrlRetLTM,,12,skipped,完整变量样本数小于 min_cross_section_n
FAC_rank_vol_m3_n6_pairwise1,2008-01-31,CtrlVol,,12,skipped,完整变量样本数小于 min_cross_section_n
FAC_rank_vol_m3_n6_pairwise1,2008-01-31,as_偏股混合型基金,,12,skipped,完整变量样本数小于 min_cross_section_n
FAC_rank_vol_m3_n6_pairwise1,2008-01-31,Ctrl_log_fund_size,,12,skipped,完整变量样本数小于 min_cross_section_n
FAC_rank_vol_m3_n6_pairwise1,2008-01-31,Ctrl_fund_age,,12,skipped,完整变量样本数小于 min_cross_section_n
FAC_rank_vol_m3_n6_pairwise1,2008-02-29,FAC_rank_vol_m3_n6_pairwise1,,16,skipped,完整变量样本数小于 min_cross_section_n
FAC_rank_vol_m3_n6_pairwise1,2008-02-29,CtrlRetSTR,,16,skipped,完整变量样本数小于 min_cross_section_n
FAC_rank_vol_m3_n6_pairwise1,2008-02-29,CtrlRetLTM,,16,skipped,完整变量样本数小于 min_cross_section_n
FAC_rank_vol_m3_n6_pairwise1,2008-02-29,CtrlVol,,16,skipped,完整变量样本数小于 min_cross_section_n
FAC_rank_vol_m3_n6_pairwise1,2008-02-29,as_偏股混合型基金,,16,skipped,完整变量样本数小于 min_cross_section_n
FAC_rank_vol_m3_n6_pairwise1,2008-02-29,Ctrl_log_fund_size,,16,skipped,完整变量样本数小于 min_cross_section_n
FAC_rank_vol_m3_n6_pairwise1,2008-02-29,Ctrl_fund_age,,16,skipped,完整变量样本数小于 min_cross_section_n
FAC_rank_vol_m3_n6_pairwise1,2008-03-31,FAC_rank_vol_m3_n6_pairwise1,,15,skipped,完整变量样本数小于 min_cross_section_n
FAC_rank_vol_m3_n6_pairwise1,2008-03-31,CtrlRetSTR,,15,skipped,完整变量样本数小于 min_cross_section_n
FAC_rank_vol_m3_n6_pairwise1,2008-03-31,CtrlRetLTM,,15,skipped,完整变量样本数小于 min_cross_section_n
FAC_rank_vol_m3_n6_pairwise1,2008-03-31,CtrlVol,,15,skipped,完整变量样本数小于 min_cross_section_n
FAC_rank_vol_m3_n6_pairwise1,2008-03-31,as_偏股混合型基金,,15,skipped,完整变量样本数小于 min_cross_section_n
FAC_rank_vol_m3_n6_pairwise1,2008-03-31,Ctrl_log_fund_size,,15,skipped,完整变量样本数小于 min_cross_section_n
FAC_rank_vol_m3_n6_pairwise1,2008-03-31,Ctrl_fund_age,,15,skipped,完整变量样本数小于 min_cross_section_n
FAC_rank_vol_m3_n6_pairwise1,2008-04-30,FAC_rank_vol_m3_n6_pairwise1,,14,skipped,完整变量样本数小于 min_cross_section_n
FAC_rank_vol_m3_n6_pairwise1,2008-04-30,CtrlRetSTR,,14,skipped,完整变量样本数小于 min_cross_section_n
FAC_rank_vol_m3_n6_pairwise1,2008-04-30,CtrlRetLTM,,14,skipped,完整变量样本数小于 min_cross_section_n
FAC_rank_vol_m3_n6_pairwise1,2008-04-30,CtrlVol,,14,skipped,完整变量样本数小于 min_cross_section_n
FAC_rank_vol_m3_n6_pairwise1,2008-04-30,as_偏股混合型基金,,14,skipped,完整变量样本数小于 min_cross_section_n
FAC_rank_vol_m3_n6_pairwise1,2008-04-30,Ctrl_log_fund_size,,14,skipped,完整变量样本数小于 min_cross_section_n
FAC_rank_vol_m3_n6_pairwise1,2008-04-30,Ctrl_fund_age,,14,skipped,完整变量样本数小于 min_cross_section_n
FAC_rank_vol_m3_n6_pairwise1,2008-05-30,FAC_rank_vol_m3_n6_pairwise1,,19,skipped,完整变量样本数小于 min_cross_section_n
FAC_rank_vol_m3_n6_pairwise1,2008-05-30,CtrlRetSTR,,19,skipped,完整变量样本数小于 min_cross_section_n
FAC_rank_vol_m3_n6_pairwise1,2008-05-30,CtrlRetLTM,,19,skipped,完整变量样本数小于 min_cross_section_n
FAC_rank_vol_m3_n6_pairwise1,2008-05-30,CtrlVol,,19,skipped,完整变量样本数小于 min_cross_section_n
FAC_rank_vol_m3_n6_pairwise1,2008-05-30,as_偏股混合型基金,,19,skipped,完整变量样本数小于 min_cross_section_n
FAC_rank_vol_m3_n6_pairwise1,2008-05-30,Ctrl_log_fund_size,,19,skipped,完整变量样本数小于 min_cross_section_n
FAC_rank_vol_m3_n6_pairwise1,2008-05-30,Ctrl_fund_age,,19,skipped,完整变量样本数小于 min_cross_section_n
FAC_rank_vol_m3_n6_pairwise1,2008-06-30,FAC_rank_vol_m3_n6_pairwise1,,20,skipped,完整变量样本数小于 min_cross_section_n
FAC_rank_vol_m3_n6_pairwise1,2008-06-30,CtrlRetSTR,,20,skipped,完整变量样本数小于 min_cross_section_n
FAC_rank_vol_m3_n6_pairwise1,2008-06-30,CtrlRetLTM,,20,skipped,完整变量样本数小于 min_cross_section_n
FAC_rank_vol_m3_n6_pairwise1,2008-06-30,CtrlVol,,20,skipped,完整变量样本数小于 min_cross_section_n
FAC_rank_vol_m3_n6_pairwise1,2008-06-30,as_偏股混合型基金,,20,skipped,完整变量样本数小于 min_cross_section_n
FAC_rank_vol_m3_n6_pairwise1,2008-06-30,Ctrl_log_fund_size,,20,skipped,完整变量样本数小于 min_cross_section_n
FAC_rank_vol_m3_n6_pairwise1,2008-06-30,Ctrl_fund_age,,20,skipped,完整变量样本数小于 min_cross_section_n
FAC_rank_vol_m3_n6_pairwise1,2008-07-31,FAC_rank_vol_m3_n6_pairwise1,,24,skipped,完整变量样本数小于 min_cross_section_n
FAC_rank_vol_m3_n6_pairwise1,2008-07-31,CtrlRetSTR,,24,skipped,完整变量样本数小于 min_cross_section_n
FAC_rank_vol_m3_n6_pairwise1,2008-07-31,CtrlRetLTM,,24,skipped,完整变量样本数小于 min_cross_section_n
FAC_rank_vol_m3_n6_pairwise1,2008-07-31,CtrlVol,,24,skipped,完整变量样本数小于 min_cross_section_n
FAC_rank_vol_m3_n6_pairwise1,2008-07-31,as_偏股混合型基金,,24,skipped,完整变量样本数小于 min_cross_section_n
FAC_rank_vol_m3_n6_pairwise1,2008-07-31,Ctrl_log_fund_size,,24,skipped,完整变量样本数小于 min_cross_section_n
FAC_rank_vol_m3_n6_pairwise1,2008-07-31,Ctrl_fund_age,,24,skipped,完整变量样本数小于 min_cross_section_n
FAC_rank_vol_m3_n6_pairwise1,2008-08-29,FAC_rank_vol_m3_n6_pairwise1,,25,skipped,完整变量样本数小于 min_cross_section_n
FAC_rank_vol_m3_n6_pairwise1,2008-08-29,CtrlRetSTR,,25,skipped,完整变量样本数小于 min_cross_section_n
FAC_rank_vol_m3_n6_pairwise1,2008-08-29,CtrlRetLTM,,25,skipped,完整变量样本数小于 min_cross_section_n
FAC_rank_vol_m3_n6_pairwise1,2008-08-29,CtrlVol,,25,skipped,完整变量样本数小于 min_cross_section_n
FAC_rank_vol_m3_n6_pairwise1,2008-08-29,as_偏股混合型基金,,25,skipped,完整变量样本数小于 min_cross_section_n
FAC_rank_vol_m3_n6_pairwise1,2008-08-29,Ctrl_log_fund_size,,25,skipped,完整变量样本数小于 min_cross_section_n
FAC_rank_vol_m3_n6_pairwise1,2008-08-29,Ctrl_fund_age,,25,skipped,完整变量样本数小于 min_cross_section_n
FAC_rank_vol_m3_n6_pairwise1,2008-09-26,FAC_rank_vol_m3_n6_pairwise1,,26,skipped,完整变量样本数小于 min_cross_section_n
FAC_rank_vol_m3_n6_pairwise1,2008-09-26,CtrlRetSTR,,26,skipped,完整变量样本数小于 min_cross_section_n
FAC_rank_vol_m3_n6_pairwise1,2008-09-26,CtrlRetLTM,,26,skipped,完整变量样本数小于 min_cross_section_n
FAC_rank_vol_m3_n6_pairwise1,2008-09-26,CtrlVol,,26,skipped,完整变量样本数小于 min_cross_section_n
FAC_rank_vol_m3_n6_pairwise1,2008-09-26,as_偏股混合型基金,,26,skipped,完整变量样本数小于 min_cross_section_n
FAC_rank_vol_m3_n6_pairwise1,2008-09-26,Ctrl_log_fund_size,,26,skipped,完整变量样本数小于 min_cross_section_n
FAC_rank_vol_m3_n6_pairwise1,2008-09-26,Ctrl_fund_age,,26,skipped,完整变量样本数小于 min_cross_section_n
FAC_rank_vol_m3_n6_pairwise1,2008-10-31,FAC_rank_vol_m3_n6_pairwise1,,27,skipped,完整变量样本数小于 min_cross_section_n
FAC_rank_vol_m3_n6_pairwise1,2008-10-31,CtrlRetSTR,,27,skipped,完整变量样本数小于 min_cross_section_n
FAC_rank_vol_m3_n6_pairwise1,2008-10-31,CtrlRetLTM,,27,skipped,完整变量样本数小于 min_cross_section_n
FAC_rank_vol_m3_n6_pairwise1,2008-10-31,CtrlVol,,27,skipped,完整变量样本数小于 min_cross_section_n
FAC_rank_vol_m3_n6_pairwise1,2008-10-31,as_偏股混合型基金,,27,skipped,完整变量样本数小于 min_cross_section_n
FAC_rank_vol_m3_n6_pairwise1,2008-10-31,Ctrl_log_fund_size,,27,skipped,完整变量样本数小于 min_cross_section_n
FAC_rank_vol_m3_n6_pairwise1,2008-10-31,Ctrl_fund_age,,27,skipped,完整变量样本数小于 min_cross_section_n
FAC_rank_vol_m3_n6_pairwise1,2008-11-28,FAC_rank_vol_m3_n6_pairwise1,,31,skipped,完整变量样本数小于 min_cross_section_n
FAC_rank_vol_m3_n6_pairwise1,2008-11-28,CtrlRetSTR,,31,skipped,完整变量样本数小于 min_cross_section_n
FAC_rank_vol_m3_n6_pairwise1,2008-11-28,CtrlRetLTM,,31,skipped,完整变量样本数小于 min_cross_section_n
FAC_rank_vol_m3_n6_pairwise1,2008-11-28,CtrlVol,,31,skipped,完整变量样本数小于 min_cross_section_n
FAC_rank_vol_m3_n6_pairwise1,2008-11-28,as_偏股混合型基金,,31,skipped,完整变量样本数小于 min_cross_section_n
FAC_rank_vol_m3_n6_pairwise1,2008-11-28,Ctrl_log_fund_size,,31,skipped,完整变量样本数小于 min_cross_section_n
FAC_rank_vol_m3_n6_pairwise1,2008-11-28,Ctrl_fund_age,,31,skipped,完整变量样本数小于 min_cross_section_n
FAC_rank_vol_m3_n6_pairwise1,2008-12-31,FAC_rank_vol_m3_n6_pairwise1,,35,skipped,完整变量样本数小于 min_cross_section_n
FAC_rank_vol_m3_n6_pairwise1,2008-12-31,CtrlRetSTR,,35,skipped,完整变量样本数小于 min_cross_section_n
FAC_rank_vol_m3_n6_pairwise1,2008-12-31,CtrlRetLTM,,35,skipped,完整变量样本数小于 min_cross_section_n
FAC_rank_vol_m3_n6_pairwise1,2008-12-31,CtrlVol,,35,skipped,完整变量样本数小于 min_cross_section_n
FAC_rank_vol_m3_n6_pairwise1,2008-12-31,as_偏股混合型基金,,35,skipped,完整变量样本数小于 min_cross_section_n
FAC_rank_vol_m3_n6_pairwise1,2008-12-31,Ctrl_log_fund_size,,35,skipped,完整变量样本数小于 min_cross_section_n
FAC_rank_vol_m3_n6_pairwise1,2008-12-31,Ctrl_fund_age,,35,skipped,完整变量样本数小于 min_cross_section_n
FAC_rank_vol_m3_n6_pairwise1,2009-01-23,FAC_rank_vol_m3_n6_pairwise1,,35,skipped,完整变量样本数小于 min_cross_section_n
FAC_rank_vol_m3_n6_pairwise1,2009-01-23,CtrlRetSTR,,35,skipped,完整变量样本数小于 min_cross_section_n
FAC_rank_vol_m3_n6_pairwise1,2009-01-23,CtrlRetLTM,,35,skipped,完整变量样本数小于 min_cross_section_n
FAC_rank_vol_m3_n6_pairwise1,2009-01-23,CtrlVol,,35,skipped,完整变量样本数小于 min_cross_section_n
FAC_rank_vol_m3_n6_pairwise1,2009-01-23,as_偏股混合型基金,,35,skipped,完整变量样本数小于 min_cross_section_n
FAC_rank_vol_m3_n6_pairwise1,2009-01-23,Ctrl_log_fund_size,,35,skipped,完整变量样本数小于 min_cross_section_n
FAC_rank_vol_m3_n6_pairwise1,2009-01-23,Ctrl_fund_age,,35,skipped,完整变量样本数小于 min_cross_section_n
FAC_rank_vol_m3_n6_pairwise1,2009-02-27,FAC_rank_vol_m3_n6_pairwise1,,37,skipped,完整变量样本数小于 min_cross_section_n
FAC_rank_vol_m3_n6_pairwise1,2009-02-27,CtrlRetSTR,,37,skipped,完整变量样本数小于 min_cross_section_n
FAC_rank_vol_m3_n6_pairwise1,2009-02-27,CtrlRetLTM,,37,skipped,完整变量样本数小于 min_cross_section_n
FAC_rank_vol_m3_n6_pairwise1,2009-02-27,CtrlVol,,37,skipped,完整变量样本数小于 min_cross_section_n
FAC_rank_vol_m3_n6_pairwise1,2009-02-27,as_偏股混合型基金,,37,skipped,完整变量样本数小于 min_cross_section_n
FAC_rank_vol_m3_n6_pairwise1,2009-02-27,Ctrl_log_fund_size,,37,skipped,完整变量样本数小于 min_cross_section_n
FAC_rank_vol_m3_n6_pairwise1,2009-02-27,Ctrl_fund_age,,37,skipped,完整变量样本数小于 min_cross_section_n
FAC_rank_vol_m3_n6_pairwise1,2009-03-31,FAC_rank_vol_m3_n6_pairwise1,,33,skipped,完整变量样本数小于 min_cross_section_n
FAC_rank_vol_m3_n6_pairwise1,2009-03-31,CtrlRetSTR,,33,skipped,完整变量样本数小于 min_cross_section_n
FAC_rank_vol_m3_n6_pairwise1,2009-03-31,CtrlRetLTM,,33,skipped,完整变量样本数小于 min_cross_section_n
FAC_rank_vol_m3_n6_pairwise1,2009-03-31,CtrlVol,,33,skipped,完整变量样本数小于 min_cross_section_n
FAC_rank_vol_m3_n6_pairwise1,2009-03-31,as_偏股混合型基金,,33,skipped,完整变量样本数小于 min_cross_section_n
FAC_rank_vol_m3_n6_pairwise1,2009-03-31,Ctrl_log_fund_size,,33,skipped,完整变量样本数小于 min_cross_section_n
FAC_rank_vol_m3_n6_pairwise1,2009-03-31,Ctrl_fund_age,,33,skipped,完整变量样本数小于 min_cross_section_n
FAC_rank_vol_m3_n6_pairwise1,2009-04-30,FAC_rank_vol_m3_n6_pairwise1,,38,skipped,完整变量样本数小于 min_cross_section_n
FAC_rank_vol_m3_n6_pairwise1,2009-04-30,CtrlRetSTR,,38,skipped,完整变量样本数小于 min_cross_section_n
FAC_rank_vol_m3_n6_pairwise1,2009-04-30,CtrlRetLTM,,38,skipped,完整变量样本数小于 min_cross_section_n
FAC_rank_vol_m3_n6_pairwise1,2009-04-30,CtrlVol,,38,skipped,完整变量样本数小于 min_cross_section_n
FAC_rank_vol_m3_n6_pairwise1,2009-04-30,as_偏股混合型基金,,38,skipped,完整变量样本数小于 min_cross_section_n
FAC_rank_vol_m3_n6_pairwise1,2009-04-30,Ctrl_log_fund_size,,38,skipped,完整变量样本数小于 min_cross_section_n
FAC_rank_vol_m3_n6_pairwise1,2009-04-30,Ctrl_fund_age,,38,skipped,完整变量样本数小于 min_cross_section_n
FAC_rank_vol_m3_n6_pairwise1,2009-05-27,FAC_rank_vol_m3_n6_pairwise1,,41,skipped,完整变量样本数小于 min_cross_section_n
FAC_rank_vol_m3_n6_pairwise1,2009-05-27,CtrlRetSTR,,41,skipped,完整变量样本数小于 min_cross_section_n
FAC_rank_vol_m3_n6_pairwise1,2009-05-27,CtrlRetLTM,,41,skipped,完整变量样本数小于 min_cross_section_n
FAC_rank_vol_m3_n6_pairwise1,2009-05-27,CtrlVol,,41,skipped,完整变量样本数小于 min_cross_section_n
FAC_rank_vol_m3_n6_pairwise1,2009-05-27,as_偏股混合型基金,,41,skipped,完整变量样本数小于 min_cross_section_n
FAC_rank_vol_m3_n6_pairwise1,2009-05-27,Ctrl_log_fund_size,,41,skipped,完整变量样本数小于 min_cross_section_n
FAC_rank_vol_m3_n6_pairwise1,2009-05-27,Ctrl_fund_age,,41,skipped,完整变量样本数小于 min_cross_section_n
FAC_rank_vol_m3_n6_pairwise1,2009-06-30,FAC_rank_vol_m3_n6_pairwise1,,42,skipped,完整变量样本数小于 min_cross_section_n
FAC_rank_vol_m3_n6_pairwise1,2009-06-30,CtrlRetSTR,,42,skipped,完整变量样本数小于 min_cross_section_n
FAC_rank_vol_m3_n6_pairwise1,2009-06-30,CtrlRetLTM,,42,skipped,完整变量样本数小于 min_cross_section_n
FAC_rank_vol_m3_n6_pairwise1,2009-06-30,CtrlVol,,42,skipped,完整变量样本数小于 min_cross_section_n
FAC_rank_vol_m3_n6_pairwise1,2009-06-30,as_偏股混合型基金,,42,skipped,完整变量样本数小于 min_cross_section_n
FAC_rank_vol_m3_n6_pairwise1,2009-06-30,Ctrl_log_fund_size,,42,skipped,完整变量样本数小于 min_cross_section_n
FAC_rank_vol_m3_n6_pairwise1,2009-06-30,Ctrl_fund_age,,42,skipped,完整变量样本数小于 min_cross_section_n
FAC_rank_vol_m3_n6_pairwise1,2009-07-31,FAC_rank_vol_m3_n6_pairwise1,,42,skipped,完整变量样本数小于 min_cross_section_n
FAC_rank_vol_m3_n6_pairwise1,2009-07-31,CtrlRetSTR,,42,skipped,完整变量样本数小于 min_cross_section_n
FAC_rank_vol_m3_n6_pairwise1,2009-07-31,CtrlRetLTM,,42,skipped,完整变量样本数小于 min_cross_section_n
FAC_rank_vol_m3_n6_pairwise1,2009-07-31,CtrlVol,,42,skipped,完整变量样本数小于 min_cross_section_n
FAC_rank_vol_m3_n6_pairwise1,2009-07-31,as_偏股混合型基金,,42,skipped,完整变量样本数小于 min_cross_section_n
FAC_rank_vol_m3_n6_pairwise1,2009-07-31,Ctrl_log_fund_size,,42,skipped,完整变量样本数小于 min_cross_section_n
FAC_rank_vol_m3_n6_pairwise1,2009-07-31,Ctrl_fund_age,,42,skipped,完整变量样本数小于 min_cross_section_n
FAC_rank_vol_m3_n6_pairwise1,2009-08-31,FAC_rank_vol_m3_n6_pairwise1,,44,skipped,完整变量样本数小于 min_cross_section_n
FAC_rank_vol_m3_n6_pairwise1,2009-08-31,CtrlRetSTR,,44,skipped,完整变量样本数小于 min_cross_section_n
FAC_rank_vol_m3_n6_pairwise1,2009-08-31,CtrlRetLTM,,44,skipped,完整变量样本数小于 min_cross_section_n
FAC_rank_vol_m3_n6_pairwise1,2009-08-31,CtrlVol,,44,skipped,完整变量样本数小于 min_cross_section_n
FAC_rank_vol_m3_n6_pairwise1,2009-08-31,as_偏股混合型基金,,44,skipped,完整变量样本数小于 min_cross_section_n
FAC_rank_vol_m3_n6_pairwise1,2009-08-31,Ctrl_log_fund_size,,44,skipped,完整变量样本数小于 min_cross_section_n
FAC_rank_vol_m3_n6_pairwise1,2009-08-31,Ctrl_fund_age,,44,skipped,完整变量样本数小于 min_cross_section_n
FAC_rank_vol_m3_n6_pairwise1,2009-09-30,FAC_rank_vol_m3_n6_pairwise1,,47,skipped,完整变量样本数小于 min_cross_section_n
FAC_rank_vol_m3_n6_pairwise1,2009-09-30,CtrlRetSTR,,47,skipped,完整变量样本数小于 min_cross_section_n
FAC_rank_vol_m3_n6_pairwise1,2009-09-30,CtrlRetLTM,,47,skipped,完整变量样本数小于 min_cross_section_n
FAC_rank_vol_m3_n6_pairwise1,2009-09-30,CtrlVol,,47,skipped,完整变量样本数小于 min_cross_section_n
FAC_rank_vol_m3_n6_pairwise1,2009-09-30,as_偏股混合型基金,,47,skipped,完整变量样本数小于 min_cross_section_n
FAC_rank_vol_m3_n6_pairwise1,2009-09-30,Ctrl_log_fund_size,,47,skipped,完整变量样本数小于 min_cross_section_n
FAC_rank_vol_m3_n6_pairwise1,2009-09-30,Ctrl_fund_age,,47,skipped,完整变量样本数小于 min_cross_section_n
FAC_rank_vol_m3_n6_pairwise1,2009-10-30,FAC_rank_vol_m3_n6_pairwise1,1.518608515370232,51,ok,
FAC_rank_vol_m3_n6_pairwise1,2009-10-30,CtrlRetSTR,1.1901785383153622,51,ok,
FAC_rank_vol_m3_n6_pairwise1,2009-10-30,CtrlRetLTM,1.6449235797441015,51,ok,
FAC_rank_vol_m3_n6_pairwise1,2009-10-30,CtrlVol,1.6213589392273096,51,ok,
FAC_rank_vol_m3_n6_pairwise1,2009-10-30,as_偏股混合型基金,1.5188157614411093,51,ok,
FAC_rank_vol_m3_n6_pairwise1,2009-10-30,Ctrl_log_fund_size,2.1743014362608615,51,ok,
FAC_rank_vol_m3_n6_pairwise1,2009-10-30,Ctrl_fund_age,2.01508075656469,51,ok,
FAC_rank_vol_m3_n6_pairwise1,2009-11-30,FAC_rank_vol_m3_n6_pairwise1,1.2795149102930714,53,ok,
FAC_rank_vol_m3_n6_pairwise1,2009-11-30,CtrlRetSTR,1.0595193384771626,53,ok,
FAC_rank_vol_m3_n6_pairwise1,2009-11-30,CtrlRetLTM,1.292232501103789,53,ok,
FAC_rank_vol_m3_n6_pairwise1,2009-11-30,CtrlVol,1.201836177092053,53,ok,
FAC_rank_vol_m3_n6_pairwise1,2009-11-30,as_偏股混合型基金,1.1539736787853345,53,ok,
FAC_rank_vol_m3_n6_pairwise1,2009-11-30,Ctrl_log_fund_size,2.022784853241285,53,ok,
FAC_rank_vol_m3_n6_pairwise1,2009-11-30,Ctrl_fund_age,1.9772070198585565,53,ok,
FAC_rank_vol_m3_n6_pairwise1,2009-12-31,FAC_rank_vol_m3_n6_pairwise1,1.1650634996727705,59,ok,
FAC_rank_vol_m3_n6_pairwise1,2009-12-31,CtrlRetSTR,1.3452888305765622,59,ok,
FAC_rank_vol_m3_n6_pairwise1,2009-12-31,CtrlRetLTM,1.5903366594894963,59,ok,
FAC_rank_vol_m3_n6_pairwise1,2009-12-31,CtrlVol,1.257618752982809,59,ok,
FAC_rank_vol_m3_n6_pairwise1,2009-12-31,as_偏股混合型基金,1.1981158694727938,59,ok,
FAC_rank_vol_m3_n6_pairwise1,2009-12-31,Ctrl_log_fund_size,2.09668231786701,59,ok,
FAC_rank_vol_m3_n6_pairwise1,2009-12-31,Ctrl_fund_age,1.9384923043929336,59,ok,
FAC_rank_vol_m3_n6_pairwise1,2010-01-29,FAC_rank_vol_m3_n6_pairwise1,1.150272366864059,55,ok,
FAC_rank_vol_m3_n6_pairwise1,2010-01-29,CtrlRetSTR,1.067609656517743,55,ok,
FAC_rank_vol_m3_n6_pairwise1,2010-01-29,CtrlRetLTM,1.2643443657505529,55,ok,
FAC_rank_vol_m3_n6_pairwise1,2010-01-29,CtrlVol,1.1758511992010845,55,ok,
FAC_rank_vol_m3_n6_pairwise1,2010-01-29,as_偏股混合型基金,1.1364522452140253,55,ok,
FAC_rank_vol_m3_n6_pairwise1,2010-01-29,Ctrl_log_fund_size,2.34392743255632,55,ok,
FAC_rank_vol_m3_n6_pairwise1,2010-01-29,Ctrl_fund_age,2.157143437458172,55,ok,
FAC_rank_vol_m3_n6_pairwise1,2010-02-26,FAC_rank_vol_m3_n6_pairwise1,1.1817085464326536,59,ok,
FAC_rank_vol_m3_n6_pairwise1,2010-02-26,CtrlRetSTR,1.1774365038171615,59,ok,
FAC_rank_vol_m3_n6_pairwise1,2010-02-26,CtrlRetLTM,1.1947979865287346,59,ok,
FAC_rank_vol_m3_n6_pairwise1,2010-02-26,CtrlVol,1.0495423593392412,59,ok,
FAC_rank_vol_m3_n6_pairwise1,2010-02-26,as_偏股混合型基金,1.1678582940792683,59,ok,
FAC_rank_vol_m3_n6_pairwise1,2010-02-26,Ctrl_log_fund_size,2.3096317697425874,59,ok,
FAC_rank_vol_m3_n6_pairwise1,2010-02-26,Ctrl_fund_age,2.247097175977955,59,ok,
FAC_rank_vol_m3_n6_pairwise1,2010-03-31,FAC_rank_vol_m3_n6_pairwise1,1.285742540983343,60,ok,
FAC_rank_vol_m3_n6_pairwise1,2010-03-31,CtrlRetSTR,1.2191600967209895,60,ok,
FAC_rank_vol_m3_n6_pairwise1,2010-03-31,CtrlRetLTM,1.1995507787477835,60,ok,
FAC_rank_vol_m3_n6_pairwise1,2010-03-31,CtrlVol,1.1126515566199195,60,ok,
FAC_rank_vol_m3_n6_pairwise1,2010-03-31,as_偏股混合型基金,1.2745949428871586,60,ok,
FAC_rank_vol_m3_n6_pairwise1,2010-03-31,Ctrl_log_fund_size,2.345403206494476,60,ok,
FAC_rank_vol_m3_n6_pairwise1,2010-03-31,Ctrl_fund_age,2.2629882034302007,60,ok,
FAC_rank_vol_m3_n6_pairwise1,2010-04-30,FAC_rank_vol_m3_n6_pairwise1,1.4289480615308412,60,ok,
FAC_rank_vol_m3_n6_pairwise1,2010-04-30,CtrlRetSTR,1.0561310900644163,60,ok,
FAC_rank_vol_m3_n6_pairwise1,2010-04-30,CtrlRetLTM,1.1926296580579638,60,ok,
FAC_rank_vol_m3_n6_pairwise1,2010-04-30,CtrlVol,1.09891748188313,60,ok,
FAC_rank_vol_m3_n6_pairwise1,2010-04-30,as_偏股混合型基金,1.3331392404734188,60,ok,
FAC_rank_vol_m3_n6_pairwise1,2010-04-30,Ctrl_log_fund_size,2.4600427402616947,60,ok,
FAC_rank_vol_m3_n6_pairwise1,2010-04-30,Ctrl_fund_age,2.301116103379425,60,ok,
FAC_rank_vol_m3_n6_pairwise1,2010-05-31,FAC_rank_vol_m3_n6_pairwise1,1.4305517530635683,57,ok,
FAC_rank_vol_m3_n6_pairwise1,2010-05-31,CtrlRetSTR,1.283369100787653,57,ok,
FAC_rank_vol_m3_n6_pairwise1,2010-05-31,CtrlRetLTM,1.293276250042712,57,ok,
FAC_rank_vol_m3_n6_pairwise1,2010-05-31,CtrlVol,1.0742735094424616,57,ok,
FAC_rank_vol_m3_n6_pairwise1,2010-05-31,as_偏股混合型基金,1.2757271345994559,57,ok,
FAC_rank_vol_m3_n6_pairwise1,2010-05-31,Ctrl_log_fund_size,2.4974219552540786,57,ok,
FAC_rank_vol_m3_n6_pairwise1,2010-05-31,Ctrl_fund_age,2.5247720536577165,57,ok,
FAC_rank_vol_m3_n6_pairwise1,2010-06-30,FAC_rank_vol_m3_n6_pairwise1,1.1588716438339377,57,ok,
FAC_rank_vol_m3_n6_pairwise1,2010-06-30,CtrlRetSTR,1.1494833300936662,57,ok,
FAC_rank_vol_m3_n6_pairwise1,2010-06-30,CtrlRetLTM,1.2656543259769428,57,ok,
FAC_rank_vol_m3_n6_pairwise1,2010-06-30,CtrlVol,1.1553355341510163,57,ok,
FAC_rank_vol_m3_n6_pairwise1,2010-06-30,as_偏股混合型基金,1.0925190529627484,57,ok,
FAC_rank_vol_m3_n6_pairwise1,2010-06-30,Ctrl_log_fund_size,2.1855482641706847,57,ok,
FAC_rank_vol_m3_n6_pairwise1,2010-06-30,Ctrl_fund_age,2.1558389411416927,57,ok,
FAC_rank_vol_m3_n6_pairwise1,2010-07-30,FAC_rank_vol_m3_n6_pairwise1,1.2030360589297275,58,ok,
FAC_rank_vol_m3_n6_pairwise1,2010-07-30,CtrlRetSTR,1.1292558708117668,58,ok,
FAC_rank_vol_m3_n6_pairwise1,2010-07-30,CtrlRetLTM,1.6233554248611393,58,ok,
FAC_rank_vol_m3_n6_pairwise1,2010-07-30,CtrlVol,1.4692747294654875,58,ok,
FAC_rank_vol_m3_n6_pairwise1,2010-07-30,as_偏股混合型基金,1.1621671237421318,58,ok,
FAC_rank_vol_m3_n6_pairwise1,2010-07-30,Ctrl_log_fund_size,2.0806628916055074,58,ok,
FAC_rank_vol_m3_n6_pairwise1,2010-07-30,Ctrl_fund_age,2.0788396295353815,58,ok,
FAC_rank_vol_m3_n6_pairwise1,2010-08-31,FAC_rank_vol_m3_n6_pairwise1,1.5374565697464726,55,ok,
FAC_rank_vol_m3_n6_pairwise1,2010-08-31,CtrlRetSTR,1.4928167170955708,55,ok,
FAC_rank_vol_m3_n6_pairwise1,2010-08-31,CtrlRetLTM,1.6815985804039506,55,ok,
FAC_rank_vol_m3_n6_pairwise1,2010-08-31,CtrlVol,1.0990590398137938,55,ok,
FAC_rank_vol_m3_n6_pairwise1,2010-08-31,as_偏股混合型基金,1.2697639988712857,55,ok,
FAC_rank_vol_m3_n6_pairwise1,2010-08-31,Ctrl_log_fund_size,2.044782440154702,55,ok,
FAC_rank_vol_m3_n6_pairwise1,2010-08-31,Ctrl_fund_age,2.0665183213668077,55,ok,
FAC_rank_vol_m3_n6_pairwise1,2010-09-30,FAC_rank_vol_m3_n6_pairwise1,1.5577731098247067,60,ok,
FAC_rank_vol_m3_n6_pairwise1,2010-09-30,CtrlRetSTR,1.6405723955168348,60,ok,
FAC_rank_vol_m3_n6_pairwise1,2010-09-30,CtrlRetLTM,1.4532055461571716,60,ok,
FAC_rank_vol_m3_n6_pairwise1,2010-09-30,CtrlVol,1.4234605574432355,60,ok,
FAC_rank_vol_m3_n6_pairwise1,2010-09-30,as_偏股混合型基金,1.1434260732490784,60,ok,
FAC_rank_vol_m3_n6_pairwise1,2010-09-30,Ctrl_log_fund_size,2.3497276621040597,60,ok,
FAC_rank_vol_m3_n6_pairwise1,2010-09-30,Ctrl_fund_age,2.281252491835164,60,ok,
FAC_rank_vol_m3_n6_pairwise1,2010-10-29,FAC_rank_vol_m3_n6_pairwise1,1.2799174630802288,56,ok,
FAC_rank_vol_m3_n6_pairwise1,2010-10-29,CtrlRetSTR,1.8340912535949356,56,ok,
FAC_rank_vol_m3_n6_pairwise1,2010-10-29,CtrlRetLTM,1.6580629902238702,56,ok,
FAC_rank_vol_m3_n6_pairwise1,2010-10-29,CtrlVol,1.6538556244987899,56,ok,
FAC_rank_vol_m3_n6_pairwise1,2010-10-29,as_偏股混合型基金,1.2429898500581058,56,ok,
FAC_rank_vol_m3_n6_pairwise1,2010-10-29,Ctrl_log_fund_size,1.990632158864101,56,ok,
FAC_rank_vol_m3_n6_pairwise1,2010-10-29,Ctrl_fund_age,2.132821754178285,56,ok,
FAC_rank_vol_m3_n6_pairwise1,2010-11-30,FAC_rank_vol_m3_n6_pairwise1,1.3280081377820745,59,ok,
FAC_rank_vol_m3_n6_pairwise1,2010-11-30,CtrlRetSTR,2.630797481879365,59,ok,
FAC_rank_vol_m3_n6_pairwise1,2010-11-30,CtrlRetLTM,2.037297029051385,59,ok,
FAC_rank_vol_m3_n6_pairwise1,2010-11-30,CtrlVol,1.788734274397356,59,ok,
FAC_rank_vol_m3_n6_pairwise1,2010-11-30,as_偏股混合型基金,1.5414536715099332,59,ok,
FAC_rank_vol_m3_n6_pairwise1,2010-11-30,Ctrl_log_fund_size,2.1419819593796054,59,ok,
FAC_rank_vol_m3_n6_pairwise1,2010-11-30,Ctrl_fund_age,2.113399249740845,59,ok,
FAC_rank_vol_m3_n6_pairwise1,2010-12-31,FAC_rank_vol_m3_n6_pairwise1,1.1464232016043334,61,ok,
FAC_rank_vol_m3_n6_pairwise1,2010-12-31,CtrlRetSTR,1.1527948163106991,61,ok,
FAC_rank_vol_m3_n6_pairwise1,2010-12-31,CtrlRetLTM,1.4483169897488526,61,ok,
FAC_rank_vol_m3_n6_pairwise1,2010-12-31,CtrlVol,1.4325680574746,61,ok,
FAC_rank_vol_m3_n6_pairwise1,2010-12-31,as_偏股混合型基金,1.1420042945703872,61,ok,
FAC_rank_vol_m3_n6_pairwise1,2010-12-31,Ctrl_log_fund_size,2.2244425650947077,61,ok,
FAC_rank_vol_m3_n6_pairwise1,2010-12-31,Ctrl_fund_age,2.2560482827035826,61,ok,
FAC_rank_vol_m3_n6_pairwise1,2011-01-31,FAC_rank_vol_m3_n6_pairwise1,1.0693877796923774,60,ok,
FAC_rank_vol_m3_n6_pairwise1,2011-01-31,CtrlRetSTR,1.4366858061830392,60,ok,
FAC_rank_vol_m3_n6_pairwise1,2011-01-31,CtrlRetLTM,1.6078495410954678,60,ok,
FAC_rank_vol_m3_n6_pairwise1,2011-01-31,CtrlVol,1.1772119358444706,60,ok,
FAC_rank_vol_m3_n6_pairwise1,2011-01-31,as_偏股混合型基金,1.051114323546027,60,ok,
FAC_rank_vol_m3_n6_pairwise1,2011-01-31,Ctrl_log_fund_size,2.482382626677838,60,ok,
FAC_rank_vol_m3_n6_pairwise1,2011-01-31,Ctrl_fund_age,2.529995566542424,60,ok,
FAC_rank_vol_m3_n6_pairwise1,2011-02-28,FAC_rank_vol_m3_n6_pairwise1,1.1244163652714223,63,ok,
FAC_rank_vol_m3_n6_pairwise1,2011-02-28,CtrlRetSTR,1.2966439690227316,63,ok,
FAC_rank_vol_m3_n6_pairwise1,2011-02-28,CtrlRetLTM,1.2084296659179357,63,ok,
FAC_rank_vol_m3_n6_pairwise1,2011-02-28,CtrlVol,1.3370626352391326,63,ok,
FAC_rank_vol_m3_n6_pairwise1,2011-02-28,as_偏股混合型基金,1.0591491109582223,63,ok,
FAC_rank_vol_m3_n6_pairwise1,2011-02-28,Ctrl_log_fund_size,2.7432267731619904,63,ok,
FAC_rank_vol_m3_n6_pairwise1,2011-02-28,Ctrl_fund_age,2.9132634594904476,63,ok,
FAC_rank_vol_m3_n6_pairwise1,2011-03-31,FAC_rank_vol_m3_n6_pairwise1,1.1921244599632912,63,ok,
FAC_rank_vol_m3_n6_pairwise1,2011-03-31,CtrlRetSTR,1.178977398953932,63,ok,
FAC_rank_vol_m3_n6_pairwise1,2011-03-31,CtrlRetLTM,1.2371667707989344,63,ok,
FAC_rank_vol_m3_n6_pairwise1,2011-03-31,CtrlVol,1.097368108566947,63,ok,
FAC_rank_vol_m3_n6_pairwise1,2011-03-31,as_偏股混合型基金,1.057213888087609,63,ok,
FAC_rank_vol_m3_n6_pairwise1,2011-03-31,Ctrl_log_fund_size,2.6659157157920323,63,ok,
FAC_rank_vol_m3_n6_pairwise1,2011-03-31,Ctrl_fund_age,2.8870885750648285,63,ok,
FAC_rank_vol_m3_n6_pairwise1,2011-04-29,FAC_rank_vol_m3_n6_pairwise1,1.3160377233334304,64,ok,
FAC_rank_vol_m3_n6_pairwise1,2011-04-29,CtrlRetSTR,1.1515519193189492,64,ok,
FAC_rank_vol_m3_n6_pairwise1,2011-04-29,CtrlRetLTM,1.2515034623043335,64,ok,
FAC_rank_vol_m3_n6_pairwise1,2011-04-29,CtrlVol,1.1310378886249102,64,ok,
FAC_rank_vol_m3_n6_pairwise1,2011-04-29,as_偏股混合型基金,1.0550904018978604,64,ok,
FAC_rank_vol_m3_n6_pairwise1,2011-04-29,Ctrl_log_fund_size,3.012105709097247,64,ok,
FAC_rank_vol_m3_n6_pairwise1,2011-04-29,Ctrl_fund_age,3.0483420787555575,64,ok,
FAC_rank_vol_m3_n6_pairwise1,2011-05-31,FAC_rank_vol_m3_n6_pairwise1,1.2922608202024204,68,ok,
FAC_rank_vol_m3_n6_pairwise1,2011-05-31,CtrlRetSTR,1.3463757864786376,68,ok,
FAC_rank_vol_m3_n6_pairwise1,2011-05-31,CtrlRetLTM,1.135576274271024,68,ok,
FAC_rank_vol_m3_n6_pairwise1,2011-05-31,CtrlVol,1.3396581879573095,68,ok,
FAC_rank_vol_m3_n6_pairwise1,2011-05-31,as_偏股混合型基金,1.0453720674785065,68,ok,
FAC_rank_vol_m3_n6_pairwise1,2011-05-31,Ctrl_log_fund_size,2.7171825803161163,68,ok,
FAC_rank_vol_m3_n6_pairwise1,2011-05-31,Ctrl_fund_age,2.724958316249901,68,ok,
FAC_rank_vol_m3_n6_pairwise1,2011-06-30,FAC_rank_vol_m3_n6_pairwise1,1.2426604999794983,69,ok,
FAC_rank_vol_m3_n6_pairwise1,2011-06-30,CtrlRetSTR,1.1786745373863683,69,ok,
FAC_rank_vol_m3_n6_pairwise1,2011-06-30,CtrlRetLTM,1.1671328311834355,69,ok,
FAC_rank_vol_m3_n6_pairwise1,2011-06-30,CtrlVol,1.2713012598880764,69,ok,
FAC_rank_vol_m3_n6_pairwise1,2011-06-30,as_偏股混合型基金,1.0370560972783853,69,ok,
FAC_rank_vol_m3_n6_pairwise1,2011-06-30,Ctrl_log_fund_size,2.6942563763186778,69,ok,
FAC_rank_vol_m3_n6_pairwise1,2011-06-30,Ctrl_fund_age,2.6845492761607783,69,ok,
FAC_rank_vol_m3_n6_pairwise1,2011-07-29,FAC_rank_vol_m3_n6_pairwise1,1.1092596915434885,68,ok,
FAC_rank_vol_m3_n6_pairwise1,2011-07-29,CtrlRetSTR,1.1221687464969647,68,ok,
FAC_rank_vol_m3_n6_pairwise1,2011-07-29,CtrlRetLTM,1.1054991745943032,68,ok,
FAC_rank_vol_m3_n6_pairwise1,2011-07-29,CtrlVol,1.1280396279082352,68,ok,
FAC_rank_vol_m3_n6_pairwise1,2011-07-29,as_偏股混合型基金,1.0951862371295489,68,ok,
FAC_rank_vol_m3_n6_pairwise1,2011-07-29,Ctrl_log_fund_size,2.5118733301697027,68,ok,
FAC_rank_vol_m3_n6_pairwise1,2011-07-29,Ctrl_fund_age,2.8000468591180088,68,ok,
FAC_rank_vol_m3_n6_pairwise1,2011-08-31,FAC_rank_vol_m3_n6_pairwise1,1.0963693115665452,73,ok,
FAC_rank_vol_m3_n6_pairwise1,2011-08-31,CtrlRetSTR,1.1171317591335035,73,ok,
FAC_rank_vol_m3_n6_pairwise1,2011-08-31,CtrlRetLTM,1.2473892447194643,73,ok,
FAC_rank_vol_m3_n6_pairwise1,2011-08-31,CtrlVol,1.2133095228522068,73,ok,
FAC_rank_vol_m3_n6_pairwise1,2011-08-31,as_偏股混合型基金,1.0876683975129704,73,ok,
FAC_rank_vol_m3_n6_pairwise1,2011-08-31,Ctrl_log_fund_size,2.7097719525891204,73,ok,
FAC_rank_vol_m3_n6_pairwise1,2011-08-31,Ctrl_fund_age,2.9789412788313303,73,ok,
FAC_rank_vol_m3_n6_pairwise1,2011-09-30,FAC_rank_vol_m3_n6_pairwise1,1.1789881283231853,76,ok,
FAC_rank_vol_m3_n6_pairwise1,2011-09-30,CtrlRetSTR,1.3675933418308404,76,ok,
FAC_rank_vol_m3_n6_pairwise1,2011-09-30,CtrlRetLTM,1.1589164207799743,76,ok,
FAC_rank_vol_m3_n6_pairwise1,2011-09-30,CtrlVol,1.2620862503107524,76,ok,
FAC_rank_vol_m3_n6_pairwise1,2011-09-30,as_偏股混合型基金,1.071735131502155,76,ok,
FAC_rank_vol_m3_n6_pairwise1,2011-09-30,Ctrl_log_fund_size,2.9137540080416353,76,ok,
FAC_rank_vol_m3_n6_pairwise1,2011-09-30,Ctrl_fund_age,3.0997765703638183,76,ok,
FAC_rank_vol_m3_n6_pairwise1,2011-10-31,FAC_rank_vol_m3_n6_pairwise1,1.0690215333390543,75,ok,
FAC_rank_vol_m3_n6_pairwise1,2011-10-31,CtrlRetSTR,1.078398934503881,75,ok,
FAC_rank_vol_m3_n6_pairwise1,2011-10-31,CtrlRetLTM,1.1873029532121557,75,ok,
FAC_rank_vol_m3_n6_pairwise1,2011-10-31,CtrlVol,1.2840357194168506,75,ok,
FAC_rank_vol_m3_n6_pairwise1,2011-10-31,as_偏股混合型基金,1.0790441849394377,75,ok,
FAC_rank_vol_m3_n6_pairwise1,2011-10-31,Ctrl_log_fund_size,2.907993687303795,75,ok,
FAC_rank_vol_m3_n6_pairwise1,2011-10-31,Ctrl_fund_age,3.0450060335463713,75,ok,
FAC_rank_vol_m3_n6_pairwise1,2011-11-30,FAC_rank_vol_m3_n6_pairwise1,1.0543861037991313,77,ok,
FAC_rank_vol_m3_n6_pairwise1,2011-11-30,CtrlRetSTR,1.1066998729795563,77,ok,
FAC_rank_vol_m3_n6_pairwise1,2011-11-30,CtrlRetLTM,1.3634982347538849,77,ok,
FAC_rank_vol_m3_n6_pairwise1,2011-11-30,CtrlVol,1.404195701127784,77,ok,
FAC_rank_vol_m3_n6_pairwise1,2011-11-30,as_偏股混合型基金,1.1648156776096263,77,ok,
FAC_rank_vol_m3_n6_pairwise1,2011-11-30,Ctrl_log_fund_size,2.9597580611613727,77,ok,
FAC_rank_vol_m3_n6_pairwise1,2011-11-30,Ctrl_fund_age,3.0104083514906237,77,ok,
FAC_rank_vol_m3_n6_pairwise1,2011-12-30,FAC_rank_vol_m3_n6_pairwise1,1.0604071379593887,79,ok,
FAC_rank_vol_m3_n6_pairwise1,2011-12-30,CtrlRetSTR,1.3162003667112823,79,ok,
FAC_rank_vol_m3_n6_pairwise1,2011-12-30,CtrlRetLTM,1.2873696462875417,79,ok,
FAC_rank_vol_m3_n6_pairwise1,2011-12-30,CtrlVol,1.6715183109909089,79,ok,
FAC_rank_vol_m3_n6_pairwise1,2011-12-30,as_偏股混合型基金,1.1066464277004295,79,ok,
FAC_rank_vol_m3_n6_pairwise1,2011-12-30,Ctrl_log_fund_size,3.0448163598867235,79,ok,
FAC_rank_vol_m3_n6_pairwise1,2011-12-30,Ctrl_fund_age,2.977510077710584,79,ok,
FAC_rank_vol_m3_n6_pairwise1,2012-01-31,FAC_rank_vol_m3_n6_pairwise1,1.2276637244333959,79,ok,
FAC_rank_vol_m3_n6_pairwise1,2012-01-31,CtrlRetSTR,1.1388405625030098,79,ok,
FAC_rank_vol_m3_n6_pairwise1,2012-01-31,CtrlRetLTM,1.717017311338019,79,ok,
FAC_rank_vol_m3_n6_pairwise1,2012-01-31,CtrlVol,1.768563783571563,79,ok,
FAC_rank_vol_m3_n6_pairwise1,2012-01-31,as_偏股混合型基金,1.118451216287848,79,ok,
FAC_rank_vol_m3_n6_pairwise1,2012-01-31,Ctrl_log_fund_size,3.216579381463487,79,ok,
FAC_rank_vol_m3_n6_pairwise1,2012-01-31,Ctrl_fund_age,3.0349011866005644,79,ok,
FAC_rank_vol_m3_n6_pairwise1,2012-02-29,FAC_rank_vol_m3_n6_pairwise1,1.3185704535516003,84,ok,
FAC_rank_vol_m3_n6_pairwise1,2012-02-29,CtrlRetSTR,1.343033799078148,84,ok,
FAC_rank_vol_m3_n6_pairwise1,2012-02-29,CtrlRetLTM,1.831020255302088,84,ok,
FAC_rank_vol_m3_n6_pairwise1,2012-02-29,CtrlVol,1.998901614664405,84,ok,
FAC_rank_vol_m3_n6_pairwise1,2012-02-29,as_偏股混合型基金,1.0543015648170853,84,ok,
FAC_rank_vol_m3_n6_pairwise1,2012-02-29,Ctrl_log_fund_size,3.273079827665902,84,ok,
FAC_rank_vol_m3_n6_pairwise1,2012-02-29,Ctrl_fund_age,3.308311163341669,84,ok,
FAC_rank_vol_m3_n6_pairwise1,2012-03-30,FAC_rank_vol_m3_n6_pairwise1,1.0972084484408817,81,ok,
FAC_rank_vol_m3_n6_pairwise1,2012-03-30,CtrlRetSTR,1.222312513169823,81,ok,
FAC_rank_vol_m3_n6_pairwise1,2012-03-30,CtrlRetLTM,1.5260984164297613,81,ok,
FAC_rank_vol_m3_n6_pairwise1,2012-03-30,CtrlVol,1.327194386541096,81,ok,
FAC_rank_vol_m3_n6_pairwise1,2012-03-30,as_偏股混合型基金,1.043656351861993,81,ok,
FAC_rank_vol_m3_n6_pairwise1,2012-03-30,Ctrl_log_fund_size,3.1311511910520515,81,ok,
FAC_rank_vol_m3_n6_pairwise1,2012-03-30,Ctrl_fund_age,3.2406864824418076,81,ok,
FAC_rank_vol_m3_n6_pairwise1,2012-04-27,FAC_rank_vol_m3_n6_pairwise1,1.2066578876385008,83,ok,
FAC_rank_vol_m3_n6_pairwise1,2012-04-27,CtrlRetSTR,1.3089630426044927,83,ok,
FAC_rank_vol_m3_n6_pairwise1,2012-04-27,CtrlRetLTM,1.415951155522307,83,ok,
FAC_rank_vol_m3_n6_pairwise1,2012-04-27,CtrlVol,1.399266433859685,83,ok,
FAC_rank_vol_m3_n6_pairwise1,2012-04-27,as_偏股混合型基金,1.1827344992473965,83,ok,
FAC_rank_vol_m3_n6_pairwise1,2012-04-27,Ctrl_log_fund_size,3.239558526926084,83,ok,
FAC_rank_vol_m3_n6_pairwise1,2012-04-27,Ctrl_fund_age,3.351135274168753,83,ok,
FAC_rank_vol_m3_n6_pairwise1,2012-05-31,FAC_rank_vol_m3_n6_pairwise1,1.117149921966154,88,ok,
FAC_rank_vol_m3_n6_pairwise1,2012-05-31,CtrlRetSTR,1.1535283090898287,88,ok,
FAC_rank_vol_m3_n6_pairwise1,2012-05-31,CtrlRetLTM,1.2195089820425395,88,ok,
FAC_rank_vol_m3_n6_pairwise1,2012-05-31,CtrlVol,1.2782651765336983,88,ok,
FAC_rank_vol_m3_n6_pairwise1,2012-05-31,as_偏股混合型基金,1.0920384737736601,88,ok,
FAC_rank_vol_m3_n6_pairwise1,2012-05-31,Ctrl_log_fund_size,3.218821908405605,88,ok,
FAC_rank_vol_m3_n6_pairwise1,2012-05-31,Ctrl_fund_age,3.5316887141677413,88,ok,
FAC_rank_vol_m3_n6_pairwise1,2012-06-29,FAC_rank_vol_m3_n6_pairwise1,1.0581369003899714,89,ok,
FAC_rank_vol_m3_n6_pairwise1,2012-06-29,CtrlRetSTR,1.238315912503817,89,ok,
FAC_rank_vol_m3_n6_pairwise1,2012-06-29,CtrlRetLTM,1.3531147897041402,89,ok,
FAC_rank_vol_m3_n6_pairwise1,2012-06-29,CtrlVol,1.201293370763913,89,ok,
FAC_rank_vol_m3_n6_pairwise1,2012-06-29,as_偏股混合型基金,1.095954299834284,89,ok,
FAC_rank_vol_m3_n6_pairwise1,2012-06-29,Ctrl_log_fund_size,3.195718893387457,89,ok,
FAC_rank_vol_m3_n6_pairwise1,2012-06-29,Ctrl_fund_age,3.3018763275561387,89,ok,
FAC_rank_vol_m3_n6_pairwise1,2012-07-31,FAC_rank_vol_m3_n6_pairwise1,1.1104490582053421,92,ok,
FAC_rank_vol_m3_n6_pairwise1,2012-07-31,CtrlRetSTR,1.5263656915687376,92,ok,
FAC_rank_vol_m3_n6_pairwise1,2012-07-31,CtrlRetLTM,1.5746989710839638,92,ok,
FAC_rank_vol_m3_n6_pairwise1,2012-07-31,CtrlVol,1.3767698765016905,92,ok,
FAC_rank_vol_m3_n6_pairwise1,2012-07-31,as_偏股混合型基金,1.0715827602325951,92,ok,
FAC_rank_vol_m3_n6_pairwise1,2012-07-31,Ctrl_log_fund_size,3.114156217993122,92,ok,
FAC_rank_vol_m3_n6_pairwise1,2012-07-31,Ctrl_fund_age,3.3423405549569307,92,ok,
FAC_rank_vol_m3_n6_pairwise1,2012-08-31,FAC_rank_vol_m3_n6_pairwise1,1.103267605608368,97,ok,
FAC_rank_vol_m3_n6_pairwise1,2012-08-31,CtrlRetSTR,1.052400316481559,97,ok,
FAC_rank_vol_m3_n6_pairwise1,2012-08-31,CtrlRetLTM,1.3698152097966252,97,ok,
FAC_rank_vol_m3_n6_pairwise1,2012-08-31,CtrlVol,1.3555788556494757,97,ok,
FAC_rank_vol_m3_n6_pairwise1,2012-08-31,as_偏股混合型基金,1.1301622234267785,97,ok,
FAC_rank_vol_m3_n6_pairwise1,2012-08-31,Ctrl_log_fund_size,3.179651937406018,97,ok,
FAC_rank_vol_m3_n6_pairwise1,2012-08-31,Ctrl_fund_age,3.490265809765045,97,ok,
FAC_rank_vol_m3_n6_pairwise1,2012-09-28,FAC_rank_vol_m3_n6_pairwise1,1.0809589059946223,104,ok,
FAC_rank_vol_m3_n6_pairwise1,2012-09-28,CtrlRetSTR,1.1214841968525746,104,ok,
FAC_rank_vol_m3_n6_pairwise1,2012-09-28,CtrlRetLTM,1.1805791044658969,104,ok,
FAC_rank_vol_m3_n6_pairwise1,2012-09-28,CtrlVol,1.1753836877539816,104,ok,
FAC_rank_vol_m3_n6_pairwise1,2012-09-28,as_偏股混合型基金,1.1633151542764257,104,ok,
FAC_rank_vol_m3_n6_pairwise1,2012-09-28,Ctrl_log_fund_size,3.1554525497944894,104,ok,
FAC_rank_vol_m3_n6_pairwise1,2012-09-28,Ctrl_fund_age,3.33281664327909,104,ok,
FAC_rank_vol_m3_n6_pairwise1,2012-10-31,FAC_rank_vol_m3_n6_pairwise1,1.0343811358134765,106,ok,
FAC_rank_vol_m3_n6_pairwise1,2012-10-31,CtrlRetSTR,1.2643395405939442,106,ok,
FAC_rank_vol_m3_n6_pairwise1,2012-10-31,CtrlRetLTM,1.394118782014274,106,ok,
FAC_rank_vol_m3_n6_pairwise1,2012-10-31,CtrlVol,1.2534264950136293,106,ok,
FAC_rank_vol_m3_n6_pairwise1,2012-10-31,as_偏股混合型基金,1.1208914613599685,106,ok,
FAC_rank_vol_m3_n6_pairwise1,2012-10-31,Ctrl_log_fund_size,3.2531435384109466,106,ok,
FAC_rank_vol_m3_n6_pairwise1,2012-10-31,Ctrl_fund_age,3.3679821059709294,106,ok,
FAC_rank_vol_m3_n6_pairwise1,2012-11-30,FAC_rank_vol_m3_n6_pairwise1,1.0367152531758905,111,ok,
FAC_rank_vol_m3_n6_pairwise1,2012-11-30,CtrlRetSTR,1.100204979965973,111,ok,
FAC_rank_vol_m3_n6_pairwise1,2012-11-30,CtrlRetLTM,1.2295227609045074,111,ok,
FAC_rank_vol_m3_n6_pairwise1,2012-11-30,CtrlVol,1.1869729477203297,111,ok,
FAC_rank_vol_m3_n6_pairwise1,2012-11-30,as_偏股混合型基金,1.1201017032041198,111,ok,
FAC_rank_vol_m3_n6_pairwise1,2012-11-30,Ctrl_log_fund_size,3.177861971722971,111,ok,
FAC_rank_vol_m3_n6_pairwise1,2012-11-30,Ctrl_fund_age,3.3139413606560635,111,ok,
FAC_rank_vol_m3_n6_pairwise1,2012-12-31,FAC_rank_vol_m3_n6_pairwise1,1.0826539469020335,118,ok,
FAC_rank_vol_m3_n6_pairwise1,2012-12-31,CtrlRetSTR,1.143845609018709,118,ok,
FAC_rank_vol_m3_n6_pairwise1,2012-12-31,CtrlRetLTM,1.192009352788811,118,ok,
FAC_rank_vol_m3_n6_pairwise1,2012-12-31,CtrlVol,1.1694893573011442,118,ok,
FAC_rank_vol_m3_n6_pairwise1,2012-12-31,as_偏股混合型基金,1.0707042209374638,118,ok,
FAC_rank_vol_m3_n6_pairwise1,2012-12-31,Ctrl_log_fund_size,3.1061105930763913,118,ok,
FAC_rank_vol_m3_n6_pairwise1,2012-12-31,Ctrl_fund_age,3.2351760920803367,118,ok,
FAC_rank_vol_m3_n6_pairwise1,2013-01-31,FAC_rank_vol_m3_n6_pairwise1,1.1003176797056171,122,ok,
FAC_rank_vol_m3_n6_pairwise1,2013-01-31,CtrlRetSTR,1.0267925110892666,122,ok,
FAC_rank_vol_m3_n6_pairwise1,2013-01-31,CtrlRetLTM,1.1505297036793816,122,ok,
FAC_rank_vol_m3_n6_pairwise1,2013-01-31,CtrlVol,1.0450833764658747,122,ok,
FAC_rank_vol_m3_n6_pairwise1,2013-01-31,as_偏股混合型基金,1.0269161891845429,122,ok,
FAC_rank_vol_m3_n6_pairwise1,2013-01-31,Ctrl_log_fund_size,3.1256841322035647,122,ok,
FAC_rank_vol_m3_n6_pairwise1,2013-01-31,Ctrl_fund_age,3.432581206677374,122,ok,
FAC_rank_vol_m3_n6_pairwise1,2013-02-28,FAC_rank_vol_m3_n6_pairwise1,1.0609773435906797,120,ok,
FAC_rank_vol_m3_n6_pairwise1,2013-02-28,CtrlRetSTR,1.0742830822026768,120,ok,
FAC_rank_vol_m3_n6_pairwise1,2013-02-28,CtrlRetLTM,1.2213289146686621,120,ok,
FAC_rank_vol_m3_n6_pairwise1,2013-02-28,CtrlVol,1.032880462332834,120,ok,
FAC_rank_vol_m3_n6_pairwise1,2013-02-28,as_偏股混合型基金,1.0575813664493,120,ok,
FAC_rank_vol_m3_n6_pairwise1,2013-02-28,Ctrl_log_fund_size,3.075086832654687,120,ok,
FAC_rank_vol_m3_n6_pairwise1,2013-02-28,Ctrl_fund_age,3.2793168538264403,120,ok,
FAC_rank_vol_m3_n6_pairwise1,2013-03-29,FAC_rank_vol_m3_n6_pairwise1,1.0604501534599358,124,ok,
FAC_rank_vol_m3_n6_pairwise1,2013-03-29,CtrlRetSTR,1.3744804988843589,124,ok,
FAC_rank_vol_m3_n6_pairwise1,2013-03-29,CtrlRetLTM,1.4389277768887652,124,ok,
FAC_rank_vol_m3_n6_pairwise1,2013-03-29,CtrlVol,1.2000904821786647,124,ok,
FAC_rank_vol_m3_n6_pairwise1,2013-03-29,as_偏股混合型基金,1.028662594384738,124,ok,
FAC_rank_vol_m3_n6_pairwise1,2013-03-29,Ctrl_log_fund_size,3.030590258017029,124,ok,
FAC_rank_vol_m3_n6_pairwise1,2013-03-29,Ctrl_fund_age,3.2150639285466096,124,ok,
FAC_rank_vol_m3_n6_pairwise1,2013-04-26,FAC_rank_vol_m3_n6_pairwise1,1.065757643222269,124,ok,
FAC_rank_vol_m3_n6_pairwise1,2013-04-26,CtrlRetSTR,1.1843707981604252,124,ok,
FAC_rank_vol_m3_n6_pairwise1,2013-04-26,CtrlRetLTM,1.419123338394951,124,ok,
FAC_rank_vol_m3_n6_pairwise1,2013-04-26,CtrlVol,1.1792477306556204,124,ok,
FAC_rank_vol_m3_n6_pairwise1,2013-04-26,as_偏股混合型基金,1.0373497705368697,124,ok,
FAC_rank_vol_m3_n6_pairwise1,2013-04-26,Ctrl_log_fund_size,2.879058269007638,124,ok,
FAC_rank_vol_m3_n6_pairwise1,2013-04-26,Ctrl_fund_age,3.1252422087207234,124,ok,
FAC_rank_vol_m3_n6_pairwise1,2013-05-31,FAC_rank_vol_m3_n6_pairwise1,1.1226610069602758,126,ok,
FAC_rank_vol_m3_n6_pairwise1,2013-05-31,CtrlRetSTR,1.275505631744361,126,ok,
FAC_rank_vol_m3_n6_pairwise1,2013-05-31,CtrlRetLTM,1.2855965143847332,126,ok,
FAC_rank_vol_m3_n6_pairwise1,2013-05-31,CtrlVol,1.1781991685408566,126,ok,
FAC_rank_vol_m3_n6_pairwise1,2013-05-31,as_偏股混合型基金,1.057909930176125,126,ok,
FAC_rank_vol_m3_n6_pairwise1,2013-05-31,Ctrl_log_fund_size,2.780969207773696,126,ok,
FAC_rank_vol_m3_n6_pairwise1,2013-05-31,Ctrl_fund_age,2.9981105421963115,126,ok,
FAC_rank_vol_m3_n6_pairwise1,2013-06-28,FAC_rank_vol_m3_n6_pairwise1,1.1752035196840405,125,ok,
FAC_rank_vol_m3_n6_pairwise1,2013-06-28,CtrlRetSTR,1.7663843401320372,125,ok,
FAC_rank_vol_m3_n6_pairwise1,2013-06-28,CtrlRetLTM,1.7470303740611444,125,ok,
FAC_rank_vol_m3_n6_pairwise1,2013-06-28,CtrlVol,1.5472228692613583,125,ok,
FAC_rank_vol_m3_n6_pairwise1,2013-06-28,as_偏股混合型基金,1.014503880828552,125,ok,
FAC_rank_vol_m3_n6_pairwise1,2013-06-28,Ctrl_log_fund_size,2.891430400522848,125,ok,
FAC_rank_vol_m3_n6_pairwise1,2013-06-28,Ctrl_fund_age,2.969216911848555,125,ok,
FAC_rank_vol_m3_n6_pairwise1,2013-07-31,FAC_rank_vol_m3_n6_pairwise1,1.330861766764604,128,ok,
FAC_rank_vol_m3_n6_pairwise1,2013-07-31,CtrlRetSTR,1.1850218957534326,128,ok,
FAC_rank_vol_m3_n6_pairwise1,2013-07-31,CtrlRetLTM,1.372078844180407,128,ok,
FAC_rank_vol_m3_n6_pairwise1,2013-07-31,CtrlVol,1.0473630561930143,128,ok,
FAC_rank_vol_m3_n6_pairwise1,2013-07-31,as_偏股混合型基金,1.3114614165733174,128,ok,
FAC_rank_vol_m3_n6_pairwise1,2013-07-31,Ctrl_log_fund_size,2.870147762389232,128,ok,
FAC_rank_vol_m3_n6_pairwise1,2013-07-31,Ctrl_fund_age,2.8647358584526086,128,ok,
FAC_rank_vol_m3_n6_pairwise1,2013-08-30,FAC_rank_vol_m3_n6_pairwise1,1.113625509874653,133,ok,
FAC_rank_vol_m3_n6_pairwise1,2013-08-30,CtrlRetSTR,1.1471681997781138,133,ok,
FAC_rank_vol_m3_n6_pairwise1,2013-08-30,CtrlRetLTM,1.271794559825589,133,ok,
FAC_rank_vol_m3_n6_pairwise1,2013-08-30,CtrlVol,1.1531021645133346,133,ok,
FAC_rank_vol_m3_n6_pairwise1,2013-08-30,as_偏股混合型基金,1.1147185171212732,133,ok,
FAC_rank_vol_m3_n6_pairwise1,2013-08-30,Ctrl_log_fund_size,2.878300311360916,133,ok,
FAC_rank_vol_m3_n6_pairwise1,2013-08-30,Ctrl_fund_age,2.916069875384725,133,ok,
FAC_rank_vol_m3_n6_pairwise1,2013-09-30,FAC_rank_vol_m3_n6_pairwise1,1.1187665885619233,134,ok,
FAC_rank_vol_m3_n6_pairwise1,2013-09-30,CtrlRetSTR,1.6343869337261359,134,ok,
FAC_rank_vol_m3_n6_pairwise1,2013-09-30,CtrlRetLTM,1.7349226353838492,134,ok,
FAC_rank_vol_m3_n6_pairwise1,2013-09-30,CtrlVol,1.074161421281569,134,ok,
FAC_rank_vol_m3_n6_pairwise1,2013-09-30,as_偏股混合型基金,1.1105678164985875,134,ok,
FAC_rank_vol_m3_n6_pairwise1,2013-09-30,Ctrl_log_fund_size,3.031476002398685,134,ok,
FAC_rank_vol_m3_n6_pairwise1,2013-09-30,Ctrl_fund_age,2.939679399964055,134,ok,
FAC_rank_vol_m3_n6_pairwise1,2013-10-31,FAC_rank_vol_m3_n6_pairwise1,1.102402755295116,138,ok,
FAC_rank_vol_m3_n6_pairwise1,2013-10-31,CtrlRetSTR,1.4703605137092128,138,ok,
FAC_rank_vol_m3_n6_pairwise1,2013-10-31,CtrlRetLTM,1.734655025530033,138,ok,
FAC_rank_vol_m3_n6_pairwise1,2013-10-31,CtrlVol,1.0980532068977895,138,ok,
FAC_rank_vol_m3_n6_pairwise1,2013-10-31,as_偏股混合型基金,1.0879920279720887,138,ok,
FAC_rank_vol_m3_n6_pairwise1,2013-10-31,Ctrl_log_fund_size,3.0980842413371716,138,ok,
FAC_rank_vol_m3_n6_pairwise1,2013-10-31,Ctrl_fund_age,2.8474716255024615,138,ok,
FAC_rank_vol_m3_n6_pairwise1,2013-11-29,FAC_rank_vol_m3_n6_pairwise1,1.1355668062114461,141,ok,
FAC_rank_vol_m3_n6_pairwise1,2013-11-29,CtrlRetSTR,1.2382294923563086,141,ok,
FAC_rank_vol_m3_n6_pairwise1,2013-11-29,CtrlRetLTM,1.746152971872485,141,ok,
FAC_rank_vol_m3_n6_pairwise1,2013-11-29,CtrlVol,1.3185333643427772,141,ok,
FAC_rank_vol_m3_n6_pairwise1,2013-11-29,as_偏股混合型基金,1.0577844498714044,141,ok,
FAC_rank_vol_m3_n6_pairwise1,2013-11-29,Ctrl_log_fund_size,3.108331904697683,141,ok,
FAC_rank_vol_m3_n6_pairwise1,2013-11-29,Ctrl_fund_age,3.0281400761282797,141,ok,
FAC_rank_vol_m3_n6_pairwise1,2013-12-31,FAC_rank_vol_m3_n6_pairwise1,1.0452058663474937,142,ok,
FAC_rank_vol_m3_n6_pairwise1,2013-12-31,CtrlRetSTR,1.193214381088552,142,ok,
FAC_rank_vol_m3_n6_pairwise1,2013-12-31,CtrlRetLTM,1.3095224297919068,142,ok,
FAC_rank_vol_m3_n6_pairwise1,2013-12-31,CtrlVol,1.2134714028540716,142,ok,
FAC_rank_vol_m3_n6_pairwise1,2013-12-31,as_偏股混合型基金,1.0546373099096251,142,ok,
FAC_rank_vol_m3_n6_pairwise1,2013-12-31,Ctrl_log_fund_size,3.107278683407055,142,ok,
FAC_rank_vol_m3_n6_pairwise1,2013-12-31,Ctrl_fund_age,2.9406618553822925,142,ok,
FAC_rank_vol_m3_n6_pairwise1,2014-01-30,FAC_rank_vol_m3_n6_pairwise1,1.1153596841519675,130,ok,
FAC_rank_vol_m3_n6_pairwise1,2014-01-30,CtrlRetSTR,1.611946562563095,130,ok,
FAC_rank_vol_m3_n6_pairwise1,2014-01-30,CtrlRetLTM,1.7426914396028539,130,ok,
FAC_rank_vol_m3_n6_pairwise1,2014-01-30,CtrlVol,1.520933850736494,130,ok,
FAC_rank_vol_m3_n6_pairwise1,2014-01-30,as_偏股混合型基金,1.1475503769926352,130,ok,
FAC_rank_vol_m3_n6_pairwise1,2014-01-30,Ctrl_log_fund_size,2.8158948249464797,130,ok,
FAC_rank_vol_m3_n6_pairwise1,2014-01-30,Ctrl_fund_age,2.7591537654927403,130,ok,
FAC_rank_vol_m3_n6_pairwise1,2014-02-28,FAC_rank_vol_m3_n6_pairwise1,1.096304600640692,130,ok,
FAC_rank_vol_m3_n6_pairwise1,2014-02-28,CtrlRetSTR,1.1041799483716321,130,ok,
FAC_rank_vol_m3_n6_pairwise1,2014-02-28,CtrlRetLTM,1.8789756055255626,130,ok,
FAC_rank_vol_m3_n6_pairwise1,2014-02-28,CtrlVol,1.6428164727271086,130,ok,
FAC_rank_vol_m3_n6_pairwise1,2014-02-28,as_偏股混合型基金,1.1622601910478025,130,ok,
FAC_rank_vol_m3_n6_pairwise1,2014-02-28,Ctrl_log_fund_size,2.8754490079522097,130,ok,
FAC_rank_vol_m3_n6_pairwise1,2014-02-28,Ctrl_fund_age,2.855586585333663,130,ok,
FAC_rank_vol_m3_n6_pairwise1,2014-03-31,FAC_rank_vol_m3_n6_pairwise1,1.2225952631494255,128,ok,
FAC_rank_vol_m3_n6_pairwise1,2014-03-31,CtrlRetSTR,1.3375809936486684,128,ok,
FAC_rank_vol_m3_n6_pairwise1,2014-03-31,CtrlRetLTM,2.1915337766373706,128,ok,
FAC_rank_vol_m3_n6_pairwise1,2014-03-31,CtrlVol,2.0900146484028332,128,ok,
FAC_rank_vol_m3_n6_pairwise1,2014-03-31,as_偏股混合型基金,1.1782314703846237,128,ok,
FAC_rank_vol_m3_n6_pairwise1,2014-03-31,Ctrl_log_fund_size,3.1756472783661778,128,ok,
FAC_rank_vol_m3_n6_pairwise1,2014-03-31,Ctrl_fund_age,3.0153986899711205,128,ok,
FAC_rank_vol_m3_n6_pairwise1,2014-04-30,FAC_rank_vol_m3_n6_pairwise1,1.1969855487633387,127,ok,
FAC_rank_vol_m3_n6_pairwise1,2014-04-30,CtrlRetSTR,1.2693750534578123,127,ok,
FAC_rank_vol_m3_n6_pairwise1,2014-04-30,CtrlRetLTM,2.0584217942327596,127,ok,
FAC_rank_vol_m3_n6_pairwise1,2014-04-30,CtrlVol,1.941361006492216,127,ok,
FAC_rank_vol_m3_n6_pairwise1,2014-04-30,as_偏股混合型基金,1.166076764512854,127,ok,
FAC_rank_vol_m3_n6_pairwise1,2014-04-30,Ctrl_log_fund_size,2.993518479051691,127,ok,
FAC_rank_vol_m3_n6_pairwise1,2014-04-30,Ctrl_fund_age,2.921345712440438,127,ok,
FAC_rank_vol_m3_n6_pairwise1,2014-05-30,FAC_rank_vol_m3_n6_pairwise1,1.0331194770170464,130,ok,
FAC_rank_vol_m3_n6_pairwise1,2014-05-30,CtrlRetSTR,1.2619736537568564,130,ok,
FAC_rank_vol_m3_n6_pairwise1,2014-05-30,CtrlRetLTM,1.7240344342542857,130,ok,
FAC_rank_vol_m3_n6_pairwise1,2014-05-30,CtrlVol,1.4241344022153197,130,ok,
FAC_rank_vol_m3_n6_pairwise1,2014-05-30,as_偏股混合型基金,1.091669658919843,130,ok,
FAC_rank_vol_m3_n6_pairwise1,2014-05-30,Ctrl_log_fund_size,3.053189330185424,130,ok,
FAC_rank_vol_m3_n6_pairwise1,2014-05-30,Ctrl_fund_age,2.949025109511205,130,ok,
FAC_rank_vol_m3_n6_pairwise1,2014-06-30,FAC_rank_vol_m3_n6_pairwise1,1.0204059212802032,125,ok,
FAC_rank_vol_m3_n6_pairwise1,2014-06-30,CtrlRetSTR,1.2776439241444446,125,ok,
FAC_rank_vol_m3_n6_pairwise1,2014-06-30,CtrlRetLTM,1.7502721651546582,125,ok,
FAC_rank_vol_m3_n6_pairwise1,2014-06-30,CtrlVol,1.431633120168882,125,ok,
FAC_rank_vol_m3_n6_pairwise1,2014-06-30,as_偏股混合型基金,1.0900775526617454,125,ok,
FAC_rank_vol_m3_n6_pairwise1,2014-06-30,Ctrl_log_fund_size,2.717255825180875,125,ok,
FAC_rank_vol_m3_n6_pairwise1,2014-06-30,Ctrl_fund_age,2.7126009464254377,125,ok,
FAC_rank_vol_m3_n6_pairwise1,2014-07-31,FAC_rank_vol_m3_n6_pairwise1,1.2341633978623785,123,ok,
FAC_rank_vol_m3_n6_pairwise1,2014-07-31,CtrlRetSTR,1.3801443614454654,123,ok,
FAC_rank_vol_m3_n6_pairwise1,2014-07-31,CtrlRetLTM,1.2835293726943013,123,ok,
FAC_rank_vol_m3_n6_pairwise1,2014-07-31,CtrlVol,1.6345617715306802,123,ok,
FAC_rank_vol_m3_n6_pairwise1,2014-07-31,as_偏股混合型基金,1.0651939617567014,123,ok,
FAC_rank_vol_m3_n6_pairwise1,2014-07-31,Ctrl_log_fund_size,2.5933151943601924,123,ok,
FAC_rank_vol_m3_n6_pairwise1,2014-07-31,Ctrl_fund_age,2.598019745608389,123,ok,
FAC_rank_vol_m3_n6_pairwise1,2014-08-29,FAC_rank_vol_m3_n6_pairwise1,1.2773121633151674,123,ok,
FAC_rank_vol_m3_n6_pairwise1,2014-08-29,CtrlRetSTR,1.1567912588401141,123,ok,
FAC_rank_vol_m3_n6_pairwise1,2014-08-29,CtrlRetLTM,1.3544919815192347,123,ok,
FAC_rank_vol_m3_n6_pairwise1,2014-08-29,CtrlVol,1.3203553707401965,123,ok,
FAC_rank_vol_m3_n6_pairwise1,2014-08-29,as_偏股混合型基金,1.069928330659796,123,ok,
FAC_rank_vol_m3_n6_pairwise1,2014-08-29,Ctrl_log_fund_size,2.63741769881503,123,ok,
FAC_rank_vol_m3_n6_pairwise1,2014-08-29,Ctrl_fund_age,2.636159326701041,123,ok,
FAC_rank_vol_m3_n6_pairwise1,2014-09-30,FAC_rank_vol_m3_n6_pairwise1,1.1045085279509814,122,ok,
FAC_rank_vol_m3_n6_pairwise1,2014-09-30,CtrlRetSTR,1.65779134132776,122,ok,
FAC_rank_vol_m3_n6_pairwise1,2014-09-30,CtrlRetLTM,1.6660754125059873,122,ok,
FAC_rank_vol_m3_n6_pairwise1,2014-09-30,CtrlVol,1.3802063919674876,122,ok,
FAC_rank_vol_m3_n6_pairwise1,2014-09-30,as_偏股混合型基金,1.1251927617552633,122,ok,
FAC_rank_vol_m3_n6_pairwise1,2014-09-30,Ctrl_log_fund_size,2.6110875859761125,122,ok,
FAC_rank_vol_m3_n6_pairwise1,2014-09-30,Ctrl_fund_age,2.6659858010217614,122,ok,
FAC_rank_vol_m3_n6_pairwise1,2014-10-31,FAC_rank_vol_m3_n6_pairwise1,1.1539222593213947,123,ok,
FAC_rank_vol_m3_n6_pairwise1,2014-10-31,CtrlRetSTR,1.2714607587156606,123,ok,
FAC_rank_vol_m3_n6_pairwise1,2014-10-31,CtrlRetLTM,1.6780386569624148,123,ok,
FAC_rank_vol_m3_n6_pairwise1,2014-10-31,CtrlVol,1.5719329963314899,123,ok,
FAC_rank_vol_m3_n6_pairwise1,2014-10-31,as_偏股混合型基金,1.081722932965193,123,ok,
FAC_rank_vol_m3_n6_pairwise1,2014-10-31,Ctrl_log_fund_size,2.6460517925541147,123,ok,
FAC_rank_vol_m3_n6_pairwise1,2014-10-31,Ctrl_fund_age,2.9756664301032734,123,ok,
FAC_rank_vol_m3_n6_pairwise1,2014-11-28,FAC_rank_vol_m3_n6_pairwise1,1.1903277467038111,125,ok,
FAC_rank_vol_m3_n6_pairwise1,2014-11-28,CtrlRetSTR,1.1218498076093106,125,ok,
FAC_rank_vol_m3_n6_pairwise1,2014-11-28,CtrlRetLTM,1.39657601190178,125,ok,
FAC_rank_vol_m3_n6_pairwise1,2014-11-28,CtrlVol,1.280083297544655,125,ok,
FAC_rank_vol_m3_n6_pairwise1,2014-11-28,as_偏股混合型基金,1.0742891616360952,125,ok,
FAC_rank_vol_m3_n6_pairwise1,2014-11-28,Ctrl_log_fund_size,2.789453217177436,125,ok,
FAC_rank_vol_m3_n6_pairwise1,2014-11-28,Ctrl_fund_age,3.0673411522613336,125,ok,
FAC_rank_vol_m3_n6_pairwise1,2014-12-31,FAC_rank_vol_m3_n6_pairwise1,1.2557901022018472,116,ok,
FAC_rank_vol_m3_n6_pairwise1,2014-12-31,CtrlRetSTR,1.1249958138785359,116,ok,
FAC_rank_vol_m3_n6_pairwise1,2014-12-31,CtrlRetLTM,1.4354310477794374,116,ok,
FAC_rank_vol_m3_n6_pairwise1,2014-12-31,CtrlVol,1.6435401168292387,116,ok,
FAC_rank_vol_m3_n6_pairwise1,2014-12-31,as_偏股混合型基金,1.0442673005379726,116,ok,
FAC_rank_vol_m3_n6_pairwise1,2014-12-31,Ctrl_log_fund_size,2.9070511055629376,116,ok,
FAC_rank_vol_m3_n6_pairwise1,2014-12-31,Ctrl_fund_age,2.9043373158475103,116,ok,
FAC_rank_vol_m3_n6_pairwise1,2015-01-30,FAC_rank_vol_m3_n6_pairwise1,1.385604321110997,111,ok,
FAC_rank_vol_m3_n6_pairwise1,2015-01-30,CtrlRetSTR,1.5315903196650518,111,ok,
FAC_rank_vol_m3_n6_pairwise1,2015-01-30,CtrlRetLTM,1.4441882206953178,111,ok,
FAC_rank_vol_m3_n6_pairwise1,2015-01-30,CtrlVol,1.4585652780476686,111,ok,
FAC_rank_vol_m3_n6_pairwise1,2015-01-30,as_偏股混合型基金,1.0833687954252256,111,ok,
FAC_rank_vol_m3_n6_pairwise1,2015-01-30,Ctrl_log_fund_size,2.9344609472811167,111,ok,
FAC_rank_vol_m3_n6_pairwise1,2015-01-30,Ctrl_fund_age,2.8285946198204908,111,ok,
FAC_rank_vol_m3_n6_pairwise1,2015-02-27,FAC_rank_vol_m3_n6_pairwise1,1.270993573060722,120,ok,
FAC_rank_vol_m3_n6_pairwise1,2015-02-27,CtrlRetSTR,1.5624957957780339,120,ok,
FAC_rank_vol_m3_n6_pairwise1,2015-02-27,CtrlRetLTM,1.259954790273183,120,ok,
FAC_rank_vol_m3_n6_pairwise1,2015-02-27,CtrlVol,1.1583594008671227,120,ok,
FAC_rank_vol_m3_n6_pairwise1,2015-02-27,as_偏股混合型基金,1.0434359656830916,120,ok,
FAC_rank_vol_m3_n6_pairwise1,2015-02-27,Ctrl_log_fund_size,2.4231071866475338,120,ok,
FAC_rank_vol_m3_n6_pairwise1,2015-02-27,Ctrl_fund_age,2.4772701726542024,120,ok,
FAC_rank_vol_m3_n6_pairwise1,2015-03-31,FAC_rank_vol_m3_n6_pairwise1,1.0784533799775609,117,ok,
FAC_rank_vol_m3_n6_pairwise1,2015-03-31,CtrlRetSTR,1.094115974577661,117,ok,
FAC_rank_vol_m3_n6_pairwise1,2015-03-31,CtrlRetLTM,1.198538794794499,117,ok,
FAC_rank_vol_m3_n6_pairwise1,2015-03-31,CtrlVol,1.3386846768742056,117,ok,
FAC_rank_vol_m3_n6_pairwise1,2015-03-31,as_偏股混合型基金,1.0483374828525946,117,ok,
FAC_rank_vol_m3_n6_pairwise1,2015-03-31,Ctrl_log_fund_size,2.1706896245492433,117,ok,
FAC_rank_vol_m3_n6_pairwise1,2015-03-31,Ctrl_fund_age,2.178042316783127,117,ok,
FAC_rank_vol_m3_n6_pairwise1,2015-04-30,FAC_rank_vol_m3_n6_pairwise1,1.0426970803394113,110,ok,
FAC_rank_vol_m3_n6_pairwise1,2015-04-30,CtrlRetSTR,1.147927975566006,110,ok,
FAC_rank_vol_m3_n6_pairwise1,2015-04-30,CtrlRetLTM,1.4749466870853418,110,ok,
FAC_rank_vol_m3_n6_pairwise1,2015-04-30,CtrlVol,1.5983295030952922,110,ok,
FAC_rank_vol_m3_n6_pairwise1,2015-04-30,as_偏股混合型基金,1.0375033440864123,110,ok,
FAC_rank_vol_m3_n6_pairwise1,2015-04-30,Ctrl_log_fund_size,2.132954848329131,110,ok,
FAC_rank_vol_m3_n6_pairwise1,2015-04-30,Ctrl_fund_age,2.2101202108784497,110,ok,
FAC_rank_vol_m3_n6_pairwise1,2015-05-29,FAC_rank_vol_m3_n6_pairwise1,1.1955128549172147,100,ok,
FAC_rank_vol_m3_n6_pairwise1,2015-05-29,CtrlRetSTR,1.2760019214339486,100,ok,
FAC_rank_vol_m3_n6_pairwise1,2015-05-29,CtrlRetLTM,1.5157510295155525,100,ok,
FAC_rank_vol_m3_n6_pairwise1,2015-05-29,CtrlVol,1.8153438424925286,100,ok,
FAC_rank_vol_m3_n6_pairwise1,2015-05-29,as_偏股混合型基金,1.0770363474531042,100,ok,
FAC_rank_vol_m3_n6_pairwise1,2015-05-29,Ctrl_log_fund_size,2.4800403408760263,100,ok,
FAC_rank_vol_m3_n6_pairwise1,2015-05-29,Ctrl_fund_age,2.5272151937295932,100,ok,
FAC_rank_vol_m3_n6_pairwise1,2015-06-30,FAC_rank_vol_m3_n6_pairwise1,1.4282559930708099,85,ok,
FAC_rank_vol_m3_n6_pairwise1,2015-06-30,CtrlRetSTR,2.651206297931642,85,ok,
FAC_rank_vol_m3_n6_pairwise1,2015-06-30,CtrlRetLTM,1.960375193482453,85,ok,
FAC_rank_vol_m3_n6_pairwise1,2015-06-30,CtrlVol,3.4961792982690008,85,ok,
FAC_rank_vol_m3_n6_pairwise1,2015-06-30,as_偏股混合型基金,1.1992433197234211,85,ok,
FAC_rank_vol_m3_n6_pairwise1,2015-06-30,Ctrl_log_fund_size,2.36563620906113,85,ok,
FAC_rank_vol_m3_n6_pairwise1,2015-06-30,Ctrl_fund_age,2.5194461222223623,85,ok,
FAC_rank_vol_m3_n6_pairwise1,2015-07-31,FAC_rank_vol_m3_n6_pairwise1,1.10342134920699,82,ok,
FAC_rank_vol_m3_n6_pairwise1,2015-07-31,CtrlRetSTR,2.21208090937936,82,ok,
FAC_rank_vol_m3_n6_pairwise1,2015-07-31,CtrlRetLTM,1.862300249773635,82,ok,
FAC_rank_vol_m3_n6_pairwise1,2015-07-31,CtrlVol,1.8351766318359013,82,ok,
FAC_rank_vol_m3_n6_pairwise1,2015-07-31,as_偏股混合型基金,1.0674286278381728,82,ok,
FAC_rank_vol_m3_n6_pairwise1,2015-07-31,Ctrl_log_fund_size,2.575428099150759,82,ok,
FAC_rank_vol_m3_n6_pairwise1,2015-07-31,Ctrl_fund_age,2.3904811707366047,82,ok,
FAC_rank_vol_m3_n6_pairwise1,2015-08-31,FAC_rank_vol_m3_n6_pairwise1,1.11552160034124,88,ok,
FAC_rank_vol_m3_n6_pairwise1,2015-08-31,CtrlRetSTR,1.9134275658111426,88,ok,
FAC_rank_vol_m3_n6_pairwise1,2015-08-31,CtrlRetLTM,1.185522020825857,88,ok,
FAC_rank_vol_m3_n6_pairwise1,2015-08-31,CtrlVol,2.0560619184984166,88,ok,
FAC_rank_vol_m3_n6_pairwise1,2015-08-31,as_偏股混合型基金,1.0685283343488388,88,ok,
FAC_rank_vol_m3_n6_pairwise1,2015-08-31,Ctrl_log_fund_size,2.5493057899923075,88,ok,
FAC_rank_vol_m3_n6_pairwise1,2015-08-31,Ctrl_fund_age,2.449141266198383,88,ok,
FAC_rank_vol_m3_n6_pairwise1,2015-09-30,FAC_rank_vol_m3_n6_pairwise1,1.111654919994776,82,ok,
FAC_rank_vol_m3_n6_pairwise1,2015-09-30,CtrlRetSTR,1.4337144440726433,82,ok,
FAC_rank_vol_m3_n6_pairwise1,2015-09-30,CtrlRetLTM,1.4086609136322985,82,ok,
FAC_rank_vol_m3_n6_pairwise1,2015-09-30,CtrlVol,1.2585155240077242,82,ok,
FAC_rank_vol_m3_n6_pairwise1,2015-09-30,as_偏股混合型基金,1.0815345781738446,82,ok,
FAC_rank_vol_m3_n6_pairwise1,2015-09-30,Ctrl_log_fund_size,2.3089771644653547,82,ok,
FAC_rank_vol_m3_n6_pairwise1,2015-09-30,Ctrl_fund_age,2.332171542675335,82,ok,
FAC_rank_vol_m3_n6_pairwise1,2015-10-30,FAC_rank_vol_m3_n6_pairwise1,1.0334173875722337,83,ok,
FAC_rank_vol_m3_n6_pairwise1,2015-10-30,CtrlRetSTR,1.409010640482751,83,ok,
FAC_rank_vol_m3_n6_pairwise1,2015-10-30,CtrlRetLTM,1.2796842646810769,83,ok,
FAC_rank_vol_m3_n6_pairwise1,2015-10-30,CtrlVol,1.4946467739661347,83,ok,
FAC_rank_vol_m3_n6_pairwise1,2015-10-30,as_偏股混合型基金,1.0654151250930444,83,ok,
FAC_rank_vol_m3_n6_pairwise1,2015-10-30,Ctrl_log_fund_size,2.128476267807124,83,ok,
FAC_rank_vol_m3_n6_pairwise1,2015-10-30,Ctrl_fund_age,2.149817328652163,83,ok,
FAC_rank_vol_m3_n6_pairwise1,2015-11-30,FAC_rank_vol_m3_n6_pairwise1,1.0848197548180285,87,ok,
FAC_rank_vol_m3_n6_pairwise1,2015-11-30,CtrlRetSTR,1.9125143648331577,87,ok,
FAC_rank_vol_m3_n6_pairwise1,2015-11-30,CtrlRetLTM,1.2623529016184545,87,ok,
FAC_rank_vol_m3_n6_pairwise1,2015-11-30,CtrlVol,1.8186691648990372,87,ok,
FAC_rank_vol_m3_n6_pairwise1,2015-11-30,as_偏股混合型基金,1.111962627218372,87,ok,
FAC_rank_vol_m3_n6_pairwise1,2015-11-30,Ctrl_log_fund_size,2.060069194195994,87,ok,
FAC_rank_vol_m3_n6_pairwise1,2015-11-30,Ctrl_fund_age,2.033219933057977,87,ok,
FAC_rank_vol_m3_n6_pairwise1,2015-12-31,FAC_rank_vol_m3_n6_pairwise1,1.13842289861794,90,ok,
FAC_rank_vol_m3_n6_pairwise1,2015-12-31,CtrlRetSTR,1.11510104532717,90,ok,
FAC_rank_vol_m3_n6_pairwise1,2015-12-31,CtrlRetLTM,2.0206908647049806,90,ok,
FAC_rank_vol_m3_n6_pairwise1,2015-12-31,CtrlVol,1.6559143820325575,90,ok,
FAC_rank_vol_m3_n6_pairwise1,2015-12-31,as_偏股混合型基金,1.119899228613701,90,ok,
FAC_rank_vol_m3_n6_pairwise1,2015-12-31,Ctrl_log_fund_size,1.9706852378858353,90,ok,
FAC_rank_vol_m3_n6_pairwise1,2015-12-31,Ctrl_fund_age,1.9845250564649373,90,ok,
FAC_rank_vol_m3_n6_pairwise1,2016-01-29,FAC_rank_vol_m3_n6_pairwise1,1.1788805451162228,90,ok,
FAC_rank_vol_m3_n6_pairwise1,2016-01-29,CtrlRetSTR,2.0899486563430028,90,ok,
FAC_rank_vol_m3_n6_pairwise1,2016-01-29,CtrlRetLTM,1.7588133332349676,90,ok,
FAC_rank_vol_m3_n6_pairwise1,2016-01-29,CtrlVol,2.5393939135617853,90,ok,
FAC_rank_vol_m3_n6_pairwise1,2016-01-29,as_偏股混合型基金,1.1008998264170136,90,ok,
FAC_rank_vol_m3_n6_pairwise1,2016-01-29,Ctrl_log_fund_size,1.7670381827082795,90,ok,
FAC_rank_vol_m3_n6_pairwise1,2016-01-29,Ctrl_fund_age,1.9530885339945332,90,ok,
FAC_rank_vol_m3_n6_pairwise1,2016-02-29,FAC_rank_vol_m3_n6_pairwise1,1.1027202797462077,93,ok,
FAC_rank_vol_m3_n6_pairwise1,2016-02-29,CtrlRetSTR,1.5958526941290778,93,ok,
FAC_rank_vol_m3_n6_pairwise1,2016-02-29,CtrlRetLTM,1.2338303088852514,93,ok,
FAC_rank_vol_m3_n6_pairwise1,2016-02-29,CtrlVol,1.5215232810769204,93,ok,
FAC_rank_vol_m3_n6_pairwise1,2016-02-29,as_偏股混合型基金,1.0670744975472017,93,ok,
FAC_rank_vol_m3_n6_pairwise1,2016-02-29,Ctrl_log_fund_size,1.7601152465189935,93,ok,
FAC_rank_vol_m3_n6_pairwise1,2016-02-29,Ctrl_fund_age,1.8753431675352208,93,ok,
FAC_rank_vol_m3_n6_pairwise1,2016-03-31,FAC_rank_vol_m3_n6_pairwise1,1.0432799751974886,95,ok,
FAC_rank_vol_m3_n6_pairwise1,2016-03-31,CtrlRetSTR,1.3237474706775298,95,ok,
FAC_rank_vol_m3_n6_pairwise1,2016-03-31,CtrlRetLTM,1.3684818960510357,95,ok,
FAC_rank_vol_m3_n6_pairwise1,2016-03-31,CtrlVol,1.5959325373930466,95,ok,
FAC_rank_vol_m3_n6_pairwise1,2016-03-31,as_偏股混合型基金,1.0959445688309517,95,ok,
FAC_rank_vol_m3_n6_pairwise1,2016-03-31,Ctrl_log_fund_size,1.6346183662091678,95,ok,
FAC_rank_vol_m3_n6_pairwise1,2016-03-31,Ctrl_fund_age,1.8853493109930117,95,ok,
FAC_rank_vol_m3_n6_pairwise1,2016-04-29,FAC_rank_vol_m3_n6_pairwise1,1.0540123922241935,94,ok,
FAC_rank_vol_m3_n6_pairwise1,2016-04-29,CtrlRetSTR,1.2773426397188652,94,ok,
FAC_rank_vol_m3_n6_pairwise1,2016-04-29,CtrlRetLTM,1.3714527797197038,94,ok,
FAC_rank_vol_m3_n6_pairwise1,2016-04-29,CtrlVol,1.5608266243955542,94,ok,
FAC_rank_vol_m3_n6_pairwise1,2016-04-29,as_偏股混合型基金,1.162062643930136,94,ok,
FAC_rank_vol_m3_n6_pairwise1,2016-04-29,Ctrl_log_fund_size,1.713901075467723,94,ok,
FAC_rank_vol_m3_n6_pairwise1,2016-04-29,Ctrl_fund_age,1.9837436943833024,94,ok,
FAC_rank_vol_m3_n6_pairwise1,2016-05-31,FAC_rank_vol_m3_n6_pairwise1,1.007971454196468,99,ok,
FAC_rank_vol_m3_n6_pairwise1,2016-05-31,CtrlRetSTR,1.1118264687881358,99,ok,
FAC_rank_vol_m3_n6_pairwise1,2016-05-31,CtrlRetLTM,2.053690326309765,99,ok,
FAC_rank_vol_m3_n6_pairwise1,2016-05-31,CtrlVol,2.050167158733039,99,ok,
FAC_rank_vol_m3_n6_pairwise1,2016-05-31,as_偏股混合型基金,1.3164518586587133,99,ok,
FAC_rank_vol_m3_n6_pairwise1,2016-05-31,Ctrl_log_fund_size,1.8234577534688292,99,ok,
FAC_rank_vol_m3_n6_pairwise1,2016-05-31,Ctrl_fund_age,2.126176812066839,99,ok,
FAC_rank_vol_m3_n6_pairwise1,2016-06-30,FAC_rank_vol_m3_n6_pairwise1,1.2218461902154438,103,ok,
FAC_rank_vol_m3_n6_pairwise1,2016-06-30,CtrlRetSTR,1.3403948380514228,103,ok,
FAC_rank_vol_m3_n6_pairwise1,2016-06-30,CtrlRetLTM,1.431183947062997,103,ok,
FAC_rank_vol_m3_n6_pairwise1,2016-06-30,CtrlVol,1.7772926938322984,103,ok,
FAC_rank_vol_m3_n6_pairwise1,2016-06-30,as_偏股混合型基金,1.4079317038308388,103,ok,
FAC_rank_vol_m3_n6_pairwise1,2016-06-30,Ctrl_log_fund_size,1.79396504120325,103,ok,
FAC_rank_vol_m3_n6_pairwise1,2016-06-30,Ctrl_fund_age,2.050272374819155,103,ok,
FAC_rank_vol_m3_n6_pairwise1,2016-07-29,FAC_rank_vol_m3_n6_pairwise1,1.0613833370563757,104,ok,
FAC_rank_vol_m3_n6_pairwise1,2016-07-29,CtrlRetSTR,1.6902637210916371,104,ok,
FAC_rank_vol_m3_n6_pairwise1,2016-07-29,CtrlRetLTM,1.1856298994878678,104,ok,
FAC_rank_vol_m3_n6_pairwise1,2016-07-29,CtrlVol,1.7149616480789678,104,ok,
FAC_rank_vol_m3_n6_pairwise1,2016-07-29,as_偏股混合型基金,1.3333966752990642,104,ok,
FAC_rank_vol_m3_n6_pairwise1,2016-07-29,Ctrl_log_fund_size,1.8234799224559173,104,ok,
FAC_rank_vol_m3_n6_pairwise1,2016-07-29,Ctrl_fund_age,2.030823725367642,104,ok,
FAC_rank_vol_m3_n6_pairwise1,2016-08-31,FAC_rank_vol_m3_n6_pairwise1,1.0835300816990774,117,ok,
FAC_rank_vol_m3_n6_pairwise1,2016-08-31,CtrlRetSTR,1.114234365371196,117,ok,
FAC_rank_vol_m3_n6_pairwise1,2016-08-31,CtrlRetLTM,1.0881216682706851,117,ok,
FAC_rank_vol_m3_n6_pairwise1,2016-08-31,CtrlVol,1.0950567652913175,117,ok,
FAC_rank_vol_m3_n6_pairwise1,2016-08-31,as_偏股混合型基金,1.3752307085607733,117,ok,
FAC_rank_vol_m3_n6_pairwise1,2016-08-31,Ctrl_log_fund_size,1.896107565491679,117,ok,
FAC_rank_vol_m3_n6_pairwise1,2016-08-31,Ctrl_fund_age,2.0754681122267336,117,ok,
FAC_rank_vol_m3_n6_pairwise1,2016-09-30,FAC_rank_vol_m3_n6_pairwise1,1.0633559945903677,125,ok,
FAC_rank_vol_m3_n6_pairwise1,2016-09-30,CtrlRetSTR,1.1330226207108325,125,ok,
FAC_rank_vol_m3_n6_pairwise1,2016-09-30,CtrlRetLTM,1.0405814642262183,125,ok,
FAC_rank_vol_m3_n6_pairwise1,2016-09-30,CtrlVol,1.1298604545351092,125,ok,
FAC_rank_vol_m3_n6_pairwise1,2016-09-30,as_偏股混合型基金,1.3833296801512438,125,ok,
FAC_rank_vol_m3_n6_pairwise1,2016-09-30,Ctrl_log_fund_size,2.1334087890190494,125,ok,
FAC_rank_vol_m3_n6_pairwise1,2016-09-30,Ctrl_fund_age,2.3101609232059586,125,ok,
FAC_rank_vol_m3_n6_pairwise1,2016-10-31,FAC_rank_vol_m3_n6_pairwise1,1.0447975971370491,138,ok,
FAC_rank_vol_m3_n6_pairwise1,2016-10-31,CtrlRetSTR,1.0753951415343654,138,ok,
FAC_rank_vol_m3_n6_pairwise1,2016-10-31,CtrlRetLTM,1.3698089945823744,138,ok,
FAC_rank_vol_m3_n6_pairwise1,2016-10-31,CtrlVol,1.3121165889578983,138,ok,
FAC_rank_vol_m3_n6_pairwise1,2016-10-31,as_偏股混合型基金,1.4613676013606136,138,ok,
FAC_rank_vol_m3_n6_pairwise1,2016-10-31,Ctrl_log_fund_size,2.2883020162610292,138,ok,
FAC_rank_vol_m3_n6_pairwise1,2016-10-31,Ctrl_fund_age,2.505477395823971,138,ok,
FAC_rank_vol_m3_n6_pairwise1,2016-11-30,FAC_rank_vol_m3_n6_pairwise1,1.0986386721189727,151,ok,
FAC_rank_vol_m3_n6_pairwise1,2016-11-30,CtrlRetSTR,1.2735562409793348,151,ok,
FAC_rank_vol_m3_n6_pairwise1,2016-11-30,CtrlRetLTM,1.597392713156138,151,ok,
FAC_rank_vol_m3_n6_pairwise1,2016-11-30,CtrlVol,1.4672127091782716,151,ok,
FAC_rank_vol_m3_n6_pairwise1,2016-11-30,as_偏股混合型基金,1.675681009322668,151,ok,
FAC_rank_vol_m3_n6_pairwise1,2016-11-30,Ctrl_log_fund_size,2.510234075203274,151,ok,
FAC_rank_vol_m3_n6_pairwise1,2016-11-30,Ctrl_fund_age,2.8437292376816568,151,ok,
FAC_rank_vol_m3_n6_pairwise1,2016-12-30,FAC_rank_vol_m3_n6_pairwise1,1.0157365685348643,173,ok,
FAC_rank_vol_m3_n6_pairwise1,2016-12-30,CtrlRetSTR,1.2475312669775194,173,ok,
FAC_rank_vol_m3_n6_pairwise1,2016-12-30,CtrlRetLTM,1.6255146897482637,173,ok,
FAC_rank_vol_m3_n6_pairwise1,2016-12-30,CtrlVol,1.5155475111303864,173,ok,
FAC_rank_vol_m3_n6_pairwise1,2016-12-30,as_偏股混合型基金,1.7260160386680823,173,ok,
FAC_rank_vol_m3_n6_pairwise1,2016-12-30,Ctrl_log_fund_size,2.7956184646905493,173,ok,
FAC_rank_vol_m3_n6_pairwise1,2016-12-30,Ctrl_fund_age,3.0951346760463507,173,ok,
FAC_rank_vol_m3_n6_pairwise1,2017-01-26,FAC_rank_vol_m3_n6_pairwise1,1.0215539971246212,193,ok,
FAC_rank_vol_m3_n6_pairwise1,2017-01-26,CtrlRetSTR,1.2291706005527974,193,ok,
FAC_rank_vol_m3_n6_pairwise1,2017-01-26,CtrlRetLTM,1.127947618460918,193,ok,
FAC_rank_vol_m3_n6_pairwise1,2017-01-26,CtrlVol,1.1649131972842774,193,ok,
FAC_rank_vol_m3_n6_pairwise1,2017-01-26,as_偏股混合型基金,1.6562314347615743,193,ok,
FAC_rank_vol_m3_n6_pairwise1,2017-01-26,Ctrl_log_fund_size,2.5979278032147723,193,ok,
FAC_rank_vol_m3_n6_pairwise1,2017-01-26,Ctrl_fund_age,2.8019258570270553,193,ok,
FAC_rank_vol_m3_n6_pairwise1,2017-02-28,FAC_rank_vol_m3_n6_pairwise1,1.0295322757348395,219,ok,
FAC_rank_vol_m3_n6_pairwise1,2017-02-28,CtrlRetSTR,1.1246214138917674,219,ok,
FAC_rank_vol_m3_n6_pairwise1,2017-02-28,CtrlRetLTM,1.2130474289952735,219,ok,
FAC_rank_vol_m3_n6_pairwise1,2017-02-28,CtrlVol,1.026357696390853,219,ok,
FAC_rank_vol_m3_n6_pairwise1,2017-02-28,as_偏股混合型基金,1.655965668598037,219,ok,
FAC_rank_vol_m3_n6_pairwise1,2017-02-28,Ctrl_log_fund_size,2.755045415830392,219,ok,
FAC_rank_vol_m3_n6_pairwise1,2017-02-28,Ctrl_fund_age,2.9996154596882882,219,ok,
FAC_rank_vol_m3_n6_pairwise1,2017-03-31,FAC_rank_vol_m3_n6_pairwise1,1.0872856509339712,221,ok,
FAC_rank_vol_m3_n6_pairwise1,2017-03-31,CtrlRetSTR,1.1067203005689041,221,ok,
FAC_rank_vol_m3_n6_pairwise1,2017-03-31,CtrlRetLTM,1.2532587832784008,221,ok,
FAC_rank_vol_m3_n6_pairwise1,2017-03-31,CtrlVol,1.1984430427821433,221,ok,
FAC_rank_vol_m3_n6_pairwise1,2017-03-31,as_偏股混合型基金,1.6827996534940464,221,ok,
FAC_rank_vol_m3_n6_pairwise1,2017-03-31,Ctrl_log_fund_size,3.053831669809677,221,ok,
FAC_rank_vol_m3_n6_pairwise1,2017-03-31,Ctrl_fund_age,3.3743158520040066,221,ok,
FAC_rank_vol_m3_n6_pairwise1,2017-04-28,FAC_rank_vol_m3_n6_pairwise1,1.108741050473423,229,ok,
FAC_rank_vol_m3_n6_pairwise1,2017-04-28,CtrlRetSTR,1.2203870532886438,229,ok,
FAC_rank_vol_m3_n6_pairwise1,2017-04-28,CtrlRetLTM,1.364683969054469,229,ok,
FAC_rank_vol_m3_n6_pairwise1,2017-04-28,CtrlVol,1.1896664617405142,229,ok,
FAC_rank_vol_m3_n6_pairwise1,2017-04-28,as_偏股混合型基金,1.7311948861234308,229,ok,
FAC_rank_vol_m3_n6_pairwise1,2017-04-28,Ctrl_log_fund_size,3.0333344261253705,229,ok,
FAC_rank_vol_m3_n6_pairwise1,2017-04-28,Ctrl_fund_age,3.45803190297561,229,ok,
FAC_rank_vol_m3_n6_pairwise1,2017-05-31,FAC_rank_vol_m3_n6_pairwise1,1.078588938173286,237,ok,
FAC_rank_vol_m3_n6_pairwise1,2017-05-31,CtrlRetSTR,1.2513082256066228,237,ok,
FAC_rank_vol_m3_n6_pairwise1,2017-05-31,CtrlRetLTM,1.2797076804774856,237,ok,
FAC_rank_vol_m3_n6_pairwise1,2017-05-31,CtrlVol,1.1957318087305775,237,ok,
FAC_rank_vol_m3_n6_pairwise1,2017-05-31,as_偏股混合型基金,1.7990827732914185,237,ok,
FAC_rank_vol_m3_n6_pairwise1,2017-05-31,Ctrl_log_fund_size,2.9025937700447737,237,ok,
FAC_rank_vol_m3_n6_pairwise1,2017-05-31,Ctrl_fund_age,3.381367574291165,237,ok,
FAC_rank_vol_m3_n6_pairwise1,2017-06-30,FAC_rank_vol_m3_n6_pairwise1,1.0648869405271268,232,ok,
FAC_rank_vol_m3_n6_pairwise1,2017-06-30,CtrlRetSTR,1.157546943948165,232,ok,
FAC_rank_vol_m3_n6_pairwise1,2017-06-30,CtrlRetLTM,1.658369013930608,232,ok,
FAC_rank_vol_m3_n6_pairwise1,2017-06-30,CtrlVol,1.410520790968619,232,ok,
FAC_rank_vol_m3_n6_pairwise1,2017-06-30,as_偏股混合型基金,1.8538734980003482,232,ok,
FAC_rank_vol_m3_n6_pairwise1,2017-06-30,Ctrl_log_fund_size,2.89332798571928,232,ok,
FAC_rank_vol_m3_n6_pairwise1,2017-06-30,Ctrl_fund_age,3.396294012100039,232,ok,
FAC_rank_vol_m3_n6_pairwise1,2017-07-31,FAC_rank_vol_m3_n6_pairwise1,1.123810920513745,236,ok,
FAC_rank_vol_m3_n6_pairwise1,2017-07-31,CtrlRetSTR,1.122529848853848,236,ok,
FAC_rank_vol_m3_n6_pairwise1,2017-07-31,CtrlRetLTM,1.1767395110818468,236,ok,
FAC_rank_vol_m3_n6_pairwise1,2017-07-31,CtrlVol,1.1100067009550556,236,ok,
FAC_rank_vol_m3_n6_pairwise1,2017-07-31,as_偏股混合型基金,1.8877691586047045,236,ok,
FAC_rank_vol_m3_n6_pairwise1,2017-07-31,Ctrl_log_fund_size,3.1541415072243266,236,ok,
FAC_rank_vol_m3_n6_pairwise1,2017-07-31,Ctrl_fund_age,3.5814291243320047,236,ok,
FAC_rank_vol_m3_n6_pairwise1,2017-08-31,FAC_rank_vol_m3_n6_pairwise1,1.116286977467961,246,ok,
FAC_rank_vol_m3_n6_pairwise1,2017-08-31,CtrlRetSTR,1.1917066493410091,246,ok,
FAC_rank_vol_m3_n6_pairwise1,2017-08-31,CtrlRetLTM,1.1409544927412654,246,ok,
FAC_rank_vol_m3_n6_pairwise1,2017-08-31,CtrlVol,1.163130693992762,246,ok,
FAC_rank_vol_m3_n6_pairwise1,2017-08-31,as_偏股混合型基金,1.8153606824407529,246,ok,
FAC_rank_vol_m3_n6_pairwise1,2017-08-31,Ctrl_log_fund_size,3.2339365339603314,246,ok,
FAC_rank_vol_m3_n6_pairwise1,2017-08-31,Ctrl_fund_age,3.6327008850384694,246,ok,
FAC_rank_vol_m3_n6_pairwise1,2017-09-29,FAC_rank_vol_m3_n6_pairwise1,1.0449880285218323,256,ok,
FAC_rank_vol_m3_n6_pairwise1,2017-09-29,CtrlRetSTR,1.11561028143156,256,ok,
FAC_rank_vol_m3_n6_pairwise1,2017-09-29,CtrlRetLTM,1.0548399946046423,256,ok,
FAC_rank_vol_m3_n6_pairwise1,2017-09-29,CtrlVol,1.0840391051474028,256,ok,
FAC_rank_vol_m3_n6_pairwise1,2017-09-29,as_偏股混合型基金,1.7960029468681382,256,ok,
FAC_rank_vol_m3_n6_pairwise1,2017-09-29,Ctrl_log_fund_size,3.057024329302019,256,ok,
FAC_rank_vol_m3_n6_pairwise1,2017-09-29,Ctrl_fund_age,3.633631482863066,256,ok,
FAC_rank_vol_m3_n6_pairwise1,2017-10-31,FAC_rank_vol_m3_n6_pairwise1,1.0133424313786874,258,ok,
FAC_rank_vol_m3_n6_pairwise1,2017-10-31,CtrlRetSTR,1.347989251290156,258,ok,
FAC_rank_vol_m3_n6_pairwise1,2017-10-31,CtrlRetLTM,1.4232061582487459,258,ok,
FAC_rank_vol_m3_n6_pairwise1,2017-10-31,CtrlVol,1.009072979453965,258,ok,
FAC_rank_vol_m3_n6_pairwise1,2017-10-31,as_偏股混合型基金,1.720833965259604,258,ok,
FAC_rank_vol_m3_n6_pairwise1,2017-10-31,Ctrl_log_fund_size,2.9155704988500575,258,ok,
FAC_rank_vol_m3_n6_pairwise1,2017-10-31,Ctrl_fund_age,3.3622343643006616,258,ok,
FAC_rank_vol_m3_n6_pairwise1,2017-11-30,FAC_rank_vol_m3_n6_pairwise1,1.040894132489922,272,ok,
FAC_rank_vol_m3_n6_pairwise1,2017-11-30,CtrlRetSTR,1.2806343700035643,272,ok,
FAC_rank_vol_m3_n6_pairwise1,2017-11-30,CtrlRetLTM,1.114445523630044,272,ok,
FAC_rank_vol_m3_n6_pairwise1,2017-11-30,CtrlVol,1.285136970130718,272,ok,
FAC_rank_vol_m3_n6_pairwise1,2017-11-30,as_偏股混合型基金,1.695392449170919,272,ok,
FAC_rank_vol_m3_n6_pairwise1,2017-11-30,Ctrl_log_fund_size,2.76782577394048,272,ok,
FAC_rank_vol_m3_n6_pairwise1,2017-11-30,Ctrl_fund_age,3.2442696372182898,272,ok,
FAC_rank_vol_m3_n6_pairwise1,2017-12-29,FAC_rank_vol_m3_n6_pairwise1,1.1580467995612787,272,ok,
FAC_rank_vol_m3_n6_pairwise1,2017-12-29,CtrlRetSTR,1.3039661069923367,272,ok,
FAC_rank_vol_m3_n6_pairwise1,2017-12-29,CtrlRetLTM,1.3541884119971337,272,ok,
FAC_rank_vol_m3_n6_pairwise1,2017-12-29,CtrlVol,1.1294512374040722,272,ok,
FAC_rank_vol_m3_n6_pairwise1,2017-12-29,as_偏股混合型基金,1.637983941413014,272,ok,
FAC_rank_vol_m3_n6_pairwise1,2017-12-29,Ctrl_log_fund_size,2.787909189947835,272,ok,
FAC_rank_vol_m3_n6_pairwise1,2017-12-29,Ctrl_fund_age,3.203345184644173,272,ok,
FAC_rank_vol_m3_n6_pairwise1,2018-01-31,FAC_rank_vol_m3_n6_pairwise1,1.291712644398323,269,ok,
FAC_rank_vol_m3_n6_pairwise1,2018-01-31,CtrlRetSTR,1.3393447542011991,269,ok,
FAC_rank_vol_m3_n6_pairwise1,2018-01-31,CtrlRetLTM,1.310719892336778,269,ok,
FAC_rank_vol_m3_n6_pairwise1,2018-01-31,CtrlVol,1.378966429117366,269,ok,
FAC_rank_vol_m3_n6_pairwise1,2018-01-31,as_偏股混合型基金,1.6061430996659003,269,ok,
FAC_rank_vol_m3_n6_pairwise1,2018-01-31,Ctrl_log_fund_size,2.7610530853837782,269,ok,
FAC_rank_vol_m3_n6_pairwise1,2018-01-31,Ctrl_fund_age,3.018336728076205,269,ok,
FAC_rank_vol_m3_n6_pairwise1,2018-02-28,FAC_rank_vol_m3_n6_pairwise1,1.1500359198791046,270,ok,
FAC_rank_vol_m3_n6_pairwise1,2018-02-28,CtrlRetSTR,1.3429369631580523,270,ok,
FAC_rank_vol_m3_n6_pairwise1,2018-02-28,CtrlRetLTM,1.2632513695263314,270,ok,
FAC_rank_vol_m3_n6_pairwise1,2018-02-28,CtrlVol,1.2277765571569959,270,ok,
FAC_rank_vol_m3_n6_pairwise1,2018-02-28,as_偏股混合型基金,1.6084291825137247,270,ok,
FAC_rank_vol_m3_n6_pairwise1,2018-02-28,Ctrl_log_fund_size,2.641210546000954,270,ok,
FAC_rank_vol_m3_n6_pairwise1,2018-02-28,Ctrl_fund_age,2.9279469455473697,270,ok,
FAC_rank_vol_m3_n6_pairwise1,2018-03-30,FAC_rank_vol_m3_n6_pairwise1,1.1168388672163616,269,ok,
FAC_rank_vol_m3_n6_pairwise1,2018-03-30,CtrlRetSTR,1.2736468514363553,269,ok,
FAC_rank_vol_m3_n6_pairwise1,2018-03-30,CtrlRetLTM,1.362015981763357,269,ok,
FAC_rank_vol_m3_n6_pairwise1,2018-03-30,CtrlVol,1.073719970134256,269,ok,
FAC_rank_vol_m3_n6_pairwise1,2018-03-30,as_偏股混合型基金,1.6142486577527124,269,ok,
FAC_rank_vol_m3_n6_pairwise1,2018-03-30,Ctrl_log_fund_size,2.4886085481230196,269,ok,
FAC_rank_vol_m3_n6_pairwise1,2018-03-30,Ctrl_fund_age,2.8530894608182815,269,ok,
FAC_rank_vol_m3_n6_pairwise1,2018-04-27,FAC_rank_vol_m3_n6_pairwise1,1.0251136911777674,274,ok,
FAC_rank_vol_m3_n6_pairwise1,2018-04-27,CtrlRetSTR,1.122155063049714,274,ok,
FAC_rank_vol_m3_n6_pairwise1,2018-04-27,CtrlRetLTM,1.1951854143602754,274,ok,
FAC_rank_vol_m3_n6_pairwise1,2018-04-27,CtrlVol,1.2118017059552664,274,ok,
FAC_rank_vol_m3_n6_pairwise1,2018-04-27,as_偏股混合型基金,1.581656635387351,274,ok,
FAC_rank_vol_m3_n6_pairwise1,2018-04-27,Ctrl_log_fund_size,2.5279477700114623,274,ok,
FAC_rank_vol_m3_n6_pairwise1,2018-04-27,Ctrl_fund_age,2.8926647814821242,274,ok,
FAC_rank_vol_m3_n6_pairwise1,2018-05-31,FAC_rank_vol_m3_n6_pairwise1,1.020246148114187,281,ok,
FAC_rank_vol_m3_n6_pairwise1,2018-05-31,CtrlRetSTR,1.2056688744289423,281,ok,
FAC_rank_vol_m3_n6_pairwise1,2018-05-31,CtrlRetLTM,1.3072693431219482,281,ok,
FAC_rank_vol_m3_n6_pairwise1,2018-05-31,CtrlVol,1.108018176067881,281,ok,
FAC_rank_vol_m3_n6_pairwise1,2018-05-31,as_偏股混合型基金,1.6198510433208742,281,ok,
FAC_rank_vol_m3_n6_pairwise1,2018-05-31,Ctrl_log_fund_size,2.4554485603897658,281,ok,
FAC_rank_vol_m3_n6_pairwise1,2018-05-31,Ctrl_fund_age,2.7816896822927566,281,ok,
FAC_rank_vol_m3_n6_pairwise1,2018-06-29,FAC_rank_vol_m3_n6_pairwise1,1.0496205839192194,278,ok,
FAC_rank_vol_m3_n6_pairwise1,2018-06-29,CtrlRetSTR,1.1129832537655562,278,ok,
FAC_rank_vol_m3_n6_pairwise1,2018-06-29,CtrlRetLTM,1.2758808650912496,278,ok,
FAC_rank_vol_m3_n6_pairwise1,2018-06-29,CtrlVol,1.1089400141740737,278,ok,
FAC_rank_vol_m3_n6_pairwise1,2018-06-29,as_偏股混合型基金,1.630876990736027,278,ok,
FAC_rank_vol_m3_n6_pairwise1,2018-06-29,Ctrl_log_fund_size,2.5349172910215594,278,ok,
FAC_rank_vol_m3_n6_pairwise1,2018-06-29,Ctrl_fund_age,2.802318730668892,278,ok,
FAC_rank_vol_m3_n6_pairwise1,2018-07-31,FAC_rank_vol_m3_n6_pairwise1,1.039850848863653,270,ok,
FAC_rank_vol_m3_n6_pairwise1,2018-07-31,CtrlRetSTR,1.3021206752877206,270,ok,
FAC_rank_vol_m3_n6_pairwise1,2018-07-31,CtrlRetLTM,1.288681068167286,270,ok,
FAC_rank_vol_m3_n6_pairwise1,2018-07-31,CtrlVol,1.2053467798933148,270,ok,
FAC_rank_vol_m3_n6_pairwise1,2018-07-31,as_偏股混合型基金,1.578844927549469,270,ok,
FAC_rank_vol_m3_n6_pairwise1,2018-07-31,Ctrl_log_fund_size,2.4481054158537496,270,ok,
FAC_rank_vol_m3_n6_pairwise1,2018-07-31,Ctrl_fund_age,2.832577736962186,270,ok,
FAC_rank_vol_m3_n6_pairwise1,2018-08-31,FAC_rank_vol_m3_n6_pairwise1,1.1185111871800688,273,ok,
FAC_rank_vol_m3_n6_pairwise1,2018-08-31,CtrlRetSTR,1.4844846715981868,273,ok,
FAC_rank_vol_m3_n6_pairwise1,2018-08-31,CtrlRetLTM,1.1759574605499075,273,ok,
FAC_rank_vol_m3_n6_pairwise1,2018-08-31,CtrlVol,1.5096233514780333,273,ok,
FAC_rank_vol_m3_n6_pairwise1,2018-08-31,as_偏股混合型基金,1.6873417082035238,273,ok,
FAC_rank_vol_m3_n6_pairwise1,2018-08-31,Ctrl_log_fund_size,2.4642778431161756,273,ok,
FAC_rank_vol_m3_n6_pairwise1,2018-08-31,Ctrl_fund_age,2.913000251771163,273,ok,
FAC_rank_vol_m3_n6_pairwise1,2018-09-28,FAC_rank_vol_m3_n6_pairwise1,1.109487232510199,274,ok,
FAC_rank_vol_m3_n6_pairwise1,2018-09-28,CtrlRetSTR,1.208407171587595,274,ok,
FAC_rank_vol_m3_n6_pairwise1,2018-09-28,CtrlRetLTM,1.3820164575708334,274,ok,
FAC_rank_vol_m3_n6_pairwise1,2018-09-28,CtrlVol,1.1038323232974512,274,ok,
FAC_rank_vol_m3_n6_pairwise1,2018-09-28,as_偏股混合型基金,1.5554775392149855,274,ok,
FAC_rank_vol_m3_n6_pairwise1,2018-09-28,Ctrl_log_fund_size,2.4794333424399264,274,ok,
FAC_rank_vol_m3_n6_pairwise1,2018-09-28,Ctrl_fund_age,2.829282183732708,274,ok,
FAC_rank_vol_m3_n6_pairwise1,2018-10-31,FAC_rank_vol_m3_n6_pairwise1,1.2362210791776653,269,ok,
FAC_rank_vol_m3_n6_pairwise1,2018-10-31,CtrlRetSTR,1.4472682797638896,269,ok,
FAC_rank_vol_m3_n6_pairwise1,2018-10-31,CtrlRetLTM,1.3031602016428028,269,ok,
FAC_rank_vol_m3_n6_pairwise1,2018-10-31,CtrlVol,1.5398902449479757,269,ok,
FAC_rank_vol_m3_n6_pairwise1,2018-10-31,as_偏股混合型基金,1.5631121544975863,269,ok,
FAC_rank_vol_m3_n6_pairwise1,2018-10-31,Ctrl_log_fund_size,2.3770175059557728,269,ok,
FAC_rank_vol_m3_n6_pairwise1,2018-10-31,Ctrl_fund_age,2.7728717939545646,269,ok,
FAC_rank_vol_m3_n6_pairwise1,2018-11-30,FAC_rank_vol_m3_n6_pairwise1,1.3830957929164207,272,ok,
FAC_rank_vol_m3_n6_pairwise1,2018-11-30,CtrlRetSTR,1.1378181069571227,272,ok,
FAC_rank_vol_m3_n6_pairwise1,2018-11-30,CtrlRetLTM,1.238798554102149,272,ok,
FAC_rank_vol_m3_n6_pairwise1,2018-11-30,CtrlVol,1.3918692357034208,272,ok,
FAC_rank_vol_m3_n6_pairwise1,2018-11-30,as_偏股混合型基金,1.579521719431336,272,ok,
FAC_rank_vol_m3_n6_pairwise1,2018-11-30,Ctrl_log_fund_size,2.3540546196942644,272,ok,
FAC_rank_vol_m3_n6_pairwise1,2018-11-30,Ctrl_fund_age,2.756109132748214,272,ok,
FAC_rank_vol_m3_n6_pairwise1,2018-12-28,FAC_rank_vol_m3_n6_pairwise1,1.099417752543816,278,ok,
FAC_rank_vol_m3_n6_pairwise1,2018-12-28,CtrlRetSTR,1.0952849653661259,278,ok,
FAC_rank_vol_m3_n6_pairwise1,2018-12-28,CtrlRetLTM,1.164645443607078,278,ok,
FAC_rank_vol_m3_n6_pairwise1,2018-12-28,CtrlVol,1.23022596368431,278,ok,
FAC_rank_vol_m3_n6_pairwise1,2018-12-28,as_偏股混合型基金,1.5701824755791685,278,ok,
FAC_rank_vol_m3_n6_pairwise1,2018-12-28,Ctrl_log_fund_size,2.2767442516969685,278,ok,
FAC_rank_vol_m3_n6_pairwise1,2018-12-28,Ctrl_fund_age,2.7052347334699145,278,ok,
FAC_rank_vol_m3_n6_pairwise1,2019-01-31,FAC_rank_vol_m3_n6_pairwise1,1.0625835100650147,269,ok,
FAC_rank_vol_m3_n6_pairwise1,2019-01-31,CtrlRetSTR,1.1826855842838944,269,ok,
FAC_rank_vol_m3_n6_pairwise1,2019-01-31,CtrlRetLTM,1.1786365897635844,269,ok,
FAC_rank_vol_m3_n6_pairwise1,2019-01-31,CtrlVol,1.1375786649510418,269,ok,
FAC_rank_vol_m3_n6_pairwise1,2019-01-31,as_偏股混合型基金,1.5660288936077982,269,ok,
FAC_rank_vol_m3_n6_pairwise1,2019-01-31,Ctrl_log_fund_size,2.374753365200272,269,ok,
FAC_rank_vol_m3_n6_pairwise1,2019-01-31,Ctrl_fund_age,2.7369567437911937,269,ok,
FAC_rank_vol_m3_n6_pairwise1,2019-02-28,FAC_rank_vol_m3_n6_pairwise1,1.0308076225242355,283,ok,
FAC_rank_vol_m3_n6_pairwise1,2019-02-28,CtrlRetSTR,1.2056789208251497,283,ok,
FAC_rank_vol_m3_n6_pairwise1,2019-02-28,CtrlRetLTM,1.2247123253018302,283,ok,
FAC_rank_vol_m3_n6_pairwise1,2019-02-28,CtrlVol,1.0732104811244414,283,ok,
FAC_rank_vol_m3_n6_pairwise1,2019-02-28,as_偏股混合型基金,1.5514499370481594,283,ok,
FAC_rank_vol_m3_n6_pairwise1,2019-02-28,Ctrl_log_fund_size,2.4668505166383183,283,ok,
FAC_rank_vol_m3_n6_pairwise1,2019-02-28,Ctrl_fund_age,2.857685145132269,283,ok,
FAC_rank_vol_m3_n6_pairwise1,2019-03-29,FAC_rank_vol_m3_n6_pairwise1,1.0293081154861736,287,ok,
FAC_rank_vol_m3_n6_pairwise1,2019-03-29,CtrlRetSTR,1.3470167179218813,287,ok,
FAC_rank_vol_m3_n6_pairwise1,2019-03-29,CtrlRetLTM,1.149813503951981,287,ok,
FAC_rank_vol_m3_n6_pairwise1,2019-03-29,CtrlVol,1.4454634820765564,287,ok,
FAC_rank_vol_m3_n6_pairwise1,2019-03-29,as_偏股混合型基金,1.53846895371818,287,ok,
FAC_rank_vol_m3_n6_pairwise1,2019-03-29,Ctrl_log_fund_size,2.560690366652037,287,ok,
FAC_rank_vol_m3_n6_pairwise1,2019-03-29,Ctrl_fund_age,2.880383485950678,287,ok,
FAC_rank_vol_m3_n6_pairwise1,2019-04-30,FAC_rank_vol_m3_n6_pairwise1,1.0188070258671051,286,ok,
FAC_rank_vol_m3_n6_pairwise1,2019-04-30,CtrlRetSTR,1.101019497343566,286,ok,
FAC_rank_vol_m3_n6_pairwise1,2019-04-30,CtrlRetLTM,1.11789123202561,286,ok,
FAC_rank_vol_m3_n6_pairwise1,2019-04-30,CtrlVol,1.033031725148471,286,ok,
FAC_rank_vol_m3_n6_pairwise1,2019-04-30,as_偏股混合型基金,1.5687724094845028,286,ok,
FAC_rank_vol_m3_n6_pairwise1,2019-04-30,Ctrl_log_fund_size,2.6414161308920776,286,ok,
FAC_rank_vol_m3_n6_pairwise1,2019-04-30,Ctrl_fund_age,2.92048775614403,286,ok,
FAC_rank_vol_m3_n6_pairwise1,2019-05-31,FAC_rank_vol_m3_n6_pairwise1,1.0496817901380016,289,ok,
FAC_rank_vol_m3_n6_pairwise1,2019-05-31,CtrlRetSTR,1.041506269267275,289,ok,
FAC_rank_vol_m3_n6_pairwise1,2019-05-31,CtrlRetLTM,1.0745562060268816,289,ok,
FAC_rank_vol_m3_n6_pairwise1,2019-05-31,CtrlVol,1.0635485703251182,289,ok,
FAC_rank_vol_m3_n6_pairwise1,2019-05-31,as_偏股混合型基金,1.555540869572573,289,ok,
FAC_rank_vol_m3_n6_pairwise1,2019-05-31,Ctrl_log_fund_size,2.5519969722454054,289,ok,
FAC_rank_vol_m3_n6_pairwise1,2019-05-31,Ctrl_fund_age,2.8764707028522136,289,ok,
FAC_rank_vol_m3_n6_pairwise1,2019-06-28,FAC_rank_vol_m3_n6_pairwise1,1.0882175608222697,297,ok,
FAC_rank_vol_m3_n6_pairwise1,2019-06-28,CtrlRetSTR,1.0921699027167888,297,ok,
FAC_rank_vol_m3_n6_pairwise1,2019-06-28,CtrlRetLTM,1.1399403287388052,297,ok,
FAC_rank_vol_m3_n6_pairwise1,2019-06-28,CtrlVol,1.026163822594114,297,ok,
FAC_rank_vol_m3_n6_pairwise1,2019-06-28,as_偏股混合型基金,1.59736561235189,297,ok,
FAC_rank_vol_m3_n6_pairwise1,2019-06-28,Ctrl_log_fund_size,2.689709522831267,297,ok,
FAC_rank_vol_m3_n6_pairwise1,2019-06-28,Ctrl_fund_age,2.9723279247671845,297,ok,
FAC_rank_vol_m3_n6_pairwise1,2019-07-31,FAC_rank_vol_m3_n6_pairwise1,1.0292477626640393,301,ok,
FAC_rank_vol_m3_n6_pairwise1,2019-07-31,CtrlRetSTR,1.0504241250401758,301,ok,
FAC_rank_vol_m3_n6_pairwise1,2019-07-31,CtrlRetLTM,1.0949328931750564,301,ok,
FAC_rank_vol_m3_n6_pairwise1,2019-07-31,CtrlVol,1.0564199933681901,301,ok,
FAC_rank_vol_m3_n6_pairwise1,2019-07-31,as_偏股混合型基金,1.597894975815031,301,ok,
FAC_rank_vol_m3_n6_pairwise1,2019-07-31,Ctrl_log_fund_size,2.5801441822185818,301,ok,
FAC_rank_vol_m3_n6_pairwise1,2019-07-31,Ctrl_fund_age,2.9355840107829163,301,ok,
FAC_rank_vol_m3_n6_pairwise1,2019-08-30,FAC_rank_vol_m3_n6_pairwise1,1.0417819788479985,298,ok,
FAC_rank_vol_m3_n6_pairwise1,2019-08-30,CtrlRetSTR,1.2669326969746582,298,ok,
FAC_rank_vol_m3_n6_pairwise1,2019-08-30,CtrlRetLTM,1.1305354487611707,298,ok,
FAC_rank_vol_m3_n6_pairwise1,2019-08-30,CtrlVol,1.3142948460992154,298,ok,
FAC_rank_vol_m3_n6_pairwise1,2019-08-30,as_偏股混合型基金,1.6073368805945112,298,ok,
FAC_rank_vol_m3_n6_pairwise1,2019-08-30,Ctrl_log_fund_size,2.602737443329768,298,ok,
FAC_rank_vol_m3_n6_pairwise1,2019-08-30,Ctrl_fund_age,2.902056085281489,298,ok,
FAC_rank_vol_m3_n6_pairwise1,2019-09-30,FAC_rank_vol_m3_n6_pairwise1,1.0748423588580471,302,ok,
FAC_rank_vol_m3_n6_pairwise1,2019-09-30,CtrlRetSTR,1.1114989974375409,302,ok,
FAC_rank_vol_m3_n6_pairwise1,2019-09-30,CtrlRetLTM,1.3719266381428057,302,ok,
FAC_rank_vol_m3_n6_pairwise1,2019-09-30,CtrlVol,1.417161682195571,302,ok,
FAC_rank_vol_m3_n6_pairwise1,2019-09-30,as_偏股混合型基金,1.4821618108680645,302,ok,
FAC_rank_vol_m3_n6_pairwise1,2019-09-30,Ctrl_log_fund_size,2.88278372321761,302,ok,
FAC_rank_vol_m3_n6_pairwise1,2019-09-30,Ctrl_fund_age,3.0755702131389926,302,ok,
FAC_rank_vol_m3_n6_pairwise1,2019-10-31,FAC_rank_vol_m3_n6_pairwise1,1.1324101856750393,311,ok,
FAC_rank_vol_m3_n6_pairwise1,2019-10-31,CtrlRetSTR,1.1042805397538316,311,ok,
FAC_rank_vol_m3_n6_pairwise1,2019-10-31,CtrlRetLTM,2.0137215838476474,311,ok,
FAC_rank_vol_m3_n6_pairwise1,2019-10-31,CtrlVol,1.8058891869865885,311,ok,
FAC_rank_vol_m3_n6_pairwise1,2019-10-31,as_偏股混合型基金,1.4726200145567512,311,ok,
FAC_rank_vol_m3_n6_pairwise1,2019-10-31,Ctrl_log_fund_size,3.0319287312045624,311,ok,
FAC_rank_vol_m3_n6_pairwise1,2019-10-31,Ctrl_fund_age,3.08436838808372,311,ok,
FAC_rank_vol_m3_n6_pairwise1,2019-11-29,FAC_rank_vol_m3_n6_pairwise1,1.075339885421212,325,ok,
FAC_rank_vol_m3_n6_pairwise1,2019-11-29,CtrlRetSTR,1.1081183324118995,325,ok,
FAC_rank_vol_m3_n6_pairwise1,2019-11-29,CtrlRetLTM,1.6134177134865362,325,ok,
FAC_rank_vol_m3_n6_pairwise1,2019-11-29,CtrlVol,1.371136216290931,325,ok,
FAC_rank_vol_m3_n6_pairwise1,2019-11-29,as_偏股混合型基金,1.4405689178562837,325,ok,
FAC_rank_vol_m3_n6_pairwise1,2019-11-29,Ctrl_log_fund_size,3.1236460332232125,325,ok,
FAC_rank_vol_m3_n6_pairwise1,2019-11-29,Ctrl_fund_age,3.1499956517232253,325,ok,
FAC_rank_vol_m3_n6_pairwise1,2019-12-31,FAC_rank_vol_m3_n6_pairwise1,1.0195089573985239,340,ok,
FAC_rank_vol_m3_n6_pairwise1,2019-12-31,CtrlRetSTR,1.0858489962871312,340,ok,
FAC_rank_vol_m3_n6_pairwise1,2019-12-31,CtrlRetLTM,1.8813657438192275,340,ok,
FAC_rank_vol_m3_n6_pairwise1,2019-12-31,CtrlVol,1.7597565038661327,340,ok,
FAC_rank_vol_m3_n6_pairwise1,2019-12-31,as_偏股混合型基金,1.383941852014144,340,ok,
FAC_rank_vol_m3_n6_pairwise1,2019-12-31,Ctrl_log_fund_size,3.0042087775655735,340,ok,
FAC_rank_vol_m3_n6_pairwise1,2019-12-31,Ctrl_fund_age,3.0169907132927127,340,ok,
FAC_rank_vol_m3_n6_pairwise1,2020-01-23,FAC_rank_vol_m3_n6_pairwise1,1.033199627859578,346,ok,
FAC_rank_vol_m3_n6_pairwise1,2020-01-23,CtrlRetSTR,1.348040141972469,346,ok,
FAC_rank_vol_m3_n6_pairwise1,2020-01-23,CtrlRetLTM,1.9067144197574801,346,ok,
FAC_rank_vol_m3_n6_pairwise1,2020-01-23,CtrlVol,1.7870070206903537,346,ok,
FAC_rank_vol_m3_n6_pairwise1,2020-01-23,as_偏股混合型基金,1.395751680517206,346,ok,
FAC_rank_vol_m3_n6_pairwise1,2020-01-23,Ctrl_log_fund_size,2.9374506049822386,346,ok,
FAC_rank_vol_m3_n6_pairwise1,2020-01-23,Ctrl_fund_age,2.972003832240933,346,ok,
FAC_rank_vol_m3_n6_pairwise1,2020-02-28,FAC_rank_vol_m3_n6_pairwise1,1.037789726878067,352,ok,
FAC_rank_vol_m3_n6_pairwise1,2020-02-28,CtrlRetSTR,1.3672094000356239,352,ok,
FAC_rank_vol_m3_n6_pairwise1,2020-02-28,CtrlRetLTM,1.6996014200003946,352,ok,
FAC_rank_vol_m3_n6_pairwise1,2020-02-28,CtrlVol,1.3541983856855142,352,ok,
FAC_rank_vol_m3_n6_pairwise1,2020-02-28,as_偏股混合型基金,1.3937286524372987,352,ok,
FAC_rank_vol_m3_n6_pairwise1,2020-02-28,Ctrl_log_fund_size,2.971770005846654,352,ok,
FAC_rank_vol_m3_n6_pairwise1,2020-02-28,Ctrl_fund_age,2.985573326880244,352,ok,
FAC_rank_vol_m3_n6_pairwise1,2020-03-31,FAC_rank_vol_m3_n6_pairwise1,1.1037751213102882,355,ok,
FAC_rank_vol_m3_n6_pairwise1,2020-03-31,CtrlRetSTR,1.2372235292477767,355,ok,
FAC_rank_vol_m3_n6_pairwise1,2020-03-31,CtrlRetLTM,1.4661212831420571,355,ok,
FAC_rank_vol_m3_n6_pairwise1,2020-03-31,CtrlVol,1.2666401575447357,355,ok,
FAC_rank_vol_m3_n6_pairwise1,2020-03-31,as_偏股混合型基金,1.4137081347889726,355,ok,
FAC_rank_vol_m3_n6_pairwise1,2020-03-31,Ctrl_log_fund_size,2.85252539894779,355,ok,
FAC_rank_vol_m3_n6_pairwise1,2020-03-31,Ctrl_fund_age,2.8428073761269204,355,ok,
FAC_rank_vol_m3_n6_pairwise1,2020-04-30,FAC_rank_vol_m3_n6_pairwise1,1.0522385126659397,360,ok,
FAC_rank_vol_m3_n6_pairwise1,2020-04-30,CtrlRetSTR,1.2455551192722827,360,ok,
FAC_rank_vol_m3_n6_pairwise1,2020-04-30,CtrlRetLTM,1.350664910723689,360,ok,
FAC_rank_vol_m3_n6_pairwise1,2020-04-30,CtrlVol,1.4632822088645474,360,ok,
FAC_rank_vol_m3_n6_pairwise1,2020-04-30,as_偏股混合型基金,1.3891013307338742,360,ok,
FAC_rank_vol_m3_n6_pairwise1,2020-04-30,Ctrl_log_fund_size,2.7407443457218195,360,ok,
FAC_rank_vol_m3_n6_pairwise1,2020-04-30,Ctrl_fund_age,2.750404378187837,360,ok,
FAC_rank_vol_m3_n6_pairwise1,2020-05-29,FAC_rank_vol_m3_n6_pairwise1,1.057716281639014,377,ok,
FAC_rank_vol_m3_n6_pairwise1,2020-05-29,CtrlRetSTR,1.2260916916804567,377,ok,
FAC_rank_vol_m3_n6_pairwise1,2020-05-29,CtrlRetLTM,1.7090621823952072,377,ok,
FAC_rank_vol_m3_n6_pairwise1,2020-05-29,CtrlVol,1.7432274286209135,377,ok,
FAC_rank_vol_m3_n6_pairwise1,2020-05-29,as_偏股混合型基金,1.37600004954029,377,ok,
FAC_rank_vol_m3_n6_pairwise1,2020-05-29,Ctrl_log_fund_size,2.8072153284676773,377,ok,
FAC_rank_vol_m3_n6_pairwise1,2020-05-29,Ctrl_fund_age,2.735469243517247,377,ok,
FAC_rank_vol_m3_n6_pairwise1,2020-06-30,FAC_rank_vol_m3_n6_pairwise1,1.0854339548961747,373,ok,
FAC_rank_vol_m3_n6_pairwise1,2020-06-30,CtrlRetSTR,1.476422091870733,373,ok,
FAC_rank_vol_m3_n6_pairwise1,2020-06-30,CtrlRetLTM,1.6934661852784545,373,ok,
FAC_rank_vol_m3_n6_pairwise1,2020-06-30,CtrlVol,1.432725584835603,373,ok,
FAC_rank_vol_m3_n6_pairwise1,2020-06-30,as_偏股混合型基金,1.3895107230384667,373,ok,
FAC_rank_vol_m3_n6_pairwise1,2020-06-30,Ctrl_log_fund_size,2.762059195639514,373,ok,
FAC_rank_vol_m3_n6_pairwise1,2020-06-30,Ctrl_fund_age,2.740853420100772,373,ok,
FAC_rank_vol_m3_n6_pairwise1,2020-07-31,FAC_rank_vol_m3_n6_pairwise1,1.1914808766202454,379,ok,
FAC_rank_vol_m3_n6_pairwise1,2020-07-31,CtrlRetSTR,1.0411547372013001,379,ok,
FAC_rank_vol_m3_n6_pairwise1,2020-07-31,CtrlRetLTM,1.6706518905225638,379,ok,
FAC_rank_vol_m3_n6_pairwise1,2020-07-31,CtrlVol,1.7049477027761437,379,ok,
FAC_rank_vol_m3_n6_pairwise1,2020-07-31,as_偏股混合型基金,1.3624052670210547,379,ok,
FAC_rank_vol_m3_n6_pairwise1,2020-07-31,Ctrl_log_fund_size,2.7058569183385996,379,ok,
FAC_rank_vol_m3_n6_pairwise1,2020-07-31,Ctrl_fund_age,2.670748998954928,379,ok,
FAC_rank_vol_m3_n6_pairwise1,2020-08-31,FAC_rank_vol_m3_n6_pairwise1,1.241613022134019,390,ok,
FAC_rank_vol_m3_n6_pairwise1,2020-08-31,CtrlRetSTR,1.3006929258160946,390,ok,
FAC_rank_vol_m3_n6_pairwise1,2020-08-31,CtrlRetLTM,1.545043353130217,390,ok,
FAC_rank_vol_m3_n6_pairwise1,2020-08-31,CtrlVol,1.583916407608609,390,ok,
FAC_rank_vol_m3_n6_pairwise1,2020-08-31,as_偏股混合型基金,1.3305393410125164,390,ok,
FAC_rank_vol_m3_n6_pairwise1,2020-08-31,Ctrl_log_fund_size,2.834203139015213,390,ok,
FAC_rank_vol_m3_n6_pairwise1,2020-08-31,Ctrl_fund_age,2.764067883839307,390,ok,
FAC_rank_vol_m3_n6_pairwise1,2020-09-30,FAC_rank_vol_m3_n6_pairwise1,1.1522282583414345,396,ok,
FAC_rank_vol_m3_n6_pairwise1,2020-09-30,CtrlRetSTR,1.1580546869594255,396,ok,
FAC_rank_vol_m3_n6_pairwise1,2020-09-30,CtrlRetLTM,1.4572317498957281,396,ok,
FAC_rank_vol_m3_n6_pairwise1,2020-09-30,CtrlVol,1.2679625789668254,396,ok,
FAC_rank_vol_m3_n6_pairwise1,2020-09-30,as_偏股混合型基金,1.3416880047145574,396,ok,
FAC_rank_vol_m3_n6_pairwise1,2020-09-30,Ctrl_log_fund_size,2.7905571024586076,396,ok,
FAC_rank_vol_m3_n6_pairwise1,2020-09-30,Ctrl_fund_age,2.758585193838861,396,ok,
FAC_rank_vol_m3_n6_pairwise1,2020-10-30,FAC_rank_vol_m3_n6_pairwise1,1.1316140169972393,398,ok,
FAC_rank_vol_m3_n6_pairwise1,2020-10-30,CtrlRetSTR,1.0529903059899475,398,ok,
FAC_rank_vol_m3_n6_pairwise1,2020-10-30,CtrlRetLTM,1.5239686474004284,398,ok,
FAC_rank_vol_m3_n6_pairwise1,2020-10-30,CtrlVol,1.3057999560126292,398,ok,
FAC_rank_vol_m3_n6_pairwise1,2020-10-30,as_偏股混合型基金,1.3465329228145146,398,ok,
FAC_rank_vol_m3_n6_pairwise1,2020-10-30,Ctrl_log_fund_size,2.683204117529024,398,ok,
FAC_rank_vol_m3_n6_pairwise1,2020-10-30,Ctrl_fund_age,2.6425237122514775,398,ok,
FAC_rank_vol_m3_n6_pairwise1,2020-11-30,FAC_rank_vol_m3_n6_pairwise1,1.0461454682572477,424,ok,
FAC_rank_vol_m3_n6_pairwise1,2020-11-30,CtrlRetSTR,1.1954668451688282,424,ok,
FAC_rank_vol_m3_n6_pairwise1,2020-11-30,CtrlRetLTM,1.4702775355050566,424,ok,
FAC_rank_vol_m3_n6_pairwise1,2020-11-30,CtrlVol,1.1960430570424396,424,ok,
FAC_rank_vol_m3_n6_pairwise1,2020-11-30,as_偏股混合型基金,1.2928269081511965,424,ok,
FAC_rank_vol_m3_n6_pairwise1,2020-11-30,Ctrl_log_fund_size,2.6175400166333493,424,ok,
FAC_rank_vol_m3_n6_pairwise1,2020-11-30,Ctrl_fund_age,2.593835250505077,424,ok,
FAC_rank_vol_m3_n6_pairwise1,2020-12-31,FAC_rank_vol_m3_n6_pairwise1,1.025116731773089,436,ok,
FAC_rank_vol_m3_n6_pairwise1,2020-12-31,CtrlRetSTR,1.2914268460680232,436,ok,
FAC_rank_vol_m3_n6_pairwise1,2020-12-31,CtrlRetLTM,1.3664302715918832,436,ok,
FAC_rank_vol_m3_n6_pairwise1,2020-12-31,CtrlVol,1.224089891428197,436,ok,
FAC_rank_vol_m3_n6_pairwise1,2020-12-31,as_偏股混合型基金,1.2526815255047832,436,ok,
FAC_rank_vol_m3_n6_pairwise1,2020-12-31,Ctrl_log_fund_size,2.618363334903003,436,ok,
FAC_rank_vol_m3_n6_pairwise1,2020-12-31,Ctrl_fund_age,2.532106489318638,436,ok,
FAC_rank_vol_m3_n6_pairwise1,2021-01-29,FAC_rank_vol_m3_n6_pairwise1,1.0337170482665632,432,ok,
FAC_rank_vol_m3_n6_pairwise1,2021-01-29,CtrlRetSTR,1.1100215382289336,432,ok,
FAC_rank_vol_m3_n6_pairwise1,2021-01-29,CtrlRetLTM,1.28042237285691,432,ok,
FAC_rank_vol_m3_n6_pairwise1,2021-01-29,CtrlVol,1.1328839167254128,432,ok,
FAC_rank_vol_m3_n6_pairwise1,2021-01-29,as_偏股混合型基金,1.2704276790147009,432,ok,
FAC_rank_vol_m3_n6_pairwise1,2021-01-29,Ctrl_log_fund_size,2.567523083365607,432,ok,
FAC_rank_vol_m3_n6_pairwise1,2021-01-29,Ctrl_fund_age,2.4533194338520037,432,ok,
FAC_rank_vol_m3_n6_pairwise1,2021-02-26,FAC_rank_vol_m3_n6_pairwise1,1.0292354519563898,458,ok,
FAC_rank_vol_m3_n6_pairwise1,2021-02-26,CtrlRetSTR,1.5549404307483865,458,ok,
FAC_rank_vol_m3_n6_pairwise1,2021-02-26,CtrlRetLTM,1.1920048444390317,458,ok,
FAC_rank_vol_m3_n6_pairwise1,2021-02-26,CtrlVol,1.4664634057462733,458,ok,
FAC_rank_vol_m3_n6_pairwise1,2021-02-26,as_偏股混合型基金,1.248108052292339,458,ok,
FAC_rank_vol_m3_n6_pairwise1,2021-02-26,Ctrl_log_fund_size,2.5430204452015666,458,ok,
FAC_rank_vol_m3_n6_pairwise1,2021-02-26,Ctrl_fund_age,2.431233492656809,458,ok,
FAC_rank_vol_m3_n6_pairwise1,2021-03-31,FAC_rank_vol_m3_n6_pairwise1,1.0387299529412293,460,ok,
FAC_rank_vol_m3_n6_pairwise1,2021-03-31,CtrlRetSTR,1.193455873412074,460,ok,
FAC_rank_vol_m3_n6_pairwise1,2021-03-31,CtrlRetLTM,1.201083326864342,460,ok,
FAC_rank_vol_m3_n6_pairwise1,2021-03-31,CtrlVol,1.2601176081514316,460,ok,
FAC_rank_vol_m3_n6_pairwise1,2021-03-31,as_偏股混合型基金,1.2604746096440294,460,ok,
FAC_rank_vol_m3_n6_pairwise1,2021-03-31,Ctrl_log_fund_size,2.4700297025596933,460,ok,
FAC_rank_vol_m3_n6_pairwise1,2021-03-31,Ctrl_fund_age,2.4227296521722166,460,ok,
FAC_rank_vol_m3_n6_pairwise1,2021-04-30,FAC_rank_vol_m3_n6_pairwise1,1.0528296904473027,483,ok,
FAC_rank_vol_m3_n6_pairwise1,2021-04-30,CtrlRetSTR,1.6618537002807898,483,ok,
FAC_rank_vol_m3_n6_pairwise1,2021-04-30,CtrlRetLTM,1.1131366588105436,483,ok,
FAC_rank_vol_m3_n6_pairwise1,2021-04-30,CtrlVol,1.709579039178165,483,ok,
FAC_rank_vol_m3_n6_pairwise1,2021-04-30,as_偏股混合型基金,1.2042430996274027,483,ok,
FAC_rank_vol_m3_n6_pairwise1,2021-04-30,Ctrl_log_fund_size,2.471417453075751,483,ok,
FAC_rank_vol_m3_n6_pairwise1,2021-04-30,Ctrl_fund_age,2.392230236703632,483,ok,
FAC_rank_vol_m3_n6_pairwise1,2021-05-31,FAC_rank_vol_m3_n6_pairwise1,1.0232362692800343,518,ok,
FAC_rank_vol_m3_n6_pairwise1,2021-05-31,CtrlRetSTR,1.262916184122113,518,ok,
FAC_rank_vol_m3_n6_pairwise1,2021-05-31,CtrlRetLTM,1.1860683964618721,518,ok,
FAC_rank_vol_m3_n6_pairwise1,2021-05-31,CtrlVol,1.393337091264477,518,ok,
FAC_rank_vol_m3_n6_pairwise1,2021-05-31,as_偏股混合型基金,1.1749743959879755,518,ok,
FAC_rank_vol_m3_n6_pairwise1,2021-05-31,Ctrl_log_fund_size,2.475577235116632,518,ok,
FAC_rank_vol_m3_n6_pairwise1,2021-05-31,Ctrl_fund_age,2.413868540955108,518,ok,
FAC_rank_vol_m3_n6_pairwise1,2021-06-30,FAC_rank_vol_m3_n6_pairwise1,1.0110788663496482,515,ok,
FAC_rank_vol_m3_n6_pairwise1,2021-06-30,CtrlRetSTR,1.2268026561414624,515,ok,
FAC_rank_vol_m3_n6_pairwise1,2021-06-30,CtrlRetLTM,1.1412201048571378,515,ok,
FAC_rank_vol_m3_n6_pairwise1,2021-06-30,CtrlVol,1.2862636511907095,515,ok,
FAC_rank_vol_m3_n6_pairwise1,2021-06-30,as_偏股混合型基金,1.1722912078594374,515,ok,
FAC_rank_vol_m3_n6_pairwise1,2021-06-30,Ctrl_log_fund_size,2.407769938633346,515,ok,
FAC_rank_vol_m3_n6_pairwise1,2021-06-30,Ctrl_fund_age,2.393072245919579,515,ok,
FAC_rank_vol_m3_n6_pairwise1,2021-07-30,FAC_rank_vol_m3_n6_pairwise1,1.0940527076733995,528,ok,
FAC_rank_vol_m3_n6_pairwise1,2021-07-30,CtrlRetSTR,1.0702499484814567,528,ok,
FAC_rank_vol_m3_n6_pairwise1,2021-07-30,CtrlRetLTM,1.3368007730641844,528,ok,
FAC_rank_vol_m3_n6_pairwise1,2021-07-30,CtrlVol,1.3072707524411995,528,ok,
FAC_rank_vol_m3_n6_pairwise1,2021-07-30,as_偏股混合型基金,1.156832063122127,528,ok,
FAC_rank_vol_m3_n6_pairwise1,2021-07-30,Ctrl_log_fund_size,2.490940390816791,528,ok,
FAC_rank_vol_m3_n6_pairwise1,2021-07-30,Ctrl_fund_age,2.4486822007055524,528,ok,
FAC_rank_vol_m3_n6_pairwise1,2021-08-31,FAC_rank_vol_m3_n6_pairwise1,1.1780318015027742,553,ok,
FAC_rank_vol_m3_n6_pairwise1,2021-08-31,CtrlRetSTR,1.2838235219308765,553,ok,
FAC_rank_vol_m3_n6_pairwise1,2021-08-31,CtrlRetLTM,1.7344133591521573,553,ok,
FAC_rank_vol_m3_n6_pairwise1,2021-08-31,CtrlVol,1.5726232839923624,553,ok,
FAC_rank_vol_m3_n6_pairwise1,2021-08-31,as_偏股混合型基金,1.1564979839324014,553,ok,
FAC_rank_vol_m3_n6_pairwise1,2021-08-31,Ctrl_log_fund_size,2.59164524030496,553,ok,
FAC_rank_vol_m3_n6_pairwise1,2021-08-31,Ctrl_fund_age,2.4745252822248807,553,ok,
FAC_rank_vol_m3_n6_pairwise1,2021-09-30,FAC_rank_vol_m3_n6_pairwise1,1.1412782895588136,565,ok,
FAC_rank_vol_m3_n6_pairwise1,2021-09-30,CtrlRetSTR,1.7375877416585988,565,ok,
FAC_rank_vol_m3_n6_pairwise1,2021-09-30,CtrlRetLTM,2.1941798377170847,565,ok,
FAC_rank_vol_m3_n6_pairwise1,2021-09-30,CtrlVol,1.2775113880686912,565,ok,
FAC_rank_vol_m3_n6_pairwise1,2021-09-30,as_偏股混合型基金,1.148730171596145,565,ok,
FAC_rank_vol_m3_n6_pairwise1,2021-09-30,Ctrl_log_fund_size,2.63401418195895,565,ok,
FAC_rank_vol_m3_n6_pairwise1,2021-09-30,Ctrl_fund_age,2.5262652112273547,565,ok,
FAC_rank_vol_m3_n6_pairwise1,2021-10-29,FAC_rank_vol_m3_n6_pairwise1,1.3220434372439052,578,ok,
FAC_rank_vol_m3_n6_pairwise1,2021-10-29,CtrlRetSTR,1.217385381837599,578,ok,
FAC_rank_vol_m3_n6_pairwise1,2021-10-29,CtrlRetLTM,1.5595218516321787,578,ok,
FAC_rank_vol_m3_n6_pairwise1,2021-10-29,CtrlVol,1.2707628367365027,578,ok,
FAC_rank_vol_m3_n6_pairwise1,2021-10-29,as_偏股混合型基金,1.1348955128158749,578,ok,
FAC_rank_vol_m3_n6_pairwise1,2021-10-29,Ctrl_log_fund_size,2.7475995556385437,578,ok,
FAC_rank_vol_m3_n6_pairwise1,2021-10-29,Ctrl_fund_age,2.5531415616889506,578,ok,
FAC_rank_vol_m3_n6_pairwise1,2021-11-30,FAC_rank_vol_m3_n6_pairwise1,1.1208839480882598,604,ok,
FAC_rank_vol_m3_n6_pairwise1,2021-11-30,CtrlRetSTR,1.0764411795792113,604,ok,
FAC_rank_vol_m3_n6_pairwise1,2021-11-30,CtrlRetLTM,1.7160583403790701,604,ok,
FAC_rank_vol_m3_n6_pairwise1,2021-11-30,CtrlVol,1.398887609678761,604,ok,
FAC_rank_vol_m3_n6_pairwise1,2021-11-30,as_偏股混合型基金,1.113304863193125,604,ok,
FAC_rank_vol_m3_n6_pairwise1,2021-11-30,Ctrl_log_fund_size,2.919623868850848,604,ok,
FAC_rank_vol_m3_n6_pairwise1,2021-11-30,Ctrl_fund_age,2.704184417996327,604,ok,
FAC_rank_vol_m3_n6_pairwise1,2021-12-31,FAC_rank_vol_m3_n6_pairwise1,1.0189478183471812,596,ok,
FAC_rank_vol_m3_n6_pairwise1,2021-12-31,CtrlRetSTR,1.6281748425487894,596,ok,
FAC_rank_vol_m3_n6_pairwise1,2021-12-31,CtrlRetLTM,1.275400145671804,596,ok,
FAC_rank_vol_m3_n6_pairwise1,2021-12-31,CtrlVol,1.5223290436130352,596,ok,
FAC_rank_vol_m3_n6_pairwise1,2021-12-31,as_偏股混合型基金,1.0929632904711823,596,ok,
FAC_rank_vol_m3_n6_pairwise1,2021-12-31,Ctrl_log_fund_size,2.9291997268460945,596,ok,
FAC_rank_vol_m3_n6_pairwise1,2021-12-31,Ctrl_fund_age,2.7934005429288895,596,ok,
FAC_rank_vol_m3_n6_pairwise1,2022-01-28,FAC_rank_vol_m3_n6_pairwise1,1.4671241490309048,611,ok,
FAC_rank_vol_m3_n6_pairwise1,2022-01-28,CtrlRetSTR,1.617976629713971,611,ok,
FAC_rank_vol_m3_n6_pairwise1,2022-01-28,CtrlRetLTM,1.132733031985208,611,ok,
FAC_rank_vol_m3_n6_pairwise1,2022-01-28,CtrlVol,1.9957353593080622,611,ok,
FAC_rank_vol_m3_n6_pairwise1,2022-01-28,as_偏股混合型基金,1.080022804280233,611,ok,
FAC_rank_vol_m3_n6_pairwise1,2022-01-28,Ctrl_log_fund_size,2.929254448214592,611,ok,
FAC_rank_vol_m3_n6_pairwise1,2022-01-28,Ctrl_fund_age,2.826036399663894,611,ok,
FAC_rank_vol_m3_n6_pairwise1,2022-02-28,FAC_rank_vol_m3_n6_pairwise1,1.350059329289549,641,ok,
FAC_rank_vol_m3_n6_pairwise1,2022-02-28,CtrlRetSTR,1.4886870282639815,641,ok,
FAC_rank_vol_m3_n6_pairwise1,2022-02-28,CtrlRetLTM,1.339113112125737,641,ok,
FAC_rank_vol_m3_n6_pairwise1,2022-02-28,CtrlVol,1.790707459932829,641,ok,
FAC_rank_vol_m3_n6_pairwise1,2022-02-28,as_偏股混合型基金,1.070867588906319,641,ok,
FAC_rank_vol_m3_n6_pairwise1,2022-02-28,Ctrl_log_fund_size,3.107176713637209,641,ok,
FAC_rank_vol_m3_n6_pairwise1,2022-02-28,Ctrl_fund_age,2.9500995536185384,641,ok,
FAC_rank_vol_m3_n6_pairwise1,2022-03-31,FAC_rank_vol_m3_n6_pairwise1,1.1954015282419923,657,ok,
FAC_rank_vol_m3_n6_pairwise1,2022-03-31,CtrlRetSTR,1.1107473622678703,657,ok,
FAC_rank_vol_m3_n6_pairwise1,2022-03-31,CtrlRetLTM,1.4529872887105149,657,ok,
FAC_rank_vol_m3_n6_pairwise1,2022-03-31,CtrlVol,1.4721278993873912,657,ok,
FAC_rank_vol_m3_n6_pairwise1,2022-03-31,as_偏股混合型基金,1.0597365202438531,657,ok,
FAC_rank_vol_m3_n6_pairwise1,2022-03-31,Ctrl_log_fund_size,3.1860929456244818,657,ok,
FAC_rank_vol_m3_n6_pairwise1,2022-03-31,Ctrl_fund_age,3.0492876122261783,657,ok,
FAC_rank_vol_m3_n6_pairwise1,2022-04-29,FAC_rank_vol_m3_n6_pairwise1,1.1101840775966403,705,ok,
FAC_rank_vol_m3_n6_pairwise1,2022-04-29,CtrlRetSTR,1.6488254041206751,705,ok,
FAC_rank_vol_m3_n6_pairwise1,2022-04-29,CtrlRetLTM,1.3227891339531506,705,ok,
FAC_rank_vol_m3_n6_pairwise1,2022-04-29,CtrlVol,1.566282653646406,705,ok,
FAC_rank_vol_m3_n6_pairwise1,2022-04-29,as_偏股混合型基金,1.0575901227704025,705,ok,
FAC_rank_vol_m3_n6_pairwise1,2022-04-29,Ctrl_log_fund_size,3.268600517562346,705,ok,
FAC_rank_vol_m3_n6_pairwise1,2022-04-29,Ctrl_fund_age,3.1275988933307084,705,ok,
FAC_rank_vol_m3_n6_pairwise1,2022-05-31,FAC_rank_vol_m3_n6_pairwise1,1.1920478449489578,744,ok,
FAC_rank_vol_m3_n6_pairwise1,2022-05-31,CtrlRetSTR,1.4795856235585987,744,ok,
FAC_rank_vol_m3_n6_pairwise1,2022-05-31,CtrlRetLTM,1.2047274584991858,744,ok,
FAC_rank_vol_m3_n6_pairwise1,2022-05-31,CtrlVol,1.6346297063428588,744,ok,
FAC_rank_vol_m3_n6_pairwise1,2022-05-31,as_偏股混合型基金,1.0369684665754988,744,ok,
FAC_rank_vol_m3_n6_pairwise1,2022-05-31,Ctrl_log_fund_size,3.3853824595936324,744,ok,
FAC_rank_vol_m3_n6_pairwise1,2022-05-31,Ctrl_fund_age,3.2298937583766287,744,ok,
FAC_rank_vol_m3_n6_pairwise1,2022-06-30,FAC_rank_vol_m3_n6_pairwise1,1.174609255009735,758,ok,
FAC_rank_vol_m3_n6_pairwise1,2022-06-30,CtrlRetSTR,1.4074819666902219,758,ok,
FAC_rank_vol_m3_n6_pairwise1,2022-06-30,CtrlRetLTM,1.2049054892579192,758,ok,
FAC_rank_vol_m3_n6_pairwise1,2022-06-30,CtrlVol,1.3659882068052491,758,ok,
FAC_rank_vol_m3_n6_pairwise1,2022-06-30,as_偏股混合型基金,1.0310080701958253,758,ok,
FAC_rank_vol_m3_n6_pairwise1,2022-06-30,Ctrl_log_fund_size,3.4408193715701776,758,ok,
FAC_rank_vol_m3_n6_pairwise1,2022-06-30,Ctrl_fund_age,3.2296779540572698,758,ok,
FAC_rank_vol_m6_n3_pairwise1,2004-08-31,FAC_rank_vol_m6_n3_pairwise1,,0,skipped,完整变量样本数小于 min_cross_section_n
FAC_rank_vol_m6_n3_pairwise1,2004-08-31,CtrlRetSTR,,0,skipped,完整变量样本数小于 min_cross_section_n
FAC_rank_vol_m6_n3_pairwise1,2004-08-31,CtrlRetLTM,,0,skipped,完整变量样本数小于 min_cross_section_n
FAC_rank_vol_m6_n3_pairwise1,2004-08-31,CtrlVol,,0,skipped,完整变量样本数小于 min_cross_section_n
FAC_rank_vol_m6_n3_pairwise1,2004-08-31,as_偏股混合型基金,,0,skipped,完整变量样本数小于 min_cross_section_n
FAC_rank_vol_m6_n3_pairwise1,2004-08-31,Ctrl_log_fund_size,,0,skipped,完整变量样本数小于 min_cross_section_n
FAC_rank_vol_m6_n3_pairwise1,2004-08-31,Ctrl_fund_age,,0,skipped,完整变量样本数小于 min_cross_section_n
FAC_rank_vol_m6_n3_pairwise1,2004-09-30,FAC_rank_vol_m6_n3_pairwise1,,0,skipped,完整变量样本数小于 min_cross_section_n
FAC_rank_vol_m6_n3_pairwise1,2004-09-30,CtrlRetSTR,,0,skipped,完整变量样本数小于 min_cross_section_n
FAC_rank_vol_m6_n3_pairwise1,2004-09-30,CtrlRetLTM,,0,skipped,完整变量样本数小于 min_cross_section_n
FAC_rank_vol_m6_n3_pairwise1,2004-09-30,CtrlVol,,0,skipped,完整变量样本数小于 min_cross_section_n
FAC_rank_vol_m6_n3_pairwise1,2004-09-30,as_偏股混合型基金,,0,skipped,完整变量样本数小于 min_cross_section_n
FAC_rank_vol_m6_n3_pairwise1,2004-09-30,Ctrl_log_fund_size,,0,skipped,完整变量样本数小于 min_cross_section_n
FAC_rank_vol_m6_n3_pairwise1,2004-09-30,Ctrl_fund_age,,0,skipped,完整变量样本数小于 min_cross_section_n
FAC_rank_vol_m6_n3_pairwise1,2004-10-29,FAC_rank_vol_m6_n3_pairwise1,,0,skipped,完整变量样本数小于 min_cross_section_n
FAC_rank_vol_m6_n3_pairwise1,2004-10-29,CtrlRetSTR,,0,skipped,完整变量样本数小于 min_cross_section_n
FAC_rank_vol_m6_n3_pairwise1,2004-10-29,CtrlRetLTM,,0,skipped,完整变量样本数小于 min_cross_section_n
FAC_rank_vol_m6_n3_pairwise1,2004-10-29,CtrlVol,,0,skipped,完整变量样本数小于 min_cross_section_n
FAC_rank_vol_m6_n3_pairwise1,2004-10-29,as_偏股混合型基金,,0,skipped,完整变量样本数小于 min_cross_section_n
FAC_rank_vol_m6_n3_pairwise1,2004-10-29,Ctrl_log_fund_size,,0,skipped,完整变量样本数小于 min_cross_section_n
FAC_rank_vol_m6_n3_pairwise1,2004-10-29,Ctrl_fund_age,,0,skipped,完整变量样本数小于 min_cross_section_n
FAC_rank_vol_m6_n3_pairwise1,2004-11-30,FAC_rank_vol_m6_n3_pairwise1,,0,skipped,完整变量样本数小于 min_cross_section_n
FAC_rank_vol_m6_n3_pairwise1,2004-11-30,CtrlRetSTR,,0,skipped,完整变量样本数小于 min_cross_section_n
FAC_rank_vol_m6_n3_pairwise1,2004-11-30,CtrlRetLTM,,0,skipped,完整变量样本数小于 min_cross_section_n
FAC_rank_vol_m6_n3_pairwise1,2004-11-30,CtrlVol,,0,skipped,完整变量样本数小于 min_cross_section_n
FAC_rank_vol_m6_n3_pairwise1,2004-11-30,as_偏股混合型基金,,0,skipped,完整变量样本数小于 min_cross_section_n
FAC_rank_vol_m6_n3_pairwise1,2004-11-30,Ctrl_log_fund_size,,0,skipped,完整变量样本数小于 min_cross_section_n
FAC_rank_vol_m6_n3_pairwise1,2004-11-30,Ctrl_fund_age,,0,skipped,完整变量样本数小于 min_cross_section_n
FAC_rank_vol_m6_n3_pairwise1,2004-12-31,FAC_rank_vol_m6_n3_pairwise1,,0,skipped,完整变量样本数小于 min_cross_section_n
FAC_rank_vol_m6_n3_pairwise1,2004-12-31,CtrlRetSTR,,0,skipped,完整变量样本数小于 min_cross_section_n
FAC_rank_vol_m6_n3_pairwise1,2004-12-31,CtrlRetLTM,,0,skipped,完整变量样本数小于 min_cross_section_n
FAC_rank_vol_m6_n3_pairwise1,2004-12-31,CtrlVol,,0,skipped,完整变量样本数小于 min_cross_section_n
FAC_rank_vol_m6_n3_pairwise1,2004-12-31,as_偏股混合型基金,,0,skipped,完整变量样本数小于 min_cross_section_n
FAC_rank_vol_m6_n3_pairwise1,2004-12-31,Ctrl_log_fund_size,,0,skipped,完整变量样本数小于 min_cross_section_n
FAC_rank_vol_m6_n3_pairwise1,2004-12-31,Ctrl_fund_age,,0,skipped,完整变量样本数小于 min_cross_section_n
FAC_rank_vol_m6_n3_pairwise1,2005-01-31,FAC_rank_vol_m6_n3_pairwise1,,0,skipped,完整变量样本数小于 min_cross_section_n
FAC_rank_vol_m6_n3_pairwise1,2005-01-31,CtrlRetSTR,,0,skipped,完整变量样本数小于 min_cross_section_n
FAC_rank_vol_m6_n3_pairwise1,2005-01-31,CtrlRetLTM,,0,skipped,完整变量样本数小于 min_cross_section_n
FAC_rank_vol_m6_n3_pairwise1,2005-01-31,CtrlVol,,0,skipped,完整变量样本数小于 min_cross_section_n
FAC_rank_vol_m6_n3_pairwise1,2005-01-31,as_偏股混合型基金,,0,skipped,完整变量样本数小于 min_cross_section_n
FAC_rank_vol_m6_n3_pairwise1,2005-01-31,Ctrl_log_fund_size,,0,skipped,完整变量样本数小于 min_cross_section_n
FAC_rank_vol_m6_n3_pairwise1,2005-01-31,Ctrl_fund_age,,0,skipped,完整变量样本数小于 min_cross_section_n
FAC_rank_vol_m6_n3_pairwise1,2005-02-28,FAC_rank_vol_m6_n3_pairwise1,,0,skipped,完整变量样本数小于 min_cross_section_n
FAC_rank_vol_m6_n3_pairwise1,2005-02-28,CtrlRetSTR,,0,skipped,完整变量样本数小于 min_cross_section_n
FAC_rank_vol_m6_n3_pairwise1,2005-02-28,CtrlRetLTM,,0,skipped,完整变量样本数小于 min_cross_section_n
FAC_rank_vol_m6_n3_pairwise1,2005-02-28,CtrlVol,,0,skipped,完整变量样本数小于 min_cross_section_n
FAC_rank_vol_m6_n3_pairwise1,2005-02-28,as_偏股混合型基金,,0,skipped,完整变量样本数小于 min_cross_section_n
FAC_rank_vol_m6_n3_pairwise1,2005-02-28,Ctrl_log_fund_size,,0,skipped,完整变量样本数小于 min_cross_section_n
FAC_rank_vol_m6_n3_pairwise1,2005-02-28,Ctrl_fund_age,,0,skipped,完整变量样本数小于 min_cross_section_n
FAC_rank_vol_m6_n3_pairwise1,2005-03-31,FAC_rank_vol_m6_n3_pairwise1,,0,skipped,完整变量样本数小于 min_cross_section_n
FAC_rank_vol_m6_n3_pairwise1,2005-03-31,CtrlRetSTR,,0,skipped,完整变量样本数小于 min_cross_section_n
FAC_rank_vol_m6_n3_pairwise1,2005-03-31,CtrlRetLTM,,0,skipped,完整变量样本数小于 min_cross_section_n
FAC_rank_vol_m6_n3_pairwise1,2005-03-31,CtrlVol,,0,skipped,完整变量样本数小于 min_cross_section_n
FAC_rank_vol_m6_n3_pairwise1,2005-03-31,as_偏股混合型基金,,0,skipped,完整变量样本数小于 min_cross_section_n
FAC_rank_vol_m6_n3_pairwise1,2005-03-31,Ctrl_log_fund_size,,0,skipped,完整变量样本数小于 min_cross_section_n
FAC_rank_vol_m6_n3_pairwise1,2005-03-31,Ctrl_fund_age,,0,skipped,完整变量样本数小于 min_cross_section_n
FAC_rank_vol_m6_n3_pairwise1,2005-04-29,FAC_rank_vol_m6_n3_pairwise1,,0,skipped,完整变量样本数小于 min_cross_section_n
FAC_rank_vol_m6_n3_pairwise1,2005-04-29,CtrlRetSTR,,0,skipped,完整变量样本数小于 min_cross_section_n
FAC_rank_vol_m6_n3_pairwise1,2005-04-29,CtrlRetLTM,,0,skipped,完整变量样本数小于 min_cross_section_n
FAC_rank_vol_m6_n3_pairwise1,2005-04-29,CtrlVol,,0,skipped,完整变量样本数小于 min_cross_section_n
FAC_rank_vol_m6_n3_pairwise1,2005-04-29,as_偏股混合型基金,,0,skipped,完整变量样本数小于 min_cross_section_n
FAC_rank_vol_m6_n3_pairwise1,2005-04-29,Ctrl_log_fund_size,,0,skipped,完整变量样本数小于 min_cross_section_n
FAC_rank_vol_m6_n3_pairwise1,2005-04-29,Ctrl_fund_age,,0,skipped,完整变量样本数小于 min_cross_section_n
FAC_rank_vol_m6_n3_pairwise1,2005-05-31,FAC_rank_vol_m6_n3_pairwise1,,0,skipped,完整变量样本数小于 min_cross_section_n
FAC_rank_vol_m6_n3_pairwise1,2005-05-31,CtrlRetSTR,,0,skipped,完整变量样本数小于 min_cross_section_n
FAC_rank_vol_m6_n3_pairwise1,2005-05-31,CtrlRetLTM,,0,skipped,完整变量样本数小于 min_cross_section_n
FAC_rank_vol_m6_n3_pairwise1,2005-05-31,CtrlVol,,0,skipped,完整变量样本数小于 min_cross_section_n
FAC_rank_vol_m6_n3_pairwise1,2005-05-31,as_偏股混合型基金,,0,skipped,完整变量样本数小于 min_cross_section_n
FAC_rank_vol_m6_n3_pairwise1,2005-05-31,Ctrl_log_fund_size,,0,skipped,完整变量样本数小于 min_cross_section_n
FAC_rank_vol_m6_n3_pairwise1,2005-05-31,Ctrl_fund_age,,0,skipped,完整变量样本数小于 min_cross_section_n
FAC_rank_vol_m6_n3_pairwise1,2005-06-30,FAC_rank_vol_m6_n3_pairwise1,,0,skipped,完整变量样本数小于 min_cross_section_n
FAC_rank_vol_m6_n3_pairwise1,2005-06-30,CtrlRetSTR,,0,skipped,完整变量样本数小于 min_cross_section_n
FAC_rank_vol_m6_n3_pairwise1,2005-06-30,CtrlRetLTM,,0,skipped,完整变量样本数小于 min_cross_section_n
FAC_rank_vol_m6_n3_pairwise1,2005-06-30,CtrlVol,,0,skipped,完整变量样本数小于 min_cross_section_n
FAC_rank_vol_m6_n3_pairwise1,2005-06-30,as_偏股混合型基金,,0,skipped,完整变量样本数小于 min_cross_section_n
FAC_rank_vol_m6_n3_pairwise1,2005-06-30,Ctrl_log_fund_size,,0,skipped,完整变量样本数小于 min_cross_section_n
FAC_rank_vol_m6_n3_pairwise1,2005-06-30,Ctrl_fund_age,,0,skipped,完整变量样本数小于 min_cross_section_n
FAC_rank_vol_m6_n3_pairwise1,2005-07-29,FAC_rank_vol_m6_n3_pairwise1,,0,skipped,完整变量样本数小于 min_cross_section_n
FAC_rank_vol_m6_n3_pairwise1,2005-07-29,CtrlRetSTR,,0,skipped,完整变量样本数小于 min_cross_section_n
FAC_rank_vol_m6_n3_pairwise1,2005-07-29,CtrlRetLTM,,0,skipped,完整变量样本数小于 min_cross_section_n
FAC_rank_vol_m6_n3_pairwise1,2005-07-29,CtrlVol,,0,skipped,完整变量样本数小于 min_cross_section_n
FAC_rank_vol_m6_n3_pairwise1,2005-07-29,as_偏股混合型基金,,0,skipped,完整变量样本数小于 min_cross_section_n
FAC_rank_vol_m6_n3_pairwise1,2005-07-29,Ctrl_log_fund_size,,0,skipped,完整变量样本数小于 min_cross_section_n
FAC_rank_vol_m6_n3_pairwise1,2005-07-29,Ctrl_fund_age,,0,skipped,完整变量样本数小于 min_cross_section_n
FAC_rank_vol_m6_n3_pairwise1,2005-08-31,FAC_rank_vol_m6_n3_pairwise1,,0,skipped,完整变量样本数小于 min_cross_section_n
FAC_rank_vol_m6_n3_pairwise1,2005-08-31,CtrlRetSTR,,0,skipped,完整变量样本数小于 min_cross_section_n
FAC_rank_vol_m6_n3_pairwise1,2005-08-31,CtrlRetLTM,,0,skipped,完整变量样本数小于 min_cross_section_n
FAC_rank_vol_m6_n3_pairwise1,2005-08-31,CtrlVol,,0,skipped,完整变量样本数小于 min_cross_section_n
FAC_rank_vol_m6_n3_pairwise1,2005-08-31,as_偏股混合型基金,,0,skipped,完整变量样本数小于 min_cross_section_n
FAC_rank_vol_m6_n3_pairwise1,2005-08-31,Ctrl_log_fund_size,,0,skipped,完整变量样本数小于 min_cross_section_n
FAC_rank_vol_m6_n3_pairwise1,2005-08-31,Ctrl_fund_age,,0,skipped,完整变量样本数小于 min_cross_section_n
FAC_rank_vol_m6_n3_pairwise1,2005-09-30,FAC_rank_vol_m6_n3_pairwise1,,1,skipped,完整变量样本数小于 min_cross_section_n
FAC_rank_vol_m6_n3_pairwise1,2005-09-30,CtrlRetSTR,,1,skipped,完整变量样本数小于 min_cross_section_n
FAC_rank_vol_m6_n3_pairwise1,2005-09-30,CtrlRetLTM,,1,skipped,完整变量样本数小于 min_cross_section_n
FAC_rank_vol_m6_n3_pairwise1,2005-09-30,CtrlVol,,1,skipped,完整变量样本数小于 min_cross_section_n
FAC_rank_vol_m6_n3_pairwise1,2005-09-30,as_偏股混合型基金,,1,skipped,完整变量样本数小于 min_cross_section_n
FAC_rank_vol_m6_n3_pairwise1,2005-09-30,Ctrl_log_fund_size,,1,skipped,完整变量样本数小于 min_cross_section_n
FAC_rank_vol_m6_n3_pairwise1,2005-09-30,Ctrl_fund_age,,1,skipped,完整变量样本数小于 min_cross_section_n
FAC_rank_vol_m6_n3_pairwise1,2005-10-31,FAC_rank_vol_m6_n3_pairwise1,,1,skipped,完整变量样本数小于 min_cross_section_n
FAC_rank_vol_m6_n3_pairwise1,2005-10-31,CtrlRetSTR,,1,skipped,完整变量样本数小于 min_cross_section_n
FAC_rank_vol_m6_n3_pairwise1,2005-10-31,CtrlRetLTM,,1,skipped,完整变量样本数小于 min_cross_section_n
FAC_rank_vol_m6_n3_pairwise1,2005-10-31,CtrlVol,,1,skipped,完整变量样本数小于 min_cross_section_n
FAC_rank_vol_m6_n3_pairwise1,2005-10-31,as_偏股混合型基金,,1,skipped,完整变量样本数小于 min_cross_section_n
FAC_rank_vol_m6_n3_pairwise1,2005-10-31,Ctrl_log_fund_size,,1,skipped,完整变量样本数小于 min_cross_section_n
FAC_rank_vol_m6_n3_pairwise1,2005-10-31,Ctrl_fund_age,,1,skipped,完整变量样本数小于 min_cross_section_n
FAC_rank_vol_m6_n3_pairwise1,2005-11-30,FAC_rank_vol_m6_n3_pairwise1,,2,skipped,完整变量样本数小于 min_cross_section_n
FAC_rank_vol_m6_n3_pairwise1,2005-11-30,CtrlRetSTR,,2,skipped,完整变量样本数小于 min_cross_section_n
FAC_rank_vol_m6_n3_pairwise1,2005-11-30,CtrlRetLTM,,2,skipped,完整变量样本数小于 min_cross_section_n
FAC_rank_vol_m6_n3_pairwise1,2005-11-30,CtrlVol,,2,skipped,完整变量样本数小于 min_cross_section_n
FAC_rank_vol_m6_n3_pairwise1,2005-11-30,as_偏股混合型基金,,2,skipped,完整变量样本数小于 min_cross_section_n
FAC_rank_vol_m6_n3_pairwise1,2005-11-30,Ctrl_log_fund_size,,2,skipped,完整变量样本数小于 min_cross_section_n
FAC_rank_vol_m6_n3_pairwise1,2005-11-30,Ctrl_fund_age,,2,skipped,完整变量样本数小于 min_cross_section_n
FAC_rank_vol_m6_n3_pairwise1,2005-12-30,FAC_rank_vol_m6_n3_pairwise1,,3,skipped,完整变量样本数小于 min_cross_section_n
FAC_rank_vol_m6_n3_pairwise1,2005-12-30,CtrlRetSTR,,3,skipped,完整变量样本数小于 min_cross_section_n
FAC_rank_vol_m6_n3_pairwise1,2005-12-30,CtrlRetLTM,,3,skipped,完整变量样本数小于 min_cross_section_n
FAC_rank_vol_m6_n3_pairwise1,2005-12-30,CtrlVol,,3,skipped,完整变量样本数小于 min_cross_section_n
FAC_rank_vol_m6_n3_pairwise1,2005-12-30,as_偏股混合型基金,,3,skipped,完整变量样本数小于 min_cross_section_n
FAC_rank_vol_m6_n3_pairwise1,2005-12-30,Ctrl_log_fund_size,,3,skipped,完整变量样本数小于 min_cross_section_n
FAC_rank_vol_m6_n3_pairwise1,2005-12-30,Ctrl_fund_age,,3,skipped,完整变量样本数小于 min_cross_section_n
FAC_rank_vol_m6_n3_pairwise1,2006-01-25,FAC_rank_vol_m6_n3_pairwise1,,3,skipped,完整变量样本数小于 min_cross_section_n
FAC_rank_vol_m6_n3_pairwise1,2006-01-25,CtrlRetSTR,,3,skipped,完整变量样本数小于 min_cross_section_n
FAC_rank_vol_m6_n3_pairwise1,2006-01-25,CtrlRetLTM,,3,skipped,完整变量样本数小于 min_cross_section_n
FAC_rank_vol_m6_n3_pairwise1,2006-01-25,CtrlVol,,3,skipped,完整变量样本数小于 min_cross_section_n
FAC_rank_vol_m6_n3_pairwise1,2006-01-25,as_偏股混合型基金,,3,skipped,完整变量样本数小于 min_cross_section_n
FAC_rank_vol_m6_n3_pairwise1,2006-01-25,Ctrl_log_fund_size,,3,skipped,完整变量样本数小于 min_cross_section_n
FAC_rank_vol_m6_n3_pairwise1,2006-01-25,Ctrl_fund_age,,3,skipped,完整变量样本数小于 min_cross_section_n
FAC_rank_vol_m6_n3_pairwise1,2006-02-28,FAC_rank_vol_m6_n3_pairwise1,,3,skipped,完整变量样本数小于 min_cross_section_n
FAC_rank_vol_m6_n3_pairwise1,2006-02-28,CtrlRetSTR,,3,skipped,完整变量样本数小于 min_cross_section_n
FAC_rank_vol_m6_n3_pairwise1,2006-02-28,CtrlRetLTM,,3,skipped,完整变量样本数小于 min_cross_section_n
FAC_rank_vol_m6_n3_pairwise1,2006-02-28,CtrlVol,,3,skipped,完整变量样本数小于 min_cross_section_n
FAC_rank_vol_m6_n3_pairwise1,2006-02-28,as_偏股混合型基金,,3,skipped,完整变量样本数小于 min_cross_section_n
FAC_rank_vol_m6_n3_pairwise1,2006-02-28,Ctrl_log_fund_size,,3,skipped,完整变量样本数小于 min_cross_section_n
FAC_rank_vol_m6_n3_pairwise1,2006-02-28,Ctrl_fund_age,,3,skipped,完整变量样本数小于 min_cross_section_n
FAC_rank_vol_m6_n3_pairwise1,2006-03-31,FAC_rank_vol_m6_n3_pairwise1,,4,skipped,完整变量样本数小于 min_cross_section_n
FAC_rank_vol_m6_n3_pairwise1,2006-03-31,CtrlRetSTR,,4,skipped,完整变量样本数小于 min_cross_section_n
FAC_rank_vol_m6_n3_pairwise1,2006-03-31,CtrlRetLTM,,4,skipped,完整变量样本数小于 min_cross_section_n
FAC_rank_vol_m6_n3_pairwise1,2006-03-31,CtrlVol,,4,skipped,完整变量样本数小于 min_cross_section_n
FAC_rank_vol_m6_n3_pairwise1,2006-03-31,as_偏股混合型基金,,4,skipped,完整变量样本数小于 min_cross_section_n
FAC_rank_vol_m6_n3_pairwise1,2006-03-31,Ctrl_log_fund_size,,4,skipped,完整变量样本数小于 min_cross_section_n
FAC_rank_vol_m6_n3_pairwise1,2006-03-31,Ctrl_fund_age,,4,skipped,完整变量样本数小于 min_cross_section_n
FAC_rank_vol_m6_n3_pairwise1,2006-04-28,FAC_rank_vol_m6_n3_pairwise1,,6,skipped,完整变量样本数小于 min_cross_section_n
FAC_rank_vol_m6_n3_pairwise1,2006-04-28,CtrlRetSTR,,6,skipped,完整变量样本数小于 min_cross_section_n
FAC_rank_vol_m6_n3_pairwise1,2006-04-28,CtrlRetLTM,,6,skipped,完整变量样本数小于 min_cross_section_n
FAC_rank_vol_m6_n3_pairwise1,2006-04-28,CtrlVol,,6,skipped,完整变量样本数小于 min_cross_section_n
FAC_rank_vol_m6_n3_pairwise1,2006-04-28,as_偏股混合型基金,,6,skipped,完整变量样本数小于 min_cross_section_n
FAC_rank_vol_m6_n3_pairwise1,2006-04-28,Ctrl_log_fund_size,,6,skipped,完整变量样本数小于 min_cross_section_n
FAC_rank_vol_m6_n3_pairwise1,2006-04-28,Ctrl_fund_age,,6,skipped,完整变量样本数小于 min_cross_section_n
FAC_rank_vol_m6_n3_pairwise1,2006-05-31,FAC_rank_vol_m6_n3_pairwise1,,6,skipped,完整变量样本数小于 min_cross_section_n
FAC_rank_vol_m6_n3_pairwise1,2006-05-31,CtrlRetSTR,,6,skipped,完整变量样本数小于 min_cross_section_n
FAC_rank_vol_m6_n3_pairwise1,2006-05-31,CtrlRetLTM,,6,skipped,完整变量样本数小于 min_cross_section_n
FAC_rank_vol_m6_n3_pairwise1,2006-05-31,CtrlVol,,6,skipped,完整变量样本数小于 min_cross_section_n
FAC_rank_vol_m6_n3_pairwise1,2006-05-31,as_偏股混合型基金,,6,skipped,完整变量样本数小于 min_cross_section_n
FAC_rank_vol_m6_n3_pairwise1,2006-05-31,Ctrl_log_fund_size,,6,skipped,完整变量样本数小于 min_cross_section_n
FAC_rank_vol_m6_n3_pairwise1,2006-05-31,Ctrl_fund_age,,6,skipped,完整变量样本数小于 min_cross_section_n
FAC_rank_vol_m6_n3_pairwise1,2006-06-30,FAC_rank_vol_m6_n3_pairwise1,,6,skipped,完整变量样本数小于 min_cross_section_n
FAC_rank_vol_m6_n3_pairwise1,2006-06-30,CtrlRetSTR,,6,skipped,完整变量样本数小于 min_cross_section_n
FAC_rank_vol_m6_n3_pairwise1,2006-06-30,CtrlRetLTM,,6,skipped,完整变量样本数小于 min_cross_section_n
FAC_rank_vol_m6_n3_pairwise1,2006-06-30,CtrlVol,,6,skipped,完整变量样本数小于 min_cross_section_n
FAC_rank_vol_m6_n3_pairwise1,2006-06-30,as_偏股混合型基金,,6,skipped,完整变量样本数小于 min_cross_section_n
FAC_rank_vol_m6_n3_pairwise1,2006-06-30,Ctrl_log_fund_size,,6,skipped,完整变量样本数小于 min_cross_section_n
FAC_rank_vol_m6_n3_pairwise1,2006-06-30,Ctrl_fund_age,,6,skipped,完整变量样本数小于 min_cross_section_n
FAC_rank_vol_m6_n3_pairwise1,2006-07-31,FAC_rank_vol_m6_n3_pairwise1,,6,skipped,完整变量样本数小于 min_cross_section_n
FAC_rank_vol_m6_n3_pairwise1,2006-07-31,CtrlRetSTR,,6,skipped,完整变量样本数小于 min_cross_section_n
FAC_rank_vol_m6_n3_pairwise1,2006-07-31,CtrlRetLTM,,6,skipped,完整变量样本数小于 min_cross_section_n
FAC_rank_vol_m6_n3_pairwise1,2006-07-31,CtrlVol,,6,skipped,完整变量样本数小于 min_cross_section_n
FAC_rank_vol_m6_n3_pairwise1,2006-07-31,as_偏股混合型基金,,6,skipped,完整变量样本数小于 min_cross_section_n
FAC_rank_vol_m6_n3_pairwise1,2006-07-31,Ctrl_log_fund_size,,6,skipped,完整变量样本数小于 min_cross_section_n
FAC_rank_vol_m6_n3_pairwise1,2006-07-31,Ctrl_fund_age,,6,skipped,完整变量样本数小于 min_cross_section_n
FAC_rank_vol_m6_n3_pairwise1,2006-08-31,FAC_rank_vol_m6_n3_pairwise1,,5,skipped,完整变量样本数小于 min_cross_section_n
FAC_rank_vol_m6_n3_pairwise1,2006-08-31,CtrlRetSTR,,5,skipped,完整变量样本数小于 min_cross_section_n
FAC_rank_vol_m6_n3_pairwise1,2006-08-31,CtrlRetLTM,,5,skipped,完整变量样本数小于 min_cross_section_n
FAC_rank_vol_m6_n3_pairwise1,2006-08-31,CtrlVol,,5,skipped,完整变量样本数小于 min_cross_section_n
FAC_rank_vol_m6_n3_pairwise1,2006-08-31,as_偏股混合型基金,,5,skipped,完整变量样本数小于 min_cross_section_n
FAC_rank_vol_m6_n3_pairwise1,2006-08-31,Ctrl_log_fund_size,,5,skipped,完整变量样本数小于 min_cross_section_n
FAC_rank_vol_m6_n3_pairwise1,2006-08-31,Ctrl_fund_age,,5,skipped,完整变量样本数小于 min_cross_section_n
FAC_rank_vol_m6_n3_pairwise1,2006-09-29,FAC_rank_vol_m6_n3_pairwise1,,6,skipped,完整变量样本数小于 min_cross_section_n
FAC_rank_vol_m6_n3_pairwise1,2006-09-29,CtrlRetSTR,,6,skipped,完整变量样本数小于 min_cross_section_n
FAC_rank_vol_m6_n3_pairwise1,2006-09-29,CtrlRetLTM,,6,skipped,完整变量样本数小于 min_cross_section_n
FAC_rank_vol_m6_n3_pairwise1,2006-09-29,CtrlVol,,6,skipped,完整变量样本数小于 min_cross_section_n
FAC_rank_vol_m6_n3_pairwise1,2006-09-29,as_偏股混合型基金,,6,skipped,完整变量样本数小于 min_cross_section_n
FAC_rank_vol_m6_n3_pairwise1,2006-09-29,Ctrl_log_fund_size,,6,skipped,完整变量样本数小于 min_cross_section_n
FAC_rank_vol_m6_n3_pairwise1,2006-09-29,Ctrl_fund_age,,6,skipped,完整变量样本数小于 min_cross_section_n
FAC_rank_vol_m6_n3_pairwise1,2006-10-31,FAC_rank_vol_m6_n3_pairwise1,,6,skipped,完整变量样本数小于 min_cross_section_n
FAC_rank_vol_m6_n3_pairwise1,2006-10-31,CtrlRetSTR,,6,skipped,完整变量样本数小于 min_cross_section_n
FAC_rank_vol_m6_n3_pairwise1,2006-10-31,CtrlRetLTM,,6,skipped,完整变量样本数小于 min_cross_section_n
FAC_rank_vol_m6_n3_pairwise1,2006-10-31,CtrlVol,,6,skipped,完整变量样本数小于 min_cross_section_n
FAC_rank_vol_m6_n3_pairwise1,2006-10-31,as_偏股混合型基金,,6,skipped,完整变量样本数小于 min_cross_section_n
FAC_rank_vol_m6_n3_pairwise1,2006-10-31,Ctrl_log_fund_size,,6,skipped,完整变量样本数小于 min_cross_section_n
FAC_rank_vol_m6_n3_pairwise1,2006-10-31,Ctrl_fund_age,,6,skipped,完整变量样本数小于 min_cross_section_n
FAC_rank_vol_m6_n3_pairwise1,2006-11-30,FAC_rank_vol_m6_n3_pairwise1,,7,skipped,完整变量样本数小于 min_cross_section_n
FAC_rank_vol_m6_n3_pairwise1,2006-11-30,CtrlRetSTR,,7,skipped,完整变量样本数小于 min_cross_section_n
FAC_rank_vol_m6_n3_pairwise1,2006-11-30,CtrlRetLTM,,7,skipped,完整变量样本数小于 min_cross_section_n
FAC_rank_vol_m6_n3_pairwise1,2006-11-30,CtrlVol,,7,skipped,完整变量样本数小于 min_cross_section_n
FAC_rank_vol_m6_n3_pairwise1,2006-11-30,as_偏股混合型基金,,7,skipped,完整变量样本数小于 min_cross_section_n
FAC_rank_vol_m6_n3_pairwise1,2006-11-30,Ctrl_log_fund_size,,7,skipped,完整变量样本数小于 min_cross_section_n
FAC_rank_vol_m6_n3_pairwise1,2006-11-30,Ctrl_fund_age,,7,skipped,完整变量样本数小于 min_cross_section_n
FAC_rank_vol_m6_n3_pairwise1,2006-12-29,FAC_rank_vol_m6_n3_pairwise1,,8,skipped,完整变量样本数小于 min_cross_section_n
FAC_rank_vol_m6_n3_pairwise1,2006-12-29,CtrlRetSTR,,8,skipped,完整变量样本数小于 min_cross_section_n
FAC_rank_vol_m6_n3_pairwise1,2006-12-29,CtrlRetLTM,,8,skipped,完整变量样本数小于 min_cross_section_n
FAC_rank_vol_m6_n3_pairwise1,2006-12-29,CtrlVol,,8,skipped,完整变量样本数小于 min_cross_section_n
FAC_rank_vol_m6_n3_pairwise1,2006-12-29,as_偏股混合型基金,,8,skipped,完整变量样本数小于 min_cross_section_n
FAC_rank_vol_m6_n3_pairwise1,2006-12-29,Ctrl_log_fund_size,,8,skipped,完整变量样本数小于 min_cross_section_n
FAC_rank_vol_m6_n3_pairwise1,2006-12-29,Ctrl_fund_age,,8,skipped,完整变量样本数小于 min_cross_section_n
FAC_rank_vol_m6_n3_pairwise1,2007-01-31,FAC_rank_vol_m6_n3_pairwise1,,8,skipped,完整变量样本数小于 min_cross_section_n
FAC_rank_vol_m6_n3_pairwise1,2007-01-31,CtrlRetSTR,,8,skipped,完整变量样本数小于 min_cross_section_n
FAC_rank_vol_m6_n3_pairwise1,2007-01-31,CtrlRetLTM,,8,skipped,完整变量样本数小于 min_cross_section_n
FAC_rank_vol_m6_n3_pairwise1,2007-01-31,CtrlVol,,8,skipped,完整变量样本数小于 min_cross_section_n
FAC_rank_vol_m6_n3_pairwise1,2007-01-31,as_偏股混合型基金,,8,skipped,完整变量样本数小于 min_cross_section_n
FAC_rank_vol_m6_n3_pairwise1,2007-01-31,Ctrl_log_fund_size,,8,skipped,完整变量样本数小于 min_cross_section_n
FAC_rank_vol_m6_n3_pairwise1,2007-01-31,Ctrl_fund_age,,8,skipped,完整变量样本数小于 min_cross_section_n
FAC_rank_vol_m6_n3_pairwise1,2007-02-28,FAC_rank_vol_m6_n3_pairwise1,,8,skipped,完整变量样本数小于 min_cross_section_n
FAC_rank_vol_m6_n3_pairwise1,2007-02-28,CtrlRetSTR,,8,skipped,完整变量样本数小于 min_cross_section_n
FAC_rank_vol_m6_n3_pairwise1,2007-02-28,CtrlRetLTM,,8,skipped,完整变量样本数小于 min_cross_section_n
FAC_rank_vol_m6_n3_pairwise1,2007-02-28,CtrlVol,,8,skipped,完整变量样本数小于 min_cross_section_n
FAC_rank_vol_m6_n3_pairwise1,2007-02-28,as_偏股混合型基金,,8,skipped,完整变量样本数小于 min_cross_section_n
FAC_rank_vol_m6_n3_pairwise1,2007-02-28,Ctrl_log_fund_size,,8,skipped,完整变量样本数小于 min_cross_section_n
FAC_rank_vol_m6_n3_pairwise1,2007-02-28,Ctrl_fund_age,,8,skipped,完整变量样本数小于 min_cross_section_n
FAC_rank_vol_m6_n3_pairwise1,2007-03-30,FAC_rank_vol_m6_n3_pairwise1,,8,skipped,完整变量样本数小于 min_cross_section_n
FAC_rank_vol_m6_n3_pairwise1,2007-03-30,CtrlRetSTR,,8,skipped,完整变量样本数小于 min_cross_section_n
FAC_rank_vol_m6_n3_pairwise1,2007-03-30,CtrlRetLTM,,8,skipped,完整变量样本数小于 min_cross_section_n
FAC_rank_vol_m6_n3_pairwise1,2007-03-30,CtrlVol,,8,skipped,完整变量样本数小于 min_cross_section_n
FAC_rank_vol_m6_n3_pairwise1,2007-03-30,as_偏股混合型基金,,8,skipped,完整变量样本数小于 min_cross_section_n
FAC_rank_vol_m6_n3_pairwise1,2007-03-30,Ctrl_log_fund_size,,8,skipped,完整变量样本数小于 min_cross_section_n
FAC_rank_vol_m6_n3_pairwise1,2007-03-30,Ctrl_fund_age,,8,skipped,完整变量样本数小于 min_cross_section_n
FAC_rank_vol_m6_n3_pairwise1,2007-04-30,FAC_rank_vol_m6_n3_pairwise1,,7,skipped,完整变量样本数小于 min_cross_section_n
FAC_rank_vol_m6_n3_pairwise1,2007-04-30,CtrlRetSTR,,7,skipped,完整变量样本数小于 min_cross_section_n
FAC_rank_vol_m6_n3_pairwise1,2007-04-30,CtrlRetLTM,,7,skipped,完整变量样本数小于 min_cross_section_n
FAC_rank_vol_m6_n3_pairwise1,2007-04-30,CtrlVol,,7,skipped,完整变量样本数小于 min_cross_section_n
FAC_rank_vol_m6_n3_pairwise1,2007-04-30,as_偏股混合型基金,,7,skipped,完整变量样本数小于 min_cross_section_n
FAC_rank_vol_m6_n3_pairwise1,2007-04-30,Ctrl_log_fund_size,,7,skipped,完整变量样本数小于 min_cross_section_n
FAC_rank_vol_m6_n3_pairwise1,2007-04-30,Ctrl_fund_age,,7,skipped,完整变量样本数小于 min_cross_section_n
FAC_rank_vol_m6_n3_pairwise1,2007-05-31,FAC_rank_vol_m6_n3_pairwise1,,6,skipped,完整变量样本数小于 min_cross_section_n
FAC_rank_vol_m6_n3_pairwise1,2007-05-31,CtrlRetSTR,,6,skipped,完整变量样本数小于 min_cross_section_n
FAC_rank_vol_m6_n3_pairwise1,2007-05-31,CtrlRetLTM,,6,skipped,完整变量样本数小于 min_cross_section_n
FAC_rank_vol_m6_n3_pairwise1,2007-05-31,CtrlVol,,6,skipped,完整变量样本数小于 min_cross_section_n
FAC_rank_vol_m6_n3_pairwise1,2007-05-31,as_偏股混合型基金,,6,skipped,完整变量样本数小于 min_cross_section_n
FAC_rank_vol_m6_n3_pairwise1,2007-05-31,Ctrl_log_fund_size,,6,skipped,完整变量样本数小于 min_cross_section_n
FAC_rank_vol_m6_n3_pairwise1,2007-05-31,Ctrl_fund_age,,6,skipped,完整变量样本数小于 min_cross_section_n
FAC_rank_vol_m6_n3_pairwise1,2007-06-29,FAC_rank_vol_m6_n3_pairwise1,,5,skipped,完整变量样本数小于 min_cross_section_n
FAC_rank_vol_m6_n3_pairwise1,2007-06-29,CtrlRetSTR,,5,skipped,完整变量样本数小于 min_cross_section_n
FAC_rank_vol_m6_n3_pairwise1,2007-06-29,CtrlRetLTM,,5,skipped,完整变量样本数小于 min_cross_section_n
FAC_rank_vol_m6_n3_pairwise1,2007-06-29,CtrlVol,,5,skipped,完整变量样本数小于 min_cross_section_n
FAC_rank_vol_m6_n3_pairwise1,2007-06-29,as_偏股混合型基金,,5,skipped,完整变量样本数小于 min_cross_section_n
FAC_rank_vol_m6_n3_pairwise1,2007-06-29,Ctrl_log_fund_size,,5,skipped,完整变量样本数小于 min_cross_section_n
FAC_rank_vol_m6_n3_pairwise1,2007-06-29,Ctrl_fund_age,,5,skipped,完整变量样本数小于 min_cross_section_n
FAC_rank_vol_m6_n3_pairwise1,2007-07-31,FAC_rank_vol_m6_n3_pairwise1,,9,skipped,完整变量样本数小于 min_cross_section_n
FAC_rank_vol_m6_n3_pairwise1,2007-07-31,CtrlRetSTR,,9,skipped,完整变量样本数小于 min_cross_section_n
FAC_rank_vol_m6_n3_pairwise1,2007-07-31,CtrlRetLTM,,9,skipped,完整变量样本数小于 min_cross_section_n
FAC_rank_vol_m6_n3_pairwise1,2007-07-31,CtrlVol,,9,skipped,完整变量样本数小于 min_cross_section_n
FAC_rank_vol_m6_n3_pairwise1,2007-07-31,as_偏股混合型基金,,9,skipped,完整变量样本数小于 min_cross_section_n
FAC_rank_vol_m6_n3_pairwise1,2007-07-31,Ctrl_log_fund_size,,9,skipped,完整变量样本数小于 min_cross_section_n
FAC_rank_vol_m6_n3_pairwise1,2007-07-31,Ctrl_fund_age,,9,skipped,完整变量样本数小于 min_cross_section_n
FAC_rank_vol_m6_n3_pairwise1,2007-08-31,FAC_rank_vol_m6_n3_pairwise1,,13,skipped,完整变量样本数小于 min_cross_section_n
FAC_rank_vol_m6_n3_pairwise1,2007-08-31,CtrlRetSTR,,13,skipped,完整变量样本数小于 min_cross_section_n
FAC_rank_vol_m6_n3_pairwise1,2007-08-31,CtrlRetLTM,,13,skipped,完整变量样本数小于 min_cross_section_n
FAC_rank_vol_m6_n3_pairwise1,2007-08-31,CtrlVol,,13,skipped,完整变量样本数小于 min_cross_section_n
FAC_rank_vol_m6_n3_pairwise1,2007-08-31,as_偏股混合型基金,,13,skipped,完整变量样本数小于 min_cross_section_n
FAC_rank_vol_m6_n3_pairwise1,2007-08-31,Ctrl_log_fund_size,,13,skipped,完整变量样本数小于 min_cross_section_n
FAC_rank_vol_m6_n3_pairwise1,2007-08-31,Ctrl_fund_age,,13,skipped,完整变量样本数小于 min_cross_section_n
FAC_rank_vol_m6_n3_pairwise1,2007-09-28,FAC_rank_vol_m6_n3_pairwise1,,11,skipped,完整变量样本数小于 min_cross_section_n
FAC_rank_vol_m6_n3_pairwise1,2007-09-28,CtrlRetSTR,,11,skipped,完整变量样本数小于 min_cross_section_n
FAC_rank_vol_m6_n3_pairwise1,2007-09-28,CtrlRetLTM,,11,skipped,完整变量样本数小于 min_cross_section_n
FAC_rank_vol_m6_n3_pairwise1,2007-09-28,CtrlVol,,11,skipped,完整变量样本数小于 min_cross_section_n
FAC_rank_vol_m6_n3_pairwise1,2007-09-28,as_偏股混合型基金,,11,skipped,完整变量样本数小于 min_cross_section_n
FAC_rank_vol_m6_n3_pairwise1,2007-09-28,Ctrl_log_fund_size,,11,skipped,完整变量样本数小于 min_cross_section_n
FAC_rank_vol_m6_n3_pairwise1,2007-09-28,Ctrl_fund_age,,11,skipped,完整变量样本数小于 min_cross_section_n
FAC_rank_vol_m6_n3_pairwise1,2007-10-31,FAC_rank_vol_m6_n3_pairwise1,,11,skipped,完整变量样本数小于 min_cross_section_n
FAC_rank_vol_m6_n3_pairwise1,2007-10-31,CtrlRetSTR,,11,skipped,完整变量样本数小于 min_cross_section_n
FAC_rank_vol_m6_n3_pairwise1,2007-10-31,CtrlRetLTM,,11,skipped,完整变量样本数小于 min_cross_section_n
FAC_rank_vol_m6_n3_pairwise1,2007-10-31,CtrlVol,,11,skipped,完整变量样本数小于 min_cross_section_n
FAC_rank_vol_m6_n3_pairwise1,2007-10-31,as_偏股混合型基金,,11,skipped,完整变量样本数小于 min_cross_section_n
FAC_rank_vol_m6_n3_pairwise1,2007-10-31,Ctrl_log_fund_size,,11,skipped,完整变量样本数小于 min_cross_section_n
FAC_rank_vol_m6_n3_pairwise1,2007-10-31,Ctrl_fund_age,,11,skipped,完整变量样本数小于 min_cross_section_n
FAC_rank_vol_m6_n3_pairwise1,2007-11-30,FAC_rank_vol_m6_n3_pairwise1,,11,skipped,完整变量样本数小于 min_cross_section_n
FAC_rank_vol_m6_n3_pairwise1,2007-11-30,CtrlRetSTR,,11,skipped,完整变量样本数小于 min_cross_section_n
FAC_rank_vol_m6_n3_pairwise1,2007-11-30,CtrlRetLTM,,11,skipped,完整变量样本数小于 min_cross_section_n
FAC_rank_vol_m6_n3_pairwise1,2007-11-30,CtrlVol,,11,skipped,完整变量样本数小于 min_cross_section_n
FAC_rank_vol_m6_n3_pairwise1,2007-11-30,as_偏股混合型基金,,11,skipped,完整变量样本数小于 min_cross_section_n
FAC_rank_vol_m6_n3_pairwise1,2007-11-30,Ctrl_log_fund_size,,11,skipped,完整变量样本数小于 min_cross_section_n
FAC_rank_vol_m6_n3_pairwise1,2007-11-30,Ctrl_fund_age,,11,skipped,完整变量样本数小于 min_cross_section_n
FAC_rank_vol_m6_n3_pairwise1,2007-12-28,FAC_rank_vol_m6_n3_pairwise1,,13,skipped,完整变量样本数小于 min_cross_section_n
FAC_rank_vol_m6_n3_pairwise1,2007-12-28,CtrlRetSTR,,13,skipped,完整变量样本数小于 min_cross_section_n
FAC_rank_vol_m6_n3_pairwise1,2007-12-28,CtrlRetLTM,,13,skipped,完整变量样本数小于 min_cross_section_n
FAC_rank_vol_m6_n3_pairwise1,2007-12-28,CtrlVol,,13,skipped,完整变量样本数小于 min_cross_section_n
FAC_rank_vol_m6_n3_pairwise1,2007-12-28,as_偏股混合型基金,,13,skipped,完整变量样本数小于 min_cross_section_n
FAC_rank_vol_m6_n3_pairwise1,2007-12-28,Ctrl_log_fund_size,,13,skipped,完整变量样本数小于 min_cross_section_n
FAC_rank_vol_m6_n3_pairwise1,2007-12-28,Ctrl_fund_age,,13,skipped,完整变量样本数小于 min_cross_section_n
FAC_rank_vol_m6_n3_pairwise1,2008-01-31,FAC_rank_vol_m6_n3_pairwise1,,12,skipped,完整变量样本数小于 min_cross_section_n
FAC_rank_vol_m6_n3_pairwise1,2008-01-31,CtrlRetSTR,,12,skipped,完整变量样本数小于 min_cross_section_n
FAC_rank_vol_m6_n3_pairwise1,2008-01-31,CtrlRetLTM,,12,skipped,完整变量样本数小于 min_cross_section_n
FAC_rank_vol_m6_n3_pairwise1,2008-01-31,CtrlVol,,12,skipped,完整变量样本数小于 min_cross_section_n
FAC_rank_vol_m6_n3_pairwise1,2008-01-31,as_偏股混合型基金,,12,skipped,完整变量样本数小于 min_cross_section_n
FAC_rank_vol_m6_n3_pairwise1,2008-01-31,Ctrl_log_fund_size,,12,skipped,完整变量样本数小于 min_cross_section_n
FAC_rank_vol_m6_n3_pairwise1,2008-01-31,Ctrl_fund_age,,12,skipped,完整变量样本数小于 min_cross_section_n
FAC_rank_vol_m6_n3_pairwise1,2008-02-29,FAC_rank_vol_m6_n3_pairwise1,,16,skipped,完整变量样本数小于 min_cross_section_n
FAC_rank_vol_m6_n3_pairwise1,2008-02-29,CtrlRetSTR,,16,skipped,完整变量样本数小于 min_cross_section_n
FAC_rank_vol_m6_n3_pairwise1,2008-02-29,CtrlRetLTM,,16,skipped,完整变量样本数小于 min_cross_section_n
FAC_rank_vol_m6_n3_pairwise1,2008-02-29,CtrlVol,,16,skipped,完整变量样本数小于 min_cross_section_n
FAC_rank_vol_m6_n3_pairwise1,2008-02-29,as_偏股混合型基金,,16,skipped,完整变量样本数小于 min_cross_section_n
FAC_rank_vol_m6_n3_pairwise1,2008-02-29,Ctrl_log_fund_size,,16,skipped,完整变量样本数小于 min_cross_section_n
FAC_rank_vol_m6_n3_pairwise1,2008-02-29,Ctrl_fund_age,,16,skipped,完整变量样本数小于 min_cross_section_n
FAC_rank_vol_m6_n3_pairwise1,2008-03-31,FAC_rank_vol_m6_n3_pairwise1,,15,skipped,完整变量样本数小于 min_cross_section_n
FAC_rank_vol_m6_n3_pairwise1,2008-03-31,CtrlRetSTR,,15,skipped,完整变量样本数小于 min_cross_section_n
FAC_rank_vol_m6_n3_pairwise1,2008-03-31,CtrlRetLTM,,15,skipped,完整变量样本数小于 min_cross_section_n
FAC_rank_vol_m6_n3_pairwise1,2008-03-31,CtrlVol,,15,skipped,完整变量样本数小于 min_cross_section_n
FAC_rank_vol_m6_n3_pairwise1,2008-03-31,as_偏股混合型基金,,15,skipped,完整变量样本数小于 min_cross_section_n
FAC_rank_vol_m6_n3_pairwise1,2008-03-31,Ctrl_log_fund_size,,15,skipped,完整变量样本数小于 min_cross_section_n
FAC_rank_vol_m6_n3_pairwise1,2008-03-31,Ctrl_fund_age,,15,skipped,完整变量样本数小于 min_cross_section_n
FAC_rank_vol_m6_n3_pairwise1,2008-04-30,FAC_rank_vol_m6_n3_pairwise1,,14,skipped,完整变量样本数小于 min_cross_section_n
FAC_rank_vol_m6_n3_pairwise1,2008-04-30,CtrlRetSTR,,14,skipped,完整变量样本数小于 min_cross_section_n
FAC_rank_vol_m6_n3_pairwise1,2008-04-30,CtrlRetLTM,,14,skipped,完整变量样本数小于 min_cross_section_n
FAC_rank_vol_m6_n3_pairwise1,2008-04-30,CtrlVol,,14,skipped,完整变量样本数小于 min_cross_section_n
FAC_rank_vol_m6_n3_pairwise1,2008-04-30,as_偏股混合型基金,,14,skipped,完整变量样本数小于 min_cross_section_n
FAC_rank_vol_m6_n3_pairwise1,2008-04-30,Ctrl_log_fund_size,,14,skipped,完整变量样本数小于 min_cross_section_n
FAC_rank_vol_m6_n3_pairwise1,2008-04-30,Ctrl_fund_age,,14,skipped,完整变量样本数小于 min_cross_section_n
FAC_rank_vol_m6_n3_pairwise1,2008-05-30,FAC_rank_vol_m6_n3_pairwise1,,19,skipped,完整变量样本数小于 min_cross_section_n
FAC_rank_vol_m6_n3_pairwise1,2008-05-30,CtrlRetSTR,,19,skipped,完整变量样本数小于 min_cross_section_n
FAC_rank_vol_m6_n3_pairwise1,2008-05-30,CtrlRetLTM,,19,skipped,完整变量样本数小于 min_cross_section_n
FAC_rank_vol_m6_n3_pairwise1,2008-05-30,CtrlVol,,19,skipped,完整变量样本数小于 min_cross_section_n
FAC_rank_vol_m6_n3_pairwise1,2008-05-30,as_偏股混合型基金,,19,skipped,完整变量样本数小于 min_cross_section_n
FAC_rank_vol_m6_n3_pairwise1,2008-05-30,Ctrl_log_fund_size,,19,skipped,完整变量样本数小于 min_cross_section_n
FAC_rank_vol_m6_n3_pairwise1,2008-05-30,Ctrl_fund_age,,19,skipped,完整变量样本数小于 min_cross_section_n
FAC_rank_vol_m6_n3_pairwise1,2008-06-30,FAC_rank_vol_m6_n3_pairwise1,,20,skipped,完整变量样本数小于 min_cross_section_n
FAC_rank_vol_m6_n3_pairwise1,2008-06-30,CtrlRetSTR,,20,skipped,完整变量样本数小于 min_cross_section_n
FAC_rank_vol_m6_n3_pairwise1,2008-06-30,CtrlRetLTM,,20,skipped,完整变量样本数小于 min_cross_section_n
FAC_rank_vol_m6_n3_pairwise1,2008-06-30,CtrlVol,,20,skipped,完整变量样本数小于 min_cross_section_n
FAC_rank_vol_m6_n3_pairwise1,2008-06-30,as_偏股混合型基金,,20,skipped,完整变量样本数小于 min_cross_section_n
FAC_rank_vol_m6_n3_pairwise1,2008-06-30,Ctrl_log_fund_size,,20,skipped,完整变量样本数小于 min_cross_section_n
FAC_rank_vol_m6_n3_pairwise1,2008-06-30,Ctrl_fund_age,,20,skipped,完整变量样本数小于 min_cross_section_n
FAC_rank_vol_m6_n3_pairwise1,2008-07-31,FAC_rank_vol_m6_n3_pairwise1,,24,skipped,完整变量样本数小于 min_cross_section_n
FAC_rank_vol_m6_n3_pairwise1,2008-07-31,CtrlRetSTR,,24,skipped,完整变量样本数小于 min_cross_section_n
FAC_rank_vol_m6_n3_pairwise1,2008-07-31,CtrlRetLTM,,24,skipped,完整变量样本数小于 min_cross_section_n
FAC_rank_vol_m6_n3_pairwise1,2008-07-31,CtrlVol,,24,skipped,完整变量样本数小于 min_cross_section_n
FAC_rank_vol_m6_n3_pairwise1,2008-07-31,as_偏股混合型基金,,24,skipped,完整变量样本数小于 min_cross_section_n
FAC_rank_vol_m6_n3_pairwise1,2008-07-31,Ctrl_log_fund_size,,24,skipped,完整变量样本数小于 min_cross_section_n
FAC_rank_vol_m6_n3_pairwise1,2008-07-31,Ctrl_fund_age,,24,skipped,完整变量样本数小于 min_cross_section_n
FAC_rank_vol_m6_n3_pairwise1,2008-08-29,FAC_rank_vol_m6_n3_pairwise1,,25,skipped,完整变量样本数小于 min_cross_section_n
FAC_rank_vol_m6_n3_pairwise1,2008-08-29,CtrlRetSTR,,25,skipped,完整变量样本数小于 min_cross_section_n
FAC_rank_vol_m6_n3_pairwise1,2008-08-29,CtrlRetLTM,,25,skipped,完整变量样本数小于 min_cross_section_n
FAC_rank_vol_m6_n3_pairwise1,2008-08-29,CtrlVol,,25,skipped,完整变量样本数小于 min_cross_section_n
FAC_rank_vol_m6_n3_pairwise1,2008-08-29,as_偏股混合型基金,,25,skipped,完整变量样本数小于 min_cross_section_n
FAC_rank_vol_m6_n3_pairwise1,2008-08-29,Ctrl_log_fund_size,,25,skipped,完整变量样本数小于 min_cross_section_n
FAC_rank_vol_m6_n3_pairwise1,2008-08-29,Ctrl_fund_age,,25,skipped,完整变量样本数小于 min_cross_section_n
FAC_rank_vol_m6_n3_pairwise1,2008-09-26,FAC_rank_vol_m6_n3_pairwise1,,26,skipped,完整变量样本数小于 min_cross_section_n
FAC_rank_vol_m6_n3_pairwise1,2008-09-26,CtrlRetSTR,,26,skipped,完整变量样本数小于 min_cross_section_n
FAC_rank_vol_m6_n3_pairwise1,2008-09-26,CtrlRetLTM,,26,skipped,完整变量样本数小于 min_cross_section_n
FAC_rank_vol_m6_n3_pairwise1,2008-09-26,CtrlVol,,26,skipped,完整变量样本数小于 min_cross_section_n
FAC_rank_vol_m6_n3_pairwise1,2008-09-26,as_偏股混合型基金,,26,skipped,完整变量样本数小于 min_cross_section_n
FAC_rank_vol_m6_n3_pairwise1,2008-09-26,Ctrl_log_fund_size,,26,skipped,完整变量样本数小于 min_cross_section_n
FAC_rank_vol_m6_n3_pairwise1,2008-09-26,Ctrl_fund_age,,26,skipped,完整变量样本数小于 min_cross_section_n
FAC_rank_vol_m6_n3_pairwise1,2008-10-31,FAC_rank_vol_m6_n3_pairwise1,,27,skipped,完整变量样本数小于 min_cross_section_n
FAC_rank_vol_m6_n3_pairwise1,2008-10-31,CtrlRetSTR,,27,skipped,完整变量样本数小于 min_cross_section_n
FAC_rank_vol_m6_n3_pairwise1,2008-10-31,CtrlRetLTM,,27,skipped,完整变量样本数小于 min_cross_section_n
FAC_rank_vol_m6_n3_pairwise1,2008-10-31,CtrlVol,,27,skipped,完整变量样本数小于 min_cross_section_n
FAC_rank_vol_m6_n3_pairwise1,2008-10-31,as_偏股混合型基金,,27,skipped,完整变量样本数小于 min_cross_section_n
FAC_rank_vol_m6_n3_pairwise1,2008-10-31,Ctrl_log_fund_size,,27,skipped,完整变量样本数小于 min_cross_section_n
FAC_rank_vol_m6_n3_pairwise1,2008-10-31,Ctrl_fund_age,,27,skipped,完整变量样本数小于 min_cross_section_n
FAC_rank_vol_m6_n3_pairwise1,2008-11-28,FAC_rank_vol_m6_n3_pairwise1,,31,skipped,完整变量样本数小于 min_cross_section_n
FAC_rank_vol_m6_n3_pairwise1,2008-11-28,CtrlRetSTR,,31,skipped,完整变量样本数小于 min_cross_section_n
FAC_rank_vol_m6_n3_pairwise1,2008-11-28,CtrlRetLTM,,31,skipped,完整变量样本数小于 min_cross_section_n
FAC_rank_vol_m6_n3_pairwise1,2008-11-28,CtrlVol,,31,skipped,完整变量样本数小于 min_cross_section_n
FAC_rank_vol_m6_n3_pairwise1,2008-11-28,as_偏股混合型基金,,31,skipped,完整变量样本数小于 min_cross_section_n
FAC_rank_vol_m6_n3_pairwise1,2008-11-28,Ctrl_log_fund_size,,31,skipped,完整变量样本数小于 min_cross_section_n
FAC_rank_vol_m6_n3_pairwise1,2008-11-28,Ctrl_fund_age,,31,skipped,完整变量样本数小于 min_cross_section_n
FAC_rank_vol_m6_n3_pairwise1,2008-12-31,FAC_rank_vol_m6_n3_pairwise1,,35,skipped,完整变量样本数小于 min_cross_section_n
FAC_rank_vol_m6_n3_pairwise1,2008-12-31,CtrlRetSTR,,35,skipped,完整变量样本数小于 min_cross_section_n
FAC_rank_vol_m6_n3_pairwise1,2008-12-31,CtrlRetLTM,,35,skipped,完整变量样本数小于 min_cross_section_n
FAC_rank_vol_m6_n3_pairwise1,2008-12-31,CtrlVol,,35,skipped,完整变量样本数小于 min_cross_section_n
FAC_rank_vol_m6_n3_pairwise1,2008-12-31,as_偏股混合型基金,,35,skipped,完整变量样本数小于 min_cross_section_n
FAC_rank_vol_m6_n3_pairwise1,2008-12-31,Ctrl_log_fund_size,,35,skipped,完整变量样本数小于 min_cross_section_n
FAC_rank_vol_m6_n3_pairwise1,2008-12-31,Ctrl_fund_age,,35,skipped,完整变量样本数小于 min_cross_section_n
FAC_rank_vol_m6_n3_pairwise1,2009-01-23,FAC_rank_vol_m6_n3_pairwise1,,35,skipped,完整变量样本数小于 min_cross_section_n
FAC_rank_vol_m6_n3_pairwise1,2009-01-23,CtrlRetSTR,,35,skipped,完整变量样本数小于 min_cross_section_n
FAC_rank_vol_m6_n3_pairwise1,2009-01-23,CtrlRetLTM,,35,skipped,完整变量样本数小于 min_cross_section_n
FAC_rank_vol_m6_n3_pairwise1,2009-01-23,CtrlVol,,35,skipped,完整变量样本数小于 min_cross_section_n
FAC_rank_vol_m6_n3_pairwise1,2009-01-23,as_偏股混合型基金,,35,skipped,完整变量样本数小于 min_cross_section_n
FAC_rank_vol_m6_n3_pairwise1,2009-01-23,Ctrl_log_fund_size,,35,skipped,完整变量样本数小于 min_cross_section_n
FAC_rank_vol_m6_n3_pairwise1,2009-01-23,Ctrl_fund_age,,35,skipped,完整变量样本数小于 min_cross_section_n
FAC_rank_vol_m6_n3_pairwise1,2009-02-27,FAC_rank_vol_m6_n3_pairwise1,,37,skipped,完整变量样本数小于 min_cross_section_n
FAC_rank_vol_m6_n3_pairwise1,2009-02-27,CtrlRetSTR,,37,skipped,完整变量样本数小于 min_cross_section_n
FAC_rank_vol_m6_n3_pairwise1,2009-02-27,CtrlRetLTM,,37,skipped,完整变量样本数小于 min_cross_section_n
FAC_rank_vol_m6_n3_pairwise1,2009-02-27,CtrlVol,,37,skipped,完整变量样本数小于 min_cross_section_n
FAC_rank_vol_m6_n3_pairwise1,2009-02-27,as_偏股混合型基金,,37,skipped,完整变量样本数小于 min_cross_section_n
FAC_rank_vol_m6_n3_pairwise1,2009-02-27,Ctrl_log_fund_size,,37,skipped,完整变量样本数小于 min_cross_section_n
FAC_rank_vol_m6_n3_pairwise1,2009-02-27,Ctrl_fund_age,,37,skipped,完整变量样本数小于 min_cross_section_n
FAC_rank_vol_m6_n3_pairwise1,2009-03-31,FAC_rank_vol_m6_n3_pairwise1,,33,skipped,完整变量样本数小于 min_cross_section_n
FAC_rank_vol_m6_n3_pairwise1,2009-03-31,CtrlRetSTR,,33,skipped,完整变量样本数小于 min_cross_section_n
FAC_rank_vol_m6_n3_pairwise1,2009-03-31,CtrlRetLTM,,33,skipped,完整变量样本数小于 min_cross_section_n
FAC_rank_vol_m6_n3_pairwise1,2009-03-31,CtrlVol,,33,skipped,完整变量样本数小于 min_cross_section_n
FAC_rank_vol_m6_n3_pairwise1,2009-03-31,as_偏股混合型基金,,33,skipped,完整变量样本数小于 min_cross_section_n
FAC_rank_vol_m6_n3_pairwise1,2009-03-31,Ctrl_log_fund_size,,33,skipped,完整变量样本数小于 min_cross_section_n
FAC_rank_vol_m6_n3_pairwise1,2009-03-31,Ctrl_fund_age,,33,skipped,完整变量样本数小于 min_cross_section_n
FAC_rank_vol_m6_n3_pairwise1,2009-04-30,FAC_rank_vol_m6_n3_pairwise1,,38,skipped,完整变量样本数小于 min_cross_section_n
FAC_rank_vol_m6_n3_pairwise1,2009-04-30,CtrlRetSTR,,38,skipped,完整变量样本数小于 min_cross_section_n
FAC_rank_vol_m6_n3_pairwise1,2009-04-30,CtrlRetLTM,,38,skipped,完整变量样本数小于 min_cross_section_n
FAC_rank_vol_m6_n3_pairwise1,2009-04-30,CtrlVol,,38,skipped,完整变量样本数小于 min_cross_section_n
FAC_rank_vol_m6_n3_pairwise1,2009-04-30,as_偏股混合型基金,,38,skipped,完整变量样本数小于 min_cross_section_n
FAC_rank_vol_m6_n3_pairwise1,2009-04-30,Ctrl_log_fund_size,,38,skipped,完整变量样本数小于 min_cross_section_n
FAC_rank_vol_m6_n3_pairwise1,2009-04-30,Ctrl_fund_age,,38,skipped,完整变量样本数小于 min_cross_section_n
FAC_rank_vol_m6_n3_pairwise1,2009-05-27,FAC_rank_vol_m6_n3_pairwise1,,41,skipped,完整变量样本数小于 min_cross_section_n
FAC_rank_vol_m6_n3_pairwise1,2009-05-27,CtrlRetSTR,,41,skipped,完整变量样本数小于 min_cross_section_n
FAC_rank_vol_m6_n3_pairwise1,2009-05-27,CtrlRetLTM,,41,skipped,完整变量样本数小于 min_cross_section_n
FAC_rank_vol_m6_n3_pairwise1,2009-05-27,CtrlVol,,41,skipped,完整变量样本数小于 min_cross_section_n
FAC_rank_vol_m6_n3_pairwise1,2009-05-27,as_偏股混合型基金,,41,skipped,完整变量样本数小于 min_cross_section_n
FAC_rank_vol_m6_n3_pairwise1,2009-05-27,Ctrl_log_fund_size,,41,skipped,完整变量样本数小于 min_cross_section_n
FAC_rank_vol_m6_n3_pairwise1,2009-05-27,Ctrl_fund_age,,41,skipped,完整变量样本数小于 min_cross_section_n
FAC_rank_vol_m6_n3_pairwise1,2009-06-30,FAC_rank_vol_m6_n3_pairwise1,,42,skipped,完整变量样本数小于 min_cross_section_n
FAC_rank_vol_m6_n3_pairwise1,2009-06-30,CtrlRetSTR,,42,skipped,完整变量样本数小于 min_cross_section_n
FAC_rank_vol_m6_n3_pairwise1,2009-06-30,CtrlRetLTM,,42,skipped,完整变量样本数小于 min_cross_section_n
FAC_rank_vol_m6_n3_pairwise1,2009-06-30,CtrlVol,,42,skipped,完整变量样本数小于 min_cross_section_n
FAC_rank_vol_m6_n3_pairwise1,2009-06-30,as_偏股混合型基金,,42,skipped,完整变量样本数小于 min_cross_section_n
FAC_rank_vol_m6_n3_pairwise1,2009-06-30,Ctrl_log_fund_size,,42,skipped,完整变量样本数小于 min_cross_section_n
FAC_rank_vol_m6_n3_pairwise1,2009-06-30,Ctrl_fund_age,,42,skipped,完整变量样本数小于 min_cross_section_n
FAC_rank_vol_m6_n3_pairwise1,2009-07-31,FAC_rank_vol_m6_n3_pairwise1,,42,skipped,完整变量样本数小于 min_cross_section_n
FAC_rank_vol_m6_n3_pairwise1,2009-07-31,CtrlRetSTR,,42,skipped,完整变量样本数小于 min_cross_section_n
FAC_rank_vol_m6_n3_pairwise1,2009-07-31,CtrlRetLTM,,42,skipped,完整变量样本数小于 min_cross_section_n
FAC_rank_vol_m6_n3_pairwise1,2009-07-31,CtrlVol,,42,skipped,完整变量样本数小于 min_cross_section_n
FAC_rank_vol_m6_n3_pairwise1,2009-07-31,as_偏股混合型基金,,42,skipped,完整变量样本数小于 min_cross_section_n
FAC_rank_vol_m6_n3_pairwise1,2009-07-31,Ctrl_log_fund_size,,42,skipped,完整变量样本数小于 min_cross_section_n
FAC_rank_vol_m6_n3_pairwise1,2009-07-31,Ctrl_fund_age,,42,skipped,完整变量样本数小于 min_cross_section_n
FAC_rank_vol_m6_n3_pairwise1,2009-08-31,FAC_rank_vol_m6_n3_pairwise1,,44,skipped,完整变量样本数小于 min_cross_section_n
FAC_rank_vol_m6_n3_pairwise1,2009-08-31,CtrlRetSTR,,44,skipped,完整变量样本数小于 min_cross_section_n
FAC_rank_vol_m6_n3_pairwise1,2009-08-31,CtrlRetLTM,,44,skipped,完整变量样本数小于 min_cross_section_n
FAC_rank_vol_m6_n3_pairwise1,2009-08-31,CtrlVol,,44,skipped,完整变量样本数小于 min_cross_section_n
FAC_rank_vol_m6_n3_pairwise1,2009-08-31,as_偏股混合型基金,,44,skipped,完整变量样本数小于 min_cross_section_n
FAC_rank_vol_m6_n3_pairwise1,2009-08-31,Ctrl_log_fund_size,,44,skipped,完整变量样本数小于 min_cross_section_n
FAC_rank_vol_m6_n3_pairwise1,2009-08-31,Ctrl_fund_age,,44,skipped,完整变量样本数小于 min_cross_section_n
FAC_rank_vol_m6_n3_pairwise1,2009-09-30,FAC_rank_vol_m6_n3_pairwise1,,47,skipped,完整变量样本数小于 min_cross_section_n
FAC_rank_vol_m6_n3_pairwise1,2009-09-30,CtrlRetSTR,,47,skipped,完整变量样本数小于 min_cross_section_n
FAC_rank_vol_m6_n3_pairwise1,2009-09-30,CtrlRetLTM,,47,skipped,完整变量样本数小于 min_cross_section_n
FAC_rank_vol_m6_n3_pairwise1,2009-09-30,CtrlVol,,47,skipped,完整变量样本数小于 min_cross_section_n
FAC_rank_vol_m6_n3_pairwise1,2009-09-30,as_偏股混合型基金,,47,skipped,完整变量样本数小于 min_cross_section_n
FAC_rank_vol_m6_n3_pairwise1,2009-09-30,Ctrl_log_fund_size,,47,skipped,完整变量样本数小于 min_cross_section_n
FAC_rank_vol_m6_n3_pairwise1,2009-09-30,Ctrl_fund_age,,47,skipped,完整变量样本数小于 min_cross_section_n
FAC_rank_vol_m6_n3_pairwise1,2009-10-30,FAC_rank_vol_m6_n3_pairwise1,1.1116918955876143,51,ok,
FAC_rank_vol_m6_n3_pairwise1,2009-10-30,CtrlRetSTR,1.1761051371538527,51,ok,
FAC_rank_vol_m6_n3_pairwise1,2009-10-30,CtrlRetLTM,1.6902241459824805,51,ok,
FAC_rank_vol_m6_n3_pairwise1,2009-10-30,CtrlVol,1.6226189906528496,51,ok,
FAC_rank_vol_m6_n3_pairwise1,2009-10-30,as_偏股混合型基金,1.0645490908454787,51,ok,
FAC_rank_vol_m6_n3_pairwise1,2009-10-30,Ctrl_log_fund_size,2.1690678331058155,51,ok,
FAC_rank_vol_m6_n3_pairwise1,2009-10-30,Ctrl_fund_age,2.03264316340668,51,ok,
FAC_rank_vol_m6_n3_pairwise1,2009-11-30,FAC_rank_vol_m6_n3_pairwise1,1.0870847270382675,53,ok,
FAC_rank_vol_m6_n3_pairwise1,2009-11-30,CtrlRetSTR,1.0583747815492888,53,ok,
FAC_rank_vol_m6_n3_pairwise1,2009-11-30,CtrlRetLTM,1.2741708614550489,53,ok,
FAC_rank_vol_m6_n3_pairwise1,2009-11-30,CtrlVol,1.1732274808594643,53,ok,
FAC_rank_vol_m6_n3_pairwise1,2009-11-30,as_偏股混合型基金,1.0375401964375468,53,ok,
FAC_rank_vol_m6_n3_pairwise1,2009-11-30,Ctrl_log_fund_size,1.9694349822834671,53,ok,
FAC_rank_vol_m6_n3_pairwise1,2009-11-30,Ctrl_fund_age,1.9507071417794792,53,ok,
FAC_rank_vol_m6_n3_pairwise1,2009-12-31,FAC_rank_vol_m6_n3_pairwise1,1.122540931274548,59,ok,
FAC_rank_vol_m6_n3_pairwise1,2009-12-31,CtrlRetSTR,1.3902158267001337,59,ok,
FAC_rank_vol_m6_n3_pairwise1,2009-12-31,CtrlRetLTM,1.546564420501736,59,ok,
FAC_rank_vol_m6_n3_pairwise1,2009-12-31,CtrlVol,1.2560797529255063,59,ok,
FAC_rank_vol_m6_n3_pairwise1,2009-12-31,as_偏股混合型基金,1.0938904770954068,59,ok,
FAC_rank_vol_m6_n3_pairwise1,2009-12-31,Ctrl_log_fund_size,2.1225621227647036,59,ok,
FAC_rank_vol_m6_n3_pairwise1,2009-12-31,Ctrl_fund_age,1.945365344588289,59,ok,
FAC_rank_vol_m6_n3_pairwise1,2010-01-29,FAC_rank_vol_m6_n3_pairwise1,1.1690318547916574,55,ok,
FAC_rank_vol_m6_n3_pairwise1,2010-01-29,CtrlRetSTR,1.1864698868958015,55,ok,
FAC_rank_vol_m6_n3_pairwise1,2010-01-29,CtrlRetLTM,1.2573736132551419,55,ok,
FAC_rank_vol_m6_n3_pairwise1,2010-01-29,CtrlVol,1.1460105902764155,55,ok,
FAC_rank_vol_m6_n3_pairwise1,2010-01-29,as_偏股混合型基金,1.0672613792413632,55,ok,
FAC_rank_vol_m6_n3_pairwise1,2010-01-29,Ctrl_log_fund_size,2.2980980660917467,55,ok,
FAC_rank_vol_m6_n3_pairwise1,2010-01-29,Ctrl_fund_age,2.096450108863944,55,ok,
FAC_rank_vol_m6_n3_pairwise1,2010-02-26,FAC_rank_vol_m6_n3_pairwise1,1.1176808196795964,59,ok,
FAC_rank_vol_m6_n3_pairwise1,2010-02-26,CtrlRetSTR,1.1857677011712022,59,ok,
FAC_rank_vol_m6_n3_pairwise1,2010-02-26,CtrlRetLTM,1.20541752339422,59,ok,
FAC_rank_vol_m6_n3_pairwise1,2010-02-26,CtrlVol,1.0461228343598927,59,ok,
FAC_rank_vol_m6_n3_pairwise1,2010-02-26,as_偏股混合型基金,1.0785062317128604,59,ok,
FAC_rank_vol_m6_n3_pairwise1,2010-02-26,Ctrl_log_fund_size,2.3059705642621235,59,ok,
FAC_rank_vol_m6_n3_pairwise1,2010-02-26,Ctrl_fund_age,2.221130905662182,59,ok,
FAC_rank_vol_m6_n3_pairwise1,2010-03-31,FAC_rank_vol_m6_n3_pairwise1,1.0274079679198163,60,ok,
FAC_rank_vol_m6_n3_pairwise1,2010-03-31,CtrlRetSTR,1.1904174628784225,60,ok,
FAC_rank_vol_m6_n3_pairwise1,2010-03-31,CtrlRetLTM,1.1706507719201837,60,ok,
FAC_rank_vol_m6_n3_pairwise1,2010-03-31,CtrlVol,1.0700459898863852,60,ok,
FAC_rank_vol_m6_n3_pairwise1,2010-03-31,as_偏股混合型基金,1.0834875612436492,60,ok,
FAC_rank_vol_m6_n3_pairwise1,2010-03-31,Ctrl_log_fund_size,2.330590783136147,60,ok,
FAC_rank_vol_m6_n3_pairwise1,2010-03-31,Ctrl_fund_age,2.2083027043287067,60,ok,
FAC_rank_vol_m6_n3_pairwise1,2010-04-30,FAC_rank_vol_m6_n3_pairwise1,1.1124387740049868,60,ok,
FAC_rank_vol_m6_n3_pairwise1,2010-04-30,CtrlRetSTR,1.0791129366406613,60,ok,
FAC_rank_vol_m6_n3_pairwise1,2010-04-30,CtrlRetLTM,1.1664717366524173,60,ok,
FAC_rank_vol_m6_n3_pairwise1,2010-04-30,CtrlVol,1.0519326706080205,60,ok,
FAC_rank_vol_m6_n3_pairwise1,2010-04-30,as_偏股混合型基金,1.0768946943352002,60,ok,
FAC_rank_vol_m6_n3_pairwise1,2010-04-30,Ctrl_log_fund_size,2.4089406838462346,60,ok,
FAC_rank_vol_m6_n3_pairwise1,2010-04-30,Ctrl_fund_age,2.30248963177757,60,ok,
FAC_rank_vol_m6_n3_pairwise1,2010-05-31,FAC_rank_vol_m6_n3_pairwise1,1.0897412328801346,57,ok,
FAC_rank_vol_m6_n3_pairwise1,2010-05-31,CtrlRetSTR,1.2143924800015136,57,ok,
FAC_rank_vol_m6_n3_pairwise1,2010-05-31,CtrlRetLTM,1.2413110490036297,57,ok,
FAC_rank_vol_m6_n3_pairwise1,2010-05-31,CtrlVol,1.0901074350260334,57,ok,
FAC_rank_vol_m6_n3_pairwise1,2010-05-31,as_偏股混合型基金,1.0520639300535268,57,ok,
FAC_rank_vol_m6_n3_pairwise1,2010-05-31,Ctrl_log_fund_size,2.388082355785854,57,ok,
FAC_rank_vol_m6_n3_pairwise1,2010-05-31,Ctrl_fund_age,2.412984400897604,57,ok,
FAC_rank_vol_m6_n3_pairwise1,2010-06-30,FAC_rank_vol_m6_n3_pairwise1,1.2037366519666703,57,ok,
FAC_rank_vol_m6_n3_pairwise1,2010-06-30,CtrlRetSTR,1.0721619506774869,57,ok,
FAC_rank_vol_m6_n3_pairwise1,2010-06-30,CtrlRetLTM,1.2683250697457995,57,ok,
FAC_rank_vol_m6_n3_pairwise1,2010-06-30,CtrlVol,1.1626999767282047,57,ok,
FAC_rank_vol_m6_n3_pairwise1,2010-06-30,as_偏股混合型基金,1.1822632989247912,57,ok,
FAC_rank_vol_m6_n3_pairwise1,2010-06-30,Ctrl_log_fund_size,2.213642505016658,57,ok,
FAC_rank_vol_m6_n3_pairwise1,2010-06-30,Ctrl_fund_age,2.267618098375457,57,ok,
FAC_rank_vol_m6_n3_pairwise1,2010-07-30,FAC_rank_vol_m6_n3_pairwise1,1.2664615751241346,58,ok,
FAC_rank_vol_m6_n3_pairwise1,2010-07-30,CtrlRetSTR,1.0842831381108515,58,ok,
FAC_rank_vol_m6_n3_pairwise1,2010-07-30,CtrlRetLTM,1.632666715568666,58,ok,
FAC_rank_vol_m6_n3_pairwise1,2010-07-30,CtrlVol,1.463958291080179,58,ok,
FAC_rank_vol_m6_n3_pairwise1,2010-07-30,as_偏股混合型基金,1.2808795699193647,58,ok,
FAC_rank_vol_m6_n3_pairwise1,2010-07-30,Ctrl_log_fund_size,2.0776875039142704,58,ok,
FAC_rank_vol_m6_n3_pairwise1,2010-07-30,Ctrl_fund_age,2.0804586550259616,58,ok,
FAC_rank_vol_m6_n3_pairwise1,2010-08-31,FAC_rank_vol_m6_n3_pairwise1,1.2239137857141305,55,ok,
FAC_rank_vol_m6_n3_pairwise1,2010-08-31,CtrlRetSTR,1.4007197509321023,55,ok,
FAC_rank_vol_m6_n3_pairwise1,2010-08-31,CtrlRetLTM,1.7110581847077264,55,ok,
FAC_rank_vol_m6_n3_pairwise1,2010-08-31,CtrlVol,1.0668172103249567,55,ok,
FAC_rank_vol_m6_n3_pairwise1,2010-08-31,as_偏股混合型基金,1.1016246412984263,55,ok,
FAC_rank_vol_m6_n3_pairwise1,2010-08-31,Ctrl_log_fund_size,2.072646114463602,55,ok,
FAC_rank_vol_m6_n3_pairwise1,2010-08-31,Ctrl_fund_age,2.1095192380748524,55,ok,
FAC_rank_vol_m6_n3_pairwise1,2010-09-30,FAC_rank_vol_m6_n3_pairwise1,1.2114983831724044,60,ok,
FAC_rank_vol_m6_n3_pairwise1,2010-09-30,CtrlRetSTR,1.5450537252114138,60,ok,
FAC_rank_vol_m6_n3_pairwise1,2010-09-30,CtrlRetLTM,1.547609810470693,60,ok,
FAC_rank_vol_m6_n3_pairwise1,2010-09-30,CtrlVol,1.281982077382968,60,ok,
FAC_rank_vol_m6_n3_pairwise1,2010-09-30,as_偏股混合型基金,1.0770783577815342,60,ok,
FAC_rank_vol_m6_n3_pairwise1,2010-09-30,Ctrl_log_fund_size,2.1833505751235713,60,ok,
FAC_rank_vol_m6_n3_pairwise1,2010-09-30,Ctrl_fund_age,2.1751048441952023,60,ok,
FAC_rank_vol_m6_n3_pairwise1,2010-10-29,FAC_rank_vol_m6_n3_pairwise1,1.2767828004193815,56,ok,
FAC_rank_vol_m6_n3_pairwise1,2010-10-29,CtrlRetSTR,1.8510193027224584,56,ok,
FAC_rank_vol_m6_n3_pairwise1,2010-10-29,CtrlRetLTM,1.8701789486077254,56,ok,
FAC_rank_vol_m6_n3_pairwise1,2010-10-29,CtrlVol,1.5594074141946483,56,ok,
FAC_rank_vol_m6_n3_pairwise1,2010-10-29,as_偏股混合型基金,1.1246961755850053,56,ok,
FAC_rank_vol_m6_n3_pairwise1,2010-10-29,Ctrl_log_fund_size,1.9938056080871793,56,ok,
FAC_rank_vol_m6_n3_pairwise1,2010-10-29,Ctrl_fund_age,2.1322567497815754,56,ok,
FAC_rank_vol_m6_n3_pairwise1,2010-11-30,FAC_rank_vol_m6_n3_pairwise1,1.1707933803599755,59,ok,
FAC_rank_vol_m6_n3_pairwise1,2010-11-30,CtrlRetSTR,2.4415917641339084,59,ok,
FAC_rank_vol_m6_n3_pairwise1,2010-11-30,CtrlRetLTM,2.0222085543738726,59,ok,
FAC_rank_vol_m6_n3_pairwise1,2010-11-30,CtrlVol,1.5991666348716116,59,ok,
FAC_rank_vol_m6_n3_pairwise1,2010-11-30,as_偏股混合型基金,1.3474835594385013,59,ok,
FAC_rank_vol_m6_n3_pairwise1,2010-11-30,Ctrl_log_fund_size,2.0967629254094824,59,ok,
FAC_rank_vol_m6_n3_pairwise1,2010-11-30,Ctrl_fund_age,2.104552765671237,59,ok,
FAC_rank_vol_m6_n3_pairwise1,2010-12-31,FAC_rank_vol_m6_n3_pairwise1,1.1778731565408929,61,ok,
FAC_rank_vol_m6_n3_pairwise1,2010-12-31,CtrlRetSTR,1.1600028337665715,61,ok,
FAC_rank_vol_m6_n3_pairwise1,2010-12-31,CtrlRetLTM,1.384567639646072,61,ok,
FAC_rank_vol_m6_n3_pairwise1,2010-12-31,CtrlVol,1.412291841788971,61,ok,
FAC_rank_vol_m6_n3_pairwise1,2010-12-31,as_偏股混合型基金,1.1800910815402783,61,ok,
FAC_rank_vol_m6_n3_pairwise1,2010-12-31,Ctrl_log_fund_size,2.2061344155014098,61,ok,
FAC_rank_vol_m6_n3_pairwise1,2010-12-31,Ctrl_fund_age,2.268307399674748,61,ok,
FAC_rank_vol_m6_n3_pairwise1,2011-01-31,FAC_rank_vol_m6_n3_pairwise1,1.2675987456324567,60,ok,
FAC_rank_vol_m6_n3_pairwise1,2011-01-31,CtrlRetSTR,1.4893141800809337,60,ok,
FAC_rank_vol_m6_n3_pairwise1,2011-01-31,CtrlRetLTM,1.5680587440528226,60,ok,
FAC_rank_vol_m6_n3_pairwise1,2011-01-31,CtrlVol,1.2114029695024748,60,ok,
FAC_rank_vol_m6_n3_pairwise1,2011-01-31,as_偏股混合型基金,1.1246218216666883,60,ok,
FAC_rank_vol_m6_n3_pairwise1,2011-01-31,Ctrl_log_fund_size,2.547477689434417,60,ok,
FAC_rank_vol_m6_n3_pairwise1,2011-01-31,Ctrl_fund_age,2.5553206508190445,60,ok,
FAC_rank_vol_m6_n3_pairwise1,2011-02-28,FAC_rank_vol_m6_n3_pairwise1,1.2593122784538837,63,ok,
FAC_rank_vol_m6_n3_pairwise1,2011-02-28,CtrlRetSTR,1.304505275670282,63,ok,
FAC_rank_vol_m6_n3_pairwise1,2011-02-28,CtrlRetLTM,1.16440434402219,63,ok,
FAC_rank_vol_m6_n3_pairwise1,2011-02-28,CtrlVol,1.4370849224554332,63,ok,
FAC_rank_vol_m6_n3_pairwise1,2011-02-28,as_偏股混合型基金,1.1355775225835427,63,ok,
FAC_rank_vol_m6_n3_pairwise1,2011-02-28,Ctrl_log_fund_size,2.7276639861527863,63,ok,
FAC_rank_vol_m6_n3_pairwise1,2011-02-28,Ctrl_fund_age,2.84312864005834,63,ok,
FAC_rank_vol_m6_n3_pairwise1,2011-03-31,FAC_rank_vol_m6_n3_pairwise1,1.331393769736412,63,ok,
FAC_rank_vol_m6_n3_pairwise1,2011-03-31,CtrlRetSTR,1.2697435599398321,63,ok,
FAC_rank_vol_m6_n3_pairwise1,2011-03-31,CtrlRetLTM,1.2477097896284468,63,ok,
FAC_rank_vol_m6_n3_pairwise1,2011-03-31,CtrlVol,1.1272806311477233,63,ok,
FAC_rank_vol_m6_n3_pairwise1,2011-03-31,as_偏股混合型基金,1.1657767433179331,63,ok,
FAC_rank_vol_m6_n3_pairwise1,2011-03-31,Ctrl_log_fund_size,2.6522169062957364,63,ok,
FAC_rank_vol_m6_n3_pairwise1,2011-03-31,Ctrl_fund_age,2.908352830855011,63,ok,
FAC_rank_vol_m6_n3_pairwise1,2011-04-29,FAC_rank_vol_m6_n3_pairwise1,1.3188227515347128,64,ok,
FAC_rank_vol_m6_n3_pairwise1,2011-04-29,CtrlRetSTR,1.1751372321133802,64,ok,
FAC_rank_vol_m6_n3_pairwise1,2011-04-29,CtrlRetLTM,1.0958256055737967,64,ok,
FAC_rank_vol_m6_n3_pairwise1,2011-04-29,CtrlVol,1.1820342985272239,64,ok,
FAC_rank_vol_m6_n3_pairwise1,2011-04-29,as_偏股混合型基金,1.1035419550617571,64,ok,
FAC_rank_vol_m6_n3_pairwise1,2011-04-29,Ctrl_log_fund_size,2.993705088503329,64,ok,
FAC_rank_vol_m6_n3_pairwise1,2011-04-29,Ctrl_fund_age,3.0663538229472116,64,ok,
FAC_rank_vol_m6_n3_pairwise1,2011-05-31,FAC_rank_vol_m6_n3_pairwise1,1.1658950472407772,68,ok,
FAC_rank_vol_m6_n3_pairwise1,2011-05-31,CtrlRetSTR,1.2745862116916018,68,ok,
FAC_rank_vol_m6_n3_pairwise1,2011-05-31,CtrlRetLTM,1.1015912119652167,68,ok,
FAC_rank_vol_m6_n3_pairwise1,2011-05-31,CtrlVol,1.3189175799156863,68,ok,
FAC_rank_vol_m6_n3_pairwise1,2011-05-31,as_偏股混合型基金,1.1042829466344475,68,ok,
FAC_rank_vol_m6_n3_pairwise1,2011-05-31,Ctrl_log_fund_size,2.7211588850947943,68,ok,
FAC_rank_vol_m6_n3_pairwise1,2011-05-31,Ctrl_fund_age,2.7371511745750854,68,ok,
FAC_rank_vol_m6_n3_pairwise1,2011-06-30,FAC_rank_vol_m6_n3_pairwise1,1.2401127596772354,69,ok,
FAC_rank_vol_m6_n3_pairwise1,2011-06-30,CtrlRetSTR,1.1684481449394473,69,ok,
FAC_rank_vol_m6_n3_pairwise1,2011-06-30,CtrlRetLTM,1.1623531959674411,69,ok,
FAC_rank_vol_m6_n3_pairwise1,2011-06-30,CtrlVol,1.1807149830979842,69,ok,
FAC_rank_vol_m6_n3_pairwise1,2011-06-30,as_偏股混合型基金,1.0770959955037198,69,ok,
FAC_rank_vol_m6_n3_pairwise1,2011-06-30,Ctrl_log_fund_size,2.675198099402843,69,ok,
FAC_rank_vol_m6_n3_pairwise1,2011-06-30,Ctrl_fund_age,2.7724755494323685,69,ok,
FAC_rank_vol_m6_n3_pairwise1,2011-07-29,FAC_rank_vol_m6_n3_pairwise1,1.215463340136992,68,ok,
FAC_rank_vol_m6_n3_pairwise1,2011-07-29,CtrlRetSTR,1.1239779397381495,68,ok,
FAC_rank_vol_m6_n3_pairwise1,2011-07-29,CtrlRetLTM,1.1066119935505778,68,ok,
FAC_rank_vol_m6_n3_pairwise1,2011-07-29,CtrlVol,1.1735344684464457,68,ok,
FAC_rank_vol_m6_n3_pairwise1,2011-07-29,as_偏股混合型基金,1.1438765717848838,68,ok,
FAC_rank_vol_m6_n3_pairwise1,2011-07-29,Ctrl_log_fund_size,2.5031980847765776,68,ok,
FAC_rank_vol_m6_n3_pairwise1,2011-07-29,Ctrl_fund_age,2.7934400507706,68,ok,
FAC_rank_vol_m6_n3_pairwise1,2011-08-31,FAC_rank_vol_m6_n3_pairwise1,1.149633977386847,73,ok,
FAC_rank_vol_m6_n3_pairwise1,2011-08-31,CtrlRetSTR,1.0944052013486028,73,ok,
FAC_rank_vol_m6_n3_pairwise1,2011-08-31,CtrlRetLTM,1.2432982077308103,73,ok,
FAC_rank_vol_m6_n3_pairwise1,2011-08-31,CtrlVol,1.260863866086182,73,ok,
FAC_rank_vol_m6_n3_pairwise1,2011-08-31,as_偏股混合型基金,1.110700901148777,73,ok,
FAC_rank_vol_m6_n3_pairwise1,2011-08-31,Ctrl_log_fund_size,2.680317983854255,73,ok,
FAC_rank_vol_m6_n3_pairwise1,2011-08-31,Ctrl_fund_age,2.9609064514225008,73,ok,
FAC_rank_vol_m6_n3_pairwise1,2011-09-30,FAC_rank_vol_m6_n3_pairwise1,1.166498797553774,76,ok,
FAC_rank_vol_m6_n3_pairwise1,2011-09-30,CtrlRetSTR,1.2595010458234508,76,ok,
FAC_rank_vol_m6_n3_pairwise1,2011-09-30,CtrlRetLTM,1.1305477187855315,76,ok,
FAC_rank_vol_m6_n3_pairwise1,2011-09-30,CtrlVol,1.3375705316602498,76,ok,
FAC_rank_vol_m6_n3_pairwise1,2011-09-30,as_偏股混合型基金,1.1060983650536076,76,ok,
FAC_rank_vol_m6_n3_pairwise1,2011-09-30,Ctrl_log_fund_size,2.909942812976789,76,ok,
FAC_rank_vol_m6_n3_pairwise1,2011-09-30,Ctrl_fund_age,3.097500270811544,76,ok,
FAC_rank_vol_m6_n3_pairwise1,2011-10-31,FAC_rank_vol_m6_n3_pairwise1,1.1832129530018765,75,ok,
FAC_rank_vol_m6_n3_pairwise1,2011-10-31,CtrlRetSTR,1.1742265554362863,75,ok,
FAC_rank_vol_m6_n3_pairwise1,2011-10-31,CtrlRetLTM,1.188937189061599,75,ok,
FAC_rank_vol_m6_n3_pairwise1,2011-10-31,CtrlVol,1.2761092971222567,75,ok,
FAC_rank_vol_m6_n3_pairwise1,2011-10-31,as_偏股混合型基金,1.11896199732168,75,ok,
FAC_rank_vol_m6_n3_pairwise1,2011-10-31,Ctrl_log_fund_size,2.899100317981873,75,ok,
FAC_rank_vol_m6_n3_pairwise1,2011-10-31,Ctrl_fund_age,3.0917596581152282,75,ok,
FAC_rank_vol_m6_n3_pairwise1,2011-11-30,FAC_rank_vol_m6_n3_pairwise1,1.0984859163406346,77,ok,
FAC_rank_vol_m6_n3_pairwise1,2011-11-30,CtrlRetSTR,1.0933274745883235,77,ok,
FAC_rank_vol_m6_n3_pairwise1,2011-11-30,CtrlRetLTM,1.4136886330901421,77,ok,
FAC_rank_vol_m6_n3_pairwise1,2011-11-30,CtrlVol,1.4113915882866537,77,ok,
FAC_rank_vol_m6_n3_pairwise1,2011-11-30,as_偏股混合型基金,1.1468982485812815,77,ok,
FAC_rank_vol_m6_n3_pairwise1,2011-11-30,Ctrl_log_fund_size,2.9593867531617097,77,ok,
FAC_rank_vol_m6_n3_pairwise1,2011-11-30,Ctrl_fund_age,3.0603084300428502,77,ok,
FAC_rank_vol_m6_n3_pairwise1,2011-12-30,FAC_rank_vol_m6_n3_pairwise1,1.0377956516817366,79,ok,
FAC_rank_vol_m6_n3_pairwise1,2011-12-30,CtrlRetSTR,1.3287762307507212,79,ok,
FAC_rank_vol_m6_n3_pairwise1,2011-12-30,CtrlRetLTM,1.2906298059317824,79,ok,
FAC_rank_vol_m6_n3_pairwise1,2011-12-30,CtrlVol,1.68760259619701,79,ok,
FAC_rank_vol_m6_n3_pairwise1,2011-12-30,as_偏股混合型基金,1.0811962391210845,79,ok,
FAC_rank_vol_m6_n3_pairwise1,2011-12-30,Ctrl_log_fund_size,3.0134089863410622,79,ok,
FAC_rank_vol_m6_n3_pairwise1,2011-12-30,Ctrl_fund_age,2.939490226411059,79,ok,
FAC_rank_vol_m6_n3_pairwise1,2012-01-31,FAC_rank_vol_m6_n3_pairwise1,1.0939750354420854,79,ok,
FAC_rank_vol_m6_n3_pairwise1,2012-01-31,CtrlRetSTR,1.136735573661911,79,ok,
FAC_rank_vol_m6_n3_pairwise1,2012-01-31,CtrlRetLTM,1.5923080143323485,79,ok,
FAC_rank_vol_m6_n3_pairwise1,2012-01-31,CtrlVol,1.6383306519892948,79,ok,
FAC_rank_vol_m6_n3_pairwise1,2012-01-31,as_偏股混合型基金,1.0853889740444604,79,ok,
FAC_rank_vol_m6_n3_pairwise1,2012-01-31,Ctrl_log_fund_size,3.135735410976251,79,ok,
FAC_rank_vol_m6_n3_pairwise1,2012-01-31,Ctrl_fund_age,2.985656234748514,79,ok,
FAC_rank_vol_m6_n3_pairwise1,2012-02-29,FAC_rank_vol_m6_n3_pairwise1,1.3909036408030386,84,ok,
FAC_rank_vol_m6_n3_pairwise1,2012-02-29,CtrlRetSTR,1.2544321189362913,84,ok,
FAC_rank_vol_m6_n3_pairwise1,2012-02-29,CtrlRetLTM,1.8721052446721531,84,ok,
FAC_rank_vol_m6_n3_pairwise1,2012-02-29,CtrlVol,2.249748598593385,84,ok,
FAC_rank_vol_m6_n3_pairwise1,2012-02-29,as_偏股混合型基金,1.0720890204024427,84,ok,
FAC_rank_vol_m6_n3_pairwise1,2012-02-29,Ctrl_log_fund_size,3.2567104306166965,84,ok,
FAC_rank_vol_m6_n3_pairwise1,2012-02-29,Ctrl_fund_age,3.3673501243958417,84,ok,
FAC_rank_vol_m6_n3_pairwise1,2012-03-30,FAC_rank_vol_m6_n3_pairwise1,1.2808423765323023,81,ok,
FAC_rank_vol_m6_n3_pairwise1,2012-03-30,CtrlRetSTR,1.238395617380345,81,ok,
FAC_rank_vol_m6_n3_pairwise1,2012-03-30,CtrlRetLTM,1.5072601342438592,81,ok,
FAC_rank_vol_m6_n3_pairwise1,2012-03-30,CtrlVol,1.4360468775691486,81,ok,
FAC_rank_vol_m6_n3_pairwise1,2012-03-30,as_偏股混合型基金,1.0598901289909024,81,ok,
FAC_rank_vol_m6_n3_pairwise1,2012-03-30,Ctrl_log_fund_size,3.137714048122626,81,ok,
FAC_rank_vol_m6_n3_pairwise1,2012-03-30,Ctrl_fund_age,3.268167100165725,81,ok,
FAC_rank_vol_m6_n3_pairwise1,2012-04-27,FAC_rank_vol_m6_n3_pairwise1,1.3660897881065301,83,ok,
FAC_rank_vol_m6_n3_pairwise1,2012-04-27,CtrlRetSTR,1.3086809115315556,83,ok,
FAC_rank_vol_m6_n3_pairwise1,2012-04-27,CtrlRetLTM,1.3970076985491322,83,ok,
FAC_rank_vol_m6_n3_pairwise1,2012-04-27,CtrlVol,1.5672791122966285,83,ok,
FAC_rank_vol_m6_n3_pairwise1,2012-04-27,as_偏股混合型基金,1.1251192127200205,83,ok,
FAC_rank_vol_m6_n3_pairwise1,2012-04-27,Ctrl_log_fund_size,3.2465181645055248,83,ok,
FAC_rank_vol_m6_n3_pairwise1,2012-04-27,Ctrl_fund_age,3.2520937702737043,83,ok,
FAC_rank_vol_m6_n3_pairwise1,2012-05-31,FAC_rank_vol_m6_n3_pairwise1,1.427370203182274,88,ok,
FAC_rank_vol_m6_n3_pairwise1,2012-05-31,CtrlRetSTR,1.238807205675724,88,ok,
FAC_rank_vol_m6_n3_pairwise1,2012-05-31,CtrlRetLTM,1.2302921844437669,88,ok,
FAC_rank_vol_m6_n3_pairwise1,2012-05-31,CtrlVol,1.5672399807568589,88,ok,
FAC_rank_vol_m6_n3_pairwise1,2012-05-31,as_偏股混合型基金,1.1037196950718864,88,ok,
FAC_rank_vol_m6_n3_pairwise1,2012-05-31,Ctrl_log_fund_size,3.278568317084954,88,ok,
FAC_rank_vol_m6_n3_pairwise1,2012-05-31,Ctrl_fund_age,3.316098787547283,88,ok,
FAC_rank_vol_m6_n3_pairwise1,2012-06-29,FAC_rank_vol_m6_n3_pairwise1,1.2127905901155749,89,ok,
FAC_rank_vol_m6_n3_pairwise1,2012-06-29,CtrlRetSTR,1.2409919017876527,89,ok,
FAC_rank_vol_m6_n3_pairwise1,2012-06-29,CtrlRetLTM,1.351840667369075,89,ok,
FAC_rank_vol_m6_n3_pairwise1,2012-06-29,CtrlVol,1.3350919978894829,89,ok,
FAC_rank_vol_m6_n3_pairwise1,2012-06-29,as_偏股混合型基金,1.0853259802778492,89,ok,
FAC_rank_vol_m6_n3_pairwise1,2012-06-29,Ctrl_log_fund_size,3.2685852878525887,89,ok,
FAC_rank_vol_m6_n3_pairwise1,2012-06-29,Ctrl_fund_age,3.273970655334107,89,ok,
FAC_rank_vol_m6_n3_pairwise1,2012-07-31,FAC_rank_vol_m6_n3_pairwise1,1.3449299800417094,92,ok,
FAC_rank_vol_m6_n3_pairwise1,2012-07-31,CtrlRetSTR,1.6110150925885391,92,ok,
FAC_rank_vol_m6_n3_pairwise1,2012-07-31,CtrlRetLTM,1.5946606911996755,92,ok,
FAC_rank_vol_m6_n3_pairwise1,2012-07-31,CtrlVol,1.5296004114959214,92,ok,
FAC_rank_vol_m6_n3_pairwise1,2012-07-31,as_偏股混合型基金,1.0698468456458952,92,ok,
FAC_rank_vol_m6_n3_pairwise1,2012-07-31,Ctrl_log_fund_size,3.148237759894086,92,ok,
FAC_rank_vol_m6_n3_pairwise1,2012-07-31,Ctrl_fund_age,3.335952700911313,92,ok,
FAC_rank_vol_m6_n3_pairwise1,2012-08-31,FAC_rank_vol_m6_n3_pairwise1,1.1079249424635598,97,ok,
FAC_rank_vol_m6_n3_pairwise1,2012-08-31,CtrlRetSTR,1.0498430097114637,97,ok,
FAC_rank_vol_m6_n3_pairwise1,2012-08-31,CtrlRetLTM,1.309961773965888,97,ok,
FAC_rank_vol_m6_n3_pairwise1,2012-08-31,CtrlVol,1.410317464851139,97,ok,
FAC_rank_vol_m6_n3_pairwise1,2012-08-31,as_偏股混合型基金,1.1294187594114729,97,ok,
FAC_rank_vol_m6_n3_pairwise1,2012-08-31,Ctrl_log_fund_size,3.174881675442127,97,ok,
FAC_rank_vol_m6_n3_pairwise1,2012-08-31,Ctrl_fund_age,3.4894263122222497,97,ok,
FAC_rank_vol_m6_n3_pairwise1,2012-09-28,FAC_rank_vol_m6_n3_pairwise1,1.0550612041906053,104,ok,
FAC_rank_vol_m6_n3_pairwise1,2012-09-28,CtrlRetSTR,1.1159708400814028,104,ok,
FAC_rank_vol_m6_n3_pairwise1,2012-09-28,CtrlRetLTM,1.1725018599930568,104,ok,
FAC_rank_vol_m6_n3_pairwise1,2012-09-28,CtrlVol,1.1955555393602808,104,ok,
FAC_rank_vol_m6_n3_pairwise1,2012-09-28,as_偏股混合型基金,1.1056072681685294,104,ok,
FAC_rank_vol_m6_n3_pairwise1,2012-09-28,Ctrl_log_fund_size,3.171698325671282,104,ok,
FAC_rank_vol_m6_n3_pairwise1,2012-09-28,Ctrl_fund_age,3.3558888316214115,104,ok,
FAC_rank_vol_m6_n3_pairwise1,2012-10-31,FAC_rank_vol_m6_n3_pairwise1,1.0642631981670938,106,ok,
FAC_rank_vol_m6_n3_pairwise1,2012-10-31,CtrlRetSTR,1.2545249600971813,106,ok,
FAC_rank_vol_m6_n3_pairwise1,2012-10-31,CtrlRetLTM,1.3938046887387052,106,ok,
FAC_rank_vol_m6_n3_pairwise1,2012-10-31,CtrlVol,1.3058938607832062,106,ok,
FAC_rank_vol_m6_n3_pairwise1,2012-10-31,as_偏股混合型基金,1.1195902233611854,106,ok,
FAC_rank_vol_m6_n3_pairwise1,2012-10-31,Ctrl_log_fund_size,3.2481687491569193,106,ok,
FAC_rank_vol_m6_n3_pairwise1,2012-10-31,Ctrl_fund_age,3.370954765904355,106,ok,
FAC_rank_vol_m6_n3_pairwise1,2012-11-30,FAC_rank_vol_m6_n3_pairwise1,1.1931806899476867,111,ok,
FAC_rank_vol_m6_n3_pairwise1,2012-11-30,CtrlRetSTR,1.1047517433848566,111,ok,
FAC_rank_vol_m6_n3_pairwise1,2012-11-30,CtrlRetLTM,1.2537065469836346,111,ok,
FAC_rank_vol_m6_n3_pairwise1,2012-11-30,CtrlVol,1.3756700958569494,111,ok,
FAC_rank_vol_m6_n3_pairwise1,2012-11-30,as_偏股混合型基金,1.1319563243078423,111,ok,
FAC_rank_vol_m6_n3_pairwise1,2012-11-30,Ctrl_log_fund_size,3.1827527421101136,111,ok,
FAC_rank_vol_m6_n3_pairwise1,2012-11-30,Ctrl_fund_age,3.2912947700900195,111,ok,
FAC_rank_vol_m6_n3_pairwise1,2012-12-31,FAC_rank_vol_m6_n3_pairwise1,1.145873510272841,118,ok,
FAC_rank_vol_m6_n3_pairwise1,2012-12-31,CtrlRetSTR,1.1641426269271342,118,ok,
FAC_rank_vol_m6_n3_pairwise1,2012-12-31,CtrlRetLTM,1.2002201851192065,118,ok,
FAC_rank_vol_m6_n3_pairwise1,2012-12-31,CtrlVol,1.2234192595133482,118,ok,
FAC_rank_vol_m6_n3_pairwise1,2012-12-31,as_偏股混合型基金,1.0687398423407106,118,ok,
FAC_rank_vol_m6_n3_pairwise1,2012-12-31,Ctrl_log_fund_size,3.1058838928762005,118,ok,
FAC_rank_vol_m6_n3_pairwise1,2012-12-31,Ctrl_fund_age,3.2129548306171807,118,ok,
FAC_rank_vol_m6_n3_pairwise1,2013-01-31,FAC_rank_vol_m6_n3_pairwise1,1.140849659169267,122,ok,
FAC_rank_vol_m6_n3_pairwise1,2013-01-31,CtrlRetSTR,1.0428173371269418,122,ok,
FAC_rank_vol_m6_n3_pairwise1,2013-01-31,CtrlRetLTM,1.1517951811968046,122,ok,
FAC_rank_vol_m6_n3_pairwise1,2013-01-31,CtrlVol,1.13204143097795,122,ok,
FAC_rank_vol_m6_n3_pairwise1,2013-01-31,as_偏股混合型基金,1.0264583517999677,122,ok,
FAC_rank_vol_m6_n3_pairwise1,2013-01-31,Ctrl_log_fund_size,3.128151356363809,122,ok,
FAC_rank_vol_m6_n3_pairwise1,2013-01-31,Ctrl_fund_age,3.299735072004454,122,ok,
FAC_rank_vol_m6_n3_pairwise1,2013-02-28,FAC_rank_vol_m6_n3_pairwise1,1.0960787548184798,120,ok,
FAC_rank_vol_m6_n3_pairwise1,2013-02-28,CtrlRetSTR,1.0880711467000224,120,ok,
FAC_rank_vol_m6_n3_pairwise1,2013-02-28,CtrlRetLTM,1.1930759572975866,120,ok,
FAC_rank_vol_m6_n3_pairwise1,2013-02-28,CtrlVol,1.0900576706753875,120,ok,
FAC_rank_vol_m6_n3_pairwise1,2013-02-28,as_偏股混合型基金,1.0531304507479098,120,ok,
FAC_rank_vol_m6_n3_pairwise1,2013-02-28,Ctrl_log_fund_size,3.0741238411742553,120,ok,
FAC_rank_vol_m6_n3_pairwise1,2013-02-28,Ctrl_fund_age,3.201857483642144,120,ok,
FAC_rank_vol_m6_n3_pairwise1,2013-03-29,FAC_rank_vol_m6_n3_pairwise1,1.1209342207801576,124,ok,
FAC_rank_vol_m6_n3_pairwise1,2013-03-29,CtrlRetSTR,1.4081185811627128,124,ok,
FAC_rank_vol_m6_n3_pairwise1,2013-03-29,CtrlRetLTM,1.42216178876122,124,ok,
FAC_rank_vol_m6_n3_pairwise1,2013-03-29,CtrlVol,1.229303243577507,124,ok,
FAC_rank_vol_m6_n3_pairwise1,2013-03-29,as_偏股混合型基金,1.02985145319342,124,ok,
FAC_rank_vol_m6_n3_pairwise1,2013-03-29,Ctrl_log_fund_size,3.026974028973238,124,ok,
FAC_rank_vol_m6_n3_pairwise1,2013-03-29,Ctrl_fund_age,3.1847919526966693,124,ok,
FAC_rank_vol_m6_n3_pairwise1,2013-04-26,FAC_rank_vol_m6_n3_pairwise1,1.1619795995684428,124,ok,
FAC_rank_vol_m6_n3_pairwise1,2013-04-26,CtrlRetSTR,1.1580615349749281,124,ok,
FAC_rank_vol_m6_n3_pairwise1,2013-04-26,CtrlRetLTM,1.4040043939844227,124,ok,
FAC_rank_vol_m6_n3_pairwise1,2013-04-26,CtrlVol,1.3218007503659588,124,ok,
FAC_rank_vol_m6_n3_pairwise1,2013-04-26,as_偏股混合型基金,1.0372827335706507,124,ok,
FAC_rank_vol_m6_n3_pairwise1,2013-04-26,Ctrl_log_fund_size,2.8929457396049876,124,ok,
FAC_rank_vol_m6_n3_pairwise1,2013-04-26,Ctrl_fund_age,3.125963966539866,124,ok,
FAC_rank_vol_m6_n3_pairwise1,2013-05-31,FAC_rank_vol_m6_n3_pairwise1,1.1832139297113395,126,ok,
FAC_rank_vol_m6_n3_pairwise1,2013-05-31,CtrlRetSTR,1.277512543646322,126,ok,
FAC_rank_vol_m6_n3_pairwise1,2013-05-31,CtrlRetLTM,1.235924328181017,126,ok,
FAC_rank_vol_m6_n3_pairwise1,2013-05-31,CtrlVol,1.353895366981252,126,ok,
FAC_rank_vol_m6_n3_pairwise1,2013-05-31,as_偏股混合型基金,1.0271617870700347,126,ok,
FAC_rank_vol_m6_n3_pairwise1,2013-05-31,Ctrl_log_fund_size,2.7903094093532843,126,ok,
FAC_rank_vol_m6_n3_pairwise1,2013-05-31,Ctrl_fund_age,2.993767592241004,126,ok,
FAC_rank_vol_m6_n3_pairwise1,2013-06-28,FAC_rank_vol_m6_n3_pairwise1,1.1789910771661394,125,ok,
FAC_rank_vol_m6_n3_pairwise1,2013-06-28,CtrlRetSTR,1.755492465131372,125,ok,
FAC_rank_vol_m6_n3_pairwise1,2013-06-28,CtrlRetLTM,1.6077845421004737,125,ok,
FAC_rank_vol_m6_n3_pairwise1,2013-06-28,CtrlVol,1.6254212892856208,125,ok,
FAC_rank_vol_m6_n3_pairwise1,2013-06-28,as_偏股混合型基金,1.018780997836197,125,ok,
FAC_rank_vol_m6_n3_pairwise1,2013-06-28,Ctrl_log_fund_size,2.8783736563211537,125,ok,
FAC_rank_vol_m6_n3_pairwise1,2013-06-28,Ctrl_fund_age,2.9766152996594544,125,ok,
FAC_rank_vol_m6_n3_pairwise1,2013-07-31,FAC_rank_vol_m6_n3_pairwise1,1.1461379040823707,128,ok,
FAC_rank_vol_m6_n3_pairwise1,2013-07-31,CtrlRetSTR,1.1791432883467021,128,ok,
FAC_rank_vol_m6_n3_pairwise1,2013-07-31,CtrlRetLTM,1.3619172089421598,128,ok,
FAC_rank_vol_m6_n3_pairwise1,2013-07-31,CtrlVol,1.1264286039815175,128,ok,
FAC_rank_vol_m6_n3_pairwise1,2013-07-31,as_偏股混合型基金,1.0563583393087361,128,ok,
FAC_rank_vol_m6_n3_pairwise1,2013-07-31,Ctrl_log_fund_size,2.873415799457942,128,ok,
FAC_rank_vol_m6_n3_pairwise1,2013-07-31,Ctrl_fund_age,2.865529691320807,128,ok,
FAC_rank_vol_m6_n3_pairwise1,2013-08-30,FAC_rank_vol_m6_n3_pairwise1,1.0914216806008796,133,ok,
FAC_rank_vol_m6_n3_pairwise1,2013-08-30,CtrlRetSTR,1.1810229846629456,133,ok,
FAC_rank_vol_m6_n3_pairwise1,2013-08-30,CtrlRetLTM,1.2676999803233107,133,ok,
FAC_rank_vol_m6_n3_pairwise1,2013-08-30,CtrlVol,1.1751160771406033,133,ok,
FAC_rank_vol_m6_n3_pairwise1,2013-08-30,as_偏股混合型基金,1.0464192039568185,133,ok,
FAC_rank_vol_m6_n3_pairwise1,2013-08-30,Ctrl_log_fund_size,2.904521607717544,133,ok,
FAC_rank_vol_m6_n3_pairwise1,2013-08-30,Ctrl_fund_age,2.933392007801327,133,ok,
FAC_rank_vol_m6_n3_pairwise1,2013-09-30,FAC_rank_vol_m6_n3_pairwise1,1.0633746167697897,134,ok,
FAC_rank_vol_m6_n3_pairwise1,2013-09-30,CtrlRetSTR,1.6072106043702816,134,ok,
FAC_rank_vol_m6_n3_pairwise1,2013-09-30,CtrlRetLTM,1.7517924050850264,134,ok,
FAC_rank_vol_m6_n3_pairwise1,2013-09-30,CtrlVol,1.0922793386833538,134,ok,
FAC_rank_vol_m6_n3_pairwise1,2013-09-30,as_偏股混合型基金,1.0334412141771117,134,ok,
FAC_rank_vol_m6_n3_pairwise1,2013-09-30,Ctrl_log_fund_size,3.048417685532737,134,ok,
FAC_rank_vol_m6_n3_pairwise1,2013-09-30,Ctrl_fund_age,2.9450750330333295,134,ok,
FAC_rank_vol_m6_n3_pairwise1,2013-10-31,FAC_rank_vol_m6_n3_pairwise1,1.063053143550874,138,ok,
FAC_rank_vol_m6_n3_pairwise1,2013-10-31,CtrlRetSTR,1.460822354695546,138,ok,
FAC_rank_vol_m6_n3_pairwise1,2013-10-31,CtrlRetLTM,1.7444005715270603,138,ok,
FAC_rank_vol_m6_n3_pairwise1,2013-10-31,CtrlVol,1.1198070184957125,138,ok,
FAC_rank_vol_m6_n3_pairwise1,2013-10-31,as_偏股混合型基金,1.0199854448459453,138,ok,
FAC_rank_vol_m6_n3_pairwise1,2013-10-31,Ctrl_log_fund_size,3.1130872672583627,138,ok,
FAC_rank_vol_m6_n3_pairwise1,2013-10-31,Ctrl_fund_age,2.8808047596640756,138,ok,
FAC_rank_vol_m6_n3_pairwise1,2013-11-29,FAC_rank_vol_m6_n3_pairwise1,1.0765507334497453,141,ok,
FAC_rank_vol_m6_n3_pairwise1,2013-11-29,CtrlRetSTR,1.2183507587405775,141,ok,
FAC_rank_vol_m6_n3_pairwise1,2013-11-29,CtrlRetLTM,1.7110286278534397,141,ok,
FAC_rank_vol_m6_n3_pairwise1,2013-11-29,CtrlVol,1.3542543401609377,141,ok,
FAC_rank_vol_m6_n3_pairwise1,2013-11-29,as_偏股混合型基金,1.0176940775071097,141,ok,
FAC_rank_vol_m6_n3_pairwise1,2013-11-29,Ctrl_log_fund_size,3.1344431904323917,141,ok,
FAC_rank_vol_m6_n3_pairwise1,2013-11-29,Ctrl_fund_age,3.0290111169941354,141,ok,
FAC_rank_vol_m6_n3_pairwise1,2013-12-31,FAC_rank_vol_m6_n3_pairwise1,1.1367249191951143,142,ok,
FAC_rank_vol_m6_n3_pairwise1,2013-12-31,CtrlRetSTR,1.1929661952752153,142,ok,
FAC_rank_vol_m6_n3_pairwise1,2013-12-31,CtrlRetLTM,1.3067817326549371,142,ok,
FAC_rank_vol_m6_n3_pairwise1,2013-12-31,CtrlVol,1.2832138124430967,142,ok,
FAC_rank_vol_m6_n3_pairwise1,2013-12-31,as_偏股混合型基金,1.0315892045387385,142,ok,
FAC_rank_vol_m6_n3_pairwise1,2013-12-31,Ctrl_log_fund_size,3.154827158297723,142,ok,
FAC_rank_vol_m6_n3_pairwise1,2013-12-31,Ctrl_fund_age,3.0081486497332848,142,ok,
FAC_rank_vol_m6_n3_pairwise1,2014-01-30,FAC_rank_vol_m6_n3_pairwise1,1.171316249278175,130,ok,
FAC_rank_vol_m6_n3_pairwise1,2014-01-30,CtrlRetSTR,1.4821376823105326,130,ok,
FAC_rank_vol_m6_n3_pairwise1,2014-01-30,CtrlRetLTM,1.7930610323459384,130,ok,
FAC_rank_vol_m6_n3_pairwise1,2014-01-30,CtrlVol,1.6726857144906568,130,ok,
FAC_rank_vol_m6_n3_pairwise1,2014-01-30,as_偏股混合型基金,1.1176400552360044,130,ok,
FAC_rank_vol_m6_n3_pairwise1,2014-01-30,Ctrl_log_fund_size,2.965285192993362,130,ok,
FAC_rank_vol_m6_n3_pairwise1,2014-01-30,Ctrl_fund_age,2.855597690135157,130,ok,
FAC_rank_vol_m6_n3_pairwise1,2014-02-28,FAC_rank_vol_m6_n3_pairwise1,1.2013048570713334,130,ok,
FAC_rank_vol_m6_n3_pairwise1,2014-02-28,CtrlRetSTR,1.0836758884983706,130,ok,
FAC_rank_vol_m6_n3_pairwise1,2014-02-28,CtrlRetLTM,1.9293545511100318,130,ok,
FAC_rank_vol_m6_n3_pairwise1,2014-02-28,CtrlVol,1.8589302580561193,130,ok,
FAC_rank_vol_m6_n3_pairwise1,2014-02-28,as_偏股混合型基金,1.1178555441122529,130,ok,
FAC_rank_vol_m6_n3_pairwise1,2014-02-28,Ctrl_log_fund_size,2.96305913359578,130,ok,
FAC_rank_vol_m6_n3_pairwise1,2014-02-28,Ctrl_fund_age,2.886793772188652,130,ok,
FAC_rank_vol_m6_n3_pairwise1,2014-03-31,FAC_rank_vol_m6_n3_pairwise1,1.269259617924594,128,ok,
FAC_rank_vol_m6_n3_pairwise1,2014-03-31,CtrlRetSTR,1.4004946777198526,128,ok,
FAC_rank_vol_m6_n3_pairwise1,2014-03-31,CtrlRetLTM,2.1922637026699046,128,ok,
FAC_rank_vol_m6_n3_pairwise1,2014-03-31,CtrlVol,2.1891104537714643,128,ok,
FAC_rank_vol_m6_n3_pairwise1,2014-03-31,as_偏股混合型基金,1.1190930641461865,128,ok,
FAC_rank_vol_m6_n3_pairwise1,2014-03-31,Ctrl_log_fund_size,3.1636930157504963,128,ok,
FAC_rank_vol_m6_n3_pairwise1,2014-03-31,Ctrl_fund_age,3.060728986801009,128,ok,
FAC_rank_vol_m6_n3_pairwise1,2014-04-30,FAC_rank_vol_m6_n3_pairwise1,1.2086539354930301,127,ok,
FAC_rank_vol_m6_n3_pairwise1,2014-04-30,CtrlRetSTR,1.2576864478150798,127,ok,
FAC_rank_vol_m6_n3_pairwise1,2014-04-30,CtrlRetLTM,2.061279707747346,127,ok,
FAC_rank_vol_m6_n3_pairwise1,2014-04-30,CtrlVol,1.952827081232776,127,ok,
FAC_rank_vol_m6_n3_pairwise1,2014-04-30,as_偏股混合型基金,1.1225047313635736,127,ok,
FAC_rank_vol_m6_n3_pairwise1,2014-04-30,Ctrl_log_fund_size,3.0224157898874675,127,ok,
FAC_rank_vol_m6_n3_pairwise1,2014-04-30,Ctrl_fund_age,2.9908687436163466,127,ok,
FAC_rank_vol_m6_n3_pairwise1,2014-05-30,FAC_rank_vol_m6_n3_pairwise1,1.1637604664234469,130,ok,
FAC_rank_vol_m6_n3_pairwise1,2014-05-30,CtrlRetSTR,1.2731444726696053,130,ok,
FAC_rank_vol_m6_n3_pairwise1,2014-05-30,CtrlRetLTM,1.7256906210721545,130,ok,
FAC_rank_vol_m6_n3_pairwise1,2014-05-30,CtrlVol,1.5448366684311214,130,ok,
FAC_rank_vol_m6_n3_pairwise1,2014-05-30,as_偏股混合型基金,1.0938858739713884,130,ok,
FAC_rank_vol_m6_n3_pairwise1,2014-05-30,Ctrl_log_fund_size,3.0677619161911034,130,ok,
FAC_rank_vol_m6_n3_pairwise1,2014-05-30,Ctrl_fund_age,2.9600504343820977,130,ok,
FAC_rank_vol_m6_n3_pairwise1,2014-06-30,FAC_rank_vol_m6_n3_pairwise1,1.1332643208079163,125,ok,
FAC_rank_vol_m6_n3_pairwise1,2014-06-30,CtrlRetSTR,1.27006796710736,125,ok,
FAC_rank_vol_m6_n3_pairwise1,2014-06-30,CtrlRetLTM,1.7510331535612638,125,ok,
FAC_rank_vol_m6_n3_pairwise1,2014-06-30,CtrlVol,1.5346246446766951,125,ok,
FAC_rank_vol_m6_n3_pairwise1,2014-06-30,as_偏股混合型基金,1.085089066356531,125,ok,
FAC_rank_vol_m6_n3_pairwise1,2014-06-30,Ctrl_log_fund_size,2.7418461992748884,125,ok,
FAC_rank_vol_m6_n3_pairwise1,2014-06-30,Ctrl_fund_age,2.728643994414991,125,ok,
FAC_rank_vol_m6_n3_pairwise1,2014-07-31,FAC_rank_vol_m6_n3_pairwise1,1.175185643509985,123,ok,
FAC_rank_vol_m6_n3_pairwise1,2014-07-31,CtrlRetSTR,1.426395773390891,123,ok,
FAC_rank_vol_m6_n3_pairwise1,2014-07-31,CtrlRetLTM,1.2754847353886842,123,ok,
FAC_rank_vol_m6_n3_pairwise1,2014-07-31,CtrlVol,1.6866401708547851,123,ok,
FAC_rank_vol_m6_n3_pairwise1,2014-07-31,as_偏股混合型基金,1.0644248087198993,123,ok,
FAC_rank_vol_m6_n3_pairwise1,2014-07-31,Ctrl_log_fund_size,2.5137607844056777,123,ok,
FAC_rank_vol_m6_n3_pairwise1,2014-07-31,Ctrl_fund_age,2.5537934388133414,123,ok,
FAC_rank_vol_m6_n3_pairwise1,2014-08-29,FAC_rank_vol_m6_n3_pairwise1,1.2409261306548751,123,ok,
FAC_rank_vol_m6_n3_pairwise1,2014-08-29,CtrlRetSTR,1.1602661676888075,123,ok,
FAC_rank_vol_m6_n3_pairwise1,2014-08-29,CtrlRetLTM,1.3360092722258337,123,ok,
FAC_rank_vol_m6_n3_pairwise1,2014-08-29,CtrlVol,1.3242360210134663,123,ok,
FAC_rank_vol_m6_n3_pairwise1,2014-08-29,as_偏股混合型基金,1.0685350227600534,123,ok,
FAC_rank_vol_m6_n3_pairwise1,2014-08-29,Ctrl_log_fund_size,2.630377748309306,123,ok,
FAC_rank_vol_m6_n3_pairwise1,2014-08-29,Ctrl_fund_age,2.6368495719108545,123,ok,
FAC_rank_vol_m6_n3_pairwise1,2014-09-30,FAC_rank_vol_m6_n3_pairwise1,1.1049780648354959,122,ok,
FAC_rank_vol_m6_n3_pairwise1,2014-09-30,CtrlRetSTR,1.685832359597578,122,ok,
FAC_rank_vol_m6_n3_pairwise1,2014-09-30,CtrlRetLTM,1.6729877149266272,122,ok,
FAC_rank_vol_m6_n3_pairwise1,2014-09-30,CtrlVol,1.4409696830893397,122,ok,
FAC_rank_vol_m6_n3_pairwise1,2014-09-30,as_偏股混合型基金,1.0677579464348455,122,ok,
FAC_rank_vol_m6_n3_pairwise1,2014-09-30,Ctrl_log_fund_size,2.665397356859462,122,ok,
FAC_rank_vol_m6_n3_pairwise1,2014-09-30,Ctrl_fund_age,2.697842286070209,122,ok,
FAC_rank_vol_m6_n3_pairwise1,2014-10-31,FAC_rank_vol_m6_n3_pairwise1,1.1745729773308595,123,ok,
FAC_rank_vol_m6_n3_pairwise1,2014-10-31,CtrlRetSTR,1.2915985750268413,123,ok,
FAC_rank_vol_m6_n3_pairwise1,2014-10-31,CtrlRetLTM,1.7552000267102388,123,ok,
FAC_rank_vol_m6_n3_pairwise1,2014-10-31,CtrlVol,1.6128771597891471,123,ok,
FAC_rank_vol_m6_n3_pairwise1,2014-10-31,as_偏股混合型基金,1.0818003337937383,123,ok,
FAC_rank_vol_m6_n3_pairwise1,2014-10-31,Ctrl_log_fund_size,2.647467807611821,123,ok,
FAC_rank_vol_m6_n3_pairwise1,2014-10-31,Ctrl_fund_age,2.934693485205016,123,ok,
FAC_rank_vol_m6_n3_pairwise1,2014-11-28,FAC_rank_vol_m6_n3_pairwise1,1.17304989439962,125,ok,
FAC_rank_vol_m6_n3_pairwise1,2014-11-28,CtrlRetSTR,1.1155393290829152,125,ok,
FAC_rank_vol_m6_n3_pairwise1,2014-11-28,CtrlRetLTM,1.4512884735884728,125,ok,
FAC_rank_vol_m6_n3_pairwise1,2014-11-28,CtrlVol,1.3039771314381539,125,ok,
FAC_rank_vol_m6_n3_pairwise1,2014-11-28,as_偏股混合型基金,1.0562495564680126,125,ok,
FAC_rank_vol_m6_n3_pairwise1,2014-11-28,Ctrl_log_fund_size,2.7877281695804665,125,ok,
FAC_rank_vol_m6_n3_pairwise1,2014-11-28,Ctrl_fund_age,2.9723437721355204,125,ok,
FAC_rank_vol_m6_n3_pairwise1,2014-12-31,FAC_rank_vol_m6_n3_pairwise1,1.3614791711398508,116,ok,
FAC_rank_vol_m6_n3_pairwise1,2014-12-31,CtrlRetSTR,1.2234345087504763,116,ok,
FAC_rank_vol_m6_n3_pairwise1,2014-12-31,CtrlRetLTM,1.4676200354389601,116,ok,
FAC_rank_vol_m6_n3_pairwise1,2014-12-31,CtrlVol,1.7381422566160818,116,ok,
FAC_rank_vol_m6_n3_pairwise1,2014-12-31,as_偏股混合型基金,1.0486982664050049,116,ok,
FAC_rank_vol_m6_n3_pairwise1,2014-12-31,Ctrl_log_fund_size,2.8950186182264144,116,ok,
FAC_rank_vol_m6_n3_pairwise1,2014-12-31,Ctrl_fund_age,2.9043416848730614,116,ok,
FAC_rank_vol_m6_n3_pairwise1,2015-01-30,FAC_rank_vol_m6_n3_pairwise1,1.6272087246312694,111,ok,
FAC_rank_vol_m6_n3_pairwise1,2015-01-30,CtrlRetSTR,1.571906219297387,111,ok,
FAC_rank_vol_m6_n3_pairwise1,2015-01-30,CtrlRetLTM,1.4280903682042982,111,ok,
FAC_rank_vol_m6_n3_pairwise1,2015-01-30,CtrlVol,1.6151049745938226,111,ok,
FAC_rank_vol_m6_n3_pairwise1,2015-01-30,as_偏股混合型基金,1.0620422206445317,111,ok,
FAC_rank_vol_m6_n3_pairwise1,2015-01-30,Ctrl_log_fund_size,2.915720252460653,111,ok,
FAC_rank_vol_m6_n3_pairwise1,2015-01-30,Ctrl_fund_age,2.8258316718497762,111,ok,
FAC_rank_vol_m6_n3_pairwise1,2015-02-27,FAC_rank_vol_m6_n3_pairwise1,1.4596059836812894,120,ok,
FAC_rank_vol_m6_n3_pairwise1,2015-02-27,CtrlRetSTR,1.357166201029339,120,ok,
FAC_rank_vol_m6_n3_pairwise1,2015-02-27,CtrlRetLTM,1.2246917161041846,120,ok,
FAC_rank_vol_m6_n3_pairwise1,2015-02-27,CtrlVol,1.55573430687196,120,ok,
FAC_rank_vol_m6_n3_pairwise1,2015-02-27,as_偏股混合型基金,1.042357165361378,120,ok,
FAC_rank_vol_m6_n3_pairwise1,2015-02-27,Ctrl_log_fund_size,2.4520235501065337,120,ok,
FAC_rank_vol_m6_n3_pairwise1,2015-02-27,Ctrl_fund_age,2.475957796470184,120,ok,
FAC_rank_vol_m6_n3_pairwise1,2015-03-31,FAC_rank_vol_m6_n3_pairwise1,2.166367600205471,117,ok,
FAC_rank_vol_m6_n3_pairwise1,2015-03-31,CtrlRetSTR,1.1858769582111577,117,ok,
FAC_rank_vol_m6_n3_pairwise1,2015-03-31,CtrlRetLTM,1.2117657510687203,117,ok,
FAC_rank_vol_m6_n3_pairwise1,2015-03-31,CtrlVol,2.5787018807813546,117,ok,
FAC_rank_vol_m6_n3_pairwise1,2015-03-31,as_偏股混合型基金,1.0394761722818182,117,ok,
FAC_rank_vol_m6_n3_pairwise1,2015-03-31,Ctrl_log_fund_size,2.1881359278644976,117,ok,
FAC_rank_vol_m6_n3_pairwise1,2015-03-31,Ctrl_fund_age,2.1747023389513487,117,ok,
FAC_rank_vol_m6_n3_pairwise1,2015-04-30,FAC_rank_vol_m6_n3_pairwise1,1.5529550321400725,110,ok,
FAC_rank_vol_m6_n3_pairwise1,2015-04-30,CtrlRetSTR,1.1190879931640718,110,ok,
FAC_rank_vol_m6_n3_pairwise1,2015-04-30,CtrlRetLTM,1.5171504863379328,110,ok,
FAC_rank_vol_m6_n3_pairwise1,2015-04-30,CtrlVol,2.2388715375413386,110,ok,
FAC_rank_vol_m6_n3_pairwise1,2015-04-30,as_偏股混合型基金,1.035903074595671,110,ok,
FAC_rank_vol_m6_n3_pairwise1,2015-04-30,Ctrl_log_fund_size,2.1459584939534437,110,ok,
FAC_rank_vol_m6_n3_pairwise1,2015-04-30,Ctrl_fund_age,2.2139720944046606,110,ok,
FAC_rank_vol_m6_n3_pairwise1,2015-05-29,FAC_rank_vol_m6_n3_pairwise1,1.8488954332398297,100,ok,
FAC_rank_vol_m6_n3_pairwise1,2015-05-29,CtrlRetSTR,1.4334295261115062,100,ok,
FAC_rank_vol_m6_n3_pairwise1,2015-05-29,CtrlRetLTM,1.586496593526872,100,ok,
FAC_rank_vol_m6_n3_pairwise1,2015-05-29,CtrlVol,2.6663284473329125,100,ok,
FAC_rank_vol_m6_n3_pairwise1,2015-05-29,as_偏股混合型基金,1.0475260356880456,100,ok,
FAC_rank_vol_m6_n3_pairwise1,2015-05-29,Ctrl_log_fund_size,2.479681709572165,100,ok,
FAC_rank_vol_m6_n3_pairwise1,2015-05-29,Ctrl_fund_age,2.5319690569165014,100,ok,
FAC_rank_vol_m6_n3_pairwise1,2015-06-30,FAC_rank_vol_m6_n3_pairwise1,1.3835400443641304,85,ok,
FAC_rank_vol_m6_n3_pairwise1,2015-06-30,CtrlRetSTR,2.407710971321701,85,ok,
FAC_rank_vol_m6_n3_pairwise1,2015-06-30,CtrlRetLTM,1.95672240926723,85,ok,
FAC_rank_vol_m6_n3_pairwise1,2015-06-30,CtrlVol,3.6495392653173813,85,ok,
FAC_rank_vol_m6_n3_pairwise1,2015-06-30,as_偏股混合型基金,1.1030024166410637,85,ok,
FAC_rank_vol_m6_n3_pairwise1,2015-06-30,Ctrl_log_fund_size,2.3684329529476447,85,ok,
FAC_rank_vol_m6_n3_pairwise1,2015-06-30,Ctrl_fund_age,2.5363443661285636,85,ok,
FAC_rank_vol_m6_n3_pairwise1,2015-07-31,FAC_rank_vol_m6_n3_pairwise1,1.1584395546067399,82,ok,
FAC_rank_vol_m6_n3_pairwise1,2015-07-31,CtrlRetSTR,2.2513680862151118,82,ok,
FAC_rank_vol_m6_n3_pairwise1,2015-07-31,CtrlRetLTM,1.759616253891274,82,ok,
FAC_rank_vol_m6_n3_pairwise1,2015-07-31,CtrlVol,1.856022849523364,82,ok,
FAC_rank_vol_m6_n3_pairwise1,2015-07-31,as_偏股混合型基金,1.0678600080226601,82,ok,
FAC_rank_vol_m6_n3_pairwise1,2015-07-31,Ctrl_log_fund_size,2.590412034314249,82,ok,
FAC_rank_vol_m6_n3_pairwise1,2015-07-31,Ctrl_fund_age,2.4408406935424147,82,ok,
FAC_rank_vol_m6_n3_pairwise1,2015-08-31,FAC_rank_vol_m6_n3_pairwise1,1.1541451848148188,88,ok,
FAC_rank_vol_m6_n3_pairwise1,2015-08-31,CtrlRetSTR,1.8661353894415753,88,ok,
FAC_rank_vol_m6_n3_pairwise1,2015-08-31,CtrlRetLTM,1.185432994911597,88,ok,
FAC_rank_vol_m6_n3_pairwise1,2015-08-31,CtrlVol,1.9340140856629737,88,ok,
FAC_rank_vol_m6_n3_pairwise1,2015-08-31,as_偏股混合型基金,1.091083952154374,88,ok,
FAC_rank_vol_m6_n3_pairwise1,2015-08-31,Ctrl_log_fund_size,2.5560902004033883,88,ok,
FAC_rank_vol_m6_n3_pairwise1,2015-08-31,Ctrl_fund_age,2.490752371525918,88,ok,
FAC_rank_vol_m6_n3_pairwise1,2015-09-30,FAC_rank_vol_m6_n3_pairwise1,1.1444032245453166,82,ok,
FAC_rank_vol_m6_n3_pairwise1,2015-09-30,CtrlRetSTR,1.3862327934156675,82,ok,
FAC_rank_vol_m6_n3_pairwise1,2015-09-30,CtrlRetLTM,1.41552690747384,82,ok,
FAC_rank_vol_m6_n3_pairwise1,2015-09-30,CtrlVol,1.2633238433978848,82,ok,
FAC_rank_vol_m6_n3_pairwise1,2015-09-30,as_偏股混合型基金,1.0573771098458258,82,ok,
FAC_rank_vol_m6_n3_pairwise1,2015-09-30,Ctrl_log_fund_size,2.361964767549606,82,ok,
FAC_rank_vol_m6_n3_pairwise1,2015-09-30,Ctrl_fund_age,2.3349067799397503,82,ok,
FAC_rank_vol_m6_n3_pairwise1,2015-10-30,FAC_rank_vol_m6_n3_pairwise1,1.0981899807993198,83,ok,
FAC_rank_vol_m6_n3_pairwise1,2015-10-30,CtrlRetSTR,1.4142297423496022,83,ok,
FAC_rank_vol_m6_n3_pairwise1,2015-10-30,CtrlRetLTM,1.2804651338506883,83,ok,
FAC_rank_vol_m6_n3_pairwise1,2015-10-30,CtrlVol,1.5095649462012848,83,ok,
FAC_rank_vol_m6_n3_pairwise1,2015-10-30,as_偏股混合型基金,1.0693710078031782,83,ok,
FAC_rank_vol_m6_n3_pairwise1,2015-10-30,Ctrl_log_fund_size,2.125144221061893,83,ok,
FAC_rank_vol_m6_n3_pairwise1,2015-10-30,Ctrl_fund_age,2.1876712387214337,83,ok,
FAC_rank_vol_m6_n3_pairwise1,2015-11-30,FAC_rank_vol_m6_n3_pairwise1,1.1767426987576195,87,ok,
FAC_rank_vol_m6_n3_pairwise1,2015-11-30,CtrlRetSTR,1.890007326962296,87,ok,
FAC_rank_vol_m6_n3_pairwise1,2015-11-30,CtrlRetLTM,1.3543741068122053,87,ok,
FAC_rank_vol_m6_n3_pairwise1,2015-11-30,CtrlVol,1.8247284726197255,87,ok,
FAC_rank_vol_m6_n3_pairwise1,2015-11-30,as_偏股混合型基金,1.0764652764643705,87,ok,
FAC_rank_vol_m6_n3_pairwise1,2015-11-30,Ctrl_log_fund_size,2.108056568643938,87,ok,
FAC_rank_vol_m6_n3_pairwise1,2015-11-30,Ctrl_fund_age,2.162016777301825,87,ok,
FAC_rank_vol_m6_n3_pairwise1,2015-12-31,FAC_rank_vol_m6_n3_pairwise1,1.0794936399104837,90,ok,
FAC_rank_vol_m6_n3_pairwise1,2015-12-31,CtrlRetSTR,1.1420379217055954,90,ok,
FAC_rank_vol_m6_n3_pairwise1,2015-12-31,CtrlRetLTM,1.9161942550734992,90,ok,
FAC_rank_vol_m6_n3_pairwise1,2015-12-31,CtrlVol,1.5672998406085092,90,ok,
FAC_rank_vol_m6_n3_pairwise1,2015-12-31,as_偏股混合型基金,1.078329762489743,90,ok,
FAC_rank_vol_m6_n3_pairwise1,2015-12-31,Ctrl_log_fund_size,1.9664895700679028,90,ok,
FAC_rank_vol_m6_n3_pairwise1,2015-12-31,Ctrl_fund_age,1.9679256443227386,90,ok,
FAC_rank_vol_m6_n3_pairwise1,2016-01-29,FAC_rank_vol_m6_n3_pairwise1,1.3155524541955381,90,ok,
FAC_rank_vol_m6_n3_pairwise1,2016-01-29,CtrlRetSTR,2.3867030950754256,90,ok,
FAC_rank_vol_m6_n3_pairwise1,2016-01-29,CtrlRetLTM,1.8144767995355542,90,ok,
FAC_rank_vol_m6_n3_pairwise1,2016-01-29,CtrlVol,2.617643550416715,90,ok,
FAC_rank_vol_m6_n3_pairwise1,2016-01-29,as_偏股混合型基金,1.1007892877232464,90,ok,
FAC_rank_vol_m6_n3_pairwise1,2016-01-29,Ctrl_log_fund_size,1.767470786641324,90,ok,
FAC_rank_vol_m6_n3_pairwise1,2016-01-29,Ctrl_fund_age,1.950904125369389,90,ok,
FAC_rank_vol_m6_n3_pairwise1,2016-02-29,FAC_rank_vol_m6_n3_pairwise1,1.0940202130096375,93,ok,
FAC_rank_vol_m6_n3_pairwise1,2016-02-29,CtrlRetSTR,1.5240268581976042,93,ok,
FAC_rank_vol_m6_n3_pairwise1,2016-02-29,CtrlRetLTM,1.243903108327647,93,ok,
FAC_rank_vol_m6_n3_pairwise1,2016-02-29,CtrlVol,1.5392142209636739,93,ok,
FAC_rank_vol_m6_n3_pairwise1,2016-02-29,as_偏股混合型基金,1.0709222695082676,93,ok,
FAC_rank_vol_m6_n3_pairwise1,2016-02-29,Ctrl_log_fund_size,1.8000387265651085,93,ok,
FAC_rank_vol_m6_n3_pairwise1,2016-02-29,Ctrl_fund_age,1.855507888172298,93,ok,
FAC_rank_vol_m6_n3_pairwise1,2016-03-31,FAC_rank_vol_m6_n3_pairwise1,1.0792491624778537,95,ok,
FAC_rank_vol_m6_n3_pairwise1,2016-03-31,CtrlRetSTR,1.3402113679513141,95,ok,
FAC_rank_vol_m6_n3_pairwise1,2016-03-31,CtrlRetLTM,1.381424782933139,95,ok,
FAC_rank_vol_m6_n3_pairwise1,2016-03-31,CtrlVol,1.5736292779932564,95,ok,
FAC_rank_vol_m6_n3_pairwise1,2016-03-31,as_偏股混合型基金,1.095686250506196,95,ok,
FAC_rank_vol_m6_n3_pairwise1,2016-03-31,Ctrl_log_fund_size,1.667768655487819,95,ok,
FAC_rank_vol_m6_n3_pairwise1,2016-03-31,Ctrl_fund_age,1.8898342507372465,95,ok,
FAC_rank_vol_m6_n3_pairwise1,2016-04-29,FAC_rank_vol_m6_n3_pairwise1,1.0545651426297225,94,ok,
FAC_rank_vol_m6_n3_pairwise1,2016-04-29,CtrlRetSTR,1.277346292542341,94,ok,
FAC_rank_vol_m6_n3_pairwise1,2016-04-29,CtrlRetLTM,1.413132986908909,94,ok,
FAC_rank_vol_m6_n3_pairwise1,2016-04-29,CtrlVol,1.565902419805736,94,ok,
FAC_rank_vol_m6_n3_pairwise1,2016-04-29,as_偏股混合型基金,1.166547128393369,94,ok,
FAC_rank_vol_m6_n3_pairwise1,2016-04-29,Ctrl_log_fund_size,1.671727125855704,94,ok,
FAC_rank_vol_m6_n3_pairwise1,2016-04-29,Ctrl_fund_age,1.922694147708999,94,ok,
FAC_rank_vol_m6_n3_pairwise1,2016-05-31,FAC_rank_vol_m6_n3_pairwise1,1.029943142878321,99,ok,
FAC_rank_vol_m6_n3_pairwise1,2016-05-31,CtrlRetSTR,1.1074099272297788,99,ok,
FAC_rank_vol_m6_n3_pairwise1,2016-05-31,CtrlRetLTM,2.0576855728183343,99,ok,
FAC_rank_vol_m6_n3_pairwise1,2016-05-31,CtrlVol,2.050952784514729,99,ok,
FAC_rank_vol_m6_n3_pairwise1,2016-05-31,as_偏股混合型基金,1.3177211527706854,99,ok,
FAC_rank_vol_m6_n3_pairwise1,2016-05-31,Ctrl_log_fund_size,1.8686955777243608,99,ok,
FAC_rank_vol_m6_n3_pairwise1,2016-05-31,Ctrl_fund_age,2.1537230065642032,99,ok,
FAC_rank_vol_m6_n3_pairwise1,2016-06-30,FAC_rank_vol_m6_n3_pairwise1,1.031900351652265,103,ok,
FAC_rank_vol_m6_n3_pairwise1,2016-06-30,CtrlRetSTR,1.3377996878154645,103,ok,
FAC_rank_vol_m6_n3_pairwise1,2016-06-30,CtrlRetLTM,1.431605453294574,103,ok,
FAC_rank_vol_m6_n3_pairwise1,2016-06-30,CtrlVol,1.7254264126234935,103,ok,
FAC_rank_vol_m6_n3_pairwise1,2016-06-30,as_偏股混合型基金,1.2879799572654214,103,ok,
FAC_rank_vol_m6_n3_pairwise1,2016-06-30,Ctrl_log_fund_size,1.8295017404918572,103,ok,
FAC_rank_vol_m6_n3_pairwise1,2016-06-30,Ctrl_fund_age,2.059042537294318,103,ok,
FAC_rank_vol_m6_n3_pairwise1,2016-07-29,FAC_rank_vol_m6_n3_pairwise1,1.0287361749677004,104,ok,
FAC_rank_vol_m6_n3_pairwise1,2016-07-29,CtrlRetSTR,1.68742803119711,104,ok,
FAC_rank_vol_m6_n3_pairwise1,2016-07-29,CtrlRetLTM,1.1520581308211977,104,ok,
FAC_rank_vol_m6_n3_pairwise1,2016-07-29,CtrlVol,1.714696800940023,104,ok,
FAC_rank_vol_m6_n3_pairwise1,2016-07-29,as_偏股混合型基金,1.3333858423929426,104,ok,
FAC_rank_vol_m6_n3_pairwise1,2016-07-29,Ctrl_log_fund_size,1.8540587406353344,104,ok,
FAC_rank_vol_m6_n3_pairwise1,2016-07-29,Ctrl_fund_age,2.014304128494724,104,ok,
FAC_rank_vol_m6_n3_pairwise1,2016-08-31,FAC_rank_vol_m6_n3_pairwise1,1.063729858256559,117,ok,
FAC_rank_vol_m6_n3_pairwise1,2016-08-31,CtrlRetSTR,1.1041484564939932,117,ok,
FAC_rank_vol_m6_n3_pairwise1,2016-08-31,CtrlRetLTM,1.087465114055395,117,ok,
FAC_rank_vol_m6_n3_pairwise1,2016-08-31,CtrlVol,1.0979707070758478,117,ok,
FAC_rank_vol_m6_n3_pairwise1,2016-08-31,as_偏股混合型基金,1.368762550815546,117,ok,
FAC_rank_vol_m6_n3_pairwise1,2016-08-31,Ctrl_log_fund_size,1.9328910907600108,117,ok,
FAC_rank_vol_m6_n3_pairwise1,2016-08-31,Ctrl_fund_age,2.0875113949102597,117,ok,
FAC_rank_vol_m6_n3_pairwise1,2016-09-30,FAC_rank_vol_m6_n3_pairwise1,1.0949825123839012,125,ok,
FAC_rank_vol_m6_n3_pairwise1,2016-09-30,CtrlRetSTR,1.141162426933645,125,ok,
FAC_rank_vol_m6_n3_pairwise1,2016-09-30,CtrlRetLTM,1.03902918530398,125,ok,
FAC_rank_vol_m6_n3_pairwise1,2016-09-30,CtrlVol,1.1435332182366191,125,ok,
FAC_rank_vol_m6_n3_pairwise1,2016-09-30,as_偏股混合型基金,1.3784073049730303,125,ok,
FAC_rank_vol_m6_n3_pairwise1,2016-09-30,Ctrl_log_fund_size,2.1853154586076418,125,ok,
FAC_rank_vol_m6_n3_pairwise1,2016-09-30,Ctrl_fund_age,2.335340426019647,125,ok,
FAC_rank_vol_m6_n3_pairwise1,2016-10-31,FAC_rank_vol_m6_n3_pairwise1,1.0521017180247274,138,ok,
FAC_rank_vol_m6_n3_pairwise1,2016-10-31,CtrlRetSTR,1.071298368273018,138,ok,
FAC_rank_vol_m6_n3_pairwise1,2016-10-31,CtrlRetLTM,1.367532587514635,138,ok,
FAC_rank_vol_m6_n3_pairwise1,2016-10-31,CtrlVol,1.3095557567724325,138,ok,
FAC_rank_vol_m6_n3_pairwise1,2016-10-31,as_偏股混合型基金,1.4617350247059524,138,ok,
FAC_rank_vol_m6_n3_pairwise1,2016-10-31,Ctrl_log_fund_size,2.3257411940827013,138,ok,
FAC_rank_vol_m6_n3_pairwise1,2016-10-31,Ctrl_fund_age,2.4985313010818646,138,ok,
FAC_rank_vol_m6_n3_pairwise1,2016-11-30,FAC_rank_vol_m6_n3_pairwise1,1.0484305413078387,151,ok,
FAC_rank_vol_m6_n3_pairwise1,2016-11-30,CtrlRetSTR,1.1724434196245284,151,ok,
FAC_rank_vol_m6_n3_pairwise1,2016-11-30,CtrlRetLTM,1.5923379900395518,151,ok,
FAC_rank_vol_m6_n3_pairwise1,2016-11-30,CtrlVol,1.4811549411327052,151,ok,
FAC_rank_vol_m6_n3_pairwise1,2016-11-30,as_偏股混合型基金,1.7126217135336272,151,ok,
FAC_rank_vol_m6_n3_pairwise1,2016-11-30,Ctrl_log_fund_size,2.534267407975981,151,ok,
FAC_rank_vol_m6_n3_pairwise1,2016-11-30,Ctrl_fund_age,2.848554762411238,151,ok,
FAC_rank_vol_m6_n3_pairwise1,2016-12-30,FAC_rank_vol_m6_n3_pairwise1,1.0405580532807903,173,ok,
FAC_rank_vol_m6_n3_pairwise1,2016-12-30,CtrlRetSTR,1.2414624546353425,173,ok,
FAC_rank_vol_m6_n3_pairwise1,2016-12-30,CtrlRetLTM,1.6209636337452873,173,ok,
FAC_rank_vol_m6_n3_pairwise1,2016-12-30,CtrlVol,1.5163943255559802,173,ok,
FAC_rank_vol_m6_n3_pairwise1,2016-12-30,as_偏股混合型基金,1.7540408545803674,173,ok,
FAC_rank_vol_m6_n3_pairwise1,2016-12-30,Ctrl_log_fund_size,2.78346157218881,173,ok,
FAC_rank_vol_m6_n3_pairwise1,2016-12-30,Ctrl_fund_age,3.123957552546964,173,ok,
FAC_rank_vol_m6_n3_pairwise1,2017-01-26,FAC_rank_vol_m6_n3_pairwise1,1.0330671247300702,193,ok,
FAC_rank_vol_m6_n3_pairwise1,2017-01-26,CtrlRetSTR,1.2447311055835484,193,ok,
FAC_rank_vol_m6_n3_pairwise1,2017-01-26,CtrlRetLTM,1.1174861988042626,193,ok,
FAC_rank_vol_m6_n3_pairwise1,2017-01-26,CtrlVol,1.1622563818020317,193,ok,
FAC_rank_vol_m6_n3_pairwise1,2017-01-26,as_偏股混合型基金,1.657045506111444,193,ok,
FAC_rank_vol_m6_n3_pairwise1,2017-01-26,Ctrl_log_fund_size,2.5947811148250164,193,ok,
FAC_rank_vol_m6_n3_pairwise1,2017-01-26,Ctrl_fund_age,2.814187095364915,193,ok,
FAC_rank_vol_m6_n3_pairwise1,2017-02-28,FAC_rank_vol_m6_n3_pairwise1,1.0108310929754514,219,ok,
FAC_rank_vol_m6_n3_pairwise1,2017-02-28,CtrlRetSTR,1.1145693196426552,219,ok,
FAC_rank_vol_m6_n3_pairwise1,2017-02-28,CtrlRetLTM,1.2064890294592903,219,ok,
FAC_rank_vol_m6_n3_pairwise1,2017-02-28,CtrlVol,1.0234591132330533,219,ok,
FAC_rank_vol_m6_n3_pairwise1,2017-02-28,as_偏股混合型基金,1.6658517290067247,219,ok,
FAC_rank_vol_m6_n3_pairwise1,2017-02-28,Ctrl_log_fund_size,2.748334667183937,219,ok,
FAC_rank_vol_m6_n3_pairwise1,2017-02-28,Ctrl_fund_age,3.0023181526725273,219,ok,
FAC_rank_vol_m6_n3_pairwise1,2017-03-31,FAC_rank_vol_m6_n3_pairwise1,1.0653640169683503,221,ok,
FAC_rank_vol_m6_n3_pairwise1,2017-03-31,CtrlRetSTR,1.103342423058136,221,ok,
FAC_rank_vol_m6_n3_pairwise1,2017-03-31,CtrlRetLTM,1.2543200786729591,221,ok,
FAC_rank_vol_m6_n3_pairwise1,2017-03-31,CtrlVol,1.208407370054981,221,ok,
FAC_rank_vol_m6_n3_pairwise1,2017-03-31,as_偏股混合型基金,1.6930682207229693,221,ok,
FAC_rank_vol_m6_n3_pairwise1,2017-03-31,Ctrl_log_fund_size,3.0548444957636414,221,ok,
FAC_rank_vol_m6_n3_pairwise1,2017-03-31,Ctrl_fund_age,3.369667074451857,221,ok,
FAC_rank_vol_m6_n3_pairwise1,2017-04-28,FAC_rank_vol_m6_n3_pairwise1,1.0941925558924044,229,ok,
FAC_rank_vol_m6_n3_pairwise1,2017-04-28,CtrlRetSTR,1.1960271520458563,229,ok,
FAC_rank_vol_m6_n3_pairwise1,2017-04-28,CtrlRetLTM,1.315446773052165,229,ok,
FAC_rank_vol_m6_n3_pairwise1,2017-04-28,CtrlVol,1.244141088718019,229,ok,
FAC_rank_vol_m6_n3_pairwise1,2017-04-28,as_偏股混合型基金,1.7363061738020642,229,ok,
FAC_rank_vol_m6_n3_pairwise1,2017-04-28,Ctrl_log_fund_size,3.0340471952981503,229,ok,
FAC_rank_vol_m6_n3_pairwise1,2017-04-28,Ctrl_fund_age,3.4581847113878594,229,ok,
FAC_rank_vol_m6_n3_pairwise1,2017-05-31,FAC_rank_vol_m6_n3_pairwise1,1.1263842946936005,237,ok,
FAC_rank_vol_m6_n3_pairwise1,2017-05-31,CtrlRetSTR,1.2299094368753816,237,ok,
FAC_rank_vol_m6_n3_pairwise1,2017-05-31,CtrlRetLTM,1.3332136627774134,237,ok,
FAC_rank_vol_m6_n3_pairwise1,2017-05-31,CtrlVol,1.2415075820762196,237,ok,
FAC_rank_vol_m6_n3_pairwise1,2017-05-31,as_偏股混合型基金,1.800109940696645,237,ok,
FAC_rank_vol_m6_n3_pairwise1,2017-05-31,Ctrl_log_fund_size,2.8989012895032493,237,ok,
FAC_rank_vol_m6_n3_pairwise1,2017-05-31,Ctrl_fund_age,3.3818952021076396,237,ok,
FAC_rank_vol_m6_n3_pairwise1,2017-06-30,FAC_rank_vol_m6_n3_pairwise1,1.0531232046147274,232,ok,
FAC_rank_vol_m6_n3_pairwise1,2017-06-30,CtrlRetSTR,1.157267975335025,232,ok,
FAC_rank_vol_m6_n3_pairwise1,2017-06-30,CtrlRetLTM,1.6060923585739106,232,ok,
FAC_rank_vol_m6_n3_pairwise1,2017-06-30,CtrlVol,1.4238942915425308,232,ok,
FAC_rank_vol_m6_n3_pairwise1,2017-06-30,as_偏股混合型基金,1.880709232417977,232,ok,
FAC_rank_vol_m6_n3_pairwise1,2017-06-30,Ctrl_log_fund_size,2.891360124859764,232,ok,
FAC_rank_vol_m6_n3_pairwise1,2017-06-30,Ctrl_fund_age,3.4051840239159876,232,ok,
FAC_rank_vol_m6_n3_pairwise1,2017-07-31,FAC_rank_vol_m6_n3_pairwise1,1.1112420174644595,236,ok,
FAC_rank_vol_m6_n3_pairwise1,2017-07-31,CtrlRetSTR,1.1013247902910142,236,ok,
FAC_rank_vol_m6_n3_pairwise1,2017-07-31,CtrlRetLTM,1.1643976883773546,236,ok,
FAC_rank_vol_m6_n3_pairwise1,2017-07-31,CtrlVol,1.1439708276789293,236,ok,
FAC_rank_vol_m6_n3_pairwise1,2017-07-31,as_偏股混合型基金,1.8807688042824133,236,ok,
FAC_rank_vol_m6_n3_pairwise1,2017-07-31,Ctrl_log_fund_size,3.1187544391191384,236,ok,
FAC_rank_vol_m6_n3_pairwise1,2017-07-31,Ctrl_fund_age,3.5814707975060323,236,ok,
FAC_rank_vol_m6_n3_pairwise1,2017-08-31,FAC_rank_vol_m6_n3_pairwise1,1.0708415757082874,246,ok,
FAC_rank_vol_m6_n3_pairwise1,2017-08-31,CtrlRetSTR,1.1783031766085985,246,ok,
FAC_rank_vol_m6_n3_pairwise1,2017-08-31,CtrlRetLTM,1.1352999673112523,246,ok,
FAC_rank_vol_m6_n3_pairwise1,2017-08-31,CtrlVol,1.2021792307155004,246,ok,
FAC_rank_vol_m6_n3_pairwise1,2017-08-31,as_偏股混合型基金,1.7910901533735049,246,ok,
FAC_rank_vol_m6_n3_pairwise1,2017-08-31,Ctrl_log_fund_size,3.1341384159148498,246,ok,
FAC_rank_vol_m6_n3_pairwise1,2017-08-31,Ctrl_fund_age,3.633705467357758,246,ok,
FAC_rank_vol_m6_n3_pairwise1,2017-09-29,FAC_rank_vol_m6_n3_pairwise1,1.1131766787967734,256,ok,
FAC_rank_vol_m6_n3_pairwise1,2017-09-29,CtrlRetSTR,1.0867498546808916,256,ok,
FAC_rank_vol_m6_n3_pairwise1,2017-09-29,CtrlRetLTM,1.063369902159674,256,ok,
FAC_rank_vol_m6_n3_pairwise1,2017-09-29,CtrlVol,1.1760073749649185,256,ok,
FAC_rank_vol_m6_n3_pairwise1,2017-09-29,as_偏股混合型基金,1.7962289403867764,256,ok,
FAC_rank_vol_m6_n3_pairwise1,2017-09-29,Ctrl_log_fund_size,3.0643068543726786,256,ok,
FAC_rank_vol_m6_n3_pairwise1,2017-09-29,Ctrl_fund_age,3.644577657682731,256,ok,
FAC_rank_vol_m6_n3_pairwise1,2017-10-31,FAC_rank_vol_m6_n3_pairwise1,1.1037650966896941,258,ok,
FAC_rank_vol_m6_n3_pairwise1,2017-10-31,CtrlRetSTR,1.3460414272660663,258,ok,
FAC_rank_vol_m6_n3_pairwise1,2017-10-31,CtrlRetLTM,1.4539792975504569,258,ok,
FAC_rank_vol_m6_n3_pairwise1,2017-10-31,CtrlVol,1.076253876651397,258,ok,
FAC_rank_vol_m6_n3_pairwise1,2017-10-31,as_偏股混合型基金,1.7135044126178633,258,ok,
FAC_rank_vol_m6_n3_pairwise1,2017-10-31,Ctrl_log_fund_size,2.9377388227794343,258,ok,
FAC_rank_vol_m6_n3_pairwise1,2017-10-31,Ctrl_fund_age,3.3727176750271726,258,ok,
FAC_rank_vol_m6_n3_pairwise1,2017-11-30,FAC_rank_vol_m6_n3_pairwise1,1.2008681551901141,272,ok,
FAC_rank_vol_m6_n3_pairwise1,2017-11-30,CtrlRetSTR,1.2621739631926758,272,ok,
FAC_rank_vol_m6_n3_pairwise1,2017-11-30,CtrlRetLTM,1.1365997660106173,272,ok,
FAC_rank_vol_m6_n3_pairwise1,2017-11-30,CtrlVol,1.4355110455575069,272,ok,
FAC_rank_vol_m6_n3_pairwise1,2017-11-30,as_偏股混合型基金,1.6951109571301526,272,ok,
FAC_rank_vol_m6_n3_pairwise1,2017-11-30,Ctrl_log_fund_size,2.8150508481871763,272,ok,
FAC_rank_vol_m6_n3_pairwise1,2017-11-30,Ctrl_fund_age,3.282049224412075,272,ok,
FAC_rank_vol_m6_n3_pairwise1,2017-12-29,FAC_rank_vol_m6_n3_pairwise1,1.2850596082572419,272,ok,
FAC_rank_vol_m6_n3_pairwise1,2017-12-29,CtrlRetSTR,1.2753921741363388,272,ok,
FAC_rank_vol_m6_n3_pairwise1,2017-12-29,CtrlRetLTM,1.3624747623623716,272,ok,
FAC_rank_vol_m6_n3_pairwise1,2017-12-29,CtrlVol,1.2183509116176445,272,ok,
FAC_rank_vol_m6_n3_pairwise1,2017-12-29,as_偏股混合型基金,1.639440448439711,272,ok,
FAC_rank_vol_m6_n3_pairwise1,2017-12-29,Ctrl_log_fund_size,2.8802241300886346,272,ok,
FAC_rank_vol_m6_n3_pairwise1,2017-12-29,Ctrl_fund_age,3.261215165605114,272,ok,
FAC_rank_vol_m6_n3_pairwise1,2018-01-31,FAC_rank_vol_m6_n3_pairwise1,1.3032662098826275,269,ok,
FAC_rank_vol_m6_n3_pairwise1,2018-01-31,CtrlRetSTR,1.3014333939411424,269,ok,
FAC_rank_vol_m6_n3_pairwise1,2018-01-31,CtrlRetLTM,1.301617498388148,269,ok,
FAC_rank_vol_m6_n3_pairwise1,2018-01-31,CtrlVol,1.440247005282881,269,ok,
FAC_rank_vol_m6_n3_pairwise1,2018-01-31,as_偏股混合型基金,1.6007073544321508,269,ok,
FAC_rank_vol_m6_n3_pairwise1,2018-01-31,Ctrl_log_fund_size,2.8571028451588765,269,ok,
FAC_rank_vol_m6_n3_pairwise1,2018-01-31,Ctrl_fund_age,3.0905747197188806,269,ok,
FAC_rank_vol_m6_n3_pairwise1,2018-02-28,FAC_rank_vol_m6_n3_pairwise1,1.4959690630683453,270,ok,
FAC_rank_vol_m6_n3_pairwise1,2018-02-28,CtrlRetSTR,1.4128618844873126,270,ok,
FAC_rank_vol_m6_n3_pairwise1,2018-02-28,CtrlRetLTM,1.2746059067491038,270,ok,
FAC_rank_vol_m6_n3_pairwise1,2018-02-28,CtrlVol,1.4081613157769088,270,ok,
FAC_rank_vol_m6_n3_pairwise1,2018-02-28,as_偏股混合型基金,1.5954478054670915,270,ok,
FAC_rank_vol_m6_n3_pairwise1,2018-02-28,Ctrl_log_fund_size,2.7368502656501184,270,ok,
FAC_rank_vol_m6_n3_pairwise1,2018-02-28,Ctrl_fund_age,2.9593361961173428,270,ok,
FAC_rank_vol_m6_n3_pairwise1,2018-03-30,FAC_rank_vol_m6_n3_pairwise1,1.2619016632460693,269,ok,
FAC_rank_vol_m6_n3_pairwise1,2018-03-30,CtrlRetSTR,1.2465368868043107,269,ok,
FAC_rank_vol_m6_n3_pairwise1,2018-03-30,CtrlRetLTM,1.3607880348070227,269,ok,
FAC_rank_vol_m6_n3_pairwise1,2018-03-30,CtrlVol,1.2570789142285757,269,ok,
FAC_rank_vol_m6_n3_pairwise1,2018-03-30,as_偏股混合型基金,1.5870705209522478,269,ok,
FAC_rank_vol_m6_n3_pairwise1,2018-03-30,Ctrl_log_fund_size,2.5041191981767454,269,ok,
FAC_rank_vol_m6_n3_pairwise1,2018-03-30,Ctrl_fund_age,2.815419123798416,269,ok,
FAC_rank_vol_m6_n3_pairwise1,2018-04-27,FAC_rank_vol_m6_n3_pairwise1,1.4165144001237673,274,ok,
FAC_rank_vol_m6_n3_pairwise1,2018-04-27,CtrlRetSTR,1.1260330611087186,274,ok,
FAC_rank_vol_m6_n3_pairwise1,2018-04-27,CtrlRetLTM,1.1959760044201304,274,ok,
FAC_rank_vol_m6_n3_pairwise1,2018-04-27,CtrlVol,1.6071722777915787,274,ok,
FAC_rank_vol_m6_n3_pairwise1,2018-04-27,as_偏股混合型基金,1.569720719571631,274,ok,
FAC_rank_vol_m6_n3_pairwise1,2018-04-27,Ctrl_log_fund_size,2.5360504922863543,274,ok,
FAC_rank_vol_m6_n3_pairwise1,2018-04-27,Ctrl_fund_age,2.8804047814837714,274,ok,
FAC_rank_vol_m6_n3_pairwise1,2018-05-31,FAC_rank_vol_m6_n3_pairwise1,1.3911654309362504,281,ok,
FAC_rank_vol_m6_n3_pairwise1,2018-05-31,CtrlRetSTR,1.207784861798182,281,ok,
FAC_rank_vol_m6_n3_pairwise1,2018-05-31,CtrlRetLTM,1.3082505772680397,281,ok,
FAC_rank_vol_m6_n3_pairwise1,2018-05-31,CtrlVol,1.4493325888523088,281,ok,
FAC_rank_vol_m6_n3_pairwise1,2018-05-31,as_偏股混合型基金,1.610401934707855,281,ok,
FAC_rank_vol_m6_n3_pairwise1,2018-05-31,Ctrl_log_fund_size,2.4633034554607027,281,ok,
FAC_rank_vol_m6_n3_pairwise1,2018-05-31,Ctrl_fund_age,2.799480341927024,281,ok,
FAC_rank_vol_m6_n3_pairwise1,2018-06-29,FAC_rank_vol_m6_n3_pairwise1,1.4540074665545242,278,ok,
FAC_rank_vol_m6_n3_pairwise1,2018-06-29,CtrlRetSTR,1.1304231671789695,278,ok,
FAC_rank_vol_m6_n3_pairwise1,2018-06-29,CtrlRetLTM,1.275857460591779,278,ok,
FAC_rank_vol_m6_n3_pairwise1,2018-06-29,CtrlVol,1.5233094060776529,278,ok,
FAC_rank_vol_m6_n3_pairwise1,2018-06-29,as_偏股混合型基金,1.6126871186385199,278,ok,
FAC_rank_vol_m6_n3_pairwise1,2018-06-29,Ctrl_log_fund_size,2.541931011744607,278,ok,
FAC_rank_vol_m6_n3_pairwise1,2018-06-29,Ctrl_fund_age,2.8140294124330607,278,ok,
FAC_rank_vol_m6_n3_pairwise1,2018-07-31,FAC_rank_vol_m6_n3_pairwise1,1.358154089784022,270,ok,
FAC_rank_vol_m6_n3_pairwise1,2018-07-31,CtrlRetSTR,1.2976266601411852,270,ok,
FAC_rank_vol_m6_n3_pairwise1,2018-07-31,CtrlRetLTM,1.3077440777352451,270,ok,
FAC_rank_vol_m6_n3_pairwise1,2018-07-31,CtrlVol,1.4939548323323872,270,ok,
FAC_rank_vol_m6_n3_pairwise1,2018-07-31,as_偏股混合型基金,1.576752344249936,270,ok,
FAC_rank_vol_m6_n3_pairwise1,2018-07-31,Ctrl_log_fund_size,2.4982654363598047,270,ok,
FAC_rank_vol_m6_n3_pairwise1,2018-07-31,Ctrl_fund_age,2.849391992355168,270,ok,
FAC_rank_vol_m6_n3_pairwise1,2018-08-31,FAC_rank_vol_m6_n3_pairwise1,1.555025357122889,273,ok,
FAC_rank_vol_m6_n3_pairwise1,2018-08-31,CtrlRetSTR,1.5006332964433988,273,ok,
FAC_rank_vol_m6_n3_pairwise1,2018-08-31,CtrlRetLTM,1.1887545825704144,273,ok,
FAC_rank_vol_m6_n3_pairwise1,2018-08-31,CtrlVol,1.985829524584358,273,ok,
FAC_rank_vol_m6_n3_pairwise1,2018-08-31,as_偏股混合型基金,1.6867987113941567,273,ok,
FAC_rank_vol_m6_n3_pairwise1,2018-08-31,Ctrl_log_fund_size,2.4996118929998548,273,ok,
FAC_rank_vol_m6_n3_pairwise1,2018-08-31,Ctrl_fund_age,2.9074283349995227,273,ok,
FAC_rank_vol_m6_n3_pairwise1,2018-09-28,FAC_rank_vol_m6_n3_pairwise1,1.417411705188036,274,ok,
FAC_rank_vol_m6_n3_pairwise1,2018-09-28,CtrlRetSTR,1.222000876624135,274,ok,
FAC_rank_vol_m6_n3_pairwise1,2018-09-28,CtrlRetLTM,1.4018011706517874,274,ok,
FAC_rank_vol_m6_n3_pairwise1,2018-09-28,CtrlVol,1.3808460287126108,274,ok,
FAC_rank_vol_m6_n3_pairwise1,2018-09-28,as_偏股混合型基金,1.556828698344066,274,ok,
FAC_rank_vol_m6_n3_pairwise1,2018-09-28,Ctrl_log_fund_size,2.5236973840654193,274,ok,
FAC_rank_vol_m6_n3_pairwise1,2018-09-28,Ctrl_fund_age,2.833007131553659,274,ok,
FAC_rank_vol_m6_n3_pairwise1,2018-10-31,FAC_rank_vol_m6_n3_pairwise1,1.3797005617336195,269,ok,
FAC_rank_vol_m6_n3_pairwise1,2018-10-31,CtrlRetSTR,1.44603216120907,269,ok,
FAC_rank_vol_m6_n3_pairwise1,2018-10-31,CtrlRetLTM,1.3570786517128213,269,ok,
FAC_rank_vol_m6_n3_pairwise1,2018-10-31,CtrlVol,1.6360534166580314,269,ok,
FAC_rank_vol_m6_n3_pairwise1,2018-10-31,as_偏股混合型基金,1.5727932911574933,269,ok,
FAC_rank_vol_m6_n3_pairwise1,2018-10-31,Ctrl_log_fund_size,2.3890459086673093,269,ok,
FAC_rank_vol_m6_n3_pairwise1,2018-10-31,Ctrl_fund_age,2.769991962529848,269,ok,
FAC_rank_vol_m6_n3_pairwise1,2018-11-30,FAC_rank_vol_m6_n3_pairwise1,1.3542942666146554,272,ok,
FAC_rank_vol_m6_n3_pairwise1,2018-11-30,CtrlRetSTR,1.1401827676308969,272,ok,
FAC_rank_vol_m6_n3_pairwise1,2018-11-30,CtrlRetLTM,1.2135633392846785,272,ok,
FAC_rank_vol_m6_n3_pairwise1,2018-11-30,CtrlVol,1.3709178992128463,272,ok,
FAC_rank_vol_m6_n3_pairwise1,2018-11-30,as_偏股混合型基金,1.5960658860151355,272,ok,
FAC_rank_vol_m6_n3_pairwise1,2018-11-30,Ctrl_log_fund_size,2.363987717248054,272,ok,
FAC_rank_vol_m6_n3_pairwise1,2018-11-30,Ctrl_fund_age,2.756322695779745,272,ok,
FAC_rank_vol_m6_n3_pairwise1,2018-12-28,FAC_rank_vol_m6_n3_pairwise1,1.2220475064696381,278,ok,
FAC_rank_vol_m6_n3_pairwise1,2018-12-28,CtrlRetSTR,1.1034593750383412,278,ok,
FAC_rank_vol_m6_n3_pairwise1,2018-12-28,CtrlRetLTM,1.1706047719119552,278,ok,
FAC_rank_vol_m6_n3_pairwise1,2018-12-28,CtrlVol,1.3702010616103664,278,ok,
FAC_rank_vol_m6_n3_pairwise1,2018-12-28,as_偏股混合型基金,1.5947872604463948,278,ok,
FAC_rank_vol_m6_n3_pairwise1,2018-12-28,Ctrl_log_fund_size,2.2875996453426635,278,ok,
FAC_rank_vol_m6_n3_pairwise1,2018-12-28,Ctrl_fund_age,2.703526088053626,278,ok,
FAC_rank_vol_m6_n3_pairwise1,2019-01-31,FAC_rank_vol_m6_n3_pairwise1,1.116531521244915,269,ok,
FAC_rank_vol_m6_n3_pairwise1,2019-01-31,CtrlRetSTR,1.2045238831714122,269,ok,
FAC_rank_vol_m6_n3_pairwise1,2019-01-31,CtrlRetLTM,1.1918789060504515,269,ok,
FAC_rank_vol_m6_n3_pairwise1,2019-01-31,CtrlVol,1.1573820467934115,269,ok,
FAC_rank_vol_m6_n3_pairwise1,2019-01-31,as_偏股混合型基金,1.5763621114243467,269,ok,
FAC_rank_vol_m6_n3_pairwise1,2019-01-31,Ctrl_log_fund_size,2.3902678414214984,269,ok,
FAC_rank_vol_m6_n3_pairwise1,2019-01-31,Ctrl_fund_age,2.7264677183433856,269,ok,
FAC_rank_vol_m6_n3_pairwise1,2019-02-28,FAC_rank_vol_m6_n3_pairwise1,1.0560745121940636,283,ok,
FAC_rank_vol_m6_n3_pairwise1,2019-02-28,CtrlRetSTR,1.2043913053463173,283,ok,
FAC_rank_vol_m6_n3_pairwise1,2019-02-28,CtrlRetLTM,1.2192621501846397,283,ok,
FAC_rank_vol_m6_n3_pairwise1,2019-02-28,CtrlVol,1.11019597815902,283,ok,
FAC_rank_vol_m6_n3_pairwise1,2019-02-28,as_偏股混合型基金,1.5548507391956017,283,ok,
FAC_rank_vol_m6_n3_pairwise1,2019-02-28,Ctrl_log_fund_size,2.4920802828397495,283,ok,
FAC_rank_vol_m6_n3_pairwise1,2019-02-28,Ctrl_fund_age,2.859116914510175,283,ok,
FAC_rank_vol_m6_n3_pairwise1,2019-03-29,FAC_rank_vol_m6_n3_pairwise1,1.0181894345536937,287,ok,
FAC_rank_vol_m6_n3_pairwise1,2019-03-29,CtrlRetSTR,1.3387409859130752,287,ok,
FAC_rank_vol_m6_n3_pairwise1,2019-03-29,CtrlRetLTM,1.1506487205365132,287,ok,
FAC_rank_vol_m6_n3_pairwise1,2019-03-29,CtrlVol,1.4436035565854985,287,ok,
FAC_rank_vol_m6_n3_pairwise1,2019-03-29,as_偏股混合型基金,1.53857353294772,287,ok,
FAC_rank_vol_m6_n3_pairwise1,2019-03-29,Ctrl_log_fund_size,2.574550716195457,287,ok,
FAC_rank_vol_m6_n3_pairwise1,2019-03-29,Ctrl_fund_age,2.8949133419921047,287,ok,
FAC_rank_vol_m6_n3_pairwise1,2019-04-30,FAC_rank_vol_m6_n3_pairwise1,1.032053343317468,286,ok,
FAC_rank_vol_m6_n3_pairwise1,2019-04-30,CtrlRetSTR,1.1004392656899833,286,ok,
FAC_rank_vol_m6_n3_pairwise1,2019-04-30,CtrlRetLTM,1.1366884671002713,286,ok,
FAC_rank_vol_m6_n3_pairwise1,2019-04-30,CtrlVol,1.0307266073629777,286,ok,
FAC_rank_vol_m6_n3_pairwise1,2019-04-30,as_偏股混合型基金,1.5652634585630991,286,ok,
FAC_rank_vol_m6_n3_pairwise1,2019-04-30,Ctrl_log_fund_size,2.649285754640132,286,ok,
FAC_rank_vol_m6_n3_pairwise1,2019-04-30,Ctrl_fund_age,2.9262926215019154,286,ok,
FAC_rank_vol_m6_n3_pairwise1,2019-05-31,FAC_rank_vol_m6_n3_pairwise1,1.051100085863035,289,ok,
FAC_rank_vol_m6_n3_pairwise1,2019-05-31,CtrlRetSTR,1.048381501123114,289,ok,
FAC_rank_vol_m6_n3_pairwise1,2019-05-31,CtrlRetLTM,1.0694405769205222,289,ok,
FAC_rank_vol_m6_n3_pairwise1,2019-05-31,CtrlVol,1.0752446265529128,289,ok,
FAC_rank_vol_m6_n3_pairwise1,2019-05-31,as_偏股混合型基金,1.5552799844686798,289,ok,
FAC_rank_vol_m6_n3_pairwise1,2019-05-31,Ctrl_log_fund_size,2.5473493310837068,289,ok,
FAC_rank_vol_m6_n3_pairwise1,2019-05-31,Ctrl_fund_age,2.8666903006241857,289,ok,
FAC_rank_vol_m6_n3_pairwise1,2019-06-28,FAC_rank_vol_m6_n3_pairwise1,1.0649867580894998,297,ok,
FAC_rank_vol_m6_n3_pairwise1,2019-06-28,CtrlRetSTR,1.094743447202662,297,ok,
FAC_rank_vol_m6_n3_pairwise1,2019-06-28,CtrlRetLTM,1.1047023093554318,297,ok,
FAC_rank_vol_m6_n3_pairwise1,2019-06-28,CtrlVol,1.038993561996742,297,ok,
FAC_rank_vol_m6_n3_pairwise1,2019-06-28,as_偏股混合型基金,1.5947340518515405,297,ok,
FAC_rank_vol_m6_n3_pairwise1,2019-06-28,Ctrl_log_fund_size,2.6946338874378952,297,ok,
FAC_rank_vol_m6_n3_pairwise1,2019-06-28,Ctrl_fund_age,2.9721584713018316,297,ok,
FAC_rank_vol_m6_n3_pairwise1,2019-07-31,FAC_rank_vol_m6_n3_pairwise1,1.0530980918709685,301,ok,
FAC_rank_vol_m6_n3_pairwise1,2019-07-31,CtrlRetSTR,1.0461147996718743,301,ok,
FAC_rank_vol_m6_n3_pairwise1,2019-07-31,CtrlRetLTM,1.0863242643009814,301,ok,
FAC_rank_vol_m6_n3_pairwise1,2019-07-31,CtrlVol,1.0793955495245615,301,ok,
FAC_rank_vol_m6_n3_pairwise1,2019-07-31,as_偏股混合型基金,1.5934982271279243,301,ok,
FAC_rank_vol_m6_n3_pairwise1,2019-07-31,Ctrl_log_fund_size,2.5984057005125702,301,ok,
FAC_rank_vol_m6_n3_pairwise1,2019-07-31,Ctrl_fund_age,2.9363706322061427,301,ok,
FAC_rank_vol_m6_n3_pairwise1,2019-08-30,FAC_rank_vol_m6_n3_pairwise1,1.0343190502565183,298,ok,
FAC_rank_vol_m6_n3_pairwise1,2019-08-30,CtrlRetSTR,1.2679415995014875,298,ok,
FAC_rank_vol_m6_n3_pairwise1,2019-08-30,CtrlRetLTM,1.1201993558660048,298,ok,
FAC_rank_vol_m6_n3_pairwise1,2019-08-30,CtrlVol,1.3245748190328295,298,ok,
FAC_rank_vol_m6_n3_pairwise1,2019-08-30,as_偏股混合型基金,1.6049927107855375,298,ok,
FAC_rank_vol_m6_n3_pairwise1,2019-08-30,Ctrl_log_fund_size,2.6261254373299936,298,ok,
FAC_rank_vol_m6_n3_pairwise1,2019-08-30,Ctrl_fund_age,2.8856213939934237,298,ok,
FAC_rank_vol_m6_n3_pairwise1,2019-09-30,FAC_rank_vol_m6_n3_pairwise1,1.0934150002837275,302,ok,
FAC_rank_vol_m6_n3_pairwise1,2019-09-30,CtrlRetSTR,1.1111038733949699,302,ok,
FAC_rank_vol_m6_n3_pairwise1,2019-09-30,CtrlRetLTM,1.3799359573334755,302,ok,
FAC_rank_vol_m6_n3_pairwise1,2019-09-30,CtrlVol,1.437612679957275,302,ok,
FAC_rank_vol_m6_n3_pairwise1,2019-09-30,as_偏股混合型基金,1.4872576800201942,302,ok,
FAC_rank_vol_m6_n3_pairwise1,2019-09-30,Ctrl_log_fund_size,2.824884727080522,302,ok,
FAC_rank_vol_m6_n3_pairwise1,2019-09-30,Ctrl_fund_age,3.0095758596515285,302,ok,
FAC_rank_vol_m6_n3_pairwise1,2019-10-31,FAC_rank_vol_m6_n3_pairwise1,1.1045961940096691,311,ok,
FAC_rank_vol_m6_n3_pairwise1,2019-10-31,CtrlRetSTR,1.0957015278366093,311,ok,
FAC_rank_vol_m6_n3_pairwise1,2019-10-31,CtrlRetLTM,1.976370308855469,311,ok,
FAC_rank_vol_m6_n3_pairwise1,2019-10-31,CtrlVol,1.823824238964857,311,ok,
FAC_rank_vol_m6_n3_pairwise1,2019-10-31,as_偏股混合型基金,1.4815506419616538,311,ok,
FAC_rank_vol_m6_n3_pairwise1,2019-10-31,Ctrl_log_fund_size,2.9914129789731807,311,ok,
FAC_rank_vol_m6_n3_pairwise1,2019-10-31,Ctrl_fund_age,3.027329857694233,311,ok,
FAC_rank_vol_m6_n3_pairwise1,2019-11-29,FAC_rank_vol_m6_n3_pairwise1,1.0797308392607619,325,ok,
FAC_rank_vol_m6_n3_pairwise1,2019-11-29,CtrlRetSTR,1.1045879143145063,325,ok,
FAC_rank_vol_m6_n3_pairwise1,2019-11-29,CtrlRetLTM,1.5838976727653669,325,ok,
FAC_rank_vol_m6_n3_pairwise1,2019-11-29,CtrlVol,1.3728790079531394,325,ok,
FAC_rank_vol_m6_n3_pairwise1,2019-11-29,as_偏股混合型基金,1.4429916115828758,325,ok,
FAC_rank_vol_m6_n3_pairwise1,2019-11-29,Ctrl_log_fund_size,3.109045809361196,325,ok,
FAC_rank_vol_m6_n3_pairwise1,2019-11-29,Ctrl_fund_age,3.10291630134736,325,ok,
FAC_rank_vol_m6_n3_pairwise1,2019-12-31,FAC_rank_vol_m6_n3_pairwise1,1.0486977208175194,340,ok,
FAC_rank_vol_m6_n3_pairwise1,2019-12-31,CtrlRetSTR,1.08990952066648,340,ok,
FAC_rank_vol_m6_n3_pairwise1,2019-12-31,CtrlRetLTM,1.8814849988429185,340,ok,
FAC_rank_vol_m6_n3_pairwise1,2019-12-31,CtrlVol,1.7973917288486903,340,ok,
FAC_rank_vol_m6_n3_pairwise1,2019-12-31,as_偏股混合型基金,1.3853632988791842,340,ok,
FAC_rank_vol_m6_n3_pairwise1,2019-12-31,Ctrl_log_fund_size,3.001901566673414,340,ok,
FAC_rank_vol_m6_n3_pairwise1,2019-12-31,Ctrl_fund_age,3.019656366611733,340,ok,
FAC_rank_vol_m6_n3_pairwise1,2020-01-23,FAC_rank_vol_m6_n3_pairwise1,1.0545030198868108,346,ok,
FAC_rank_vol_m6_n3_pairwise1,2020-01-23,CtrlRetSTR,1.3536578519090205,346,ok,
FAC_rank_vol_m6_n3_pairwise1,2020-01-23,CtrlRetLTM,1.902337521249768,346,ok,
FAC_rank_vol_m6_n3_pairwise1,2020-01-23,CtrlVol,1.8290699859267405,346,ok,
FAC_rank_vol_m6_n3_pairwise1,2020-01-23,as_偏股混合型基金,1.3962568104652864,346,ok,
FAC_rank_vol_m6_n3_pairwise1,2020-01-23,Ctrl_log_fund_size,2.9448237415816627,346,ok,
FAC_rank_vol_m6_n3_pairwise1,2020-01-23,Ctrl_fund_age,2.9629563883385814,346,ok,
FAC_rank_vol_m6_n3_pairwise1,2020-02-28,FAC_rank_vol_m6_n3_pairwise1,1.0502689764422641,352,ok,
FAC_rank_vol_m6_n3_pairwise1,2020-02-28,CtrlRetSTR,1.372029013921872,352,ok,
FAC_rank_vol_m6_n3_pairwise1,2020-02-28,CtrlRetLTM,1.7130912913998555,352,ok,
FAC_rank_vol_m6_n3_pairwise1,2020-02-28,CtrlVol,1.3589370400943235,352,ok,
FAC_rank_vol_m6_n3_pairwise1,2020-02-28,as_偏股混合型基金,1.3929950056903821,352,ok,
FAC_rank_vol_m6_n3_pairwise1,2020-02-28,Ctrl_log_fund_size,3.003974455765009,352,ok,
FAC_rank_vol_m6_n3_pairwise1,2020-02-28,Ctrl_fund_age,3.020375415136988,352,ok,
FAC_rank_vol_m6_n3_pairwise1,2020-03-31,FAC_rank_vol_m6_n3_pairwise1,1.102350708227169,355,ok,
FAC_rank_vol_m6_n3_pairwise1,2020-03-31,CtrlRetSTR,1.2475626730484521,355,ok,
FAC_rank_vol_m6_n3_pairwise1,2020-03-31,CtrlRetLTM,1.4624294107512499,355,ok,
FAC_rank_vol_m6_n3_pairwise1,2020-03-31,CtrlVol,1.273093800337937,355,ok,
FAC_rank_vol_m6_n3_pairwise1,2020-03-31,as_偏股混合型基金,1.409763399405667,355,ok,
FAC_rank_vol_m6_n3_pairwise1,2020-03-31,Ctrl_log_fund_size,2.8531143085614272,355,ok,
FAC_rank_vol_m6_n3_pairwise1,2020-03-31,Ctrl_fund_age,2.8402425443942407,355,ok,
FAC_rank_vol_m6_n3_pairwise1,2020-04-30,FAC_rank_vol_m6_n3_pairwise1,1.094317806531997,360,ok,
FAC_rank_vol_m6_n3_pairwise1,2020-04-30,CtrlRetSTR,1.2443777167064618,360,ok,
FAC_rank_vol_m6_n3_pairwise1,2020-04-30,CtrlRetLTM,1.3608895702751442,360,ok,
FAC_rank_vol_m6_n3_pairwise1,2020-04-30,CtrlVol,1.5062503326826995,360,ok,
FAC_rank_vol_m6_n3_pairwise1,2020-04-30,as_偏股混合型基金,1.3888994727703783,360,ok,
FAC_rank_vol_m6_n3_pairwise1,2020-04-30,Ctrl_log_fund_size,2.738192086369596,360,ok,
FAC_rank_vol_m6_n3_pairwise1,2020-04-30,Ctrl_fund_age,2.727526594428295,360,ok,
FAC_rank_vol_m6_n3_pairwise1,2020-05-29,FAC_rank_vol_m6_n3_pairwise1,1.333841850530959,377,ok,
FAC_rank_vol_m6_n3_pairwise1,2020-05-29,CtrlRetSTR,1.3250597990974835,377,ok,
FAC_rank_vol_m6_n3_pairwise1,2020-05-29,CtrlRetLTM,1.6926534512112055,377,ok,
FAC_rank_vol_m6_n3_pairwise1,2020-05-29,CtrlVol,1.9755735037365267,377,ok,
FAC_rank_vol_m6_n3_pairwise1,2020-05-29,as_偏股混合型基金,1.374287980584873,377,ok,
FAC_rank_vol_m6_n3_pairwise1,2020-05-29,Ctrl_log_fund_size,2.8022455608803334,377,ok,
FAC_rank_vol_m6_n3_pairwise1,2020-05-29,Ctrl_fund_age,2.7341308296121407,377,ok,
FAC_rank_vol_m6_n3_pairwise1,2020-06-30,FAC_rank_vol_m6_n3_pairwise1,1.3149992977226077,373,ok,
FAC_rank_vol_m6_n3_pairwise1,2020-06-30,CtrlRetSTR,1.4836460654406856,373,ok,
FAC_rank_vol_m6_n3_pairwise1,2020-06-30,CtrlRetLTM,1.6902850655589579,373,ok,
FAC_rank_vol_m6_n3_pairwise1,2020-06-30,CtrlVol,1.6492476460824212,373,ok,
FAC_rank_vol_m6_n3_pairwise1,2020-06-30,as_偏股混合型基金,1.3799610792995305,373,ok,
FAC_rank_vol_m6_n3_pairwise1,2020-06-30,Ctrl_log_fund_size,2.7734504996653975,373,ok,
FAC_rank_vol_m6_n3_pairwise1,2020-06-30,Ctrl_fund_age,2.7387286236652453,373,ok,
FAC_rank_vol_m6_n3_pairwise1,2020-07-31,FAC_rank_vol_m6_n3_pairwise1,1.3148387318820647,379,ok,
FAC_rank_vol_m6_n3_pairwise1,2020-07-31,CtrlRetSTR,1.0392864770242927,379,ok,
FAC_rank_vol_m6_n3_pairwise1,2020-07-31,CtrlRetLTM,1.6471450534489895,379,ok,
FAC_rank_vol_m6_n3_pairwise1,2020-07-31,CtrlVol,1.8334804676629575,379,ok,
FAC_rank_vol_m6_n3_pairwise1,2020-07-31,as_偏股混合型基金,1.3770341702224056,379,ok,
FAC_rank_vol_m6_n3_pairwise1,2020-07-31,Ctrl_log_fund_size,2.723172555834299,379,ok,
FAC_rank_vol_m6_n3_pairwise1,2020-07-31,Ctrl_fund_age,2.7008036260225285,379,ok,
FAC_rank_vol_m6_n3_pairwise1,2020-08-31,FAC_rank_vol_m6_n3_pairwise1,1.2208922387516399,390,ok,
FAC_rank_vol_m6_n3_pairwise1,2020-08-31,CtrlRetSTR,1.3020751145634804,390,ok,
FAC_rank_vol_m6_n3_pairwise1,2020-08-31,CtrlRetLTM,1.5365060615487647,390,ok,
FAC_rank_vol_m6_n3_pairwise1,2020-08-31,CtrlVol,1.4815504069489354,390,ok,
FAC_rank_vol_m6_n3_pairwise1,2020-08-31,as_偏股混合型基金,1.3344135439892189,390,ok,
FAC_rank_vol_m6_n3_pairwise1,2020-08-31,Ctrl_log_fund_size,2.818747710362645,390,ok,
FAC_rank_vol_m6_n3_pairwise1,2020-08-31,Ctrl_fund_age,2.7708225209312625,390,ok,
FAC_rank_vol_m6_n3_pairwise1,2020-09-30,FAC_rank_vol_m6_n3_pairwise1,1.1394327669888245,396,ok,
FAC_rank_vol_m6_n3_pairwise1,2020-09-30,CtrlRetSTR,1.161503823139347,396,ok,
FAC_rank_vol_m6_n3_pairwise1,2020-09-30,CtrlRetLTM,1.4185917060426292,396,ok,
FAC_rank_vol_m6_n3_pairwise1,2020-09-30,CtrlVol,1.297529934974753,396,ok,
FAC_rank_vol_m6_n3_pairwise1,2020-09-30,as_偏股混合型基金,1.3438292091542323,396,ok,
FAC_rank_vol_m6_n3_pairwise1,2020-09-30,Ctrl_log_fund_size,2.789496597455299,396,ok,
FAC_rank_vol_m6_n3_pairwise1,2020-09-30,Ctrl_fund_age,2.7613631015944704,396,ok,
FAC_rank_vol_m6_n3_pairwise1,2020-10-30,FAC_rank_vol_m6_n3_pairwise1,1.0641885989637527,398,ok,
FAC_rank_vol_m6_n3_pairwise1,2020-10-30,CtrlRetSTR,1.0529843807558468,398,ok,
FAC_rank_vol_m6_n3_pairwise1,2020-10-30,CtrlRetLTM,1.443820871604575,398,ok,
FAC_rank_vol_m6_n3_pairwise1,2020-10-30,CtrlVol,1.3227234363873455,398,ok,
FAC_rank_vol_m6_n3_pairwise1,2020-10-30,as_偏股混合型基金,1.349854688509683,398,ok,
FAC_rank_vol_m6_n3_pairwise1,2020-10-30,Ctrl_log_fund_size,2.6856886377519786,398,ok,
FAC_rank_vol_m6_n3_pairwise1,2020-10-30,Ctrl_fund_age,2.6757717343188108,398,ok,
FAC_rank_vol_m6_n3_pairwise1,2020-11-30,FAC_rank_vol_m6_n3_pairwise1,1.0395388392470695,424,ok,
FAC_rank_vol_m6_n3_pairwise1,2020-11-30,CtrlRetSTR,1.1724351465363478,424,ok,
FAC_rank_vol_m6_n3_pairwise1,2020-11-30,CtrlRetLTM,1.4889950353694472,424,ok,
FAC_rank_vol_m6_n3_pairwise1,2020-11-30,CtrlVol,1.2135254849502601,424,ok,
FAC_rank_vol_m6_n3_pairwise1,2020-11-30,as_偏股混合型基金,1.294605235116134,424,ok,
FAC_rank_vol_m6_n3_pairwise1,2020-11-30,Ctrl_log_fund_size,2.6236502462554547,424,ok,
FAC_rank_vol_m6_n3_pairwise1,2020-11-30,Ctrl_fund_age,2.6002240196520185,424,ok,
FAC_rank_vol_m6_n3_pairwise1,2020-12-31,FAC_rank_vol_m6_n3_pairwise1,1.0528297820066763,436,ok,
FAC_rank_vol_m6_n3_pairwise1,2020-12-31,CtrlRetSTR,1.2955978468486782,436,ok,
FAC_rank_vol_m6_n3_pairwise1,2020-12-31,CtrlRetLTM,1.3816870183047827,436,ok,
FAC_rank_vol_m6_n3_pairwise1,2020-12-31,CtrlVol,1.2461374022190566,436,ok,
FAC_rank_vol_m6_n3_pairwise1,2020-12-31,as_偏股混合型基金,1.2554428136548883,436,ok,
FAC_rank_vol_m6_n3_pairwise1,2020-12-31,Ctrl_log_fund_size,2.6184290044881355,436,ok,
FAC_rank_vol_m6_n3_pairwise1,2020-12-31,Ctrl_fund_age,2.528982008563463,436,ok,
FAC_rank_vol_m6_n3_pairwise1,2021-01-29,FAC_rank_vol_m6_n3_pairwise1,1.0716015789977356,432,ok,
FAC_rank_vol_m6_n3_pairwise1,2021-01-29,CtrlRetSTR,1.1103914290327541,432,ok,
FAC_rank_vol_m6_n3_pairwise1,2021-01-29,CtrlRetLTM,1.3090862316194458,432,ok,
FAC_rank_vol_m6_n3_pairwise1,2021-01-29,CtrlVol,1.1396453218626934,432,ok,
FAC_rank_vol_m6_n3_pairwise1,2021-01-29,as_偏股混合型基金,1.2752610577621466,432,ok,
FAC_rank_vol_m6_n3_pairwise1,2021-01-29,Ctrl_log_fund_size,2.572264741920821,432,ok,
FAC_rank_vol_m6_n3_pairwise1,2021-01-29,Ctrl_fund_age,2.451411706878661,432,ok,
FAC_rank_vol_m6_n3_pairwise1,2021-02-26,FAC_rank_vol_m6_n3_pairwise1,1.0381363421923493,458,ok,
FAC_rank_vol_m6_n3_pairwise1,2021-02-26,CtrlRetSTR,1.5607367686518143,458,ok,
FAC_rank_vol_m6_n3_pairwise1,2021-02-26,CtrlRetLTM,1.1939068599353209,458,ok,
FAC_rank_vol_m6_n3_pairwise1,2021-02-26,CtrlVol,1.480403234944146,458,ok,
FAC_rank_vol_m6_n3_pairwise1,2021-02-26,as_偏股混合型基金,1.2437829339538757,458,ok,
FAC_rank_vol_m6_n3_pairwise1,2021-02-26,Ctrl_log_fund_size,2.542525587201412,458,ok,
FAC_rank_vol_m6_n3_pairwise1,2021-02-26,Ctrl_fund_age,2.43554533258654,458,ok,
FAC_rank_vol_m6_n3_pairwise1,2021-03-31,FAC_rank_vol_m6_n3_pairwise1,1.1071336285258377,460,ok,
FAC_rank_vol_m6_n3_pairwise1,2021-03-31,CtrlRetSTR,1.273764290204085,460,ok,
FAC_rank_vol_m6_n3_pairwise1,2021-03-31,CtrlRetLTM,1.19850442454363,460,ok,
FAC_rank_vol_m6_n3_pairwise1,2021-03-31,CtrlVol,1.312105190566942,460,ok,
FAC_rank_vol_m6_n3_pairwise1,2021-03-31,as_偏股混合型基金,1.2577846588788684,460,ok,
FAC_rank_vol_m6_n3_pairwise1,2021-03-31,Ctrl_log_fund_size,2.4742664050705825,460,ok,
FAC_rank_vol_m6_n3_pairwise1,2021-03-31,Ctrl_fund_age,2.413602812569983,460,ok,
FAC_rank_vol_m6_n3_pairwise1,2021-04-30,FAC_rank_vol_m6_n3_pairwise1,1.0549510319534054,483,ok,
FAC_rank_vol_m6_n3_pairwise1,2021-04-30,CtrlRetSTR,1.668611212782172,483,ok,
FAC_rank_vol_m6_n3_pairwise1,2021-04-30,CtrlRetLTM,1.117454737636428,483,ok,
FAC_rank_vol_m6_n3_pairwise1,2021-04-30,CtrlVol,1.7422831842129107,483,ok,
FAC_rank_vol_m6_n3_pairwise1,2021-04-30,as_偏股混合型基金,1.2031084717264546,483,ok,
FAC_rank_vol_m6_n3_pairwise1,2021-04-30,Ctrl_log_fund_size,2.4736506392789797,483,ok,
FAC_rank_vol_m6_n3_pairwise1,2021-04-30,Ctrl_fund_age,2.375326924698374,483,ok,
FAC_rank_vol_m6_n3_pairwise1,2021-05-31,FAC_rank_vol_m6_n3_pairwise1,1.044835390104125,518,ok,
FAC_rank_vol_m6_n3_pairwise1,2021-05-31,CtrlRetSTR,1.251370103690342,518,ok,
FAC_rank_vol_m6_n3_pairwise1,2021-05-31,CtrlRetLTM,1.1891694702609488,518,ok,
FAC_rank_vol_m6_n3_pairwise1,2021-05-31,CtrlVol,1.3890178390160648,518,ok,
FAC_rank_vol_m6_n3_pairwise1,2021-05-31,as_偏股混合型基金,1.1758447464271868,518,ok,
FAC_rank_vol_m6_n3_pairwise1,2021-05-31,Ctrl_log_fund_size,2.4893230897228427,518,ok,
FAC_rank_vol_m6_n3_pairwise1,2021-05-31,Ctrl_fund_age,2.413573247480318,518,ok,
FAC_rank_vol_m6_n3_pairwise1,2021-06-30,FAC_rank_vol_m6_n3_pairwise1,1.0689090877926437,515,ok,
FAC_rank_vol_m6_n3_pairwise1,2021-06-30,CtrlRetSTR,1.2743502187194,515,ok,
FAC_rank_vol_m6_n3_pairwise1,2021-06-30,CtrlRetLTM,1.143192203545887,515,ok,
FAC_rank_vol_m6_n3_pairwise1,2021-06-30,CtrlVol,1.2866004689512685,515,ok,
FAC_rank_vol_m6_n3_pairwise1,2021-06-30,as_偏股混合型基金,1.173215319884318,515,ok,
FAC_rank_vol_m6_n3_pairwise1,2021-06-30,Ctrl_log_fund_size,2.419209248205911,515,ok,
FAC_rank_vol_m6_n3_pairwise1,2021-06-30,Ctrl_fund_age,2.3937224067591365,515,ok,
FAC_rank_vol_m6_n3_pairwise1,2021-07-30,FAC_rank_vol_m6_n3_pairwise1,1.1445943903821827,528,ok,
FAC_rank_vol_m6_n3_pairwise1,2021-07-30,CtrlRetSTR,1.1233774477791374,528,ok,
FAC_rank_vol_m6_n3_pairwise1,2021-07-30,CtrlRetLTM,1.294386080827692,528,ok,
FAC_rank_vol_m6_n3_pairwise1,2021-07-30,CtrlVol,1.2946622203950178,528,ok,
FAC_rank_vol_m6_n3_pairwise1,2021-07-30,as_偏股混合型基金,1.1545938389983932,528,ok,
FAC_rank_vol_m6_n3_pairwise1,2021-07-30,Ctrl_log_fund_size,2.490876092541146,528,ok,
FAC_rank_vol_m6_n3_pairwise1,2021-07-30,Ctrl_fund_age,2.4399440899450626,528,ok,
FAC_rank_vol_m6_n3_pairwise1,2021-08-31,FAC_rank_vol_m6_n3_pairwise1,1.3100796707882851,553,ok,
FAC_rank_vol_m6_n3_pairwise1,2021-08-31,CtrlRetSTR,1.2905450836712287,553,ok,
FAC_rank_vol_m6_n3_pairwise1,2021-08-31,CtrlRetLTM,1.6647018303336871,553,ok,
FAC_rank_vol_m6_n3_pairwise1,2021-08-31,CtrlVol,1.6638663664460125,553,ok,
FAC_rank_vol_m6_n3_pairwise1,2021-08-31,as_偏股混合型基金,1.1564368253195862,553,ok,
FAC_rank_vol_m6_n3_pairwise1,2021-08-31,Ctrl_log_fund_size,2.5985319780089973,553,ok,
FAC_rank_vol_m6_n3_pairwise1,2021-08-31,Ctrl_fund_age,2.479630789028293,553,ok,
FAC_rank_vol_m6_n3_pairwise1,2021-09-30,FAC_rank_vol_m6_n3_pairwise1,1.326830956061745,565,ok,
FAC_rank_vol_m6_n3_pairwise1,2021-09-30,CtrlRetSTR,1.7399940777478866,565,ok,
FAC_rank_vol_m6_n3_pairwise1,2021-09-30,CtrlRetLTM,2.041634262441912,565,ok,
FAC_rank_vol_m6_n3_pairwise1,2021-09-30,CtrlVol,1.568259223236156,565,ok,
FAC_rank_vol_m6_n3_pairwise1,2021-09-30,as_偏股混合型基金,1.1383371072044106,565,ok,
FAC_rank_vol_m6_n3_pairwise1,2021-09-30,Ctrl_log_fund_size,2.6309121153047035,565,ok,
FAC_rank_vol_m6_n3_pairwise1,2021-09-30,Ctrl_fund_age,2.5295425728688246,565,ok,
FAC_rank_vol_m6_n3_pairwise1,2021-10-29,FAC_rank_vol_m6_n3_pairwise1,1.3994569151979952,578,ok,
FAC_rank_vol_m6_n3_pairwise1,2021-10-29,CtrlRetSTR,1.2263051002798278,578,ok,
FAC_rank_vol_m6_n3_pairwise1,2021-10-29,CtrlRetLTM,1.4649386147852388,578,ok,
FAC_rank_vol_m6_n3_pairwise1,2021-10-29,CtrlVol,1.4941421773619388,578,ok,
FAC_rank_vol_m6_n3_pairwise1,2021-10-29,as_偏股混合型基金,1.124683502828368,578,ok,
FAC_rank_vol_m6_n3_pairwise1,2021-10-29,Ctrl_log_fund_size,2.7260374477538525,578,ok,
FAC_rank_vol_m6_n3_pairwise1,2021-10-29,Ctrl_fund_age,2.5519110199326565,578,ok,
FAC_rank_vol_m6_n3_pairwise1,2021-11-30,FAC_rank_vol_m6_n3_pairwise1,1.234782807215323,604,ok,
FAC_rank_vol_m6_n3_pairwise1,2021-11-30,CtrlRetSTR,1.0784773426874024,604,ok,
FAC_rank_vol_m6_n3_pairwise1,2021-11-30,CtrlRetLTM,1.6082973969654983,604,ok,
FAC_rank_vol_m6_n3_pairwise1,2021-11-30,CtrlVol,1.6636931027053765,604,ok,
FAC_rank_vol_m6_n3_pairwise1,2021-11-30,as_偏股混合型基金,1.1036648312712674,604,ok,
FAC_rank_vol_m6_n3_pairwise1,2021-11-30,Ctrl_log_fund_size,2.9052665367576744,604,ok,
FAC_rank_vol_m6_n3_pairwise1,2021-11-30,Ctrl_fund_age,2.7051128062045713,604,ok,
FAC_rank_vol_m6_n3_pairwise1,2021-12-31,FAC_rank_vol_m6_n3_pairwise1,1.2872003227218674,596,ok,
FAC_rank_vol_m6_n3_pairwise1,2021-12-31,CtrlRetSTR,1.6793269626030345,596,ok,
FAC_rank_vol_m6_n3_pairwise1,2021-12-31,CtrlRetLTM,1.2821485092239273,596,ok,
FAC_rank_vol_m6_n3_pairwise1,2021-12-31,CtrlVol,1.8849616489338663,596,ok,
FAC_rank_vol_m6_n3_pairwise1,2021-12-31,as_偏股混合型基金,1.0931781560702576,596,ok,
FAC_rank_vol_m6_n3_pairwise1,2021-12-31,Ctrl_log_fund_size,2.938761863714929,596,ok,
FAC_rank_vol_m6_n3_pairwise1,2021-12-31,Ctrl_fund_age,2.80864336300388,596,ok,
FAC_rank_vol_m6_n3_pairwise1,2022-01-28,FAC_rank_vol_m6_n3_pairwise1,1.5958591853691888,611,ok,
FAC_rank_vol_m6_n3_pairwise1,2022-01-28,CtrlRetSTR,1.4700024403336378,611,ok,
FAC_rank_vol_m6_n3_pairwise1,2022-01-28,CtrlRetLTM,1.1403075292663898,611,ok,
FAC_rank_vol_m6_n3_pairwise1,2022-01-28,CtrlVol,2.140992763075312,611,ok,
FAC_rank_vol_m6_n3_pairwise1,2022-01-28,as_偏股混合型基金,1.0720170859270775,611,ok,
FAC_rank_vol_m6_n3_pairwise1,2022-01-28,Ctrl_log_fund_size,2.931645382609875,611,ok,
FAC_rank_vol_m6_n3_pairwise1,2022-01-28,Ctrl_fund_age,2.8453969501893206,611,ok,
FAC_rank_vol_m6_n3_pairwise1,2022-02-28,FAC_rank_vol_m6_n3_pairwise1,1.3307665991449524,641,ok,
FAC_rank_vol_m6_n3_pairwise1,2022-02-28,CtrlRetSTR,1.4458845535799445,641,ok,
FAC_rank_vol_m6_n3_pairwise1,2022-02-28,CtrlRetLTM,1.35332601588459,641,ok,
FAC_rank_vol_m6_n3_pairwise1,2022-02-28,CtrlVol,1.6623458201739987,641,ok,
FAC_rank_vol_m6_n3_pairwise1,2022-02-28,as_偏股混合型基金,1.0655046743327705,641,ok,
FAC_rank_vol_m6_n3_pairwise1,2022-02-28,Ctrl_log_fund_size,3.1166969970430056,641,ok,
FAC_rank_vol_m6_n3_pairwise1,2022-02-28,Ctrl_fund_age,2.9589970074064116,641,ok,
FAC_rank_vol_m6_n3_pairwise1,2022-03-31,FAC_rank_vol_m6_n3_pairwise1,1.2265712330309546,657,ok,
FAC_rank_vol_m6_n3_pairwise1,2022-03-31,CtrlRetSTR,1.1398174672488541,657,ok,
FAC_rank_vol_m6_n3_pairwise1,2022-03-31,CtrlRetLTM,1.4203054747694233,657,ok,
FAC_rank_vol_m6_n3_pairwise1,2022-03-31,CtrlVol,1.4746561846949284,657,ok,
FAC_rank_vol_m6_n3_pairwise1,2022-03-31,as_偏股混合型基金,1.0591548170811351,657,ok,
FAC_rank_vol_m6_n3_pairwise1,2022-03-31,Ctrl_log_fund_size,3.208863005030627,657,ok,
FAC_rank_vol_m6_n3_pairwise1,2022-03-31,Ctrl_fund_age,3.060585172786643,657,ok,
FAC_rank_vol_m6_n3_pairwise1,2022-04-29,FAC_rank_vol_m6_n3_pairwise1,1.0527715237756052,705,ok,
FAC_rank_vol_m6_n3_pairwise1,2022-04-29,CtrlRetSTR,1.609273999637707,705,ok,
FAC_rank_vol_m6_n3_pairwise1,2022-04-29,CtrlRetLTM,1.320932288259802,705,ok,
FAC_rank_vol_m6_n3_pairwise1,2022-04-29,CtrlVol,1.4627484562323827,705,ok,
FAC_rank_vol_m6_n3_pairwise1,2022-04-29,as_偏股混合型基金,1.0565541708485091,705,ok,
FAC_rank_vol_m6_n3_pairwise1,2022-04-29,Ctrl_log_fund_size,3.255219733637528,705,ok,
FAC_rank_vol_m6_n3_pairwise1,2022-04-29,Ctrl_fund_age,3.118154865733583,705,ok,
FAC_rank_vol_m6_n3_pairwise1,2022-05-31,FAC_rank_vol_m6_n3_pairwise1,1.1420076526557206,744,ok,
FAC_rank_vol_m6_n3_pairwise1,2022-05-31,CtrlRetSTR,1.4948892985617144,744,ok,
FAC_rank_vol_m6_n3_pairwise1,2022-05-31,CtrlRetLTM,1.1807024245946547,744,ok,
FAC_rank_vol_m6_n3_pairwise1,2022-05-31,CtrlVol,1.637765932413721,744,ok,
FAC_rank_vol_m6_n3_pairwise1,2022-05-31,as_偏股混合型基金,1.0377569655117391,744,ok,
FAC_rank_vol_m6_n3_pairwise1,2022-05-31,Ctrl_log_fund_size,3.3836939271462807,744,ok,
FAC_rank_vol_m6_n3_pairwise1,2022-05-31,Ctrl_fund_age,3.2285165311099098,744,ok,
FAC_rank_vol_m6_n3_pairwise1,2022-06-30,FAC_rank_vol_m6_n3_pairwise1,1.0426332138402405,758,ok,
FAC_rank_vol_m6_n3_pairwise1,2022-06-30,CtrlRetSTR,1.353451633118992,758,ok,
FAC_rank_vol_m6_n3_pairwise1,2022-06-30,CtrlRetLTM,1.1835867419167583,758,ok,
FAC_rank_vol_m6_n3_pairwise1,2022-06-30,CtrlVol,1.3586677669327476,758,ok,
FAC_rank_vol_m6_n3_pairwise1,2022-06-30,as_偏股混合型基金,1.030952372969547,758,ok,
FAC_rank_vol_m6_n3_pairwise1,2022-06-30,Ctrl_log_fund_size,3.4351971451408314,758,ok,
FAC_rank_vol_m6_n3_pairwise1,2022-06-30,Ctrl_fund_age,3.227775235791854,758,ok,
FAC_rank_vol_m6_n6_pairwise1,2004-08-31,FAC_rank_vol_m6_n6_pairwise1,,0,skipped,完整变量样本数小于 min_cross_section_n
FAC_rank_vol_m6_n6_pairwise1,2004-08-31,CtrlRetSTR,,0,skipped,完整变量样本数小于 min_cross_section_n
FAC_rank_vol_m6_n6_pairwise1,2004-08-31,CtrlRetLTM,,0,skipped,完整变量样本数小于 min_cross_section_n
FAC_rank_vol_m6_n6_pairwise1,2004-08-31,CtrlVol,,0,skipped,完整变量样本数小于 min_cross_section_n
FAC_rank_vol_m6_n6_pairwise1,2004-08-31,as_偏股混合型基金,,0,skipped,完整变量样本数小于 min_cross_section_n
FAC_rank_vol_m6_n6_pairwise1,2004-08-31,Ctrl_log_fund_size,,0,skipped,完整变量样本数小于 min_cross_section_n
FAC_rank_vol_m6_n6_pairwise1,2004-08-31,Ctrl_fund_age,,0,skipped,完整变量样本数小于 min_cross_section_n
FAC_rank_vol_m6_n6_pairwise1,2004-09-30,FAC_rank_vol_m6_n6_pairwise1,,0,skipped,完整变量样本数小于 min_cross_section_n
FAC_rank_vol_m6_n6_pairwise1,2004-09-30,CtrlRetSTR,,0,skipped,完整变量样本数小于 min_cross_section_n
FAC_rank_vol_m6_n6_pairwise1,2004-09-30,CtrlRetLTM,,0,skipped,完整变量样本数小于 min_cross_section_n
FAC_rank_vol_m6_n6_pairwise1,2004-09-30,CtrlVol,,0,skipped,完整变量样本数小于 min_cross_section_n
FAC_rank_vol_m6_n6_pairwise1,2004-09-30,as_偏股混合型基金,,0,skipped,完整变量样本数小于 min_cross_section_n
FAC_rank_vol_m6_n6_pairwise1,2004-09-30,Ctrl_log_fund_size,,0,skipped,完整变量样本数小于 min_cross_section_n
FAC_rank_vol_m6_n6_pairwise1,2004-09-30,Ctrl_fund_age,,0,skipped,完整变量样本数小于 min_cross_section_n
FAC_rank_vol_m6_n6_pairwise1,2004-10-29,FAC_rank_vol_m6_n6_pairwise1,,0,skipped,完整变量样本数小于 min_cross_section_n
FAC_rank_vol_m6_n6_pairwise1,2004-10-29,CtrlRetSTR,,0,skipped,完整变量样本数小于 min_cross_section_n
FAC_rank_vol_m6_n6_pairwise1,2004-10-29,CtrlRetLTM,,0,skipped,完整变量样本数小于 min_cross_section_n
FAC_rank_vol_m6_n6_pairwise1,2004-10-29,CtrlVol,,0,skipped,完整变量样本数小于 min_cross_section_n
FAC_rank_vol_m6_n6_pairwise1,2004-10-29,as_偏股混合型基金,,0,skipped,完整变量样本数小于 min_cross_section_n
FAC_rank_vol_m6_n6_pairwise1,2004-10-29,Ctrl_log_fund_size,,0,skipped,完整变量样本数小于 min_cross_section_n
FAC_rank_vol_m6_n6_pairwise1,2004-10-29,Ctrl_fund_age,,0,skipped,完整变量样本数小于 min_cross_section_n
FAC_rank_vol_m6_n6_pairwise1,2004-11-30,FAC_rank_vol_m6_n6_pairwise1,,0,skipped,完整变量样本数小于 min_cross_section_n
FAC_rank_vol_m6_n6_pairwise1,2004-11-30,CtrlRetSTR,,0,skipped,完整变量样本数小于 min_cross_section_n
FAC_rank_vol_m6_n6_pairwise1,2004-11-30,CtrlRetLTM,,0,skipped,完整变量样本数小于 min_cross_section_n
FAC_rank_vol_m6_n6_pairwise1,2004-11-30,CtrlVol,,0,skipped,完整变量样本数小于 min_cross_section_n
FAC_rank_vol_m6_n6_pairwise1,2004-11-30,as_偏股混合型基金,,0,skipped,完整变量样本数小于 min_cross_section_n
FAC_rank_vol_m6_n6_pairwise1,2004-11-30,Ctrl_log_fund_size,,0,skipped,完整变量样本数小于 min_cross_section_n
FAC_rank_vol_m6_n6_pairwise1,2004-11-30,Ctrl_fund_age,,0,skipped,完整变量样本数小于 min_cross_section_n
FAC_rank_vol_m6_n6_pairwise1,2004-12-31,FAC_rank_vol_m6_n6_pairwise1,,0,skipped,完整变量样本数小于 min_cross_section_n
FAC_rank_vol_m6_n6_pairwise1,2004-12-31,CtrlRetSTR,,0,skipped,完整变量样本数小于 min_cross_section_n
FAC_rank_vol_m6_n6_pairwise1,2004-12-31,CtrlRetLTM,,0,skipped,完整变量样本数小于 min_cross_section_n
FAC_rank_vol_m6_n6_pairwise1,2004-12-31,CtrlVol,,0,skipped,完整变量样本数小于 min_cross_section_n
FAC_rank_vol_m6_n6_pairwise1,2004-12-31,as_偏股混合型基金,,0,skipped,完整变量样本数小于 min_cross_section_n
FAC_rank_vol_m6_n6_pairwise1,2004-12-31,Ctrl_log_fund_size,,0,skipped,完整变量样本数小于 min_cross_section_n
FAC_rank_vol_m6_n6_pairwise1,2004-12-31,Ctrl_fund_age,,0,skipped,完整变量样本数小于 min_cross_section_n
FAC_rank_vol_m6_n6_pairwise1,2005-01-31,FAC_rank_vol_m6_n6_pairwise1,,0,skipped,完整变量样本数小于 min_cross_section_n
FAC_rank_vol_m6_n6_pairwise1,2005-01-31,CtrlRetSTR,,0,skipped,完整变量样本数小于 min_cross_section_n
FAC_rank_vol_m6_n6_pairwise1,2005-01-31,CtrlRetLTM,,0,skipped,完整变量样本数小于 min_cross_section_n
FAC_rank_vol_m6_n6_pairwise1,2005-01-31,CtrlVol,,0,skipped,完整变量样本数小于 min_cross_section_n
FAC_rank_vol_m6_n6_pairwise1,2005-01-31,as_偏股混合型基金,,0,skipped,完整变量样本数小于 min_cross_section_n
FAC_rank_vol_m6_n6_pairwise1,2005-01-31,Ctrl_log_fund_size,,0,skipped,完整变量样本数小于 min_cross_section_n
FAC_rank_vol_m6_n6_pairwise1,2005-01-31,Ctrl_fund_age,,0,skipped,完整变量样本数小于 min_cross_section_n
FAC_rank_vol_m6_n6_pairwise1,2005-02-28,FAC_rank_vol_m6_n6_pairwise1,,0,skipped,完整变量样本数小于 min_cross_section_n
FAC_rank_vol_m6_n6_pairwise1,2005-02-28,CtrlRetSTR,,0,skipped,完整变量样本数小于 min_cross_section_n
FAC_rank_vol_m6_n6_pairwise1,2005-02-28,CtrlRetLTM,,0,skipped,完整变量样本数小于 min_cross_section_n
FAC_rank_vol_m6_n6_pairwise1,2005-02-28,CtrlVol,,0,skipped,完整变量样本数小于 min_cross_section_n
FAC_rank_vol_m6_n6_pairwise1,2005-02-28,as_偏股混合型基金,,0,skipped,完整变量样本数小于 min_cross_section_n
FAC_rank_vol_m6_n6_pairwise1,2005-02-28,Ctrl_log_fund_size,,0,skipped,完整变量样本数小于 min_cross_section_n
FAC_rank_vol_m6_n6_pairwise1,2005-02-28,Ctrl_fund_age,,0,skipped,完整变量样本数小于 min_cross_section_n
FAC_rank_vol_m6_n6_pairwise1,2005-03-31,FAC_rank_vol_m6_n6_pairwise1,,0,skipped,完整变量样本数小于 min_cross_section_n
FAC_rank_vol_m6_n6_pairwise1,2005-03-31,CtrlRetSTR,,0,skipped,完整变量样本数小于 min_cross_section_n
FAC_rank_vol_m6_n6_pairwise1,2005-03-31,CtrlRetLTM,,0,skipped,完整变量样本数小于 min_cross_section_n
FAC_rank_vol_m6_n6_pairwise1,2005-03-31,CtrlVol,,0,skipped,完整变量样本数小于 min_cross_section_n
FAC_rank_vol_m6_n6_pairwise1,2005-03-31,as_偏股混合型基金,,0,skipped,完整变量样本数小于 min_cross_section_n
FAC_rank_vol_m6_n6_pairwise1,2005-03-31,Ctrl_log_fund_size,,0,skipped,完整变量样本数小于 min_cross_section_n
FAC_rank_vol_m6_n6_pairwise1,2005-03-31,Ctrl_fund_age,,0,skipped,完整变量样本数小于 min_cross_section_n
FAC_rank_vol_m6_n6_pairwise1,2005-04-29,FAC_rank_vol_m6_n6_pairwise1,,0,skipped,完整变量样本数小于 min_cross_section_n
FAC_rank_vol_m6_n6_pairwise1,2005-04-29,CtrlRetSTR,,0,skipped,完整变量样本数小于 min_cross_section_n
FAC_rank_vol_m6_n6_pairwise1,2005-04-29,CtrlRetLTM,,0,skipped,完整变量样本数小于 min_cross_section_n
FAC_rank_vol_m6_n6_pairwise1,2005-04-29,CtrlVol,,0,skipped,完整变量样本数小于 min_cross_section_n
FAC_rank_vol_m6_n6_pairwise1,2005-04-29,as_偏股混合型基金,,0,skipped,完整变量样本数小于 min_cross_section_n
FAC_rank_vol_m6_n6_pairwise1,2005-04-29,Ctrl_log_fund_size,,0,skipped,完整变量样本数小于 min_cross_section_n
FAC_rank_vol_m6_n6_pairwise1,2005-04-29,Ctrl_fund_age,,0,skipped,完整变量样本数小于 min_cross_section_n
FAC_rank_vol_m6_n6_pairwise1,2005-05-31,FAC_rank_vol_m6_n6_pairwise1,,0,skipped,完整变量样本数小于 min_cross_section_n
FAC_rank_vol_m6_n6_pairwise1,2005-05-31,CtrlRetSTR,,0,skipped,完整变量样本数小于 min_cross_section_n
FAC_rank_vol_m6_n6_pairwise1,2005-05-31,CtrlRetLTM,,0,skipped,完整变量样本数小于 min_cross_section_n
FAC_rank_vol_m6_n6_pairwise1,2005-05-31,CtrlVol,,0,skipped,完整变量样本数小于 min_cross_section_n
FAC_rank_vol_m6_n6_pairwise1,2005-05-31,as_偏股混合型基金,,0,skipped,完整变量样本数小于 min_cross_section_n
FAC_rank_vol_m6_n6_pairwise1,2005-05-31,Ctrl_log_fund_size,,0,skipped,完整变量样本数小于 min_cross_section_n
FAC_rank_vol_m6_n6_pairwise1,2005-05-31,Ctrl_fund_age,,0,skipped,完整变量样本数小于 min_cross_section_n
FAC_rank_vol_m6_n6_pairwise1,2005-06-30,FAC_rank_vol_m6_n6_pairwise1,,0,skipped,完整变量样本数小于 min_cross_section_n
FAC_rank_vol_m6_n6_pairwise1,2005-06-30,CtrlRetSTR,,0,skipped,完整变量样本数小于 min_cross_section_n
FAC_rank_vol_m6_n6_pairwise1,2005-06-30,CtrlRetLTM,,0,skipped,完整变量样本数小于 min_cross_section_n
FAC_rank_vol_m6_n6_pairwise1,2005-06-30,CtrlVol,,0,skipped,完整变量样本数小于 min_cross_section_n
FAC_rank_vol_m6_n6_pairwise1,2005-06-30,as_偏股混合型基金,,0,skipped,完整变量样本数小于 min_cross_section_n
FAC_rank_vol_m6_n6_pairwise1,2005-06-30,Ctrl_log_fund_size,,0,skipped,完整变量样本数小于 min_cross_section_n
FAC_rank_vol_m6_n6_pairwise1,2005-06-30,Ctrl_fund_age,,0,skipped,完整变量样本数小于 min_cross_section_n
FAC_rank_vol_m6_n6_pairwise1,2005-07-29,FAC_rank_vol_m6_n6_pairwise1,,0,skipped,完整变量样本数小于 min_cross_section_n
FAC_rank_vol_m6_n6_pairwise1,2005-07-29,CtrlRetSTR,,0,skipped,完整变量样本数小于 min_cross_section_n
FAC_rank_vol_m6_n6_pairwise1,2005-07-29,CtrlRetLTM,,0,skipped,完整变量样本数小于 min_cross_section_n
FAC_rank_vol_m6_n6_pairwise1,2005-07-29,CtrlVol,,0,skipped,完整变量样本数小于 min_cross_section_n
FAC_rank_vol_m6_n6_pairwise1,2005-07-29,as_偏股混合型基金,,0,skipped,完整变量样本数小于 min_cross_section_n
FAC_rank_vol_m6_n6_pairwise1,2005-07-29,Ctrl_log_fund_size,,0,skipped,完整变量样本数小于 min_cross_section_n
FAC_rank_vol_m6_n6_pairwise1,2005-07-29,Ctrl_fund_age,,0,skipped,完整变量样本数小于 min_cross_section_n
FAC_rank_vol_m6_n6_pairwise1,2005-08-31,FAC_rank_vol_m6_n6_pairwise1,,0,skipped,完整变量样本数小于 min_cross_section_n
FAC_rank_vol_m6_n6_pairwise1,2005-08-31,CtrlRetSTR,,0,skipped,完整变量样本数小于 min_cross_section_n
FAC_rank_vol_m6_n6_pairwise1,2005-08-31,CtrlRetLTM,,0,skipped,完整变量样本数小于 min_cross_section_n
FAC_rank_vol_m6_n6_pairwise1,2005-08-31,CtrlVol,,0,skipped,完整变量样本数小于 min_cross_section_n
FAC_rank_vol_m6_n6_pairwise1,2005-08-31,as_偏股混合型基金,,0,skipped,完整变量样本数小于 min_cross_section_n
FAC_rank_vol_m6_n6_pairwise1,2005-08-31,Ctrl_log_fund_size,,0,skipped,完整变量样本数小于 min_cross_section_n
FAC_rank_vol_m6_n6_pairwise1,2005-08-31,Ctrl_fund_age,,0,skipped,完整变量样本数小于 min_cross_section_n
FAC_rank_vol_m6_n6_pairwise1,2005-09-30,FAC_rank_vol_m6_n6_pairwise1,,1,skipped,完整变量样本数小于 min_cross_section_n
FAC_rank_vol_m6_n6_pairwise1,2005-09-30,CtrlRetSTR,,1,skipped,完整变量样本数小于 min_cross_section_n
FAC_rank_vol_m6_n6_pairwise1,2005-09-30,CtrlRetLTM,,1,skipped,完整变量样本数小于 min_cross_section_n
FAC_rank_vol_m6_n6_pairwise1,2005-09-30,CtrlVol,,1,skipped,完整变量样本数小于 min_cross_section_n
FAC_rank_vol_m6_n6_pairwise1,2005-09-30,as_偏股混合型基金,,1,skipped,完整变量样本数小于 min_cross_section_n
FAC_rank_vol_m6_n6_pairwise1,2005-09-30,Ctrl_log_fund_size,,1,skipped,完整变量样本数小于 min_cross_section_n
FAC_rank_vol_m6_n6_pairwise1,2005-09-30,Ctrl_fund_age,,1,skipped,完整变量样本数小于 min_cross_section_n
FAC_rank_vol_m6_n6_pairwise1,2005-10-31,FAC_rank_vol_m6_n6_pairwise1,,1,skipped,完整变量样本数小于 min_cross_section_n
FAC_rank_vol_m6_n6_pairwise1,2005-10-31,CtrlRetSTR,,1,skipped,完整变量样本数小于 min_cross_section_n
FAC_rank_vol_m6_n6_pairwise1,2005-10-31,CtrlRetLTM,,1,skipped,完整变量样本数小于 min_cross_section_n
FAC_rank_vol_m6_n6_pairwise1,2005-10-31,CtrlVol,,1,skipped,完整变量样本数小于 min_cross_section_n
FAC_rank_vol_m6_n6_pairwise1,2005-10-31,as_偏股混合型基金,,1,skipped,完整变量样本数小于 min_cross_section_n
FAC_rank_vol_m6_n6_pairwise1,2005-10-31,Ctrl_log_fund_size,,1,skipped,完整变量样本数小于 min_cross_section_n
FAC_rank_vol_m6_n6_pairwise1,2005-10-31,Ctrl_fund_age,,1,skipped,完整变量样本数小于 min_cross_section_n
FAC_rank_vol_m6_n6_pairwise1,2005-11-30,FAC_rank_vol_m6_n6_pairwise1,,1,skipped,完整变量样本数小于 min_cross_section_n
FAC_rank_vol_m6_n6_pairwise1,2005-11-30,CtrlRetSTR,,1,skipped,完整变量样本数小于 min_cross_section_n
FAC_rank_vol_m6_n6_pairwise1,2005-11-30,CtrlRetLTM,,1,skipped,完整变量样本数小于 min_cross_section_n
FAC_rank_vol_m6_n6_pairwise1,2005-11-30,CtrlVol,,1,skipped,完整变量样本数小于 min_cross_section_n
FAC_rank_vol_m6_n6_pairwise1,2005-11-30,as_偏股混合型基金,,1,skipped,完整变量样本数小于 min_cross_section_n
FAC_rank_vol_m6_n6_pairwise1,2005-11-30,Ctrl_log_fund_size,,1,skipped,完整变量样本数小于 min_cross_section_n
FAC_rank_vol_m6_n6_pairwise1,2005-11-30,Ctrl_fund_age,,1,skipped,完整变量样本数小于 min_cross_section_n
FAC_rank_vol_m6_n6_pairwise1,2005-12-30,FAC_rank_vol_m6_n6_pairwise1,,1,skipped,完整变量样本数小于 min_cross_section_n
FAC_rank_vol_m6_n6_pairwise1,2005-12-30,CtrlRetSTR,,1,skipped,完整变量样本数小于 min_cross_section_n
FAC_rank_vol_m6_n6_pairwise1,2005-12-30,CtrlRetLTM,,1,skipped,完整变量样本数小于 min_cross_section_n
FAC_rank_vol_m6_n6_pairwise1,2005-12-30,CtrlVol,,1,skipped,完整变量样本数小于 min_cross_section_n
FAC_rank_vol_m6_n6_pairwise1,2005-12-30,as_偏股混合型基金,,1,skipped,完整变量样本数小于 min_cross_section_n
FAC_rank_vol_m6_n6_pairwise1,2005-12-30,Ctrl_log_fund_size,,1,skipped,完整变量样本数小于 min_cross_section_n
FAC_rank_vol_m6_n6_pairwise1,2005-12-30,Ctrl_fund_age,,1,skipped,完整变量样本数小于 min_cross_section_n
FAC_rank_vol_m6_n6_pairwise1,2006-01-25,FAC_rank_vol_m6_n6_pairwise1,,1,skipped,完整变量样本数小于 min_cross_section_n
FAC_rank_vol_m6_n6_pairwise1,2006-01-25,CtrlRetSTR,,1,skipped,完整变量样本数小于 min_cross_section_n
FAC_rank_vol_m6_n6_pairwise1,2006-01-25,CtrlRetLTM,,1,skipped,完整变量样本数小于 min_cross_section_n
FAC_rank_vol_m6_n6_pairwise1,2006-01-25,CtrlVol,,1,skipped,完整变量样本数小于 min_cross_section_n
FAC_rank_vol_m6_n6_pairwise1,2006-01-25,as_偏股混合型基金,,1,skipped,完整变量样本数小于 min_cross_section_n
FAC_rank_vol_m6_n6_pairwise1,2006-01-25,Ctrl_log_fund_size,,1,skipped,完整变量样本数小于 min_cross_section_n
FAC_rank_vol_m6_n6_pairwise1,2006-01-25,Ctrl_fund_age,,1,skipped,完整变量样本数小于 min_cross_section_n
FAC_rank_vol_m6_n6_pairwise1,2006-02-28,FAC_rank_vol_m6_n6_pairwise1,,1,skipped,完整变量样本数小于 min_cross_section_n
FAC_rank_vol_m6_n6_pairwise1,2006-02-28,CtrlRetSTR,,1,skipped,完整变量样本数小于 min_cross_section_n
FAC_rank_vol_m6_n6_pairwise1,2006-02-28,CtrlRetLTM,,1,skipped,完整变量样本数小于 min_cross_section_n
FAC_rank_vol_m6_n6_pairwise1,2006-02-28,CtrlVol,,1,skipped,完整变量样本数小于 min_cross_section_n
FAC_rank_vol_m6_n6_pairwise1,2006-02-28,as_偏股混合型基金,,1,skipped,完整变量样本数小于 min_cross_section_n
FAC_rank_vol_m6_n6_pairwise1,2006-02-28,Ctrl_log_fund_size,,1,skipped,完整变量样本数小于 min_cross_section_n
FAC_rank_vol_m6_n6_pairwise1,2006-02-28,Ctrl_fund_age,,1,skipped,完整变量样本数小于 min_cross_section_n
FAC_rank_vol_m6_n6_pairwise1,2006-03-31,FAC_rank_vol_m6_n6_pairwise1,,1,skipped,完整变量样本数小于 min_cross_section_n
FAC_rank_vol_m6_n6_pairwise1,2006-03-31,CtrlRetSTR,,1,skipped,完整变量样本数小于 min_cross_section_n
FAC_rank_vol_m6_n6_pairwise1,2006-03-31,CtrlRetLTM,,1,skipped,完整变量样本数小于 min_cross_section_n
FAC_rank_vol_m6_n6_pairwise1,2006-03-31,CtrlVol,,1,skipped,完整变量样本数小于 min_cross_section_n
FAC_rank_vol_m6_n6_pairwise1,2006-03-31,as_偏股混合型基金,,1,skipped,完整变量样本数小于 min_cross_section_n
FAC_rank_vol_m6_n6_pairwise1,2006-03-31,Ctrl_log_fund_size,,1,skipped,完整变量样本数小于 min_cross_section_n
FAC_rank_vol_m6_n6_pairwise1,2006-03-31,Ctrl_fund_age,,1,skipped,完整变量样本数小于 min_cross_section_n
FAC_rank_vol_m6_n6_pairwise1,2006-04-28,FAC_rank_vol_m6_n6_pairwise1,,1,skipped,完整变量样本数小于 min_cross_section_n
FAC_rank_vol_m6_n6_pairwise1,2006-04-28,CtrlRetSTR,,1,skipped,完整变量样本数小于 min_cross_section_n
FAC_rank_vol_m6_n6_pairwise1,2006-04-28,CtrlRetLTM,,1,skipped,完整变量样本数小于 min_cross_section_n
FAC_rank_vol_m6_n6_pairwise1,2006-04-28,CtrlVol,,1,skipped,完整变量样本数小于 min_cross_section_n
FAC_rank_vol_m6_n6_pairwise1,2006-04-28,as_偏股混合型基金,,1,skipped,完整变量样本数小于 min_cross_section_n
FAC_rank_vol_m6_n6_pairwise1,2006-04-28,Ctrl_log_fund_size,,1,skipped,完整变量样本数小于 min_cross_section_n
FAC_rank_vol_m6_n6_pairwise1,2006-04-28,Ctrl_fund_age,,1,skipped,完整变量样本数小于 min_cross_section_n
FAC_rank_vol_m6_n6_pairwise1,2006-05-31,FAC_rank_vol_m6_n6_pairwise1,,1,skipped,完整变量样本数小于 min_cross_section_n
FAC_rank_vol_m6_n6_pairwise1,2006-05-31,CtrlRetSTR,,1,skipped,完整变量样本数小于 min_cross_section_n
FAC_rank_vol_m6_n6_pairwise1,2006-05-31,CtrlRetLTM,,1,skipped,完整变量样本数小于 min_cross_section_n
FAC_rank_vol_m6_n6_pairwise1,2006-05-31,CtrlVol,,1,skipped,完整变量样本数小于 min_cross_section_n
FAC_rank_vol_m6_n6_pairwise1,2006-05-31,as_偏股混合型基金,,1,skipped,完整变量样本数小于 min_cross_section_n
FAC_rank_vol_m6_n6_pairwise1,2006-05-31,Ctrl_log_fund_size,,1,skipped,完整变量样本数小于 min_cross_section_n
FAC_rank_vol_m6_n6_pairwise1,2006-05-31,Ctrl_fund_age,,1,skipped,完整变量样本数小于 min_cross_section_n
FAC_rank_vol_m6_n6_pairwise1,2006-06-30,FAC_rank_vol_m6_n6_pairwise1,,3,skipped,完整变量样本数小于 min_cross_section_n
FAC_rank_vol_m6_n6_pairwise1,2006-06-30,CtrlRetSTR,,3,skipped,完整变量样本数小于 min_cross_section_n
FAC_rank_vol_m6_n6_pairwise1,2006-06-30,CtrlRetLTM,,3,skipped,完整变量样本数小于 min_cross_section_n
FAC_rank_vol_m6_n6_pairwise1,2006-06-30,CtrlVol,,3,skipped,完整变量样本数小于 min_cross_section_n
FAC_rank_vol_m6_n6_pairwise1,2006-06-30,as_偏股混合型基金,,3,skipped,完整变量样本数小于 min_cross_section_n
FAC_rank_vol_m6_n6_pairwise1,2006-06-30,Ctrl_log_fund_size,,3,skipped,完整变量样本数小于 min_cross_section_n
FAC_rank_vol_m6_n6_pairwise1,2006-06-30,Ctrl_fund_age,,3,skipped,完整变量样本数小于 min_cross_section_n
FAC_rank_vol_m6_n6_pairwise1,2006-07-31,FAC_rank_vol_m6_n6_pairwise1,,6,skipped,完整变量样本数小于 min_cross_section_n
FAC_rank_vol_m6_n6_pairwise1,2006-07-31,CtrlRetSTR,,6,skipped,完整变量样本数小于 min_cross_section_n
FAC_rank_vol_m6_n6_pairwise1,2006-07-31,CtrlRetLTM,,6,skipped,完整变量样本数小于 min_cross_section_n
FAC_rank_vol_m6_n6_pairwise1,2006-07-31,CtrlVol,,6,skipped,完整变量样本数小于 min_cross_section_n
FAC_rank_vol_m6_n6_pairwise1,2006-07-31,as_偏股混合型基金,,6,skipped,完整变量样本数小于 min_cross_section_n
FAC_rank_vol_m6_n6_pairwise1,2006-07-31,Ctrl_log_fund_size,,6,skipped,完整变量样本数小于 min_cross_section_n
FAC_rank_vol_m6_n6_pairwise1,2006-07-31,Ctrl_fund_age,,6,skipped,完整变量样本数小于 min_cross_section_n
FAC_rank_vol_m6_n6_pairwise1,2006-08-31,FAC_rank_vol_m6_n6_pairwise1,,5,skipped,完整变量样本数小于 min_cross_section_n
FAC_rank_vol_m6_n6_pairwise1,2006-08-31,CtrlRetSTR,,5,skipped,完整变量样本数小于 min_cross_section_n
FAC_rank_vol_m6_n6_pairwise1,2006-08-31,CtrlRetLTM,,5,skipped,完整变量样本数小于 min_cross_section_n
FAC_rank_vol_m6_n6_pairwise1,2006-08-31,CtrlVol,,5,skipped,完整变量样本数小于 min_cross_section_n
FAC_rank_vol_m6_n6_pairwise1,2006-08-31,as_偏股混合型基金,,5,skipped,完整变量样本数小于 min_cross_section_n
FAC_rank_vol_m6_n6_pairwise1,2006-08-31,Ctrl_log_fund_size,,5,skipped,完整变量样本数小于 min_cross_section_n
FAC_rank_vol_m6_n6_pairwise1,2006-08-31,Ctrl_fund_age,,5,skipped,完整变量样本数小于 min_cross_section_n
FAC_rank_vol_m6_n6_pairwise1,2006-09-29,FAC_rank_vol_m6_n6_pairwise1,,5,skipped,完整变量样本数小于 min_cross_section_n
FAC_rank_vol_m6_n6_pairwise1,2006-09-29,CtrlRetSTR,,5,skipped,完整变量样本数小于 min_cross_section_n
FAC_rank_vol_m6_n6_pairwise1,2006-09-29,CtrlRetLTM,,5,skipped,完整变量样本数小于 min_cross_section_n
FAC_rank_vol_m6_n6_pairwise1,2006-09-29,CtrlVol,,5,skipped,完整变量样本数小于 min_cross_section_n
FAC_rank_vol_m6_n6_pairwise1,2006-09-29,as_偏股混合型基金,,5,skipped,完整变量样本数小于 min_cross_section_n
FAC_rank_vol_m6_n6_pairwise1,2006-09-29,Ctrl_log_fund_size,,5,skipped,完整变量样本数小于 min_cross_section_n
FAC_rank_vol_m6_n6_pairwise1,2006-09-29,Ctrl_fund_age,,5,skipped,完整变量样本数小于 min_cross_section_n
FAC_rank_vol_m6_n6_pairwise1,2006-10-31,FAC_rank_vol_m6_n6_pairwise1,,5,skipped,完整变量样本数小于 min_cross_section_n
FAC_rank_vol_m6_n6_pairwise1,2006-10-31,CtrlRetSTR,,5,skipped,完整变量样本数小于 min_cross_section_n
FAC_rank_vol_m6_n6_pairwise1,2006-10-31,CtrlRetLTM,,5,skipped,完整变量样本数小于 min_cross_section_n
FAC_rank_vol_m6_n6_pairwise1,2006-10-31,CtrlVol,,5,skipped,完整变量样本数小于 min_cross_section_n
FAC_rank_vol_m6_n6_pairwise1,2006-10-31,as_偏股混合型基金,,5,skipped,完整变量样本数小于 min_cross_section_n
FAC_rank_vol_m6_n6_pairwise1,2006-10-31,Ctrl_log_fund_size,,5,skipped,完整变量样本数小于 min_cross_section_n
FAC_rank_vol_m6_n6_pairwise1,2006-10-31,Ctrl_fund_age,,5,skipped,完整变量样本数小于 min_cross_section_n
FAC_rank_vol_m6_n6_pairwise1,2006-11-30,FAC_rank_vol_m6_n6_pairwise1,,4,skipped,完整变量样本数小于 min_cross_section_n
FAC_rank_vol_m6_n6_pairwise1,2006-11-30,CtrlRetSTR,,4,skipped,完整变量样本数小于 min_cross_section_n
FAC_rank_vol_m6_n6_pairwise1,2006-11-30,CtrlRetLTM,,4,skipped,完整变量样本数小于 min_cross_section_n
FAC_rank_vol_m6_n6_pairwise1,2006-11-30,CtrlVol,,4,skipped,完整变量样本数小于 min_cross_section_n
FAC_rank_vol_m6_n6_pairwise1,2006-11-30,as_偏股混合型基金,,4,skipped,完整变量样本数小于 min_cross_section_n
FAC_rank_vol_m6_n6_pairwise1,2006-11-30,Ctrl_log_fund_size,,4,skipped,完整变量样本数小于 min_cross_section_n
FAC_rank_vol_m6_n6_pairwise1,2006-11-30,Ctrl_fund_age,,4,skipped,完整变量样本数小于 min_cross_section_n
FAC_rank_vol_m6_n6_pairwise1,2006-12-29,FAC_rank_vol_m6_n6_pairwise1,,5,skipped,完整变量样本数小于 min_cross_section_n
FAC_rank_vol_m6_n6_pairwise1,2006-12-29,CtrlRetSTR,,5,skipped,完整变量样本数小于 min_cross_section_n
FAC_rank_vol_m6_n6_pairwise1,2006-12-29,CtrlRetLTM,,5,skipped,完整变量样本数小于 min_cross_section_n
FAC_rank_vol_m6_n6_pairwise1,2006-12-29,CtrlVol,,5,skipped,完整变量样本数小于 min_cross_section_n
FAC_rank_vol_m6_n6_pairwise1,2006-12-29,as_偏股混合型基金,,5,skipped,完整变量样本数小于 min_cross_section_n
FAC_rank_vol_m6_n6_pairwise1,2006-12-29,Ctrl_log_fund_size,,5,skipped,完整变量样本数小于 min_cross_section_n
FAC_rank_vol_m6_n6_pairwise1,2006-12-29,Ctrl_fund_age,,5,skipped,完整变量样本数小于 min_cross_section_n
FAC_rank_vol_m6_n6_pairwise1,2007-01-31,FAC_rank_vol_m6_n6_pairwise1,,5,skipped,完整变量样本数小于 min_cross_section_n
FAC_rank_vol_m6_n6_pairwise1,2007-01-31,CtrlRetSTR,,5,skipped,完整变量样本数小于 min_cross_section_n
FAC_rank_vol_m6_n6_pairwise1,2007-01-31,CtrlRetLTM,,5,skipped,完整变量样本数小于 min_cross_section_n
FAC_rank_vol_m6_n6_pairwise1,2007-01-31,CtrlVol,,5,skipped,完整变量样本数小于 min_cross_section_n
FAC_rank_vol_m6_n6_pairwise1,2007-01-31,as_偏股混合型基金,,5,skipped,完整变量样本数小于 min_cross_section_n
FAC_rank_vol_m6_n6_pairwise1,2007-01-31,Ctrl_log_fund_size,,5,skipped,完整变量样本数小于 min_cross_section_n
FAC_rank_vol_m6_n6_pairwise1,2007-01-31,Ctrl_fund_age,,5,skipped,完整变量样本数小于 min_cross_section_n
FAC_rank_vol_m6_n6_pairwise1,2007-02-28,FAC_rank_vol_m6_n6_pairwise1,,7,skipped,完整变量样本数小于 min_cross_section_n
FAC_rank_vol_m6_n6_pairwise1,2007-02-28,CtrlRetSTR,,7,skipped,完整变量样本数小于 min_cross_section_n
FAC_rank_vol_m6_n6_pairwise1,2007-02-28,CtrlRetLTM,,7,skipped,完整变量样本数小于 min_cross_section_n
FAC_rank_vol_m6_n6_pairwise1,2007-02-28,CtrlVol,,7,skipped,完整变量样本数小于 min_cross_section_n
FAC_rank_vol_m6_n6_pairwise1,2007-02-28,as_偏股混合型基金,,7,skipped,完整变量样本数小于 min_cross_section_n
FAC_rank_vol_m6_n6_pairwise1,2007-02-28,Ctrl_log_fund_size,,7,skipped,完整变量样本数小于 min_cross_section_n
FAC_rank_vol_m6_n6_pairwise1,2007-02-28,Ctrl_fund_age,,7,skipped,完整变量样本数小于 min_cross_section_n
FAC_rank_vol_m6_n6_pairwise1,2007-03-30,FAC_rank_vol_m6_n6_pairwise1,,7,skipped,完整变量样本数小于 min_cross_section_n
FAC_rank_vol_m6_n6_pairwise1,2007-03-30,CtrlRetSTR,,7,skipped,完整变量样本数小于 min_cross_section_n
FAC_rank_vol_m6_n6_pairwise1,2007-03-30,CtrlRetLTM,,7,skipped,完整变量样本数小于 min_cross_section_n
FAC_rank_vol_m6_n6_pairwise1,2007-03-30,CtrlVol,,7,skipped,完整变量样本数小于 min_cross_section_n
FAC_rank_vol_m6_n6_pairwise1,2007-03-30,as_偏股混合型基金,,7,skipped,完整变量样本数小于 min_cross_section_n
FAC_rank_vol_m6_n6_pairwise1,2007-03-30,Ctrl_log_fund_size,,7,skipped,完整变量样本数小于 min_cross_section_n
FAC_rank_vol_m6_n6_pairwise1,2007-03-30,Ctrl_fund_age,,7,skipped,完整变量样本数小于 min_cross_section_n
FAC_rank_vol_m6_n6_pairwise1,2007-04-30,FAC_rank_vol_m6_n6_pairwise1,,5,skipped,完整变量样本数小于 min_cross_section_n
FAC_rank_vol_m6_n6_pairwise1,2007-04-30,CtrlRetSTR,,5,skipped,完整变量样本数小于 min_cross_section_n
FAC_rank_vol_m6_n6_pairwise1,2007-04-30,CtrlRetLTM,,5,skipped,完整变量样本数小于 min_cross_section_n
FAC_rank_vol_m6_n6_pairwise1,2007-04-30,CtrlVol,,5,skipped,完整变量样本数小于 min_cross_section_n
FAC_rank_vol_m6_n6_pairwise1,2007-04-30,as_偏股混合型基金,,5,skipped,完整变量样本数小于 min_cross_section_n
FAC_rank_vol_m6_n6_pairwise1,2007-04-30,Ctrl_log_fund_size,,5,skipped,完整变量样本数小于 min_cross_section_n
FAC_rank_vol_m6_n6_pairwise1,2007-04-30,Ctrl_fund_age,,5,skipped,完整变量样本数小于 min_cross_section_n
FAC_rank_vol_m6_n6_pairwise1,2007-05-31,FAC_rank_vol_m6_n6_pairwise1,,4,skipped,完整变量样本数小于 min_cross_section_n
FAC_rank_vol_m6_n6_pairwise1,2007-05-31,CtrlRetSTR,,4,skipped,完整变量样本数小于 min_cross_section_n
FAC_rank_vol_m6_n6_pairwise1,2007-05-31,CtrlRetLTM,,4,skipped,完整变量样本数小于 min_cross_section_n
FAC_rank_vol_m6_n6_pairwise1,2007-05-31,CtrlVol,,4,skipped,完整变量样本数小于 min_cross_section_n
FAC_rank_vol_m6_n6_pairwise1,2007-05-31,as_偏股混合型基金,,4,skipped,完整变量样本数小于 min_cross_section_n
FAC_rank_vol_m6_n6_pairwise1,2007-05-31,Ctrl_log_fund_size,,4,skipped,完整变量样本数小于 min_cross_section_n
FAC_rank_vol_m6_n6_pairwise1,2007-05-31,Ctrl_fund_age,,4,skipped,完整变量样本数小于 min_cross_section_n
FAC_rank_vol_m6_n6_pairwise1,2007-06-29,FAC_rank_vol_m6_n6_pairwise1,,5,skipped,完整变量样本数小于 min_cross_section_n
FAC_rank_vol_m6_n6_pairwise1,2007-06-29,CtrlRetSTR,,5,skipped,完整变量样本数小于 min_cross_section_n
FAC_rank_vol_m6_n6_pairwise1,2007-06-29,CtrlRetLTM,,5,skipped,完整变量样本数小于 min_cross_section_n
FAC_rank_vol_m6_n6_pairwise1,2007-06-29,CtrlVol,,5,skipped,完整变量样本数小于 min_cross_section_n
FAC_rank_vol_m6_n6_pairwise1,2007-06-29,as_偏股混合型基金,,5,skipped,完整变量样本数小于 min_cross_section_n
FAC_rank_vol_m6_n6_pairwise1,2007-06-29,Ctrl_log_fund_size,,5,skipped,完整变量样本数小于 min_cross_section_n
FAC_rank_vol_m6_n6_pairwise1,2007-06-29,Ctrl_fund_age,,5,skipped,完整变量样本数小于 min_cross_section_n
FAC_rank_vol_m6_n6_pairwise1,2007-07-31,FAC_rank_vol_m6_n6_pairwise1,,5,skipped,完整变量样本数小于 min_cross_section_n
FAC_rank_vol_m6_n6_pairwise1,2007-07-31,CtrlRetSTR,,5,skipped,完整变量样本数小于 min_cross_section_n
FAC_rank_vol_m6_n6_pairwise1,2007-07-31,CtrlRetLTM,,5,skipped,完整变量样本数小于 min_cross_section_n
FAC_rank_vol_m6_n6_pairwise1,2007-07-31,CtrlVol,,5,skipped,完整变量样本数小于 min_cross_section_n
FAC_rank_vol_m6_n6_pairwise1,2007-07-31,as_偏股混合型基金,,5,skipped,完整变量样本数小于 min_cross_section_n
FAC_rank_vol_m6_n6_pairwise1,2007-07-31,Ctrl_log_fund_size,,5,skipped,完整变量样本数小于 min_cross_section_n
FAC_rank_vol_m6_n6_pairwise1,2007-07-31,Ctrl_fund_age,,5,skipped,完整变量样本数小于 min_cross_section_n
FAC_rank_vol_m6_n6_pairwise1,2007-08-31,FAC_rank_vol_m6_n6_pairwise1,,5,skipped,完整变量样本数小于 min_cross_section_n
FAC_rank_vol_m6_n6_pairwise1,2007-08-31,CtrlRetSTR,,5,skipped,完整变量样本数小于 min_cross_section_n
FAC_rank_vol_m6_n6_pairwise1,2007-08-31,CtrlRetLTM,,5,skipped,完整变量样本数小于 min_cross_section_n
FAC_rank_vol_m6_n6_pairwise1,2007-08-31,CtrlVol,,5,skipped,完整变量样本数小于 min_cross_section_n
FAC_rank_vol_m6_n6_pairwise1,2007-08-31,as_偏股混合型基金,,5,skipped,完整变量样本数小于 min_cross_section_n
FAC_rank_vol_m6_n6_pairwise1,2007-08-31,Ctrl_log_fund_size,,5,skipped,完整变量样本数小于 min_cross_section_n
FAC_rank_vol_m6_n6_pairwise1,2007-08-31,Ctrl_fund_age,,5,skipped,完整变量样本数小于 min_cross_section_n
FAC_rank_vol_m6_n6_pairwise1,2007-09-28,FAC_rank_vol_m6_n6_pairwise1,,4,skipped,完整变量样本数小于 min_cross_section_n
FAC_rank_vol_m6_n6_pairwise1,2007-09-28,CtrlRetSTR,,4,skipped,完整变量样本数小于 min_cross_section_n
FAC_rank_vol_m6_n6_pairwise1,2007-09-28,CtrlRetLTM,,4,skipped,完整变量样本数小于 min_cross_section_n
FAC_rank_vol_m6_n6_pairwise1,2007-09-28,CtrlVol,,4,skipped,完整变量样本数小于 min_cross_section_n
FAC_rank_vol_m6_n6_pairwise1,2007-09-28,as_偏股混合型基金,,4,skipped,完整变量样本数小于 min_cross_section_n
FAC_rank_vol_m6_n6_pairwise1,2007-09-28,Ctrl_log_fund_size,,4,skipped,完整变量样本数小于 min_cross_section_n
FAC_rank_vol_m6_n6_pairwise1,2007-09-28,Ctrl_fund_age,,4,skipped,完整变量样本数小于 min_cross_section_n
FAC_rank_vol_m6_n6_pairwise1,2007-10-31,FAC_rank_vol_m6_n6_pairwise1,,8,skipped,完整变量样本数小于 min_cross_section_n
FAC_rank_vol_m6_n6_pairwise1,2007-10-31,CtrlRetSTR,,8,skipped,完整变量样本数小于 min_cross_section_n
FAC_rank_vol_m6_n6_pairwise1,2007-10-31,CtrlRetLTM,,8,skipped,完整变量样本数小于 min_cross_section_n
FAC_rank_vol_m6_n6_pairwise1,2007-10-31,CtrlVol,,8,skipped,完整变量样本数小于 min_cross_section_n
FAC_rank_vol_m6_n6_pairwise1,2007-10-31,as_偏股混合型基金,,8,skipped,完整变量样本数小于 min_cross_section_n
FAC_rank_vol_m6_n6_pairwise1,2007-10-31,Ctrl_log_fund_size,,8,skipped,完整变量样本数小于 min_cross_section_n
FAC_rank_vol_m6_n6_pairwise1,2007-10-31,Ctrl_fund_age,,8,skipped,完整变量样本数小于 min_cross_section_n
FAC_rank_vol_m6_n6_pairwise1,2007-11-30,FAC_rank_vol_m6_n6_pairwise1,,11,skipped,完整变量样本数小于 min_cross_section_n
FAC_rank_vol_m6_n6_pairwise1,2007-11-30,CtrlRetSTR,,11,skipped,完整变量样本数小于 min_cross_section_n
FAC_rank_vol_m6_n6_pairwise1,2007-11-30,CtrlRetLTM,,11,skipped,完整变量样本数小于 min_cross_section_n
FAC_rank_vol_m6_n6_pairwise1,2007-11-30,CtrlVol,,11,skipped,完整变量样本数小于 min_cross_section_n
FAC_rank_vol_m6_n6_pairwise1,2007-11-30,as_偏股混合型基金,,11,skipped,完整变量样本数小于 min_cross_section_n
FAC_rank_vol_m6_n6_pairwise1,2007-11-30,Ctrl_log_fund_size,,11,skipped,完整变量样本数小于 min_cross_section_n
FAC_rank_vol_m6_n6_pairwise1,2007-11-30,Ctrl_fund_age,,11,skipped,完整变量样本数小于 min_cross_section_n
FAC_rank_vol_m6_n6_pairwise1,2007-12-28,FAC_rank_vol_m6_n6_pairwise1,,11,skipped,完整变量样本数小于 min_cross_section_n
FAC_rank_vol_m6_n6_pairwise1,2007-12-28,CtrlRetSTR,,11,skipped,完整变量样本数小于 min_cross_section_n
FAC_rank_vol_m6_n6_pairwise1,2007-12-28,CtrlRetLTM,,11,skipped,完整变量样本数小于 min_cross_section_n
FAC_rank_vol_m6_n6_pairwise1,2007-12-28,CtrlVol,,11,skipped,完整变量样本数小于 min_cross_section_n
FAC_rank_vol_m6_n6_pairwise1,2007-12-28,as_偏股混合型基金,,11,skipped,完整变量样本数小于 min_cross_section_n
FAC_rank_vol_m6_n6_pairwise1,2007-12-28,Ctrl_log_fund_size,,11,skipped,完整变量样本数小于 min_cross_section_n
FAC_rank_vol_m6_n6_pairwise1,2007-12-28,Ctrl_fund_age,,11,skipped,完整变量样本数小于 min_cross_section_n
FAC_rank_vol_m6_n6_pairwise1,2008-01-31,FAC_rank_vol_m6_n6_pairwise1,,10,skipped,完整变量样本数小于 min_cross_section_n
FAC_rank_vol_m6_n6_pairwise1,2008-01-31,CtrlRetSTR,,10,skipped,完整变量样本数小于 min_cross_section_n
FAC_rank_vol_m6_n6_pairwise1,2008-01-31,CtrlRetLTM,,10,skipped,完整变量样本数小于 min_cross_section_n
FAC_rank_vol_m6_n6_pairwise1,2008-01-31,CtrlVol,,10,skipped,完整变量样本数小于 min_cross_section_n
FAC_rank_vol_m6_n6_pairwise1,2008-01-31,as_偏股混合型基金,,10,skipped,完整变量样本数小于 min_cross_section_n
FAC_rank_vol_m6_n6_pairwise1,2008-01-31,Ctrl_log_fund_size,,10,skipped,完整变量样本数小于 min_cross_section_n
FAC_rank_vol_m6_n6_pairwise1,2008-01-31,Ctrl_fund_age,,10,skipped,完整变量样本数小于 min_cross_section_n
FAC_rank_vol_m6_n6_pairwise1,2008-02-29,FAC_rank_vol_m6_n6_pairwise1,,10,skipped,完整变量样本数小于 min_cross_section_n
FAC_rank_vol_m6_n6_pairwise1,2008-02-29,CtrlRetSTR,,10,skipped,完整变量样本数小于 min_cross_section_n
FAC_rank_vol_m6_n6_pairwise1,2008-02-29,CtrlRetLTM,,10,skipped,完整变量样本数小于 min_cross_section_n
FAC_rank_vol_m6_n6_pairwise1,2008-02-29,CtrlVol,,10,skipped,完整变量样本数小于 min_cross_section_n
FAC_rank_vol_m6_n6_pairwise1,2008-02-29,as_偏股混合型基金,,10,skipped,完整变量样本数小于 min_cross_section_n
FAC_rank_vol_m6_n6_pairwise1,2008-02-29,Ctrl_log_fund_size,,10,skipped,完整变量样本数小于 min_cross_section_n
FAC_rank_vol_m6_n6_pairwise1,2008-02-29,Ctrl_fund_age,,10,skipped,完整变量样本数小于 min_cross_section_n
FAC_rank_vol_m6_n6_pairwise1,2008-03-31,FAC_rank_vol_m6_n6_pairwise1,,10,skipped,完整变量样本数小于 min_cross_section_n
FAC_rank_vol_m6_n6_pairwise1,2008-03-31,CtrlRetSTR,,10,skipped,完整变量样本数小于 min_cross_section_n
FAC_rank_vol_m6_n6_pairwise1,2008-03-31,CtrlRetLTM,,10,skipped,完整变量样本数小于 min_cross_section_n
FAC_rank_vol_m6_n6_pairwise1,2008-03-31,CtrlVol,,10,skipped,完整变量样本数小于 min_cross_section_n
FAC_rank_vol_m6_n6_pairwise1,2008-03-31,as_偏股混合型基金,,10,skipped,完整变量样本数小于 min_cross_section_n
FAC_rank_vol_m6_n6_pairwise1,2008-03-31,Ctrl_log_fund_size,,10,skipped,完整变量样本数小于 min_cross_section_n
FAC_rank_vol_m6_n6_pairwise1,2008-03-31,Ctrl_fund_age,,10,skipped,完整变量样本数小于 min_cross_section_n
FAC_rank_vol_m6_n6_pairwise1,2008-04-30,FAC_rank_vol_m6_n6_pairwise1,,10,skipped,完整变量样本数小于 min_cross_section_n
FAC_rank_vol_m6_n6_pairwise1,2008-04-30,CtrlRetSTR,,10,skipped,完整变量样本数小于 min_cross_section_n
FAC_rank_vol_m6_n6_pairwise1,2008-04-30,CtrlRetLTM,,10,skipped,完整变量样本数小于 min_cross_section_n
FAC_rank_vol_m6_n6_pairwise1,2008-04-30,CtrlVol,,10,skipped,完整变量样本数小于 min_cross_section_n
FAC_rank_vol_m6_n6_pairwise1,2008-04-30,as_偏股混合型基金,,10,skipped,完整变量样本数小于 min_cross_section_n
FAC_rank_vol_m6_n6_pairwise1,2008-04-30,Ctrl_log_fund_size,,10,skipped,完整变量样本数小于 min_cross_section_n
FAC_rank_vol_m6_n6_pairwise1,2008-04-30,Ctrl_fund_age,,10,skipped,完整变量样本数小于 min_cross_section_n
FAC_rank_vol_m6_n6_pairwise1,2008-05-30,FAC_rank_vol_m6_n6_pairwise1,,13,skipped,完整变量样本数小于 min_cross_section_n
FAC_rank_vol_m6_n6_pairwise1,2008-05-30,CtrlRetSTR,,13,skipped,完整变量样本数小于 min_cross_section_n
FAC_rank_vol_m6_n6_pairwise1,2008-05-30,CtrlRetLTM,,13,skipped,完整变量样本数小于 min_cross_section_n
FAC_rank_vol_m6_n6_pairwise1,2008-05-30,CtrlVol,,13,skipped,完整变量样本数小于 min_cross_section_n
FAC_rank_vol_m6_n6_pairwise1,2008-05-30,as_偏股混合型基金,,13,skipped,完整变量样本数小于 min_cross_section_n
FAC_rank_vol_m6_n6_pairwise1,2008-05-30,Ctrl_log_fund_size,,13,skipped,完整变量样本数小于 min_cross_section_n
FAC_rank_vol_m6_n6_pairwise1,2008-05-30,Ctrl_fund_age,,13,skipped,完整变量样本数小于 min_cross_section_n
FAC_rank_vol_m6_n6_pairwise1,2008-06-30,FAC_rank_vol_m6_n6_pairwise1,,14,skipped,完整变量样本数小于 min_cross_section_n
FAC_rank_vol_m6_n6_pairwise1,2008-06-30,CtrlRetSTR,,14,skipped,完整变量样本数小于 min_cross_section_n
FAC_rank_vol_m6_n6_pairwise1,2008-06-30,CtrlRetLTM,,14,skipped,完整变量样本数小于 min_cross_section_n
FAC_rank_vol_m6_n6_pairwise1,2008-06-30,CtrlVol,,14,skipped,完整变量样本数小于 min_cross_section_n
FAC_rank_vol_m6_n6_pairwise1,2008-06-30,as_偏股混合型基金,,14,skipped,完整变量样本数小于 min_cross_section_n
FAC_rank_vol_m6_n6_pairwise1,2008-06-30,Ctrl_log_fund_size,,14,skipped,完整变量样本数小于 min_cross_section_n
FAC_rank_vol_m6_n6_pairwise1,2008-06-30,Ctrl_fund_age,,14,skipped,完整变量样本数小于 min_cross_section_n
FAC_rank_vol_m6_n6_pairwise1,2008-07-31,FAC_rank_vol_m6_n6_pairwise1,,14,skipped,完整变量样本数小于 min_cross_section_n
FAC_rank_vol_m6_n6_pairwise1,2008-07-31,CtrlRetSTR,,14,skipped,完整变量样本数小于 min_cross_section_n
FAC_rank_vol_m6_n6_pairwise1,2008-07-31,CtrlRetLTM,,14,skipped,完整变量样本数小于 min_cross_section_n
FAC_rank_vol_m6_n6_pairwise1,2008-07-31,CtrlVol,,14,skipped,完整变量样本数小于 min_cross_section_n
FAC_rank_vol_m6_n6_pairwise1,2008-07-31,as_偏股混合型基金,,14,skipped,完整变量样本数小于 min_cross_section_n
FAC_rank_vol_m6_n6_pairwise1,2008-07-31,Ctrl_log_fund_size,,14,skipped,完整变量样本数小于 min_cross_section_n
FAC_rank_vol_m6_n6_pairwise1,2008-07-31,Ctrl_fund_age,,14,skipped,完整变量样本数小于 min_cross_section_n
FAC_rank_vol_m6_n6_pairwise1,2008-08-29,FAC_rank_vol_m6_n6_pairwise1,,17,skipped,完整变量样本数小于 min_cross_section_n
FAC_rank_vol_m6_n6_pairwise1,2008-08-29,CtrlRetSTR,,17,skipped,完整变量样本数小于 min_cross_section_n
FAC_rank_vol_m6_n6_pairwise1,2008-08-29,CtrlRetLTM,,17,skipped,完整变量样本数小于 min_cross_section_n
FAC_rank_vol_m6_n6_pairwise1,2008-08-29,CtrlVol,,17,skipped,完整变量样本数小于 min_cross_section_n
FAC_rank_vol_m6_n6_pairwise1,2008-08-29,as_偏股混合型基金,,17,skipped,完整变量样本数小于 min_cross_section_n
FAC_rank_vol_m6_n6_pairwise1,2008-08-29,Ctrl_log_fund_size,,17,skipped,完整变量样本数小于 min_cross_section_n
FAC_rank_vol_m6_n6_pairwise1,2008-08-29,Ctrl_fund_age,,17,skipped,完整变量样本数小于 min_cross_section_n
FAC_rank_vol_m6_n6_pairwise1,2008-09-26,FAC_rank_vol_m6_n6_pairwise1,,17,skipped,完整变量样本数小于 min_cross_section_n
FAC_rank_vol_m6_n6_pairwise1,2008-09-26,CtrlRetSTR,,17,skipped,完整变量样本数小于 min_cross_section_n
FAC_rank_vol_m6_n6_pairwise1,2008-09-26,CtrlRetLTM,,17,skipped,完整变量样本数小于 min_cross_section_n
FAC_rank_vol_m6_n6_pairwise1,2008-09-26,CtrlVol,,17,skipped,完整变量样本数小于 min_cross_section_n
FAC_rank_vol_m6_n6_pairwise1,2008-09-26,as_偏股混合型基金,,17,skipped,完整变量样本数小于 min_cross_section_n
FAC_rank_vol_m6_n6_pairwise1,2008-09-26,Ctrl_log_fund_size,,17,skipped,完整变量样本数小于 min_cross_section_n
FAC_rank_vol_m6_n6_pairwise1,2008-09-26,Ctrl_fund_age,,17,skipped,完整变量样本数小于 min_cross_section_n
FAC_rank_vol_m6_n6_pairwise1,2008-10-31,FAC_rank_vol_m6_n6_pairwise1,,23,skipped,完整变量样本数小于 min_cross_section_n
FAC_rank_vol_m6_n6_pairwise1,2008-10-31,CtrlRetSTR,,23,skipped,完整变量样本数小于 min_cross_section_n
FAC_rank_vol_m6_n6_pairwise1,2008-10-31,CtrlRetLTM,,23,skipped,完整变量样本数小于 min_cross_section_n
FAC_rank_vol_m6_n6_pairwise1,2008-10-31,CtrlVol,,23,skipped,完整变量样本数小于 min_cross_section_n
FAC_rank_vol_m6_n6_pairwise1,2008-10-31,as_偏股混合型基金,,23,skipped,完整变量样本数小于 min_cross_section_n
FAC_rank_vol_m6_n6_pairwise1,2008-10-31,Ctrl_log_fund_size,,23,skipped,完整变量样本数小于 min_cross_section_n
FAC_rank_vol_m6_n6_pairwise1,2008-10-31,Ctrl_fund_age,,23,skipped,完整变量样本数小于 min_cross_section_n
FAC_rank_vol_m6_n6_pairwise1,2008-11-28,FAC_rank_vol_m6_n6_pairwise1,,24,skipped,完整变量样本数小于 min_cross_section_n
FAC_rank_vol_m6_n6_pairwise1,2008-11-28,CtrlRetSTR,,24,skipped,完整变量样本数小于 min_cross_section_n
FAC_rank_vol_m6_n6_pairwise1,2008-11-28,CtrlRetLTM,,24,skipped,完整变量样本数小于 min_cross_section_n
FAC_rank_vol_m6_n6_pairwise1,2008-11-28,CtrlVol,,24,skipped,完整变量样本数小于 min_cross_section_n
FAC_rank_vol_m6_n6_pairwise1,2008-11-28,as_偏股混合型基金,,24,skipped,完整变量样本数小于 min_cross_section_n
FAC_rank_vol_m6_n6_pairwise1,2008-11-28,Ctrl_log_fund_size,,24,skipped,完整变量样本数小于 min_cross_section_n
FAC_rank_vol_m6_n6_pairwise1,2008-11-28,Ctrl_fund_age,,24,skipped,完整变量样本数小于 min_cross_section_n
FAC_rank_vol_m6_n6_pairwise1,2008-12-31,FAC_rank_vol_m6_n6_pairwise1,,25,skipped,完整变量样本数小于 min_cross_section_n
FAC_rank_vol_m6_n6_pairwise1,2008-12-31,CtrlRetSTR,,25,skipped,完整变量样本数小于 min_cross_section_n
FAC_rank_vol_m6_n6_pairwise1,2008-12-31,CtrlRetLTM,,25,skipped,完整变量样本数小于 min_cross_section_n
FAC_rank_vol_m6_n6_pairwise1,2008-12-31,CtrlVol,,25,skipped,完整变量样本数小于 min_cross_section_n
FAC_rank_vol_m6_n6_pairwise1,2008-12-31,as_偏股混合型基金,,25,skipped,完整变量样本数小于 min_cross_section_n
FAC_rank_vol_m6_n6_pairwise1,2008-12-31,Ctrl_log_fund_size,,25,skipped,完整变量样本数小于 min_cross_section_n
FAC_rank_vol_m6_n6_pairwise1,2008-12-31,Ctrl_fund_age,,25,skipped,完整变量样本数小于 min_cross_section_n
FAC_rank_vol_m6_n6_pairwise1,2009-01-23,FAC_rank_vol_m6_n6_pairwise1,,25,skipped,完整变量样本数小于 min_cross_section_n
FAC_rank_vol_m6_n6_pairwise1,2009-01-23,CtrlRetSTR,,25,skipped,完整变量样本数小于 min_cross_section_n
FAC_rank_vol_m6_n6_pairwise1,2009-01-23,CtrlRetLTM,,25,skipped,完整变量样本数小于 min_cross_section_n
FAC_rank_vol_m6_n6_pairwise1,2009-01-23,CtrlVol,,25,skipped,完整变量样本数小于 min_cross_section_n
FAC_rank_vol_m6_n6_pairwise1,2009-01-23,as_偏股混合型基金,,25,skipped,完整变量样本数小于 min_cross_section_n
FAC_rank_vol_m6_n6_pairwise1,2009-01-23,Ctrl_log_fund_size,,25,skipped,完整变量样本数小于 min_cross_section_n
FAC_rank_vol_m6_n6_pairwise1,2009-01-23,Ctrl_fund_age,,25,skipped,完整变量样本数小于 min_cross_section_n
FAC_rank_vol_m6_n6_pairwise1,2009-02-27,FAC_rank_vol_m6_n6_pairwise1,,27,skipped,完整变量样本数小于 min_cross_section_n
FAC_rank_vol_m6_n6_pairwise1,2009-02-27,CtrlRetSTR,,27,skipped,完整变量样本数小于 min_cross_section_n
FAC_rank_vol_m6_n6_pairwise1,2009-02-27,CtrlRetLTM,,27,skipped,完整变量样本数小于 min_cross_section_n
FAC_rank_vol_m6_n6_pairwise1,2009-02-27,CtrlVol,,27,skipped,完整变量样本数小于 min_cross_section_n
FAC_rank_vol_m6_n6_pairwise1,2009-02-27,as_偏股混合型基金,,27,skipped,完整变量样本数小于 min_cross_section_n
FAC_rank_vol_m6_n6_pairwise1,2009-02-27,Ctrl_log_fund_size,,27,skipped,完整变量样本数小于 min_cross_section_n
FAC_rank_vol_m6_n6_pairwise1,2009-02-27,Ctrl_fund_age,,27,skipped,完整变量样本数小于 min_cross_section_n
FAC_rank_vol_m6_n6_pairwise1,2009-03-31,FAC_rank_vol_m6_n6_pairwise1,,31,skipped,完整变量样本数小于 min_cross_section_n
FAC_rank_vol_m6_n6_pairwise1,2009-03-31,CtrlRetSTR,,31,skipped,完整变量样本数小于 min_cross_section_n
FAC_rank_vol_m6_n6_pairwise1,2009-03-31,CtrlRetLTM,,31,skipped,完整变量样本数小于 min_cross_section_n
FAC_rank_vol_m6_n6_pairwise1,2009-03-31,CtrlVol,,31,skipped,完整变量样本数小于 min_cross_section_n
FAC_rank_vol_m6_n6_pairwise1,2009-03-31,as_偏股混合型基金,,31,skipped,完整变量样本数小于 min_cross_section_n
FAC_rank_vol_m6_n6_pairwise1,2009-03-31,Ctrl_log_fund_size,,31,skipped,完整变量样本数小于 min_cross_section_n
FAC_rank_vol_m6_n6_pairwise1,2009-03-31,Ctrl_fund_age,,31,skipped,完整变量样本数小于 min_cross_section_n
FAC_rank_vol_m6_n6_pairwise1,2009-04-30,FAC_rank_vol_m6_n6_pairwise1,,32,skipped,完整变量样本数小于 min_cross_section_n
FAC_rank_vol_m6_n6_pairwise1,2009-04-30,CtrlRetSTR,,32,skipped,完整变量样本数小于 min_cross_section_n
FAC_rank_vol_m6_n6_pairwise1,2009-04-30,CtrlRetLTM,,32,skipped,完整变量样本数小于 min_cross_section_n
FAC_rank_vol_m6_n6_pairwise1,2009-04-30,CtrlVol,,32,skipped,完整变量样本数小于 min_cross_section_n
FAC_rank_vol_m6_n6_pairwise1,2009-04-30,as_偏股混合型基金,,32,skipped,完整变量样本数小于 min_cross_section_n
FAC_rank_vol_m6_n6_pairwise1,2009-04-30,Ctrl_log_fund_size,,32,skipped,完整变量样本数小于 min_cross_section_n
FAC_rank_vol_m6_n6_pairwise1,2009-04-30,Ctrl_fund_age,,32,skipped,完整变量样本数小于 min_cross_section_n
FAC_rank_vol_m6_n6_pairwise1,2009-05-27,FAC_rank_vol_m6_n6_pairwise1,,32,skipped,完整变量样本数小于 min_cross_section_n
FAC_rank_vol_m6_n6_pairwise1,2009-05-27,CtrlRetSTR,,32,skipped,完整变量样本数小于 min_cross_section_n
FAC_rank_vol_m6_n6_pairwise1,2009-05-27,CtrlRetLTM,,32,skipped,完整变量样本数小于 min_cross_section_n
FAC_rank_vol_m6_n6_pairwise1,2009-05-27,CtrlVol,,32,skipped,完整变量样本数小于 min_cross_section_n
FAC_rank_vol_m6_n6_pairwise1,2009-05-27,as_偏股混合型基金,,32,skipped,完整变量样本数小于 min_cross_section_n
FAC_rank_vol_m6_n6_pairwise1,2009-05-27,Ctrl_log_fund_size,,32,skipped,完整变量样本数小于 min_cross_section_n
FAC_rank_vol_m6_n6_pairwise1,2009-05-27,Ctrl_fund_age,,32,skipped,完整变量样本数小于 min_cross_section_n
FAC_rank_vol_m6_n6_pairwise1,2009-06-30,FAC_rank_vol_m6_n6_pairwise1,,30,skipped,完整变量样本数小于 min_cross_section_n
FAC_rank_vol_m6_n6_pairwise1,2009-06-30,CtrlRetSTR,,30,skipped,完整变量样本数小于 min_cross_section_n
FAC_rank_vol_m6_n6_pairwise1,2009-06-30,CtrlRetLTM,,30,skipped,完整变量样本数小于 min_cross_section_n
FAC_rank_vol_m6_n6_pairwise1,2009-06-30,CtrlVol,,30,skipped,完整变量样本数小于 min_cross_section_n
FAC_rank_vol_m6_n6_pairwise1,2009-06-30,as_偏股混合型基金,,30,skipped,完整变量样本数小于 min_cross_section_n
FAC_rank_vol_m6_n6_pairwise1,2009-06-30,Ctrl_log_fund_size,,30,skipped,完整变量样本数小于 min_cross_section_n
FAC_rank_vol_m6_n6_pairwise1,2009-06-30,Ctrl_fund_age,,30,skipped,完整变量样本数小于 min_cross_section_n
FAC_rank_vol_m6_n6_pairwise1,2009-07-31,FAC_rank_vol_m6_n6_pairwise1,,33,skipped,完整变量样本数小于 min_cross_section_n
FAC_rank_vol_m6_n6_pairwise1,2009-07-31,CtrlRetSTR,,33,skipped,完整变量样本数小于 min_cross_section_n
FAC_rank_vol_m6_n6_pairwise1,2009-07-31,CtrlRetLTM,,33,skipped,完整变量样本数小于 min_cross_section_n
FAC_rank_vol_m6_n6_pairwise1,2009-07-31,CtrlVol,,33,skipped,完整变量样本数小于 min_cross_section_n
FAC_rank_vol_m6_n6_pairwise1,2009-07-31,as_偏股混合型基金,,33,skipped,完整变量样本数小于 min_cross_section_n
FAC_rank_vol_m6_n6_pairwise1,2009-07-31,Ctrl_log_fund_size,,33,skipped,完整变量样本数小于 min_cross_section_n
FAC_rank_vol_m6_n6_pairwise1,2009-07-31,Ctrl_fund_age,,33,skipped,完整变量样本数小于 min_cross_section_n
FAC_rank_vol_m6_n6_pairwise1,2009-08-31,FAC_rank_vol_m6_n6_pairwise1,,35,skipped,完整变量样本数小于 min_cross_section_n
FAC_rank_vol_m6_n6_pairwise1,2009-08-31,CtrlRetSTR,,35,skipped,完整变量样本数小于 min_cross_section_n
FAC_rank_vol_m6_n6_pairwise1,2009-08-31,CtrlRetLTM,,35,skipped,完整变量样本数小于 min_cross_section_n
FAC_rank_vol_m6_n6_pairwise1,2009-08-31,CtrlVol,,35,skipped,完整变量样本数小于 min_cross_section_n
FAC_rank_vol_m6_n6_pairwise1,2009-08-31,as_偏股混合型基金,,35,skipped,完整变量样本数小于 min_cross_section_n
FAC_rank_vol_m6_n6_pairwise1,2009-08-31,Ctrl_log_fund_size,,35,skipped,完整变量样本数小于 min_cross_section_n
FAC_rank_vol_m6_n6_pairwise1,2009-08-31,Ctrl_fund_age,,35,skipped,完整变量样本数小于 min_cross_section_n
FAC_rank_vol_m6_n6_pairwise1,2009-09-30,FAC_rank_vol_m6_n6_pairwise1,,36,skipped,完整变量样本数小于 min_cross_section_n
FAC_rank_vol_m6_n6_pairwise1,2009-09-30,CtrlRetSTR,,36,skipped,完整变量样本数小于 min_cross_section_n
FAC_rank_vol_m6_n6_pairwise1,2009-09-30,CtrlRetLTM,,36,skipped,完整变量样本数小于 min_cross_section_n
FAC_rank_vol_m6_n6_pairwise1,2009-09-30,CtrlVol,,36,skipped,完整变量样本数小于 min_cross_section_n
FAC_rank_vol_m6_n6_pairwise1,2009-09-30,as_偏股混合型基金,,36,skipped,完整变量样本数小于 min_cross_section_n
FAC_rank_vol_m6_n6_pairwise1,2009-09-30,Ctrl_log_fund_size,,36,skipped,完整变量样本数小于 min_cross_section_n
FAC_rank_vol_m6_n6_pairwise1,2009-09-30,Ctrl_fund_age,,36,skipped,完整变量样本数小于 min_cross_section_n
FAC_rank_vol_m6_n6_pairwise1,2009-10-30,FAC_rank_vol_m6_n6_pairwise1,,39,skipped,完整变量样本数小于 min_cross_section_n
FAC_rank_vol_m6_n6_pairwise1,2009-10-30,CtrlRetSTR,,39,skipped,完整变量样本数小于 min_cross_section_n
FAC_rank_vol_m6_n6_pairwise1,2009-10-30,CtrlRetLTM,,39,skipped,完整变量样本数小于 min_cross_section_n
FAC_rank_vol_m6_n6_pairwise1,2009-10-30,CtrlVol,,39,skipped,完整变量样本数小于 min_cross_section_n
FAC_rank_vol_m6_n6_pairwise1,2009-10-30,as_偏股混合型基金,,39,skipped,完整变量样本数小于 min_cross_section_n
FAC_rank_vol_m6_n6_pairwise1,2009-10-30,Ctrl_log_fund_size,,39,skipped,完整变量样本数小于 min_cross_section_n
FAC_rank_vol_m6_n6_pairwise1,2009-10-30,Ctrl_fund_age,,39,skipped,完整变量样本数小于 min_cross_section_n
FAC_rank_vol_m6_n6_pairwise1,2009-11-30,FAC_rank_vol_m6_n6_pairwise1,,43,skipped,完整变量样本数小于 min_cross_section_n
FAC_rank_vol_m6_n6_pairwise1,2009-11-30,CtrlRetSTR,,43,skipped,完整变量样本数小于 min_cross_section_n
FAC_rank_vol_m6_n6_pairwise1,2009-11-30,CtrlRetLTM,,43,skipped,完整变量样本数小于 min_cross_section_n
FAC_rank_vol_m6_n6_pairwise1,2009-11-30,CtrlVol,,43,skipped,完整变量样本数小于 min_cross_section_n
FAC_rank_vol_m6_n6_pairwise1,2009-11-30,as_偏股混合型基金,,43,skipped,完整变量样本数小于 min_cross_section_n
FAC_rank_vol_m6_n6_pairwise1,2009-11-30,Ctrl_log_fund_size,,43,skipped,完整变量样本数小于 min_cross_section_n
FAC_rank_vol_m6_n6_pairwise1,2009-11-30,Ctrl_fund_age,,43,skipped,完整变量样本数小于 min_cross_section_n
FAC_rank_vol_m6_n6_pairwise1,2009-12-31,FAC_rank_vol_m6_n6_pairwise1,,45,skipped,完整变量样本数小于 min_cross_section_n
FAC_rank_vol_m6_n6_pairwise1,2009-12-31,CtrlRetSTR,,45,skipped,完整变量样本数小于 min_cross_section_n
FAC_rank_vol_m6_n6_pairwise1,2009-12-31,CtrlRetLTM,,45,skipped,完整变量样本数小于 min_cross_section_n
FAC_rank_vol_m6_n6_pairwise1,2009-12-31,CtrlVol,,45,skipped,完整变量样本数小于 min_cross_section_n
FAC_rank_vol_m6_n6_pairwise1,2009-12-31,as_偏股混合型基金,,45,skipped,完整变量样本数小于 min_cross_section_n
FAC_rank_vol_m6_n6_pairwise1,2009-12-31,Ctrl_log_fund_size,,45,skipped,完整变量样本数小于 min_cross_section_n
FAC_rank_vol_m6_n6_pairwise1,2009-12-31,Ctrl_fund_age,,45,skipped,完整变量样本数小于 min_cross_section_n
FAC_rank_vol_m6_n6_pairwise1,2010-01-29,FAC_rank_vol_m6_n6_pairwise1,,46,skipped,完整变量样本数小于 min_cross_section_n
FAC_rank_vol_m6_n6_pairwise1,2010-01-29,CtrlRetSTR,,46,skipped,完整变量样本数小于 min_cross_section_n
FAC_rank_vol_m6_n6_pairwise1,2010-01-29,CtrlRetLTM,,46,skipped,完整变量样本数小于 min_cross_section_n
FAC_rank_vol_m6_n6_pairwise1,2010-01-29,CtrlVol,,46,skipped,完整变量样本数小于 min_cross_section_n
FAC_rank_vol_m6_n6_pairwise1,2010-01-29,as_偏股混合型基金,,46,skipped,完整变量样本数小于 min_cross_section_n
FAC_rank_vol_m6_n6_pairwise1,2010-01-29,Ctrl_log_fund_size,,46,skipped,完整变量样本数小于 min_cross_section_n
FAC_rank_vol_m6_n6_pairwise1,2010-01-29,Ctrl_fund_age,,46,skipped,完整变量样本数小于 min_cross_section_n
FAC_rank_vol_m6_n6_pairwise1,2010-02-26,FAC_rank_vol_m6_n6_pairwise1,,47,skipped,完整变量样本数小于 min_cross_section_n
FAC_rank_vol_m6_n6_pairwise1,2010-02-26,CtrlRetSTR,,47,skipped,完整变量样本数小于 min_cross_section_n
FAC_rank_vol_m6_n6_pairwise1,2010-02-26,CtrlRetLTM,,47,skipped,完整变量样本数小于 min_cross_section_n
FAC_rank_vol_m6_n6_pairwise1,2010-02-26,CtrlVol,,47,skipped,完整变量样本数小于 min_cross_section_n
FAC_rank_vol_m6_n6_pairwise1,2010-02-26,as_偏股混合型基金,,47,skipped,完整变量样本数小于 min_cross_section_n
FAC_rank_vol_m6_n6_pairwise1,2010-02-26,Ctrl_log_fund_size,,47,skipped,完整变量样本数小于 min_cross_section_n
FAC_rank_vol_m6_n6_pairwise1,2010-02-26,Ctrl_fund_age,,47,skipped,完整变量样本数小于 min_cross_section_n
FAC_rank_vol_m6_n6_pairwise1,2010-03-31,FAC_rank_vol_m6_n6_pairwise1,1.0334414150129636,51,ok,
FAC_rank_vol_m6_n6_pairwise1,2010-03-31,CtrlRetSTR,1.1939055828403655,51,ok,
FAC_rank_vol_m6_n6_pairwise1,2010-03-31,CtrlRetLTM,1.1638476216854223,51,ok,
FAC_rank_vol_m6_n6_pairwise1,2010-03-31,CtrlVol,1.060176093990603,51,ok,
FAC_rank_vol_m6_n6_pairwise1,2010-03-31,as_偏股混合型基金,1.0830586061908276,51,ok,
FAC_rank_vol_m6_n6_pairwise1,2010-03-31,Ctrl_log_fund_size,2.220572535157462,51,ok,
FAC_rank_vol_m6_n6_pairwise1,2010-03-31,Ctrl_fund_age,2.0832222136992455,51,ok,
FAC_rank_vol_m6_n6_pairwise1,2010-04-30,FAC_rank_vol_m6_n6_pairwise1,1.107812185023642,50,ok,
FAC_rank_vol_m6_n6_pairwise1,2010-04-30,CtrlRetSTR,1.0555537549924137,50,ok,
FAC_rank_vol_m6_n6_pairwise1,2010-04-30,CtrlRetLTM,1.1814070509039163,50,ok,
FAC_rank_vol_m6_n6_pairwise1,2010-04-30,CtrlVol,1.1044640537611516,50,ok,
FAC_rank_vol_m6_n6_pairwise1,2010-04-30,as_偏股混合型基金,1.0719452187106158,50,ok,
FAC_rank_vol_m6_n6_pairwise1,2010-04-30,Ctrl_log_fund_size,2.271427667222074,50,ok,
FAC_rank_vol_m6_n6_pairwise1,2010-04-30,Ctrl_fund_age,2.1385285777717735,50,ok,
FAC_rank_vol_m6_n6_pairwise1,2010-05-31,FAC_rank_vol_m6_n6_pairwise1,1.2856720533928887,50,ok,
FAC_rank_vol_m6_n6_pairwise1,2010-05-31,CtrlRetSTR,1.2706612272380526,50,ok,
FAC_rank_vol_m6_n6_pairwise1,2010-05-31,CtrlRetLTM,1.3127606279786315,50,ok,
FAC_rank_vol_m6_n6_pairwise1,2010-05-31,CtrlVol,1.2490652365335007,50,ok,
FAC_rank_vol_m6_n6_pairwise1,2010-05-31,as_偏股混合型基金,1.0853002618411598,50,ok,
FAC_rank_vol_m6_n6_pairwise1,2010-05-31,Ctrl_log_fund_size,2.2394963867017594,50,ok,
FAC_rank_vol_m6_n6_pairwise1,2010-05-31,Ctrl_fund_age,2.205864850628513,50,ok,
FAC_rank_vol_m6_n6_pairwise1,2010-06-30,FAC_rank_vol_m6_n6_pairwise1,1.2288738658891196,52,ok,
FAC_rank_vol_m6_n6_pairwise1,2010-06-30,CtrlRetSTR,1.0548687376334864,52,ok,
FAC_rank_vol_m6_n6_pairwise1,2010-06-30,CtrlRetLTM,1.2282660596209476,52,ok,
FAC_rank_vol_m6_n6_pairwise1,2010-06-30,CtrlVol,1.3313558703560728,52,ok,
FAC_rank_vol_m6_n6_pairwise1,2010-06-30,as_偏股混合型基金,1.0620030714118875,52,ok,
FAC_rank_vol_m6_n6_pairwise1,2010-06-30,Ctrl_log_fund_size,2.105302605789208,52,ok,
FAC_rank_vol_m6_n6_pairwise1,2010-06-30,Ctrl_fund_age,2.095033353960492,52,ok,
FAC_rank_vol_m6_n6_pairwise1,2010-07-30,FAC_rank_vol_m6_n6_pairwise1,1.3228674277092634,52,ok,
FAC_rank_vol_m6_n6_pairwise1,2010-07-30,CtrlRetSTR,1.2582508557295509,52,ok,
FAC_rank_vol_m6_n6_pairwise1,2010-07-30,CtrlRetLTM,1.5806237830546859,52,ok,
FAC_rank_vol_m6_n6_pairwise1,2010-07-30,CtrlVol,1.4804987638694922,52,ok,
FAC_rank_vol_m6_n6_pairwise1,2010-07-30,as_偏股混合型基金,1.0957815420971537,52,ok,
FAC_rank_vol_m6_n6_pairwise1,2010-07-30,Ctrl_log_fund_size,2.1554010304350624,52,ok,
FAC_rank_vol_m6_n6_pairwise1,2010-07-30,Ctrl_fund_age,2.3536043806705567,52,ok,
FAC_rank_vol_m6_n6_pairwise1,2010-08-31,FAC_rank_vol_m6_n6_pairwise1,,49,skipped,完整变量样本数小于 min_cross_section_n
FAC_rank_vol_m6_n6_pairwise1,2010-08-31,CtrlRetSTR,,49,skipped,完整变量样本数小于 min_cross_section_n
FAC_rank_vol_m6_n6_pairwise1,2010-08-31,CtrlRetLTM,,49,skipped,完整变量样本数小于 min_cross_section_n
FAC_rank_vol_m6_n6_pairwise1,2010-08-31,CtrlVol,,49,skipped,完整变量样本数小于 min_cross_section_n
FAC_rank_vol_m6_n6_pairwise1,2010-08-31,as_偏股混合型基金,,49,skipped,完整变量样本数小于 min_cross_section_n
FAC_rank_vol_m6_n6_pairwise1,2010-08-31,Ctrl_log_fund_size,,49,skipped,完整变量样本数小于 min_cross_section_n
FAC_rank_vol_m6_n6_pairwise1,2010-08-31,Ctrl_fund_age,,49,skipped,完整变量样本数小于 min_cross_section_n
FAC_rank_vol_m6_n6_pairwise1,2010-09-30,FAC_rank_vol_m6_n6_pairwise1,1.5886545285559217,50,ok,
FAC_rank_vol_m6_n6_pairwise1,2010-09-30,CtrlRetSTR,1.6409924083427294,50,ok,
FAC_rank_vol_m6_n6_pairwise1,2010-09-30,CtrlRetLTM,1.446963425598232,50,ok,
FAC_rank_vol_m6_n6_pairwise1,2010-09-30,CtrlVol,1.3315283621107592,50,ok,
FAC_rank_vol_m6_n6_pairwise1,2010-09-30,as_偏股混合型基金,1.2414005410003504,50,ok,
FAC_rank_vol_m6_n6_pairwise1,2010-09-30,Ctrl_log_fund_size,2.3507115461615236,50,ok,
FAC_rank_vol_m6_n6_pairwise1,2010-09-30,Ctrl_fund_age,2.1223222642378383,50,ok,
FAC_rank_vol_m6_n6_pairwise1,2010-10-29,FAC_rank_vol_m6_n6_pairwise1,,49,skipped,完整变量样本数小于 min_cross_section_n
FAC_rank_vol_m6_n6_pairwise1,2010-10-29,CtrlRetSTR,,49,skipped,完整变量样本数小于 min_cross_section_n
FAC_rank_vol_m6_n6_pairwise1,2010-10-29,CtrlRetLTM,,49,skipped,完整变量样本数小于 min_cross_section_n
FAC_rank_vol_m6_n6_pairwise1,2010-10-29,CtrlVol,,49,skipped,完整变量样本数小于 min_cross_section_n
FAC_rank_vol_m6_n6_pairwise1,2010-10-29,as_偏股混合型基金,,49,skipped,完整变量样本数小于 min_cross_section_n
FAC_rank_vol_m6_n6_pairwise1,2010-10-29,Ctrl_log_fund_size,,49,skipped,完整变量样本数小于 min_cross_section_n
FAC_rank_vol_m6_n6_pairwise1,2010-10-29,Ctrl_fund_age,,49,skipped,完整变量样本数小于 min_cross_section_n
FAC_rank_vol_m6_n6_pairwise1,2010-11-30,FAC_rank_vol_m6_n6_pairwise1,1.7855824023042428,50,ok,
FAC_rank_vol_m6_n6_pairwise1,2010-11-30,CtrlRetSTR,2.769740544321392,50,ok,
FAC_rank_vol_m6_n6_pairwise1,2010-11-30,CtrlRetLTM,2.5497864195483317,50,ok,
FAC_rank_vol_m6_n6_pairwise1,2010-11-30,CtrlVol,1.75039588789556,50,ok,
FAC_rank_vol_m6_n6_pairwise1,2010-11-30,as_偏股混合型基金,1.6343070791614314,50,ok,
FAC_rank_vol_m6_n6_pairwise1,2010-11-30,Ctrl_log_fund_size,2.222651606208209,50,ok,
FAC_rank_vol_m6_n6_pairwise1,2010-11-30,Ctrl_fund_age,2.0173505150511213,50,ok,
FAC_rank_vol_m6_n6_pairwise1,2010-12-31,FAC_rank_vol_m6_n6_pairwise1,1.1763455235751754,53,ok,
FAC_rank_vol_m6_n6_pairwise1,2010-12-31,CtrlRetSTR,1.227410516215914,53,ok,
FAC_rank_vol_m6_n6_pairwise1,2010-12-31,CtrlRetLTM,1.437172637193401,53,ok,
FAC_rank_vol_m6_n6_pairwise1,2010-12-31,CtrlVol,1.417911294040004,53,ok,
FAC_rank_vol_m6_n6_pairwise1,2010-12-31,as_偏股混合型基金,1.174709476892397,53,ok,
FAC_rank_vol_m6_n6_pairwise1,2010-12-31,Ctrl_log_fund_size,1.9621864917382497,53,ok,
FAC_rank_vol_m6_n6_pairwise1,2010-12-31,Ctrl_fund_age,1.98592190562501,53,ok,
FAC_rank_vol_m6_n6_pairwise1,2011-01-31,FAC_rank_vol_m6_n6_pairwise1,1.0911668175176659,50,ok,
FAC_rank_vol_m6_n6_pairwise1,2011-01-31,CtrlRetSTR,1.3317153087234044,50,ok,
FAC_rank_vol_m6_n6_pairwise1,2011-01-31,CtrlRetLTM,1.5258099601183768,50,ok,
FAC_rank_vol_m6_n6_pairwise1,2011-01-31,CtrlVol,1.2521915551055627,50,ok,
FAC_rank_vol_m6_n6_pairwise1,2011-01-31,as_偏股混合型基金,1.1174767163973758,50,ok,
FAC_rank_vol_m6_n6_pairwise1,2011-01-31,Ctrl_log_fund_size,2.0610212769291754,50,ok,
FAC_rank_vol_m6_n6_pairwise1,2011-01-31,Ctrl_fund_age,2.081259418436609,50,ok,
FAC_rank_vol_m6_n6_pairwise1,2011-02-28,FAC_rank_vol_m6_n6_pairwise1,1.1363911881765545,51,ok,
FAC_rank_vol_m6_n6_pairwise1,2011-02-28,CtrlRetSTR,1.1718889476408918,51,ok,
FAC_rank_vol_m6_n6_pairwise1,2011-02-28,CtrlRetLTM,1.2422625519558939,51,ok,
FAC_rank_vol_m6_n6_pairwise1,2011-02-28,CtrlVol,1.2997613579725726,51,ok,
FAC_rank_vol_m6_n6_pairwise1,2011-02-28,as_偏股混合型基金,1.1161276226783032,51,ok,
FAC_rank_vol_m6_n6_pairwise1,2011-02-28,Ctrl_log_fund_size,2.1542182245988735,51,ok,
FAC_rank_vol_m6_n6_pairwise1,2011-02-28,Ctrl_fund_age,2.2497195353318005,51,ok,
FAC_rank_vol_m6_n6_pairwise1,2011-03-31,FAC_rank_vol_m6_n6_pairwise1,1.2069738619320223,51,ok,
FAC_rank_vol_m6_n6_pairwise1,2011-03-31,CtrlRetSTR,1.210747494658202,51,ok,
FAC_rank_vol_m6_n6_pairwise1,2011-03-31,CtrlRetLTM,1.2990906098251236,51,ok,
FAC_rank_vol_m6_n6_pairwise1,2011-03-31,CtrlVol,1.0487503090075676,51,ok,
FAC_rank_vol_m6_n6_pairwise1,2011-03-31,as_偏股混合型基金,1.0901987658145293,51,ok,
FAC_rank_vol_m6_n6_pairwise1,2011-03-31,Ctrl_log_fund_size,2.330673298674164,51,ok,
FAC_rank_vol_m6_n6_pairwise1,2011-03-31,Ctrl_fund_age,2.553809612061035,51,ok,
FAC_rank_vol_m6_n6_pairwise1,2011-04-29,FAC_rank_vol_m6_n6_pairwise1,,49,skipped,完整变量样本数小于 min_cross_section_n
FAC_rank_vol_m6_n6_pairwise1,2011-04-29,CtrlRetSTR,,49,skipped,完整变量样本数小于 min_cross_section_n
FAC_rank_vol_m6_n6_pairwise1,2011-04-29,CtrlRetLTM,,49,skipped,完整变量样本数小于 min_cross_section_n
FAC_rank_vol_m6_n6_pairwise1,2011-04-29,CtrlVol,,49,skipped,完整变量样本数小于 min_cross_section_n
FAC_rank_vol_m6_n6_pairwise1,2011-04-29,as_偏股混合型基金,,49,skipped,完整变量样本数小于 min_cross_section_n
FAC_rank_vol_m6_n6_pairwise1,2011-04-29,Ctrl_log_fund_size,,49,skipped,完整变量样本数小于 min_cross_section_n
FAC_rank_vol_m6_n6_pairwise1,2011-04-29,Ctrl_fund_age,,49,skipped,完整变量样本数小于 min_cross_section_n
FAC_rank_vol_m6_n6_pairwise1,2011-05-31,FAC_rank_vol_m6_n6_pairwise1,1.1175549376039766,53,ok,
FAC_rank_vol_m6_n6_pairwise1,2011-05-31,CtrlRetSTR,1.3928528821271058,53,ok,
FAC_rank_vol_m6_n6_pairwise1,2011-05-31,CtrlRetLTM,1.0746921903821565,53,ok,
FAC_rank_vol_m6_n6_pairwise1,2011-05-31,CtrlVol,1.3766300818271182,53,ok,
FAC_rank_vol_m6_n6_pairwise1,2011-05-31,as_偏股混合型基金,1.1059439340514694,53,ok,
FAC_rank_vol_m6_n6_pairwise1,2011-05-31,Ctrl_log_fund_size,3.286154409489493,53,ok,
FAC_rank_vol_m6_n6_pairwise1,2011-05-31,Ctrl_fund_age,3.2054118173987574,53,ok,
FAC_rank_vol_m6_n6_pairwise1,2011-06-30,FAC_rank_vol_m6_n6_pairwise1,1.3593808912459469,54,ok,
FAC_rank_vol_m6_n6_pairwise1,2011-06-30,CtrlRetSTR,1.3742781385248581,54,ok,
FAC_rank_vol_m6_n6_pairwise1,2011-06-30,CtrlRetLTM,1.1372534628719795,54,ok,
FAC_rank_vol_m6_n6_pairwise1,2011-06-30,CtrlVol,1.269384623693457,54,ok,
FAC_rank_vol_m6_n6_pairwise1,2011-06-30,as_偏股混合型基金,1.0737024457657336,54,ok,
FAC_rank_vol_m6_n6_pairwise1,2011-06-30,Ctrl_log_fund_size,3.137852620250078,54,ok,
FAC_rank_vol_m6_n6_pairwise1,2011-06-30,Ctrl_fund_age,3.113041267458507,54,ok,
FAC_rank_vol_m6_n6_pairwise1,2011-07-29,FAC_rank_vol_m6_n6_pairwise1,1.322244610533485,57,ok,
FAC_rank_vol_m6_n6_pairwise1,2011-07-29,CtrlRetSTR,1.3104880663132137,57,ok,
FAC_rank_vol_m6_n6_pairwise1,2011-07-29,CtrlRetLTM,1.0916932166988746,57,ok,
FAC_rank_vol_m6_n6_pairwise1,2011-07-29,CtrlVol,1.1578704064925005,57,ok,
FAC_rank_vol_m6_n6_pairwise1,2011-07-29,as_偏股混合型基金,1.1120855735383854,57,ok,
FAC_rank_vol_m6_n6_pairwise1,2011-07-29,Ctrl_log_fund_size,2.9848438781539155,57,ok,
FAC_rank_vol_m6_n6_pairwise1,2011-07-29,Ctrl_fund_age,3.376196283403174,57,ok,
FAC_rank_vol_m6_n6_pairwise1,2011-08-31,FAC_rank_vol_m6_n6_pairwise1,1.2416990684802898,60,ok,
FAC_rank_vol_m6_n6_pairwise1,2011-08-31,CtrlRetSTR,1.1512139626778386,60,ok,
FAC_rank_vol_m6_n6_pairwise1,2011-08-31,CtrlRetLTM,1.1829061565033288,60,ok,
FAC_rank_vol_m6_n6_pairwise1,2011-08-31,CtrlVol,1.2195835316427257,60,ok,
FAC_rank_vol_m6_n6_pairwise1,2011-08-31,as_偏股混合型基金,1.1035717696876346,60,ok,
FAC_rank_vol_m6_n6_pairwise1,2011-08-31,Ctrl_log_fund_size,2.6540956132516316,60,ok,
FAC_rank_vol_m6_n6_pairwise1,2011-08-31,Ctrl_fund_age,2.766456616686326,60,ok,
FAC_rank_vol_m6_n6_pairwise1,2011-09-30,FAC_rank_vol_m6_n6_pairwise1,1.297681590525742,61,ok,
FAC_rank_vol_m6_n6_pairwise1,2011-09-30,CtrlRetSTR,1.4875110225127701,61,ok,
FAC_rank_vol_m6_n6_pairwise1,2011-09-30,CtrlRetLTM,1.1662258607128557,61,ok,
FAC_rank_vol_m6_n6_pairwise1,2011-09-30,CtrlVol,1.5007126691475632,61,ok,
FAC_rank_vol_m6_n6_pairwise1,2011-09-30,as_偏股混合型基金,1.1069799186019464,61,ok,
FAC_rank_vol_m6_n6_pairwise1,2011-09-30,Ctrl_log_fund_size,2.6263188055766395,61,ok,
FAC_rank_vol_m6_n6_pairwise1,2011-09-30,Ctrl_fund_age,2.8046413099845933,61,ok,
FAC_rank_vol_m6_n6_pairwise1,2011-10-31,FAC_rank_vol_m6_n6_pairwise1,1.1416368160717492,61,ok,
FAC_rank_vol_m6_n6_pairwise1,2011-10-31,CtrlRetSTR,1.0807699452864248,61,ok,
FAC_rank_vol_m6_n6_pairwise1,2011-10-31,CtrlRetLTM,1.1874036028407349,61,ok,
FAC_rank_vol_m6_n6_pairwise1,2011-10-31,CtrlVol,1.351023567683789,61,ok,
FAC_rank_vol_m6_n6_pairwise1,2011-10-31,as_偏股混合型基金,1.1333469864769417,61,ok,
FAC_rank_vol_m6_n6_pairwise1,2011-10-31,Ctrl_log_fund_size,2.560406323990271,61,ok,
FAC_rank_vol_m6_n6_pairwise1,2011-10-31,Ctrl_fund_age,2.7462911723166927,61,ok,
FAC_rank_vol_m6_n6_pairwise1,2011-11-30,FAC_rank_vol_m6_n6_pairwise1,1.1925031862657398,67,ok,
FAC_rank_vol_m6_n6_pairwise1,2011-11-30,CtrlRetSTR,1.1194570180407672,67,ok,
FAC_rank_vol_m6_n6_pairwise1,2011-11-30,CtrlRetLTM,1.3825292660670552,67,ok,
FAC_rank_vol_m6_n6_pairwise1,2011-11-30,CtrlVol,1.5516881934844966,67,ok,
FAC_rank_vol_m6_n6_pairwise1,2011-11-30,as_偏股混合型基金,1.203259729659892,67,ok,
FAC_rank_vol_m6_n6_pairwise1,2011-11-30,Ctrl_log_fund_size,2.67904881901666,67,ok,
FAC_rank_vol_m6_n6_pairwise1,2011-11-30,Ctrl_fund_age,2.884638889837241,67,ok,
FAC_rank_vol_m6_n6_pairwise1,2011-12-30,FAC_rank_vol_m6_n6_pairwise1,1.090100455455467,69,ok,
FAC_rank_vol_m6_n6_pairwise1,2011-12-30,CtrlRetSTR,1.360172136006657,69,ok,
FAC_rank_vol_m6_n6_pairwise1,2011-12-30,CtrlRetLTM,1.3021405079070094,69,ok,
FAC_rank_vol_m6_n6_pairwise1,2011-12-30,CtrlVol,1.7747621820227728,69,ok,
FAC_rank_vol_m6_n6_pairwise1,2011-12-30,as_偏股混合型基金,1.1086331053609675,69,ok,
FAC_rank_vol_m6_n6_pairwise1,2011-12-30,Ctrl_log_fund_size,2.8256756694109177,69,ok,
FAC_rank_vol_m6_n6_pairwise1,2011-12-30,Ctrl_fund_age,2.9134661752624624,69,ok,
FAC_rank_vol_m6_n6_pairwise1,2012-01-31,FAC_rank_vol_m6_n6_pairwise1,1.2160461982209894,61,ok,
FAC_rank_vol_m6_n6_pairwise1,2012-01-31,CtrlRetSTR,1.1690859994187985,61,ok,
FAC_rank_vol_m6_n6_pairwise1,2012-01-31,CtrlRetLTM,1.7401151204899956,61,ok,
FAC_rank_vol_m6_n6_pairwise1,2012-01-31,CtrlVol,1.8225678406039,61,ok,
FAC_rank_vol_m6_n6_pairwise1,2012-01-31,as_偏股混合型基金,1.1780939719424528,61,ok,
FAC_rank_vol_m6_n6_pairwise1,2012-01-31,Ctrl_log_fund_size,2.818826205971151,61,ok,
FAC_rank_vol_m6_n6_pairwise1,2012-01-31,Ctrl_fund_age,2.6710805367916497,61,ok,
FAC_rank_vol_m6_n6_pairwise1,2012-02-29,FAC_rank_vol_m6_n6_pairwise1,1.4231444856299214,62,ok,
FAC_rank_vol_m6_n6_pairwise1,2012-02-29,CtrlRetSTR,1.2256445209021476,62,ok,
FAC_rank_vol_m6_n6_pairwise1,2012-02-29,CtrlRetLTM,1.953381926972699,62,ok,
FAC_rank_vol_m6_n6_pairwise1,2012-02-29,CtrlVol,2.2004832783426216,62,ok,
FAC_rank_vol_m6_n6_pairwise1,2012-02-29,as_偏股混合型基金,1.1951452537806637,62,ok,
FAC_rank_vol_m6_n6_pairwise1,2012-02-29,Ctrl_log_fund_size,2.888377444988156,62,ok,
FAC_rank_vol_m6_n6_pairwise1,2012-02-29,Ctrl_fund_age,2.7909488163046166,62,ok,
FAC_rank_vol_m6_n6_pairwise1,2012-03-30,FAC_rank_vol_m6_n6_pairwise1,1.2968483739640848,62,ok,
FAC_rank_vol_m6_n6_pairwise1,2012-03-30,CtrlRetSTR,1.215545178587825,62,ok,
FAC_rank_vol_m6_n6_pairwise1,2012-03-30,CtrlRetLTM,1.500928547537623,62,ok,
FAC_rank_vol_m6_n6_pairwise1,2012-03-30,CtrlVol,1.3326548196352865,62,ok,
FAC_rank_vol_m6_n6_pairwise1,2012-03-30,as_偏股混合型基金,1.1659107443515715,62,ok,
FAC_rank_vol_m6_n6_pairwise1,2012-03-30,Ctrl_log_fund_size,2.845619954258854,62,ok,
FAC_rank_vol_m6_n6_pairwise1,2012-03-30,Ctrl_fund_age,2.826123976341694,62,ok,
FAC_rank_vol_m6_n6_pairwise1,2012-04-27,FAC_rank_vol_m6_n6_pairwise1,1.2960868017139218,67,ok,
FAC_rank_vol_m6_n6_pairwise1,2012-04-27,CtrlRetSTR,1.4327008799349266,67,ok,
FAC_rank_vol_m6_n6_pairwise1,2012-04-27,CtrlRetLTM,1.6027526095067954,67,ok,
FAC_rank_vol_m6_n6_pairwise1,2012-04-27,CtrlVol,1.5146502996513216,67,ok,
FAC_rank_vol_m6_n6_pairwise1,2012-04-27,as_偏股混合型基金,1.1836423432499932,67,ok,
FAC_rank_vol_m6_n6_pairwise1,2012-04-27,Ctrl_log_fund_size,2.931355256188784,67,ok,
FAC_rank_vol_m6_n6_pairwise1,2012-04-27,Ctrl_fund_age,2.84875812140769,67,ok,
FAC_rank_vol_m6_n6_pairwise1,2012-05-31,FAC_rank_vol_m6_n6_pairwise1,1.3045743822878308,74,ok,
FAC_rank_vol_m6_n6_pairwise1,2012-05-31,CtrlRetSTR,1.223933515890987,74,ok,
FAC_rank_vol_m6_n6_pairwise1,2012-05-31,CtrlRetLTM,1.2572632286112788,74,ok,
FAC_rank_vol_m6_n6_pairwise1,2012-05-31,CtrlVol,1.4676411954455402,74,ok,
FAC_rank_vol_m6_n6_pairwise1,2012-05-31,as_偏股混合型基金,1.057913747610085,74,ok,
FAC_rank_vol_m6_n6_pairwise1,2012-05-31,Ctrl_log_fund_size,2.971532368865603,74,ok,
FAC_rank_vol_m6_n6_pairwise1,2012-05-31,Ctrl_fund_age,3.1468729668118676,74,ok,
FAC_rank_vol_m6_n6_pairwise1,2012-06-29,FAC_rank_vol_m6_n6_pairwise1,1.1357258284655545,73,ok,
FAC_rank_vol_m6_n6_pairwise1,2012-06-29,CtrlRetSTR,1.208036409404106,73,ok,
FAC_rank_vol_m6_n6_pairwise1,2012-06-29,CtrlRetLTM,1.4058765592973832,73,ok,
FAC_rank_vol_m6_n6_pairwise1,2012-06-29,CtrlVol,1.3012329570882828,73,ok,
FAC_rank_vol_m6_n6_pairwise1,2012-06-29,as_偏股混合型基金,1.0960552510004558,73,ok,
FAC_rank_vol_m6_n6_pairwise1,2012-06-29,Ctrl_log_fund_size,2.9233673743428596,73,ok,
FAC_rank_vol_m6_n6_pairwise1,2012-06-29,Ctrl_fund_age,2.9529064671578236,73,ok,
FAC_rank_vol_m6_n6_pairwise1,2012-07-31,FAC_rank_vol_m6_n6_pairwise1,1.158470048346652,74,ok,
FAC_rank_vol_m6_n6_pairwise1,2012-07-31,CtrlRetSTR,1.3285293994802527,74,ok,
FAC_rank_vol_m6_n6_pairwise1,2012-07-31,CtrlRetLTM,1.4863040335436954,74,ok,
FAC_rank_vol_m6_n6_pairwise1,2012-07-31,CtrlVol,1.2992176165113698,74,ok,
FAC_rank_vol_m6_n6_pairwise1,2012-07-31,as_偏股混合型基金,1.0533137250881388,74,ok,
FAC_rank_vol_m6_n6_pairwise1,2012-07-31,Ctrl_log_fund_size,3.055797927352371,74,ok,
FAC_rank_vol_m6_n6_pairwise1,2012-07-31,Ctrl_fund_age,3.075078327853174,74,ok,
FAC_rank_vol_m6_n6_pairwise1,2012-08-31,FAC_rank_vol_m6_n6_pairwise1,1.1211006223726032,78,ok,
FAC_rank_vol_m6_n6_pairwise1,2012-08-31,CtrlRetSTR,1.0629534504909184,78,ok,
FAC_rank_vol_m6_n6_pairwise1,2012-08-31,CtrlRetLTM,1.2465040139055388,78,ok,
FAC_rank_vol_m6_n6_pairwise1,2012-08-31,CtrlVol,1.2963948732897068,78,ok,
FAC_rank_vol_m6_n6_pairwise1,2012-08-31,as_偏股混合型基金,1.0681965189492089,78,ok,
FAC_rank_vol_m6_n6_pairwise1,2012-08-31,Ctrl_log_fund_size,3.099064184417427,78,ok,
FAC_rank_vol_m6_n6_pairwise1,2012-08-31,Ctrl_fund_age,3.173702971190426,78,ok,
FAC_rank_vol_m6_n6_pairwise1,2012-09-28,FAC_rank_vol_m6_n6_pairwise1,,80,failed,变量无横截面波动：['as_偏股混合型基金']
FAC_rank_vol_m6_n6_pairwise1,2012-09-28,CtrlRetSTR,,80,failed,变量无横截面波动：['as_偏股混合型基金']
FAC_rank_vol_m6_n6_pairwise1,2012-09-28,CtrlRetLTM,,80,failed,变量无横截面波动：['as_偏股混合型基金']
FAC_rank_vol_m6_n6_pairwise1,2012-09-28,CtrlVol,,80,failed,变量无横截面波动：['as_偏股混合型基金']
FAC_rank_vol_m6_n6_pairwise1,2012-09-28,as_偏股混合型基金,,80,failed,变量无横截面波动：['as_偏股混合型基金']
FAC_rank_vol_m6_n6_pairwise1,2012-09-28,Ctrl_log_fund_size,,80,failed,变量无横截面波动：['as_偏股混合型基金']
FAC_rank_vol_m6_n6_pairwise1,2012-09-28,Ctrl_fund_age,,80,failed,变量无横截面波动：['as_偏股混合型基金']
FAC_rank_vol_m6_n6_pairwise1,2012-10-31,FAC_rank_vol_m6_n6_pairwise1,1.2492650080071361,84,ok,
FAC_rank_vol_m6_n6_pairwise1,2012-10-31,CtrlRetSTR,1.4233732807284598,84,ok,
FAC_rank_vol_m6_n6_pairwise1,2012-10-31,CtrlRetLTM,1.5968948413581776,84,ok,
FAC_rank_vol_m6_n6_pairwise1,2012-10-31,CtrlVol,1.3991723380056607,84,ok,
FAC_rank_vol_m6_n6_pairwise1,2012-10-31,as_偏股混合型基金,1.097340005432449,84,ok,
FAC_rank_vol_m6_n6_pairwise1,2012-10-31,Ctrl_log_fund_size,3.1446827106654354,84,ok,
FAC_rank_vol_m6_n6_pairwise1,2012-10-31,Ctrl_fund_age,3.260692393920261,84,ok,
FAC_rank_vol_m6_n6_pairwise1,2012-11-30,FAC_rank_vol_m6_n6_pairwise1,1.0718944283870844,90,ok,
FAC_rank_vol_m6_n6_pairwise1,2012-11-30,CtrlRetSTR,1.0816889635536675,90,ok,
FAC_rank_vol_m6_n6_pairwise1,2012-11-30,CtrlRetLTM,1.215328077398251,90,ok,
FAC_rank_vol_m6_n6_pairwise1,2012-11-30,CtrlVol,1.2313688464427062,90,ok,
FAC_rank_vol_m6_n6_pairwise1,2012-11-30,as_偏股混合型基金,1.1465092712339886,90,ok,
FAC_rank_vol_m6_n6_pairwise1,2012-11-30,Ctrl_log_fund_size,3.327395030902147,90,ok,
FAC_rank_vol_m6_n6_pairwise1,2012-11-30,Ctrl_fund_age,3.5118679457107285,90,ok,
FAC_rank_vol_m6_n6_pairwise1,2012-12-31,FAC_rank_vol_m6_n6_pairwise1,1.1147492937766026,98,ok,
FAC_rank_vol_m6_n6_pairwise1,2012-12-31,CtrlRetSTR,1.177016110779906,98,ok,
FAC_rank_vol_m6_n6_pairwise1,2012-12-31,CtrlRetLTM,1.200738875465338,98,ok,
FAC_rank_vol_m6_n6_pairwise1,2012-12-31,CtrlVol,1.1761584323246423,98,ok,
FAC_rank_vol_m6_n6_pairwise1,2012-12-31,as_偏股混合型基金,1.1269925404169507,98,ok,
FAC_rank_vol_m6_n6_pairwise1,2012-12-31,Ctrl_log_fund_size,3.3036080146473754,98,ok,
FAC_rank_vol_m6_n6_pairwise1,2012-12-31,Ctrl_fund_age,3.497096356507836,98,ok,
FAC_rank_vol_m6_n6_pairwise1,2013-01-31,FAC_rank_vol_m6_n6_pairwise1,1.2355983286291656,102,ok,
FAC_rank_vol_m6_n6_pairwise1,2013-01-31,CtrlRetSTR,1.086242616911353,102,ok,
FAC_rank_vol_m6_n6_pairwise1,2013-01-31,CtrlRetLTM,1.1948443028595896,102,ok,
FAC_rank_vol_m6_n6_pairwise1,2013-01-31,CtrlVol,1.109520145357503,102,ok,
FAC_rank_vol_m6_n6_pairwise1,2013-01-31,as_偏股混合型基金,1.0965884039047886,102,ok,
FAC_rank_vol_m6_n6_pairwise1,2013-01-31,Ctrl_log_fund_size,3.3812584195463455,102,ok,
FAC_rank_vol_m6_n6_pairwise1,2013-01-31,Ctrl_fund_age,3.722061271618358,102,ok,
FAC_rank_vol_m6_n6_pairwise1,2013-02-28,FAC_rank_vol_m6_n6_pairwise1,1.1246437909497313,104,ok,
FAC_rank_vol_m6_n6_pairwise1,2013-02-28,CtrlRetSTR,1.0929032697283694,104,ok,
FAC_rank_vol_m6_n6_pairwise1,2013-02-28,CtrlRetLTM,1.2081285256588628,104,ok,
FAC_rank_vol_m6_n6_pairwise1,2013-02-28,CtrlVol,1.0804169772225194,104,ok,
FAC_rank_vol_m6_n6_pairwise1,2013-02-28,as_偏股混合型基金,1.1122356508798739,104,ok,
FAC_rank_vol_m6_n6_pairwise1,2013-02-28,Ctrl_log_fund_size,3.102228807964693,104,ok,
FAC_rank_vol_m6_n6_pairwise1,2013-02-28,Ctrl_fund_age,3.2630940525021668,104,ok,
FAC_rank_vol_m6_n6_pairwise1,2013-03-29,FAC_rank_vol_m6_n6_pairwise1,1.0853097054175118,108,ok,
FAC_rank_vol_m6_n6_pairwise1,2013-03-29,CtrlRetSTR,1.338929802796801,108,ok,
FAC_rank_vol_m6_n6_pairwise1,2013-03-29,CtrlRetLTM,1.3629988907677957,108,ok,
FAC_rank_vol_m6_n6_pairwise1,2013-03-29,CtrlVol,1.1733183170689534,108,ok,
FAC_rank_vol_m6_n6_pairwise1,2013-03-29,as_偏股混合型基金,1.0376253569197758,108,ok,
FAC_rank_vol_m6_n6_pairwise1,2013-03-29,Ctrl_log_fund_size,3.0144541262975615,108,ok,
FAC_rank_vol_m6_n6_pairwise1,2013-03-29,Ctrl_fund_age,3.1482894411024054,108,ok,
FAC_rank_vol_m6_n6_pairwise1,2013-04-26,FAC_rank_vol_m6_n6_pairwise1,1.0903880517295323,108,ok,
FAC_rank_vol_m6_n6_pairwise1,2013-04-26,CtrlRetSTR,1.1651675194015818,108,ok,
FAC_rank_vol_m6_n6_pairwise1,2013-04-26,CtrlRetLTM,1.3794726266835187,108,ok,
FAC_rank_vol_m6_n6_pairwise1,2013-04-26,CtrlVol,1.1601333286141247,108,ok,
FAC_rank_vol_m6_n6_pairwise1,2013-04-26,as_偏股混合型基金,1.04121785866547,108,ok,
FAC_rank_vol_m6_n6_pairwise1,2013-04-26,Ctrl_log_fund_size,2.7902086818765524,108,ok,
FAC_rank_vol_m6_n6_pairwise1,2013-04-26,Ctrl_fund_age,2.974063635828909,108,ok,
FAC_rank_vol_m6_n6_pairwise1,2013-05-31,FAC_rank_vol_m6_n6_pairwise1,1.1343885143957235,107,ok,
FAC_rank_vol_m6_n6_pairwise1,2013-05-31,CtrlRetSTR,1.2693998935094806,107,ok,
FAC_rank_vol_m6_n6_pairwise1,2013-05-31,CtrlRetLTM,1.2919661194886611,107,ok,
FAC_rank_vol_m6_n6_pairwise1,2013-05-31,CtrlVol,1.1605881193350611,107,ok,
FAC_rank_vol_m6_n6_pairwise1,2013-05-31,as_偏股混合型基金,1.0585825928223664,107,ok,
FAC_rank_vol_m6_n6_pairwise1,2013-05-31,Ctrl_log_fund_size,2.6992459338830113,107,ok,
FAC_rank_vol_m6_n6_pairwise1,2013-05-31,Ctrl_fund_age,2.967467421075824,107,ok,
FAC_rank_vol_m6_n6_pairwise1,2013-06-28,FAC_rank_vol_m6_n6_pairwise1,1.1283602386569471,108,ok,
FAC_rank_vol_m6_n6_pairwise1,2013-06-28,CtrlRetSTR,1.9571800421879604,108,ok,
FAC_rank_vol_m6_n6_pairwise1,2013-06-28,CtrlRetLTM,1.728576899632044,108,ok,
FAC_rank_vol_m6_n6_pairwise1,2013-06-28,CtrlVol,1.602489066313142,108,ok,
FAC_rank_vol_m6_n6_pairwise1,2013-06-28,as_偏股混合型基金,1.0189244284846712,108,ok,
FAC_rank_vol_m6_n6_pairwise1,2013-06-28,Ctrl_log_fund_size,2.874952545776329,108,ok,
FAC_rank_vol_m6_n6_pairwise1,2013-06-28,Ctrl_fund_age,3.062378704489266,108,ok,
FAC_rank_vol_m6_n6_pairwise1,2013-07-31,FAC_rank_vol_m6_n6_pairwise1,1.182488514124912,110,ok,
FAC_rank_vol_m6_n6_pairwise1,2013-07-31,CtrlRetSTR,1.1565898895162228,110,ok,
FAC_rank_vol_m6_n6_pairwise1,2013-07-31,CtrlRetLTM,1.416248302664002,110,ok,
FAC_rank_vol_m6_n6_pairwise1,2013-07-31,CtrlVol,1.138753120264556,110,ok,
FAC_rank_vol_m6_n6_pairwise1,2013-07-31,as_偏股混合型基金,1.064188369691729,110,ok,
FAC_rank_vol_m6_n6_pairwise1,2013-07-31,Ctrl_log_fund_size,2.8628485246552713,110,ok,
FAC_rank_vol_m6_n6_pairwise1,2013-07-31,Ctrl_fund_age,2.8947349842248715,110,ok,
FAC_rank_vol_m6_n6_pairwise1,2013-08-30,FAC_rank_vol_m6_n6_pairwise1,1.189680664754918,112,ok,
FAC_rank_vol_m6_n6_pairwise1,2013-08-30,CtrlRetSTR,1.1597248596548657,112,ok,
FAC_rank_vol_m6_n6_pairwise1,2013-08-30,CtrlRetLTM,1.278040473327312,112,ok,
FAC_rank_vol_m6_n6_pairwise1,2013-08-30,CtrlVol,1.200120086812079,112,ok,
FAC_rank_vol_m6_n6_pairwise1,2013-08-30,as_偏股混合型基金,1.0899658659178888,112,ok,
FAC_rank_vol_m6_n6_pairwise1,2013-08-30,Ctrl_log_fund_size,2.9066848898133886,112,ok,
FAC_rank_vol_m6_n6_pairwise1,2013-08-30,Ctrl_fund_age,2.959192970823571,112,ok,
FAC_rank_vol_m6_n6_pairwise1,2013-09-30,FAC_rank_vol_m6_n6_pairwise1,1.1397496374137674,111,ok,
FAC_rank_vol_m6_n6_pairwise1,2013-09-30,CtrlRetSTR,1.624106512434181,111,ok,
FAC_rank_vol_m6_n6_pairwise1,2013-09-30,CtrlRetLTM,1.8539407954099416,111,ok,
FAC_rank_vol_m6_n6_pairwise1,2013-09-30,CtrlVol,1.098457025881865,111,ok,
FAC_rank_vol_m6_n6_pairwise1,2013-09-30,as_偏股混合型基金,1.105861788298342,111,ok,
FAC_rank_vol_m6_n6_pairwise1,2013-09-30,Ctrl_log_fund_size,2.908523457541096,111,ok,
FAC_rank_vol_m6_n6_pairwise1,2013-09-30,Ctrl_fund_age,2.901862395682778,111,ok,
FAC_rank_vol_m6_n6_pairwise1,2013-10-31,FAC_rank_vol_m6_n6_pairwise1,1.1363018860353904,117,ok,
FAC_rank_vol_m6_n6_pairwise1,2013-10-31,CtrlRetSTR,1.6075142763418018,117,ok,
FAC_rank_vol_m6_n6_pairwise1,2013-10-31,CtrlRetLTM,1.8420399625967558,117,ok,
FAC_rank_vol_m6_n6_pairwise1,2013-10-31,CtrlVol,1.1113595657077542,117,ok,
FAC_rank_vol_m6_n6_pairwise1,2013-10-31,as_偏股混合型基金,1.1181961369932003,117,ok,
FAC_rank_vol_m6_n6_pairwise1,2013-10-31,Ctrl_log_fund_size,3.1425065757513253,117,ok,
FAC_rank_vol_m6_n6_pairwise1,2013-10-31,Ctrl_fund_age,2.795249299644152,117,ok,
FAC_rank_vol_m6_n6_pairwise1,2013-11-29,FAC_rank_vol_m6_n6_pairwise1,1.02662054564596,122,ok,
FAC_rank_vol_m6_n6_pairwise1,2013-11-29,CtrlRetSTR,1.199548234188899,122,ok,
FAC_rank_vol_m6_n6_pairwise1,2013-11-29,CtrlRetLTM,1.544026169501757,122,ok,
FAC_rank_vol_m6_n6_pairwise1,2013-11-29,CtrlVol,1.3375163381818649,122,ok,
FAC_rank_vol_m6_n6_pairwise1,2013-11-29,as_偏股混合型基金,1.0236060282637776,122,ok,
FAC_rank_vol_m6_n6_pairwise1,2013-11-29,Ctrl_log_fund_size,2.9898348436639295,122,ok,
FAC_rank_vol_m6_n6_pairwise1,2013-11-29,Ctrl_fund_age,2.800098203744566,122,ok,
FAC_rank_vol_m6_n6_pairwise1,2013-12-31,FAC_rank_vol_m6_n6_pairwise1,1.0280193073506827,123,ok,
FAC_rank_vol_m6_n6_pairwise1,2013-12-31,CtrlRetSTR,1.177465939126994,123,ok,
FAC_rank_vol_m6_n6_pairwise1,2013-12-31,CtrlRetLTM,1.2333712413274274,123,ok,
FAC_rank_vol_m6_n6_pairwise1,2013-12-31,CtrlVol,1.1590524363696828,123,ok,
FAC_rank_vol_m6_n6_pairwise1,2013-12-31,as_偏股混合型基金,1.0360520681765018,123,ok,
FAC_rank_vol_m6_n6_pairwise1,2013-12-31,Ctrl_log_fund_size,3.165427956617392,123,ok,
FAC_rank_vol_m6_n6_pairwise1,2013-12-31,Ctrl_fund_age,2.9130936385884807,123,ok,
FAC_rank_vol_m6_n6_pairwise1,2014-01-30,FAC_rank_vol_m6_n6_pairwise1,1.1401307098968616,116,ok,
FAC_rank_vol_m6_n6_pairwise1,2014-01-30,CtrlRetSTR,1.382209204004942,116,ok,
FAC_rank_vol_m6_n6_pairwise1,2014-01-30,CtrlRetLTM,1.5808334159951092,116,ok,
FAC_rank_vol_m6_n6_pairwise1,2014-01-30,CtrlVol,1.4533274861907326,116,ok,
FAC_rank_vol_m6_n6_pairwise1,2014-01-30,as_偏股混合型基金,1.119130636727057,116,ok,
FAC_rank_vol_m6_n6_pairwise1,2014-01-30,Ctrl_log_fund_size,2.919222560096719,116,ok,
FAC_rank_vol_m6_n6_pairwise1,2014-01-30,Ctrl_fund_age,2.83194203830939,116,ok,
FAC_rank_vol_m6_n6_pairwise1,2014-02-28,FAC_rank_vol_m6_n6_pairwise1,1.130028705003219,119,ok,
FAC_rank_vol_m6_n6_pairwise1,2014-02-28,CtrlRetSTR,1.0710097067164053,119,ok,
FAC_rank_vol_m6_n6_pairwise1,2014-02-28,CtrlRetLTM,1.763421282063238,119,ok,
FAC_rank_vol_m6_n6_pairwise1,2014-02-28,CtrlVol,1.564850112282996,119,ok,
FAC_rank_vol_m6_n6_pairwise1,2014-02-28,as_偏股混合型基金,1.0760179498672546,119,ok,
FAC_rank_vol_m6_n6_pairwise1,2014-02-28,Ctrl_log_fund_size,2.9113362020310465,119,ok,
FAC_rank_vol_m6_n6_pairwise1,2014-02-28,Ctrl_fund_age,2.8474628315804464,119,ok,
FAC_rank_vol_m6_n6_pairwise1,2014-03-31,FAC_rank_vol_m6_n6_pairwise1,1.2104222356420329,120,ok,
FAC_rank_vol_m6_n6_pairwise1,2014-03-31,CtrlRetSTR,1.337567013516744,120,ok,
FAC_rank_vol_m6_n6_pairwise1,2014-03-31,CtrlRetLTM,2.2357211663240424,120,ok,
FAC_rank_vol_m6_n6_pairwise1,2014-03-31,CtrlVol,2.031603608133808,120,ok,
FAC_rank_vol_m6_n6_pairwise1,2014-03-31,as_偏股混合型基金,1.1068458415877145,120,ok,
FAC_rank_vol_m6_n6_pairwise1,2014-03-31,Ctrl_log_fund_size,3.2500183565579315,120,ok,
FAC_rank_vol_m6_n6_pairwise1,2014-03-31,Ctrl_fund_age,2.860422646888974,120,ok,
FAC_rank_vol_m6_n6_pairwise1,2014-04-30,FAC_rank_vol_m6_n6_pairwise1,1.309332443211174,118,ok,
FAC_rank_vol_m6_n6_pairwise1,2014-04-30,CtrlRetSTR,1.3073830344255837,118,ok,
FAC_rank_vol_m6_n6_pairwise1,2014-04-30,CtrlRetLTM,2.183132317736847,118,ok,
FAC_rank_vol_m6_n6_pairwise1,2014-04-30,CtrlVol,2.1484212732146695,118,ok,
FAC_rank_vol_m6_n6_pairwise1,2014-04-30,as_偏股混合型基金,1.2540595979515736,118,ok,
FAC_rank_vol_m6_n6_pairwise1,2014-04-30,Ctrl_log_fund_size,3.080416855819817,118,ok,
FAC_rank_vol_m6_n6_pairwise1,2014-04-30,Ctrl_fund_age,2.8499267662295216,118,ok,
FAC_rank_vol_m6_n6_pairwise1,2014-05-30,FAC_rank_vol_m6_n6_pairwise1,1.1930156659883433,117,ok,
FAC_rank_vol_m6_n6_pairwise1,2014-05-30,CtrlRetSTR,1.3796669625630116,117,ok,
FAC_rank_vol_m6_n6_pairwise1,2014-05-30,CtrlRetLTM,1.6866329019991033,117,ok,
FAC_rank_vol_m6_n6_pairwise1,2014-05-30,CtrlVol,1.5605056253911782,117,ok,
FAC_rank_vol_m6_n6_pairwise1,2014-05-30,as_偏股混合型基金,1.239762541937801,117,ok,
FAC_rank_vol_m6_n6_pairwise1,2014-05-30,Ctrl_log_fund_size,3.1957624228067623,117,ok,
FAC_rank_vol_m6_n6_pairwise1,2014-05-30,Ctrl_fund_age,2.8791892441547824,117,ok,
FAC_rank_vol_m6_n6_pairwise1,2014-06-30,FAC_rank_vol_m6_n6_pairwise1,1.1202539196370864,114,ok,
FAC_rank_vol_m6_n6_pairwise1,2014-06-30,CtrlRetSTR,1.232203646052253,114,ok,
FAC_rank_vol_m6_n6_pairwise1,2014-06-30,CtrlRetLTM,1.6635525304420984,114,ok,
FAC_rank_vol_m6_n6_pairwise1,2014-06-30,CtrlVol,1.476270253066404,114,ok,
FAC_rank_vol_m6_n6_pairwise1,2014-06-30,as_偏股混合型基金,1.135282739681583,114,ok,
FAC_rank_vol_m6_n6_pairwise1,2014-06-30,Ctrl_log_fund_size,2.895368923789651,114,ok,
FAC_rank_vol_m6_n6_pairwise1,2014-06-30,Ctrl_fund_age,2.784348132928818,114,ok,
FAC_rank_vol_m6_n6_pairwise1,2014-07-31,FAC_rank_vol_m6_n6_pairwise1,1.2860812971819715,111,ok,
FAC_rank_vol_m6_n6_pairwise1,2014-07-31,CtrlRetSTR,1.3974742647511655,111,ok,
FAC_rank_vol_m6_n6_pairwise1,2014-07-31,CtrlRetLTM,1.266687322743365,111,ok,
FAC_rank_vol_m6_n6_pairwise1,2014-07-31,CtrlVol,1.7331183306710352,111,ok,
FAC_rank_vol_m6_n6_pairwise1,2014-07-31,as_偏股混合型基金,1.112155999689739,111,ok,
FAC_rank_vol_m6_n6_pairwise1,2014-07-31,Ctrl_log_fund_size,2.76372334502305,111,ok,
FAC_rank_vol_m6_n6_pairwise1,2014-07-31,Ctrl_fund_age,2.737451278871078,111,ok,
FAC_rank_vol_m6_n6_pairwise1,2014-08-29,FAC_rank_vol_m6_n6_pairwise1,1.2271447801026931,113,ok,
FAC_rank_vol_m6_n6_pairwise1,2014-08-29,CtrlRetSTR,1.1594683669472372,113,ok,
FAC_rank_vol_m6_n6_pairwise1,2014-08-29,CtrlRetLTM,1.4285931093801014,113,ok,
FAC_rank_vol_m6_n6_pairwise1,2014-08-29,CtrlVol,1.2635281881849723,113,ok,
FAC_rank_vol_m6_n6_pairwise1,2014-08-29,as_偏股混合型基金,1.078095294646754,113,ok,
FAC_rank_vol_m6_n6_pairwise1,2014-08-29,Ctrl_log_fund_size,2.8810481822403675,113,ok,
FAC_rank_vol_m6_n6_pairwise1,2014-08-29,Ctrl_fund_age,2.877628279981247,113,ok,
FAC_rank_vol_m6_n6_pairwise1,2014-09-30,FAC_rank_vol_m6_n6_pairwise1,1.2250537607973215,112,ok,
FAC_rank_vol_m6_n6_pairwise1,2014-09-30,CtrlRetSTR,1.72761076612546,112,ok,
FAC_rank_vol_m6_n6_pairwise1,2014-09-30,CtrlRetLTM,1.779089171611291,112,ok,
FAC_rank_vol_m6_n6_pairwise1,2014-09-30,CtrlVol,1.5117946047027417,112,ok,
FAC_rank_vol_m6_n6_pairwise1,2014-09-30,as_偏股混合型基金,1.1518790777708563,112,ok,
FAC_rank_vol_m6_n6_pairwise1,2014-09-30,Ctrl_log_fund_size,2.7695781699017266,112,ok,
FAC_rank_vol_m6_n6_pairwise1,2014-09-30,Ctrl_fund_age,2.860753873040838,112,ok,
FAC_rank_vol_m6_n6_pairwise1,2014-10-31,FAC_rank_vol_m6_n6_pairwise1,1.2225948525689885,107,ok,
FAC_rank_vol_m6_n6_pairwise1,2014-10-31,CtrlRetSTR,1.2302429639317511,107,ok,
FAC_rank_vol_m6_n6_pairwise1,2014-10-31,CtrlRetLTM,1.7511847489004975,107,ok,
FAC_rank_vol_m6_n6_pairwise1,2014-10-31,CtrlVol,1.7000214238448719,107,ok,
FAC_rank_vol_m6_n6_pairwise1,2014-10-31,as_偏股混合型基金,1.1730570735771313,107,ok,
FAC_rank_vol_m6_n6_pairwise1,2014-10-31,Ctrl_log_fund_size,2.7297869824966847,107,ok,
FAC_rank_vol_m6_n6_pairwise1,2014-10-31,Ctrl_fund_age,2.9980589168578518,107,ok,
FAC_rank_vol_m6_n6_pairwise1,2014-11-28,FAC_rank_vol_m6_n6_pairwise1,1.2406199665248263,105,ok,
FAC_rank_vol_m6_n6_pairwise1,2014-11-28,CtrlRetSTR,1.1305747141576392,105,ok,
FAC_rank_vol_m6_n6_pairwise1,2014-11-28,CtrlRetLTM,1.4491010387251402,105,ok,
FAC_rank_vol_m6_n6_pairwise1,2014-11-28,CtrlVol,1.5038146454300385,105,ok,
FAC_rank_vol_m6_n6_pairwise1,2014-11-28,as_偏股混合型基金,1.1413329309490237,105,ok,
FAC_rank_vol_m6_n6_pairwise1,2014-11-28,Ctrl_log_fund_size,2.748088322267703,105,ok,
FAC_rank_vol_m6_n6_pairwise1,2014-11-28,Ctrl_fund_age,2.930646943644987,105,ok,
FAC_rank_vol_m6_n6_pairwise1,2014-12-31,FAC_rank_vol_m6_n6_pairwise1,1.393157707039967,96,ok,
FAC_rank_vol_m6_n6_pairwise1,2014-12-31,CtrlRetSTR,1.1525468600950433,96,ok,
FAC_rank_vol_m6_n6_pairwise1,2014-12-31,CtrlRetLTM,1.599127571830305,96,ok,
FAC_rank_vol_m6_n6_pairwise1,2014-12-31,CtrlVol,1.964672648131414,96,ok,
FAC_rank_vol_m6_n6_pairwise1,2014-12-31,as_偏股混合型基金,1.0184681329990486,96,ok,
FAC_rank_vol_m6_n6_pairwise1,2014-12-31,Ctrl_log_fund_size,2.672846331412286,96,ok,
FAC_rank_vol_m6_n6_pairwise1,2014-12-31,Ctrl_fund_age,2.709896465338088,96,ok,
FAC_rank_vol_m6_n6_pairwise1,2015-01-30,FAC_rank_vol_m6_n6_pairwise1,1.801614111029928,94,ok,
FAC_rank_vol_m6_n6_pairwise1,2015-01-30,CtrlRetSTR,1.5164720090594963,94,ok,
FAC_rank_vol_m6_n6_pairwise1,2015-01-30,CtrlRetLTM,1.581229025709714,94,ok,
FAC_rank_vol_m6_n6_pairwise1,2015-01-30,CtrlVol,2.0189543779558154,94,ok,
FAC_rank_vol_m6_n6_pairwise1,2015-01-30,as_偏股混合型基金,1.0483882879982593,94,ok,
FAC_rank_vol_m6_n6_pairwise1,2015-01-30,Ctrl_log_fund_size,2.936934073290559,94,ok,
FAC_rank_vol_m6_n6_pairwise1,2015-01-30,Ctrl_fund_age,2.757382640234356,94,ok,
FAC_rank_vol_m6_n6_pairwise1,2015-02-27,FAC_rank_vol_m6_n6_pairwise1,1.3795806814342868,98,ok,
FAC_rank_vol_m6_n6_pairwise1,2015-02-27,CtrlRetSTR,1.320367773962595,98,ok,
FAC_rank_vol_m6_n6_pairwise1,2015-02-27,CtrlRetLTM,1.31419524598784,98,ok,
FAC_rank_vol_m6_n6_pairwise1,2015-02-27,CtrlVol,1.5543423106964818,98,ok,
FAC_rank_vol_m6_n6_pairwise1,2015-02-27,as_偏股混合型基金,1.0495449840615372,98,ok,
FAC_rank_vol_m6_n6_pairwise1,2015-02-27,Ctrl_log_fund_size,2.578992419187586,98,ok,
FAC_rank_vol_m6_n6_pairwise1,2015-02-27,Ctrl_fund_age,2.5698587539941964,98,ok,
FAC_rank_vol_m6_n6_pairwise1,2015-03-31,FAC_rank_vol_m6_n6_pairwise1,1.4103936552237395,95,ok,
FAC_rank_vol_m6_n6_pairwise1,2015-03-31,CtrlRetSTR,1.0873937026633897,95,ok,
FAC_rank_vol_m6_n6_pairwise1,2015-03-31,CtrlRetLTM,1.1471030303307312,95,ok,
FAC_rank_vol_m6_n6_pairwise1,2015-03-31,CtrlVol,1.6127118544805266,95,ok,
FAC_rank_vol_m6_n6_pairwise1,2015-03-31,as_偏股混合型基金,1.1090732839942727,95,ok,
FAC_rank_vol_m6_n6_pairwise1,2015-03-31,Ctrl_log_fund_size,2.515345624911591,95,ok,
FAC_rank_vol_m6_n6_pairwise1,2015-03-31,Ctrl_fund_age,2.4386964296608076,95,ok,
FAC_rank_vol_m6_n6_pairwise1,2015-04-30,FAC_rank_vol_m6_n6_pairwise1,1.3316428727115863,88,ok,
FAC_rank_vol_m6_n6_pairwise1,2015-04-30,CtrlRetSTR,1.145408182895563,88,ok,
FAC_rank_vol_m6_n6_pairwise1,2015-04-30,CtrlRetLTM,1.4490730710650443,88,ok,
FAC_rank_vol_m6_n6_pairwise1,2015-04-30,CtrlVol,1.9115804827648823,88,ok,
FAC_rank_vol_m6_n6_pairwise1,2015-04-30,as_偏股混合型基金,1.0399673060899248,88,ok,
FAC_rank_vol_m6_n6_pairwise1,2015-04-30,Ctrl_log_fund_size,2.6173176448535886,88,ok,
FAC_rank_vol_m6_n6_pairwise1,2015-04-30,Ctrl_fund_age,2.6206492351377046,88,ok,
FAC_rank_vol_m6_n6_pairwise1,2015-05-29,FAC_rank_vol_m6_n6_pairwise1,1.3463506145590771,84,ok,
FAC_rank_vol_m6_n6_pairwise1,2015-05-29,CtrlRetSTR,1.3449432072193404,84,ok,
FAC_rank_vol_m6_n6_pairwise1,2015-05-29,CtrlRetLTM,1.4402631753377642,84,ok,
FAC_rank_vol_m6_n6_pairwise1,2015-05-29,CtrlVol,1.9568720458928721,84,ok,
FAC_rank_vol_m6_n6_pairwise1,2015-05-29,as_偏股混合型基金,1.0897085635815587,84,ok,
FAC_rank_vol_m6_n6_pairwise1,2015-05-29,Ctrl_log_fund_size,2.8346511725294565,84,ok,
FAC_rank_vol_m6_n6_pairwise1,2015-05-29,Ctrl_fund_age,2.7725965903396186,84,ok,
FAC_rank_vol_m6_n6_pairwise1,2015-06-30,FAC_rank_vol_m6_n6_pairwise1,1.4839891775988596,72,ok,
FAC_rank_vol_m6_n6_pairwise1,2015-06-30,CtrlRetSTR,2.4744890492169462,72,ok,
FAC_rank_vol_m6_n6_pairwise1,2015-06-30,CtrlRetLTM,2.0253534825324246,72,ok,
FAC_rank_vol_m6_n6_pairwise1,2015-06-30,CtrlVol,3.8417798096691853,72,ok,
FAC_rank_vol_m6_n6_pairwise1,2015-06-30,as_偏股混合型基金,1.265701187886482,72,ok,
FAC_rank_vol_m6_n6_pairwise1,2015-06-30,Ctrl_log_fund_size,2.4703528982890703,72,ok,
FAC_rank_vol_m6_n6_pairwise1,2015-06-30,Ctrl_fund_age,2.579811854463497,72,ok,
FAC_rank_vol_m6_n6_pairwise1,2015-07-31,FAC_rank_vol_m6_n6_pairwise1,1.051647972531276,73,ok,
FAC_rank_vol_m6_n6_pairwise1,2015-07-31,CtrlRetSTR,2.0166140429419754,73,ok,
FAC_rank_vol_m6_n6_pairwise1,2015-07-31,CtrlRetLTM,1.5773919587681207,73,ok,
FAC_rank_vol_m6_n6_pairwise1,2015-07-31,CtrlVol,1.7246147054717142,73,ok,
FAC_rank_vol_m6_n6_pairwise1,2015-07-31,as_偏股混合型基金,1.1059610753474463,73,ok,
FAC_rank_vol_m6_n6_pairwise1,2015-07-31,Ctrl_log_fund_size,2.4921294210919216,73,ok,
FAC_rank_vol_m6_n6_pairwise1,2015-07-31,Ctrl_fund_age,2.347212680012396,73,ok,
FAC_rank_vol_m6_n6_pairwise1,2015-08-31,FAC_rank_vol_m6_n6_pairwise1,1.1812561907436843,77,ok,
FAC_rank_vol_m6_n6_pairwise1,2015-08-31,CtrlRetSTR,1.8691118751077962,77,ok,
FAC_rank_vol_m6_n6_pairwise1,2015-08-31,CtrlRetLTM,1.123962068315495,77,ok,
FAC_rank_vol_m6_n6_pairwise1,2015-08-31,CtrlVol,1.9540834773661122,77,ok,
FAC_rank_vol_m6_n6_pairwise1,2015-08-31,as_偏股混合型基金,1.0905281223853012,77,ok,
FAC_rank_vol_m6_n6_pairwise1,2015-08-31,Ctrl_log_fund_size,2.4740282555964725,77,ok,
FAC_rank_vol_m6_n6_pairwise1,2015-08-31,Ctrl_fund_age,2.4670333052400517,77,ok,
FAC_rank_vol_m6_n6_pairwise1,2015-09-30,FAC_rank_vol_m6_n6_pairwise1,1.1329353910379352,70,ok,
FAC_rank_vol_m6_n6_pairwise1,2015-09-30,CtrlRetSTR,1.3959083470598992,70,ok,
FAC_rank_vol_m6_n6_pairwise1,2015-09-30,CtrlRetLTM,1.475680413299057,70,ok,
FAC_rank_vol_m6_n6_pairwise1,2015-09-30,CtrlVol,1.4086570269338576,70,ok,
FAC_rank_vol_m6_n6_pairwise1,2015-09-30,as_偏股混合型基金,1.0472770766625947,70,ok,
FAC_rank_vol_m6_n6_pairwise1,2015-09-30,Ctrl_log_fund_size,2.4051654483169274,70,ok,
FAC_rank_vol_m6_n6_pairwise1,2015-09-30,Ctrl_fund_age,2.610652275965659,70,ok,
FAC_rank_vol_m6_n6_pairwise1,2015-10-30,FAC_rank_vol_m6_n6_pairwise1,1.1322571504292556,71,ok,
FAC_rank_vol_m6_n6_pairwise1,2015-10-30,CtrlRetSTR,1.5446673309713543,71,ok,
FAC_rank_vol_m6_n6_pairwise1,2015-10-30,CtrlRetLTM,1.1527470521580647,71,ok,
FAC_rank_vol_m6_n6_pairwise1,2015-10-30,CtrlVol,1.654514646976618,71,ok,
FAC_rank_vol_m6_n6_pairwise1,2015-10-30,as_偏股混合型基金,1.054370068102718,71,ok,
FAC_rank_vol_m6_n6_pairwise1,2015-10-30,Ctrl_log_fund_size,2.3463463091140677,71,ok,
FAC_rank_vol_m6_n6_pairwise1,2015-10-30,Ctrl_fund_age,2.4112007814413783,71,ok,
FAC_rank_vol_m6_n6_pairwise1,2015-11-30,FAC_rank_vol_m6_n6_pairwise1,1.0883123027635644,72,ok,
FAC_rank_vol_m6_n6_pairwise1,2015-11-30,CtrlRetSTR,1.9404757997310276,72,ok,
FAC_rank_vol_m6_n6_pairwise1,2015-11-30,CtrlRetLTM,1.0654595296209415,72,ok,
FAC_rank_vol_m6_n6_pairwise1,2015-11-30,CtrlVol,1.9193816529274141,72,ok,
FAC_rank_vol_m6_n6_pairwise1,2015-11-30,as_偏股混合型基金,1.0674390593867955,72,ok,
FAC_rank_vol_m6_n6_pairwise1,2015-11-30,Ctrl_log_fund_size,2.1669448415041437,72,ok,
FAC_rank_vol_m6_n6_pairwise1,2015-11-30,Ctrl_fund_age,2.190998543986854,72,ok,
FAC_rank_vol_m6_n6_pairwise1,2015-12-31,FAC_rank_vol_m6_n6_pairwise1,1.2269973226510353,75,ok,
FAC_rank_vol_m6_n6_pairwise1,2015-12-31,CtrlRetSTR,1.2052930353348048,75,ok,
FAC_rank_vol_m6_n6_pairwise1,2015-12-31,CtrlRetLTM,1.9751719560376177,75,ok,
FAC_rank_vol_m6_n6_pairwise1,2015-12-31,CtrlVol,1.5187008612867576,75,ok,
FAC_rank_vol_m6_n6_pairwise1,2015-12-31,as_偏股混合型基金,1.1950359781965159,75,ok,
FAC_rank_vol_m6_n6_pairwise1,2015-12-31,Ctrl_log_fund_size,2.0366995091488933,75,ok,
FAC_rank_vol_m6_n6_pairwise1,2015-12-31,Ctrl_fund_age,2.162817400653617,75,ok,
FAC_rank_vol_m6_n6_pairwise1,2016-01-29,FAC_rank_vol_m6_n6_pairwise1,1.2230939948574953,74,ok,
FAC_rank_vol_m6_n6_pairwise1,2016-01-29,CtrlRetSTR,2.1872066790752167,74,ok,
FAC_rank_vol_m6_n6_pairwise1,2016-01-29,CtrlRetLTM,1.723730861836092,74,ok,
FAC_rank_vol_m6_n6_pairwise1,2016-01-29,CtrlVol,2.2452071584084554,74,ok,
FAC_rank_vol_m6_n6_pairwise1,2016-01-29,as_偏股混合型基金,1.1518809233519605,74,ok,
FAC_rank_vol_m6_n6_pairwise1,2016-01-29,Ctrl_log_fund_size,1.8237493260163817,74,ok,
FAC_rank_vol_m6_n6_pairwise1,2016-01-29,Ctrl_fund_age,2.1342229050960824,74,ok,
FAC_rank_vol_m6_n6_pairwise1,2016-02-29,FAC_rank_vol_m6_n6_pairwise1,1.1621927551594442,77,ok,
FAC_rank_vol_m6_n6_pairwise1,2016-02-29,CtrlRetSTR,1.5549558418855922,77,ok,
FAC_rank_vol_m6_n6_pairwise1,2016-02-29,CtrlRetLTM,1.2263915697047145,77,ok,
FAC_rank_vol_m6_n6_pairwise1,2016-02-29,CtrlVol,1.5436224317848672,77,ok,
FAC_rank_vol_m6_n6_pairwise1,2016-02-29,as_偏股混合型基金,1.0318726425675282,77,ok,
FAC_rank_vol_m6_n6_pairwise1,2016-02-29,Ctrl_log_fund_size,1.8376113514538266,77,ok,
FAC_rank_vol_m6_n6_pairwise1,2016-02-29,Ctrl_fund_age,1.9021513496413964,77,ok,
FAC_rank_vol_m6_n6_pairwise1,2016-03-31,FAC_rank_vol_m6_n6_pairwise1,1.0655844207865817,81,ok,
FAC_rank_vol_m6_n6_pairwise1,2016-03-31,CtrlRetSTR,1.483967591001724,81,ok,
FAC_rank_vol_m6_n6_pairwise1,2016-03-31,CtrlRetLTM,1.3056159586741927,81,ok,
FAC_rank_vol_m6_n6_pairwise1,2016-03-31,CtrlVol,1.661957122156486,81,ok,
FAC_rank_vol_m6_n6_pairwise1,2016-03-31,as_偏股混合型基金,1.0578217019763638,81,ok,
FAC_rank_vol_m6_n6_pairwise1,2016-03-31,Ctrl_log_fund_size,1.6256292737069487,81,ok,
FAC_rank_vol_m6_n6_pairwise1,2016-03-31,Ctrl_fund_age,1.7884526454429421,81,ok,
FAC_rank_vol_m6_n6_pairwise1,2016-04-29,FAC_rank_vol_m6_n6_pairwise1,1.0421611012061636,80,ok,
FAC_rank_vol_m6_n6_pairwise1,2016-04-29,CtrlRetSTR,1.2316907560554935,80,ok,
FAC_rank_vol_m6_n6_pairwise1,2016-04-29,CtrlRetLTM,1.2961469455766468,80,ok,
FAC_rank_vol_m6_n6_pairwise1,2016-04-29,CtrlVol,1.4388653669062308,80,ok,
FAC_rank_vol_m6_n6_pairwise1,2016-04-29,as_偏股混合型基金,1.0576188691652677,80,ok,
FAC_rank_vol_m6_n6_pairwise1,2016-04-29,Ctrl_log_fund_size,1.6455154614868182,80,ok,
FAC_rank_vol_m6_n6_pairwise1,2016-04-29,Ctrl_fund_age,1.7258232922344268,80,ok,
FAC_rank_vol_m6_n6_pairwise1,2016-05-31,FAC_rank_vol_m6_n6_pairwise1,1.0132174013917237,86,ok,
FAC_rank_vol_m6_n6_pairwise1,2016-05-31,CtrlRetSTR,1.096883515812746,86,ok,
FAC_rank_vol_m6_n6_pairwise1,2016-05-31,CtrlRetLTM,2.119598592850266,86,ok,
FAC_rank_vol_m6_n6_pairwise1,2016-05-31,CtrlVol,2.057745183740927,86,ok,
FAC_rank_vol_m6_n6_pairwise1,2016-05-31,as_偏股混合型基金,1.0757488214277213,86,ok,
FAC_rank_vol_m6_n6_pairwise1,2016-05-31,Ctrl_log_fund_size,1.645193609032755,86,ok,
FAC_rank_vol_m6_n6_pairwise1,2016-05-31,Ctrl_fund_age,1.7265029683061606,86,ok,
FAC_rank_vol_m6_n6_pairwise1,2016-06-30,FAC_rank_vol_m6_n6_pairwise1,1.0127964322156873,89,ok,
FAC_rank_vol_m6_n6_pairwise1,2016-06-30,CtrlRetSTR,1.422609874801677,89,ok,
FAC_rank_vol_m6_n6_pairwise1,2016-06-30,CtrlRetLTM,1.4455516843155019,89,ok,
FAC_rank_vol_m6_n6_pairwise1,2016-06-30,CtrlVol,1.779603954112704,89,ok,
FAC_rank_vol_m6_n6_pairwise1,2016-06-30,as_偏股混合型基金,1.0706733801460213,89,ok,
FAC_rank_vol_m6_n6_pairwise1,2016-06-30,Ctrl_log_fund_size,1.6458121327044664,89,ok,
FAC_rank_vol_m6_n6_pairwise1,2016-06-30,Ctrl_fund_age,1.7874367266818039,89,ok,
FAC_rank_vol_m6_n6_pairwise1,2016-07-29,FAC_rank_vol_m6_n6_pairwise1,1.0728311803153547,86,ok,
FAC_rank_vol_m6_n6_pairwise1,2016-07-29,CtrlRetSTR,1.6892700351468701,86,ok,
FAC_rank_vol_m6_n6_pairwise1,2016-07-29,CtrlRetLTM,1.0942454482890642,86,ok,
FAC_rank_vol_m6_n6_pairwise1,2016-07-29,CtrlVol,1.6734550366582555,86,ok,
FAC_rank_vol_m6_n6_pairwise1,2016-07-29,as_偏股混合型基金,1.1710541126938516,86,ok,
FAC_rank_vol_m6_n6_pairwise1,2016-07-29,Ctrl_log_fund_size,1.7045096689709156,86,ok,
FAC_rank_vol_m6_n6_pairwise1,2016-07-29,Ctrl_fund_age,1.8818879950560956,86,ok,
FAC_rank_vol_m6_n6_pairwise1,2016-08-31,FAC_rank_vol_m6_n6_pairwise1,1.129185105378011,90,ok,
FAC_rank_vol_m6_n6_pairwise1,2016-08-31,CtrlRetSTR,1.1338397519872645,90,ok,
FAC_rank_vol_m6_n6_pairwise1,2016-08-31,CtrlRetLTM,1.0539211322575837,90,ok,
FAC_rank_vol_m6_n6_pairwise1,2016-08-31,CtrlVol,1.110523921071786,90,ok,
FAC_rank_vol_m6_n6_pairwise1,2016-08-31,as_偏股混合型基金,1.3139021417574535,90,ok,
FAC_rank_vol_m6_n6_pairwise1,2016-08-31,Ctrl_log_fund_size,1.7614626800666409,90,ok,
FAC_rank_vol_m6_n6_pairwise1,2016-08-31,Ctrl_fund_age,2.061633124443624,90,ok,
FAC_rank_vol_m6_n6_pairwise1,2016-09-30,FAC_rank_vol_m6_n6_pairwise1,1.1317031536818787,91,ok,
FAC_rank_vol_m6_n6_pairwise1,2016-09-30,CtrlRetSTR,1.0972379443919535,91,ok,
FAC_rank_vol_m6_n6_pairwise1,2016-09-30,CtrlRetLTM,1.0499574822234197,91,ok,
FAC_rank_vol_m6_n6_pairwise1,2016-09-30,CtrlVol,1.0911237439957584,91,ok,
FAC_rank_vol_m6_n6_pairwise1,2016-09-30,as_偏股混合型基金,1.2940247135477658,91,ok,
FAC_rank_vol_m6_n6_pairwise1,2016-09-30,Ctrl_log_fund_size,1.9015088666306228,91,ok,
FAC_rank_vol_m6_n6_pairwise1,2016-09-30,Ctrl_fund_age,2.18140968905499,91,ok,
FAC_rank_vol_m6_n6_pairwise1,2016-10-31,FAC_rank_vol_m6_n6_pairwise1,1.167323734833801,93,ok,
FAC_rank_vol_m6_n6_pairwise1,2016-10-31,CtrlRetSTR,1.0832642367870637,93,ok,
FAC_rank_vol_m6_n6_pairwise1,2016-10-31,CtrlRetLTM,1.407627650451381,93,ok,
FAC_rank_vol_m6_n6_pairwise1,2016-10-31,CtrlVol,1.3057292070146531,93,ok,
FAC_rank_vol_m6_n6_pairwise1,2016-10-31,as_偏股混合型基金,1.2591182016218891,93,ok,
FAC_rank_vol_m6_n6_pairwise1,2016-10-31,Ctrl_log_fund_size,1.8478548411962528,93,ok,
FAC_rank_vol_m6_n6_pairwise1,2016-10-31,Ctrl_fund_age,1.992685661259589,93,ok,
FAC_rank_vol_m6_n6_pairwise1,2016-11-30,FAC_rank_vol_m6_n6_pairwise1,1.149339063887991,106,ok,
FAC_rank_vol_m6_n6_pairwise1,2016-11-30,CtrlRetSTR,1.0960991543809442,106,ok,
FAC_rank_vol_m6_n6_pairwise1,2016-11-30,CtrlRetLTM,1.5667559765241696,106,ok,
FAC_rank_vol_m6_n6_pairwise1,2016-11-30,CtrlVol,1.4131576124319276,106,ok,
FAC_rank_vol_m6_n6_pairwise1,2016-11-30,as_偏股混合型基金,1.2970292130351446,106,ok,
FAC_rank_vol_m6_n6_pairwise1,2016-11-30,Ctrl_log_fund_size,1.9973917302347315,106,ok,
FAC_rank_vol_m6_n6_pairwise1,2016-11-30,Ctrl_fund_age,2.177438390543706,106,ok,
FAC_rank_vol_m6_n6_pairwise1,2016-12-30,FAC_rank_vol_m6_n6_pairwise1,1.086980589939437,118,ok,
FAC_rank_vol_m6_n6_pairwise1,2016-12-30,CtrlRetSTR,1.414200649629148,118,ok,
FAC_rank_vol_m6_n6_pairwise1,2016-12-30,CtrlRetLTM,1.718680236154478,118,ok,
FAC_rank_vol_m6_n6_pairwise1,2016-12-30,CtrlVol,1.5480062138358086,118,ok,
FAC_rank_vol_m6_n6_pairwise1,2016-12-30,as_偏股混合型基金,1.390424988466889,118,ok,
FAC_rank_vol_m6_n6_pairwise1,2016-12-30,Ctrl_log_fund_size,2.143286117452222,118,ok,
FAC_rank_vol_m6_n6_pairwise1,2016-12-30,Ctrl_fund_age,2.313766930173543,118,ok,
FAC_rank_vol_m6_n6_pairwise1,2017-01-26,FAC_rank_vol_m6_n6_pairwise1,1.0394568891024307,129,ok,
FAC_rank_vol_m6_n6_pairwise1,2017-01-26,CtrlRetSTR,1.1947994702918237,129,ok,
FAC_rank_vol_m6_n6_pairwise1,2017-01-26,CtrlRetLTM,1.0724099262830447,129,ok,
FAC_rank_vol_m6_n6_pairwise1,2017-01-26,CtrlVol,1.1292480693267566,129,ok,
FAC_rank_vol_m6_n6_pairwise1,2017-01-26,as_偏股混合型基金,1.497519401413881,129,ok,
FAC_rank_vol_m6_n6_pairwise1,2017-01-26,Ctrl_log_fund_size,2.418468375525583,129,ok,
FAC_rank_vol_m6_n6_pairwise1,2017-01-26,Ctrl_fund_age,2.591904480398827,129,ok,
FAC_rank_vol_m6_n6_pairwise1,2017-02-28,FAC_rank_vol_m6_n6_pairwise1,1.0154225742526644,141,ok,
FAC_rank_vol_m6_n6_pairwise1,2017-02-28,CtrlRetSTR,1.144984162705566,141,ok,
FAC_rank_vol_m6_n6_pairwise1,2017-02-28,CtrlRetLTM,1.1674471799680508,141,ok,
FAC_rank_vol_m6_n6_pairwise1,2017-02-28,CtrlVol,1.0546929681297776,141,ok,
FAC_rank_vol_m6_n6_pairwise1,2017-02-28,as_偏股混合型基金,1.682137371223858,141,ok,
FAC_rank_vol_m6_n6_pairwise1,2017-02-28,Ctrl_log_fund_size,2.650695981835668,141,ok,
FAC_rank_vol_m6_n6_pairwise1,2017-02-28,Ctrl_fund_age,3.0100543789484955,141,ok,
FAC_rank_vol_m6_n6_pairwise1,2017-03-31,FAC_rank_vol_m6_n6_pairwise1,1.0092164268750603,154,ok,
FAC_rank_vol_m6_n6_pairwise1,2017-03-31,CtrlRetSTR,1.0383706174080092,154,ok,
FAC_rank_vol_m6_n6_pairwise1,2017-03-31,CtrlRetLTM,1.239178051509814,154,ok,
FAC_rank_vol_m6_n6_pairwise1,2017-03-31,CtrlVol,1.284182552413591,154,ok,
FAC_rank_vol_m6_n6_pairwise1,2017-03-31,as_偏股混合型基金,1.7244971649138385,154,ok,
FAC_rank_vol_m6_n6_pairwise1,2017-03-31,Ctrl_log_fund_size,2.8906822010393647,154,ok,
FAC_rank_vol_m6_n6_pairwise1,2017-03-31,Ctrl_fund_age,3.339445290010003,154,ok,
FAC_rank_vol_m6_n6_pairwise1,2017-04-28,FAC_rank_vol_m6_n6_pairwise1,1.0667863170747054,178,ok,
FAC_rank_vol_m6_n6_pairwise1,2017-04-28,CtrlRetSTR,1.2145869333245067,178,ok,
FAC_rank_vol_m6_n6_pairwise1,2017-04-28,CtrlRetLTM,1.315667003647401,178,ok,
FAC_rank_vol_m6_n6_pairwise1,2017-04-28,CtrlVol,1.2183122995846438,178,ok,
FAC_rank_vol_m6_n6_pairwise1,2017-04-28,as_偏股混合型基金,1.675138888671147,178,ok,
FAC_rank_vol_m6_n6_pairwise1,2017-04-28,Ctrl_log_fund_size,2.804542624258841,178,ok,
FAC_rank_vol_m6_n6_pairwise1,2017-04-28,Ctrl_fund_age,3.0755465888931286,178,ok,
FAC_rank_vol_m6_n6_pairwise1,2017-05-31,FAC_rank_vol_m6_n6_pairwise1,1.170154002692234,195,ok,
FAC_rank_vol_m6_n6_pairwise1,2017-05-31,CtrlRetSTR,1.2389205307427897,195,ok,
FAC_rank_vol_m6_n6_pairwise1,2017-05-31,CtrlRetLTM,1.3634692468831582,195,ok,
FAC_rank_vol_m6_n6_pairwise1,2017-05-31,CtrlVol,1.231886014950754,195,ok,
FAC_rank_vol_m6_n6_pairwise1,2017-05-31,as_偏股混合型基金,1.66565396492928,195,ok,
FAC_rank_vol_m6_n6_pairwise1,2017-05-31,Ctrl_log_fund_size,2.9630108928562136,195,ok,
FAC_rank_vol_m6_n6_pairwise1,2017-05-31,Ctrl_fund_age,3.2739806400730274,195,ok,
FAC_rank_vol_m6_n6_pairwise1,2017-06-30,FAC_rank_vol_m6_n6_pairwise1,1.1113600608335874,202,ok,
FAC_rank_vol_m6_n6_pairwise1,2017-06-30,CtrlRetSTR,1.2030549442433862,202,ok,
FAC_rank_vol_m6_n6_pairwise1,2017-06-30,CtrlRetLTM,1.6169213080449005,202,ok,
FAC_rank_vol_m6_n6_pairwise1,2017-06-30,CtrlVol,1.4905635480138353,202,ok,
FAC_rank_vol_m6_n6_pairwise1,2017-06-30,as_偏股混合型基金,1.7479262022231423,202,ok,
FAC_rank_vol_m6_n6_pairwise1,2017-06-30,Ctrl_log_fund_size,2.985072478794695,202,ok,
FAC_rank_vol_m6_n6_pairwise1,2017-06-30,Ctrl_fund_age,3.3885071176431287,202,ok,
FAC_rank_vol_m6_n6_pairwise1,2017-07-31,FAC_rank_vol_m6_n6_pairwise1,1.1352630497165421,206,ok,
FAC_rank_vol_m6_n6_pairwise1,2017-07-31,CtrlRetSTR,1.1435341455008812,206,ok,
FAC_rank_vol_m6_n6_pairwise1,2017-07-31,CtrlRetLTM,1.1440761358629827,206,ok,
FAC_rank_vol_m6_n6_pairwise1,2017-07-31,CtrlVol,1.208371580017541,206,ok,
FAC_rank_vol_m6_n6_pairwise1,2017-07-31,as_偏股混合型基金,1.8035020919020914,206,ok,
FAC_rank_vol_m6_n6_pairwise1,2017-07-31,Ctrl_log_fund_size,3.0154932879718173,206,ok,
FAC_rank_vol_m6_n6_pairwise1,2017-07-31,Ctrl_fund_age,3.4221040376046146,206,ok,
FAC_rank_vol_m6_n6_pairwise1,2017-08-31,FAC_rank_vol_m6_n6_pairwise1,1.1065281185481188,219,ok,
FAC_rank_vol_m6_n6_pairwise1,2017-08-31,CtrlRetSTR,1.1692483486444547,219,ok,
FAC_rank_vol_m6_n6_pairwise1,2017-08-31,CtrlRetLTM,1.0959356516476488,219,ok,
FAC_rank_vol_m6_n6_pairwise1,2017-08-31,CtrlVol,1.1607947083194718,219,ok,
FAC_rank_vol_m6_n6_pairwise1,2017-08-31,as_偏股混合型基金,1.7888652244032412,219,ok,
FAC_rank_vol_m6_n6_pairwise1,2017-08-31,Ctrl_log_fund_size,2.9003526697574915,219,ok,
FAC_rank_vol_m6_n6_pairwise1,2017-08-31,Ctrl_fund_age,3.3657925362294328,219,ok,
FAC_rank_vol_m6_n6_pairwise1,2017-09-29,FAC_rank_vol_m6_n6_pairwise1,1.0746609921983719,222,ok,
FAC_rank_vol_m6_n6_pairwise1,2017-09-29,CtrlRetSTR,1.0530775929534029,222,ok,
FAC_rank_vol_m6_n6_pairwise1,2017-09-29,CtrlRetLTM,1.0416256574739737,222,ok,
FAC_rank_vol_m6_n6_pairwise1,2017-09-29,CtrlVol,1.0564872167086459,222,ok,
FAC_rank_vol_m6_n6_pairwise1,2017-09-29,as_偏股混合型基金,1.80225675430338,222,ok,
FAC_rank_vol_m6_n6_pairwise1,2017-09-29,Ctrl_log_fund_size,2.9495496144628013,222,ok,
FAC_rank_vol_m6_n6_pairwise1,2017-09-29,Ctrl_fund_age,3.4660434746525546,222,ok,
FAC_rank_vol_m6_n6_pairwise1,2017-10-31,FAC_rank_vol_m6_n6_pairwise1,1.0535261048080047,223,ok,
FAC_rank_vol_m6_n6_pairwise1,2017-10-31,CtrlRetSTR,1.3797134820057158,223,ok,
FAC_rank_vol_m6_n6_pairwise1,2017-10-31,CtrlRetLTM,1.454074462535403,223,ok,
FAC_rank_vol_m6_n6_pairwise1,2017-10-31,CtrlVol,1.0117600458050748,223,ok,
FAC_rank_vol_m6_n6_pairwise1,2017-10-31,as_偏股混合型基金,1.7418744586372605,223,ok,
FAC_rank_vol_m6_n6_pairwise1,2017-10-31,Ctrl_log_fund_size,2.9535097044143472,223,ok,
FAC_rank_vol_m6_n6_pairwise1,2017-10-31,Ctrl_fund_age,3.3441740954476513,223,ok,
FAC_rank_vol_m6_n6_pairwise1,2017-11-30,FAC_rank_vol_m6_n6_pairwise1,1.0493211276969494,229,ok,
FAC_rank_vol_m6_n6_pairwise1,2017-11-30,CtrlRetSTR,1.261111143614508,229,ok,
FAC_rank_vol_m6_n6_pairwise1,2017-11-30,CtrlRetLTM,1.1346936129533036,229,ok,
FAC_rank_vol_m6_n6_pairwise1,2017-11-30,CtrlVol,1.2949834729347185,229,ok,
FAC_rank_vol_m6_n6_pairwise1,2017-11-30,as_偏股混合型基金,1.7064961636463643,229,ok,
FAC_rank_vol_m6_n6_pairwise1,2017-11-30,Ctrl_log_fund_size,3.107269856282336,229,ok,
FAC_rank_vol_m6_n6_pairwise1,2017-11-30,Ctrl_fund_age,3.527455100075594,229,ok,
FAC_rank_vol_m6_n6_pairwise1,2017-12-29,FAC_rank_vol_m6_n6_pairwise1,1.0839681276356827,233,ok,
FAC_rank_vol_m6_n6_pairwise1,2017-12-29,CtrlRetSTR,1.2591533188155386,233,ok,
FAC_rank_vol_m6_n6_pairwise1,2017-12-29,CtrlRetLTM,1.3079971959505656,233,ok,
FAC_rank_vol_m6_n6_pairwise1,2017-12-29,CtrlVol,1.096029057544087,233,ok,
FAC_rank_vol_m6_n6_pairwise1,2017-12-29,as_偏股混合型基金,1.7148294252583947,233,ok,
FAC_rank_vol_m6_n6_pairwise1,2017-12-29,Ctrl_log_fund_size,3.0657636694710657,233,ok,
FAC_rank_vol_m6_n6_pairwise1,2017-12-29,Ctrl_fund_age,3.5511711503001893,233,ok,
FAC_rank_vol_m6_n6_pairwise1,2018-01-31,FAC_rank_vol_m6_n6_pairwise1,1.2799085124883354,238,ok,
FAC_rank_vol_m6_n6_pairwise1,2018-01-31,CtrlRetSTR,1.3230297791672057,238,ok,
FAC_rank_vol_m6_n6_pairwise1,2018-01-31,CtrlRetLTM,1.2880075234407804,238,ok,
FAC_rank_vol_m6_n6_pairwise1,2018-01-31,CtrlVol,1.3521897206834488,238,ok,
FAC_rank_vol_m6_n6_pairwise1,2018-01-31,as_偏股混合型基金,1.6702392240132742,238,ok,
FAC_rank_vol_m6_n6_pairwise1,2018-01-31,Ctrl_log_fund_size,3.0234839837881506,238,ok,
FAC_rank_vol_m6_n6_pairwise1,2018-01-31,Ctrl_fund_age,3.3367867297623435,238,ok,
FAC_rank_vol_m6_n6_pairwise1,2018-02-28,FAC_rank_vol_m6_n6_pairwise1,1.4391016335045181,249,ok,
FAC_rank_vol_m6_n6_pairwise1,2018-02-28,CtrlRetSTR,1.5003011986078503,249,ok,
FAC_rank_vol_m6_n6_pairwise1,2018-02-28,CtrlRetLTM,1.2869473973694616,249,ok,
FAC_rank_vol_m6_n6_pairwise1,2018-02-28,CtrlVol,1.351983766229148,249,ok,
FAC_rank_vol_m6_n6_pairwise1,2018-02-28,as_偏股混合型基金,1.6553516189659143,249,ok,
FAC_rank_vol_m6_n6_pairwise1,2018-02-28,Ctrl_log_fund_size,2.6561999066565294,249,ok,
FAC_rank_vol_m6_n6_pairwise1,2018-02-28,Ctrl_fund_age,2.980886540198489,249,ok,
FAC_rank_vol_m6_n6_pairwise1,2018-03-30,FAC_rank_vol_m6_n6_pairwise1,1.2588833314503212,248,ok,
FAC_rank_vol_m6_n6_pairwise1,2018-03-30,CtrlRetSTR,1.3107104178540177,248,ok,
FAC_rank_vol_m6_n6_pairwise1,2018-03-30,CtrlRetLTM,1.3841910811305127,248,ok,
FAC_rank_vol_m6_n6_pairwise1,2018-03-30,CtrlVol,1.2100696903554893,248,ok,
FAC_rank_vol_m6_n6_pairwise1,2018-03-30,as_偏股混合型基金,1.6263904622669174,248,ok,
FAC_rank_vol_m6_n6_pairwise1,2018-03-30,Ctrl_log_fund_size,2.5896689991234956,248,ok,
FAC_rank_vol_m6_n6_pairwise1,2018-03-30,Ctrl_fund_age,2.9300775453676775,248,ok,
FAC_rank_vol_m6_n6_pairwise1,2018-04-27,FAC_rank_vol_m6_n6_pairwise1,1.1108389944264794,249,ok,
FAC_rank_vol_m6_n6_pairwise1,2018-04-27,CtrlRetSTR,1.1371460248019518,249,ok,
FAC_rank_vol_m6_n6_pairwise1,2018-04-27,CtrlRetLTM,1.1960348719930702,249,ok,
FAC_rank_vol_m6_n6_pairwise1,2018-04-27,CtrlVol,1.2942441737240877,249,ok,
FAC_rank_vol_m6_n6_pairwise1,2018-04-27,as_偏股混合型基金,1.5952612011581586,249,ok,
FAC_rank_vol_m6_n6_pairwise1,2018-04-27,Ctrl_log_fund_size,2.6282729610163367,249,ok,
FAC_rank_vol_m6_n6_pairwise1,2018-04-27,Ctrl_fund_age,2.9243472641495285,249,ok,
FAC_rank_vol_m6_n6_pairwise1,2018-05-31,FAC_rank_vol_m6_n6_pairwise1,1.087060270015992,254,ok,
FAC_rank_vol_m6_n6_pairwise1,2018-05-31,CtrlRetSTR,1.2310674185341244,254,ok,
FAC_rank_vol_m6_n6_pairwise1,2018-05-31,CtrlRetLTM,1.2670846521317753,254,ok,
FAC_rank_vol_m6_n6_pairwise1,2018-05-31,CtrlVol,1.1280939668129417,254,ok,
FAC_rank_vol_m6_n6_pairwise1,2018-05-31,as_偏股混合型基金,1.642634844815066,254,ok,
FAC_rank_vol_m6_n6_pairwise1,2018-05-31,Ctrl_log_fund_size,2.5572723777238284,254,ok,
FAC_rank_vol_m6_n6_pairwise1,2018-05-31,Ctrl_fund_age,2.9042254797440132,254,ok,
FAC_rank_vol_m6_n6_pairwise1,2018-06-29,FAC_rank_vol_m6_n6_pairwise1,1.027609803023143,253,ok,
FAC_rank_vol_m6_n6_pairwise1,2018-06-29,CtrlRetSTR,1.1352755291821104,253,ok,
FAC_rank_vol_m6_n6_pairwise1,2018-06-29,CtrlRetLTM,1.240755543093598,253,ok,
FAC_rank_vol_m6_n6_pairwise1,2018-06-29,CtrlVol,1.113207316839919,253,ok,
FAC_rank_vol_m6_n6_pairwise1,2018-06-29,as_偏股混合型基金,1.6470695734160117,253,ok,
FAC_rank_vol_m6_n6_pairwise1,2018-06-29,Ctrl_log_fund_size,2.59596225501554,253,ok,
FAC_rank_vol_m6_n6_pairwise1,2018-06-29,Ctrl_fund_age,2.8490874417352314,253,ok,
FAC_rank_vol_m6_n6_pairwise1,2018-07-31,FAC_rank_vol_m6_n6_pairwise1,1.076553915670824,249,ok,
FAC_rank_vol_m6_n6_pairwise1,2018-07-31,CtrlRetSTR,1.262635483752943,249,ok,
FAC_rank_vol_m6_n6_pairwise1,2018-07-31,CtrlRetLTM,1.234415474845466,249,ok,
FAC_rank_vol_m6_n6_pairwise1,2018-07-31,CtrlVol,1.23621525385357,249,ok,
FAC_rank_vol_m6_n6_pairwise1,2018-07-31,as_偏股混合型基金,1.6205480627420397,249,ok,
FAC_rank_vol_m6_n6_pairwise1,2018-07-31,Ctrl_log_fund_size,2.433892675968584,249,ok,
FAC_rank_vol_m6_n6_pairwise1,2018-07-31,Ctrl_fund_age,2.9004158323723437,249,ok,
FAC_rank_vol_m6_n6_pairwise1,2018-08-31,FAC_rank_vol_m6_n6_pairwise1,1.082562309682361,258,ok,
FAC_rank_vol_m6_n6_pairwise1,2018-08-31,CtrlRetSTR,1.4841971404180951,258,ok,
FAC_rank_vol_m6_n6_pairwise1,2018-08-31,CtrlRetLTM,1.1637363450333533,258,ok,
FAC_rank_vol_m6_n6_pairwise1,2018-08-31,CtrlVol,1.4509482926831232,258,ok,
FAC_rank_vol_m6_n6_pairwise1,2018-08-31,as_偏股混合型基金,1.6673415988846965,258,ok,
FAC_rank_vol_m6_n6_pairwise1,2018-08-31,Ctrl_log_fund_size,2.439339873509196,258,ok,
FAC_rank_vol_m6_n6_pairwise1,2018-08-31,Ctrl_fund_age,2.8657576616032894,258,ok,
FAC_rank_vol_m6_n6_pairwise1,2018-09-28,FAC_rank_vol_m6_n6_pairwise1,1.10422110343907,254,ok,
FAC_rank_vol_m6_n6_pairwise1,2018-09-28,CtrlRetSTR,1.264222778414432,254,ok,
FAC_rank_vol_m6_n6_pairwise1,2018-09-28,CtrlRetLTM,1.4643172800504383,254,ok,
FAC_rank_vol_m6_n6_pairwise1,2018-09-28,CtrlVol,1.1093424627670774,254,ok,
FAC_rank_vol_m6_n6_pairwise1,2018-09-28,as_偏股混合型基金,1.5689375865201043,254,ok,
FAC_rank_vol_m6_n6_pairwise1,2018-09-28,Ctrl_log_fund_size,2.5024718469891516,254,ok,
FAC_rank_vol_m6_n6_pairwise1,2018-09-28,Ctrl_fund_age,2.8837088259928336,254,ok,
FAC_rank_vol_m6_n6_pairwise1,2018-10-31,FAC_rank_vol_m6_n6_pairwise1,1.2409263226338614,250,ok,
FAC_rank_vol_m6_n6_pairwise1,2018-10-31,CtrlRetSTR,1.5224512816474467,250,ok,
FAC_rank_vol_m6_n6_pairwise1,2018-10-31,CtrlRetLTM,1.1775164534847342,250,ok,
FAC_rank_vol_m6_n6_pairwise1,2018-10-31,CtrlVol,1.7435219363788828,250,ok,
FAC_rank_vol_m6_n6_pairwise1,2018-10-31,as_偏股混合型基金,1.5535865607888772,250,ok,
FAC_rank_vol_m6_n6_pairwise1,2018-10-31,Ctrl_log_fund_size,2.4257036197622455,250,ok,
FAC_rank_vol_m6_n6_pairwise1,2018-10-31,Ctrl_fund_age,2.809421109780626,250,ok,
FAC_rank_vol_m6_n6_pairwise1,2018-11-30,FAC_rank_vol_m6_n6_pairwise1,1.389897181335381,250,ok,
FAC_rank_vol_m6_n6_pairwise1,2018-11-30,CtrlRetSTR,1.1075436746789766,250,ok,
FAC_rank_vol_m6_n6_pairwise1,2018-11-30,CtrlRetLTM,1.2614765403346393,250,ok,
FAC_rank_vol_m6_n6_pairwise1,2018-11-30,CtrlVol,1.5254876645150295,250,ok,
FAC_rank_vol_m6_n6_pairwise1,2018-11-30,as_偏股混合型基金,1.5787672717581624,250,ok,
FAC_rank_vol_m6_n6_pairwise1,2018-11-30,Ctrl_log_fund_size,2.4787988134176135,250,ok,
FAC_rank_vol_m6_n6_pairwise1,2018-11-30,Ctrl_fund_age,2.9144319704159596,250,ok,
FAC_rank_vol_m6_n6_pairwise1,2018-12-28,FAC_rank_vol_m6_n6_pairwise1,1.395071349086709,254,ok,
FAC_rank_vol_m6_n6_pairwise1,2018-12-28,CtrlRetSTR,1.1322654350077246,254,ok,
FAC_rank_vol_m6_n6_pairwise1,2018-12-28,CtrlRetLTM,1.2873724641012472,254,ok,
FAC_rank_vol_m6_n6_pairwise1,2018-12-28,CtrlVol,1.5000271850539302,254,ok,
FAC_rank_vol_m6_n6_pairwise1,2018-12-28,as_偏股混合型基金,1.5641740013635461,254,ok,
FAC_rank_vol_m6_n6_pairwise1,2018-12-28,Ctrl_log_fund_size,2.374959168092385,254,ok,
FAC_rank_vol_m6_n6_pairwise1,2018-12-28,Ctrl_fund_age,2.7748428339633464,254,ok,
FAC_rank_vol_m6_n6_pairwise1,2019-01-31,FAC_rank_vol_m6_n6_pairwise1,1.3980623323880343,241,ok,
FAC_rank_vol_m6_n6_pairwise1,2019-01-31,CtrlRetSTR,1.1999414375225932,241,ok,
FAC_rank_vol_m6_n6_pairwise1,2019-01-31,CtrlRetLTM,1.2723488004988048,241,ok,
FAC_rank_vol_m6_n6_pairwise1,2019-01-31,CtrlVol,1.489007855940099,241,ok,
FAC_rank_vol_m6_n6_pairwise1,2019-01-31,as_偏股混合型基金,1.5357927608556425,241,ok,
FAC_rank_vol_m6_n6_pairwise1,2019-01-31,Ctrl_log_fund_size,2.363349665733131,241,ok,
FAC_rank_vol_m6_n6_pairwise1,2019-01-31,Ctrl_fund_age,2.690671784574031,241,ok,
FAC_rank_vol_m6_n6_pairwise1,2019-02-28,FAC_rank_vol_m6_n6_pairwise1,1.266486197963333,247,ok,
FAC_rank_vol_m6_n6_pairwise1,2019-02-28,CtrlRetSTR,1.228883352539632,247,ok,
FAC_rank_vol_m6_n6_pairwise1,2019-02-28,CtrlRetLTM,1.3598656936072,247,ok,
FAC_rank_vol_m6_n6_pairwise1,2019-02-28,CtrlVol,1.2847475012265541,247,ok,
FAC_rank_vol_m6_n6_pairwise1,2019-02-28,as_偏股混合型基金,1.5440285913954481,247,ok,
FAC_rank_vol_m6_n6_pairwise1,2019-02-28,Ctrl_log_fund_size,2.3106622411292164,247,ok,
FAC_rank_vol_m6_n6_pairwise1,2019-02-28,Ctrl_fund_age,2.6378477652949455,247,ok,
FAC_rank_vol_m6_n6_pairwise1,2019-03-29,FAC_rank_vol_m6_n6_pairwise1,1.050235894856853,251,ok,
FAC_rank_vol_m6_n6_pairwise1,2019-03-29,CtrlRetSTR,1.3468405005482056,251,ok,
FAC_rank_vol_m6_n6_pairwise1,2019-03-29,CtrlRetLTM,1.1686124015848869,251,ok,
FAC_rank_vol_m6_n6_pairwise1,2019-03-29,CtrlVol,1.4516852274515342,251,ok,
FAC_rank_vol_m6_n6_pairwise1,2019-03-29,as_偏股混合型基金,1.5435143351202392,251,ok,
FAC_rank_vol_m6_n6_pairwise1,2019-03-29,Ctrl_log_fund_size,2.3244132240618134,251,ok,
FAC_rank_vol_m6_n6_pairwise1,2019-03-29,Ctrl_fund_age,2.6452402070322707,251,ok,
FAC_rank_vol_m6_n6_pairwise1,2019-04-30,FAC_rank_vol_m6_n6_pairwise1,1.0928482809355515,253,ok,
FAC_rank_vol_m6_n6_pairwise1,2019-04-30,CtrlRetSTR,1.1742464644344355,253,ok,
FAC_rank_vol_m6_n6_pairwise1,2019-04-30,CtrlRetLTM,1.110021190381389,253,ok,
FAC_rank_vol_m6_n6_pairwise1,2019-04-30,CtrlVol,1.0312447091442842,253,ok,
FAC_rank_vol_m6_n6_pairwise1,2019-04-30,as_偏股混合型基金,1.5660921406154988,253,ok,
FAC_rank_vol_m6_n6_pairwise1,2019-04-30,Ctrl_log_fund_size,2.429140418205627,253,ok,
FAC_rank_vol_m6_n6_pairwise1,2019-04-30,Ctrl_fund_age,2.7076560364491304,253,ok,
FAC_rank_vol_m6_n6_pairwise1,2019-05-31,FAC_rank_vol_m6_n6_pairwise1,1.021547619321089,266,ok,
FAC_rank_vol_m6_n6_pairwise1,2019-05-31,CtrlRetSTR,1.065302656947376,266,ok,
FAC_rank_vol_m6_n6_pairwise1,2019-05-31,CtrlRetLTM,1.0432600942789811,266,ok,
FAC_rank_vol_m6_n6_pairwise1,2019-05-31,CtrlVol,1.072995106129654,266,ok,
FAC_rank_vol_m6_n6_pairwise1,2019-05-31,as_偏股混合型基金,1.5869883911444902,266,ok,
FAC_rank_vol_m6_n6_pairwise1,2019-05-31,Ctrl_log_fund_size,2.4602332902559376,266,ok,
FAC_rank_vol_m6_n6_pairwise1,2019-05-31,Ctrl_fund_age,2.8359158658231527,266,ok,
FAC_rank_vol_m6_n6_pairwise1,2019-06-28,FAC_rank_vol_m6_n6_pairwise1,1.033616388141082,274,ok,
FAC_rank_vol_m6_n6_pairwise1,2019-06-28,CtrlRetSTR,1.0993092801126862,274,ok,
FAC_rank_vol_m6_n6_pairwise1,2019-06-28,CtrlRetLTM,1.1007850639196843,274,ok,
FAC_rank_vol_m6_n6_pairwise1,2019-06-28,CtrlVol,1.0317379905244062,274,ok,
FAC_rank_vol_m6_n6_pairwise1,2019-06-28,as_偏股混合型基金,1.6152770425574,274,ok,
FAC_rank_vol_m6_n6_pairwise1,2019-06-28,Ctrl_log_fund_size,2.595221780152803,274,ok,
FAC_rank_vol_m6_n6_pairwise1,2019-06-28,Ctrl_fund_age,2.9110312024040104,274,ok,
FAC_rank_vol_m6_n6_pairwise1,2019-07-31,FAC_rank_vol_m6_n6_pairwise1,1.0902321197066498,273,ok,
FAC_rank_vol_m6_n6_pairwise1,2019-07-31,CtrlRetSTR,1.070227322111139,273,ok,
FAC_rank_vol_m6_n6_pairwise1,2019-07-31,CtrlRetLTM,1.1414790364308793,273,ok,
FAC_rank_vol_m6_n6_pairwise1,2019-07-31,CtrlVol,1.0715897241432795,273,ok,
FAC_rank_vol_m6_n6_pairwise1,2019-07-31,as_偏股混合型基金,1.647578870819784,273,ok,
FAC_rank_vol_m6_n6_pairwise1,2019-07-31,Ctrl_log_fund_size,2.5933597791096656,273,ok,
FAC_rank_vol_m6_n6_pairwise1,2019-07-31,Ctrl_fund_age,2.9469223816499,273,ok,
FAC_rank_vol_m6_n6_pairwise1,2019-08-30,FAC_rank_vol_m6_n6_pairwise1,1.1171220119798129,268,ok,
FAC_rank_vol_m6_n6_pairwise1,2019-08-30,CtrlRetSTR,1.2290654506759793,268,ok,
FAC_rank_vol_m6_n6_pairwise1,2019-08-30,CtrlRetLTM,1.2331286165646598,268,ok,
FAC_rank_vol_m6_n6_pairwise1,2019-08-30,CtrlVol,1.3316360468892878,268,ok,
FAC_rank_vol_m6_n6_pairwise1,2019-08-30,as_偏股混合型基金,1.63166003879625,268,ok,
FAC_rank_vol_m6_n6_pairwise1,2019-08-30,Ctrl_log_fund_size,2.562609466280888,268,ok,
FAC_rank_vol_m6_n6_pairwise1,2019-08-30,Ctrl_fund_age,2.8660726992263528,268,ok,
FAC_rank_vol_m6_n6_pairwise1,2019-09-30,FAC_rank_vol_m6_n6_pairwise1,1.0672767559507756,272,ok,
FAC_rank_vol_m6_n6_pairwise1,2019-09-30,CtrlRetSTR,1.1096149921575995,272,ok,
FAC_rank_vol_m6_n6_pairwise1,2019-09-30,CtrlRetLTM,1.398711195920707,272,ok,
FAC_rank_vol_m6_n6_pairwise1,2019-09-30,CtrlVol,1.419331738549331,272,ok,
FAC_rank_vol_m6_n6_pairwise1,2019-09-30,as_偏股混合型基金,1.614362385966064,272,ok,
FAC_rank_vol_m6_n6_pairwise1,2019-09-30,Ctrl_log_fund_size,2.603962927699505,272,ok,
FAC_rank_vol_m6_n6_pairwise1,2019-09-30,Ctrl_fund_age,2.9434035717128397,272,ok,
FAC_rank_vol_m6_n6_pairwise1,2019-10-31,FAC_rank_vol_m6_n6_pairwise1,1.090599733208289,279,ok,
FAC_rank_vol_m6_n6_pairwise1,2019-10-31,CtrlRetSTR,1.0860863548692667,279,ok,
FAC_rank_vol_m6_n6_pairwise1,2019-10-31,CtrlRetLTM,1.9654575162766958,279,ok,
FAC_rank_vol_m6_n6_pairwise1,2019-10-31,CtrlVol,1.865341992322613,279,ok,
FAC_rank_vol_m6_n6_pairwise1,2019-10-31,as_偏股混合型基金,1.5947103567796999,279,ok,
FAC_rank_vol_m6_n6_pairwise1,2019-10-31,Ctrl_log_fund_size,2.7348188691846325,279,ok,
FAC_rank_vol_m6_n6_pairwise1,2019-10-31,Ctrl_fund_age,2.9771062974596694,279,ok,
FAC_rank_vol_m6_n6_pairwise1,2019-11-29,FAC_rank_vol_m6_n6_pairwise1,1.1288770018346088,280,ok,
FAC_rank_vol_m6_n6_pairwise1,2019-11-29,CtrlRetSTR,1.1231847992971904,280,ok,
FAC_rank_vol_m6_n6_pairwise1,2019-11-29,CtrlRetLTM,1.5974173590891443,280,ok,
FAC_rank_vol_m6_n6_pairwise1,2019-11-29,CtrlVol,1.4204150847208536,280,ok,
FAC_rank_vol_m6_n6_pairwise1,2019-11-29,as_偏股混合型基金,1.5953695185018397,280,ok,
FAC_rank_vol_m6_n6_pairwise1,2019-11-29,Ctrl_log_fund_size,2.804648897277391,280,ok,
FAC_rank_vol_m6_n6_pairwise1,2019-11-29,Ctrl_fund_age,2.9948369364061143,280,ok,
FAC_rank_vol_m6_n6_pairwise1,2019-12-31,FAC_rank_vol_m6_n6_pairwise1,1.1060285543349033,289,ok,
FAC_rank_vol_m6_n6_pairwise1,2019-12-31,CtrlRetSTR,1.112300751766544,289,ok,
FAC_rank_vol_m6_n6_pairwise1,2019-12-31,CtrlRetLTM,1.931904048212892,289,ok,
FAC_rank_vol_m6_n6_pairwise1,2019-12-31,CtrlVol,1.8800394293207345,289,ok,
FAC_rank_vol_m6_n6_pairwise1,2019-12-31,as_偏股混合型基金,1.455520462911965,289,ok,
FAC_rank_vol_m6_n6_pairwise1,2019-12-31,Ctrl_log_fund_size,2.8489480119394237,289,ok,
FAC_rank_vol_m6_n6_pairwise1,2019-12-31,Ctrl_fund_age,2.953865726587172,289,ok,
FAC_rank_vol_m6_n6_pairwise1,2020-01-23,FAC_rank_vol_m6_n6_pairwise1,1.1692376979889223,297,ok,
FAC_rank_vol_m6_n6_pairwise1,2020-01-23,CtrlRetSTR,1.5003227812662465,297,ok,
FAC_rank_vol_m6_n6_pairwise1,2020-01-23,CtrlRetLTM,1.956978837102663,297,ok,
FAC_rank_vol_m6_n6_pairwise1,2020-01-23,CtrlVol,1.9719018291057713,297,ok,
FAC_rank_vol_m6_n6_pairwise1,2020-01-23,as_偏股混合型基金,1.460901947322437,297,ok,
FAC_rank_vol_m6_n6_pairwise1,2020-01-23,Ctrl_log_fund_size,2.9115689735241865,297,ok,
FAC_rank_vol_m6_n6_pairwise1,2020-01-23,Ctrl_fund_age,2.993361269374665,297,ok,
FAC_rank_vol_m6_n6_pairwise1,2020-02-28,FAC_rank_vol_m6_n6_pairwise1,1.0839756193881345,312,ok,
FAC_rank_vol_m6_n6_pairwise1,2020-02-28,CtrlRetSTR,1.387653621419215,312,ok,
FAC_rank_vol_m6_n6_pairwise1,2020-02-28,CtrlRetLTM,1.788172116848173,312,ok,
FAC_rank_vol_m6_n6_pairwise1,2020-02-28,CtrlVol,1.465550898808092,312,ok,
FAC_rank_vol_m6_n6_pairwise1,2020-02-28,as_偏股混合型基金,1.4193689436765746,312,ok,
FAC_rank_vol_m6_n6_pairwise1,2020-02-28,Ctrl_log_fund_size,3.100938112469427,312,ok,
FAC_rank_vol_m6_n6_pairwise1,2020-02-28,Ctrl_fund_age,3.157524348458223,312,ok,
FAC_rank_vol_m6_n6_pairwise1,2020-03-31,FAC_rank_vol_m6_n6_pairwise1,1.1034497263544638,314,ok,
FAC_rank_vol_m6_n6_pairwise1,2020-03-31,CtrlRetSTR,1.2227172965410353,314,ok,
FAC_rank_vol_m6_n6_pairwise1,2020-03-31,CtrlRetLTM,1.5338515123093113,314,ok,
FAC_rank_vol_m6_n6_pairwise1,2020-03-31,CtrlVol,1.3376967511571765,314,ok,
FAC_rank_vol_m6_n6_pairwise1,2020-03-31,as_偏股混合型基金,1.455588256462346,314,ok,
FAC_rank_vol_m6_n6_pairwise1,2020-03-31,Ctrl_log_fund_size,2.8446060948655507,314,ok,
FAC_rank_vol_m6_n6_pairwise1,2020-03-31,Ctrl_fund_age,2.9528051397907205,314,ok,
FAC_rank_vol_m6_n6_pairwise1,2020-04-30,FAC_rank_vol_m6_n6_pairwise1,1.0279114318410498,316,ok,
FAC_rank_vol_m6_n6_pairwise1,2020-04-30,CtrlRetSTR,1.2460524762616096,316,ok,
FAC_rank_vol_m6_n6_pairwise1,2020-04-30,CtrlRetLTM,1.3536242139362447,316,ok,
FAC_rank_vol_m6_n6_pairwise1,2020-04-30,CtrlVol,1.4799015473532544,316,ok,
FAC_rank_vol_m6_n6_pairwise1,2020-04-30,as_偏股混合型基金,1.4444044615024407,316,ok,
FAC_rank_vol_m6_n6_pairwise1,2020-04-30,Ctrl_log_fund_size,2.7543556151008377,316,ok,
FAC_rank_vol_m6_n6_pairwise1,2020-04-30,Ctrl_fund_age,2.8665016449212146,316,ok,
FAC_rank_vol_m6_n6_pairwise1,2020-05-29,FAC_rank_vol_m6_n6_pairwise1,1.0978768459632313,322,ok,
FAC_rank_vol_m6_n6_pairwise1,2020-05-29,CtrlRetSTR,1.2425437495666312,322,ok,
FAC_rank_vol_m6_n6_pairwise1,2020-05-29,CtrlRetLTM,1.6259626888548848,322,ok,
FAC_rank_vol_m6_n6_pairwise1,2020-05-29,CtrlVol,1.641811738503936,322,ok,
FAC_rank_vol_m6_n6_pairwise1,2020-05-29,as_偏股混合型基金,1.4539071578514846,322,ok,
FAC_rank_vol_m6_n6_pairwise1,2020-05-29,Ctrl_log_fund_size,2.7586400131424518,322,ok,
FAC_rank_vol_m6_n6_pairwise1,2020-05-29,Ctrl_fund_age,2.8094954890123285,322,ok,
FAC_rank_vol_m6_n6_pairwise1,2020-06-30,FAC_rank_vol_m6_n6_pairwise1,1.0814527992476013,334,ok,
FAC_rank_vol_m6_n6_pairwise1,2020-06-30,CtrlRetSTR,1.4693098625023782,334,ok,
FAC_rank_vol_m6_n6_pairwise1,2020-06-30,CtrlRetLTM,1.645495259406153,334,ok,
FAC_rank_vol_m6_n6_pairwise1,2020-06-30,CtrlVol,1.409494644887726,334,ok,
FAC_rank_vol_m6_n6_pairwise1,2020-06-30,as_偏股混合型基金,1.4089004908608727,334,ok,
FAC_rank_vol_m6_n6_pairwise1,2020-06-30,Ctrl_log_fund_size,2.805064723177033,334,ok,
FAC_rank_vol_m6_n6_pairwise1,2020-06-30,Ctrl_fund_age,2.7723649287862226,334,ok,
FAC_rank_vol_m6_n6_pairwise1,2020-07-31,FAC_rank_vol_m6_n6_pairwise1,1.1501730962684256,339,ok,
FAC_rank_vol_m6_n6_pairwise1,2020-07-31,CtrlRetSTR,1.031189284756983,339,ok,
FAC_rank_vol_m6_n6_pairwise1,2020-07-31,CtrlRetLTM,1.5881014790190309,339,ok,
FAC_rank_vol_m6_n6_pairwise1,2020-07-31,CtrlVol,1.6030984339986174,339,ok,
FAC_rank_vol_m6_n6_pairwise1,2020-07-31,as_偏股混合型基金,1.4169736874469674,339,ok,
FAC_rank_vol_m6_n6_pairwise1,2020-07-31,Ctrl_log_fund_size,2.717190269378708,339,ok,
FAC_rank_vol_m6_n6_pairwise1,2020-07-31,Ctrl_fund_age,2.688688105030689,339,ok,
FAC_rank_vol_m6_n6_pairwise1,2020-08-31,FAC_rank_vol_m6_n6_pairwise1,1.3112771901073876,358,ok,
FAC_rank_vol_m6_n6_pairwise1,2020-08-31,CtrlRetSTR,1.3100870413797303,358,ok,
FAC_rank_vol_m6_n6_pairwise1,2020-08-31,CtrlRetLTM,1.5584714736046867,358,ok,
FAC_rank_vol_m6_n6_pairwise1,2020-08-31,CtrlVol,1.7343136294409685,358,ok,
FAC_rank_vol_m6_n6_pairwise1,2020-08-31,as_偏股混合型基金,1.3879214185347748,358,ok,
FAC_rank_vol_m6_n6_pairwise1,2020-08-31,Ctrl_log_fund_size,2.8619427471204064,358,ok,
FAC_rank_vol_m6_n6_pairwise1,2020-08-31,Ctrl_fund_age,2.818926362351753,358,ok,
FAC_rank_vol_m6_n6_pairwise1,2020-09-30,FAC_rank_vol_m6_n6_pairwise1,1.2496261065684509,357,ok,
FAC_rank_vol_m6_n6_pairwise1,2020-09-30,CtrlRetSTR,1.1795556555504012,357,ok,
FAC_rank_vol_m6_n6_pairwise1,2020-09-30,CtrlRetLTM,1.3603984430556755,357,ok,
FAC_rank_vol_m6_n6_pairwise1,2020-09-30,CtrlVol,1.5409738706172307,357,ok,
FAC_rank_vol_m6_n6_pairwise1,2020-09-30,as_偏股混合型基金,1.378632408984999,357,ok,
FAC_rank_vol_m6_n6_pairwise1,2020-09-30,Ctrl_log_fund_size,2.751296608137075,357,ok,
FAC_rank_vol_m6_n6_pairwise1,2020-09-30,Ctrl_fund_age,2.7628094404891885,357,ok,
FAC_rank_vol_m6_n6_pairwise1,2020-10-30,FAC_rank_vol_m6_n6_pairwise1,1.2366449235675607,359,ok,
FAC_rank_vol_m6_n6_pairwise1,2020-10-30,CtrlRetSTR,1.0587963874211372,359,ok,
FAC_rank_vol_m6_n6_pairwise1,2020-10-30,CtrlRetLTM,1.423934430455797,359,ok,
FAC_rank_vol_m6_n6_pairwise1,2020-10-30,CtrlVol,1.5603437538026808,359,ok,
FAC_rank_vol_m6_n6_pairwise1,2020-10-30,as_偏股混合型基金,1.37576211724847,359,ok,
FAC_rank_vol_m6_n6_pairwise1,2020-10-30,Ctrl_log_fund_size,2.7351291673697897,359,ok,
FAC_rank_vol_m6_n6_pairwise1,2020-10-30,Ctrl_fund_age,2.729042887660499,359,ok,
FAC_rank_vol_m6_n6_pairwise1,2020-11-30,FAC_rank_vol_m6_n6_pairwise1,1.1844797562176166,371,ok,
FAC_rank_vol_m6_n6_pairwise1,2020-11-30,CtrlRetSTR,1.192953143116914,371,ok,
FAC_rank_vol_m6_n6_pairwise1,2020-11-30,CtrlRetLTM,1.4391392070851954,371,ok,
FAC_rank_vol_m6_n6_pairwise1,2020-11-30,CtrlVol,1.253171019986178,371,ok,
FAC_rank_vol_m6_n6_pairwise1,2020-11-30,as_偏股混合型基金,1.329900287144551,371,ok,
FAC_rank_vol_m6_n6_pairwise1,2020-11-30,Ctrl_log_fund_size,2.7362503143157952,371,ok,
FAC_rank_vol_m6_n6_pairwise1,2020-11-30,Ctrl_fund_age,2.7391368738685533,371,ok,
FAC_rank_vol_m6_n6_pairwise1,2020-12-31,FAC_rank_vol_m6_n6_pairwise1,1.0822352266600297,378,ok,
FAC_rank_vol_m6_n6_pairwise1,2020-12-31,CtrlRetSTR,1.2421499037240986,378,ok,
FAC_rank_vol_m6_n6_pairwise1,2020-12-31,CtrlRetLTM,1.304986433376651,378,ok,
FAC_rank_vol_m6_n6_pairwise1,2020-12-31,CtrlVol,1.2292712290394399,378,ok,
FAC_rank_vol_m6_n6_pairwise1,2020-12-31,as_偏股混合型基金,1.3377912006063513,378,ok,
FAC_rank_vol_m6_n6_pairwise1,2020-12-31,Ctrl_log_fund_size,2.6969144130129172,378,ok,
FAC_rank_vol_m6_n6_pairwise1,2020-12-31,Ctrl_fund_age,2.7007575691579446,378,ok,
FAC_rank_vol_m6_n6_pairwise1,2021-01-29,FAC_rank_vol_m6_n6_pairwise1,1.053456398079145,376,ok,
FAC_rank_vol_m6_n6_pairwise1,2021-01-29,CtrlRetSTR,1.0972533029073752,376,ok,
FAC_rank_vol_m6_n6_pairwise1,2021-01-29,CtrlRetLTM,1.2355148814061434,376,ok,
FAC_rank_vol_m6_n6_pairwise1,2021-01-29,CtrlVol,1.136705209840589,376,ok,
FAC_rank_vol_m6_n6_pairwise1,2021-01-29,as_偏股混合型基金,1.3383196230533898,376,ok,
FAC_rank_vol_m6_n6_pairwise1,2021-01-29,Ctrl_log_fund_size,2.5436210499467062,376,ok,
FAC_rank_vol_m6_n6_pairwise1,2021-01-29,Ctrl_fund_age,2.5429964351741234,376,ok,
FAC_rank_vol_m6_n6_pairwise1,2021-02-26,FAC_rank_vol_m6_n6_pairwise1,1.0562462380135882,397,ok,
FAC_rank_vol_m6_n6_pairwise1,2021-02-26,CtrlRetSTR,1.506458264841715,397,ok,
FAC_rank_vol_m6_n6_pairwise1,2021-02-26,CtrlRetLTM,1.180578319432677,397,ok,
FAC_rank_vol_m6_n6_pairwise1,2021-02-26,CtrlVol,1.468286994617108,397,ok,
FAC_rank_vol_m6_n6_pairwise1,2021-02-26,as_偏股混合型基金,1.313539655493916,397,ok,
FAC_rank_vol_m6_n6_pairwise1,2021-02-26,Ctrl_log_fund_size,2.4779728719777716,397,ok,
FAC_rank_vol_m6_n6_pairwise1,2021-02-26,Ctrl_fund_age,2.4606528644775403,397,ok,
FAC_rank_vol_m6_n6_pairwise1,2021-03-31,FAC_rank_vol_m6_n6_pairwise1,1.0955694013340485,407,ok,
FAC_rank_vol_m6_n6_pairwise1,2021-03-31,CtrlRetSTR,1.215516977161167,407,ok,
FAC_rank_vol_m6_n6_pairwise1,2021-03-31,CtrlRetLTM,1.2137485083603536,407,ok,
FAC_rank_vol_m6_n6_pairwise1,2021-03-31,CtrlVol,1.3246972064030924,407,ok,
FAC_rank_vol_m6_n6_pairwise1,2021-03-31,as_偏股混合型基金,1.3015528475031926,407,ok,
FAC_rank_vol_m6_n6_pairwise1,2021-03-31,Ctrl_log_fund_size,2.4086475195257955,407,ok,
FAC_rank_vol_m6_n6_pairwise1,2021-03-31,Ctrl_fund_age,2.425244576842068,407,ok,
FAC_rank_vol_m6_n6_pairwise1,2021-04-30,FAC_rank_vol_m6_n6_pairwise1,1.0785822470123247,413,ok,
FAC_rank_vol_m6_n6_pairwise1,2021-04-30,CtrlRetSTR,1.7073624679148982,413,ok,
FAC_rank_vol_m6_n6_pairwise1,2021-04-30,CtrlRetLTM,1.0990787893359673,413,ok,
FAC_rank_vol_m6_n6_pairwise1,2021-04-30,CtrlVol,1.7996856708558722,413,ok,
FAC_rank_vol_m6_n6_pairwise1,2021-04-30,as_偏股混合型基金,1.2628187442925256,413,ok,
FAC_rank_vol_m6_n6_pairwise1,2021-04-30,Ctrl_log_fund_size,2.4352618754839384,413,ok,
FAC_rank_vol_m6_n6_pairwise1,2021-04-30,Ctrl_fund_age,2.3977722590092534,413,ok,
FAC_rank_vol_m6_n6_pairwise1,2021-05-31,FAC_rank_vol_m6_n6_pairwise1,1.0838036806192293,434,ok,
FAC_rank_vol_m6_n6_pairwise1,2021-05-31,CtrlRetSTR,1.2564856442570822,434,ok,
FAC_rank_vol_m6_n6_pairwise1,2021-05-31,CtrlRetLTM,1.1633083903419186,434,ok,
FAC_rank_vol_m6_n6_pairwise1,2021-05-31,CtrlVol,1.4328126566288468,434,ok,
FAC_rank_vol_m6_n6_pairwise1,2021-05-31,as_偏股混合型基金,1.2371082941973526,434,ok,
FAC_rank_vol_m6_n6_pairwise1,2021-05-31,Ctrl_log_fund_size,2.443858935514526,434,ok,
FAC_rank_vol_m6_n6_pairwise1,2021-05-31,Ctrl_fund_age,2.4048534828600685,434,ok,
FAC_rank_vol_m6_n6_pairwise1,2021-06-30,FAC_rank_vol_m6_n6_pairwise1,1.0370926593508096,441,ok,
FAC_rank_vol_m6_n6_pairwise1,2021-06-30,CtrlRetSTR,1.2246349521669373,441,ok,
FAC_rank_vol_m6_n6_pairwise1,2021-06-30,CtrlRetLTM,1.1350860224887585,441,ok,
FAC_rank_vol_m6_n6_pairwise1,2021-06-30,CtrlVol,1.315372673491221,441,ok,
FAC_rank_vol_m6_n6_pairwise1,2021-06-30,as_偏股混合型基金,1.2386491627880474,441,ok,
FAC_rank_vol_m6_n6_pairwise1,2021-06-30,Ctrl_log_fund_size,2.370330324101225,441,ok,
FAC_rank_vol_m6_n6_pairwise1,2021-06-30,Ctrl_fund_age,2.368587475877531,441,ok,
FAC_rank_vol_m6_n6_pairwise1,2021-07-30,FAC_rank_vol_m6_n6_pairwise1,1.0757951738465636,460,ok,
FAC_rank_vol_m6_n6_pairwise1,2021-07-30,CtrlRetSTR,1.0627423726830738,460,ok,
FAC_rank_vol_m6_n6_pairwise1,2021-07-30,CtrlRetLTM,1.3095605070361136,460,ok,
FAC_rank_vol_m6_n6_pairwise1,2021-07-30,CtrlVol,1.2915935085639008,460,ok,
FAC_rank_vol_m6_n6_pairwise1,2021-07-30,as_偏股混合型基金,1.214910043069353,460,ok,
FAC_rank_vol_m6_n6_pairwise1,2021-07-30,Ctrl_log_fund_size,2.4097304400662725,460,ok,
FAC_rank_vol_m6_n6_pairwise1,2021-07-30,Ctrl_fund_age,2.4111084011317576,460,ok,
FAC_rank_vol_m6_n6_pairwise1,2021-08-31,FAC_rank_vol_m6_n6_pairwise1,1.2008659384874734,492,ok,
FAC_rank_vol_m6_n6_pairwise1,2021-08-31,CtrlRetSTR,1.2953230556987005,492,ok,
FAC_rank_vol_m6_n6_pairwise1,2021-08-31,CtrlRetLTM,1.710723636380728,492,ok,
FAC_rank_vol_m6_n6_pairwise1,2021-08-31,CtrlVol,1.5653067449358045,492,ok,
FAC_rank_vol_m6_n6_pairwise1,2021-08-31,as_偏股混合型基金,1.2007086822316746,492,ok,
FAC_rank_vol_m6_n6_pairwise1,2021-08-31,Ctrl_log_fund_size,2.5079505784271783,492,ok,
FAC_rank_vol_m6_n6_pairwise1,2021-08-31,Ctrl_fund_age,2.4317710992706534,492,ok,
FAC_rank_vol_m6_n6_pairwise1,2021-09-30,FAC_rank_vol_m6_n6_pairwise1,1.258045552137704,484,ok,
FAC_rank_vol_m6_n6_pairwise1,2021-09-30,CtrlRetSTR,1.7307095580490586,484,ok,
FAC_rank_vol_m6_n6_pairwise1,2021-09-30,CtrlRetLTM,2.0798728781147244,484,ok,
FAC_rank_vol_m6_n6_pairwise1,2021-09-30,CtrlVol,1.5217296521649368,484,ok,
FAC_rank_vol_m6_n6_pairwise1,2021-09-30,as_偏股混合型基金,1.1851291288203978,484,ok,
FAC_rank_vol_m6_n6_pairwise1,2021-09-30,Ctrl_log_fund_size,2.4479445516521183,484,ok,
FAC_rank_vol_m6_n6_pairwise1,2021-09-30,Ctrl_fund_age,2.4020139316768594,484,ok,
FAC_rank_vol_m6_n6_pairwise1,2021-10-29,FAC_rank_vol_m6_n6_pairwise1,1.4032094652844234,498,ok,
FAC_rank_vol_m6_n6_pairwise1,2021-10-29,CtrlRetSTR,1.1709184957248195,498,ok,
FAC_rank_vol_m6_n6_pairwise1,2021-10-29,CtrlRetLTM,1.424722218209212,498,ok,
FAC_rank_vol_m6_n6_pairwise1,2021-10-29,CtrlVol,1.5468356033201152,498,ok,
FAC_rank_vol_m6_n6_pairwise1,2021-10-29,as_偏股混合型基金,1.1736907067224203,498,ok,
FAC_rank_vol_m6_n6_pairwise1,2021-10-29,Ctrl_log_fund_size,2.5477838599660547,498,ok,
FAC_rank_vol_m6_n6_pairwise1,2021-10-29,Ctrl_fund_age,2.4326178402891783,498,ok,
FAC_rank_vol_m6_n6_pairwise1,2021-11-30,FAC_rank_vol_m6_n6_pairwise1,1.2470936916175646,523,ok,
FAC_rank_vol_m6_n6_pairwise1,2021-11-30,CtrlRetSTR,1.0771126093625625,523,ok,
FAC_rank_vol_m6_n6_pairwise1,2021-11-30,CtrlRetLTM,1.6603576908350732,523,ok,
FAC_rank_vol_m6_n6_pairwise1,2021-11-30,CtrlVol,1.6455805920168234,523,ok,
FAC_rank_vol_m6_n6_pairwise1,2021-11-30,as_偏股混合型基金,1.1649097002554365,523,ok,
FAC_rank_vol_m6_n6_pairwise1,2021-11-30,Ctrl_log_fund_size,2.5993956193910757,523,ok,
FAC_rank_vol_m6_n6_pairwise1,2021-11-30,Ctrl_fund_age,2.4456730832492797,523,ok,
FAC_rank_vol_m6_n6_pairwise1,2021-12-31,FAC_rank_vol_m6_n6_pairwise1,1.0865102382618141,523,ok,
FAC_rank_vol_m6_n6_pairwise1,2021-12-31,CtrlRetSTR,1.6399610177714976,523,ok,
FAC_rank_vol_m6_n6_pairwise1,2021-12-31,CtrlRetLTM,1.3524447820681051,523,ok,
FAC_rank_vol_m6_n6_pairwise1,2021-12-31,CtrlVol,1.5114052639564388,523,ok,
FAC_rank_vol_m6_n6_pairwise1,2021-12-31,as_偏股混合型基金,1.146371159759572,523,ok,
FAC_rank_vol_m6_n6_pairwise1,2021-12-31,Ctrl_log_fund_size,2.5906471060003664,523,ok,
FAC_rank_vol_m6_n6_pairwise1,2021-12-31,Ctrl_fund_age,2.4939901782864076,523,ok,
FAC_rank_vol_m6_n6_pairwise1,2022-01-28,FAC_rank_vol_m6_n6_pairwise1,1.2804596892144253,526,ok,
FAC_rank_vol_m6_n6_pairwise1,2022-01-28,CtrlRetSTR,1.4596132463888034,526,ok,
FAC_rank_vol_m6_n6_pairwise1,2022-01-28,CtrlRetLTM,1.140747907346482,526,ok,
FAC_rank_vol_m6_n6_pairwise1,2022-01-28,CtrlVol,1.7956706242051086,526,ok,
FAC_rank_vol_m6_n6_pairwise1,2022-01-28,as_偏股混合型基金,1.126374179804216,526,ok,
FAC_rank_vol_m6_n6_pairwise1,2022-01-28,Ctrl_log_fund_size,2.540307517119576,526,ok,
FAC_rank_vol_m6_n6_pairwise1,2022-01-28,Ctrl_fund_age,2.48060677789324,526,ok,
FAC_rank_vol_m6_n6_pairwise1,2022-02-28,FAC_rank_vol_m6_n6_pairwise1,1.193919405939193,556,ok,
FAC_rank_vol_m6_n6_pairwise1,2022-02-28,CtrlRetSTR,1.4409277211722693,556,ok,
FAC_rank_vol_m6_n6_pairwise1,2022-02-28,CtrlRetLTM,1.2926976502339353,556,ok,
FAC_rank_vol_m6_n6_pairwise1,2022-02-28,CtrlVol,1.580039035016592,556,ok,
FAC_rank_vol_m6_n6_pairwise1,2022-02-28,as_偏股混合型基金,1.0970644502228573,556,ok,
FAC_rank_vol_m6_n6_pairwise1,2022-02-28,Ctrl_log_fund_size,2.729284455854361,556,ok,
FAC_rank_vol_m6_n6_pairwise1,2022-02-28,Ctrl_fund_age,2.6246530857199564,556,ok,
FAC_rank_vol_m6_n6_pairwise1,2022-03-31,FAC_rank_vol_m6_n6_pairwise1,1.154336426785489,550,ok,
FAC_rank_vol_m6_n6_pairwise1,2022-03-31,CtrlRetSTR,1.077382575923166,550,ok,
FAC_rank_vol_m6_n6_pairwise1,2022-03-31,CtrlRetLTM,1.347693789157677,550,ok,
FAC_rank_vol_m6_n6_pairwise1,2022-03-31,CtrlVol,1.3825353953877195,550,ok,
FAC_rank_vol_m6_n6_pairwise1,2022-03-31,as_偏股混合型基金,1.101544812946017,550,ok,
FAC_rank_vol_m6_n6_pairwise1,2022-03-31,Ctrl_log_fund_size,2.8386980662159553,550,ok,
FAC_rank_vol_m6_n6_pairwise1,2022-03-31,Ctrl_fund_age,2.736081367623226,550,ok,
FAC_rank_vol_m6_n6_pairwise1,2022-04-29,FAC_rank_vol_m6_n6_pairwise1,1.3602703847456787,576,ok,
FAC_rank_vol_m6_n6_pairwise1,2022-04-29,CtrlRetSTR,1.7764674038047719,576,ok,
FAC_rank_vol_m6_n6_pairwise1,2022-04-29,CtrlRetLTM,1.2945815427948948,576,ok,
FAC_rank_vol_m6_n6_pairwise1,2022-04-29,CtrlVol,1.854978845892384,576,ok,
FAC_rank_vol_m6_n6_pairwise1,2022-04-29,as_偏股混合型基金,1.0829015392965415,576,ok,
FAC_rank_vol_m6_n6_pairwise1,2022-04-29,Ctrl_log_fund_size,2.9333901430797256,576,ok,
FAC_rank_vol_m6_n6_pairwise1,2022-04-29,Ctrl_fund_age,2.8519265653341286,576,ok,
FAC_rank_vol_m6_n6_pairwise1,2022-05-31,FAC_rank_vol_m6_n6_pairwise1,1.3122040256899832,608,ok,
FAC_rank_vol_m6_n6_pairwise1,2022-05-31,CtrlRetSTR,1.49179065844076,608,ok,
FAC_rank_vol_m6_n6_pairwise1,2022-05-31,CtrlRetLTM,1.0791514764007966,608,ok,
FAC_rank_vol_m6_n6_pairwise1,2022-05-31,CtrlVol,1.8782100285157082,608,ok,
FAC_rank_vol_m6_n6_pairwise1,2022-05-31,as_偏股混合型基金,1.0692029206922375,608,ok,
FAC_rank_vol_m6_n6_pairwise1,2022-05-31,Ctrl_log_fund_size,2.9845227889654806,608,ok,
FAC_rank_vol_m6_n6_pairwise1,2022-05-31,Ctrl_fund_age,2.8843299720284508,608,ok,
FAC_rank_vol_m6_n6_pairwise1,2022-06-30,FAC_rank_vol_m6_n6_pairwise1,1.2131415859901877,643,ok,
FAC_rank_vol_m6_n6_pairwise1,2022-06-30,CtrlRetSTR,1.391537153027917,643,ok,
FAC_rank_vol_m6_n6_pairwise1,2022-06-30,CtrlRetLTM,1.1821301546494687,643,ok,
FAC_rank_vol_m6_n6_pairwise1,2022-06-30,CtrlVol,1.4333765498582864,643,ok,
FAC_rank_vol_m6_n6_pairwise1,2022-06-30,as_偏股混合型基金,1.0491571209014494,643,ok,
FAC_rank_vol_m6_n6_pairwise1,2022-06-30,Ctrl_log_fund_size,3.1872925167069353,643,ok,
FAC_rank_vol_m6_n6_pairwise1,2022-06-30,Ctrl_fund_age,3.0036731415202675,643,ok,
FAC_rank_vol_m6_n12_pairwise1,2004-08-31,FAC_rank_vol_m6_n12_pairwise1,,0,skipped,完整变量样本数小于 min_cross_section_n
FAC_rank_vol_m6_n12_pairwise1,2004-08-31,CtrlRetSTR,,0,skipped,完整变量样本数小于 min_cross_section_n
FAC_rank_vol_m6_n12_pairwise1,2004-08-31,CtrlRetLTM,,0,skipped,完整变量样本数小于 min_cross_section_n
FAC_rank_vol_m6_n12_pairwise1,2004-08-31,CtrlVol,,0,skipped,完整变量样本数小于 min_cross_section_n
FAC_rank_vol_m6_n12_pairwise1,2004-08-31,as_偏股混合型基金,,0,skipped,完整变量样本数小于 min_cross_section_n
FAC_rank_vol_m6_n12_pairwise1,2004-08-31,Ctrl_log_fund_size,,0,skipped,完整变量样本数小于 min_cross_section_n
FAC_rank_vol_m6_n12_pairwise1,2004-08-31,Ctrl_fund_age,,0,skipped,完整变量样本数小于 min_cross_section_n
FAC_rank_vol_m6_n12_pairwise1,2004-09-30,FAC_rank_vol_m6_n12_pairwise1,,0,skipped,完整变量样本数小于 min_cross_section_n
FAC_rank_vol_m6_n12_pairwise1,2004-09-30,CtrlRetSTR,,0,skipped,完整变量样本数小于 min_cross_section_n
FAC_rank_vol_m6_n12_pairwise1,2004-09-30,CtrlRetLTM,,0,skipped,完整变量样本数小于 min_cross_section_n
FAC_rank_vol_m6_n12_pairwise1,2004-09-30,CtrlVol,,0,skipped,完整变量样本数小于 min_cross_section_n
FAC_rank_vol_m6_n12_pairwise1,2004-09-30,as_偏股混合型基金,,0,skipped,完整变量样本数小于 min_cross_section_n
FAC_rank_vol_m6_n12_pairwise1,2004-09-30,Ctrl_log_fund_size,,0,skipped,完整变量样本数小于 min_cross_section_n
FAC_rank_vol_m6_n12_pairwise1,2004-09-30,Ctrl_fund_age,,0,skipped,完整变量样本数小于 min_cross_section_n
FAC_rank_vol_m6_n12_pairwise1,2004-10-29,FAC_rank_vol_m6_n12_pairwise1,,0,skipped,完整变量样本数小于 min_cross_section_n
FAC_rank_vol_m6_n12_pairwise1,2004-10-29,CtrlRetSTR,,0,skipped,完整变量样本数小于 min_cross_section_n
FAC_rank_vol_m6_n12_pairwise1,2004-10-29,CtrlRetLTM,,0,skipped,完整变量样本数小于 min_cross_section_n
FAC_rank_vol_m6_n12_pairwise1,2004-10-29,CtrlVol,,0,skipped,完整变量样本数小于 min_cross_section_n
FAC_rank_vol_m6_n12_pairwise1,2004-10-29,as_偏股混合型基金,,0,skipped,完整变量样本数小于 min_cross_section_n
FAC_rank_vol_m6_n12_pairwise1,2004-10-29,Ctrl_log_fund_size,,0,skipped,完整变量样本数小于 min_cross_section_n
FAC_rank_vol_m6_n12_pairwise1,2004-10-29,Ctrl_fund_age,,0,skipped,完整变量样本数小于 min_cross_section_n
FAC_rank_vol_m6_n12_pairwise1,2004-11-30,FAC_rank_vol_m6_n12_pairwise1,,0,skipped,完整变量样本数小于 min_cross_section_n
FAC_rank_vol_m6_n12_pairwise1,2004-11-30,CtrlRetSTR,,0,skipped,完整变量样本数小于 min_cross_section_n
FAC_rank_vol_m6_n12_pairwise1,2004-11-30,CtrlRetLTM,,0,skipped,完整变量样本数小于 min_cross_section_n
FAC_rank_vol_m6_n12_pairwise1,2004-11-30,CtrlVol,,0,skipped,完整变量样本数小于 min_cross_section_n
FAC_rank_vol_m6_n12_pairwise1,2004-11-30,as_偏股混合型基金,,0,skipped,完整变量样本数小于 min_cross_section_n
FAC_rank_vol_m6_n12_pairwise1,2004-11-30,Ctrl_log_fund_size,,0,skipped,完整变量样本数小于 min_cross_section_n
FAC_rank_vol_m6_n12_pairwise1,2004-11-30,Ctrl_fund_age,,0,skipped,完整变量样本数小于 min_cross_section_n
FAC_rank_vol_m6_n12_pairwise1,2004-12-31,FAC_rank_vol_m6_n12_pairwise1,,0,skipped,完整变量样本数小于 min_cross_section_n
FAC_rank_vol_m6_n12_pairwise1,2004-12-31,CtrlRetSTR,,0,skipped,完整变量样本数小于 min_cross_section_n
FAC_rank_vol_m6_n12_pairwise1,2004-12-31,CtrlRetLTM,,0,skipped,完整变量样本数小于 min_cross_section_n
FAC_rank_vol_m6_n12_pairwise1,2004-12-31,CtrlVol,,0,skipped,完整变量样本数小于 min_cross_section_n
FAC_rank_vol_m6_n12_pairwise1,2004-12-31,as_偏股混合型基金,,0,skipped,完整变量样本数小于 min_cross_section_n
FAC_rank_vol_m6_n12_pairwise1,2004-12-31,Ctrl_log_fund_size,,0,skipped,完整变量样本数小于 min_cross_section_n
FAC_rank_vol_m6_n12_pairwise1,2004-12-31,Ctrl_fund_age,,0,skipped,完整变量样本数小于 min_cross_section_n
FAC_rank_vol_m6_n12_pairwise1,2005-01-31,FAC_rank_vol_m6_n12_pairwise1,,0,skipped,完整变量样本数小于 min_cross_section_n
FAC_rank_vol_m6_n12_pairwise1,2005-01-31,CtrlRetSTR,,0,skipped,完整变量样本数小于 min_cross_section_n
FAC_rank_vol_m6_n12_pairwise1,2005-01-31,CtrlRetLTM,,0,skipped,完整变量样本数小于 min_cross_section_n
FAC_rank_vol_m6_n12_pairwise1,2005-01-31,CtrlVol,,0,skipped,完整变量样本数小于 min_cross_section_n
FAC_rank_vol_m6_n12_pairwise1,2005-01-31,as_偏股混合型基金,,0,skipped,完整变量样本数小于 min_cross_section_n
FAC_rank_vol_m6_n12_pairwise1,2005-01-31,Ctrl_log_fund_size,,0,skipped,完整变量样本数小于 min_cross_section_n
FAC_rank_vol_m6_n12_pairwise1,2005-01-31,Ctrl_fund_age,,0,skipped,完整变量样本数小于 min_cross_section_n
FAC_rank_vol_m6_n12_pairwise1,2005-02-28,FAC_rank_vol_m6_n12_pairwise1,,0,skipped,完整变量样本数小于 min_cross_section_n
FAC_rank_vol_m6_n12_pairwise1,2005-02-28,CtrlRetSTR,,0,skipped,完整变量样本数小于 min_cross_section_n
FAC_rank_vol_m6_n12_pairwise1,2005-02-28,CtrlRetLTM,,0,skipped,完整变量样本数小于 min_cross_section_n
FAC_rank_vol_m6_n12_pairwise1,2005-02-28,CtrlVol,,0,skipped,完整变量样本数小于 min_cross_section_n
FAC_rank_vol_m6_n12_pairwise1,2005-02-28,as_偏股混合型基金,,0,skipped,完整变量样本数小于 min_cross_section_n
FAC_rank_vol_m6_n12_pairwise1,2005-02-28,Ctrl_log_fund_size,,0,skipped,完整变量样本数小于 min_cross_section_n
FAC_rank_vol_m6_n12_pairwise1,2005-02-28,Ctrl_fund_age,,0,skipped,完整变量样本数小于 min_cross_section_n
FAC_rank_vol_m6_n12_pairwise1,2005-03-31,FAC_rank_vol_m6_n12_pairwise1,,0,skipped,完整变量样本数小于 min_cross_section_n
FAC_rank_vol_m6_n12_pairwise1,2005-03-31,CtrlRetSTR,,0,skipped,完整变量样本数小于 min_cross_section_n
FAC_rank_vol_m6_n12_pairwise1,2005-03-31,CtrlRetLTM,,0,skipped,完整变量样本数小于 min_cross_section_n
FAC_rank_vol_m6_n12_pairwise1,2005-03-31,CtrlVol,,0,skipped,完整变量样本数小于 min_cross_section_n
FAC_rank_vol_m6_n12_pairwise1,2005-03-31,as_偏股混合型基金,,0,skipped,完整变量样本数小于 min_cross_section_n
FAC_rank_vol_m6_n12_pairwise1,2005-03-31,Ctrl_log_fund_size,,0,skipped,完整变量样本数小于 min_cross_section_n
FAC_rank_vol_m6_n12_pairwise1,2005-03-31,Ctrl_fund_age,,0,skipped,完整变量样本数小于 min_cross_section_n
FAC_rank_vol_m6_n12_pairwise1,2005-04-29,FAC_rank_vol_m6_n12_pairwise1,,0,skipped,完整变量样本数小于 min_cross_section_n
FAC_rank_vol_m6_n12_pairwise1,2005-04-29,CtrlRetSTR,,0,skipped,完整变量样本数小于 min_cross_section_n
FAC_rank_vol_m6_n12_pairwise1,2005-04-29,CtrlRetLTM,,0,skipped,完整变量样本数小于 min_cross_section_n
FAC_rank_vol_m6_n12_pairwise1,2005-04-29,CtrlVol,,0,skipped,完整变量样本数小于 min_cross_section_n
FAC_rank_vol_m6_n12_pairwise1,2005-04-29,as_偏股混合型基金,,0,skipped,完整变量样本数小于 min_cross_section_n
FAC_rank_vol_m6_n12_pairwise1,2005-04-29,Ctrl_log_fund_size,,0,skipped,完整变量样本数小于 min_cross_section_n
FAC_rank_vol_m6_n12_pairwise1,2005-04-29,Ctrl_fund_age,,0,skipped,完整变量样本数小于 min_cross_section_n
FAC_rank_vol_m6_n12_pairwise1,2005-05-31,FAC_rank_vol_m6_n12_pairwise1,,0,skipped,完整变量样本数小于 min_cross_section_n
FAC_rank_vol_m6_n12_pairwise1,2005-05-31,CtrlRetSTR,,0,skipped,完整变量样本数小于 min_cross_section_n
FAC_rank_vol_m6_n12_pairwise1,2005-05-31,CtrlRetLTM,,0,skipped,完整变量样本数小于 min_cross_section_n
FAC_rank_vol_m6_n12_pairwise1,2005-05-31,CtrlVol,,0,skipped,完整变量样本数小于 min_cross_section_n
FAC_rank_vol_m6_n12_pairwise1,2005-05-31,as_偏股混合型基金,,0,skipped,完整变量样本数小于 min_cross_section_n
FAC_rank_vol_m6_n12_pairwise1,2005-05-31,Ctrl_log_fund_size,,0,skipped,完整变量样本数小于 min_cross_section_n
FAC_rank_vol_m6_n12_pairwise1,2005-05-31,Ctrl_fund_age,,0,skipped,完整变量样本数小于 min_cross_section_n
FAC_rank_vol_m6_n12_pairwise1,2005-06-30,FAC_rank_vol_m6_n12_pairwise1,,0,skipped,完整变量样本数小于 min_cross_section_n
FAC_rank_vol_m6_n12_pairwise1,2005-06-30,CtrlRetSTR,,0,skipped,完整变量样本数小于 min_cross_section_n
FAC_rank_vol_m6_n12_pairwise1,2005-06-30,CtrlRetLTM,,0,skipped,完整变量样本数小于 min_cross_section_n
FAC_rank_vol_m6_n12_pairwise1,2005-06-30,CtrlVol,,0,skipped,完整变量样本数小于 min_cross_section_n
FAC_rank_vol_m6_n12_pairwise1,2005-06-30,as_偏股混合型基金,,0,skipped,完整变量样本数小于 min_cross_section_n
FAC_rank_vol_m6_n12_pairwise1,2005-06-30,Ctrl_log_fund_size,,0,skipped,完整变量样本数小于 min_cross_section_n
FAC_rank_vol_m6_n12_pairwise1,2005-06-30,Ctrl_fund_age,,0,skipped,完整变量样本数小于 min_cross_section_n
FAC_rank_vol_m6_n12_pairwise1,2005-07-29,FAC_rank_vol_m6_n12_pairwise1,,0,skipped,完整变量样本数小于 min_cross_section_n
FAC_rank_vol_m6_n12_pairwise1,2005-07-29,CtrlRetSTR,,0,skipped,完整变量样本数小于 min_cross_section_n
FAC_rank_vol_m6_n12_pairwise1,2005-07-29,CtrlRetLTM,,0,skipped,完整变量样本数小于 min_cross_section_n
FAC_rank_vol_m6_n12_pairwise1,2005-07-29,CtrlVol,,0,skipped,完整变量样本数小于 min_cross_section_n
FAC_rank_vol_m6_n12_pairwise1,2005-07-29,as_偏股混合型基金,,0,skipped,完整变量样本数小于 min_cross_section_n
FAC_rank_vol_m6_n12_pairwise1,2005-07-29,Ctrl_log_fund_size,,0,skipped,完整变量样本数小于 min_cross_section_n
FAC_rank_vol_m6_n12_pairwise1,2005-07-29,Ctrl_fund_age,,0,skipped,完整变量样本数小于 min_cross_section_n
FAC_rank_vol_m6_n12_pairwise1,2005-08-31,FAC_rank_vol_m6_n12_pairwise1,,0,skipped,完整变量样本数小于 min_cross_section_n
FAC_rank_vol_m6_n12_pairwise1,2005-08-31,CtrlRetSTR,,0,skipped,完整变量样本数小于 min_cross_section_n
FAC_rank_vol_m6_n12_pairwise1,2005-08-31,CtrlRetLTM,,0,skipped,完整变量样本数小于 min_cross_section_n
FAC_rank_vol_m6_n12_pairwise1,2005-08-31,CtrlVol,,0,skipped,完整变量样本数小于 min_cross_section_n
FAC_rank_vol_m6_n12_pairwise1,2005-08-31,as_偏股混合型基金,,0,skipped,完整变量样本数小于 min_cross_section_n
FAC_rank_vol_m6_n12_pairwise1,2005-08-31,Ctrl_log_fund_size,,0,skipped,完整变量样本数小于 min_cross_section_n
FAC_rank_vol_m6_n12_pairwise1,2005-08-31,Ctrl_fund_age,,0,skipped,完整变量样本数小于 min_cross_section_n
FAC_rank_vol_m6_n12_pairwise1,2005-09-30,FAC_rank_vol_m6_n12_pairwise1,,0,skipped,完整变量样本数小于 min_cross_section_n
FAC_rank_vol_m6_n12_pairwise1,2005-09-30,CtrlRetSTR,,0,skipped,完整变量样本数小于 min_cross_section_n
FAC_rank_vol_m6_n12_pairwise1,2005-09-30,CtrlRetLTM,,0,skipped,完整变量样本数小于 min_cross_section_n
FAC_rank_vol_m6_n12_pairwise1,2005-09-30,CtrlVol,,0,skipped,完整变量样本数小于 min_cross_section_n
FAC_rank_vol_m6_n12_pairwise1,2005-09-30,as_偏股混合型基金,,0,skipped,完整变量样本数小于 min_cross_section_n
FAC_rank_vol_m6_n12_pairwise1,2005-09-30,Ctrl_log_fund_size,,0,skipped,完整变量样本数小于 min_cross_section_n
FAC_rank_vol_m6_n12_pairwise1,2005-09-30,Ctrl_fund_age,,0,skipped,完整变量样本数小于 min_cross_section_n
FAC_rank_vol_m6_n12_pairwise1,2005-10-31,FAC_rank_vol_m6_n12_pairwise1,,0,skipped,完整变量样本数小于 min_cross_section_n
FAC_rank_vol_m6_n12_pairwise1,2005-10-31,CtrlRetSTR,,0,skipped,完整变量样本数小于 min_cross_section_n
FAC_rank_vol_m6_n12_pairwise1,2005-10-31,CtrlRetLTM,,0,skipped,完整变量样本数小于 min_cross_section_n
FAC_rank_vol_m6_n12_pairwise1,2005-10-31,CtrlVol,,0,skipped,完整变量样本数小于 min_cross_section_n
FAC_rank_vol_m6_n12_pairwise1,2005-10-31,as_偏股混合型基金,,0,skipped,完整变量样本数小于 min_cross_section_n
FAC_rank_vol_m6_n12_pairwise1,2005-10-31,Ctrl_log_fund_size,,0,skipped,完整变量样本数小于 min_cross_section_n
FAC_rank_vol_m6_n12_pairwise1,2005-10-31,Ctrl_fund_age,,0,skipped,完整变量样本数小于 min_cross_section_n
FAC_rank_vol_m6_n12_pairwise1,2005-11-30,FAC_rank_vol_m6_n12_pairwise1,,0,skipped,完整变量样本数小于 min_cross_section_n
FAC_rank_vol_m6_n12_pairwise1,2005-11-30,CtrlRetSTR,,0,skipped,完整变量样本数小于 min_cross_section_n
FAC_rank_vol_m6_n12_pairwise1,2005-11-30,CtrlRetLTM,,0,skipped,完整变量样本数小于 min_cross_section_n
FAC_rank_vol_m6_n12_pairwise1,2005-11-30,CtrlVol,,0,skipped,完整变量样本数小于 min_cross_section_n
FAC_rank_vol_m6_n12_pairwise1,2005-11-30,as_偏股混合型基金,,0,skipped,完整变量样本数小于 min_cross_section_n
FAC_rank_vol_m6_n12_pairwise1,2005-11-30,Ctrl_log_fund_size,,0,skipped,完整变量样本数小于 min_cross_section_n
FAC_rank_vol_m6_n12_pairwise1,2005-11-30,Ctrl_fund_age,,0,skipped,完整变量样本数小于 min_cross_section_n
FAC_rank_vol_m6_n12_pairwise1,2005-12-30,FAC_rank_vol_m6_n12_pairwise1,,0,skipped,完整变量样本数小于 min_cross_section_n
FAC_rank_vol_m6_n12_pairwise1,2005-12-30,CtrlRetSTR,,0,skipped,完整变量样本数小于 min_cross_section_n
FAC_rank_vol_m6_n12_pairwise1,2005-12-30,CtrlRetLTM,,0,skipped,完整变量样本数小于 min_cross_section_n
FAC_rank_vol_m6_n12_pairwise1,2005-12-30,CtrlVol,,0,skipped,完整变量样本数小于 min_cross_section_n
FAC_rank_vol_m6_n12_pairwise1,2005-12-30,as_偏股混合型基金,,0,skipped,完整变量样本数小于 min_cross_section_n
FAC_rank_vol_m6_n12_pairwise1,2005-12-30,Ctrl_log_fund_size,,0,skipped,完整变量样本数小于 min_cross_section_n
FAC_rank_vol_m6_n12_pairwise1,2005-12-30,Ctrl_fund_age,,0,skipped,完整变量样本数小于 min_cross_section_n
FAC_rank_vol_m6_n12_pairwise1,2006-01-25,FAC_rank_vol_m6_n12_pairwise1,,1,skipped,完整变量样本数小于 min_cross_section_n
FAC_rank_vol_m6_n12_pairwise1,2006-01-25,CtrlRetSTR,,1,skipped,完整变量样本数小于 min_cross_section_n
FAC_rank_vol_m6_n12_pairwise1,2006-01-25,CtrlRetLTM,,1,skipped,完整变量样本数小于 min_cross_section_n
FAC_rank_vol_m6_n12_pairwise1,2006-01-25,CtrlVol,,1,skipped,完整变量样本数小于 min_cross_section_n
FAC_rank_vol_m6_n12_pairwise1,2006-01-25,as_偏股混合型基金,,1,skipped,完整变量样本数小于 min_cross_section_n
FAC_rank_vol_m6_n12_pairwise1,2006-01-25,Ctrl_log_fund_size,,1,skipped,完整变量样本数小于 min_cross_section_n
FAC_rank_vol_m6_n12_pairwise1,2006-01-25,Ctrl_fund_age,,1,skipped,完整变量样本数小于 min_cross_section_n
FAC_rank_vol_m6_n12_pairwise1,2006-02-28,FAC_rank_vol_m6_n12_pairwise1,,1,skipped,完整变量样本数小于 min_cross_section_n
FAC_rank_vol_m6_n12_pairwise1,2006-02-28,CtrlRetSTR,,1,skipped,完整变量样本数小于 min_cross_section_n
FAC_rank_vol_m6_n12_pairwise1,2006-02-28,CtrlRetLTM,,1,skipped,完整变量样本数小于 min_cross_section_n
FAC_rank_vol_m6_n12_pairwise1,2006-02-28,CtrlVol,,1,skipped,完整变量样本数小于 min_cross_section_n
FAC_rank_vol_m6_n12_pairwise1,2006-02-28,as_偏股混合型基金,,1,skipped,完整变量样本数小于 min_cross_section_n
FAC_rank_vol_m6_n12_pairwise1,2006-02-28,Ctrl_log_fund_size,,1,skipped,完整变量样本数小于 min_cross_section_n
FAC_rank_vol_m6_n12_pairwise1,2006-02-28,Ctrl_fund_age,,1,skipped,完整变量样本数小于 min_cross_section_n
FAC_rank_vol_m6_n12_pairwise1,2006-03-31,FAC_rank_vol_m6_n12_pairwise1,,1,skipped,完整变量样本数小于 min_cross_section_n
FAC_rank_vol_m6_n12_pairwise1,2006-03-31,CtrlRetSTR,,1,skipped,完整变量样本数小于 min_cross_section_n
FAC_rank_vol_m6_n12_pairwise1,2006-03-31,CtrlRetLTM,,1,skipped,完整变量样本数小于 min_cross_section_n
FAC_rank_vol_m6_n12_pairwise1,2006-03-31,CtrlVol,,1,skipped,完整变量样本数小于 min_cross_section_n
FAC_rank_vol_m6_n12_pairwise1,2006-03-31,as_偏股混合型基金,,1,skipped,完整变量样本数小于 min_cross_section_n
FAC_rank_vol_m6_n12_pairwise1,2006-03-31,Ctrl_log_fund_size,,1,skipped,完整变量样本数小于 min_cross_section_n
FAC_rank_vol_m6_n12_pairwise1,2006-03-31,Ctrl_fund_age,,1,skipped,完整变量样本数小于 min_cross_section_n
FAC_rank_vol_m6_n12_pairwise1,2006-04-28,FAC_rank_vol_m6_n12_pairwise1,,1,skipped,完整变量样本数小于 min_cross_section_n
FAC_rank_vol_m6_n12_pairwise1,2006-04-28,CtrlRetSTR,,1,skipped,完整变量样本数小于 min_cross_section_n
FAC_rank_vol_m6_n12_pairwise1,2006-04-28,CtrlRetLTM,,1,skipped,完整变量样本数小于 min_cross_section_n
FAC_rank_vol_m6_n12_pairwise1,2006-04-28,CtrlVol,,1,skipped,完整变量样本数小于 min_cross_section_n
FAC_rank_vol_m6_n12_pairwise1,2006-04-28,as_偏股混合型基金,,1,skipped,完整变量样本数小于 min_cross_section_n
FAC_rank_vol_m6_n12_pairwise1,2006-04-28,Ctrl_log_fund_size,,1,skipped,完整变量样本数小于 min_cross_section_n
FAC_rank_vol_m6_n12_pairwise1,2006-04-28,Ctrl_fund_age,,1,skipped,完整变量样本数小于 min_cross_section_n
FAC_rank_vol_m6_n12_pairwise1,2006-05-31,FAC_rank_vol_m6_n12_pairwise1,,1,skipped,完整变量样本数小于 min_cross_section_n
FAC_rank_vol_m6_n12_pairwise1,2006-05-31,CtrlRetSTR,,1,skipped,完整变量样本数小于 min_cross_section_n
FAC_rank_vol_m6_n12_pairwise1,2006-05-31,CtrlRetLTM,,1,skipped,完整变量样本数小于 min_cross_section_n
FAC_rank_vol_m6_n12_pairwise1,2006-05-31,CtrlVol,,1,skipped,完整变量样本数小于 min_cross_section_n
FAC_rank_vol_m6_n12_pairwise1,2006-05-31,as_偏股混合型基金,,1,skipped,完整变量样本数小于 min_cross_section_n
FAC_rank_vol_m6_n12_pairwise1,2006-05-31,Ctrl_log_fund_size,,1,skipped,完整变量样本数小于 min_cross_section_n
FAC_rank_vol_m6_n12_pairwise1,2006-05-31,Ctrl_fund_age,,1,skipped,完整变量样本数小于 min_cross_section_n
FAC_rank_vol_m6_n12_pairwise1,2006-06-30,FAC_rank_vol_m6_n12_pairwise1,,1,skipped,完整变量样本数小于 min_cross_section_n
FAC_rank_vol_m6_n12_pairwise1,2006-06-30,CtrlRetSTR,,1,skipped,完整变量样本数小于 min_cross_section_n
FAC_rank_vol_m6_n12_pairwise1,2006-06-30,CtrlRetLTM,,1,skipped,完整变量样本数小于 min_cross_section_n
FAC_rank_vol_m6_n12_pairwise1,2006-06-30,CtrlVol,,1,skipped,完整变量样本数小于 min_cross_section_n
FAC_rank_vol_m6_n12_pairwise1,2006-06-30,as_偏股混合型基金,,1,skipped,完整变量样本数小于 min_cross_section_n
FAC_rank_vol_m6_n12_pairwise1,2006-06-30,Ctrl_log_fund_size,,1,skipped,完整变量样本数小于 min_cross_section_n
FAC_rank_vol_m6_n12_pairwise1,2006-06-30,Ctrl_fund_age,,1,skipped,完整变量样本数小于 min_cross_section_n
FAC_rank_vol_m6_n12_pairwise1,2006-07-31,FAC_rank_vol_m6_n12_pairwise1,,1,skipped,完整变量样本数小于 min_cross_section_n
FAC_rank_vol_m6_n12_pairwise1,2006-07-31,CtrlRetSTR,,1,skipped,完整变量样本数小于 min_cross_section_n
FAC_rank_vol_m6_n12_pairwise1,2006-07-31,CtrlRetLTM,,1,skipped,完整变量样本数小于 min_cross_section_n
FAC_rank_vol_m6_n12_pairwise1,2006-07-31,CtrlVol,,1,skipped,完整变量样本数小于 min_cross_section_n
FAC_rank_vol_m6_n12_pairwise1,2006-07-31,as_偏股混合型基金,,1,skipped,完整变量样本数小于 min_cross_section_n
FAC_rank_vol_m6_n12_pairwise1,2006-07-31,Ctrl_log_fund_size,,1,skipped,完整变量样本数小于 min_cross_section_n
FAC_rank_vol_m6_n12_pairwise1,2006-07-31,Ctrl_fund_age,,1,skipped,完整变量样本数小于 min_cross_section_n
FAC_rank_vol_m6_n12_pairwise1,2006-08-31,FAC_rank_vol_m6_n12_pairwise1,,1,skipped,完整变量样本数小于 min_cross_section_n
FAC_rank_vol_m6_n12_pairwise1,2006-08-31,CtrlRetSTR,,1,skipped,完整变量样本数小于 min_cross_section_n
FAC_rank_vol_m6_n12_pairwise1,2006-08-31,CtrlRetLTM,,1,skipped,完整变量样本数小于 min_cross_section_n
FAC_rank_vol_m6_n12_pairwise1,2006-08-31,CtrlVol,,1,skipped,完整变量样本数小于 min_cross_section_n
FAC_rank_vol_m6_n12_pairwise1,2006-08-31,as_偏股混合型基金,,1,skipped,完整变量样本数小于 min_cross_section_n
FAC_rank_vol_m6_n12_pairwise1,2006-08-31,Ctrl_log_fund_size,,1,skipped,完整变量样本数小于 min_cross_section_n
FAC_rank_vol_m6_n12_pairwise1,2006-08-31,Ctrl_fund_age,,1,skipped,完整变量样本数小于 min_cross_section_n
FAC_rank_vol_m6_n12_pairwise1,2006-09-29,FAC_rank_vol_m6_n12_pairwise1,,1,skipped,完整变量样本数小于 min_cross_section_n
FAC_rank_vol_m6_n12_pairwise1,2006-09-29,CtrlRetSTR,,1,skipped,完整变量样本数小于 min_cross_section_n
FAC_rank_vol_m6_n12_pairwise1,2006-09-29,CtrlRetLTM,,1,skipped,完整变量样本数小于 min_cross_section_n
FAC_rank_vol_m6_n12_pairwise1,2006-09-29,CtrlVol,,1,skipped,完整变量样本数小于 min_cross_section_n
FAC_rank_vol_m6_n12_pairwise1,2006-09-29,as_偏股混合型基金,,1,skipped,完整变量样本数小于 min_cross_section_n
FAC_rank_vol_m6_n12_pairwise1,2006-09-29,Ctrl_log_fund_size,,1,skipped,完整变量样本数小于 min_cross_section_n
FAC_rank_vol_m6_n12_pairwise1,2006-09-29,Ctrl_fund_age,,1,skipped,完整变量样本数小于 min_cross_section_n
FAC_rank_vol_m6_n12_pairwise1,2006-10-31,FAC_rank_vol_m6_n12_pairwise1,,1,skipped,完整变量样本数小于 min_cross_section_n
FAC_rank_vol_m6_n12_pairwise1,2006-10-31,CtrlRetSTR,,1,skipped,完整变量样本数小于 min_cross_section_n
FAC_rank_vol_m6_n12_pairwise1,2006-10-31,CtrlRetLTM,,1,skipped,完整变量样本数小于 min_cross_section_n
FAC_rank_vol_m6_n12_pairwise1,2006-10-31,CtrlVol,,1,skipped,完整变量样本数小于 min_cross_section_n
FAC_rank_vol_m6_n12_pairwise1,2006-10-31,as_偏股混合型基金,,1,skipped,完整变量样本数小于 min_cross_section_n
FAC_rank_vol_m6_n12_pairwise1,2006-10-31,Ctrl_log_fund_size,,1,skipped,完整变量样本数小于 min_cross_section_n
FAC_rank_vol_m6_n12_pairwise1,2006-10-31,Ctrl_fund_age,,1,skipped,完整变量样本数小于 min_cross_section_n
FAC_rank_vol_m6_n12_pairwise1,2006-11-30,FAC_rank_vol_m6_n12_pairwise1,,1,skipped,完整变量样本数小于 min_cross_section_n
FAC_rank_vol_m6_n12_pairwise1,2006-11-30,CtrlRetSTR,,1,skipped,完整变量样本数小于 min_cross_section_n
FAC_rank_vol_m6_n12_pairwise1,2006-11-30,CtrlRetLTM,,1,skipped,完整变量样本数小于 min_cross_section_n
FAC_rank_vol_m6_n12_pairwise1,2006-11-30,CtrlVol,,1,skipped,完整变量样本数小于 min_cross_section_n
FAC_rank_vol_m6_n12_pairwise1,2006-11-30,as_偏股混合型基金,,1,skipped,完整变量样本数小于 min_cross_section_n
FAC_rank_vol_m6_n12_pairwise1,2006-11-30,Ctrl_log_fund_size,,1,skipped,完整变量样本数小于 min_cross_section_n
FAC_rank_vol_m6_n12_pairwise1,2006-11-30,Ctrl_fund_age,,1,skipped,完整变量样本数小于 min_cross_section_n
FAC_rank_vol_m6_n12_pairwise1,2006-12-29,FAC_rank_vol_m6_n12_pairwise1,,3,skipped,完整变量样本数小于 min_cross_section_n
FAC_rank_vol_m6_n12_pairwise1,2006-12-29,CtrlRetSTR,,3,skipped,完整变量样本数小于 min_cross_section_n
FAC_rank_vol_m6_n12_pairwise1,2006-12-29,CtrlRetLTM,,3,skipped,完整变量样本数小于 min_cross_section_n
FAC_rank_vol_m6_n12_pairwise1,2006-12-29,CtrlVol,,3,skipped,完整变量样本数小于 min_cross_section_n
FAC_rank_vol_m6_n12_pairwise1,2006-12-29,as_偏股混合型基金,,3,skipped,完整变量样本数小于 min_cross_section_n
FAC_rank_vol_m6_n12_pairwise1,2006-12-29,Ctrl_log_fund_size,,3,skipped,完整变量样本数小于 min_cross_section_n
FAC_rank_vol_m6_n12_pairwise1,2006-12-29,Ctrl_fund_age,,3,skipped,完整变量样本数小于 min_cross_section_n
FAC_rank_vol_m6_n12_pairwise1,2007-01-31,FAC_rank_vol_m6_n12_pairwise1,,4,skipped,完整变量样本数小于 min_cross_section_n
FAC_rank_vol_m6_n12_pairwise1,2007-01-31,CtrlRetSTR,,4,skipped,完整变量样本数小于 min_cross_section_n
FAC_rank_vol_m6_n12_pairwise1,2007-01-31,CtrlRetLTM,,4,skipped,完整变量样本数小于 min_cross_section_n
FAC_rank_vol_m6_n12_pairwise1,2007-01-31,CtrlVol,,4,skipped,完整变量样本数小于 min_cross_section_n
FAC_rank_vol_m6_n12_pairwise1,2007-01-31,as_偏股混合型基金,,4,skipped,完整变量样本数小于 min_cross_section_n
FAC_rank_vol_m6_n12_pairwise1,2007-01-31,Ctrl_log_fund_size,,4,skipped,完整变量样本数小于 min_cross_section_n
FAC_rank_vol_m6_n12_pairwise1,2007-01-31,Ctrl_fund_age,,4,skipped,完整变量样本数小于 min_cross_section_n
FAC_rank_vol_m6_n12_pairwise1,2007-02-28,FAC_rank_vol_m6_n12_pairwise1,,4,skipped,完整变量样本数小于 min_cross_section_n
FAC_rank_vol_m6_n12_pairwise1,2007-02-28,CtrlRetSTR,,4,skipped,完整变量样本数小于 min_cross_section_n
FAC_rank_vol_m6_n12_pairwise1,2007-02-28,CtrlRetLTM,,4,skipped,完整变量样本数小于 min_cross_section_n
FAC_rank_vol_m6_n12_pairwise1,2007-02-28,CtrlVol,,4,skipped,完整变量样本数小于 min_cross_section_n
FAC_rank_vol_m6_n12_pairwise1,2007-02-28,as_偏股混合型基金,,4,skipped,完整变量样本数小于 min_cross_section_n
FAC_rank_vol_m6_n12_pairwise1,2007-02-28,Ctrl_log_fund_size,,4,skipped,完整变量样本数小于 min_cross_section_n
FAC_rank_vol_m6_n12_pairwise1,2007-02-28,Ctrl_fund_age,,4,skipped,完整变量样本数小于 min_cross_section_n
FAC_rank_vol_m6_n12_pairwise1,2007-03-30,FAC_rank_vol_m6_n12_pairwise1,,4,skipped,完整变量样本数小于 min_cross_section_n
FAC_rank_vol_m6_n12_pairwise1,2007-03-30,CtrlRetSTR,,4,skipped,完整变量样本数小于 min_cross_section_n
FAC_rank_vol_m6_n12_pairwise1,2007-03-30,CtrlRetLTM,,4,skipped,完整变量样本数小于 min_cross_section_n
FAC_rank_vol_m6_n12_pairwise1,2007-03-30,CtrlVol,,4,skipped,完整变量样本数小于 min_cross_section_n
FAC_rank_vol_m6_n12_pairwise1,2007-03-30,as_偏股混合型基金,,4,skipped,完整变量样本数小于 min_cross_section_n
FAC_rank_vol_m6_n12_pairwise1,2007-03-30,Ctrl_log_fund_size,,4,skipped,完整变量样本数小于 min_cross_section_n
FAC_rank_vol_m6_n12_pairwise1,2007-03-30,Ctrl_fund_age,,4,skipped,完整变量样本数小于 min_cross_section_n
FAC_rank_vol_m6_n12_pairwise1,2007-04-30,FAC_rank_vol_m6_n12_pairwise1,,3,skipped,完整变量样本数小于 min_cross_section_n
FAC_rank_vol_m6_n12_pairwise1,2007-04-30,CtrlRetSTR,,3,skipped,完整变量样本数小于 min_cross_section_n
FAC_rank_vol_m6_n12_pairwise1,2007-04-30,CtrlRetLTM,,3,skipped,完整变量样本数小于 min_cross_section_n
FAC_rank_vol_m6_n12_pairwise1,2007-04-30,CtrlVol,,3,skipped,完整变量样本数小于 min_cross_section_n
FAC_rank_vol_m6_n12_pairwise1,2007-04-30,as_偏股混合型基金,,3,skipped,完整变量样本数小于 min_cross_section_n
FAC_rank_vol_m6_n12_pairwise1,2007-04-30,Ctrl_log_fund_size,,3,skipped,完整变量样本数小于 min_cross_section_n
FAC_rank_vol_m6_n12_pairwise1,2007-04-30,Ctrl_fund_age,,3,skipped,完整变量样本数小于 min_cross_section_n
FAC_rank_vol_m6_n12_pairwise1,2007-05-31,FAC_rank_vol_m6_n12_pairwise1,,3,skipped,完整变量样本数小于 min_cross_section_n
FAC_rank_vol_m6_n12_pairwise1,2007-05-31,CtrlRetSTR,,3,skipped,完整变量样本数小于 min_cross_section_n
FAC_rank_vol_m6_n12_pairwise1,2007-05-31,CtrlRetLTM,,3,skipped,完整变量样本数小于 min_cross_section_n
FAC_rank_vol_m6_n12_pairwise1,2007-05-31,CtrlVol,,3,skipped,完整变量样本数小于 min_cross_section_n
FAC_rank_vol_m6_n12_pairwise1,2007-05-31,as_偏股混合型基金,,3,skipped,完整变量样本数小于 min_cross_section_n
FAC_rank_vol_m6_n12_pairwise1,2007-05-31,Ctrl_log_fund_size,,3,skipped,完整变量样本数小于 min_cross_section_n
FAC_rank_vol_m6_n12_pairwise1,2007-05-31,Ctrl_fund_age,,3,skipped,完整变量样本数小于 min_cross_section_n
FAC_rank_vol_m6_n12_pairwise1,2007-06-29,FAC_rank_vol_m6_n12_pairwise1,,3,skipped,完整变量样本数小于 min_cross_section_n
FAC_rank_vol_m6_n12_pairwise1,2007-06-29,CtrlRetSTR,,3,skipped,完整变量样本数小于 min_cross_section_n
FAC_rank_vol_m6_n12_pairwise1,2007-06-29,CtrlRetLTM,,3,skipped,完整变量样本数小于 min_cross_section_n
FAC_rank_vol_m6_n12_pairwise1,2007-06-29,CtrlVol,,3,skipped,完整变量样本数小于 min_cross_section_n
FAC_rank_vol_m6_n12_pairwise1,2007-06-29,as_偏股混合型基金,,3,skipped,完整变量样本数小于 min_cross_section_n
FAC_rank_vol_m6_n12_pairwise1,2007-06-29,Ctrl_log_fund_size,,3,skipped,完整变量样本数小于 min_cross_section_n
FAC_rank_vol_m6_n12_pairwise1,2007-06-29,Ctrl_fund_age,,3,skipped,完整变量样本数小于 min_cross_section_n
FAC_rank_vol_m6_n12_pairwise1,2007-07-31,FAC_rank_vol_m6_n12_pairwise1,,3,skipped,完整变量样本数小于 min_cross_section_n
FAC_rank_vol_m6_n12_pairwise1,2007-07-31,CtrlRetSTR,,3,skipped,完整变量样本数小于 min_cross_section_n
FAC_rank_vol_m6_n12_pairwise1,2007-07-31,CtrlRetLTM,,3,skipped,完整变量样本数小于 min_cross_section_n
FAC_rank_vol_m6_n12_pairwise1,2007-07-31,CtrlVol,,3,skipped,完整变量样本数小于 min_cross_section_n
FAC_rank_vol_m6_n12_pairwise1,2007-07-31,as_偏股混合型基金,,3,skipped,完整变量样本数小于 min_cross_section_n
FAC_rank_vol_m6_n12_pairwise1,2007-07-31,Ctrl_log_fund_size,,3,skipped,完整变量样本数小于 min_cross_section_n
FAC_rank_vol_m6_n12_pairwise1,2007-07-31,Ctrl_fund_age,,3,skipped,完整变量样本数小于 min_cross_section_n
FAC_rank_vol_m6_n12_pairwise1,2007-08-31,FAC_rank_vol_m6_n12_pairwise1,,4,skipped,完整变量样本数小于 min_cross_section_n
FAC_rank_vol_m6_n12_pairwise1,2007-08-31,CtrlRetSTR,,4,skipped,完整变量样本数小于 min_cross_section_n
FAC_rank_vol_m6_n12_pairwise1,2007-08-31,CtrlRetLTM,,4,skipped,完整变量样本数小于 min_cross_section_n
FAC_rank_vol_m6_n12_pairwise1,2007-08-31,CtrlVol,,4,skipped,完整变量样本数小于 min_cross_section_n
FAC_rank_vol_m6_n12_pairwise1,2007-08-31,as_偏股混合型基金,,4,skipped,完整变量样本数小于 min_cross_section_n
FAC_rank_vol_m6_n12_pairwise1,2007-08-31,Ctrl_log_fund_size,,4,skipped,完整变量样本数小于 min_cross_section_n
FAC_rank_vol_m6_n12_pairwise1,2007-08-31,Ctrl_fund_age,,4,skipped,完整变量样本数小于 min_cross_section_n
FAC_rank_vol_m6_n12_pairwise1,2007-09-28,FAC_rank_vol_m6_n12_pairwise1,,3,skipped,完整变量样本数小于 min_cross_section_n
FAC_rank_vol_m6_n12_pairwise1,2007-09-28,CtrlRetSTR,,3,skipped,完整变量样本数小于 min_cross_section_n
FAC_rank_vol_m6_n12_pairwise1,2007-09-28,CtrlRetLTM,,3,skipped,完整变量样本数小于 min_cross_section_n
FAC_rank_vol_m6_n12_pairwise1,2007-09-28,CtrlVol,,3,skipped,完整变量样本数小于 min_cross_section_n
FAC_rank_vol_m6_n12_pairwise1,2007-09-28,as_偏股混合型基金,,3,skipped,完整变量样本数小于 min_cross_section_n
FAC_rank_vol_m6_n12_pairwise1,2007-09-28,Ctrl_log_fund_size,,3,skipped,完整变量样本数小于 min_cross_section_n
FAC_rank_vol_m6_n12_pairwise1,2007-09-28,Ctrl_fund_age,,3,skipped,完整变量样本数小于 min_cross_section_n
FAC_rank_vol_m6_n12_pairwise1,2007-10-31,FAC_rank_vol_m6_n12_pairwise1,,3,skipped,完整变量样本数小于 min_cross_section_n
FAC_rank_vol_m6_n12_pairwise1,2007-10-31,CtrlRetSTR,,3,skipped,完整变量样本数小于 min_cross_section_n
FAC_rank_vol_m6_n12_pairwise1,2007-10-31,CtrlRetLTM,,3,skipped,完整变量样本数小于 min_cross_section_n
FAC_rank_vol_m6_n12_pairwise1,2007-10-31,CtrlVol,,3,skipped,完整变量样本数小于 min_cross_section_n
FAC_rank_vol_m6_n12_pairwise1,2007-10-31,as_偏股混合型基金,,3,skipped,完整变量样本数小于 min_cross_section_n
FAC_rank_vol_m6_n12_pairwise1,2007-10-31,Ctrl_log_fund_size,,3,skipped,完整变量样本数小于 min_cross_section_n
FAC_rank_vol_m6_n12_pairwise1,2007-10-31,Ctrl_fund_age,,3,skipped,完整变量样本数小于 min_cross_section_n
FAC_rank_vol_m6_n12_pairwise1,2007-11-30,FAC_rank_vol_m6_n12_pairwise1,,3,skipped,完整变量样本数小于 min_cross_section_n
FAC_rank_vol_m6_n12_pairwise1,2007-11-30,CtrlRetSTR,,3,skipped,完整变量样本数小于 min_cross_section_n
FAC_rank_vol_m6_n12_pairwise1,2007-11-30,CtrlRetLTM,,3,skipped,完整变量样本数小于 min_cross_section_n
FAC_rank_vol_m6_n12_pairwise1,2007-11-30,CtrlVol,,3,skipped,完整变量样本数小于 min_cross_section_n
FAC_rank_vol_m6_n12_pairwise1,2007-11-30,as_偏股混合型基金,,3,skipped,完整变量样本数小于 min_cross_section_n
FAC_rank_vol_m6_n12_pairwise1,2007-11-30,Ctrl_log_fund_size,,3,skipped,完整变量样本数小于 min_cross_section_n
FAC_rank_vol_m6_n12_pairwise1,2007-11-30,Ctrl_fund_age,,3,skipped,完整变量样本数小于 min_cross_section_n
FAC_rank_vol_m6_n12_pairwise1,2007-12-28,FAC_rank_vol_m6_n12_pairwise1,,4,skipped,完整变量样本数小于 min_cross_section_n
FAC_rank_vol_m6_n12_pairwise1,2007-12-28,CtrlRetSTR,,4,skipped,完整变量样本数小于 min_cross_section_n
FAC_rank_vol_m6_n12_pairwise1,2007-12-28,CtrlRetLTM,,4,skipped,完整变量样本数小于 min_cross_section_n
FAC_rank_vol_m6_n12_pairwise1,2007-12-28,CtrlVol,,4,skipped,完整变量样本数小于 min_cross_section_n
FAC_rank_vol_m6_n12_pairwise1,2007-12-28,as_偏股混合型基金,,4,skipped,完整变量样本数小于 min_cross_section_n
FAC_rank_vol_m6_n12_pairwise1,2007-12-28,Ctrl_log_fund_size,,4,skipped,完整变量样本数小于 min_cross_section_n
FAC_rank_vol_m6_n12_pairwise1,2007-12-28,Ctrl_fund_age,,4,skipped,完整变量样本数小于 min_cross_section_n
FAC_rank_vol_m6_n12_pairwise1,2008-01-31,FAC_rank_vol_m6_n12_pairwise1,,4,skipped,完整变量样本数小于 min_cross_section_n
FAC_rank_vol_m6_n12_pairwise1,2008-01-31,CtrlRetSTR,,4,skipped,完整变量样本数小于 min_cross_section_n
FAC_rank_vol_m6_n12_pairwise1,2008-01-31,CtrlRetLTM,,4,skipped,完整变量样本数小于 min_cross_section_n
FAC_rank_vol_m6_n12_pairwise1,2008-01-31,CtrlVol,,4,skipped,完整变量样本数小于 min_cross_section_n
FAC_rank_vol_m6_n12_pairwise1,2008-01-31,as_偏股混合型基金,,4,skipped,完整变量样本数小于 min_cross_section_n
FAC_rank_vol_m6_n12_pairwise1,2008-01-31,Ctrl_log_fund_size,,4,skipped,完整变量样本数小于 min_cross_section_n
FAC_rank_vol_m6_n12_pairwise1,2008-01-31,Ctrl_fund_age,,4,skipped,完整变量样本数小于 min_cross_section_n
FAC_rank_vol_m6_n12_pairwise1,2008-02-29,FAC_rank_vol_m6_n12_pairwise1,,4,skipped,完整变量样本数小于 min_cross_section_n
FAC_rank_vol_m6_n12_pairwise1,2008-02-29,CtrlRetSTR,,4,skipped,完整变量样本数小于 min_cross_section_n
FAC_rank_vol_m6_n12_pairwise1,2008-02-29,CtrlRetLTM,,4,skipped,完整变量样本数小于 min_cross_section_n
FAC_rank_vol_m6_n12_pairwise1,2008-02-29,CtrlVol,,4,skipped,完整变量样本数小于 min_cross_section_n
FAC_rank_vol_m6_n12_pairwise1,2008-02-29,as_偏股混合型基金,,4,skipped,完整变量样本数小于 min_cross_section_n
FAC_rank_vol_m6_n12_pairwise1,2008-02-29,Ctrl_log_fund_size,,4,skipped,完整变量样本数小于 min_cross_section_n
FAC_rank_vol_m6_n12_pairwise1,2008-02-29,Ctrl_fund_age,,4,skipped,完整变量样本数小于 min_cross_section_n
FAC_rank_vol_m6_n12_pairwise1,2008-03-31,FAC_rank_vol_m6_n12_pairwise1,,4,skipped,完整变量样本数小于 min_cross_section_n
FAC_rank_vol_m6_n12_pairwise1,2008-03-31,CtrlRetSTR,,4,skipped,完整变量样本数小于 min_cross_section_n
FAC_rank_vol_m6_n12_pairwise1,2008-03-31,CtrlRetLTM,,4,skipped,完整变量样本数小于 min_cross_section_n
FAC_rank_vol_m6_n12_pairwise1,2008-03-31,CtrlVol,,4,skipped,完整变量样本数小于 min_cross_section_n
FAC_rank_vol_m6_n12_pairwise1,2008-03-31,as_偏股混合型基金,,4,skipped,完整变量样本数小于 min_cross_section_n
FAC_rank_vol_m6_n12_pairwise1,2008-03-31,Ctrl_log_fund_size,,4,skipped,完整变量样本数小于 min_cross_section_n
FAC_rank_vol_m6_n12_pairwise1,2008-03-31,Ctrl_fund_age,,4,skipped,完整变量样本数小于 min_cross_section_n
FAC_rank_vol_m6_n12_pairwise1,2008-04-30,FAC_rank_vol_m6_n12_pairwise1,,5,skipped,完整变量样本数小于 min_cross_section_n
FAC_rank_vol_m6_n12_pairwise1,2008-04-30,CtrlRetSTR,,5,skipped,完整变量样本数小于 min_cross_section_n
FAC_rank_vol_m6_n12_pairwise1,2008-04-30,CtrlRetLTM,,5,skipped,完整变量样本数小于 min_cross_section_n
FAC_rank_vol_m6_n12_pairwise1,2008-04-30,CtrlVol,,5,skipped,完整变量样本数小于 min_cross_section_n
FAC_rank_vol_m6_n12_pairwise1,2008-04-30,as_偏股混合型基金,,5,skipped,完整变量样本数小于 min_cross_section_n
FAC_rank_vol_m6_n12_pairwise1,2008-04-30,Ctrl_log_fund_size,,5,skipped,完整变量样本数小于 min_cross_section_n
FAC_rank_vol_m6_n12_pairwise1,2008-04-30,Ctrl_fund_age,,5,skipped,完整变量样本数小于 min_cross_section_n
FAC_rank_vol_m6_n12_pairwise1,2008-05-30,FAC_rank_vol_m6_n12_pairwise1,,8,skipped,完整变量样本数小于 min_cross_section_n
FAC_rank_vol_m6_n12_pairwise1,2008-05-30,CtrlRetSTR,,8,skipped,完整变量样本数小于 min_cross_section_n
FAC_rank_vol_m6_n12_pairwise1,2008-05-30,CtrlRetLTM,,8,skipped,完整变量样本数小于 min_cross_section_n
FAC_rank_vol_m6_n12_pairwise1,2008-05-30,CtrlVol,,8,skipped,完整变量样本数小于 min_cross_section_n
FAC_rank_vol_m6_n12_pairwise1,2008-05-30,as_偏股混合型基金,,8,skipped,完整变量样本数小于 min_cross_section_n
FAC_rank_vol_m6_n12_pairwise1,2008-05-30,Ctrl_log_fund_size,,8,skipped,完整变量样本数小于 min_cross_section_n
FAC_rank_vol_m6_n12_pairwise1,2008-05-30,Ctrl_fund_age,,8,skipped,完整变量样本数小于 min_cross_section_n
FAC_rank_vol_m6_n12_pairwise1,2008-06-30,FAC_rank_vol_m6_n12_pairwise1,,8,skipped,完整变量样本数小于 min_cross_section_n
FAC_rank_vol_m6_n12_pairwise1,2008-06-30,CtrlRetSTR,,8,skipped,完整变量样本数小于 min_cross_section_n
FAC_rank_vol_m6_n12_pairwise1,2008-06-30,CtrlRetLTM,,8,skipped,完整变量样本数小于 min_cross_section_n
FAC_rank_vol_m6_n12_pairwise1,2008-06-30,CtrlVol,,8,skipped,完整变量样本数小于 min_cross_section_n
FAC_rank_vol_m6_n12_pairwise1,2008-06-30,as_偏股混合型基金,,8,skipped,完整变量样本数小于 min_cross_section_n
FAC_rank_vol_m6_n12_pairwise1,2008-06-30,Ctrl_log_fund_size,,8,skipped,完整变量样本数小于 min_cross_section_n
FAC_rank_vol_m6_n12_pairwise1,2008-06-30,Ctrl_fund_age,,8,skipped,完整变量样本数小于 min_cross_section_n
FAC_rank_vol_m6_n12_pairwise1,2008-07-31,FAC_rank_vol_m6_n12_pairwise1,,8,skipped,完整变量样本数小于 min_cross_section_n
FAC_rank_vol_m6_n12_pairwise1,2008-07-31,CtrlRetSTR,,8,skipped,完整变量样本数小于 min_cross_section_n
FAC_rank_vol_m6_n12_pairwise1,2008-07-31,CtrlRetLTM,,8,skipped,完整变量样本数小于 min_cross_section_n
FAC_rank_vol_m6_n12_pairwise1,2008-07-31,CtrlVol,,8,skipped,完整变量样本数小于 min_cross_section_n
FAC_rank_vol_m6_n12_pairwise1,2008-07-31,as_偏股混合型基金,,8,skipped,完整变量样本数小于 min_cross_section_n
FAC_rank_vol_m6_n12_pairwise1,2008-07-31,Ctrl_log_fund_size,,8,skipped,完整变量样本数小于 min_cross_section_n
FAC_rank_vol_m6_n12_pairwise1,2008-07-31,Ctrl_fund_age,,8,skipped,完整变量样本数小于 min_cross_section_n
FAC_rank_vol_m6_n12_pairwise1,2008-08-29,FAC_rank_vol_m6_n12_pairwise1,,8,skipped,完整变量样本数小于 min_cross_section_n
FAC_rank_vol_m6_n12_pairwise1,2008-08-29,CtrlRetSTR,,8,skipped,完整变量样本数小于 min_cross_section_n
FAC_rank_vol_m6_n12_pairwise1,2008-08-29,CtrlRetLTM,,8,skipped,完整变量样本数小于 min_cross_section_n
FAC_rank_vol_m6_n12_pairwise1,2008-08-29,CtrlVol,,8,skipped,完整变量样本数小于 min_cross_section_n
FAC_rank_vol_m6_n12_pairwise1,2008-08-29,as_偏股混合型基金,,8,skipped,完整变量样本数小于 min_cross_section_n
FAC_rank_vol_m6_n12_pairwise1,2008-08-29,Ctrl_log_fund_size,,8,skipped,完整变量样本数小于 min_cross_section_n
FAC_rank_vol_m6_n12_pairwise1,2008-08-29,Ctrl_fund_age,,8,skipped,完整变量样本数小于 min_cross_section_n
FAC_rank_vol_m6_n12_pairwise1,2008-09-26,FAC_rank_vol_m6_n12_pairwise1,,9,skipped,完整变量样本数小于 min_cross_section_n
FAC_rank_vol_m6_n12_pairwise1,2008-09-26,CtrlRetSTR,,9,skipped,完整变量样本数小于 min_cross_section_n
FAC_rank_vol_m6_n12_pairwise1,2008-09-26,CtrlRetLTM,,9,skipped,完整变量样本数小于 min_cross_section_n
FAC_rank_vol_m6_n12_pairwise1,2008-09-26,CtrlVol,,9,skipped,完整变量样本数小于 min_cross_section_n
FAC_rank_vol_m6_n12_pairwise1,2008-09-26,as_偏股混合型基金,,9,skipped,完整变量样本数小于 min_cross_section_n
FAC_rank_vol_m6_n12_pairwise1,2008-09-26,Ctrl_log_fund_size,,9,skipped,完整变量样本数小于 min_cross_section_n
FAC_rank_vol_m6_n12_pairwise1,2008-09-26,Ctrl_fund_age,,9,skipped,完整变量样本数小于 min_cross_section_n
FAC_rank_vol_m6_n12_pairwise1,2008-10-31,FAC_rank_vol_m6_n12_pairwise1,,10,skipped,完整变量样本数小于 min_cross_section_n
FAC_rank_vol_m6_n12_pairwise1,2008-10-31,CtrlRetSTR,,10,skipped,完整变量样本数小于 min_cross_section_n
FAC_rank_vol_m6_n12_pairwise1,2008-10-31,CtrlRetLTM,,10,skipped,完整变量样本数小于 min_cross_section_n
FAC_rank_vol_m6_n12_pairwise1,2008-10-31,CtrlVol,,10,skipped,完整变量样本数小于 min_cross_section_n
FAC_rank_vol_m6_n12_pairwise1,2008-10-31,as_偏股混合型基金,,10,skipped,完整变量样本数小于 min_cross_section_n
FAC_rank_vol_m6_n12_pairwise1,2008-10-31,Ctrl_log_fund_size,,10,skipped,完整变量样本数小于 min_cross_section_n
FAC_rank_vol_m6_n12_pairwise1,2008-10-31,Ctrl_fund_age,,10,skipped,完整变量样本数小于 min_cross_section_n
FAC_rank_vol_m6_n12_pairwise1,2008-11-28,FAC_rank_vol_m6_n12_pairwise1,,13,skipped,完整变量样本数小于 min_cross_section_n
FAC_rank_vol_m6_n12_pairwise1,2008-11-28,CtrlRetSTR,,13,skipped,完整变量样本数小于 min_cross_section_n
FAC_rank_vol_m6_n12_pairwise1,2008-11-28,CtrlRetLTM,,13,skipped,完整变量样本数小于 min_cross_section_n
FAC_rank_vol_m6_n12_pairwise1,2008-11-28,CtrlVol,,13,skipped,完整变量样本数小于 min_cross_section_n
FAC_rank_vol_m6_n12_pairwise1,2008-11-28,as_偏股混合型基金,,13,skipped,完整变量样本数小于 min_cross_section_n
FAC_rank_vol_m6_n12_pairwise1,2008-11-28,Ctrl_log_fund_size,,13,skipped,完整变量样本数小于 min_cross_section_n
FAC_rank_vol_m6_n12_pairwise1,2008-11-28,Ctrl_fund_age,,13,skipped,完整变量样本数小于 min_cross_section_n
FAC_rank_vol_m6_n12_pairwise1,2008-12-31,FAC_rank_vol_m6_n12_pairwise1,,14,skipped,完整变量样本数小于 min_cross_section_n
FAC_rank_vol_m6_n12_pairwise1,2008-12-31,CtrlRetSTR,,14,skipped,完整变量样本数小于 min_cross_section_n
FAC_rank_vol_m6_n12_pairwise1,2008-12-31,CtrlRetLTM,,14,skipped,完整变量样本数小于 min_cross_section_n
FAC_rank_vol_m6_n12_pairwise1,2008-12-31,CtrlVol,,14,skipped,完整变量样本数小于 min_cross_section_n
FAC_rank_vol_m6_n12_pairwise1,2008-12-31,as_偏股混合型基金,,14,skipped,完整变量样本数小于 min_cross_section_n
FAC_rank_vol_m6_n12_pairwise1,2008-12-31,Ctrl_log_fund_size,,14,skipped,完整变量样本数小于 min_cross_section_n
FAC_rank_vol_m6_n12_pairwise1,2008-12-31,Ctrl_fund_age,,14,skipped,完整变量样本数小于 min_cross_section_n
FAC_rank_vol_m6_n12_pairwise1,2009-01-23,FAC_rank_vol_m6_n12_pairwise1,,13,skipped,完整变量样本数小于 min_cross_section_n
FAC_rank_vol_m6_n12_pairwise1,2009-01-23,CtrlRetSTR,,13,skipped,完整变量样本数小于 min_cross_section_n
FAC_rank_vol_m6_n12_pairwise1,2009-01-23,CtrlRetLTM,,13,skipped,完整变量样本数小于 min_cross_section_n
FAC_rank_vol_m6_n12_pairwise1,2009-01-23,CtrlVol,,13,skipped,完整变量样本数小于 min_cross_section_n
FAC_rank_vol_m6_n12_pairwise1,2009-01-23,as_偏股混合型基金,,13,skipped,完整变量样本数小于 min_cross_section_n
FAC_rank_vol_m6_n12_pairwise1,2009-01-23,Ctrl_log_fund_size,,13,skipped,完整变量样本数小于 min_cross_section_n
FAC_rank_vol_m6_n12_pairwise1,2009-01-23,Ctrl_fund_age,,13,skipped,完整变量样本数小于 min_cross_section_n
FAC_rank_vol_m6_n12_pairwise1,2009-02-27,FAC_rank_vol_m6_n12_pairwise1,,15,skipped,完整变量样本数小于 min_cross_section_n
FAC_rank_vol_m6_n12_pairwise1,2009-02-27,CtrlRetSTR,,15,skipped,完整变量样本数小于 min_cross_section_n
FAC_rank_vol_m6_n12_pairwise1,2009-02-27,CtrlRetLTM,,15,skipped,完整变量样本数小于 min_cross_section_n
FAC_rank_vol_m6_n12_pairwise1,2009-02-27,CtrlVol,,15,skipped,完整变量样本数小于 min_cross_section_n
FAC_rank_vol_m6_n12_pairwise1,2009-02-27,as_偏股混合型基金,,15,skipped,完整变量样本数小于 min_cross_section_n
FAC_rank_vol_m6_n12_pairwise1,2009-02-27,Ctrl_log_fund_size,,15,skipped,完整变量样本数小于 min_cross_section_n
FAC_rank_vol_m6_n12_pairwise1,2009-02-27,Ctrl_fund_age,,15,skipped,完整变量样本数小于 min_cross_section_n
FAC_rank_vol_m6_n12_pairwise1,2009-03-31,FAC_rank_vol_m6_n12_pairwise1,,14,skipped,完整变量样本数小于 min_cross_section_n
FAC_rank_vol_m6_n12_pairwise1,2009-03-31,CtrlRetSTR,,14,skipped,完整变量样本数小于 min_cross_section_n
FAC_rank_vol_m6_n12_pairwise1,2009-03-31,CtrlRetLTM,,14,skipped,完整变量样本数小于 min_cross_section_n
FAC_rank_vol_m6_n12_pairwise1,2009-03-31,CtrlVol,,14,skipped,完整变量样本数小于 min_cross_section_n
FAC_rank_vol_m6_n12_pairwise1,2009-03-31,as_偏股混合型基金,,14,skipped,完整变量样本数小于 min_cross_section_n
FAC_rank_vol_m6_n12_pairwise1,2009-03-31,Ctrl_log_fund_size,,14,skipped,完整变量样本数小于 min_cross_section_n
FAC_rank_vol_m6_n12_pairwise1,2009-03-31,Ctrl_fund_age,,14,skipped,完整变量样本数小于 min_cross_section_n
FAC_rank_vol_m6_n12_pairwise1,2009-04-30,FAC_rank_vol_m6_n12_pairwise1,,20,skipped,完整变量样本数小于 min_cross_section_n
FAC_rank_vol_m6_n12_pairwise1,2009-04-30,CtrlRetSTR,,20,skipped,完整变量样本数小于 min_cross_section_n
FAC_rank_vol_m6_n12_pairwise1,2009-04-30,CtrlRetLTM,,20,skipped,完整变量样本数小于 min_cross_section_n
FAC_rank_vol_m6_n12_pairwise1,2009-04-30,CtrlVol,,20,skipped,完整变量样本数小于 min_cross_section_n
FAC_rank_vol_m6_n12_pairwise1,2009-04-30,as_偏股混合型基金,,20,skipped,完整变量样本数小于 min_cross_section_n
FAC_rank_vol_m6_n12_pairwise1,2009-04-30,Ctrl_log_fund_size,,20,skipped,完整变量样本数小于 min_cross_section_n
FAC_rank_vol_m6_n12_pairwise1,2009-04-30,Ctrl_fund_age,,20,skipped,完整变量样本数小于 min_cross_section_n
FAC_rank_vol_m6_n12_pairwise1,2009-05-27,FAC_rank_vol_m6_n12_pairwise1,,20,skipped,完整变量样本数小于 min_cross_section_n
FAC_rank_vol_m6_n12_pairwise1,2009-05-27,CtrlRetSTR,,20,skipped,完整变量样本数小于 min_cross_section_n
FAC_rank_vol_m6_n12_pairwise1,2009-05-27,CtrlRetLTM,,20,skipped,完整变量样本数小于 min_cross_section_n
FAC_rank_vol_m6_n12_pairwise1,2009-05-27,CtrlVol,,20,skipped,完整变量样本数小于 min_cross_section_n
FAC_rank_vol_m6_n12_pairwise1,2009-05-27,as_偏股混合型基金,,20,skipped,完整变量样本数小于 min_cross_section_n
FAC_rank_vol_m6_n12_pairwise1,2009-05-27,Ctrl_log_fund_size,,20,skipped,完整变量样本数小于 min_cross_section_n
FAC_rank_vol_m6_n12_pairwise1,2009-05-27,Ctrl_fund_age,,20,skipped,完整变量样本数小于 min_cross_section_n
FAC_rank_vol_m6_n12_pairwise1,2009-06-30,FAC_rank_vol_m6_n12_pairwise1,,20,skipped,完整变量样本数小于 min_cross_section_n
FAC_rank_vol_m6_n12_pairwise1,2009-06-30,CtrlRetSTR,,20,skipped,完整变量样本数小于 min_cross_section_n
FAC_rank_vol_m6_n12_pairwise1,2009-06-30,CtrlRetLTM,,20,skipped,完整变量样本数小于 min_cross_section_n
FAC_rank_vol_m6_n12_pairwise1,2009-06-30,CtrlVol,,20,skipped,完整变量样本数小于 min_cross_section_n
FAC_rank_vol_m6_n12_pairwise1,2009-06-30,as_偏股混合型基金,,20,skipped,完整变量样本数小于 min_cross_section_n
FAC_rank_vol_m6_n12_pairwise1,2009-06-30,Ctrl_log_fund_size,,20,skipped,完整变量样本数小于 min_cross_section_n
FAC_rank_vol_m6_n12_pairwise1,2009-06-30,Ctrl_fund_age,,20,skipped,完整变量样本数小于 min_cross_section_n
FAC_rank_vol_m6_n12_pairwise1,2009-07-31,FAC_rank_vol_m6_n12_pairwise1,,20,skipped,完整变量样本数小于 min_cross_section_n
FAC_rank_vol_m6_n12_pairwise1,2009-07-31,CtrlRetSTR,,20,skipped,完整变量样本数小于 min_cross_section_n
FAC_rank_vol_m6_n12_pairwise1,2009-07-31,CtrlRetLTM,,20,skipped,完整变量样本数小于 min_cross_section_n
FAC_rank_vol_m6_n12_pairwise1,2009-07-31,CtrlVol,,20,skipped,完整变量样本数小于 min_cross_section_n
FAC_rank_vol_m6_n12_pairwise1,2009-07-31,as_偏股混合型基金,,20,skipped,完整变量样本数小于 min_cross_section_n
FAC_rank_vol_m6_n12_pairwise1,2009-07-31,Ctrl_log_fund_size,,20,skipped,完整变量样本数小于 min_cross_section_n
FAC_rank_vol_m6_n12_pairwise1,2009-07-31,Ctrl_fund_age,,20,skipped,完整变量样本数小于 min_cross_section_n
FAC_rank_vol_m6_n12_pairwise1,2009-08-31,FAC_rank_vol_m6_n12_pairwise1,,20,skipped,完整变量样本数小于 min_cross_section_n
FAC_rank_vol_m6_n12_pairwise1,2009-08-31,CtrlRetSTR,,20,skipped,完整变量样本数小于 min_cross_section_n
FAC_rank_vol_m6_n12_pairwise1,2009-08-31,CtrlRetLTM,,20,skipped,完整变量样本数小于 min_cross_section_n
FAC_rank_vol_m6_n12_pairwise1,2009-08-31,CtrlVol,,20,skipped,完整变量样本数小于 min_cross_section_n
FAC_rank_vol_m6_n12_pairwise1,2009-08-31,as_偏股混合型基金,,20,skipped,完整变量样本数小于 min_cross_section_n
FAC_rank_vol_m6_n12_pairwise1,2009-08-31,Ctrl_log_fund_size,,20,skipped,完整变量样本数小于 min_cross_section_n
FAC_rank_vol_m6_n12_pairwise1,2009-08-31,Ctrl_fund_age,,20,skipped,完整变量样本数小于 min_cross_section_n
FAC_rank_vol_m6_n12_pairwise1,2009-09-30,FAC_rank_vol_m6_n12_pairwise1,,24,skipped,完整变量样本数小于 min_cross_section_n
FAC_rank_vol_m6_n12_pairwise1,2009-09-30,CtrlRetSTR,,24,skipped,完整变量样本数小于 min_cross_section_n
FAC_rank_vol_m6_n12_pairwise1,2009-09-30,CtrlRetLTM,,24,skipped,完整变量样本数小于 min_cross_section_n
FAC_rank_vol_m6_n12_pairwise1,2009-09-30,CtrlVol,,24,skipped,完整变量样本数小于 min_cross_section_n
FAC_rank_vol_m6_n12_pairwise1,2009-09-30,as_偏股混合型基金,,24,skipped,完整变量样本数小于 min_cross_section_n
FAC_rank_vol_m6_n12_pairwise1,2009-09-30,Ctrl_log_fund_size,,24,skipped,完整变量样本数小于 min_cross_section_n
FAC_rank_vol_m6_n12_pairwise1,2009-09-30,Ctrl_fund_age,,24,skipped,完整变量样本数小于 min_cross_section_n
FAC_rank_vol_m6_n12_pairwise1,2009-10-30,FAC_rank_vol_m6_n12_pairwise1,,25,skipped,完整变量样本数小于 min_cross_section_n
FAC_rank_vol_m6_n12_pairwise1,2009-10-30,CtrlRetSTR,,25,skipped,完整变量样本数小于 min_cross_section_n
FAC_rank_vol_m6_n12_pairwise1,2009-10-30,CtrlRetLTM,,25,skipped,完整变量样本数小于 min_cross_section_n
FAC_rank_vol_m6_n12_pairwise1,2009-10-30,CtrlVol,,25,skipped,完整变量样本数小于 min_cross_section_n
FAC_rank_vol_m6_n12_pairwise1,2009-10-30,as_偏股混合型基金,,25,skipped,完整变量样本数小于 min_cross_section_n
FAC_rank_vol_m6_n12_pairwise1,2009-10-30,Ctrl_log_fund_size,,25,skipped,完整变量样本数小于 min_cross_section_n
FAC_rank_vol_m6_n12_pairwise1,2009-10-30,Ctrl_fund_age,,25,skipped,完整变量样本数小于 min_cross_section_n
FAC_rank_vol_m6_n12_pairwise1,2009-11-30,FAC_rank_vol_m6_n12_pairwise1,,26,skipped,完整变量样本数小于 min_cross_section_n
FAC_rank_vol_m6_n12_pairwise1,2009-11-30,CtrlRetSTR,,26,skipped,完整变量样本数小于 min_cross_section_n
FAC_rank_vol_m6_n12_pairwise1,2009-11-30,CtrlRetLTM,,26,skipped,完整变量样本数小于 min_cross_section_n
FAC_rank_vol_m6_n12_pairwise1,2009-11-30,CtrlVol,,26,skipped,完整变量样本数小于 min_cross_section_n
FAC_rank_vol_m6_n12_pairwise1,2009-11-30,as_偏股混合型基金,,26,skipped,完整变量样本数小于 min_cross_section_n
FAC_rank_vol_m6_n12_pairwise1,2009-11-30,Ctrl_log_fund_size,,26,skipped,完整变量样本数小于 min_cross_section_n
FAC_rank_vol_m6_n12_pairwise1,2009-11-30,Ctrl_fund_age,,26,skipped,完整变量样本数小于 min_cross_section_n
FAC_rank_vol_m6_n12_pairwise1,2009-12-31,FAC_rank_vol_m6_n12_pairwise1,,25,skipped,完整变量样本数小于 min_cross_section_n
FAC_rank_vol_m6_n12_pairwise1,2009-12-31,CtrlRetSTR,,25,skipped,完整变量样本数小于 min_cross_section_n
FAC_rank_vol_m6_n12_pairwise1,2009-12-31,CtrlRetLTM,,25,skipped,完整变量样本数小于 min_cross_section_n
FAC_rank_vol_m6_n12_pairwise1,2009-12-31,CtrlVol,,25,skipped,完整变量样本数小于 min_cross_section_n
FAC_rank_vol_m6_n12_pairwise1,2009-12-31,as_偏股混合型基金,,25,skipped,完整变量样本数小于 min_cross_section_n
FAC_rank_vol_m6_n12_pairwise1,2009-12-31,Ctrl_log_fund_size,,25,skipped,完整变量样本数小于 min_cross_section_n
FAC_rank_vol_m6_n12_pairwise1,2009-12-31,Ctrl_fund_age,,25,skipped,完整变量样本数小于 min_cross_section_n
FAC_rank_vol_m6_n12_pairwise1,2010-01-29,FAC_rank_vol_m6_n12_pairwise1,,29,skipped,完整变量样本数小于 min_cross_section_n
FAC_rank_vol_m6_n12_pairwise1,2010-01-29,CtrlRetSTR,,29,skipped,完整变量样本数小于 min_cross_section_n
FAC_rank_vol_m6_n12_pairwise1,2010-01-29,CtrlRetLTM,,29,skipped,完整变量样本数小于 min_cross_section_n
FAC_rank_vol_m6_n12_pairwise1,2010-01-29,CtrlVol,,29,skipped,完整变量样本数小于 min_cross_section_n
FAC_rank_vol_m6_n12_pairwise1,2010-01-29,as_偏股混合型基金,,29,skipped,完整变量样本数小于 min_cross_section_n
FAC_rank_vol_m6_n12_pairwise1,2010-01-29,Ctrl_log_fund_size,,29,skipped,完整变量样本数小于 min_cross_section_n
FAC_rank_vol_m6_n12_pairwise1,2010-01-29,Ctrl_fund_age,,29,skipped,完整变量样本数小于 min_cross_section_n
FAC_rank_vol_m6_n12_pairwise1,2010-02-26,FAC_rank_vol_m6_n12_pairwise1,,32,skipped,完整变量样本数小于 min_cross_section_n
FAC_rank_vol_m6_n12_pairwise1,2010-02-26,CtrlRetSTR,,32,skipped,完整变量样本数小于 min_cross_section_n
FAC_rank_vol_m6_n12_pairwise1,2010-02-26,CtrlRetLTM,,32,skipped,完整变量样本数小于 min_cross_section_n
FAC_rank_vol_m6_n12_pairwise1,2010-02-26,CtrlVol,,32,skipped,完整变量样本数小于 min_cross_section_n
FAC_rank_vol_m6_n12_pairwise1,2010-02-26,as_偏股混合型基金,,32,skipped,完整变量样本数小于 min_cross_section_n
FAC_rank_vol_m6_n12_pairwise1,2010-02-26,Ctrl_log_fund_size,,32,skipped,完整变量样本数小于 min_cross_section_n
FAC_rank_vol_m6_n12_pairwise1,2010-02-26,Ctrl_fund_age,,32,skipped,完整变量样本数小于 min_cross_section_n
FAC_rank_vol_m6_n12_pairwise1,2010-03-31,FAC_rank_vol_m6_n12_pairwise1,,31,skipped,完整变量样本数小于 min_cross_section_n
FAC_rank_vol_m6_n12_pairwise1,2010-03-31,CtrlRetSTR,,31,skipped,完整变量样本数小于 min_cross_section_n
FAC_rank_vol_m6_n12_pairwise1,2010-03-31,CtrlRetLTM,,31,skipped,完整变量样本数小于 min_cross_section_n
FAC_rank_vol_m6_n12_pairwise1,2010-03-31,CtrlVol,,31,skipped,完整变量样本数小于 min_cross_section_n
FAC_rank_vol_m6_n12_pairwise1,2010-03-31,as_偏股混合型基金,,31,skipped,完整变量样本数小于 min_cross_section_n
FAC_rank_vol_m6_n12_pairwise1,2010-03-31,Ctrl_log_fund_size,,31,skipped,完整变量样本数小于 min_cross_section_n
FAC_rank_vol_m6_n12_pairwise1,2010-03-31,Ctrl_fund_age,,31,skipped,完整变量样本数小于 min_cross_section_n
FAC_rank_vol_m6_n12_pairwise1,2010-04-30,FAC_rank_vol_m6_n12_pairwise1,,32,skipped,完整变量样本数小于 min_cross_section_n
FAC_rank_vol_m6_n12_pairwise1,2010-04-30,CtrlRetSTR,,32,skipped,完整变量样本数小于 min_cross_section_n
FAC_rank_vol_m6_n12_pairwise1,2010-04-30,CtrlRetLTM,,32,skipped,完整变量样本数小于 min_cross_section_n
FAC_rank_vol_m6_n12_pairwise1,2010-04-30,CtrlVol,,32,skipped,完整变量样本数小于 min_cross_section_n
FAC_rank_vol_m6_n12_pairwise1,2010-04-30,as_偏股混合型基金,,32,skipped,完整变量样本数小于 min_cross_section_n
FAC_rank_vol_m6_n12_pairwise1,2010-04-30,Ctrl_log_fund_size,,32,skipped,完整变量样本数小于 min_cross_section_n
FAC_rank_vol_m6_n12_pairwise1,2010-04-30,Ctrl_fund_age,,32,skipped,完整变量样本数小于 min_cross_section_n
FAC_rank_vol_m6_n12_pairwise1,2010-05-31,FAC_rank_vol_m6_n12_pairwise1,,34,skipped,完整变量样本数小于 min_cross_section_n
FAC_rank_vol_m6_n12_pairwise1,2010-05-31,CtrlRetSTR,,34,skipped,完整变量样本数小于 min_cross_section_n
FAC_rank_vol_m6_n12_pairwise1,2010-05-31,CtrlRetLTM,,34,skipped,完整变量样本数小于 min_cross_section_n
FAC_rank_vol_m6_n12_pairwise1,2010-05-31,CtrlVol,,34,skipped,完整变量样本数小于 min_cross_section_n
FAC_rank_vol_m6_n12_pairwise1,2010-05-31,as_偏股混合型基金,,34,skipped,完整变量样本数小于 min_cross_section_n
FAC_rank_vol_m6_n12_pairwise1,2010-05-31,Ctrl_log_fund_size,,34,skipped,完整变量样本数小于 min_cross_section_n
FAC_rank_vol_m6_n12_pairwise1,2010-05-31,Ctrl_fund_age,,34,skipped,完整变量样本数小于 min_cross_section_n
FAC_rank_vol_m6_n12_pairwise1,2010-06-30,FAC_rank_vol_m6_n12_pairwise1,,37,skipped,完整变量样本数小于 min_cross_section_n
FAC_rank_vol_m6_n12_pairwise1,2010-06-30,CtrlRetSTR,,37,skipped,完整变量样本数小于 min_cross_section_n
FAC_rank_vol_m6_n12_pairwise1,2010-06-30,CtrlRetLTM,,37,skipped,完整变量样本数小于 min_cross_section_n
FAC_rank_vol_m6_n12_pairwise1,2010-06-30,CtrlVol,,37,skipped,完整变量样本数小于 min_cross_section_n
FAC_rank_vol_m6_n12_pairwise1,2010-06-30,as_偏股混合型基金,,37,skipped,完整变量样本数小于 min_cross_section_n
FAC_rank_vol_m6_n12_pairwise1,2010-06-30,Ctrl_log_fund_size,,37,skipped,完整变量样本数小于 min_cross_section_n
FAC_rank_vol_m6_n12_pairwise1,2010-06-30,Ctrl_fund_age,,37,skipped,完整变量样本数小于 min_cross_section_n
FAC_rank_vol_m6_n12_pairwise1,2010-07-30,FAC_rank_vol_m6_n12_pairwise1,,39,skipped,完整变量样本数小于 min_cross_section_n
FAC_rank_vol_m6_n12_pairwise1,2010-07-30,CtrlRetSTR,,39,skipped,完整变量样本数小于 min_cross_section_n
FAC_rank_vol_m6_n12_pairwise1,2010-07-30,CtrlRetLTM,,39,skipped,完整变量样本数小于 min_cross_section_n
FAC_rank_vol_m6_n12_pairwise1,2010-07-30,CtrlVol,,39,skipped,完整变量样本数小于 min_cross_section_n
FAC_rank_vol_m6_n12_pairwise1,2010-07-30,as_偏股混合型基金,,39,skipped,完整变量样本数小于 min_cross_section_n
FAC_rank_vol_m6_n12_pairwise1,2010-07-30,Ctrl_log_fund_size,,39,skipped,完整变量样本数小于 min_cross_section_n
FAC_rank_vol_m6_n12_pairwise1,2010-07-30,Ctrl_fund_age,,39,skipped,完整变量样本数小于 min_cross_section_n
FAC_rank_vol_m6_n12_pairwise1,2010-08-31,FAC_rank_vol_m6_n12_pairwise1,,36,skipped,完整变量样本数小于 min_cross_section_n
FAC_rank_vol_m6_n12_pairwise1,2010-08-31,CtrlRetSTR,,36,skipped,完整变量样本数小于 min_cross_section_n
FAC_rank_vol_m6_n12_pairwise1,2010-08-31,CtrlRetLTM,,36,skipped,完整变量样本数小于 min_cross_section_n
FAC_rank_vol_m6_n12_pairwise1,2010-08-31,CtrlVol,,36,skipped,完整变量样本数小于 min_cross_section_n
FAC_rank_vol_m6_n12_pairwise1,2010-08-31,as_偏股混合型基金,,36,skipped,完整变量样本数小于 min_cross_section_n
FAC_rank_vol_m6_n12_pairwise1,2010-08-31,Ctrl_log_fund_size,,36,skipped,完整变量样本数小于 min_cross_section_n
FAC_rank_vol_m6_n12_pairwise1,2010-08-31,Ctrl_fund_age,,36,skipped,完整变量样本数小于 min_cross_section_n
FAC_rank_vol_m6_n12_pairwise1,2010-09-30,FAC_rank_vol_m6_n12_pairwise1,,39,skipped,完整变量样本数小于 min_cross_section_n
FAC_rank_vol_m6_n12_pairwise1,2010-09-30,CtrlRetSTR,,39,skipped,完整变量样本数小于 min_cross_section_n
FAC_rank_vol_m6_n12_pairwise1,2010-09-30,CtrlRetLTM,,39,skipped,完整变量样本数小于 min_cross_section_n
FAC_rank_vol_m6_n12_pairwise1,2010-09-30,CtrlVol,,39,skipped,完整变量样本数小于 min_cross_section_n
FAC_rank_vol_m6_n12_pairwise1,2010-09-30,as_偏股混合型基金,,39,skipped,完整变量样本数小于 min_cross_section_n
FAC_rank_vol_m6_n12_pairwise1,2010-09-30,Ctrl_log_fund_size,,39,skipped,完整变量样本数小于 min_cross_section_n
FAC_rank_vol_m6_n12_pairwise1,2010-09-30,Ctrl_fund_age,,39,skipped,完整变量样本数小于 min_cross_section_n
FAC_rank_vol_m6_n12_pairwise1,2010-10-29,FAC_rank_vol_m6_n12_pairwise1,,35,skipped,完整变量样本数小于 min_cross_section_n
FAC_rank_vol_m6_n12_pairwise1,2010-10-29,CtrlRetSTR,,35,skipped,完整变量样本数小于 min_cross_section_n
FAC_rank_vol_m6_n12_pairwise1,2010-10-29,CtrlRetLTM,,35,skipped,完整变量样本数小于 min_cross_section_n
FAC_rank_vol_m6_n12_pairwise1,2010-10-29,CtrlVol,,35,skipped,完整变量样本数小于 min_cross_section_n
FAC_rank_vol_m6_n12_pairwise1,2010-10-29,as_偏股混合型基金,,35,skipped,完整变量样本数小于 min_cross_section_n
FAC_rank_vol_m6_n12_pairwise1,2010-10-29,Ctrl_log_fund_size,,35,skipped,完整变量样本数小于 min_cross_section_n
FAC_rank_vol_m6_n12_pairwise1,2010-10-29,Ctrl_fund_age,,35,skipped,完整变量样本数小于 min_cross_section_n
FAC_rank_vol_m6_n12_pairwise1,2010-11-30,FAC_rank_vol_m6_n12_pairwise1,,38,skipped,完整变量样本数小于 min_cross_section_n
FAC_rank_vol_m6_n12_pairwise1,2010-11-30,CtrlRetSTR,,38,skipped,完整变量样本数小于 min_cross_section_n
FAC_rank_vol_m6_n12_pairwise1,2010-11-30,CtrlRetLTM,,38,skipped,完整变量样本数小于 min_cross_section_n
FAC_rank_vol_m6_n12_pairwise1,2010-11-30,CtrlVol,,38,skipped,完整变量样本数小于 min_cross_section_n
FAC_rank_vol_m6_n12_pairwise1,2010-11-30,as_偏股混合型基金,,38,skipped,完整变量样本数小于 min_cross_section_n
FAC_rank_vol_m6_n12_pairwise1,2010-11-30,Ctrl_log_fund_size,,38,skipped,完整变量样本数小于 min_cross_section_n
FAC_rank_vol_m6_n12_pairwise1,2010-11-30,Ctrl_fund_age,,38,skipped,完整变量样本数小于 min_cross_section_n
FAC_rank_vol_m6_n12_pairwise1,2010-12-31,FAC_rank_vol_m6_n12_pairwise1,,40,skipped,完整变量样本数小于 min_cross_section_n
FAC_rank_vol_m6_n12_pairwise1,2010-12-31,CtrlRetSTR,,40,skipped,完整变量样本数小于 min_cross_section_n
FAC_rank_vol_m6_n12_pairwise1,2010-12-31,CtrlRetLTM,,40,skipped,完整变量样本数小于 min_cross_section_n
FAC_rank_vol_m6_n12_pairwise1,2010-12-31,CtrlVol,,40,skipped,完整变量样本数小于 min_cross_section_n
FAC_rank_vol_m6_n12_pairwise1,2010-12-31,as_偏股混合型基金,,40,skipped,完整变量样本数小于 min_cross_section_n
FAC_rank_vol_m6_n12_pairwise1,2010-12-31,Ctrl_log_fund_size,,40,skipped,完整变量样本数小于 min_cross_section_n
FAC_rank_vol_m6_n12_pairwise1,2010-12-31,Ctrl_fund_age,,40,skipped,完整变量样本数小于 min_cross_section_n
FAC_rank_vol_m6_n12_pairwise1,2011-01-31,FAC_rank_vol_m6_n12_pairwise1,,39,skipped,完整变量样本数小于 min_cross_section_n
FAC_rank_vol_m6_n12_pairwise1,2011-01-31,CtrlRetSTR,,39,skipped,完整变量样本数小于 min_cross_section_n
FAC_rank_vol_m6_n12_pairwise1,2011-01-31,CtrlRetLTM,,39,skipped,完整变量样本数小于 min_cross_section_n
FAC_rank_vol_m6_n12_pairwise1,2011-01-31,CtrlVol,,39,skipped,完整变量样本数小于 min_cross_section_n
FAC_rank_vol_m6_n12_pairwise1,2011-01-31,as_偏股混合型基金,,39,skipped,完整变量样本数小于 min_cross_section_n
FAC_rank_vol_m6_n12_pairwise1,2011-01-31,Ctrl_log_fund_size,,39,skipped,完整变量样本数小于 min_cross_section_n
FAC_rank_vol_m6_n12_pairwise1,2011-01-31,Ctrl_fund_age,,39,skipped,完整变量样本数小于 min_cross_section_n
FAC_rank_vol_m6_n12_pairwise1,2011-02-28,FAC_rank_vol_m6_n12_pairwise1,,39,skipped,完整变量样本数小于 min_cross_section_n
FAC_rank_vol_m6_n12_pairwise1,2011-02-28,CtrlRetSTR,,39,skipped,完整变量样本数小于 min_cross_section_n
FAC_rank_vol_m6_n12_pairwise1,2011-02-28,CtrlRetLTM,,39,skipped,完整变量样本数小于 min_cross_section_n
FAC_rank_vol_m6_n12_pairwise1,2011-02-28,CtrlVol,,39,skipped,完整变量样本数小于 min_cross_section_n
FAC_rank_vol_m6_n12_pairwise1,2011-02-28,as_偏股混合型基金,,39,skipped,完整变量样本数小于 min_cross_section_n
FAC_rank_vol_m6_n12_pairwise1,2011-02-28,Ctrl_log_fund_size,,39,skipped,完整变量样本数小于 min_cross_section_n
FAC_rank_vol_m6_n12_pairwise1,2011-02-28,Ctrl_fund_age,,39,skipped,完整变量样本数小于 min_cross_section_n
FAC_rank_vol_m6_n12_pairwise1,2011-03-31,FAC_rank_vol_m6_n12_pairwise1,,38,skipped,完整变量样本数小于 min_cross_section_n
FAC_rank_vol_m6_n12_pairwise1,2011-03-31,CtrlRetSTR,,38,skipped,完整变量样本数小于 min_cross_section_n
FAC_rank_vol_m6_n12_pairwise1,2011-03-31,CtrlRetLTM,,38,skipped,完整变量样本数小于 min_cross_section_n
FAC_rank_vol_m6_n12_pairwise1,2011-03-31,CtrlVol,,38,skipped,完整变量样本数小于 min_cross_section_n
FAC_rank_vol_m6_n12_pairwise1,2011-03-31,as_偏股混合型基金,,38,skipped,完整变量样本数小于 min_cross_section_n
FAC_rank_vol_m6_n12_pairwise1,2011-03-31,Ctrl_log_fund_size,,38,skipped,完整变量样本数小于 min_cross_section_n
FAC_rank_vol_m6_n12_pairwise1,2011-03-31,Ctrl_fund_age,,38,skipped,完整变量样本数小于 min_cross_section_n
FAC_rank_vol_m6_n12_pairwise1,2011-04-29,FAC_rank_vol_m6_n12_pairwise1,,35,skipped,完整变量样本数小于 min_cross_section_n
FAC_rank_vol_m6_n12_pairwise1,2011-04-29,CtrlRetSTR,,35,skipped,完整变量样本数小于 min_cross_section_n
FAC_rank_vol_m6_n12_pairwise1,2011-04-29,CtrlRetLTM,,35,skipped,完整变量样本数小于 min_cross_section_n
FAC_rank_vol_m6_n12_pairwise1,2011-04-29,CtrlVol,,35,skipped,完整变量样本数小于 min_cross_section_n
FAC_rank_vol_m6_n12_pairwise1,2011-04-29,as_偏股混合型基金,,35,skipped,完整变量样本数小于 min_cross_section_n
FAC_rank_vol_m6_n12_pairwise1,2011-04-29,Ctrl_log_fund_size,,35,skipped,完整变量样本数小于 min_cross_section_n
FAC_rank_vol_m6_n12_pairwise1,2011-04-29,Ctrl_fund_age,,35,skipped,完整变量样本数小于 min_cross_section_n
FAC_rank_vol_m6_n12_pairwise1,2011-05-31,FAC_rank_vol_m6_n12_pairwise1,,34,skipped,完整变量样本数小于 min_cross_section_n
FAC_rank_vol_m6_n12_pairwise1,2011-05-31,CtrlRetSTR,,34,skipped,完整变量样本数小于 min_cross_section_n
FAC_rank_vol_m6_n12_pairwise1,2011-05-31,CtrlRetLTM,,34,skipped,完整变量样本数小于 min_cross_section_n
FAC_rank_vol_m6_n12_pairwise1,2011-05-31,CtrlVol,,34,skipped,完整变量样本数小于 min_cross_section_n
FAC_rank_vol_m6_n12_pairwise1,2011-05-31,as_偏股混合型基金,,34,skipped,完整变量样本数小于 min_cross_section_n
FAC_rank_vol_m6_n12_pairwise1,2011-05-31,Ctrl_log_fund_size,,34,skipped,完整变量样本数小于 min_cross_section_n
FAC_rank_vol_m6_n12_pairwise1,2011-05-31,Ctrl_fund_age,,34,skipped,完整变量样本数小于 min_cross_section_n
FAC_rank_vol_m6_n12_pairwise1,2011-06-30,FAC_rank_vol_m6_n12_pairwise1,,37,skipped,完整变量样本数小于 min_cross_section_n
FAC_rank_vol_m6_n12_pairwise1,2011-06-30,CtrlRetSTR,,37,skipped,完整变量样本数小于 min_cross_section_n
FAC_rank_vol_m6_n12_pairwise1,2011-06-30,CtrlRetLTM,,37,skipped,完整变量样本数小于 min_cross_section_n
FAC_rank_vol_m6_n12_pairwise1,2011-06-30,CtrlVol,,37,skipped,完整变量样本数小于 min_cross_section_n
FAC_rank_vol_m6_n12_pairwise1,2011-06-30,as_偏股混合型基金,,37,skipped,完整变量样本数小于 min_cross_section_n
FAC_rank_vol_m6_n12_pairwise1,2011-06-30,Ctrl_log_fund_size,,37,skipped,完整变量样本数小于 min_cross_section_n
FAC_rank_vol_m6_n12_pairwise1,2011-06-30,Ctrl_fund_age,,37,skipped,完整变量样本数小于 min_cross_section_n
FAC_rank_vol_m6_n12_pairwise1,2011-07-29,FAC_rank_vol_m6_n12_pairwise1,,35,skipped,完整变量样本数小于 min_cross_section_n
FAC_rank_vol_m6_n12_pairwise1,2011-07-29,CtrlRetSTR,,35,skipped,完整变量样本数小于 min_cross_section_n
FAC_rank_vol_m6_n12_pairwise1,2011-07-29,CtrlRetLTM,,35,skipped,完整变量样本数小于 min_cross_section_n
FAC_rank_vol_m6_n12_pairwise1,2011-07-29,CtrlVol,,35,skipped,完整变量样本数小于 min_cross_section_n
FAC_rank_vol_m6_n12_pairwise1,2011-07-29,as_偏股混合型基金,,35,skipped,完整变量样本数小于 min_cross_section_n
FAC_rank_vol_m6_n12_pairwise1,2011-07-29,Ctrl_log_fund_size,,35,skipped,完整变量样本数小于 min_cross_section_n
FAC_rank_vol_m6_n12_pairwise1,2011-07-29,Ctrl_fund_age,,35,skipped,完整变量样本数小于 min_cross_section_n
FAC_rank_vol_m6_n12_pairwise1,2011-08-31,FAC_rank_vol_m6_n12_pairwise1,,35,skipped,完整变量样本数小于 min_cross_section_n
FAC_rank_vol_m6_n12_pairwise1,2011-08-31,CtrlRetSTR,,35,skipped,完整变量样本数小于 min_cross_section_n
FAC_rank_vol_m6_n12_pairwise1,2011-08-31,CtrlRetLTM,,35,skipped,完整变量样本数小于 min_cross_section_n
FAC_rank_vol_m6_n12_pairwise1,2011-08-31,CtrlVol,,35,skipped,完整变量样本数小于 min_cross_section_n
FAC_rank_vol_m6_n12_pairwise1,2011-08-31,as_偏股混合型基金,,35,skipped,完整变量样本数小于 min_cross_section_n
FAC_rank_vol_m6_n12_pairwise1,2011-08-31,Ctrl_log_fund_size,,35,skipped,完整变量样本数小于 min_cross_section_n
FAC_rank_vol_m6_n12_pairwise1,2011-08-31,Ctrl_fund_age,,35,skipped,完整变量样本数小于 min_cross_section_n
FAC_rank_vol_m6_n12_pairwise1,2011-09-30,FAC_rank_vol_m6_n12_pairwise1,,37,skipped,完整变量样本数小于 min_cross_section_n
FAC_rank_vol_m6_n12_pairwise1,2011-09-30,CtrlRetSTR,,37,skipped,完整变量样本数小于 min_cross_section_n
FAC_rank_vol_m6_n12_pairwise1,2011-09-30,CtrlRetLTM,,37,skipped,完整变量样本数小于 min_cross_section_n
FAC_rank_vol_m6_n12_pairwise1,2011-09-30,CtrlVol,,37,skipped,完整变量样本数小于 min_cross_section_n
FAC_rank_vol_m6_n12_pairwise1,2011-09-30,as_偏股混合型基金,,37,skipped,完整变量样本数小于 min_cross_section_n
FAC_rank_vol_m6_n12_pairwise1,2011-09-30,Ctrl_log_fund_size,,37,skipped,完整变量样本数小于 min_cross_section_n
FAC_rank_vol_m6_n12_pairwise1,2011-09-30,Ctrl_fund_age,,37,skipped,完整变量样本数小于 min_cross_section_n
FAC_rank_vol_m6_n12_pairwise1,2011-10-31,FAC_rank_vol_m6_n12_pairwise1,,39,skipped,完整变量样本数小于 min_cross_section_n
FAC_rank_vol_m6_n12_pairwise1,2011-10-31,CtrlRetSTR,,39,skipped,完整变量样本数小于 min_cross_section_n
FAC_rank_vol_m6_n12_pairwise1,2011-10-31,CtrlRetLTM,,39,skipped,完整变量样本数小于 min_cross_section_n
FAC_rank_vol_m6_n12_pairwise1,2011-10-31,CtrlVol,,39,skipped,完整变量样本数小于 min_cross_section_n
FAC_rank_vol_m6_n12_pairwise1,2011-10-31,as_偏股混合型基金,,39,skipped,完整变量样本数小于 min_cross_section_n
FAC_rank_vol_m6_n12_pairwise1,2011-10-31,Ctrl_log_fund_size,,39,skipped,完整变量样本数小于 min_cross_section_n
FAC_rank_vol_m6_n12_pairwise1,2011-10-31,Ctrl_fund_age,,39,skipped,完整变量样本数小于 min_cross_section_n
FAC_rank_vol_m6_n12_pairwise1,2011-11-30,FAC_rank_vol_m6_n12_pairwise1,,43,skipped,完整变量样本数小于 min_cross_section_n
FAC_rank_vol_m6_n12_pairwise1,2011-11-30,CtrlRetSTR,,43,skipped,完整变量样本数小于 min_cross_section_n
FAC_rank_vol_m6_n12_pairwise1,2011-11-30,CtrlRetLTM,,43,skipped,完整变量样本数小于 min_cross_section_n
FAC_rank_vol_m6_n12_pairwise1,2011-11-30,CtrlVol,,43,skipped,完整变量样本数小于 min_cross_section_n
FAC_rank_vol_m6_n12_pairwise1,2011-11-30,as_偏股混合型基金,,43,skipped,完整变量样本数小于 min_cross_section_n
FAC_rank_vol_m6_n12_pairwise1,2011-11-30,Ctrl_log_fund_size,,43,skipped,完整变量样本数小于 min_cross_section_n
FAC_rank_vol_m6_n12_pairwise1,2011-11-30,Ctrl_fund_age,,43,skipped,完整变量样本数小于 min_cross_section_n
FAC_rank_vol_m6_n12_pairwise1,2011-12-30,FAC_rank_vol_m6_n12_pairwise1,,43,skipped,完整变量样本数小于 min_cross_section_n
FAC_rank_vol_m6_n12_pairwise1,2011-12-30,CtrlRetSTR,,43,skipped,完整变量样本数小于 min_cross_section_n
FAC_rank_vol_m6_n12_pairwise1,2011-12-30,CtrlRetLTM,,43,skipped,完整变量样本数小于 min_cross_section_n
FAC_rank_vol_m6_n12_pairwise1,2011-12-30,CtrlVol,,43,skipped,完整变量样本数小于 min_cross_section_n
FAC_rank_vol_m6_n12_pairwise1,2011-12-30,as_偏股混合型基金,,43,skipped,完整变量样本数小于 min_cross_section_n
FAC_rank_vol_m6_n12_pairwise1,2011-12-30,Ctrl_log_fund_size,,43,skipped,完整变量样本数小于 min_cross_section_n
FAC_rank_vol_m6_n12_pairwise1,2011-12-30,Ctrl_fund_age,,43,skipped,完整变量样本数小于 min_cross_section_n
FAC_rank_vol_m6_n12_pairwise1,2012-01-31,FAC_rank_vol_m6_n12_pairwise1,,43,skipped,完整变量样本数小于 min_cross_section_n
FAC_rank_vol_m6_n12_pairwise1,2012-01-31,CtrlRetSTR,,43,skipped,完整变量样本数小于 min_cross_section_n
FAC_rank_vol_m6_n12_pairwise1,2012-01-31,CtrlRetLTM,,43,skipped,完整变量样本数小于 min_cross_section_n
FAC_rank_vol_m6_n12_pairwise1,2012-01-31,CtrlVol,,43,skipped,完整变量样本数小于 min_cross_section_n
FAC_rank_vol_m6_n12_pairwise1,2012-01-31,as_偏股混合型基金,,43,skipped,完整变量样本数小于 min_cross_section_n
FAC_rank_vol_m6_n12_pairwise1,2012-01-31,Ctrl_log_fund_size,,43,skipped,完整变量样本数小于 min_cross_section_n
FAC_rank_vol_m6_n12_pairwise1,2012-01-31,Ctrl_fund_age,,43,skipped,完整变量样本数小于 min_cross_section_n
FAC_rank_vol_m6_n12_pairwise1,2012-02-29,FAC_rank_vol_m6_n12_pairwise1,,46,skipped,完整变量样本数小于 min_cross_section_n
FAC_rank_vol_m6_n12_pairwise1,2012-02-29,CtrlRetSTR,,46,skipped,完整变量样本数小于 min_cross_section_n
FAC_rank_vol_m6_n12_pairwise1,2012-02-29,CtrlRetLTM,,46,skipped,完整变量样本数小于 min_cross_section_n
FAC_rank_vol_m6_n12_pairwise1,2012-02-29,CtrlVol,,46,skipped,完整变量样本数小于 min_cross_section_n
FAC_rank_vol_m6_n12_pairwise1,2012-02-29,as_偏股混合型基金,,46,skipped,完整变量样本数小于 min_cross_section_n
FAC_rank_vol_m6_n12_pairwise1,2012-02-29,Ctrl_log_fund_size,,46,skipped,完整变量样本数小于 min_cross_section_n
FAC_rank_vol_m6_n12_pairwise1,2012-02-29,Ctrl_fund_age,,46,skipped,完整变量样本数小于 min_cross_section_n
FAC_rank_vol_m6_n12_pairwise1,2012-03-30,FAC_rank_vol_m6_n12_pairwise1,,46,skipped,完整变量样本数小于 min_cross_section_n
FAC_rank_vol_m6_n12_pairwise1,2012-03-30,CtrlRetSTR,,46,skipped,完整变量样本数小于 min_cross_section_n
FAC_rank_vol_m6_n12_pairwise1,2012-03-30,CtrlRetLTM,,46,skipped,完整变量样本数小于 min_cross_section_n
FAC_rank_vol_m6_n12_pairwise1,2012-03-30,CtrlVol,,46,skipped,完整变量样本数小于 min_cross_section_n
FAC_rank_vol_m6_n12_pairwise1,2012-03-30,as_偏股混合型基金,,46,skipped,完整变量样本数小于 min_cross_section_n
FAC_rank_vol_m6_n12_pairwise1,2012-03-30,Ctrl_log_fund_size,,46,skipped,完整变量样本数小于 min_cross_section_n
FAC_rank_vol_m6_n12_pairwise1,2012-03-30,Ctrl_fund_age,,46,skipped,完整变量样本数小于 min_cross_section_n
FAC_rank_vol_m6_n12_pairwise1,2012-04-27,FAC_rank_vol_m6_n12_pairwise1,,45,skipped,完整变量样本数小于 min_cross_section_n
FAC_rank_vol_m6_n12_pairwise1,2012-04-27,CtrlRetSTR,,45,skipped,完整变量样本数小于 min_cross_section_n
FAC_rank_vol_m6_n12_pairwise1,2012-04-27,CtrlRetLTM,,45,skipped,完整变量样本数小于 min_cross_section_n
FAC_rank_vol_m6_n12_pairwise1,2012-04-27,CtrlVol,,45,skipped,完整变量样本数小于 min_cross_section_n
FAC_rank_vol_m6_n12_pairwise1,2012-04-27,as_偏股混合型基金,,45,skipped,完整变量样本数小于 min_cross_section_n
FAC_rank_vol_m6_n12_pairwise1,2012-04-27,Ctrl_log_fund_size,,45,skipped,完整变量样本数小于 min_cross_section_n
FAC_rank_vol_m6_n12_pairwise1,2012-04-27,Ctrl_fund_age,,45,skipped,完整变量样本数小于 min_cross_section_n
FAC_rank_vol_m6_n12_pairwise1,2012-05-31,FAC_rank_vol_m6_n12_pairwise1,,49,skipped,完整变量样本数小于 min_cross_section_n
FAC_rank_vol_m6_n12_pairwise1,2012-05-31,CtrlRetSTR,,49,skipped,完整变量样本数小于 min_cross_section_n
FAC_rank_vol_m6_n12_pairwise1,2012-05-31,CtrlRetLTM,,49,skipped,完整变量样本数小于 min_cross_section_n
FAC_rank_vol_m6_n12_pairwise1,2012-05-31,CtrlVol,,49,skipped,完整变量样本数小于 min_cross_section_n
FAC_rank_vol_m6_n12_pairwise1,2012-05-31,as_偏股混合型基金,,49,skipped,完整变量样本数小于 min_cross_section_n
FAC_rank_vol_m6_n12_pairwise1,2012-05-31,Ctrl_log_fund_size,,49,skipped,完整变量样本数小于 min_cross_section_n
FAC_rank_vol_m6_n12_pairwise1,2012-05-31,Ctrl_fund_age,,49,skipped,完整变量样本数小于 min_cross_section_n
FAC_rank_vol_m6_n12_pairwise1,2012-06-29,FAC_rank_vol_m6_n12_pairwise1,,49,skipped,完整变量样本数小于 min_cross_section_n
FAC_rank_vol_m6_n12_pairwise1,2012-06-29,CtrlRetSTR,,49,skipped,完整变量样本数小于 min_cross_section_n
FAC_rank_vol_m6_n12_pairwise1,2012-06-29,CtrlRetLTM,,49,skipped,完整变量样本数小于 min_cross_section_n
FAC_rank_vol_m6_n12_pairwise1,2012-06-29,CtrlVol,,49,skipped,完整变量样本数小于 min_cross_section_n
FAC_rank_vol_m6_n12_pairwise1,2012-06-29,as_偏股混合型基金,,49,skipped,完整变量样本数小于 min_cross_section_n
FAC_rank_vol_m6_n12_pairwise1,2012-06-29,Ctrl_log_fund_size,,49,skipped,完整变量样本数小于 min_cross_section_n
FAC_rank_vol_m6_n12_pairwise1,2012-06-29,Ctrl_fund_age,,49,skipped,完整变量样本数小于 min_cross_section_n
FAC_rank_vol_m6_n12_pairwise1,2012-07-31,FAC_rank_vol_m6_n12_pairwise1,,48,skipped,完整变量样本数小于 min_cross_section_n
FAC_rank_vol_m6_n12_pairwise1,2012-07-31,CtrlRetSTR,,48,skipped,完整变量样本数小于 min_cross_section_n
FAC_rank_vol_m6_n12_pairwise1,2012-07-31,CtrlRetLTM,,48,skipped,完整变量样本数小于 min_cross_section_n
FAC_rank_vol_m6_n12_pairwise1,2012-07-31,CtrlVol,,48,skipped,完整变量样本数小于 min_cross_section_n
FAC_rank_vol_m6_n12_pairwise1,2012-07-31,as_偏股混合型基金,,48,skipped,完整变量样本数小于 min_cross_section_n
FAC_rank_vol_m6_n12_pairwise1,2012-07-31,Ctrl_log_fund_size,,48,skipped,完整变量样本数小于 min_cross_section_n
FAC_rank_vol_m6_n12_pairwise1,2012-07-31,Ctrl_fund_age,,48,skipped,完整变量样本数小于 min_cross_section_n
FAC_rank_vol_m6_n12_pairwise1,2012-08-31,FAC_rank_vol_m6_n12_pairwise1,,48,skipped,完整变量样本数小于 min_cross_section_n
FAC_rank_vol_m6_n12_pairwise1,2012-08-31,CtrlRetSTR,,48,skipped,完整变量样本数小于 min_cross_section_n
FAC_rank_vol_m6_n12_pairwise1,2012-08-31,CtrlRetLTM,,48,skipped,完整变量样本数小于 min_cross_section_n
FAC_rank_vol_m6_n12_pairwise1,2012-08-31,CtrlVol,,48,skipped,完整变量样本数小于 min_cross_section_n
FAC_rank_vol_m6_n12_pairwise1,2012-08-31,as_偏股混合型基金,,48,skipped,完整变量样本数小于 min_cross_section_n
FAC_rank_vol_m6_n12_pairwise1,2012-08-31,Ctrl_log_fund_size,,48,skipped,完整变量样本数小于 min_cross_section_n
FAC_rank_vol_m6_n12_pairwise1,2012-08-31,Ctrl_fund_age,,48,skipped,完整变量样本数小于 min_cross_section_n
FAC_rank_vol_m6_n12_pairwise1,2012-09-28,FAC_rank_vol_m6_n12_pairwise1,,51,failed,变量无横截面波动：['as_偏股混合型基金']
FAC_rank_vol_m6_n12_pairwise1,2012-09-28,CtrlRetSTR,,51,failed,变量无横截面波动：['as_偏股混合型基金']
FAC_rank_vol_m6_n12_pairwise1,2012-09-28,CtrlRetLTM,,51,failed,变量无横截面波动：['as_偏股混合型基金']
FAC_rank_vol_m6_n12_pairwise1,2012-09-28,CtrlVol,,51,failed,变量无横截面波动：['as_偏股混合型基金']
FAC_rank_vol_m6_n12_pairwise1,2012-09-28,as_偏股混合型基金,,51,failed,变量无横截面波动：['as_偏股混合型基金']
FAC_rank_vol_m6_n12_pairwise1,2012-09-28,Ctrl_log_fund_size,,51,failed,变量无横截面波动：['as_偏股混合型基金']
FAC_rank_vol_m6_n12_pairwise1,2012-09-28,Ctrl_fund_age,,51,failed,变量无横截面波动：['as_偏股混合型基金']
FAC_rank_vol_m6_n12_pairwise1,2012-10-31,FAC_rank_vol_m6_n12_pairwise1,,57,failed,变量无横截面波动：['as_偏股混合型基金']
FAC_rank_vol_m6_n12_pairwise1,2012-10-31,CtrlRetSTR,,57,failed,变量无横截面波动：['as_偏股混合型基金']
FAC_rank_vol_m6_n12_pairwise1,2012-10-31,CtrlRetLTM,,57,failed,变量无横截面波动：['as_偏股混合型基金']
FAC_rank_vol_m6_n12_pairwise1,2012-10-31,CtrlVol,,57,failed,变量无横截面波动：['as_偏股混合型基金']
FAC_rank_vol_m6_n12_pairwise1,2012-10-31,as_偏股混合型基金,,57,failed,变量无横截面波动：['as_偏股混合型基金']
FAC_rank_vol_m6_n12_pairwise1,2012-10-31,Ctrl_log_fund_size,,57,failed,变量无横截面波动：['as_偏股混合型基金']
FAC_rank_vol_m6_n12_pairwise1,2012-10-31,Ctrl_fund_age,,57,failed,变量无横截面波动：['as_偏股混合型基金']
FAC_rank_vol_m6_n12_pairwise1,2012-11-30,FAC_rank_vol_m6_n12_pairwise1,,61,failed,变量无横截面波动：['as_偏股混合型基金']
FAC_rank_vol_m6_n12_pairwise1,2012-11-30,CtrlRetSTR,,61,failed,变量无横截面波动：['as_偏股混合型基金']
FAC_rank_vol_m6_n12_pairwise1,2012-11-30,CtrlRetLTM,,61,failed,变量无横截面波动：['as_偏股混合型基金']
FAC_rank_vol_m6_n12_pairwise1,2012-11-30,CtrlVol,,61,failed,变量无横截面波动：['as_偏股混合型基金']
FAC_rank_vol_m6_n12_pairwise1,2012-11-30,as_偏股混合型基金,,61,failed,变量无横截面波动：['as_偏股混合型基金']
FAC_rank_vol_m6_n12_pairwise1,2012-11-30,Ctrl_log_fund_size,,61,failed,变量无横截面波动：['as_偏股混合型基金']
FAC_rank_vol_m6_n12_pairwise1,2012-11-30,Ctrl_fund_age,,61,failed,变量无横截面波动：['as_偏股混合型基金']
FAC_rank_vol_m6_n12_pairwise1,2012-12-31,FAC_rank_vol_m6_n12_pairwise1,,62,failed,变量无横截面波动：['as_偏股混合型基金']
FAC_rank_vol_m6_n12_pairwise1,2012-12-31,CtrlRetSTR,,62,failed,变量无横截面波动：['as_偏股混合型基金']
FAC_rank_vol_m6_n12_pairwise1,2012-12-31,CtrlRetLTM,,62,failed,变量无横截面波动：['as_偏股混合型基金']
FAC_rank_vol_m6_n12_pairwise1,2012-12-31,CtrlVol,,62,failed,变量无横截面波动：['as_偏股混合型基金']
FAC_rank_vol_m6_n12_pairwise1,2012-12-31,as_偏股混合型基金,,62,failed,变量无横截面波动：['as_偏股混合型基金']
FAC_rank_vol_m6_n12_pairwise1,2012-12-31,Ctrl_log_fund_size,,62,failed,变量无横截面波动：['as_偏股混合型基金']
FAC_rank_vol_m6_n12_pairwise1,2012-12-31,Ctrl_fund_age,,62,failed,变量无横截面波动：['as_偏股混合型基金']
FAC_rank_vol_m6_n12_pairwise1,2013-01-31,FAC_rank_vol_m6_n12_pairwise1,,66,failed,变量无横截面波动：['as_偏股混合型基金']
FAC_rank_vol_m6_n12_pairwise1,2013-01-31,CtrlRetSTR,,66,failed,变量无横截面波动：['as_偏股混合型基金']
FAC_rank_vol_m6_n12_pairwise1,2013-01-31,CtrlRetLTM,,66,failed,变量无横截面波动：['as_偏股混合型基金']
FAC_rank_vol_m6_n12_pairwise1,2013-01-31,CtrlVol,,66,failed,变量无横截面波动：['as_偏股混合型基金']
FAC_rank_vol_m6_n12_pairwise1,2013-01-31,as_偏股混合型基金,,66,failed,变量无横截面波动：['as_偏股混合型基金']
FAC_rank_vol_m6_n12_pairwise1,2013-01-31,Ctrl_log_fund_size,,66,failed,变量无横截面波动：['as_偏股混合型基金']
FAC_rank_vol_m6_n12_pairwise1,2013-01-31,Ctrl_fund_age,,66,failed,变量无横截面波动：['as_偏股混合型基金']
FAC_rank_vol_m6_n12_pairwise1,2013-02-28,FAC_rank_vol_m6_n12_pairwise1,,68,failed,变量无横截面波动：['as_偏股混合型基金']
FAC_rank_vol_m6_n12_pairwise1,2013-02-28,CtrlRetSTR,,68,failed,变量无横截面波动：['as_偏股混合型基金']
FAC_rank_vol_m6_n12_pairwise1,2013-02-28,CtrlRetLTM,,68,failed,变量无横截面波动：['as_偏股混合型基金']
FAC_rank_vol_m6_n12_pairwise1,2013-02-28,CtrlVol,,68,failed,变量无横截面波动：['as_偏股混合型基金']
FAC_rank_vol_m6_n12_pairwise1,2013-02-28,as_偏股混合型基金,,68,failed,变量无横截面波动：['as_偏股混合型基金']
FAC_rank_vol_m6_n12_pairwise1,2013-02-28,Ctrl_log_fund_size,,68,failed,变量无横截面波动：['as_偏股混合型基金']
FAC_rank_vol_m6_n12_pairwise1,2013-02-28,Ctrl_fund_age,,68,failed,变量无横截面波动：['as_偏股混合型基金']
FAC_rank_vol_m6_n12_pairwise1,2013-03-29,FAC_rank_vol_m6_n12_pairwise1,,69,failed,变量无横截面波动：['as_偏股混合型基金']
FAC_rank_vol_m6_n12_pairwise1,2013-03-29,CtrlRetSTR,,69,failed,变量无横截面波动：['as_偏股混合型基金']
FAC_rank_vol_m6_n12_pairwise1,2013-03-29,CtrlRetLTM,,69,failed,变量无横截面波动：['as_偏股混合型基金']
FAC_rank_vol_m6_n12_pairwise1,2013-03-29,CtrlVol,,69,failed,变量无横截面波动：['as_偏股混合型基金']
FAC_rank_vol_m6_n12_pairwise1,2013-03-29,as_偏股混合型基金,,69,failed,变量无横截面波动：['as_偏股混合型基金']
FAC_rank_vol_m6_n12_pairwise1,2013-03-29,Ctrl_log_fund_size,,69,failed,变量无横截面波动：['as_偏股混合型基金']
FAC_rank_vol_m6_n12_pairwise1,2013-03-29,Ctrl_fund_age,,69,failed,变量无横截面波动：['as_偏股混合型基金']
FAC_rank_vol_m6_n12_pairwise1,2013-04-26,FAC_rank_vol_m6_n12_pairwise1,1.094155773204894,74,ok,
FAC_rank_vol_m6_n12_pairwise1,2013-04-26,CtrlRetSTR,1.2022088786597334,74,ok,
FAC_rank_vol_m6_n12_pairwise1,2013-04-26,CtrlRetLTM,1.3122442376065389,74,ok,
FAC_rank_vol_m6_n12_pairwise1,2013-04-26,CtrlVol,1.3106834988715912,74,ok,
FAC_rank_vol_m6_n12_pairwise1,2013-04-26,as_偏股混合型基金,1.121780664646311,74,ok,
FAC_rank_vol_m6_n12_pairwise1,2013-04-26,Ctrl_log_fund_size,2.8539235451264364,74,ok,
FAC_rank_vol_m6_n12_pairwise1,2013-04-26,Ctrl_fund_age,2.9749584077960805,74,ok,
FAC_rank_vol_m6_n12_pairwise1,2013-05-31,FAC_rank_vol_m6_n12_pairwise1,1.0261106634565016,77,ok,
FAC_rank_vol_m6_n12_pairwise1,2013-05-31,CtrlRetSTR,1.3122224500331172,77,ok,
FAC_rank_vol_m6_n12_pairwise1,2013-05-31,CtrlRetLTM,1.2292374510471433,77,ok,
FAC_rank_vol_m6_n12_pairwise1,2013-05-31,CtrlVol,1.2170081761528606,77,ok,
FAC_rank_vol_m6_n12_pairwise1,2013-05-31,as_偏股混合型基金,1.1623934974075765,77,ok,
FAC_rank_vol_m6_n12_pairwise1,2013-05-31,Ctrl_log_fund_size,2.965708435310471,77,ok,
FAC_rank_vol_m6_n12_pairwise1,2013-05-31,Ctrl_fund_age,3.304321681892683,77,ok,
FAC_rank_vol_m6_n12_pairwise1,2013-06-28,FAC_rank_vol_m6_n12_pairwise1,1.0345054246210825,80,ok,
FAC_rank_vol_m6_n12_pairwise1,2013-06-28,CtrlRetSTR,1.990915642377347,80,ok,
FAC_rank_vol_m6_n12_pairwise1,2013-06-28,CtrlRetLTM,1.6603972897656698,80,ok,
FAC_rank_vol_m6_n12_pairwise1,2013-06-28,CtrlVol,1.4477784291471159,80,ok,
FAC_rank_vol_m6_n12_pairwise1,2013-06-28,as_偏股混合型基金,1.119528572077083,80,ok,
FAC_rank_vol_m6_n12_pairwise1,2013-06-28,Ctrl_log_fund_size,3.0963932470890017,80,ok,
FAC_rank_vol_m6_n12_pairwise1,2013-06-28,Ctrl_fund_age,3.2446210054672355,80,ok,
FAC_rank_vol_m6_n12_pairwise1,2013-07-31,FAC_rank_vol_m6_n12_pairwise1,1.0599291562130053,80,ok,
FAC_rank_vol_m6_n12_pairwise1,2013-07-31,CtrlRetSTR,1.196529581845036,80,ok,
FAC_rank_vol_m6_n12_pairwise1,2013-07-31,CtrlRetLTM,1.3086782175086793,80,ok,
FAC_rank_vol_m6_n12_pairwise1,2013-07-31,CtrlVol,1.0723956632196237,80,ok,
FAC_rank_vol_m6_n12_pairwise1,2013-07-31,as_偏股混合型基金,1.0904989619738936,80,ok,
FAC_rank_vol_m6_n12_pairwise1,2013-07-31,Ctrl_log_fund_size,3.058759854853484,80,ok,
FAC_rank_vol_m6_n12_pairwise1,2013-07-31,Ctrl_fund_age,3.025217179847206,80,ok,
FAC_rank_vol_m6_n12_pairwise1,2013-08-30,FAC_rank_vol_m6_n12_pairwise1,1.0404045187028064,83,ok,
FAC_rank_vol_m6_n12_pairwise1,2013-08-30,CtrlRetSTR,1.281031880924568,83,ok,
FAC_rank_vol_m6_n12_pairwise1,2013-08-30,CtrlRetLTM,1.2052281242113358,83,ok,
FAC_rank_vol_m6_n12_pairwise1,2013-08-30,CtrlVol,1.239057394401213,83,ok,
FAC_rank_vol_m6_n12_pairwise1,2013-08-30,as_偏股混合型基金,1.1203117795980915,83,ok,
FAC_rank_vol_m6_n12_pairwise1,2013-08-30,Ctrl_log_fund_size,2.7918585754755,83,ok,
FAC_rank_vol_m6_n12_pairwise1,2013-08-30,Ctrl_fund_age,2.8909080513066354,83,ok,
FAC_rank_vol_m6_n12_pairwise1,2013-09-30,FAC_rank_vol_m6_n12_pairwise1,1.1341713420946522,85,ok,
FAC_rank_vol_m6_n12_pairwise1,2013-09-30,CtrlRetSTR,1.6289012350864764,85,ok,
FAC_rank_vol_m6_n12_pairwise1,2013-09-30,CtrlRetLTM,1.7496717336771148,85,ok,
FAC_rank_vol_m6_n12_pairwise1,2013-09-30,CtrlVol,1.060422797539481,85,ok,
FAC_rank_vol_m6_n12_pairwise1,2013-09-30,as_偏股混合型基金,1.122290796478396,85,ok,
FAC_rank_vol_m6_n12_pairwise1,2013-09-30,Ctrl_log_fund_size,2.8182600766536274,85,ok,
FAC_rank_vol_m6_n12_pairwise1,2013-09-30,Ctrl_fund_age,2.7487349738543587,85,ok,
FAC_rank_vol_m6_n12_pairwise1,2013-10-31,FAC_rank_vol_m6_n12_pairwise1,1.1324609007896551,89,ok,
FAC_rank_vol_m6_n12_pairwise1,2013-10-31,CtrlRetSTR,1.6194720158961609,89,ok,
FAC_rank_vol_m6_n12_pairwise1,2013-10-31,CtrlRetLTM,1.8201199222167372,89,ok,
FAC_rank_vol_m6_n12_pairwise1,2013-10-31,CtrlVol,1.1317111644084392,89,ok,
FAC_rank_vol_m6_n12_pairwise1,2013-10-31,as_偏股混合型基金,1.1136404164786613,89,ok,
FAC_rank_vol_m6_n12_pairwise1,2013-10-31,Ctrl_log_fund_size,3.058161750512395,89,ok,
FAC_rank_vol_m6_n12_pairwise1,2013-10-31,Ctrl_fund_age,2.7319153335903814,89,ok,
FAC_rank_vol_m6_n12_pairwise1,2013-11-29,FAC_rank_vol_m6_n12_pairwise1,1.2490630462005305,88,ok,
FAC_rank_vol_m6_n12_pairwise1,2013-11-29,CtrlRetSTR,1.1821483397300894,88,ok,
FAC_rank_vol_m6_n12_pairwise1,2013-11-29,CtrlRetLTM,1.8201015621328107,88,ok,
FAC_rank_vol_m6_n12_pairwise1,2013-11-29,CtrlVol,1.4251654262690618,88,ok,
FAC_rank_vol_m6_n12_pairwise1,2013-11-29,as_偏股混合型基金,1.0902221729393242,88,ok,
FAC_rank_vol_m6_n12_pairwise1,2013-11-29,Ctrl_log_fund_size,3.0203067757256084,88,ok,
FAC_rank_vol_m6_n12_pairwise1,2013-11-29,Ctrl_fund_age,2.8301598757845614,88,ok,
FAC_rank_vol_m6_n12_pairwise1,2013-12-31,FAC_rank_vol_m6_n12_pairwise1,1.1731228271236043,91,ok,
FAC_rank_vol_m6_n12_pairwise1,2013-12-31,CtrlRetSTR,1.2226318404797614,91,ok,
FAC_rank_vol_m6_n12_pairwise1,2013-12-31,CtrlRetLTM,1.4345166797147113,91,ok,
FAC_rank_vol_m6_n12_pairwise1,2013-12-31,CtrlVol,1.1358938548411657,91,ok,
FAC_rank_vol_m6_n12_pairwise1,2013-12-31,as_偏股混合型基金,1.0692967969334506,91,ok,
FAC_rank_vol_m6_n12_pairwise1,2013-12-31,Ctrl_log_fund_size,3.0259144430207954,91,ok,
FAC_rank_vol_m6_n12_pairwise1,2013-12-31,Ctrl_fund_age,3.0411127512999214,91,ok,
FAC_rank_vol_m6_n12_pairwise1,2014-01-30,FAC_rank_vol_m6_n12_pairwise1,1.2208123626026663,88,ok,
FAC_rank_vol_m6_n12_pairwise1,2014-01-30,CtrlRetSTR,1.440889249969357,88,ok,
FAC_rank_vol_m6_n12_pairwise1,2014-01-30,CtrlRetLTM,2.002018960541252,88,ok,
FAC_rank_vol_m6_n12_pairwise1,2014-01-30,CtrlVol,1.5031362604242287,88,ok,
FAC_rank_vol_m6_n12_pairwise1,2014-01-30,as_偏股混合型基金,1.1312647261704494,88,ok,
FAC_rank_vol_m6_n12_pairwise1,2014-01-30,Ctrl_log_fund_size,2.9328755473793393,88,ok,
FAC_rank_vol_m6_n12_pairwise1,2014-01-30,Ctrl_fund_age,2.8092397459178997,88,ok,
FAC_rank_vol_m6_n12_pairwise1,2014-02-28,FAC_rank_vol_m6_n12_pairwise1,1.1803814310853311,90,ok,
FAC_rank_vol_m6_n12_pairwise1,2014-02-28,CtrlRetSTR,1.0221942984023324,90,ok,
FAC_rank_vol_m6_n12_pairwise1,2014-02-28,CtrlRetLTM,1.7782388132518538,90,ok,
FAC_rank_vol_m6_n12_pairwise1,2014-02-28,CtrlVol,1.6316577011483,90,ok,
FAC_rank_vol_m6_n12_pairwise1,2014-02-28,as_偏股混合型基金,1.2530958173877647,90,ok,
FAC_rank_vol_m6_n12_pairwise1,2014-02-28,Ctrl_log_fund_size,2.761513880177708,90,ok,
FAC_rank_vol_m6_n12_pairwise1,2014-02-28,Ctrl_fund_age,2.7629572398006768,90,ok,
FAC_rank_vol_m6_n12_pairwise1,2014-03-31,FAC_rank_vol_m6_n12_pairwise1,1.2652026528746152,88,ok,
FAC_rank_vol_m6_n12_pairwise1,2014-03-31,CtrlRetSTR,1.3623550746136992,88,ok,
FAC_rank_vol_m6_n12_pairwise1,2014-03-31,CtrlRetLTM,2.211487466804948,88,ok,
FAC_rank_vol_m6_n12_pairwise1,2014-03-31,CtrlVol,1.9602703015668423,88,ok,
FAC_rank_vol_m6_n12_pairwise1,2014-03-31,as_偏股混合型基金,1.2662929670557392,88,ok,
FAC_rank_vol_m6_n12_pairwise1,2014-03-31,Ctrl_log_fund_size,3.073957591037328,88,ok,
FAC_rank_vol_m6_n12_pairwise1,2014-03-31,Ctrl_fund_age,2.8650625461806993,88,ok,
FAC_rank_vol_m6_n12_pairwise1,2014-04-30,FAC_rank_vol_m6_n12_pairwise1,1.125707301557965,91,ok,
FAC_rank_vol_m6_n12_pairwise1,2014-04-30,CtrlRetSTR,1.2934487695102403,91,ok,
FAC_rank_vol_m6_n12_pairwise1,2014-04-30,CtrlRetLTM,1.8794426918430933,91,ok,
FAC_rank_vol_m6_n12_pairwise1,2014-04-30,CtrlVol,1.797286469467001,91,ok,
FAC_rank_vol_m6_n12_pairwise1,2014-04-30,as_偏股混合型基金,1.0843526861797723,91,ok,
FAC_rank_vol_m6_n12_pairwise1,2014-04-30,Ctrl_log_fund_size,2.902424791933769,91,ok,
FAC_rank_vol_m6_n12_pairwise1,2014-04-30,Ctrl_fund_age,2.7392300068776665,91,ok,
FAC_rank_vol_m6_n12_pairwise1,2014-05-30,FAC_rank_vol_m6_n12_pairwise1,1.083092080508574,95,ok,
FAC_rank_vol_m6_n12_pairwise1,2014-05-30,CtrlRetSTR,1.2742504578126974,95,ok,
FAC_rank_vol_m6_n12_pairwise1,2014-05-30,CtrlRetLTM,1.5020117106055835,95,ok,
FAC_rank_vol_m6_n12_pairwise1,2014-05-30,CtrlVol,1.3274332361668064,95,ok,
FAC_rank_vol_m6_n12_pairwise1,2014-05-30,as_偏股混合型基金,1.089323193440484,95,ok,
FAC_rank_vol_m6_n12_pairwise1,2014-05-30,Ctrl_log_fund_size,3.414595698322176,95,ok,
FAC_rank_vol_m6_n12_pairwise1,2014-05-30,Ctrl_fund_age,3.0575671395692843,95,ok,
FAC_rank_vol_m6_n12_pairwise1,2014-06-30,FAC_rank_vol_m6_n12_pairwise1,1.3038279148856142,94,ok,
FAC_rank_vol_m6_n12_pairwise1,2014-06-30,CtrlRetSTR,1.4597507896258006,94,ok,
FAC_rank_vol_m6_n12_pairwise1,2014-06-30,CtrlRetLTM,1.576034848953907,94,ok,
FAC_rank_vol_m6_n12_pairwise1,2014-06-30,CtrlVol,1.2998379772046134,94,ok,
FAC_rank_vol_m6_n12_pairwise1,2014-06-30,as_偏股混合型基金,1.083928776107622,94,ok,
FAC_rank_vol_m6_n12_pairwise1,2014-06-30,Ctrl_log_fund_size,3.4841876941540586,94,ok,
FAC_rank_vol_m6_n12_pairwise1,2014-06-30,Ctrl_fund_age,3.173378975750997,94,ok,
FAC_rank_vol_m6_n12_pairwise1,2014-07-31,FAC_rank_vol_m6_n12_pairwise1,1.2496815634352596,94,ok,
FAC_rank_vol_m6_n12_pairwise1,2014-07-31,CtrlRetSTR,1.3481868554254743,94,ok,
FAC_rank_vol_m6_n12_pairwise1,2014-07-31,CtrlRetLTM,1.1925732078913414,94,ok,
FAC_rank_vol_m6_n12_pairwise1,2014-07-31,CtrlVol,1.2657626694486634,94,ok,
FAC_rank_vol_m6_n12_pairwise1,2014-07-31,as_偏股混合型基金,1.1847528903058022,94,ok,
FAC_rank_vol_m6_n12_pairwise1,2014-07-31,Ctrl_log_fund_size,3.112792736051706,94,ok,
FAC_rank_vol_m6_n12_pairwise1,2014-07-31,Ctrl_fund_age,2.922165711003899,94,ok,
FAC_rank_vol_m6_n12_pairwise1,2014-08-29,FAC_rank_vol_m6_n12_pairwise1,1.5865219251680382,94,ok,
FAC_rank_vol_m6_n12_pairwise1,2014-08-29,CtrlRetSTR,1.1846545762633895,94,ok,
FAC_rank_vol_m6_n12_pairwise1,2014-08-29,CtrlRetLTM,1.2915391961091087,94,ok,
FAC_rank_vol_m6_n12_pairwise1,2014-08-29,CtrlVol,1.0569716361823784,94,ok,
FAC_rank_vol_m6_n12_pairwise1,2014-08-29,as_偏股混合型基金,1.4753689237703007,94,ok,
FAC_rank_vol_m6_n12_pairwise1,2014-08-29,Ctrl_log_fund_size,3.3260635273259505,94,ok,
FAC_rank_vol_m6_n12_pairwise1,2014-08-29,Ctrl_fund_age,3.0331680365183042,94,ok,
FAC_rank_vol_m6_n12_pairwise1,2014-09-30,FAC_rank_vol_m6_n12_pairwise1,1.6010706404771524,94,ok,
FAC_rank_vol_m6_n12_pairwise1,2014-09-30,CtrlRetSTR,1.7933213139845814,94,ok,
FAC_rank_vol_m6_n12_pairwise1,2014-09-30,CtrlRetLTM,1.6492784699547811,94,ok,
FAC_rank_vol_m6_n12_pairwise1,2014-09-30,CtrlVol,1.659914200715853,94,ok,
FAC_rank_vol_m6_n12_pairwise1,2014-09-30,as_偏股混合型基金,1.1418647631317405,94,ok,
FAC_rank_vol_m6_n12_pairwise1,2014-09-30,Ctrl_log_fund_size,3.1157421738377713,94,ok,
FAC_rank_vol_m6_n12_pairwise1,2014-09-30,Ctrl_fund_age,3.034228580112787,94,ok,
FAC_rank_vol_m6_n12_pairwise1,2014-10-31,FAC_rank_vol_m6_n12_pairwise1,1.295560656726639,89,ok,
FAC_rank_vol_m6_n12_pairwise1,2014-10-31,CtrlRetSTR,1.2450581439262407,89,ok,
FAC_rank_vol_m6_n12_pairwise1,2014-10-31,CtrlRetLTM,1.9583284863729544,89,ok,
FAC_rank_vol_m6_n12_pairwise1,2014-10-31,CtrlVol,1.6410551402289635,89,ok,
FAC_rank_vol_m6_n12_pairwise1,2014-10-31,as_偏股混合型基金,1.173540731270394,89,ok,
FAC_rank_vol_m6_n12_pairwise1,2014-10-31,Ctrl_log_fund_size,3.247655000520462,89,ok,
FAC_rank_vol_m6_n12_pairwise1,2014-10-31,Ctrl_fund_age,3.542082274086716,89,ok,
FAC_rank_vol_m6_n12_pairwise1,2014-11-28,FAC_rank_vol_m6_n12_pairwise1,1.255210714853001,89,ok,
FAC_rank_vol_m6_n12_pairwise1,2014-11-28,CtrlRetSTR,1.1270500865057813,89,ok,
FAC_rank_vol_m6_n12_pairwise1,2014-11-28,CtrlRetLTM,1.5871972784803638,89,ok,
FAC_rank_vol_m6_n12_pairwise1,2014-11-28,CtrlVol,1.3923218760082563,89,ok,
FAC_rank_vol_m6_n12_pairwise1,2014-11-28,as_偏股混合型基金,1.1958486856905164,89,ok,
FAC_rank_vol_m6_n12_pairwise1,2014-11-28,Ctrl_log_fund_size,3.2433668313963775,89,ok,
FAC_rank_vol_m6_n12_pairwise1,2014-11-28,Ctrl_fund_age,3.417288810421336,89,ok,
FAC_rank_vol_m6_n12_pairwise1,2014-12-31,FAC_rank_vol_m6_n12_pairwise1,1.4446006542036938,81,ok,
FAC_rank_vol_m6_n12_pairwise1,2014-12-31,CtrlRetSTR,1.1401033449819948,81,ok,
FAC_rank_vol_m6_n12_pairwise1,2014-12-31,CtrlRetLTM,1.7996689575027363,81,ok,
FAC_rank_vol_m6_n12_pairwise1,2014-12-31,CtrlVol,1.978371686113554,81,ok,
FAC_rank_vol_m6_n12_pairwise1,2014-12-31,as_偏股混合型基金,1.0546061995337308,81,ok,
FAC_rank_vol_m6_n12_pairwise1,2014-12-31,Ctrl_log_fund_size,3.26841113865613,81,ok,
FAC_rank_vol_m6_n12_pairwise1,2014-12-31,Ctrl_fund_age,3.294151607709365,81,ok,
FAC_rank_vol_m6_n12_pairwise1,2015-01-30,FAC_rank_vol_m6_n12_pairwise1,1.5745146017209242,75,ok,
FAC_rank_vol_m6_n12_pairwise1,2015-01-30,CtrlRetSTR,1.3592511494788577,75,ok,
FAC_rank_vol_m6_n12_pairwise1,2015-01-30,CtrlRetLTM,1.5198565916610811,75,ok,
FAC_rank_vol_m6_n12_pairwise1,2015-01-30,CtrlVol,1.882947114136468,75,ok,
FAC_rank_vol_m6_n12_pairwise1,2015-01-30,as_偏股混合型基金,1.0695542943844727,75,ok,
FAC_rank_vol_m6_n12_pairwise1,2015-01-30,Ctrl_log_fund_size,3.3933729452091055,75,ok,
FAC_rank_vol_m6_n12_pairwise1,2015-01-30,Ctrl_fund_age,3.1533100566683494,75,ok,
FAC_rank_vol_m6_n12_pairwise1,2015-02-27,FAC_rank_vol_m6_n12_pairwise1,1.5419890846251068,76,ok,
FAC_rank_vol_m6_n12_pairwise1,2015-02-27,CtrlRetSTR,1.2548868474278374,76,ok,
FAC_rank_vol_m6_n12_pairwise1,2015-02-27,CtrlRetLTM,1.3798644677052683,76,ok,
FAC_rank_vol_m6_n12_pairwise1,2015-02-27,CtrlVol,1.7346145726656472,76,ok,
FAC_rank_vol_m6_n12_pairwise1,2015-02-27,as_偏股混合型基金,1.060833365597675,76,ok,
FAC_rank_vol_m6_n12_pairwise1,2015-02-27,Ctrl_log_fund_size,2.491826839200676,76,ok,
FAC_rank_vol_m6_n12_pairwise1,2015-02-27,Ctrl_fund_age,2.5184834787258854,76,ok,
FAC_rank_vol_m6_n12_pairwise1,2015-03-31,FAC_rank_vol_m6_n12_pairwise1,1.624650125371904,71,ok,
FAC_rank_vol_m6_n12_pairwise1,2015-03-31,CtrlRetSTR,1.1243170187531857,71,ok,
FAC_rank_vol_m6_n12_pairwise1,2015-03-31,CtrlRetLTM,1.386578628495612,71,ok,
FAC_rank_vol_m6_n12_pairwise1,2015-03-31,CtrlVol,1.978852169422174,71,ok,
FAC_rank_vol_m6_n12_pairwise1,2015-03-31,as_偏股混合型基金,1.0652115075023385,71,ok,
FAC_rank_vol_m6_n12_pairwise1,2015-03-31,Ctrl_log_fund_size,2.5511536296242276,71,ok,
FAC_rank_vol_m6_n12_pairwise1,2015-03-31,Ctrl_fund_age,2.479191833024867,71,ok,
FAC_rank_vol_m6_n12_pairwise1,2015-04-30,FAC_rank_vol_m6_n12_pairwise1,1.372399112918838,66,ok,
FAC_rank_vol_m6_n12_pairwise1,2015-04-30,CtrlRetSTR,1.2004402416729012,66,ok,
FAC_rank_vol_m6_n12_pairwise1,2015-04-30,CtrlRetLTM,1.4379758694752647,66,ok,
FAC_rank_vol_m6_n12_pairwise1,2015-04-30,CtrlVol,2.049566354007731,66,ok,
FAC_rank_vol_m6_n12_pairwise1,2015-04-30,as_偏股混合型基金,1.1089425727846847,66,ok,
FAC_rank_vol_m6_n12_pairwise1,2015-04-30,Ctrl_log_fund_size,2.638942410296257,66,ok,
FAC_rank_vol_m6_n12_pairwise1,2015-04-30,Ctrl_fund_age,2.8792836364120373,66,ok,
FAC_rank_vol_m6_n12_pairwise1,2015-05-29,FAC_rank_vol_m6_n12_pairwise1,1.2740640756675725,59,ok,
FAC_rank_vol_m6_n12_pairwise1,2015-05-29,CtrlRetSTR,1.3074242740528172,59,ok,
FAC_rank_vol_m6_n12_pairwise1,2015-05-29,CtrlRetLTM,1.3960453574644993,59,ok,
FAC_rank_vol_m6_n12_pairwise1,2015-05-29,CtrlVol,2.080783070854679,59,ok,
FAC_rank_vol_m6_n12_pairwise1,2015-05-29,as_偏股混合型基金,1.0516215789407242,59,ok,
FAC_rank_vol_m6_n12_pairwise1,2015-05-29,Ctrl_log_fund_size,3.1123760825797033,59,ok,
FAC_rank_vol_m6_n12_pairwise1,2015-05-29,Ctrl_fund_age,3.3769177289793157,59,ok,
FAC_rank_vol_m6_n12_pairwise1,2015-06-30,FAC_rank_vol_m6_n12_pairwise1,1.197652408529745,50,ok,
FAC_rank_vol_m6_n12_pairwise1,2015-06-30,CtrlRetSTR,2.250009875372156,50,ok,
FAC_rank_vol_m6_n12_pairwise1,2015-06-30,CtrlRetLTM,1.9021929546360645,50,ok,
FAC_rank_vol_m6_n12_pairwise1,2015-06-30,CtrlVol,3.2042247277090263,50,ok,
FAC_rank_vol_m6_n12_pairwise1,2015-06-30,as_偏股混合型基金,1.0594245000841398,50,ok,
FAC_rank_vol_m6_n12_pairwise1,2015-06-30,Ctrl_log_fund_size,3.119145475595286,50,ok,
FAC_rank_vol_m6_n12_pairwise1,2015-06-30,Ctrl_fund_age,3.475698623322479,50,ok,
FAC_rank_vol_m6_n12_pairwise1,2015-07-31,FAC_rank_vol_m6_n12_pairwise1,,49,skipped,完整变量样本数小于 min_cross_section_n
FAC_rank_vol_m6_n12_pairwise1,2015-07-31,CtrlRetSTR,,49,skipped,完整变量样本数小于 min_cross_section_n
FAC_rank_vol_m6_n12_pairwise1,2015-07-31,CtrlRetLTM,,49,skipped,完整变量样本数小于 min_cross_section_n
FAC_rank_vol_m6_n12_pairwise1,2015-07-31,CtrlVol,,49,skipped,完整变量样本数小于 min_cross_section_n
FAC_rank_vol_m6_n12_pairwise1,2015-07-31,as_偏股混合型基金,,49,skipped,完整变量样本数小于 min_cross_section_n
FAC_rank_vol_m6_n12_pairwise1,2015-07-31,Ctrl_log_fund_size,,49,skipped,完整变量样本数小于 min_cross_section_n
FAC_rank_vol_m6_n12_pairwise1,2015-07-31,Ctrl_fund_age,,49,skipped,完整变量样本数小于 min_cross_section_n
FAC_rank_vol_m6_n12_pairwise1,2015-08-31,FAC_rank_vol_m6_n12_pairwise1,1.1185289822247744,52,ok,
FAC_rank_vol_m6_n12_pairwise1,2015-08-31,CtrlRetSTR,2.271010473829539,52,ok,
FAC_rank_vol_m6_n12_pairwise1,2015-08-31,CtrlRetLTM,1.1758620498908017,52,ok,
FAC_rank_vol_m6_n12_pairwise1,2015-08-31,CtrlVol,2.4532168306688957,52,ok,
FAC_rank_vol_m6_n12_pairwise1,2015-08-31,as_偏股混合型基金,1.0554049637806773,52,ok,
FAC_rank_vol_m6_n12_pairwise1,2015-08-31,Ctrl_log_fund_size,3.7985094113986877,52,ok,
FAC_rank_vol_m6_n12_pairwise1,2015-08-31,Ctrl_fund_age,3.3706072240989604,52,ok,
FAC_rank_vol_m6_n12_pairwise1,2015-09-30,FAC_rank_vol_m6_n12_pairwise1,,47,skipped,完整变量样本数小于 min_cross_section_n
FAC_rank_vol_m6_n12_pairwise1,2015-09-30,CtrlRetSTR,,47,skipped,完整变量样本数小于 min_cross_section_n
FAC_rank_vol_m6_n12_pairwise1,2015-09-30,CtrlRetLTM,,47,skipped,完整变量样本数小于 min_cross_section_n
FAC_rank_vol_m6_n12_pairwise1,2015-09-30,CtrlVol,,47,skipped,完整变量样本数小于 min_cross_section_n
FAC_rank_vol_m6_n12_pairwise1,2015-09-30,as_偏股混合型基金,,47,skipped,完整变量样本数小于 min_cross_section_n
FAC_rank_vol_m6_n12_pairwise1,2015-09-30,Ctrl_log_fund_size,,47,skipped,完整变量样本数小于 min_cross_section_n
FAC_rank_vol_m6_n12_pairwise1,2015-09-30,Ctrl_fund_age,,47,skipped,完整变量样本数小于 min_cross_section_n
FAC_rank_vol_m6_n12_pairwise1,2015-10-30,FAC_rank_vol_m6_n12_pairwise1,,49,skipped,完整变量样本数小于 min_cross_section_n
FAC_rank_vol_m6_n12_pairwise1,2015-10-30,CtrlRetSTR,,49,skipped,完整变量样本数小于 min_cross_section_n
FAC_rank_vol_m6_n12_pairwise1,2015-10-30,CtrlRetLTM,,49,skipped,完整变量样本数小于 min_cross_section_n
FAC_rank_vol_m6_n12_pairwise1,2015-10-30,CtrlVol,,49,skipped,完整变量样本数小于 min_cross_section_n
FAC_rank_vol_m6_n12_pairwise1,2015-10-30,as_偏股混合型基金,,49,skipped,完整变量样本数小于 min_cross_section_n
FAC_rank_vol_m6_n12_pairwise1,2015-10-30,Ctrl_log_fund_size,,49,skipped,完整变量样本数小于 min_cross_section_n
FAC_rank_vol_m6_n12_pairwise1,2015-10-30,Ctrl_fund_age,,49,skipped,完整变量样本数小于 min_cross_section_n
FAC_rank_vol_m6_n12_pairwise1,2015-11-30,FAC_rank_vol_m6_n12_pairwise1,1.217724082505972,52,ok,
FAC_rank_vol_m6_n12_pairwise1,2015-11-30,CtrlRetSTR,1.7091390111829141,52,ok,
FAC_rank_vol_m6_n12_pairwise1,2015-11-30,CtrlRetLTM,1.0878973404894086,52,ok,
FAC_rank_vol_m6_n12_pairwise1,2015-11-30,CtrlVol,1.8185604944861207,52,ok,
FAC_rank_vol_m6_n12_pairwise1,2015-11-30,as_偏股混合型基金,1.0762717095522836,52,ok,
FAC_rank_vol_m6_n12_pairwise1,2015-11-30,Ctrl_log_fund_size,2.524208662163196,52,ok,
FAC_rank_vol_m6_n12_pairwise1,2015-11-30,Ctrl_fund_age,2.700532198391016,52,ok,
FAC_rank_vol_m6_n12_pairwise1,2015-12-31,FAC_rank_vol_m6_n12_pairwise1,1.220449074209015,52,ok,
FAC_rank_vol_m6_n12_pairwise1,2015-12-31,CtrlRetSTR,1.1977114855459998,52,ok,
FAC_rank_vol_m6_n12_pairwise1,2015-12-31,CtrlRetLTM,1.9294925940344316,52,ok,
FAC_rank_vol_m6_n12_pairwise1,2015-12-31,CtrlVol,1.7261525456602276,52,ok,
FAC_rank_vol_m6_n12_pairwise1,2015-12-31,as_偏股混合型基金,1.1075494650429918,52,ok,
FAC_rank_vol_m6_n12_pairwise1,2015-12-31,Ctrl_log_fund_size,2.425999150726033,52,ok,
FAC_rank_vol_m6_n12_pairwise1,2015-12-31,Ctrl_fund_age,2.810211496126949,52,ok,
FAC_rank_vol_m6_n12_pairwise1,2016-01-29,FAC_rank_vol_m6_n12_pairwise1,1.1378897029267423,56,ok,
FAC_rank_vol_m6_n12_pairwise1,2016-01-29,CtrlRetSTR,2.010901358164424,56,ok,
FAC_rank_vol_m6_n12_pairwise1,2016-01-29,CtrlRetLTM,1.4309738548807918,56,ok,
FAC_rank_vol_m6_n12_pairwise1,2016-01-29,CtrlVol,2.1637558351282067,56,ok,
FAC_rank_vol_m6_n12_pairwise1,2016-01-29,as_偏股混合型基金,1.0842438060278086,56,ok,
FAC_rank_vol_m6_n12_pairwise1,2016-01-29,Ctrl_log_fund_size,1.9854529253386706,56,ok,
FAC_rank_vol_m6_n12_pairwise1,2016-01-29,Ctrl_fund_age,2.299870187303127,56,ok,
FAC_rank_vol_m6_n12_pairwise1,2016-02-29,FAC_rank_vol_m6_n12_pairwise1,1.1539543083750707,60,ok,
FAC_rank_vol_m6_n12_pairwise1,2016-02-29,CtrlRetSTR,1.4370644363267893,60,ok,
FAC_rank_vol_m6_n12_pairwise1,2016-02-29,CtrlRetLTM,1.1223764239435399,60,ok,
FAC_rank_vol_m6_n12_pairwise1,2016-02-29,CtrlVol,1.4201848839458786,60,ok,
FAC_rank_vol_m6_n12_pairwise1,2016-02-29,as_偏股混合型基金,1.0548340008859158,60,ok,
FAC_rank_vol_m6_n12_pairwise1,2016-02-29,Ctrl_log_fund_size,2.1361815380833415,60,ok,
FAC_rank_vol_m6_n12_pairwise1,2016-02-29,Ctrl_fund_age,2.1082034354089005,60,ok,
FAC_rank_vol_m6_n12_pairwise1,2016-03-31,FAC_rank_vol_m6_n12_pairwise1,1.3187148777064999,61,ok,
FAC_rank_vol_m6_n12_pairwise1,2016-03-31,CtrlRetSTR,1.7089749802085898,61,ok,
FAC_rank_vol_m6_n12_pairwise1,2016-03-31,CtrlRetLTM,1.3723804852020232,61,ok,
FAC_rank_vol_m6_n12_pairwise1,2016-03-31,CtrlVol,1.7930909154375398,61,ok,
FAC_rank_vol_m6_n12_pairwise1,2016-03-31,as_偏股混合型基金,1.1634455112894184,61,ok,
FAC_rank_vol_m6_n12_pairwise1,2016-03-31,Ctrl_log_fund_size,1.9482982908236872,61,ok,
FAC_rank_vol_m6_n12_pairwise1,2016-03-31,Ctrl_fund_age,2.1205480850808933,61,ok,
FAC_rank_vol_m6_n12_pairwise1,2016-04-29,FAC_rank_vol_m6_n12_pairwise1,1.1654041612515107,58,ok,
FAC_rank_vol_m6_n12_pairwise1,2016-04-29,CtrlRetSTR,1.183636452610719,58,ok,
FAC_rank_vol_m6_n12_pairwise1,2016-04-29,CtrlRetLTM,1.4000775834654695,58,ok,
FAC_rank_vol_m6_n12_pairwise1,2016-04-29,CtrlVol,1.5114960825325032,58,ok,
FAC_rank_vol_m6_n12_pairwise1,2016-04-29,as_偏股混合型基金,1.1313509628923601,58,ok,
FAC_rank_vol_m6_n12_pairwise1,2016-04-29,Ctrl_log_fund_size,1.9261071041279516,58,ok,
FAC_rank_vol_m6_n12_pairwise1,2016-04-29,Ctrl_fund_age,1.9845603980727127,58,ok,
FAC_rank_vol_m6_n12_pairwise1,2016-05-31,FAC_rank_vol_m6_n12_pairwise1,1.131040059742714,61,ok,
FAC_rank_vol_m6_n12_pairwise1,2016-05-31,CtrlRetSTR,1.0998254416792972,61,ok,
FAC_rank_vol_m6_n12_pairwise1,2016-05-31,CtrlRetLTM,2.3382447780152913,61,ok,
FAC_rank_vol_m6_n12_pairwise1,2016-05-31,CtrlVol,2.334891777705963,61,ok,
FAC_rank_vol_m6_n12_pairwise1,2016-05-31,as_偏股混合型基金,1.0904136541071967,61,ok,
FAC_rank_vol_m6_n12_pairwise1,2016-05-31,Ctrl_log_fund_size,1.9416295136739699,61,ok,
FAC_rank_vol_m6_n12_pairwise1,2016-05-31,Ctrl_fund_age,1.938192838592996,61,ok,
FAC_rank_vol_m6_n12_pairwise1,2016-06-30,FAC_rank_vol_m6_n12_pairwise1,1.1236872531370354,64,ok,
FAC_rank_vol_m6_n12_pairwise1,2016-06-30,CtrlRetSTR,1.617225668292086,64,ok,
FAC_rank_vol_m6_n12_pairwise1,2016-06-30,CtrlRetLTM,1.5799847548361272,64,ok,
FAC_rank_vol_m6_n12_pairwise1,2016-06-30,CtrlVol,2.0576666939843715,64,ok,
FAC_rank_vol_m6_n12_pairwise1,2016-06-30,as_偏股混合型基金,1.0557214701940334,64,ok,
FAC_rank_vol_m6_n12_pairwise1,2016-06-30,Ctrl_log_fund_size,1.8012770023055482,64,ok,
FAC_rank_vol_m6_n12_pairwise1,2016-06-30,Ctrl_fund_age,1.9284581032213204,64,ok,
FAC_rank_vol_m6_n12_pairwise1,2016-07-29,FAC_rank_vol_m6_n12_pairwise1,1.2084779676585953,61,ok,
FAC_rank_vol_m6_n12_pairwise1,2016-07-29,CtrlRetSTR,1.608829004379447,61,ok,
FAC_rank_vol_m6_n12_pairwise1,2016-07-29,CtrlRetLTM,1.2223883915349856,61,ok,
FAC_rank_vol_m6_n12_pairwise1,2016-07-29,CtrlVol,1.5910126833741007,61,ok,
FAC_rank_vol_m6_n12_pairwise1,2016-07-29,as_偏股混合型基金,1.0807135976370053,61,ok,
FAC_rank_vol_m6_n12_pairwise1,2016-07-29,Ctrl_log_fund_size,1.806139147184395,61,ok,
FAC_rank_vol_m6_n12_pairwise1,2016-07-29,Ctrl_fund_age,2.0114148644382457,61,ok,
FAC_rank_vol_m6_n12_pairwise1,2016-08-31,FAC_rank_vol_m6_n12_pairwise1,1.1164144524269086,67,ok,
FAC_rank_vol_m6_n12_pairwise1,2016-08-31,CtrlRetSTR,1.0841113435386973,67,ok,
FAC_rank_vol_m6_n12_pairwise1,2016-08-31,CtrlRetLTM,1.136102710842907,67,ok,
FAC_rank_vol_m6_n12_pairwise1,2016-08-31,CtrlVol,1.079359898695071,67,ok,
FAC_rank_vol_m6_n12_pairwise1,2016-08-31,as_偏股混合型基金,1.052744181938798,67,ok,
FAC_rank_vol_m6_n12_pairwise1,2016-08-31,Ctrl_log_fund_size,1.6421553097037216,67,ok,
FAC_rank_vol_m6_n12_pairwise1,2016-08-31,Ctrl_fund_age,1.7315637242453326,67,ok,
FAC_rank_vol_m6_n12_pairwise1,2016-09-30,FAC_rank_vol_m6_n12_pairwise1,1.1296781255681152,68,ok,
FAC_rank_vol_m6_n12_pairwise1,2016-09-30,CtrlRetSTR,1.1437647837654754,68,ok,
FAC_rank_vol_m6_n12_pairwise1,2016-09-30,CtrlRetLTM,1.0436892968821987,68,ok,
FAC_rank_vol_m6_n12_pairwise1,2016-09-30,CtrlVol,1.1000365230780504,68,ok,
FAC_rank_vol_m6_n12_pairwise1,2016-09-30,as_偏股混合型基金,1.044011660061606,68,ok,
FAC_rank_vol_m6_n12_pairwise1,2016-09-30,Ctrl_log_fund_size,1.9078274530679913,68,ok,
FAC_rank_vol_m6_n12_pairwise1,2016-09-30,Ctrl_fund_age,1.8173676901751914,68,ok,
FAC_rank_vol_m6_n12_pairwise1,2016-10-31,FAC_rank_vol_m6_n12_pairwise1,1.1252280095655673,69,ok,
FAC_rank_vol_m6_n12_pairwise1,2016-10-31,CtrlRetSTR,1.1449880306554363,69,ok,
FAC_rank_vol_m6_n12_pairwise1,2016-10-31,CtrlRetLTM,1.2382684577738772,69,ok,
FAC_rank_vol_m6_n12_pairwise1,2016-10-31,CtrlVol,1.1636426595931846,69,ok,
FAC_rank_vol_m6_n12_pairwise1,2016-10-31,as_偏股混合型基金,1.128515099268894,69,ok,
FAC_rank_vol_m6_n12_pairwise1,2016-10-31,Ctrl_log_fund_size,1.7902685180376698,69,ok,
FAC_rank_vol_m6_n12_pairwise1,2016-10-31,Ctrl_fund_age,1.71284110515235,69,ok,
FAC_rank_vol_m6_n12_pairwise1,2016-11-30,FAC_rank_vol_m6_n12_pairwise1,1.2204101220088506,72,ok,
FAC_rank_vol_m6_n12_pairwise1,2016-11-30,CtrlRetSTR,1.1059254107332999,72,ok,
FAC_rank_vol_m6_n12_pairwise1,2016-11-30,CtrlRetLTM,1.441298179641194,72,ok,
FAC_rank_vol_m6_n12_pairwise1,2016-11-30,CtrlVol,1.442747177182696,72,ok,
FAC_rank_vol_m6_n12_pairwise1,2016-11-30,as_偏股混合型基金,1.1084689515120205,72,ok,
FAC_rank_vol_m6_n12_pairwise1,2016-11-30,Ctrl_log_fund_size,1.7704874194051814,72,ok,
FAC_rank_vol_m6_n12_pairwise1,2016-11-30,Ctrl_fund_age,1.9255421159567792,72,ok,
FAC_rank_vol_m6_n12_pairwise1,2016-12-30,FAC_rank_vol_m6_n12_pairwise1,1.1998734270578892,74,ok,
FAC_rank_vol_m6_n12_pairwise1,2016-12-30,CtrlRetSTR,1.3486205769541293,74,ok,
FAC_rank_vol_m6_n12_pairwise1,2016-12-30,CtrlRetLTM,1.767532927668543,74,ok,
FAC_rank_vol_m6_n12_pairwise1,2016-12-30,CtrlVol,1.6767893337992879,74,ok,
FAC_rank_vol_m6_n12_pairwise1,2016-12-30,as_偏股混合型基金,1.063935502780652,74,ok,
FAC_rank_vol_m6_n12_pairwise1,2016-12-30,Ctrl_log_fund_size,1.842085616867,74,ok,
FAC_rank_vol_m6_n12_pairwise1,2016-12-30,Ctrl_fund_age,1.8745634434195322,74,ok,
FAC_rank_vol_m6_n12_pairwise1,2017-01-26,FAC_rank_vol_m6_n12_pairwise1,1.3303830223267634,76,ok,
FAC_rank_vol_m6_n12_pairwise1,2017-01-26,CtrlRetSTR,1.1908538217384486,76,ok,
FAC_rank_vol_m6_n12_pairwise1,2017-01-26,CtrlRetLTM,1.3198695242910177,76,ok,
FAC_rank_vol_m6_n12_pairwise1,2017-01-26,CtrlVol,1.1322697181125598,76,ok,
FAC_rank_vol_m6_n12_pairwise1,2017-01-26,as_偏股混合型基金,1.1663411129548105,76,ok,
FAC_rank_vol_m6_n12_pairwise1,2017-01-26,Ctrl_log_fund_size,2.052666860164149,76,ok,
FAC_rank_vol_m6_n12_pairwise1,2017-01-26,Ctrl_fund_age,2.1917578129160273,76,ok,
FAC_rank_vol_m6_n12_pairwise1,2017-02-28,FAC_rank_vol_m6_n12_pairwise1,1.180190095380249,78,ok,
FAC_rank_vol_m6_n12_pairwise1,2017-02-28,CtrlRetSTR,1.2495712764348998,78,ok,
FAC_rank_vol_m6_n12_pairwise1,2017-02-28,CtrlRetLTM,1.3764221322604997,78,ok,
FAC_rank_vol_m6_n12_pairwise1,2017-02-28,CtrlVol,1.0478323699681111,78,ok,
FAC_rank_vol_m6_n12_pairwise1,2017-02-28,as_偏股混合型基金,1.2570544316911718,78,ok,
FAC_rank_vol_m6_n12_pairwise1,2017-02-28,Ctrl_log_fund_size,2.093711788313381,78,ok,
FAC_rank_vol_m6_n12_pairwise1,2017-02-28,Ctrl_fund_age,2.273872878840224,78,ok,
FAC_rank_vol_m6_n12_pairwise1,2017-03-31,FAC_rank_vol_m6_n12_pairwise1,1.254220913867291,76,ok,
FAC_rank_vol_m6_n12_pairwise1,2017-03-31,CtrlRetSTR,1.1684462203453139,76,ok,
FAC_rank_vol_m6_n12_pairwise1,2017-03-31,CtrlRetLTM,1.3818573661126377,76,ok,
FAC_rank_vol_m6_n12_pairwise1,2017-03-31,CtrlVol,1.4974769117971374,76,ok,
FAC_rank_vol_m6_n12_pairwise1,2017-03-31,as_偏股混合型基金,1.2382924539074174,76,ok,
FAC_rank_vol_m6_n12_pairwise1,2017-03-31,Ctrl_log_fund_size,2.08448761834821,76,ok,
FAC_rank_vol_m6_n12_pairwise1,2017-03-31,Ctrl_fund_age,2.2057550659029483,76,ok,
FAC_rank_vol_m6_n12_pairwise1,2017-04-28,FAC_rank_vol_m6_n12_pairwise1,1.1027462011363398,81,ok,
FAC_rank_vol_m6_n12_pairwise1,2017-04-28,CtrlRetSTR,1.3969869995500703,81,ok,
FAC_rank_vol_m6_n12_pairwise1,2017-04-28,CtrlRetLTM,1.1883299928409312,81,ok,
FAC_rank_vol_m6_n12_pairwise1,2017-04-28,CtrlVol,1.3324012686377988,81,ok,
FAC_rank_vol_m6_n12_pairwise1,2017-04-28,as_偏股混合型基金,1.2073323231066373,81,ok,
FAC_rank_vol_m6_n12_pairwise1,2017-04-28,Ctrl_log_fund_size,2.0959135828833886,81,ok,
FAC_rank_vol_m6_n12_pairwise1,2017-04-28,Ctrl_fund_age,2.0776965788842654,81,ok,
FAC_rank_vol_m6_n12_pairwise1,2017-05-31,FAC_rank_vol_m6_n12_pairwise1,1.104030602878693,86,ok,
FAC_rank_vol_m6_n12_pairwise1,2017-05-31,CtrlRetSTR,1.2768434012803365,86,ok,
FAC_rank_vol_m6_n12_pairwise1,2017-05-31,CtrlRetLTM,1.2296253667125001,86,ok,
FAC_rank_vol_m6_n12_pairwise1,2017-05-31,CtrlVol,1.2280302622985988,86,ok,
FAC_rank_vol_m6_n12_pairwise1,2017-05-31,as_偏股混合型基金,1.303022845754365,86,ok,
FAC_rank_vol_m6_n12_pairwise1,2017-05-31,Ctrl_log_fund_size,2.182588051561557,86,ok,
FAC_rank_vol_m6_n12_pairwise1,2017-05-31,Ctrl_fund_age,2.196525167130743,86,ok,
FAC_rank_vol_m6_n12_pairwise1,2017-06-30,FAC_rank_vol_m6_n12_pairwise1,1.0675957002842102,93,ok,
FAC_rank_vol_m6_n12_pairwise1,2017-06-30,CtrlRetSTR,1.3764918404709434,93,ok,
FAC_rank_vol_m6_n12_pairwise1,2017-06-30,CtrlRetLTM,1.7703672129480716,93,ok,
FAC_rank_vol_m6_n12_pairwise1,2017-06-30,CtrlVol,1.6628743012378533,93,ok,
FAC_rank_vol_m6_n12_pairwise1,2017-06-30,as_偏股混合型基金,1.403716786398938,93,ok,
FAC_rank_vol_m6_n12_pairwise1,2017-06-30,Ctrl_log_fund_size,2.278531113191063,93,ok,
FAC_rank_vol_m6_n12_pairwise1,2017-06-30,Ctrl_fund_age,2.3889787853022844,93,ok,
FAC_rank_vol_m6_n12_pairwise1,2017-07-31,FAC_rank_vol_m6_n12_pairwise1,1.0881512684438064,102,ok,
FAC_rank_vol_m6_n12_pairwise1,2017-07-31,CtrlRetSTR,1.1887443523884342,102,ok,
FAC_rank_vol_m6_n12_pairwise1,2017-07-31,CtrlRetLTM,1.0711828177390172,102,ok,
FAC_rank_vol_m6_n12_pairwise1,2017-07-31,CtrlVol,1.2563988754748217,102,ok,
FAC_rank_vol_m6_n12_pairwise1,2017-07-31,as_偏股混合型基金,1.5353266079126762,102,ok,
FAC_rank_vol_m6_n12_pairwise1,2017-07-31,Ctrl_log_fund_size,2.6923603861782635,102,ok,
FAC_rank_vol_m6_n12_pairwise1,2017-07-31,Ctrl_fund_age,2.7340501744165904,102,ok,
FAC_rank_vol_m6_n12_pairwise1,2017-08-31,FAC_rank_vol_m6_n12_pairwise1,1.1176907247155863,114,ok,
FAC_rank_vol_m6_n12_pairwise1,2017-08-31,CtrlRetSTR,1.2739404613897096,114,ok,
FAC_rank_vol_m6_n12_pairwise1,2017-08-31,CtrlRetLTM,1.0510686035389878,114,ok,
FAC_rank_vol_m6_n12_pairwise1,2017-08-31,CtrlVol,1.3230932962312718,114,ok,
FAC_rank_vol_m6_n12_pairwise1,2017-08-31,as_偏股混合型基金,1.7530974656233376,114,ok,
FAC_rank_vol_m6_n12_pairwise1,2017-08-31,Ctrl_log_fund_size,3.1158810472656686,114,ok,
FAC_rank_vol_m6_n12_pairwise1,2017-08-31,Ctrl_fund_age,3.2224700930590293,114,ok,
FAC_rank_vol_m6_n12_pairwise1,2017-09-29,FAC_rank_vol_m6_n12_pairwise1,1.1089129860794127,134,ok,
FAC_rank_vol_m6_n12_pairwise1,2017-09-29,CtrlRetSTR,1.0931613419566664,134,ok,
FAC_rank_vol_m6_n12_pairwise1,2017-09-29,CtrlRetLTM,1.040286240149325,134,ok,
FAC_rank_vol_m6_n12_pairwise1,2017-09-29,CtrlVol,1.191512617888112,134,ok,
FAC_rank_vol_m6_n12_pairwise1,2017-09-29,as_偏股混合型基金,1.7497085598284627,134,ok,
FAC_rank_vol_m6_n12_pairwise1,2017-09-29,Ctrl_log_fund_size,3.246237328390844,134,ok,
FAC_rank_vol_m6_n12_pairwise1,2017-09-29,Ctrl_fund_age,3.4450862189957103,134,ok,
FAC_rank_vol_m6_n12_pairwise1,2017-10-31,FAC_rank_vol_m6_n12_pairwise1,1.0699363787789098,152,ok,
FAC_rank_vol_m6_n12_pairwise1,2017-10-31,CtrlRetSTR,1.2786718869151397,152,ok,
FAC_rank_vol_m6_n12_pairwise1,2017-10-31,CtrlRetLTM,1.3183641244521547,152,ok,
FAC_rank_vol_m6_n12_pairwise1,2017-10-31,CtrlVol,1.0584694118151228,152,ok,
FAC_rank_vol_m6_n12_pairwise1,2017-10-31,as_偏股混合型基金,1.6175199679776655,152,ok,
FAC_rank_vol_m6_n12_pairwise1,2017-10-31,Ctrl_log_fund_size,2.6941310754603225,152,ok,
FAC_rank_vol_m6_n12_pairwise1,2017-10-31,Ctrl_fund_age,2.8988269437849197,152,ok,
FAC_rank_vol_m6_n12_pairwise1,2017-11-30,FAC_rank_vol_m6_n12_pairwise1,1.0790060125921406,169,ok,
FAC_rank_vol_m6_n12_pairwise1,2017-11-30,CtrlRetSTR,1.2359716580814712,169,ok,
FAC_rank_vol_m6_n12_pairwise1,2017-11-30,CtrlRetLTM,1.0913562460799118,169,ok,
FAC_rank_vol_m6_n12_pairwise1,2017-11-30,CtrlVol,1.2946638790653844,169,ok,
FAC_rank_vol_m6_n12_pairwise1,2017-11-30,as_偏股混合型基金,1.604487807580956,169,ok,
FAC_rank_vol_m6_n12_pairwise1,2017-11-30,Ctrl_log_fund_size,3.0614617195203904,169,ok,
FAC_rank_vol_m6_n12_pairwise1,2017-11-30,Ctrl_fund_age,3.252791194022721,169,ok,
FAC_rank_vol_m6_n12_pairwise1,2017-12-29,FAC_rank_vol_m6_n12_pairwise1,1.084399652967304,177,ok,
FAC_rank_vol_m6_n12_pairwise1,2017-12-29,CtrlRetSTR,1.2995681851768397,177,ok,
FAC_rank_vol_m6_n12_pairwise1,2017-12-29,CtrlRetLTM,1.3139661648787557,177,ok,
FAC_rank_vol_m6_n12_pairwise1,2017-12-29,CtrlVol,1.0883020246250572,177,ok,
FAC_rank_vol_m6_n12_pairwise1,2017-12-29,as_偏股混合型基金,1.6580330068301958,177,ok,
FAC_rank_vol_m6_n12_pairwise1,2017-12-29,Ctrl_log_fund_size,3.1984039666119006,177,ok,
FAC_rank_vol_m6_n12_pairwise1,2017-12-29,Ctrl_fund_age,3.499369721417205,177,ok,
FAC_rank_vol_m6_n12_pairwise1,2018-01-31,FAC_rank_vol_m6_n12_pairwise1,1.0941493655963108,181,ok,
FAC_rank_vol_m6_n12_pairwise1,2018-01-31,CtrlRetSTR,1.2360382462092276,181,ok,
FAC_rank_vol_m6_n12_pairwise1,2018-01-31,CtrlRetLTM,1.2184901470859966,181,ok,
FAC_rank_vol_m6_n12_pairwise1,2018-01-31,CtrlVol,1.2001602037397912,181,ok,
FAC_rank_vol_m6_n12_pairwise1,2018-01-31,as_偏股混合型基金,1.6794133281989452,181,ok,
FAC_rank_vol_m6_n12_pairwise1,2018-01-31,Ctrl_log_fund_size,3.09433957426347,181,ok,
FAC_rank_vol_m6_n12_pairwise1,2018-01-31,Ctrl_fund_age,3.3067258851449517,181,ok,
FAC_rank_vol_m6_n12_pairwise1,2018-02-28,FAC_rank_vol_m6_n12_pairwise1,1.0871530331532504,189,ok,
FAC_rank_vol_m6_n12_pairwise1,2018-02-28,CtrlRetSTR,1.4005730651959594,189,ok,
FAC_rank_vol_m6_n12_pairwise1,2018-02-28,CtrlRetLTM,1.3169363829091767,189,ok,
FAC_rank_vol_m6_n12_pairwise1,2018-02-28,CtrlVol,1.2409518456299409,189,ok,
FAC_rank_vol_m6_n12_pairwise1,2018-02-28,as_偏股混合型基金,1.669594702420222,189,ok,
FAC_rank_vol_m6_n12_pairwise1,2018-02-28,Ctrl_log_fund_size,2.860419405887514,189,ok,
FAC_rank_vol_m6_n12_pairwise1,2018-02-28,Ctrl_fund_age,3.0964574333014028,189,ok,
FAC_rank_vol_m6_n12_pairwise1,2018-03-30,FAC_rank_vol_m6_n12_pairwise1,1.1369561430766846,189,ok,
FAC_rank_vol_m6_n12_pairwise1,2018-03-30,CtrlRetSTR,1.3186631283643766,189,ok,
FAC_rank_vol_m6_n12_pairwise1,2018-03-30,CtrlRetLTM,1.4298727056403875,189,ok,
FAC_rank_vol_m6_n12_pairwise1,2018-03-30,CtrlVol,1.1392483484716829,189,ok,
FAC_rank_vol_m6_n12_pairwise1,2018-03-30,as_偏股混合型基金,1.704356538675638,189,ok,
FAC_rank_vol_m6_n12_pairwise1,2018-03-30,Ctrl_log_fund_size,2.814956568985564,189,ok,
FAC_rank_vol_m6_n12_pairwise1,2018-03-30,Ctrl_fund_age,3.1856358787575405,189,ok,
FAC_rank_vol_m6_n12_pairwise1,2018-04-27,FAC_rank_vol_m6_n12_pairwise1,1.0828054842399375,197,ok,
FAC_rank_vol_m6_n12_pairwise1,2018-04-27,CtrlRetSTR,1.1194940693314495,197,ok,
FAC_rank_vol_m6_n12_pairwise1,2018-04-27,CtrlRetLTM,1.1408410290015074,197,ok,
FAC_rank_vol_m6_n12_pairwise1,2018-04-27,CtrlVol,1.225670134101447,197,ok,
FAC_rank_vol_m6_n12_pairwise1,2018-04-27,as_偏股混合型基金,1.6506729943389384,197,ok,
FAC_rank_vol_m6_n12_pairwise1,2018-04-27,Ctrl_log_fund_size,2.9299569202921223,197,ok,
FAC_rank_vol_m6_n12_pairwise1,2018-04-27,Ctrl_fund_age,3.253719375952043,197,ok,
FAC_rank_vol_m6_n12_pairwise1,2018-05-31,FAC_rank_vol_m6_n12_pairwise1,1.0526668783971964,201,ok,
FAC_rank_vol_m6_n12_pairwise1,2018-05-31,CtrlRetSTR,1.222631325414226,201,ok,
FAC_rank_vol_m6_n12_pairwise1,2018-05-31,CtrlRetLTM,1.2762688871222485,201,ok,
FAC_rank_vol_m6_n12_pairwise1,2018-05-31,CtrlVol,1.1413008635587063,201,ok,
FAC_rank_vol_m6_n12_pairwise1,2018-05-31,as_偏股混合型基金,1.7450833053586496,201,ok,
FAC_rank_vol_m6_n12_pairwise1,2018-05-31,Ctrl_log_fund_size,2.9314183999732446,201,ok,
FAC_rank_vol_m6_n12_pairwise1,2018-05-31,Ctrl_fund_age,3.342471420251321,201,ok,
FAC_rank_vol_m6_n12_pairwise1,2018-06-29,FAC_rank_vol_m6_n12_pairwise1,1.0230850226798625,202,ok,
FAC_rank_vol_m6_n12_pairwise1,2018-06-29,CtrlRetSTR,1.1184164250725634,202,ok,
FAC_rank_vol_m6_n12_pairwise1,2018-06-29,CtrlRetLTM,1.211046037050104,202,ok,
FAC_rank_vol_m6_n12_pairwise1,2018-06-29,CtrlVol,1.1579277673844324,202,ok,
FAC_rank_vol_m6_n12_pairwise1,2018-06-29,as_偏股混合型基金,1.706139248238843,202,ok,
FAC_rank_vol_m6_n12_pairwise1,2018-06-29,Ctrl_log_fund_size,2.9960506975179158,202,ok,
FAC_rank_vol_m6_n12_pairwise1,2018-06-29,Ctrl_fund_age,3.355024684173085,202,ok,
FAC_rank_vol_m6_n12_pairwise1,2018-07-31,FAC_rank_vol_m6_n12_pairwise1,1.0668158952966196,204,ok,
FAC_rank_vol_m6_n12_pairwise1,2018-07-31,CtrlRetSTR,1.3331130157521394,204,ok,
FAC_rank_vol_m6_n12_pairwise1,2018-07-31,CtrlRetLTM,1.239451570484692,204,ok,
FAC_rank_vol_m6_n12_pairwise1,2018-07-31,CtrlVol,1.233128380386291,204,ok,
FAC_rank_vol_m6_n12_pairwise1,2018-07-31,as_偏股混合型基金,1.7206436131401066,204,ok,
FAC_rank_vol_m6_n12_pairwise1,2018-07-31,Ctrl_log_fund_size,2.9029372780332774,204,ok,
FAC_rank_vol_m6_n12_pairwise1,2018-07-31,Ctrl_fund_age,3.328493353366598,204,ok,
FAC_rank_vol_m6_n12_pairwise1,2018-08-31,FAC_rank_vol_m6_n12_pairwise1,1.0955254941940233,217,ok,
FAC_rank_vol_m6_n12_pairwise1,2018-08-31,CtrlRetSTR,1.5073278339304976,217,ok,
FAC_rank_vol_m6_n12_pairwise1,2018-08-31,CtrlRetLTM,1.1505365741217763,217,ok,
FAC_rank_vol_m6_n12_pairwise1,2018-08-31,CtrlVol,1.4545931670072396,217,ok,
FAC_rank_vol_m6_n12_pairwise1,2018-08-31,as_偏股混合型基金,1.8028173663112288,217,ok,
FAC_rank_vol_m6_n12_pairwise1,2018-08-31,Ctrl_log_fund_size,2.5799063897528582,217,ok,
FAC_rank_vol_m6_n12_pairwise1,2018-08-31,Ctrl_fund_age,3.076514430775746,217,ok,
FAC_rank_vol_m6_n12_pairwise1,2018-09-28,FAC_rank_vol_m6_n12_pairwise1,1.1389196039151188,216,ok,
FAC_rank_vol_m6_n12_pairwise1,2018-09-28,CtrlRetSTR,1.3260374944730486,216,ok,
FAC_rank_vol_m6_n12_pairwise1,2018-09-28,CtrlRetLTM,1.4910775506778573,216,ok,
FAC_rank_vol_m6_n12_pairwise1,2018-09-28,CtrlVol,1.035464316513191,216,ok,
FAC_rank_vol_m6_n12_pairwise1,2018-09-28,as_偏股混合型基金,1.6970005302716011,216,ok,
FAC_rank_vol_m6_n12_pairwise1,2018-09-28,Ctrl_log_fund_size,2.7069767833348664,216,ok,
FAC_rank_vol_m6_n12_pairwise1,2018-09-28,Ctrl_fund_age,3.123704995692128,216,ok,
FAC_rank_vol_m6_n12_pairwise1,2018-10-31,FAC_rank_vol_m6_n12_pairwise1,1.1370139690162882,214,ok,
FAC_rank_vol_m6_n12_pairwise1,2018-10-31,CtrlRetSTR,1.5036331008280246,214,ok,
FAC_rank_vol_m6_n12_pairwise1,2018-10-31,CtrlRetLTM,1.1764448271998682,214,ok,
FAC_rank_vol_m6_n12_pairwise1,2018-10-31,CtrlVol,1.445801477645809,214,ok,
FAC_rank_vol_m6_n12_pairwise1,2018-10-31,as_偏股混合型基金,1.6774326706963363,214,ok,
FAC_rank_vol_m6_n12_pairwise1,2018-10-31,Ctrl_log_fund_size,2.5544676952033556,214,ok,
FAC_rank_vol_m6_n12_pairwise1,2018-10-31,Ctrl_fund_age,2.9309121821282007,214,ok,
FAC_rank_vol_m6_n12_pairwise1,2018-11-30,FAC_rank_vol_m6_n12_pairwise1,1.0996565781179632,217,ok,
FAC_rank_vol_m6_n12_pairwise1,2018-11-30,CtrlRetSTR,1.1030239533916404,217,ok,
FAC_rank_vol_m6_n12_pairwise1,2018-11-30,CtrlRetLTM,1.2042446614893347,217,ok,
FAC_rank_vol_m6_n12_pairwise1,2018-11-30,CtrlVol,1.1780696187780453,217,ok,
FAC_rank_vol_m6_n12_pairwise1,2018-11-30,as_偏股混合型基金,1.6125741531053337,217,ok,
FAC_rank_vol_m6_n12_pairwise1,2018-11-30,Ctrl_log_fund_size,2.527106319443455,217,ok,
FAC_rank_vol_m6_n12_pairwise1,2018-11-30,Ctrl_fund_age,2.947337207041706,217,ok,
FAC_rank_vol_m6_n12_pairwise1,2018-12-28,FAC_rank_vol_m6_n12_pairwise1,1.084701696131044,216,ok,
FAC_rank_vol_m6_n12_pairwise1,2018-12-28,CtrlRetSTR,1.1114702623759887,216,ok,
FAC_rank_vol_m6_n12_pairwise1,2018-12-28,CtrlRetLTM,1.2873914573289866,216,ok,
FAC_rank_vol_m6_n12_pairwise1,2018-12-28,CtrlVol,1.2112710960678836,216,ok,
FAC_rank_vol_m6_n12_pairwise1,2018-12-28,as_偏股混合型基金,1.5870549955664508,216,ok,
FAC_rank_vol_m6_n12_pairwise1,2018-12-28,Ctrl_log_fund_size,2.400625354037582,216,ok,
FAC_rank_vol_m6_n12_pairwise1,2018-12-28,Ctrl_fund_age,2.8169380703378475,216,ok,
FAC_rank_vol_m6_n12_pairwise1,2019-01-31,FAC_rank_vol_m6_n12_pairwise1,1.0928415371343645,208,ok,
FAC_rank_vol_m6_n12_pairwise1,2019-01-31,CtrlRetSTR,1.229839978030823,208,ok,
FAC_rank_vol_m6_n12_pairwise1,2019-01-31,CtrlRetLTM,1.2598804560028343,208,ok,
FAC_rank_vol_m6_n12_pairwise1,2019-01-31,CtrlVol,1.259566733991984,208,ok,
FAC_rank_vol_m6_n12_pairwise1,2019-01-31,as_偏股混合型基金,1.5662729156324808,208,ok,
FAC_rank_vol_m6_n12_pairwise1,2019-01-31,Ctrl_log_fund_size,2.3802649580272957,208,ok,
FAC_rank_vol_m6_n12_pairwise1,2019-01-31,Ctrl_fund_age,2.7484365029254487,208,ok,
FAC_rank_vol_m6_n12_pairwise1,2019-02-28,FAC_rank_vol_m6_n12_pairwise1,1.0642701974459943,215,ok,
FAC_rank_vol_m6_n12_pairwise1,2019-02-28,CtrlRetSTR,1.2811724007269614,215,ok,
FAC_rank_vol_m6_n12_pairwise1,2019-02-28,CtrlRetLTM,1.354495419544516,215,ok,
FAC_rank_vol_m6_n12_pairwise1,2019-02-28,CtrlVol,1.1475654610140973,215,ok,
FAC_rank_vol_m6_n12_pairwise1,2019-02-28,as_偏股混合型基金,1.4987761152508752,215,ok,
FAC_rank_vol_m6_n12_pairwise1,2019-02-28,Ctrl_log_fund_size,2.34763753915941,215,ok,
FAC_rank_vol_m6_n12_pairwise1,2019-02-28,Ctrl_fund_age,2.646608294267089,215,ok,
FAC_rank_vol_m6_n12_pairwise1,2019-03-29,FAC_rank_vol_m6_n12_pairwise1,1.0897444285582325,213,ok,
FAC_rank_vol_m6_n12_pairwise1,2019-03-29,CtrlRetSTR,1.3637766162410954,213,ok,
FAC_rank_vol_m6_n12_pairwise1,2019-03-29,CtrlRetLTM,1.210253472502011,213,ok,
FAC_rank_vol_m6_n12_pairwise1,2019-03-29,CtrlVol,1.4559711168571505,213,ok,
FAC_rank_vol_m6_n12_pairwise1,2019-03-29,as_偏股混合型基金,1.4998412306056397,213,ok,
FAC_rank_vol_m6_n12_pairwise1,2019-03-29,Ctrl_log_fund_size,2.3422786961413973,213,ok,
FAC_rank_vol_m6_n12_pairwise1,2019-03-29,Ctrl_fund_age,2.611231375346564,213,ok,
FAC_rank_vol_m6_n12_pairwise1,2019-04-30,FAC_rank_vol_m6_n12_pairwise1,1.1336699631414813,210,ok,
FAC_rank_vol_m6_n12_pairwise1,2019-04-30,CtrlRetSTR,1.144230342562329,210,ok,
FAC_rank_vol_m6_n12_pairwise1,2019-04-30,CtrlRetLTM,1.1281417004404672,210,ok,
FAC_rank_vol_m6_n12_pairwise1,2019-04-30,CtrlVol,1.046724266062176,210,ok,
FAC_rank_vol_m6_n12_pairwise1,2019-04-30,as_偏股混合型基金,1.5076257113801745,210,ok,
FAC_rank_vol_m6_n12_pairwise1,2019-04-30,Ctrl_log_fund_size,2.3991573765897716,210,ok,
FAC_rank_vol_m6_n12_pairwise1,2019-04-30,Ctrl_fund_age,2.645550369159484,210,ok,
FAC_rank_vol_m6_n12_pairwise1,2019-05-31,FAC_rank_vol_m6_n12_pairwise1,1.1265878367290527,215,ok,
FAC_rank_vol_m6_n12_pairwise1,2019-05-31,CtrlRetSTR,1.1363824315314872,215,ok,
FAC_rank_vol_m6_n12_pairwise1,2019-05-31,CtrlRetLTM,1.055920774867299,215,ok,
FAC_rank_vol_m6_n12_pairwise1,2019-05-31,CtrlVol,1.1379461818244214,215,ok,
FAC_rank_vol_m6_n12_pairwise1,2019-05-31,as_偏股混合型基金,1.5590037818375655,215,ok,
FAC_rank_vol_m6_n12_pairwise1,2019-05-31,Ctrl_log_fund_size,2.2773682763412335,215,ok,
FAC_rank_vol_m6_n12_pairwise1,2019-05-31,Ctrl_fund_age,2.629619278052987,215,ok,
FAC_rank_vol_m6_n12_pairwise1,2019-06-28,FAC_rank_vol_m6_n12_pairwise1,1.032811690687477,219,ok,
FAC_rank_vol_m6_n12_pairwise1,2019-06-28,CtrlRetSTR,1.1051631263496084,219,ok,
FAC_rank_vol_m6_n12_pairwise1,2019-06-28,CtrlRetLTM,1.0660842163562991,219,ok,
FAC_rank_vol_m6_n12_pairwise1,2019-06-28,CtrlVol,1.03585783373915,219,ok,
FAC_rank_vol_m6_n12_pairwise1,2019-06-28,as_偏股混合型基金,1.5887403813603984,219,ok,
FAC_rank_vol_m6_n12_pairwise1,2019-06-28,Ctrl_log_fund_size,2.392567805350411,219,ok,
FAC_rank_vol_m6_n12_pairwise1,2019-06-28,Ctrl_fund_age,2.688186290555148,219,ok,
FAC_rank_vol_m6_n12_pairwise1,2019-07-31,FAC_rank_vol_m6_n12_pairwise1,1.0616748748582525,217,ok,
FAC_rank_vol_m6_n12_pairwise1,2019-07-31,CtrlRetSTR,1.0880354668879666,217,ok,
FAC_rank_vol_m6_n12_pairwise1,2019-07-31,CtrlRetLTM,1.0965062277572923,217,ok,
FAC_rank_vol_m6_n12_pairwise1,2019-07-31,CtrlVol,1.0635063986130033,217,ok,
FAC_rank_vol_m6_n12_pairwise1,2019-07-31,as_偏股混合型基金,1.657927580701453,217,ok,
FAC_rank_vol_m6_n12_pairwise1,2019-07-31,Ctrl_log_fund_size,2.2435862318566575,217,ok,
FAC_rank_vol_m6_n12_pairwise1,2019-07-31,Ctrl_fund_age,2.6258171615240045,217,ok,
FAC_rank_vol_m6_n12_pairwise1,2019-08-30,FAC_rank_vol_m6_n12_pairwise1,1.0926068109253346,219,ok,
FAC_rank_vol_m6_n12_pairwise1,2019-08-30,CtrlRetSTR,1.2261542322012835,219,ok,
FAC_rank_vol_m6_n12_pairwise1,2019-08-30,CtrlRetLTM,1.1868456565801213,219,ok,
FAC_rank_vol_m6_n12_pairwise1,2019-08-30,CtrlVol,1.2941577818393897,219,ok,
FAC_rank_vol_m6_n12_pairwise1,2019-08-30,as_偏股混合型基金,1.7496998027870687,219,ok,
FAC_rank_vol_m6_n12_pairwise1,2019-08-30,Ctrl_log_fund_size,2.2778062736973945,219,ok,
FAC_rank_vol_m6_n12_pairwise1,2019-08-30,Ctrl_fund_age,2.705623547706428,219,ok,
FAC_rank_vol_m6_n12_pairwise1,2019-09-30,FAC_rank_vol_m6_n12_pairwise1,1.0830894271474392,220,ok,
FAC_rank_vol_m6_n12_pairwise1,2019-09-30,CtrlRetSTR,1.0889121208844683,220,ok,
FAC_rank_vol_m6_n12_pairwise1,2019-09-30,CtrlRetLTM,1.4135393138040928,220,ok,
FAC_rank_vol_m6_n12_pairwise1,2019-09-30,CtrlVol,1.3563090957582928,220,ok,
FAC_rank_vol_m6_n12_pairwise1,2019-09-30,as_偏股混合型基金,1.7181363792488298,220,ok,
FAC_rank_vol_m6_n12_pairwise1,2019-09-30,Ctrl_log_fund_size,2.245997879321648,220,ok,
FAC_rank_vol_m6_n12_pairwise1,2019-09-30,Ctrl_fund_age,2.6900999614048575,220,ok,
FAC_rank_vol_m6_n12_pairwise1,2019-10-31,FAC_rank_vol_m6_n12_pairwise1,1.0653054322807365,226,ok,
FAC_rank_vol_m6_n12_pairwise1,2019-10-31,CtrlRetSTR,1.0978863379051425,226,ok,
FAC_rank_vol_m6_n12_pairwise1,2019-10-31,CtrlRetLTM,1.9860406383624882,226,ok,
FAC_rank_vol_m6_n12_pairwise1,2019-10-31,CtrlVol,1.8260833834935766,226,ok,
FAC_rank_vol_m6_n12_pairwise1,2019-10-31,as_偏股混合型基金,1.6992615250213643,226,ok,
FAC_rank_vol_m6_n12_pairwise1,2019-10-31,Ctrl_log_fund_size,2.3574198370815376,226,ok,
FAC_rank_vol_m6_n12_pairwise1,2019-10-31,Ctrl_fund_age,2.7244608473615073,226,ok,
FAC_rank_vol_m6_n12_pairwise1,2019-11-29,FAC_rank_vol_m6_n12_pairwise1,1.025649712914801,233,ok,
FAC_rank_vol_m6_n12_pairwise1,2019-11-29,CtrlRetSTR,1.115706821176738,233,ok,
FAC_rank_vol_m6_n12_pairwise1,2019-11-29,CtrlRetLTM,1.5636818606650311,233,ok,
FAC_rank_vol_m6_n12_pairwise1,2019-11-29,CtrlVol,1.377307020843142,233,ok,
FAC_rank_vol_m6_n12_pairwise1,2019-11-29,as_偏股混合型基金,1.6916080417175925,233,ok,
FAC_rank_vol_m6_n12_pairwise1,2019-11-29,Ctrl_log_fund_size,2.5426791671341538,233,ok,
FAC_rank_vol_m6_n12_pairwise1,2019-11-29,Ctrl_fund_age,2.893431999400775,233,ok,
FAC_rank_vol_m6_n12_pairwise1,2019-12-31,FAC_rank_vol_m6_n12_pairwise1,1.0355906017269951,239,ok,
FAC_rank_vol_m6_n12_pairwise1,2019-12-31,CtrlRetSTR,1.0890405095459315,239,ok,
FAC_rank_vol_m6_n12_pairwise1,2019-12-31,CtrlRetLTM,1.9206371528273873,239,ok,
FAC_rank_vol_m6_n12_pairwise1,2019-12-31,CtrlVol,1.7574179674421604,239,ok,
FAC_rank_vol_m6_n12_pairwise1,2019-12-31,as_偏股混合型基金,1.622437636378488,239,ok,
FAC_rank_vol_m6_n12_pairwise1,2019-12-31,Ctrl_log_fund_size,2.573501946486467,239,ok,
FAC_rank_vol_m6_n12_pairwise1,2019-12-31,Ctrl_fund_age,2.864925828749455,239,ok,
FAC_rank_vol_m6_n12_pairwise1,2020-01-23,FAC_rank_vol_m6_n12_pairwise1,1.0897883069981944,241,ok,
FAC_rank_vol_m6_n12_pairwise1,2020-01-23,CtrlRetSTR,1.4552092184682626,241,ok,
FAC_rank_vol_m6_n12_pairwise1,2020-01-23,CtrlRetLTM,1.9857981551131472,241,ok,
FAC_rank_vol_m6_n12_pairwise1,2020-01-23,CtrlVol,1.824424457599689,241,ok,
FAC_rank_vol_m6_n12_pairwise1,2020-01-23,as_偏股混合型基金,1.6377662707590888,241,ok,
FAC_rank_vol_m6_n12_pairwise1,2020-01-23,Ctrl_log_fund_size,2.573831202270393,241,ok,
FAC_rank_vol_m6_n12_pairwise1,2020-01-23,Ctrl_fund_age,2.919520991771486,241,ok,
FAC_rank_vol_m6_n12_pairwise1,2020-02-28,FAC_rank_vol_m6_n12_pairwise1,1.0740074465581675,242,ok,
FAC_rank_vol_m6_n12_pairwise1,2020-02-28,CtrlRetSTR,1.3655002240085492,242,ok,
FAC_rank_vol_m6_n12_pairwise1,2020-02-28,CtrlRetLTM,1.877532958408205,242,ok,
FAC_rank_vol_m6_n12_pairwise1,2020-02-28,CtrlVol,1.459646235245614,242,ok,
FAC_rank_vol_m6_n12_pairwise1,2020-02-28,as_偏股混合型基金,1.6313949281950104,242,ok,
FAC_rank_vol_m6_n12_pairwise1,2020-02-28,Ctrl_log_fund_size,2.578773364268178,242,ok,
FAC_rank_vol_m6_n12_pairwise1,2020-02-28,Ctrl_fund_age,2.9027989647055406,242,ok,
FAC_rank_vol_m6_n12_pairwise1,2020-03-31,FAC_rank_vol_m6_n12_pairwise1,1.1669179569140355,250,ok,
FAC_rank_vol_m6_n12_pairwise1,2020-03-31,CtrlRetSTR,1.2998960977673026,250,ok,
FAC_rank_vol_m6_n12_pairwise1,2020-03-31,CtrlRetLTM,1.646166182635308,250,ok,
FAC_rank_vol_m6_n12_pairwise1,2020-03-31,CtrlVol,1.4537223825687888,250,ok,
FAC_rank_vol_m6_n12_pairwise1,2020-03-31,as_偏股混合型基金,1.673552145286355,250,ok,
FAC_rank_vol_m6_n12_pairwise1,2020-03-31,Ctrl_log_fund_size,2.4794253309526835,250,ok,
FAC_rank_vol_m6_n12_pairwise1,2020-03-31,Ctrl_fund_age,2.7810950225872935,250,ok,
FAC_rank_vol_m6_n12_pairwise1,2020-04-30,FAC_rank_vol_m6_n12_pairwise1,1.0373348358273442,253,ok,
FAC_rank_vol_m6_n12_pairwise1,2020-04-30,CtrlRetSTR,1.315843674692168,253,ok,
FAC_rank_vol_m6_n12_pairwise1,2020-04-30,CtrlRetLTM,1.4168349009149357,253,ok,
FAC_rank_vol_m6_n12_pairwise1,2020-04-30,CtrlVol,1.5871789712994897,253,ok,
FAC_rank_vol_m6_n12_pairwise1,2020-04-30,as_偏股混合型基金,1.6339844085942565,253,ok,
FAC_rank_vol_m6_n12_pairwise1,2020-04-30,Ctrl_log_fund_size,2.498322190994327,253,ok,
FAC_rank_vol_m6_n12_pairwise1,2020-04-30,Ctrl_fund_age,2.789821778507917,253,ok,
FAC_rank_vol_m6_n12_pairwise1,2020-05-29,FAC_rank_vol_m6_n12_pairwise1,1.2147356871890849,253,ok,
FAC_rank_vol_m6_n12_pairwise1,2020-05-29,CtrlRetSTR,1.3252728801901297,253,ok,
FAC_rank_vol_m6_n12_pairwise1,2020-05-29,CtrlRetLTM,1.7634423802569485,253,ok,
FAC_rank_vol_m6_n12_pairwise1,2020-05-29,CtrlVol,1.73454795605353,253,ok,
FAC_rank_vol_m6_n12_pairwise1,2020-05-29,as_偏股混合型基金,1.6114358169409109,253,ok,
FAC_rank_vol_m6_n12_pairwise1,2020-05-29,Ctrl_log_fund_size,2.5324613319183333,253,ok,
FAC_rank_vol_m6_n12_pairwise1,2020-05-29,Ctrl_fund_age,2.8118009558374757,253,ok,
FAC_rank_vol_m6_n12_pairwise1,2020-06-30,FAC_rank_vol_m6_n12_pairwise1,1.013811527251889,257,ok,
FAC_rank_vol_m6_n12_pairwise1,2020-06-30,CtrlRetSTR,1.4217692272722924,257,ok,
FAC_rank_vol_m6_n12_pairwise1,2020-06-30,CtrlRetLTM,1.6303203224800589,257,ok,
FAC_rank_vol_m6_n12_pairwise1,2020-06-30,CtrlVol,1.413119288135645,257,ok,
FAC_rank_vol_m6_n12_pairwise1,2020-06-30,as_偏股混合型基金,1.4979278436785177,257,ok,
FAC_rank_vol_m6_n12_pairwise1,2020-06-30,Ctrl_log_fund_size,2.560074886227366,257,ok,
FAC_rank_vol_m6_n12_pairwise1,2020-06-30,Ctrl_fund_age,2.75255311955509,257,ok,
FAC_rank_vol_m6_n12_pairwise1,2020-07-31,FAC_rank_vol_m6_n12_pairwise1,1.0253620529680219,260,ok,
FAC_rank_vol_m6_n12_pairwise1,2020-07-31,CtrlRetSTR,1.0465912142541884,260,ok,
FAC_rank_vol_m6_n12_pairwise1,2020-07-31,CtrlRetLTM,1.6909674910520596,260,ok,
FAC_rank_vol_m6_n12_pairwise1,2020-07-31,CtrlVol,1.5309506860652262,260,ok,
FAC_rank_vol_m6_n12_pairwise1,2020-07-31,as_偏股混合型基金,1.5096154764384815,260,ok,
FAC_rank_vol_m6_n12_pairwise1,2020-07-31,Ctrl_log_fund_size,2.6436507947321037,260,ok,
FAC_rank_vol_m6_n12_pairwise1,2020-07-31,Ctrl_fund_age,2.8034394685352892,260,ok,
FAC_rank_vol_m6_n12_pairwise1,2020-08-31,FAC_rank_vol_m6_n12_pairwise1,1.0695754925293135,274,ok,
FAC_rank_vol_m6_n12_pairwise1,2020-08-31,CtrlRetSTR,1.3143926852963894,274,ok,
FAC_rank_vol_m6_n12_pairwise1,2020-08-31,CtrlRetLTM,1.5073527165621188,274,ok,
FAC_rank_vol_m6_n12_pairwise1,2020-08-31,CtrlVol,1.3920376642874768,274,ok,
FAC_rank_vol_m6_n12_pairwise1,2020-08-31,as_偏股混合型基金,1.4771706618139382,274,ok,
FAC_rank_vol_m6_n12_pairwise1,2020-08-31,Ctrl_log_fund_size,2.8416349838738397,274,ok,
FAC_rank_vol_m6_n12_pairwise1,2020-08-31,Ctrl_fund_age,3.019951739318595,274,ok,
FAC_rank_vol_m6_n12_pairwise1,2020-09-30,FAC_rank_vol_m6_n12_pairwise1,1.0657817843566773,285,ok,
FAC_rank_vol_m6_n12_pairwise1,2020-09-30,CtrlRetSTR,1.1498239054599255,285,ok,
FAC_rank_vol_m6_n12_pairwise1,2020-09-30,CtrlRetLTM,1.3664735798009573,285,ok,
FAC_rank_vol_m6_n12_pairwise1,2020-09-30,CtrlVol,1.3261070753647133,285,ok,
FAC_rank_vol_m6_n12_pairwise1,2020-09-30,as_偏股混合型基金,1.4564925215263311,285,ok,
FAC_rank_vol_m6_n12_pairwise1,2020-09-30,Ctrl_log_fund_size,2.7864230454806767,285,ok,
FAC_rank_vol_m6_n12_pairwise1,2020-09-30,Ctrl_fund_age,2.9154279375872862,285,ok,
FAC_rank_vol_m6_n12_pairwise1,2020-10-30,FAC_rank_vol_m6_n12_pairwise1,1.1315654406749558,286,ok,
FAC_rank_vol_m6_n12_pairwise1,2020-10-30,CtrlRetSTR,1.0729791245891138,286,ok,
FAC_rank_vol_m6_n12_pairwise1,2020-10-30,CtrlRetLTM,1.4592227276024514,286,ok,
FAC_rank_vol_m6_n12_pairwise1,2020-10-30,CtrlVol,1.4543136710777056,286,ok,
FAC_rank_vol_m6_n12_pairwise1,2020-10-30,as_偏股混合型基金,1.4597603249375226,286,ok,
FAC_rank_vol_m6_n12_pairwise1,2020-10-30,Ctrl_log_fund_size,2.7994285245074257,286,ok,
FAC_rank_vol_m6_n12_pairwise1,2020-10-30,Ctrl_fund_age,2.864585251014371,286,ok,
FAC_rank_vol_m6_n12_pairwise1,2020-11-30,FAC_rank_vol_m6_n12_pairwise1,1.1200776508293795,294,ok,
FAC_rank_vol_m6_n12_pairwise1,2020-11-30,CtrlRetSTR,1.1224273542858232,294,ok,
FAC_rank_vol_m6_n12_pairwise1,2020-11-30,CtrlRetLTM,1.4034217045243502,294,ok,
FAC_rank_vol_m6_n12_pairwise1,2020-11-30,CtrlVol,1.2848889979353229,294,ok,
FAC_rank_vol_m6_n12_pairwise1,2020-11-30,as_偏股混合型基金,1.4306850231427293,294,ok,
FAC_rank_vol_m6_n12_pairwise1,2020-11-30,Ctrl_log_fund_size,2.7487565879546927,294,ok,
FAC_rank_vol_m6_n12_pairwise1,2020-11-30,Ctrl_fund_age,2.8092256588438103,294,ok,
FAC_rank_vol_m6_n12_pairwise1,2020-12-31,FAC_rank_vol_m6_n12_pairwise1,1.1354829059779306,307,ok,
FAC_rank_vol_m6_n12_pairwise1,2020-12-31,CtrlRetSTR,1.2940129637653806,307,ok,
FAC_rank_vol_m6_n12_pairwise1,2020-12-31,CtrlRetLTM,1.317232010561236,307,ok,
FAC_rank_vol_m6_n12_pairwise1,2020-12-31,CtrlVol,1.312936677406833,307,ok,
FAC_rank_vol_m6_n12_pairwise1,2020-12-31,as_偏股混合型基金,1.3968505155850748,307,ok,
FAC_rank_vol_m6_n12_pairwise1,2020-12-31,Ctrl_log_fund_size,2.7415382769210614,307,ok,
FAC_rank_vol_m6_n12_pairwise1,2020-12-31,Ctrl_fund_age,2.7648507037154366,307,ok,
FAC_rank_vol_m6_n12_pairwise1,2021-01-29,FAC_rank_vol_m6_n12_pairwise1,1.1284903651537883,307,ok,
FAC_rank_vol_m6_n12_pairwise1,2021-01-29,CtrlRetSTR,1.0624769316975857,307,ok,
FAC_rank_vol_m6_n12_pairwise1,2021-01-29,CtrlRetLTM,1.238740825353864,307,ok,
FAC_rank_vol_m6_n12_pairwise1,2021-01-29,CtrlVol,1.2404866883242835,307,ok,
FAC_rank_vol_m6_n12_pairwise1,2021-01-29,as_偏股混合型基金,1.4175530739804618,307,ok,
FAC_rank_vol_m6_n12_pairwise1,2021-01-29,Ctrl_log_fund_size,2.5858020990204977,307,ok,
FAC_rank_vol_m6_n12_pairwise1,2021-01-29,Ctrl_fund_age,2.6085060893096186,307,ok,
FAC_rank_vol_m6_n12_pairwise1,2021-02-26,FAC_rank_vol_m6_n12_pairwise1,1.0827711056204516,322,ok,
FAC_rank_vol_m6_n12_pairwise1,2021-02-26,CtrlRetSTR,1.4550622273333953,322,ok,
FAC_rank_vol_m6_n12_pairwise1,2021-02-26,CtrlRetLTM,1.1482729541509364,322,ok,
FAC_rank_vol_m6_n12_pairwise1,2021-02-26,CtrlVol,1.4909577646282302,322,ok,
FAC_rank_vol_m6_n12_pairwise1,2021-02-26,as_偏股混合型基金,1.397827581371452,322,ok,
FAC_rank_vol_m6_n12_pairwise1,2021-02-26,Ctrl_log_fund_size,2.630623258583584,322,ok,
FAC_rank_vol_m6_n12_pairwise1,2021-02-26,Ctrl_fund_age,2.6055608474967724,322,ok,
FAC_rank_vol_m6_n12_pairwise1,2021-03-31,FAC_rank_vol_m6_n12_pairwise1,1.0656238149332977,321,ok,
FAC_rank_vol_m6_n12_pairwise1,2021-03-31,CtrlRetSTR,1.195290518305299,321,ok,
FAC_rank_vol_m6_n12_pairwise1,2021-03-31,CtrlRetLTM,1.1784678463077718,321,ok,
FAC_rank_vol_m6_n12_pairwise1,2021-03-31,CtrlVol,1.2764429012451646,321,ok,
FAC_rank_vol_m6_n12_pairwise1,2021-03-31,as_偏股混合型基金,1.3973616681762966,321,ok,
FAC_rank_vol_m6_n12_pairwise1,2021-03-31,Ctrl_log_fund_size,2.554807620395006,321,ok,
FAC_rank_vol_m6_n12_pairwise1,2021-03-31,Ctrl_fund_age,2.588988536710358,321,ok,
FAC_rank_vol_m6_n12_pairwise1,2021-04-30,FAC_rank_vol_m6_n12_pairwise1,1.0682523268561555,328,ok,
FAC_rank_vol_m6_n12_pairwise1,2021-04-30,CtrlRetSTR,1.667345065890067,328,ok,
FAC_rank_vol_m6_n12_pairwise1,2021-04-30,CtrlRetLTM,1.1153606267477283,328,ok,
FAC_rank_vol_m6_n12_pairwise1,2021-04-30,CtrlVol,1.7420845151312747,328,ok,
FAC_rank_vol_m6_n12_pairwise1,2021-04-30,as_偏股混合型基金,1.3695750727851872,328,ok,
FAC_rank_vol_m6_n12_pairwise1,2021-04-30,Ctrl_log_fund_size,2.5321884451878356,328,ok,
FAC_rank_vol_m6_n12_pairwise1,2021-04-30,Ctrl_fund_age,2.537696511813459,328,ok,
FAC_rank_vol_m6_n12_pairwise1,2021-05-31,FAC_rank_vol_m6_n12_pairwise1,1.0747665471114567,334,ok,
FAC_rank_vol_m6_n12_pairwise1,2021-05-31,CtrlRetSTR,1.2428505399759358,334,ok,
FAC_rank_vol_m6_n12_pairwise1,2021-05-31,CtrlRetLTM,1.184451202685913,334,ok,
FAC_rank_vol_m6_n12_pairwise1,2021-05-31,CtrlVol,1.3753650831536213,334,ok,
FAC_rank_vol_m6_n12_pairwise1,2021-05-31,as_偏股混合型基金,1.3472405146160298,334,ok,
FAC_rank_vol_m6_n12_pairwise1,2021-05-31,Ctrl_log_fund_size,2.417790864749918,334,ok,
FAC_rank_vol_m6_n12_pairwise1,2021-05-31,Ctrl_fund_age,2.504212634416568,334,ok,
FAC_rank_vol_m6_n12_pairwise1,2021-06-30,FAC_rank_vol_m6_n12_pairwise1,1.0472136475370026,342,ok,
FAC_rank_vol_m6_n12_pairwise1,2021-06-30,CtrlRetSTR,1.219284744357144,342,ok,
FAC_rank_vol_m6_n12_pairwise1,2021-06-30,CtrlRetLTM,1.1734305729221808,342,ok,
FAC_rank_vol_m6_n12_pairwise1,2021-06-30,CtrlVol,1.2193727420400642,342,ok,
FAC_rank_vol_m6_n12_pairwise1,2021-06-30,as_偏股混合型基金,1.355409709748914,342,ok,
FAC_rank_vol_m6_n12_pairwise1,2021-06-30,Ctrl_log_fund_size,2.3760120469047328,342,ok,
FAC_rank_vol_m6_n12_pairwise1,2021-06-30,Ctrl_fund_age,2.4685968608536686,342,ok,
FAC_rank_vol_m6_n12_pairwise1,2021-07-30,FAC_rank_vol_m6_n12_pairwise1,1.0821064681577675,349,ok,
FAC_rank_vol_m6_n12_pairwise1,2021-07-30,CtrlRetSTR,1.02419389508384,349,ok,
FAC_rank_vol_m6_n12_pairwise1,2021-07-30,CtrlRetLTM,1.230322349606623,349,ok,
FAC_rank_vol_m6_n12_pairwise1,2021-07-30,CtrlVol,1.2445845266181748,349,ok,
FAC_rank_vol_m6_n12_pairwise1,2021-07-30,as_偏股混合型基金,1.342465938273594,349,ok,
FAC_rank_vol_m6_n12_pairwise1,2021-07-30,Ctrl_log_fund_size,2.4071451609859214,349,ok,
FAC_rank_vol_m6_n12_pairwise1,2021-07-30,Ctrl_fund_age,2.519741665707329,349,ok,
FAC_rank_vol_m6_n12_pairwise1,2021-08-31,FAC_rank_vol_m6_n12_pairwise1,1.2327480986537591,370,ok,
FAC_rank_vol_m6_n12_pairwise1,2021-08-31,CtrlRetSTR,1.3148194550275012,370,ok,
FAC_rank_vol_m6_n12_pairwise1,2021-08-31,CtrlRetLTM,1.5399100417353346,370,ok,
FAC_rank_vol_m6_n12_pairwise1,2021-08-31,CtrlVol,1.5335200689893251,370,ok,
FAC_rank_vol_m6_n12_pairwise1,2021-08-31,as_偏股混合型基金,1.3165196730563888,370,ok,
FAC_rank_vol_m6_n12_pairwise1,2021-08-31,Ctrl_log_fund_size,2.435535060490339,370,ok,
FAC_rank_vol_m6_n12_pairwise1,2021-08-31,Ctrl_fund_age,2.460260370855475,370,ok,
FAC_rank_vol_m6_n12_pairwise1,2021-09-30,FAC_rank_vol_m6_n12_pairwise1,1.2365751013196387,377,ok,
FAC_rank_vol_m6_n12_pairwise1,2021-09-30,CtrlRetSTR,1.7896704262737135,377,ok,
FAC_rank_vol_m6_n12_pairwise1,2021-09-30,CtrlRetLTM,1.975898319472343,377,ok,
FAC_rank_vol_m6_n12_pairwise1,2021-09-30,CtrlVol,1.499774105796767,377,ok,
FAC_rank_vol_m6_n12_pairwise1,2021-09-30,as_偏股混合型基金,1.2766882371604478,377,ok,
FAC_rank_vol_m6_n12_pairwise1,2021-09-30,Ctrl_log_fund_size,2.37190641410388,377,ok,
FAC_rank_vol_m6_n12_pairwise1,2021-09-30,Ctrl_fund_age,2.406072129081139,377,ok,
FAC_rank_vol_m6_n12_pairwise1,2021-10-29,FAC_rank_vol_m6_n12_pairwise1,1.1999846025243988,381,ok,
FAC_rank_vol_m6_n12_pairwise1,2021-10-29,CtrlRetSTR,1.158027875171325,381,ok,
FAC_rank_vol_m6_n12_pairwise1,2021-10-29,CtrlRetLTM,1.3602499150111036,381,ok,
FAC_rank_vol_m6_n12_pairwise1,2021-10-29,CtrlVol,1.3831875943534193,381,ok,
FAC_rank_vol_m6_n12_pairwise1,2021-10-29,as_偏股混合型基金,1.2680712562383902,381,ok,
FAC_rank_vol_m6_n12_pairwise1,2021-10-29,Ctrl_log_fund_size,2.5012686624373672,381,ok,
FAC_rank_vol_m6_n12_pairwise1,2021-10-29,Ctrl_fund_age,2.406766128429509,381,ok,
FAC_rank_vol_m6_n12_pairwise1,2021-11-30,FAC_rank_vol_m6_n12_pairwise1,1.2145325974086119,397,ok,
FAC_rank_vol_m6_n12_pairwise1,2021-11-30,CtrlRetSTR,1.0593626060938515,397,ok,
FAC_rank_vol_m6_n12_pairwise1,2021-11-30,CtrlRetLTM,1.6166502779165706,397,ok,
FAC_rank_vol_m6_n12_pairwise1,2021-11-30,CtrlVol,1.524292431510645,397,ok,
FAC_rank_vol_m6_n12_pairwise1,2021-11-30,as_偏股混合型基金,1.2548571015700154,397,ok,
FAC_rank_vol_m6_n12_pairwise1,2021-11-30,Ctrl_log_fund_size,2.512360093462133,397,ok,
FAC_rank_vol_m6_n12_pairwise1,2021-11-30,Ctrl_fund_age,2.4086987754562394,397,ok,
FAC_rank_vol_m6_n12_pairwise1,2021-12-31,FAC_rank_vol_m6_n12_pairwise1,1.1002515585843813,389,ok,
FAC_rank_vol_m6_n12_pairwise1,2021-12-31,CtrlRetSTR,1.6397487066451273,389,ok,
FAC_rank_vol_m6_n12_pairwise1,2021-12-31,CtrlRetLTM,1.3327056479407224,389,ok,
FAC_rank_vol_m6_n12_pairwise1,2021-12-31,CtrlVol,1.4927917315686963,389,ok,
FAC_rank_vol_m6_n12_pairwise1,2021-12-31,as_偏股混合型基金,1.2597081577824532,389,ok,
FAC_rank_vol_m6_n12_pairwise1,2021-12-31,Ctrl_log_fund_size,2.390253551448716,389,ok,
FAC_rank_vol_m6_n12_pairwise1,2021-12-31,Ctrl_fund_age,2.3534893881786085,389,ok,
FAC_rank_vol_m6_n12_pairwise1,2022-01-28,FAC_rank_vol_m6_n12_pairwise1,1.0945154592648463,403,ok,
FAC_rank_vol_m6_n12_pairwise1,2022-01-28,CtrlRetSTR,1.3151716517612388,403,ok,
FAC_rank_vol_m6_n12_pairwise1,2022-01-28,CtrlRetLTM,1.1428237104438914,403,ok,
FAC_rank_vol_m6_n12_pairwise1,2022-01-28,CtrlVol,1.3474159545213367,403,ok,
FAC_rank_vol_m6_n12_pairwise1,2022-01-28,as_偏股混合型基金,1.218372455937623,403,ok,
FAC_rank_vol_m6_n12_pairwise1,2022-01-28,Ctrl_log_fund_size,2.3165663707608353,403,ok,
FAC_rank_vol_m6_n12_pairwise1,2022-01-28,Ctrl_fund_age,2.3040644894324482,403,ok,
FAC_rank_vol_m6_n12_pairwise1,2022-02-28,FAC_rank_vol_m6_n12_pairwise1,1.082170356324227,429,ok,
FAC_rank_vol_m6_n12_pairwise1,2022-02-28,CtrlRetSTR,1.3889048589478854,429,ok,
FAC_rank_vol_m6_n12_pairwise1,2022-02-28,CtrlRetLTM,1.292673467407417,429,ok,
FAC_rank_vol_m6_n12_pairwise1,2022-02-28,CtrlVol,1.3064506034177992,429,ok,
FAC_rank_vol_m6_n12_pairwise1,2022-02-28,as_偏股混合型基金,1.2169808117933096,429,ok,
FAC_rank_vol_m6_n12_pairwise1,2022-02-28,Ctrl_log_fund_size,2.360816655493163,429,ok,
FAC_rank_vol_m6_n12_pairwise1,2022-02-28,Ctrl_fund_age,2.323357979541095,429,ok,
FAC_rank_vol_m6_n12_pairwise1,2022-03-31,FAC_rank_vol_m6_n12_pairwise1,1.1837435493748922,417,ok,
FAC_rank_vol_m6_n12_pairwise1,2022-03-31,CtrlRetSTR,1.1742865571479186,417,ok,
FAC_rank_vol_m6_n12_pairwise1,2022-03-31,CtrlRetLTM,1.319494103662687,417,ok,
FAC_rank_vol_m6_n12_pairwise1,2022-03-31,CtrlVol,1.2253936257203444,417,ok,
FAC_rank_vol_m6_n12_pairwise1,2022-03-31,as_偏股混合型基金,1.2042685522300287,417,ok,
FAC_rank_vol_m6_n12_pairwise1,2022-03-31,Ctrl_log_fund_size,2.316225402224049,417,ok,
FAC_rank_vol_m6_n12_pairwise1,2022-03-31,Ctrl_fund_age,2.298269994028399,417,ok,
FAC_rank_vol_m6_n12_pairwise1,2022-04-29,FAC_rank_vol_m6_n12_pairwise1,1.038763250203475,426,ok,
FAC_rank_vol_m6_n12_pairwise1,2022-04-29,CtrlRetSTR,1.5368199869805454,426,ok,
FAC_rank_vol_m6_n12_pairwise1,2022-04-29,CtrlRetLTM,1.2302208423195267,426,ok,
FAC_rank_vol_m6_n12_pairwise1,2022-04-29,CtrlVol,1.3851104773321983,426,ok,
FAC_rank_vol_m6_n12_pairwise1,2022-04-29,as_偏股混合型基金,1.185333034056534,426,ok,
FAC_rank_vol_m6_n12_pairwise1,2022-04-29,Ctrl_log_fund_size,2.3469905265358713,426,ok,
FAC_rank_vol_m6_n12_pairwise1,2022-04-29,Ctrl_fund_age,2.32665996955911,426,ok,
FAC_rank_vol_m6_n12_pairwise1,2022-05-31,FAC_rank_vol_m6_n12_pairwise1,1.0370910102667557,458,ok,
FAC_rank_vol_m6_n12_pairwise1,2022-05-31,CtrlRetSTR,1.4131803735793187,458,ok,
FAC_rank_vol_m6_n12_pairwise1,2022-05-31,CtrlRetLTM,1.0550703049293968,458,ok,
FAC_rank_vol_m6_n12_pairwise1,2022-05-31,CtrlVol,1.4100397492896595,458,ok,
FAC_rank_vol_m6_n12_pairwise1,2022-05-31,as_偏股混合型基金,1.163275225436731,458,ok,
FAC_rank_vol_m6_n12_pairwise1,2022-05-31,Ctrl_log_fund_size,2.325642636340824,458,ok,
FAC_rank_vol_m6_n12_pairwise1,2022-05-31,Ctrl_fund_age,2.3214190896789795,458,ok,
FAC_rank_vol_m6_n12_pairwise1,2022-06-30,FAC_rank_vol_m6_n12_pairwise1,1.0807975035411264,475,ok,
FAC_rank_vol_m6_n12_pairwise1,2022-06-30,CtrlRetSTR,1.4030915188496906,475,ok,
FAC_rank_vol_m6_n12_pairwise1,2022-06-30,CtrlRetLTM,1.1851445288965734,475,ok,
FAC_rank_vol_m6_n12_pairwise1,2022-06-30,CtrlVol,1.3346707566266638,475,ok,
FAC_rank_vol_m6_n12_pairwise1,2022-06-30,as_偏股混合型基金,1.1256992868994666,475,ok,
FAC_rank_vol_m6_n12_pairwise1,2022-06-30,Ctrl_log_fund_size,2.4994135532217157,475,ok,
FAC_rank_vol_m6_n12_pairwise1,2022-06-30,Ctrl_fund_age,2.421803517649271,475,ok,
FAC_rank_vol_m12_n6_pairwise1,2004-08-31,FAC_rank_vol_m12_n6_pairwise1,,0,skipped,完整变量样本数小于 min_cross_section_n
FAC_rank_vol_m12_n6_pairwise1,2004-08-31,CtrlRetSTR,,0,skipped,完整变量样本数小于 min_cross_section_n
FAC_rank_vol_m12_n6_pairwise1,2004-08-31,CtrlRetLTM,,0,skipped,完整变量样本数小于 min_cross_section_n
FAC_rank_vol_m12_n6_pairwise1,2004-08-31,CtrlVol,,0,skipped,完整变量样本数小于 min_cross_section_n
FAC_rank_vol_m12_n6_pairwise1,2004-08-31,as_偏股混合型基金,,0,skipped,完整变量样本数小于 min_cross_section_n
FAC_rank_vol_m12_n6_pairwise1,2004-08-31,Ctrl_log_fund_size,,0,skipped,完整变量样本数小于 min_cross_section_n
FAC_rank_vol_m12_n6_pairwise1,2004-08-31,Ctrl_fund_age,,0,skipped,完整变量样本数小于 min_cross_section_n
FAC_rank_vol_m12_n6_pairwise1,2004-09-30,FAC_rank_vol_m12_n6_pairwise1,,0,skipped,完整变量样本数小于 min_cross_section_n
FAC_rank_vol_m12_n6_pairwise1,2004-09-30,CtrlRetSTR,,0,skipped,完整变量样本数小于 min_cross_section_n
FAC_rank_vol_m12_n6_pairwise1,2004-09-30,CtrlRetLTM,,0,skipped,完整变量样本数小于 min_cross_section_n
FAC_rank_vol_m12_n6_pairwise1,2004-09-30,CtrlVol,,0,skipped,完整变量样本数小于 min_cross_section_n
FAC_rank_vol_m12_n6_pairwise1,2004-09-30,as_偏股混合型基金,,0,skipped,完整变量样本数小于 min_cross_section_n
FAC_rank_vol_m12_n6_pairwise1,2004-09-30,Ctrl_log_fund_size,,0,skipped,完整变量样本数小于 min_cross_section_n
FAC_rank_vol_m12_n6_pairwise1,2004-09-30,Ctrl_fund_age,,0,skipped,完整变量样本数小于 min_cross_section_n
FAC_rank_vol_m12_n6_pairwise1,2004-10-29,FAC_rank_vol_m12_n6_pairwise1,,0,skipped,完整变量样本数小于 min_cross_section_n
FAC_rank_vol_m12_n6_pairwise1,2004-10-29,CtrlRetSTR,,0,skipped,完整变量样本数小于 min_cross_section_n
FAC_rank_vol_m12_n6_pairwise1,2004-10-29,CtrlRetLTM,,0,skipped,完整变量样本数小于 min_cross_section_n
FAC_rank_vol_m12_n6_pairwise1,2004-10-29,CtrlVol,,0,skipped,完整变量样本数小于 min_cross_section_n
FAC_rank_vol_m12_n6_pairwise1,2004-10-29,as_偏股混合型基金,,0,skipped,完整变量样本数小于 min_cross_section_n
FAC_rank_vol_m12_n6_pairwise1,2004-10-29,Ctrl_log_fund_size,,0,skipped,完整变量样本数小于 min_cross_section_n
FAC_rank_vol_m12_n6_pairwise1,2004-10-29,Ctrl_fund_age,,0,skipped,完整变量样本数小于 min_cross_section_n
FAC_rank_vol_m12_n6_pairwise1,2004-11-30,FAC_rank_vol_m12_n6_pairwise1,,0,skipped,完整变量样本数小于 min_cross_section_n
FAC_rank_vol_m12_n6_pairwise1,2004-11-30,CtrlRetSTR,,0,skipped,完整变量样本数小于 min_cross_section_n
FAC_rank_vol_m12_n6_pairwise1,2004-11-30,CtrlRetLTM,,0,skipped,完整变量样本数小于 min_cross_section_n
FAC_rank_vol_m12_n6_pairwise1,2004-11-30,CtrlVol,,0,skipped,完整变量样本数小于 min_cross_section_n
FAC_rank_vol_m12_n6_pairwise1,2004-11-30,as_偏股混合型基金,,0,skipped,完整变量样本数小于 min_cross_section_n
FAC_rank_vol_m12_n6_pairwise1,2004-11-30,Ctrl_log_fund_size,,0,skipped,完整变量样本数小于 min_cross_section_n
FAC_rank_vol_m12_n6_pairwise1,2004-11-30,Ctrl_fund_age,,0,skipped,完整变量样本数小于 min_cross_section_n
FAC_rank_vol_m12_n6_pairwise1,2004-12-31,FAC_rank_vol_m12_n6_pairwise1,,0,skipped,完整变量样本数小于 min_cross_section_n
FAC_rank_vol_m12_n6_pairwise1,2004-12-31,CtrlRetSTR,,0,skipped,完整变量样本数小于 min_cross_section_n
FAC_rank_vol_m12_n6_pairwise1,2004-12-31,CtrlRetLTM,,0,skipped,完整变量样本数小于 min_cross_section_n
FAC_rank_vol_m12_n6_pairwise1,2004-12-31,CtrlVol,,0,skipped,完整变量样本数小于 min_cross_section_n
FAC_rank_vol_m12_n6_pairwise1,2004-12-31,as_偏股混合型基金,,0,skipped,完整变量样本数小于 min_cross_section_n
FAC_rank_vol_m12_n6_pairwise1,2004-12-31,Ctrl_log_fund_size,,0,skipped,完整变量样本数小于 min_cross_section_n
FAC_rank_vol_m12_n6_pairwise1,2004-12-31,Ctrl_fund_age,,0,skipped,完整变量样本数小于 min_cross_section_n
FAC_rank_vol_m12_n6_pairwise1,2005-01-31,FAC_rank_vol_m12_n6_pairwise1,,0,skipped,完整变量样本数小于 min_cross_section_n
FAC_rank_vol_m12_n6_pairwise1,2005-01-31,CtrlRetSTR,,0,skipped,完整变量样本数小于 min_cross_section_n
FAC_rank_vol_m12_n6_pairwise1,2005-01-31,CtrlRetLTM,,0,skipped,完整变量样本数小于 min_cross_section_n
FAC_rank_vol_m12_n6_pairwise1,2005-01-31,CtrlVol,,0,skipped,完整变量样本数小于 min_cross_section_n
FAC_rank_vol_m12_n6_pairwise1,2005-01-31,as_偏股混合型基金,,0,skipped,完整变量样本数小于 min_cross_section_n
FAC_rank_vol_m12_n6_pairwise1,2005-01-31,Ctrl_log_fund_size,,0,skipped,完整变量样本数小于 min_cross_section_n
FAC_rank_vol_m12_n6_pairwise1,2005-01-31,Ctrl_fund_age,,0,skipped,完整变量样本数小于 min_cross_section_n
FAC_rank_vol_m12_n6_pairwise1,2005-02-28,FAC_rank_vol_m12_n6_pairwise1,,0,skipped,完整变量样本数小于 min_cross_section_n
FAC_rank_vol_m12_n6_pairwise1,2005-02-28,CtrlRetSTR,,0,skipped,完整变量样本数小于 min_cross_section_n
FAC_rank_vol_m12_n6_pairwise1,2005-02-28,CtrlRetLTM,,0,skipped,完整变量样本数小于 min_cross_section_n
FAC_rank_vol_m12_n6_pairwise1,2005-02-28,CtrlVol,,0,skipped,完整变量样本数小于 min_cross_section_n
FAC_rank_vol_m12_n6_pairwise1,2005-02-28,as_偏股混合型基金,,0,skipped,完整变量样本数小于 min_cross_section_n
FAC_rank_vol_m12_n6_pairwise1,2005-02-28,Ctrl_log_fund_size,,0,skipped,完整变量样本数小于 min_cross_section_n
FAC_rank_vol_m12_n6_pairwise1,2005-02-28,Ctrl_fund_age,,0,skipped,完整变量样本数小于 min_cross_section_n
FAC_rank_vol_m12_n6_pairwise1,2005-03-31,FAC_rank_vol_m12_n6_pairwise1,,0,skipped,完整变量样本数小于 min_cross_section_n
FAC_rank_vol_m12_n6_pairwise1,2005-03-31,CtrlRetSTR,,0,skipped,完整变量样本数小于 min_cross_section_n
FAC_rank_vol_m12_n6_pairwise1,2005-03-31,CtrlRetLTM,,0,skipped,完整变量样本数小于 min_cross_section_n
FAC_rank_vol_m12_n6_pairwise1,2005-03-31,CtrlVol,,0,skipped,完整变量样本数小于 min_cross_section_n
FAC_rank_vol_m12_n6_pairwise1,2005-03-31,as_偏股混合型基金,,0,skipped,完整变量样本数小于 min_cross_section_n
FAC_rank_vol_m12_n6_pairwise1,2005-03-31,Ctrl_log_fund_size,,0,skipped,完整变量样本数小于 min_cross_section_n
FAC_rank_vol_m12_n6_pairwise1,2005-03-31,Ctrl_fund_age,,0,skipped,完整变量样本数小于 min_cross_section_n
FAC_rank_vol_m12_n6_pairwise1,2005-04-29,FAC_rank_vol_m12_n6_pairwise1,,0,skipped,完整变量样本数小于 min_cross_section_n
FAC_rank_vol_m12_n6_pairwise1,2005-04-29,CtrlRetSTR,,0,skipped,完整变量样本数小于 min_cross_section_n
FAC_rank_vol_m12_n6_pairwise1,2005-04-29,CtrlRetLTM,,0,skipped,完整变量样本数小于 min_cross_section_n
FAC_rank_vol_m12_n6_pairwise1,2005-04-29,CtrlVol,,0,skipped,完整变量样本数小于 min_cross_section_n
FAC_rank_vol_m12_n6_pairwise1,2005-04-29,as_偏股混合型基金,,0,skipped,完整变量样本数小于 min_cross_section_n
FAC_rank_vol_m12_n6_pairwise1,2005-04-29,Ctrl_log_fund_size,,0,skipped,完整变量样本数小于 min_cross_section_n
FAC_rank_vol_m12_n6_pairwise1,2005-04-29,Ctrl_fund_age,,0,skipped,完整变量样本数小于 min_cross_section_n
FAC_rank_vol_m12_n6_pairwise1,2005-05-31,FAC_rank_vol_m12_n6_pairwise1,,0,skipped,完整变量样本数小于 min_cross_section_n
FAC_rank_vol_m12_n6_pairwise1,2005-05-31,CtrlRetSTR,,0,skipped,完整变量样本数小于 min_cross_section_n
FAC_rank_vol_m12_n6_pairwise1,2005-05-31,CtrlRetLTM,,0,skipped,完整变量样本数小于 min_cross_section_n
FAC_rank_vol_m12_n6_pairwise1,2005-05-31,CtrlVol,,0,skipped,完整变量样本数小于 min_cross_section_n
FAC_rank_vol_m12_n6_pairwise1,2005-05-31,as_偏股混合型基金,,0,skipped,完整变量样本数小于 min_cross_section_n
FAC_rank_vol_m12_n6_pairwise1,2005-05-31,Ctrl_log_fund_size,,0,skipped,完整变量样本数小于 min_cross_section_n
FAC_rank_vol_m12_n6_pairwise1,2005-05-31,Ctrl_fund_age,,0,skipped,完整变量样本数小于 min_cross_section_n
FAC_rank_vol_m12_n6_pairwise1,2005-06-30,FAC_rank_vol_m12_n6_pairwise1,,0,skipped,完整变量样本数小于 min_cross_section_n
FAC_rank_vol_m12_n6_pairwise1,2005-06-30,CtrlRetSTR,,0,skipped,完整变量样本数小于 min_cross_section_n
FAC_rank_vol_m12_n6_pairwise1,2005-06-30,CtrlRetLTM,,0,skipped,完整变量样本数小于 min_cross_section_n
FAC_rank_vol_m12_n6_pairwise1,2005-06-30,CtrlVol,,0,skipped,完整变量样本数小于 min_cross_section_n
FAC_rank_vol_m12_n6_pairwise1,2005-06-30,as_偏股混合型基金,,0,skipped,完整变量样本数小于 min_cross_section_n
FAC_rank_vol_m12_n6_pairwise1,2005-06-30,Ctrl_log_fund_size,,0,skipped,完整变量样本数小于 min_cross_section_n
FAC_rank_vol_m12_n6_pairwise1,2005-06-30,Ctrl_fund_age,,0,skipped,完整变量样本数小于 min_cross_section_n
FAC_rank_vol_m12_n6_pairwise1,2005-07-29,FAC_rank_vol_m12_n6_pairwise1,,0,skipped,完整变量样本数小于 min_cross_section_n
FAC_rank_vol_m12_n6_pairwise1,2005-07-29,CtrlRetSTR,,0,skipped,完整变量样本数小于 min_cross_section_n
FAC_rank_vol_m12_n6_pairwise1,2005-07-29,CtrlRetLTM,,0,skipped,完整变量样本数小于 min_cross_section_n
FAC_rank_vol_m12_n6_pairwise1,2005-07-29,CtrlVol,,0,skipped,完整变量样本数小于 min_cross_section_n
FAC_rank_vol_m12_n6_pairwise1,2005-07-29,as_偏股混合型基金,,0,skipped,完整变量样本数小于 min_cross_section_n
FAC_rank_vol_m12_n6_pairwise1,2005-07-29,Ctrl_log_fund_size,,0,skipped,完整变量样本数小于 min_cross_section_n
FAC_rank_vol_m12_n6_pairwise1,2005-07-29,Ctrl_fund_age,,0,skipped,完整变量样本数小于 min_cross_section_n
FAC_rank_vol_m12_n6_pairwise1,2005-08-31,FAC_rank_vol_m12_n6_pairwise1,,0,skipped,完整变量样本数小于 min_cross_section_n
FAC_rank_vol_m12_n6_pairwise1,2005-08-31,CtrlRetSTR,,0,skipped,完整变量样本数小于 min_cross_section_n
FAC_rank_vol_m12_n6_pairwise1,2005-08-31,CtrlRetLTM,,0,skipped,完整变量样本数小于 min_cross_section_n
FAC_rank_vol_m12_n6_pairwise1,2005-08-31,CtrlVol,,0,skipped,完整变量样本数小于 min_cross_section_n
FAC_rank_vol_m12_n6_pairwise1,2005-08-31,as_偏股混合型基金,,0,skipped,完整变量样本数小于 min_cross_section_n
FAC_rank_vol_m12_n6_pairwise1,2005-08-31,Ctrl_log_fund_size,,0,skipped,完整变量样本数小于 min_cross_section_n
FAC_rank_vol_m12_n6_pairwise1,2005-08-31,Ctrl_fund_age,,0,skipped,完整变量样本数小于 min_cross_section_n
FAC_rank_vol_m12_n6_pairwise1,2005-09-30,FAC_rank_vol_m12_n6_pairwise1,,0,skipped,完整变量样本数小于 min_cross_section_n
FAC_rank_vol_m12_n6_pairwise1,2005-09-30,CtrlRetSTR,,0,skipped,完整变量样本数小于 min_cross_section_n
FAC_rank_vol_m12_n6_pairwise1,2005-09-30,CtrlRetLTM,,0,skipped,完整变量样本数小于 min_cross_section_n
FAC_rank_vol_m12_n6_pairwise1,2005-09-30,CtrlVol,,0,skipped,完整变量样本数小于 min_cross_section_n
FAC_rank_vol_m12_n6_pairwise1,2005-09-30,as_偏股混合型基金,,0,skipped,完整变量样本数小于 min_cross_section_n
FAC_rank_vol_m12_n6_pairwise1,2005-09-30,Ctrl_log_fund_size,,0,skipped,完整变量样本数小于 min_cross_section_n
FAC_rank_vol_m12_n6_pairwise1,2005-09-30,Ctrl_fund_age,,0,skipped,完整变量样本数小于 min_cross_section_n
FAC_rank_vol_m12_n6_pairwise1,2005-10-31,FAC_rank_vol_m12_n6_pairwise1,,0,skipped,完整变量样本数小于 min_cross_section_n
FAC_rank_vol_m12_n6_pairwise1,2005-10-31,CtrlRetSTR,,0,skipped,完整变量样本数小于 min_cross_section_n
FAC_rank_vol_m12_n6_pairwise1,2005-10-31,CtrlRetLTM,,0,skipped,完整变量样本数小于 min_cross_section_n
FAC_rank_vol_m12_n6_pairwise1,2005-10-31,CtrlVol,,0,skipped,完整变量样本数小于 min_cross_section_n
FAC_rank_vol_m12_n6_pairwise1,2005-10-31,as_偏股混合型基金,,0,skipped,完整变量样本数小于 min_cross_section_n
FAC_rank_vol_m12_n6_pairwise1,2005-10-31,Ctrl_log_fund_size,,0,skipped,完整变量样本数小于 min_cross_section_n
FAC_rank_vol_m12_n6_pairwise1,2005-10-31,Ctrl_fund_age,,0,skipped,完整变量样本数小于 min_cross_section_n
FAC_rank_vol_m12_n6_pairwise1,2005-11-30,FAC_rank_vol_m12_n6_pairwise1,,0,skipped,完整变量样本数小于 min_cross_section_n
FAC_rank_vol_m12_n6_pairwise1,2005-11-30,CtrlRetSTR,,0,skipped,完整变量样本数小于 min_cross_section_n
FAC_rank_vol_m12_n6_pairwise1,2005-11-30,CtrlRetLTM,,0,skipped,完整变量样本数小于 min_cross_section_n
FAC_rank_vol_m12_n6_pairwise1,2005-11-30,CtrlVol,,0,skipped,完整变量样本数小于 min_cross_section_n
FAC_rank_vol_m12_n6_pairwise1,2005-11-30,as_偏股混合型基金,,0,skipped,完整变量样本数小于 min_cross_section_n
FAC_rank_vol_m12_n6_pairwise1,2005-11-30,Ctrl_log_fund_size,,0,skipped,完整变量样本数小于 min_cross_section_n
FAC_rank_vol_m12_n6_pairwise1,2005-11-30,Ctrl_fund_age,,0,skipped,完整变量样本数小于 min_cross_section_n
FAC_rank_vol_m12_n6_pairwise1,2005-12-30,FAC_rank_vol_m12_n6_pairwise1,,0,skipped,完整变量样本数小于 min_cross_section_n
FAC_rank_vol_m12_n6_pairwise1,2005-12-30,CtrlRetSTR,,0,skipped,完整变量样本数小于 min_cross_section_n
FAC_rank_vol_m12_n6_pairwise1,2005-12-30,CtrlRetLTM,,0,skipped,完整变量样本数小于 min_cross_section_n
FAC_rank_vol_m12_n6_pairwise1,2005-12-30,CtrlVol,,0,skipped,完整变量样本数小于 min_cross_section_n
FAC_rank_vol_m12_n6_pairwise1,2005-12-30,as_偏股混合型基金,,0,skipped,完整变量样本数小于 min_cross_section_n
FAC_rank_vol_m12_n6_pairwise1,2005-12-30,Ctrl_log_fund_size,,0,skipped,完整变量样本数小于 min_cross_section_n
FAC_rank_vol_m12_n6_pairwise1,2005-12-30,Ctrl_fund_age,,0,skipped,完整变量样本数小于 min_cross_section_n
FAC_rank_vol_m12_n6_pairwise1,2006-01-25,FAC_rank_vol_m12_n6_pairwise1,,1,skipped,完整变量样本数小于 min_cross_section_n
FAC_rank_vol_m12_n6_pairwise1,2006-01-25,CtrlRetSTR,,1,skipped,完整变量样本数小于 min_cross_section_n
FAC_rank_vol_m12_n6_pairwise1,2006-01-25,CtrlRetLTM,,1,skipped,完整变量样本数小于 min_cross_section_n
FAC_rank_vol_m12_n6_pairwise1,2006-01-25,CtrlVol,,1,skipped,完整变量样本数小于 min_cross_section_n
FAC_rank_vol_m12_n6_pairwise1,2006-01-25,as_偏股混合型基金,,1,skipped,完整变量样本数小于 min_cross_section_n
FAC_rank_vol_m12_n6_pairwise1,2006-01-25,Ctrl_log_fund_size,,1,skipped,完整变量样本数小于 min_cross_section_n
FAC_rank_vol_m12_n6_pairwise1,2006-01-25,Ctrl_fund_age,,1,skipped,完整变量样本数小于 min_cross_section_n
FAC_rank_vol_m12_n6_pairwise1,2006-02-28,FAC_rank_vol_m12_n6_pairwise1,,1,skipped,完整变量样本数小于 min_cross_section_n
FAC_rank_vol_m12_n6_pairwise1,2006-02-28,CtrlRetSTR,,1,skipped,完整变量样本数小于 min_cross_section_n
FAC_rank_vol_m12_n6_pairwise1,2006-02-28,CtrlRetLTM,,1,skipped,完整变量样本数小于 min_cross_section_n
FAC_rank_vol_m12_n6_pairwise1,2006-02-28,CtrlVol,,1,skipped,完整变量样本数小于 min_cross_section_n
FAC_rank_vol_m12_n6_pairwise1,2006-02-28,as_偏股混合型基金,,1,skipped,完整变量样本数小于 min_cross_section_n
FAC_rank_vol_m12_n6_pairwise1,2006-02-28,Ctrl_log_fund_size,,1,skipped,完整变量样本数小于 min_cross_section_n
FAC_rank_vol_m12_n6_pairwise1,2006-02-28,Ctrl_fund_age,,1,skipped,完整变量样本数小于 min_cross_section_n
FAC_rank_vol_m12_n6_pairwise1,2006-03-31,FAC_rank_vol_m12_n6_pairwise1,,1,skipped,完整变量样本数小于 min_cross_section_n
FAC_rank_vol_m12_n6_pairwise1,2006-03-31,CtrlRetSTR,,1,skipped,完整变量样本数小于 min_cross_section_n
FAC_rank_vol_m12_n6_pairwise1,2006-03-31,CtrlRetLTM,,1,skipped,完整变量样本数小于 min_cross_section_n
FAC_rank_vol_m12_n6_pairwise1,2006-03-31,CtrlVol,,1,skipped,完整变量样本数小于 min_cross_section_n
FAC_rank_vol_m12_n6_pairwise1,2006-03-31,as_偏股混合型基金,,1,skipped,完整变量样本数小于 min_cross_section_n
FAC_rank_vol_m12_n6_pairwise1,2006-03-31,Ctrl_log_fund_size,,1,skipped,完整变量样本数小于 min_cross_section_n
FAC_rank_vol_m12_n6_pairwise1,2006-03-31,Ctrl_fund_age,,1,skipped,完整变量样本数小于 min_cross_section_n
FAC_rank_vol_m12_n6_pairwise1,2006-04-28,FAC_rank_vol_m12_n6_pairwise1,,1,skipped,完整变量样本数小于 min_cross_section_n
FAC_rank_vol_m12_n6_pairwise1,2006-04-28,CtrlRetSTR,,1,skipped,完整变量样本数小于 min_cross_section_n
FAC_rank_vol_m12_n6_pairwise1,2006-04-28,CtrlRetLTM,,1,skipped,完整变量样本数小于 min_cross_section_n
FAC_rank_vol_m12_n6_pairwise1,2006-04-28,CtrlVol,,1,skipped,完整变量样本数小于 min_cross_section_n
FAC_rank_vol_m12_n6_pairwise1,2006-04-28,as_偏股混合型基金,,1,skipped,完整变量样本数小于 min_cross_section_n
FAC_rank_vol_m12_n6_pairwise1,2006-04-28,Ctrl_log_fund_size,,1,skipped,完整变量样本数小于 min_cross_section_n
FAC_rank_vol_m12_n6_pairwise1,2006-04-28,Ctrl_fund_age,,1,skipped,完整变量样本数小于 min_cross_section_n
FAC_rank_vol_m12_n6_pairwise1,2006-05-31,FAC_rank_vol_m12_n6_pairwise1,,1,skipped,完整变量样本数小于 min_cross_section_n
FAC_rank_vol_m12_n6_pairwise1,2006-05-31,CtrlRetSTR,,1,skipped,完整变量样本数小于 min_cross_section_n
FAC_rank_vol_m12_n6_pairwise1,2006-05-31,CtrlRetLTM,,1,skipped,完整变量样本数小于 min_cross_section_n
FAC_rank_vol_m12_n6_pairwise1,2006-05-31,CtrlVol,,1,skipped,完整变量样本数小于 min_cross_section_n
FAC_rank_vol_m12_n6_pairwise1,2006-05-31,as_偏股混合型基金,,1,skipped,完整变量样本数小于 min_cross_section_n
FAC_rank_vol_m12_n6_pairwise1,2006-05-31,Ctrl_log_fund_size,,1,skipped,完整变量样本数小于 min_cross_section_n
FAC_rank_vol_m12_n6_pairwise1,2006-05-31,Ctrl_fund_age,,1,skipped,完整变量样本数小于 min_cross_section_n
FAC_rank_vol_m12_n6_pairwise1,2006-06-30,FAC_rank_vol_m12_n6_pairwise1,,1,skipped,完整变量样本数小于 min_cross_section_n
FAC_rank_vol_m12_n6_pairwise1,2006-06-30,CtrlRetSTR,,1,skipped,完整变量样本数小于 min_cross_section_n
FAC_rank_vol_m12_n6_pairwise1,2006-06-30,CtrlRetLTM,,1,skipped,完整变量样本数小于 min_cross_section_n
FAC_rank_vol_m12_n6_pairwise1,2006-06-30,CtrlVol,,1,skipped,完整变量样本数小于 min_cross_section_n
FAC_rank_vol_m12_n6_pairwise1,2006-06-30,as_偏股混合型基金,,1,skipped,完整变量样本数小于 min_cross_section_n
FAC_rank_vol_m12_n6_pairwise1,2006-06-30,Ctrl_log_fund_size,,1,skipped,完整变量样本数小于 min_cross_section_n
FAC_rank_vol_m12_n6_pairwise1,2006-06-30,Ctrl_fund_age,,1,skipped,完整变量样本数小于 min_cross_section_n
FAC_rank_vol_m12_n6_pairwise1,2006-07-31,FAC_rank_vol_m12_n6_pairwise1,,1,skipped,完整变量样本数小于 min_cross_section_n
FAC_rank_vol_m12_n6_pairwise1,2006-07-31,CtrlRetSTR,,1,skipped,完整变量样本数小于 min_cross_section_n
FAC_rank_vol_m12_n6_pairwise1,2006-07-31,CtrlRetLTM,,1,skipped,完整变量样本数小于 min_cross_section_n
FAC_rank_vol_m12_n6_pairwise1,2006-07-31,CtrlVol,,1,skipped,完整变量样本数小于 min_cross_section_n
FAC_rank_vol_m12_n6_pairwise1,2006-07-31,as_偏股混合型基金,,1,skipped,完整变量样本数小于 min_cross_section_n
FAC_rank_vol_m12_n6_pairwise1,2006-07-31,Ctrl_log_fund_size,,1,skipped,完整变量样本数小于 min_cross_section_n
FAC_rank_vol_m12_n6_pairwise1,2006-07-31,Ctrl_fund_age,,1,skipped,完整变量样本数小于 min_cross_section_n
FAC_rank_vol_m12_n6_pairwise1,2006-08-31,FAC_rank_vol_m12_n6_pairwise1,,1,skipped,完整变量样本数小于 min_cross_section_n
FAC_rank_vol_m12_n6_pairwise1,2006-08-31,CtrlRetSTR,,1,skipped,完整变量样本数小于 min_cross_section_n
FAC_rank_vol_m12_n6_pairwise1,2006-08-31,CtrlRetLTM,,1,skipped,完整变量样本数小于 min_cross_section_n
FAC_rank_vol_m12_n6_pairwise1,2006-08-31,CtrlVol,,1,skipped,完整变量样本数小于 min_cross_section_n
FAC_rank_vol_m12_n6_pairwise1,2006-08-31,as_偏股混合型基金,,1,skipped,完整变量样本数小于 min_cross_section_n
FAC_rank_vol_m12_n6_pairwise1,2006-08-31,Ctrl_log_fund_size,,1,skipped,完整变量样本数小于 min_cross_section_n
FAC_rank_vol_m12_n6_pairwise1,2006-08-31,Ctrl_fund_age,,1,skipped,完整变量样本数小于 min_cross_section_n
FAC_rank_vol_m12_n6_pairwise1,2006-09-29,FAC_rank_vol_m12_n6_pairwise1,,1,skipped,完整变量样本数小于 min_cross_section_n
FAC_rank_vol_m12_n6_pairwise1,2006-09-29,CtrlRetSTR,,1,skipped,完整变量样本数小于 min_cross_section_n
FAC_rank_vol_m12_n6_pairwise1,2006-09-29,CtrlRetLTM,,1,skipped,完整变量样本数小于 min_cross_section_n
FAC_rank_vol_m12_n6_pairwise1,2006-09-29,CtrlVol,,1,skipped,完整变量样本数小于 min_cross_section_n
FAC_rank_vol_m12_n6_pairwise1,2006-09-29,as_偏股混合型基金,,1,skipped,完整变量样本数小于 min_cross_section_n
FAC_rank_vol_m12_n6_pairwise1,2006-09-29,Ctrl_log_fund_size,,1,skipped,完整变量样本数小于 min_cross_section_n
FAC_rank_vol_m12_n6_pairwise1,2006-09-29,Ctrl_fund_age,,1,skipped,完整变量样本数小于 min_cross_section_n
FAC_rank_vol_m12_n6_pairwise1,2006-10-31,FAC_rank_vol_m12_n6_pairwise1,,1,skipped,完整变量样本数小于 min_cross_section_n
FAC_rank_vol_m12_n6_pairwise1,2006-10-31,CtrlRetSTR,,1,skipped,完整变量样本数小于 min_cross_section_n
FAC_rank_vol_m12_n6_pairwise1,2006-10-31,CtrlRetLTM,,1,skipped,完整变量样本数小于 min_cross_section_n
FAC_rank_vol_m12_n6_pairwise1,2006-10-31,CtrlVol,,1,skipped,完整变量样本数小于 min_cross_section_n
FAC_rank_vol_m12_n6_pairwise1,2006-10-31,as_偏股混合型基金,,1,skipped,完整变量样本数小于 min_cross_section_n
FAC_rank_vol_m12_n6_pairwise1,2006-10-31,Ctrl_log_fund_size,,1,skipped,完整变量样本数小于 min_cross_section_n
FAC_rank_vol_m12_n6_pairwise1,2006-10-31,Ctrl_fund_age,,1,skipped,完整变量样本数小于 min_cross_section_n
FAC_rank_vol_m12_n6_pairwise1,2006-11-30,FAC_rank_vol_m12_n6_pairwise1,,1,skipped,完整变量样本数小于 min_cross_section_n
FAC_rank_vol_m12_n6_pairwise1,2006-11-30,CtrlRetSTR,,1,skipped,完整变量样本数小于 min_cross_section_n
FAC_rank_vol_m12_n6_pairwise1,2006-11-30,CtrlRetLTM,,1,skipped,完整变量样本数小于 min_cross_section_n
FAC_rank_vol_m12_n6_pairwise1,2006-11-30,CtrlVol,,1,skipped,完整变量样本数小于 min_cross_section_n
FAC_rank_vol_m12_n6_pairwise1,2006-11-30,as_偏股混合型基金,,1,skipped,完整变量样本数小于 min_cross_section_n
FAC_rank_vol_m12_n6_pairwise1,2006-11-30,Ctrl_log_fund_size,,1,skipped,完整变量样本数小于 min_cross_section_n
FAC_rank_vol_m12_n6_pairwise1,2006-11-30,Ctrl_fund_age,,1,skipped,完整变量样本数小于 min_cross_section_n
FAC_rank_vol_m12_n6_pairwise1,2006-12-29,FAC_rank_vol_m12_n6_pairwise1,,3,skipped,完整变量样本数小于 min_cross_section_n
FAC_rank_vol_m12_n6_pairwise1,2006-12-29,CtrlRetSTR,,3,skipped,完整变量样本数小于 min_cross_section_n
FAC_rank_vol_m12_n6_pairwise1,2006-12-29,CtrlRetLTM,,3,skipped,完整变量样本数小于 min_cross_section_n
FAC_rank_vol_m12_n6_pairwise1,2006-12-29,CtrlVol,,3,skipped,完整变量样本数小于 min_cross_section_n
FAC_rank_vol_m12_n6_pairwise1,2006-12-29,as_偏股混合型基金,,3,skipped,完整变量样本数小于 min_cross_section_n
FAC_rank_vol_m12_n6_pairwise1,2006-12-29,Ctrl_log_fund_size,,3,skipped,完整变量样本数小于 min_cross_section_n
FAC_rank_vol_m12_n6_pairwise1,2006-12-29,Ctrl_fund_age,,3,skipped,完整变量样本数小于 min_cross_section_n
FAC_rank_vol_m12_n6_pairwise1,2007-01-31,FAC_rank_vol_m12_n6_pairwise1,,4,skipped,完整变量样本数小于 min_cross_section_n
FAC_rank_vol_m12_n6_pairwise1,2007-01-31,CtrlRetSTR,,4,skipped,完整变量样本数小于 min_cross_section_n
FAC_rank_vol_m12_n6_pairwise1,2007-01-31,CtrlRetLTM,,4,skipped,完整变量样本数小于 min_cross_section_n
FAC_rank_vol_m12_n6_pairwise1,2007-01-31,CtrlVol,,4,skipped,完整变量样本数小于 min_cross_section_n
FAC_rank_vol_m12_n6_pairwise1,2007-01-31,as_偏股混合型基金,,4,skipped,完整变量样本数小于 min_cross_section_n
FAC_rank_vol_m12_n6_pairwise1,2007-01-31,Ctrl_log_fund_size,,4,skipped,完整变量样本数小于 min_cross_section_n
FAC_rank_vol_m12_n6_pairwise1,2007-01-31,Ctrl_fund_age,,4,skipped,完整变量样本数小于 min_cross_section_n
FAC_rank_vol_m12_n6_pairwise1,2007-02-28,FAC_rank_vol_m12_n6_pairwise1,,4,skipped,完整变量样本数小于 min_cross_section_n
FAC_rank_vol_m12_n6_pairwise1,2007-02-28,CtrlRetSTR,,4,skipped,完整变量样本数小于 min_cross_section_n
FAC_rank_vol_m12_n6_pairwise1,2007-02-28,CtrlRetLTM,,4,skipped,完整变量样本数小于 min_cross_section_n
FAC_rank_vol_m12_n6_pairwise1,2007-02-28,CtrlVol,,4,skipped,完整变量样本数小于 min_cross_section_n
FAC_rank_vol_m12_n6_pairwise1,2007-02-28,as_偏股混合型基金,,4,skipped,完整变量样本数小于 min_cross_section_n
FAC_rank_vol_m12_n6_pairwise1,2007-02-28,Ctrl_log_fund_size,,4,skipped,完整变量样本数小于 min_cross_section_n
FAC_rank_vol_m12_n6_pairwise1,2007-02-28,Ctrl_fund_age,,4,skipped,完整变量样本数小于 min_cross_section_n
FAC_rank_vol_m12_n6_pairwise1,2007-03-30,FAC_rank_vol_m12_n6_pairwise1,,4,skipped,完整变量样本数小于 min_cross_section_n
FAC_rank_vol_m12_n6_pairwise1,2007-03-30,CtrlRetSTR,,4,skipped,完整变量样本数小于 min_cross_section_n
FAC_rank_vol_m12_n6_pairwise1,2007-03-30,CtrlRetLTM,,4,skipped,完整变量样本数小于 min_cross_section_n
FAC_rank_vol_m12_n6_pairwise1,2007-03-30,CtrlVol,,4,skipped,完整变量样本数小于 min_cross_section_n
FAC_rank_vol_m12_n6_pairwise1,2007-03-30,as_偏股混合型基金,,4,skipped,完整变量样本数小于 min_cross_section_n
FAC_rank_vol_m12_n6_pairwise1,2007-03-30,Ctrl_log_fund_size,,4,skipped,完整变量样本数小于 min_cross_section_n
FAC_rank_vol_m12_n6_pairwise1,2007-03-30,Ctrl_fund_age,,4,skipped,完整变量样本数小于 min_cross_section_n
FAC_rank_vol_m12_n6_pairwise1,2007-04-30,FAC_rank_vol_m12_n6_pairwise1,,3,skipped,完整变量样本数小于 min_cross_section_n
FAC_rank_vol_m12_n6_pairwise1,2007-04-30,CtrlRetSTR,,3,skipped,完整变量样本数小于 min_cross_section_n
FAC_rank_vol_m12_n6_pairwise1,2007-04-30,CtrlRetLTM,,3,skipped,完整变量样本数小于 min_cross_section_n
FAC_rank_vol_m12_n6_pairwise1,2007-04-30,CtrlVol,,3,skipped,完整变量样本数小于 min_cross_section_n
FAC_rank_vol_m12_n6_pairwise1,2007-04-30,as_偏股混合型基金,,3,skipped,完整变量样本数小于 min_cross_section_n
FAC_rank_vol_m12_n6_pairwise1,2007-04-30,Ctrl_log_fund_size,,3,skipped,完整变量样本数小于 min_cross_section_n
FAC_rank_vol_m12_n6_pairwise1,2007-04-30,Ctrl_fund_age,,3,skipped,完整变量样本数小于 min_cross_section_n
FAC_rank_vol_m12_n6_pairwise1,2007-05-31,FAC_rank_vol_m12_n6_pairwise1,,3,skipped,完整变量样本数小于 min_cross_section_n
FAC_rank_vol_m12_n6_pairwise1,2007-05-31,CtrlRetSTR,,3,skipped,完整变量样本数小于 min_cross_section_n
FAC_rank_vol_m12_n6_pairwise1,2007-05-31,CtrlRetLTM,,3,skipped,完整变量样本数小于 min_cross_section_n
FAC_rank_vol_m12_n6_pairwise1,2007-05-31,CtrlVol,,3,skipped,完整变量样本数小于 min_cross_section_n
FAC_rank_vol_m12_n6_pairwise1,2007-05-31,as_偏股混合型基金,,3,skipped,完整变量样本数小于 min_cross_section_n
FAC_rank_vol_m12_n6_pairwise1,2007-05-31,Ctrl_log_fund_size,,3,skipped,完整变量样本数小于 min_cross_section_n
FAC_rank_vol_m12_n6_pairwise1,2007-05-31,Ctrl_fund_age,,3,skipped,完整变量样本数小于 min_cross_section_n
FAC_rank_vol_m12_n6_pairwise1,2007-06-29,FAC_rank_vol_m12_n6_pairwise1,,3,skipped,完整变量样本数小于 min_cross_section_n
FAC_rank_vol_m12_n6_pairwise1,2007-06-29,CtrlRetSTR,,3,skipped,完整变量样本数小于 min_cross_section_n
FAC_rank_vol_m12_n6_pairwise1,2007-06-29,CtrlRetLTM,,3,skipped,完整变量样本数小于 min_cross_section_n
FAC_rank_vol_m12_n6_pairwise1,2007-06-29,CtrlVol,,3,skipped,完整变量样本数小于 min_cross_section_n
FAC_rank_vol_m12_n6_pairwise1,2007-06-29,as_偏股混合型基金,,3,skipped,完整变量样本数小于 min_cross_section_n
FAC_rank_vol_m12_n6_pairwise1,2007-06-29,Ctrl_log_fund_size,,3,skipped,完整变量样本数小于 min_cross_section_n
FAC_rank_vol_m12_n6_pairwise1,2007-06-29,Ctrl_fund_age,,3,skipped,完整变量样本数小于 min_cross_section_n
FAC_rank_vol_m12_n6_pairwise1,2007-07-31,FAC_rank_vol_m12_n6_pairwise1,,3,skipped,完整变量样本数小于 min_cross_section_n
FAC_rank_vol_m12_n6_pairwise1,2007-07-31,CtrlRetSTR,,3,skipped,完整变量样本数小于 min_cross_section_n
FAC_rank_vol_m12_n6_pairwise1,2007-07-31,CtrlRetLTM,,3,skipped,完整变量样本数小于 min_cross_section_n
FAC_rank_vol_m12_n6_pairwise1,2007-07-31,CtrlVol,,3,skipped,完整变量样本数小于 min_cross_section_n
FAC_rank_vol_m12_n6_pairwise1,2007-07-31,as_偏股混合型基金,,3,skipped,完整变量样本数小于 min_cross_section_n
FAC_rank_vol_m12_n6_pairwise1,2007-07-31,Ctrl_log_fund_size,,3,skipped,完整变量样本数小于 min_cross_section_n
FAC_rank_vol_m12_n6_pairwise1,2007-07-31,Ctrl_fund_age,,3,skipped,完整变量样本数小于 min_cross_section_n
FAC_rank_vol_m12_n6_pairwise1,2007-08-31,FAC_rank_vol_m12_n6_pairwise1,,4,skipped,完整变量样本数小于 min_cross_section_n
FAC_rank_vol_m12_n6_pairwise1,2007-08-31,CtrlRetSTR,,4,skipped,完整变量样本数小于 min_cross_section_n
FAC_rank_vol_m12_n6_pairwise1,2007-08-31,CtrlRetLTM,,4,skipped,完整变量样本数小于 min_cross_section_n
FAC_rank_vol_m12_n6_pairwise1,2007-08-31,CtrlVol,,4,skipped,完整变量样本数小于 min_cross_section_n
FAC_rank_vol_m12_n6_pairwise1,2007-08-31,as_偏股混合型基金,,4,skipped,完整变量样本数小于 min_cross_section_n
FAC_rank_vol_m12_n6_pairwise1,2007-08-31,Ctrl_log_fund_size,,4,skipped,完整变量样本数小于 min_cross_section_n
FAC_rank_vol_m12_n6_pairwise1,2007-08-31,Ctrl_fund_age,,4,skipped,完整变量样本数小于 min_cross_section_n
FAC_rank_vol_m12_n6_pairwise1,2007-09-28,FAC_rank_vol_m12_n6_pairwise1,,3,skipped,完整变量样本数小于 min_cross_section_n
FAC_rank_vol_m12_n6_pairwise1,2007-09-28,CtrlRetSTR,,3,skipped,完整变量样本数小于 min_cross_section_n
FAC_rank_vol_m12_n6_pairwise1,2007-09-28,CtrlRetLTM,,3,skipped,完整变量样本数小于 min_cross_section_n
FAC_rank_vol_m12_n6_pairwise1,2007-09-28,CtrlVol,,3,skipped,完整变量样本数小于 min_cross_section_n
FAC_rank_vol_m12_n6_pairwise1,2007-09-28,as_偏股混合型基金,,3,skipped,完整变量样本数小于 min_cross_section_n
FAC_rank_vol_m12_n6_pairwise1,2007-09-28,Ctrl_log_fund_size,,3,skipped,完整变量样本数小于 min_cross_section_n
FAC_rank_vol_m12_n6_pairwise1,2007-09-28,Ctrl_fund_age,,3,skipped,完整变量样本数小于 min_cross_section_n
FAC_rank_vol_m12_n6_pairwise1,2007-10-31,FAC_rank_vol_m12_n6_pairwise1,,3,skipped,完整变量样本数小于 min_cross_section_n
FAC_rank_vol_m12_n6_pairwise1,2007-10-31,CtrlRetSTR,,3,skipped,完整变量样本数小于 min_cross_section_n
FAC_rank_vol_m12_n6_pairwise1,2007-10-31,CtrlRetLTM,,3,skipped,完整变量样本数小于 min_cross_section_n
FAC_rank_vol_m12_n6_pairwise1,2007-10-31,CtrlVol,,3,skipped,完整变量样本数小于 min_cross_section_n
FAC_rank_vol_m12_n6_pairwise1,2007-10-31,as_偏股混合型基金,,3,skipped,完整变量样本数小于 min_cross_section_n
FAC_rank_vol_m12_n6_pairwise1,2007-10-31,Ctrl_log_fund_size,,3,skipped,完整变量样本数小于 min_cross_section_n
FAC_rank_vol_m12_n6_pairwise1,2007-10-31,Ctrl_fund_age,,3,skipped,完整变量样本数小于 min_cross_section_n
FAC_rank_vol_m12_n6_pairwise1,2007-11-30,FAC_rank_vol_m12_n6_pairwise1,,3,skipped,完整变量样本数小于 min_cross_section_n
FAC_rank_vol_m12_n6_pairwise1,2007-11-30,CtrlRetSTR,,3,skipped,完整变量样本数小于 min_cross_section_n
FAC_rank_vol_m12_n6_pairwise1,2007-11-30,CtrlRetLTM,,3,skipped,完整变量样本数小于 min_cross_section_n
FAC_rank_vol_m12_n6_pairwise1,2007-11-30,CtrlVol,,3,skipped,完整变量样本数小于 min_cross_section_n
FAC_rank_vol_m12_n6_pairwise1,2007-11-30,as_偏股混合型基金,,3,skipped,完整变量样本数小于 min_cross_section_n
FAC_rank_vol_m12_n6_pairwise1,2007-11-30,Ctrl_log_fund_size,,3,skipped,完整变量样本数小于 min_cross_section_n
FAC_rank_vol_m12_n6_pairwise1,2007-11-30,Ctrl_fund_age,,3,skipped,完整变量样本数小于 min_cross_section_n
FAC_rank_vol_m12_n6_pairwise1,2007-12-28,FAC_rank_vol_m12_n6_pairwise1,,4,skipped,完整变量样本数小于 min_cross_section_n
FAC_rank_vol_m12_n6_pairwise1,2007-12-28,CtrlRetSTR,,4,skipped,完整变量样本数小于 min_cross_section_n
FAC_rank_vol_m12_n6_pairwise1,2007-12-28,CtrlRetLTM,,4,skipped,完整变量样本数小于 min_cross_section_n
FAC_rank_vol_m12_n6_pairwise1,2007-12-28,CtrlVol,,4,skipped,完整变量样本数小于 min_cross_section_n
FAC_rank_vol_m12_n6_pairwise1,2007-12-28,as_偏股混合型基金,,4,skipped,完整变量样本数小于 min_cross_section_n
FAC_rank_vol_m12_n6_pairwise1,2007-12-28,Ctrl_log_fund_size,,4,skipped,完整变量样本数小于 min_cross_section_n
FAC_rank_vol_m12_n6_pairwise1,2007-12-28,Ctrl_fund_age,,4,skipped,完整变量样本数小于 min_cross_section_n
FAC_rank_vol_m12_n6_pairwise1,2008-01-31,FAC_rank_vol_m12_n6_pairwise1,,4,skipped,完整变量样本数小于 min_cross_section_n
FAC_rank_vol_m12_n6_pairwise1,2008-01-31,CtrlRetSTR,,4,skipped,完整变量样本数小于 min_cross_section_n
FAC_rank_vol_m12_n6_pairwise1,2008-01-31,CtrlRetLTM,,4,skipped,完整变量样本数小于 min_cross_section_n
FAC_rank_vol_m12_n6_pairwise1,2008-01-31,CtrlVol,,4,skipped,完整变量样本数小于 min_cross_section_n
FAC_rank_vol_m12_n6_pairwise1,2008-01-31,as_偏股混合型基金,,4,skipped,完整变量样本数小于 min_cross_section_n
FAC_rank_vol_m12_n6_pairwise1,2008-01-31,Ctrl_log_fund_size,,4,skipped,完整变量样本数小于 min_cross_section_n
FAC_rank_vol_m12_n6_pairwise1,2008-01-31,Ctrl_fund_age,,4,skipped,完整变量样本数小于 min_cross_section_n
FAC_rank_vol_m12_n6_pairwise1,2008-02-29,FAC_rank_vol_m12_n6_pairwise1,,4,skipped,完整变量样本数小于 min_cross_section_n
FAC_rank_vol_m12_n6_pairwise1,2008-02-29,CtrlRetSTR,,4,skipped,完整变量样本数小于 min_cross_section_n
FAC_rank_vol_m12_n6_pairwise1,2008-02-29,CtrlRetLTM,,4,skipped,完整变量样本数小于 min_cross_section_n
FAC_rank_vol_m12_n6_pairwise1,2008-02-29,CtrlVol,,4,skipped,完整变量样本数小于 min_cross_section_n
FAC_rank_vol_m12_n6_pairwise1,2008-02-29,as_偏股混合型基金,,4,skipped,完整变量样本数小于 min_cross_section_n
FAC_rank_vol_m12_n6_pairwise1,2008-02-29,Ctrl_log_fund_size,,4,skipped,完整变量样本数小于 min_cross_section_n
FAC_rank_vol_m12_n6_pairwise1,2008-02-29,Ctrl_fund_age,,4,skipped,完整变量样本数小于 min_cross_section_n
FAC_rank_vol_m12_n6_pairwise1,2008-03-31,FAC_rank_vol_m12_n6_pairwise1,,4,skipped,完整变量样本数小于 min_cross_section_n
FAC_rank_vol_m12_n6_pairwise1,2008-03-31,CtrlRetSTR,,4,skipped,完整变量样本数小于 min_cross_section_n
FAC_rank_vol_m12_n6_pairwise1,2008-03-31,CtrlRetLTM,,4,skipped,完整变量样本数小于 min_cross_section_n
FAC_rank_vol_m12_n6_pairwise1,2008-03-31,CtrlVol,,4,skipped,完整变量样本数小于 min_cross_section_n
FAC_rank_vol_m12_n6_pairwise1,2008-03-31,as_偏股混合型基金,,4,skipped,完整变量样本数小于 min_cross_section_n
FAC_rank_vol_m12_n6_pairwise1,2008-03-31,Ctrl_log_fund_size,,4,skipped,完整变量样本数小于 min_cross_section_n
FAC_rank_vol_m12_n6_pairwise1,2008-03-31,Ctrl_fund_age,,4,skipped,完整变量样本数小于 min_cross_section_n
FAC_rank_vol_m12_n6_pairwise1,2008-04-30,FAC_rank_vol_m12_n6_pairwise1,,5,skipped,完整变量样本数小于 min_cross_section_n
FAC_rank_vol_m12_n6_pairwise1,2008-04-30,CtrlRetSTR,,5,skipped,完整变量样本数小于 min_cross_section_n
FAC_rank_vol_m12_n6_pairwise1,2008-04-30,CtrlRetLTM,,5,skipped,完整变量样本数小于 min_cross_section_n
FAC_rank_vol_m12_n6_pairwise1,2008-04-30,CtrlVol,,5,skipped,完整变量样本数小于 min_cross_section_n
FAC_rank_vol_m12_n6_pairwise1,2008-04-30,as_偏股混合型基金,,5,skipped,完整变量样本数小于 min_cross_section_n
FAC_rank_vol_m12_n6_pairwise1,2008-04-30,Ctrl_log_fund_size,,5,skipped,完整变量样本数小于 min_cross_section_n
FAC_rank_vol_m12_n6_pairwise1,2008-04-30,Ctrl_fund_age,,5,skipped,完整变量样本数小于 min_cross_section_n
FAC_rank_vol_m12_n6_pairwise1,2008-05-30,FAC_rank_vol_m12_n6_pairwise1,,8,skipped,完整变量样本数小于 min_cross_section_n
FAC_rank_vol_m12_n6_pairwise1,2008-05-30,CtrlRetSTR,,8,skipped,完整变量样本数小于 min_cross_section_n
FAC_rank_vol_m12_n6_pairwise1,2008-05-30,CtrlRetLTM,,8,skipped,完整变量样本数小于 min_cross_section_n
FAC_rank_vol_m12_n6_pairwise1,2008-05-30,CtrlVol,,8,skipped,完整变量样本数小于 min_cross_section_n
FAC_rank_vol_m12_n6_pairwise1,2008-05-30,as_偏股混合型基金,,8,skipped,完整变量样本数小于 min_cross_section_n
FAC_rank_vol_m12_n6_pairwise1,2008-05-30,Ctrl_log_fund_size,,8,skipped,完整变量样本数小于 min_cross_section_n
FAC_rank_vol_m12_n6_pairwise1,2008-05-30,Ctrl_fund_age,,8,skipped,完整变量样本数小于 min_cross_section_n
FAC_rank_vol_m12_n6_pairwise1,2008-06-30,FAC_rank_vol_m12_n6_pairwise1,,8,skipped,完整变量样本数小于 min_cross_section_n
FAC_rank_vol_m12_n6_pairwise1,2008-06-30,CtrlRetSTR,,8,skipped,完整变量样本数小于 min_cross_section_n
FAC_rank_vol_m12_n6_pairwise1,2008-06-30,CtrlRetLTM,,8,skipped,完整变量样本数小于 min_cross_section_n
FAC_rank_vol_m12_n6_pairwise1,2008-06-30,CtrlVol,,8,skipped,完整变量样本数小于 min_cross_section_n
FAC_rank_vol_m12_n6_pairwise1,2008-06-30,as_偏股混合型基金,,8,skipped,完整变量样本数小于 min_cross_section_n
FAC_rank_vol_m12_n6_pairwise1,2008-06-30,Ctrl_log_fund_size,,8,skipped,完整变量样本数小于 min_cross_section_n
FAC_rank_vol_m12_n6_pairwise1,2008-06-30,Ctrl_fund_age,,8,skipped,完整变量样本数小于 min_cross_section_n
FAC_rank_vol_m12_n6_pairwise1,2008-07-31,FAC_rank_vol_m12_n6_pairwise1,,8,skipped,完整变量样本数小于 min_cross_section_n
FAC_rank_vol_m12_n6_pairwise1,2008-07-31,CtrlRetSTR,,8,skipped,完整变量样本数小于 min_cross_section_n
FAC_rank_vol_m12_n6_pairwise1,2008-07-31,CtrlRetLTM,,8,skipped,完整变量样本数小于 min_cross_section_n
FAC_rank_vol_m12_n6_pairwise1,2008-07-31,CtrlVol,,8,skipped,完整变量样本数小于 min_cross_section_n
FAC_rank_vol_m12_n6_pairwise1,2008-07-31,as_偏股混合型基金,,8,skipped,完整变量样本数小于 min_cross_section_n
FAC_rank_vol_m12_n6_pairwise1,2008-07-31,Ctrl_log_fund_size,,8,skipped,完整变量样本数小于 min_cross_section_n
FAC_rank_vol_m12_n6_pairwise1,2008-07-31,Ctrl_fund_age,,8,skipped,完整变量样本数小于 min_cross_section_n
FAC_rank_vol_m12_n6_pairwise1,2008-08-29,FAC_rank_vol_m12_n6_pairwise1,,8,skipped,完整变量样本数小于 min_cross_section_n
FAC_rank_vol_m12_n6_pairwise1,2008-08-29,CtrlRetSTR,,8,skipped,完整变量样本数小于 min_cross_section_n
FAC_rank_vol_m12_n6_pairwise1,2008-08-29,CtrlRetLTM,,8,skipped,完整变量样本数小于 min_cross_section_n
FAC_rank_vol_m12_n6_pairwise1,2008-08-29,CtrlVol,,8,skipped,完整变量样本数小于 min_cross_section_n
FAC_rank_vol_m12_n6_pairwise1,2008-08-29,as_偏股混合型基金,,8,skipped,完整变量样本数小于 min_cross_section_n
FAC_rank_vol_m12_n6_pairwise1,2008-08-29,Ctrl_log_fund_size,,8,skipped,完整变量样本数小于 min_cross_section_n
FAC_rank_vol_m12_n6_pairwise1,2008-08-29,Ctrl_fund_age,,8,skipped,完整变量样本数小于 min_cross_section_n
FAC_rank_vol_m12_n6_pairwise1,2008-09-26,FAC_rank_vol_m12_n6_pairwise1,,9,skipped,完整变量样本数小于 min_cross_section_n
FAC_rank_vol_m12_n6_pairwise1,2008-09-26,CtrlRetSTR,,9,skipped,完整变量样本数小于 min_cross_section_n
FAC_rank_vol_m12_n6_pairwise1,2008-09-26,CtrlRetLTM,,9,skipped,完整变量样本数小于 min_cross_section_n
FAC_rank_vol_m12_n6_pairwise1,2008-09-26,CtrlVol,,9,skipped,完整变量样本数小于 min_cross_section_n
FAC_rank_vol_m12_n6_pairwise1,2008-09-26,as_偏股混合型基金,,9,skipped,完整变量样本数小于 min_cross_section_n
FAC_rank_vol_m12_n6_pairwise1,2008-09-26,Ctrl_log_fund_size,,9,skipped,完整变量样本数小于 min_cross_section_n
FAC_rank_vol_m12_n6_pairwise1,2008-09-26,Ctrl_fund_age,,9,skipped,完整变量样本数小于 min_cross_section_n
FAC_rank_vol_m12_n6_pairwise1,2008-10-31,FAC_rank_vol_m12_n6_pairwise1,,10,skipped,完整变量样本数小于 min_cross_section_n
FAC_rank_vol_m12_n6_pairwise1,2008-10-31,CtrlRetSTR,,10,skipped,完整变量样本数小于 min_cross_section_n
FAC_rank_vol_m12_n6_pairwise1,2008-10-31,CtrlRetLTM,,10,skipped,完整变量样本数小于 min_cross_section_n
FAC_rank_vol_m12_n6_pairwise1,2008-10-31,CtrlVol,,10,skipped,完整变量样本数小于 min_cross_section_n
FAC_rank_vol_m12_n6_pairwise1,2008-10-31,as_偏股混合型基金,,10,skipped,完整变量样本数小于 min_cross_section_n
FAC_rank_vol_m12_n6_pairwise1,2008-10-31,Ctrl_log_fund_size,,10,skipped,完整变量样本数小于 min_cross_section_n
FAC_rank_vol_m12_n6_pairwise1,2008-10-31,Ctrl_fund_age,,10,skipped,完整变量样本数小于 min_cross_section_n
FAC_rank_vol_m12_n6_pairwise1,2008-11-28,FAC_rank_vol_m12_n6_pairwise1,,13,skipped,完整变量样本数小于 min_cross_section_n
FAC_rank_vol_m12_n6_pairwise1,2008-11-28,CtrlRetSTR,,13,skipped,完整变量样本数小于 min_cross_section_n
FAC_rank_vol_m12_n6_pairwise1,2008-11-28,CtrlRetLTM,,13,skipped,完整变量样本数小于 min_cross_section_n
FAC_rank_vol_m12_n6_pairwise1,2008-11-28,CtrlVol,,13,skipped,完整变量样本数小于 min_cross_section_n
FAC_rank_vol_m12_n6_pairwise1,2008-11-28,as_偏股混合型基金,,13,skipped,完整变量样本数小于 min_cross_section_n
FAC_rank_vol_m12_n6_pairwise1,2008-11-28,Ctrl_log_fund_size,,13,skipped,完整变量样本数小于 min_cross_section_n
FAC_rank_vol_m12_n6_pairwise1,2008-11-28,Ctrl_fund_age,,13,skipped,完整变量样本数小于 min_cross_section_n
FAC_rank_vol_m12_n6_pairwise1,2008-12-31,FAC_rank_vol_m12_n6_pairwise1,,14,skipped,完整变量样本数小于 min_cross_section_n
FAC_rank_vol_m12_n6_pairwise1,2008-12-31,CtrlRetSTR,,14,skipped,完整变量样本数小于 min_cross_section_n
FAC_rank_vol_m12_n6_pairwise1,2008-12-31,CtrlRetLTM,,14,skipped,完整变量样本数小于 min_cross_section_n
FAC_rank_vol_m12_n6_pairwise1,2008-12-31,CtrlVol,,14,skipped,完整变量样本数小于 min_cross_section_n
FAC_rank_vol_m12_n6_pairwise1,2008-12-31,as_偏股混合型基金,,14,skipped,完整变量样本数小于 min_cross_section_n
FAC_rank_vol_m12_n6_pairwise1,2008-12-31,Ctrl_log_fund_size,,14,skipped,完整变量样本数小于 min_cross_section_n
FAC_rank_vol_m12_n6_pairwise1,2008-12-31,Ctrl_fund_age,,14,skipped,完整变量样本数小于 min_cross_section_n
FAC_rank_vol_m12_n6_pairwise1,2009-01-23,FAC_rank_vol_m12_n6_pairwise1,,13,skipped,完整变量样本数小于 min_cross_section_n
FAC_rank_vol_m12_n6_pairwise1,2009-01-23,CtrlRetSTR,,13,skipped,完整变量样本数小于 min_cross_section_n
FAC_rank_vol_m12_n6_pairwise1,2009-01-23,CtrlRetLTM,,13,skipped,完整变量样本数小于 min_cross_section_n
FAC_rank_vol_m12_n6_pairwise1,2009-01-23,CtrlVol,,13,skipped,完整变量样本数小于 min_cross_section_n
FAC_rank_vol_m12_n6_pairwise1,2009-01-23,as_偏股混合型基金,,13,skipped,完整变量样本数小于 min_cross_section_n
FAC_rank_vol_m12_n6_pairwise1,2009-01-23,Ctrl_log_fund_size,,13,skipped,完整变量样本数小于 min_cross_section_n
FAC_rank_vol_m12_n6_pairwise1,2009-01-23,Ctrl_fund_age,,13,skipped,完整变量样本数小于 min_cross_section_n
FAC_rank_vol_m12_n6_pairwise1,2009-02-27,FAC_rank_vol_m12_n6_pairwise1,,15,skipped,完整变量样本数小于 min_cross_section_n
FAC_rank_vol_m12_n6_pairwise1,2009-02-27,CtrlRetSTR,,15,skipped,完整变量样本数小于 min_cross_section_n
FAC_rank_vol_m12_n6_pairwise1,2009-02-27,CtrlRetLTM,,15,skipped,完整变量样本数小于 min_cross_section_n
FAC_rank_vol_m12_n6_pairwise1,2009-02-27,CtrlVol,,15,skipped,完整变量样本数小于 min_cross_section_n
FAC_rank_vol_m12_n6_pairwise1,2009-02-27,as_偏股混合型基金,,15,skipped,完整变量样本数小于 min_cross_section_n
FAC_rank_vol_m12_n6_pairwise1,2009-02-27,Ctrl_log_fund_size,,15,skipped,完整变量样本数小于 min_cross_section_n
FAC_rank_vol_m12_n6_pairwise1,2009-02-27,Ctrl_fund_age,,15,skipped,完整变量样本数小于 min_cross_section_n
FAC_rank_vol_m12_n6_pairwise1,2009-03-31,FAC_rank_vol_m12_n6_pairwise1,,14,skipped,完整变量样本数小于 min_cross_section_n
FAC_rank_vol_m12_n6_pairwise1,2009-03-31,CtrlRetSTR,,14,skipped,完整变量样本数小于 min_cross_section_n
FAC_rank_vol_m12_n6_pairwise1,2009-03-31,CtrlRetLTM,,14,skipped,完整变量样本数小于 min_cross_section_n
FAC_rank_vol_m12_n6_pairwise1,2009-03-31,CtrlVol,,14,skipped,完整变量样本数小于 min_cross_section_n
FAC_rank_vol_m12_n6_pairwise1,2009-03-31,as_偏股混合型基金,,14,skipped,完整变量样本数小于 min_cross_section_n
FAC_rank_vol_m12_n6_pairwise1,2009-03-31,Ctrl_log_fund_size,,14,skipped,完整变量样本数小于 min_cross_section_n
FAC_rank_vol_m12_n6_pairwise1,2009-03-31,Ctrl_fund_age,,14,skipped,完整变量样本数小于 min_cross_section_n
FAC_rank_vol_m12_n6_pairwise1,2009-04-30,FAC_rank_vol_m12_n6_pairwise1,,20,skipped,完整变量样本数小于 min_cross_section_n
FAC_rank_vol_m12_n6_pairwise1,2009-04-30,CtrlRetSTR,,20,skipped,完整变量样本数小于 min_cross_section_n
FAC_rank_vol_m12_n6_pairwise1,2009-04-30,CtrlRetLTM,,20,skipped,完整变量样本数小于 min_cross_section_n
FAC_rank_vol_m12_n6_pairwise1,2009-04-30,CtrlVol,,20,skipped,完整变量样本数小于 min_cross_section_n
FAC_rank_vol_m12_n6_pairwise1,2009-04-30,as_偏股混合型基金,,20,skipped,完整变量样本数小于 min_cross_section_n
FAC_rank_vol_m12_n6_pairwise1,2009-04-30,Ctrl_log_fund_size,,20,skipped,完整变量样本数小于 min_cross_section_n
FAC_rank_vol_m12_n6_pairwise1,2009-04-30,Ctrl_fund_age,,20,skipped,完整变量样本数小于 min_cross_section_n
FAC_rank_vol_m12_n6_pairwise1,2009-05-27,FAC_rank_vol_m12_n6_pairwise1,,20,skipped,完整变量样本数小于 min_cross_section_n
FAC_rank_vol_m12_n6_pairwise1,2009-05-27,CtrlRetSTR,,20,skipped,完整变量样本数小于 min_cross_section_n
FAC_rank_vol_m12_n6_pairwise1,2009-05-27,CtrlRetLTM,,20,skipped,完整变量样本数小于 min_cross_section_n
FAC_rank_vol_m12_n6_pairwise1,2009-05-27,CtrlVol,,20,skipped,完整变量样本数小于 min_cross_section_n
FAC_rank_vol_m12_n6_pairwise1,2009-05-27,as_偏股混合型基金,,20,skipped,完整变量样本数小于 min_cross_section_n
FAC_rank_vol_m12_n6_pairwise1,2009-05-27,Ctrl_log_fund_size,,20,skipped,完整变量样本数小于 min_cross_section_n
FAC_rank_vol_m12_n6_pairwise1,2009-05-27,Ctrl_fund_age,,20,skipped,完整变量样本数小于 min_cross_section_n
FAC_rank_vol_m12_n6_pairwise1,2009-06-30,FAC_rank_vol_m12_n6_pairwise1,,20,skipped,完整变量样本数小于 min_cross_section_n
FAC_rank_vol_m12_n6_pairwise1,2009-06-30,CtrlRetSTR,,20,skipped,完整变量样本数小于 min_cross_section_n
FAC_rank_vol_m12_n6_pairwise1,2009-06-30,CtrlRetLTM,,20,skipped,完整变量样本数小于 min_cross_section_n
FAC_rank_vol_m12_n6_pairwise1,2009-06-30,CtrlVol,,20,skipped,完整变量样本数小于 min_cross_section_n
FAC_rank_vol_m12_n6_pairwise1,2009-06-30,as_偏股混合型基金,,20,skipped,完整变量样本数小于 min_cross_section_n
FAC_rank_vol_m12_n6_pairwise1,2009-06-30,Ctrl_log_fund_size,,20,skipped,完整变量样本数小于 min_cross_section_n
FAC_rank_vol_m12_n6_pairwise1,2009-06-30,Ctrl_fund_age,,20,skipped,完整变量样本数小于 min_cross_section_n
FAC_rank_vol_m12_n6_pairwise1,2009-07-31,FAC_rank_vol_m12_n6_pairwise1,,20,skipped,完整变量样本数小于 min_cross_section_n
FAC_rank_vol_m12_n6_pairwise1,2009-07-31,CtrlRetSTR,,20,skipped,完整变量样本数小于 min_cross_section_n
FAC_rank_vol_m12_n6_pairwise1,2009-07-31,CtrlRetLTM,,20,skipped,完整变量样本数小于 min_cross_section_n
FAC_rank_vol_m12_n6_pairwise1,2009-07-31,CtrlVol,,20,skipped,完整变量样本数小于 min_cross_section_n
FAC_rank_vol_m12_n6_pairwise1,2009-07-31,as_偏股混合型基金,,20,skipped,完整变量样本数小于 min_cross_section_n
FAC_rank_vol_m12_n6_pairwise1,2009-07-31,Ctrl_log_fund_size,,20,skipped,完整变量样本数小于 min_cross_section_n
FAC_rank_vol_m12_n6_pairwise1,2009-07-31,Ctrl_fund_age,,20,skipped,完整变量样本数小于 min_cross_section_n
FAC_rank_vol_m12_n6_pairwise1,2009-08-31,FAC_rank_vol_m12_n6_pairwise1,,20,skipped,完整变量样本数小于 min_cross_section_n
FAC_rank_vol_m12_n6_pairwise1,2009-08-31,CtrlRetSTR,,20,skipped,完整变量样本数小于 min_cross_section_n
FAC_rank_vol_m12_n6_pairwise1,2009-08-31,CtrlRetLTM,,20,skipped,完整变量样本数小于 min_cross_section_n
FAC_rank_vol_m12_n6_pairwise1,2009-08-31,CtrlVol,,20,skipped,完整变量样本数小于 min_cross_section_n
FAC_rank_vol_m12_n6_pairwise1,2009-08-31,as_偏股混合型基金,,20,skipped,完整变量样本数小于 min_cross_section_n
FAC_rank_vol_m12_n6_pairwise1,2009-08-31,Ctrl_log_fund_size,,20,skipped,完整变量样本数小于 min_cross_section_n
FAC_rank_vol_m12_n6_pairwise1,2009-08-31,Ctrl_fund_age,,20,skipped,完整变量样本数小于 min_cross_section_n
FAC_rank_vol_m12_n6_pairwise1,2009-09-30,FAC_rank_vol_m12_n6_pairwise1,,24,skipped,完整变量样本数小于 min_cross_section_n
FAC_rank_vol_m12_n6_pairwise1,2009-09-30,CtrlRetSTR,,24,skipped,完整变量样本数小于 min_cross_section_n
FAC_rank_vol_m12_n6_pairwise1,2009-09-30,CtrlRetLTM,,24,skipped,完整变量样本数小于 min_cross_section_n
FAC_rank_vol_m12_n6_pairwise1,2009-09-30,CtrlVol,,24,skipped,完整变量样本数小于 min_cross_section_n
FAC_rank_vol_m12_n6_pairwise1,2009-09-30,as_偏股混合型基金,,24,skipped,完整变量样本数小于 min_cross_section_n
FAC_rank_vol_m12_n6_pairwise1,2009-09-30,Ctrl_log_fund_size,,24,skipped,完整变量样本数小于 min_cross_section_n
FAC_rank_vol_m12_n6_pairwise1,2009-09-30,Ctrl_fund_age,,24,skipped,完整变量样本数小于 min_cross_section_n
FAC_rank_vol_m12_n6_pairwise1,2009-10-30,FAC_rank_vol_m12_n6_pairwise1,,25,skipped,完整变量样本数小于 min_cross_section_n
FAC_rank_vol_m12_n6_pairwise1,2009-10-30,CtrlRetSTR,,25,skipped,完整变量样本数小于 min_cross_section_n
FAC_rank_vol_m12_n6_pairwise1,2009-10-30,CtrlRetLTM,,25,skipped,完整变量样本数小于 min_cross_section_n
FAC_rank_vol_m12_n6_pairwise1,2009-10-30,CtrlVol,,25,skipped,完整变量样本数小于 min_cross_section_n
FAC_rank_vol_m12_n6_pairwise1,2009-10-30,as_偏股混合型基金,,25,skipped,完整变量样本数小于 min_cross_section_n
FAC_rank_vol_m12_n6_pairwise1,2009-10-30,Ctrl_log_fund_size,,25,skipped,完整变量样本数小于 min_cross_section_n
FAC_rank_vol_m12_n6_pairwise1,2009-10-30,Ctrl_fund_age,,25,skipped,完整变量样本数小于 min_cross_section_n
FAC_rank_vol_m12_n6_pairwise1,2009-11-30,FAC_rank_vol_m12_n6_pairwise1,,26,skipped,完整变量样本数小于 min_cross_section_n
FAC_rank_vol_m12_n6_pairwise1,2009-11-30,CtrlRetSTR,,26,skipped,完整变量样本数小于 min_cross_section_n
FAC_rank_vol_m12_n6_pairwise1,2009-11-30,CtrlRetLTM,,26,skipped,完整变量样本数小于 min_cross_section_n
FAC_rank_vol_m12_n6_pairwise1,2009-11-30,CtrlVol,,26,skipped,完整变量样本数小于 min_cross_section_n
FAC_rank_vol_m12_n6_pairwise1,2009-11-30,as_偏股混合型基金,,26,skipped,完整变量样本数小于 min_cross_section_n
FAC_rank_vol_m12_n6_pairwise1,2009-11-30,Ctrl_log_fund_size,,26,skipped,完整变量样本数小于 min_cross_section_n
FAC_rank_vol_m12_n6_pairwise1,2009-11-30,Ctrl_fund_age,,26,skipped,完整变量样本数小于 min_cross_section_n
FAC_rank_vol_m12_n6_pairwise1,2009-12-31,FAC_rank_vol_m12_n6_pairwise1,,25,skipped,完整变量样本数小于 min_cross_section_n
FAC_rank_vol_m12_n6_pairwise1,2009-12-31,CtrlRetSTR,,25,skipped,完整变量样本数小于 min_cross_section_n
FAC_rank_vol_m12_n6_pairwise1,2009-12-31,CtrlRetLTM,,25,skipped,完整变量样本数小于 min_cross_section_n
FAC_rank_vol_m12_n6_pairwise1,2009-12-31,CtrlVol,,25,skipped,完整变量样本数小于 min_cross_section_n
FAC_rank_vol_m12_n6_pairwise1,2009-12-31,as_偏股混合型基金,,25,skipped,完整变量样本数小于 min_cross_section_n
FAC_rank_vol_m12_n6_pairwise1,2009-12-31,Ctrl_log_fund_size,,25,skipped,完整变量样本数小于 min_cross_section_n
FAC_rank_vol_m12_n6_pairwise1,2009-12-31,Ctrl_fund_age,,25,skipped,完整变量样本数小于 min_cross_section_n
FAC_rank_vol_m12_n6_pairwise1,2010-01-29,FAC_rank_vol_m12_n6_pairwise1,,29,skipped,完整变量样本数小于 min_cross_section_n
FAC_rank_vol_m12_n6_pairwise1,2010-01-29,CtrlRetSTR,,29,skipped,完整变量样本数小于 min_cross_section_n
FAC_rank_vol_m12_n6_pairwise1,2010-01-29,CtrlRetLTM,,29,skipped,完整变量样本数小于 min_cross_section_n
FAC_rank_vol_m12_n6_pairwise1,2010-01-29,CtrlVol,,29,skipped,完整变量样本数小于 min_cross_section_n
FAC_rank_vol_m12_n6_pairwise1,2010-01-29,as_偏股混合型基金,,29,skipped,完整变量样本数小于 min_cross_section_n
FAC_rank_vol_m12_n6_pairwise1,2010-01-29,Ctrl_log_fund_size,,29,skipped,完整变量样本数小于 min_cross_section_n
FAC_rank_vol_m12_n6_pairwise1,2010-01-29,Ctrl_fund_age,,29,skipped,完整变量样本数小于 min_cross_section_n
FAC_rank_vol_m12_n6_pairwise1,2010-02-26,FAC_rank_vol_m12_n6_pairwise1,,32,skipped,完整变量样本数小于 min_cross_section_n
FAC_rank_vol_m12_n6_pairwise1,2010-02-26,CtrlRetSTR,,32,skipped,完整变量样本数小于 min_cross_section_n
FAC_rank_vol_m12_n6_pairwise1,2010-02-26,CtrlRetLTM,,32,skipped,完整变量样本数小于 min_cross_section_n
FAC_rank_vol_m12_n6_pairwise1,2010-02-26,CtrlVol,,32,skipped,完整变量样本数小于 min_cross_section_n
FAC_rank_vol_m12_n6_pairwise1,2010-02-26,as_偏股混合型基金,,32,skipped,完整变量样本数小于 min_cross_section_n
FAC_rank_vol_m12_n6_pairwise1,2010-02-26,Ctrl_log_fund_size,,32,skipped,完整变量样本数小于 min_cross_section_n
FAC_rank_vol_m12_n6_pairwise1,2010-02-26,Ctrl_fund_age,,32,skipped,完整变量样本数小于 min_cross_section_n
FAC_rank_vol_m12_n6_pairwise1,2010-03-31,FAC_rank_vol_m12_n6_pairwise1,,31,skipped,完整变量样本数小于 min_cross_section_n
FAC_rank_vol_m12_n6_pairwise1,2010-03-31,CtrlRetSTR,,31,skipped,完整变量样本数小于 min_cross_section_n
FAC_rank_vol_m12_n6_pairwise1,2010-03-31,CtrlRetLTM,,31,skipped,完整变量样本数小于 min_cross_section_n
FAC_rank_vol_m12_n6_pairwise1,2010-03-31,CtrlVol,,31,skipped,完整变量样本数小于 min_cross_section_n
FAC_rank_vol_m12_n6_pairwise1,2010-03-31,as_偏股混合型基金,,31,skipped,完整变量样本数小于 min_cross_section_n
FAC_rank_vol_m12_n6_pairwise1,2010-03-31,Ctrl_log_fund_size,,31,skipped,完整变量样本数小于 min_cross_section_n
FAC_rank_vol_m12_n6_pairwise1,2010-03-31,Ctrl_fund_age,,31,skipped,完整变量样本数小于 min_cross_section_n
FAC_rank_vol_m12_n6_pairwise1,2010-04-30,FAC_rank_vol_m12_n6_pairwise1,,32,skipped,完整变量样本数小于 min_cross_section_n
FAC_rank_vol_m12_n6_pairwise1,2010-04-30,CtrlRetSTR,,32,skipped,完整变量样本数小于 min_cross_section_n
FAC_rank_vol_m12_n6_pairwise1,2010-04-30,CtrlRetLTM,,32,skipped,完整变量样本数小于 min_cross_section_n
FAC_rank_vol_m12_n6_pairwise1,2010-04-30,CtrlVol,,32,skipped,完整变量样本数小于 min_cross_section_n
FAC_rank_vol_m12_n6_pairwise1,2010-04-30,as_偏股混合型基金,,32,skipped,完整变量样本数小于 min_cross_section_n
FAC_rank_vol_m12_n6_pairwise1,2010-04-30,Ctrl_log_fund_size,,32,skipped,完整变量样本数小于 min_cross_section_n
FAC_rank_vol_m12_n6_pairwise1,2010-04-30,Ctrl_fund_age,,32,skipped,完整变量样本数小于 min_cross_section_n
FAC_rank_vol_m12_n6_pairwise1,2010-05-31,FAC_rank_vol_m12_n6_pairwise1,,34,skipped,完整变量样本数小于 min_cross_section_n
FAC_rank_vol_m12_n6_pairwise1,2010-05-31,CtrlRetSTR,,34,skipped,完整变量样本数小于 min_cross_section_n
FAC_rank_vol_m12_n6_pairwise1,2010-05-31,CtrlRetLTM,,34,skipped,完整变量样本数小于 min_cross_section_n
FAC_rank_vol_m12_n6_pairwise1,2010-05-31,CtrlVol,,34,skipped,完整变量样本数小于 min_cross_section_n
FAC_rank_vol_m12_n6_pairwise1,2010-05-31,as_偏股混合型基金,,34,skipped,完整变量样本数小于 min_cross_section_n
FAC_rank_vol_m12_n6_pairwise1,2010-05-31,Ctrl_log_fund_size,,34,skipped,完整变量样本数小于 min_cross_section_n
FAC_rank_vol_m12_n6_pairwise1,2010-05-31,Ctrl_fund_age,,34,skipped,完整变量样本数小于 min_cross_section_n
FAC_rank_vol_m12_n6_pairwise1,2010-06-30,FAC_rank_vol_m12_n6_pairwise1,,37,skipped,完整变量样本数小于 min_cross_section_n
FAC_rank_vol_m12_n6_pairwise1,2010-06-30,CtrlRetSTR,,37,skipped,完整变量样本数小于 min_cross_section_n
FAC_rank_vol_m12_n6_pairwise1,2010-06-30,CtrlRetLTM,,37,skipped,完整变量样本数小于 min_cross_section_n
FAC_rank_vol_m12_n6_pairwise1,2010-06-30,CtrlVol,,37,skipped,完整变量样本数小于 min_cross_section_n
FAC_rank_vol_m12_n6_pairwise1,2010-06-30,as_偏股混合型基金,,37,skipped,完整变量样本数小于 min_cross_section_n
FAC_rank_vol_m12_n6_pairwise1,2010-06-30,Ctrl_log_fund_size,,37,skipped,完整变量样本数小于 min_cross_section_n
FAC_rank_vol_m12_n6_pairwise1,2010-06-30,Ctrl_fund_age,,37,skipped,完整变量样本数小于 min_cross_section_n
FAC_rank_vol_m12_n6_pairwise1,2010-07-30,FAC_rank_vol_m12_n6_pairwise1,,39,skipped,完整变量样本数小于 min_cross_section_n
FAC_rank_vol_m12_n6_pairwise1,2010-07-30,CtrlRetSTR,,39,skipped,完整变量样本数小于 min_cross_section_n
FAC_rank_vol_m12_n6_pairwise1,2010-07-30,CtrlRetLTM,,39,skipped,完整变量样本数小于 min_cross_section_n
FAC_rank_vol_m12_n6_pairwise1,2010-07-30,CtrlVol,,39,skipped,完整变量样本数小于 min_cross_section_n
FAC_rank_vol_m12_n6_pairwise1,2010-07-30,as_偏股混合型基金,,39,skipped,完整变量样本数小于 min_cross_section_n
FAC_rank_vol_m12_n6_pairwise1,2010-07-30,Ctrl_log_fund_size,,39,skipped,完整变量样本数小于 min_cross_section_n
FAC_rank_vol_m12_n6_pairwise1,2010-07-30,Ctrl_fund_age,,39,skipped,完整变量样本数小于 min_cross_section_n
FAC_rank_vol_m12_n6_pairwise1,2010-08-31,FAC_rank_vol_m12_n6_pairwise1,,36,skipped,完整变量样本数小于 min_cross_section_n
FAC_rank_vol_m12_n6_pairwise1,2010-08-31,CtrlRetSTR,,36,skipped,完整变量样本数小于 min_cross_section_n
FAC_rank_vol_m12_n6_pairwise1,2010-08-31,CtrlRetLTM,,36,skipped,完整变量样本数小于 min_cross_section_n
FAC_rank_vol_m12_n6_pairwise1,2010-08-31,CtrlVol,,36,skipped,完整变量样本数小于 min_cross_section_n
FAC_rank_vol_m12_n6_pairwise1,2010-08-31,as_偏股混合型基金,,36,skipped,完整变量样本数小于 min_cross_section_n
FAC_rank_vol_m12_n6_pairwise1,2010-08-31,Ctrl_log_fund_size,,36,skipped,完整变量样本数小于 min_cross_section_n
FAC_rank_vol_m12_n6_pairwise1,2010-08-31,Ctrl_fund_age,,36,skipped,完整变量样本数小于 min_cross_section_n
FAC_rank_vol_m12_n6_pairwise1,2010-09-30,FAC_rank_vol_m12_n6_pairwise1,,39,skipped,完整变量样本数小于 min_cross_section_n
FAC_rank_vol_m12_n6_pairwise1,2010-09-30,CtrlRetSTR,,39,skipped,完整变量样本数小于 min_cross_section_n
FAC_rank_vol_m12_n6_pairwise1,2010-09-30,CtrlRetLTM,,39,skipped,完整变量样本数小于 min_cross_section_n
FAC_rank_vol_m12_n6_pairwise1,2010-09-30,CtrlVol,,39,skipped,完整变量样本数小于 min_cross_section_n
FAC_rank_vol_m12_n6_pairwise1,2010-09-30,as_偏股混合型基金,,39,skipped,完整变量样本数小于 min_cross_section_n
FAC_rank_vol_m12_n6_pairwise1,2010-09-30,Ctrl_log_fund_size,,39,skipped,完整变量样本数小于 min_cross_section_n
FAC_rank_vol_m12_n6_pairwise1,2010-09-30,Ctrl_fund_age,,39,skipped,完整变量样本数小于 min_cross_section_n
FAC_rank_vol_m12_n6_pairwise1,2010-10-29,FAC_rank_vol_m12_n6_pairwise1,,35,skipped,完整变量样本数小于 min_cross_section_n
FAC_rank_vol_m12_n6_pairwise1,2010-10-29,CtrlRetSTR,,35,skipped,完整变量样本数小于 min_cross_section_n
FAC_rank_vol_m12_n6_pairwise1,2010-10-29,CtrlRetLTM,,35,skipped,完整变量样本数小于 min_cross_section_n
FAC_rank_vol_m12_n6_pairwise1,2010-10-29,CtrlVol,,35,skipped,完整变量样本数小于 min_cross_section_n
FAC_rank_vol_m12_n6_pairwise1,2010-10-29,as_偏股混合型基金,,35,skipped,完整变量样本数小于 min_cross_section_n
FAC_rank_vol_m12_n6_pairwise1,2010-10-29,Ctrl_log_fund_size,,35,skipped,完整变量样本数小于 min_cross_section_n
FAC_rank_vol_m12_n6_pairwise1,2010-10-29,Ctrl_fund_age,,35,skipped,完整变量样本数小于 min_cross_section_n
FAC_rank_vol_m12_n6_pairwise1,2010-11-30,FAC_rank_vol_m12_n6_pairwise1,,38,skipped,完整变量样本数小于 min_cross_section_n
FAC_rank_vol_m12_n6_pairwise1,2010-11-30,CtrlRetSTR,,38,skipped,完整变量样本数小于 min_cross_section_n
FAC_rank_vol_m12_n6_pairwise1,2010-11-30,CtrlRetLTM,,38,skipped,完整变量样本数小于 min_cross_section_n
FAC_rank_vol_m12_n6_pairwise1,2010-11-30,CtrlVol,,38,skipped,完整变量样本数小于 min_cross_section_n
FAC_rank_vol_m12_n6_pairwise1,2010-11-30,as_偏股混合型基金,,38,skipped,完整变量样本数小于 min_cross_section_n
FAC_rank_vol_m12_n6_pairwise1,2010-11-30,Ctrl_log_fund_size,,38,skipped,完整变量样本数小于 min_cross_section_n
FAC_rank_vol_m12_n6_pairwise1,2010-11-30,Ctrl_fund_age,,38,skipped,完整变量样本数小于 min_cross_section_n
FAC_rank_vol_m12_n6_pairwise1,2010-12-31,FAC_rank_vol_m12_n6_pairwise1,,40,skipped,完整变量样本数小于 min_cross_section_n
FAC_rank_vol_m12_n6_pairwise1,2010-12-31,CtrlRetSTR,,40,skipped,完整变量样本数小于 min_cross_section_n
FAC_rank_vol_m12_n6_pairwise1,2010-12-31,CtrlRetLTM,,40,skipped,完整变量样本数小于 min_cross_section_n
FAC_rank_vol_m12_n6_pairwise1,2010-12-31,CtrlVol,,40,skipped,完整变量样本数小于 min_cross_section_n
FAC_rank_vol_m12_n6_pairwise1,2010-12-31,as_偏股混合型基金,,40,skipped,完整变量样本数小于 min_cross_section_n
FAC_rank_vol_m12_n6_pairwise1,2010-12-31,Ctrl_log_fund_size,,40,skipped,完整变量样本数小于 min_cross_section_n
FAC_rank_vol_m12_n6_pairwise1,2010-12-31,Ctrl_fund_age,,40,skipped,完整变量样本数小于 min_cross_section_n
FAC_rank_vol_m12_n6_pairwise1,2011-01-31,FAC_rank_vol_m12_n6_pairwise1,,39,skipped,完整变量样本数小于 min_cross_section_n
FAC_rank_vol_m12_n6_pairwise1,2011-01-31,CtrlRetSTR,,39,skipped,完整变量样本数小于 min_cross_section_n
FAC_rank_vol_m12_n6_pairwise1,2011-01-31,CtrlRetLTM,,39,skipped,完整变量样本数小于 min_cross_section_n
FAC_rank_vol_m12_n6_pairwise1,2011-01-31,CtrlVol,,39,skipped,完整变量样本数小于 min_cross_section_n
FAC_rank_vol_m12_n6_pairwise1,2011-01-31,as_偏股混合型基金,,39,skipped,完整变量样本数小于 min_cross_section_n
FAC_rank_vol_m12_n6_pairwise1,2011-01-31,Ctrl_log_fund_size,,39,skipped,完整变量样本数小于 min_cross_section_n
FAC_rank_vol_m12_n6_pairwise1,2011-01-31,Ctrl_fund_age,,39,skipped,完整变量样本数小于 min_cross_section_n
FAC_rank_vol_m12_n6_pairwise1,2011-02-28,FAC_rank_vol_m12_n6_pairwise1,,39,skipped,完整变量样本数小于 min_cross_section_n
FAC_rank_vol_m12_n6_pairwise1,2011-02-28,CtrlRetSTR,,39,skipped,完整变量样本数小于 min_cross_section_n
FAC_rank_vol_m12_n6_pairwise1,2011-02-28,CtrlRetLTM,,39,skipped,完整变量样本数小于 min_cross_section_n
FAC_rank_vol_m12_n6_pairwise1,2011-02-28,CtrlVol,,39,skipped,完整变量样本数小于 min_cross_section_n
FAC_rank_vol_m12_n6_pairwise1,2011-02-28,as_偏股混合型基金,,39,skipped,完整变量样本数小于 min_cross_section_n
FAC_rank_vol_m12_n6_pairwise1,2011-02-28,Ctrl_log_fund_size,,39,skipped,完整变量样本数小于 min_cross_section_n
FAC_rank_vol_m12_n6_pairwise1,2011-02-28,Ctrl_fund_age,,39,skipped,完整变量样本数小于 min_cross_section_n
FAC_rank_vol_m12_n6_pairwise1,2011-03-31,FAC_rank_vol_m12_n6_pairwise1,,38,skipped,完整变量样本数小于 min_cross_section_n
FAC_rank_vol_m12_n6_pairwise1,2011-03-31,CtrlRetSTR,,38,skipped,完整变量样本数小于 min_cross_section_n
FAC_rank_vol_m12_n6_pairwise1,2011-03-31,CtrlRetLTM,,38,skipped,完整变量样本数小于 min_cross_section_n
FAC_rank_vol_m12_n6_pairwise1,2011-03-31,CtrlVol,,38,skipped,完整变量样本数小于 min_cross_section_n
FAC_rank_vol_m12_n6_pairwise1,2011-03-31,as_偏股混合型基金,,38,skipped,完整变量样本数小于 min_cross_section_n
FAC_rank_vol_m12_n6_pairwise1,2011-03-31,Ctrl_log_fund_size,,38,skipped,完整变量样本数小于 min_cross_section_n
FAC_rank_vol_m12_n6_pairwise1,2011-03-31,Ctrl_fund_age,,38,skipped,完整变量样本数小于 min_cross_section_n
FAC_rank_vol_m12_n6_pairwise1,2011-04-29,FAC_rank_vol_m12_n6_pairwise1,,35,skipped,完整变量样本数小于 min_cross_section_n
FAC_rank_vol_m12_n6_pairwise1,2011-04-29,CtrlRetSTR,,35,skipped,完整变量样本数小于 min_cross_section_n
FAC_rank_vol_m12_n6_pairwise1,2011-04-29,CtrlRetLTM,,35,skipped,完整变量样本数小于 min_cross_section_n
FAC_rank_vol_m12_n6_pairwise1,2011-04-29,CtrlVol,,35,skipped,完整变量样本数小于 min_cross_section_n
FAC_rank_vol_m12_n6_pairwise1,2011-04-29,as_偏股混合型基金,,35,skipped,完整变量样本数小于 min_cross_section_n
FAC_rank_vol_m12_n6_pairwise1,2011-04-29,Ctrl_log_fund_size,,35,skipped,完整变量样本数小于 min_cross_section_n
FAC_rank_vol_m12_n6_pairwise1,2011-04-29,Ctrl_fund_age,,35,skipped,完整变量样本数小于 min_cross_section_n
FAC_rank_vol_m12_n6_pairwise1,2011-05-31,FAC_rank_vol_m12_n6_pairwise1,,34,skipped,完整变量样本数小于 min_cross_section_n
FAC_rank_vol_m12_n6_pairwise1,2011-05-31,CtrlRetSTR,,34,skipped,完整变量样本数小于 min_cross_section_n
FAC_rank_vol_m12_n6_pairwise1,2011-05-31,CtrlRetLTM,,34,skipped,完整变量样本数小于 min_cross_section_n
FAC_rank_vol_m12_n6_pairwise1,2011-05-31,CtrlVol,,34,skipped,完整变量样本数小于 min_cross_section_n
FAC_rank_vol_m12_n6_pairwise1,2011-05-31,as_偏股混合型基金,,34,skipped,完整变量样本数小于 min_cross_section_n
FAC_rank_vol_m12_n6_pairwise1,2011-05-31,Ctrl_log_fund_size,,34,skipped,完整变量样本数小于 min_cross_section_n
FAC_rank_vol_m12_n6_pairwise1,2011-05-31,Ctrl_fund_age,,34,skipped,完整变量样本数小于 min_cross_section_n
FAC_rank_vol_m12_n6_pairwise1,2011-06-30,FAC_rank_vol_m12_n6_pairwise1,,37,skipped,完整变量样本数小于 min_cross_section_n
FAC_rank_vol_m12_n6_pairwise1,2011-06-30,CtrlRetSTR,,37,skipped,完整变量样本数小于 min_cross_section_n
FAC_rank_vol_m12_n6_pairwise1,2011-06-30,CtrlRetLTM,,37,skipped,完整变量样本数小于 min_cross_section_n
FAC_rank_vol_m12_n6_pairwise1,2011-06-30,CtrlVol,,37,skipped,完整变量样本数小于 min_cross_section_n
FAC_rank_vol_m12_n6_pairwise1,2011-06-30,as_偏股混合型基金,,37,skipped,完整变量样本数小于 min_cross_section_n
FAC_rank_vol_m12_n6_pairwise1,2011-06-30,Ctrl_log_fund_size,,37,skipped,完整变量样本数小于 min_cross_section_n
FAC_rank_vol_m12_n6_pairwise1,2011-06-30,Ctrl_fund_age,,37,skipped,完整变量样本数小于 min_cross_section_n
FAC_rank_vol_m12_n6_pairwise1,2011-07-29,FAC_rank_vol_m12_n6_pairwise1,,35,skipped,完整变量样本数小于 min_cross_section_n
FAC_rank_vol_m12_n6_pairwise1,2011-07-29,CtrlRetSTR,,35,skipped,完整变量样本数小于 min_cross_section_n
FAC_rank_vol_m12_n6_pairwise1,2011-07-29,CtrlRetLTM,,35,skipped,完整变量样本数小于 min_cross_section_n
FAC_rank_vol_m12_n6_pairwise1,2011-07-29,CtrlVol,,35,skipped,完整变量样本数小于 min_cross_section_n
FAC_rank_vol_m12_n6_pairwise1,2011-07-29,as_偏股混合型基金,,35,skipped,完整变量样本数小于 min_cross_section_n
FAC_rank_vol_m12_n6_pairwise1,2011-07-29,Ctrl_log_fund_size,,35,skipped,完整变量样本数小于 min_cross_section_n
FAC_rank_vol_m12_n6_pairwise1,2011-07-29,Ctrl_fund_age,,35,skipped,完整变量样本数小于 min_cross_section_n
FAC_rank_vol_m12_n6_pairwise1,2011-08-31,FAC_rank_vol_m12_n6_pairwise1,,35,skipped,完整变量样本数小于 min_cross_section_n
FAC_rank_vol_m12_n6_pairwise1,2011-08-31,CtrlRetSTR,,35,skipped,完整变量样本数小于 min_cross_section_n
FAC_rank_vol_m12_n6_pairwise1,2011-08-31,CtrlRetLTM,,35,skipped,完整变量样本数小于 min_cross_section_n
FAC_rank_vol_m12_n6_pairwise1,2011-08-31,CtrlVol,,35,skipped,完整变量样本数小于 min_cross_section_n
FAC_rank_vol_m12_n6_pairwise1,2011-08-31,as_偏股混合型基金,,35,skipped,完整变量样本数小于 min_cross_section_n
FAC_rank_vol_m12_n6_pairwise1,2011-08-31,Ctrl_log_fund_size,,35,skipped,完整变量样本数小于 min_cross_section_n
FAC_rank_vol_m12_n6_pairwise1,2011-08-31,Ctrl_fund_age,,35,skipped,完整变量样本数小于 min_cross_section_n
FAC_rank_vol_m12_n6_pairwise1,2011-09-30,FAC_rank_vol_m12_n6_pairwise1,,37,skipped,完整变量样本数小于 min_cross_section_n
FAC_rank_vol_m12_n6_pairwise1,2011-09-30,CtrlRetSTR,,37,skipped,完整变量样本数小于 min_cross_section_n
FAC_rank_vol_m12_n6_pairwise1,2011-09-30,CtrlRetLTM,,37,skipped,完整变量样本数小于 min_cross_section_n
FAC_rank_vol_m12_n6_pairwise1,2011-09-30,CtrlVol,,37,skipped,完整变量样本数小于 min_cross_section_n
FAC_rank_vol_m12_n6_pairwise1,2011-09-30,as_偏股混合型基金,,37,skipped,完整变量样本数小于 min_cross_section_n
FAC_rank_vol_m12_n6_pairwise1,2011-09-30,Ctrl_log_fund_size,,37,skipped,完整变量样本数小于 min_cross_section_n
FAC_rank_vol_m12_n6_pairwise1,2011-09-30,Ctrl_fund_age,,37,skipped,完整变量样本数小于 min_cross_section_n
FAC_rank_vol_m12_n6_pairwise1,2011-10-31,FAC_rank_vol_m12_n6_pairwise1,,39,skipped,完整变量样本数小于 min_cross_section_n
FAC_rank_vol_m12_n6_pairwise1,2011-10-31,CtrlRetSTR,,39,skipped,完整变量样本数小于 min_cross_section_n
FAC_rank_vol_m12_n6_pairwise1,2011-10-31,CtrlRetLTM,,39,skipped,完整变量样本数小于 min_cross_section_n
FAC_rank_vol_m12_n6_pairwise1,2011-10-31,CtrlVol,,39,skipped,完整变量样本数小于 min_cross_section_n
FAC_rank_vol_m12_n6_pairwise1,2011-10-31,as_偏股混合型基金,,39,skipped,完整变量样本数小于 min_cross_section_n
FAC_rank_vol_m12_n6_pairwise1,2011-10-31,Ctrl_log_fund_size,,39,skipped,完整变量样本数小于 min_cross_section_n
FAC_rank_vol_m12_n6_pairwise1,2011-10-31,Ctrl_fund_age,,39,skipped,完整变量样本数小于 min_cross_section_n
FAC_rank_vol_m12_n6_pairwise1,2011-11-30,FAC_rank_vol_m12_n6_pairwise1,,43,skipped,完整变量样本数小于 min_cross_section_n
FAC_rank_vol_m12_n6_pairwise1,2011-11-30,CtrlRetSTR,,43,skipped,完整变量样本数小于 min_cross_section_n
FAC_rank_vol_m12_n6_pairwise1,2011-11-30,CtrlRetLTM,,43,skipped,完整变量样本数小于 min_cross_section_n
FAC_rank_vol_m12_n6_pairwise1,2011-11-30,CtrlVol,,43,skipped,完整变量样本数小于 min_cross_section_n
FAC_rank_vol_m12_n6_pairwise1,2011-11-30,as_偏股混合型基金,,43,skipped,完整变量样本数小于 min_cross_section_n
FAC_rank_vol_m12_n6_pairwise1,2011-11-30,Ctrl_log_fund_size,,43,skipped,完整变量样本数小于 min_cross_section_n
FAC_rank_vol_m12_n6_pairwise1,2011-11-30,Ctrl_fund_age,,43,skipped,完整变量样本数小于 min_cross_section_n
FAC_rank_vol_m12_n6_pairwise1,2011-12-30,FAC_rank_vol_m12_n6_pairwise1,,43,skipped,完整变量样本数小于 min_cross_section_n
FAC_rank_vol_m12_n6_pairwise1,2011-12-30,CtrlRetSTR,,43,skipped,完整变量样本数小于 min_cross_section_n
FAC_rank_vol_m12_n6_pairwise1,2011-12-30,CtrlRetLTM,,43,skipped,完整变量样本数小于 min_cross_section_n
FAC_rank_vol_m12_n6_pairwise1,2011-12-30,CtrlVol,,43,skipped,完整变量样本数小于 min_cross_section_n
FAC_rank_vol_m12_n6_pairwise1,2011-12-30,as_偏股混合型基金,,43,skipped,完整变量样本数小于 min_cross_section_n
FAC_rank_vol_m12_n6_pairwise1,2011-12-30,Ctrl_log_fund_size,,43,skipped,完整变量样本数小于 min_cross_section_n
FAC_rank_vol_m12_n6_pairwise1,2011-12-30,Ctrl_fund_age,,43,skipped,完整变量样本数小于 min_cross_section_n
FAC_rank_vol_m12_n6_pairwise1,2012-01-31,FAC_rank_vol_m12_n6_pairwise1,,43,skipped,完整变量样本数小于 min_cross_section_n
FAC_rank_vol_m12_n6_pairwise1,2012-01-31,CtrlRetSTR,,43,skipped,完整变量样本数小于 min_cross_section_n
FAC_rank_vol_m12_n6_pairwise1,2012-01-31,CtrlRetLTM,,43,skipped,完整变量样本数小于 min_cross_section_n
FAC_rank_vol_m12_n6_pairwise1,2012-01-31,CtrlVol,,43,skipped,完整变量样本数小于 min_cross_section_n
FAC_rank_vol_m12_n6_pairwise1,2012-01-31,as_偏股混合型基金,,43,skipped,完整变量样本数小于 min_cross_section_n
FAC_rank_vol_m12_n6_pairwise1,2012-01-31,Ctrl_log_fund_size,,43,skipped,完整变量样本数小于 min_cross_section_n
FAC_rank_vol_m12_n6_pairwise1,2012-01-31,Ctrl_fund_age,,43,skipped,完整变量样本数小于 min_cross_section_n
FAC_rank_vol_m12_n6_pairwise1,2012-02-29,FAC_rank_vol_m12_n6_pairwise1,,46,skipped,完整变量样本数小于 min_cross_section_n
FAC_rank_vol_m12_n6_pairwise1,2012-02-29,CtrlRetSTR,,46,skipped,完整变量样本数小于 min_cross_section_n
FAC_rank_vol_m12_n6_pairwise1,2012-02-29,CtrlRetLTM,,46,skipped,完整变量样本数小于 min_cross_section_n
FAC_rank_vol_m12_n6_pairwise1,2012-02-29,CtrlVol,,46,skipped,完整变量样本数小于 min_cross_section_n
FAC_rank_vol_m12_n6_pairwise1,2012-02-29,as_偏股混合型基金,,46,skipped,完整变量样本数小于 min_cross_section_n
FAC_rank_vol_m12_n6_pairwise1,2012-02-29,Ctrl_log_fund_size,,46,skipped,完整变量样本数小于 min_cross_section_n
FAC_rank_vol_m12_n6_pairwise1,2012-02-29,Ctrl_fund_age,,46,skipped,完整变量样本数小于 min_cross_section_n
FAC_rank_vol_m12_n6_pairwise1,2012-03-30,FAC_rank_vol_m12_n6_pairwise1,,46,skipped,完整变量样本数小于 min_cross_section_n
FAC_rank_vol_m12_n6_pairwise1,2012-03-30,CtrlRetSTR,,46,skipped,完整变量样本数小于 min_cross_section_n
FAC_rank_vol_m12_n6_pairwise1,2012-03-30,CtrlRetLTM,,46,skipped,完整变量样本数小于 min_cross_section_n
FAC_rank_vol_m12_n6_pairwise1,2012-03-30,CtrlVol,,46,skipped,完整变量样本数小于 min_cross_section_n
FAC_rank_vol_m12_n6_pairwise1,2012-03-30,as_偏股混合型基金,,46,skipped,完整变量样本数小于 min_cross_section_n
FAC_rank_vol_m12_n6_pairwise1,2012-03-30,Ctrl_log_fund_size,,46,skipped,完整变量样本数小于 min_cross_section_n
FAC_rank_vol_m12_n6_pairwise1,2012-03-30,Ctrl_fund_age,,46,skipped,完整变量样本数小于 min_cross_section_n
FAC_rank_vol_m12_n6_pairwise1,2012-04-27,FAC_rank_vol_m12_n6_pairwise1,,45,skipped,完整变量样本数小于 min_cross_section_n
FAC_rank_vol_m12_n6_pairwise1,2012-04-27,CtrlRetSTR,,45,skipped,完整变量样本数小于 min_cross_section_n
FAC_rank_vol_m12_n6_pairwise1,2012-04-27,CtrlRetLTM,,45,skipped,完整变量样本数小于 min_cross_section_n
FAC_rank_vol_m12_n6_pairwise1,2012-04-27,CtrlVol,,45,skipped,完整变量样本数小于 min_cross_section_n
FAC_rank_vol_m12_n6_pairwise1,2012-04-27,as_偏股混合型基金,,45,skipped,完整变量样本数小于 min_cross_section_n
FAC_rank_vol_m12_n6_pairwise1,2012-04-27,Ctrl_log_fund_size,,45,skipped,完整变量样本数小于 min_cross_section_n
FAC_rank_vol_m12_n6_pairwise1,2012-04-27,Ctrl_fund_age,,45,skipped,完整变量样本数小于 min_cross_section_n
FAC_rank_vol_m12_n6_pairwise1,2012-05-31,FAC_rank_vol_m12_n6_pairwise1,,49,skipped,完整变量样本数小于 min_cross_section_n
FAC_rank_vol_m12_n6_pairwise1,2012-05-31,CtrlRetSTR,,49,skipped,完整变量样本数小于 min_cross_section_n
FAC_rank_vol_m12_n6_pairwise1,2012-05-31,CtrlRetLTM,,49,skipped,完整变量样本数小于 min_cross_section_n
FAC_rank_vol_m12_n6_pairwise1,2012-05-31,CtrlVol,,49,skipped,完整变量样本数小于 min_cross_section_n
FAC_rank_vol_m12_n6_pairwise1,2012-05-31,as_偏股混合型基金,,49,skipped,完整变量样本数小于 min_cross_section_n
FAC_rank_vol_m12_n6_pairwise1,2012-05-31,Ctrl_log_fund_size,,49,skipped,完整变量样本数小于 min_cross_section_n
FAC_rank_vol_m12_n6_pairwise1,2012-05-31,Ctrl_fund_age,,49,skipped,完整变量样本数小于 min_cross_section_n
FAC_rank_vol_m12_n6_pairwise1,2012-06-29,FAC_rank_vol_m12_n6_pairwise1,,49,skipped,完整变量样本数小于 min_cross_section_n
FAC_rank_vol_m12_n6_pairwise1,2012-06-29,CtrlRetSTR,,49,skipped,完整变量样本数小于 min_cross_section_n
FAC_rank_vol_m12_n6_pairwise1,2012-06-29,CtrlRetLTM,,49,skipped,完整变量样本数小于 min_cross_section_n
FAC_rank_vol_m12_n6_pairwise1,2012-06-29,CtrlVol,,49,skipped,完整变量样本数小于 min_cross_section_n
FAC_rank_vol_m12_n6_pairwise1,2012-06-29,as_偏股混合型基金,,49,skipped,完整变量样本数小于 min_cross_section_n
FAC_rank_vol_m12_n6_pairwise1,2012-06-29,Ctrl_log_fund_size,,49,skipped,完整变量样本数小于 min_cross_section_n
FAC_rank_vol_m12_n6_pairwise1,2012-06-29,Ctrl_fund_age,,49,skipped,完整变量样本数小于 min_cross_section_n
FAC_rank_vol_m12_n6_pairwise1,2012-07-31,FAC_rank_vol_m12_n6_pairwise1,,48,skipped,完整变量样本数小于 min_cross_section_n
FAC_rank_vol_m12_n6_pairwise1,2012-07-31,CtrlRetSTR,,48,skipped,完整变量样本数小于 min_cross_section_n
FAC_rank_vol_m12_n6_pairwise1,2012-07-31,CtrlRetLTM,,48,skipped,完整变量样本数小于 min_cross_section_n
FAC_rank_vol_m12_n6_pairwise1,2012-07-31,CtrlVol,,48,skipped,完整变量样本数小于 min_cross_section_n
FAC_rank_vol_m12_n6_pairwise1,2012-07-31,as_偏股混合型基金,,48,skipped,完整变量样本数小于 min_cross_section_n
FAC_rank_vol_m12_n6_pairwise1,2012-07-31,Ctrl_log_fund_size,,48,skipped,完整变量样本数小于 min_cross_section_n
FAC_rank_vol_m12_n6_pairwise1,2012-07-31,Ctrl_fund_age,,48,skipped,完整变量样本数小于 min_cross_section_n
FAC_rank_vol_m12_n6_pairwise1,2012-08-31,FAC_rank_vol_m12_n6_pairwise1,,48,skipped,完整变量样本数小于 min_cross_section_n
FAC_rank_vol_m12_n6_pairwise1,2012-08-31,CtrlRetSTR,,48,skipped,完整变量样本数小于 min_cross_section_n
FAC_rank_vol_m12_n6_pairwise1,2012-08-31,CtrlRetLTM,,48,skipped,完整变量样本数小于 min_cross_section_n
FAC_rank_vol_m12_n6_pairwise1,2012-08-31,CtrlVol,,48,skipped,完整变量样本数小于 min_cross_section_n
FAC_rank_vol_m12_n6_pairwise1,2012-08-31,as_偏股混合型基金,,48,skipped,完整变量样本数小于 min_cross_section_n
FAC_rank_vol_m12_n6_pairwise1,2012-08-31,Ctrl_log_fund_size,,48,skipped,完整变量样本数小于 min_cross_section_n
FAC_rank_vol_m12_n6_pairwise1,2012-08-31,Ctrl_fund_age,,48,skipped,完整变量样本数小于 min_cross_section_n
FAC_rank_vol_m12_n6_pairwise1,2012-09-28,FAC_rank_vol_m12_n6_pairwise1,,51,failed,变量无横截面波动：['as_偏股混合型基金']
FAC_rank_vol_m12_n6_pairwise1,2012-09-28,CtrlRetSTR,,51,failed,变量无横截面波动：['as_偏股混合型基金']
FAC_rank_vol_m12_n6_pairwise1,2012-09-28,CtrlRetLTM,,51,failed,变量无横截面波动：['as_偏股混合型基金']
FAC_rank_vol_m12_n6_pairwise1,2012-09-28,CtrlVol,,51,failed,变量无横截面波动：['as_偏股混合型基金']
FAC_rank_vol_m12_n6_pairwise1,2012-09-28,as_偏股混合型基金,,51,failed,变量无横截面波动：['as_偏股混合型基金']
FAC_rank_vol_m12_n6_pairwise1,2012-09-28,Ctrl_log_fund_size,,51,failed,变量无横截面波动：['as_偏股混合型基金']
FAC_rank_vol_m12_n6_pairwise1,2012-09-28,Ctrl_fund_age,,51,failed,变量无横截面波动：['as_偏股混合型基金']
FAC_rank_vol_m12_n6_pairwise1,2012-10-31,FAC_rank_vol_m12_n6_pairwise1,,57,failed,变量无横截面波动：['as_偏股混合型基金']
FAC_rank_vol_m12_n6_pairwise1,2012-10-31,CtrlRetSTR,,57,failed,变量无横截面波动：['as_偏股混合型基金']
FAC_rank_vol_m12_n6_pairwise1,2012-10-31,CtrlRetLTM,,57,failed,变量无横截面波动：['as_偏股混合型基金']
FAC_rank_vol_m12_n6_pairwise1,2012-10-31,CtrlVol,,57,failed,变量无横截面波动：['as_偏股混合型基金']
FAC_rank_vol_m12_n6_pairwise1,2012-10-31,as_偏股混合型基金,,57,failed,变量无横截面波动：['as_偏股混合型基金']
FAC_rank_vol_m12_n6_pairwise1,2012-10-31,Ctrl_log_fund_size,,57,failed,变量无横截面波动：['as_偏股混合型基金']
FAC_rank_vol_m12_n6_pairwise1,2012-10-31,Ctrl_fund_age,,57,failed,变量无横截面波动：['as_偏股混合型基金']
FAC_rank_vol_m12_n6_pairwise1,2012-11-30,FAC_rank_vol_m12_n6_pairwise1,,61,failed,变量无横截面波动：['as_偏股混合型基金']
FAC_rank_vol_m12_n6_pairwise1,2012-11-30,CtrlRetSTR,,61,failed,变量无横截面波动：['as_偏股混合型基金']
FAC_rank_vol_m12_n6_pairwise1,2012-11-30,CtrlRetLTM,,61,failed,变量无横截面波动：['as_偏股混合型基金']
FAC_rank_vol_m12_n6_pairwise1,2012-11-30,CtrlVol,,61,failed,变量无横截面波动：['as_偏股混合型基金']
FAC_rank_vol_m12_n6_pairwise1,2012-11-30,as_偏股混合型基金,,61,failed,变量无横截面波动：['as_偏股混合型基金']
FAC_rank_vol_m12_n6_pairwise1,2012-11-30,Ctrl_log_fund_size,,61,failed,变量无横截面波动：['as_偏股混合型基金']
FAC_rank_vol_m12_n6_pairwise1,2012-11-30,Ctrl_fund_age,,61,failed,变量无横截面波动：['as_偏股混合型基金']
FAC_rank_vol_m12_n6_pairwise1,2012-12-31,FAC_rank_vol_m12_n6_pairwise1,,62,failed,变量无横截面波动：['as_偏股混合型基金']
FAC_rank_vol_m12_n6_pairwise1,2012-12-31,CtrlRetSTR,,62,failed,变量无横截面波动：['as_偏股混合型基金']
FAC_rank_vol_m12_n6_pairwise1,2012-12-31,CtrlRetLTM,,62,failed,变量无横截面波动：['as_偏股混合型基金']
FAC_rank_vol_m12_n6_pairwise1,2012-12-31,CtrlVol,,62,failed,变量无横截面波动：['as_偏股混合型基金']
FAC_rank_vol_m12_n6_pairwise1,2012-12-31,as_偏股混合型基金,,62,failed,变量无横截面波动：['as_偏股混合型基金']
FAC_rank_vol_m12_n6_pairwise1,2012-12-31,Ctrl_log_fund_size,,62,failed,变量无横截面波动：['as_偏股混合型基金']
FAC_rank_vol_m12_n6_pairwise1,2012-12-31,Ctrl_fund_age,,62,failed,变量无横截面波动：['as_偏股混合型基金']
FAC_rank_vol_m12_n6_pairwise1,2013-01-31,FAC_rank_vol_m12_n6_pairwise1,,66,failed,变量无横截面波动：['as_偏股混合型基金']
FAC_rank_vol_m12_n6_pairwise1,2013-01-31,CtrlRetSTR,,66,failed,变量无横截面波动：['as_偏股混合型基金']
FAC_rank_vol_m12_n6_pairwise1,2013-01-31,CtrlRetLTM,,66,failed,变量无横截面波动：['as_偏股混合型基金']
FAC_rank_vol_m12_n6_pairwise1,2013-01-31,CtrlVol,,66,failed,变量无横截面波动：['as_偏股混合型基金']
FAC_rank_vol_m12_n6_pairwise1,2013-01-31,as_偏股混合型基金,,66,failed,变量无横截面波动：['as_偏股混合型基金']
FAC_rank_vol_m12_n6_pairwise1,2013-01-31,Ctrl_log_fund_size,,66,failed,变量无横截面波动：['as_偏股混合型基金']
FAC_rank_vol_m12_n6_pairwise1,2013-01-31,Ctrl_fund_age,,66,failed,变量无横截面波动：['as_偏股混合型基金']
FAC_rank_vol_m12_n6_pairwise1,2013-02-28,FAC_rank_vol_m12_n6_pairwise1,,68,failed,变量无横截面波动：['as_偏股混合型基金']
FAC_rank_vol_m12_n6_pairwise1,2013-02-28,CtrlRetSTR,,68,failed,变量无横截面波动：['as_偏股混合型基金']
FAC_rank_vol_m12_n6_pairwise1,2013-02-28,CtrlRetLTM,,68,failed,变量无横截面波动：['as_偏股混合型基金']
FAC_rank_vol_m12_n6_pairwise1,2013-02-28,CtrlVol,,68,failed,变量无横截面波动：['as_偏股混合型基金']
FAC_rank_vol_m12_n6_pairwise1,2013-02-28,as_偏股混合型基金,,68,failed,变量无横截面波动：['as_偏股混合型基金']
FAC_rank_vol_m12_n6_pairwise1,2013-02-28,Ctrl_log_fund_size,,68,failed,变量无横截面波动：['as_偏股混合型基金']
FAC_rank_vol_m12_n6_pairwise1,2013-02-28,Ctrl_fund_age,,68,failed,变量无横截面波动：['as_偏股混合型基金']
FAC_rank_vol_m12_n6_pairwise1,2013-03-29,FAC_rank_vol_m12_n6_pairwise1,,69,failed,变量无横截面波动：['as_偏股混合型基金']
FAC_rank_vol_m12_n6_pairwise1,2013-03-29,CtrlRetSTR,,69,failed,变量无横截面波动：['as_偏股混合型基金']
FAC_rank_vol_m12_n6_pairwise1,2013-03-29,CtrlRetLTM,,69,failed,变量无横截面波动：['as_偏股混合型基金']
FAC_rank_vol_m12_n6_pairwise1,2013-03-29,CtrlVol,,69,failed,变量无横截面波动：['as_偏股混合型基金']
FAC_rank_vol_m12_n6_pairwise1,2013-03-29,as_偏股混合型基金,,69,failed,变量无横截面波动：['as_偏股混合型基金']
FAC_rank_vol_m12_n6_pairwise1,2013-03-29,Ctrl_log_fund_size,,69,failed,变量无横截面波动：['as_偏股混合型基金']
FAC_rank_vol_m12_n6_pairwise1,2013-03-29,Ctrl_fund_age,,69,failed,变量无横截面波动：['as_偏股混合型基金']
FAC_rank_vol_m12_n6_pairwise1,2013-04-26,FAC_rank_vol_m12_n6_pairwise1,1.1619846652770944,74,ok,
FAC_rank_vol_m12_n6_pairwise1,2013-04-26,CtrlRetSTR,1.1693465809527608,74,ok,
FAC_rank_vol_m12_n6_pairwise1,2013-04-26,CtrlRetLTM,1.3186948517954529,74,ok,
FAC_rank_vol_m12_n6_pairwise1,2013-04-26,CtrlVol,1.3890494384273728,74,ok,
FAC_rank_vol_m12_n6_pairwise1,2013-04-26,as_偏股混合型基金,1.126777623377221,74,ok,
FAC_rank_vol_m12_n6_pairwise1,2013-04-26,Ctrl_log_fund_size,2.855299914009817,74,ok,
FAC_rank_vol_m12_n6_pairwise1,2013-04-26,Ctrl_fund_age,3.0043391847964225,74,ok,
FAC_rank_vol_m12_n6_pairwise1,2013-05-31,FAC_rank_vol_m12_n6_pairwise1,1.0823351934217869,77,ok,
FAC_rank_vol_m12_n6_pairwise1,2013-05-31,CtrlRetSTR,1.3097704982538723,77,ok,
FAC_rank_vol_m12_n6_pairwise1,2013-05-31,CtrlRetLTM,1.233588552966329,77,ok,
FAC_rank_vol_m12_n6_pairwise1,2013-05-31,CtrlVol,1.2242242264081553,77,ok,
FAC_rank_vol_m12_n6_pairwise1,2013-05-31,as_偏股混合型基金,1.1452537013164967,77,ok,
FAC_rank_vol_m12_n6_pairwise1,2013-05-31,Ctrl_log_fund_size,2.973840450034945,77,ok,
FAC_rank_vol_m12_n6_pairwise1,2013-05-31,Ctrl_fund_age,3.3217689739282212,77,ok,
FAC_rank_vol_m12_n6_pairwise1,2013-06-28,FAC_rank_vol_m12_n6_pairwise1,1.2053860002903076,80,ok,
FAC_rank_vol_m12_n6_pairwise1,2013-06-28,CtrlRetSTR,2.0682578049980846,80,ok,
FAC_rank_vol_m12_n6_pairwise1,2013-06-28,CtrlRetLTM,1.7946586789709253,80,ok,
FAC_rank_vol_m12_n6_pairwise1,2013-06-28,CtrlVol,1.5108776526836716,80,ok,
FAC_rank_vol_m12_n6_pairwise1,2013-06-28,as_偏股混合型基金,1.1161997732301063,80,ok,
FAC_rank_vol_m12_n6_pairwise1,2013-06-28,Ctrl_log_fund_size,3.163450772306705,80,ok,
FAC_rank_vol_m12_n6_pairwise1,2013-06-28,Ctrl_fund_age,3.2162960281750936,80,ok,
FAC_rank_vol_m12_n6_pairwise1,2013-07-31,FAC_rank_vol_m12_n6_pairwise1,1.1118020291593091,80,ok,
FAC_rank_vol_m12_n6_pairwise1,2013-07-31,CtrlRetSTR,1.1996489644565027,80,ok,
FAC_rank_vol_m12_n6_pairwise1,2013-07-31,CtrlRetLTM,1.3021669903616615,80,ok,
FAC_rank_vol_m12_n6_pairwise1,2013-07-31,CtrlVol,1.0569780372473012,80,ok,
FAC_rank_vol_m12_n6_pairwise1,2013-07-31,as_偏股混合型基金,1.0948459408334128,80,ok,
FAC_rank_vol_m12_n6_pairwise1,2013-07-31,Ctrl_log_fund_size,3.197874007152371,80,ok,
FAC_rank_vol_m12_n6_pairwise1,2013-07-31,Ctrl_fund_age,3.0437906482331747,80,ok,
FAC_rank_vol_m12_n6_pairwise1,2013-08-30,FAC_rank_vol_m12_n6_pairwise1,1.0658561105519966,83,ok,
FAC_rank_vol_m12_n6_pairwise1,2013-08-30,CtrlRetSTR,1.2824923124649588,83,ok,
FAC_rank_vol_m12_n6_pairwise1,2013-08-30,CtrlRetLTM,1.2108379152771405,83,ok,
FAC_rank_vol_m12_n6_pairwise1,2013-08-30,CtrlVol,1.2512125154216938,83,ok,
FAC_rank_vol_m12_n6_pairwise1,2013-08-30,as_偏股混合型基金,1.1177126518928622,83,ok,
FAC_rank_vol_m12_n6_pairwise1,2013-08-30,Ctrl_log_fund_size,2.889368061416251,83,ok,
FAC_rank_vol_m12_n6_pairwise1,2013-08-30,Ctrl_fund_age,2.9152576451461263,83,ok,
FAC_rank_vol_m12_n6_pairwise1,2013-09-30,FAC_rank_vol_m12_n6_pairwise1,1.0986918668589378,85,ok,
FAC_rank_vol_m12_n6_pairwise1,2013-09-30,CtrlRetSTR,1.5972390732502624,85,ok,
FAC_rank_vol_m12_n6_pairwise1,2013-09-30,CtrlRetLTM,1.7697367028413935,85,ok,
FAC_rank_vol_m12_n6_pairwise1,2013-09-30,CtrlVol,1.0700508217240212,85,ok,
FAC_rank_vol_m12_n6_pairwise1,2013-09-30,as_偏股混合型基金,1.0519813529957835,85,ok,
FAC_rank_vol_m12_n6_pairwise1,2013-09-30,Ctrl_log_fund_size,2.9498898137004197,85,ok,
FAC_rank_vol_m12_n6_pairwise1,2013-09-30,Ctrl_fund_age,2.8214021575558195,85,ok,
FAC_rank_vol_m12_n6_pairwise1,2013-10-31,FAC_rank_vol_m12_n6_pairwise1,1.091877694583107,89,ok,
FAC_rank_vol_m12_n6_pairwise1,2013-10-31,CtrlRetSTR,1.6045672121443686,89,ok,
FAC_rank_vol_m12_n6_pairwise1,2013-10-31,CtrlRetLTM,1.8517186711211395,89,ok,
FAC_rank_vol_m12_n6_pairwise1,2013-10-31,CtrlVol,1.1526403137280024,89,ok,
FAC_rank_vol_m12_n6_pairwise1,2013-10-31,as_偏股混合型基金,1.0462921710698054,89,ok,
FAC_rank_vol_m12_n6_pairwise1,2013-10-31,Ctrl_log_fund_size,3.1117436536089658,89,ok,
FAC_rank_vol_m12_n6_pairwise1,2013-10-31,Ctrl_fund_age,2.76436000373164,89,ok,
FAC_rank_vol_m12_n6_pairwise1,2013-11-29,FAC_rank_vol_m12_n6_pairwise1,1.1447863184442721,88,ok,
FAC_rank_vol_m12_n6_pairwise1,2013-11-29,CtrlRetSTR,1.168798404139237,88,ok,
FAC_rank_vol_m12_n6_pairwise1,2013-11-29,CtrlRetLTM,1.7395552248201618,88,ok,
FAC_rank_vol_m12_n6_pairwise1,2013-11-29,CtrlVol,1.456767179878405,88,ok,
FAC_rank_vol_m12_n6_pairwise1,2013-11-29,as_偏股混合型基金,1.044493232501102,88,ok,
FAC_rank_vol_m12_n6_pairwise1,2013-11-29,Ctrl_log_fund_size,3.0085834947982235,88,ok,
FAC_rank_vol_m12_n6_pairwise1,2013-11-29,Ctrl_fund_age,2.871733821064759,88,ok,
FAC_rank_vol_m12_n6_pairwise1,2013-12-31,FAC_rank_vol_m12_n6_pairwise1,1.1525314420957835,91,ok,
FAC_rank_vol_m12_n6_pairwise1,2013-12-31,CtrlRetSTR,1.222750261883324,91,ok,
FAC_rank_vol_m12_n6_pairwise1,2013-12-31,CtrlRetLTM,1.3802422654638173,91,ok,
FAC_rank_vol_m12_n6_pairwise1,2013-12-31,CtrlVol,1.1592262242627016,91,ok,
FAC_rank_vol_m12_n6_pairwise1,2013-12-31,as_偏股混合型基金,1.0434471352409238,91,ok,
FAC_rank_vol_m12_n6_pairwise1,2013-12-31,Ctrl_log_fund_size,3.049163193996819,91,ok,
FAC_rank_vol_m12_n6_pairwise1,2013-12-31,Ctrl_fund_age,3.104447133162801,91,ok,
FAC_rank_vol_m12_n6_pairwise1,2014-01-30,FAC_rank_vol_m12_n6_pairwise1,1.2063790197987938,88,ok,
FAC_rank_vol_m12_n6_pairwise1,2014-01-30,CtrlRetSTR,1.3829951397576339,88,ok,
FAC_rank_vol_m12_n6_pairwise1,2014-01-30,CtrlRetLTM,1.9009132660337873,88,ok,
FAC_rank_vol_m12_n6_pairwise1,2014-01-30,CtrlVol,1.5628384559584836,88,ok,
FAC_rank_vol_m12_n6_pairwise1,2014-01-30,as_偏股混合型基金,1.1306929337450362,88,ok,
FAC_rank_vol_m12_n6_pairwise1,2014-01-30,Ctrl_log_fund_size,2.8694101488170665,88,ok,
FAC_rank_vol_m12_n6_pairwise1,2014-01-30,Ctrl_fund_age,2.8251680208567724,88,ok,
FAC_rank_vol_m12_n6_pairwise1,2014-02-28,FAC_rank_vol_m12_n6_pairwise1,1.1164298757664097,90,ok,
FAC_rank_vol_m12_n6_pairwise1,2014-02-28,CtrlRetSTR,1.0293238793829356,90,ok,
FAC_rank_vol_m12_n6_pairwise1,2014-02-28,CtrlRetLTM,1.7881095512680765,90,ok,
FAC_rank_vol_m12_n6_pairwise1,2014-02-28,CtrlVol,1.6318827586627722,90,ok,
FAC_rank_vol_m12_n6_pairwise1,2014-02-28,as_偏股混合型基金,1.1092653708978555,90,ok,
FAC_rank_vol_m12_n6_pairwise1,2014-02-28,Ctrl_log_fund_size,2.7555187369449365,90,ok,
FAC_rank_vol_m12_n6_pairwise1,2014-02-28,Ctrl_fund_age,2.7902796785676736,90,ok,
FAC_rank_vol_m12_n6_pairwise1,2014-03-31,FAC_rank_vol_m12_n6_pairwise1,1.1716448474610937,88,ok,
FAC_rank_vol_m12_n6_pairwise1,2014-03-31,CtrlRetSTR,1.3670270773293574,88,ok,
FAC_rank_vol_m12_n6_pairwise1,2014-03-31,CtrlRetLTM,2.1171733293166373,88,ok,
FAC_rank_vol_m12_n6_pairwise1,2014-03-31,CtrlVol,2.063689012040079,88,ok,
FAC_rank_vol_m12_n6_pairwise1,2014-03-31,as_偏股混合型基金,1.0968034964470743,88,ok,
FAC_rank_vol_m12_n6_pairwise1,2014-03-31,Ctrl_log_fund_size,3.0576776065701132,88,ok,
FAC_rank_vol_m12_n6_pairwise1,2014-03-31,Ctrl_fund_age,2.8152376161172925,88,ok,
FAC_rank_vol_m12_n6_pairwise1,2014-04-30,FAC_rank_vol_m12_n6_pairwise1,1.2030682930625078,91,ok,
FAC_rank_vol_m12_n6_pairwise1,2014-04-30,CtrlRetSTR,1.304648191600764,91,ok,
FAC_rank_vol_m12_n6_pairwise1,2014-04-30,CtrlRetLTM,1.8063316477507192,91,ok,
FAC_rank_vol_m12_n6_pairwise1,2014-04-30,CtrlVol,1.9048811479738919,91,ok,
FAC_rank_vol_m12_n6_pairwise1,2014-04-30,as_偏股混合型基金,1.0883280371469097,91,ok,
FAC_rank_vol_m12_n6_pairwise1,2014-04-30,Ctrl_log_fund_size,2.9899376713449555,91,ok,
FAC_rank_vol_m12_n6_pairwise1,2014-04-30,Ctrl_fund_age,2.8129383519564457,91,ok,
FAC_rank_vol_m12_n6_pairwise1,2014-05-30,FAC_rank_vol_m12_n6_pairwise1,1.21115948612375,95,ok,
FAC_rank_vol_m12_n6_pairwise1,2014-05-30,CtrlRetSTR,1.317908241844818,95,ok,
FAC_rank_vol_m12_n6_pairwise1,2014-05-30,CtrlRetLTM,1.4390538864680773,95,ok,
FAC_rank_vol_m12_n6_pairwise1,2014-05-30,CtrlVol,1.4511647259793774,95,ok,
FAC_rank_vol_m12_n6_pairwise1,2014-05-30,as_偏股混合型基金,1.0989478178580365,95,ok,
FAC_rank_vol_m12_n6_pairwise1,2014-05-30,Ctrl_log_fund_size,3.4832905417038527,95,ok,
FAC_rank_vol_m12_n6_pairwise1,2014-05-30,Ctrl_fund_age,3.1409584445146583,95,ok,
FAC_rank_vol_m12_n6_pairwise1,2014-06-30,FAC_rank_vol_m12_n6_pairwise1,1.4143374703993423,94,ok,
FAC_rank_vol_m12_n6_pairwise1,2014-06-30,CtrlRetSTR,1.3864817383357548,94,ok,
FAC_rank_vol_m12_n6_pairwise1,2014-06-30,CtrlRetLTM,1.5157945040158665,94,ok,
FAC_rank_vol_m12_n6_pairwise1,2014-06-30,CtrlVol,1.5964150497313605,94,ok,
FAC_rank_vol_m12_n6_pairwise1,2014-06-30,as_偏股混合型基金,1.0872532356641338,94,ok,
FAC_rank_vol_m12_n6_pairwise1,2014-06-30,Ctrl_log_fund_size,3.5728426007938037,94,ok,
FAC_rank_vol_m12_n6_pairwise1,2014-06-30,Ctrl_fund_age,3.319350786137057,94,ok,
FAC_rank_vol_m12_n6_pairwise1,2014-07-31,FAC_rank_vol_m12_n6_pairwise1,1.3779321141913061,94,ok,
FAC_rank_vol_m12_n6_pairwise1,2014-07-31,CtrlRetSTR,1.3972301473027373,94,ok,
FAC_rank_vol_m12_n6_pairwise1,2014-07-31,CtrlRetLTM,1.1667874588535891,94,ok,
FAC_rank_vol_m12_n6_pairwise1,2014-07-31,CtrlVol,1.5717895244017248,94,ok,
FAC_rank_vol_m12_n6_pairwise1,2014-07-31,as_偏股混合型基金,1.0977836820022555,94,ok,
FAC_rank_vol_m12_n6_pairwise1,2014-07-31,Ctrl_log_fund_size,3.2115582691876567,94,ok,
FAC_rank_vol_m12_n6_pairwise1,2014-07-31,Ctrl_fund_age,2.9928852530169583,94,ok,
FAC_rank_vol_m12_n6_pairwise1,2014-08-29,FAC_rank_vol_m12_n6_pairwise1,1.4836866717636714,94,ok,
FAC_rank_vol_m12_n6_pairwise1,2014-08-29,CtrlRetSTR,1.1653550139593436,94,ok,
FAC_rank_vol_m12_n6_pairwise1,2014-08-29,CtrlRetLTM,1.2948968723495204,94,ok,
FAC_rank_vol_m12_n6_pairwise1,2014-08-29,CtrlVol,1.3483979927415095,94,ok,
FAC_rank_vol_m12_n6_pairwise1,2014-08-29,as_偏股混合型基金,1.1262581791880817,94,ok,
FAC_rank_vol_m12_n6_pairwise1,2014-08-29,Ctrl_log_fund_size,3.3188594546881918,94,ok,
FAC_rank_vol_m12_n6_pairwise1,2014-08-29,Ctrl_fund_age,3.008201017133025,94,ok,
FAC_rank_vol_m12_n6_pairwise1,2014-09-30,FAC_rank_vol_m12_n6_pairwise1,1.702006670327631,94,ok,
FAC_rank_vol_m12_n6_pairwise1,2014-09-30,CtrlRetSTR,1.6876559849925592,94,ok,
FAC_rank_vol_m12_n6_pairwise1,2014-09-30,CtrlRetLTM,1.6463120524720614,94,ok,
FAC_rank_vol_m12_n6_pairwise1,2014-09-30,CtrlVol,1.9130132955688446,94,ok,
FAC_rank_vol_m12_n6_pairwise1,2014-09-30,as_偏股混合型基金,1.0625753227425951,94,ok,
FAC_rank_vol_m12_n6_pairwise1,2014-09-30,Ctrl_log_fund_size,3.1423333083721765,94,ok,
FAC_rank_vol_m12_n6_pairwise1,2014-09-30,Ctrl_fund_age,3.0562879238414284,94,ok,
FAC_rank_vol_m12_n6_pairwise1,2014-10-31,FAC_rank_vol_m12_n6_pairwise1,1.5110068032076098,89,ok,
FAC_rank_vol_m12_n6_pairwise1,2014-10-31,CtrlRetSTR,1.2453635961313656,89,ok,
FAC_rank_vol_m12_n6_pairwise1,2014-10-31,CtrlRetLTM,2.0916187490507756,89,ok,
FAC_rank_vol_m12_n6_pairwise1,2014-10-31,CtrlVol,1.9648512096690869,89,ok,
FAC_rank_vol_m12_n6_pairwise1,2014-10-31,as_偏股混合型基金,1.1586455069936565,89,ok,
FAC_rank_vol_m12_n6_pairwise1,2014-10-31,Ctrl_log_fund_size,3.26032817863288,89,ok,
FAC_rank_vol_m12_n6_pairwise1,2014-10-31,Ctrl_fund_age,3.5449574752404285,89,ok,
FAC_rank_vol_m12_n6_pairwise1,2014-11-28,FAC_rank_vol_m12_n6_pairwise1,1.4191550439706109,89,ok,
FAC_rank_vol_m12_n6_pairwise1,2014-11-28,CtrlRetSTR,1.1458965444049567,89,ok,
FAC_rank_vol_m12_n6_pairwise1,2014-11-28,CtrlRetLTM,1.7019723083720812,89,ok,
FAC_rank_vol_m12_n6_pairwise1,2014-11-28,CtrlVol,1.5688596078015378,89,ok,
FAC_rank_vol_m12_n6_pairwise1,2014-11-28,as_偏股混合型基金,1.176021504108819,89,ok,
FAC_rank_vol_m12_n6_pairwise1,2014-11-28,Ctrl_log_fund_size,3.383384709222733,89,ok,
FAC_rank_vol_m12_n6_pairwise1,2014-11-28,Ctrl_fund_age,3.4503687646683363,89,ok,
FAC_rank_vol_m12_n6_pairwise1,2014-12-31,FAC_rank_vol_m12_n6_pairwise1,1.5060214729296508,81,ok,
FAC_rank_vol_m12_n6_pairwise1,2014-12-31,CtrlRetSTR,1.110394629844129,81,ok,
FAC_rank_vol_m12_n6_pairwise1,2014-12-31,CtrlRetLTM,1.8440177957037645,81,ok,
FAC_rank_vol_m12_n6_pairwise1,2014-12-31,CtrlVol,2.1680602549114143,81,ok,
FAC_rank_vol_m12_n6_pairwise1,2014-12-31,as_偏股混合型基金,1.0216473309641039,81,ok,
FAC_rank_vol_m12_n6_pairwise1,2014-12-31,Ctrl_log_fund_size,3.278785745406693,81,ok,
FAC_rank_vol_m12_n6_pairwise1,2014-12-31,Ctrl_fund_age,3.2928794587479944,81,ok,
FAC_rank_vol_m12_n6_pairwise1,2015-01-30,FAC_rank_vol_m12_n6_pairwise1,1.6441181322291307,75,ok,
FAC_rank_vol_m12_n6_pairwise1,2015-01-30,CtrlRetSTR,1.3714625945360095,75,ok,
FAC_rank_vol_m12_n6_pairwise1,2015-01-30,CtrlRetLTM,1.6113316080174283,75,ok,
FAC_rank_vol_m12_n6_pairwise1,2015-01-30,CtrlVol,2.011570901232238,75,ok,
FAC_rank_vol_m12_n6_pairwise1,2015-01-30,as_偏股混合型基金,1.062749052930174,75,ok,
FAC_rank_vol_m12_n6_pairwise1,2015-01-30,Ctrl_log_fund_size,3.4882532640946122,75,ok,
FAC_rank_vol_m12_n6_pairwise1,2015-01-30,Ctrl_fund_age,3.146122980976374,75,ok,
FAC_rank_vol_m12_n6_pairwise1,2015-02-27,FAC_rank_vol_m12_n6_pairwise1,1.5781219118298684,76,ok,
FAC_rank_vol_m12_n6_pairwise1,2015-02-27,CtrlRetSTR,1.2904931395968229,76,ok,
FAC_rank_vol_m12_n6_pairwise1,2015-02-27,CtrlRetLTM,1.464839669337381,76,ok,
FAC_rank_vol_m12_n6_pairwise1,2015-02-27,CtrlVol,1.764962161152088,76,ok,
FAC_rank_vol_m12_n6_pairwise1,2015-02-27,as_偏股混合型基金,1.0919133744808236,76,ok,
FAC_rank_vol_m12_n6_pairwise1,2015-02-27,Ctrl_log_fund_size,2.532828238799867,76,ok,
FAC_rank_vol_m12_n6_pairwise1,2015-02-27,Ctrl_fund_age,2.5291919768967523,76,ok,
FAC_rank_vol_m12_n6_pairwise1,2015-03-31,FAC_rank_vol_m12_n6_pairwise1,1.4862053682453704,71,ok,
FAC_rank_vol_m12_n6_pairwise1,2015-03-31,CtrlRetSTR,1.1317200650257446,71,ok,
FAC_rank_vol_m12_n6_pairwise1,2015-03-31,CtrlRetLTM,1.3804131000694586,71,ok,
FAC_rank_vol_m12_n6_pairwise1,2015-03-31,CtrlVol,1.8224882566150395,71,ok,
FAC_rank_vol_m12_n6_pairwise1,2015-03-31,as_偏股混合型基金,1.1120391799072866,71,ok,
FAC_rank_vol_m12_n6_pairwise1,2015-03-31,Ctrl_log_fund_size,2.594779313207697,71,ok,
FAC_rank_vol_m12_n6_pairwise1,2015-03-31,Ctrl_fund_age,2.497104792860559,71,ok,
FAC_rank_vol_m12_n6_pairwise1,2015-04-30,FAC_rank_vol_m12_n6_pairwise1,1.2961913941677479,66,ok,
FAC_rank_vol_m12_n6_pairwise1,2015-04-30,CtrlRetSTR,1.207051818272288,66,ok,
FAC_rank_vol_m12_n6_pairwise1,2015-04-30,CtrlRetLTM,1.4998508925560063,66,ok,
FAC_rank_vol_m12_n6_pairwise1,2015-04-30,CtrlVol,2.1072183180991724,66,ok,
FAC_rank_vol_m12_n6_pairwise1,2015-04-30,as_偏股混合型基金,1.0532964972828658,66,ok,
FAC_rank_vol_m12_n6_pairwise1,2015-04-30,Ctrl_log_fund_size,2.6364972345678077,66,ok,
FAC_rank_vol_m12_n6_pairwise1,2015-04-30,Ctrl_fund_age,2.876380137846645,66,ok,
FAC_rank_vol_m12_n6_pairwise1,2015-05-29,FAC_rank_vol_m12_n6_pairwise1,1.266547462632589,59,ok,
FAC_rank_vol_m12_n6_pairwise1,2015-05-29,CtrlRetSTR,1.2234629505407297,59,ok,
FAC_rank_vol_m12_n6_pairwise1,2015-05-29,CtrlRetLTM,1.4343738302631657,59,ok,
FAC_rank_vol_m12_n6_pairwise1,2015-05-29,CtrlVol,2.009699477236993,59,ok,
FAC_rank_vol_m12_n6_pairwise1,2015-05-29,as_偏股混合型基金,1.0684237455100203,59,ok,
FAC_rank_vol_m12_n6_pairwise1,2015-05-29,Ctrl_log_fund_size,3.189418382094685,59,ok,
FAC_rank_vol_m12_n6_pairwise1,2015-05-29,Ctrl_fund_age,3.431376507572511,59,ok,
FAC_rank_vol_m12_n6_pairwise1,2015-06-30,FAC_rank_vol_m12_n6_pairwise1,1.4179482328261133,50,ok,
FAC_rank_vol_m12_n6_pairwise1,2015-06-30,CtrlRetSTR,2.4966653529744574,50,ok,
FAC_rank_vol_m12_n6_pairwise1,2015-06-30,CtrlRetLTM,1.9395752309590397,50,ok,
FAC_rank_vol_m12_n6_pairwise1,2015-06-30,CtrlVol,3.756241272613409,50,ok,
FAC_rank_vol_m12_n6_pairwise1,2015-06-30,as_偏股混合型基金,1.0566758493808672,50,ok,
FAC_rank_vol_m12_n6_pairwise1,2015-06-30,Ctrl_log_fund_size,3.1290039486240406,50,ok,
FAC_rank_vol_m12_n6_pairwise1,2015-06-30,Ctrl_fund_age,3.4760812563493757,50,ok,
FAC_rank_vol_m12_n6_pairwise1,2015-07-31,FAC_rank_vol_m12_n6_pairwise1,,49,skipped,完整变量样本数小于 min_cross_section_n
FAC_rank_vol_m12_n6_pairwise1,2015-07-31,CtrlRetSTR,,49,skipped,完整变量样本数小于 min_cross_section_n
FAC_rank_vol_m12_n6_pairwise1,2015-07-31,CtrlRetLTM,,49,skipped,完整变量样本数小于 min_cross_section_n
FAC_rank_vol_m12_n6_pairwise1,2015-07-31,CtrlVol,,49,skipped,完整变量样本数小于 min_cross_section_n
FAC_rank_vol_m12_n6_pairwise1,2015-07-31,as_偏股混合型基金,,49,skipped,完整变量样本数小于 min_cross_section_n
FAC_rank_vol_m12_n6_pairwise1,2015-07-31,Ctrl_log_fund_size,,49,skipped,完整变量样本数小于 min_cross_section_n
FAC_rank_vol_m12_n6_pairwise1,2015-07-31,Ctrl_fund_age,,49,skipped,完整变量样本数小于 min_cross_section_n
FAC_rank_vol_m12_n6_pairwise1,2015-08-31,FAC_rank_vol_m12_n6_pairwise1,1.1532027345736406,52,ok,
FAC_rank_vol_m12_n6_pairwise1,2015-08-31,CtrlRetSTR,2.2355348303563414,52,ok,
FAC_rank_vol_m12_n6_pairwise1,2015-08-31,CtrlRetLTM,1.1469997006576247,52,ok,
FAC_rank_vol_m12_n6_pairwise1,2015-08-31,CtrlVol,2.533852719738628,52,ok,
FAC_rank_vol_m12_n6_pairwise1,2015-08-31,as_偏股混合型基金,1.043658379283985,52,ok,
FAC_rank_vol_m12_n6_pairwise1,2015-08-31,Ctrl_log_fund_size,3.8004886312781374,52,ok,
FAC_rank_vol_m12_n6_pairwise1,2015-08-31,Ctrl_fund_age,3.35096602392949,52,ok,
FAC_rank_vol_m12_n6_pairwise1,2015-09-30,FAC_rank_vol_m12_n6_pairwise1,,47,skipped,完整变量样本数小于 min_cross_section_n
FAC_rank_vol_m12_n6_pairwise1,2015-09-30,CtrlRetSTR,,47,skipped,完整变量样本数小于 min_cross_section_n
FAC_rank_vol_m12_n6_pairwise1,2015-09-30,CtrlRetLTM,,47,skipped,完整变量样本数小于 min_cross_section_n
FAC_rank_vol_m12_n6_pairwise1,2015-09-30,CtrlVol,,47,skipped,完整变量样本数小于 min_cross_section_n
FAC_rank_vol_m12_n6_pairwise1,2015-09-30,as_偏股混合型基金,,47,skipped,完整变量样本数小于 min_cross_section_n
FAC_rank_vol_m12_n6_pairwise1,2015-09-30,Ctrl_log_fund_size,,47,skipped,完整变量样本数小于 min_cross_section_n
FAC_rank_vol_m12_n6_pairwise1,2015-09-30,Ctrl_fund_age,,47,skipped,完整变量样本数小于 min_cross_section_n
FAC_rank_vol_m12_n6_pairwise1,2015-10-30,FAC_rank_vol_m12_n6_pairwise1,,49,skipped,完整变量样本数小于 min_cross_section_n
FAC_rank_vol_m12_n6_pairwise1,2015-10-30,CtrlRetSTR,,49,skipped,完整变量样本数小于 min_cross_section_n
FAC_rank_vol_m12_n6_pairwise1,2015-10-30,CtrlRetLTM,,49,skipped,完整变量样本数小于 min_cross_section_n
FAC_rank_vol_m12_n6_pairwise1,2015-10-30,CtrlVol,,49,skipped,完整变量样本数小于 min_cross_section_n
FAC_rank_vol_m12_n6_pairwise1,2015-10-30,as_偏股混合型基金,,49,skipped,完整变量样本数小于 min_cross_section_n
FAC_rank_vol_m12_n6_pairwise1,2015-10-30,Ctrl_log_fund_size,,49,skipped,完整变量样本数小于 min_cross_section_n
FAC_rank_vol_m12_n6_pairwise1,2015-10-30,Ctrl_fund_age,,49,skipped,完整变量样本数小于 min_cross_section_n
FAC_rank_vol_m12_n6_pairwise1,2015-11-30,FAC_rank_vol_m12_n6_pairwise1,1.117947208705395,52,ok,
FAC_rank_vol_m12_n6_pairwise1,2015-11-30,CtrlRetSTR,1.7139840925110215,52,ok,
FAC_rank_vol_m12_n6_pairwise1,2015-11-30,CtrlRetLTM,1.0785243457541613,52,ok,
FAC_rank_vol_m12_n6_pairwise1,2015-11-30,CtrlVol,1.7850506373178545,52,ok,
FAC_rank_vol_m12_n6_pairwise1,2015-11-30,as_偏股混合型基金,1.04101657132825,52,ok,
FAC_rank_vol_m12_n6_pairwise1,2015-11-30,Ctrl_log_fund_size,2.4971402453453195,52,ok,
FAC_rank_vol_m12_n6_pairwise1,2015-11-30,Ctrl_fund_age,2.643875447681301,52,ok,
FAC_rank_vol_m12_n6_pairwise1,2015-12-31,FAC_rank_vol_m12_n6_pairwise1,1.3247590333974355,52,ok,
FAC_rank_vol_m12_n6_pairwise1,2015-12-31,CtrlRetSTR,1.3452838115821792,52,ok,
FAC_rank_vol_m12_n6_pairwise1,2015-12-31,CtrlRetLTM,1.9046732128622195,52,ok,
FAC_rank_vol_m12_n6_pairwise1,2015-12-31,CtrlVol,1.5137864047426686,52,ok,
FAC_rank_vol_m12_n6_pairwise1,2015-12-31,as_偏股混合型基金,1.0988284764642915,52,ok,
FAC_rank_vol_m12_n6_pairwise1,2015-12-31,Ctrl_log_fund_size,2.4226655949964213,52,ok,
FAC_rank_vol_m12_n6_pairwise1,2015-12-31,Ctrl_fund_age,2.8396703932637553,52,ok,
FAC_rank_vol_m12_n6_pairwise1,2016-01-29,FAC_rank_vol_m12_n6_pairwise1,1.3172949162983905,56,ok,
FAC_rank_vol_m12_n6_pairwise1,2016-01-29,CtrlRetSTR,2.082259414864803,56,ok,
FAC_rank_vol_m12_n6_pairwise1,2016-01-29,CtrlRetLTM,1.4072601229714001,56,ok,
FAC_rank_vol_m12_n6_pairwise1,2016-01-29,CtrlVol,2.2578861463871474,56,ok,
FAC_rank_vol_m12_n6_pairwise1,2016-01-29,as_偏股混合型基金,1.0779856718774332,56,ok,
FAC_rank_vol_m12_n6_pairwise1,2016-01-29,Ctrl_log_fund_size,1.9853877603007422,56,ok,
FAC_rank_vol_m12_n6_pairwise1,2016-01-29,Ctrl_fund_age,2.4069836224911256,56,ok,
FAC_rank_vol_m12_n6_pairwise1,2016-02-29,FAC_rank_vol_m12_n6_pairwise1,1.2825370478310936,60,ok,
FAC_rank_vol_m12_n6_pairwise1,2016-02-29,CtrlRetSTR,1.413464336572982,60,ok,
FAC_rank_vol_m12_n6_pairwise1,2016-02-29,CtrlRetLTM,1.1243465686220309,60,ok,
FAC_rank_vol_m12_n6_pairwise1,2016-02-29,CtrlVol,1.4154356585614494,60,ok,
FAC_rank_vol_m12_n6_pairwise1,2016-02-29,as_偏股混合型基金,1.0564479827354472,60,ok,
FAC_rank_vol_m12_n6_pairwise1,2016-02-29,Ctrl_log_fund_size,2.1414239855544692,60,ok,
FAC_rank_vol_m12_n6_pairwise1,2016-02-29,Ctrl_fund_age,2.3053914035834735,60,ok,
FAC_rank_vol_m12_n6_pairwise1,2016-03-31,FAC_rank_vol_m12_n6_pairwise1,1.196417163074136,61,ok,
FAC_rank_vol_m12_n6_pairwise1,2016-03-31,CtrlRetSTR,1.5750682951187052,61,ok,
FAC_rank_vol_m12_n6_pairwise1,2016-03-31,CtrlRetLTM,1.3743262681695578,61,ok,
FAC_rank_vol_m12_n6_pairwise1,2016-03-31,CtrlVol,1.7117763302752618,61,ok,
FAC_rank_vol_m12_n6_pairwise1,2016-03-31,as_偏股混合型基金,1.0913168968624374,61,ok,
FAC_rank_vol_m12_n6_pairwise1,2016-03-31,Ctrl_log_fund_size,1.9256166266310872,61,ok,
FAC_rank_vol_m12_n6_pairwise1,2016-03-31,Ctrl_fund_age,2.1933385831285186,61,ok,
FAC_rank_vol_m12_n6_pairwise1,2016-04-29,FAC_rank_vol_m12_n6_pairwise1,1.1625469548724892,58,ok,
FAC_rank_vol_m12_n6_pairwise1,2016-04-29,CtrlRetSTR,1.1859190820631897,58,ok,
FAC_rank_vol_m12_n6_pairwise1,2016-04-29,CtrlRetLTM,1.4061208682745172,58,ok,
FAC_rank_vol_m12_n6_pairwise1,2016-04-29,CtrlVol,1.5051822496802068,58,ok,
FAC_rank_vol_m12_n6_pairwise1,2016-04-29,as_偏股混合型基金,1.075801091352201,58,ok,
FAC_rank_vol_m12_n6_pairwise1,2016-04-29,Ctrl_log_fund_size,1.9225605898909777,58,ok,
FAC_rank_vol_m12_n6_pairwise1,2016-04-29,Ctrl_fund_age,2.073768606163118,58,ok,
FAC_rank_vol_m12_n6_pairwise1,2016-05-31,FAC_rank_vol_m12_n6_pairwise1,1.1498498827403774,61,ok,
FAC_rank_vol_m12_n6_pairwise1,2016-05-31,CtrlRetSTR,1.11485975257899,61,ok,
FAC_rank_vol_m12_n6_pairwise1,2016-05-31,CtrlRetLTM,2.334960133748393,61,ok,
FAC_rank_vol_m12_n6_pairwise1,2016-05-31,CtrlVol,2.3233072680666367,61,ok,
FAC_rank_vol_m12_n6_pairwise1,2016-05-31,as_偏股混合型基金,1.0594600854685805,61,ok,
FAC_rank_vol_m12_n6_pairwise1,2016-05-31,Ctrl_log_fund_size,1.942897353950996,61,ok,
FAC_rank_vol_m12_n6_pairwise1,2016-05-31,Ctrl_fund_age,1.9678624433447385,61,ok,
FAC_rank_vol_m12_n6_pairwise1,2016-06-30,FAC_rank_vol_m12_n6_pairwise1,1.1596122598094938,64,ok,
FAC_rank_vol_m12_n6_pairwise1,2016-06-30,CtrlRetSTR,1.672644519405928,64,ok,
FAC_rank_vol_m12_n6_pairwise1,2016-06-30,CtrlRetLTM,1.5871671250599588,64,ok,
FAC_rank_vol_m12_n6_pairwise1,2016-06-30,CtrlVol,2.0559498369148326,64,ok,
FAC_rank_vol_m12_n6_pairwise1,2016-06-30,as_偏股混合型基金,1.0461748506709907,64,ok,
FAC_rank_vol_m12_n6_pairwise1,2016-06-30,Ctrl_log_fund_size,1.8067747945135741,64,ok,
FAC_rank_vol_m12_n6_pairwise1,2016-06-30,Ctrl_fund_age,1.8955108118761412,64,ok,
FAC_rank_vol_m12_n6_pairwise1,2016-07-29,FAC_rank_vol_m12_n6_pairwise1,1.1441239496760478,61,ok,
FAC_rank_vol_m12_n6_pairwise1,2016-07-29,CtrlRetSTR,1.594341075815858,61,ok,
FAC_rank_vol_m12_n6_pairwise1,2016-07-29,CtrlRetLTM,1.2070502924862219,61,ok,
FAC_rank_vol_m12_n6_pairwise1,2016-07-29,CtrlVol,1.5876980148827136,61,ok,
FAC_rank_vol_m12_n6_pairwise1,2016-07-29,as_偏股混合型基金,1.0431285751203248,61,ok,
FAC_rank_vol_m12_n6_pairwise1,2016-07-29,Ctrl_log_fund_size,1.7753588339096036,61,ok,
FAC_rank_vol_m12_n6_pairwise1,2016-07-29,Ctrl_fund_age,1.94090777547208,61,ok,
FAC_rank_vol_m12_n6_pairwise1,2016-08-31,FAC_rank_vol_m12_n6_pairwise1,1.1034279322844354,67,ok,
FAC_rank_vol_m12_n6_pairwise1,2016-08-31,CtrlRetSTR,1.0932630039086628,67,ok,
FAC_rank_vol_m12_n6_pairwise1,2016-08-31,CtrlRetLTM,1.1036599903295448,67,ok,
FAC_rank_vol_m12_n6_pairwise1,2016-08-31,CtrlVol,1.0891401073367026,67,ok,
FAC_rank_vol_m12_n6_pairwise1,2016-08-31,as_偏股混合型基金,1.0517723952481952,67,ok,
FAC_rank_vol_m12_n6_pairwise1,2016-08-31,Ctrl_log_fund_size,1.647026259076773,67,ok,
FAC_rank_vol_m12_n6_pairwise1,2016-08-31,Ctrl_fund_age,1.6979946652800235,67,ok,
FAC_rank_vol_m12_n6_pairwise1,2016-09-30,FAC_rank_vol_m12_n6_pairwise1,1.1609601338611213,68,ok,
FAC_rank_vol_m12_n6_pairwise1,2016-09-30,CtrlRetSTR,1.1993130761818258,68,ok,
FAC_rank_vol_m12_n6_pairwise1,2016-09-30,CtrlRetLTM,1.0284686861538435,68,ok,
FAC_rank_vol_m12_n6_pairwise1,2016-09-30,CtrlVol,1.0879635795147113,68,ok,
FAC_rank_vol_m12_n6_pairwise1,2016-09-30,as_偏股混合型基金,1.0514910592523858,68,ok,
FAC_rank_vol_m12_n6_pairwise1,2016-09-30,Ctrl_log_fund_size,1.8729521088363126,68,ok,
FAC_rank_vol_m12_n6_pairwise1,2016-09-30,Ctrl_fund_age,1.8765682859992474,68,ok,
FAC_rank_vol_m12_n6_pairwise1,2016-10-31,FAC_rank_vol_m12_n6_pairwise1,1.0605932117360377,69,ok,
FAC_rank_vol_m12_n6_pairwise1,2016-10-31,CtrlRetSTR,1.135616938906279,69,ok,
FAC_rank_vol_m12_n6_pairwise1,2016-10-31,CtrlRetLTM,1.1855619202461665,69,ok,
FAC_rank_vol_m12_n6_pairwise1,2016-10-31,CtrlVol,1.1559132214296002,69,ok,
FAC_rank_vol_m12_n6_pairwise1,2016-10-31,as_偏股混合型基金,1.1101090947349441,69,ok,
FAC_rank_vol_m12_n6_pairwise1,2016-10-31,Ctrl_log_fund_size,1.7626348132019438,69,ok,
FAC_rank_vol_m12_n6_pairwise1,2016-10-31,Ctrl_fund_age,1.736868948486289,69,ok,
FAC_rank_vol_m12_n6_pairwise1,2016-11-30,FAC_rank_vol_m12_n6_pairwise1,1.1187875795607642,72,ok,
FAC_rank_vol_m12_n6_pairwise1,2016-11-30,CtrlRetSTR,1.1167831345991361,72,ok,
FAC_rank_vol_m12_n6_pairwise1,2016-11-30,CtrlRetLTM,1.411761914334568,72,ok,
FAC_rank_vol_m12_n6_pairwise1,2016-11-30,CtrlVol,1.3867945381587339,72,ok,
FAC_rank_vol_m12_n6_pairwise1,2016-11-30,as_偏股混合型基金,1.0695053741986673,72,ok,
FAC_rank_vol_m12_n6_pairwise1,2016-11-30,Ctrl_log_fund_size,1.7664917390572172,72,ok,
FAC_rank_vol_m12_n6_pairwise1,2016-11-30,Ctrl_fund_age,1.876996242920363,72,ok,
FAC_rank_vol_m12_n6_pairwise1,2016-12-30,FAC_rank_vol_m12_n6_pairwise1,1.1916550300787305,74,ok,
FAC_rank_vol_m12_n6_pairwise1,2016-12-30,CtrlRetSTR,1.3358573647201961,74,ok,
FAC_rank_vol_m12_n6_pairwise1,2016-12-30,CtrlRetLTM,1.7141933973470613,74,ok,
FAC_rank_vol_m12_n6_pairwise1,2016-12-30,CtrlVol,1.5555362831442807,74,ok,
FAC_rank_vol_m12_n6_pairwise1,2016-12-30,as_偏股混合型基金,1.0680738576984323,74,ok,
FAC_rank_vol_m12_n6_pairwise1,2016-12-30,Ctrl_log_fund_size,1.8415929914626503,74,ok,
FAC_rank_vol_m12_n6_pairwise1,2016-12-30,Ctrl_fund_age,1.9678808571343471,74,ok,
FAC_rank_vol_m12_n6_pairwise1,2017-01-26,FAC_rank_vol_m12_n6_pairwise1,1.2782968016097551,76,ok,
FAC_rank_vol_m12_n6_pairwise1,2017-01-26,CtrlRetSTR,1.179998208551435,76,ok,
FAC_rank_vol_m12_n6_pairwise1,2017-01-26,CtrlRetLTM,1.2146684925292532,76,ok,
FAC_rank_vol_m12_n6_pairwise1,2017-01-26,CtrlVol,1.1190154761485114,76,ok,
FAC_rank_vol_m12_n6_pairwise1,2017-01-26,as_偏股混合型基金,1.1774165641472376,76,ok,
FAC_rank_vol_m12_n6_pairwise1,2017-01-26,Ctrl_log_fund_size,2.0341162582744077,76,ok,
FAC_rank_vol_m12_n6_pairwise1,2017-01-26,Ctrl_fund_age,2.278330119385911,76,ok,
FAC_rank_vol_m12_n6_pairwise1,2017-02-28,FAC_rank_vol_m12_n6_pairwise1,1.2511393367887536,78,ok,
FAC_rank_vol_m12_n6_pairwise1,2017-02-28,CtrlRetSTR,1.2566114487098563,78,ok,
FAC_rank_vol_m12_n6_pairwise1,2017-02-28,CtrlRetLTM,1.4235769662120394,78,ok,
FAC_rank_vol_m12_n6_pairwise1,2017-02-28,CtrlVol,1.0186718534016599,78,ok,
FAC_rank_vol_m12_n6_pairwise1,2017-02-28,as_偏股混合型基金,1.2930681932089634,78,ok,
FAC_rank_vol_m12_n6_pairwise1,2017-02-28,Ctrl_log_fund_size,2.0654030298576815,78,ok,
FAC_rank_vol_m12_n6_pairwise1,2017-02-28,Ctrl_fund_age,2.3099990935381407,78,ok,
FAC_rank_vol_m12_n6_pairwise1,2017-03-31,FAC_rank_vol_m12_n6_pairwise1,1.1473622906950645,76,ok,
FAC_rank_vol_m12_n6_pairwise1,2017-03-31,CtrlRetSTR,1.1226085348365535,76,ok,
FAC_rank_vol_m12_n6_pairwise1,2017-03-31,CtrlRetLTM,1.3621478294436644,76,ok,
FAC_rank_vol_m12_n6_pairwise1,2017-03-31,CtrlVol,1.3548735780004022,76,ok,
FAC_rank_vol_m12_n6_pairwise1,2017-03-31,as_偏股混合型基金,1.275644252220117,76,ok,
FAC_rank_vol_m12_n6_pairwise1,2017-03-31,Ctrl_log_fund_size,2.05016998623447,76,ok,
FAC_rank_vol_m12_n6_pairwise1,2017-03-31,Ctrl_fund_age,2.2086672369515843,76,ok,
FAC_rank_vol_m12_n6_pairwise1,2017-04-28,FAC_rank_vol_m12_n6_pairwise1,1.1730875544050003,81,ok,
FAC_rank_vol_m12_n6_pairwise1,2017-04-28,CtrlRetSTR,1.358762349227113,81,ok,
FAC_rank_vol_m12_n6_pairwise1,2017-04-28,CtrlRetLTM,1.186620103445572,81,ok,
FAC_rank_vol_m12_n6_pairwise1,2017-04-28,CtrlVol,1.4128340373028716,81,ok,
FAC_rank_vol_m12_n6_pairwise1,2017-04-28,as_偏股混合型基金,1.2415386340770993,81,ok,
FAC_rank_vol_m12_n6_pairwise1,2017-04-28,Ctrl_log_fund_size,2.1290034658123314,81,ok,
FAC_rank_vol_m12_n6_pairwise1,2017-04-28,Ctrl_fund_age,2.075701079394155,81,ok,
FAC_rank_vol_m12_n6_pairwise1,2017-05-31,FAC_rank_vol_m12_n6_pairwise1,1.1488378924405327,86,ok,
FAC_rank_vol_m12_n6_pairwise1,2017-05-31,CtrlRetSTR,1.273387680547354,86,ok,
FAC_rank_vol_m12_n6_pairwise1,2017-05-31,CtrlRetLTM,1.2457603583216146,86,ok,
FAC_rank_vol_m12_n6_pairwise1,2017-05-31,CtrlVol,1.2704425946941453,86,ok,
FAC_rank_vol_m12_n6_pairwise1,2017-05-31,as_偏股混合型基金,1.2717715939068348,86,ok,
FAC_rank_vol_m12_n6_pairwise1,2017-05-31,Ctrl_log_fund_size,2.2371073497489506,86,ok,
FAC_rank_vol_m12_n6_pairwise1,2017-05-31,Ctrl_fund_age,2.1965610692162345,86,ok,
FAC_rank_vol_m12_n6_pairwise1,2017-06-30,FAC_rank_vol_m12_n6_pairwise1,1.1714772396305735,93,ok,
FAC_rank_vol_m12_n6_pairwise1,2017-06-30,CtrlRetSTR,1.3785287702322961,93,ok,
FAC_rank_vol_m12_n6_pairwise1,2017-06-30,CtrlRetLTM,1.7446020708354828,93,ok,
FAC_rank_vol_m12_n6_pairwise1,2017-06-30,CtrlVol,1.6905978892428446,93,ok,
FAC_rank_vol_m12_n6_pairwise1,2017-06-30,as_偏股混合型基金,1.4389334636427478,93,ok,
FAC_rank_vol_m12_n6_pairwise1,2017-06-30,Ctrl_log_fund_size,2.3640559251819018,93,ok,
FAC_rank_vol_m12_n6_pairwise1,2017-06-30,Ctrl_fund_age,2.3901219384729933,93,ok,
FAC_rank_vol_m12_n6_pairwise1,2017-07-31,FAC_rank_vol_m12_n6_pairwise1,1.2320382460694732,102,ok,
FAC_rank_vol_m12_n6_pairwise1,2017-07-31,CtrlRetSTR,1.2020914117183563,102,ok,
FAC_rank_vol_m12_n6_pairwise1,2017-07-31,CtrlRetLTM,1.0774216545410817,102,ok,
FAC_rank_vol_m12_n6_pairwise1,2017-07-31,CtrlVol,1.2871016373437656,102,ok,
FAC_rank_vol_m12_n6_pairwise1,2017-07-31,as_偏股混合型基金,1.581451396471233,102,ok,
FAC_rank_vol_m12_n6_pairwise1,2017-07-31,Ctrl_log_fund_size,2.7357108066042306,102,ok,
FAC_rank_vol_m12_n6_pairwise1,2017-07-31,Ctrl_fund_age,2.73387493393011,102,ok,
FAC_rank_vol_m12_n6_pairwise1,2017-08-31,FAC_rank_vol_m12_n6_pairwise1,1.1904054916761,114,ok,
FAC_rank_vol_m12_n6_pairwise1,2017-08-31,CtrlRetSTR,1.242976230234691,114,ok,
FAC_rank_vol_m12_n6_pairwise1,2017-08-31,CtrlRetLTM,1.048681438664032,114,ok,
FAC_rank_vol_m12_n6_pairwise1,2017-08-31,CtrlVol,1.4417639361627523,114,ok,
FAC_rank_vol_m12_n6_pairwise1,2017-08-31,as_偏股混合型基金,1.7835743917556033,114,ok,
FAC_rank_vol_m12_n6_pairwise1,2017-08-31,Ctrl_log_fund_size,3.100414608282112,114,ok,
FAC_rank_vol_m12_n6_pairwise1,2017-08-31,Ctrl_fund_age,3.2251532047521483,114,ok,
FAC_rank_vol_m12_n6_pairwise1,2017-09-29,FAC_rank_vol_m12_n6_pairwise1,1.191875063310692,134,ok,
FAC_rank_vol_m12_n6_pairwise1,2017-09-29,CtrlRetSTR,1.0832941412017834,134,ok,
FAC_rank_vol_m12_n6_pairwise1,2017-09-29,CtrlRetLTM,1.037755064163991,134,ok,
FAC_rank_vol_m12_n6_pairwise1,2017-09-29,CtrlVol,1.2820049476365794,134,ok,
FAC_rank_vol_m12_n6_pairwise1,2017-09-29,as_偏股混合型基金,1.746947641544353,134,ok,
FAC_rank_vol_m12_n6_pairwise1,2017-09-29,Ctrl_log_fund_size,3.241404550656257,134,ok,
FAC_rank_vol_m12_n6_pairwise1,2017-09-29,Ctrl_fund_age,3.448235744286881,134,ok,
FAC_rank_vol_m12_n6_pairwise1,2017-10-31,FAC_rank_vol_m12_n6_pairwise1,1.1459449752671,152,ok,
FAC_rank_vol_m12_n6_pairwise1,2017-10-31,CtrlRetSTR,1.2788934199119042,152,ok,
FAC_rank_vol_m12_n6_pairwise1,2017-10-31,CtrlRetLTM,1.3218558323816172,152,ok,
FAC_rank_vol_m12_n6_pairwise1,2017-10-31,CtrlVol,1.1456088521254797,152,ok,
FAC_rank_vol_m12_n6_pairwise1,2017-10-31,as_偏股混合型基金,1.608745726588164,152,ok,
FAC_rank_vol_m12_n6_pairwise1,2017-10-31,Ctrl_log_fund_size,2.683190433639232,152,ok,
FAC_rank_vol_m12_n6_pairwise1,2017-10-31,Ctrl_fund_age,2.9009288220803375,152,ok,
FAC_rank_vol_m12_n6_pairwise1,2017-11-30,FAC_rank_vol_m12_n6_pairwise1,1.1105896141151463,169,ok,
FAC_rank_vol_m12_n6_pairwise1,2017-11-30,CtrlRetSTR,1.236879963688851,169,ok,
FAC_rank_vol_m12_n6_pairwise1,2017-11-30,CtrlRetLTM,1.0859359196292013,169,ok,
FAC_rank_vol_m12_n6_pairwise1,2017-11-30,CtrlVol,1.3431787928477885,169,ok,
FAC_rank_vol_m12_n6_pairwise1,2017-11-30,as_偏股混合型基金,1.5815409099637827,169,ok,
FAC_rank_vol_m12_n6_pairwise1,2017-11-30,Ctrl_log_fund_size,3.0399967689966054,169,ok,
FAC_rank_vol_m12_n6_pairwise1,2017-11-30,Ctrl_fund_age,3.2676741658188018,169,ok,
FAC_rank_vol_m12_n6_pairwise1,2017-12-29,FAC_rank_vol_m12_n6_pairwise1,1.119538613137834,177,ok,
FAC_rank_vol_m12_n6_pairwise1,2017-12-29,CtrlRetSTR,1.3203527554597891,177,ok,
FAC_rank_vol_m12_n6_pairwise1,2017-12-29,CtrlRetLTM,1.305267913285071,177,ok,
FAC_rank_vol_m12_n6_pairwise1,2017-12-29,CtrlVol,1.13423101014726,177,ok,
FAC_rank_vol_m12_n6_pairwise1,2017-12-29,as_偏股混合型基金,1.63346377549727,177,ok,
FAC_rank_vol_m12_n6_pairwise1,2017-12-29,Ctrl_log_fund_size,3.1678197531120955,177,ok,
FAC_rank_vol_m12_n6_pairwise1,2017-12-29,Ctrl_fund_age,3.5070717602397057,177,ok,
FAC_rank_vol_m12_n6_pairwise1,2018-01-31,FAC_rank_vol_m12_n6_pairwise1,1.1295786575978868,181,ok,
FAC_rank_vol_m12_n6_pairwise1,2018-01-31,CtrlRetSTR,1.2381466724516366,181,ok,
FAC_rank_vol_m12_n6_pairwise1,2018-01-31,CtrlRetLTM,1.2083981985765255,181,ok,
FAC_rank_vol_m12_n6_pairwise1,2018-01-31,CtrlVol,1.2541081171852604,181,ok,
FAC_rank_vol_m12_n6_pairwise1,2018-01-31,as_偏股混合型基金,1.656940161245884,181,ok,
FAC_rank_vol_m12_n6_pairwise1,2018-01-31,Ctrl_log_fund_size,3.0602564471264184,181,ok,
FAC_rank_vol_m12_n6_pairwise1,2018-01-31,Ctrl_fund_age,3.314330344925521,181,ok,
FAC_rank_vol_m12_n6_pairwise1,2018-02-28,FAC_rank_vol_m12_n6_pairwise1,1.1370328732085075,189,ok,
FAC_rank_vol_m12_n6_pairwise1,2018-02-28,CtrlRetSTR,1.4101906863903346,189,ok,
FAC_rank_vol_m12_n6_pairwise1,2018-02-28,CtrlRetLTM,1.3136461954786987,189,ok,
FAC_rank_vol_m12_n6_pairwise1,2018-02-28,CtrlVol,1.2663855926204721,189,ok,
FAC_rank_vol_m12_n6_pairwise1,2018-02-28,as_偏股混合型基金,1.671007277963277,189,ok,
FAC_rank_vol_m12_n6_pairwise1,2018-02-28,Ctrl_log_fund_size,2.8589495109115433,189,ok,
FAC_rank_vol_m12_n6_pairwise1,2018-02-28,Ctrl_fund_age,3.1147996488973884,189,ok,
FAC_rank_vol_m12_n6_pairwise1,2018-03-30,FAC_rank_vol_m12_n6_pairwise1,1.1508423541156712,189,ok,
FAC_rank_vol_m12_n6_pairwise1,2018-03-30,CtrlRetSTR,1.3234618130252707,189,ok,
FAC_rank_vol_m12_n6_pairwise1,2018-03-30,CtrlRetLTM,1.4319654491454659,189,ok,
FAC_rank_vol_m12_n6_pairwise1,2018-03-30,CtrlVol,1.1350357540561822,189,ok,
FAC_rank_vol_m12_n6_pairwise1,2018-03-30,as_偏股混合型基金,1.7276328629623556,189,ok,
FAC_rank_vol_m12_n6_pairwise1,2018-03-30,Ctrl_log_fund_size,2.8081716862058053,189,ok,
FAC_rank_vol_m12_n6_pairwise1,2018-03-30,Ctrl_fund_age,3.167121434145069,189,ok,
FAC_rank_vol_m12_n6_pairwise1,2018-04-27,FAC_rank_vol_m12_n6_pairwise1,1.132115358208229,197,ok,
FAC_rank_vol_m12_n6_pairwise1,2018-04-27,CtrlRetSTR,1.1119773231262047,197,ok,
FAC_rank_vol_m12_n6_pairwise1,2018-04-27,CtrlRetLTM,1.1444958435130446,197,ok,
FAC_rank_vol_m12_n6_pairwise1,2018-04-27,CtrlVol,1.2556193041204078,197,ok,
FAC_rank_vol_m12_n6_pairwise1,2018-04-27,as_偏股混合型基金,1.6805091160317722,197,ok,
FAC_rank_vol_m12_n6_pairwise1,2018-04-27,Ctrl_log_fund_size,2.920756803029697,197,ok,
FAC_rank_vol_m12_n6_pairwise1,2018-04-27,Ctrl_fund_age,3.2592643651706488,197,ok,
FAC_rank_vol_m12_n6_pairwise1,2018-05-31,FAC_rank_vol_m12_n6_pairwise1,1.161072817965824,201,ok,
FAC_rank_vol_m12_n6_pairwise1,2018-05-31,CtrlRetSTR,1.2390915892788785,201,ok,
FAC_rank_vol_m12_n6_pairwise1,2018-05-31,CtrlRetLTM,1.2842511064411974,201,ok,
FAC_rank_vol_m12_n6_pairwise1,2018-05-31,CtrlVol,1.1883564705023995,201,ok,
FAC_rank_vol_m12_n6_pairwise1,2018-05-31,as_偏股混合型基金,1.761942190366081,201,ok,
FAC_rank_vol_m12_n6_pairwise1,2018-05-31,Ctrl_log_fund_size,2.9257092177989055,201,ok,
FAC_rank_vol_m12_n6_pairwise1,2018-05-31,Ctrl_fund_age,3.357170298220775,201,ok,
FAC_rank_vol_m12_n6_pairwise1,2018-06-29,FAC_rank_vol_m12_n6_pairwise1,1.1049518899294875,202,ok,
FAC_rank_vol_m12_n6_pairwise1,2018-06-29,CtrlRetSTR,1.1338637329709782,202,ok,
FAC_rank_vol_m12_n6_pairwise1,2018-06-29,CtrlRetLTM,1.211576768721124,202,ok,
FAC_rank_vol_m12_n6_pairwise1,2018-06-29,CtrlVol,1.21725160033212,202,ok,
FAC_rank_vol_m12_n6_pairwise1,2018-06-29,as_偏股混合型基金,1.7215587571525954,202,ok,
FAC_rank_vol_m12_n6_pairwise1,2018-06-29,Ctrl_log_fund_size,2.9972448944078556,202,ok,
FAC_rank_vol_m12_n6_pairwise1,2018-06-29,Ctrl_fund_age,3.358038459126046,202,ok,
FAC_rank_vol_m12_n6_pairwise1,2018-07-31,FAC_rank_vol_m12_n6_pairwise1,1.1157114017931253,204,ok,
FAC_rank_vol_m12_n6_pairwise1,2018-07-31,CtrlRetSTR,1.3213052429516643,204,ok,
FAC_rank_vol_m12_n6_pairwise1,2018-07-31,CtrlRetLTM,1.2382795232269903,204,ok,
FAC_rank_vol_m12_n6_pairwise1,2018-07-31,CtrlVol,1.297220556189384,204,ok,
FAC_rank_vol_m12_n6_pairwise1,2018-07-31,as_偏股混合型基金,1.7194975767895304,204,ok,
FAC_rank_vol_m12_n6_pairwise1,2018-07-31,Ctrl_log_fund_size,2.915378664926129,204,ok,
FAC_rank_vol_m12_n6_pairwise1,2018-07-31,Ctrl_fund_age,3.333359433530126,204,ok,
FAC_rank_vol_m12_n6_pairwise1,2018-08-31,FAC_rank_vol_m12_n6_pairwise1,1.1315986296657152,217,ok,
FAC_rank_vol_m12_n6_pairwise1,2018-08-31,CtrlRetSTR,1.5362907077618841,217,ok,
FAC_rank_vol_m12_n6_pairwise1,2018-08-31,CtrlRetLTM,1.1404932561315728,217,ok,
FAC_rank_vol_m12_n6_pairwise1,2018-08-31,CtrlVol,1.563902859471645,217,ok,
FAC_rank_vol_m12_n6_pairwise1,2018-08-31,as_偏股混合型基金,1.7594394577248929,217,ok,
FAC_rank_vol_m12_n6_pairwise1,2018-08-31,Ctrl_log_fund_size,2.5807595130637466,217,ok,
FAC_rank_vol_m12_n6_pairwise1,2018-08-31,Ctrl_fund_age,3.079331843528326,217,ok,
FAC_rank_vol_m12_n6_pairwise1,2018-09-28,FAC_rank_vol_m12_n6_pairwise1,1.1011655667200015,216,ok,
FAC_rank_vol_m12_n6_pairwise1,2018-09-28,CtrlRetSTR,1.3308444998325994,216,ok,
FAC_rank_vol_m12_n6_pairwise1,2018-09-28,CtrlRetLTM,1.4954399772256985,216,ok,
FAC_rank_vol_m12_n6_pairwise1,2018-09-28,CtrlVol,1.0424532291550614,216,ok,
FAC_rank_vol_m12_n6_pairwise1,2018-09-28,as_偏股混合型基金,1.6681387745082885,216,ok,
FAC_rank_vol_m12_n6_pairwise1,2018-09-28,Ctrl_log_fund_size,2.680785044813532,216,ok,
FAC_rank_vol_m12_n6_pairwise1,2018-09-28,Ctrl_fund_age,3.1261710462818786,216,ok,
FAC_rank_vol_m12_n6_pairwise1,2018-10-31,FAC_rank_vol_m12_n6_pairwise1,1.232258799043169,214,ok,
FAC_rank_vol_m12_n6_pairwise1,2018-10-31,CtrlRetSTR,1.6183430371473413,214,ok,
FAC_rank_vol_m12_n6_pairwise1,2018-10-31,CtrlRetLTM,1.173074912623318,214,ok,
FAC_rank_vol_m12_n6_pairwise1,2018-10-31,CtrlVol,1.643750493158477,214,ok,
FAC_rank_vol_m12_n6_pairwise1,2018-10-31,as_偏股混合型基金,1.6515519883970193,214,ok,
FAC_rank_vol_m12_n6_pairwise1,2018-10-31,Ctrl_log_fund_size,2.5108659168055087,214,ok,
FAC_rank_vol_m12_n6_pairwise1,2018-10-31,Ctrl_fund_age,2.9257858337097513,214,ok,
FAC_rank_vol_m12_n6_pairwise1,2018-11-30,FAC_rank_vol_m12_n6_pairwise1,1.1269427850982456,217,ok,
FAC_rank_vol_m12_n6_pairwise1,2018-11-30,CtrlRetSTR,1.1135531443069857,217,ok,
FAC_rank_vol_m12_n6_pairwise1,2018-11-30,CtrlRetLTM,1.22753143118841,217,ok,
FAC_rank_vol_m12_n6_pairwise1,2018-11-30,CtrlVol,1.2590303700969696,217,ok,
FAC_rank_vol_m12_n6_pairwise1,2018-11-30,as_偏股混合型基金,1.5879222260884476,217,ok,
FAC_rank_vol_m12_n6_pairwise1,2018-11-30,Ctrl_log_fund_size,2.4786456377428325,217,ok,
FAC_rank_vol_m12_n6_pairwise1,2018-11-30,Ctrl_fund_age,2.912020003504769,217,ok,
FAC_rank_vol_m12_n6_pairwise1,2018-12-28,FAC_rank_vol_m12_n6_pairwise1,1.1885165530767061,216,ok,
FAC_rank_vol_m12_n6_pairwise1,2018-12-28,CtrlRetSTR,1.1111476224971293,216,ok,
FAC_rank_vol_m12_n6_pairwise1,2018-12-28,CtrlRetLTM,1.3251893414242042,216,ok,
FAC_rank_vol_m12_n6_pairwise1,2018-12-28,CtrlVol,1.3363388668908025,216,ok,
FAC_rank_vol_m12_n6_pairwise1,2018-12-28,as_偏股混合型基金,1.5803154777865325,216,ok,
FAC_rank_vol_m12_n6_pairwise1,2018-12-28,Ctrl_log_fund_size,2.402596070826691,216,ok,
FAC_rank_vol_m12_n6_pairwise1,2018-12-28,Ctrl_fund_age,2.8130461998146457,216,ok,
FAC_rank_vol_m12_n6_pairwise1,2019-01-31,FAC_rank_vol_m12_n6_pairwise1,1.2416086892504146,208,ok,
FAC_rank_vol_m12_n6_pairwise1,2019-01-31,CtrlRetSTR,1.2331797718748083,208,ok,
FAC_rank_vol_m12_n6_pairwise1,2019-01-31,CtrlRetLTM,1.2771445742907785,208,ok,
FAC_rank_vol_m12_n6_pairwise1,2019-01-31,CtrlVol,1.4300377076080513,208,ok,
FAC_rank_vol_m12_n6_pairwise1,2019-01-31,as_偏股混合型基金,1.5709053666851758,208,ok,
FAC_rank_vol_m12_n6_pairwise1,2019-01-31,Ctrl_log_fund_size,2.384401885788777,208,ok,
FAC_rank_vol_m12_n6_pairwise1,2019-01-31,Ctrl_fund_age,2.7483937867346953,208,ok,
FAC_rank_vol_m12_n6_pairwise1,2019-02-28,FAC_rank_vol_m12_n6_pairwise1,1.2616959232948737,215,ok,
FAC_rank_vol_m12_n6_pairwise1,2019-02-28,CtrlRetSTR,1.2695709947187634,215,ok,
FAC_rank_vol_m12_n6_pairwise1,2019-02-28,CtrlRetLTM,1.386667522320002,215,ok,
FAC_rank_vol_m12_n6_pairwise1,2019-02-28,CtrlVol,1.357360358730831,215,ok,
FAC_rank_vol_m12_n6_pairwise1,2019-02-28,as_偏股混合型基金,1.5135603815672798,215,ok,
FAC_rank_vol_m12_n6_pairwise1,2019-02-28,Ctrl_log_fund_size,2.3507653201180196,215,ok,
FAC_rank_vol_m12_n6_pairwise1,2019-02-28,Ctrl_fund_age,2.640983232004968,215,ok,
FAC_rank_vol_m12_n6_pairwise1,2019-03-29,FAC_rank_vol_m12_n6_pairwise1,1.1097233236136663,213,ok,
FAC_rank_vol_m12_n6_pairwise1,2019-03-29,CtrlRetSTR,1.3384874518910057,213,ok,
FAC_rank_vol_m12_n6_pairwise1,2019-03-29,CtrlRetLTM,1.2257893314502142,213,ok,
FAC_rank_vol_m12_n6_pairwise1,2019-03-29,CtrlVol,1.5166636713269996,213,ok,
FAC_rank_vol_m12_n6_pairwise1,2019-03-29,as_偏股混合型基金,1.5232566701829942,213,ok,
FAC_rank_vol_m12_n6_pairwise1,2019-03-29,Ctrl_log_fund_size,2.3460038404908032,213,ok,
FAC_rank_vol_m12_n6_pairwise1,2019-03-29,Ctrl_fund_age,2.62412839748853,213,ok,
FAC_rank_vol_m12_n6_pairwise1,2019-04-30,FAC_rank_vol_m12_n6_pairwise1,1.100444438949784,210,ok,
FAC_rank_vol_m12_n6_pairwise1,2019-04-30,CtrlRetSTR,1.1488513085761942,210,ok,
FAC_rank_vol_m12_n6_pairwise1,2019-04-30,CtrlRetLTM,1.1103155117355492,210,ok,
FAC_rank_vol_m12_n6_pairwise1,2019-04-30,CtrlVol,1.0285590172204708,210,ok,
FAC_rank_vol_m12_n6_pairwise1,2019-04-30,as_偏股混合型基金,1.5322075331680018,210,ok,
FAC_rank_vol_m12_n6_pairwise1,2019-04-30,Ctrl_log_fund_size,2.4095060619888504,210,ok,
FAC_rank_vol_m12_n6_pairwise1,2019-04-30,Ctrl_fund_age,2.6335108212094367,210,ok,
FAC_rank_vol_m12_n6_pairwise1,2019-05-31,FAC_rank_vol_m12_n6_pairwise1,1.1344922563542486,215,ok,
FAC_rank_vol_m12_n6_pairwise1,2019-05-31,CtrlRetSTR,1.153098353759615,215,ok,
FAC_rank_vol_m12_n6_pairwise1,2019-05-31,CtrlRetLTM,1.0542294693178453,215,ok,
FAC_rank_vol_m12_n6_pairwise1,2019-05-31,CtrlVol,1.0928278630727386,215,ok,
FAC_rank_vol_m12_n6_pairwise1,2019-05-31,as_偏股混合型基金,1.5852774508276377,215,ok,
FAC_rank_vol_m12_n6_pairwise1,2019-05-31,Ctrl_log_fund_size,2.2853079148454687,215,ok,
FAC_rank_vol_m12_n6_pairwise1,2019-05-31,Ctrl_fund_age,2.63480995473545,215,ok,
FAC_rank_vol_m12_n6_pairwise1,2019-06-28,FAC_rank_vol_m12_n6_pairwise1,1.0323850316490677,219,ok,
FAC_rank_vol_m12_n6_pairwise1,2019-06-28,CtrlRetSTR,1.1014462407864458,219,ok,
FAC_rank_vol_m12_n6_pairwise1,2019-06-28,CtrlRetLTM,1.0621895505623018,219,ok,
FAC_rank_vol_m12_n6_pairwise1,2019-06-28,CtrlVol,1.0278551833231082,219,ok,
FAC_rank_vol_m12_n6_pairwise1,2019-06-28,as_偏股混合型基金,1.6024676711011399,219,ok,
FAC_rank_vol_m12_n6_pairwise1,2019-06-28,Ctrl_log_fund_size,2.3989946346839823,219,ok,
FAC_rank_vol_m12_n6_pairwise1,2019-06-28,Ctrl_fund_age,2.6917271960376095,219,ok,
FAC_rank_vol_m12_n6_pairwise1,2019-07-31,FAC_rank_vol_m12_n6_pairwise1,1.051223284922301,217,ok,
FAC_rank_vol_m12_n6_pairwise1,2019-07-31,CtrlRetSTR,1.0887861161339107,217,ok,
FAC_rank_vol_m12_n6_pairwise1,2019-07-31,CtrlRetLTM,1.1000518981147505,217,ok,
FAC_rank_vol_m12_n6_pairwise1,2019-07-31,CtrlVol,1.0602243657798645,217,ok,
FAC_rank_vol_m12_n6_pairwise1,2019-07-31,as_偏股混合型基金,1.628159369072578,217,ok,
FAC_rank_vol_m12_n6_pairwise1,2019-07-31,Ctrl_log_fund_size,2.2477291199710803,217,ok,
FAC_rank_vol_m12_n6_pairwise1,2019-07-31,Ctrl_fund_age,2.6144330296403724,217,ok,
FAC_rank_vol_m12_n6_pairwise1,2019-08-30,FAC_rank_vol_m12_n6_pairwise1,1.0144780601946117,219,ok,
FAC_rank_vol_m12_n6_pairwise1,2019-08-30,CtrlRetSTR,1.2183158386447943,219,ok,
FAC_rank_vol_m12_n6_pairwise1,2019-08-30,CtrlRetLTM,1.1610301313556042,219,ok,
FAC_rank_vol_m12_n6_pairwise1,2019-08-30,CtrlVol,1.278634390131346,219,ok,
FAC_rank_vol_m12_n6_pairwise1,2019-08-30,as_偏股混合型基金,1.7167074859155835,219,ok,
FAC_rank_vol_m12_n6_pairwise1,2019-08-30,Ctrl_log_fund_size,2.2804666503099957,219,ok,
FAC_rank_vol_m12_n6_pairwise1,2019-08-30,Ctrl_fund_age,2.696897331655716,219,ok,
FAC_rank_vol_m12_n6_pairwise1,2019-09-30,FAC_rank_vol_m12_n6_pairwise1,1.043538765361491,220,ok,
FAC_rank_vol_m12_n6_pairwise1,2019-09-30,CtrlRetSTR,1.0956371065417196,220,ok,
FAC_rank_vol_m12_n6_pairwise1,2019-09-30,CtrlRetLTM,1.374972478087494,220,ok,
FAC_rank_vol_m12_n6_pairwise1,2019-09-30,CtrlVol,1.3741311200815294,220,ok,
FAC_rank_vol_m12_n6_pairwise1,2019-09-30,as_偏股混合型基金,1.7041098256270428,220,ok,
FAC_rank_vol_m12_n6_pairwise1,2019-09-30,Ctrl_log_fund_size,2.243983211057676,220,ok,
FAC_rank_vol_m12_n6_pairwise1,2019-09-30,Ctrl_fund_age,2.6872521674646475,220,ok,
FAC_rank_vol_m12_n6_pairwise1,2019-10-31,FAC_rank_vol_m12_n6_pairwise1,1.0330673252712763,226,ok,
FAC_rank_vol_m12_n6_pairwise1,2019-10-31,CtrlRetSTR,1.0960126574724476,226,ok,
FAC_rank_vol_m12_n6_pairwise1,2019-10-31,CtrlRetLTM,1.9173689946505719,226,ok,
FAC_rank_vol_m12_n6_pairwise1,2019-10-31,CtrlVol,1.8470283803779302,226,ok,
FAC_rank_vol_m12_n6_pairwise1,2019-10-31,as_偏股混合型基金,1.6837088311962163,226,ok,
FAC_rank_vol_m12_n6_pairwise1,2019-10-31,Ctrl_log_fund_size,2.3586147494060583,226,ok,
FAC_rank_vol_m12_n6_pairwise1,2019-10-31,Ctrl_fund_age,2.7160336398184666,226,ok,
FAC_rank_vol_m12_n6_pairwise1,2019-11-29,FAC_rank_vol_m12_n6_pairwise1,1.0874398598931119,233,ok,
FAC_rank_vol_m12_n6_pairwise1,2019-11-29,CtrlRetSTR,1.1440911247261414,233,ok,
FAC_rank_vol_m12_n6_pairwise1,2019-11-29,CtrlRetLTM,1.543176802111432,233,ok,
FAC_rank_vol_m12_n6_pairwise1,2019-11-29,CtrlVol,1.4141765747465653,233,ok,
FAC_rank_vol_m12_n6_pairwise1,2019-11-29,as_偏股混合型基金,1.6914948090721893,233,ok,
FAC_rank_vol_m12_n6_pairwise1,2019-11-29,Ctrl_log_fund_size,2.5481554755114044,233,ok,
FAC_rank_vol_m12_n6_pairwise1,2019-11-29,Ctrl_fund_age,2.902379017991171,233,ok,
FAC_rank_vol_m12_n6_pairwise1,2019-12-31,FAC_rank_vol_m12_n6_pairwise1,1.1588650266048264,239,ok,
FAC_rank_vol_m12_n6_pairwise1,2019-12-31,CtrlRetSTR,1.1162746081961468,239,ok,
FAC_rank_vol_m12_n6_pairwise1,2019-12-31,CtrlRetLTM,1.9226568687743453,239,ok,
FAC_rank_vol_m12_n6_pairwise1,2019-12-31,CtrlVol,1.8803879988067258,239,ok,
FAC_rank_vol_m12_n6_pairwise1,2019-12-31,as_偏股混合型基金,1.631298104639679,239,ok,
FAC_rank_vol_m12_n6_pairwise1,2019-12-31,Ctrl_log_fund_size,2.5557916782974925,239,ok,
FAC_rank_vol_m12_n6_pairwise1,2019-12-31,Ctrl_fund_age,2.8459478115909103,239,ok,
FAC_rank_vol_m12_n6_pairwise1,2020-01-23,FAC_rank_vol_m12_n6_pairwise1,1.2410421653399064,241,ok,
FAC_rank_vol_m12_n6_pairwise1,2020-01-23,CtrlRetSTR,1.4773019491284427,241,ok,
FAC_rank_vol_m12_n6_pairwise1,2020-01-23,CtrlRetLTM,1.9721212916023134,241,ok,
FAC_rank_vol_m12_n6_pairwise1,2020-01-23,CtrlVol,2.034499271303354,241,ok,
FAC_rank_vol_m12_n6_pairwise1,2020-01-23,as_偏股混合型基金,1.6581637666720843,241,ok,
FAC_rank_vol_m12_n6_pairwise1,2020-01-23,Ctrl_log_fund_size,2.5796817372153145,241,ok,
FAC_rank_vol_m12_n6_pairwise1,2020-01-23,Ctrl_fund_age,2.896765727350149,241,ok,
FAC_rank_vol_m12_n6_pairwise1,2020-02-28,FAC_rank_vol_m12_n6_pairwise1,1.233809825311822,242,ok,
FAC_rank_vol_m12_n6_pairwise1,2020-02-28,CtrlRetSTR,1.3921617724781856,242,ok,
FAC_rank_vol_m12_n6_pairwise1,2020-02-28,CtrlRetLTM,1.8729267053260499,242,ok,
FAC_rank_vol_m12_n6_pairwise1,2020-02-28,CtrlVol,1.6519605096558327,242,ok,
FAC_rank_vol_m12_n6_pairwise1,2020-02-28,as_偏股混合型基金,1.644383567358497,242,ok,
FAC_rank_vol_m12_n6_pairwise1,2020-02-28,Ctrl_log_fund_size,2.5933292734205318,242,ok,
FAC_rank_vol_m12_n6_pairwise1,2020-02-28,Ctrl_fund_age,2.9077378943064023,242,ok,
FAC_rank_vol_m12_n6_pairwise1,2020-03-31,FAC_rank_vol_m12_n6_pairwise1,1.325723942054512,250,ok,
FAC_rank_vol_m12_n6_pairwise1,2020-03-31,CtrlRetSTR,1.272813372250762,250,ok,
FAC_rank_vol_m12_n6_pairwise1,2020-03-31,CtrlRetLTM,1.6954210928208016,250,ok,
FAC_rank_vol_m12_n6_pairwise1,2020-03-31,CtrlVol,1.692280413313788,250,ok,
FAC_rank_vol_m12_n6_pairwise1,2020-03-31,as_偏股混合型基金,1.6803675103247007,250,ok,
FAC_rank_vol_m12_n6_pairwise1,2020-03-31,Ctrl_log_fund_size,2.4729756871144493,250,ok,
FAC_rank_vol_m12_n6_pairwise1,2020-03-31,Ctrl_fund_age,2.7958853999608992,250,ok,
FAC_rank_vol_m12_n6_pairwise1,2020-04-30,FAC_rank_vol_m12_n6_pairwise1,1.1183605190512538,253,ok,
FAC_rank_vol_m12_n6_pairwise1,2020-04-30,CtrlRetSTR,1.3453649370342793,253,ok,
FAC_rank_vol_m12_n6_pairwise1,2020-04-30,CtrlRetLTM,1.4530864262962677,253,ok,
FAC_rank_vol_m12_n6_pairwise1,2020-04-30,CtrlVol,1.6321200010045036,253,ok,
FAC_rank_vol_m12_n6_pairwise1,2020-04-30,as_偏股混合型基金,1.6340276589514582,253,ok,
FAC_rank_vol_m12_n6_pairwise1,2020-04-30,Ctrl_log_fund_size,2.4891613620279287,253,ok,
FAC_rank_vol_m12_n6_pairwise1,2020-04-30,Ctrl_fund_age,2.7924908000934097,253,ok,
FAC_rank_vol_m12_n6_pairwise1,2020-05-29,FAC_rank_vol_m12_n6_pairwise1,1.2914914970617846,253,ok,
FAC_rank_vol_m12_n6_pairwise1,2020-05-29,CtrlRetSTR,1.344635670392822,253,ok,
FAC_rank_vol_m12_n6_pairwise1,2020-05-29,CtrlRetLTM,1.8339716319769144,253,ok,
FAC_rank_vol_m12_n6_pairwise1,2020-05-29,CtrlVol,1.9804727170444072,253,ok,
FAC_rank_vol_m12_n6_pairwise1,2020-05-29,as_偏股混合型基金,1.6073826089397307,253,ok,
FAC_rank_vol_m12_n6_pairwise1,2020-05-29,Ctrl_log_fund_size,2.5334029583338262,253,ok,
FAC_rank_vol_m12_n6_pairwise1,2020-05-29,Ctrl_fund_age,2.81298775918858,253,ok,
FAC_rank_vol_m12_n6_pairwise1,2020-06-30,FAC_rank_vol_m12_n6_pairwise1,1.0924283371576164,257,ok,
FAC_rank_vol_m12_n6_pairwise1,2020-06-30,CtrlRetSTR,1.417869819924362,257,ok,
FAC_rank_vol_m12_n6_pairwise1,2020-06-30,CtrlRetLTM,1.6386236592752348,257,ok,
FAC_rank_vol_m12_n6_pairwise1,2020-06-30,CtrlVol,1.5234933019743293,257,ok,
FAC_rank_vol_m12_n6_pairwise1,2020-06-30,as_偏股混合型基金,1.4990413538397238,257,ok,
FAC_rank_vol_m12_n6_pairwise1,2020-06-30,Ctrl_log_fund_size,2.5690124540822756,257,ok,
FAC_rank_vol_m12_n6_pairwise1,2020-06-30,Ctrl_fund_age,2.750620112332162,257,ok,
FAC_rank_vol_m12_n6_pairwise1,2020-07-31,FAC_rank_vol_m12_n6_pairwise1,1.0939362643659203,260,ok,
FAC_rank_vol_m12_n6_pairwise1,2020-07-31,CtrlRetSTR,1.0456112992123805,260,ok,
FAC_rank_vol_m12_n6_pairwise1,2020-07-31,CtrlRetLTM,1.6842425934445946,260,ok,
FAC_rank_vol_m12_n6_pairwise1,2020-07-31,CtrlVol,1.6099123374045685,260,ok,
FAC_rank_vol_m12_n6_pairwise1,2020-07-31,as_偏股混合型基金,1.5116588173790386,260,ok,
FAC_rank_vol_m12_n6_pairwise1,2020-07-31,Ctrl_log_fund_size,2.668901395439657,260,ok,
FAC_rank_vol_m12_n6_pairwise1,2020-07-31,Ctrl_fund_age,2.810352746429535,260,ok,
FAC_rank_vol_m12_n6_pairwise1,2020-08-31,FAC_rank_vol_m12_n6_pairwise1,1.190463120922182,274,ok,
FAC_rank_vol_m12_n6_pairwise1,2020-08-31,CtrlRetSTR,1.28998453447924,274,ok,
FAC_rank_vol_m12_n6_pairwise1,2020-08-31,CtrlRetLTM,1.5075898502769791,274,ok,
FAC_rank_vol_m12_n6_pairwise1,2020-08-31,CtrlVol,1.5335266653813706,274,ok,
FAC_rank_vol_m12_n6_pairwise1,2020-08-31,as_偏股混合型基金,1.4740319769057384,274,ok,
FAC_rank_vol_m12_n6_pairwise1,2020-08-31,Ctrl_log_fund_size,2.8657739765236583,274,ok,
FAC_rank_vol_m12_n6_pairwise1,2020-08-31,Ctrl_fund_age,3.0216085449528416,274,ok,
FAC_rank_vol_m12_n6_pairwise1,2020-09-30,FAC_rank_vol_m12_n6_pairwise1,1.2138104971524049,285,ok,
FAC_rank_vol_m12_n6_pairwise1,2020-09-30,CtrlRetSTR,1.1553628810122956,285,ok,
FAC_rank_vol_m12_n6_pairwise1,2020-09-30,CtrlRetLTM,1.367146014655293,285,ok,
FAC_rank_vol_m12_n6_pairwise1,2020-09-30,CtrlVol,1.4750224155866811,285,ok,
FAC_rank_vol_m12_n6_pairwise1,2020-09-30,as_偏股混合型基金,1.4480264513806347,285,ok,
FAC_rank_vol_m12_n6_pairwise1,2020-09-30,Ctrl_log_fund_size,2.806571629440164,285,ok,
FAC_rank_vol_m12_n6_pairwise1,2020-09-30,Ctrl_fund_age,2.921613118460149,285,ok,
FAC_rank_vol_m12_n6_pairwise1,2020-10-30,FAC_rank_vol_m12_n6_pairwise1,1.2104629565092964,286,ok,
FAC_rank_vol_m12_n6_pairwise1,2020-10-30,CtrlRetSTR,1.069249311418611,286,ok,
FAC_rank_vol_m12_n6_pairwise1,2020-10-30,CtrlRetLTM,1.4627260859596118,286,ok,
FAC_rank_vol_m12_n6_pairwise1,2020-10-30,CtrlVol,1.5829711659618722,286,ok,
FAC_rank_vol_m12_n6_pairwise1,2020-10-30,as_偏股混合型基金,1.4511491198577926,286,ok,
FAC_rank_vol_m12_n6_pairwise1,2020-10-30,Ctrl_log_fund_size,2.799215218909997,286,ok,
FAC_rank_vol_m12_n6_pairwise1,2020-10-30,Ctrl_fund_age,2.8536353398341032,286,ok,
FAC_rank_vol_m12_n6_pairwise1,2020-11-30,FAC_rank_vol_m12_n6_pairwise1,1.2038000883299438,294,ok,
FAC_rank_vol_m12_n6_pairwise1,2020-11-30,CtrlRetSTR,1.1405549244602056,294,ok,
FAC_rank_vol_m12_n6_pairwise1,2020-11-30,CtrlRetLTM,1.3879801276658774,294,ok,
FAC_rank_vol_m12_n6_pairwise1,2020-11-30,CtrlVol,1.3628265025793243,294,ok,
FAC_rank_vol_m12_n6_pairwise1,2020-11-30,as_偏股混合型基金,1.4288267796189034,294,ok,
FAC_rank_vol_m12_n6_pairwise1,2020-11-30,Ctrl_log_fund_size,2.746870643825401,294,ok,
FAC_rank_vol_m12_n6_pairwise1,2020-11-30,Ctrl_fund_age,2.7965339459032994,294,ok,
FAC_rank_vol_m12_n6_pairwise1,2020-12-31,FAC_rank_vol_m12_n6_pairwise1,1.2072254070530952,307,ok,
FAC_rank_vol_m12_n6_pairwise1,2020-12-31,CtrlRetSTR,1.295969112041042,307,ok,
FAC_rank_vol_m12_n6_pairwise1,2020-12-31,CtrlRetLTM,1.3063897335053847,307,ok,
FAC_rank_vol_m12_n6_pairwise1,2020-12-31,CtrlVol,1.397147215517021,307,ok,
FAC_rank_vol_m12_n6_pairwise1,2020-12-31,as_偏股混合型基金,1.3923760786127823,307,ok,
FAC_rank_vol_m12_n6_pairwise1,2020-12-31,Ctrl_log_fund_size,2.748185312031267,307,ok,
FAC_rank_vol_m12_n6_pairwise1,2020-12-31,Ctrl_fund_age,2.7278623552810988,307,ok,
FAC_rank_vol_m12_n6_pairwise1,2021-01-29,FAC_rank_vol_m12_n6_pairwise1,1.22387971880061,307,ok,
FAC_rank_vol_m12_n6_pairwise1,2021-01-29,CtrlRetSTR,1.0663696015414532,307,ok,
FAC_rank_vol_m12_n6_pairwise1,2021-01-29,CtrlRetLTM,1.2387532490806141,307,ok,
FAC_rank_vol_m12_n6_pairwise1,2021-01-29,CtrlVol,1.3279479614397518,307,ok,
FAC_rank_vol_m12_n6_pairwise1,2021-01-29,as_偏股混合型基金,1.4151824809726414,307,ok,
FAC_rank_vol_m12_n6_pairwise1,2021-01-29,Ctrl_log_fund_size,2.591679008951136,307,ok,
FAC_rank_vol_m12_n6_pairwise1,2021-01-29,Ctrl_fund_age,2.5889371028463284,307,ok,
FAC_rank_vol_m12_n6_pairwise1,2021-02-26,FAC_rank_vol_m12_n6_pairwise1,1.1423635643641308,322,ok,
FAC_rank_vol_m12_n6_pairwise1,2021-02-26,CtrlRetSTR,1.455884288657829,322,ok,
FAC_rank_vol_m12_n6_pairwise1,2021-02-26,CtrlRetLTM,1.1492920599728371,322,ok,
FAC_rank_vol_m12_n6_pairwise1,2021-02-26,CtrlVol,1.5596294997777598,322,ok,
FAC_rank_vol_m12_n6_pairwise1,2021-02-26,as_偏股混合型基金,1.3947730265410074,322,ok,
FAC_rank_vol_m12_n6_pairwise1,2021-02-26,Ctrl_log_fund_size,2.6220765220746753,322,ok,
FAC_rank_vol_m12_n6_pairwise1,2021-02-26,Ctrl_fund_age,2.6110481287668565,322,ok,
FAC_rank_vol_m12_n6_pairwise1,2021-03-31,FAC_rank_vol_m12_n6_pairwise1,1.1265913506669172,321,ok,
FAC_rank_vol_m12_n6_pairwise1,2021-03-31,CtrlRetSTR,1.203381076843538,321,ok,
FAC_rank_vol_m12_n6_pairwise1,2021-03-31,CtrlRetLTM,1.1825492923804382,321,ok,
FAC_rank_vol_m12_n6_pairwise1,2021-03-31,CtrlVol,1.3709156995992042,321,ok,
FAC_rank_vol_m12_n6_pairwise1,2021-03-31,as_偏股混合型基金,1.394425784136864,321,ok,
FAC_rank_vol_m12_n6_pairwise1,2021-03-31,Ctrl_log_fund_size,2.5320527128126105,321,ok,
FAC_rank_vol_m12_n6_pairwise1,2021-03-31,Ctrl_fund_age,2.597787127172578,321,ok,
FAC_rank_vol_m12_n6_pairwise1,2021-04-30,FAC_rank_vol_m12_n6_pairwise1,1.141366363081579,328,ok,
FAC_rank_vol_m12_n6_pairwise1,2021-04-30,CtrlRetSTR,1.657880103512372,328,ok,
FAC_rank_vol_m12_n6_pairwise1,2021-04-30,CtrlRetLTM,1.1018659286820602,328,ok,
FAC_rank_vol_m12_n6_pairwise1,2021-04-30,CtrlVol,1.8137271421675216,328,ok,
FAC_rank_vol_m12_n6_pairwise1,2021-04-30,as_偏股混合型基金,1.3639361892609658,328,ok,
FAC_rank_vol_m12_n6_pairwise1,2021-04-30,Ctrl_log_fund_size,2.5209657720736307,328,ok,
FAC_rank_vol_m12_n6_pairwise1,2021-04-30,Ctrl_fund_age,2.5498947005446992,328,ok,
FAC_rank_vol_m12_n6_pairwise1,2021-05-31,FAC_rank_vol_m12_n6_pairwise1,1.2088966408638822,334,ok,
FAC_rank_vol_m12_n6_pairwise1,2021-05-31,CtrlRetSTR,1.249943233656238,334,ok,
FAC_rank_vol_m12_n6_pairwise1,2021-05-31,CtrlRetLTM,1.1763218265261326,334,ok,
FAC_rank_vol_m12_n6_pairwise1,2021-05-31,CtrlVol,1.571222653159293,334,ok,
FAC_rank_vol_m12_n6_pairwise1,2021-05-31,as_偏股混合型基金,1.3488764478751454,334,ok,
FAC_rank_vol_m12_n6_pairwise1,2021-05-31,Ctrl_log_fund_size,2.4293210911946406,334,ok,
FAC_rank_vol_m12_n6_pairwise1,2021-05-31,Ctrl_fund_age,2.5169537475770456,334,ok,
FAC_rank_vol_m12_n6_pairwise1,2021-06-30,FAC_rank_vol_m12_n6_pairwise1,1.1097417170659802,342,ok,
FAC_rank_vol_m12_n6_pairwise1,2021-06-30,CtrlRetSTR,1.2248148641313306,342,ok,
FAC_rank_vol_m12_n6_pairwise1,2021-06-30,CtrlRetLTM,1.1540196507616067,342,ok,
FAC_rank_vol_m12_n6_pairwise1,2021-06-30,CtrlVol,1.3329109976638052,342,ok,
FAC_rank_vol_m12_n6_pairwise1,2021-06-30,as_偏股混合型基金,1.356887729596079,342,ok,
FAC_rank_vol_m12_n6_pairwise1,2021-06-30,Ctrl_log_fund_size,2.375547105176577,342,ok,
FAC_rank_vol_m12_n6_pairwise1,2021-06-30,Ctrl_fund_age,2.4721074174396325,342,ok,
FAC_rank_vol_m12_n6_pairwise1,2021-07-30,FAC_rank_vol_m12_n6_pairwise1,1.1730450239031922,349,ok,
FAC_rank_vol_m12_n6_pairwise1,2021-07-30,CtrlRetSTR,1.0230761387329963,349,ok,
FAC_rank_vol_m12_n6_pairwise1,2021-07-30,CtrlRetLTM,1.226210570956413,349,ok,
FAC_rank_vol_m12_n6_pairwise1,2021-07-30,CtrlVol,1.36712694051232,349,ok,
FAC_rank_vol_m12_n6_pairwise1,2021-07-30,as_偏股混合型基金,1.3334707431582997,349,ok,
FAC_rank_vol_m12_n6_pairwise1,2021-07-30,Ctrl_log_fund_size,2.3959198053022424,349,ok,
FAC_rank_vol_m12_n6_pairwise1,2021-07-30,Ctrl_fund_age,2.5127427609021247,349,ok,
FAC_rank_vol_m12_n6_pairwise1,2021-08-31,FAC_rank_vol_m12_n6_pairwise1,1.1889571496465308,370,ok,
FAC_rank_vol_m12_n6_pairwise1,2021-08-31,CtrlRetSTR,1.2915881684526291,370,ok,
FAC_rank_vol_m12_n6_pairwise1,2021-08-31,CtrlRetLTM,1.5614555810878608,370,ok,
FAC_rank_vol_m12_n6_pairwise1,2021-08-31,CtrlVol,1.5768354589585116,370,ok,
FAC_rank_vol_m12_n6_pairwise1,2021-08-31,as_偏股混合型基金,1.3115592273418417,370,ok,
FAC_rank_vol_m12_n6_pairwise1,2021-08-31,Ctrl_log_fund_size,2.4332132072902692,370,ok,
FAC_rank_vol_m12_n6_pairwise1,2021-08-31,Ctrl_fund_age,2.4597891358259547,370,ok,
FAC_rank_vol_m12_n6_pairwise1,2021-09-30,FAC_rank_vol_m12_n6_pairwise1,1.2000361199054228,377,ok,
FAC_rank_vol_m12_n6_pairwise1,2021-09-30,CtrlRetSTR,1.7961130081767833,377,ok,
FAC_rank_vol_m12_n6_pairwise1,2021-09-30,CtrlRetLTM,1.958652916423144,377,ok,
FAC_rank_vol_m12_n6_pairwise1,2021-09-30,CtrlVol,1.473941319913213,377,ok,
FAC_rank_vol_m12_n6_pairwise1,2021-09-30,as_偏股混合型基金,1.2710124144638433,377,ok,
FAC_rank_vol_m12_n6_pairwise1,2021-09-30,Ctrl_log_fund_size,2.361212273735006,377,ok,
FAC_rank_vol_m12_n6_pairwise1,2021-09-30,Ctrl_fund_age,2.397694318156144,377,ok,
FAC_rank_vol_m12_n6_pairwise1,2021-10-29,FAC_rank_vol_m12_n6_pairwise1,1.224010551694016,381,ok,
FAC_rank_vol_m12_n6_pairwise1,2021-10-29,CtrlRetSTR,1.1915030534941666,381,ok,
FAC_rank_vol_m12_n6_pairwise1,2021-10-29,CtrlRetLTM,1.330236352324399,381,ok,
FAC_rank_vol_m12_n6_pairwise1,2021-10-29,CtrlVol,1.386173534375047,381,ok,
FAC_rank_vol_m12_n6_pairwise1,2021-10-29,as_偏股混合型基金,1.2657656044606678,381,ok,
FAC_rank_vol_m12_n6_pairwise1,2021-10-29,Ctrl_log_fund_size,2.500220838162692,381,ok,
FAC_rank_vol_m12_n6_pairwise1,2021-10-29,Ctrl_fund_age,2.408740732393645,381,ok,
FAC_rank_vol_m12_n6_pairwise1,2021-11-30,FAC_rank_vol_m12_n6_pairwise1,1.2313664874567165,397,ok,
FAC_rank_vol_m12_n6_pairwise1,2021-11-30,CtrlRetSTR,1.0666182026720032,397,ok,
FAC_rank_vol_m12_n6_pairwise1,2021-11-30,CtrlRetLTM,1.5565764277722907,397,ok,
FAC_rank_vol_m12_n6_pairwise1,2021-11-30,CtrlVol,1.5913754501502493,397,ok,
FAC_rank_vol_m12_n6_pairwise1,2021-11-30,as_偏股混合型基金,1.2587325174902968,397,ok,
FAC_rank_vol_m12_n6_pairwise1,2021-11-30,Ctrl_log_fund_size,2.5129611901684026,397,ok,
FAC_rank_vol_m12_n6_pairwise1,2021-11-30,Ctrl_fund_age,2.414440123578804,397,ok,
FAC_rank_vol_m12_n6_pairwise1,2021-12-31,FAC_rank_vol_m12_n6_pairwise1,1.2818962727816665,389,ok,
FAC_rank_vol_m12_n6_pairwise1,2021-12-31,CtrlRetSTR,1.7893510779028805,389,ok,
FAC_rank_vol_m12_n6_pairwise1,2021-12-31,CtrlRetLTM,1.25812518215048,389,ok,
FAC_rank_vol_m12_n6_pairwise1,2021-12-31,CtrlVol,1.872083747907464,389,ok,
FAC_rank_vol_m12_n6_pairwise1,2021-12-31,as_偏股混合型基金,1.2524690185491048,389,ok,
FAC_rank_vol_m12_n6_pairwise1,2021-12-31,Ctrl_log_fund_size,2.3810211626495508,389,ok,
FAC_rank_vol_m12_n6_pairwise1,2021-12-31,Ctrl_fund_age,2.339996191039493,389,ok,
FAC_rank_vol_m12_n6_pairwise1,2022-01-28,FAC_rank_vol_m12_n6_pairwise1,1.3163617457391323,403,ok,
FAC_rank_vol_m12_n6_pairwise1,2022-01-28,CtrlRetSTR,1.3315295082093332,403,ok,
FAC_rank_vol_m12_n6_pairwise1,2022-01-28,CtrlRetLTM,1.0982282807498658,403,ok,
FAC_rank_vol_m12_n6_pairwise1,2022-01-28,CtrlVol,1.7219068755586937,403,ok,
FAC_rank_vol_m12_n6_pairwise1,2022-01-28,as_偏股混合型基金,1.2278978032232912,403,ok,
FAC_rank_vol_m12_n6_pairwise1,2022-01-28,Ctrl_log_fund_size,2.2835465171044,403,ok,
FAC_rank_vol_m12_n6_pairwise1,2022-01-28,Ctrl_fund_age,2.2991471353130812,403,ok,
FAC_rank_vol_m12_n6_pairwise1,2022-02-28,FAC_rank_vol_m12_n6_pairwise1,1.270634126142474,429,ok,
FAC_rank_vol_m12_n6_pairwise1,2022-02-28,CtrlRetSTR,1.3805529508706778,429,ok,
FAC_rank_vol_m12_n6_pairwise1,2022-02-28,CtrlRetLTM,1.2438700868928125,429,ok,
FAC_rank_vol_m12_n6_pairwise1,2022-02-28,CtrlVol,1.629096246448202,429,ok,
FAC_rank_vol_m12_n6_pairwise1,2022-02-28,as_偏股混合型基金,1.2118160880260658,429,ok,
FAC_rank_vol_m12_n6_pairwise1,2022-02-28,Ctrl_log_fund_size,2.347647657691332,429,ok,
FAC_rank_vol_m12_n6_pairwise1,2022-02-28,Ctrl_fund_age,2.320893081744031,429,ok,
FAC_rank_vol_m12_n6_pairwise1,2022-03-31,FAC_rank_vol_m12_n6_pairwise1,1.3392532198267475,417,ok,
FAC_rank_vol_m12_n6_pairwise1,2022-03-31,CtrlRetSTR,1.1181405507443718,417,ok,
FAC_rank_vol_m12_n6_pairwise1,2022-03-31,CtrlRetLTM,1.3231594620587541,417,ok,
FAC_rank_vol_m12_n6_pairwise1,2022-03-31,CtrlVol,1.5879567421304024,417,ok,
FAC_rank_vol_m12_n6_pairwise1,2022-03-31,as_偏股混合型基金,1.1949989924190072,417,ok,
FAC_rank_vol_m12_n6_pairwise1,2022-03-31,Ctrl_log_fund_size,2.2936656122302446,417,ok,
FAC_rank_vol_m12_n6_pairwise1,2022-03-31,Ctrl_fund_age,2.288652201924068,417,ok,
FAC_rank_vol_m12_n6_pairwise1,2022-04-29,FAC_rank_vol_m12_n6_pairwise1,1.296267110151335,426,ok,
FAC_rank_vol_m12_n6_pairwise1,2022-04-29,CtrlRetSTR,1.6310451222999858,426,ok,
FAC_rank_vol_m12_n6_pairwise1,2022-04-29,CtrlRetLTM,1.2385694970146583,426,ok,
FAC_rank_vol_m12_n6_pairwise1,2022-04-29,CtrlVol,1.7454464256133835,426,ok,
FAC_rank_vol_m12_n6_pairwise1,2022-04-29,as_偏股混合型基金,1.1778699705619162,426,ok,
FAC_rank_vol_m12_n6_pairwise1,2022-04-29,Ctrl_log_fund_size,2.3388323744541237,426,ok,
FAC_rank_vol_m12_n6_pairwise1,2022-04-29,Ctrl_fund_age,2.318270462847006,426,ok,
FAC_rank_vol_m12_n6_pairwise1,2022-05-31,FAC_rank_vol_m12_n6_pairwise1,1.3894285291247277,458,ok,
FAC_rank_vol_m12_n6_pairwise1,2022-05-31,CtrlRetSTR,1.5774436140484343,458,ok,
FAC_rank_vol_m12_n6_pairwise1,2022-05-31,CtrlRetLTM,1.0546775311289813,458,ok,
FAC_rank_vol_m12_n6_pairwise1,2022-05-31,CtrlVol,1.9350613102484084,458,ok,
FAC_rank_vol_m12_n6_pairwise1,2022-05-31,as_偏股混合型基金,1.1580659373988298,458,ok,
FAC_rank_vol_m12_n6_pairwise1,2022-05-31,Ctrl_log_fund_size,2.3225127919040855,458,ok,
FAC_rank_vol_m12_n6_pairwise1,2022-05-31,Ctrl_fund_age,2.3025113443309126,458,ok,
FAC_rank_vol_m12_n6_pairwise1,2022-06-30,FAC_rank_vol_m12_n6_pairwise1,1.1830278163010368,475,ok,
FAC_rank_vol_m12_n6_pairwise1,2022-06-30,CtrlRetSTR,1.382059923632759,475,ok,
FAC_rank_vol_m12_n6_pairwise1,2022-06-30,CtrlRetLTM,1.139134545046172,475,ok,
FAC_rank_vol_m12_n6_pairwise1,2022-06-30,CtrlVol,1.4415110315156996,475,ok,
FAC_rank_vol_m12_n6_pairwise1,2022-06-30,as_偏股混合型基金,1.1261725876326498,475,ok,
FAC_rank_vol_m12_n6_pairwise1,2022-06-30,Ctrl_log_fund_size,2.4986585017967973,475,ok,
FAC_rank_vol_m12_n6_pairwise1,2022-06-30,Ctrl_fund_age,2.405949741691559,475,ok,
