factor,month_date,n_obs,r_squared,adj_r_squared,const,FAC_rank_vol_m3_n6_pairwise1,CtrlRetSTR,CtrlRetLTM,CtrlVol,as_偏股混合型基金,Ctrl_log_fund_size,Ctrl_fund_age,FAC_rank_vol_m6_n3_pairwise1,FAC_rank_vol_m6_n6_pairwise1,FAC_rank_vol_m6_n12_pairwise1,FAC_rank_vol_m12_n6_pairwise1
FAC_rank_vol_m3_n6_pairwise1,2009-10-30,51,0.03718425521011459,-0.11955319161614586,-0.0024966874255950102,-0.0372896333502605,0.22028078087630434,0.0326350378146924,-0.1378440610850704,0.004155740172687975,0.04622316421351155,2.4956998785290266e-06,,,,
FAC_rank_vol_m3_n6_pairwise1,2009-11-30,53,0.20566007794320562,0.08209609006770424,-0.018045193207881095,-0.1732279185177142,1.1275984210536425,-0.017368276496683942,-0.24410419443672512,-0.005292368753260133,0.07020023334222052,0.0005875096407159807,,,,
FAC_rank_vol_m3_n6_pairwise1,2009-12-31,59,0.12991027996080873,0.010486200739743268,-0.207103925905622,0.005505265299377687,0.7757348373451097,-0.044966270680182996,-0.16059005110357688,0.030039017633138685,0.04888178352466619,0.0005562474935667591,,,,
FAC_rank_vol_m3_n6_pairwise1,2010-01-29,55,0.11101441589685579,-0.021387692373825207,-0.031522708627358106,0.022444124216131782,0.40078552562510456,0.01342465863060938,-0.11981164596546078,0.00014082273236300295,0.029283285371059523,0.00024279823019258427,,,,
FAC_rank_vol_m3_n6_pairwise1,2010-02-26,59,0.12058059901010598,-0.00012402465517369343,-0.014509900610718138,-0.08339372596047939,0.6469850539970239,0.15038983721232635,-0.2747979600635104,0.008330135230955257,0.0745226419038221,-1.3050128744407886e-05,,,,
FAC_rank_vol_m3_n6_pairwise1,2010-03-31,60,0.13477520885304417,0.01830264081403088,-0.05745998546698014,-0.060895305891466925,-0.5827786466646373,0.3227068412299276,-0.3871187143565203,0.037087104522572,0.08363975082105904,0.00017249335372708738,,,,
FAC_rank_vol_m3_n6_pairwise1,2010-04-30,60,0.13591338820428678,0.019594036616402244,0.1629429729706551,-0.011833676137999093,0.3939337935271587,0.1252887752268983,0.013731877271654229,-0.0390561943708143,-0.00042596372986607216,0.0001418012135276588,,,,
FAC_rank_vol_m3_n6_pairwise1,2010-05-31,57,0.27264918249859416,0.16874192285553613,0.06575152157455731,0.09949440706452356,0.7352495049002248,0.23312880407788422,0.36149210236788687,0.0022608326900788495,-0.0728774496819462,0.0004133083056618923,,,,
FAC_rank_vol_m3_n6_pairwise1,2010-06-30,57,0.22899091630315815,0.1188467614893236,0.029231900834895352,0.1818459732880043,-0.9287137860520207,0.4869321255486648,0.2007012372088959,-0.0028665480842594475,-0.03912744898426154,0.0005394776698425822,,,,
FAC_rank_vol_m3_n6_pairwise1,2010-07-30,58,0.22902369638514375,0.12108701387906395,0.31780539241200917,-0.17124019739002538,-0.039130113402805186,0.3460630664774903,0.07375944031849546,-0.03907773263998248,-0.027162201731773365,0.0003125236818984281,,,,
FAC_rank_vol_m3_n6_pairwise1,2010-08-31,55,0.09388340694379771,-0.041070128192232325,0.28580223104482727,-0.15070331534961426,-0.48892356303888823,0.14293130116777097,0.0776789928891958,-0.052217747577838355,-0.012801134455653949,-0.00020077930825518922,,,,
FAC_rank_vol_m3_n6_pairwise1,2010-09-30,60,0.17375326985823192,0.06252774849299392,-0.06649589248497233,0.18768748715331118,-0.8787792149795726,-0.07456088794644965,0.2226462271531339,-0.046208761212145656,-0.02787798337625476,-0.00019658454708676134,,,,
FAC_rank_vol_m3_n6_pairwise1,2010-10-29,56,0.06994664308459309,-0.06568613813223712,-0.12524269396437449,0.07536146215564747,0.32055602159090935,-0.029315025739660095,-0.07074585864791662,-0.009314862965615131,0.008670014271063625,-0.00018152989309732354,,,,
FAC_rank_vol_m3_n6_pairwise1,2010-11-30,59,0.2819568636681281,0.1834019233872829,-0.1089490173219018,0.09579825120851773,-0.17553094173262723,-0.11622483944626913,0.2065362835538977,-0.08298222486968358,-0.03575781559837993,2.7567073754884076e-05,,,,
FAC_rank_vol_m3_n6_pairwise1,2010-12-31,61,0.23184493012180085,0.1303904869303406,-0.1314452937116894,0.07318549836148623,0.7154941540752603,-0.14983062679705472,0.21647080204552102,-0.004092219025272801,-0.027999260968348205,-0.00017131934761257565,,,,
FAC_rank_vol_m3_n6_pairwise1,2011-01-31,60,0.11863605394542287,-9.092638847185697e-06,0.05603746350522299,-0.03744447590003354,-0.19857287111254945,0.049800855517335554,0.047483632463485796,-0.06668801470604052,-0.011963711131204662,0.00021673281343230724,,,,
FAC_rank_vol_m3_n6_pairwise1,2011-02-28,63,0.18869582004913843,0.08543892441902878,-0.057406309258568065,0.052601976882521245,-0.8632392648711198,0.07163819849183865,0.08497751535054794,-0.05089204063197988,-0.020206119611834106,0.00025960223527154357,,,,
FAC_rank_vol_m3_n6_pairwise1,2011-03-31,63,0.1321983664430304,0.021750885808506926,-0.05806057418519652,-0.07930175734959659,-0.20932509592850929,0.13378288656385612,-0.04788215212674692,-0.05691686098674858,-0.005636209969576839,0.0006743053709902954,,,,
FAC_rank_vol_m3_n6_pairwise1,2011-04-29,64,0.201924864657817,0.10216547274004406,-0.06404485794525741,0.0532104940421936,0.9364027579867831,-0.020996579788929007,0.05033674755329335,-0.07707036166011189,-0.016938167913114865,0.00021541498867799576,,,,
FAC_rank_vol_m3_n6_pairwise1,2011-05-31,68,0.16122013837540783,0.06336248785253873,0.029249070266623305,0.03381554393009669,1.1161348839484007,-0.20342460432161893,0.1355789294476906,-0.06881589635063147,-0.02550498283783988,-0.0002740190717658396,,,,
FAC_rank_vol_m3_n6_pairwise1,2011-06-30,69,0.2539915864711303,0.16838406360716163,-0.1755712798774293,0.09829618861082456,-0.6189618084487973,-0.036235681082269385,-0.1678435151268804,-0.06808040341855968,0.016238946113633603,0.00040665553146434157,,,,
FAC_rank_vol_m3_n6_pairwise1,2011-07-29,68,0.3561259649394378,0.28100732751570556,-0.11769844850202592,-0.037308594331077,-0.5825987236911302,0.021430613855896966,-0.5550321706117136,-0.05823858680979943,0.05133429162566971,0.0009535811322442379,,,,
FAC_rank_vol_m3_n6_pairwise1,2011-08-31,73,0.23257410529108147,0.14992823970704405,-0.01719545525164392,-0.08750364050584893,0.2558766652842666,0.08299396897608197,-0.4541983353779274,-0.036222889237824775,0.019392726970051677,0.00107084386644482,,,,
FAC_rank_vol_m3_n6_pairwise1,2011-09-30,76,0.1909236315086964,0.10763635828165041,-0.03558548591607823,0.09327241541260546,0.7388773787740069,0.009004483395569928,-0.22786771396915168,-0.031069805373799508,0.010009162105731398,0.00022859839005487316,,,,
FAC_rank_vol_m3_n6_pairwise1,2011-10-31,75,0.1077360272962542,0.014514418207803081,0.012274806200940689,-0.026557466415173755,-0.14902517505867277,0.13107904406402385,-0.10322693458208648,-0.024058983016383068,0.006223860064026407,0.00033335956002439576,,,,
FAC_rank_vol_m3_n6_pairwise1,2011-11-30,77,0.4145933928957536,0.35520431681271414,-0.028802240174160422,-0.003974121325948979,-1.2826397523918804,0.059002567090637316,-0.19117668317746708,0.00109958407753927,0.016771233406720338,0.00030205586918174456,,,,
FAC_rank_vol_m3_n6_pairwise1,2011-12-30,79,0.04182890419299623,-0.052638668633046226,0.012077615278461096,0.06586205407810827,-0.06331085305417528,0.15668359595606324,0.06997757001844579,0.021356431197487133,-0.00038291314108617613,-0.0004493501484781591,,,,
FAC_rank_vol_m3_n6_pairwise1,2012-01-31,79,0.4924160270225745,0.44237253672902543,0.017750069313566975,0.04903285115070032,-1.5021930042054665,0.31159357815908695,0.06493067232931307,0.02740270717743603,0.00873771593321501,-0.0006951828007346737,,,,
FAC_rank_vol_m3_n6_pairwise1,2012-02-29,84,0.3271494093736571,0.26517632865807284,-0.234264454999414,0.06259321307600776,1.8799437722880212,-0.08583368872195542,-0.4662056062168557,0.004840353489953445,0.06601976204321186,0.00017446052402611794,,,,
FAC_rank_vol_m3_n6_pairwise1,2012-03-30,81,0.265945396623693,0.1955565990396635,0.32879100735951017,-0.2324097629132265,1.7892657700542642,0.15788547464736327,0.14424204021714798,0.015144147003034975,-0.027865153356784383,-0.00041578502578004835,,,,
FAC_rank_vol_m3_n6_pairwise1,2012-04-27,83,0.28919323566775645,0.22285127099674706,0.08083372911373554,0.005322879893326276,-1.53786903322236,0.6498368010332174,0.30613717748047753,0.04435631280066895,-0.06311422291378237,-0.00040140022657565505,,,,
FAC_rank_vol_m3_n6_pairwise1,2012-05-31,88,0.1699215696032017,0.09728970694348182,-0.08362888259799363,-0.015297010110148924,0.25194104413382135,0.23832685326414454,-0.11718640229118105,-0.010222062371079215,0.008446598686945937,0.00010364567928770286,,,,
FAC_rank_vol_m3_n6_pairwise1,2012-06-29,89,0.11846195068030241,0.04227965012181001,0.07110548415587598,-0.07411238367640528,0.02598437600576133,0.0825885771160024,-0.13558788049596684,0.038006196768739176,0.028218494370179047,-0.00033629918513293825,,,,
FAC_rank_vol_m3_n6_pairwise1,2012-07-31,92,0.0946266683916126,0.01917889075758039,0.18524750978607563,-0.0916950823625989,-0.4288651482129068,0.0348101624972507,-0.17258196125673608,0.012083047839465923,0.02693723372983091,-0.00034830737411977895,,,,
FAC_rank_vol_m3_n6_pairwise1,2012-08-31,97,0.0818141943919839,0.009597333276746722,0.2565707019705426,-0.121023029254629,-0.3385416432814821,-0.000840119243012886,-0.09273278991263074,0.025770347344927693,0.021654031872571984,-0.0003999234057460475,,,,
FAC_rank_vol_m3_n6_pairwise1,2012-09-28,104,0.1163479304566527,0.051914967052450245,0.27340848131611317,-0.15858359947213244,-0.38751406747889716,0.25942471238061793,-0.12613147326826224,0.015806784392996567,0.014835239050498817,-2.0986164992912838e-05,,,,
FAC_rank_vol_m3_n6_pairwise1,2012-10-31,106,0.0995894753394001,0.03527443786364293,-0.046263172330695095,0.14984274702884204,1.0279187906352285,0.008476673032118824,-0.10326710903786852,0.01268345730563947,0.01379389636398189,4.769646950863023e-05,,,,
FAC_rank_vol_m3_n6_pairwise1,2012-11-30,111,0.22163319692589367,0.168734482153867,0.23437668633285558,-0.07803404049076507,-1.9228459437203604,0.10901976944968055,0.10131800813009753,0.03208805782502086,-0.012315990095464665,-0.00023410904955018782,,,,
FAC_rank_vol_m3_n6_pairwise1,2012-12-31,118,0.17463824427094632,0.12211522345182468,0.09274478938689844,0.13193688899551295,-0.8375474004555564,0.07753482265582694,-0.4559267403721235,0.033365985477703294,0.05472490651756955,-0.0009673462515126881,,,,
FAC_rank_vol_m3_n6_pairwise1,2013-01-31,122,0.15788658910303133,0.10617787089005959,-0.10259924306492324,0.14400306595384554,0.08543612400173761,0.2880619610154568,-0.63919340879529,0.053181931164227245,0.06445565617116004,-0.0006119181551367966,,,,
FAC_rank_vol_m3_n6_pairwise1,2013-02-28,120,0.4008270763997368,0.3633787686747203,0.049646241639198445,-0.0720201212197324,2.6237926720412594,0.22652552075826948,-0.36466090553382546,0.004310780812702132,0.023563166740918726,4.945320772719754e-05,,,,
FAC_rank_vol_m3_n6_pairwise1,2013-03-29,124,0.26369239057077,0.21926003482935097,0.16848671162481219,-0.07768333406656464,1.3791567337542192,0.11830531724952685,0.4847606464351486,0.033228430188186,-0.053217409174453036,-0.00026939863292377476,,,,
FAC_rank_vol_m3_n6_pairwise1,2013-04-26,124,0.3081307353073528,0.2663800038172792,-0.14871321011946403,0.221827510328229,1.5142594681714399,0.2591280782489505,0.1247295460189363,0.027544284874451288,-0.011944623128138519,-0.0001225378537621717,,,,
FAC_rank_vol_m3_n6_pairwise1,2013-05-31,126,0.18746296261047002,0.13926161293481998,-0.025958587103552453,-0.04058397209736278,0.12589354919462845,0.23884280552223774,0.08198111706289024,0.02593249629206378,0.00604761730837075,0.0001047814481087386,,,,
FAC_rank_vol_m3_n6_pairwise1,2013-06-28,125,0.12789972721192477,0.0757227878143476,0.09258718143764597,-0.11493976825737492,-0.6316082983656205,0.23467525688657234,0.12420172562727069,0.026996756149158807,0.003347457048172956,-7.725058693073213e-05,,,,
FAC_rank_vol_m3_n6_pairwise1,2013-07-31,128,0.29562773527669495,0.2545393531678355,0.012587131367999844,-0.06006894785322961,1.0065313333434152,0.0421945707516017,0.086025062218888,0.06615949103919125,-0.004436864919195381,1.6010592895128122e-05,,,,
FAC_rank_vol_m3_n6_pairwise1,2013-08-30,133,0.1432474794866494,0.09526933833790174,0.11066721501906684,-0.1657012651750801,0.08069555783249648,0.21194592862460954,-0.22771426853970544,0.05828450141957522,0.052397663753178926,-0.0003035582038954399,,,,
FAC_rank_vol_m3_n6_pairwise1,2013-09-30,134,0.07652864729277042,0.025224683253479818,0.0004167667297659798,-0.06952833359209218,-0.5171256051528621,0.024410112025452905,-0.10570587039879603,0.036232759621993633,0.051964002809252605,-0.0005706449311808303,,,,
FAC_rank_vol_m3_n6_pairwise1,2013-10-31,138,0.13244182900371937,0.08572715825776578,0.0364379127098527,-0.08989000426549852,0.3668756026179512,0.13291703883523354,-0.15801890124452345,0.023672796431081434,0.029833311130435622,-0.00031206444979985803,,,,
FAC_rank_vol_m3_n6_pairwise1,2013-11-29,141,0.20964512197287044,0.1680474968135478,-0.04526356457282059,-0.056043131539694674,0.85729978816054,0.02523577263562893,-0.16562125960368337,0.017020175622344706,0.05189243115253199,-0.0005041925451949447,,,,
FAC_rank_vol_m3_n6_pairwise1,2013-12-31,142,0.14256383272636353,0.09777239115236758,0.11218373459285362,-0.15875022585288137,-0.6510788980968791,0.09079538106669696,-0.11255562467628152,0.028736191311159825,0.035747146367840245,-0.0006704661581094312,,,,
FAC_rank_vol_m3_n6_pairwise1,2014-01-30,130,0.15740954212720604,0.10906418798696382,0.012751189395177075,0.06219900046468587,-0.0845976526965742,-0.14534574196352087,0.003950928611139512,-0.002494068358212334,0.04921782606803626,-0.000992250343206505,,,,
FAC_rank_vol_m3_n6_pairwise1,2014-02-28,130,0.11093587827143525,0.05992400243455043,0.1102800518075829,-0.051933182132230096,0.5366178537687243,-0.11496450609686171,-0.06814842611252836,0.02095196946247347,0.04244126364566705,-0.0005880990550865057,,,,
FAC_rank_vol_m3_n6_pairwise1,2014-03-31,128,0.15000650469179522,0.10042355079881671,0.08132483643326634,0.1074014896417826,0.3983585440635463,0.24694797616299358,-0.19552424662188106,0.00346943863814893,-0.006718211597356313,0.0002657099454497923,,,,
FAC_rank_vol_m3_n6_pairwise1,2014-04-30,127,0.23146279942166004,0.18625472879940463,0.01995793419422621,0.175551713491863,-0.027501099955488238,0.36957264590054406,-0.3460712673667962,3.907349777294252e-05,0.005723999076629619,0.00034200626160398517,,,,
FAC_rank_vol_m3_n6_pairwise1,2014-05-30,130,0.1926943999874713,0.1463735868719983,0.22720864962097673,-0.046800794611623946,1.0018532741711998,0.24479844425216396,-0.0344252491213453,0.04810365409783352,-0.06464803246129393,0.0004138111964615074,,,,
FAC_rank_vol_m3_n6_pairwise1,2014-06-30,125,0.1142556945152996,0.06126244546920634,0.042020516182250015,0.22619346860437603,-1.6218447738372814,0.3069975213958165,-0.6422301487113261,0.003753322869223151,-0.04059082945287529,0.001442993047003903,,,,
FAC_rank_vol_m3_n6_pairwise1,2014-07-31,123,0.16200579946119642,0.11099745681970408,0.1683679336488334,0.013448565271268604,0.595848652050974,0.2572551630863255,-0.146582622741149,0.033098949129215016,-0.06085543375442981,0.000967283811126237,,,,
FAC_rank_vol_m3_n6_pairwise1,2014-08-29,123,0.04975631456127305,-0.008084605421953883,0.28952534225010984,-0.009759154149193237,-0.541836725131693,0.1776524894002728,-0.09644495475188888,0.0468578310760379,-0.05257316035737201,0.0005643971678333743,,,,
FAC_rank_vol_m3_n6_pairwise1,2014-09-30,122,0.04367956659498806,-0.015041863526372268,0.39492033844495417,-0.029420413035090322,-0.1771683033840788,0.032217626438313135,-0.12268230788929461,0.12618184926937528,-0.033240637619176935,0.0002098069533366531,,,,
FAC_rank_vol_m3_n6_pairwise1,2014-10-31,123,0.07702933445391735,0.02084851133372101,0.4716103575106711,0.13595554692469766,1.3984710552249662,-0.1785494051245686,0.0677549005471082,0.15992377380504544,-0.07075919197622745,-2.9060472674985462e-05,,,,
FAC_rank_vol_m3_n6_pairwise1,2014-11-28,125,0.07183699598062765,0.01630587608203271,0.5563352625790949,0.16423492255936414,-0.12011860961946796,-0.06099486880704862,0.014113305125063496,0.3606253903301717,-0.054847028869314446,-0.0009375503453956991,,,,
FAC_rank_vol_m3_n6_pairwise1,2014-12-31,116,0.5316901309475199,0.5013367135089333,0.7970736306522218,-0.16991195369351111,-1.5966120146748861,0.03333282413626709,0.10751868646849251,0.07540732212914429,-0.018367002215905783,-0.0010996862238827876,,,,
FAC_rank_vol_m3_n6_pairwise1,2015-01-30,111,0.1179882525326792,0.05804570658829811,0.3582899672108363,-0.05458976245161477,0.5276630172105561,-0.14941588626115726,0.21304184775427645,0.01360478300483768,-0.022107320095684876,-0.0005841197766014014,,,,
FAC_rank_vol_m3_n6_pairwise1,2015-02-27,120,0.05212641913710203,-0.007115679666829022,0.07420878590003699,0.021307442674739864,-0.5416712070193715,0.01972914394151712,-0.0894137827929556,-0.02072998181722319,0.0576630940535484,-0.00030477134066844675,,,,
FAC_rank_vol_m3_n6_pairwise1,2015-03-31,117,0.09664067007180921,0.03862676814981536,-0.07910855932190344,0.10309863606997806,-0.18813662197425357,-0.11561900564653471,0.1418962018637604,-0.003075669934206597,-0.003033641409806158,-0.0006522524900142281,,,,
FAC_rank_vol_m3_n6_pairwise1,2015-04-30,110,0.20403377390796928,0.14940864074479077,0.19987432863329227,-0.10913876673349564,-0.3157658821333102,-0.13117581839570613,0.022410995302607647,-0.005725320924866068,0.03243016552494606,-0.0009112527153444838,,,,
FAC_rank_vol_m3_n6_pairwise1,2015-05-29,100,0.35052845273717015,0.3011121393584766,-0.03052766645262697,0.009919588629303953,-0.3033091301182154,-0.10721150092073266,0.02955108969840889,0.07477610763104642,-0.004784006221361961,-0.0006853680803136396,,,,
FAC_rank_vol_m3_n6_pairwise1,2015-06-30,85,0.12227309015854793,0.04247973471841604,0.07901786615362616,0.005520908448754009,0.3053921808783962,-0.0959749244186002,0.027934741575694935,0.045818721707218284,-0.01288466751704729,-0.0004124096043432477,,,,
FAC_rank_vol_m3_n6_pairwise1,2015-07-31,82,0.20869641953166385,0.13384337813601055,-0.0815390402690086,0.006572334744422811,0.5479077305466461,-0.0041335023950103515,0.054247626977595276,0.037418345525778385,-0.051113137916562405,-0.0004044405078930038,,,,
FAC_rank_vol_m3_n6_pairwise1,2015-08-31,88,0.10516890528016465,0.026871184492179068,0.004143610474670932,-0.0941382630787185,-0.12745423534875566,-0.023809067614825555,0.005655021189315954,0.04346362052147397,-0.023575668308383944,-9.722069484629891e-05,,,,
FAC_rank_vol_m3_n6_pairwise1,2015-09-30,82,0.030040398498808574,-0.061712536778331106,0.07860865102467329,0.03709779242909794,0.03202306612752025,0.0030147533541306374,0.014368511268398372,-0.00712337909446085,-0.027514288631805998,-7.21997408519215e-05,,,,
FAC_rank_vol_m3_n6_pairwise1,2015-10-30,83,0.1410214080380212,0.06085007278823662,-0.04509833367319806,0.0303782769135185,-0.32490881508090436,0.010848891701421023,-0.06704843292329295,-0.0003828677333559372,0.03640643853871399,6.42150380608094e-05,,,,
FAC_rank_vol_m3_n6_pairwise1,2015-11-30,87,0.2670994617142056,0.20215890768888212,-0.11117397558135918,0.04105613343271443,-0.707782023298846,-0.0038226251949693493,-0.07220460007900727,0.003956859473801133,0.04426088638002615,-7.673663377466336e-05,,,,
FAC_rank_vol_m3_n6_pairwise1,2015-12-31,90,0.14595344023805779,0.07304702659984308,-0.07731995492497631,0.007727897372308996,-0.28894843933550546,-0.04970806282184116,-0.080938437917891,-0.011650288863751261,0.03181368755124607,0.00011230218679067948,,,,
FAC_rank_vol_m3_n6_pairwise1,2016-01-29,90,0.16135775427010368,0.08976634304925879,0.08751963544780618,0.030622583715402163,-0.22474445693167427,0.00820661660217159,-0.14179000142690873,-0.030645796590321017,0.0502565059964221,0.000680523505692945,,,,
FAC_rank_vol_m3_n6_pairwise1,2016-02-29,93,0.04106456618482879,-0.0379065871881854,0.20806387593001943,0.014668654813895024,-0.421467703040575,0.029784787770518257,-0.060306159060195576,-0.03453424351837677,0.022284495277301142,0.0002776723879822647,,,,
FAC_rank_vol_m3_n6_pairwise1,2016-03-31,95,0.1533116217234476,0.08518726944832267,0.07952019291862371,-0.014702871148308797,-0.09723533766927564,-0.04154102682652521,-0.1442321090090722,-0.010004578546087177,0.0770343567476257,9.941314223566269e-05,,,,
FAC_rank_vol_m3_n6_pairwise1,2016-04-29,94,0.22380258480895565,0.16062372543294046,0.07147487875195667,0.01897115035357929,0.7650000586341394,0.06295634556988305,-0.026710044192833942,0.017916981982777257,0.011573700631773128,-4.698390060061202e-05,,,,
FAC_rank_vol_m3_n6_pairwise1,2016-05-31,99,0.274881710601227,0.21910338064747537,0.11846611692151415,0.05887317407833933,-0.527701991663693,0.25068514773116873,0.01468260209305463,-0.00240708022219869,-0.028469075564971125,0.00019610798910645508,,,,
FAC_rank_vol_m3_n6_pairwise1,2016-06-30,103,0.28817715185460735,0.2357270472544205,-0.010016773156032334,0.08235338331815636,-0.7195463629626222,0.13332663499471537,-0.1670244027077873,-0.024470497058864844,0.030766532273373122,0.00045199894320929507,,,,
FAC_rank_vol_m3_n6_pairwise1,2016-07-29,104,0.2518942756176258,0.19734489988141102,-0.07700709332516455,0.08399233165632242,0.5219804362223018,0.07725022501025923,-0.0715485208208881,-0.009330360138385497,0.006656121845438829,7.398062877753685e-05,,,,
FAC_rank_vol_m3_n6_pairwise1,2016-08-31,117,0.27588338376461197,0.22938048180454118,-0.08009301795877982,0.08909108268764107,-0.2305763274132852,0.0395144353460213,-0.3449107267173578,-0.017459344694315416,0.08667766445471947,0.00027897883187947236,,,,
FAC_rank_vol_m3_n6_pairwise1,2016-09-30,125,0.13985013120120915,0.08838817323888826,0.0039436074255582414,0.023316704977463146,0.08870650534555176,0.027708750161850357,-0.2396035848685035,-0.03914101545563552,0.04300492963135609,0.00047816249930043034,,,,
FAC_rank_vol_m3_n6_pairwise1,2016-10-31,138,0.14363031982301733,0.097518106275026,0.0015782780910184567,0.0066853318558565515,-0.26511560777469173,0.0963936201229429,-0.2003222154910271,-0.04442357941035549,0.02187390592902266,0.0006366138986407803,,,,
FAC_rank_vol_m3_n6_pairwise1,2016-11-30,151,0.10162339221917693,0.05764691491522045,0.03501231596809075,-0.07525588047703062,-0.14670006928405027,0.07010995812116914,-0.25292167982247815,-0.038343472109512874,0.047112517515772834,0.0005286075586155295,,,,
FAC_rank_vol_m3_n6_pairwise1,2016-12-30,173,0.11177895451109932,0.07409684955096418,0.14646157220800776,-0.023691055233218045,1.3257487076883039,-0.04976716228042076,-0.06400847624169663,-0.03654610133640422,-0.016223468625211155,0.000582086573068632,,,,
FAC_rank_vol_m3_n6_pairwise1,2017-01-26,193,0.13149010490779578,0.09862756833673947,0.08620795263891338,-0.006287159866537579,1.1944937666114281,0.038721277696195,-0.08455453406963907,-0.011835726659132042,0.008386618996818203,0.00030919620912279604,,,,
FAC_rank_vol_m3_n6_pairwise1,2017-02-28,219,0.08215743166165546,0.05170767820967248,0.12091294377359661,-0.10234915898033338,1.4907672162869912,-0.0054642585030019305,-0.14583359039357338,-0.009754022494670918,0.0027709272303890167,0.0004385381700547228,,,,
FAC_rank_vol_m3_n6_pairwise1,2017-03-31,221,0.25485747884938736,0.23036922698058793,0.042077803161478786,0.016240976873176497,1.398543608973225,0.04386677184960277,0.01696096190760352,-0.008261491599434375,-0.021072991872805685,0.00040488554887476526,,,,
FAC_rank_vol_m3_n6_pairwise1,2017-04-28,229,0.19601603341536666,0.17055047791268596,0.1716232600492127,-0.044747971954227375,1.5609817579455894,0.017523048552841043,0.016922439793184453,0.005268017695496538,-0.014751244825592542,0.00025924640373069284,,,,
FAC_rank_vol_m3_n6_pairwise1,2017-05-31,237,0.1420981839380877,0.11587411095802935,0.15942865963021735,-0.04283176106934474,0.6105108599055965,0.16199326399519104,-0.08142372195736255,0.014879006618511718,-0.007554994503452191,0.0002404917214167563,,,,
FAC_rank_vol_m3_n6_pairwise1,2017-06-30,232,0.40402657569889866,0.3854024061894893,0.09233079040827825,-0.12165983653310138,1.597511124209255,0.17792606587604426,-0.1728162158852923,0.020386278463398164,0.019894733772033234,-0.0001325058167401123,,,,
FAC_rank_vol_m3_n6_pairwise1,2017-07-31,236,0.24980262952954524,0.22677025412036456,-0.09487890182205158,0.17418436981709368,-0.3826325284317714,0.4077071087565656,-0.24315814757468587,0.020595497099798264,0.02299762797231011,-8.69712797977465e-05,,,,
FAC_rank_vol_m3_n6_pairwise1,2017-08-31,246,0.2556840563000944,0.23379241089715597,0.00398594779603743,0.02107093614203206,-0.5401952392446999,0.31365326209470074,-0.04457269667394403,0.018756335373774257,0.018703186198800053,-0.00024894749637128827,,,,
FAC_rank_vol_m3_n6_pairwise1,2017-09-29,256,0.11506912798790658,0.09009124047143624,0.1424058642151552,-0.16380411315872856,-0.02520812069780876,0.15711394509221097,0.014777365772778637,0.0310059975452841,0.009858060228834096,-0.00034933538557496165,,,,
FAC_rank_vol_m3_n6_pairwise1,2017-10-31,258,0.033265769623526786,0.006197211172985551,0.030639424021915232,-0.08880350117420414,-3.3335593732662467e-05,0.028614571284194017,-0.09284695372865188,0.015510572701421156,0.026609502216285885,-0.00038156166950399276,,,,
FAC_rank_vol_m3_n6_pairwise1,2017-11-30,272,0.058576935169184385,0.03361495996533703,-0.17454760199391495,0.17888581193148329,-0.17620845992717585,0.15371573618171538,-0.21289252920870347,-0.0025900327211182245,0.05013074183694291,-0.0002457848243034095,,,,
FAC_rank_vol_m3_n6_pairwise1,2017-12-29,272,0.09313476715924507,0.06908909810664932,-0.12814453004297446,0.04301816346915297,0.8682201616747807,-0.039082544339253976,-0.06945423783639612,0.010169782692309592,0.011445608220033593,-9.72198829776648e-05,,,,
FAC_rank_vol_m3_n6_pairwise1,2018-01-31,269,0.0653678871444483,0.040301125496981394,-0.07836705882763274,-0.01458521059719235,-0.4030391705812882,-0.020596300695913877,-0.06478505283831937,0.008934092509981097,0.018011361957218065,-0.00018315740319267077,,,,
FAC_rank_vol_m3_n6_pairwise1,2018-02-28,270,0.0845971719684745,0.060139844501983286,-0.3051331163606866,0.1889566577372166,0.021263404349951262,0.0006439621506628604,-0.1781127150297484,0.024484098040535567,0.02837590040633867,-0.00020296422627958288,,,,
FAC_rank_vol_m3_n6_pairwise1,2018-03-30,269,0.0641740057556226,0.03907522430079258,-0.137102391385724,-0.008533416045305968,-0.390752675275186,0.1187173744281334,-0.1591085693066781,0.006073652810027868,0.021529510330534702,-6.795400986158976e-05,,,,
FAC_rank_vol_m3_n6_pairwise1,2018-04-27,274,0.24027509202719866,0.22028233129107233,-0.18547350943608243,0.03172454178364102,1.243874390683988,0.02136998159120872,-0.08724961411441577,0.012135655830087157,0.016959022923580876,-7.586561230946883e-05,,,,
FAC_rank_vol_m3_n6_pairwise1,2018-05-31,281,0.09732388252695168,0.0741783410532838,-0.15727680690666407,-0.02805684986059647,-0.3275092572211418,0.004748074174497853,-0.20739961805364168,0.01641579471638225,0.03878550878048836,-0.00020940423735643307,,,,
FAC_rank_vol_m3_n6_pairwise1,2018-06-29,278,0.1363964571784998,0.1140067356979424,-0.10857255326691648,-0.014858325246046591,0.7939092001561578,-0.09705922566880422,-0.2730994421045976,0.0015512107917916404,0.04613750245959881,-8.813536022376698e-05,,,,
FAC_rank_vol_m3_n6_pairwise1,2018-07-31,270,0.27800220342429793,0.25871218595853496,-0.13219843435812098,0.013558655671632438,1.0687672536315742,0.0896905073680187,-0.22486929247048706,0.01675461108974277,0.026728325082833886,-7.318724976842056e-05,,,,
FAC_rank_vol_m3_n6_pairwise1,2018-08-31,273,0.07592675005379346,0.051517267979742765,0.1486161421134121,-0.0792684153199654,0.43386533863309373,-0.006719023300898729,-0.12411686358296888,-0.010375488888520572,0.019895984609787164,5.897566175257389e-05,,,,
FAC_rank_vol_m3_n6_pairwise1,2018-09-28,274,0.025103301256253263,-0.0005518750264770222,0.18041824612224694,-0.05293150416032912,-0.2852599144330143,-0.03380334589060216,-0.11840728052883015,-0.004041427044797404,0.021934769781936966,9.025347816216098e-06,,,,
FAC_rank_vol_m3_n6_pairwise1,2018-10-31,269,0.1781434604798725,0.15610133106745538,0.17297912872069202,-0.05261716959816269,-1.3030038938296336,-0.056277283225075345,-0.11291423258882974,-0.006795148857044538,0.03101424611233939,-0.00011075490048706678,,,,
FAC_rank_vol_m3_n6_pairwise1,2018-11-30,272,0.08635028354242025,0.062124722878772354,0.2934017795787323,-0.17943217638976375,0.7359865965832544,-0.0584683836182042,-0.003084180123617183,-0.017481416819788504,0.005725145550536415,8.155851053287183e-05,,,,
FAC_rank_vol_m3_n6_pairwise1,2018-12-28,278,0.057573334190466285,0.0331400502620709,0.32219307395438673,-0.1375609103484611,-0.7291276826110358,-0.12944388775344395,0.0026251739692947813,0.003252203401827656,0.014012820126667606,-0.00011038681976954386,,,,
FAC_rank_vol_m3_n6_pairwise1,2019-01-31,269,0.11444568507074271,0.09069518620290828,0.3818110963351167,-0.19980863490320847,0.8530149162782129,-0.0024163487939971367,0.15295095856823077,0.011068289837860998,-0.048355424762648015,-3.558466322607597e-05,,,,
FAC_rank_vol_m3_n6_pairwise1,2019-02-28,283,0.05430574003047284,0.030233522503975707,0.09065619852094868,0.05681845811629736,0.0569078346683338,0.27043219081197395,0.20073196202220203,0.013927264908965809,-0.042714737575915915,-0.00017133425077271006,,,,
FAC_rank_vol_m3_n6_pairwise1,2019-03-29,287,0.10603897414093777,0.08360984445988606,0.017817723455363657,0.0151246620541948,0.49475647474354983,0.04727860679936335,0.04673605533545121,0.023128121441218768,-0.0037335197671603485,-0.00030968150120415583,,,,
FAC_rank_vol_m3_n6_pairwise1,2019-04-30,286,0.04141922949316268,0.017282303617091266,0.12816145399412793,-0.038552252519521324,-0.3723069185072049,0.09766985316293354,0.09913594153222755,0.02150553799687068,-0.007684832027408992,-0.0003368700719145799,,,,
FAC_rank_vol_m3_n6_pairwise1,2019-05-31,289,0.07700539848619858,0.054012650405783735,0.18736859398887498,-0.06545830802318528,-0.5873925563418022,-0.07466027150254355,0.12507687427290165,0.016812838318695428,-0.004538095485140652,-0.00048719720104875976,,,,
FAC_rank_vol_m3_n6_pairwise1,2019-06-28,297,0.066596655159882,0.043988269644723355,0.23874269746857904,-0.04379683076511965,0.1453177508564743,-0.15909649843149457,0.2360225128749792,0.007995944127255412,-0.03719991923009872,-0.00041137414973199367,,,,
FAC_rank_vol_m3_n6_pairwise1,2019-07-31,301,0.2030877167554519,0.18404885674619642,0.22103876215187293,-0.06752393550476156,2.2169390030029277,-0.32830850625594454,0.23194993684387893,0.030247553471096335,-0.04058970985554144,-0.0003605013362037029,,,,
FAC_rank_vol_m3_n6_pairwise1,2019-08-30,298,0.19900283049115353,0.17966841605473316,0.38484846010767154,-0.1733777223281571,1.8750695849430712,-0.36934433156327573,0.208275735253421,0.008411814260310279,-0.03476042818669004,-0.00044306126158262044,,,,
FAC_rank_vol_m3_n6_pairwise1,2019-09-30,302,0.23182298762328402,0.21353305875717166,0.10269066396370943,-0.06865740003050637,1.27270220784953,0.18064109568932007,-0.01871606557979821,0.001591615530543217,0.0093831353073312,4.7678972171346165e-05,,,,
FAC_rank_vol_m3_n6_pairwise1,2019-10-31,311,0.10554190447024014,0.0848778560586615,0.05558678655600804,0.048686461666459124,-0.7809107139109089,0.2595132470764566,-0.1663739617572233,0.004367818597612727,0.04284666174630074,-4.101277796546936e-05,,,,
FAC_rank_vol_m3_n6_pairwise1,2019-11-29,325,0.1792368509889093,0.16111274359749717,0.07600896478072189,0.010280756983172486,0.09475775120684989,0.35697882031108846,-0.11785200591796291,0.017677994244582124,0.015680349214443074,5.913178173359742e-05,,,,
FAC_rank_vol_m3_n6_pairwise1,2019-12-31,340,0.31264450075187755,0.29815206552676654,0.34070654751939855,-0.20911153889700865,-1.7082281241890804,0.46878597449678217,-0.11132028037620556,0.028568346296269045,-0.007056128664720416,0.00018142161280156304,,,,
FAC_rank_vol_m3_n6_pairwise1,2020-01-23,346,0.15953054792956145,0.1421243758452625,0.5125440361053261,-0.2905916280344254,-0.5724384788677293,0.32294589573417937,0.21384781906915543,0.03243127321144835,-0.08735235771777715,0.00011503411918705294,,,,
FAC_rank_vol_m3_n6_pairwise1,2020-02-28,352,0.07347287072734043,0.054619121003768756,0.8047286139687426,-0.48992578522851576,-1.080315736093171,0.1991175702409505,-0.061052699473953385,0.010471179086069156,-0.003485724339464653,3.3109668375230776e-05,,,,
FAC_rank_vol_m3_n6_pairwise1,2020-03-31,355,0.0486768487868926,0.02948589184599426,0.48397376616095905,-0.08359022542310304,-0.09413173383640473,0.16454908866999593,-0.08469507411196683,-0.004337413078009803,-0.0013939754438400396,-5.0819884536285806e-05,,,,
FAC_rank_vol_m3_n6_pairwise1,2020-04-30,360,0.12559344752542856,0.10820468085690027,0.3588181356768647,-0.09941777255558322,1.2355680982171173,-0.0005251273387650896,-0.21286436191833183,-0.00801578667518276,0.04329861274385713,-6.276552353921374e-05,,,,
FAC_rank_vol_m3_n6_pairwise1,2020-05-29,377,0.11567520592073055,0.09889939681895576,0.7599260789277543,-0.3822321601268482,-0.21899646219094915,-0.12727955977058217,-0.019861587717466028,-0.006883815895593742,-0.014135724380467974,-4.4130749250573286e-05,,,,
FAC_rank_vol_m3_n6_pairwise1,2020-06-30,373,0.10947179040395394,0.0923931672062216,0.6734399602177217,-0.34203149097217256,0.18744514481636573,-0.13996694446441968,-0.14158599894489723,-0.00812371726267261,0.0279148516565041,-8.139646515138919e-05,,,,
FAC_rank_vol_m3_n6_pairwise1,2020-07-31,379,0.15543829299263268,0.1395031664453239,0.2935561179757743,-0.20291121505093168,0.796003870983383,-0.06311576136231133,-0.11537703201801348,-0.007689302680513509,0.03717836393429481,-0.00014352488151386577,,,,
FAC_rank_vol_m3_n6_pairwise1,2020-08-31,390,0.03867034098195887,0.021054352465921466,0.23510251367907842,-0.08837987714413419,0.2005745821308755,-0.062049603863967843,-0.02653721031173483,0.0003592506592060238,0.009989522742089705,-0.00013285768797805596,,,,
FAC_rank_vol_m3_n6_pairwise1,2020-09-30,396,0.10491495511177296,0.08876651358028431,0.146551634577302,0.017244174463412542,0.9715455633753156,-0.008670694272130014,-0.040907095244792344,-0.0020484214000706957,0.027189904404840166,-0.00010695249734318652,,,,
FAC_rank_vol_m3_n6_pairwise1,2020-10-30,398,0.2171506711816622,0.20309952938235865,0.05144877128356318,0.08298358524478616,1.3398821818243882,-0.010946777946130753,0.05465946870114641,-0.001220542586825319,-0.03788402408722325,-1.5312373191901496e-05,,,,
FAC_rank_vol_m3_n6_pairwise1,2020-11-30,424,0.23905243645987295,0.2262480303426112,0.16308178042319024,-0.0712391831874392,-0.9248217449793957,0.16470636587295026,0.015067596634574423,-0.0010378385849654946,-0.015176639368016703,-2.1626990407700787e-05,,,,
FAC_rank_vol_m3_n6_pairwise1,2020-12-31,436,0.1546001701870231,0.14077353745643706,0.23903999353560815,-0.190833038807714,0.22111487762503307,0.052014474979814235,-0.00160641459920152,-0.018452813061529297,-0.011138976358587663,-3.291550118869195e-05,,,,
FAC_rank_vol_m3_n6_pairwise1,2021-01-29,432,0.08545450334207894,0.07035587485951889,0.2395110922563373,-0.16240784474765962,-0.6418302515736446,-0.04056578062091233,-0.1219828224540502,-0.03133398463084935,0.0692550920051797,9.804343972611882e-06,,,,
FAC_rank_vol_m3_n6_pairwise1,2021-02-26,458,0.13727364126545627,0.12385345346291898,0.07907146371033004,0.1392352296060245,-1.1566620133487573,-0.20804859622481844,-0.003913456955936744,-0.027805790413025545,-0.02922203707429368,0.00012896479872535145,,,,
FAC_rank_vol_m3_n6_pairwise1,2021-03-31,460,0.11464390377555678,0.10093263679862963,0.25407361986651383,-0.15355424749271152,-1.4439322020602157,-0.024506765838807332,0.0008043750425453836,-0.04783948385840035,-0.04787068635715561,0.0003558137190750002,,,,
FAC_rank_vol_m3_n6_pairwise1,2021-04-30,483,0.05357346396180451,0.03962612553597855,0.06786806682119037,0.09342727989991786,0.7335994533203348,-0.11217355923509272,0.10368740326009242,-0.021098410087081923,-0.10198629922743853,0.00027687003423502066,,,,
FAC_rank_vol_m3_n6_pairwise1,2021-05-31,518,0.26300852152962595,0.25289295221728747,-0.10751125875578206,0.12144044147289372,2.7342953620701294,-0.06552297733646463,0.008786469884508891,-0.02219647606691931,-0.03672326359191326,0.0002474348704303034,,,,
FAC_rank_vol_m3_n6_pairwise1,2021-06-30,515,0.11699535518057125,0.10480396955190063,0.013744501288443513,-0.07072896178990776,0.7268289163351823,0.08103101389055128,-0.02109065068307838,-0.0019272284033879632,-0.035724943662663704,0.0004651752828661744,,,,
FAC_rank_vol_m3_n6_pairwise1,2021-07-30,528,0.048288133607461314,0.035476627713715625,-0.16310195292618224,0.11211257075079295,-0.017179047448811945,-0.020128192274726668,-8.207068831372713e-06,0.001959189093607626,-0.03412540635654466,0.00027746893071414703,,,,
FAC_rank_vol_m3_n6_pairwise1,2021-08-31,553,0.1456433057245572,0.13466991699074415,-0.16795079659855244,0.1293026501043514,0.3384261176292629,-0.123612597598739,0.02859308923402299,-0.0022134629314375298,-0.011903664114970274,-1.0985353018865319e-05,,,,
FAC_rank_vol_m3_n6_pairwise1,2021-09-30,565,0.08385791705583245,0.07234446179441567,-0.4025978329449797,0.24885853400027447,0.018473129065891273,0.05943101654435252,-0.1292807054476842,-0.000391120102464146,0.03239192965720859,0.00017399241462654692,,,,
FAC_rank_vol_m3_n6_pairwise1,2021-10-29,578,0.22469172902449874,0.21517039938093996,-0.51775643834579,0.32160341821433924,-0.9166782753136671,-0.00018641214920416682,-0.13018833723661896,0.007524247056976906,0.03298672059380522,0.0001389682047497735,,,,
FAC_rank_vol_m3_n6_pairwise1,2021-11-30,604,0.18289787234300148,0.1733010352732045,-0.3375514663554749,0.18699399642970588,-0.31818500523117677,-0.10484122015292444,-0.03798917585852269,0.0012233619615546986,0.0011480581414058863,8.986696816136909e-05,,,,
FAC_rank_vol_m3_n6_pairwise1,2021-12-31,596,0.08318699128408247,0.07227255070413097,-0.11108340251462742,0.02460068840130297,0.42714584888304624,0.004418804688267298,0.055095949186096116,-0.0013989391855030707,-0.020381578286889454,1.7210680138031215e-05,,,,
FAC_rank_vol_m3_n6_pairwise1,2022-01-28,611,0.1716091175671679,0.1619926396616458,-0.055127729212100615,-0.01515633128586891,-0.3843933356607935,0.13598014611899825,0.04264337971022058,8.448842785150423e-05,-0.010603270778871021,-9.894633636325952e-06,,,,
FAC_rank_vol_m3_n6_pairwise1,2022-02-28,641,0.022579058141308228,0.01177029575108579,-0.03239294907726268,-0.04843994232149248,0.05423333664405671,0.033332202358144845,-0.02678749937002014,0.001826639473824541,0.005848799656077172,-1.3887110823398224e-05,,,,
FAC_rank_vol_m3_n6_pairwise1,2022-03-31,657,0.10245326517288655,0.09277248374948166,0.012915567989162772,-0.11288660755446198,-0.4758263822460208,0.05159388013799159,-0.047083445970807665,0.006833713617381281,0.016234645721715082,-4.084868319682942e-05,,,,
FAC_rank_vol_m3_n6_pairwise1,2022-04-29,705,0.5023829255688036,0.49738533658599393,-0.059089906613000065,-0.04528896936942905,-1.6497337937346908,0.13127174502668676,0.004928000628043174,0.003580345449280741,-0.0018882169970698942,-3.908577696541379e-05,,,,
FAC_rank_vol_m3_n6_pairwise1,2022-05-31,744,0.11554804211638448,0.10713613490825225,0.01550724223110274,-0.021350661690963883,0.20411805827712068,0.12492954001716937,-0.04489203950458039,-0.007424095941330508,0.0016648727953608136,0.00011041850322536197,,,,
FAC_rank_vol_m3_n6_pairwise1,2022-06-30,758,0.21049028072019482,0.2031215233402499,-0.10862273148686899,0.061340987854007205,-0.5873130531002966,0.029160900607407097,-0.07553856816741356,-0.00023841231528152782,0.01914092822084814,5.580120630958493e-05,,,,
FAC_rank_vol_m6_n3_pairwise1,2009-10-30,51,0.044186116206139214,-0.11141149278355922,0.016320763748949606,,0.25704863067812617,0.028731616891677615,-0.14719874379172251,-0.0006694635554980421,0.04730925887562377,7.754507110131933e-05,-0.06186948384795327,,,
FAC_rank_vol_m6_n3_pairwise1,2009-11-30,53,0.1992840212872926,0.07472820237642708,-0.12866014413879337,,1.0739888656791867,-0.02890222883083881,-0.18599102605457019,0.009750711608900084,0.05493702821097829,0.00039078025184427696,-0.06911011957312486,,,
FAC_rank_vol_m6_n3_pairwise1,2009-12-31,59,0.1639046787531001,0.04914649740548638,-0.11011925178792273,,0.4806858471276709,-0.03710706303233564,-0.18083715267373598,0.029640979254775098,0.0513716648432983,0.0006469749997624513,-0.1193854756957494,,,
FAC_rank_vol_m6_n3_pairwise1,2010-01-29,55,0.10878487864146769,-0.023949288369377486,-0.008544849845715788,,0.38186576197869915,0.016519569466817183,-0.12716691181711015,-0.0023074683568008467,0.032101864473154204,0.00022248694019757535,-0.003195028166319282,,,
FAC_rank_vol_m6_n3_pairwise1,2010-02-26,59,0.14945778594519,0.032716697741588585,0.017470218969055377,,0.8301225536915011,0.12727466409882135,-0.2820892959188286,0.024031633408847557,0.07262680680077224,8.444240926038933e-05,-0.14421297504493694,,,
FAC_rank_vol_m6_n3_pairwise1,2010-03-31,60,0.15267816219274455,0.03861560710330636,-0.005555547338777324,,-0.6310875699157226,0.3197973300811938,-0.39366426467966953,0.03319448906593365,0.08447695551371844,0.00017502151421418857,-0.12395649657050374,,,
FAC_rank_vol_m6_n3_pairwise1,2010-04-30,60,0.1425908504272867,0.027170387984806088,0.11627084592871041,,0.4408806346064746,0.11725164184884707,0.011927677173284554,-0.04501371393631896,-0.001723179322687942,0.00021225456990935673,0.055540735793407424,,,
FAC_rank_vol_m6_n3_pairwise1,2010-05-31,57,0.26827573749734923,0.16374369999697047,0.1815438783341771,,0.6461455123199743,0.25061237419448845,0.38704255726954157,0.019506468140297103,-0.06905875661194408,5.181737169892611e-05,-0.054007607702211774,,,
FAC_rank_vol_m6_n3_pairwise1,2010-06-30,57,0.21458734923964995,0.10238554198817129,0.16116899258054018,,-0.7406228032975449,0.4866643793614474,0.20412392282194944,-0.004929392582390008,-0.04317488983667999,0.0006695637815507383,0.056209246594044464,,,
FAC_rank_vol_m6_n3_pairwise1,2010-07-30,58,0.18679529520750304,0.07294663653655353,0.11360992389629153,,0.06509223407150022,0.3625460393796538,0.10453441043776211,-0.016951957968116375,-0.027037516304977888,0.0003592450346122872,0.012849599256053139,,,
FAC_rank_vol_m6_n3_pairwise1,2010-08-31,55,0.08945269738578321,-0.046160730663142635,0.07090385644137173,,-0.49546234737829986,0.07028401686285182,0.08971148991896277,-0.0352823938836129,-0.0025653969406594698,-0.0003865486394724373,0.08871188153644972,,,
FAC_rank_vol_m6_n3_pairwise1,2010-09-30,60,0.1912087125001567,0.08233296225979325,0.008751617558037566,,-0.7255336163805925,-0.11308481882841649,0.1626205017898761,-0.0637731383886474,-0.019101419047381028,-0.00014876369153924243,0.1447787381154808,,,
FAC_rank_vol_m6_n3_pairwise1,2010-10-29,56,0.07901885031088274,-0.05529090068544673,-0.15032656800327737,,0.3183775057175395,-0.05397234252335063,-0.07348993407538357,-0.001747113106489952,0.009867623734006037,-0.00016541846490645437,0.10773758326790313,,,
FAC_rank_vol_m6_n3_pairwise1,2010-11-30,59,0.27903390396378336,0.18007777313528306,-0.12306093163586494,,-0.2526018864034559,-0.10904067913705268,0.15733845797377458,-0.06803753917933048,-0.02962572435013347,0.0001263582804949005,0.10017427801845608,,,
FAC_rank_vol_m6_n3_pairwise1,2010-12-31,61,0.22060015233311625,0.11766054981107499,-0.054549087737521054,,0.7229786793213139,-0.15691551525245884,0.1794567308081572,-0.009884133295261143,-0.02306631941302482,-0.00011677678581590769,-0.005305367046318901,,,
FAC_rank_vol_m6_n3_pairwise1,2011-01-31,60,0.11256712932068424,-0.00689498788614662,0.013083671963449083,,-0.19180571866998544,0.05565222235995763,0.05562102063171154,-0.06272613761224997,-0.01441356181087275,0.00025063596468384634,0.005038287616941678,,,
FAC_rank_vol_m6_n3_pairwise1,2011-02-28,63,0.17581560558345866,0.07091940993044432,0.002599033426548055,,-0.8181679411193921,0.06492588674821584,0.07131034412606664,-0.05793934899476293,-0.015381823935037021,0.00018499408904127355,-0.008111698935502933,,,
FAC_rank_vol_m6_n3_pairwise1,2011-03-31,63,0.09403446641214841,-0.021270237862669017,-0.11503902182986178,,-0.1475968962255972,0.10829834624997797,-0.031550476590922555,-0.05295258097027126,-0.01057670916737226,0.0006931298222349566,-0.01874996407238504,,,
FAC_rank_vol_m6_n3_pairwise1,2011-04-29,64,0.23861506671333144,0.14344195005249794,-0.09902003511072449,,1.0141858340895993,-0.012722025734364222,0.07766785378563261,-0.06569458553534328,-0.021697355699611693,0.00015355948826800168,0.09585565217663271,,,
FAC_rank_vol_m6_n3_pairwise1,2011-05-31,68,0.18211491912231748,0.08669499301992123,-0.016284311545494028,,1.1252299398962524,-0.19064830070045916,0.13955576507830675,-0.055879848163979305,-0.025407051694849192,-0.0003289204013410004,0.0825397980871743,,,
FAC_rank_vol_m6_n3_pairwise1,2011-06-30,69,0.22999967817967604,0.14163898551177,-0.14841088337543032,,-0.59514463493718,-0.038391456553549065,-0.18471980085837786,-0.06443271289248102,0.02184953273259839,0.00034654977518564693,0.07387876308116131,,,
FAC_rank_vol_m6_n3_pairwise1,2011-07-29,68,0.3598492909644282,0.2851650415769449,-0.10101813565694745,,-0.6254862701168297,0.03936707094595691,-0.5726261590177544,-0.06336073017338671,0.053541170174850904,0.0009696764845526009,-0.05829731748108242,,,
FAC_rank_vol_m6_n3_pairwise1,2011-08-31,73,0.22125863935311063,0.13739418512959944,-0.03259778770128454,,0.20532106761864616,0.07990106098222889,-0.45649334147224757,-0.03754303567767099,0.021806550613386055,0.0010196578586558385,-0.07491000686656409,,,
FAC_rank_vol_m6_n3_pairwise1,2011-09-30,76,0.16125829413555537,0.07491723617892143,0.011428891736383506,,0.596014567459431,0.038956957415915906,-0.19889987784607305,-0.035995145575736014,0.0067504673168283045,0.0002677801266626725,0.03376319730961629,,,
FAC_rank_vol_m6_n3_pairwise1,2011-10-31,75,0.10636686086285885,0.013002204535097706,0.0030218639231723637,,-0.18120315057348127,0.1263314074023143,-0.11230704959952484,-0.02377568919274322,0.007354972982724861,0.0003311668936513994,-0.017122927207495184,,,
FAC_rank_vol_m6_n3_pairwise1,2011-11-30,77,0.4226191814249314,0.36404431577238816,0.012167332385776181,,-1.2638757633713498,0.029015908344936905,-0.2175127824217021,-0.0031375164051787676,0.019835354073448414,0.00027398240017629784,-0.052111203123951184,,,
FAC_rank_vol_m6_n3_pairwise1,2011-12-30,79,0.029964941663363942,-0.06567231760926218,0.09374978536931758,,-0.01158596064032203,0.08164433824588244,-0.0024638435245071966,0.012217007201323507,0.007658299327582357,-0.0003749579184788935,-0.03061090923772886,,,
FAC_rank_vol_m6_n3_pairwise1,2012-01-31,79,0.4851792930179941,0.43442232190709207,0.06268147731901777,,-1.4573905137470295,0.26816121533502,0.032362178105075794,0.01868747009421599,0.011445363381056324,-0.0006171150904007454,-0.0041195382873323,,,
FAC_rank_vol_m6_n3_pairwise1,2012-02-29,84,0.37489813060371047,0.31732295842247327,-0.33307177241887126,,1.9353256970508153,-0.03783377965919195,-0.39449202819528467,0.014394091885651801,0.051185196613250175,0.00030763265599682057,0.17504733856347332,,,
FAC_rank_vol_m6_n3_pairwise1,2012-03-30,81,0.2309989115527249,0.15725908115367115,0.07640962441607618,,1.7251488578698477,0.17846147688148808,0.1680774854090284,0.023395988798146476,-0.03140419394142938,-0.0004378900572707739,0.03623180673586628,,,
FAC_rank_vol_m6_n3_pairwise1,2012-04-27,83,0.296697533651202,0.2310559701253141,0.027963920768128543,,-1.4462195671536717,0.6495569412965112,0.3099365779849078,0.04782758207591401,-0.0611612543649367,-0.0004046181402141256,0.06500530025274397,,,
FAC_rank_vol_m6_n3_pairwise1,2012-05-31,88,0.17063481770728417,0.09806536425667145,-0.11351046105610195,,0.24247061225410318,0.24195068736055186,-0.1081146413615015,-0.009314293846824475,0.00782328796672176,0.0001140090685184094,0.018982403631017986,,,
FAC_rank_vol_m6_n3_pairwise1,2012-06-29,89,0.08881612699245556,0.010071841670815873,0.018670060494007858,,0.045275919749441465,0.07535070453857069,-0.12893543007479932,0.03423276669710379,0.02742033062974275,-0.0002922605030524857,-0.013221958177965641,,,
FAC_rank_vol_m6_n3_pairwise1,2012-07-31,92,0.06686700555237546,-0.010894077318259976,0.14463121066002899,,-0.4350816577935785,0.005100516354020074,-0.22384507777042562,0.014434232515201992,0.03273417151203857,-0.0003015822777941178,-0.05450198155328841,,,
FAC_rank_vol_m6_n3_pairwise1,2012-08-31,97,0.062189282512511546,-0.01157111099774033,0.21117591957667642,,-0.32257341357858116,-0.04413064375792702,-0.12866555148551842,0.022981825900750236,0.026248755416377823,-0.0004430094766267476,-0.07864576376936849,,,
FAC_rank_vol_m6_n3_pairwise1,2012-09-28,104,0.11400416066968211,0.049400297385179814,0.20027295548770568,,-0.37072845004229943,0.24966320849814785,-0.14644573801666239,0.004484976337978206,0.013590111966044668,4.430710746785634e-05,-0.08169088972542868,,,
FAC_rank_vol_m6_n3_pairwise1,2012-10-31,106,0.08870721194526199,0.02361486994135209,0.10818872463901594,,0.9353165338384011,0.02585454201307984,-0.0678907238672711,0.013504458390741448,0.011297173012304033,4.9887371432530524e-05,-0.017815866532865002,,,
FAC_rank_vol_m6_n3_pairwise1,2012-11-30,111,0.24337359157345684,0.19195237935029363,0.34365100521930353,,-1.8709733922898633,0.05386895944773413,-0.15141664929022264,0.02109427869248327,0.008246653803605933,-0.0002467104019065979,-0.19604061842286313,,,
FAC_rank_vol_m6_n3_pairwise1,2012-12-31,118,0.15819938681353718,0.10463025688348959,0.17727481838232567,,-0.8220425592402559,0.03476528899531445,-0.5588107988558834,0.038290281863514644,0.06333745420960019,-0.0010545172262233775,0.04320660266706302,,,
FAC_rank_vol_m6_n3_pairwise1,2013-01-31,122,0.15313437992581003,0.10113385939493869,-0.07441982372761612,,0.01785925595310031,0.298124778626231,-0.5970826741710182,0.06183814183322845,0.06365553269101638,-0.0007984384707500887,0.12450631513765084,,,
FAC_rank_vol_m6_n3_pairwise1,2013-02-28,120,0.4054907412210593,0.36833391254737546,-0.08588485198760493,,2.5887476858910032,0.21728408111365694,-0.35343313793942654,0.012101045726367358,0.02598923561091357,-1.9771984167020463e-05,0.08993755969789297,,,
FAC_rank_vol_m6_n3_pairwise1,2013-03-29,124,0.2654883119743179,0.22116433080035436,0.029475238678388756,,1.3173659634332828,0.11800141575020176,0.5135271376672415,0.036339703534300695,-0.05497005027842974,-0.0003122592024393686,0.09086242401486204,,,
FAC_rank_vol_m6_n3_pairwise1,2013-04-26,124,0.30371461286863133,0.2616973912313936,-0.08409220061022066,,1.4037751403145462,0.26959865699458724,0.16220689990817155,0.03120858764631088,-0.01077540247090655,-0.00014360086561683913,0.1667796957754095,,,
FAC_rank_vol_m6_n3_pairwise1,2013-05-31,126,0.20209744037725386,0.15476423768776892,-0.14313476180626775,,0.17293198422663258,0.2155222369943868,0.16539692015832777,0.02895551565862764,-0.0021251357001836834,8.828299198243827e-05,0.09538142115292086,,,
FAC_rank_vol_m6_n3_pairwise1,2013-06-28,125,0.11494413226431821,0.06199207180149957,-0.05310885715960557,,-0.5857720004968491,0.18432011711071156,0.22109302276636122,0.02083462027078089,-0.007710202294929731,-6.514376292012562e-05,0.06373785242849456,,,
FAC_rank_vol_m6_n3_pairwise1,2013-07-31,128,0.2976928999492898,0.25672498577966507,0.017342460738984437,,0.9967978272544681,0.046372369747654775,0.06524464411469623,0.059589255829992804,-0.0005414026865603121,1.1517029847239692e-05,-0.06299962011861793,,,
FAC_rank_vol_m6_n3_pairwise1,2013-08-30,133,0.1407754043384828,0.0926588269814379,0.02700412170655352,,0.12195484884277283,0.21416629917604457,-0.22495875189223605,0.051037148087047166,0.05261011944026496,-0.00031573451191849297,-0.07905145896285462,,,
FAC_rank_vol_m6_n3_pairwise1,2013-09-30,134,0.07679861354530981,0.02550964763116037,-0.025579690836771793,,-0.5084276052641404,0.02381142822730355,-0.09580017805372018,0.033120733540909324,0.05147015828263073,-0.0005815639335052489,-0.04395698550382928,,,
FAC_rank_vol_m6_n3_pairwise1,2013-10-31,138,0.1363901812806022,0.0898881141187885,0.0017411980848214843,,0.3444706998546142,0.1304819856877572,-0.14728186226748313,0.0336621696558628,0.02720047767062078,-0.000285296509035745,-0.07403768537106563,,,
FAC_rank_vol_m6_n3_pairwise1,2013-11-29,141,0.22633498021188825,0.1856157686440929,-0.0347900200157409,,0.8877172110270876,0.02160567455386387,-0.14222441131733782,0.022596176648916375,0.047321078952511836,-0.00046947238830679516,-0.08762441064064648,,,
FAC_rank_vol_m6_n3_pairwise1,2013-12-31,142,0.13057111259716336,0.08515318564328389,0.0317002650026937,,-0.6677913043763475,0.0959401689417517,-0.15210164586631225,0.03615311782216678,0.039589751342795194,-0.0006132546653963479,-0.09239056698475889,,,
FAC_rank_vol_m6_n3_pairwise1,2014-01-30,130,0.19286821715476543,0.1465573771554487,0.1810606959079339,,-0.2036638336807496,-0.1077044431243835,-0.0554524214402996,-0.0019000453184404005,0.047607189346137155,-0.0008252323886173533,-0.15395174369647613,,,
FAC_rank_vol_m6_n3_pairwise1,2014-02-28,130,0.12250773617497834,0.07215981939813287,0.12990511404960153,,0.5068112468574,-0.10598799401181418,-0.11168615314248911,0.016865929020363844,0.04493932538132484,-0.0005332140023945293,-0.08117829451469723,,,
FAC_rank_vol_m6_n3_pairwise1,2014-03-31,128,0.13717232193405926,0.08684070738021277,0.15439263262881792,,0.41035338864569765,0.25310701030631866,-0.22718970271173256,0.012924907121483037,-0.006234133087397009,0.00025605991055597355,0.021259061796533876,,,
FAC_rank_vol_m6_n3_pairwise1,2014-04-30,127,0.2014035565585085,0.1544272951795972,0.1683136924819122,,-0.05206877158733669,0.37683189751859925,-0.39183136448752515,0.015743627714785022,0.006460636096176629,0.0003554743972173345,-0.005543603886483935,,,
FAC_rank_vol_m6_n3_pairwise1,2014-05-30,130,0.19708642177533642,0.15101760990998692,0.24089255334157744,,0.9239829727686163,0.24608643351272866,-0.06919550826129409,0.047350597740288575,-0.0628810332821445,0.0004451043167919357,-0.0697476750094298,,,
FAC_rank_vol_m6_n3_pairwise1,2014-06-30,125,0.11017539705143964,0.056938027644260814,0.32124693675447247,,-1.6667368498802502,0.2900786974762945,-0.5592182974445172,-0.00454917683567155,-0.05111675224371844,0.0014636567238950201,-0.08027161977729615,,,
FAC_rank_vol_m6_n3_pairwise1,2014-07-31,123,0.16749949787648133,0.1168255542689628,0.25322503967977666,,0.6053650907375602,0.2467620814649637,-0.16381281477349893,0.030283863427486204,-0.062302616149062594,0.0009999336223299091,-0.0895594923836844,,,
FAC_rank_vol_m6_n3_pairwise1,2014-08-29,123,0.05416902137753121,-0.003403299060358078,0.3693714905774203,,-0.5054005529897972,0.17318725007050312,-0.12252313869848577,0.04395369237843497,-0.05104014132085826,0.0005740921921682381,-0.10688679645216105,,,
FAC_rank_vol_m6_n3_pairwise1,2014-09-30,122,0.05144009839350838,-0.00680480784548676,0.4907399251012452,,-0.1376586914352933,0.03426763348224664,-0.13643011282669595,0.12881546676543748,-0.029161860481001885,0.0001810920605394035,-0.15616216912000053,,,
FAC_rank_vol_m6_n3_pairwise1,2014-10-31,123,0.07288992225432755,0.016457134913286597,0.5891650290773579,,1.2616768990183496,-0.16412963799257935,0.0883927891631706,0.15639033933367863,-0.07336825102769254,6.40321728644411e-05,-0.004216346594831024,,,
FAC_rank_vol_m6_n3_pairwise1,2014-11-28,125,0.08161811997442747,0.026672195528453013,0.40493545782140133,,0.0363610470504176,-0.1392709065076811,0.14994890763014637,0.36621496686837157,-0.06978654320886518,-0.0009720651406915543,0.36500339237806967,,,
FAC_rank_vol_m6_n3_pairwise1,2014-12-31,116,0.5241501769567897,0.49330805879658157,0.6417088217630147,,-1.540376815541622,0.024903501876401623,0.1759413604047586,0.08018126835200037,-0.03554443894521669,-0.0011069692767891994,0.015440990335265213,,,
FAC_rank_vol_m6_n3_pairwise1,2015-01-30,111,0.11555947329676453,0.05545186468586505,0.32524596793045707,,0.5418098749126332,-0.15536371600834764,0.234221553686134,0.00906465467256547,-0.02792003078390077,-0.0005795175184640677,-0.00998586652808424,,,
FAC_rank_vol_m6_n3_pairwise1,2015-02-27,120,0.07130918764021343,0.013266011867726801,-0.018855847639165018,,-0.5536084989041152,0.010413086610248087,-0.022984136554562978,-0.01688277678074678,0.03580144910275741,-0.0002988025157950043,0.15095316677244852,,,
FAC_rank_vol_m6_n3_pairwise1,2015-03-31,117,0.10319385857896568,0.04560080362532126,-0.06899308631612958,,-0.19826681783535868,-0.11307630274322587,0.1688221223337968,0.006028717131369413,-0.013299586738727649,-0.0006489742944050159,0.10389574029547456,,,
FAC_rank_vol_m6_n3_pairwise1,2015-04-30,110,0.22091308487017924,0.16744633579264256,-0.018619402660262834,,-0.22439769571528675,-0.12987059463754005,0.05962413038858172,-0.0036572585020426688,0.016133222815529803,-0.0010073205957056026,0.14972940075616042,,,
FAC_rank_vol_m6_n3_pairwise1,2015-05-29,100,0.3579048326275521,0.30904976554486585,-0.08206828268050988,,-0.3338180232692111,-0.10157786851086344,0.02758020628451591,0.07366087278985867,-0.0026143393001712132,-0.0007562114424519868,0.08361489541676653,,,
FAC_rank_vol_m6_n3_pairwise1,2015-06-30,85,0.12564744115629445,0.04616084489777583,0.113572554999282,,0.29507381226599066,-0.09593205878549761,0.024972546426541557,0.04735282012362141,-0.009943018094501774,-0.0003755034897239784,-0.048083226309302535,,,
FAC_rank_vol_m6_n3_pairwise1,2015-07-31,82,0.2266400812049293,0.15348441321080097,-0.006300720187037261,,0.5326208647593069,-0.005281184990272902,0.0463905019330576,0.03433091837014408,-0.04301898573924549,-0.0003263561373128558,-0.09970387767177956,,,
FAC_rank_vol_m6_n3_pairwise1,2015-08-31,88,0.10283569058753572,0.024333813513945146,0.0030534092172856287,,-0.12909921293540738,-0.020554789224034524,0.005006621260776129,0.04025774801495851,-0.019586882032573503,-5.726196199891614e-05,-0.10855792401209577,,,
FAC_rank_vol_m6_n3_pairwise1,2015-09-30,82,0.028827373045002602,-0.06304030788317272,0.13424132578691944,,-0.0046955729266164245,0.0018618378714784411,0.013952509955021385,-0.013323729682620947,-0.025467445289888636,-4.997542286105159e-05,-0.027345170894416106,,,
FAC_rank_vol_m6_n3_pairwise1,2015-10-30,83,0.1416784580243613,0.061568447439968255,0.004023171311926193,,-0.3210224101145654,0.011892389756857774,-0.06681752704248929,-0.0038669020822317025,0.03644720796522279,8.2298607851006e-05,-0.028231856967062232,,,
FAC_rank_vol_m6_n3_pairwise1,2015-11-30,87,0.26825286760675404,0.20341451410355504,-0.10504773198030116,,-0.6902601507461651,-0.013188937698437654,-0.0721112374880358,0.0020095035740311856,0.04593603571193831,-0.00011648667614611906,0.050051898221934864,,,
FAC_rank_vol_m6_n3_pairwise1,2015-12-31,90,0.14728792217508346,0.074495427726615,-0.055127854920419314,,-0.27462580570105893,-0.048519714060957876,-0.08165289950533067,-0.01240615504308689,0.03214264723766043,0.0001224499314352791,-0.02226862389880673,,,
FAC_rank_vol_m6_n3_pairwise1,2016-01-29,90,0.18778579865641976,0.11845044000513849,0.05096519401651172,,-0.15115400820002625,-0.001634046193318564,-0.1327737281573468,-0.03317368902886191,0.0445586258178855,0.0006716809773343762,0.1129733986850639,,,
FAC_rank_vol_m6_n3_pairwise1,2016-02-29,93,0.05497345928437514,-0.02285225583338213,0.15751368229404647,,-0.4227123345317364,0.015459759273876487,-0.06662256470633937,-0.03240772948576871,0.022389788674715423,0.00029711169879724356,0.0837323149684489,,,
FAC_rank_vol_m6_n3_pairwise1,2016-03-31,95,0.156415945051682,0.08854136591790929,0.04310694318019248,,-0.10831660309334008,-0.046737461396158385,-0.14701283828366637,-0.00873638655646961,0.0769100626455337,0.00011502412055686796,0.03158968876502407,,,
FAC_rank_vol_m6_n3_pairwise1,2016-04-29,94,0.22345107927173946,0.1602436089799043,0.07781848190726776,,0.7694515936180083,0.0616117625209789,-0.02726112511523377,0.018226067617382047,0.010869808270259759,-3.465983947735806e-05,0.012745713089632753,,,
FAC_rank_vol_m6_n3_pairwise1,2016-05-31,99,0.2660184059241312,0.2095582833029105,0.15346318689950583,,-0.5497848589960371,0.2632896920615372,0.022797515727073517,-0.0010282611678656276,-0.03351858978069446,0.00020133088691552564,0.023319407051502976,,,
FAC_rank_vol_m6_n3_pairwise1,2016-06-30,103,0.31004847709775196,0.2592099438312705,-0.03249786031587097,,-0.7655762970565037,0.1638244200830033,-0.1347976998540533,-0.01440756682861684,0.014872024193140584,0.00047910660047331444,0.1226798996323457,,,
FAC_rank_vol_m6_n3_pairwise1,2016-07-29,104,0.2693169568941036,0.21603798500096527,-0.09472925234608369,,0.4930705855296751,0.10086643752501999,-0.05965756767118997,-0.008598848374705892,-0.00218756903269976,0.00016733659417597415,0.11395086001158529,,,
FAC_rank_vol_m6_n3_pairwise1,2016-08-31,117,0.2709562035841455,0.22413687720881548,-0.09249462368451866,,-0.20866552338896785,0.04726763795938024,-0.3391369403941687,-0.01889261019045637,0.08311502552299958,0.0003521671152388917,0.1085820703524781,,,
FAC_rank_vol_m6_n3_pairwise1,2016-09-30,125,0.14175940634348028,0.09041167851787646,-0.008471385579749836,,0.10300200408878585,0.03018418174863477,-0.2328755266743814,-0.03901026816590295,0.03994160345737058,0.00048763594804857323,0.041864734175412234,,,
FAC_rank_vol_m6_n3_pairwise1,2016-10-31,138,0.1471611183108874,0.10123902468147361,0.04809613076605315,,-0.2472048679704157,0.09593237322371813,-0.20748939502555452,-0.04507237548492462,0.02542976826311623,0.0006338116797446841,-0.05235750467343504,,,
FAC_rank_vol_m6_n3_pairwise1,2016-11-30,151,0.1008374794329725,0.056822530873747334,0.009172232202264397,,-0.059246737093509146,0.06027319195267766,-0.2606279232841695,-0.04065341922865158,0.05019597751943407,0.0005345146726389675,-0.05401438729549403,,,
FAC_rank_vol_m6_n3_pairwise1,2016-12-30,173,0.1224593028183889,0.08523030354401762,0.21468599090061077,,1.3384892498103553,-0.04222610865680646,-0.050775565876168396,-0.039213983687091364,-0.01913697542039787,0.0006243544622538821,-0.1113376271178654,,,
FAC_rank_vol_m6_n3_pairwise1,2017-01-26,193,0.15413456896097932,0.12212884994869211,0.20100115601151006,,1.2828413208248157,0.032106449605761984,-0.0633147196175932,-0.01308323474511884,0.004722641571853881,0.00035263040505909124,-0.14997291599692955,,,
FAC_rank_vol_m6_n3_pairwise1,2017-02-28,219,0.07674647540276036,0.046117211553562854,0.023684788517914293,,1.5494435181374209,-0.008168620255885203,-0.1608388513682888,-0.009991285036979734,0.006037607442396328,0.00044122992933932366,0.0028008466557246205,,,
FAC_rank_vol_m6_n3_pairwise1,2017-03-31,221,0.2571979907968124,0.23278665716102687,0.022541556462738116,,1.419236631367002,0.04522161092504317,0.020373409146100026,-0.007193218207186579,-0.022192899299320716,0.00040537618555825945,0.04207737016903884,,,
FAC_rank_vol_m6_n3_pairwise1,2017-04-28,229,0.20134917137956831,0.17605253879883065,0.1916620444875722,,1.565918865958631,0.012601227269302498,0.017854752149105167,0.00420696469471159,-0.014031758284315864,0.0002658913118819551,-0.07520703650498979,,,
FAC_rank_vol_m6_n3_pairwise1,2017-05-31,237,0.14620010905970182,0.12010142243707267,0.17318745079647332,,0.6482295245775642,0.1529956810665368,-0.08379520351289793,0.014202039083879854,-0.007143197931086366,0.0002482254537157204,-0.06374408588509659,,,
FAC_rank_vol_m6_n3_pairwise1,2017-06-30,232,0.39896067633617815,0.3801781974716837,-0.04612013326711132,,1.6205338400961216,0.16685848632501737,-0.2029839928476591,0.02232438586795639,0.021870965443757207,-0.0001471730892235444,0.03158928196486163,,,
FAC_rank_vol_m6_n3_pairwise1,2017-07-31,236,0.2414391193856229,0.21814996954219912,-0.007223836719867384,,-0.40950009903435136,0.4136035717738172,-0.2384620095008653,0.018120525441039932,0.024957469021514956,-7.283338274966878e-05,0.08655590047630243,,,
FAC_rank_vol_m6_n3_pairwise1,2017-08-31,246,0.25938034020053535,0.23759740902996285,-0.025451286762696014,,-0.5356844429987886,0.3172476374957142,-0.05610279028604875,0.019182682689700265,0.019431488391393748,-0.0002436972504018549,0.058954079815716945,,,
FAC_rank_vol_m6_n3_pairwise1,2017-09-29,256,0.10265300244929398,0.07732465977649172,-0.005155590206476612,,0.029813623466592276,0.165221282246845,-0.015147156777271405,0.03049907144068907,0.012348710299700236,-0.0003475496570527244,-0.007718800656917678,,,
FAC_rank_vol_m6_n3_pairwise1,2017-10-31,258,0.03933453181276991,0.01243589870352746,0.011821203230941886,,0.014558101412797488,0.02137768202590469,-0.10160842136947405,0.01569755089444954,0.03064436587360251,-0.00042195032106401526,-0.0774890351416626,,,
FAC_rank_vol_m6_n3_pairwise1,2017-11-30,272,0.04534688091716266,0.020034108820269347,-0.0006758678242309466,,-0.1955034811632299,0.14339526288829743,-0.18319423940704427,-0.001871889663374636,0.04586165674103578,-0.0002794505117624746,-0.010773343056305708,,,
FAC_rank_vol_m6_n3_pairwise1,2017-12-29,272,0.10450563548440217,0.08076146672830675,-0.012378783686259774,,0.96878987218376,-0.06485720526957611,-0.061302532241074285,0.009691007116724803,0.014900845868940091,-0.00015491476224734443,-0.09146345894017155,,,
FAC_rank_vol_m6_n3_pairwise1,2018-01-31,269,0.06572384316214785,0.04066662822779943,-0.07664716074970333,,-0.4046802057470287,-0.021608929695513725,-0.06406255372380654,0.00900506989329288,0.018643518273022856,-0.00019348151872845913,-0.018329945721297793,,,
FAC_rank_vol_m6_n3_pairwise1,2018-02-28,270,0.09734692428856684,0.07323023905963544,-0.27527290028641327,,0.10239683868330766,0.0011328353217125785,-0.1548598686657731,0.023885836760411058,0.018413602563856307,-0.00010386720121129914,0.17757014571346638,,,
FAC_rank_vol_m6_n3_pairwise1,2018-03-30,269,0.10571369538764219,0.08172900522562498,-0.28877517759698773,,-0.3086078590632579,0.11613850189743641,-0.11386030422799799,0.010982295554628109,0.008698349178110538,-2.451443154988713e-05,0.17888580807383833,,,
FAC_rank_vol_m6_n3_pairwise1,2018-04-27,274,0.26466246671847204,0.24531147900053707,-0.24943855921018596,,1.2053635124025335,0.025463618546854562,-0.04783309963439213,0.012665043977085729,0.006643163722095329,-2.8324165420759405e-05,0.11377864460139092,,,
FAC_rank_vol_m6_n3_pairwise1,2018-05-31,281,0.11001856520112818,0.08719852841141351,-0.2444670096253021,,-0.3553285636954479,0.011313726231200997,-0.17390189931778383,0.016652204869748725,0.031541294370024855,-0.00017472674642443858,0.07779533441511288,,,
FAC_rank_vol_m6_n3_pairwise1,2018-06-29,278,0.15875981271522577,0.13694988193376856,-0.2072864722838016,,0.8021807266622185,-0.08709468988560315,-0.22440436845299425,0.00275474605472273,0.03684042982959573,-4.9329331916453694e-05,0.10661401418774988,,,
FAC_rank_vol_m6_n3_pairwise1,2018-07-31,270,0.30595807938146424,0.2874149746321141,-0.2046736098171574,,1.0066283382733145,0.1069152963313838,-0.2050226405570626,0.016038059849796782,0.020888572506017774,-3.616078459095473e-05,0.10672759264012727,,,
FAC_rank_vol_m6_n3_pairwise1,2018-08-31,273,0.063634960963742,0.0389007901212749,0.0729111180584686,,0.39946212734532544,-0.010578422863758864,-0.12372210327492435,-0.010707387073183028,0.018883065095357286,7.56670664248311e-05,0.0023904613681716676,,,
FAC_rank_vol_m6_n3_pairwise1,2018-09-28,274,0.030363429962239397,0.004846678119140524,0.19419041293863504,,-0.3220386638939644,-0.05914507078770887,-0.14935714358620758,-0.004901133047391643,0.02878040752831138,2.497553220439289e-07,-0.07885039064956323,,,
FAC_rank_vol_m6_n3_pairwise1,2018-10-31,269,0.1946785537282424,0.1730798942496895,0.24233543269495458,,-1.1729976634044859,-0.1283586234736953,-0.152036333784729,-0.0096714098087376,0.040827508704248984,-0.00011073760907922241,-0.14787139691347057,,,
FAC_rank_vol_m6_n3_pairwise1,2018-11-30,272,0.08777152654460207,0.06358365035449687,0.274048609178407,,0.7178511616202993,-0.03766287355666844,0.013826264124484717,-0.01924348016853222,0.002496495754987078,7.895386073822832e-05,-0.16973078425448568,,,
FAC_rank_vol_m6_n3_pairwise1,2018-12-28,278,0.09327991278555336,0.06977235496888257,0.38853454726428066,,-0.7279319163939968,-0.117480168765798,0.016863068215972134,-0.001485358730789064,0.012619742513258377,-0.0001087727394716547,-0.2320196480208974,,,
FAC_rank_vol_m6_n3_pairwise1,2019-01-31,269,0.1076530864951839,0.08372041065405855,0.30937939021131017,,0.7984065230060106,-0.0002795757873557206,0.16106944196591688,0.006642838661442259,-0.05010303932982558,-1.0864928757905335e-05,-0.1348640334506406,,,
FAC_rank_vol_m6_n3_pairwise1,2019-02-28,283,0.052626799798425994,0.028511845611476905,0.16704762752959965,,0.0810905061716086,0.26882093695274784,0.20265380183124101,0.014003267061549364,-0.041247596164870386,-0.00019316596191548493,-0.03837608368035867,,,
FAC_rank_vol_m6_n3_pairwise1,2019-03-29,287,0.11113527331168349,0.08883400776753214,0.07069334419967975,,0.4926711395450417,0.0494662826521964,0.04519534106793477,0.022991630536742975,-0.001934510413910482,-0.00032252703528375554,-0.052540568773068695,,,
FAC_rank_vol_m6_n3_pairwise1,2019-04-30,286,0.04213047951523441,0.01801146281238053,0.12850875199705783,,-0.3970928199436345,0.10327780502289224,0.09780309364539051,0.02159898602717443,-0.007037729679477149,-0.0003422441471631646,-0.04358547827526489,,,
FAC_rank_vol_m6_n3_pairwise1,2019-05-31,289,0.08927676634043469,0.06658971069766983,0.21703044690327625,,-0.6528985031333248,-0.06882193562702947,0.11160364754251272,0.016411076428785223,-0.0010391729900241903,-0.0004873658589125956,-0.11602127127125522,,,
FAC_rank_vol_m6_n3_pairwise1,2019-06-28,297,0.09291671107999933,0.07094583556982637,0.3134253880608436,,0.1486167365918143,-0.1372838712212777,0.2502633790974578,0.008426241916064614,-0.03735767260204003,-0.0004304681339065098,-0.148541547630971,,,
FAC_rank_vol_m6_n3_pairwise1,2019-07-31,301,0.23177165708411118,0.21341807892571107,0.3211559003585255,,2.171326448870498,-0.3220667641799023,0.2625035587020341,0.03165056217326048,-0.04138624114875278,-0.0003993345054632008,-0.2097831911399927,,,
FAC_rank_vol_m6_n3_pairwise1,2019-08-30,298,0.2202938770056706,0.2014733843816695,0.4110197392673535,,1.8436388452574983,-0.378510321362086,0.22973468892933133,0.009134008113441597,-0.03410810407059463,-0.00044710844035479624,-0.23555052337200008,,,
FAC_rank_vol_m6_n3_pairwise1,2019-09-30,302,0.2289304237655475,0.21057162433139387,0.05580854840599622,,1.2611047251722642,0.18628562597912351,-0.026722088933524017,0.001607956852013459,0.009366554543358026,7.57558517245207e-05,-0.020832951588437006,,,
FAC_rank_vol_m6_n3_pairwise1,2019-10-31,311,0.10565961617921216,0.08499828718005209,0.13594265375363468,,-0.7729718751807606,0.24356804567342516,-0.1621392797401235,0.003073912710566508,0.04385176698854241,-6.118019583064752e-05,-0.038498008014392696,,,
FAC_rank_vol_m6_n3_pairwise1,2019-11-29,325,0.17997254149059227,0.161864679630763,0.057838562214458954,,0.08875239693511101,0.3623267942599547,-0.12139013925155659,0.017849025127282186,0.01685726630697752,5.553582997136758e-05,0.03286199206511887,,,
FAC_rank_vol_m6_n3_pairwise1,2019-12-31,340,0.3159774390630157,0.30155527663362147,0.3203012440632949,,-1.6693930667726256,0.4552961877839451,-0.07963342594171602,0.024884594424287615,-0.014217232321645196,0.000175618670608201,-0.20295441674777318,,,
FAC_rank_vol_m6_n3_pairwise1,2020-01-23,346,0.20418142911291848,0.18769997941999084,0.5633631329620385,,-0.5519046562548108,0.3184279305714042,0.19192140867225413,0.02967689273271951,-0.0840995182551688,0.00011106261856079386,-0.3819288099717446,,,
FAC_rank_vol_m6_n3_pairwise1,2020-02-28,352,0.07899157258708278,0.06025012202926183,0.6310432309049203,,-1.1175019052609547,0.20950038681750216,-0.07830017771295189,0.011282861817639928,-0.00982803505672967,0.00012974934506734185,-0.3421359650158319,,,
FAC_rank_vol_m6_n3_pairwise1,2020-03-31,355,0.05162089183525598,0.0324893248117597,0.4899417307438681,,-0.11507915153889818,0.1658884692036043,-0.09247456585320478,-0.004875007308817301,0.0004614016332116721,-4.719395209998613e-05,-0.10248448877270475,,,
FAC_rank_vol_m6_n3_pairwise1,2020-04-30,360,0.13657287276758567,0.11940244694194102,0.3895312165750367,,1.23716639551456,-0.012978196587954226,-0.216576320533481,-0.00802987392758211,0.045244734257751384,-7.258004577896077e-05,-0.1489358217696062,,,
FAC_rank_vol_m6_n3_pairwise1,2020-05-29,377,0.07919213115392965,0.061724231202920254,0.4222312130621847,,-0.13933887622549154,-0.1324933711842437,-0.013167134891375023,-0.004465361775584555,-0.013580984144387435,-7.550023648571809e-05,-0.016007902754086235,,,
FAC_rank_vol_m6_n3_pairwise1,2020-06-30,373,0.10827875625633565,0.09117725295166268,0.5443591859972552,,0.2545381215794243,-0.16560968529682502,-0.14391001725403751,-0.005350211976555125,0.0271017931763006,-9.145347445534232e-05,-0.22505591477436668,,,
FAC_rank_vol_m6_n3_pairwise1,2020-07-31,379,0.15122116317549505,0.1352064681410704,0.23679202922784057,,0.8178579518755875,-0.07060635405568275,-0.11040972317677336,-0.009231430995237277,0.03464134610956557,-0.00010547129798096252,-0.1563020149861305,,,
FAC_rank_vol_m6_n3_pairwise1,2020-08-31,390,0.032511874092052584,0.014783034088503788,0.18487980871349033,,0.19570578113621445,-0.06413756854742267,-0.025268425462923273,0.000577988329818954,0.010232180916188655,-0.00013074861499957132,-0.03259713670157539,,,
FAC_rank_vol_m6_n3_pairwise1,2020-09-30,396,0.11183485630123358,0.09581125834790538,0.09330971014913274,,0.9573229484346165,-0.0011644481453502533,-0.037270315086138824,-0.0011012363070125777,0.02460612857287481,-0.00011554988311420762,0.08228678961935405,,,
FAC_rank_vol_m6_n3_pairwise1,2020-10-30,398,0.2102511067623276,0.19607612662729257,0.1242797521766901,,1.370613292943152,-0.02418092601642148,0.05584956653970321,-0.0004837090959554147,-0.03771921358117934,-1.7964994913856686e-05,0.00897676130222296,,,
FAC_rank_vol_m6_n3_pairwise1,2020-11-30,424,0.24935067677889677,0.2367195583593109,0.1944064973672515,,-0.9350913020668702,0.16976939684542322,0.012591789316089112,-0.0020714432594723946,-0.014662374662264008,-1.4344245156239339e-06,-0.12536207607928737,,,
FAC_rank_vol_m6_n3_pairwise1,2020-12-31,436,0.13981757837546804,0.1257491742834781,0.19303103998498175,,0.2299372168495167,0.05093659737307895,0.00490107964426822,-0.018140484559813923,-0.014306582958404701,-4.722939364667651e-05,-0.15351694836235663,,,
FAC_rank_vol_m6_n3_pairwise1,2021-01-29,432,0.09116664221678639,0.0761623179137616,0.23377723946281742,,-0.6211153242522802,-0.03518856782280343,-0.11351197303215203,-0.03260841811576725,0.06556476833714127,-4.570357802283357e-07,-0.17998245240624927,,,
FAC_rank_vol_m6_n3_pairwise1,2021-02-26,458,0.13561862615291687,0.12217269367085115,0.24897526574720585,,-1.1645487788318463,-0.20845292593745016,-0.0032582663330090415,-0.031434006794671294,-0.029556348326011353,0.00014000521070227075,-0.05157125412804544,,,
FAC_rank_vol_m6_n3_pairwise1,2021-03-31,460,0.15971398069111764,0.14670070163102422,0.4031329956001792,,-1.6586545296759843,-0.030998446394570833,-0.008618213010050418,-0.051916204908584854,-0.037848023730767885,0.0003414496632340236,-0.3774547959534232,,,
FAC_rank_vol_m6_n3_pairwise1,2021-04-30,483,0.06447911000244821,0.05069248636037904,0.30580421304740935,,0.7061365391971073,-0.12534058336907652,0.09415479192507105,-0.024399943018503758,-0.09467804499432918,0.0003008940236163749,-0.19744827460736017,,,
FAC_rank_vol_m6_n3_pairwise1,2021-05-31,518,0.278020776681559,0.26811125793012935,0.1868578802038287,,2.6782357907049072,-0.07241299344137958,-0.004494071727650733,-0.023329976530894924,-0.027680273762315414,0.00025372630896466187,-0.24864505091622657,,,
FAC_rank_vol_m6_n3_pairwise1,2021-06-30,515,0.1499334422764803,0.13819682313631332,0.14319454409402504,,0.5924510538385152,0.08582568178382537,-0.05296737921702404,-0.0033529348272763474,-0.020124852462526408,0.0004594552654224217,-0.25950193290537144,,,
FAC_rank_vol_m6_n3_pairwise1,2021-07-30,528,0.04006387034803638,0.02714165321810602,-0.0014088122687753418,,-0.08954738355424965,0.0032803612418776506,-0.03026640031893637,0.00022397286734551354,-0.026559422280616623,0.0003395616411871798,-0.10813011143701673,,,
FAC_rank_vol_m6_n3_pairwise1,2021-08-31,553,0.1211186426701667,0.10983025826409554,-0.016623766456129976,,0.3723180129322407,-0.12700329489581097,0.02687468086869558,-0.0023830118351922816,-0.012891058162366215,8.371727414854449e-06,-0.05146184709184502,,,
FAC_rank_vol_m6_n3_pairwise1,2021-09-30,565,0.06601186806322601,0.05427413570495421,-0.1965114243153662,,0.009180504524729403,0.06965455666970868,-0.12094617447897547,0.001430222988137349,0.028219476320932208,0.00016027045410598454,0.03406600036318928,,,
FAC_rank_vol_m6_n3_pairwise1,2021-10-29,578,0.20073210519225626,0.1909165345542665,-0.23170434163672188,,-0.8321972673367377,0.017479947608174156,-0.11981732522181639,0.010556600851292211,0.02521924638653186,0.0001639600629810148,0.014152920408922501,,,
FAC_rank_vol_m6_n3_pairwise1,2021-11-30,604,0.17050656662057506,0.16076419408088383,-0.13840063128260785,,-0.32818693539864136,-0.09176523514216907,-0.03662303556641835,0.003245439058261516,-0.0015663353206109112,9.536878615715536e-05,-0.0342699253097938,,,
FAC_rank_vol_m6_n3_pairwise1,2021-12-31,596,0.08635136005200306,0.07547459052881267,-0.056892779116473356,,0.43061802014486894,0.005061181686813136,0.05053480853820735,-0.0013952193243415235,-0.018904651865707424,8.451911143761708e-06,-0.039936015400479793,,,
FAC_rank_vol_m6_n3_pairwise1,2022-01-28,611,0.18355452353666457,0.1740767153521815,0.0028770769492481993,,-0.37925876037331,0.13263155506221166,0.03111867267222465,0.0002596756757071966,-0.006852305602104904,-2.4609009722517426e-05,-0.08995279553962843,,,
FAC_rank_vol_m6_n3_pairwise1,2022-02-28,641,0.015367196276229622,0.004478681859063083,-0.06854757032070387,,0.04717706346100365,0.03627431883072523,-0.018839240037432665,0.0023401466443714425,0.0036434071175575175,-1.3912636953726472e-05,-0.006561742574265004,,,
FAC_rank_vol_m6_n3_pairwise1,2022-03-31,657,0.0928547062966758,0.08307039650326542,-0.12386912427289808,,-0.4889813113787865,0.0525042721831353,-0.0302484483526689,0.007140175234990379,0.010411658976528078,-2.088206045061315e-05,0.04185333968501253,,,
FAC_rank_vol_m6_n3_pairwise1,2022-04-29,705,0.5014424709211314,0.4964354369131657,-0.10290504502420923,,-1.6428288003463232,0.13159741583626447,0.012729776407797058,0.0036146933064223593,-0.004730889036300992,-3.4181771550505265e-05,0.004968378904205079,,,
FAC_rank_vol_m6_n3_pairwise1,2022-05-31,744,0.13649696816542656,0.12828430346047814,0.0851045981689383,,0.19450235989761303,0.13339185033823409,-0.053536269664526,-0.007486834313758713,0.0035606504391815204,0.00012468411425084613,-0.1097279920058509,,,
FAC_rank_vol_m6_n3_pairwise1,2022-06-30,758,0.21854791204206558,0.2112543592211249,0.021287178693432354,,-0.6362606909229478,0.011134838211933697,-0.08700886061361589,0.000443691125938883,0.022260483206322065,6.288561434457705e-05,-0.09383703951368834,,,
FAC_rank_vol_m6_n6_pairwise1,2010-03-31,51,0.125167144768909,-0.01724750608266401,0.0019045753515658781,,-0.6611726386332888,0.3153027513951919,-0.42403382013607405,0.03167651942061779,0.09074509539160817,0.00040468313654650184,,-0.13342304473058672,,
FAC_rank_vol_m6_n6_pairwise1,2010-04-30,50,0.17576111172890652,0.038387963683724324,0.27134168350031423,,0.40948960507642174,0.09712840047126733,0.07421607720244974,-0.03640034613640641,-0.01131259651422615,0.00012705595151432916,,-0.1446033438354004,,
FAC_rank_vol_m6_n6_pairwise1,2010-05-31,50,0.27136252820997575,0.1499229495783051,0.10338059340033313,,0.3862735877192673,0.28217426945155644,0.3277072844767982,0.024044714996261377,-0.057049933199675475,0.00023446134542468242,,0.00919047593540444,,
FAC_rank_vol_m6_n6_pairwise1,2010-06-30,52,0.2510178376241906,0.13186158451894814,0.3026042369612895,,-1.1647559295701955,0.5332004203298828,0.41673103866412303,-0.016615873410247693,-0.06498539379803406,-1.6606552842111394e-05,,-0.11532566722500656,,
FAC_rank_vol_m6_n6_pairwise1,2010-07-30,52,0.2669722391729781,0.15035418631413366,0.2855300217492145,,0.352458206634816,0.46030594819678905,0.2549871565882074,-0.011787686795766233,-0.03801028758301666,-0.0004995009075314811,,-0.19449603376739383,,
FAC_rank_vol_m6_n6_pairwise1,2010-09-30,50,0.16729743554639065,0.02851367480412237,0.08246972885075123,,-0.6750717054580874,-0.1506393517184956,0.03504953924322691,-0.048135982041684074,-2.5336032553497295e-05,-0.0002742057519780915,,0.049607068707499764,,
FAC_rank_vol_m6_n6_pairwise1,2010-11-30,50,0.27049428107207896,0.14890999458409215,-0.12033335935129305,,-0.26398246279491716,-0.1131659156189816,0.1433705339456369,-0.07122657784190452,-0.019254886855564136,4.093022579811438e-05,,0.09046692754387015,,
FAC_rank_vol_m6_n6_pairwise1,2010-12-31,53,0.22554630088242744,0.10507572546413846,-0.02633754617054295,,0.8587489813331979,-0.12790107149001728,0.19011972501693333,-0.009019245618395143,-0.03173836170988092,-0.0001588347182383091,,-0.029060988944614907,,
FAC_rank_vol_m6_n6_pairwise1,2011-01-31,50,0.1484788019205815,0.006558602240678502,0.1102963916373375,,-0.12105575588338087,0.088918165539316,0.044069825778091064,-0.07321747887420406,-0.015260940021837184,0.00017202360403915684,,-0.08605892929998629,,
FAC_rank_vol_m6_n6_pairwise1,2011-02-28,51,0.22905361640631194,0.1035507167515256,-0.057045349295424534,,-0.8555031479748837,0.1299154582352779,0.01815032756722722,-0.04572794564926125,-0.009315187920324626,0.00028514928523867865,,0.046245605463871485,,
FAC_rank_vol_m6_n6_pairwise1,2011-03-31,51,0.22583543562494224,0.09980864607551432,-0.2247576177147375,,0.2311084024025617,0.1525664263524623,-0.06769153536518098,-0.031230626095360148,-0.0048021706863384875,0.000958955851386734,,0.08171220716176571,,
FAC_rank_vol_m6_n6_pairwise1,2011-05-31,53,0.1228052063283811,-0.013647317131648462,-0.023857656922123466,,0.5672933130255579,-0.12687081150293822,0.11314187525375767,-0.07238500053886644,-0.017736477269333323,-0.0003171703364642725,,0.0565770926053999,,
FAC_rank_vol_m6_n6_pairwise1,2011-06-30,54,0.21269298695426064,0.09288539801251772,-0.11354775604882766,,-0.08908011857357101,-0.06234736442660791,-0.25700759925017563,-0.07262311328057819,0.028403238204194887,0.0007498764109939762,,0.007917923015060231,,
FAC_rank_vol_m6_n6_pairwise1,2011-07-29,57,0.3704329755495661,0.2804948291995042,-0.1671210846143089,,-0.5210647282471115,-0.03211403673200655,-0.5616894523660171,-0.04764242514626537,0.056308549549513004,0.0009132491307240782,,0.015229796445094285,,
FAC_rank_vol_m6_n6_pairwise1,2011-08-31,60,0.2822796241393084,0.185663419696523,0.026173105054368852,,0.38563232469074565,0.037085857106908544,-0.5217601802260109,-0.04245820360848168,0.032078780760135116,0.0012205178448193273,,-0.14425486659500442,,
FAC_rank_vol_m6_n6_pairwise1,2011-09-30,61,0.1999678256333658,0.09430319883022542,0.10242030743436302,,0.581439167799232,-0.005148987027631211,-0.2360893113602527,-0.052423364143055214,0.0186572966296256,0.00032015812609742267,,-0.07680913281123213,,
FAC_rank_vol_m6_n6_pairwise1,2011-10-31,61,0.16962523684463393,0.059953098314679876,0.009554994199218618,,-0.1443988181844857,0.14161791150452682,-0.11509714612678136,-0.025647927061500556,0.009734938143405869,0.0005753159790406589,,-0.040787492900107775,,
FAC_rank_vol_m6_n6_pairwise1,2011-11-30,67,0.441350342481878,0.3750698746407449,-0.10838304705243762,,-1.3568133782345593,0.07946976933012831,-0.12847908711035214,0.010892476120222972,0.00897402295897435,0.0003914599147227728,,0.07329872983776191,,
FAC_rank_vol_m6_n6_pairwise1,2011-12-30,69,0.044786693684167767,-0.06482794802420644,0.001325749658555395,,0.09682885762729385,0.050923734673462895,0.025503171180060173,0.023960318324960338,0.005624137563479029,-0.0004025259679842055,,0.06961659402292314,,
FAC_rank_vol_m6_n6_pairwise1,2012-01-31,61,0.4884896819137684,0.4209317153740775,0.02668268332673438,,-1.5985272887069413,0.3864721493485952,0.20716749313773802,0.018338423133121038,-0.014918496992726947,-0.0005929198907439763,,0.04476052616734076,,
FAC_rank_vol_m6_n6_pairwise1,2012-02-29,62,0.3401873032769862,0.2546560277758547,-0.27686910603326215,,1.7017694489850161,0.021270510815131424,-0.35618490411681447,0.02548358093952318,0.04048309335333318,0.0006950568581060487,,0.08244681039790552,,
FAC_rank_vol_m6_n6_pairwise1,2012-03-30,62,0.24099393272426206,0.14260425733666637,-0.019952834471256297,,1.7066370843812548,0.32648605190071417,0.2823392716110058,0.06154355781986798,-0.0578148630802333,-6.053284686524825e-05,,0.09817752555346748,,
FAC_rank_vol_m6_n6_pairwise1,2012-04-27,67,0.36820927450835217,0.29325105283985153,-0.02910580291230555,,-1.6597160861825004,0.8686770299243403,0.39660498424359963,0.10283344501553547,-0.08067866386164428,-0.0004456985545710906,,0.10533413151523321,,
FAC_rank_vol_m6_n6_pairwise1,2012-05-31,74,0.18428657757146372,0.09777151761692193,-0.1162905323762092,,0.3281372539207534,0.283958806315943,-0.09038418909623312,-0.020597679604699853,0.00023906499328450005,0.00011532073023011398,,0.03748910719088208,,
FAC_rank_vol_m6_n6_pairwise1,2012-06-29,73,0.07777244079439183,-0.02154437327390446,0.08326828516458759,,0.06254924387110213,0.025325408129155357,-0.1550344877643004,0.015287343903339154,0.03159110475426705,-0.00041566004135076015,,-0.06102560523157986,,
FAC_rank_vol_m6_n6_pairwise1,2012-07-31,74,0.19824918120688884,0.11321500345610425,0.17894787790329117,,0.03872178042600672,-0.13120061481575898,-0.45520289477381476,0.07524713996455218,0.0640303628787896,-0.0003311397777930425,,-0.14961174836310961,,
FAC_rank_vol_m6_n6_pairwise1,2012-08-31,78,0.23392794932707206,0.15732074425977927,0.19160837103978234,,-0.6470714387365197,-0.1141687718590287,-0.48214544616724814,0.07967115396129598,0.06076325227587053,-0.00025357605040761475,,-0.12998443136891216,,
FAC_rank_vol_m6_n6_pairwise1,2012-10-31,84,0.1430124762057028,0.06407941480359647,0.17531849672605707,,1.1702410555374019,-0.07690555897374532,-0.3220869251309128,-0.0027649325931393075,0.0266540504823309,0.0002457357758491816,,-0.08419618047605854,,
FAC_rank_vol_m6_n6_pairwise1,2012-11-30,90,0.2820573596848511,0.22076957331648472,0.412458752092638,,-2.263650200297563,0.13453832891364398,0.050784205361506664,0.03897944272671135,-0.01337400025383495,-8.040068966167177e-05,,-0.3224934053285545,,
FAC_rank_vol_m6_n6_pairwise1,2012-12-31,98,0.15875316054829458,0.09332285081316205,0.27925965720294965,,-0.8995481280671868,0.0028906982973434373,-0.7250551165549388,0.027368163459495835,0.07206745060590249,-0.0007735675839847056,,-0.055708138914685866,,
FAC_rank_vol_m6_n6_pairwise1,2013-01-31,102,0.1497701343142025,0.08645514431632395,-0.10890920823954435,,0.2626396956460012,0.32490209173727586,-0.6788881053884275,0.04915296625483555,0.054751580842217415,-6.575264252356166e-05,,0.11519782380323851,,
FAC_rank_vol_m6_n6_pairwise1,2013-02-28,104,0.46417625249925953,0.4251057709106639,-0.04721321807531441,,2.906050277654379,0.23903226880404618,-0.28909537826459536,0.016159261465174483,0.0014492695156668905,0.000348783347379155,,0.0004575813917399253,,
FAC_rank_vol_m6_n6_pairwise1,2013-03-29,108,0.2424503503121863,0.18942187483403938,0.08072094758206644,,1.2941643419587217,0.15143889821146625,0.638606737160603,0.034597876396433094,-0.07318648207849711,-5.6542994997174546e-05,,-0.006610374463867359,,
FAC_rank_vol_m6_n6_pairwise1,2013-04-26,108,0.2990083530186819,0.24993893772998954,-0.019347958096698578,,1.2548587205627852,0.29939959739161276,0.2846454465224974,0.0333493828313084,-0.02826067958965048,-4.816063030481669e-05,,0.054762932231341106,,
FAC_rank_vol_m6_n6_pairwise1,2013-05-31,107,0.2267384763401954,0.1720634191117243,-0.15753125043596722,,0.44757944501160696,0.16562757141136888,0.16612311764200402,0.035199249371007865,0.004993733102989419,-1.833894034754858e-05,,0.08273759583527575,,
FAC_rank_vol_m6_n6_pairwise1,2013-06-28,108,0.09847466939205607,0.035367896249499986,-0.019052684949535787,,-0.5101113134026154,0.1606911342257966,0.2052621051622544,0.022358788544169637,-0.0047767348223313995,-2.639802936099104e-05,,0.02644091868685985,,
FAC_rank_vol_m6_n6_pairwise1,2013-07-31,110,0.31084887252577,0.26355418730695024,0.07307487499531463,,1.038421137253503,0.07671289617163249,-0.033183027487037574,0.06536740980735276,0.005983695034521364,9.026334196799313e-05,,-0.1367699076502962,,
FAC_rank_vol_m6_n6_pairwise1,2013-08-30,112,0.19274568709912843,0.138411262192339,0.13790652940644177,,0.03251467264448227,0.2482430302388446,-0.3024752387221513,0.07159665042274767,0.05930545307613026,-0.00034536937388587603,,-0.22305651924965814,,
FAC_rank_vol_m6_n6_pairwise1,2013-09-30,111,0.14630963799759045,0.08829184640519372,0.12554679833487548,,-0.579732018115633,0.02696057023863408,-0.10663355242812085,0.060149628180398526,0.04897971391867791,-0.0005810097268025323,,-0.2393753298521287,,
FAC_rank_vol_m6_n6_pairwise1,2013-10-31,117,0.12070324997106907,0.064234651345358,0.05540338128370447,,0.39078996094931073,0.1117254704301704,-0.13237059621039857,0.04699652136362734,0.024769264611426995,-0.0004160117627549071,,-0.12739994690609394,,
FAC_rank_vol_m6_n6_pairwise1,2013-11-29,122,0.20319449903861564,0.1542678454708113,-0.02806831173040706,,0.9152720985943015,0.012631838968901587,-0.19200212053294508,0.021669059348416668,0.05238732072632191,-0.00039393129084627104,,-0.08564545873798791,,
FAC_rank_vol_m6_n6_pairwise1,2013-12-31,123,0.06406481079612791,0.007094842757631392,0.020806088038020264,,-0.49073025033427103,0.05084733268070018,-0.08943618953577563,0.038348795840355554,0.02806139928613206,-0.00041415824518470346,,-0.08116971723501673,,
FAC_rank_vol_m6_n6_pairwise1,2014-01-30,116,0.1714041992074279,0.11769891582272418,0.07624588158956647,,-0.09450285777058647,-0.16343178864281674,0.005424851365765303,0.0074544325254115446,0.03840288730887731,-0.0006204427487631002,,-0.04458507774963262,,
FAC_rank_vol_m6_n6_pairwise1,2014-02-28,119,0.10394000384962565,0.047431715804106545,0.10619242756885836,,0.5048973606081864,-0.09511249401482955,-0.11912087200009622,0.01466949789099338,0.045909732778099156,-0.0004710364494659297,,-0.05091667428048884,,
FAC_rank_vol_m6_n6_pairwise1,2014-03-31,120,0.13390742926664445,0.07977664359580972,0.21268287475390443,,0.42295292798302536,0.2532854341662895,-0.312009418400528,0.0004806930869077781,0.005242541600479851,0.00021521821165307033,,-0.021631604474053292,,
FAC_rank_vol_m6_n6_pairwise1,2014-04-30,118,0.2380575423712531,0.1895702950676056,0.04332073016343183,,-0.2162144559372128,0.3832043303731917,-0.42144799831105567,-0.002107930995523214,0.018303042224698887,0.00023847261295686535,,0.16812657577591594,,
FAC_rank_vol_m6_n6_pairwise1,2014-05-30,117,0.20459358737202105,0.15351244160692146,0.03152274550429701,,1.2388464680950027,0.19257706402656247,-0.07630462505894317,0.01662829840383343,-0.03942875333969979,0.0002064722502830224,,0.21572064360619633,,
FAC_rank_vol_m6_n6_pairwise1,2014-06-30,114,0.08651341696992743,0.02618883129813021,0.2566853026694393,,-1.5045961517070496,0.277477736446644,-0.5230124740091197,-0.017819581950169434,-0.03811075402942519,0.0011740520333521057,,0.022918255241781257,,
FAC_rank_vol_m6_n6_pairwise1,2014-07-31,111,0.1696366034936423,0.11320413965340437,0.18149334460388522,,0.5716474181106045,0.2628656658910556,-0.16105245407728286,0.04325638328757436,-0.07166832575203981,0.0009819435090913894,,-0.008683839986388416,,
FAC_rank_vol_m6_n6_pairwise1,2014-08-29,113,0.06662268615390388,0.004397531897497475,0.2999476188960806,,-0.4236346089509967,0.20063981722149735,-0.004625090752194358,0.04580976359543877,-0.07280000611905324,0.0006089614552133134,,-0.027101262372063662,,
FAC_rank_vol_m6_n6_pairwise1,2014-09-30,112,0.053513864839925596,-0.01019193271892549,0.37206066364590495,,-0.060228329074515224,0.0386434083886549,-0.036447118464275834,0.12323814391990223,-0.05739761544090853,0.00042099095222555177,,-0.022771461337426288,,
FAC_rank_vol_m6_n6_pairwise1,2014-10-31,107,0.09152193390001051,0.027286111044455663,0.47636002254290744,,1.4033790926719067,-0.17912878648977884,0.11966125035071246,0.13985101250589793,-0.0846964600434866,-4.010807198738337e-06,,0.15933649225531624,,
FAC_rank_vol_m6_n6_pairwise1,2014-11-28,105,0.09803227848904983,0.032941824359393634,0.5747779921243529,,-0.20861462252723098,-0.023212670420113067,0.14065749780829986,0.3670662582864185,-0.09026476835867733,-0.001063329555326072,,0.152808012047551,,
FAC_rank_vol_m6_n6_pairwise1,2014-12-31,96,0.4776897212015988,0.43614231266081693,0.7882292004707826,,-1.3889080751335963,0.00534755942263718,0.2257649010733282,-0.0028862668398212626,-0.0553779958807254,-0.0010259895999280243,,-0.06714252159643345,,
FAC_rank_vol_m6_n6_pairwise1,2015-01-30,94,0.13089091247911022,0.0601494751227587,0.4490025813281266,,0.48088672948264277,-0.1703330967491093,0.2533758998260647,-0.09696284476938859,-0.019112620302572346,-0.0009922684073664096,,0.0068717740383575365,,
FAC_rank_vol_m6_n6_pairwise1,2015-02-27,98,0.06788769139191908,-0.004609932610931677,0.12283564966686117,,-0.46340025772142085,-0.016668141944498158,0.030373319318199254,-0.08649347100216344,0.03251793925262241,-0.0006108458915196354,,0.07553082536186835,,
FAC_rank_vol_m6_n6_pairwise1,2015-03-31,95,0.1260719030672811,0.055755849291085346,-0.04018065221716448,,-0.29497601037744325,-0.11044880350785795,0.13442838795741732,-0.005005178157293006,-0.0029141690028916616,-0.0008235439099853412,,0.10821247752059111,,
FAC_rank_vol_m6_n6_pairwise1,2015-04-30,88,0.24573561435504754,0.17973748061111416,0.1463474866688847,,-0.30792179013049115,-0.14330245483604076,0.042364905345985686,-0.008615806050106058,0.024619005183275054,-0.0011758702500143433,,-0.013127151512649503,,
FAC_rank_vol_m6_n6_pairwise1,2015-05-29,84,0.3798922711538688,0.3227770856022515,-0.0385885920060032,,-0.3898680618155248,-0.08936425671808716,0.038512113005747785,0.0814735436307894,-0.002179898448784596,-0.0006843953848563557,,-0.011079052753333124,,
FAC_rank_vol_m6_n6_pairwise1,2015-06-30,72,0.115073155598858,0.01828428199248311,0.08945536900846547,,0.31303536340450516,-0.08866732238428697,0.05197878771864454,0.04573359876043613,-0.018467693870406723,-0.0006085351501650905,,-0.010779348774248146,,
FAC_rank_vol_m6_n6_pairwise1,2015-07-31,73,0.21646352213768627,0.13208267067559087,-0.009991418951772853,,0.4991498223323909,0.0014302082895479191,0.05452528505658299,0.04017194474758313,-0.03794987511030497,-0.0004855731398424182,,-0.10544127805080998,,
FAC_rank_vol_m6_n6_pairwise1,2015-08-31,77,0.08518205161883863,-0.007625566332873257,-0.06313948437298762,,-0.4101105546070953,0.03188244296716799,-0.021091362881007724,0.03555061444953035,0.0016924043403987832,4.7668460765151455e-05,,-0.10048400959649957,,
FAC_rank_vol_m6_n6_pairwise1,2015-09-30,70,0.0519713209689161,-0.055064175050722364,0.07941064101416861,,0.2477935569353716,0.03608171487513074,0.023958267225558584,0.011221158825456743,-0.05305997154640894,0.00032866080488327677,,-0.012690902078434802,,
FAC_rank_vol_m6_n6_pairwise1,2015-10-30,71,0.19905132097393652,0.11005702330437384,-0.02477768747216893,,-0.2689113820130459,0.050078406261741544,-0.0960561015850492,-0.004138068961892194,0.058599797716226955,0.00030308575470428515,,-0.04796361995600699,,
FAC_rank_vol_m6_n6_pairwise1,2015-11-30,72,0.4077223823056293,0.34294201787030754,-0.030301886081193448,,-0.8795933013109941,-0.010866886574160366,-0.09388670435984822,0.003047214021666643,0.06306371459117167,-4.648572139190646e-06,,-0.04218735171990178,,
FAC_rank_vol_m6_n6_pairwise1,2015-12-31,75,0.1843192655436211,0.09909889030190988,-0.060448561493040384,,-0.3250860303917559,-0.06409598527908206,-0.08863754409558784,-0.009904829254040143,0.04106324852817531,5.4681433066906365e-05,,0.000780114231174923,,
FAC_rank_vol_m6_n6_pairwise1,2016-01-29,74,0.16056221566488205,0.07153093550812706,0.06099058622953069,,-0.2734287642715392,0.01381162769482524,-0.14128542612393555,-0.02160616689147293,0.052750085749314245,0.0006387111672795854,,0.04425537668636119,,
FAC_rank_vol_m6_n6_pairwise1,2016-02-29,77,0.0890054396787946,-0.0034142983248059977,0.2398477904506931,,-0.7260078254296406,0.0491806768254199,-0.05340479564062013,-0.043015999027793406,0.010416211486477844,0.0005561312969243552,,-0.033916895814096154,,
FAC_rank_vol_m6_n6_pairwise1,2016-03-31,81,0.20415499796884862,0.1278410936644917,-0.008222724852404906,,-0.017901651441236472,-0.05507482488573315,-0.17150152414278835,-0.00934408772286435,0.08192270924302043,0.00036546676198584194,,0.06099845116721732,,
FAC_rank_vol_m6_n6_pairwise1,2016-04-29,80,0.23615356712703495,0.16189071948660783,0.07601320967998261,,0.720762536825308,0.08722153704394237,-0.035148069748850236,-0.0016078420833217227,0.010776881479522056,0.00012936975189120796,,0.028054797952139308,,
FAC_rank_vol_m6_n6_pairwise1,2016-05-31,86,0.27680782266709414,0.21190596059875644,0.21445898886175885,,-0.4325681214120441,0.2313523449780149,0.005541958871659126,0.003594433500069741,-0.025703349283985984,0.00021067330078136705,,-0.06852335500475326,,
FAC_rank_vol_m6_n6_pairwise1,2016-06-30,89,0.24981428715206377,0.18498342307878535,0.030792654486317846,,-0.7512242414803822,0.0696597634756931,-0.17811537999274393,-0.006266987396978205,0.042924350793976135,0.0003340891562287953,,0.008870600474795496,,
FAC_rank_vol_m6_n6_pairwise1,2016-07-29,86,0.2854852360506651,0.2213621162090581,-0.061082942574479104,,0.5725970417376658,0.09999302907880474,-0.025241609785010433,0.0232743093958193,-0.012602943297717122,4.7341790012091504e-05,,0.040139655857570004,,
FAC_rank_vol_m6_n6_pairwise1,2016-08-31,90,0.25216590532724104,0.18832640944054213,-0.08876067328725902,,-0.3996604895508227,0.07675613780134367,-0.28011848611664014,-0.005247885226268127,0.06380855882004671,0.0002235033361471697,,0.09592565513980165,,
FAC_rank_vol_m6_n6_pairwise1,2016-09-30,91,0.1437913883334766,0.07158102349413131,-0.04740933751521723,,0.1192549139967239,0.031746557959665286,-0.2500785106762869,-0.024960800491492196,0.04596090163007912,0.0004145635421181707,,0.07674319619492928,,
FAC_rank_vol_m6_n6_pairwise1,2016-10-31,93,0.14876054176742382,0.07865846873650573,-0.00499478939754513,,-0.4717765655101429,0.063414590090222,-0.2379587538434819,-0.04278093047318351,0.029154875444070347,0.0007165470985891294,,0.01819083804080401,,
FAC_rank_vol_m6_n6_pairwise1,2016-11-30,106,0.1581058489556466,0.09797055245247854,-0.10347816547492546,,0.14550605271911082,0.053843068589315056,-0.33786722294231497,-0.05174884757728685,0.0790620778305792,0.0006076769940545734,,0.08610361094003421,,
FAC_rank_vol_m6_n6_pairwise1,2016-12-30,118,0.1501611761059387,0.0960805236763167,0.022961300299715864,,1.3319725766589308,-0.033690537723686236,-0.09421378294257458,-0.04835503524724582,-0.011901477487258281,0.0006779317905972221,,0.1378660682312709,,
FAC_rank_vol_m6_n6_pairwise1,2017-01-26,129,0.14021830186566664,0.09047886478351508,-0.01767229976489061,,1.126039567703651,0.05880067906625546,-0.06854125536330406,-0.017716396193094737,-0.011605521569206122,0.0005291530818755999,,0.1098727179113499,,
FAC_rank_vol_m6_n6_pairwise1,2017-02-28,141,0.12996179108146966,0.08417030640154699,-0.016397403535308847,,2.067568719579817,-0.04376440479372101,-0.15502610382110263,-0.015015495035060812,-0.013676811475599264,0.0006883607739086058,,0.040289157866415126,,
FAC_rank_vol_m6_n6_pairwise1,2017-03-31,154,0.23017641109107245,0.1932670609379047,-0.0033740449742469918,,1.297639113713005,0.05206512249252913,-0.06595675652461241,-0.006460302229267966,-0.013950031452383358,0.0005120030744384786,,0.06387448486072692,,
FAC_rank_vol_m6_n6_pairwise1,2017-04-28,178,0.14300095881035324,0.10771276299666199,0.11713225469483017,,1.1154876054919967,0.0786341396919099,-0.09091261526583978,0.008247612185975037,-0.0027335742858553137,0.00023944590183245167,,0.01328626565996405,,
FAC_rank_vol_m6_n6_pairwise1,2017-05-31,195,0.16464011466873496,0.13336995853334,0.22665451266438713,,0.5564402014787581,0.1463969421730666,-0.038240624271378136,0.024635296928414183,-0.02303964197464106,0.00041298055062485996,,-0.1372735802488519,,
FAC_rank_vol_m6_n6_pairwise1,2017-06-30,202,0.3911687526928075,0.36920061490337264,-0.02658751280171325,,1.5816583583691874,0.18028010939433417,-0.13335412493481688,0.022516480039927785,0.011054578747780368,-8.090778420393367e-05,,0.007027041171136235,,
FAC_rank_vol_m6_n6_pairwise1,2017-07-31,206,0.24980682313293878,0.22328484213258804,-0.022149599364940403,,-0.4159913201496746,0.4086466807353562,-0.14449767296802168,0.02496982547057955,0.011576182717076222,4.0873680861210895e-07,,0.09419520590538198,,
FAC_rank_vol_m6_n6_pairwise1,2017-08-31,219,0.2893461581390714,0.2657699643332586,-0.06272611203300411,,-0.656237778866473,0.3276025713172647,-0.14583998994890165,0.016341330496698135,0.03115486514765355,-0.00023594241707462714,,0.10193079577527663,,
FAC_rank_vol_m6_n6_pairwise1,2017-09-29,222,0.09915724022617922,0.06969042098124112,-0.05730375082457389,,0.050000585249558596,0.17247051919783662,-0.07050463602538441,0.028516181037999185,0.01781096362287602,-0.00029892136410607163,,0.0489683685918091,,
FAC_rank_vol_m6_n6_pairwise1,2017-10-31,223,0.03128805381342337,-0.00025140489962804935,-0.11071706978493781,,-0.128517689140301,0.03657419457482428,-0.1316100906943798,0.01768561434268789,0.03009929528685039,-0.0003558511035888434,,0.06918167115888026,,
FAC_rank_vol_m6_n6_pairwise1,2017-11-30,229,0.030228833672200306,-0.00048790010288835006,-0.12874087350367458,,-0.1343292089845423,0.09787335826474694,-0.1476878624572584,0.004869932849293979,0.0399718408398477,-0.000322725740083743,,0.1380708033725219,,
FAC_rank_vol_m6_n6_pairwise1,2017-12-29,233,0.07926137272081846,0.05061617098324389,-0.21161792270569144,,0.7107716650532616,-0.06302830244508002,-0.042163258958546765,0.012348390299735527,0.008347569338590289,-6.65824947239506e-05,,0.13786921658862533,,
FAC_rank_vol_m6_n6_pairwise1,2018-01-31,238,0.060039375142393436,0.031431877864118385,-0.1447081441328183,,-0.41959014014815055,-0.02343346064714986,-0.053270019892240464,0.00910251226507123,0.013529422293359945,-0.00010008119995283035,,0.056335659425986506,,
FAC_rank_vol_m6_n6_pairwise1,2018-02-28,249,0.10170997190279596,0.07561856029831282,-0.3508165460133828,,0.15836909493942586,0.022576586971367656,-0.17702299404543786,0.017429517119468305,0.027696264491344703,-0.00011165387653224828,,0.24729373604834648,,
FAC_rank_vol_m6_n6_pairwise1,2018-03-30,248,0.10907294282946078,0.08308757032865333,-0.33738792007069857,,-0.24350723417303546,0.14048852596024033,-0.14424430182054385,0.010212868521606105,0.017497942930372375,-6.589382677866578e-05,,0.21772898836957882,,
FAC_rank_vol_m6_n6_pairwise1,2018-04-27,249,0.2389505956703426,0.21684542624997916,-0.17515393367368468,,1.2704934785976016,0.0009150903308330081,-0.0827072523666272,0.012496547005695252,0.018755580663451527,-9.050493507410918e-05,,0.021482746171911274,,
FAC_rank_vol_m6_n6_pairwise1,2018-05-31,254,0.08867853980622131,0.06274662833729272,-0.15618339116837282,,-0.26848174810578906,0.006145147759842991,-0.20651750655618034,0.017087347969553062,0.03614226320858715,-0.0002069511650729536,,-0.03178942364628025,,
FAC_rank_vol_m6_n6_pairwise1,2018-06-29,253,0.14062451912804186,0.11607093396027168,-0.10666052604220919,,0.7892804366856746,-0.07272068528285516,-0.2740768203542664,0.0016722066507547716,0.04511734284439532,-0.00010627410299281262,,-0.01595084057055679,,
FAC_rank_vol_m6_n6_pairwise1,2018-07-31,249,0.2429644237496843,0.220975838547393,-0.131827674354879,,0.9239087012320557,0.10167997047949738,-0.21455221315654896,0.016454471502337906,0.022701172290512342,-4.626131637044268e-05,,0.010646024074666905,,
FAC_rank_vol_m6_n6_pairwise1,2018-08-31,258,0.07016161483790562,0.0441261400533669,0.13546330151981234,,0.3659720757285598,0.02079163416554944,-0.10547099851034955,-0.010262960416004961,0.015455212418536734,0.00011507303733871799,,-0.07546161763307195,,
FAC_rank_vol_m6_n6_pairwise1,2018-09-28,254,0.031185596769339963,0.003617707246516333,0.22348188820852685,,-0.32280138007385123,-0.0231437178296657,-0.10717161402963254,-0.003704261944661473,0.02017628050112166,-9.536165949343292e-06,,-0.10222438350805778,,
FAC_rank_vol_m6_n6_pairwise1,2018-10-31,250,0.17610569756065808,0.15227404418431345,0.15788370291270695,,-1.3297178119864266,-0.024290267222609994,-0.10644191469421507,-0.0022543680327792516,0.02655981669307605,-4.994377708682618e-05,,-0.04159347630180739,,
FAC_rank_vol_m6_n6_pairwise1,2018-11-30,250,0.060834197325289385,0.033668244355359755,0.21894916342654813,,0.8878739288560332,-0.014717029376987578,0.012423611902919985,-0.009532507325551342,-0.0023376581923011783,6.406583832716308e-05,,-0.09651977598510336,,
FAC_rank_vol_m6_n6_pairwise1,2018-12-28,254,0.09143683750249709,0.06558341417939739,0.38611384037730756,,-0.44614941144490255,-0.21544140200347148,-0.03907266381817741,0.0033840620745335306,0.02878979039750669,-0.00019158581093739571,,-0.22320326018707723,,
FAC_rank_vol_m6_n6_pairwise1,2019-01-31,241,0.18910097927229552,0.16473920611738602,0.444988228905587,,0.9787804918321662,-0.04535135156033452,0.15130977871961884,0.008144755449547004,-0.04875091928186805,-2.1546410058416506e-05,,-0.29716269262587663,,
FAC_rank_vol_m6_n6_pairwise1,2019-02-28,247,0.0990927556209159,0.07270635097382971,0.3438018266936077,,0.14263047641110443,0.1405085550238463,0.1479541457702305,0.016730690909289775,-0.026693902934987197,-0.00023019596975392084,,-0.2621050609336523,,
FAC_rank_vol_m6_n6_pairwise1,2019-03-29,251,0.11805968795099053,0.09265399994957879,0.024971436730570357,,0.4755637283965272,0.04904107149566968,0.051587255414402275,0.029996129769796546,-0.006110098868048653,-0.0003578061541634527,,0.0109848881638395,,
FAC_rank_vol_m6_n6_pairwise1,2019-04-30,253,0.06012314212508574,0.03326951761437391,0.03324487669715418,,-0.31737081629759245,0.08435837187953378,0.08112227284550087,0.028940685214164336,-0.0044826737401309205,-0.00041936421726968627,,0.08284868626534911,,
FAC_rank_vol_m6_n6_pairwise1,2019-05-31,266,0.08909322187421609,0.06437869688630726,0.056729760816160976,,-0.44337758737900806,-0.10586856247144905,0.13373467088833266,0.01667995827912197,-0.003105283339722709,-0.0004862382071984117,,0.09217547977266612,,
FAC_rank_vol_m6_n6_pairwise1,2019-06-28,274,0.06648808884646784,0.04192198592137497,0.11577238559579087,,0.2845415224397096,-0.18316475723750433,0.17625396529376458,0.002914612674940386,-0.02103845316054778,-0.00035624045088794424,,0.09194914872386767,,
FAC_rank_vol_m6_n6_pairwise1,2019-07-31,273,0.20511018466293518,0.18411309520120134,0.23852737437181648,,2.2186889045495275,-0.3342165084963733,0.20964165742775487,0.02329069369530263,-0.03165313864351078,-0.0003435843220400659,,-0.09441982100436405,,
FAC_rank_vol_m6_n6_pairwise1,2019-08-30,268,0.17808405181869713,0.15595554552150825,0.20940215414943197,,1.8605867455269067,-0.35041285439462,0.13761216068319998,-0.003028513668661546,-0.018871714185144363,-0.00020144048319043734,,0.001539483132376557,,
FAC_rank_vol_m6_n6_pairwise1,2019-09-30,272,0.23971405355062125,0.21955495648567558,0.15021094815029576,,1.134256432624773,0.2201862279100622,-0.04546574824949717,-0.00438247371410394,0.015581222085094066,0.0001411571209126929,,-0.1374892923151944,,
FAC_rank_vol_m6_n6_pairwise1,2019-10-31,279,0.1056117906734958,0.08250951220380742,0.11549365653438128,,-0.6310883287331865,0.25087570219790145,-0.13483521464198112,0.004876442509018272,0.03476764098459195,1.4620043202246678e-05,,-0.028620028770346317,,
FAC_rank_vol_m6_n6_pairwise1,2019-11-29,280,0.18635020821379966,0.16541069151341947,0.0923180275376562,,0.06739400264445598,0.3432618787118731,-0.06464892691206771,0.022202545513447802,0.0013786349987812186,-6.271811460622845e-06,,-0.0033607098206875703,,
FAC_rank_vol_m6_n6_pairwise1,2019-12-31,289,0.29452721685675964,0.27695316176066465,0.13894015842621388,,-1.4829197160906886,0.45719396656711914,-0.013728020661118156,0.029805990625372297,-0.03570930356724956,0.00018704276917456898,,0.004070815903573563,,
FAC_rank_vol_m6_n6_pairwise1,2020-01-23,297,0.13581680509759353,0.11488503221068402,0.42518896242373,,-0.45463774226536846,0.26424617068682743,0.18078385200725272,0.024384736216392252,-0.0743969163723917,-2.5030892482812442e-05,,-0.1574776961219787,,
FAC_rank_vol_m6_n6_pairwise1,2020-02-28,312,0.09803687984954901,0.07726799221450575,0.7256795462465963,,-0.877696361938154,0.15671901639043626,-0.16013890389826071,0.0058671889956486666,0.021307848334621876,5.482746519030453e-05,,-0.4214255216483504,,
FAC_rank_vol_m6_n6_pairwise1,2020-03-31,314,0.08494490729378179,0.06401227445409707,0.7066534400421022,,-0.1565576400662735,0.14269204096358112,-0.11001678894020187,-0.001588623855543439,0.008212377419054605,-5.568944559259651e-05,,-0.3458975203893145,,
FAC_rank_vol_m6_n6_pairwise1,2020-04-30,316,0.13614331801265522,0.116510211603852,0.3918229980675872,,1.269713479272306,-0.02811568855729908,-0.20467383387713897,-0.004963672808881567,0.04922811830493186,-0.00019155891802929273,,-0.12816123510025892,,
FAC_rank_vol_m6_n6_pairwise1,2020-05-29,322,0.07817214750100243,0.05762184505675727,0.42831070348652767,,-0.13596423756859016,-0.12868751688455757,-0.00489591602175481,-0.00817408340659996,-0.0144333557944121,-0.0001554286020879346,,-0.009123199901139549,,
FAC_rank_vol_m6_n6_pairwise1,2020-06-30,334,0.08518881967230196,0.06554563481863973,0.5048894037327024,,0.33436330213789367,-0.15694344574720137,-0.12105019444142698,-0.007747496581369905,0.026295812344096055,-0.00018126692618374772,,-0.1646151565041804,,
FAC_rank_vol_m6_n6_pairwise1,2020-07-31,339,0.14680084812194172,0.1287573615263331,0.2851879653130756,,0.8268670956414675,-0.07849227408968851,-0.07774662854876123,-0.005680701458036082,0.02206934308478955,-0.00012237139905332418,,-0.1933426465199989,,
FAC_rank_vol_m6_n6_pairwise1,2020-08-31,358,0.038293601087209805,0.01905947310895406,0.2494618768232489,,0.21199054124185407,-0.06046975765731222,-0.015022030356911244,-0.002221999470773448,0.006062792016884685,-0.00016813604715259145,,-0.10359570912461402,,
FAC_rank_vol_m6_n6_pairwise1,2020-09-30,357,0.09386831503765092,0.07569375402121414,0.1602366913161213,,0.9082744488923782,-0.009077200939658784,-0.03579262324388823,-0.0011795910812326148,0.023015276956625988,-0.00014381869501117598,,0.006354547890798569,,
FAC_rank_vol_m6_n6_pairwise1,2020-10-30,359,0.20816918329500256,0.19237768552595713,0.10938594073371634,,1.3533853666487912,-0.020028933944422872,0.04947303530386173,-0.0015485789169355484,-0.03190571636466478,-3.112735796073843e-05,,0.02077149141511244,,
FAC_rank_vol_m6_n6_pairwise1,2020-11-30,371,0.28018979932061605,0.2663091618419503,0.14870392496065193,,-1.0221554126570882,0.15139843524876334,0.03380630964124225,-0.0016247366574196893,-0.02560121320973728,-2.8094015056925564e-05,,-0.04515610599492577,,
FAC_rank_vol_m6_n6_pairwise1,2020-12-31,378,0.14897687811164984,0.13287644067051885,0.20071581494513713,,0.25060435023285865,0.027337298492327865,0.01035330277325928,-0.016706266917835184,-0.013721644514698586,-8.672851610562699e-05,,-0.14091896425370862,,
FAC_rank_vol_m6_n6_pairwise1,2021-01-29,376,0.08145424065044748,0.0639819028367331,0.1665851082225647,,-0.5772576918949192,-0.038124478328569425,-0.09643974010448043,-0.027630371828356003,0.04497004299615024,8.009954054300386e-05,,-0.09146136478677952,,
FAC_rank_vol_m6_n6_pairwise1,2021-02-26,397,0.14005173246015923,0.1245770849722958,0.13222689365818363,,-1.1773901912400573,-0.20321025368067602,-0.01766428805257288,-0.017268166026311448,-0.027615286442339265,0.000252701384890665,,0.06483274058174793,,
FAC_rank_vol_m6_n6_pairwise1,2021-03-31,407,0.12035807238810559,0.1049257578685987,0.213032605445928,,-1.4808977737271691,-0.026219070457269834,-0.0013599688169515642,-0.04195354365363276,-0.048417764557662495,0.00041081100268758265,,-0.12835398501263282,,
FAC_rank_vol_m6_n6_pairwise1,2021-04-30,413,0.04598496411304298,0.02949581534462642,0.1219764015424364,,0.5885039084969668,-0.1103270857281095,0.07150080157809315,-0.0235214115647539,-0.08456340557146572,0.0003882630058220365,,0.01612767079948106,,
FAC_rank_vol_m6_n6_pairwise1,2021-05-31,434,0.26982397435702965,0.2578257767525677,-0.1798674802220156,,2.6848691083450786,-0.10375637765057602,0.01892163115810927,-0.011934573059892442,-0.04769921525953789,0.0002212980346821921,,0.24186970451616868,,
FAC_rank_vol_m6_n6_pairwise1,2021-06-30,441,0.10635094994160876,0.09190396760810127,-0.13945536179162302,,0.739324031387963,0.032673106426592574,0.013019090445845594,0.0017205985487041614,-0.04625268041082069,0.00039821365974709107,,0.14018059539396904,,
FAC_rank_vol_m6_n6_pairwise1,2021-07-30,460,0.03502750665041687,0.020083242372879062,-0.12465475086439304,,0.060720812412717685,-0.05506899994670123,0.013984698919087617,0.002839761738105996,-0.035931244443368836,0.0002388401898731544,,0.08006372190245621,,
FAC_rank_vol_m6_n6_pairwise1,2021-08-31,492,0.1125853688095706,0.09975085968078345,-0.02292912625645203,,0.34354628986026214,-0.1183370924627712,0.026951431858933426,-0.00541530274811154,-0.016284143163362793,6.168325676617558e-05,,-0.040427018710298246,,
FAC_rank_vol_m6_n6_pairwise1,2021-09-30,484,0.06659213529430508,0.052865549048633054,-0.20237906434931482,,0.0015370362228342611,0.06892082879535133,-0.10696203002704789,-0.0021252521937947045,0.023389478074855075,0.00018533520795963097,,0.04131885804553019,,
FAC_rank_vol_m6_n6_pairwise1,2021-10-29,498,0.19750436666927196,0.18604014333597585,-0.29362771676598387,,-0.8382148404812778,0.0139976595388436,-0.09874998143174085,0.005126418122848174,0.023359527384005797,0.0001407601769524459,,0.08944879092812216,,
FAC_rank_vol_m6_n6_pairwise1,2021-11-30,523,0.18768517391752115,0.17664400152416704,-0.2911007318275742,,-0.2896244743544425,-0.10500375420460632,-0.028244871726737567,-0.0006408687884016052,-0.0019640834469009795,8.644850049633041e-05,,0.14740403725055048,,
FAC_rank_vol_m6_n6_pairwise1,2021-12-31,523,0.08314012715122554,0.07067795412221312,-0.16298636239413117,,0.392641900691898,0.005896834093946376,0.04670868050431562,-0.004326032897029271,-0.0183654920232083,6.52573764535617e-05,,0.07885760233760264,,
FAC_rank_vol_m6_n6_pairwise1,2022-01-28,526,0.17325367831722038,0.1620814307269125,-0.057993726191200815,,-0.3739441720688063,0.14147457581472464,0.04765689869105924,0.0007354568690636703,-0.014174925914420447,2.3036809685212857e-05,,-0.010967750275382668,,
FAC_rank_vol_m6_n6_pairwise1,2022-02-28,556,0.015867286684202675,0.0032962483754241934,-0.06651981644271651,,0.09145572374574033,0.03234066868570477,-0.014838651042395602,0.004554276887344446,7.164418874243022e-05,-5.92742361122042e-07,,-0.010279311546109894,,
FAC_rank_vol_m6_n6_pairwise1,2022-03-31,550,0.09826721828020413,0.0866212229443396,-0.03488713967759363,,-0.49473682027263294,0.03416831461534269,-0.028306607716262592,0.00782449020034236,0.007105847812362093,-1.3455117955698244e-05,,-0.06700614094359632,,
FAC_rank_vol_m6_n6_pairwise1,2022-04-29,576,0.48916636781764167,0.48287088291398583,-0.12255290584319323,,-1.580218765611445,0.13459486481696722,0.022019795657723756,0.0027412315338642525,-0.0032739977260788787,-6.889997392877459e-05,,0.03423297207498461,,
FAC_rank_vol_m6_n6_pairwise1,2022-05-31,608,0.12351039270034947,0.11328468061518682,-0.008160652476216692,,0.156482927596038,0.13572054248746546,-0.032475093816392624,-0.0061052812857674815,-0.007986242332502544,0.0001452119324342648,,0.01252831093862357,,
FAC_rank_vol_m6_n6_pairwise1,2022-06-30,643,0.21850198299398604,0.20988704422384097,-0.09690880564900835,,-0.6269015690329213,0.020473278370263085,-0.07436238862787971,0.0033374149934700444,0.018746848672445384,3.959391153291909e-05,,0.05245131538456692,,
FAC_rank_vol_m6_n12_pairwise1,2013-04-26,74,0.3660152142810529,0.2987744036744979,0.0412870420010954,,0.7181373704473922,0.39245295652368295,0.24887723707229994,0.1818174919309598,-0.006928812382764752,-0.000631743941834641,,,-0.16543496315659,
FAC_rank_vol_m6_n12_pairwise1,2013-05-31,77,0.34793349976286225,0.2817818258257613,-0.05358364471865477,,0.4422627981203085,0.23389675118114867,0.24860386481118096,0.0362275982078731,-0.000345919029696674,-0.00015613531639557072,,,-0.05539254264735816,
FAC_rank_vol_m6_n12_pairwise1,2013-06-28,80,0.1827347918764688,0.10327845219779219,0.09481946457068265,,-0.613370411844905,0.1773179715989654,0.36211995671440533,0.028773841303244164,-0.0196667143146147,-8.723911620880722e-05,,,-0.13581244884807403,
FAC_rank_vol_m6_n12_pairwise1,2013-07-31,80,0.2565885525201381,0.1843124395707071,-0.03282469638498044,,0.9922279778215288,0.0306247789269578,0.09631332022223933,0.07819631435330254,-0.00815159056502418,-7.895282811063876e-05,,,-0.013971585465366797,
FAC_rank_vol_m6_n12_pairwise1,2013-08-30,83,0.19682479315600532,0.12186177385056585,0.14750993367932436,,0.6915336292371573,0.21120950300672903,-0.13833946011927167,0.04846127492324311,0.032531029970688755,-0.0003100056555730057,,,-0.2278602340694597,
FAC_rank_vol_m6_n12_pairwise1,2013-09-30,85,0.18677225790482133,0.11284246316889601,0.0971054313389524,,-0.7572070032085736,0.0051718961368564026,0.04137957186532081,0.05849228408310955,0.028186985620558585,-0.0006419843873049441,,,-0.18426666136285033,
FAC_rank_vol_m6_n12_pairwise1,2013-10-31,89,0.2399621528878062,0.17427986980403642,0.13047471356569604,,0.5520185090822787,0.09865972612752635,-0.11327088014843208,0.0592394534593182,0.020431905629683684,-0.0005530513508347454,,,-0.19764099917961342,
FAC_rank_vol_m6_n12_pairwise1,2013-11-29,88,0.3338672249752216,0.27558060716055344,0.05042683224866594,,0.8959317713442058,0.033782893070708905,-0.26116927021052067,0.037359847088369265,0.07193338394022968,-0.0008051275011573532,,,-0.15686908358035276,
FAC_rank_vol_m6_n12_pairwise1,2013-12-31,91,0.1873225282199733,0.11878346433491083,0.3030485915748316,,-1.1463716615380637,0.1025165578211059,-0.21767425611344438,0.03574184926976642,0.0393557516651773,-0.0005707676697660435,,,-0.3768644712922238,
FAC_rank_vol_m6_n12_pairwise1,2014-01-30,88,0.24478983432000556,0.17870894482300614,0.35514020683877473,,0.025180831634288532,-0.18918935191141964,0.187080792165514,0.010091280004952461,0.01428699955501442,-0.0005618241243909728,,,-0.35999118547005676,
FAC_rank_vol_m6_n12_pairwise1,2014-02-28,90,0.177048325272968,0.10679635304017254,0.3758305170156464,,0.45216762300758895,-0.1376082063713113,0.021491875081650465,-0.01048901985173778,0.026639980844101293,-0.00034837312094280245,,,-0.3294727683685171,
FAC_rank_vol_m6_n12_pairwise1,2014-03-31,88,0.28632886661663726,0.22388264244559308,0.472646945335487,,0.720059707332252,0.35417779637274804,-0.28946197240385774,-0.034145358266481365,-0.0037280421296519615,0.0003906461956859433,,,-0.2634908450108188,
FAC_rank_vol_m6_n12_pairwise1,2014-04-30,91,0.23007972873101135,0.16514669380471114,0.19314149560481694,,-0.5077564344328789,0.4245420203484439,-0.5683349493657429,-0.0045152205932177825,0.038582307831514874,0.00012546121283134006,,,0.01191594524947366,
FAC_rank_vol_m6_n12_pairwise1,2014-05-30,95,0.1761295869534093,0.10984116291517787,0.08918627369160495,,1.5451690326665757,0.12176750812054146,-0.1724200945777152,0.009943766878235219,-0.01998378241909193,0.00011012492187001459,,,0.1545328767770222,
FAC_rank_vol_m6_n12_pairwise1,2014-06-30,94,0.11084929649356312,0.03847656481280659,0.6255533338817338,,-0.5524048056110543,0.3051981453688502,-0.6489949856923372,-0.08909257579157606,-0.03572355321646833,0.0016285280399863126,,,-0.3732033143752976,
FAC_rank_vol_m6_n12_pairwise1,2014-07-31,94,0.20151388593493103,0.13652083013893712,0.3825904194781337,,0.4904887921975713,0.3231234196246193,-0.24234829495977825,0.024449398123243815,-0.07156212859680897,0.0011434987775701126,,,-0.22129281744859788,
FAC_rank_vol_m6_n12_pairwise1,2014-08-29,94,0.08658943738858849,0.01224206601324107,0.3834624429183035,,-0.45190479008188167,0.23453833407667918,-0.02698325281548709,0.04047659434553482,-0.07340483160486332,0.00037438208313783574,,,-0.09449390725118106,
FAC_rank_vol_m6_n12_pairwise1,2014-09-30,94,0.0703935645757029,-0.0052720755169723965,0.3371713793077694,,0.1601656572829221,0.06940707406332551,-0.07509609983942293,0.06194768908089542,-0.04934254046642886,5.0946717717578555e-05,,,0.09423413051579069,
FAC_rank_vol_m6_n12_pairwise1,2014-10-31,89,0.1466867772721029,0.07294365925858104,0.3806114154191053,,1.2165051992944298,-0.11919464329390603,0.29883553087272846,0.2613849207444467,-0.1404488872472026,0.00015601931969455685,,,0.11277718879039608,
FAC_rank_vol_m6_n12_pairwise1,2014-11-28,89,0.1429956953135959,0.06893359490859796,0.46282104827373804,,-0.1649723600396094,0.03986969814059056,0.5536604306523649,0.36161554366689935,-0.2433975716187371,0.0005603974848492295,,,0.1882154116883137,
FAC_rank_vol_m6_n12_pairwise1,2014-12-31,81,0.4753032624626625,0.42498987667141097,0.490966510206776,,-1.4068527042243488,-0.009112537230473379,0.35811909948684595,0.025266388208533917,-0.1075731599125456,-0.0006270084494442699,,,0.23407875578439885,
FAC_rank_vol_m6_n12_pairwise1,2015-01-30,75,0.15686338255249288,0.06877448222215632,0.43442280774054165,,0.5517455531503903,-0.2059435250190867,0.2575671014220186,-0.11511702094780493,-0.011439003262015973,-0.0009499894066062357,,,0.02951180095782142,
FAC_rank_vol_m6_n12_pairwise1,2015-02-27,76,0.1233557467565124,0.03311295598144737,0.07949347126655576,,-0.5899323259621156,-0.022680849935773732,-0.010322994677880984,-0.07878105621349257,0.06257243096793356,-0.0007671438791717364,,,0.11416695467952467,
FAC_rank_vol_m6_n12_pairwise1,2015-03-31,71,0.19015330392385787,0.10017033769317552,-0.0004623145959070545,,-0.2839353963827153,-0.12379749072577242,0.11591398381015919,-0.05467696154886609,0.028927383303416092,-0.001025925989711437,,,0.10732449336438708,
FAC_rank_vol_m6_n12_pairwise1,2015-04-30,66,0.335805528125107,0.25564412634710265,0.19007689589820587,,-0.2723284385973559,-0.14091275841155756,0.06455019969935973,-0.09716002115125637,0.048905312106571515,-0.0016835446403439022,,,0.02648123783596249,
FAC_rank_vol_m6_n12_pairwise1,2015-05-29,59,0.5454186932606258,0.4830251805709077,0.1320155138172796,,-0.5775066007991712,-0.07998535015903112,0.034009794684096935,-0.04309517596272285,0.015763076568651217,-0.0012112671595802301,,,-0.009283332965455072,
FAC_rank_vol_m6_n12_pairwise1,2015-06-30,50,0.19215115937488303,0.0575096859373635,0.31489037346311094,,0.160504765421001,-0.08462517835214889,0.03859002482869457,-0.0595980820076482,-0.022239074233220198,2.839403084215539e-05,,,-0.2265470472640189,
FAC_rank_vol_m6_n12_pairwise1,2015-08-31,52,0.35742121221408263,0.2551927687026866,0.34674910786884994,,-0.006789774918988094,0.01562151777017795,0.0037711198051871607,-0.0068382344039253275,-0.03649023484700061,0.0005336472907921876,,,-0.4789401967569495,
FAC_rank_vol_m6_n12_pairwise1,2015-11-30,52,0.48187473703038763,0.3994457179215857,-0.02067172297488486,,-0.8681011462890394,0.028422586807133797,-0.11930338536388996,-0.04632327346443075,0.08016955406143086,0.00021982789860065086,,,-0.04675179785272394,
FAC_rank_vol_m6_n12_pairwise1,2015-12-31,52,0.25081023979813577,0.13162095976602106,-0.1247868409399805,,-0.3734180456692327,-0.042950726795681904,-0.10690035208109343,-0.0845476699223398,0.07043661233981073,-1.230718590417632e-05,,,0.1251546599934533,
FAC_rank_vol_m6_n12_pairwise1,2016-01-29,56,0.23772546855828325,0.12656043272303286,0.054725941277643055,,-0.27563597895462105,0.060384785378210175,-0.1472015355525948,-0.03917619847380287,0.055460581960233866,0.0009399062077991089,,,0.0382674943652226,
FAC_rank_vol_m6_n12_pairwise1,2016-02-29,60,0.22345816221189585,0.11892368404811271,0.08239391370875733,,-1.0867630216911683,0.010938385886076584,-0.07629434912694473,-0.037785337579215705,0.008009507834885965,0.0006300648521990124,,,0.15501478258310789,
FAC_rank_vol_m6_n12_pairwise1,2016-03-31,61,0.19120977363006686,0.0843884229774341,-0.06841831217017945,,-0.14636894781349577,-0.0560709968727051,-0.11223627065602983,0.010085574088275961,0.05259894021145499,0.00025458917786443233,,,0.138783531063955,
FAC_rank_vol_m6_n12_pairwise1,2016-04-29,58,0.3354675090049848,0.24243296026568262,-0.033384124225997444,,0.8727037461671842,0.09243625792209627,0.01811837280091481,0.015044313321247033,-0.015108445604863257,-5.148989120476485e-05,,,0.14718520465459328,
FAC_rank_vol_m6_n12_pairwise1,2016-05-31,61,0.2646275667981115,0.1675029058091828,0.06081443363457239,,-0.4607082486390125,0.23095226255931856,0.036802478095085085,0.009221146196130414,-0.044455607780024615,0.00014720500794252644,,,0.11194980703354246,
FAC_rank_vol_m6_n12_pairwise1,2016-06-30,64,0.25037423173528206,0.15667101070219236,-0.005498059400020919,,-0.7925673782861722,0.06755540668360739,-0.18058235845924045,-0.0005100454603175719,0.040369670894920655,0.00041741837290131255,,,0.04108561622936573,
FAC_rank_vol_m6_n12_pairwise1,2016-07-29,61,0.31778779615098596,0.2276842975294181,-0.04560256530909416,,0.7817837150775652,0.025338784770900687,-0.00014442905066474148,-0.00394812015682032,-0.01692390632234323,-9.195309663597851e-05,,,0.05843571959288019,
FAC_rank_vol_m6_n12_pairwise1,2016-08-31,67,0.2517273626056491,0.16294925308428543,-0.15496342199595178,,-0.0812664467933309,0.009933362965793304,-0.2741242059761044,-0.01200558619923691,0.06328035881180269,0.00013303051057212765,,,0.1842831398173948,
FAC_rank_vol_m6_n12_pairwise1,2016-09-30,68,0.18943784056760316,0.09487225530049026,-0.05676358492933691,,0.14210419867276983,-0.018769616225524272,-0.19344841513991756,-0.07261178582929001,0.02146331923074072,0.0004773705406184687,,,0.15055301071734264,
FAC_rank_vol_m6_n12_pairwise1,2016-10-31,69,0.15399989161738237,0.05691791196691798,-0.10910441456967587,,-0.6621101032047717,0.021929229946906357,-0.2195486843351207,-0.0733802988387899,0.03412892685257419,0.0004699596974292689,,,0.1857830807615034,
FAC_rank_vol_m6_n12_pairwise1,2016-11-30,72,0.1885770382335128,0.09982765179030328,0.03449117250392689,,0.18102705616791978,0.07365128885062541,-0.36847667841127896,-0.08760871572583107,0.10321801726752781,0.00047276151970805744,,,-0.03960823001616788,
FAC_rank_vol_m6_n12_pairwise1,2016-12-30,74,0.15539568576838125,0.06581644031957323,0.23109841104005996,,1.324046977701848,-0.04528252001325207,-0.1758172892616362,-0.11791579219439177,0.027819581615189798,0.00037412341993604457,,,-0.007379969010430469,
FAC_rank_vol_m6_n12_pairwise1,2017-01-26,76,0.14897590218154866,0.06137048034729631,0.11026634643017687,,1.0155909917759798,0.16810687496857427,-0.19904483987461807,-0.04194699855922357,0.032155721416704,0.00026582312547886725,,,-0.01181050908611823,
FAC_rank_vol_m6_n12_pairwise1,2017-02-28,78,0.17796465057050048,0.09576111562755052,0.11331120538014179,,2.170105517577696,0.059405595556062556,-0.3632786054577998,-0.025635911678927727,0.05621721251458078,0.00042027377034719004,,,-0.13026229416108545,
FAC_rank_vol_m6_n12_pairwise1,2017-03-31,76,0.33887778860650053,0.2708210903748167,-0.05934041203938511,,1.6783078057526881,0.03326550391779325,-0.15050339770857177,0.010775581087392383,-0.0002850658233304404,0.0005617112475085203,,,0.09518308617103773,
FAC_rank_vol_m6_n12_pairwise1,2017-04-28,81,0.1973939611867933,0.1204317382868969,0.017513415933239417,,1.1438330855408618,0.11585254921087995,-0.215409482839847,0.014257281829252719,0.007561757864436429,0.0004254719138088229,,,0.10374238584184915,
FAC_rank_vol_m6_n12_pairwise1,2017-05-31,86,0.2705467506642929,0.20508299751878079,-0.016198779171130332,,0.6541030744132085,0.24715374260527892,-0.049658754474317855,0.042475124847638254,-0.029527029405430377,0.0004885503271537669,,,0.11999753602179594,
FAC_rank_vol_m6_n12_pairwise1,2017-06-30,93,0.5246809543334043,0.48553703292556705,-0.24072108638708756,,1.7527196730062047,0.16423190674591184,-0.25427762495175765,0.03106219929528283,0.04270714121990236,-0.0001591157578854509,,,0.21883488911235294,
FAC_rank_vol_m6_n12_pairwise1,2017-07-31,102,0.322688757570892,0.2722506863261712,-0.10546596535042957,,-0.6320553327802054,0.47968117258143744,-0.024220566702693843,0.02049643145750266,0.005919597420170594,4.900468991154877e-05,,,0.17291806560457287,
FAC_rank_vol_m6_n12_pairwise1,2017-08-31,114,0.28235589615296997,0.2349643043894869,-0.11141169626665826,,-0.8098458295315264,0.29503441830705623,-0.03595189148730509,0.009144767596916742,0.016204376745559284,-9.155644911263986e-05,,,0.15517136158922917,
FAC_rank_vol_m6_n12_pairwise1,2017-09-29,134,0.08227515161123033,0.031290437811854255,-0.06288258398125918,,0.2650224236151849,0.11651152498513598,-0.014095949346061983,0.03276490319432104,0.0007774362586410821,-0.00031012531099328935,,,0.06229386266461279,
FAC_rank_vol_m6_n12_pairwise1,2017-10-31,152,0.04249039932477894,-0.0040552062635998976,-0.16516114719900032,,-0.11353469007173347,0.03083959564585404,-0.0963336361650069,0.01641593445048485,0.016140978170643507,-0.0003742950335248663,,,0.1377222333763459,
FAC_rank_vol_m6_n12_pairwise1,2017-11-30,169,0.038488492238378025,-0.0033163559251707664,-0.08905661862132455,,-0.20317691187470824,0.13498631968244085,-0.221263133417784,-0.001670742549588368,0.05296289754233027,-0.0003165519816668631,,,0.08982957315467827,
FAC_rank_vol_m6_n12_pairwise1,2017-12-29,177,0.08256932000940431,0.04456923267251567,-0.32466791508827314,,0.7193650401663362,-0.07087122087023986,-0.022593663019626144,0.015207742355787339,0.0031754883165007993,-1.7652119994461832e-05,,,0.24732264038657062,
FAC_rank_vol_m6_n12_pairwise1,2018-01-31,181,0.1285988878426828,0.09333988330452547,-0.3571873394744774,,-0.44319782702063965,-0.046963064381843105,-0.04282438342644962,0.014156971978987376,0.011124389507044839,-4.7721560472478256e-05,,,0.2779077158372622,
FAC_rank_vol_m6_n12_pairwise1,2018-02-28,189,0.09011071857253916,0.054921630340537986,-0.3935689634436102,,0.027933430890283877,-0.01367881816815025,-0.1632132494637743,0.02092636789770779,0.03459006331257192,-0.00012438884501715948,,,0.26685492917465503,
FAC_rank_vol_m6_n12_pairwise1,2018-03-30,189,0.09888452285565308,0.06403475302134132,-0.4697065657142864,,-0.2763327945586337,0.12012663650691945,-0.14856498239455687,0.0026546778869582753,0.029074833635350943,-6.800563270435151e-05,,,0.3436246573984587,
FAC_rank_vol_m6_n12_pairwise1,2018-04-27,197,0.29121645490908155,0.26496521249830685,-0.3489514788457525,,1.1842737242226464,0.056429622919629135,-0.10407433238933284,0.0049646353670905995,0.03278328606028251,-0.00018161616404377222,,,0.20877970539136037,
FAC_rank_vol_m6_n12_pairwise1,2018-05-31,201,0.14737165537390662,0.1164473112682971,-0.39597852370584563,,-0.26019536257317816,0.00593737711152959,-0.23868411936990924,0.0179539492939193,0.0557093586052827,-0.0003560002139971518,,,0.2363267327869075,
FAC_rank_vol_m6_n12_pairwise1,2018-06-29,202,0.16222732612792834,0.13199841521501854,-0.21765049683636162,,0.7444438610995566,-0.07034036432685112,-0.3104847833652433,0.0028588528653595868,0.060048103116813155,-0.00023799568726212548,,,0.11032083055568952,
FAC_rank_vol_m6_n12_pairwise1,2018-07-31,204,0.23625990435962096,0.2089834723724645,-0.1627569228982824,,0.8541303112882783,0.09341798173009555,-0.22849718338779806,0.015944021168081336,0.03149356189114088,-0.00016749646479857295,,,0.05119291902911286,
FAC_rank_vol_m6_n12_pairwise1,2018-08-31,217,0.07963140865919294,0.04880566636548178,-0.009240814521057137,,0.28675113226929616,0.029503332252074358,-0.1288734455871491,-0.008164354065003153,0.01304133110596659,0.0001274176221229463,,,0.08761726210456013,
FAC_rank_vol_m6_n12_pairwise1,2018-09-28,216,0.02619411069819133,-0.006578202884081064,0.09294220002962424,,-0.44688906520847155,0.02538166005923974,-0.07818012723759399,-0.010979559416376487,0.010195071826100913,0.00013144241464835654,,,0.04824262247628121,
FAC_rank_vol_m6_n12_pairwise1,2018-10-31,214,0.2242602061519785,0.1979001160697642,0.15183424833274214,,-1.5502727352889227,0.05940931388139296,-0.050538499816765496,-0.013112512244834503,0.009693327385022016,3.8147040818635404e-05,,,-0.03293464343190964,
FAC_rank_vol_m6_n12_pairwise1,2018-11-30,217,0.06627816163314404,0.035005181400761254,0.224365196389713,,1.0403442709341246,0.005439220677354391,0.010136554060301256,-0.01353766375959652,-0.008746054847315218,0.00015786072823827807,,,-0.09372280850889471,
FAC_rank_vol_m6_n12_pairwise1,2018-12-28,216,0.08439095879638647,0.053577192986649536,0.45162655800563223,,-0.5538813436336427,-0.24021212378791684,-0.029660090836097875,-0.0020657539318770803,0.014462031130364088,-0.00011546763375217967,,,-0.2871123697905724,
FAC_rank_vol_m6_n12_pairwise1,2019-01-31,208,0.1652551114229276,0.13603904032273006,0.3995089733009243,,0.9729649377393249,-0.07613723737656258,0.15115665181321342,0.010097759686644156,-0.052553874956138,-6.423289898575164e-05,,,-0.23476486562276566,
FAC_rank_vol_m6_n12_pairwise1,2019-02-28,215,0.05319144874205861,0.021173768264736936,0.31373827208115823,,0.011206656796824057,0.15007660385743987,0.17932223728771912,0.023103926282588283,-0.038984658619781544,-0.00034907068410876274,,,-0.18274062310982622,
FAC_rank_vol_m6_n12_pairwise1,2019-03-29,213,0.11455946476082512,0.08432490989899954,0.1278161604051248,,0.4525867423343374,0.004242043290653696,0.052005200399651695,0.02867275365759157,-0.006058393570635799,-0.0003353416270319779,,,-0.10821834714902855,
FAC_rank_vol_m6_n12_pairwise1,2019-04-30,210,0.06588044616451783,0.03350996657615957,0.22306198635721455,,-0.3557932469377613,0.05121636365052731,0.11124115916754351,0.02588541758992172,-0.011558252711131771,-0.00042874933949592684,,,-0.14071334579978914,
FAC_rank_vol_m6_n12_pairwise1,2019-05-31,215,0.11653349439260585,0.08665781545902251,0.14520712023327773,,-0.7539567546054217,-0.15074913200414367,0.10373707827477487,0.02146333081732575,0.00011895557318560751,-0.0005745203327695087,,,-0.027018712583030055,
FAC_rank_vol_m6_n12_pairwise1,2019-06-28,219,0.09036417000476271,0.060186678014399364,0.13938970810152707,,0.42589533471762275,-0.20453541696374158,0.17032803565559562,-0.002139345370258057,-0.018146951329123095,-0.0004179823643441038,,,0.06119931430723616,
FAC_rank_vol_m6_n12_pairwise1,2019-07-31,217,0.20191614368253064,0.1751860623704623,0.22851229168795031,,2.143119544978914,-0.2860842853669122,0.09705445855806893,0.018730138835166874,0.002567475083764212,-0.0004420909193898598,,,-0.06920533635620217,
FAC_rank_vol_m6_n12_pairwise1,2019-08-30,219,0.18692229611196143,0.1599481542768133,0.22958251102086705,,1.9086433463615038,-0.3813902614294498,0.07299486394481618,0.005556020906247894,-0.0011417288910495968,-0.00033440052039596124,,,-0.007538427733176738,
FAC_rank_vol_m6_n12_pairwise1,2019-09-30,220,0.21804469759509015,0.19222541874209775,0.10659643316613798,,1.1092688556407677,0.17425849694983295,-0.12342919235959847,-0.006535866176110231,0.04374309296487172,0.0001156469312878628,,,-0.0730969292013557,
FAC_rank_vol_m6_n12_pairwise1,2019-10-31,226,0.10699317866979663,0.07831864770965247,0.18731338741490397,,-0.6996237179791389,0.25645477051664034,-0.2366373223819416,0.005206762766629904,0.06962938694539615,-1.7729986971945072e-05,,,-0.11263791140222908,
FAC_rank_vol_m6_n12_pairwise1,2019-11-29,233,0.21357236458705187,0.18910572704087136,0.17187365377088196,,0.08516643382081669,0.39054027059195456,-0.16686693896129595,0.0175364062167004,0.030989404185906812,0.00017349899376615263,,,-0.1269110075974721,
FAC_rank_vol_m6_n12_pairwise1,2019-12-31,239,0.31816576422920095,0.29750412072099497,0.33170519091097284,,-1.6316073371037019,0.474825235152914,-0.06154141120884025,0.03613677996591534,-0.020094108646821523,0.00017227746825030686,,,-0.2166943673569205,
FAC_rank_vol_m6_n12_pairwise1,2020-01-23,241,0.12565761578834322,0.09938981883777842,0.3407737212489573,,-0.4207829070099089,0.2581081167740919,0.21377805989520995,0.02436180306342907,-0.090539609186825,5.431596137106955e-05,,,-0.056369168226797,
FAC_rank_vol_m6_n12_pairwise1,2020-02-28,242,0.10911279606350333,0.08246232415087307,0.780532548289178,,-1.1974226222755393,0.18384979558174314,-0.19971566909779398,-0.014197879649433785,0.023713739987961665,8.248014543771486e-05,,,-0.44521234096589524,
FAC_rank_vol_m6_n12_pairwise1,2020-03-31,250,0.0870883960435962,0.06068186204485726,0.7391882098310679,,-0.32028767498811095,0.11058075178182236,-0.16204745337451182,-0.007073012983719439,0.03192365021404891,-0.00030082588486170117,,,-0.3547558925600335,
FAC_rank_vol_m6_n12_pairwise1,2020-04-30,253,0.16635179959331137,0.1425332795816916,0.5770907002538782,,1.1101120095168835,-0.025688491956513116,-0.19078066753683046,-0.011255872770798798,0.044933028165746555,-0.0002768959346319783,,,-0.30385756796492763,
FAC_rank_vol_m6_n12_pairwise1,2020-05-29,253,0.0928161864789947,0.06689664894982317,0.5587775008782712,,-0.25086677370595395,-0.14082753231920703,-0.0042565424086257325,0.0045463090816456955,-0.007552985048751511,-0.0004491510160635554,,,-0.12619599486254354,
FAC_rank_vol_m6_n12_pairwise1,2020-06-30,257,0.13197903833529445,0.10757684262584488,0.8355000817049519,,0.292408148246818,-0.1532820346731314,-0.1326844151006512,-0.0014231420160373907,0.034067894725928305,-0.00042621831796482045,,,-0.5000807707611289,
FAC_rank_vol_m6_n12_pairwise1,2020-07-31,260,0.18904820302227732,0.16652176421734066,0.45818005466946743,,1.0085605408088465,-0.07839541061093419,-0.06959228285788753,0.015379806567149745,0.02177921527454603,-0.0003179046886343224,,,-0.38837302886636865,
FAC_rank_vol_m6_n12_pairwise1,2020-08-31,274,0.042286477917073184,0.017083490493838394,0.35703607964044065,,0.20570563765651353,-0.05896482066625735,-0.007648530289213381,0.0018411029424522712,0.007833633940024861,-0.00030402606845112193,,,-0.20211406466938614,
FAC_rank_vol_m6_n12_pairwise1,2020-09-30,285,0.11926575487243274,0.09700893279339673,0.13324946826901138,,1.007112881948275,-0.004550781565154289,-0.03734067705130036,-0.007374240657863865,0.02296245551646174,-0.00013454958825307608,,,0.04658980313243909,
FAC_rank_vol_m6_n12_pairwise1,2020-10-30,286,0.23985348471750512,0.22071310483629125,0.08653533602273626,,1.4611245269395223,-0.029167071556925658,0.05524319935173118,0.00317094426391368,-0.03769899749759991,-0.00010893003680240447,,,0.05800055616399485,
FAC_rank_vol_m6_n12_pairwise1,2020-11-30,294,0.24865540675670517,0.2302658537752259,0.20810720632740337,,-0.9754840685166166,0.1340712078933377,0.02572517630606102,0.0013922454674921707,-0.015172968637903399,-0.0001451881186372944,,,-0.09602301709412113,
FAC_rank_vol_m6_n12_pairwise1,2020-12-31,307,0.10175945489245253,0.08073041203040288,0.04830701819006316,,0.2422077096895601,0.029485997447428122,0.008140054788767465,-0.00956592976460959,-0.018532364634556084,-7.528318250199865e-05,,,0.040381527912013375,
FAC_rank_vol_m6_n12_pairwise1,2021-01-29,307,0.07070805221201804,0.04895205343437292,0.0924748832200919,,-0.48333375816295776,-0.010714769048196246,-0.12969377919576397,-0.03270601716102001,0.06549085935068344,0.00010240791012858652,,,-0.03146723949138674,
FAC_rank_vol_m6_n12_pairwise1,2021-02-26,322,0.1566638602969065,0.13786337310607322,0.04664073729492419,,-1.2786972799312373,-0.16329297604918488,-0.04002276190070587,-0.05013342968251959,0.0012332506438383223,0.0003337763477266715,,,0.11570661831776421,
FAC_rank_vol_m6_n12_pairwise1,2021-03-31,321,0.14097014873110303,0.12175861851103187,0.02151616715415771,,-1.5884122679543586,-0.022825245511958345,-0.025152444973146965,-0.04684994311441546,-0.02095574162090847,0.00031584743388403256,,,0.06974837828831904,
FAC_rank_vol_m6_n12_pairwise1,2021-04-30,328,0.04838454172972084,0.02756795358005848,0.033353300897405506,,0.3619155677433343,-0.11972790760878851,0.08322520919049113,-0.024914379935447723,-0.08935982900273008,0.000352329967711676,,,0.13832292079178088,
FAC_rank_vol_m6_n12_pairwise1,2021-05-31,334,0.235201327004122,0.21877926960850502,0.08781936626296426,,2.4665516111508863,-0.14485537592538403,0.045214755610135424,-0.018199126522457934,-0.07662606429366126,0.0004570241018833023,,,-0.03125525991721456,
FAC_rank_vol_m6_n12_pairwise1,2021-06-30,342,0.08871575436650703,0.0696169827514338,-0.06777429522931931,,0.7319843653669097,0.025082670959946655,-0.0020139532411190832,-0.00014535806128584941,-0.04113700794433168,0.0004285981537296904,,,0.05000223682091352,
FAC_rank_vol_m6_n12_pairwise1,2021-07-30,349,0.04774881473435244,0.028201136444441777,-0.2504607885972789,,0.049923267480272204,-0.04887757001850558,0.011781695315474405,0.0027805440481566412,-0.028269915432124065,0.00023068123667537103,,,0.20997235512947104,
FAC_rank_vol_m6_n12_pairwise1,2021-08-31,370,0.11900424113329133,0.10196841154194614,-0.037914409239240575,,0.38502893904943136,-0.1333025069917593,0.03869374776125993,-0.004706233926961752,-0.01996912659407109,4.092199447335306e-05,,,-0.012118246313667088,
FAC_rank_vol_m6_n12_pairwise1,2021-09-30,377,0.08129453791613084,0.06386652102023083,-0.25039357784853383,,0.009030104296327656,0.06006836055201304,-0.09495186248014355,-0.0012959831601968247,0.022612717252549812,0.00013624009774921398,,,0.10062047249985578,
FAC_rank_vol_m6_n12_pairwise1,2021-10-29,381,0.19702503049337283,0.18195579514070148,-0.24564661688670247,,-0.7894422394266835,0.005852603944897072,-0.09735800202913704,0.006874305782094045,0.019484571325234543,0.00015940775915535373,,,0.037109062110304625,
FAC_rank_vol_m6_n12_pairwise1,2021-11-30,397,0.20721949646752336,0.19295352339624483,-0.17607021993446728,,-0.4065905944291998,-0.11662394256607138,-0.02684385927022669,-0.007299876386941246,-0.004567555620633809,0.00013203625482013855,,,0.026116354697623037,
FAC_rank_vol_m6_n12_pairwise1,2021-12-31,389,0.07104960324639753,0.05398227312231563,-0.09602217346336069,,0.38434475671383866,-0.004562702613712272,0.05584594900411595,-0.00621579898764085,-0.02101793529078847,3.11928736789867e-05,,,0.013617100934883419,
FAC_rank_vol_m6_n12_pairwise1,2022-01-28,403,0.13974887995904828,0.12450392340136052,-0.04802785406438149,,-0.3338744599483547,0.1201900593580175,0.04769496050388633,-0.0006932659026932655,-0.01396125696872583,1.4945306256791156e-05,,,-0.015249246338167233,
FAC_rank_vol_m6_n12_pairwise1,2022-02-28,429,0.010930408603994524,-0.0055149290201670365,-0.11702084304017005,,0.06340388403838124,0.024204340427447953,-0.01031433841237026,0.0019954769986926654,0.0025773826149334883,-1.5702887905178116e-05,,,0.046801822575208304,
FAC_rank_vol_m6_n12_pairwise1,2022-03-31,417,0.09589078729097067,0.08041703548421464,-0.22160515060262784,,-0.42956354075012754,0.03665375331678542,-0.03582767596434179,0.00538040444829318,0.012506614648665506,-1.9701050609181695e-05,,,0.1504306416670431,
FAC_rank_vol_m6_n12_pairwise1,2022-04-29,426,0.47811044185120855,0.46937066456163545,-0.34697260523050494,,-1.5542399189031495,0.11086699124278956,-0.0009999049078390986,0.0018386725695229988,-0.004424751670800203,1.072744284728059e-05,,,0.2789093977899396,
FAC_rank_vol_m6_n12_pairwise1,2022-05-31,458,0.10525948327627388,0.0913412974605714,0.13737333837453866,,0.1393813475869461,0.13002391179222644,-0.011202854279713684,-0.007030457813872312,-0.013788244488422334,8.732575069046766e-05,,,-0.1429388450433572,
FAC_rank_vol_m6_n12_pairwise1,2022-06-30,475,0.1927196798085452,0.18061911826391952,-0.06457934086272182,,-0.6167146357101274,0.016303344126900935,-0.06630502724894427,0.001494035245040458,0.014520151451403156,7.632491585240587e-05,,,0.010284351190972265,
FAC_rank_vol_m12_n6_pairwise1,2013-04-26,74,0.3535783893567026,0.28501852156120133,-0.02866605578454074,,0.8350663452431693,0.38860706081557056,0.26163250841034225,0.18017541556161717,-0.008166721325256334,-0.0006951134947402412,,,,-0.08725165472616084
FAC_rank_vol_m12_n6_pairwise1,2013-05-31,77,0.34631928300862347,0.2800038479515272,-0.07948663867942575,,0.4366483999760532,0.23512110856155402,0.2725776418942074,0.03857013735144587,-0.0035059220769443128,-0.00018089953422845947,,,,-0.0307314334986839
FAC_rank_vol_m12_n6_pairwise1,2013-06-28,80,0.17620220601887115,0.09611075382626133,0.018701717210832997,,-0.5884414309492756,0.17494270103017365,0.38768030034460277,0.03246852551403382,-0.029332415939092384,-2.8991808895947702e-05,,,,-0.0633135304534448
FAC_rank_vol_m12_n6_pairwise1,2013-07-31,80,0.2625255414203559,0.19082663572511271,0.0053706373575422486,,1.0069483122948513,0.03293495565425842,0.1280735173448197,0.08040859686561644,-0.016911888751086932,-4.59797236253452e-05,,,,-0.07169306858161267
FAC_rank_vol_m12_n6_pairwise1,2013-08-30,83,0.1612166768786838,0.08293023338736094,-0.016003953125568994,,0.6812284601123373,0.21742865520315008,-0.22795435387781357,0.041743788335577896,0.0424353852105219,-0.0002751225910676913,,,,-0.0383767429697477
FAC_rank_vol_m12_n6_pairwise1,2013-09-30,85,0.173435904312793,0.09829371379577412,0.02244884305994289,,-0.7304897970014453,0.013442184792059787,-0.013649871275929013,0.046270203800547915,0.03106566738792181,-0.0005862821264240932,,,,-0.10185286958048656
FAC_rank_vol_m12_n6_pairwise1,2013-10-31,89,0.21467345811117078,0.14680573226892624,0.045695121892659674,,0.5105812849262603,0.10383396446839128,-0.14984060592294207,0.046243251518635495,0.025662457323263683,-0.0005515995572520623,,,,-0.10260929834945423
FAC_rank_vol_m12_n6_pairwise1,2013-11-29,88,0.31958523321856414,0.2600489411251885,-0.03197621672084821,,0.9413658463425094,0.027799912626792798,-0.2795598449037645,0.02931486372911847,0.07640028950705534,-0.0008199399711409184,,,,-0.06362165252363018
FAC_rank_vol_m12_n6_pairwise1,2013-12-31,91,0.14727869054938414,0.07536243553547683,0.06451832079549069,,-1.031622550953994,0.09607113635132265,-0.2683182005086779,0.048641556431142145,0.04761946221055603,-0.0006347526398722223,,,,-0.1382081051967923
FAC_rank_vol_m12_n6_pairwise1,2014-01-30,88,0.19029672923347118,0.11944769304140002,0.12121013205344616,,0.13041668750171637,-0.21341071199669862,0.1252270012202928,0.011957969429442576,0.027711721716681563,-0.0006366469527385168,,,,-0.10945184839720554
FAC_rank_vol_m12_n6_pairwise1,2014-02-28,90,0.14989936777254298,0.07732980160678449,0.18785489967374808,,0.47845482470988526,-0.10867111352661764,-0.09000027476416747,0.021474603805536875,0.04122366757429292,-0.000326911837952973,,,,-0.17483774197183677
FAC_rank_vol_m12_n6_pairwise1,2014-03-31,88,0.24989261839592858,0.18425822250557233,0.26533203566163727,,0.6442273926315614,0.36319689483963474,-0.39298984903811357,-0.003817149631510124,0.01141977827581425,0.00026931722031718554,,,,-0.06322180572306216
FAC_rank_vol_m12_n6_pairwise1,2014-04-30,91,0.23211640834196468,0.16735514157562437,0.1674520426417416,,-0.48720550310072946,0.4217740333678255,-0.5416651456111246,-0.005501906607558069,0.0370800275307038,7.956554620610205e-05,,,,0.04843147453001611
FAC_rank_vol_m12_n6_pairwise1,2014-05-30,95,0.1754393960791485,0.10909543944183864,0.1274791508568012,,1.4336597782399507,0.1520716139095991,-0.09418206461503772,0.009435859898486674,-0.026938255013582876,6.120296895714382e-05,,,,0.12721837157559482
FAC_rank_vol_m12_n6_pairwise1,2014-06-30,94,0.09185595921985679,0.017937258226124242,0.415841454586586,,-0.9392749767184323,0.2665309806950844,-0.7258520326110868,-0.08936341621617463,-0.020450689145266994,0.0015097502589935775,,,,-0.12441481810539261
FAC_rank_vol_m12_n6_pairwise1,2014-07-31,94,0.19044874940594803,0.12455504296224607,0.2445768475556875,,0.5739735294693128,0.30144631401062116,-0.281379683248125,0.0035255461693929984,-0.06275362338817185,0.0010492819595137141,,,,-0.041478685609766135
FAC_rank_vol_m12_n6_pairwise1,2014-08-29,94,0.08552498675973241,0.011090974054129177,0.3027654985181146,,-0.5215689588922785,0.23198924087769998,-0.023893657014224114,0.024834255365482043,-0.07030309900019982,0.000326006339380727,,,,0.017980357904801243
FAC_rank_vol_m12_n6_pairwise1,2014-09-30,94,0.07149098133160592,-0.004085334141402885,0.34178172286477143,,0.19972934870572068,0.05900312278103971,-0.05950229671549607,0.06685553352961468,-0.0486708019527349,3.769866262779158e-06,,,,0.09375261221741958
FAC_rank_vol_m12_n6_pairwise1,2014-10-31,89,0.14507663764084588,0.07119437175795595,0.45979617724244765,,1.2343610433148628,-0.10558864963998085,0.2865181504463226,0.2690015629978573,-0.1419897612757091,0.00017197183106520186,,,,0.016676740073266125
FAC_rank_vol_m12_n6_pairwise1,2014-11-28,89,0.14640334480751072,0.07263573263038203,0.42284803692208717,,-0.06854587244113919,0.03255039201983645,0.49349095245895674,0.3581349319778937,-0.22525695360868742,0.00044774356095762325,,,,0.2627705978067888
FAC_rank_vol_m12_n6_pairwise1,2014-12-31,81,0.47281852465160656,0.42226687633052784,0.5631208701223266,,-1.47488707844516,0.022220555785130006,0.28501430072747574,0.0017025759310002094,-0.09561824551698686,-0.0005885201898701059,,,,0.18891335402865092
FAC_rank_vol_m12_n6_pairwise1,2015-01-30,75,0.16572609227788937,0.07856314669498232,0.36395005335723124,,0.5430955012875408,-0.2246343457644797,0.28504238833462375,-0.12258181802294181,-0.015365178594283239,-0.0009709726253160248,,,,0.1360435907659041
FAC_rank_vol_m12_n6_pairwise1,2015-02-27,76,0.12002583625332264,0.029440260573517674,0.1279296367300215,,-0.6096829850033211,-0.018754218578548174,-0.024838607824802086,-0.09825896194068445,0.06731810724503938,-0.0007958555262889119,,,,0.0889126032383276
FAC_rank_vol_m12_n6_pairwise1,2015-03-31,71,0.18339122440106448,0.09265691600118275,0.06312057916830513,,-0.3248266535473498,-0.11528893824142604,0.09122211373926371,-0.07545822428942343,0.03697741186073341,-0.001028125386826444,,,,0.062372918521720104
FAC_rank_vol_m12_n6_pairwise1,2015-04-30,66,0.33775974809354703,0.25783420044966476,0.17605297148085014,,-0.2804532706299854,-0.14109530520091135,0.05719579308331838,-0.0978282281708868,0.05227759514038528,-0.0016920989131642777,,,,0.0497071798366003
FAC_rank_vol_m12_n6_pairwise1,2015-05-29,59,0.548620224333098,0.4866661374768565,0.07227828315004255,,-0.5699414047631499,-0.08099477975003959,0.03730574170525545,-0.048760413711667415,0.01123078174530625,-0.001200247903605449,,,,0.07868990234788378
FAC_rank_vol_m12_n6_pairwise1,2015-06-30,50,0.14940169672767023,0.007635312848948583,0.08832197634757838,,0.19931366075882778,-0.08256963506708977,0.05666739611854048,-0.07745542600596596,-0.03951090560222412,-8.238536410516833e-05,,,,0.08470651827559883
FAC_rank_vol_m12_n6_pairwise1,2015-08-31,52,0.09421674757786902,-0.04988513348928825,-0.0680535097589856,,-0.2390359309511123,0.06168355740839382,0.011277953746756995,-0.03638520340781614,-0.05650902044679113,0.0007073788871924478,,,,-0.02863937358843849
FAC_rank_vol_m12_n6_pairwise1,2015-11-30,52,0.47933724704031433,0.3965045363421825,-0.05401097883457419,,-0.8419824144193196,0.026331674648623783,-0.11681077392709074,-0.0505528531514032,0.0775956041167662,0.0002442783618593269,,,,-0.0056905170767995224
FAC_rank_vol_m12_n6_pairwise1,2015-12-31,52,0.2184065297784632,0.09406211406140053,-0.03460896618899244,,-0.38663124503199237,-0.04400924334867509,-0.12230020976959709,-0.07790082009365576,0.08384993574265612,-2.408710529879761e-05,,,,0.009043338747714671
FAC_rank_vol_m12_n6_pairwise1,2016-01-29,56,0.24033904045112164,0.12955515051691024,0.04706650542983118,,-0.2570324990958285,0.06115897773433611,-0.13860183131736897,-0.03400959483543522,0.050633093695476895,0.0008973962089411498,,,,0.055273953883741796
FAC_rank_vol_m12_n6_pairwise1,2016-02-29,60,0.22598782543898788,0.12179387886346704,0.06695926255758222,,-1.0611814209633765,0.01296950282979459,-0.065500353858512,-0.026643885267807893,0.004231082385188571,0.0005243591919578396,,,,0.18591595376946324
FAC_rank_vol_m12_n6_pairwise1,2016-03-31,61,0.20414553203950914,0.09903267778057634,-0.0800422247332223,,-0.08191182717144979,-0.06680921353894843,-0.1277139340303311,-0.003460959151511894,0.059458290310706666,0.00021404494479603902,,,,0.18147322282713363
FAC_rank_vol_m12_n6_pairwise1,2016-04-29,58,0.30213817197996495,0.20443751605715998,-0.006512460197136703,,0.8517758447471746,0.07903681768405434,-0.0025394449488344234,0.002845197275220623,-0.0042400867501510035,-6.69223089606421e-05,,,,0.14343438023075344
FAC_rank_vol_m12_n6_pairwise1,2016-05-31,61,0.24899525574356962,0.1498059498983807,0.07882042877081287,,-0.5096461079909991,0.22889260834111683,0.033678693826702376,0.002738870500034485,-0.04257074136866721,0.00014750722038614058,,,,0.10569606562926886
FAC_rank_vol_m12_n6_pairwise1,2016-06-30,64,0.25067209557614234,0.15700610752316013,-0.006214586639552197,,-0.8153166151411572,0.06962589894641484,-0.17681676853369954,-0.0007711222914819396,0.03849314635497703,0.0004230898912873393,,,,0.0480081293521262
FAC_rank_vol_m12_n6_pairwise1,2016-07-29,61,0.31526956856750077,0.22483347385000085,-0.01608079025164231,,0.7919664043704123,0.03167730085242844,0.005851273814856517,-0.006505999499822693,-0.019716517100701905,-7.282469062453994e-05,,,,0.030271133060833195
FAC_rank_vol_m12_n6_pairwise1,2016-08-31,67,0.2004299442661015,0.10556570036546953,-0.01851475068234665,,-0.12035999670972364,0.03365430922672814,-0.26087239253906913,-0.020673035754121705,0.058390303083968684,0.00021673844208966927,,,,0.030763169479424316
FAC_rank_vol_m12_n6_pairwise1,2016-09-30,68,0.16402607931011437,0.06649578856296101,0.08423347383232396,,0.2540370735974157,-0.0030662061336401373,-0.1838160562927122,-0.07949103561731918,0.021759148987742682,0.0004885936421862451,,,,-0.008931436694972478
FAC_rank_vol_m12_n6_pairwise1,2016-10-31,69,0.13400836687052164,0.03463227782287659,0.049750241535664826,,-0.7950369743725377,0.04876448053128355,-0.20618344008097733,-0.08445475620133626,0.033140421621780145,0.0004688269827597395,,,,0.01761504031594029
FAC_rank_vol_m12_n6_pairwise1,2016-11-30,72,0.18789861655422002,0.09907502773983778,-0.009206924113095004,,0.18368714295573085,0.07267877775438944,-0.36716396230960774,-0.08474179125111654,0.10352275880309064,0.0004345966736059072,,,,0.011189298190730376
FAC_rank_vol_m12_n6_pairwise1,2016-12-30,74,0.1655429482049251,0.0770399275599929,0.33685363510540167,,1.3757113779279815,-0.042063011654411064,-0.19195120549343545,-0.12372338586034656,0.03191692468383352,0.0004759146608627229,,,,-0.14092072051840274
FAC_rank_vol_m12_n6_pairwise1,2017-01-26,76,0.1593283404488789,0.07278861078920462,0.21428553173924564,,0.8706571682093728,0.22583775009070656,-0.25504287769560496,-0.04811299406186312,0.04605476398149146,0.0003566798068377558,,,,-0.15933917156339739
FAC_rank_vol_m12_n6_pairwise1,2017-02-28,78,0.17341165015741333,0.09075281517315459,0.06401449107948794,,2.1718002268686627,0.05573243051214607,-0.3727589705029913,-0.026861099474305747,0.0563917303394458,0.00044308306237754875,,,,-0.07909240750553267
FAC_rank_vol_m12_n6_pairwise1,2017-03-31,76,0.3373505246471781,0.26913660806674056,-0.04124227810345799,,1.6354418840682876,0.027729242761852096,-0.13302394388221944,0.01264645921664482,-0.0017487024133181833,0.0005453775883657909,,,,0.08169807902607373
FAC_rank_vol_m12_n6_pairwise1,2017-04-28,81,0.21702073598191318,0.1419405325829186,-0.0725632821669202,,1.1709724036162221,0.10674320369930601,-0.1778567024744334,0.0222207065605309,-0.0027607305265363834,0.0004085200753773391,,,,0.22479718651347233
FAC_rank_vol_m12_n6_pairwise1,2017-05-31,86,0.26176586454302786,0.19551408315586372,0.07498372984753747,,0.6580135231497666,0.23424918108953688,0.006853466251786574,0.04661755060609284,-0.03432680949032879,0.0004973674898832321,,,,0.010707108268691503
FAC_rank_vol_m12_n6_pairwise1,2017-06-30,93,0.4932976449380434,0.45156921569764696,-0.11983902951009412,,1.7571404795064265,0.15415124588253723,-0.19889485325077572,0.033933258339805865,0.03722578793600558,-0.00015495337053445527,,,,0.08620731805080123
FAC_rank_vol_m12_n6_pairwise1,2017-07-31,102,0.30675919195581114,0.2551348764631587,-0.006224162209973046,,-0.5812408845772096,0.4703999268603461,0.022993285720279838,0.022495287763023824,0.002983892976146628,4.916266163494335e-05,,,,0.061696872855295105
FAC_rank_vol_m12_n6_pairwise1,2017-08-31,114,0.274956949711449,0.2270767482772994,-0.048838703022867434,,-0.8908697475945353,0.30181683088814193,-0.0029654635698683133,0.011103325113131989,0.012793818728553091,-8.567570414525898e-05,,,,0.09273843513532697
FAC_rank_vol_m12_n6_pairwise1,2017-09-29,134,0.10050166930850413,0.050529539825643344,-0.09855460795734684,,0.2819424645137305,0.12069530364573267,-0.007109505245390053,0.03537147930107733,-0.000931019279401937,-0.0003286233704188744,,,,0.11241566044781012
FAC_rank_vol_m12_n6_pairwise1,2017-10-31,152,0.07497608569607861,0.030009645417415798,-0.1782867513039169,,-0.15414654508014175,0.039481402401794055,-0.09347863080938887,0.017999212398505077,0.017036556635091293,-0.00039626269223742215,,,,0.1694008108038762
FAC_rank_vol_m12_n6_pairwise1,2017-11-30,169,0.05797790836754091,0.017020426122651422,-0.1346755754582006,,-0.26730913926142524,0.14321167304246216,-0.2309774403725727,-0.00010365280429719038,0.05604023145354064,-0.00034850298502239643,,,,0.15351772460961657
FAC_rank_vol_m12_n6_pairwise1,2017-12-29,177,0.07920855226472445,0.04106926153012724,-0.20956490150457335,,0.6902695131500658,-0.08018298795722104,-0.007670026038713669,0.013783040726626367,0.0039985983170420835,-5.533127255777911e-05,,,,0.141461249018795
FAC_rank_vol_m12_n6_pairwise1,2018-01-31,181,0.1188619015954413,0.08320891495479432,-0.21878608254205364,,-0.45978985111861004,-0.06078332183102509,-0.034426435097929156,0.012053059179946205,0.012998781567417413,-6.785006558838227e-05,,,,0.1454631719215958
FAC_rank_vol_m12_n6_pairwise1,2018-02-28,189,0.09117318482921122,0.05602518645244037,-0.28790732382352,,0.07209120291147854,-0.013945093119295364,-0.16676211342331024,0.02110482760319436,0.03637040289877669,-0.0001414917917162838,,,,0.17027414652859513
FAC_rank_vol_m12_n6_pairwise1,2018-03-30,189,0.07480192775333028,0.03902078683771315,-0.2832378405655114,,-0.28523394183644163,0.1186818070869598,-0.13484659968575166,0.0019617426972352624,0.026061459013114508,-3.7895390098946874e-05,,,,0.1542749012317994
FAC_rank_vol_m12_n6_pairwise1,2018-04-27,197,0.2652170700432188,0.23800288745222686,-0.15983246945206764,,1.2881287291524792,0.03786166063753637,-0.07113047871439947,0.002881788623803851,0.02729156967062809,-0.00016065831225372176,,,,0.007007629951696775
FAC_rank_vol_m12_n6_pairwise1,2018-05-31,201,0.10023664279330269,0.06760273864590949,-0.2151672522013743,,-0.27112570408969444,0.001214150850708272,-0.2112412365711941,0.01736294874356684,0.05092117374648237,-0.0003546091242825263,,,,0.04110637951564218
FAC_rank_vol_m12_n6_pairwise1,2018-06-29,202,0.16727069670568517,0.1372237630816634,-0.19329611536556246,,0.7656726388095447,-0.06783804608110487,-0.29341070679870523,0.004429165077967032,0.055850586837938566,-0.00023546657270817967,,,,0.09283207085350662
FAC_rank_vol_m12_n6_pairwise1,2018-07-31,204,0.2468245429158764,0.21992541944858635,-0.17734590668230263,,0.8451495899698843,0.09515962650396911,-0.22132226687422693,0.01723920925040968,0.02913876035231539,-0.00016877838241207023,,,,0.0754068836887988
FAC_rank_vol_m12_n6_pairwise1,2018-08-31,217,0.09098118634506436,0.06053558014609528,-0.0032035354983263264,,0.2862449316804062,0.03915418997051722,-0.10628407459670358,-0.008084997310621206,0.009252607244136988,0.00012235680941565723,,,,0.09179246571430148
FAC_rank_vol_m12_n6_pairwise1,2018-09-28,216,0.02409918341258388,-0.008743632530261891,0.12679086260433522,,-0.4341683829363142,0.02935235675582666,-0.07046278957062954,-0.012602566498505486,0.009725284294803186,0.00012997506755317326,,,,0.01279630203329198
FAC_rank_vol_m12_n6_pairwise1,2018-10-31,214,0.22403761270123612,0.19766995876389948,0.13882689857166947,,-1.547333301194093,0.05912020505464289,-0.052539531267647904,-0.012462329210288114,0.009547905071281185,4.307223281830542e-05,,,,-0.02073149840583865
FAC_rank_vol_m12_n6_pairwise1,2018-11-30,217,0.0685259117618805,0.037328215026632416,0.20688724030724331,,1.06255394122454,-0.016156037936749308,-0.008374482557407565,-0.013213165041132735,-0.005743731502722475,0.00018712751346303743,,,,-0.09027731856407514
FAC_rank_vol_m12_n6_pairwise1,2018-12-28,216,0.09319064859052051,0.06267302618731685,0.3837669893285023,,-0.44257356091150624,-0.29623687805004545,-0.07633483575677696,-0.001598118640373432,0.02705974207633785,-9.410901012899767e-05,,,,-0.24834643483059593
FAC_rank_vol_m12_n6_pairwise1,2019-01-31,208,0.15723915582881853,0.12774252628282723,0.2984134046159346,,0.9766975179029116,-0.10824408000262034,0.11768860393885715,0.009731309023158956,-0.043065109363048866,-5.994614620445336e-05,,,,-0.14257687822804974
FAC_rank_vol_m12_n6_pairwise1,2019-02-28,215,0.08472008411775289,0.05376858937777351,0.325787319596238,,0.051341688961981984,0.08689466271546288,0.12679796442436828,0.01754797429574159,-0.024880724354383443,-0.00031159340781524494,,,,-0.2314030709079974
FAC_rank_vol_m12_n6_pairwise1,2019-03-29,213,0.1281351050395083,0.09836410862622325,0.12934553986835165,,0.4654619812558678,-0.013550469841775444,0.03397628153682129,0.02410183418309934,-0.0006602538416017141,-0.00031609475442164516,,,,-0.1247743279302152
FAC_rank_vol_m12_n6_pairwise1,2019-04-30,210,0.051389075133402295,0.01851641932119341,0.14143007584409145,,-0.3170349801551236,0.0578779349788652,0.09766715859232962,0.02466909435551555,-0.007225350069525178,-0.000446874742327893,,,,-0.0511358293886585
FAC_rank_vol_m12_n6_pairwise1,2019-05-31,215,0.11741767969277517,0.08757190074518784,0.09622264320705001,,-0.7001861868286708,-0.141047867811635,0.10522859942478612,0.022687566109461422,-0.0005946054739792806,-0.0005869075956733634,,,,0.03781588023993222
FAC_rank_vol_m12_n6_pairwise1,2019-06-28,219,0.11563992706419124,0.0863009672985483,0.06826004172548174,,0.4207516783198915,-0.1969632542760918,0.1845938507899062,0.002200952147874119,-0.0227918299945336,-0.00045218981530284957,,,,0.16366285924125898
FAC_rank_vol_m12_n6_pairwise1,2019-07-31,217,0.2059886657645975,0.179394984713651,0.09397349610985069,,2.0626999174721297,-0.27486819403084445,0.0924133277925116,0.024201477664407323,0.001882871501309964,-0.00048196376551551466,,,,0.0991481154840415
FAC_rank_vol_m12_n6_pairwise1,2019-08-30,219,0.2141623251525131,0.18809188096326002,0.03691227757691471,,1.9301128474187002,-0.37731069668947315,0.07620813951362061,0.011699517983436198,-0.0036516060385760516,-0.00037327804940280704,,,,0.2421209105334714
FAC_rank_vol_m12_n6_pairwise1,2019-09-30,220,0.21921965498336904,0.19343917189319715,-0.010551532341271923,,1.1096122243100337,0.16889286339398066,-0.12820615313633116,-0.0029777464324205857,0.043866926884222605,9.667598860404772e-05,,,,0.07158556426063162
FAC_rank_vol_m12_n6_pairwise1,2019-10-31,226,0.10985459908857775,0.08127194860059628,-0.007129094737216332,,-0.6838306929443676,0.24909517896569205,-0.2386954589804689,0.010969752815403066,0.06809093744260414,-2.450293470910164e-05,,,,0.12711700074207596
FAC_rank_vol_m12_n6_pairwise1,2019-11-29,233,0.2127306548968223,0.18823783082694567,0.15470931729911117,,0.1497497434510447,0.3841791211023324,-0.18120780815695509,0.01711640065698995,0.03562299628427817,0.0001652250630654452,,,,-0.11712404491674407
FAC_rank_vol_m12_n6_pairwise1,2019-12-31,239,0.3144752354541571,0.2937017577406468,0.2468285842266519,,-1.6024124465591925,0.47683027189499005,-0.0837076763792369,0.03439322820846563,-0.015122597672596272,0.00019856545430142167,,,,-0.14246865747864654
FAC_rank_vol_m12_n6_pairwise1,2020-01-23,241,0.13871108268776255,0.11283544997881123,0.4687875043685033,,-0.3851176569818946,0.23975452430086433,0.1989657079157382,0.020804459042743324,-0.08208672741208105,-1.6620059185237037e-05,,,,-0.20922724679043256
FAC_rank_vol_m12_n6_pairwise1,2020-02-28,242,0.1171879865885358,0.09077908020443226,0.6761625882832693,,-1.117196938591277,0.15426556920198686,-0.16915696396251603,-0.016616461655357104,0.024108925631826712,2.9415244575810815e-05,,,,-0.360100577721563
FAC_rank_vol_m12_n6_pairwise1,2020-03-31,250,0.09717335954604167,0.07105853936762141,0.6738342348584109,,-0.2568776447555849,0.11092052129752826,-0.1485709548665349,-0.009099945725616086,0.03370064428755155,-0.00034117533406871934,,,,-0.30676220410372673
FAC_rank_vol_m12_n6_pairwise1,2020-04-30,253,0.146007614539147,0.12160783209740844,0.4334756805090661,,1.0623038638134845,-0.023852525754618353,-0.1975254056852753,-0.010936995525185672,0.049786838976117194,-0.0002767221273314334,,,,-0.15788406903885782
FAC_rank_vol_m12_n6_pairwise1,2020-05-29,253,0.09565972888153762,0.06982143542101016,0.5427696866864644,,-0.2556945587825725,-0.14173309155741864,-0.007018117724093575,0.00463746951237164,-0.006486872673890623,-0.00044831757946236237,,,,-0.11977666604841025
FAC_rank_vol_m12_n6_pairwise1,2020-06-30,257,0.15129616186850126,0.1274370178246439,0.704755251308695,,0.23898786194215824,-0.1539082722375198,-0.1292328770466186,-0.0030722987468965513,0.030140793165148387,-0.0003977827596975456,,,,-0.38793409328404493
FAC_rank_vol_m12_n6_pairwise1,2020-07-31,260,0.1974053822768218,0.17511108734006675,0.3199262534505721,,1.0190306443922266,-0.08798332928421038,-0.06827304391271347,0.013338797580370444,0.018135069670129213,-0.0002869238582756793,,,,-0.25896759894387
FAC_rank_vol_m12_n6_pairwise1,2020-08-31,274,0.042668483087237474,0.017475548431638455,0.27664267094805783,,0.2342891065560418,-0.05982807171305945,-0.01593856792878028,-0.0002486182031135031,0.009937803416894882,-0.000281767647534036,,,,-0.12878176707813332
FAC_rank_vol_m12_n6_pairwise1,2020-09-30,285,0.11845719336997829,0.09617993832878635,0.1726817155300046,,1.001780948965349,-0.006266022117227889,-0.036855811707602486,-0.0068815344989422616,0.022848200498368713,-0.00013613497292288835,,,,0.004408310618058119
FAC_rank_vol_m12_n6_pairwise1,2020-10-30,286,0.23922758156662627,0.22007144153413127,0.11421505936110961,,1.460060906506746,-0.030683430800812386,0.05710203693298994,0.003778428821358178,-0.037793258073258965,-0.00011777612177690463,,,,0.03164674609174188
FAC_rank_vol_m12_n6_pairwise1,2020-11-30,294,0.2455389843327026,0.2270731552779086,0.14613926522907014,,-0.9753088959303252,0.1395354144874241,0.02578830121663604,0.0009132764491760042,-0.01692604150820811,-0.0001272376034947866,,,,-0.03374244070699781
FAC_rank_vol_m12_n6_pairwise1,2020-12-31,307,0.10061860573288195,0.07956285402763164,0.09309017936692676,,0.2367733109199859,0.027561536869181724,0.005429992381306589,-0.00932709055503516,-0.016661699584745743,-8.330227808072629e-05,,,,-0.00955199718568705
FAC_rank_vol_m12_n6_pairwise1,2021-01-29,307,0.07038645339429761,0.04862292554734127,0.06452100380392421,,-0.48435470147003873,-0.009501885715580463,-0.12846544851815297,-0.03283454278879557,0.06472514241190272,0.00010782505546923446,,,,-0.0008416811947341559
FAC_rank_vol_m12_n6_pairwise1,2021-02-26,322,0.15825935849779404,0.13949443973819076,0.050756867570293414,,-1.3016477160666262,-0.15817303958353301,-0.04306640551051731,-0.05163438986355702,0.0031783158307527965,0.00032354277983569994,,,,0.12279458174244158
FAC_rank_vol_m12_n6_pairwise1,2021-03-31,321,0.14038819878887443,0.12116365371386528,0.11345775856234437,,-1.585164212670955,-0.020208514583570182,-0.02718457214979858,-0.04742379486105325,-0.021876218583786734,0.00033762700514654954,,,,-0.04097258498842969
FAC_rank_vol_m12_n6_pairwise1,2021-04-30,328,0.048169705565169196,0.027348417874407338,0.07133306466383778,,0.3909101791251389,-0.11516817728291194,0.080459275254213,-0.026556668810698833,-0.0885600511179273,0.0003502383752502638,,,,0.10484307997319281
FAC_rank_vol_m12_n6_pairwise1,2021-05-31,334,0.235561990780499,0.2191476776990987,0.027515281223162696,,2.458926235059184,-0.14509916739680298,0.04246503510873459,-0.018360616156370996,-0.0743365446803741,0.0004451095675161936,,,,0.040582333365767644
FAC_rank_vol_m12_n6_pairwise1,2021-06-30,342,0.0982764203785702,0.07937802200327082,-0.1434286602080161,,0.7307495346138317,0.02681090407523973,-0.002912703375738524,-0.0009282162886636007,-0.0389412995160857,0.00040644087499901795,,,,0.15119250215991722
FAC_rank_vol_m12_n6_pairwise1,2021-07-30,349,0.05013005751333899,0.030631261040005797,-0.24828600091576833,,0.03355034408709654,-0.04468544524722046,0.022013428793678885,0.0003016117196946284,-0.034018974271402526,0.0002394813501880907,,,,0.23434898833505297
FAC_rank_vol_m12_n6_pairwise1,2021-08-31,370,0.11920441358995404,0.10217245473672121,-0.06318706666264097,,0.3792101865473401,-0.1338530945812295,0.04254526581787574,-0.0040706796353925925,-0.02139538290571287,3.961516003646004e-05,,,,0.019543916099360785
FAC_rank_vol_m12_n6_pairwise1,2021-09-30,377,0.07431050702876307,0.05675000174204581,-0.22904333185602405,,0.0014561942427028004,0.06666656086937607,-0.10582151721899936,-0.0022845248161465783,0.025433696223829367,0.0001513550195573859,,,,0.07984906823338761
FAC_rank_vol_m12_n6_pairwise1,2021-10-29,381,0.19880920127218493,0.18377344901723935,-0.2551142687783934,,-0.8088150789557346,0.007648462367005772,-0.09705102468809694,0.007128173284599017,0.019704721338192923,0.00015510345427094434,,,,0.053008914514457925
FAC_rank_vol_m12_n6_pairwise1,2021-11-30,397,0.20752383714079858,0.19326334063690542,-0.17156923439222554,,-0.403342289154895,-0.11659831113167667,-0.02536377602626149,-0.007101862048274306,-0.005000288016102211,0.00012780792226403464,,,,0.02406644860436868
FAC_rank_vol_m12_n6_pairwise1,2021-12-31,389,0.07528557933942315,0.05829607554775895,-0.11696108282689603,,0.40098787921190476,-0.009154628525321541,0.06370419995470963,-0.0055417431272478225,-0.023420881748787193,2.4607520606955142e-05,,,,0.04437957194437387
FAC_rank_vol_m12_n6_pairwise1,2022-01-28,403,0.14095352319144838,0.1257299147416766,-0.08353991096358632,,-0.33053134896072506,0.1180256550298533,0.0509093784775595,-0.0003710823137332747,-0.01538166039943739,1.2183521827362815e-05,,,,0.02951455818222943
FAC_rank_vol_m12_n6_pairwise1,2022-02-28,429,0.00886275260993652,-0.007616964092511003,-0.06543606081761358,,0.0410114662725916,0.028155840398747866,-0.009444638250529621,0.0024474654974592394,0.0029997305642320924,-1.67213592417493e-05,,,,-0.013505718560753157
FAC_rank_vol_m12_n6_pairwise1,2022-03-31,417,0.08357630048315601,0.06789178728849121,-0.0929286166441253,,-0.49571091608873485,0.03957095713181942,-0.026114949958136926,0.007004657888658523,0.011327119555329971,-3.356779254726903e-05,,,,0.0005781680735650592
FAC_rank_vol_m12_n6_pairwise1,2022-04-29,426,0.469554258673505,0.46067119601971207,-0.18331862609667857,,-1.5246219697961312,0.1336211083408707,0.04629440577238777,0.004135732015597169,-0.017921211772182172,-2.4379302832808944e-05,,,,0.12190978609855517
FAC_rank_vol_m12_n6_pairwise1,2022-05-31,458,0.09962768375831643,0.08562189217233473,0.0177365139480816,,0.14080078045421573,0.12111369163931068,-0.01954083560135386,-0.007869160706495308,-0.010964760503367463,0.0001022128166554111,,,,-0.018970397284284995
FAC_rank_vol_m12_n6_pairwise1,2022-06-30,475,0.1928726247673206,0.18077435575955014,-0.04655493740078704,,-0.6209194694333603,0.016040999493150552,-0.06698385150585597,0.0015084030774978206,0.014715866249193193,7.47538356017896e-05,,,,-0.010122653529367013
