factor,month_date,n_obs,r_squared,adj_r_squared,const,FAC_rank_vol_m3_n6_pairwise1,CtrlRetSTR,CtrlRetLTM,CtrlVol,as_偏股混合型基金,Ctrl_log_fund_size,Ctrl_fund_age,FAC_rank_vol_m6_n3_pairwise1,FAC_rank_vol_m6_n6_pairwise1,FAC_rank_vol_m6_n12_pairwise1,FAC_rank_vol_m12_n6_pairwise1
FAC_rank_vol_m3_n6_pairwise1,2012-09-28,52,0.275437449027205,0.1601661340997148,0.6850242731840509,-0.3576266815123241,-0.17598453028198047,0.037489983849010956,-1.8627712038348831,0.0483573697452681,-0.011431027420107709,0.0009085459320711261,,,,
FAC_rank_vol_m3_n6_pairwise1,2012-10-31,52,0.3346765354796921,0.22882962066964307,-0.14244414385593937,0.35143527477020514,0.8024601529259037,0.3294073110986342,-0.11600734654399615,0.025745400734037353,-0.005937322942657002,0.0010204237170657485,,,,
FAC_rank_vol_m3_n6_pairwise1,2012-11-30,55,0.2339966630986996,0.11991105973042093,0.26968663030173473,0.05306057515128018,-1.3676300785170303,0.1148456116970075,-0.9158310707257465,0.0663440826035025,-0.007017775016234846,0.0003304180504872558,,,,
FAC_rank_vol_m3_n6_pairwise1,2012-12-31,59,0.19512610639241978,0.08465321903451661,0.2587485927870127,-0.0006719619390774648,-1.0706440612004673,0.03132545693050032,0.1317934374215203,0.03943185403099388,-0.004996388194595739,-0.0003476994724830043,,,,
FAC_rank_vol_m3_n6_pairwise1,2013-01-31,61,0.2699393450623784,0.17351623969325858,0.26672972314670207,0.17838135487585094,-0.2519497030037784,0.685223327785497,-2.3575448835024333,0.0718892132354834,-0.014388499919415666,-0.00019704014616770915,,,,
FAC_rank_vol_m3_n6_pairwise1,2013-02-28,60,0.3583213842128532,0.2719415705491989,0.07019429072418515,-0.046242260479373416,2.2343239931749803,0.37179014920134396,-2.098233841529438,0.011741079143106172,0.004858524426556274,-0.0004857732583999673,,,,
FAC_rank_vol_m3_n6_pairwise1,2013-03-29,62,0.215959579385688,0.11432471004679579,0.437715925565069,-0.15967220584657746,1.015953748013012,0.19389795725381825,0.7107822379983036,-0.007514117252190759,-0.008405720108402402,-0.0005080856029087636,,,,
FAC_rank_vol_m3_n6_pairwise1,2013-04-26,61,0.2809595214983125,0.1859919111301651,0.023851494210481324,0.30765723898461084,1.2351545935302408,0.42695199543821266,1.478696130998217,0.026120637119245244,-0.017516054786448642,0.0005278356696197511,,,,
FAC_rank_vol_m3_n6_pairwise1,2013-05-31,62,0.1601119659204484,0.051237591132358484,0.30998952843486555,-0.054108004961103705,0.12224151119718032,0.38126261314113163,-0.18848473482857447,-0.000364465261144797,-0.012054633856575177,0.00020894107531008472,,,,
FAC_rank_vol_m3_n6_pairwise1,2013-06-28,62,0.04861854494527518,-0.07470868070996683,0.19330537873699902,-0.030833996944861206,-0.26301377894187394,0.1848885496844947,-0.4479511126426827,0.03547435219739365,-0.005973308008671834,-1.718283555207006e-05,,,,
FAC_rank_vol_m3_n6_pairwise1,2013-07-31,64,0.25753691599000583,0.16472903048875653,-0.04840673624374029,0.07657037526149978,1.1218105711475554,0.3050062056309378,0.9220346425482798,0.06601884772418887,-0.006195302289167733,6.162733042526664e-05,,,,
FAC_rank_vol_m3_n6_pairwise1,2013-08-30,65,0.13946207999441107,0.033781984555128264,0.4006337093987631,-0.226758301574143,0.6092349816499166,0.21027937154173365,-0.9805570422153602,0.049015569829612915,-0.010066062812591548,0.00026139742156250617,,,,
FAC_rank_vol_m3_n6_pairwise1,2013-09-30,67,0.10468498533429627,-0.001538829965024524,-0.1806234595612346,0.06785329245805923,0.3831058000566366,0.2618333046879736,0.13986349507910711,0.010575604457441561,-0.001486050919086532,0.00019848168818421374,,,,
FAC_rank_vol_m3_n6_pairwise1,2013-10-31,69,0.3754063026718061,0.3037316160931609,0.2772542516978033,-0.1819350130531208,0.5947291886378434,0.2811836802942093,-0.15514316786262494,-0.03887102552841602,-0.007715072821181846,0.0003836804525871852,,,,
FAC_rank_vol_m3_n6_pairwise1,2013-11-29,70,0.17884298423589673,0.08613170826253025,-0.03266674097182161,-0.02654161254658814,0.47428727979407187,0.15896731543465087,-0.8290319470266069,-0.022047064843857753,0.00010276426601780454,0.00015762106088709296,,,,
FAC_rank_vol_m3_n6_pairwise1,2013-12-31,71,0.03865726092740551,-0.06815859896954946,0.008694497778788007,-0.022016200426115875,0.2985962652931964,0.004841549411040711,0.8031951667013898,0.013216678259332858,-0.00433956530899478,0.00011143180755290588,,,,
FAC_rank_vol_m3_n6_pairwise1,2014-01-30,64,0.28153490173023055,0.19172676444650938,0.07138239647520626,-0.02697475279376556,-0.21401590711442664,-0.32063426475344803,0.055161549653373075,-0.07053474378428999,0.0019702355933674536,-0.00013462810674380067,,,,
FAC_rank_vol_m3_n6_pairwise1,2014-02-28,65,0.24039610595129202,0.1471114172084682,0.3392673209592414,-0.3566892710667464,0.046286066025181705,-0.2522286421661373,-0.5379081749542342,-0.007299726361635032,0.002577610849456978,0.00012040649476786887,,,,
FAC_rank_vol_m3_n6_pairwise1,2014-03-31,64,0.03885044166405127,-0.08129325312794244,0.3210599810133424,0.010213182096375634,0.09916693970511047,-0.006530339182510464,0.38867152068367705,-0.03864635646724679,-0.0084250448318351,0.00017602643805268633,,,,
FAC_rank_vol_m3_n6_pairwise1,2014-04-30,63,0.08193018092045457,-0.034915068780578595,0.40640878599910674,0.009544424445277649,-0.14833560260663048,0.06325389406044722,0.24163410817714964,0.030068250541497255,-0.015096398981261286,0.00022334232329823437,,,,
FAC_rank_vol_m3_n6_pairwise1,2014-05-30,64,0.2523203225164028,0.15886036283095317,0.9507480675582797,-0.5371523087525599,0.33502388625822044,-0.19989159851904476,0.07878541637110113,0.005717984387706321,-0.014626195490141377,0.0003711063355158708,,,,
FAC_rank_vol_m3_n6_pairwise1,2014-06-30,62,0.19694475549629198,0.09284500157914466,1.6211926864794104,-0.014005458785685699,-2.3804877611394604,0.19717784885973427,-0.9311476050307992,-0.03592234243738462,-0.06355397911214451,0.0015940585528633536,,,,
FAC_rank_vol_m3_n6_pairwise1,2014-07-31,61,0.10749313769990787,-0.010385127132179761,0.8002316005184216,-0.036065460484284065,-0.019382793697411957,-0.007740341334307912,-0.7090428632312615,-0.02138948295198501,-0.021416256098262816,-0.00013171700256899168,,,,
FAC_rank_vol_m3_n6_pairwise1,2014-08-29,61,0.20326673163616704,0.0980378093994343,1.0766233159186753,0.013525946662737825,-0.016740451881975194,-0.357017970638618,0.6214765113408365,-0.016882318134621224,-0.03891216897002008,0.00026625170916977885,,,,
FAC_rank_vol_m3_n6_pairwise1,2014-09-30,60,0.14004915504195858,0.02428654129760688,0.5664291952351566,0.3766417185538746,0.9417116268505737,-0.09501229865109517,-0.35753770996528633,-0.04020584812602666,-0.01996560300197507,-0.0005315779065655312,,,,
FAC_rank_vol_m3_n6_pairwise1,2014-10-31,61,0.09906003572739053,-0.019932035025595596,0.9507866373889878,0.3076963413288015,2.3909966254399975,-0.23762815954719013,2.033336441237551,-0.0870907184610042,-0.022298309263962736,-0.0006755740496543433,,,,
FAC_rank_vol_m3_n6_pairwise1,2014-11-28,62,0.2180944606868207,0.11673633522029747,0.7958283292256214,-0.5938349674405036,-0.4633721186621175,-0.009152780681325271,3.6325490112460184,0.7507506240431135,-0.006567240668696747,-0.0009251491032033944,,,,
FAC_rank_vol_m3_n6_pairwise1,2014-12-31,58,0.564207043497275,0.5031960295868936,0.7209505683494469,-0.15492093664296047,-1.7458336367850615,0.2893684249817149,2.16710168749989,0.0062103478418484995,-0.00043869455400111153,-0.0008161064695859223,,,,
FAC_rank_vol_m3_n6_pairwise1,2015-01-30,56,0.22355960797872443,0.11032871747562167,0.25157578822346305,0.33024457688399944,1.0409497013290145,0.4006526038078861,2.637954034125551,-0.06972661677825706,-0.019470796575128804,9.904669036187395e-05,,,,
FAC_rank_vol_m3_n6_pairwise1,2015-02-27,59,0.29204896470854025,0.1948792147665751,-0.3107408672645604,0.3847867440104568,-0.26524535565121,0.40346497356963695,-0.052069517096100804,-0.17664674262291563,0.006213484034533635,3.5500487667266e-05,,,,
FAC_rank_vol_m3_n6_pairwise1,2015-03-31,58,0.1454382432746254,0.02579959733307291,-0.11616977084511962,0.19723465567527595,-0.2772087060266854,0.03237427210152407,-1.2073266084809569,-0.06240587579845871,0.0006342902277614968,-0.000503623005629897,,,,
FAC_rank_vol_m3_n6_pairwise1,2015-04-30,55,0.18029474685731228,0.058210985750954514,-0.07264597409421342,0.125834001466907,-0.30515837178948374,-0.002655500369979783,-0.8242873888170835,-0.11334104492182649,0.005273729716924375,-0.0005979167303895385,,,,
FAC_rank_vol_m3_n6_pairwise1,2016-06-30,51,0.3542757050712293,0.2491577965944528,0.15370074054994634,-0.013997438773195236,-0.02597017817592417,-0.07233279832958976,-1.437253819651045,0.007392650617686177,0.0002562445828425786,-0.00013972385412390552,,,,
FAC_rank_vol_m3_n6_pairwise1,2016-07-29,51,0.2750348971654969,0.1570173222854616,0.13779866916871347,0.10845229871331541,0.5789950338561513,0.020486204010331244,-0.2978790015902775,-0.04193232719944641,-0.009694546077037808,0.00018490972714167934,,,,
FAC_rank_vol_m3_n6_pairwise1,2016-08-31,58,0.2743472595450904,0.17275587588140306,0.13084347991573786,0.10216995791308266,0.02368022797169823,-0.03778196704237276,-0.9433835016809448,-0.0032840090157331653,-0.0067603788392671905,4.738882673728344e-05,,,,
FAC_rank_vol_m3_n6_pairwise1,2016-09-30,62,0.25896782116922135,0.16290809428374997,0.3586949867090331,0.07215828585041044,0.687004101145962,0.020963734862896394,-0.44579446442534004,-0.05148538728467163,-0.017049740232105617,0.00028136983126762825,,,,
FAC_rank_vol_m3_n6_pairwise1,2016-10-31,68,0.329247238542953,0.2509927497062975,0.4308220406382976,0.12154202564428826,-0.30604037645711485,0.21741913678124278,-0.27397156982688253,-0.057146519373538616,-0.023759553830976925,0.0002893565239063154,,,,
FAC_rank_vol_m3_n6_pairwise1,2016-11-30,75,0.2539638669540193,0.17601979335220042,0.40994843985036505,0.04894031936379168,0.10624209546534567,0.3112823931798315,-0.21397000537406893,-0.03128100872443482,-0.02135494764244014,0.000183620894381221,,,,
FAC_rank_vol_m3_n6_pairwise1,2016-12-30,86,0.24973584884877453,0.1824044506685364,0.43995204206851607,0.1517490746437709,1.5710099250109693,0.16974403140244682,0.47496499051263763,-0.03200075715358053,-0.021271623705259875,0.00014165681058404074,,,,
FAC_rank_vol_m3_n6_pairwise1,2017-01-26,96,0.1603500113635371,0.09355967135836385,0.4230887074959837,0.09287419434183453,0.6132247880178802,0.36498045267150764,-0.2321311005322542,-0.008498245811206524,-0.020488833941521307,7.971492144963546e-05,,,,
FAC_rank_vol_m3_n6_pairwise1,2017-02-28,109,0.194676371834818,0.13886186295208258,0.3278204178644701,-0.11310952269723144,2.0497720898255873,-0.024660951677040466,-2.064273030824832,0.009548463610861068,-0.004860064840685294,7.012478851909616e-05,,,,
FAC_rank_vol_m3_n6_pairwise1,2017-03-31,110,0.26677550411114004,0.21645617596190458,0.04570283327366143,-0.17950259665902832,1.3647270121605952,-0.13870227767400622,-0.7367220012041542,-0.004202959089321177,0.010177801216049113,0.000199694154007578,,,,
FAC_rank_vol_m3_n6_pairwise1,2017-04-28,114,0.1676986548113517,0.11273535843096927,0.304570070840988,-0.04186740478780832,1.5910478518369116,-0.2729534848376662,-1.0706526036469466,0.0200402048014428,-0.00450625364315731,-2.4841461223912424e-05,,,,
FAC_rank_vol_m3_n6_pairwise1,2017-05-31,118,0.14196915341410699,0.08736719044955021,0.6098212689219673,-0.128588249779488,1.0914069828726458,0.016607220512051605,-1.0418545341390302,0.018133778812102482,-0.01569953377252413,5.8352159856932284e-05,,,,
FAC_rank_vol_m3_n6_pairwise1,2017-06-30,115,0.5368517392172159,0.5065523202875011,0.22830072769898943,-0.14428389475684822,2.1273816296942423,0.12676824108976978,-3.4146336371577872,0.02894202962558523,-0.0014151588537096233,-6.236857565674017e-05,,,,
FAC_rank_vol_m3_n6_pairwise1,2017-07-31,117,0.27084470937768523,0.22401822282395856,-0.24745210798625666,0.21289784019896876,0.4670765132420672,0.4602576532649303,-1.3234829924266318,0.03461325673988044,0.006748074313523246,-0.00017443136245525964,,,,
FAC_rank_vol_m3_n6_pairwise1,2017-08-31,123,0.22718793055800635,0.18014719589631978,-0.06797193107476902,-0.14551070587964537,0.25805253460119576,0.34917433457879815,-0.8891905928847197,0.012015900513403708,0.011643768963117664,-0.00010547143458839829,,,,
FAC_rank_vol_m3_n6_pairwise1,2017-09-29,128,0.13472710734479343,0.08425285527323978,0.6906098580751628,-0.3998346826214318,-0.23127958525744957,-0.1054022240538278,-1.542625512409608,0.043433384219553076,-0.013109893791236083,-0.0003399579425370511,,,,
FAC_rank_vol_m3_n6_pairwise1,2017-10-31,129,0.1488120388804154,0.09956976013796004,0.6021503712894681,-0.1655540959807327,0.07987031645460169,-0.14010741689906253,-2.3788256006905963,0.02674302423826936,-0.020508725363187093,-0.0002700921486469198,,,,
FAC_rank_vol_m3_n6_pairwise1,2017-11-30,135,0.04494034695624294,-0.00770073628238932,0.3570658453043108,-0.048128073160242014,-0.44457158566442234,0.0056682248381480695,-1.2043582974893179,0.011068758638311454,-0.014425107074332349,-0.00015737901073451983,,,,
FAC_rank_vol_m3_n6_pairwise1,2017-12-29,136,0.16288374902055902,0.11710395404512086,0.08325307319864628,0.08150463614309449,1.1536360427371117,-0.13783681975404308,-1.182495949687393,0.015793435628764896,-0.009980389419850634,-6.710642127359624e-05,,,,
FAC_rank_vol_m3_n6_pairwise1,2018-01-31,134,0.11391933179686253,0.06469262800779929,0.20081733677115912,-0.13466771087986654,-0.6918805199063897,-0.07459797161430703,-1.9652690517662839,0.023837997799363627,-0.004948400229304017,-0.00018680267712182784,,,,
FAC_rank_vol_m3_n6_pairwise1,2018-02-28,135,0.33914705609675044,0.3027220906847604,0.21315493996108378,-0.07336375022135311,0.28724256465667375,-0.125615017203388,-3.711266883019651,0.03057454661463207,-0.0074477098369622454,-0.00013706372425990664,,,,
FAC_rank_vol_m3_n6_pairwise1,2018-03-30,134,0.48696584368241325,0.4584639461092139,0.37109328462257585,-0.23340871274451944,-0.3609270126344256,-0.060797647894225156,-3.769027386450777,0.0192620602268989,-0.009170934254867192,-1.6264219128677045e-05,,,,
FAC_rank_vol_m3_n6_pairwise1,2018-04-27,136,0.3353950031441476,0.29904941737859314,-0.038391350736621026,-0.008005907390877243,1.1137909844441825,0.09153941999401514,-1.4218465847303687,0.012088806626732307,-0.003979345677434815,4.581332504523754e-05,,,,
FAC_rank_vol_m3_n6_pairwise1,2018-05-31,140,0.2896423933103619,0.25197191416772957,0.06358371057053445,-0.06583453011876528,-0.41079050675602435,0.09354374918348915,-2.514920045028031,0.017180685787301333,-0.005960741477252825,3.431479988555744e-05,,,,
FAC_rank_vol_m3_n6_pairwise1,2018-06-29,139,0.31959696798527537,0.28323955406082446,0.19405272017345937,-0.10221493198038943,0.5293420750526163,0.04960632466429298,-3.031085122489297,0.016500391358797547,-0.006406142226432046,-4.572506288524456e-05,,,,
FAC_rank_vol_m3_n6_pairwise1,2018-07-31,134,0.33305951089980956,0.2960072615053545,0.026435760640374367,0.047167557747668884,1.0221245207509075,0.2321020662389441,-0.8388825611808574,0.02249946472676932,-0.0078158418967935,-8.526574015424783e-05,,,,
FAC_rank_vol_m3_n6_pairwise1,2018-08-31,136,0.21427357502511002,0.1713041611592957,0.4206617977437435,-0.09515405721516283,0.5438242526581638,0.1475175829683571,-0.40958639616843173,0.00827593504210145,-0.01088148672598067,-6.909983199791788e-05,,,,
FAC_rank_vol_m3_n6_pairwise1,2018-09-28,136,0.15513594680512388,0.10893244389602907,0.5954925368192115,-0.0023258614219357067,-0.7503887692616797,0.2931135409479397,0.2847660487952464,-0.0007521630802665612,-0.020667372975055776,6.4941700520538635e-06,,,,
FAC_rank_vol_m3_n6_pairwise1,2018-10-31,134,0.12626584167877608,0.07772505510537475,0.4213783571532832,0.13546906593191194,-0.6347299993013347,0.2628726882463312,2.2677130328214115,0.007523252298114945,-0.0193016691945953,-7.363176943570443e-05,,,,
FAC_rank_vol_m3_n6_pairwise1,2018-11-30,135,0.09411557909993529,0.04418494172749077,0.2937345827805828,-0.07820056819624001,-0.009100513451378744,-0.051732767136875385,1.99650047266668,0.004178171055538764,-0.008615842717534425,-4.601839787206479e-06,,,,
FAC_rank_vol_m3_n6_pairwise1,2018-12-28,138,0.27989032493896737,0.24111518858952719,0.17419385070085155,0.03189355297517565,0.17799826176818412,0.11221613540068474,4.239881292636965,0.0005434389686367056,-0.005546651949044458,0.00014585643112133455,,,,
FAC_rank_vol_m3_n6_pairwise1,2019-01-31,134,0.3167743119231238,0.27881732925218616,0.49384488480502,0.07909468861060422,0.7552922440971157,0.08265663201185802,3.2929579280108268,0.013230351781612543,-0.02288697779489471,2.5705577189667184e-05,,,,
FAC_rank_vol_m3_n6_pairwise1,2019-02-28,141,0.40042577715676697,0.36886923911238634,0.38658156399390897,0.16848733998231702,-0.11888229219643891,0.3461118847157473,3.989702412299378,0.009277789186934907,-0.024992420956577097,0.00029724872920267563,,,,
FAC_rank_vol_m3_n6_pairwise1,2019-03-29,143,0.21563841809179674,0.1749678175484084,0.16973231047150567,0.05064453124060942,0.4224585610235256,0.2820236381795582,1.3435208336718927,0.020595860088213427,-0.01191474873366124,6.628316748885509e-05,,,,
FAC_rank_vol_m3_n6_pairwise1,2019-04-30,142,0.2660218687240439,0.2276797275379865,0.17491111235198567,0.045068693323363954,0.2612763048895819,0.25323082007303493,2.37858664831291,0.042306477161302286,-0.013963275285312658,-1.279977482757355e-05,,,,
FAC_rank_vol_m3_n6_pairwise1,2019-05-31,144,0.22100087975686533,0.18090533680317455,0.3836809634449071,0.058822855218477,0.11367767139632683,0.02413239065426633,2.141479846093397,0.017020225195674286,-0.021190609801281114,1.1391614946686353e-05,,,,
FAC_rank_vol_m3_n6_pairwise1,2019-06-28,148,0.33524519168885014,0.30200745127329265,0.3753890792598957,0.10550219119626154,0.43379614992746723,-0.130027903392672,2.9671744219843004,0.009407399577658642,-0.02478950880079995,-1.4839602211938856e-05,,,,
FAC_rank_vol_m3_n6_pairwise1,2019-07-31,150,0.42598228681798855,0.3976856389850725,-0.16475216849874638,0.31312498502435987,1.458081935775255,-0.026979717470707553,4.934428776031625,0.0343984964225307,-0.014499004556418945,-8.12842308586539e-05,,,,
FAC_rank_vol_m3_n6_pairwise1,2019-08-30,148,0.46656063983022034,0.4398886718217313,0.09316883993630387,0.2678594235819147,1.3886081304050963,-0.011972991057492176,4.337146240829794,0.007287965344358681,-0.02240339606383156,0.0001603675714238786,,,,
FAC_rank_vol_m3_n6_pairwise1,2019-09-30,150,0.2454555189050628,0.20825966420319975,0.1571167958016136,0.09543437894037488,0.7598887963010464,0.18255448214958625,1.5965226132803179,0.030599663407682488,-0.015476395344747412,0.0001397333905516794,,,,
FAC_rank_vol_m3_n6_pairwise1,2019-10-31,155,0.20163688165241134,0.16361959030252615,0.33365751637483004,-0.004518415240078766,-0.0015356242005137154,0.1299407004672727,2.1169627542126985,0.016057964937096398,-0.017639844289740556,8.562391531234187e-05,,,,
FAC_rank_vol_m3_n6_pairwise1,2019-11-29,162,0.30632837516068634,0.2747978467588994,0.5233305362203473,-0.0941647585308011,1.2334953432386566,0.26219715239060887,1.9549002487480416,0.03866651657450908,-0.02235466338726976,-3.319945364963957e-05,,,,
FAC_rank_vol_m3_n6_pairwise1,2019-12-31,170,0.21776256570379826,0.18396218274038223,0.918870452962123,-0.36471040593902915,-0.9922689518575095,0.07080627580346666,1.8341559577396813,0.037152660931737,-0.022536839864897847,1.3192729068319097e-05,,,,
FAC_rank_vol_m3_n6_pairwise1,2020-01-23,173,0.2099041950616115,0.17638497909452833,0.45898485095699376,-0.1469072969250514,0.15271673025614158,0.594935249122069,-1.3204017154874885,0.007123265721217945,-0.004371686773598571,-0.00023896014285861378,,,,
FAC_rank_vol_m3_n6_pairwise1,2020-02-28,176,0.2805367454352886,0.25055910982842566,-0.056997103005813385,0.36806814393815507,-0.3524428860429804,0.9010923813340036,-0.037083490153151585,-0.015433606716654119,-0.002484186397294825,-0.00018593033224573467,,,,
FAC_rank_vol_m3_n6_pairwise1,2020-03-31,177,0.16154542148265005,0.12681653361506762,0.28031655227853663,0.030034565314714677,0.31121017848381227,0.5236852621997506,1.4455956891409376,-0.0033409256670609315,0.0002609566020889341,-0.0002801704367959563,,,,
FAC_rank_vol_m3_n6_pairwise1,2020-04-30,180,0.34939017568214703,0.3229118688785134,0.5578603601807436,-0.17852541303940223,2.4946007203096974,0.134788645860229,-3.7983557505245025,-0.01783016414165492,-0.0030707437013490556,-4.732400743275326e-05,,,,
FAC_rank_vol_m3_n6_pairwise1,2020-05-29,188,0.10825955793402253,0.07358076296478999,0.6837244491815709,-0.17670373050766822,0.4318240595751103,0.16618258314487322,0.10737959759172545,-0.026422258573101213,-0.010464083034045165,-3.358483417226926e-05,,,,
FAC_rank_vol_m3_n6_pairwise1,2020-06-30,186,0.1242118379911401,0.08977073049640971,0.18157298553047913,0.07465699211512684,-0.848633669265753,0.3684339429178083,2.0332680540529933,-0.031979443627227176,-0.0005171371702647582,0.00018511893565717754,,,,
FAC_rank_vol_m3_n6_pairwise1,2020-07-31,189,0.1331746931937824,0.09965106254381806,0.037833591436159886,-0.17498518448213443,0.8129506334579528,0.0013869147281854823,0.05144375567844023,0.0034416991939437524,0.00968551820115914,-0.00017286545842128926,,,,
FAC_rank_vol_m3_n6_pairwise1,2020-08-31,195,0.0828924269007072,0.04856219689164276,-0.28538805337210754,0.09079943819847494,0.5517916057309602,-0.0604542661846444,2.4421926861283625,-0.0009799534821444318,0.010051455222263668,-0.0001654722502825596,,,,
FAC_rank_vol_m3_n6_pairwise1,2020-09-30,198,0.22117901340632218,0.19248560863708142,0.36502628079096955,-0.11267396478979116,1.420684959576937,-0.058547991841776816,-1.1436460514353803,-0.008196248832001372,0.0005589407994217178,-5.1853713780538296e-05,,,,
FAC_rank_vol_m3_n6_pairwise1,2020-10-30,199,0.17636600866317031,0.14618046971365295,0.1427655733130263,0.027435369510093097,1.3379936112767825,-0.061984155580445774,0.2774373881109657,-0.005284603815274223,-0.002918193819309766,-9.688660012576698e-06,,,,
FAC_rank_vol_m3_n6_pairwise1,2020-11-30,212,0.264596149534863,0.23936170368556908,0.42834874460044875,-0.15583584693231453,-1.0978143842201156,0.021903442867813122,-0.08215793528089892,-0.016372032383064856,-0.006352179835808839,7.287933469592598e-05,,,,
FAC_rank_vol_m3_n6_pairwise1,2020-12-31,218,0.23999766477870932,0.21466425360466634,0.36350737086813517,-0.1790166761837962,0.3750187701745662,0.06408589509021799,0.4843023814376906,-0.023780044034464806,-0.008805028946576515,-5.1812242087358214e-05,,,,
FAC_rank_vol_m3_n6_pairwise1,2021-01-29,216,0.2696320800727745,0.24505239045983906,0.2192164941750558,-0.13804515256167238,-0.7458572966277188,-0.212425506869024,3.538385610614926,0.001337876651817097,-0.007825944624454425,-0.00019085846582670454,,,,
FAC_rank_vol_m3_n6_pairwise1,2021-02-26,230,0.32760078008363047,0.3063990028790603,0.6586936002021313,-0.2066713971890763,-0.7580331993348673,-0.41665380020673976,3.2974098633101,-0.00381276352308823,-0.02145520110592918,-0.00012301413363559422,,,,
FAC_rank_vol_m3_n6_pairwise1,2021-03-31,231,0.2746019485331155,0.25183160611038824,0.47559506389564643,-0.16768811014272375,-0.5716623853153665,-0.38000857154530693,3.674074043841146,-0.028282649800787603,-0.014522263149670993,-4.780231501608066e-05,,,,
FAC_rank_vol_m3_n6_pairwise1,2021-04-30,242,0.1726755355785341,0.14792651313857574,0.6225267302206873,-0.15293873926528193,-0.8407240332450718,-0.46012933132182576,3.2703742910700813,-0.00955642944551689,-0.020700474509442592,-9.407216958118525e-05,,,,
FAC_rank_vol_m3_n6_pairwise1,2021-05-31,260,0.33153300859263224,0.3129644810535387,-0.06038674344604475,0.12244156858731182,2.6739340407318704,-0.06988242533147385,0.813972449624878,-0.004393223285505259,-0.005055571625196691,-0.00010160012244251529,,,,
FAC_rank_vol_m3_n6_pairwise1,2021-06-30,259,0.13563456978193233,0.1115287609710699,0.4282898946455261,-0.21960181280914567,0.6840243524411144,0.012421376091388409,-0.8406142201673682,-0.008020011584864022,-0.009348222149047328,0.00012231695038020682,,,,
FAC_rank_vol_m3_n6_pairwise1,2021-07-30,265,0.087216350876541,0.06235453942181646,0.17909095082533474,0.011723301883607113,-0.10532275279452291,0.05626358630488031,-1.4247557885257425,-0.007486650705523138,-0.009498587050018917,0.00020816271601996212,,,,
FAC_rank_vol_m3_n6_pairwise1,2021-08-31,278,0.11672480073593883,0.09382507334761137,-0.09183096338972517,0.13625063576303936,0.031626220762142034,-0.13810924723311374,-0.30139365059768003,0.005411407704014474,-0.004021367847989348,6.925844330886942e-05,,,,
FAC_rank_vol_m3_n6_pairwise1,2021-09-30,283,0.44793735920917277,0.43388485562540635,-0.04289330248060178,0.1711376453215232,0.5482706284958337,0.06926021975547203,-2.703352959948116,-0.004690898840627345,-0.0062647631696375085,0.00012030404211372423,,,,
FAC_rank_vol_m3_n6_pairwise1,2021-10-29,291,0.2694892204992495,0.2514200492748493,-0.29128706258333065,0.3466524100419183,-0.4551084701420281,0.16426660811544677,-1.610326786283662,0.010372831110085969,-0.007781414481181025,0.00012636131911768997,,,,
FAC_rank_vol_m3_n6_pairwise1,2021-11-30,303,0.3612350326417464,0.34607789782307596,-0.0337417543637966,0.08210280719964064,-0.8569438096832086,-0.016407695428317708,-1.8235697700008255,0.004178912123406249,-0.005461626198348827,8.035694745918781e-05,,,,
FAC_rank_vol_m3_n6_pairwise1,2021-12-31,300,0.08845120486290392,0.06659900771920646,-0.04047093364112167,-0.02196251385198179,0.324957195115123,-0.037007153973492676,-0.1868735884889159,-0.0020875925154969933,-0.0011393266538893816,9.601138721120782e-06,,,,
FAC_rank_vol_m3_n6_pairwise1,2022-01-28,308,0.08529859997536726,0.0639555673081259,-0.002025562723065118,0.016433554728065708,-0.2720908014704673,0.12112944413851261,0.049920216720314534,0.004994724214263175,-0.004631313344394545,8.016613805231359e-05,,,,
FAC_rank_vol_m3_n6_pairwise1,2022-02-28,324,0.026148120886537507,0.004575452678327929,0.0784097121642863,-0.06347050512374008,0.15807251378519094,0.010371075813202742,-0.47275614023241647,-0.0021897147775736337,-0.003600295818403966,-1.7244715869440766e-05,,,,
FAC_rank_vol_m3_n6_pairwise1,2022-03-31,332,0.1752565021220649,0.1574379697605045,0.14906805205849308,-0.07503071002685564,-0.6730077883703293,0.04679059275801369,-0.3452276993603244,-0.0007632628134750489,-0.008342848107054126,-4.022678806327718e-05,,,,
FAC_rank_vol_m3_n6_pairwise1,2022-04-29,356,0.47645501508671695,0.46592393780397845,0.13549016323396648,0.06434685155051258,-1.3552783390899763,0.14188736498675455,0.31349030497528296,0.005084599632734798,-0.014443633936645403,-2.6926233326105276e-05,,,,
FAC_rank_vol_m3_n6_pairwise1,2022-05-31,378,0.1578824007018158,0.14195044612049879,0.19055426275972656,-0.07537908259434897,0.3512629349920768,-0.06230975422994466,0.8079014175363533,-0.0027448465311903066,-0.01223678598138274,4.286385042643844e-05,,,,
FAC_rank_vol_m3_n6_pairwise1,2022-06-30,385,0.10549955219178742,0.08889079056139615,0.004956958580521988,0.02437890866942006,-0.47370283957297077,-0.050767549727026295,0.30380608812136156,-0.00043607148002538555,-0.007197537301438845,3.232565914703321e-06,,,,
FAC_rank_vol_m6_n3_pairwise1,2012-09-28,52,0.22705621554017508,0.10408788619429388,0.47470402602125356,,-0.045766186147082895,0.23599893541991515,-1.2718940726352084,0.03407276780661786,-0.013564874889485119,0.000860747633252922,-0.08724790676836372,,,
FAC_rank_vol_m6_n3_pairwise1,2012-10-31,52,0.2644633812161933,0.14744619186422403,0.2303610527606488,,0.5380625871010735,0.13164385853658706,-1.1840686257721273,0.03897099884506617,-0.004543303644662086,0.0009878673134162623,-0.06385700188659692,,,
FAC_rank_vol_m6_n3_pairwise1,2012-11-30,55,0.2511944322245705,0.1396701987261023,0.5076639123821999,,-1.5332488035768392,-0.02884880539817884,-1.7274663041715297,0.0633058587068183,-0.007806863962258415,0.0004209607036970949,-0.20419721147150272,,,
FAC_rank_vol_m6_n3_pairwise1,2012-12-31,59,0.2169217211526201,0.10944038876180329,0.3433951875986303,,-1.1649077935513275,-0.00689973123730795,0.8934883711905527,0.026304422552083564,-0.01020816498678902,3.350034958439402e-05,-0.02367551759970808,,,
FAC_rank_vol_m6_n3_pairwise1,2013-01-31,61,0.22491247165120343,0.12254242073721144,0.36741767159731714,,-0.33108872861930505,0.5794693142945359,-1.9291496676583664,0.058975593792714866,-0.012154520445805303,-0.0003031175207582936,0.0014771046777608831,,,
FAC_rank_vol_m6_n3_pairwise1,2013-02-28,60,0.3842029010882041,0.30130713777315465,-0.018541832333755632,,2.3842165940169386,0.40476923132627535,-2.165715346466236,0.012549099954953645,0.004477133438717789,-0.0005907209816180227,0.07428481048445781,,,
FAC_rank_vol_m6_n3_pairwise1,2013-03-29,62,0.17696809912383116,0.07027877863988341,0.3657511956317571,,0.8515189680631372,0.2668357505315099,1.4352100260143785,-0.012744584387647926,-0.015253136471495845,-0.00019138623144169048,0.01774049833771747,,,
FAC_rank_vol_m6_n3_pairwise1,2013-04-26,61,0.27781577288055004,0.18243295043081142,0.039432539116266464,,0.8318252306155585,0.5130622780629779,1.889533782276069,0.03877395584297882,-0.014222077717059887,0.0003716412139783112,0.2141834150717423,,,
FAC_rank_vol_m6_n3_pairwise1,2013-05-31,62,0.1793760433594569,0.07299886379494203,0.04946251061166277,,0.34303071549059605,0.4269765834895735,0.4445092602181248,0.013970846684864814,-0.009375522817091574,0.00014947743652506102,0.11693353656751403,,,
FAC_rank_vol_m6_n3_pairwise1,2013-06-28,62,0.05936821036850959,-0.06256554013927618,0.07879756238657162,,-0.4850372525955173,0.25816823213514484,-0.5314701741175765,0.02837903139475584,-0.0034505932088999478,-1.9882474988018854e-05,0.01941324232951575,,,
FAC_rank_vol_m6_n3_pairwise1,2013-07-31,64,0.23675350862505207,0.14134769720318363,-0.055666306078920105,,0.8260733326915729,0.21882887119450747,0.7867940565652428,0.08872256647967813,-0.001432118350865685,-9.594919535287869e-05,-0.021220651312479754,,,
FAC_rank_vol_m6_n3_pairwise1,2013-08-30,66,0.16819213413014422,0.06780152962860986,0.259703243818657,,0.4025592538365477,0.21129173388668276,-0.28254398837970846,0.08182136739780439,-0.007480039799336293,5.935684137319856e-05,-0.2212083215569427,,,
FAC_rank_vol_m6_n3_pairwise1,2013-09-30,67,0.10795731278933762,0.0021217397304454932,-0.029951122551991297,,0.310408657744081,0.2216576485882826,-0.07844434724406327,0.016093120758085003,-0.0014432717783643245,0.00010878165466571923,-0.07600070428315858,,,
FAC_rank_vol_m6_n3_pairwise1,2013-10-31,69,0.3615768534259044,0.2883151808682213,0.14117846558226654,,0.5351255112285943,0.3546029078855494,-0.23229005277598375,-0.019772216434278424,-0.007908028170544222,0.00024010771355746904,-0.05115359541914482,,,
FAC_rank_vol_m6_n3_pairwise1,2013-11-29,70,0.27253219271484286,0.19039873060200252,-0.05729786160209368,,0.7462188486914948,0.17958748560126078,-0.8464153543080633,-0.01899323962730185,0.0016682520821886494,0.00010944856410511371,-0.05183147575813518,,,
FAC_rank_vol_m6_n3_pairwise1,2013-12-31,71,0.030687780718478774,-0.07701357697946798,0.0257397565711766,,0.17595709468621562,0.02563906692827759,0.682897318193888,0.0063942366396230604,-0.005717486577171915,0.00027357019687518456,-0.009667649890045291,,,
FAC_rank_vol_m6_n3_pairwise1,2014-01-30,65,0.3812176148115487,0.30522679557787924,0.19147825102363228,,-0.3481425902447266,-0.31026737513118796,0.09365395826853189,-0.08111269353019528,0.0007874926031775641,0.00010074604497995546,-0.16437101278114175,,,
FAC_rank_vol_m6_n3_pairwise1,2014-02-28,65,0.1951063130819375,0.09625971995164906,0.27781041493281444,,0.03370277549771591,-0.1308695222794073,-0.7057203914137159,-0.0612401472587627,-0.002949221854082711,0.0002877230236392624,-0.127056779907649,,,
FAC_rank_vol_m6_n3_pairwise1,2014-03-31,64,0.04984719272969407,-0.06892190817909416,0.3699886840326928,,-0.03591857417282753,-0.006646495568401627,0.46622781786719725,-0.043717518640422816,-0.008797559850815703,0.00032927103639524593,-0.060150047938515194,,,
FAC_rank_vol_m6_n3_pairwise1,2014-04-30,63,0.10980630846773021,-0.0034910704545585425,0.5334785373801751,,-0.23957439886524673,-0.011752461403405768,0.05524227982037165,-0.0029159770293879753,-0.011669023356638587,0.00014606110315239893,-0.17835617478708984,,,
FAC_rank_vol_m6_n3_pairwise1,2014-05-30,64,0.23253687025323333,0.13660397903488752,0.6716511382939063,,0.6293106006351521,-0.16561729568267247,-0.2645122720652068,-0.007097042020103542,-0.008049239323336201,-0.0002616988468383692,-0.3415202428153368,,,
FAC_rank_vol_m6_n3_pairwise1,2014-06-30,62,0.2683835626204315,0.17354439481196893,1.6943185955744546,,-2.530112079600015,-0.011751451673965902,-0.5685184113469134,-0.057749416890328205,-0.060735500319444906,0.0018622186306093474,-0.20341797585239532,,,
FAC_rank_vol_m6_n3_pairwise1,2014-07-31,61,0.1156547099323848,-0.0011456113973000726,0.8856243762371747,,-0.07006547666293447,0.039193097636951314,-0.24220504956706337,-0.025246735969477102,-0.02886069663275249,6.0325920091734006e-05,0.005816225537630177,,,
FAC_rank_vol_m6_n3_pairwise1,2014-08-29,61,0.15298425110858782,0.04111424653802387,1.18189308427509,,0.37145394618556127,-0.1815434019659411,-0.1511320273658154,-0.020415771507813586,-0.036767265757899105,0.00018287177929549614,-0.11580666843388707,,,
FAC_rank_vol_m6_n3_pairwise1,2014-09-30,60,0.13390031817391235,0.017309976389631276,1.2304432963464318,,1.0885064278474585,-0.26894355871472153,-1.151740491418044,-0.1223696339046872,-0.016732525752044564,-0.0005451099419040263,-0.36253475019569686,,,
FAC_rank_vol_m6_n3_pairwise1,2014-10-31,61,0.11835437166566132,0.001910609432824062,1.1518519458164873,,1.2855181612863684,-0.5247174307179382,2.9794073300004698,-0.11762502582213277,-0.023614717413021513,-0.0005240807223411928,0.11029714018495805,,,
FAC_rank_vol_m6_n3_pairwise1,2014-11-28,62,0.22715303269753173,0.12696916656573032,0.390438960457169,,-0.6963257230076484,-0.5875024070188083,4.327445824879784,0.6409136187858127,-0.03047707198273229,-0.0005413191807267795,0.5695106650589427,,,
FAC_rank_vol_m6_n3_pairwise1,2014-12-31,58,0.6142415033916784,0.5602353138665134,0.05919333170898792,,-1.3929356391121421,0.181445780192567,3.620106727362805,0.1349404662704838,0.0002964136425862631,-0.0011388214231622229,0.4426329877190761,,,
FAC_rank_vol_m6_n3_pairwise1,2015-01-30,55,0.14240040881648963,0.014672810129583769,0.5849475682438939,,0.6629636375443086,0.11392701312400128,1.5526645063003135,-0.07793989989470072,-0.027425845568717026,0.00037644977599723,0.2536786359198202,,,
FAC_rank_vol_m6_n3_pairwise1,2015-02-27,59,0.12367234702614971,0.003392080931699626,-0.0621759453806455,,-0.39601706131090814,0.17233564476810911,-0.7180839051295844,-0.03451578277699839,0.0039566195860265335,-8.654052032646478e-05,0.12133364267862852,,,
FAC_rank_vol_m6_n3_pairwise1,2015-03-31,58,0.2518509095188679,0.14711003685150947,0.678425432759786,,-0.21510988493002967,-0.11843573977836992,-3.648068957666201,-0.0563319187557628,-0.011663268544180616,-0.0004455193636952403,-0.27861618547044836,,,
FAC_rank_vol_m6_n3_pairwise1,2015-04-30,55,0.1749878512376345,0.05211370142196292,0.07133714950839466,,-0.4940781522666098,0.009737737159790823,-0.6921491571934367,-0.09572439379866518,0.002460611547324898,-0.0005806539752910124,0.032387173680662115,,,
FAC_rank_vol_m6_n3_pairwise1,2016-06-30,51,0.3587821699368623,0.2543978720196073,0.14562363727312794,,-0.08454519266357377,-0.04813286489718989,-1.1446425215094433,-0.02305360707664363,-0.0040428609935145,-3.315363343303267e-05,0.09815579726357167,,,
FAC_rank_vol_m6_n3_pairwise1,2016-07-29,51,0.41627097885233577,0.321245324246902,0.11160459230903008,,0.5136776022362978,0.04856383141469084,-0.5505928506441509,-0.045945428487874286,-0.00991641708261353,0.0002298386012350995,0.2098302853451109,,,
FAC_rank_vol_m6_n3_pairwise1,2016-08-31,58,0.3050496945122174,0.20775665174392788,0.1980050595460853,,0.13654350875270405,0.0008754220315465808,-0.9122201136959263,-0.00676966504796088,-0.011634018545362492,0.00016580462151568088,0.1411461438100572,,,
FAC_rank_vol_m6_n3_pairwise1,2016-09-30,62,0.29724339723679316,0.2061453191008219,0.41214570342386536,,0.3106116440417673,0.1627742889001053,-0.5510641303890582,-0.05607344095183487,-0.020531789981297066,0.00038115531911478987,0.09656820860625882,,,
FAC_rank_vol_m6_n3_pairwise1,2016-10-31,68,0.28371221429847837,0.20014530596663416,0.4336603398643396,,-0.2872584904866551,0.20178314164624783,-0.29878683775141174,-0.05398636968473352,-0.022441855079113254,0.0002754048308298724,0.10381503630524481,,,
FAC_rank_vol_m6_n3_pairwise1,2016-11-30,75,0.24538382097904055,0.16654332466341792,0.3883519150571264,,-0.07921486115473475,0.3535406720937272,-0.23032928569723624,-0.029255901889521877,-0.019464855298454844,0.00017621495587935785,0.044202101203610664,,,
FAC_rank_vol_m6_n3_pairwise1,2016-12-30,86,0.23520420763776806,0.16656868781038836,0.6205678294893082,,1.5060265854277888,0.1539205131692942,0.5585532003470606,-0.024353959623183968,-0.0244807680614064,8.917647514320046e-05,0.012133233852835629,,,
FAC_rank_vol_m6_n3_pairwise1,2017-01-26,96,0.18499389228234642,0.12016386098662402,0.5223886811324052,,0.5196672525710816,0.3659789861136566,-0.050928580781490124,-0.009848094083035178,-0.022646629108684414,0.00011432771785300106,0.011749726560443955,,,
FAC_rank_vol_m6_n3_pairwise1,2017-02-28,109,0.1970210901011744,0.14136908644482016,0.2203563382850635,,2.011786490781603,0.07183631791877572,-2.3271541446974022,0.009926822671239849,-0.006657940313829234,5.1713443130347064e-05,0.06096448792997577,,,
FAC_rank_vol_m6_n3_pairwise1,2017-03-31,110,0.24701446224572665,0.19533898416455098,-0.08163984692965705,,1.5064966815416236,-0.07572346410247281,-0.8236503556165521,-0.0021604207839414054,0.008929871413880552,0.00016725027064717698,-0.005903590238806957,,,
FAC_rank_vol_m6_n3_pairwise1,2017-04-28,114,0.16126029415996423,0.10587182301958442,0.29274943227139927,,1.5902157362695288,-0.25327161600343484,-0.9072363761153331,0.025351031569487398,-0.0011603668616835285,-6.407955283801906e-05,-0.12440720405837734,,,
FAC_rank_vol_m6_n3_pairwise1,2017-05-31,118,0.14561809356234245,0.09124833587994607,0.5414236963743342,,1.0655334448938631,0.04231150535834561,-1.318293130819738,0.028835787244396283,-0.01580439961975894,1.1108666475193397e-07,-0.04877406601399296,,,
FAC_rank_vol_m6_n3_pairwise1,2017-06-30,115,0.512653394151837,0.4807709059187796,0.06234178187400838,,2.078626154295366,0.18390888670846936,-2.9842422112122486,0.03587761733994277,7.18823234303145e-05,-0.00015281325649720581,-0.007178567827027319,,,
FAC_rank_vol_m6_n3_pairwise1,2017-07-31,117,0.22741674340928053,0.1778013049126289,-0.10062416602219366,,0.5762627127007269,0.44576612317801767,-0.6769853548663631,0.025722197192440496,0.00648006724209987,-8.446990564040328e-05,0.040808176805168066,,,
FAC_rank_vol_m6_n3_pairwise1,2017-08-31,123,0.23566530991124657,0.1891405896449747,-0.22973540523833264,,0.42015893971608664,0.3870962008540275,-0.5972382425769733,0.022974603799037954,0.011077486753384809,-0.00019786781734545145,0.026449868281198573,,,
FAC_rank_vol_m6_n3_pairwise1,2017-09-29,128,0.10116234939821744,0.04873015311311346,0.3304184734313442,,-0.0308532814183126,-0.006362602131384575,-1.4764506697180995,0.04223727460813189,-0.010660579304539172,-0.0002812927329612902,-0.09381977167233409,,,
FAC_rank_vol_m6_n3_pairwise1,2017-10-31,129,0.15112352577959354,0.10201496941973531,0.5112860131690907,,0.09151055355813206,-0.15888704371520085,-2.650525430841614,0.023264765203243106,-0.01793381897262192,-0.0002113713606315087,-0.13580326338603158,,,
FAC_rank_vol_m6_n3_pairwise1,2017-11-30,135,0.06631194010962194,0.014848818698341204,0.4422079997652764,,-0.5055933230463878,-0.00965709456317303,-1.4739793086096853,0.007774654446117704,-0.016068412807292824,-0.00013279949680807435,-0.1061096923848625,,,
FAC_rank_vol_m6_n3_pairwise1,2017-12-29,136,0.19574677210121083,0.15176417370049577,0.29309655572010346,,1.153887605778091,-0.2112700189666268,-1.9358207126626765,0.013825372295070798,-0.008453057488687899,-7.01137723284989e-05,-0.16473989509364861,,,
FAC_rank_vol_m6_n3_pairwise1,2018-01-31,134,0.11762970323894661,0.0686091311966659,0.20408248616121416,,-0.6262539588355928,-0.04750712992526947,-2.1862112244676775,0.02361419196459392,-0.007259317161102895,-0.00023421792975995113,-0.08737808498499305,,,
FAC_rank_vol_m6_n3_pairwise1,2018-02-28,135,0.3719609334807119,0.33734460697964885,0.2302409961366306,,0.25856407875219106,-0.1516068065516782,-4.048759798912569,0.03291813575663314,-0.008429365075180955,-9.933297150964989e-05,-0.07439408417420473,,,
FAC_rank_vol_m6_n3_pairwise1,2018-03-30,134,0.41579283340339923,0.383336879703588,0.18939804397185392,,-0.2245829036696226,0.010565742830534653,-3.9350961746836868,0.024263435562698946,-0.007883618011062021,-8.510938562970506e-05,-0.05906606327334079,,,
FAC_rank_vol_m6_n3_pairwise1,2018-04-27,136,0.3776482482234521,0.3436133867981721,-0.14175798199556253,,1.2235358417321813,0.10680795783801234,-1.2124334114675386,0.012973796108536814,-0.0022224878223169667,5.36763358768429e-05,0.07125758688179624,,,
FAC_rank_vol_m6_n3_pairwise1,2018-05-31,140,0.29182970199529146,0.2542752164950417,0.04310690905576544,,-0.34773132030946236,0.10678247851362935,-2.70319229777515,0.0207041887565214,-0.004864118871076461,-1.1619484173178148e-05,-0.06609685090041968,,,
FAC_rank_vol_m6_n3_pairwise1,2018-06-29,139,0.32280417882417645,0.2866181425781401,0.19305054247528355,,0.4140841554020106,0.06262267289790151,-3.4568038198676874,0.022163037850760108,-0.005159633573454019,-0.00013642071547398689,-0.13167905423871357,,,
FAC_rank_vol_m6_n3_pairwise1,2018-07-31,134,0.3540223222797779,0.3181346735175433,0.06607003593304553,,1.0643487134731493,0.21501316900310102,-0.9370828290665402,0.030810942124815742,-0.008555438637878601,-0.00015929176109573317,0.02511903068294159,,,
FAC_rank_vol_m6_n3_pairwise1,2018-08-31,136,0.23241546022494308,0.1904381807059946,0.3861540589035319,,0.637751068320905,0.15789650489066295,-0.4001265110187375,0.006537759737560509,-0.012051593664584657,-1.0777298191171408e-05,-0.031551084829594775,,,
FAC_rank_vol_m6_n3_pairwise1,2018-09-28,136,0.1601036356083192,0.11417180318064912,0.6097286784154737,,-0.7353187209189451,0.2237290176794552,-0.29546464420897883,0.005884495793565177,-0.019090085771454948,7.198981698911035e-05,-0.05816235868392295,,,
FAC_rank_vol_m6_n3_pairwise1,2018-10-31,134,0.07349745396953078,0.02202509030117139,0.5402090821471175,,-0.4608218072663377,0.1346581462301707,1.4763127989340714,0.005719007716614053,-0.017579538254084967,5.024886629940081e-05,-0.019845985898337356,,,
FAC_rank_vol_m6_n3_pairwise1,2018-11-30,135,0.12780043690262832,0.07972644523584405,0.2870651661073335,,-0.1199255899622391,-0.007710734994598875,2.534406889474059,-0.007094909506177607,-0.010441398407145537,0.00012639304017334998,-0.04966318902520357,,,
FAC_rank_vol_m6_n3_pairwise1,2018-12-28,138,0.2991381933788636,0.2613994807146486,0.2102500687936018,,0.09009509063050908,0.07522342543571037,4.312088151363704,0.0034892408472474035,-0.006522514996664812,0.0002125760913638982,-0.018702894865808218,,,
FAC_rank_vol_m6_n3_pairwise1,2019-01-31,134,0.3427309183230369,0.3062159693409834,0.5392054795729418,,0.7946643530046509,0.04618042708544213,3.53448675873314,0.007369369296494058,-0.024374726731491634,0.00013825368561823563,0.03145827927937676,,,
FAC_rank_vol_m6_n3_pairwise1,2019-02-28,141,0.3666587966080441,0.33332504906109905,0.4985129856639537,,-0.18742999849799555,0.26632610001187956,4.25199284420357,0.00860807574823678,-0.025469006294040284,0.0002844924632833901,0.03193225476724368,,,
FAC_rank_vol_m6_n3_pairwise1,2019-03-29,143,0.1998498510931489,0.15836058411279375,0.35040042760372,,0.33136874632010604,0.2086373678365325,1.24670130476354,0.011914053381375212,-0.015470141713402788,0.00013104504494445475,-0.08478931568615761,,,
FAC_rank_vol_m6_n3_pairwise1,2019-04-30,142,0.2866233551668028,0.24935741103372533,0.33095874137962483,,0.32425689796643925,0.26783268268795535,2.727416561047309,0.03692586432113677,-0.016783471730698128,3.237931578519649e-05,-0.1069478206150465,,,
FAC_rank_vol_m6_n3_pairwise1,2019-05-31,144,0.27264717530009464,0.23520989755818777,0.4649105408764732,,0.11071057062788202,0.06360796511248154,2.537980604700874,0.0263716045229419,-0.020089133780925247,-6.56564473661004e-05,-0.09272747028739199,,,
FAC_rank_vol_m6_n3_pairwise1,2019-06-28,148,0.33123050030749857,0.2977920253228734,0.4877810498118197,,0.44109730334321656,-0.1390718349039731,2.913705560695792,0.007505401558380252,-0.023101940238199805,-6.072253806014798e-05,-0.052433405920182155,,,
FAC_rank_vol_m6_n3_pairwise1,2019-07-31,150,0.3616591617349161,0.33019165562325703,0.273451307806854,,1.3746662589990646,-0.120403553727917,3.8268351431359773,0.018333775966617873,-0.01823221267891908,4.699888219224642e-05,-0.008284195370017927,,,
FAC_rank_vol_m6_n3_pairwise1,2019-08-30,148,0.4398768712555815,0.4118707148183606,0.4166550054734637,,1.190417991151703,-0.17879580594767508,3.861465902451875,0.0029206176307309036,-0.025288298612672334,0.0001701846915165375,0.036658291315622156,,,
FAC_rank_vol_m6_n3_pairwise1,2019-09-30,150,0.2615870298690216,0.2251863904963678,0.29101500118135154,,0.7541295879854474,0.12484425718631319,1.425151104378837,0.024732600002020565,-0.015926822187908512,0.00018229285018962426,-0.027738910363320348,,,
FAC_rank_vol_m6_n3_pairwise1,2019-10-31,155,0.21965157311217776,0.18249212421275762,0.3234843615127677,,0.008938420123235707,0.09801549590420865,2.3011779681336493,0.020582286156190194,-0.019282434786198337,4.087312988982456e-05,0.04404760648610676,,,
FAC_rank_vol_m6_n3_pairwise1,2019-11-29,162,0.285555723832428,0.25308098400662926,0.4351799006662861,,1.2429726423029706,0.2913480683145104,1.9508760374507694,0.042542804137722656,-0.023470768183775966,-2.5273751631224485e-05,0.01910102379098854,,,
FAC_rank_vol_m6_n3_pairwise1,2019-12-31,170,0.21305307934146334,0.1790492000537488,0.5033019812929648,,-0.8611355313905017,0.18631715901436186,2.0839659193651143,0.04008582546603273,-0.022813008181759454,-5.3194415949649066e-05,0.049842184849593636,,,
FAC_rank_vol_m6_n3_pairwise1,2020-01-23,173,0.2173964288774639,0.1841950652540837,0.3503539466557841,,0.3045597069597797,0.5985783829937946,-1.3154966385668612,0.007736012666155672,-0.004766433463845479,-0.0002545347285949704,-0.02078972196096656,,,
FAC_rank_vol_m6_n3_pairwise1,2020-02-28,176,0.2970013136858689,0.2677097017561134,-0.011656629605041106,,-0.37648858999194634,0.8957152635960273,-0.32497100222185876,-0.00875451837917701,0.003814449861640006,-0.0003545459434883007,0.23328329392898547,,,
FAC_rank_vol_m6_n3_pairwise1,2020-03-31,177,0.14016774393966458,0.10455339013834886,0.12703850664682895,,0.402132002190235,0.43191761982028926,2.0382716217703,0.004545037513914483,0.001323347932215349,-0.00030259466304566053,0.176968128836008,,,
FAC_rank_vol_m6_n3_pairwise1,2020-04-30,180,0.35338398910380364,0.3270682212184933,0.6007257618881006,,2.500919846471794,0.06436584303091747,-3.775251713549931,-0.008745700727377001,-0.00600301870134088,-7.571613924561591e-05,-0.18402622080665512,,,
FAC_rank_vol_m6_n3_pairwise1,2020-05-29,188,0.08905876476416696,0.05363327228277337,0.46675130783429514,,0.5042360095649485,0.11227361386134506,0.8007809167832883,-0.021455275431792722,-0.007316558287257318,-7.805791850263718e-05,-0.041515579760978444,,,
FAC_rank_vol_m6_n3_pairwise1,2020-06-30,186,0.0886526414248523,0.05281313855953751,0.68294708311875,,-0.5125329498900923,0.06780449363397667,0.19271719757197256,-0.01843907072771832,-0.00437500445135561,7.37291166765578e-05,-0.31372229591816947,,,
FAC_rank_vol_m6_n3_pairwise1,2020-07-31,189,0.12332652962441248,0.08942203077010802,0.03945083865805983,,0.8532283615529918,-0.014169987679831455,-0.21018947719133121,-0.005950350708652226,0.010769316095053622,-0.0001799902448353485,-0.20193370756881268,,,
FAC_rank_vol_m6_n3_pairwise1,2020-08-31,195,0.08254477983809072,0.04820153630261825,-0.2920530234898494,,0.5658816116239656,-0.0624723221011896,2.444320953173103,0.005228392425734484,0.010230742006849897,-0.00018681686895160882,0.09946772779608562,,,
FAC_rank_vol_m6_n3_pairwise1,2020-09-30,198,0.22425261979166733,0.195672453152413,0.27143204792174314,,1.4756828908281892,-0.05802763369495984,-0.9962433610315171,-0.014715091717761992,0.0031316191995184135,-6.184166567127943e-05,-0.08047280927634294,,,
FAC_rank_vol_m6_n3_pairwise1,2020-10-30,199,0.2576445247347291,0.2304377795679391,0.21690281622911067,,1.644049772970584,-0.08191058933659667,0.5892013392635987,-0.013852900840470106,-0.004526711238660433,4.341173353469126e-05,-0.04272085206148269,,,
FAC_rank_vol_m6_n3_pairwise1,2020-11-30,212,0.34117432533478387,0.3185675619884284,0.4945092930188634,,-1.1146923764081236,0.026562861857492983,-0.3173742372036342,-0.018351812217471907,-0.006317914882261858,8.055249896616982e-05,-0.24200161051610888,,,
FAC_rank_vol_m6_n3_pairwise1,2020-12-31,218,0.2379832435300011,0.21258268498100108,0.3076418111590093,,0.39836902319363277,0.07718220463068791,0.5137497548648992,-0.024724127541462526,-0.007992775897021822,-9.136605067609943e-05,-0.15687965707370044,,,
FAC_rank_vol_m6_n3_pairwise1,2021-01-29,216,0.2584718017016586,0.23351652579738758,0.11623753319930662,,-0.6755903388353156,-0.2067904982454886,3.591145963539211,-0.003424426740842148,-0.008728475592993683,-0.00014261750738299501,-0.016847308917415236,,,
FAC_rank_vol_m6_n3_pairwise1,2021-02-26,230,0.32295847935649147,0.3016103233001647,0.5890471676683096,,-0.7729196513596334,-0.41265028500640427,3.3695470457526593,-0.005935562487552783,-0.0210104414752784,-8.414535047418304e-05,-0.17363789756318568,,,
FAC_rank_vol_m6_n3_pairwise1,2021-03-31,231,0.26334187030520284,0.2402180725120926,0.4008275197264159,,-0.6955192183944182,-0.347462344948329,3.556183659352246,-0.02294795728699751,-0.014707486345054794,-0.00010453358251893544,-0.10870167279308396,,,
FAC_rank_vol_m6_n3_pairwise1,2021-04-30,242,0.16672820577402603,0.14180127175871915,0.47028759859642427,,-0.7021081590150068,-0.4395595656050957,3.0693265606909903,-0.005658201330415447,-0.01924309522073572,-9.799341291859653e-05,-0.021598408072678103,,,
FAC_rank_vol_m6_n3_pairwise1,2021-05-31,260,0.2977607054848497,0.2782540584149844,0.14512250918550232,,2.3909899198909605,-0.1497398068820904,1.2014193491128469,-0.013896637415162295,-0.002944420652041638,-3.353595833427028e-05,-0.16595659885933367,,,
FAC_rank_vol_m6_n3_pairwise1,2021-06-30,259,0.1769096315333727,0.1539549200621919,0.5475196118316163,,0.6600520837773463,0.04689690527641069,-0.6464486601275005,-0.009591208610539251,-0.013198643917050971,0.000143151265658587,-0.3369946412645688,,,
FAC_rank_vol_m6_n3_pairwise1,2021-07-30,265,0.19006489339034605,0.1680044041052582,0.4914459622507511,,-0.26702980732563175,0.04931857857732851,-1.5507556751121054,-0.01463359810680221,-0.014052896289392248,0.00025861910000981014,-0.2776387174645748,,,
FAC_rank_vol_m6_n3_pairwise1,2021-08-31,278,0.18289321137145065,0.16170896129589563,0.2290682786099436,,-0.08936185586643376,-0.1881698970092131,-0.737914840769701,-0.001775467550563802,-0.00404957323382232,6.029961773043632e-05,-0.22230336476171655,,,
FAC_rank_vol_m6_n3_pairwise1,2021-09-30,283,0.427498512864778,0.41292574773769963,0.18028633772901104,,0.44934091885454547,0.042825885852227144,-2.8747221435863195,-0.004336547709810854,-0.0035336195349142422,8.530381707648788e-05,-0.1338765605970171,,,
FAC_rank_vol_m6_n3_pairwise1,2021-10-29,291,0.28375252086475045,0.2660361521228891,0.1328451963259893,,-0.31838751178118774,0.030648468408456236,-2.42322312551692,0.007839817401862898,7.362034683552446e-05,7.665268250484048e-05,-0.27189800020039545,,,
FAC_rank_vol_m6_n3_pairwise1,2021-11-30,303,0.4179510221889198,0.4041396905120467,0.15202140946189616,,-0.8769139839965856,-0.05534055615923542,-2.4219547870507143,0.001294409280425229,0.0018018758810228878,3.576037454341537e-05,-0.285044221099529,,,
FAC_rank_vol_m6_n3_pairwise1,2021-12-31,300,0.11139312304212445,0.09009090338902459,-0.05028773159328713,,0.3864123005063377,-0.03220585955331662,-0.2284915986168854,0.0006912713189699414,-0.0011520602702178439,-1.6613025016305923e-05,-0.00894488641252002,,,
FAC_rank_vol_m6_n3_pairwise1,2022-01-28,308,0.2095113269458907,0.19106659124129488,-0.04557342047137993,,-0.19890265592088943,0.2150253969441306,0.48356148592208886,0.007122394262651024,-0.00448980321281861,8.489411920274967e-05,0.05536221493257288,,,
FAC_rank_vol_m6_n3_pairwise1,2022-02-28,324,0.01950280667353199,-0.0022170678621808992,0.01841608066795727,,0.13621857765299475,0.022822984073336605,-0.35738098529658163,-0.002315019742534767,-0.0033903202267896795,-1.4609092434333386e-05,-0.007238806177394407,,,
FAC_rank_vol_m6_n3_pairwise1,2022-03-31,332,0.1612043249333317,0.14308219615102724,0.056218452369933426,,-0.6623922242726124,0.03692874515028952,-0.2837254096813284,0.004414867479168666,-0.007774539314858709,-2.5972883051754025e-05,0.006287040034805951,,,
FAC_rank_vol_m6_n3_pairwise1,2022-04-29,356,0.47895682801587436,0.4684760745564236,0.1977477567836333,,-1.382721169593239,0.14249568419512706,0.317781369153003,0.008577291229357893,-0.014769255077899708,-2.1878173781172825e-05,-0.00399602447210857,,,
FAC_rank_vol_m6_n3_pairwise1,2022-05-31,378,0.17129818629959925,0.15562004387824024,0.2515646571749949,,0.39456541571741294,-0.015401820819651633,0.5882135836211978,-0.005673219457956489,-0.012416679317248849,4.43948053447902e-05,-0.1236107224949548,,,
FAC_rank_vol_m6_n3_pairwise1,2022-06-30,385,0.14491767335644035,0.12904081318003469,0.20767903319320874,,-0.6410503404341268,-0.00581282008484395,0.14947522354799064,0.001918826094844084,-0.008291798090898065,-1.8228606443825112e-05,-0.15146469337927118,,,
FAC_rank_vol_m6_n6_pairwise1,2013-01-31,50,0.29253473439262245,0.17462385679139292,0.449439646857383,,-0.37741050665199577,0.4466902292433777,-3.485825567318491,0.03935605493398211,-0.020277971865190217,0.0006359316665910835,,0.17795404572419096,,
FAC_rank_vol_m6_n6_pairwise1,2013-02-28,51,0.5177645597579574,0.43926111599762485,0.23819965741541713,,2.686156871495493,0.43997300690186153,-1.9208270872735622,-0.0030969141056792315,-0.0011329540342522042,-0.00043641819865543866,,-0.10590953117454364,,
FAC_rank_vol_m6_n6_pairwise1,2013-03-29,54,0.2657766525683303,0.1540470127417718,0.5066346978724553,,0.717765283731506,0.5046818381542097,1.1258364761324802,0.00011272299504942079,-0.01687066470808789,-0.00019424081511582004,,-0.12332957271970685,,
FAC_rank_vol_m6_n6_pairwise1,2013-04-26,53,0.27534997154606267,0.16262663378656128,0.21153701662250368,,0.17064832893097914,0.48680226805754456,0.563245650465634,0.049070047812419415,-0.013518193485377845,-6.948882174620161e-05,,0.08581924827286125,,
FAC_rank_vol_m6_n6_pairwise1,2013-05-31,53,0.1953108743466596,0.07013701035614006,-0.050050485344959574,,0.5881374896845134,0.31035880483299527,0.049444334485898966,0.023930614525194172,-0.006537621629071654,1.6736052897189233e-05,,0.15828341612778132,,
FAC_rank_vol_m6_n6_pairwise1,2013-06-28,53,0.05847052881542292,-0.08798961114662229,-0.10036359711181213,,-0.23426855692551088,0.3911554723290678,0.13833263757606815,-0.023089203871473115,0.0004995606539273385,0.0001392045251078821,,0.1498603061259622,,
FAC_rank_vol_m6_n6_pairwise1,2013-07-31,55,0.23922108007106224,0.1259135813582417,-0.08891925902861353,,0.7645363657413011,0.28268611796794146,0.5598136348140563,0.08107828935114801,-0.0004044818607920188,2.939972282314569e-05,,0.00848032738412202,,
FAC_rank_vol_m6_n6_pairwise1,2013-08-30,56,0.2723400834368288,0.16622301227136627,0.12161998768493296,,1.1733811080703265,0.5494390574465668,-0.5117233432084812,0.030869108449116698,-0.012794428016406588,2.923900080032783e-05,,0.09572387271803655,,
FAC_rank_vol_m6_n6_pairwise1,2013-09-30,55,0.16913080215524612,0.04538432588049557,-0.030315817661954608,,-0.05374630086724996,0.3087507153957773,0.7294919235249954,0.0567211642940235,-0.0018966452382212853,-0.00017422262113900855,,-0.13540830299020493,,
FAC_rank_vol_m6_n6_pairwise1,2013-10-31,58,0.36470149971209753,0.2757597096717912,0.14516339272904685,,0.5836202186677291,0.4469528844463993,-0.002332167783008708,-0.021180671399444486,-0.014088381092089887,0.0002483794972355997,,0.07503109815571499,,
FAC_rank_vol_m6_n6_pairwise1,2013-11-29,61,0.361215337912154,0.27684755235338177,0.12022679940741866,,0.5322578598955755,0.1860520931637709,-0.8834545492644794,-0.025030353058869467,-0.001051158659463852,0.0001641334893230708,,-0.16771023062175763,,
FAC_rank_vol_m6_n6_pairwise1,2013-12-31,61,0.3177706528846227,0.22766489005806345,-0.07254360093802728,,0.4200755469731542,0.21459272329309279,1.2753982567536766,0.004463389574135618,0.001883970876622949,0.00017783550464852527,,-0.1129594184706846,,
FAC_rank_vol_m6_n6_pairwise1,2014-01-30,57,0.32177206099010947,0.22488235541726798,0.2104040260296459,,-0.6977382329669731,-0.2809412318640238,-0.527912627007905,-0.08198225512921303,0.0024784817034572706,0.00034448894432177664,,-0.19119946203023835,,
FAC_rank_vol_m6_n6_pairwise1,2014-02-28,59,0.19584281196852382,0.08546829596420358,0.16082951093959366,,0.21951746774034414,-0.1861924538849565,-0.5851259717548846,-0.08085503824686201,0.0034015043187447668,0.00032651013295277186,,-0.11775201657746705,,
FAC_rank_vol_m6_n6_pairwise1,2014-03-31,59,0.11571571373478962,-0.005656639282004106,0.3440248104787868,,0.14252118663133528,0.27557783091246757,-0.443211649314868,-0.12396744238570462,-0.004619852357727395,-5.8626440502288763e-05,,0.062069875450810795,,
FAC_rank_vol_m6_n6_pairwise1,2014-04-30,59,0.07590839263883631,-0.05092771033230381,0.3478844198360893,,-0.2800342721637249,0.25198355795280325,-0.14628219726433936,-0.02145315711632425,-0.01128291643254761,0.000293316810596801,,0.06995240979360749,,
FAC_rank_vol_m6_n6_pairwise1,2014-05-30,58,0.16121613576063654,0.04378639476712565,0.36919423607719304,,1.344094266756379,-0.44638655243484254,0.21798441769288407,0.05703038433551872,-0.010277193066897826,-0.00018025205064414163,,-0.07176142183007099,,
FAC_rank_vol_m6_n6_pairwise1,2014-06-30,57,0.23773775274671338,0.1288431459962439,1.9255142054209826,,-2.969113550246915,0.06276855617538986,-1.9232667676702906,0.018233633678802784,-0.061152468694034276,0.0012191700791302784,,-0.3780718833589948,,
FAC_rank_vol_m6_n6_pairwise1,2014-07-31,55,0.22738754690273622,0.11231760707973959,1.4623177154589007,,-0.7885007379726219,-0.2611186688000946,-1.3760959111189401,0.0032228624527614142,-0.03965676933431303,0.0006451208651660907,,-0.4028080881940069,,
FAC_rank_vol_m6_n6_pairwise1,2014-08-29,56,0.2811528344129265,0.17632095609814502,1.540078161895334,,-0.448505495167623,-0.765127662778573,0.8210894010099318,-0.021809388039125643,-0.029302927167536276,-0.00019958896432074655,,-0.6926503293754565,,
FAC_rank_vol_m6_n6_pairwise1,2014-09-30,55,0.1749560079046688,0.05207711546493865,1.004743605973973,,0.6830110082858589,-0.3638946259366874,-1.254232016704642,-0.11178091170986743,-0.026636375143666496,-0.00010579358995577758,,0.14392589090682692,,
FAC_rank_vol_m6_n6_pairwise1,2014-10-31,53,0.24631631293284162,0.1290766282779502,0.510571522290841,,1.2046399555204435,-0.032933863029931155,4.345121942906028,-0.16539197722898683,-0.0284027208679311,-0.0007584639012503038,,0.9554198593215308,,
FAC_rank_vol_m6_n6_pairwise1,2014-11-28,52,0.25807278497457,0.14003890985688794,0.03711254221844833,,-0.8538592368634559,0.020440458180090038,5.567295528340417,0.5651506719334181,-0.02948314492566483,-0.0009413968084113139,,0.9789246121702989,,
FAC_rank_vol_m6_n6_pairwise1,2016-11-30,52,0.23007075431320678,0.10758201068121698,0.24017281675780552,,0.3141138528345288,0.45479702361534974,0.07396051992101925,-0.04281318417226823,-0.01189131778535046,0.00042314773488987976,,0.008950175046766434,,
FAC_rank_vol_m6_n6_pairwise1,2016-12-30,59,0.30386862578847706,0.20832118226924845,0.2681817078816917,,1.4999397822340539,0.2504019347975219,1.266606308229342,-0.06672470217014609,-0.01647260233808698,0.00018935146159004156,,0.2029336432232689,,
FAC_rank_vol_m6_n6_pairwise1,2017-01-26,64,0.24177305924561165,0.14699469165131318,0.11699107692704644,,0.7827107467506246,0.5786682669097779,0.06290860138631804,-0.014547345127078915,-0.017883070205596974,-2.9622712349719968e-05,,0.36095723593460327,,
FAC_rank_vol_m6_n6_pairwise1,2017-02-28,70,0.229357168642771,0.14234910703792258,0.27986382599757353,,2.516260014403338,0.20875838748498984,-1.342168484650673,0.006874715543794108,-0.017679463008686797,-3.813839493141461e-05,,0.17891878313684736,,
FAC_rank_vol_m6_n6_pairwise1,2017-03-31,76,0.2657182307688123,0.1901304015832489,-0.1574324374099338,,1.5530267961085478,0.12449174335328521,0.23135020538346818,-0.005934868324364732,0.011635241171566418,0.0003108227230355904,,-0.052769455890115384,,
FAC_rank_vol_m6_n6_pairwise1,2017-04-28,88,0.1251282656837388,0.04857698893106599,0.19338518214571096,,1.4520413259476022,0.12895074529490003,0.06569935588008459,0.019342601480525405,-0.002928810203971745,7.976798119732606e-05,,0.003450021901081328,,
FAC_rank_vol_m6_n6_pairwise1,2017-05-31,97,0.16007447530737517,0.09401291718548332,0.3840851762566915,,0.40407336778441627,0.10380297055646755,-0.8616539127045604,0.052199979770580114,-0.003869438388424502,-2.258822512631406e-05,,-0.20140934632174717,,
FAC_rank_vol_m6_n6_pairwise1,2017-06-30,101,0.5036449103574837,0.46628484984675667,0.18254047922311073,,2.1176882914389,0.07496808734904267,-3.198212510441798,0.039278320569546055,-0.003105961228144024,-0.00015244564767161344,,-0.07362476974234117,,
FAC_rank_vol_m6_n6_pairwise1,2017-07-31,102,0.21452710882820258,0.1560344467196645,-0.013327083254384295,,0.4244046628195575,0.488515755469406,-1.3325210832980627,0.05523446660436638,0.0020120872953422733,-0.00021537067983168733,,0.07317121871992482,,
FAC_rank_vol_m6_n6_pairwise1,2017-08-31,109,0.3113218758483922,0.26359170882798366,-0.46059619327298296,,0.25777188302679976,0.5298656689491856,-0.6709653711495733,0.025651900562800343,0.01787376235499382,-0.00012049885682162125,,0.1320584655426116,,
FAC_rank_vol_m6_n6_pairwise1,2017-09-29,111,0.1562804878591646,0.09894032683988463,0.2060580829810174,,0.03021270157236066,0.1233183319192343,-0.9454330905155298,0.060130821540192614,-0.0028706275268937246,-0.00048086214549336977,,-0.14397429713042828,,
FAC_rank_vol_m6_n6_pairwise1,2017-10-31,111,0.09429066563514166,0.032737604076364835,0.3644676628172242,,-0.1408897588584596,-0.12787569626743397,-1.6454195195217538,0.028208267932792408,-0.010522559363544582,-0.0002555955811503533,,-0.16075883893768797,,
FAC_rank_vol_m6_n6_pairwise1,2017-11-30,114,0.045043868459713865,-0.01801927230238043,0.35715561565083476,,-0.5502486303952093,-0.04159369900766327,-1.4787916392500062,0.016198195658520948,-0.014187629649806075,-0.00017640727956037204,,-0.04481078288405371,,
FAC_rank_vol_m6_n6_pairwise1,2017-12-29,116,0.1395714721173268,0.08380295642122759,0.05339434419053227,,1.1224420403214224,-0.1574123871177332,-1.0077234313583516,0.0203803474365757,-0.01044186552923138,-7.664104491165278e-05,,0.12228466973901907,,
FAC_rank_vol_m6_n6_pairwise1,2018-01-31,119,0.07098290352221148,0.012396239780368967,0.07276114529020035,,-0.49082262633053386,0.0025699184606469104,-1.3743799155700605,0.02418164767237988,-0.006488908041898123,-0.00020849590286876586,,0.018537614687648078,,
FAC_rank_vol_m6_n6_pairwise1,2018-02-28,124,0.24101720990299724,0.1952165242936953,0.19835208483839809,,0.6002270983459177,0.02394542680342614,-2.746297356029031,0.02114552297312685,-0.01442015596319694,-9.932649023092288e-05,,0.07695047255965379,,
FAC_rank_vol_m6_n6_pairwise1,2018-03-30,124,0.44318862353219846,0.4095879370212103,0.18647199510670148,,0.026706647439410338,0.03224314385287928,-4.4881071320218116,0.0028194860780672033,-0.005793317264686122,7.854844563982002e-05,,-0.07688707492534744,,
FAC_rank_vol_m6_n6_pairwise1,2018-04-27,124,0.5774941403257743,0.551998097069571,0.05146594441020679,,0.8270955396373266,-0.030499248997475234,-3.2837993209108243,0.02269240102647938,0.00025357282665527784,-5.0976333481272376e-05,,-0.13708096034437556,,
FAC_rank_vol_m6_n6_pairwise1,2018-05-31,126,0.48340252372146275,0.4527569107218885,0.12147923734085082,,-0.4638857802344731,0.05606411266147482,-3.3690178019397936,0.022365169317107345,-0.002757524081758918,-6.678674495816453e-05,,-0.1606419596997303,,
FAC_rank_vol_m6_n6_pairwise1,2018-06-29,126,0.34385122941711443,0.30492714980626523,0.1563621556115649,,0.42258303373740447,-0.052002596936300896,-2.7678776503229816,0.020648716460079722,-0.006655921053187789,-8.570772023699134e-05,,-0.08409954914406996,,
FAC_rank_vol_m6_n6_pairwise1,2018-07-31,124,0.4073167922901446,0.37155142630765337,0.139052164653264,,0.7677620877872519,0.1732671608604679,-1.8138286513273865,0.02444835516471657,-0.009072982202721607,-6.311892898532955e-05,,-0.018627656602852653,,
FAC_rank_vol_m6_n6_pairwise1,2018-08-31,129,0.19773392272153922,0.15132183560625634,0.3802885038722372,,0.3485961691791339,0.11979109156679134,-0.9396122319474101,0.0017501601034302888,-0.011072043644346203,4.0318513490224925e-05,,-0.0485773229892767,,
FAC_rank_vol_m6_n6_pairwise1,2018-09-28,126,0.14989524622472117,0.09946530320415381,0.6457157908760235,,-0.7528624700831044,0.1970015312792225,-0.15560674573558558,0.010584507903247236,-0.020319820247176098,-0.00017410233210424673,,-0.06110255272796821,,
FAC_rank_vol_m6_n6_pairwise1,2018-10-31,124,0.11236603301579517,0.05880191431847248,0.351055698210683,,-0.6685149185901642,0.1675877181374439,2.6617354280774013,0.022365672477149677,-0.018973421398205324,-0.00016638035205536846,,0.16077802166893662,,
FAC_rank_vol_m6_n6_pairwise1,2018-11-30,124,0.1374750139235511,0.08542609234997223,0.27508141516109474,,0.19070235679558062,0.29510021267838893,3.3156899503444612,-0.003264515346147196,-0.016256167294055494,3.2575593732294757e-07,,0.17572702375835525,,
FAC_rank_vol_m6_n6_pairwise1,2018-12-28,127,0.20961666162775416,0.1631235240764456,0.24272912788011142,,-0.36969104690243526,0.12902957567389314,4.175615209596032,0.008416607330283259,-0.011666364517976134,-3.8173384829745105e-05,,0.09469305285380318,,
FAC_rank_vol_m6_n6_pairwise1,2019-01-31,120,0.2758785594273363,0.23062096939154486,0.675601448404605,,0.6400970426598144,-0.07364466815506832,2.8117473312862566,0.015803795318418537,-0.02435372361171027,-0.00014762255410677915,,-0.09409546329136736,,
FAC_rank_vol_m6_n6_pairwise1,2019-02-28,123,0.28823540829925154,0.244910607065293,0.4947652670549579,,-0.17439223512200974,0.28142994674939337,3.4326761952661764,0.02120784086992359,-0.02148093324365151,-2.097392147452258e-05,,0.011307851611055731,,
FAC_rank_vol_m6_n6_pairwise1,2019-03-29,125,0.18508593470651136,0.13633039233852484,0.13559238013475122,,0.47236749590200383,0.2384404849251802,0.9047665115138505,0.023501270602007636,-0.012632032401325394,-1.4517735008194685e-05,,0.13918137176203418,,
FAC_rank_vol_m6_n6_pairwise1,2019-04-30,126,0.17546636871149945,0.1265533566859104,0.30696547835618226,,0.009223115279417694,0.26395411387239553,1.4689351335676364,0.027593322312353844,-0.020446633086933654,3.363748392292776e-05,,0.13355954890774444,,
FAC_rank_vol_m6_n6_pairwise1,2019-05-31,133,0.31977643403257106,0.2816839143383951,0.510581056939394,,0.44199954513310846,0.3120233172659193,2.9411661152926984,0.012069165694034453,-0.02639895524625753,0.00023433129996329013,,0.01205942699939515,,
FAC_rank_vol_m6_n6_pairwise1,2019-06-28,137,0.28136029971091003,0.24236434698204468,0.5146723448007526,,0.17884990471010193,-0.07881513035590743,1.7042638224994313,0.004421436287673882,-0.027662529102178614,0.00026961883737164783,,0.09903993685884713,,
FAC_rank_vol_m6_n6_pairwise1,2019-07-31,136,0.3876666509172345,0.3541796708892708,0.24048094998511071,,1.2140286192598961,-0.09314915340644413,3.802782639053591,0.020634114462077958,-0.022884640070150244,0.0001709303342904795,,0.13206773342576072,,
FAC_rank_vol_m6_n6_pairwise1,2019-08-30,133,0.4579698822225575,0.4276161956270207,0.3121837791302239,,1.2723672878398078,-0.19045953964669746,3.4940424671355435,-0.010200464811708578,-0.015244265466992528,0.00026347112544408897,,-0.06674299961616252,,
FAC_rank_vol_m6_n6_pairwise1,2019-09-30,135,0.2729623360595681,0.2328893939526152,0.16004664809324784,,0.3825249263157039,0.2016830361031584,1.8430424834927408,0.009412238258177144,-0.011657471020221367,0.0003570459086761305,,-0.0169359873611718,,
FAC_rank_vol_m6_n6_pairwise1,2019-10-31,139,0.29981994641824716,0.2624057450818177,0.34436505316837734,,-0.0427994396319464,0.27414906721997634,2.2338059660899368,0.017462866232558313,-0.01756326271330029,0.00017269178109808315,,-0.07060223832274046,,
FAC_rank_vol_m6_n6_pairwise1,2019-11-29,139,0.28849430030983536,0.25047491177677317,0.47834511734773205,,0.921315963833055,0.28752467943993626,1.9005969798258668,0.05536127216752171,-0.020126690862529294,-0.0001293462781156905,,-0.09658088564106335,,
FAC_rank_vol_m6_n6_pairwise1,2019-12-31,144,0.21342006788340273,0.1729343360832838,0.5687049997729825,,-0.6466480434061888,0.18500990647585192,1.7715761733217967,0.045238026565873876,-0.013574180545763167,6.392162458890478e-05,,-0.2506186504771537,,
FAC_rank_vol_m6_n6_pairwise1,2020-01-23,148,0.1861748575230806,0.14548360039923458,0.9761237017790874,,0.03375444770418454,0.3076680402447534,-1.7501870292943802,0.002671005706285221,-0.010421782440181498,-9.801560635484421e-05,,-0.48284322595989027,,
FAC_rank_vol_m6_n6_pairwise1,2020-02-28,156,0.2131323249708169,0.17591561061132843,0.7850586839753388,,-0.9042428848269976,0.6181079853930737,-1.0113988594597683,-0.01271552259008487,-0.007329081353430667,-6.823525839957024e-05,,-0.3422221478688815,,
FAC_rank_vol_m6_n6_pairwise1,2020-03-31,157,0.12093409540290123,0.07963569720035302,0.7122498426757174,,0.4312653601805236,0.2699736129054294,0.22854740442415644,-0.0034088710663680638,-0.0034969029660489675,-0.0001671470162893145,,-0.278565917724988,,
FAC_rank_vol_m6_n6_pairwise1,2020-04-30,157,0.31435440383242097,0.2821428657574341,0.8987474814301276,,2.3983125355982224,-0.14642632880316517,-4.303941151295836,-0.01359251306491848,-0.0064319044219126814,2.278169569234721e-05,,-0.4419569934532526,,
FAC_rank_vol_m6_n6_pairwise1,2020-05-29,161,0.069482828515539,0.026910147467230305,0.35629598159958215,,0.6240626586034845,0.10497358157522889,1.2124371837533106,-0.024027960092369655,-0.013102616071514197,2.8994191979879345e-05,,0.18473765115229335,,
FAC_rank_vol_m6_n6_pairwise1,2020-06-30,166,0.12592446642704125,0.08719960101558111,-0.195892460707426,,-0.71851709030017,0.4198881365189775,3.9712140248410916,-0.024523784131014126,0.003368391477864538,1.1211197054494683e-05,,0.30646990954160497,,
FAC_rank_vol_m6_n6_pairwise1,2020-07-31,169,0.1556994979670201,0.11899078048732525,0.15169252189756977,,0.7577260367696897,0.062240626857055524,-0.04999828801351499,-0.0010515996585461018,0.004484912249914792,-0.00015582979017041983,,-0.19289622309489884,,
FAC_rank_vol_m6_n6_pairwise1,2020-08-31,178,0.07463261840905999,0.0365292556376684,-0.3407371229827287,,0.38945286906649945,0.011766016716113707,2.159477887068576,0.0044576949731460905,0.011709821462606308,-0.0001886469837963541,,0.10210758265328165,,
FAC_rank_vol_m6_n6_pairwise1,2020-09-30,178,0.14847978297336706,0.11341718580168214,-0.04318703869719445,,1.2512423858967154,0.04421651066032461,-0.2245354278019086,-0.013147596563244424,0.007671201465034559,-0.00012319323976735962,,0.07869582056415997,,
FAC_rank_vol_m6_n6_pairwise1,2020-10-30,179,0.2721514296901817,0.24235645897574476,-0.0016050143324005315,,1.5610730646520468,-0.06281860342507085,0.7832522520830314,-0.021815862746645858,0.0018484094953756748,9.044382255391066e-06,,0.0493135102899079,,
FAC_rank_vol_m6_n6_pairwise1,2020-11-30,186,0.11974593188713611,0.08512919887146164,0.01510639712278158,,-0.504485167466796,0.11494991689489234,0.21798403115470338,-0.025287573081627553,0.0016913280241062226,9.591424967685558e-05,,0.04207009892885211,,
FAC_rank_vol_m6_n6_pairwise1,2020-12-31,189,0.14434145771297302,0.11124969088419301,0.17791830516055804,,0.3281004441307454,0.10040255783834591,0.4881043733464089,-0.01219826559779869,-0.00728775525424652,-7.571012396072753e-05,,-0.024257367278050074,,
FAC_rank_vol_m6_n6_pairwise1,2021-01-29,188,0.16778432463842463,0.13542038170769677,0.04662944115466739,,-0.4068485823606525,-0.031124437197013605,2.8914569783705435,0.009761202343782584,-0.015325514055473161,6.713702359644568e-05,,0.16206134188567578,,
FAC_rank_vol_m6_n6_pairwise1,2021-02-26,199,0.2696697864148956,0.2429037576447609,0.47936980048901356,,-0.9204231582065433,-0.3969145734398154,2.3354485453309017,0.006949347258290013,-0.021836856974608125,8.821068578820296e-05,,0.03742074622873349,,
FAC_rank_vol_m6_n6_pairwise1,2021-03-31,204,0.24561140625988065,0.21866895648344775,0.16952617468378742,,-0.18992730322612986,-0.36562631076265106,3.844978823364845,-0.0053508609675882,-0.010010254925301573,7.047821338757399e-06,,0.03472115720704913,,
FAC_rank_vol_m6_n6_pairwise1,2021-04-30,207,0.21281084387489024,0.18512077305641894,0.800904276009784,,-0.6366556418477373,-0.624414985959813,1.5637029767319517,-0.016875946697202784,-0.01238320413426896,0.00019804254392632176,,-0.4109703682913272,,
FAC_rank_vol_m6_n6_pairwise1,2021-05-31,218,0.29848879928952965,0.2751050925991806,-0.2521425534086447,,2.419875567452187,-0.1312847772751517,0.26702327105423695,-0.0042875990644158585,-0.005359289962340738,-0.0001001664931210546,,0.4232622382642158,,
FAC_rank_vol_m6_n6_pairwise1,2021-06-30,222,0.133467081479254,0.10512254676128563,0.158241045320389,,0.9173704367748802,0.10317176653546982,-1.8008445813596308,0.00519653212674025,-0.0036760942973050686,-8.452411559752418e-05,,0.0028473794799894433,,
FAC_rank_vol_m6_n6_pairwise1,2021-07-30,231,0.15385488884038412,0.12729427996990295,0.43108880973544367,,-0.18813405486916493,-0.09790930092852128,-2.1757900017957095,0.0015812557521246706,-0.01023765620282502,3.6454120957397175e-05,,-0.19104980059747406,,
FAC_rank_vol_m6_n6_pairwise1,2021-08-31,247,0.14185621102533386,0.11672229251979971,0.23924960041441876,,0.015538289880867917,-0.17772731965171368,-1.2597448735604018,-0.006275669989428427,-0.0024732702842339533,7.669949651351098e-06,,-0.21783568396001837,,
FAC_rank_vol_m6_n6_pairwise1,2021-09-30,243,0.26884404067029866,0.2470649269881373,0.028234351824200157,,0.47653592264906164,0.14534447723502097,-1.7688107364255494,-0.003473797103546276,-0.005317960864257676,0.00011202060735903991,,0.018476032684138385,,
FAC_rank_vol_m6_n6_pairwise1,2021-10-29,250,0.19027363059343216,0.1668517934618372,-0.09804254735458758,,-0.6657180205580776,0.11488475447059437,-1.3426434722724827,0.0042062812051279295,-0.00311037828803017,9.466500616436633e-05,,0.029509538088805094,,
FAC_rank_vol_m6_n6_pairwise1,2021-11-30,262,0.3328937911570614,0.31450897437792535,-0.05458657690979381,,-0.8025956570179793,-0.024244376313093587,-1.505775505939732,-0.0075164961830746805,-0.005155185807138966,0.00011566561948580376,,0.0843200163836474,,
FAC_rank_vol_m6_n6_pairwise1,2021-12-31,263,0.12105274120081944,0.09692477723378312,-0.11284331078751829,,0.39362719449456635,-0.03230968305684417,-0.049589282002036106,-0.00678985146759031,-0.002001556615138865,7.719967273740681e-05,,0.06410768415629625,,
FAC_rank_vol_m6_n6_pairwise1,2022-01-28,264,0.07730375117451171,0.05207377562068982,-0.035157903596895385,,-0.38785116121785673,0.06915315478311555,-0.070215243726597,0.0029744471777369097,-0.0026751181870280747,5.50845704226545e-05,,-0.0008116355947104805,,
FAC_rank_vol_m6_n6_pairwise1,2022-02-28,280,0.034037650773404815,0.009178325609485172,-0.002896951502518332,,0.0698722012481208,-0.08989037687135296,-0.48815317977506506,0.004235452591951462,-0.0017679578770296628,2.412656290521628e-05,,-0.03766266458003233,,
FAC_rank_vol_m6_n6_pairwise1,2022-03-31,277,0.19325244756750326,0.17225901683505918,0.13932117670135077,,-0.6509977847520009,-0.07162894051321679,-0.7094910387793751,0.001054261453962116,-0.004067463612480343,8.846439136485594e-05,,-0.16300712098965645,,
FAC_rank_vol_m6_n6_pairwise1,2022-04-29,290,0.48690317538784356,0.4741667293868326,0.1566278180205955,,-1.1058453847265515,0.19700282070214445,0.4418471116622164,-0.0045451621110410845,-0.013514365343873364,5.8500075843250455e-05,,0.0389296734625823,,
FAC_rank_vol_m6_n6_pairwise1,2022-05-31,307,0.12920055988132295,0.10881395091533397,0.16587673654875393,,0.36478531110633206,-0.1000916329945223,0.5948255397357901,-0.008087961307785866,-0.011895007714096179,2.1241504269655454e-05,,-0.04595092596007178,,
FAC_rank_vol_m6_n6_pairwise1,2022-06-30,325,0.12690583944285194,0.10762615766398753,-0.04435363126458848,,-0.4078223382584071,-0.14843410601072776,0.2904883415414545,0.0053123171822682495,-0.006008696382493408,-5.164766517454014e-05,,0.016649447006783877,,
FAC_rank_vol_m6_n12_pairwise1,2017-07-31,51,0.3594937569529205,0.2552252987824657,-0.8441493880460424,,-0.18656857691741682,0.7747873903744257,0.263395871250146,0.08543761583714704,0.0289266282456006,-0.00020743972859055246,,,0.28602634748753053,
FAC_rank_vol_m6_n12_pairwise1,2017-08-31,57,0.33814377728956935,0.2435928883309364,-0.7401372666158026,,0.04422158009672614,0.5233356003334142,-0.5689698056089596,0.0693118515931993,0.028098613596222705,-0.0003919217733779006,,,0.19701032790416342,
FAC_rank_vol_m6_n12_pairwise1,2017-09-29,66,0.2537745488372354,0.16371285645552236,-0.24255845287497693,,0.02799214655868563,0.23893649690715124,-1.0295698723554925,0.10047924565848518,0.008612517577229212,-0.000804517801392052,,,0.0937600262697246,
FAC_rank_vol_m6_n12_pairwise1,2017-10-31,75,0.12784079976966167,0.0367196892978352,0.3309426779579825,,-0.06387943919383747,-0.1598846498472974,-1.915302078450221,0.029196193370348164,-0.0076973612391113755,-0.0003923229338376732,,,-0.16695537910531075,
FAC_rank_vol_m6_n12_pairwise1,2017-11-30,84,0.08528234486308062,0.0010320345215222293,0.7441050372576244,,-0.4449324027116454,-0.14522330332162486,-1.7347860212418154,0.005619026891116334,-0.010034678239602739,-8.866161024095062e-06,,,-0.5451740627066595,
FAC_rank_vol_m6_n12_pairwise1,2017-12-29,88,0.09592151189589371,0.016814644186784355,0.04162013216601362,,0.6708992348637389,-0.24199151994618445,-0.9314325358219925,0.01790603034958387,-0.011061065972216488,8.787356749745592e-05,,,0.13637633505772787,
FAC_rank_vol_m6_n12_pairwise1,2018-01-31,90,0.13825324190557597,0.06468949426336901,-0.12420044471032407,,-0.5967404558702584,-0.12287954086017348,-1.4517017670950088,0.020066374013738845,-0.008594919885367312,5.208734455562896e-05,,,0.2685210246759664,
FAC_rank_vol_m6_n12_pairwise1,2018-02-28,94,0.20781255984971359,0.14333218681422522,0.22908469569864315,,0.41114361475109257,-0.038460168685528935,-3.0094776379001305,0.014977168643411743,-0.017350241728885437,3.292666409121741e-05,,,0.10382335365912017,
FAC_rank_vol_m6_n12_pairwise1,2018-03-30,94,0.3634158897305698,0.3116009040109651,0.3458639613988915,,-0.2060036303410063,-0.09144919677493397,-4.549814273426132,-0.007403485620149478,-0.008265343874200266,0.000185898681148036,,,-0.18377391710182642,
FAC_rank_vol_m6_n12_pairwise1,2018-04-27,98,0.4940821070523065,0.45473293760081923,-0.03559012538650806,,1.0946672608648287,-0.04659334414840507,-3.1155478632935494,0.0203353553106084,-0.00222162303346874,-7.082891339797693e-05,,,0.02707732668802382,
FAC_rank_vol_m6_n12_pairwise1,2018-05-31,100,0.4605970431277543,0.41955551380051825,-0.10957635473994685,,-0.2696199149241057,0.041989595892928805,-3.4793956019052845,0.02270648844252635,-0.00012634949132330712,-0.00019011099791453327,,,0.05984160033287891,
FAC_rank_vol_m6_n12_pairwise1,2018-06-29,101,0.4447191645245431,0.4029238328220893,0.101335690915594,,0.3594184628524498,0.014152367848440347,-3.119255470321967,-0.00353352548860921,-0.0011567011518865032,2.734059074207454e-05,,,-0.12114932479267064,
FAC_rank_vol_m6_n12_pairwise1,2018-07-31,101,0.4748177805851097,0.4352879361130212,0.11050822058170637,,0.5321006128485564,0.20240069182423093,-2.0872218639491,0.012418926395226031,-0.004228085181980111,-0.00014479646823291846,,,-0.06676398033619378,
FAC_rank_vol_m6_n12_pairwise1,2018-08-31,108,0.22250414443456867,0.16807943454498853,0.3288303842629453,,0.11861084970240587,0.13834361532213818,-1.0395047853543595,-0.012221267165634543,-0.012260482122563266,8.321831720697576e-05,,,0.03619271040139492,
FAC_rank_vol_m6_n12_pairwise1,2018-09-28,108,0.1456484335081133,0.08584382385368117,0.5322015983617547,,-1.0383442856654121,0.1811367154727604,-0.48483333164835857,-0.016092212306702106,-0.0160952573699259,3.550286762570065e-05,,,-0.017426278340789327,
FAC_rank_vol_m6_n12_pairwise1,2018-10-31,107,0.07546167436326767,0.010090277601074504,0.6031207162531812,,-0.30026652181378777,-0.22328829760782418,-0.3175403098404525,0.013404991364412784,-0.017575692504684794,-0.00021608772197167204,,,-0.07328293685821306,
FAC_rank_vol_m6_n12_pairwise1,2018-11-30,108,0.056831159800452724,-0.009190659013515567,0.453419583719711,,-0.016042382200008382,-0.14172311864430842,0.8088581348917777,0.014019162671499977,-0.016298663585957423,-0.0001692364557015715,,,-0.045613732934074454,
FAC_rank_vol_m6_n12_pairwise1,2018-12-28,108,0.1364452517857363,0.07599641941073787,0.816123103184744,,-0.4545564226985636,-0.2583726967247484,1.8851642522250647,0.012350813186332115,-0.02067111460971951,-0.00021676813615220062,,,-0.33013710156053283,
FAC_rank_vol_m6_n12_pairwise1,2019-01-31,103,0.2730665473263204,0.21950302976089142,0.8251242623935682,,0.32776867842113844,-0.3020588608445439,2.6370556747045684,0.02463204567756288,-0.029508366397411768,-0.00030404239079474625,,,-0.19093931517520824,
FAC_rank_vol_m6_n12_pairwise1,2019-02-28,107,0.2452240671123529,0.19185607185767084,0.9667906441718351,,-0.37775935433801794,-0.18802891938099042,1.8916660596818866,0.04473100887356196,-0.03254244553607039,-0.0002941571722095109,,,-0.27844980654009993,
FAC_rank_vol_m6_n12_pairwise1,2019-03-29,106,0.18297224486294483,0.12461311949601228,0.5724883562887794,,0.4018656214960101,-0.13916211725948507,-0.1899157940539842,0.026882390779993052,-0.021153558177632148,0.00010481252333185418,,,-0.16030410939180265,
FAC_rank_vol_m6_n12_pairwise1,2019-04-30,105,0.19341349684975606,0.13520622342654254,0.541491525904461,,0.041856523481552915,-0.0013212449437332888,1.0200710882513735,0.02686182626620387,-0.027208687572984353,5.0297074103564515e-05,,,0.016451312437102718,
FAC_rank_vol_m6_n12_pairwise1,2019-05-31,107,0.21476541737824395,0.15924378022317032,0.6723008096382909,,-0.36168306007485773,-0.15850326461146352,1.378328032447856,0.010319176977283948,-0.030735346330444686,9.049296150418229e-05,,,-0.023012976075074024,
FAC_rank_vol_m6_n12_pairwise1,2019-06-28,109,0.2949659572753617,0.2461022117399907,0.6081134446048673,,0.5192933575341662,-0.018775429270003384,2.1989630818673627,-0.0270263010823025,-0.02867164405956422,0.0003820169009622511,,,-0.012940145246272888,
FAC_rank_vol_m6_n12_pairwise1,2019-07-31,108,0.4738643735848588,0.4370348797357989,0.26079356720663593,,1.869355418288768,0.5240490179942937,4.06551231625359,-0.029592336760770575,-0.024433498933654436,0.000468913466080691,,,0.12224683041162052,
FAC_rank_vol_m6_n12_pairwise1,2019-08-30,109,0.4292949050250561,0.3897410865614461,0.10654723845359108,,1.3544254886491953,0.11269469162647286,2.9988690800539457,-0.02025074538678011,-0.016443390145083555,0.0006028923124297255,,,0.17354596556935037,
FAC_rank_vol_m6_n12_pairwise1,2019-09-30,110,0.3214971127508154,0.27493318911606734,-0.014339679568383732,,0.21375731742978318,0.36868795756807826,1.6897772661400212,-0.008439064195929026,-0.007716846975714444,0.00046617127098649294,,,0.0886336911838177,
FAC_rank_vol_m6_n12_pairwise1,2019-10-31,112,0.375604561106331,0.3335779450269494,0.24963671261175058,,-0.007367865968708916,0.3031790555676803,2.2530314962726408,0.010752566689490017,-0.016631417526599926,0.00032494947085037675,,,0.0010419889842534576,
FAC_rank_vol_m6_n12_pairwise1,2019-11-29,116,0.3121447542100172,0.2675615438347405,0.02925410368745877,,0.38610692272135133,0.4878218907879053,1.331684303654725,0.03693939259214392,-0.014642002072463479,7.83215795837721e-05,,,0.2663965626451691,
FAC_rank_vol_m6_n12_pairwise1,2019-12-31,119,0.3228254024452698,0.28012069809497153,0.0031134556105925832,,-0.8288967346465692,0.6375938604956871,2.17369890727935,0.04470080650172893,-0.02094407453887608,-1.8822848332225658e-05,,,0.4370194961211414,
FAC_rank_vol_m6_n12_pairwise1,2020-01-23,120,0.1805532747143881,0.12933785438403744,0.2770522773828386,,0.7622830079036756,0.5147342857567093,-2.7377346868148207,0.004224330932819977,-0.0013040168069852844,-0.0001142467225434726,,,0.0664727985125055,
FAC_rank_vol_m6_n12_pairwise1,2020-02-28,121,0.1170799695096677,0.062385808328850656,0.4753135634884143,,-0.711082885748469,0.4161752669090641,-2.1640208089827975,0.010194829483535133,0.0021018305645770963,-0.00020054097015183823,,,-0.1166695018114795,
FAC_rank_vol_m6_n12_pairwise1,2020-03-31,124,0.173427480282333,0.12354810409247374,1.3473053305127527,,-0.19621420691236632,0.013375588505351898,-2.2169720179022225,-0.04366879501203179,-0.010244652952201401,-0.00028245336088577493,,,-0.6656894514671179,
FAC_rank_vol_m6_n12_pairwise1,2020-04-30,126,0.3527389749095642,0.31434213443809766,1.3113758390604777,,1.814443585439323,-0.0779792926659568,-2.711839668994713,-0.03777695108880678,-0.01814012906527025,-0.000106430276120223,,,-0.6289500161159152,
FAC_rank_vol_m6_n12_pairwise1,2020-05-29,126,0.1276831432073281,0.07593553305861023,0.5591811442989543,,0.7975486294063803,0.10350971094760032,1.6762713666964604,-0.04508506789931695,-0.012398442663048041,0.00016786986984381532,,,-0.08501620117681769,
FAC_rank_vol_m6_n12_pairwise1,2020-06-30,128,0.12662136494407095,0.07567427789914172,0.23205251360353826,,-0.5901898385821222,0.08152700234243036,3.5390992691574885,-0.02957391317435971,0.008194309049288792,3.054964987333188e-05,,,-0.19984224785777413,
FAC_rank_vol_m6_n12_pairwise1,2020-07-31,130,0.20303301653876416,0.15730540273361127,-0.18629734384047592,,1.1626770797877721,-0.0773576119055379,1.3206104531907494,0.04329033209914479,0.01469227408817628,-0.0004539515988112781,,,-0.14048657359380903,
FAC_rank_vol_m6_n12_pairwise1,2020-08-31,137,0.1436397375769134,0.09717057605007928,-0.5056781269119743,,0.18797447813252932,-0.06883683092824121,2.7127441199361217,0.011477297948387788,0.01730653952423118,-0.0003126056589320489,,,0.16338767688799072,
FAC_rank_vol_m6_n12_pairwise1,2020-09-30,142,0.19482123202173784,0.1527596545900376,-0.21425306808788494,,1.2829448613564147,0.06316028884071537,1.0432837853013786,0.014407789274381693,0.009908512328535481,-0.00021879800964033706,,,0.11735114471468835,
FAC_rank_vol_m6_n12_pairwise1,2020-10-30,142,0.21868166427139957,0.17786652733035324,-0.11121894340634421,,1.3933624986739186,-0.019399039236975082,1.520761869790248,-0.0063153165712792605,0.0033282996118804043,-9.760455170247629e-05,,,0.07870440700192766,
FAC_rank_vol_m6_n12_pairwise1,2020-11-30,146,0.2403027314666969,0.20176736277297858,-0.17489339858771802,,-0.5625576125414659,0.18860860546701078,1.494938751305127,0.01093098546001719,0.007006275591382978,-4.5608098691201954e-05,,,0.00785444629853661,
FAC_rank_vol_m6_n12_pairwise1,2020-12-31,153,0.13669424249033268,0.09501741281745224,0.03400572698130126,,0.233721448760808,-0.007374766326016775,1.287484199415359,-0.007888118093671969,-0.008755646092114813,-0.0001181152202599641,,,0.1650185928365163,
FAC_rank_vol_m6_n12_pairwise1,2021-01-29,153,0.18601358986779404,0.14671769420623926,0.26050441873225433,,-0.21772273943819156,-0.21108688796829891,2.5787663084460197,-0.0034504245997694525,-0.018282184079566367,0.00017563823745483706,,,0.07290583953610764,
FAC_rank_vol_m6_n12_pairwise1,2021-02-26,160,0.24544253250046388,0.21069317544456423,0.5117010050996764,,-0.8792457480873785,-0.24507783372838163,2.195620606105,-0.039413433692714626,-0.020683145626938012,0.00035313742442429004,,,-0.0818490100161968,
FAC_rank_vol_m6_n12_pairwise1,2021-03-31,160,0.25189975210227644,0.2174477670017234,0.4255752728647146,,-1.0800362537644257,-0.19397077447954336,2.596214541281534,-0.019613499634741714,-0.022462669497376814,0.00022151185731995697,,,-0.004900320774009235,
FAC_rank_vol_m6_n12_pairwise1,2021-04-30,163,0.10764664868700013,0.06734681991802594,0.43187822694053035,,-0.10434902231973135,-0.3067209060266229,1.1447003662500923,-0.009557784145995047,-0.016538450749376068,0.00022893445095868457,,,-0.0038021447104934617,
FAC_rank_vol_m6_n12_pairwise1,2021-05-31,167,0.20682851942534386,0.17190902028054778,0.2643886385289228,,1.8718634217188175,-0.12852731807038303,0.8457885098731527,0.023536698131495542,-0.015123100275113455,-9.702868673486328e-05,,,0.02544584645720129,
FAC_rank_vol_m6_n12_pairwise1,2021-06-30,171,0.14635512841210052,0.10969553269973686,0.5563422671294938,,0.809351676956045,-0.006083925033759393,-2.1891179329662958,0.025164024648947764,-0.013535861567886246,0.0001346150998905267,,,-0.19059650090727626,
FAC_rank_vol_m6_n12_pairwise1,2021-07-30,175,0.18364659240106973,0.1494281860945278,0.2509745899095732,,-0.0343512318712959,-0.23713691242356835,-2.469037497552418,0.004958021062212487,-0.009344808447746654,-6.658759434549155e-06,,,0.04318069249504007,
FAC_rank_vol_m6_n12_pairwise1,2021-08-31,185,0.22726763106869352,0.1967075938793199,0.1467721532588835,,0.2369292799791876,-0.14486894749986304,-1.5956733646245393,-0.002461208322357407,0.00019952216051733179,-1.9162861722855728e-05,,,-0.14729702821889584,
FAC_rank_vol_m6_n12_pairwise1,2021-09-30,188,0.3379546051560457,0.31220839535655853,0.017851741224943055,,0.5819744686272474,0.15384058056110178,-2.2841949057311486,-0.0012564292990546568,-0.004164008229742551,9.91046845645039e-05,,,0.032753049441375484,
FAC_rank_vol_m6_n12_pairwise1,2021-10-29,191,0.2913430942414942,0.2642359994857043,0.06661063382787724,,-0.7539858046439942,-0.07103529036183517,-2.525985606754261,0.00463988739841528,0.002355223738777122,4.083370688913982e-05,,,-0.20493500729778558,
FAC_rank_vol_m6_n12_pairwise1,2021-11-30,199,0.4271712381321855,0.4061775138752498,0.16269651357646325,,-0.8758667521920026,-0.15121741635303113,-1.9883390255112834,-0.013699248514315351,-0.0017257806931280934,9.924639431817358e-05,,,-0.1975693950150541,
FAC_rank_vol_m6_n12_pairwise1,2021-12-31,195,0.120646151695881,0.08772916272192999,-0.0433264495698631,,0.2846297003712816,-0.1743405113889863,-0.44456249806565135,-0.00989008453323286,0.00121553478111715,3.831683875328342e-05,,,-0.06200085685913122,
FAC_rank_vol_m6_n12_pairwise1,2022-01-28,202,0.08077061704885069,0.04760254652999474,-0.02522463685949751,,-0.45636113915468307,0.028922217747126316,-0.19192991335438522,-0.005389202666162151,-0.0024208930795643134,8.68794224061811e-05,,,-0.019714790099484916,
FAC_rank_vol_m6_n12_pairwise1,2022-02-28,215,0.0286493061456502,-0.0041983018590863175,-0.1907426584387188,,0.17215009683343743,0.03796175319092223,-0.19062972645499446,-0.0005207279545283164,0.0008267311969041015,-6.812807248544179e-06,,,0.12519842283146235,
FAC_rank_vol_m6_n12_pairwise1,2022-03-31,209,0.19163958781770718,0.16348773266708005,-0.2458325793125187,,-0.5336203491327741,0.1323346077204265,-0.23442071888009888,0.009857149825716312,-0.0018205772767719665,5.334929043887449e-05,,,0.22416831595155337,
FAC_rank_vol_m6_n12_pairwise1,2022-04-29,214,0.4372892369190323,0.4181679973968635,-0.5894155941958432,,-1.303032739104724,0.3804113465901159,1.0699627413711899,0.0037110520447506384,-0.0036163423524150596,0.00019333071111212266,,,0.5988246360854168,
FAC_rank_vol_m6_n12_pairwise1,2022-05-31,230,0.06582801554284434,0.03637214215906015,0.3385427221092274,,0.11286649697095007,-0.09166290248074582,-0.04149249823472906,-0.015725852168529068,-0.0028388811494191846,6.826103375462837e-05,,,-0.37017997754189585,
FAC_rank_vol_m6_n12_pairwise1,2022-06-30,238,0.04251063897033158,0.013369658417254682,-0.01846305256862413,,-0.2714871575629988,0.10851069017471035,0.1710996640144208,0.0008525392112009074,0.0008401226324771605,-1.759749292892196e-05,,,-0.07716274354517336,
FAC_rank_vol_m12_n6_pairwise1,2017-07-31,51,0.32818919005708247,0.21882463960125875,-0.7189947932182086,,-0.13690094230104882,0.7091359574243222,0.085930272772495,0.08577213559617711,0.03167641481015946,-0.00020561819309982194,,,,0.09479553982671159
FAC_rank_vol_m12_n6_pairwise1,2017-08-31,57,0.36143241732126774,0.2702084769385916,-0.8417835020037296,,-0.26086171186647716,0.48885826903415863,-0.37545347651494787,0.068879040555669,0.03616119496971563,-0.00037719568759887317,,,,0.1324213642403827
FAC_rank_vol_m12_n6_pairwise1,2017-09-29,66,0.2766458423121372,0.1893444784532572,-0.39881988642672445,,0.11585453152002094,0.1528684080395376,-0.7248514188873604,0.09402843059472323,0.011907904577018026,-0.0008105156954261248,,,,0.19547742498465676
FAC_rank_vol_m12_n6_pairwise1,2017-10-31,75,0.13550101529422098,0.04518022584734849,0.02916509087267947,,-0.09857306501347024,-0.08809541773895979,-1.759049008334732,0.03833876782062683,-0.004182747588374839,-0.0004687034324509375,,,,0.08590921610347016
FAC_rank_vol_m12_n6_pairwise1,2017-11-30,84,0.025114919284070947,-0.06467712762397504,0.24613067768761945,,-0.26506164121227643,-0.04015842188009937,-1.1340445203963738,0.01954977418485135,-0.011265489059018512,-2.5223506183326546e-05,,,,-0.005171189751874714
FAC_rank_vol_m12_n6_pairwise1,2017-12-29,88,0.0917303482623043,0.01225675373525592,0.07724635469592965,,0.5582163960347057,-0.2346576312171149,-0.6731427611516732,0.02357025693988387,-0.009820777202836042,4.9923160221842476e-05,,,,0.06802347105287453
FAC_rank_vol_m12_n6_pairwise1,2018-01-31,90,0.13680911194930767,0.06312208492059002,0.06896851742233084,,-0.6202025248401866,-0.18302578912341302,-1.6636650555330537,0.018710092941822784,-0.0093366518234601,9.218822424739511e-05,,,,0.09715175281247006
FAC_rank_vol_m12_n6_pairwise1,2018-02-28,94,0.2144296984933468,0.15048792976606107,0.44419221010010623,,0.43926066343820214,-0.10708402651510851,-3.4188579209703236,0.006480756605614427,-0.01637530705252379,4.932420721044141e-05,,,,-0.13743801114886908
FAC_rank_vol_m12_n6_pairwise1,2018-03-30,94,0.4220190221230985,0.37497405880753676,0.44837386819732805,,-0.21103416557273655,-0.17238370636810235,-4.55683518530414,-0.021873366200500566,-0.005288089859737364,0.00023245647689996318,,,,-0.38679024211613144
FAC_rank_vol_m12_n6_pairwise1,2018-04-27,98,0.5506328538953101,0.5156820758649454,0.14513929431372574,,1.0124744429151427,-0.13733074556046093,-3.383907398983607,0.01585346191366153,-0.0014899365378555727,-8.147701634138123e-05,,,,-0.18938981565616908
FAC_rank_vol_m12_n6_pairwise1,2018-05-31,100,0.4892493973012241,0.4503879384002303,0.20349729415528114,,-0.34201372446391004,-0.05648807357702445,-3.7995569446970205,0.01519131796094069,-0.004128921671523581,-0.00014082536313836746,,,,-0.19414006070705422
FAC_rank_vol_m12_n6_pairwise1,2018-06-29,101,0.4177269013578012,0.3738998939331196,-0.012472310094206194,,0.4684581682440705,0.021572946496157052,-2.96036725415731,-0.005052478956384901,-0.0007277936574945135,2.7072304794695658e-05,,,,-0.004518823648015385
FAC_rank_vol_m12_n6_pairwise1,2018-07-31,101,0.44464785952655195,0.4028471607812386,0.03080408759044956,,0.5971460637242314,0.16550223520596008,-2.087582715002743,0.014409061372655046,-0.0027060546893941002,-0.0001741091057662271,,,,-0.01799066991483188
FAC_rank_vol_m12_n6_pairwise1,2018-08-31,108,0.24047319410351953,0.187306317690766,0.36323811356263086,,0.1219319937000059,0.146114286625751,-0.7913887053988374,-0.01334275075007674,-0.014266582196609881,8.933236622721844e-05,,,,0.03811126027121355
FAC_rank_vol_m12_n6_pairwise1,2018-09-28,108,0.1694296189225052,0.11128969224708063,0.5859261573609134,,-1.122536074618421,0.18896810942041495,-0.996943728510744,-0.01853215810175624,-0.01740654313277826,3.278086524420469e-05,,,,-0.024326068692675812
FAC_rank_vol_m12_n6_pairwise1,2018-10-31,107,0.09722760217404536,0.03339521040857385,0.42362209273322604,,-0.196379822993346,-0.24495871108233536,0.40696434060204373,0.016998380348774825,-0.017395089829591467,-0.0002410921881226762,,,,0.10438539023425022
FAC_rank_vol_m12_n6_pairwise1,2018-11-30,108,0.05842707212022358,-0.00748303283136087,0.42819877774048015,,0.11889002572467641,-0.16410873004841248,0.7640854341882204,0.015502632272358935,-0.01639380165403588,-0.00015566737357343292,,,,-0.028025348498719023
FAC_rank_vol_m12_n6_pairwise1,2018-12-28,108,0.11740911829150713,0.05562775657191266,0.6064425177593089,,-0.38518872443523405,-0.19319495582938492,2.0220107015591577,0.010632600801908722,-0.0196271289260047,-0.0001537058234520559,,,,-0.12930591689245663
FAC_rank_vol_m12_n6_pairwise1,2019-01-31,103,0.22614095893309483,0.16911976643342808,0.6762595316163804,,0.6102028894183699,-0.07947780254019017,2.131919844607433,0.024819358282336734,-0.02931545654927233,-0.0003039167932980594,,,,0.06391482872323044
FAC_rank_vol_m12_n6_pairwise1,2019-02-28,107,0.22605588762955686,0.1713325665528589,0.8417508456068784,,-0.3379268645117074,-0.04436926433057926,2.086435564158239,0.04069592280637984,-0.033260753331314785,-0.0002720248157433556,,,,-0.10954865251520482
FAC_rank_vol_m12_n6_pairwise1,2019-03-29,106,0.21172786524902198,0.1554227127668093,0.6088573410964291,,0.39347031160161544,-0.12880132435479583,-0.27735469754699477,0.0261403198253867,-0.023077380256419994,6.503874587328063e-05,,,,-0.1627064717399346
FAC_rank_vol_m12_n6_pairwise1,2019-04-30,105,0.2350289286202648,0.1798248306856447,0.6973710427933731,,-0.08630115876781433,-0.0673469866873717,1.1640039584321853,0.03195328866412638,-0.02953327410926189,-3.410812799187385e-05,,,,-0.12669025882639026
FAC_rank_vol_m12_n6_pairwise1,2019-05-31,107,0.2150841981952123,0.15958510109790414,0.6763918064013817,,-0.12616333001706895,-0.14606536808809187,1.5519574603390143,0.016538907143653806,-0.032145251033109445,2.0142184658118574e-05,,,,0.012283697247961266
FAC_rank_vol_m12_n6_pairwise1,2019-06-28,109,0.27706260414477235,0.22695803215480603,0.5188396822686298,,0.228750785734717,-0.1184612776743312,2.1211078073335052,-0.012574820041340536,-0.030887447084845115,0.000264499464569234,,,,0.1704405688130817
FAC_rank_vol_m12_n6_pairwise1,2019-07-31,108,0.4294463744751267,0.3895076206883856,0.19207538136483457,,1.843814709265976,0.38842343109084887,3.8106684571582212,-0.026585664876633747,-0.021890680619250567,0.0005517612631350114,,,,0.16673617188617101
FAC_rank_vol_m12_n6_pairwise1,2019-08-30,109,0.40781698236468067,0.36677459500381693,0.2137958390293045,,1.110311612331573,-0.10417993014494718,3.1680280465129993,-0.01589803317400806,-0.019081051601392906,0.00048671659728813615,,,,0.15691822019568316
FAC_rank_vol_m12_n6_pairwise1,2019-09-30,110,0.32358550987128054,0.27716490760754486,0.044380618743390055,,0.22839618765078432,0.38568164598052723,1.4155501667740649,-0.009357717777138935,-0.009045456719852426,0.00043475737920064807,,,,0.08646876875580194
FAC_rank_vol_m12_n6_pairwise1,2019-10-31,112,0.3160881599064953,0.2700556322078941,0.25038852224261393,,0.15501600500826546,0.24606803792608536,1.8152319434868331,0.01095816614089718,-0.01864936720143577,0.00034009298225707994,,,,0.09602562680303325
FAC_rank_vol_m12_n6_pairwise1,2019-11-29,116,0.27306772233321697,0.22595174137333285,0.2280620164259608,,0.37582789000485967,0.40886894767733223,1.5403522781620782,0.03601761354529088,-0.014521564189413716,7.019829983868656e-05,,,,0.049540861387952766
FAC_rank_vol_m12_n6_pairwise1,2019-12-31,119,0.28622503355852214,0.24121219783698755,0.44089607620343757,,-0.8139963778274898,0.49844445427205525,2.3046371022648136,0.04039748710660575,-0.01781583760934041,-6.737257251109724e-05,,,,-0.09691905568783242
FAC_rank_vol_m12_n6_pairwise1,2020-01-23,120,0.168154448072535,0.11616410107706854,0.45183848612709365,,0.6147940812786798,0.459257123727686,-2.601701110024448,0.010049561632195727,-0.000261695137256261,-0.00025652446441491044,,,,-0.13736514002377756
FAC_rank_vol_m12_n6_pairwise1,2020-02-28,121,0.12314978060585424,0.06883162542214616,0.6443808275086536,,-0.5757349983861756,0.3256678918407098,-3.078929015546627,-0.023272272145859432,0.0021137098319402407,6.735744576770159e-05,,,,-0.2720970871577862
FAC_rank_vol_m12_n6_pairwise1,2020-03-31,124,0.18174247790190534,0.13236486880977893,1.198791255131255,,0.0071894945512920895,0.05479103995060926,-2.78674642388643,-0.04991049459562546,-0.007131622992365221,-0.00033634081836509777,,,,-0.5883110952227821
FAC_rank_vol_m12_n6_pairwise1,2020-04-30,126,0.32217265884796664,0.2819625623389478,1.0904612749478344,,1.841574777410626,-0.1258014454933903,-3.351638608180066,-0.04366199232097716,-0.015397736323290896,7.987151930865788e-05,,,,-0.4820455523137734
FAC_rank_vol_m12_n6_pairwise1,2020-05-29,126,0.10901519813966831,0.05616016752083508,0.5794134677732894,,0.47103448796938086,0.12523355472095493,0.9316507778169969,-0.045666396753160574,-0.010153657384300232,9.57633485466015e-05,,,,-0.11881685001974983
FAC_rank_vol_m12_n6_pairwise1,2020-06-30,128,0.178220602251831,0.13028347071652113,0.669314515519305,,-0.5603045660599731,-0.02343954177882052,2.230717384963947,-0.033716212585959804,0.0015745902768172229,1.873481377549155e-05,,,,-0.4898145242976755
FAC_rank_vol_m12_n6_pairwise1,2020-07-31,130,0.218338437473661,0.17348900355821528,0.06769994690786638,,0.9902303827866261,-0.10166933926512858,0.9277352221956779,0.03710416332810425,0.009916559954792438,-0.00042958697290834853,,,,-0.2778269887140484
FAC_rank_vol_m12_n6_pairwise1,2020-08-31,137,0.13233725445406164,0.08525477988955332,-0.0920372560273741,,0.21617927909522977,-0.08252248809511252,2.471598702251909,0.00876436455018733,0.010222603971310572,-0.00020712240591246465,,,,-0.12748499596990126
FAC_rank_vol_m12_n6_pairwise1,2020-09-30,142,0.19151984929889898,0.1492858115757072,0.1102636435575573,,1.1872872059212523,0.010172722627832755,0.7483844844454008,0.015939341391093244,0.007006741214656412,-0.00023903774015211329,,,,-0.13701565783879727
FAC_rank_vol_m12_n6_pairwise1,2020-10-30,142,0.25160295487154516,0.21250758684244675,-0.19427089678570203,,1.4305763823348852,-0.015056744259665364,2.0854230288704723,0.008226618392214348,0.00493811466608914,-0.00018900532798048076,,,,0.1025808934921856
FAC_rank_vol_m12_n6_pairwise1,2020-11-30,146,0.2719891829360288,0.23506109801249409,-0.2752599777488868,,-0.5949983292642659,0.19477704559215894,1.908596913653867,0.009762835095712675,0.008092826616755932,-7.361374752939822e-05,,,,0.07645714055500581
FAC_rank_vol_m12_n6_pairwise1,2020-12-31,153,0.15735252880766826,0.11667299571562473,-0.042237224817919465,,0.22247205915305582,0.011514608747611534,1.5864950387353116,-0.005624507869387086,-0.007521639549607331,-0.00011092556076736908,,,,0.21742099783488386
FAC_rank_vol_m12_n6_pairwise1,2021-01-29,153,0.1835576559742238,0.14414319798677255,0.21502929577261115,,-0.35595039215829083,-0.19391970274197304,2.7207669162434294,-0.010604602881243413,-0.011286439475743086,0.00013944086286616318,,,,-0.04238603224972051
FAC_rank_vol_m12_n6_pairwise1,2021-02-26,160,0.2519067326750769,0.21745506904827128,0.4266778761821132,,-0.8775511926760838,-0.2836497637397433,2.041478728814696,-0.028585629016329845,-0.01925404853615968,0.0003216237629718411,,,,0.0036451985740951396
FAC_rank_vol_m12_n6_pairwise1,2021-03-31,160,0.2529244951374877,0.2185197021503984,0.37876309770475025,,-0.9541650735029245,-0.21287067390143904,2.8166471904043933,-0.021621731395553116,-0.023904703068385807,0.0002432787770618962,,,,0.08890088029714571
FAC_rank_vol_m12_n6_pairwise1,2021-04-30,163,0.10780413574004366,0.06751141928959403,0.19354715911599515,,-0.06164638983177557,-0.30668808285440363,1.259519152941732,-0.008463190043721395,-0.013136649905195788,0.00021064608742085567,,,,0.19398541785465143
FAC_rank_vol_m12_n6_pairwise1,2021-05-31,167,0.21394132850217407,0.17933497189535152,0.07273453143003579,,1.8382837636098142,-0.12389589828917526,1.2510163250849837,0.02244096947683248,-0.013766103155560195,-0.00011155315805491263,,,,0.2008792752622125
FAC_rank_vol_m12_n6_pairwise1,2021-06-30,171,0.1269124104257343,0.08941785136426283,0.2938124904539371,,0.7579616165516826,-0.01923737277037146,-1.8909308032090852,0.02180261910898618,-0.01141353947703403,7.867726714379074e-05,,,,0.04505271336749016
FAC_rank_vol_m12_n6_pairwise1,2021-07-30,175,0.18607897941450957,0.15196252944984823,0.3998233483144149,,-0.04183503384164008,-0.24596232010610378,-2.668812159358298,-0.0021584047034827647,-0.01139560647543642,6.999498308635945e-05,,,,-0.07374723509314121
FAC_rank_vol_m12_n6_pairwise1,2021-08-31,185,0.2681014721033065,0.23915633258196833,0.1524632155921576,,0.21555281357351389,-0.1562385583349013,-1.6677307751988872,0.0002238387802316261,0.0013784791417026582,-6.166849568134488e-05,,,,-0.18909510529141166
FAC_rank_vol_m12_n6_pairwise1,2021-09-30,188,0.3318729754662202,0.3058902578454621,0.14128665811380237,,0.565200032474718,0.07347490895969683,-2.473304591418289,-0.0009771758931557653,-0.0035428938616229168,3.390451659492897e-05,,,,-0.10176967802826045
FAC_rank_vol_m12_n6_pairwise1,2021-10-29,191,0.340198931255816,0.3149606390087708,-0.021456635147473795,,-0.7078148262306214,-0.017721979881187663,-2.4388708601448186,0.004220426994108699,0.002033212755798635,2.332761229247168e-05,,,,-0.1165171547606475
FAC_rank_vol_m12_n6_pairwise1,2021-11-30,199,0.37691170371567817,0.35407600699321606,0.12466035495519961,,-0.8743213121985294,-0.06197871123077281,-2.254125436475756,-0.010866710312950504,-0.0016319992073458895,3.4181505170657086e-05,,,,-0.15560491995983197
FAC_rank_vol_m12_n6_pairwise1,2021-12-31,195,0.0986967307958555,0.06495810574543304,-0.056210105510755254,,0.18020389688015337,-0.10149528191348528,-0.7513664382577103,-0.00018303255042472684,0.0027009156685598697,-6.37744518393165e-05,,,,-0.06434857336651759
FAC_rank_vol_m12_n6_pairwise1,2022-01-28,202,0.08225710000552733,0.04914266546964419,-0.11551867656363007,,-0.36902104091603694,0.10495743140740169,0.07712085014013932,0.00685375475886902,-0.0012951206893772884,-2.6322532705736103e-05,,,,0.06779192132628915
FAC_rank_vol_m12_n6_pairwise1,2022-02-28,215,0.02952410260973093,-0.0032939229058819297,-0.016587077111049398,,0.051055902804500224,-0.0004328707182867207,-0.591139773599345,-0.00023721343293553872,0.001044086968251781,-2.654801720338514e-05,,,,-0.06258130161413675
FAC_rank_vol_m12_n6_pairwise1,2022-03-31,209,0.17858057149155693,0.1499739247275813,0.04531845507882285,,-0.7150945553397486,0.004282375402202538,-0.6578072376733347,0.007175070425564321,-0.0033373384835234175,0.00012129986657061276,,,,-0.08913134392749948
FAC_rank_vol_m12_n6_pairwise1,2022-04-29,214,0.421877471888908,0.4022325316132883,-0.2895592535794993,,-1.131671963296297,0.2113559012839608,1.113276408106531,0.0021582576265278906,-0.004899282521420788,0.00021915605106059328,,,,0.3064431795169739
FAC_rank_vol_m12_n6_pairwise1,2022-05-31,230,0.03125519971173152,0.0007091924954346629,0.07293467277062345,,0.1454004255300067,-0.02972877376248411,0.04327438648462874,-0.015984011863746,-0.00363740481897061,0.00010864715423320263,,,,-0.06842088050585328
FAC_rank_vol_m12_n6_pairwise1,2022-06-30,238,0.044942585873243956,0.015875621095473025,-0.023656540321026875,,-0.36990071927761875,-0.07499562233345936,-0.3135703619096397,-0.003931161998296769,-0.0004829054696835395,1.2406873360834818e-05,,,,-0.06866433326082483
