ret_col,date,sort_col,economic_group,group_label,sort_mean,portfolio_ret,n_funds
future_ret_6m,2007-09-28 00:00:00,FAC_rank_vol_m3_n6_pairwise1,1,Low,0.733622656148686,,2
future_ret_6m,2007-09-28 00:00:00,FAC_rank_vol_m3_n6_pairwise1,2,Q2,0.8611340698498231,,1
future_ret_6m,2007-09-28 00:00:00,FAC_rank_vol_m3_n6_pairwise1,3,Q3,0.8950272237837045,,1
future_ret_6m,2007-09-28 00:00:00,FAC_rank_vol_m3_n6_pairwise1,4,Q4,0.9090909090909091,,1
future_ret_6m,2007-09-28 00:00:00,FAC_rank_vol_m3_n6_pairwise1,5,High,0.9475136118918522,,1
future_ret_6m,2007-12-28 00:00:00,FAC_rank_vol_m3_n6_pairwise1,1,Low,0.8542871577565585,,2
future_ret_6m,2007-12-28 00:00:00,FAC_rank_vol_m3_n6_pairwise1,2,Q2,0.8753257701445016,,1
future_ret_6m,2007-12-28 00:00:00,FAC_rank_vol_m3_n6_pairwise1,3,Q3,0.8880112660936802,,1
future_ret_6m,2007-12-28 00:00:00,FAC_rank_vol_m3_n6_pairwise1,4,Q4,0.9080992089628585,,1
future_ret_6m,2007-12-28 00:00:00,FAC_rank_vol_m3_n6_pairwise1,5,High,0.9258146650571741,,2
future_ret_6m,2008-03-31 00:00:00,FAC_rank_vol_m3_n6_pairwise1,1,Low,0.6794340779299078,,2
future_ret_6m,2008-03-31 00:00:00,FAC_rank_vol_m3_n6_pairwise1,2,Q2,0.7249579156780763,,1
future_ret_6m,2008-03-31 00:00:00,FAC_rank_vol_m3_n6_pairwise1,3,Q3,0.7594373878376559,,2
future_ret_6m,2008-03-31 00:00:00,FAC_rank_vol_m3_n6_pairwise1,4,Q4,0.8144078545723326,,1
future_ret_6m,2008-03-31 00:00:00,FAC_rank_vol_m3_n6_pairwise1,5,High,0.9184218645746101,,2
future_ret_6m,2008-06-30 00:00:00,FAC_rank_vol_m3_n6_pairwise1,1,Low,0.7288741416793973,,2
future_ret_6m,2008-06-30 00:00:00,FAC_rank_vol_m3_n6_pairwise1,2,Q2,0.8226510016297008,,2
future_ret_6m,2008-06-30 00:00:00,FAC_rank_vol_m3_n6_pairwise1,3,Q3,0.8549220586596704,,2
future_ret_6m,2008-06-30 00:00:00,FAC_rank_vol_m3_n6_pairwise1,4,Q4,0.8786441977545443,,2
future_ret_6m,2008-06-30 00:00:00,FAC_rank_vol_m3_n6_pairwise1,5,High,0.9319293193012292,,2
future_ret_6m,2008-09-26 00:00:00,FAC_rank_vol_m3_n6_pairwise1,1,Low,0.8254870347276461,,3
future_ret_6m,2008-09-26 00:00:00,FAC_rank_vol_m3_n6_pairwise1,2,Q2,0.8855178646920177,,2
future_ret_6m,2008-09-26 00:00:00,FAC_rank_vol_m3_n6_pairwise1,3,Q3,0.9078601397216297,,3
future_ret_6m,2008-09-26 00:00:00,FAC_rank_vol_m3_n6_pairwise1,4,Q4,0.9300689278032714,,2
future_ret_6m,2008-09-26 00:00:00,FAC_rank_vol_m3_n6_pairwise1,5,High,0.9643787474972441,,3
future_ret_6m,2008-12-31 00:00:00,FAC_rank_vol_m3_n6_pairwise1,1,Low,0.8744935942309922,,4
future_ret_6m,2008-12-31 00:00:00,FAC_rank_vol_m3_n6_pairwise1,2,Q2,0.9008598065019573,,3
future_ret_6m,2008-12-31 00:00:00,FAC_rank_vol_m3_n6_pairwise1,3,Q3,0.9377583657517995,,4
future_ret_6m,2008-12-31 00:00:00,FAC_rank_vol_m3_n6_pairwise1,4,Q4,0.9590626965019741,,3
future_ret_6m,2008-12-31 00:00:00,FAC_rank_vol_m3_n6_pairwise1,5,High,0.9789675444936683,,4
future_ret_6m,2009-03-31 00:00:00,FAC_rank_vol_m3_n6_pairwise1,1,Low,0.74298133263452,,4
future_ret_6m,2009-03-31 00:00:00,FAC_rank_vol_m3_n6_pairwise1,2,Q2,0.7995925645972135,,3
future_ret_6m,2009-03-31 00:00:00,FAC_rank_vol_m3_n6_pairwise1,3,Q3,0.9204965867162039,,3
future_ret_6m,2009-03-31 00:00:00,FAC_rank_vol_m3_n6_pairwise1,4,Q4,0.9448625789740777,,3
future_ret_6m,2009-03-31 00:00:00,FAC_rank_vol_m3_n6_pairwise1,5,High,0.9785584857435167,,4
future_ret_6m,2009-06-30 00:00:00,FAC_rank_vol_m3_n6_pairwise1,1,Low,0.817654273526905,0.10129514746858832,5
future_ret_6m,2009-06-30 00:00:00,FAC_rank_vol_m3_n6_pairwise1,2,Q2,0.9077016367937942,,4
future_ret_6m,2009-06-30 00:00:00,FAC_rank_vol_m3_n6_pairwise1,3,Q3,0.9472368165399296,,4
future_ret_6m,2009-06-30 00:00:00,FAC_rank_vol_m3_n6_pairwise1,4,Q4,0.9703163271455373,,4
future_ret_6m,2009-06-30 00:00:00,FAC_rank_vol_m3_n6_pairwise1,5,High,0.993477716664812,0.10636070937650857,5
future_ret_6m,2009-09-30 00:00:00,FAC_rank_vol_m3_n6_pairwise1,1,Low,0.7622001342053194,0.1486259705055148,5
future_ret_6m,2009-09-30 00:00:00,FAC_rank_vol_m3_n6_pairwise1,2,Q2,0.8763543398083368,0.12158226327762019,5
future_ret_6m,2009-09-30 00:00:00,FAC_rank_vol_m3_n6_pairwise1,3,Q3,0.9015925313019382,,4
future_ret_6m,2009-09-30 00:00:00,FAC_rank_vol_m3_n6_pairwise1,4,Q4,0.9359752330936659,0.09107633851873653,5
future_ret_6m,2009-09-30 00:00:00,FAC_rank_vol_m3_n6_pairwise1,5,High,0.9735021744468458,0.13472671612917747,5
future_ret_6m,2009-12-31 00:00:00,FAC_rank_vol_m3_n6_pairwise1,1,Low,0.7559343259543585,-0.14982655298283218,6
future_ret_6m,2009-12-31 00:00:00,FAC_rank_vol_m3_n6_pairwise1,2,Q2,0.8688445375664191,-0.21005814027107736,6
future_ret_6m,2009-12-31 00:00:00,FAC_rank_vol_m3_n6_pairwise1,3,Q3,0.9313029946704261,-0.1538257236370081,6
future_ret_6m,2009-12-31 00:00:00,FAC_rank_vol_m3_n6_pairwise1,4,Q4,0.9689871949683649,-0.21079176206559813,6
future_ret_6m,2009-12-31 00:00:00,FAC_rank_vol_m3_n6_pairwise1,5,High,0.9922709592235391,-0.1893796957286976,6
future_ret_6m,2010-03-31 00:00:00,FAC_rank_vol_m3_n6_pairwise1,1,Low,0.7049935302139941,-0.010934080538302082,6
future_ret_6m,2010-03-31 00:00:00,FAC_rank_vol_m3_n6_pairwise1,2,Q2,0.8443796505307045,-0.027762551095303584,6
future_ret_6m,2010-03-31 00:00:00,FAC_rank_vol_m3_n6_pairwise1,3,Q3,0.8776286535313549,-0.03269177366855924,6
future_ret_6m,2010-03-31 00:00:00,FAC_rank_vol_m3_n6_pairwise1,4,Q4,0.9380430121241523,-0.041039346954275004,6
future_ret_6m,2010-03-31 00:00:00,FAC_rank_vol_m3_n6_pairwise1,5,High,0.9667608285528141,-0.024355003738014764,6
future_ret_6m,2010-06-30 00:00:00,FAC_rank_vol_m3_n6_pairwise1,1,Low,0.8340144422669816,0.20095400527540377,6
future_ret_6m,2010-06-30 00:00:00,FAC_rank_vol_m3_n6_pairwise1,2,Q2,0.9190553866509589,0.27663908725189806,6
future_ret_6m,2010-06-30 00:00:00,FAC_rank_vol_m3_n6_pairwise1,3,Q3,0.951950266456097,0.20475720579208026,5
future_ret_6m,2010-06-30 00:00:00,FAC_rank_vol_m3_n6_pairwise1,4,Q4,0.9686953302663065,0.2368308469307107,6
future_ret_6m,2010-06-30 00:00:00,FAC_rank_vol_m3_n6_pairwise1,5,High,0.9883423710423068,0.21947967748428554,6
future_ret_6m,2010-09-30 00:00:00,FAC_rank_vol_m3_n6_pairwise1,1,Low,0.8088560966900206,0.02456324564344528,6
future_ret_6m,2010-09-30 00:00:00,FAC_rank_vol_m3_n6_pairwise1,2,Q2,0.8697839536039425,0.04680314205586104,6
future_ret_6m,2010-09-30 00:00:00,FAC_rank_vol_m3_n6_pairwise1,3,Q3,0.9037667929164006,0.07433996975467744,6
future_ret_6m,2010-09-30 00:00:00,FAC_rank_vol_m3_n6_pairwise1,4,Q4,0.9315673071773318,0.020503790196089538,6
future_ret_6m,2010-09-30 00:00:00,FAC_rank_vol_m3_n6_pairwise1,5,High,0.9794840015890226,0.08755043223674326,6
future_ret_6m,2010-12-31 00:00:00,FAC_rank_vol_m3_n6_pairwise1,1,Low,0.8596687492048268,-0.054514307877766746,7
future_ret_6m,2010-12-31 00:00:00,FAC_rank_vol_m3_n6_pairwise1,2,Q2,0.9299323800800301,-0.09039667757975763,6
future_ret_6m,2010-12-31 00:00:00,FAC_rank_vol_m3_n6_pairwise1,3,Q3,0.9470279754450176,-0.07599084030131369,6
future_ret_6m,2010-12-31 00:00:00,FAC_rank_vol_m3_n6_pairwise1,4,Q4,0.9658449239951222,-0.043859108524620265,6
future_ret_6m,2010-12-31 00:00:00,FAC_rank_vol_m3_n6_pairwise1,5,High,0.9840261442069201,-0.03502734454725586,6
future_ret_6m,2011-03-31 00:00:00,FAC_rank_vol_m3_n6_pairwise1,1,Low,0.7153773851048707,-0.15559581832392616,7
future_ret_6m,2011-03-31 00:00:00,FAC_rank_vol_m3_n6_pairwise1,2,Q2,0.8199664725672159,-0.15099827845742403,6
future_ret_6m,2011-03-31 00:00:00,FAC_rank_vol_m3_n6_pairwise1,3,Q3,0.892691390735456,-0.1562927160717508,6
future_ret_6m,2011-03-31 00:00:00,FAC_rank_vol_m3_n6_pairwise1,4,Q4,0.9343655603097805,-0.16666918431689048,6
future_ret_6m,2011-03-31 00:00:00,FAC_rank_vol_m3_n6_pairwise1,5,High,0.982778068688771,-0.1558345522416705,7
future_ret_6m,2011-06-30 00:00:00,FAC_rank_vol_m3_n6_pairwise1,1,Low,0.6901090639359829,-0.21517569587421376,7
future_ret_6m,2011-06-30 00:00:00,FAC_rank_vol_m3_n6_pairwise1,2,Q2,0.8792384079325862,-0.15739222341697806,7
future_ret_6m,2011-06-30 00:00:00,FAC_rank_vol_m3_n6_pairwise1,3,Q3,0.9034608380491828,-0.1828889687728485,7
future_ret_6m,2011-06-30 00:00:00,FAC_rank_vol_m3_n6_pairwise1,4,Q4,0.9408193075993024,-0.17904661878924202,7
future_ret_6m,2011-06-30 00:00:00,FAC_rank_vol_m3_n6_pairwise1,5,High,0.9866562098717316,-0.14125684329423244,7
future_ret_6m,2011-09-30 00:00:00,FAC_rank_vol_m3_n6_pairwise1,1,Low,0.7444886333605325,-0.08027844890010731,8
future_ret_6m,2011-09-30 00:00:00,FAC_rank_vol_m3_n6_pairwise1,2,Q2,0.8503861246393305,-0.05676619359722722,8
future_ret_6m,2011-09-30 00:00:00,FAC_rank_vol_m3_n6_pairwise1,3,Q3,0.9018015924318673,-0.07336108651212613,7
future_ret_6m,2011-09-30 00:00:00,FAC_rank_vol_m3_n6_pairwise1,4,Q4,0.9409313215634051,-0.06766597568299755,8
future_ret_6m,2011-09-30 00:00:00,FAC_rank_vol_m3_n6_pairwise1,5,High,0.9814343511555355,-0.0657023593408322,8
future_ret_6m,2011-12-30 00:00:00,FAC_rank_vol_m3_n6_pairwise1,1,Low,0.7610343122803112,0.052826263410437516,8
future_ret_6m,2011-12-30 00:00:00,FAC_rank_vol_m3_n6_pairwise1,2,Q2,0.8713000047690318,0.023065601469639957,8
future_ret_6m,2011-12-30 00:00:00,FAC_rank_vol_m3_n6_pairwise1,3,Q3,0.9178332756437562,0.054035407397298285,8
future_ret_6m,2011-12-30 00:00:00,FAC_rank_vol_m3_n6_pairwise1,4,Q4,0.9485125817986968,0.05908205948690662,8
future_ret_6m,2011-12-30 00:00:00,FAC_rank_vol_m3_n6_pairwise1,5,High,0.9796648930736572,0.03628953039991055,8
future_ret_6m,2012-03-30 00:00:00,FAC_rank_vol_m3_n6_pairwise1,1,Low,0.8362461280360263,0.022542590456835574,9
future_ret_6m,2012-03-30 00:00:00,FAC_rank_vol_m3_n6_pairwise1,2,Q2,0.901314012025405,-0.003155041760491667,8
future_ret_6m,2012-03-30 00:00:00,FAC_rank_vol_m3_n6_pairwise1,3,Q3,0.9322416049263831,-0.003862765606881008,8
future_ret_6m,2012-03-30 00:00:00,FAC_rank_vol_m3_n6_pairwise1,4,Q4,0.9599512217228316,-0.006445587529418432,8
future_ret_6m,2012-03-30 00:00:00,FAC_rank_vol_m3_n6_pairwise1,5,High,0.9871759820787658,0.03463902398034485,8
future_ret_6m,2012-06-29 00:00:00,FAC_rank_vol_m3_n6_pairwise1,1,Low,0.7065349637695895,0.0007393748593978147,9
future_ret_6m,2012-06-29 00:00:00,FAC_rank_vol_m3_n6_pairwise1,2,Q2,0.8081341910794541,0.024446528499174662,9
future_ret_6m,2012-06-29 00:00:00,FAC_rank_vol_m3_n6_pairwise1,3,Q3,0.8618809614432568,-0.010864801846452578,9
future_ret_6m,2012-06-29 00:00:00,FAC_rank_vol_m3_n6_pairwise1,4,Q4,0.892652685178229,-0.01608708680351539,9
future_ret_6m,2012-06-29 00:00:00,FAC_rank_vol_m3_n6_pairwise1,5,High,0.950375195591953,-0.022006636487998683,9
future_ret_6m,2012-09-28 00:00:00,FAC_rank_vol_m3_n6_pairwise1,1,Low,0.849706582877758,0.09812101181435479,11
future_ret_6m,2012-09-28 00:00:00,FAC_rank_vol_m3_n6_pairwise1,2,Q2,0.9168584970320692,0.089127831525789,10
future_ret_6m,2012-09-28 00:00:00,FAC_rank_vol_m3_n6_pairwise1,3,Q3,0.9403416632402388,0.11730074803395289,10
future_ret_6m,2012-09-28 00:00:00,FAC_rank_vol_m3_n6_pairwise1,4,Q4,0.965180181213795,0.0918904047824276,10
future_ret_6m,2012-09-28 00:00:00,FAC_rank_vol_m3_n6_pairwise1,5,High,0.9877910640717819,0.07590917893441045,11
future_ret_6m,2012-12-31 00:00:00,FAC_rank_vol_m3_n6_pairwise1,1,Low,0.667414908339231,0.006530243648585482,12
future_ret_6m,2012-12-31 00:00:00,FAC_rank_vol_m3_n6_pairwise1,2,Q2,0.8149895408616242,0.005632972433631922,12
future_ret_6m,2012-12-31 00:00:00,FAC_rank_vol_m3_n6_pairwise1,3,Q3,0.8898914269394171,0.047297894322279224,11
future_ret_6m,2012-12-31 00:00:00,FAC_rank_vol_m3_n6_pairwise1,4,Q4,0.9403903984781884,0.04963306384733023,12
future_ret_6m,2012-12-31 00:00:00,FAC_rank_vol_m3_n6_pairwise1,5,High,0.9783539461239995,0.023752344772394286,12
future_ret_6m,2013-03-29 00:00:00,FAC_rank_vol_m3_n6_pairwise1,1,Low,0.727085965224757,0.17713910072006944,13
future_ret_6m,2013-03-29 00:00:00,FAC_rank_vol_m3_n6_pairwise1,2,Q2,0.8096438402813603,0.08454883332963896,12
future_ret_6m,2013-03-29 00:00:00,FAC_rank_vol_m3_n6_pairwise1,3,Q3,0.8655474636878259,0.1603238957440112,12
future_ret_6m,2013-03-29 00:00:00,FAC_rank_vol_m3_n6_pairwise1,4,Q4,0.9071397687279679,0.11627420765011161,12
future_ret_6m,2013-03-29 00:00:00,FAC_rank_vol_m3_n6_pairwise1,5,High,0.9623070131672323,0.08756969249405167,13
future_ret_6m,2013-06-28 00:00:00,FAC_rank_vol_m3_n6_pairwise1,1,Low,0.719669448936791,0.10610498219646293,13
future_ret_6m,2013-06-28 00:00:00,FAC_rank_vol_m3_n6_pairwise1,2,Q2,0.8134471271481383,0.08730179573672546,12
future_ret_6m,2013-06-28 00:00:00,FAC_rank_vol_m3_n6_pairwise1,3,Q3,0.8763685826609193,0.08088532805574453,13
future_ret_6m,2013-06-28 00:00:00,FAC_rank_vol_m3_n6_pairwise1,4,Q4,0.923089259175947,0.08651125524971277,12
future_ret_6m,2013-06-28 00:00:00,FAC_rank_vol_m3_n6_pairwise1,5,High,0.9667554727941029,0.08778929455792951,13
future_ret_6m,2013-09-30 00:00:00,FAC_rank_vol_m3_n6_pairwise1,1,Low,0.8763733159809833,-0.08463260297284318,14
future_ret_6m,2013-09-30 00:00:00,FAC_rank_vol_m3_n6_pairwise1,2,Q2,0.9362132328127568,-0.03420651638020144,13
future_ret_6m,2013-09-30 00:00:00,FAC_rank_vol_m3_n6_pairwise1,3,Q3,0.9532627046065526,-0.05809431088513122,13
future_ret_6m,2013-09-30 00:00:00,FAC_rank_vol_m3_n6_pairwise1,4,Q4,0.9684215219507478,-0.08114790948571615,13
future_ret_6m,2013-09-30 00:00:00,FAC_rank_vol_m3_n6_pairwise1,5,High,0.9888838803509952,-0.10015841615114122,14
future_ret_6m,2013-12-31 00:00:00,FAC_rank_vol_m3_n6_pairwise1,1,Low,0.8026135419511587,-0.03814693851658589,15
future_ret_6m,2013-12-31 00:00:00,FAC_rank_vol_m3_n6_pairwise1,2,Q2,0.881378609456582,-0.019790802936110425,14
future_ret_6m,2013-12-31 00:00:00,FAC_rank_vol_m3_n6_pairwise1,3,Q3,0.9163179595529348,-0.03067939427919911,14
future_ret_6m,2013-12-31 00:00:00,FAC_rank_vol_m3_n6_pairwise1,4,Q4,0.9519596043094098,-0.05761573167947996,14
future_ret_6m,2013-12-31 00:00:00,FAC_rank_vol_m3_n6_pairwise1,5,High,0.9813510888353799,-0.03260688433188197,14
future_ret_6m,2014-03-31 00:00:00,FAC_rank_vol_m3_n6_pairwise1,1,Low,0.7735430190211499,0.14005865342434756,13
future_ret_6m,2014-03-31 00:00:00,FAC_rank_vol_m3_n6_pairwise1,2,Q2,0.8537522986287267,0.1581538650371081,13
future_ret_6m,2014-03-31 00:00:00,FAC_rank_vol_m3_n6_pairwise1,3,Q3,0.8942726214967261,0.1530300246604644,12
future_ret_6m,2014-03-31 00:00:00,FAC_rank_vol_m3_n6_pairwise1,4,Q4,0.9342234296284133,0.13127955210799988,13
future_ret_6m,2014-03-31 00:00:00,FAC_rank_vol_m3_n6_pairwise1,5,High,0.9678958898995421,0.13890169310013806,13
future_ret_6m,2014-06-30 00:00:00,FAC_rank_vol_m3_n6_pairwise1,1,Low,0.8646576786591189,0.22405610079664096,13
future_ret_6m,2014-06-30 00:00:00,FAC_rank_vol_m3_n6_pairwise1,2,Q2,0.9247291281287614,0.27008503528779065,12
future_ret_6m,2014-06-30 00:00:00,FAC_rank_vol_m3_n6_pairwise1,3,Q3,0.9488231429092535,0.26046357276152937,13
future_ret_6m,2014-06-30 00:00:00,FAC_rank_vol_m3_n6_pairwise1,4,Q4,0.9679370159205637,0.25990057087470536,12
future_ret_6m,2014-06-30 00:00:00,FAC_rank_vol_m3_n6_pairwise1,5,High,0.9932213715481251,0.23928922319216978,13
future_ret_6m,2014-09-30 00:00:00,FAC_rank_vol_m3_n6_pairwise1,1,Low,0.7728727344744123,0.40533578847305896,13
future_ret_6m,2014-09-30 00:00:00,FAC_rank_vol_m3_n6_pairwise1,2,Q2,0.8678662283077235,0.4521126604682917,12
future_ret_6m,2014-09-30 00:00:00,FAC_rank_vol_m3_n6_pairwise1,3,Q3,0.906641516330438,0.44350728673562884,12
future_ret_6m,2014-09-30 00:00:00,FAC_rank_vol_m3_n6_pairwise1,4,Q4,0.9286075744306448,0.4253497577639193,12
future_ret_6m,2014-09-30 00:00:00,FAC_rank_vol_m3_n6_pairwise1,5,High,0.9683954318918306,0.46237620388525763,13
future_ret_6m,2014-12-31 00:00:00,FAC_rank_vol_m3_n6_pairwise1,1,Low,0.664454052612323,0.4244658396646288,12
future_ret_6m,2014-12-31 00:00:00,FAC_rank_vol_m3_n6_pairwise1,2,Q2,0.7938236941022485,0.6309145559769372,11
future_ret_6m,2014-12-31 00:00:00,FAC_rank_vol_m3_n6_pairwise1,3,Q3,0.8600104002641595,0.6280553276811557,12
future_ret_6m,2014-12-31 00:00:00,FAC_rank_vol_m3_n6_pairwise1,4,Q4,0.8961901419624607,0.5371446856141566,11
future_ret_6m,2014-12-31 00:00:00,FAC_rank_vol_m3_n6_pairwise1,5,High,0.9602602033804248,0.5812482492435476,12
future_ret_6m,2015-03-31 00:00:00,FAC_rank_vol_m3_n6_pairwise1,1,Low,0.8086380542124761,-0.13341002848133257,12
future_ret_6m,2015-03-31 00:00:00,FAC_rank_vol_m3_n6_pairwise1,2,Q2,0.8877360667441309,-0.10363002125643543,12
future_ret_6m,2015-03-31 00:00:00,FAC_rank_vol_m3_n6_pairwise1,3,Q3,0.9305318603145133,-0.11943495454868476,11
future_ret_6m,2015-03-31 00:00:00,FAC_rank_vol_m3_n6_pairwise1,4,Q4,0.9585329386315218,-0.13705845667808678,12
future_ret_6m,2015-03-31 00:00:00,FAC_rank_vol_m3_n6_pairwise1,5,High,0.9765617237784027,-0.06526356229093051,12
future_ret_6m,2015-06-30 00:00:00,FAC_rank_vol_m3_n6_pairwise1,1,Low,0.6355157967596391,-0.08026694794411492,9
future_ret_6m,2015-06-30 00:00:00,FAC_rank_vol_m3_n6_pairwise1,2,Q2,0.7923881359361353,-0.010719983918695969,8
future_ret_6m,2015-06-30 00:00:00,FAC_rank_vol_m3_n6_pairwise1,3,Q3,0.8617650202740038,-0.0047920724644392575,9
future_ret_6m,2015-06-30 00:00:00,FAC_rank_vol_m3_n6_pairwise1,4,Q4,0.9010269216853852,0.01079244398132824,8
future_ret_6m,2015-06-30 00:00:00,FAC_rank_vol_m3_n6_pairwise1,5,High,0.964890847078582,-0.05934125282940275,9
future_ret_6m,2015-09-30 00:00:00,FAC_rank_vol_m3_n6_pairwise1,1,Low,0.6852500008299967,0.08654875038078368,9
future_ret_6m,2015-09-30 00:00:00,FAC_rank_vol_m3_n6_pairwise1,2,Q2,0.8239855353365221,0.083629146220718,8
future_ret_6m,2015-09-30 00:00:00,FAC_rank_vol_m3_n6_pairwise1,3,Q3,0.8904217737022344,0.060791414370853544,8
future_ret_6m,2015-09-30 00:00:00,FAC_rank_vol_m3_n6_pairwise1,4,Q4,0.9327015721096189,0.0701426649988307,8
future_ret_6m,2015-09-30 00:00:00,FAC_rank_vol_m3_n6_pairwise1,5,High,0.9689806625137651,0.0961676247817582,9
future_ret_6m,2015-12-31 00:00:00,FAC_rank_vol_m3_n6_pairwise1,1,Low,0.7367803061922311,-0.13524411056018457,10
future_ret_6m,2015-12-31 00:00:00,FAC_rank_vol_m3_n6_pairwise1,2,Q2,0.8227404486402792,-0.15801725549830012,9
future_ret_6m,2015-12-31 00:00:00,FAC_rank_vol_m3_n6_pairwise1,3,Q3,0.8721622431311137,-0.1352804185113344,9
future_ret_6m,2015-12-31 00:00:00,FAC_rank_vol_m3_n6_pairwise1,4,Q4,0.9191610705230934,-0.14300703625293576,9
future_ret_6m,2015-12-31 00:00:00,FAC_rank_vol_m3_n6_pairwise1,5,High,0.9620851679890049,-0.15320104345476132,9
future_ret_6m,2016-03-31 00:00:00,FAC_rank_vol_m3_n6_pairwise1,1,Low,0.7813390319183593,0.03321401107272881,10
future_ret_6m,2016-03-31 00:00:00,FAC_rank_vol_m3_n6_pairwise1,2,Q2,0.8614199111669404,0.053366507101842445,9
future_ret_6m,2016-03-31 00:00:00,FAC_rank_vol_m3_n6_pairwise1,3,Q3,0.9064954265745951,0.02481243566375222,10
future_ret_6m,2016-03-31 00:00:00,FAC_rank_vol_m3_n6_pairwise1,4,Q4,0.933815151543299,0.05796781062886561,9
future_ret_6m,2016-03-31 00:00:00,FAC_rank_vol_m3_n6_pairwise1,5,High,0.9620488378796498,0.04790164856120597,10
future_ret_6m,2016-06-30 00:00:00,FAC_rank_vol_m3_n6_pairwise1,1,Low,0.7934789084289854,-0.045848327906530234,11
future_ret_6m,2016-06-30 00:00:00,FAC_rank_vol_m3_n6_pairwise1,2,Q2,0.8701627465860771,-0.031196857024372714,10
future_ret_6m,2016-06-30 00:00:00,FAC_rank_vol_m3_n6_pairwise1,3,Q3,0.9021456949157101,-0.0346198618689595,10
future_ret_6m,2016-06-30 00:00:00,FAC_rank_vol_m3_n6_pairwise1,4,Q4,0.9457944847670076,-0.0320969549668472,10
future_ret_6m,2016-06-30 00:00:00,FAC_rank_vol_m3_n6_pairwise1,5,High,0.9786173938382702,-0.04337586186346621,11
future_ret_6m,2016-09-30 00:00:00,FAC_rank_vol_m3_n6_pairwise1,1,Low,0.7710480799522661,-0.01945147848833723,13
future_ret_6m,2016-09-30 00:00:00,FAC_rank_vol_m3_n6_pairwise1,2,Q2,0.887659437728754,0.006690631458730205,12
future_ret_6m,2016-09-30 00:00:00,FAC_rank_vol_m3_n6_pairwise1,3,Q3,0.9212579439592765,-0.012173665389222248,13
future_ret_6m,2016-09-30 00:00:00,FAC_rank_vol_m3_n6_pairwise1,4,Q4,0.9472367244167613,-0.0190878701374953,12
future_ret_6m,2016-09-30 00:00:00,FAC_rank_vol_m3_n6_pairwise1,5,High,0.9663643709654444,-0.018533669206606707,13
future_ret_6m,2016-12-30 00:00:00,FAC_rank_vol_m3_n6_pairwise1,1,Low,0.7916951432640155,0.04074825303925732,18
future_ret_6m,2016-12-30 00:00:00,FAC_rank_vol_m3_n6_pairwise1,2,Q2,0.873523326379418,0.038582687459901226,17
future_ret_6m,2016-12-30 00:00:00,FAC_rank_vol_m3_n6_pairwise1,3,Q3,0.9112358074343939,0.06912982359627802,17
future_ret_6m,2016-12-30 00:00:00,FAC_rank_vol_m3_n6_pairwise1,4,Q4,0.9498675133476292,0.053553062367920304,17
future_ret_6m,2016-12-30 00:00:00,FAC_rank_vol_m3_n6_pairwise1,5,High,0.9762554232538067,0.04489230804315008,18
future_ret_6m,2017-03-31 00:00:00,FAC_rank_vol_m3_n6_pairwise1,1,Low,0.7893325125236104,0.11065599287309312,23
future_ret_6m,2017-03-31 00:00:00,FAC_rank_vol_m3_n6_pairwise1,2,Q2,0.879387260361267,0.08694231783873331,22
future_ret_6m,2017-03-31 00:00:00,FAC_rank_vol_m3_n6_pairwise1,3,Q3,0.9224202738566025,0.07997795780382344,22
future_ret_6m,2017-03-31 00:00:00,FAC_rank_vol_m3_n6_pairwise1,4,Q4,0.9550994182054698,0.08120987800212812,22
future_ret_6m,2017-03-31 00:00:00,FAC_rank_vol_m3_n6_pairwise1,5,High,0.9838940004477859,0.05139075096459125,22
future_ret_6m,2017-06-30 00:00:00,FAC_rank_vol_m3_n6_pairwise1,1,Low,0.8364825559653991,0.0924896712270299,24
future_ret_6m,2017-06-30 00:00:00,FAC_rank_vol_m3_n6_pairwise1,2,Q2,0.896201248393566,0.0661714841066515,23
future_ret_6m,2017-06-30 00:00:00,FAC_rank_vol_m3_n6_pairwise1,3,Q3,0.9232338943449951,0.037340663409340544,23
future_ret_6m,2017-06-30 00:00:00,FAC_rank_vol_m3_n6_pairwise1,4,Q4,0.9496891686581924,0.05320556788331967,23
future_ret_6m,2017-06-30 00:00:00,FAC_rank_vol_m3_n6_pairwise1,5,High,0.9715497737586235,0.03361603626535572,24
future_ret_6m,2017-09-29 00:00:00,FAC_rank_vol_m3_n6_pairwise1,1,Low,0.8683311973486264,0.0025592671833185717,26
future_ret_6m,2017-09-29 00:00:00,FAC_rank_vol_m3_n6_pairwise1,2,Q2,0.9232566194063512,-0.0004542033624190456,25
future_ret_6m,2017-09-29 00:00:00,FAC_rank_vol_m3_n6_pairwise1,3,Q3,0.94925911268742,-0.001245651982167588,26
future_ret_6m,2017-09-29 00:00:00,FAC_rank_vol_m3_n6_pairwise1,4,Q4,0.9673127071304922,-0.02871896944783237,25
future_ret_6m,2017-09-29 00:00:00,FAC_rank_vol_m3_n6_pairwise1,5,High,0.9897351979818134,-0.023549095666452448,26
future_ret_6m,2017-12-29 00:00:00,FAC_rank_vol_m3_n6_pairwise1,1,Low,0.8497846306750537,-0.09801917378302404,28
future_ret_6m,2017-12-29 00:00:00,FAC_rank_vol_m3_n6_pairwise1,2,Q2,0.9194290306624652,-0.07657357285992161,27
future_ret_6m,2017-12-29 00:00:00,FAC_rank_vol_m3_n6_pairwise1,3,Q3,0.9451390326876099,-0.08867398878137983,27
future_ret_6m,2017-12-29 00:00:00,FAC_rank_vol_m3_n6_pairwise1,4,Q4,0.9637032359337112,-0.05367061456977048,27
future_ret_6m,2017-12-29 00:00:00,FAC_rank_vol_m3_n6_pairwise1,5,High,0.9864136846609047,-0.07376195368548094,27
future_ret_6m,2018-03-30 00:00:00,FAC_rank_vol_m3_n6_pairwise1,1,Low,0.7825788639699744,-0.1496259035697597,27
future_ret_6m,2018-03-30 00:00:00,FAC_rank_vol_m3_n6_pairwise1,2,Q2,0.8543451040312495,-0.14687566458930645,27
future_ret_6m,2018-03-30 00:00:00,FAC_rank_vol_m3_n6_pairwise1,3,Q3,0.8986975953185239,-0.1598942566125817,27
future_ret_6m,2018-03-30 00:00:00,FAC_rank_vol_m3_n6_pairwise1,4,Q4,0.945417003586093,-0.1778681474198878,27
future_ret_6m,2018-03-30 00:00:00,FAC_rank_vol_m3_n6_pairwise1,5,High,0.9762066102074479,-0.16468802092472237,27
future_ret_6m,2018-06-29 00:00:00,FAC_rank_vol_m3_n6_pairwise1,1,Low,0.7758770967246619,-0.1872478234994977,28
future_ret_6m,2018-06-29 00:00:00,FAC_rank_vol_m3_n6_pairwise1,2,Q2,0.855486419257996,-0.18429309511747932,28
future_ret_6m,2018-06-29 00:00:00,FAC_rank_vol_m3_n6_pairwise1,3,Q3,0.9064710632413335,-0.17276759243990986,27
future_ret_6m,2018-06-29 00:00:00,FAC_rank_vol_m3_n6_pairwise1,4,Q4,0.9378034882556359,-0.18077343362874085,28
future_ret_6m,2018-06-29 00:00:00,FAC_rank_vol_m3_n6_pairwise1,5,High,0.9716776986211358,-0.18735477288042007,28
future_ret_6m,2018-09-28 00:00:00,FAC_rank_vol_m3_n6_pairwise1,1,Low,0.6915501992164899,0.1420457477519829,28
future_ret_6m,2018-09-28 00:00:00,FAC_rank_vol_m3_n6_pairwise1,2,Q2,0.8380380883712055,0.13140894529995914,27
future_ret_6m,2018-09-28 00:00:00,FAC_rank_vol_m3_n6_pairwise1,3,Q3,0.9027005452712172,0.12698439723993116,28
future_ret_6m,2018-09-28 00:00:00,FAC_rank_vol_m3_n6_pairwise1,4,Q4,0.9396212745315915,0.12823777587263877,27
future_ret_6m,2018-09-28 00:00:00,FAC_rank_vol_m3_n6_pairwise1,5,High,0.9701953991532344,0.12392650209620674,28
future_ret_6m,2018-12-28 00:00:00,FAC_rank_vol_m3_n6_pairwise1,1,Low,0.7803317893028534,0.29472239679856393,28
future_ret_6m,2018-12-28 00:00:00,FAC_rank_vol_m3_n6_pairwise1,2,Q2,0.8623400959653919,0.26968752902701265,28
future_ret_6m,2018-12-28 00:00:00,FAC_rank_vol_m3_n6_pairwise1,3,Q3,0.906725647018721,0.29845590186248566,28
future_ret_6m,2018-12-28 00:00:00,FAC_rank_vol_m3_n6_pairwise1,4,Q4,0.946424320423651,0.28909006387078423,28
future_ret_6m,2018-12-28 00:00:00,FAC_rank_vol_m3_n6_pairwise1,5,High,0.9813373821114322,0.2629223707613862,28
future_ret_6m,2019-03-29 00:00:00,FAC_rank_vol_m3_n6_pairwise1,1,Low,0.6615664628490547,0.06539715315678951,29
future_ret_6m,2019-03-29 00:00:00,FAC_rank_vol_m3_n6_pairwise1,2,Q2,0.7806046117323315,0.07337761049353732,29
future_ret_6m,2019-03-29 00:00:00,FAC_rank_vol_m3_n6_pairwise1,3,Q3,0.8605032090472624,0.06969124583574302,28
future_ret_6m,2019-03-29 00:00:00,FAC_rank_vol_m3_n6_pairwise1,4,Q4,0.911120624483915,0.06790807120765152,29
future_ret_6m,2019-03-29 00:00:00,FAC_rank_vol_m3_n6_pairwise1,5,High,0.9574387947940332,0.08518714584036848,29
future_ret_6m,2019-06-28 00:00:00,FAC_rank_vol_m3_n6_pairwise1,1,Low,0.7988370810979399,0.18124697986348007,30
future_ret_6m,2019-06-28 00:00:00,FAC_rank_vol_m3_n6_pairwise1,2,Q2,0.8683744114602121,0.18143255766785202,30
future_ret_6m,2019-06-28 00:00:00,FAC_rank_vol_m3_n6_pairwise1,3,Q3,0.9079922312020533,0.17098060068853127,29
future_ret_6m,2019-06-28 00:00:00,FAC_rank_vol_m3_n6_pairwise1,4,Q4,0.9449780754245969,0.1852657095089403,30
future_ret_6m,2019-06-28 00:00:00,FAC_rank_vol_m3_n6_pairwise1,5,High,0.9750672779299224,0.17038449044117218,30
future_ret_6m,2019-09-30 00:00:00,FAC_rank_vol_m3_n6_pairwise1,1,Low,0.7775099214489917,0.09528073540330004,31
future_ret_6m,2019-09-30 00:00:00,FAC_rank_vol_m3_n6_pairwise1,2,Q2,0.8755808946083369,0.07951599490991397,30
future_ret_6m,2019-09-30 00:00:00,FAC_rank_vol_m3_n6_pairwise1,3,Q3,0.9171941951627638,0.0945744769568197,30
future_ret_6m,2019-09-30 00:00:00,FAC_rank_vol_m3_n6_pairwise1,4,Q4,0.9443205916667702,0.07675589060534012,30
future_ret_6m,2019-09-30 00:00:00,FAC_rank_vol_m3_n6_pairwise1,5,High,0.975885165519406,0.07965603547237841,31
future_ret_6m,2019-12-31 00:00:00,FAC_rank_vol_m3_n6_pairwise1,1,Low,0.78094434682751,0.26030408253102216,34
future_ret_6m,2019-12-31 00:00:00,FAC_rank_vol_m3_n6_pairwise1,2,Q2,0.8530527220433708,0.20766743146351335,34
future_ret_6m,2019-12-31 00:00:00,FAC_rank_vol_m3_n6_pairwise1,3,Q3,0.904319750257438,0.2009192228302769,34
future_ret_6m,2019-12-31 00:00:00,FAC_rank_vol_m3_n6_pairwise1,4,Q4,0.9444161976658355,0.21903133086758786,34
future_ret_6m,2019-12-31 00:00:00,FAC_rank_vol_m3_n6_pairwise1,5,High,0.9775143443405386,0.14807956039684866,34
future_ret_6m,2020-03-31 00:00:00,FAC_rank_vol_m3_n6_pairwise1,1,Low,0.7920009519493391,0.45647073492557344,36
future_ret_6m,2020-03-31 00:00:00,FAC_rank_vol_m3_n6_pairwise1,2,Q2,0.8865933044314517,0.42637882846912745,35
future_ret_6m,2020-03-31 00:00:00,FAC_rank_vol_m3_n6_pairwise1,3,Q3,0.9236553415432716,0.40031495490475105,36
future_ret_6m,2020-03-31 00:00:00,FAC_rank_vol_m3_n6_pairwise1,4,Q4,0.9537105175676043,0.37532109512929585,35
future_ret_6m,2020-03-31 00:00:00,FAC_rank_vol_m3_n6_pairwise1,5,High,0.9783243690331079,0.40827564611988376,36
future_ret_6m,2020-06-30 00:00:00,FAC_rank_vol_m3_n6_pairwise1,1,Low,0.8047839824559243,0.3077096831191747,38
future_ret_6m,2020-06-30 00:00:00,FAC_rank_vol_m3_n6_pairwise1,2,Q2,0.886266458768874,0.2988113113149451,37
future_ret_6m,2020-06-30 00:00:00,FAC_rank_vol_m3_n6_pairwise1,3,Q3,0.9230567783993427,0.3595205970780624,37
future_ret_6m,2020-06-30 00:00:00,FAC_rank_vol_m3_n6_pairwise1,4,Q4,0.9589624685967151,0.33686014245113416,37
future_ret_6m,2020-06-30 00:00:00,FAC_rank_vol_m3_n6_pairwise1,5,High,0.9836080486311055,0.2628136782586773,38
future_ret_6m,2020-09-30 00:00:00,FAC_rank_vol_m3_n6_pairwise1,1,Low,0.7872757377521374,0.10699575899975025,40
future_ret_6m,2020-09-30 00:00:00,FAC_rank_vol_m3_n6_pairwise1,2,Q2,0.8783604135220153,0.09901439254406326,39
future_ret_6m,2020-09-30 00:00:00,FAC_rank_vol_m3_n6_pairwise1,3,Q3,0.9094004693017299,0.09871184607387648,40
future_ret_6m,2020-09-30 00:00:00,FAC_rank_vol_m3_n6_pairwise1,4,Q4,0.9406624397978087,0.10065570984667874,39
future_ret_6m,2020-09-30 00:00:00,FAC_rank_vol_m3_n6_pairwise1,5,High,0.9712975822891607,0.09264097470708532,40
future_ret_6m,2020-12-31 00:00:00,FAC_rank_vol_m3_n6_pairwise1,1,Low,0.7093075234215798,0.13821333076920106,44
future_ret_6m,2020-12-31 00:00:00,FAC_rank_vol_m3_n6_pairwise1,2,Q2,0.8229937039016699,0.10418198746930879,43
future_ret_6m,2020-12-31 00:00:00,FAC_rank_vol_m3_n6_pairwise1,3,Q3,0.8826192117454551,0.07938578656083585,44
future_ret_6m,2020-12-31 00:00:00,FAC_rank_vol_m3_n6_pairwise1,4,Q4,0.9224632749258286,0.08625797298131493,43
future_ret_6m,2020-12-31 00:00:00,FAC_rank_vol_m3_n6_pairwise1,5,High,0.9642319380520064,0.08195534839603313,44
future_ret_6m,2021-03-31 00:00:00,FAC_rank_vol_m3_n6_pairwise1,1,Low,0.8135438230165504,0.08392209442083276,46
future_ret_6m,2021-03-31 00:00:00,FAC_rank_vol_m3_n6_pairwise1,2,Q2,0.8844780750149179,0.11067929772862886,46
future_ret_6m,2021-03-31 00:00:00,FAC_rank_vol_m3_n6_pairwise1,3,Q3,0.9190229387103371,0.09322058367788645,46
future_ret_6m,2021-03-31 00:00:00,FAC_rank_vol_m3_n6_pairwise1,4,Q4,0.95461800634618,0.11391150717293544,46
future_ret_6m,2021-03-31 00:00:00,FAC_rank_vol_m3_n6_pairwise1,5,High,0.9824300793474275,0.10072371637620305,46
future_ret_6m,2021-06-30 00:00:00,FAC_rank_vol_m3_n6_pairwise1,1,Low,0.7007899036821931,0.06676257062718403,52
future_ret_6m,2021-06-30 00:00:00,FAC_rank_vol_m3_n6_pairwise1,2,Q2,0.8140293455815819,0.018561881455283535,51
future_ret_6m,2021-06-30 00:00:00,FAC_rank_vol_m3_n6_pairwise1,3,Q3,0.8658995146970822,0.0148971197633847,52
future_ret_6m,2021-06-30 00:00:00,FAC_rank_vol_m3_n6_pairwise1,4,Q4,0.913413257932239,-0.02319108058233137,51
future_ret_6m,2021-06-30 00:00:00,FAC_rank_vol_m3_n6_pairwise1,5,High,0.9598307645759547,0.008809497742876198,52
future_ret_6m,2021-09-30 00:00:00,FAC_rank_vol_m3_n6_pairwise1,1,Low,0.8683582266334452,-0.1816156024534258,57
future_ret_6m,2021-09-30 00:00:00,FAC_rank_vol_m3_n6_pairwise1,2,Q2,0.914013904702327,-0.16134525527467705,56
future_ret_6m,2021-09-30 00:00:00,FAC_rank_vol_m3_n6_pairwise1,3,Q3,0.9361803265401982,-0.14252592808068187,57
future_ret_6m,2021-09-30 00:00:00,FAC_rank_vol_m3_n6_pairwise1,4,Q4,0.9557801642989281,-0.14364676991050557,56
future_ret_6m,2021-09-30 00:00:00,FAC_rank_vol_m3_n6_pairwise1,5,High,0.9772189866810816,-0.13575151202523325,57
future_ret_6m,2021-12-31 00:00:00,FAC_rank_vol_m3_n6_pairwise1,1,Low,0.8348334791295134,-0.09642729161863275,60
future_ret_6m,2021-12-31 00:00:00,FAC_rank_vol_m3_n6_pairwise1,2,Q2,0.8976733587769654,-0.08568090466648942,59
future_ret_6m,2021-12-31 00:00:00,FAC_rank_vol_m3_n6_pairwise1,3,Q3,0.9318339602360909,-0.10217564421906802,60
future_ret_6m,2021-12-31 00:00:00,FAC_rank_vol_m3_n6_pairwise1,4,Q4,0.956869286212185,-0.1020366346792464,59
future_ret_6m,2021-12-31 00:00:00,FAC_rank_vol_m3_n6_pairwise1,5,High,0.9779939954926026,-0.10325848512016167,60
future_ret_6m,2022-03-31 00:00:00,FAC_rank_vol_m3_n6_pairwise1,1,Low,0.7822639130994452,-0.03302378718155228,66
future_ret_6m,2022-03-31 00:00:00,FAC_rank_vol_m3_n6_pairwise1,2,Q2,0.8671882220042484,-0.07275517506930343,66
future_ret_6m,2022-03-31 00:00:00,FAC_rank_vol_m3_n6_pairwise1,3,Q3,0.9058350891392772,-0.06674895821761104,65
future_ret_6m,2022-03-31 00:00:00,FAC_rank_vol_m3_n6_pairwise1,4,Q4,0.9341969080357728,-0.07082646429685828,66
future_ret_6m,2022-03-31 00:00:00,FAC_rank_vol_m3_n6_pairwise1,5,High,0.9670906181990961,-0.04977364613231827,66
future_ret_6m,2022-06-30 00:00:00,FAC_rank_vol_m3_n6_pairwise1,1,Low,0.6964316559823346,-0.14959427966802172,76
future_ret_6m,2022-06-30 00:00:00,FAC_rank_vol_m3_n6_pairwise1,2,Q2,0.8359754425372645,-0.15640001137381593,76
future_ret_6m,2022-06-30 00:00:00,FAC_rank_vol_m3_n6_pairwise1,3,Q3,0.8901628778621573,-0.12940431879897166,76
future_ret_6m,2022-06-30 00:00:00,FAC_rank_vol_m3_n6_pairwise1,4,Q4,0.9306844521788782,-0.13932127357358617,76
future_ret_6m,2022-06-30 00:00:00,FAC_rank_vol_m3_n6_pairwise1,5,High,0.9694062753425947,-0.1375381036073324,76
future_ret_6m,2007-09-28 00:00:00,FAC_rank_vol_m6_n3_pairwise1,1,Low,0.6480119739342772,,2
future_ret_6m,2007-09-28 00:00:00,FAC_rank_vol_m6_n3_pairwise1,2,Q2,0.7857015504998228,,1
future_ret_6m,2007-09-28 00:00:00,FAC_rank_vol_m6_n3_pairwise1,3,Q3,0.8420468628479886,,1
future_ret_6m,2007-09-28 00:00:00,FAC_rank_vol_m6_n3_pairwise1,4,Q4,0.9043805909826168,,1
future_ret_6m,2007-09-28 00:00:00,FAC_rank_vol_m6_n3_pairwise1,5,High,0.9172125624596089,,1
future_ret_6m,2007-12-28 00:00:00,FAC_rank_vol_m6_n3_pairwise1,1,Low,0.6842192127169214,,2
future_ret_6m,2007-12-28 00:00:00,FAC_rank_vol_m6_n3_pairwise1,2,Q2,0.7244355787144079,,1
future_ret_6m,2007-12-28 00:00:00,FAC_rank_vol_m6_n3_pairwise1,3,Q3,0.776403053961586,,1
future_ret_6m,2007-12-28 00:00:00,FAC_rank_vol_m6_n3_pairwise1,4,Q4,0.819260189101177,,1
future_ret_6m,2007-12-28 00:00:00,FAC_rank_vol_m6_n3_pairwise1,5,High,0.8786543175155541,,2
future_ret_6m,2008-03-31 00:00:00,FAC_rank_vol_m6_n3_pairwise1,1,Low,0.6559060593789798,,2
future_ret_6m,2008-03-31 00:00:00,FAC_rank_vol_m6_n3_pairwise1,2,Q2,0.7157291789270533,,1
future_ret_6m,2008-03-31 00:00:00,FAC_rank_vol_m6_n3_pairwise1,3,Q3,0.7426291949747669,,2
future_ret_6m,2008-03-31 00:00:00,FAC_rank_vol_m6_n3_pairwise1,4,Q4,0.8496594155062533,,1
future_ret_6m,2008-03-31 00:00:00,FAC_rank_vol_m6_n3_pairwise1,5,High,0.8940182356780384,,2
future_ret_6m,2008-06-30 00:00:00,FAC_rank_vol_m6_n3_pairwise1,1,Low,0.6465960009179057,,2
future_ret_6m,2008-06-30 00:00:00,FAC_rank_vol_m6_n3_pairwise1,2,Q2,0.7345097073159438,,2
future_ret_6m,2008-06-30 00:00:00,FAC_rank_vol_m6_n3_pairwise1,3,Q3,0.7903133464706582,,2
future_ret_6m,2008-06-30 00:00:00,FAC_rank_vol_m6_n3_pairwise1,4,Q4,0.8158445040783586,,2
future_ret_6m,2008-06-30 00:00:00,FAC_rank_vol_m6_n3_pairwise1,5,High,0.8356661172805868,,2
future_ret_6m,2008-09-26 00:00:00,FAC_rank_vol_m6_n3_pairwise1,1,Low,0.7321929574233149,,3
future_ret_6m,2008-09-26 00:00:00,FAC_rank_vol_m6_n3_pairwise1,2,Q2,0.7970362637618122,,2
future_ret_6m,2008-09-26 00:00:00,FAC_rank_vol_m6_n3_pairwise1,3,Q3,0.8311054350495045,,3
future_ret_6m,2008-09-26 00:00:00,FAC_rank_vol_m6_n3_pairwise1,4,Q4,0.8451676809556066,,2
future_ret_6m,2008-09-26 00:00:00,FAC_rank_vol_m6_n3_pairwise1,5,High,0.9272335081211729,,3
future_ret_6m,2008-12-31 00:00:00,FAC_rank_vol_m6_n3_pairwise1,1,Low,0.6993528733596996,,4
future_ret_6m,2008-12-31 00:00:00,FAC_rank_vol_m6_n3_pairwise1,2,Q2,0.7443928646402959,,3
future_ret_6m,2008-12-31 00:00:00,FAC_rank_vol_m6_n3_pairwise1,3,Q3,0.8125150055662604,,4
future_ret_6m,2008-12-31 00:00:00,FAC_rank_vol_m6_n3_pairwise1,4,Q4,0.8536878732476377,,3
future_ret_6m,2008-12-31 00:00:00,FAC_rank_vol_m6_n3_pairwise1,5,High,0.9147339246982726,,4
future_ret_6m,2009-03-31 00:00:00,FAC_rank_vol_m6_n3_pairwise1,1,Low,0.6033809522516229,,4
future_ret_6m,2009-03-31 00:00:00,FAC_rank_vol_m6_n3_pairwise1,2,Q2,0.7122958747993998,,3
future_ret_6m,2009-03-31 00:00:00,FAC_rank_vol_m6_n3_pairwise1,3,Q3,0.731642649635467,,3
future_ret_6m,2009-03-31 00:00:00,FAC_rank_vol_m6_n3_pairwise1,4,Q4,0.8163707676358157,,3
future_ret_6m,2009-03-31 00:00:00,FAC_rank_vol_m6_n3_pairwise1,5,High,0.8795812730536834,,4
future_ret_6m,2009-06-30 00:00:00,FAC_rank_vol_m6_n3_pairwise1,1,Low,0.7040711535240344,0.1096537290355509,5
future_ret_6m,2009-06-30 00:00:00,FAC_rank_vol_m6_n3_pairwise1,2,Q2,0.8026508232223294,,4
future_ret_6m,2009-06-30 00:00:00,FAC_rank_vol_m6_n3_pairwise1,3,Q3,0.8267954012492379,,4
future_ret_6m,2009-06-30 00:00:00,FAC_rank_vol_m6_n3_pairwise1,4,Q4,0.8751213257894361,,4
future_ret_6m,2009-06-30 00:00:00,FAC_rank_vol_m6_n3_pairwise1,5,High,0.9485845792167718,0.10799712864095992,5
future_ret_6m,2009-09-30 00:00:00,FAC_rank_vol_m6_n3_pairwise1,1,Low,0.6709725106691187,0.14421754488179023,5
future_ret_6m,2009-09-30 00:00:00,FAC_rank_vol_m6_n3_pairwise1,2,Q2,0.7523454450524222,0.11522412700552084,5
future_ret_6m,2009-09-30 00:00:00,FAC_rank_vol_m6_n3_pairwise1,3,Q3,0.8096764941039374,,4
future_ret_6m,2009-09-30 00:00:00,FAC_rank_vol_m6_n3_pairwise1,4,Q4,0.8403607455831843,0.11161785529356623,5
future_ret_6m,2009-09-30 00:00:00,FAC_rank_vol_m6_n3_pairwise1,5,High,0.9125883722151631,0.10147695023270624,5
future_ret_6m,2009-12-31 00:00:00,FAC_rank_vol_m6_n3_pairwise1,1,Low,0.6431369769407291,-0.19135245024790498,7
future_ret_6m,2009-12-31 00:00:00,FAC_rank_vol_m6_n3_pairwise1,2,Q2,0.7299658991873018,-0.15365274974985277,6
future_ret_6m,2009-12-31 00:00:00,FAC_rank_vol_m6_n3_pairwise1,3,Q3,0.7871800854921539,-0.18796902852553252,6
future_ret_6m,2009-12-31 00:00:00,FAC_rank_vol_m6_n3_pairwise1,4,Q4,0.830131893353874,-0.20665144267215355,6
future_ret_6m,2009-12-31 00:00:00,FAC_rank_vol_m6_n3_pairwise1,5,High,0.8781667994579306,-0.19449344546598168,6
future_ret_6m,2010-03-31 00:00:00,FAC_rank_vol_m6_n3_pairwise1,1,Low,0.7097329712447237,-0.05309253391483406,6
future_ret_6m,2010-03-31 00:00:00,FAC_rank_vol_m6_n3_pairwise1,2,Q2,0.7597128854046025,0.0026307673029857446,6
future_ret_6m,2010-03-31 00:00:00,FAC_rank_vol_m6_n3_pairwise1,3,Q3,0.8087833572105961,-0.0030106476461792355,6
future_ret_6m,2010-03-31 00:00:00,FAC_rank_vol_m6_n3_pairwise1,4,Q4,0.8675533448377731,-0.04842217594871181,6
future_ret_6m,2010-03-31 00:00:00,FAC_rank_vol_m6_n3_pairwise1,5,High,0.9088168575576882,-0.032122770328017115,6
future_ret_6m,2010-06-30 00:00:00,FAC_rank_vol_m6_n3_pairwise1,1,Low,0.7254378761818713,0.22507847259994598,6
future_ret_6m,2010-06-30 00:00:00,FAC_rank_vol_m6_n3_pairwise1,2,Q2,0.8138790421288234,0.19491125842190013,6
future_ret_6m,2010-06-30 00:00:00,FAC_rank_vol_m6_n3_pairwise1,3,Q3,0.8726288807971972,0.227078243260069,5
future_ret_6m,2010-06-30 00:00:00,FAC_rank_vol_m6_n3_pairwise1,4,Q4,0.8955175618238655,0.27793132747012095,6
future_ret_6m,2010-06-30 00:00:00,FAC_rank_vol_m6_n3_pairwise1,5,High,0.943903754460112,0.21738169389367376,6
future_ret_6m,2010-09-30 00:00:00,FAC_rank_vol_m6_n3_pairwise1,1,Low,0.6609466502398731,0.03456355002103142,6
future_ret_6m,2010-09-30 00:00:00,FAC_rank_vol_m6_n3_pairwise1,2,Q2,0.7528861278045246,0.03572796330989464,6
future_ret_6m,2010-09-30 00:00:00,FAC_rank_vol_m6_n3_pairwise1,3,Q3,0.8098823084461925,0.014055823868839717,6
future_ret_6m,2010-09-30 00:00:00,FAC_rank_vol_m6_n3_pairwise1,4,Q4,0.8687703999807587,0.01389625080494857,6
future_ret_6m,2010-09-30 00:00:00,FAC_rank_vol_m6_n3_pairwise1,5,High,0.9094876542558654,0.1137169482382897,6
future_ret_6m,2010-12-31 00:00:00,FAC_rank_vol_m6_n3_pairwise1,1,Low,0.6846628593087448,-0.06590324003849123,7
future_ret_6m,2010-12-31 00:00:00,FAC_rank_vol_m6_n3_pairwise1,2,Q2,0.7569148286360051,-0.033520073574188035,6
future_ret_6m,2010-12-31 00:00:00,FAC_rank_vol_m6_n3_pairwise1,3,Q3,0.8142366106278899,-0.04003450952892612,6
future_ret_6m,2010-12-31 00:00:00,FAC_rank_vol_m6_n3_pairwise1,4,Q4,0.8670503465986347,-0.08675576725543617,6
future_ret_6m,2010-12-31 00:00:00,FAC_rank_vol_m6_n3_pairwise1,5,High,0.9381914289954807,-0.07437906609268198,6
future_ret_6m,2011-03-31 00:00:00,FAC_rank_vol_m6_n3_pairwise1,1,Low,0.6107201785016222,-0.17168846493353668,7
future_ret_6m,2011-03-31 00:00:00,FAC_rank_vol_m6_n3_pairwise1,2,Q2,0.7473829218995772,-0.1452273104741838,6
future_ret_6m,2011-03-31 00:00:00,FAC_rank_vol_m6_n3_pairwise1,3,Q3,0.7805478340966897,-0.17198505724343946,6
future_ret_6m,2011-03-31 00:00:00,FAC_rank_vol_m6_n3_pairwise1,4,Q4,0.8063318638369267,-0.13841453933983713,6
future_ret_6m,2011-03-31 00:00:00,FAC_rank_vol_m6_n3_pairwise1,5,High,0.8967116209604057,-0.15246958960024884,7
future_ret_6m,2011-06-30 00:00:00,FAC_rank_vol_m6_n3_pairwise1,1,Low,0.6553482263006983,-0.18146902894986935,7
future_ret_6m,2011-06-30 00:00:00,FAC_rank_vol_m6_n3_pairwise1,2,Q2,0.7257079094731453,-0.17369767758340604,7
future_ret_6m,2011-06-30 00:00:00,FAC_rank_vol_m6_n3_pairwise1,3,Q3,0.7992275832918837,-0.18010391555303945,7
future_ret_6m,2011-06-30 00:00:00,FAC_rank_vol_m6_n3_pairwise1,4,Q4,0.8461598971485901,-0.15579161268269393,7
future_ret_6m,2011-06-30 00:00:00,FAC_rank_vol_m6_n3_pairwise1,5,High,0.9029405976864128,-0.16823042265518914,7
future_ret_6m,2011-09-30 00:00:00,FAC_rank_vol_m6_n3_pairwise1,1,Low,0.6380616131969056,-0.07694841156363691,8
future_ret_6m,2011-09-30 00:00:00,FAC_rank_vol_m6_n3_pairwise1,2,Q2,0.7419600220997654,-0.07022011065194848,8
future_ret_6m,2011-09-30 00:00:00,FAC_rank_vol_m6_n3_pairwise1,3,Q3,0.7900036425752803,-0.06392826812084762,7
future_ret_6m,2011-09-30 00:00:00,FAC_rank_vol_m6_n3_pairwise1,4,Q4,0.8221051922035745,-0.08226858238400639,8
future_ret_6m,2011-09-30 00:00:00,FAC_rank_vol_m6_n3_pairwise1,5,High,0.882123442439731,-0.04210459692276605,8
future_ret_6m,2011-12-30 00:00:00,FAC_rank_vol_m6_n3_pairwise1,1,Low,0.6677581014656679,0.017288092001210356,8
future_ret_6m,2011-12-30 00:00:00,FAC_rank_vol_m6_n3_pairwise1,2,Q2,0.7742972984245877,0.05951992110788509,8
future_ret_6m,2011-12-30 00:00:00,FAC_rank_vol_m6_n3_pairwise1,3,Q3,0.8109724502279001,0.05186843353491602,8
future_ret_6m,2011-12-30 00:00:00,FAC_rank_vol_m6_n3_pairwise1,4,Q4,0.8758638620449153,0.05404148784878399,8
future_ret_6m,2011-12-30 00:00:00,FAC_rank_vol_m6_n3_pairwise1,5,High,0.931468418256596,0.023935935478537104,8
future_ret_6m,2012-03-30 00:00:00,FAC_rank_vol_m6_n3_pairwise1,1,Low,0.6439341015254182,-0.030358904867233766,9
future_ret_6m,2012-03-30 00:00:00,FAC_rank_vol_m6_n3_pairwise1,2,Q2,0.7234522028338733,0.02553660267701191,8
future_ret_6m,2012-03-30 00:00:00,FAC_rank_vol_m6_n3_pairwise1,3,Q3,0.7702115277432388,0.005202967731046962,8
future_ret_6m,2012-03-30 00:00:00,FAC_rank_vol_m6_n3_pairwise1,4,Q4,0.8364697560167109,0.04872187781256497,8
future_ret_6m,2012-03-30 00:00:00,FAC_rank_vol_m6_n3_pairwise1,5,High,0.9059588266109817,0.003485850272924876,8
future_ret_6m,2012-06-29 00:00:00,FAC_rank_vol_m6_n3_pairwise1,1,Low,0.6152211072887426,0.019124008998795492,9
future_ret_6m,2012-06-29 00:00:00,FAC_rank_vol_m6_n3_pairwise1,2,Q2,0.7145529026165172,-0.03275448630426008,9
future_ret_6m,2012-06-29 00:00:00,FAC_rank_vol_m6_n3_pairwise1,3,Q3,0.7697377209944732,-0.002992989332350334,9
future_ret_6m,2012-06-29 00:00:00,FAC_rank_vol_m6_n3_pairwise1,4,Q4,0.8268148844539829,-0.0022189882661950433,9
future_ret_6m,2012-06-29 00:00:00,FAC_rank_vol_m6_n3_pairwise1,5,High,0.8822106940050835,0.0011954043936657345,9
future_ret_6m,2012-09-28 00:00:00,FAC_rank_vol_m6_n3_pairwise1,1,Low,0.6873708156758823,0.10414041062560427,11
future_ret_6m,2012-09-28 00:00:00,FAC_rank_vol_m6_n3_pairwise1,2,Q2,0.7521069870906892,0.10230315557736809,10
future_ret_6m,2012-09-28 00:00:00,FAC_rank_vol_m6_n3_pairwise1,3,Q3,0.8127697689945468,0.0783703193359897,10
future_ret_6m,2012-09-28 00:00:00,FAC_rank_vol_m6_n3_pairwise1,4,Q4,0.8700441005471165,0.09381971538740615,10
future_ret_6m,2012-09-28 00:00:00,FAC_rank_vol_m6_n3_pairwise1,5,High,0.9412702358711864,0.0985592504433813,11
future_ret_6m,2012-12-31 00:00:00,FAC_rank_vol_m6_n3_pairwise1,1,Low,0.6111053478912948,-0.013668391077921024,12
future_ret_6m,2012-12-31 00:00:00,FAC_rank_vol_m6_n3_pairwise1,2,Q2,0.7266207133319492,0.028107541241926937,12
future_ret_6m,2012-12-31 00:00:00,FAC_rank_vol_m6_n3_pairwise1,3,Q3,0.7986960143617772,0.040264317318561955,11
future_ret_6m,2012-12-31 00:00:00,FAC_rank_vol_m6_n3_pairwise1,4,Q4,0.8511566569733747,0.038470194895931314,12
future_ret_6m,2012-12-31 00:00:00,FAC_rank_vol_m6_n3_pairwise1,5,High,0.9046048615236252,0.005195486498159531,12
future_ret_6m,2013-03-29 00:00:00,FAC_rank_vol_m6_n3_pairwise1,1,Low,0.6424761636527049,0.11043563063011735,13
future_ret_6m,2013-03-29 00:00:00,FAC_rank_vol_m6_n3_pairwise1,2,Q2,0.7093927480824247,0.13260959333625605,12
future_ret_6m,2013-03-29 00:00:00,FAC_rank_vol_m6_n3_pairwise1,3,Q3,0.7536182555231649,0.1651775941872297,12
future_ret_6m,2013-03-29 00:00:00,FAC_rank_vol_m6_n3_pairwise1,4,Q4,0.8173242503942402,0.14013277228028753,12
future_ret_6m,2013-03-29 00:00:00,FAC_rank_vol_m6_n3_pairwise1,5,High,0.885667990985994,0.08523486467865739,13
future_ret_6m,2013-06-28 00:00:00,FAC_rank_vol_m6_n3_pairwise1,1,Low,0.6457936467113233,0.08320096234076751,13
future_ret_6m,2013-06-28 00:00:00,FAC_rank_vol_m6_n3_pairwise1,2,Q2,0.7082039346968498,0.07512564076696629,12
future_ret_6m,2013-06-28 00:00:00,FAC_rank_vol_m6_n3_pairwise1,3,Q3,0.7759439531809154,0.10579104151291026,13
future_ret_6m,2013-06-28 00:00:00,FAC_rank_vol_m6_n3_pairwise1,4,Q4,0.8390976768256083,0.09156708143542071,12
future_ret_6m,2013-06-28 00:00:00,FAC_rank_vol_m6_n3_pairwise1,5,High,0.8970351442332276,0.07399331245875689,13
future_ret_6m,2013-09-30 00:00:00,FAC_rank_vol_m6_n3_pairwise1,1,Low,0.7295050665240136,-0.06652513479735365,14
future_ret_6m,2013-09-30 00:00:00,FAC_rank_vol_m6_n3_pairwise1,2,Q2,0.7996086073232122,-0.04802150005922829,13
future_ret_6m,2013-09-30 00:00:00,FAC_rank_vol_m6_n3_pairwise1,3,Q3,0.8460598889557441,-0.08775072167044004,13
future_ret_6m,2013-09-30 00:00:00,FAC_rank_vol_m6_n3_pairwise1,4,Q4,0.8883661923300803,-0.06564898647838459,13
future_ret_6m,2013-09-30 00:00:00,FAC_rank_vol_m6_n3_pairwise1,5,High,0.9393339713598763,-0.08582832797944533,14
future_ret_6m,2013-12-31 00:00:00,FAC_rank_vol_m6_n3_pairwise1,1,Low,0.6742449998623272,-0.029929494771504483,15
future_ret_6m,2013-12-31 00:00:00,FAC_rank_vol_m6_n3_pairwise1,2,Q2,0.7526759489399718,-0.038934369624388614,14
future_ret_6m,2013-12-31 00:00:00,FAC_rank_vol_m6_n3_pairwise1,3,Q3,0.8050898597788769,-0.03758269556767493,14
future_ret_6m,2013-12-31 00:00:00,FAC_rank_vol_m6_n3_pairwise1,4,Q4,0.8432353517301817,-0.04811884462835638,14
future_ret_6m,2013-12-31 00:00:00,FAC_rank_vol_m6_n3_pairwise1,5,High,0.8970765898122762,-0.021090809227417257,14
future_ret_6m,2014-03-31 00:00:00,FAC_rank_vol_m6_n3_pairwise1,1,Low,0.680744710228743,0.16114853873933374,13
future_ret_6m,2014-03-31 00:00:00,FAC_rank_vol_m6_n3_pairwise1,2,Q2,0.7735763253011788,0.11807677525987782,13
future_ret_6m,2014-03-31 00:00:00,FAC_rank_vol_m6_n3_pairwise1,3,Q3,0.8202230412080702,0.1622773605775552,12
future_ret_6m,2014-03-31 00:00:00,FAC_rank_vol_m6_n3_pairwise1,4,Q4,0.8605665863748068,0.14743689313993114,13
future_ret_6m,2014-03-31 00:00:00,FAC_rank_vol_m6_n3_pairwise1,5,High,0.9142716815055973,0.13589176912049267,13
future_ret_6m,2014-06-30 00:00:00,FAC_rank_vol_m6_n3_pairwise1,1,Low,0.6535801471389091,0.2315396456174448,13
future_ret_6m,2014-06-30 00:00:00,FAC_rank_vol_m6_n3_pairwise1,2,Q2,0.7696908520518358,0.2802932061471755,12
future_ret_6m,2014-06-30 00:00:00,FAC_rank_vol_m6_n3_pairwise1,3,Q3,0.807259021693355,0.2007722663549911,13
future_ret_6m,2014-06-30 00:00:00,FAC_rank_vol_m6_n3_pairwise1,4,Q4,0.8508917710739631,0.2705541629123607,12
future_ret_6m,2014-06-30 00:00:00,FAC_rank_vol_m6_n3_pairwise1,5,High,0.9118937393835954,0.2022430349120486,13
future_ret_6m,2014-09-30 00:00:00,FAC_rank_vol_m6_n3_pairwise1,1,Low,0.6959306776997198,0.4296814509744328,13
future_ret_6m,2014-09-30 00:00:00,FAC_rank_vol_m6_n3_pairwise1,2,Q2,0.7656765425027804,0.47480778517652594,12
future_ret_6m,2014-09-30 00:00:00,FAC_rank_vol_m6_n3_pairwise1,3,Q3,0.8138836516109721,0.4801742058017994,12
future_ret_6m,2014-09-30 00:00:00,FAC_rank_vol_m6_n3_pairwise1,4,Q4,0.8536323651881285,0.4222981925096545,12
future_ret_6m,2014-09-30 00:00:00,FAC_rank_vol_m6_n3_pairwise1,5,High,0.9156924102314233,0.40640732707507243,13
future_ret_6m,2014-12-31 00:00:00,FAC_rank_vol_m6_n3_pairwise1,1,Low,0.6484486877312009,0.40283293226975014,12
future_ret_6m,2014-12-31 00:00:00,FAC_rank_vol_m6_n3_pairwise1,2,Q2,0.7416237509564877,0.5107677830626897,11
future_ret_6m,2014-12-31 00:00:00,FAC_rank_vol_m6_n3_pairwise1,3,Q3,0.7903374347490276,0.6099872718569683,12
future_ret_6m,2014-12-31 00:00:00,FAC_rank_vol_m6_n3_pairwise1,4,Q4,0.8310272489691545,0.6162353629075489,11
future_ret_6m,2014-12-31 00:00:00,FAC_rank_vol_m6_n3_pairwise1,5,High,0.9009833563216735,0.6330611737244527,12
future_ret_6m,2015-03-31 00:00:00,FAC_rank_vol_m6_n3_pairwise1,1,Low,0.6143680849024361,-0.13749938032559736,12
future_ret_6m,2015-03-31 00:00:00,FAC_rank_vol_m6_n3_pairwise1,2,Q2,0.7107289253837271,-0.09464806786457401,12
future_ret_6m,2015-03-31 00:00:00,FAC_rank_vol_m6_n3_pairwise1,3,Q3,0.7561649319868383,-0.1135987383177775,11
future_ret_6m,2015-03-31 00:00:00,FAC_rank_vol_m6_n3_pairwise1,4,Q4,0.8004231823877704,-0.09549014991206368,12
future_ret_6m,2015-03-31 00:00:00,FAC_rank_vol_m6_n3_pairwise1,5,High,0.8627528207789273,-0.11700267498522743,12
future_ret_6m,2015-06-30 00:00:00,FAC_rank_vol_m6_n3_pairwise1,1,Low,0.6200318513348175,-0.03496327020877637,9
future_ret_6m,2015-06-30 00:00:00,FAC_rank_vol_m6_n3_pairwise1,2,Q2,0.7042578198051753,-0.029836837305561054,8
future_ret_6m,2015-06-30 00:00:00,FAC_rank_vol_m6_n3_pairwise1,3,Q3,0.7654370704162183,0.02260490194879503,9
future_ret_6m,2015-06-30 00:00:00,FAC_rank_vol_m6_n3_pairwise1,4,Q4,0.815208568431746,-0.0279927628917625,8
future_ret_6m,2015-06-30 00:00:00,FAC_rank_vol_m6_n3_pairwise1,5,High,0.8826282591131259,-0.06654634862010989,9
future_ret_6m,2015-09-30 00:00:00,FAC_rank_vol_m6_n3_pairwise1,1,Low,0.5622819919154799,0.0810305703752412,9
future_ret_6m,2015-09-30 00:00:00,FAC_rank_vol_m6_n3_pairwise1,2,Q2,0.6530167637511348,0.09058732661366628,8
future_ret_6m,2015-09-30 00:00:00,FAC_rank_vol_m6_n3_pairwise1,3,Q3,0.7247007551184748,0.06527761320583202,8
future_ret_6m,2015-09-30 00:00:00,FAC_rank_vol_m6_n3_pairwise1,4,Q4,0.7804458179088651,0.08498769687450144,8
future_ret_6m,2015-09-30 00:00:00,FAC_rank_vol_m6_n3_pairwise1,5,High,0.8616800086701563,0.07803411129340582,9
future_ret_6m,2015-12-31 00:00:00,FAC_rank_vol_m6_n3_pairwise1,1,Low,0.6039820794266311,-0.12269109702654735,10
future_ret_6m,2015-12-31 00:00:00,FAC_rank_vol_m6_n3_pairwise1,2,Q2,0.7050933918840936,-0.12693088681858056,9
future_ret_6m,2015-12-31 00:00:00,FAC_rank_vol_m6_n3_pairwise1,3,Q3,0.751965440484748,-0.13133133014785286,9
future_ret_6m,2015-12-31 00:00:00,FAC_rank_vol_m6_n3_pairwise1,4,Q4,0.7976731971358902,-0.14528366567788106,9
future_ret_6m,2015-12-31 00:00:00,FAC_rank_vol_m6_n3_pairwise1,5,High,0.8789856463561828,-0.14772174716213776,9
future_ret_6m,2016-03-31 00:00:00,FAC_rank_vol_m6_n3_pairwise1,1,Low,0.6026090847602485,0.07418270866615384,10
future_ret_6m,2016-03-31 00:00:00,FAC_rank_vol_m6_n3_pairwise1,2,Q2,0.6996279821067976,0.03610756121220057,9
future_ret_6m,2016-03-31 00:00:00,FAC_rank_vol_m6_n3_pairwise1,3,Q3,0.7520209365409984,0.027272614768142068,10
future_ret_6m,2016-03-31 00:00:00,FAC_rank_vol_m6_n3_pairwise1,4,Q4,0.8316469284822218,0.02021843810534131,9
future_ret_6m,2016-03-31 00:00:00,FAC_rank_vol_m6_n3_pairwise1,5,High,0.8947519626038135,0.06302519947104053,10
future_ret_6m,2016-06-30 00:00:00,FAC_rank_vol_m6_n3_pairwise1,1,Low,0.6441738546955805,-0.053126058511009225,11
future_ret_6m,2016-06-30 00:00:00,FAC_rank_vol_m6_n3_pairwise1,2,Q2,0.7321604534701047,-0.015048706927414479,10
future_ret_6m,2016-06-30 00:00:00,FAC_rank_vol_m6_n3_pairwise1,3,Q3,0.7796829961243826,-0.04983742762255235,10
future_ret_6m,2016-06-30 00:00:00,FAC_rank_vol_m6_n3_pairwise1,4,Q4,0.8302057553542503,-0.007074338884648823,10
future_ret_6m,2016-06-30 00:00:00,FAC_rank_vol_m6_n3_pairwise1,5,High,0.8973054804854598,-0.04615562749588116,11
future_ret_6m,2016-09-30 00:00:00,FAC_rank_vol_m6_n3_pairwise1,1,Low,0.6540337848926558,-0.031058321510053125,13
future_ret_6m,2016-09-30 00:00:00,FAC_rank_vol_m6_n3_pairwise1,2,Q2,0.7388247927457706,0.002640987679202141,12
future_ret_6m,2016-09-30 00:00:00,FAC_rank_vol_m6_n3_pairwise1,3,Q3,0.7939448964805162,-0.006879407735578687,13
future_ret_6m,2016-09-30 00:00:00,FAC_rank_vol_m6_n3_pairwise1,4,Q4,0.8250569982272918,-0.004934071972695585,12
future_ret_6m,2016-09-30 00:00:00,FAC_rank_vol_m6_n3_pairwise1,5,High,0.8913354202305931,-0.014307852349723179,13
future_ret_6m,2016-12-30 00:00:00,FAC_rank_vol_m6_n3_pairwise1,1,Low,0.6818434276313793,0.04218207315791384,18
future_ret_6m,2016-12-30 00:00:00,FAC_rank_vol_m6_n3_pairwise1,2,Q2,0.7854379039222535,0.08028566576900659,17
future_ret_6m,2016-12-30 00:00:00,FAC_rank_vol_m6_n3_pairwise1,3,Q3,0.823472303536775,0.04719824209642242,17
future_ret_6m,2016-12-30 00:00:00,FAC_rank_vol_m6_n3_pairwise1,4,Q4,0.8524779307865399,0.05235655553169227,17
future_ret_6m,2016-12-30 00:00:00,FAC_rank_vol_m6_n3_pairwise1,5,High,0.901391033009489,0.03630218263187826,18
future_ret_6m,2017-03-31 00:00:00,FAC_rank_vol_m6_n3_pairwise1,1,Low,0.6664365168538438,0.07701983553926188,23
future_ret_6m,2017-03-31 00:00:00,FAC_rank_vol_m6_n3_pairwise1,2,Q2,0.7472700644181965,0.11680204723974055,22
future_ret_6m,2017-03-31 00:00:00,FAC_rank_vol_m6_n3_pairwise1,3,Q3,0.812194214521693,0.08472373301183632,22
future_ret_6m,2017-03-31 00:00:00,FAC_rank_vol_m6_n3_pairwise1,4,Q4,0.8545580075678001,0.0699192756538246,22
future_ret_6m,2017-03-31 00:00:00,FAC_rank_vol_m6_n3_pairwise1,5,High,0.9097151059162971,0.06589217063242042,22
future_ret_6m,2017-06-30 00:00:00,FAC_rank_vol_m6_n3_pairwise1,1,Low,0.7072780452098888,0.06140051291081464,24
future_ret_6m,2017-06-30 00:00:00,FAC_rank_vol_m6_n3_pairwise1,2,Q2,0.7939479918105957,0.08137087094448218,23
future_ret_6m,2017-06-30 00:00:00,FAC_rank_vol_m6_n3_pairwise1,3,Q3,0.8379575300173145,0.03823595175186042,23
future_ret_6m,2017-06-30 00:00:00,FAC_rank_vol_m6_n3_pairwise1,4,Q4,0.8773292590431637,0.0627665823180563,23
future_ret_6m,2017-06-30 00:00:00,FAC_rank_vol_m6_n3_pairwise1,5,High,0.9250656563361845,0.04230369046479271,24
future_ret_6m,2017-09-29 00:00:00,FAC_rank_vol_m6_n3_pairwise1,1,Low,0.6540671545906878,0.0036936614578708116,26
future_ret_6m,2017-09-29 00:00:00,FAC_rank_vol_m6_n3_pairwise1,2,Q2,0.7604463616969346,0.009651386701830926,25
future_ret_6m,2017-09-29 00:00:00,FAC_rank_vol_m6_n3_pairwise1,3,Q3,0.8203407459840114,-0.02705478204127028,26
future_ret_6m,2017-09-29 00:00:00,FAC_rank_vol_m6_n3_pairwise1,4,Q4,0.8723994845959783,-0.02981486690631999,25
future_ret_6m,2017-09-29 00:00:00,FAC_rank_vol_m6_n3_pairwise1,5,High,0.9276717759742006,0.0005899011811678495,26
future_ret_6m,2017-12-29 00:00:00,FAC_rank_vol_m6_n3_pairwise1,1,Low,0.6695969801576142,-0.059707046655842,28
future_ret_6m,2017-12-29 00:00:00,FAC_rank_vol_m6_n3_pairwise1,2,Q2,0.7572418049302081,-0.0849164920486275,27
future_ret_6m,2017-12-29 00:00:00,FAC_rank_vol_m6_n3_pairwise1,3,Q3,0.8176770111935914,-0.06542493683261925,27
future_ret_6m,2017-12-29 00:00:00,FAC_rank_vol_m6_n3_pairwise1,4,Q4,0.8728069022085575,-0.08484770847097751,27
future_ret_6m,2017-12-29 00:00:00,FAC_rank_vol_m6_n3_pairwise1,5,High,0.927300115911735,-0.09066719960545495,27
future_ret_6m,2018-03-30 00:00:00,FAC_rank_vol_m6_n3_pairwise1,1,Low,0.6450691213598273,-0.19615149616452368,27
future_ret_6m,2018-03-30 00:00:00,FAC_rank_vol_m6_n3_pairwise1,2,Q2,0.737473946629733,-0.1563577895439174,27
future_ret_6m,2018-03-30 00:00:00,FAC_rank_vol_m6_n3_pairwise1,3,Q3,0.7862332811763869,-0.11770972236801645,27
future_ret_6m,2018-03-30 00:00:00,FAC_rank_vol_m6_n3_pairwise1,4,Q4,0.8378984810207517,-0.15185549977923565,27
future_ret_6m,2018-03-30 00:00:00,FAC_rank_vol_m6_n3_pairwise1,5,High,0.8910915387582599,-0.14756061918654176,27
future_ret_6m,2018-06-29 00:00:00,FAC_rank_vol_m6_n3_pairwise1,1,Low,0.6276763317241486,-0.19262733904745583,28
future_ret_6m,2018-06-29 00:00:00,FAC_rank_vol_m6_n3_pairwise1,2,Q2,0.7049885446928246,-0.1921123993263984,28
future_ret_6m,2018-06-29 00:00:00,FAC_rank_vol_m6_n3_pairwise1,3,Q3,0.778846456964287,-0.1757239063284217,27
future_ret_6m,2018-06-29 00:00:00,FAC_rank_vol_m6_n3_pairwise1,4,Q4,0.8265231884948497,-0.17556882957686884,28
future_ret_6m,2018-06-29 00:00:00,FAC_rank_vol_m6_n3_pairwise1,5,High,0.8948339318442485,-0.17786791058665338,28
future_ret_6m,2018-09-28 00:00:00,FAC_rank_vol_m6_n3_pairwise1,1,Low,0.6352358969718772,0.14601751486549022,28
future_ret_6m,2018-09-28 00:00:00,FAC_rank_vol_m6_n3_pairwise1,2,Q2,0.7160478518310568,0.1614869779168382,27
future_ret_6m,2018-09-28 00:00:00,FAC_rank_vol_m6_n3_pairwise1,3,Q3,0.7635736130720812,0.12049957533702724,28
future_ret_6m,2018-09-28 00:00:00,FAC_rank_vol_m6_n3_pairwise1,4,Q4,0.8284604283745437,0.12481820319696323,27
future_ret_6m,2018-09-28 00:00:00,FAC_rank_vol_m6_n3_pairwise1,5,High,0.8977408876648117,0.12023194511258208,28
future_ret_6m,2018-12-28 00:00:00,FAC_rank_vol_m6_n3_pairwise1,1,Low,0.6693315659152519,0.3286933670353613,28
future_ret_6m,2018-12-28 00:00:00,FAC_rank_vol_m6_n3_pairwise1,2,Q2,0.748153127854394,0.2726634259005805,28
future_ret_6m,2018-12-28 00:00:00,FAC_rank_vol_m6_n3_pairwise1,3,Q3,0.8026393828445856,0.2687220480094651,28
future_ret_6m,2018-12-28 00:00:00,FAC_rank_vol_m6_n3_pairwise1,4,Q4,0.8539710735971612,0.27331694280166247,28
future_ret_6m,2018-12-28 00:00:00,FAC_rank_vol_m6_n3_pairwise1,5,High,0.9224765883687612,0.2667577432750327,28
future_ret_6m,2019-03-29 00:00:00,FAC_rank_vol_m6_n3_pairwise1,1,Low,0.6141842290654671,0.0962568444624131,29
future_ret_6m,2019-03-29 00:00:00,FAC_rank_vol_m6_n3_pairwise1,2,Q2,0.7006743995198617,0.07711628965149527,29
future_ret_6m,2019-03-29 00:00:00,FAC_rank_vol_m6_n3_pairwise1,3,Q3,0.7545159402930194,0.08562657985026242,28
future_ret_6m,2019-03-29 00:00:00,FAC_rank_vol_m6_n3_pairwise1,4,Q4,0.804411651146808,0.05029149758704412,29
future_ret_6m,2019-03-29 00:00:00,FAC_rank_vol_m6_n3_pairwise1,5,High,0.8756997630884058,0.05521413813372004,29
future_ret_6m,2019-06-28 00:00:00,FAC_rank_vol_m6_n3_pairwise1,1,Low,0.6498994910101165,0.1886634080368763,30
future_ret_6m,2019-06-28 00:00:00,FAC_rank_vol_m6_n3_pairwise1,2,Q2,0.7373692073213888,0.17766478318475853,30
future_ret_6m,2019-06-28 00:00:00,FAC_rank_vol_m6_n3_pairwise1,3,Q3,0.7948265953992774,0.18095022526984772,29
future_ret_6m,2019-06-28 00:00:00,FAC_rank_vol_m6_n3_pairwise1,4,Q4,0.8373632493780312,0.1625407709838044,30
future_ret_6m,2019-06-28 00:00:00,FAC_rank_vol_m6_n3_pairwise1,5,High,0.8937866369014457,0.19759710606067535,30
future_ret_6m,2019-09-30 00:00:00,FAC_rank_vol_m6_n3_pairwise1,1,Low,0.6501417081539109,0.10618091132922017,31
future_ret_6m,2019-09-30 00:00:00,FAC_rank_vol_m6_n3_pairwise1,2,Q2,0.7379261075446822,0.08840658494548419,30
future_ret_6m,2019-09-30 00:00:00,FAC_rank_vol_m6_n3_pairwise1,3,Q3,0.79046301508713,0.09565043215567985,30
future_ret_6m,2019-09-30 00:00:00,FAC_rank_vol_m6_n3_pairwise1,4,Q4,0.8411770549695711,0.08093825832666264,30
future_ret_6m,2019-09-30 00:00:00,FAC_rank_vol_m6_n3_pairwise1,5,High,0.898753752116491,0.07396141805987255,31
future_ret_6m,2019-12-31 00:00:00,FAC_rank_vol_m6_n3_pairwise1,1,Low,0.6769435024325059,0.18878728857440108,34
future_ret_6m,2019-12-31 00:00:00,FAC_rank_vol_m6_n3_pairwise1,2,Q2,0.7584738568442364,0.22462815936061742,34
future_ret_6m,2019-12-31 00:00:00,FAC_rank_vol_m6_n3_pairwise1,3,Q3,0.8035956649075469,0.21755656614673347,34
future_ret_6m,2019-12-31 00:00:00,FAC_rank_vol_m6_n3_pairwise1,4,Q4,0.857676182289196,0.20565440712576755,34
future_ret_6m,2019-12-31 00:00:00,FAC_rank_vol_m6_n3_pairwise1,5,High,0.9209243941417378,0.20685096861075503,34
future_ret_6m,2020-03-31 00:00:00,FAC_rank_vol_m6_n3_pairwise1,1,Low,0.6822965514787351,0.4201708961286788,36
future_ret_6m,2020-03-31 00:00:00,FAC_rank_vol_m6_n3_pairwise1,2,Q2,0.7648030792637004,0.3905584294155093,35
future_ret_6m,2020-03-31 00:00:00,FAC_rank_vol_m6_n3_pairwise1,3,Q3,0.8143941203816317,0.4275111805526121,36
future_ret_6m,2020-03-31 00:00:00,FAC_rank_vol_m6_n3_pairwise1,4,Q4,0.8570354047439666,0.402563568458084,35
future_ret_6m,2020-03-31 00:00:00,FAC_rank_vol_m6_n3_pairwise1,5,High,0.9158508512105564,0.3969685947026809,36
future_ret_6m,2020-06-30 00:00:00,FAC_rank_vol_m6_n3_pairwise1,1,Low,0.6342704803119219,0.3898152363300949,38
future_ret_6m,2020-06-30 00:00:00,FAC_rank_vol_m6_n3_pairwise1,2,Q2,0.7246458901670152,0.3058477461165412,37
future_ret_6m,2020-06-30 00:00:00,FAC_rank_vol_m6_n3_pairwise1,3,Q3,0.795042977099576,0.2835421127309458,37
future_ret_6m,2020-06-30 00:00:00,FAC_rank_vol_m6_n3_pairwise1,4,Q4,0.8558418226230458,0.2932456877673262,37
future_ret_6m,2020-06-30 00:00:00,FAC_rank_vol_m6_n3_pairwise1,5,High,0.9129722625785077,0.28203909287997464,38
future_ret_6m,2020-09-30 00:00:00,FAC_rank_vol_m6_n3_pairwise1,1,Low,0.6868810337502983,0.11052619470389691,40
future_ret_6m,2020-09-30 00:00:00,FAC_rank_vol_m6_n3_pairwise1,2,Q2,0.7520981084883758,0.09589069443078492,39
future_ret_6m,2020-09-30 00:00:00,FAC_rank_vol_m6_n3_pairwise1,3,Q3,0.7965162045340539,0.09483528181582027,40
future_ret_6m,2020-09-30 00:00:00,FAC_rank_vol_m6_n3_pairwise1,4,Q4,0.8377552449334579,0.10016894153855373,39
future_ret_6m,2020-09-30 00:00:00,FAC_rank_vol_m6_n3_pairwise1,5,High,0.888528552807986,0.09736718113060652,40
future_ret_6m,2020-12-31 00:00:00,FAC_rank_vol_m6_n3_pairwise1,1,Low,0.6498548117258718,0.12768076734709635,44
future_ret_6m,2020-12-31 00:00:00,FAC_rank_vol_m6_n3_pairwise1,2,Q2,0.7158510654942402,0.10685270550771601,43
future_ret_6m,2020-12-31 00:00:00,FAC_rank_vol_m6_n3_pairwise1,3,Q3,0.774198479935857,0.09973618846250676,44
future_ret_6m,2020-12-31 00:00:00,FAC_rank_vol_m6_n3_pairwise1,4,Q4,0.8321111034383661,0.08572647449026696,43
future_ret_6m,2020-12-31 00:00:00,FAC_rank_vol_m6_n3_pairwise1,5,High,0.9010036008116732,0.07295072493582433,44
future_ret_6m,2021-03-31 00:00:00,FAC_rank_vol_m6_n3_pairwise1,1,Low,0.6494562326473613,0.09368335279097131,46
future_ret_6m,2021-03-31 00:00:00,FAC_rank_vol_m6_n3_pairwise1,2,Q2,0.730109123420957,0.10663760565722852,46
future_ret_6m,2021-03-31 00:00:00,FAC_rank_vol_m6_n3_pairwise1,3,Q3,0.7947530604046866,0.09712423781677496,46
future_ret_6m,2021-03-31 00:00:00,FAC_rank_vol_m6_n3_pairwise1,4,Q4,0.8522753854623465,0.0691492393596536,46
future_ret_6m,2021-03-31 00:00:00,FAC_rank_vol_m6_n3_pairwise1,5,High,0.9058643052765395,0.1375357207343627,46
future_ret_6m,2021-06-30 00:00:00,FAC_rank_vol_m6_n3_pairwise1,1,Low,0.6142588801752703,0.07398223578211949,52
future_ret_6m,2021-06-30 00:00:00,FAC_rank_vol_m6_n3_pairwise1,2,Q2,0.6873636722758567,0.039195387538392336,51
future_ret_6m,2021-06-30 00:00:00,FAC_rank_vol_m6_n3_pairwise1,3,Q3,0.7403939175775623,0.02094690004900625,52
future_ret_6m,2021-06-30 00:00:00,FAC_rank_vol_m6_n3_pairwise1,4,Q4,0.7955784994985158,-0.015462194074104598,51
future_ret_6m,2021-06-30 00:00:00,FAC_rank_vol_m6_n3_pairwise1,5,High,0.8709309719206696,-0.021427001713878516,52
future_ret_6m,2021-09-30 00:00:00,FAC_rank_vol_m6_n3_pairwise1,1,Low,0.6496467127822962,-0.16571928011702045,57
future_ret_6m,2021-09-30 00:00:00,FAC_rank_vol_m6_n3_pairwise1,2,Q2,0.7350048423770021,-0.12909820557801932,56
future_ret_6m,2021-09-30 00:00:00,FAC_rank_vol_m6_n3_pairwise1,3,Q3,0.7862055451444961,-0.13442565080638233,57
future_ret_6m,2021-09-30 00:00:00,FAC_rank_vol_m6_n3_pairwise1,4,Q4,0.8336992284484237,-0.15489195772267456,56
future_ret_6m,2021-09-30 00:00:00,FAC_rank_vol_m6_n3_pairwise1,5,High,0.8931949034671168,-0.17088220868632403,57
future_ret_6m,2021-12-31 00:00:00,FAC_rank_vol_m6_n3_pairwise1,1,Low,0.6539498251920257,-0.10721378966918498,60
future_ret_6m,2021-12-31 00:00:00,FAC_rank_vol_m6_n3_pairwise1,2,Q2,0.7399740201057653,-0.09586140497159347,59
future_ret_6m,2021-12-31 00:00:00,FAC_rank_vol_m6_n3_pairwise1,3,Q3,0.7969278653668805,-0.09775613366120321,60
future_ret_6m,2021-12-31 00:00:00,FAC_rank_vol_m6_n3_pairwise1,4,Q4,0.848217374941882,-0.10425170418686466,59
future_ret_6m,2021-12-31 00:00:00,FAC_rank_vol_m6_n3_pairwise1,5,High,0.9046295421958231,-0.09665395821309479,60
future_ret_6m,2022-03-31 00:00:00,FAC_rank_vol_m6_n3_pairwise1,1,Low,0.6433600956359202,-0.07905737081418437,66
future_ret_6m,2022-03-31 00:00:00,FAC_rank_vol_m6_n3_pairwise1,2,Q2,0.7207583457242189,-0.05295045673389968,66
future_ret_6m,2022-03-31 00:00:00,FAC_rank_vol_m6_n3_pairwise1,3,Q3,0.7702967652253315,-0.05490348912249342,65
future_ret_6m,2022-03-31 00:00:00,FAC_rank_vol_m6_n3_pairwise1,4,Q4,0.8213843979320264,-0.057118010995611077,66
future_ret_6m,2022-03-31 00:00:00,FAC_rank_vol_m6_n3_pairwise1,5,High,0.8892226542276174,-0.054820122008457185,66
future_ret_6m,2022-06-30 00:00:00,FAC_rank_vol_m6_n3_pairwise1,1,Low,0.6368764061342065,-0.1327788149127411,76
future_ret_6m,2022-06-30 00:00:00,FAC_rank_vol_m6_n3_pairwise1,2,Q2,0.7151023370060886,-0.14973954036605047,76
future_ret_6m,2022-06-30 00:00:00,FAC_rank_vol_m6_n3_pairwise1,3,Q3,0.7773086376843651,-0.14155132690522923,76
future_ret_6m,2022-06-30 00:00:00,FAC_rank_vol_m6_n3_pairwise1,4,Q4,0.830168405607359,-0.1402824428729076,76
future_ret_6m,2022-06-30 00:00:00,FAC_rank_vol_m6_n3_pairwise1,5,High,0.8955177414778106,-0.14391911707744312,76
future_ret_6m,2007-12-28 00:00:00,FAC_rank_vol_m6_n6_pairwise1,1,Low,0.7618786443941699,,2
future_ret_6m,2007-12-28 00:00:00,FAC_rank_vol_m6_n6_pairwise1,2,Q2,0.8559242717765752,,1
future_ret_6m,2007-12-28 00:00:00,FAC_rank_vol_m6_n6_pairwise1,3,Q3,0.8948306331126767,,1
future_ret_6m,2007-12-28 00:00:00,FAC_rank_vol_m6_n6_pairwise1,4,Q4,0.9089218120819297,,1
future_ret_6m,2007-12-28 00:00:00,FAC_rank_vol_m6_n6_pairwise1,5,High,0.9182054104035959,,1
future_ret_6m,2008-03-31 00:00:00,FAC_rank_vol_m6_n6_pairwise1,1,Low,0.7015352535213856,,1
future_ret_6m,2008-03-31 00:00:00,FAC_rank_vol_m6_n6_pairwise1,2,Q2,0.7361308803795905,,1
future_ret_6m,2008-03-31 00:00:00,FAC_rank_vol_m6_n6_pairwise1,3,Q3,0.8014436005097295,,1
future_ret_6m,2008-03-31 00:00:00,FAC_rank_vol_m6_n6_pairwise1,4,Q4,0.870088678971012,,1
future_ret_6m,2008-03-31 00:00:00,FAC_rank_vol_m6_n6_pairwise1,5,High,0.935118497788468,,1
future_ret_6m,2008-06-30 00:00:00,FAC_rank_vol_m6_n6_pairwise1,1,Low,0.7016866034352733,,2
future_ret_6m,2008-06-30 00:00:00,FAC_rank_vol_m6_n6_pairwise1,2,Q2,0.7541789809035258,,1
future_ret_6m,2008-06-30 00:00:00,FAC_rank_vol_m6_n6_pairwise1,3,Q3,0.7584038376383933,,1
future_ret_6m,2008-06-30 00:00:00,FAC_rank_vol_m6_n6_pairwise1,4,Q4,0.7800296859137321,,1
future_ret_6m,2008-06-30 00:00:00,FAC_rank_vol_m6_n6_pairwise1,5,High,0.8424199821635523,,2
future_ret_6m,2008-09-26 00:00:00,FAC_rank_vol_m6_n6_pairwise1,1,Low,0.7092888662850432,,2
future_ret_6m,2008-09-26 00:00:00,FAC_rank_vol_m6_n6_pairwise1,2,Q2,0.7825498497307608,,2
future_ret_6m,2008-09-26 00:00:00,FAC_rank_vol_m6_n6_pairwise1,3,Q3,0.8252904245758041,,1
future_ret_6m,2008-09-26 00:00:00,FAC_rank_vol_m6_n6_pairwise1,4,Q4,0.8589047233499217,,2
future_ret_6m,2008-09-26 00:00:00,FAC_rank_vol_m6_n6_pairwise1,5,High,0.8943635650579307,,2
future_ret_6m,2008-12-31 00:00:00,FAC_rank_vol_m6_n6_pairwise1,1,Low,0.8030067885400264,,3
future_ret_6m,2008-12-31 00:00:00,FAC_rank_vol_m6_n6_pairwise1,2,Q2,0.8205424693674898,,2
future_ret_6m,2008-12-31 00:00:00,FAC_rank_vol_m6_n6_pairwise1,3,Q3,0.8572781590795673,,3
future_ret_6m,2008-12-31 00:00:00,FAC_rank_vol_m6_n6_pairwise1,4,Q4,0.8969794543067147,,2
future_ret_6m,2008-12-31 00:00:00,FAC_rank_vol_m6_n6_pairwise1,5,High,0.9621607500510326,,3
future_ret_6m,2009-03-31 00:00:00,FAC_rank_vol_m6_n6_pairwise1,1,Low,0.6292222285777893,,4
future_ret_6m,2009-03-31 00:00:00,FAC_rank_vol_m6_n6_pairwise1,2,Q2,0.7568881990399884,,3
future_ret_6m,2009-03-31 00:00:00,FAC_rank_vol_m6_n6_pairwise1,3,Q3,0.8353623783683607,,3
future_ret_6m,2009-03-31 00:00:00,FAC_rank_vol_m6_n6_pairwise1,4,Q4,0.8778412219999078,,3
future_ret_6m,2009-03-31 00:00:00,FAC_rank_vol_m6_n6_pairwise1,5,High,0.9222461482744335,,3
future_ret_6m,2009-06-30 00:00:00,FAC_rank_vol_m6_n6_pairwise1,1,Low,0.7346653574096824,,4
future_ret_6m,2009-06-30 00:00:00,FAC_rank_vol_m6_n6_pairwise1,2,Q2,0.7969170784965182,,3
future_ret_6m,2009-06-30 00:00:00,FAC_rank_vol_m6_n6_pairwise1,3,Q3,0.8422779257522132,,3
future_ret_6m,2009-06-30 00:00:00,FAC_rank_vol_m6_n6_pairwise1,4,Q4,0.9039428276619423,,3
future_ret_6m,2009-06-30 00:00:00,FAC_rank_vol_m6_n6_pairwise1,5,High,0.9810056497955784,,3
future_ret_6m,2009-09-30 00:00:00,FAC_rank_vol_m6_n6_pairwise1,1,Low,0.7391981161935854,,4
future_ret_6m,2009-09-30 00:00:00,FAC_rank_vol_m6_n6_pairwise1,2,Q2,0.8140423109165288,,4
future_ret_6m,2009-09-30 00:00:00,FAC_rank_vol_m6_n6_pairwise1,3,Q3,0.8625541116302725,,3
future_ret_6m,2009-09-30 00:00:00,FAC_rank_vol_m6_n6_pairwise1,4,Q4,0.9036595648889849,,4
future_ret_6m,2009-09-30 00:00:00,FAC_rank_vol_m6_n6_pairwise1,5,High,0.9550248812470054,,4
future_ret_6m,2009-12-31 00:00:00,FAC_rank_vol_m6_n6_pairwise1,1,Low,0.7586307753571384,-0.1944098681307762,5
future_ret_6m,2009-12-31 00:00:00,FAC_rank_vol_m6_n6_pairwise1,2,Q2,0.8238134417489568,,4
future_ret_6m,2009-12-31 00:00:00,FAC_rank_vol_m6_n6_pairwise1,3,Q3,0.8716226445674005,-0.17741096534211148,5
future_ret_6m,2009-12-31 00:00:00,FAC_rank_vol_m6_n6_pairwise1,4,Q4,0.9194458734355213,,4
future_ret_6m,2009-12-31 00:00:00,FAC_rank_vol_m6_n6_pairwise1,5,High,0.958730769261393,-0.17716808310450655,5
future_ret_6m,2010-03-31 00:00:00,FAC_rank_vol_m6_n6_pairwise1,1,Low,0.6884904951764335,0.028722593086012636,6
future_ret_6m,2010-03-31 00:00:00,FAC_rank_vol_m6_n6_pairwise1,2,Q2,0.8028398709464227,-0.021570466918668953,5
future_ret_6m,2010-03-31 00:00:00,FAC_rank_vol_m6_n6_pairwise1,3,Q3,0.8575142826427582,-0.04017913722530575,5
future_ret_6m,2010-03-31 00:00:00,FAC_rank_vol_m6_n6_pairwise1,4,Q4,0.8862870453628346,0.01129039303525201,5
future_ret_6m,2010-03-31 00:00:00,FAC_rank_vol_m6_n6_pairwise1,5,High,0.9429215527834425,-0.04976668281439904,5
future_ret_6m,2010-06-30 00:00:00,FAC_rank_vol_m6_n6_pairwise1,1,Low,0.7398039437276692,0.22850427236180806,6
future_ret_6m,2010-06-30 00:00:00,FAC_rank_vol_m6_n6_pairwise1,2,Q2,0.8033489870719379,0.27455011502602833,5
future_ret_6m,2010-06-30 00:00:00,FAC_rank_vol_m6_n6_pairwise1,3,Q3,0.8600924153206122,0.15364066132871979,5
future_ret_6m,2010-06-30 00:00:00,FAC_rank_vol_m6_n6_pairwise1,4,Q4,0.8983784912571627,0.239307933073375,5
future_ret_6m,2010-06-30 00:00:00,FAC_rank_vol_m6_n6_pairwise1,5,High,0.9425552999678996,0.24097556313488333,5
future_ret_6m,2010-09-30 00:00:00,FAC_rank_vol_m6_n6_pairwise1,1,Low,0.7847854515674619,0.08832964888582762,5
future_ret_6m,2010-09-30 00:00:00,FAC_rank_vol_m6_n6_pairwise1,2,Q2,0.8520430210625138,0.008069817146739867,5
future_ret_6m,2010-09-30 00:00:00,FAC_rank_vol_m6_n6_pairwise1,3,Q3,0.8754320443906616,0.02382076286884761,5
future_ret_6m,2010-09-30 00:00:00,FAC_rank_vol_m6_n6_pairwise1,4,Q4,0.9079869081263088,0.0637220984219665,5
future_ret_6m,2010-09-30 00:00:00,FAC_rank_vol_m6_n6_pairwise1,5,High,0.9635701295775043,0.09275551881642677,5
future_ret_6m,2010-12-31 00:00:00,FAC_rank_vol_m6_n6_pairwise1,1,Low,0.7267999769155757,-0.08536130959979803,6
future_ret_6m,2010-12-31 00:00:00,FAC_rank_vol_m6_n6_pairwise1,2,Q2,0.808202399660852,-0.07005085040517968,5
future_ret_6m,2010-12-31 00:00:00,FAC_rank_vol_m6_n6_pairwise1,3,Q3,0.8609270892089457,-0.08333798115752707,5
future_ret_6m,2010-12-31 00:00:00,FAC_rank_vol_m6_n6_pairwise1,4,Q4,0.9045468473061244,-0.05973691373107041,5
future_ret_6m,2010-12-31 00:00:00,FAC_rank_vol_m6_n6_pairwise1,5,High,0.9385567969201629,-0.033624152444790084,6
future_ret_6m,2011-03-31 00:00:00,FAC_rank_vol_m6_n6_pairwise1,1,Low,0.711740688460007,-0.13458884960245288,6
future_ret_6m,2011-03-31 00:00:00,FAC_rank_vol_m6_n6_pairwise1,2,Q2,0.8113089547090955,-0.16464314437607097,5
future_ret_6m,2011-03-31 00:00:00,FAC_rank_vol_m6_n6_pairwise1,3,Q3,0.8783392780386932,-0.1663686244840023,5
future_ret_6m,2011-03-31 00:00:00,FAC_rank_vol_m6_n6_pairwise1,4,Q4,0.9267853920774816,-0.17536966515167882,5
future_ret_6m,2011-03-31 00:00:00,FAC_rank_vol_m6_n6_pairwise1,5,High,0.9718396996459268,-0.1428794293710809,5
future_ret_6m,2011-06-30 00:00:00,FAC_rank_vol_m6_n6_pairwise1,1,Low,0.7080870331054377,-0.20673700923549887,6
future_ret_6m,2011-06-30 00:00:00,FAC_rank_vol_m6_n6_pairwise1,2,Q2,0.7878574342745561,-0.18364008917245583,5
future_ret_6m,2011-06-30 00:00:00,FAC_rank_vol_m6_n6_pairwise1,3,Q3,0.8341363437627828,-0.19892452501616123,6
future_ret_6m,2011-06-30 00:00:00,FAC_rank_vol_m6_n6_pairwise1,4,Q4,0.8705589213268651,-0.13986904574375636,5
future_ret_6m,2011-06-30 00:00:00,FAC_rank_vol_m6_n6_pairwise1,5,High,0.9453799914293373,-0.15717485583317584,6
future_ret_6m,2011-09-30 00:00:00,FAC_rank_vol_m6_n6_pairwise1,1,Low,0.6903132218065119,-0.06717368098384817,7
future_ret_6m,2011-09-30 00:00:00,FAC_rank_vol_m6_n6_pairwise1,2,Q2,0.8019732896227723,-0.05980964009711256,6
future_ret_6m,2011-09-30 00:00:00,FAC_rank_vol_m6_n6_pairwise1,3,Q3,0.8366211151680316,-0.036578344240712414,6
future_ret_6m,2011-09-30 00:00:00,FAC_rank_vol_m6_n6_pairwise1,4,Q4,0.8731027404342181,-0.09809221554368037,6
future_ret_6m,2011-09-30 00:00:00,FAC_rank_vol_m6_n6_pairwise1,5,High,0.9333076138333091,-0.0890032365216331,6
future_ret_6m,2011-12-30 00:00:00,FAC_rank_vol_m6_n6_pairwise1,1,Low,0.7114939808688171,0.06121356388222976,7
future_ret_6m,2011-12-30 00:00:00,FAC_rank_vol_m6_n6_pairwise1,2,Q2,0.7943069177412116,0.029850749598451132,7
future_ret_6m,2011-12-30 00:00:00,FAC_rank_vol_m6_n6_pairwise1,3,Q3,0.8537892858151667,0.04349679075996644,7
future_ret_6m,2011-12-30 00:00:00,FAC_rank_vol_m6_n6_pairwise1,4,Q4,0.8972363828773043,0.029859360791452554,7
future_ret_6m,2011-12-30 00:00:00,FAC_rank_vol_m6_n6_pairwise1,5,High,0.9514815520334149,0.0872193577189471,7
future_ret_6m,2012-03-30 00:00:00,FAC_rank_vol_m6_n6_pairwise1,1,Low,0.7112031547145964,-0.03913872435084335,7
future_ret_6m,2012-03-30 00:00:00,FAC_rank_vol_m6_n6_pairwise1,2,Q2,0.8101665006641215,0.015553603320207776,6
future_ret_6m,2012-03-30 00:00:00,FAC_rank_vol_m6_n6_pairwise1,3,Q3,0.8471250740939436,0.005724919804651507,6
future_ret_6m,2012-03-30 00:00:00,FAC_rank_vol_m6_n6_pairwise1,4,Q4,0.891100457298891,-0.012994469138426243,6
future_ret_6m,2012-03-30 00:00:00,FAC_rank_vol_m6_n6_pairwise1,5,High,0.9468294382663248,-0.03648842890424293,7
future_ret_6m,2012-06-29 00:00:00,FAC_rank_vol_m6_n6_pairwise1,1,Low,0.7211681300243629,0.01078725763186264,8
future_ret_6m,2012-06-29 00:00:00,FAC_rank_vol_m6_n6_pairwise1,2,Q2,0.8057111417107607,0.01895415539107483,7
future_ret_6m,2012-06-29 00:00:00,FAC_rank_vol_m6_n6_pairwise1,3,Q3,0.8574555470160746,-0.015910977368403,7
future_ret_6m,2012-06-29 00:00:00,FAC_rank_vol_m6_n6_pairwise1,4,Q4,0.8803375035079152,-0.008688129418211196,7
future_ret_6m,2012-06-29 00:00:00,FAC_rank_vol_m6_n6_pairwise1,5,High,0.9258001301921197,-9.761501540341e-05,8
future_ret_6m,2012-09-28 00:00:00,FAC_rank_vol_m6_n6_pairwise1,1,Low,0.6478414876870308,0.09550806728301253,8
future_ret_6m,2012-09-28 00:00:00,FAC_rank_vol_m6_n6_pairwise1,2,Q2,0.7467664087219739,0.0679717176010537,8
future_ret_6m,2012-09-28 00:00:00,FAC_rank_vol_m6_n6_pairwise1,3,Q3,0.8180038711225666,0.13945781861634185,8
future_ret_6m,2012-09-28 00:00:00,FAC_rank_vol_m6_n6_pairwise1,4,Q4,0.8746622800610862,0.08460774703441021,8
future_ret_6m,2012-09-28 00:00:00,FAC_rank_vol_m6_n6_pairwise1,5,High,0.9212546521678155,0.09619724173185529,8
future_ret_6m,2012-12-31 00:00:00,FAC_rank_vol_m6_n6_pairwise1,1,Low,0.7232831302823156,-0.036898105421384844,10
future_ret_6m,2012-12-31 00:00:00,FAC_rank_vol_m6_n6_pairwise1,2,Q2,0.8213185940055718,0.007491948345276456,10
future_ret_6m,2012-12-31 00:00:00,FAC_rank_vol_m6_n6_pairwise1,3,Q3,0.8762342882085922,0.03322518597815723,9
future_ret_6m,2012-12-31 00:00:00,FAC_rank_vol_m6_n6_pairwise1,4,Q4,0.9237080886407352,0.009581912720681396,10
future_ret_6m,2012-12-31 00:00:00,FAC_rank_vol_m6_n6_pairwise1,5,High,0.9690402228288224,0.05241413442179939,10
future_ret_6m,2013-03-29 00:00:00,FAC_rank_vol_m6_n6_pairwise1,1,Low,0.6848944900094163,0.16208792609426423,11
future_ret_6m,2013-03-29 00:00:00,FAC_rank_vol_m6_n6_pairwise1,2,Q2,0.7679542218813381,0.1538050277324128,11
future_ret_6m,2013-03-29 00:00:00,FAC_rank_vol_m6_n6_pairwise1,3,Q3,0.8185395687328001,0.10897411033356592,10
future_ret_6m,2013-03-29 00:00:00,FAC_rank_vol_m6_n6_pairwise1,4,Q4,0.8664964844221793,0.1225277267510752,11
future_ret_6m,2013-03-29 00:00:00,FAC_rank_vol_m6_n6_pairwise1,5,High,0.9160813736372748,0.10438337180839068,11
future_ret_6m,2013-06-28 00:00:00,FAC_rank_vol_m6_n6_pairwise1,1,Low,0.6949507791781236,0.06041495901230401,11
future_ret_6m,2013-06-28 00:00:00,FAC_rank_vol_m6_n6_pairwise1,2,Q2,0.777536184280481,0.09920418011660893,11
future_ret_6m,2013-06-28 00:00:00,FAC_rank_vol_m6_n6_pairwise1,3,Q3,0.8290253621428557,0.10600406051965955,11
future_ret_6m,2013-06-28 00:00:00,FAC_rank_vol_m6_n6_pairwise1,4,Q4,0.8768787179556127,0.09268070195746442,11
future_ret_6m,2013-06-28 00:00:00,FAC_rank_vol_m6_n6_pairwise1,5,High,0.9330985173967797,0.09094970887408756,11
future_ret_6m,2013-09-30 00:00:00,FAC_rank_vol_m6_n6_pairwise1,1,Low,0.7596644205072948,-0.0434672397317691,12
future_ret_6m,2013-09-30 00:00:00,FAC_rank_vol_m6_n6_pairwise1,2,Q2,0.845896572685313,-0.0785326016415887,11
future_ret_6m,2013-09-30 00:00:00,FAC_rank_vol_m6_n6_pairwise1,3,Q3,0.8881594283166391,-0.05091615367227771,11
future_ret_6m,2013-09-30 00:00:00,FAC_rank_vol_m6_n6_pairwise1,4,Q4,0.9231010804479383,-0.08242344869447092,11
future_ret_6m,2013-09-30 00:00:00,FAC_rank_vol_m6_n6_pairwise1,5,High,0.9640884837716528,-0.09220058600275745,11
future_ret_6m,2013-12-31 00:00:00,FAC_rank_vol_m6_n6_pairwise1,1,Low,0.7313289937488463,0.014917265767374075,13
future_ret_6m,2013-12-31 00:00:00,FAC_rank_vol_m6_n6_pairwise1,2,Q2,0.8095327678653947,-0.027734962300924104,12
future_ret_6m,2013-12-31 00:00:00,FAC_rank_vol_m6_n6_pairwise1,3,Q3,0.8894219748488389,-0.0268116504838741,12
future_ret_6m,2013-12-31 00:00:00,FAC_rank_vol_m6_n6_pairwise1,4,Q4,0.9220719085941443,-0.02831150429222983,12
future_ret_6m,2013-12-31 00:00:00,FAC_rank_vol_m6_n6_pairwise1,5,High,0.9641691326674741,-0.05002844900222885,13
future_ret_6m,2014-03-31 00:00:00,FAC_rank_vol_m6_n6_pairwise1,1,Low,0.7741903510150281,0.13142576483883933,13
future_ret_6m,2014-03-31 00:00:00,FAC_rank_vol_m6_n6_pairwise1,2,Q2,0.8380271931071003,0.18290451948276665,12
future_ret_6m,2014-03-31 00:00:00,FAC_rank_vol_m6_n6_pairwise1,3,Q3,0.8719557840590985,0.1635991364632566,12
future_ret_6m,2014-03-31 00:00:00,FAC_rank_vol_m6_n6_pairwise1,4,Q4,0.9016668109935804,0.16340261437213155,12
future_ret_6m,2014-03-31 00:00:00,FAC_rank_vol_m6_n6_pairwise1,5,High,0.9451359890478205,0.12175744227270352,12
future_ret_6m,2014-06-30 00:00:00,FAC_rank_vol_m6_n6_pairwise1,1,Low,0.7538238842244178,0.2652946947926782,12
future_ret_6m,2014-06-30 00:00:00,FAC_rank_vol_m6_n6_pairwise1,2,Q2,0.848414343684341,0.27467314308332375,11
future_ret_6m,2014-06-30 00:00:00,FAC_rank_vol_m6_n6_pairwise1,3,Q3,0.8872915478978322,0.1696014507435194,11
future_ret_6m,2014-06-30 00:00:00,FAC_rank_vol_m6_n6_pairwise1,4,Q4,0.9127288556545355,0.25312237401980414,11
future_ret_6m,2014-06-30 00:00:00,FAC_rank_vol_m6_n6_pairwise1,5,High,0.9562491040512192,0.23771157834808188,12
future_ret_6m,2014-09-30 00:00:00,FAC_rank_vol_m6_n6_pairwise1,1,Low,0.7137372184286449,0.38344052213748675,12
future_ret_6m,2014-09-30 00:00:00,FAC_rank_vol_m6_n6_pairwise1,2,Q2,0.8058071001057161,0.4847175420333538,11
future_ret_6m,2014-09-30 00:00:00,FAC_rank_vol_m6_n6_pairwise1,3,Q3,0.8597230691889883,0.43002656913037884,11
future_ret_6m,2014-09-30 00:00:00,FAC_rank_vol_m6_n6_pairwise1,4,Q4,0.8936987024792598,0.42943577685176,11
future_ret_6m,2014-09-30 00:00:00,FAC_rank_vol_m6_n6_pairwise1,5,High,0.9337393161005046,0.48491531163674173,12
future_ret_6m,2014-12-31 00:00:00,FAC_rank_vol_m6_n6_pairwise1,1,Low,0.6950791734611711,0.5123193787275716,10
future_ret_6m,2014-12-31 00:00:00,FAC_rank_vol_m6_n6_pairwise1,2,Q2,0.7768296319042051,0.5389313324385361,10
future_ret_6m,2014-12-31 00:00:00,FAC_rank_vol_m6_n6_pairwise1,3,Q3,0.8390014796628946,0.5205406207592542,9
future_ret_6m,2014-12-31 00:00:00,FAC_rank_vol_m6_n6_pairwise1,4,Q4,0.8774551146624356,0.5327834107323384,10
future_ret_6m,2014-12-31 00:00:00,FAC_rank_vol_m6_n6_pairwise1,5,High,0.9222050858761529,0.659047814148898,10
future_ret_6m,2015-03-31 00:00:00,FAC_rank_vol_m6_n6_pairwise1,1,Low,0.6767179102966259,-0.10711738683742078,10
future_ret_6m,2015-03-31 00:00:00,FAC_rank_vol_m6_n6_pairwise1,2,Q2,0.774676541319487,-0.10034742010596326,9
future_ret_6m,2015-03-31 00:00:00,FAC_rank_vol_m6_n6_pairwise1,3,Q3,0.8273305436330661,-0.09472933185315771,10
future_ret_6m,2015-03-31 00:00:00,FAC_rank_vol_m6_n6_pairwise1,4,Q4,0.8688807978482641,-0.1677236365649416,9
future_ret_6m,2015-03-31 00:00:00,FAC_rank_vol_m6_n6_pairwise1,5,High,0.9189600729442589,-0.07615296749280205,10
future_ret_6m,2015-06-30 00:00:00,FAC_rank_vol_m6_n6_pairwise1,1,Low,0.7317148280374088,-0.026003498081053067,8
future_ret_6m,2015-06-30 00:00:00,FAC_rank_vol_m6_n6_pairwise1,2,Q2,0.8187485034821164,-0.005037159970339854,7
future_ret_6m,2015-06-30 00:00:00,FAC_rank_vol_m6_n6_pairwise1,3,Q3,0.8570108465874908,-0.03461400519002338,7
future_ret_6m,2015-06-30 00:00:00,FAC_rank_vol_m6_n6_pairwise1,4,Q4,0.8985291654880986,0.0027158001326723635,7
future_ret_6m,2015-06-30 00:00:00,FAC_rank_vol_m6_n6_pairwise1,5,High,0.9475469585335341,-0.06004929746189786,7
future_ret_6m,2015-09-30 00:00:00,FAC_rank_vol_m6_n6_pairwise1,1,Low,0.647568183872224,0.0557989810966097,7
future_ret_6m,2015-09-30 00:00:00,FAC_rank_vol_m6_n6_pairwise1,2,Q2,0.7381297754336126,0.07808682399561466,7
future_ret_6m,2015-09-30 00:00:00,FAC_rank_vol_m6_n6_pairwise1,3,Q3,0.7830115730457161,0.08327963391434816,7
future_ret_6m,2015-09-30 00:00:00,FAC_rank_vol_m6_n6_pairwise1,4,Q4,0.8500647797216415,0.09516993127742798,7
future_ret_6m,2015-09-30 00:00:00,FAC_rank_vol_m6_n6_pairwise1,5,High,0.917161803690543,0.08112992155206349,7
future_ret_6m,2015-12-31 00:00:00,FAC_rank_vol_m6_n6_pairwise1,1,Low,0.717374946022638,-0.14609523576491834,8
future_ret_6m,2015-12-31 00:00:00,FAC_rank_vol_m6_n6_pairwise1,2,Q2,0.8026171038597214,-0.13451903384206212,7
future_ret_6m,2015-12-31 00:00:00,FAC_rank_vol_m6_n6_pairwise1,3,Q3,0.8437812931115759,-0.15503170490457507,8
future_ret_6m,2015-12-31 00:00:00,FAC_rank_vol_m6_n6_pairwise1,4,Q4,0.8743318838330648,-0.134479825125366,7
future_ret_6m,2015-12-31 00:00:00,FAC_rank_vol_m6_n6_pairwise1,5,High,0.9139802826346904,-0.12604343942551044,8
future_ret_6m,2016-03-31 00:00:00,FAC_rank_vol_m6_n6_pairwise1,1,Low,0.7297026927214032,0.030245127346697733,9
future_ret_6m,2016-03-31 00:00:00,FAC_rank_vol_m6_n6_pairwise1,2,Q2,0.7905547041100305,0.009741753167657186,8
future_ret_6m,2016-03-31 00:00:00,FAC_rank_vol_m6_n6_pairwise1,3,Q3,0.8324708439747761,0.039297227417603525,8
future_ret_6m,2016-03-31 00:00:00,FAC_rank_vol_m6_n6_pairwise1,4,Q4,0.8797392994829245,0.045322363408513366,8
future_ret_6m,2016-03-31 00:00:00,FAC_rank_vol_m6_n6_pairwise1,5,High,0.9245183292555339,0.04292549386747893,8
future_ret_6m,2016-06-30 00:00:00,FAC_rank_vol_m6_n6_pairwise1,1,Low,0.7413072662024723,-0.03240934681787563,9
future_ret_6m,2016-06-30 00:00:00,FAC_rank_vol_m6_n6_pairwise1,2,Q2,0.8212858596771259,-0.02373279804637587,9
future_ret_6m,2016-06-30 00:00:00,FAC_rank_vol_m6_n6_pairwise1,3,Q3,0.8659431105288675,-0.03262354886459072,9
future_ret_6m,2016-06-30 00:00:00,FAC_rank_vol_m6_n6_pairwise1,4,Q4,0.892778674548701,-0.03470381144996171,9
future_ret_6m,2016-06-30 00:00:00,FAC_rank_vol_m6_n6_pairwise1,5,High,0.9373084851394344,-0.021376118425016348,9
future_ret_6m,2016-09-30 00:00:00,FAC_rank_vol_m6_n6_pairwise1,1,Low,0.6797800117955746,-0.0408010945725788,10
future_ret_6m,2016-09-30 00:00:00,FAC_rank_vol_m6_n6_pairwise1,2,Q2,0.7750700229021857,0.000704600144811687,9
future_ret_6m,2016-09-30 00:00:00,FAC_rank_vol_m6_n6_pairwise1,3,Q3,0.8425685018505543,-0.0009855719526557813,9
future_ret_6m,2016-09-30 00:00:00,FAC_rank_vol_m6_n6_pairwise1,4,Q4,0.8869003871569964,-0.01922114567243158,9
future_ret_6m,2016-09-30 00:00:00,FAC_rank_vol_m6_n6_pairwise1,5,High,0.9352548342110205,-0.02098402155418407,9
future_ret_6m,2016-12-30 00:00:00,FAC_rank_vol_m6_n6_pairwise1,1,Low,0.7767080204024656,0.06330945208320858,12
future_ret_6m,2016-12-30 00:00:00,FAC_rank_vol_m6_n6_pairwise1,2,Q2,0.8474274830617462,0.06576989070465857,12
future_ret_6m,2016-12-30 00:00:00,FAC_rank_vol_m6_n6_pairwise1,3,Q3,0.8753571228229847,0.05310123363806654,11
future_ret_6m,2016-12-30 00:00:00,FAC_rank_vol_m6_n6_pairwise1,4,Q4,0.9083530742014504,0.07515000549071915,12
future_ret_6m,2016-12-30 00:00:00,FAC_rank_vol_m6_n6_pairwise1,5,High,0.9426673484546303,0.023199770144498495,12
future_ret_6m,2017-03-31 00:00:00,FAC_rank_vol_m6_n6_pairwise1,1,Low,0.7333056389049195,0.10600821039764668,16
future_ret_6m,2017-03-31 00:00:00,FAC_rank_vol_m6_n6_pairwise1,2,Q2,0.8102247044339073,0.10156793254848039,15
future_ret_6m,2017-03-31 00:00:00,FAC_rank_vol_m6_n6_pairwise1,3,Q3,0.8664162742066643,0.09340219978924136,16
future_ret_6m,2017-03-31 00:00:00,FAC_rank_vol_m6_n6_pairwise1,4,Q4,0.916344248066694,0.10060213559339812,15
future_ret_6m,2017-03-31 00:00:00,FAC_rank_vol_m6_n6_pairwise1,5,High,0.9557904535398936,0.05576693225187647,16
future_ret_6m,2017-06-30 00:00:00,FAC_rank_vol_m6_n6_pairwise1,1,Low,0.7359032390858017,0.07483327447963774,21
future_ret_6m,2017-06-30 00:00:00,FAC_rank_vol_m6_n6_pairwise1,2,Q2,0.830168624157355,0.0925581931419749,20
future_ret_6m,2017-06-30 00:00:00,FAC_rank_vol_m6_n6_pairwise1,3,Q3,0.8810646733822937,0.05902025967836588,20
future_ret_6m,2017-06-30 00:00:00,FAC_rank_vol_m6_n6_pairwise1,4,Q4,0.9219535237363339,0.06554028231612173,20
future_ret_6m,2017-06-30 00:00:00,FAC_rank_vol_m6_n6_pairwise1,5,High,0.9569698604778438,0.02620806364779376,20
future_ret_6m,2017-09-29 00:00:00,FAC_rank_vol_m6_n6_pairwise1,1,Low,0.7935516479753839,0.023681640372420928,23
future_ret_6m,2017-09-29 00:00:00,FAC_rank_vol_m6_n6_pairwise1,2,Q2,0.8667259412614967,-0.009657996383458293,22
future_ret_6m,2017-09-29 00:00:00,FAC_rank_vol_m6_n6_pairwise1,3,Q3,0.9025883651412527,0.002124931236715598,22
future_ret_6m,2017-09-29 00:00:00,FAC_rank_vol_m6_n6_pairwise1,4,Q4,0.9282943072700853,-0.030604520344923183,22
future_ret_6m,2017-09-29 00:00:00,FAC_rank_vol_m6_n6_pairwise1,5,High,0.9568554718547198,-0.026691429942341863,22
future_ret_6m,2017-12-29 00:00:00,FAC_rank_vol_m6_n6_pairwise1,1,Low,0.8003446600740588,-0.08959672445666811,24
future_ret_6m,2017-12-29 00:00:00,FAC_rank_vol_m6_n6_pairwise1,2,Q2,0.8766077024268963,-0.09415207795085542,23
future_ret_6m,2017-12-29 00:00:00,FAC_rank_vol_m6_n6_pairwise1,3,Q3,0.9139605883564278,-0.04371048912916511,23
future_ret_6m,2017-12-29 00:00:00,FAC_rank_vol_m6_n6_pairwise1,4,Q4,0.9367612323601024,-0.0650998307658059,23
future_ret_6m,2017-12-29 00:00:00,FAC_rank_vol_m6_n6_pairwise1,5,High,0.9727787457018154,-0.07458903449078166,24
future_ret_6m,2018-03-30 00:00:00,FAC_rank_vol_m6_n6_pairwise1,1,Low,0.7232838721610871,-0.18653543755096602,25
future_ret_6m,2018-03-30 00:00:00,FAC_rank_vol_m6_n6_pairwise1,2,Q2,0.8303345110259572,-0.10255899733830581,25
future_ret_6m,2018-03-30 00:00:00,FAC_rank_vol_m6_n6_pairwise1,3,Q3,0.8746825371714175,-0.14496642916775596,24
future_ret_6m,2018-03-30 00:00:00,FAC_rank_vol_m6_n6_pairwise1,4,Q4,0.9068437631132481,-0.15096953419036183,25
future_ret_6m,2018-03-30 00:00:00,FAC_rank_vol_m6_n6_pairwise1,5,High,0.9474468273815265,-0.15480178744334921,25
future_ret_6m,2018-06-29 00:00:00,FAC_rank_vol_m6_n6_pairwise1,1,Low,0.725019530574827,-0.18694583701153486,26
future_ret_6m,2018-06-29 00:00:00,FAC_rank_vol_m6_n6_pairwise1,2,Q2,0.8172496303520801,-0.20099293518899608,25
future_ret_6m,2018-06-29 00:00:00,FAC_rank_vol_m6_n6_pairwise1,3,Q3,0.8632878605305325,-0.20091252396817746,25
future_ret_6m,2018-06-29 00:00:00,FAC_rank_vol_m6_n6_pairwise1,4,Q4,0.897641170760041,-0.16910831176337673,25
future_ret_6m,2018-06-29 00:00:00,FAC_rank_vol_m6_n6_pairwise1,5,High,0.9428211126841158,-0.1753003611591742,26
future_ret_6m,2018-09-28 00:00:00,FAC_rank_vol_m6_n6_pairwise1,1,Low,0.7165918617613324,0.1428231049046959,26
future_ret_6m,2018-09-28 00:00:00,FAC_rank_vol_m6_n6_pairwise1,2,Q2,0.8072305679813309,0.139170366163097,25
future_ret_6m,2018-09-28 00:00:00,FAC_rank_vol_m6_n6_pairwise1,3,Q3,0.8623585358926127,0.11350823420740894,26
future_ret_6m,2018-09-28 00:00:00,FAC_rank_vol_m6_n6_pairwise1,4,Q4,0.8971741955968743,0.14305893577136186,25
future_ret_6m,2018-09-28 00:00:00,FAC_rank_vol_m6_n6_pairwise1,5,High,0.9448759396730677,0.109774684120803,26
future_ret_6m,2018-12-28 00:00:00,FAC_rank_vol_m6_n6_pairwise1,1,Low,0.699850261773981,0.284224791514798,26
future_ret_6m,2018-12-28 00:00:00,FAC_rank_vol_m6_n6_pairwise1,2,Q2,0.801436473030226,0.2718765945388339,25
future_ret_6m,2018-12-28 00:00:00,FAC_rank_vol_m6_n6_pairwise1,3,Q3,0.8559570281278335,0.25980283026406426,25
future_ret_6m,2018-12-28 00:00:00,FAC_rank_vol_m6_n6_pairwise1,4,Q4,0.8976595258758967,0.26821691883673787,25
future_ret_6m,2018-12-28 00:00:00,FAC_rank_vol_m6_n6_pairwise1,5,High,0.9517519418751964,0.2601044170449582,26
future_ret_6m,2019-03-29 00:00:00,FAC_rank_vol_m6_n6_pairwise1,1,Low,0.7072419068733035,0.06831398862418853,26
future_ret_6m,2019-03-29 00:00:00,FAC_rank_vol_m6_n6_pairwise1,2,Q2,0.7890122235186123,0.0954814402773437,25
future_ret_6m,2019-03-29 00:00:00,FAC_rank_vol_m6_n6_pairwise1,3,Q3,0.828853397118298,0.06079126240486747,25
future_ret_6m,2019-03-29 00:00:00,FAC_rank_vol_m6_n6_pairwise1,4,Q4,0.8799167190413405,0.06361456439267335,25
future_ret_6m,2019-03-29 00:00:00,FAC_rank_vol_m6_n6_pairwise1,5,High,0.9298954949157009,0.08906353285516878,25
future_ret_6m,2019-06-28 00:00:00,FAC_rank_vol_m6_n6_pairwise1,1,Low,0.6569277873444418,0.15173273379935168,28
future_ret_6m,2019-06-28 00:00:00,FAC_rank_vol_m6_n6_pairwise1,2,Q2,0.7567144765045591,0.15933616215118038,27
future_ret_6m,2019-06-28 00:00:00,FAC_rank_vol_m6_n6_pairwise1,3,Q3,0.8096783025392783,0.19842716698087026,27
future_ret_6m,2019-06-28 00:00:00,FAC_rank_vol_m6_n6_pairwise1,4,Q4,0.8571161491509524,0.17968551952577028,27
future_ret_6m,2019-06-28 00:00:00,FAC_rank_vol_m6_n6_pairwise1,5,High,0.918894591145727,0.1864981499993197,28
future_ret_6m,2019-09-30 00:00:00,FAC_rank_vol_m6_n6_pairwise1,1,Low,0.7646791233032006,0.10936205375856302,28
future_ret_6m,2019-09-30 00:00:00,FAC_rank_vol_m6_n6_pairwise1,2,Q2,0.8338004631672069,0.08724021436091023,27
future_ret_6m,2019-09-30 00:00:00,FAC_rank_vol_m6_n6_pairwise1,3,Q3,0.8637697959857351,0.08604186998454703,27
future_ret_6m,2019-09-30 00:00:00,FAC_rank_vol_m6_n6_pairwise1,4,Q4,0.9011103697044767,0.10459572639731396,27
future_ret_6m,2019-09-30 00:00:00,FAC_rank_vol_m6_n6_pairwise1,5,High,0.9421954922458167,0.058587009905672394,28
future_ret_6m,2019-12-31 00:00:00,FAC_rank_vol_m6_n6_pairwise1,1,Low,0.7260238204344903,0.27543633653719,29
future_ret_6m,2019-12-31 00:00:00,FAC_rank_vol_m6_n6_pairwise1,2,Q2,0.8223489021008658,0.23329205813118045,29
future_ret_6m,2019-12-31 00:00:00,FAC_rank_vol_m6_n6_pairwise1,3,Q3,0.8701693960777642,0.19858345912529674,29
future_ret_6m,2019-12-31 00:00:00,FAC_rank_vol_m6_n6_pairwise1,4,Q4,0.9067144131621249,0.19637567214571375,29
future_ret_6m,2019-12-31 00:00:00,FAC_rank_vol_m6_n6_pairwise1,5,High,0.9460866454398997,0.15222256440892878,29
future_ret_6m,2020-03-31 00:00:00,FAC_rank_vol_m6_n6_pairwise1,1,Low,0.7360440801573571,0.4661161462276094,32
future_ret_6m,2020-03-31 00:00:00,FAC_rank_vol_m6_n6_pairwise1,2,Q2,0.8282107992120934,0.42643037031144565,31
future_ret_6m,2020-03-31 00:00:00,FAC_rank_vol_m6_n6_pairwise1,3,Q3,0.8761626551660896,0.4356678113255019,31
future_ret_6m,2020-03-31 00:00:00,FAC_rank_vol_m6_n6_pairwise1,4,Q4,0.9159682816742223,0.38054049947685253,31
future_ret_6m,2020-03-31 00:00:00,FAC_rank_vol_m6_n6_pairwise1,5,High,0.9539538886149779,0.34199694970600625,32
future_ret_6m,2020-06-30 00:00:00,FAC_rank_vol_m6_n6_pairwise1,1,Low,0.7747131466306563,0.32890403614313335,34
future_ret_6m,2020-06-30 00:00:00,FAC_rank_vol_m6_n6_pairwise1,2,Q2,0.8464452993630186,0.32562641888135124,33
future_ret_6m,2020-06-30 00:00:00,FAC_rank_vol_m6_n6_pairwise1,3,Q3,0.8917314258302003,0.33062890305212705,34
future_ret_6m,2020-06-30 00:00:00,FAC_rank_vol_m6_n6_pairwise1,4,Q4,0.9311645939837322,0.3064495045205588,33
future_ret_6m,2020-06-30 00:00:00,FAC_rank_vol_m6_n6_pairwise1,5,High,0.9624900563050264,0.2821457958367958,34
future_ret_6m,2020-09-30 00:00:00,FAC_rank_vol_m6_n6_pairwise1,1,Low,0.70034675131777,0.13081828768464884,36
future_ret_6m,2020-09-30 00:00:00,FAC_rank_vol_m6_n6_pairwise1,2,Q2,0.7992826974980508,0.09875206578142431,36
future_ret_6m,2020-09-30 00:00:00,FAC_rank_vol_m6_n6_pairwise1,3,Q3,0.8543942983234988,0.12601775231495688,35
future_ret_6m,2020-09-30 00:00:00,FAC_rank_vol_m6_n6_pairwise1,4,Q4,0.8960002484909833,0.13630639281678003,36
future_ret_6m,2020-09-30 00:00:00,FAC_rank_vol_m6_n6_pairwise1,5,High,0.9380714373844066,0.10917181313733373,36
future_ret_6m,2020-12-31 00:00:00,FAC_rank_vol_m6_n6_pairwise1,1,Low,0.6898676034615546,0.10522053031540028,38
future_ret_6m,2020-12-31 00:00:00,FAC_rank_vol_m6_n6_pairwise1,2,Q2,0.7986733134413273,0.09854550303703255,38
future_ret_6m,2020-12-31 00:00:00,FAC_rank_vol_m6_n6_pairwise1,3,Q3,0.8534510175873896,0.08910207386091652,38
future_ret_6m,2020-12-31 00:00:00,FAC_rank_vol_m6_n6_pairwise1,4,Q4,0.8958028512593991,0.08477636579130003,38
future_ret_6m,2020-12-31 00:00:00,FAC_rank_vol_m6_n6_pairwise1,5,High,0.935722006839249,0.08627574438004333,38
future_ret_6m,2021-03-31 00:00:00,FAC_rank_vol_m6_n6_pairwise1,1,Low,0.7543633358943866,0.10088912127637505,41
future_ret_6m,2021-03-31 00:00:00,FAC_rank_vol_m6_n6_pairwise1,2,Q2,0.829227290676667,0.046413498309375786,41
future_ret_6m,2021-03-31 00:00:00,FAC_rank_vol_m6_n6_pairwise1,3,Q3,0.8702399481911595,0.1048769568569935,40
future_ret_6m,2021-03-31 00:00:00,FAC_rank_vol_m6_n6_pairwise1,4,Q4,0.9049915881215507,0.08766922499071228,41
future_ret_6m,2021-03-31 00:00:00,FAC_rank_vol_m6_n6_pairwise1,5,High,0.9457491007363171,0.1389904661699583,41
future_ret_6m,2021-06-30 00:00:00,FAC_rank_vol_m6_n6_pairwise1,1,Low,0.7007970724837518,0.01832775428608219,45
future_ret_6m,2021-06-30 00:00:00,FAC_rank_vol_m6_n6_pairwise1,2,Q2,0.7799228686999715,0.038671298884437794,44
future_ret_6m,2021-06-30 00:00:00,FAC_rank_vol_m6_n6_pairwise1,3,Q3,0.8259942119177065,0.015586702665470237,44
future_ret_6m,2021-06-30 00:00:00,FAC_rank_vol_m6_n6_pairwise1,4,Q4,0.8798284391930337,-0.0041966654100851625,44
future_ret_6m,2021-06-30 00:00:00,FAC_rank_vol_m6_n6_pairwise1,5,High,0.9423045797134809,-0.007255609260542379,44
future_ret_6m,2021-09-30 00:00:00,FAC_rank_vol_m6_n6_pairwise1,1,Low,0.6605942575971285,-0.1633012818209107,49
future_ret_6m,2021-09-30 00:00:00,FAC_rank_vol_m6_n6_pairwise1,2,Q2,0.7685132113414225,-0.14414275540907887,48
future_ret_6m,2021-09-30 00:00:00,FAC_rank_vol_m6_n6_pairwise1,3,Q3,0.8330667688208492,-0.12306292527000882,49
future_ret_6m,2021-09-30 00:00:00,FAC_rank_vol_m6_n6_pairwise1,4,Q4,0.8805793642129408,-0.14272322997036332,48
future_ret_6m,2021-09-30 00:00:00,FAC_rank_vol_m6_n6_pairwise1,5,High,0.9280293910399007,-0.12111450222288575,49
future_ret_6m,2021-12-31 00:00:00,FAC_rank_vol_m6_n6_pairwise1,1,Low,0.8095388380838914,-0.1058607259395946,53
future_ret_6m,2021-12-31 00:00:00,FAC_rank_vol_m6_n6_pairwise1,2,Q2,0.870854766719257,-0.09777078043850065,52
future_ret_6m,2021-12-31 00:00:00,FAC_rank_vol_m6_n6_pairwise1,3,Q3,0.9037787636703147,-0.09795538449023998,52
future_ret_6m,2021-12-31 00:00:00,FAC_rank_vol_m6_n6_pairwise1,4,Q4,0.930402214458598,-0.10180567693785916,52
future_ret_6m,2021-12-31 00:00:00,FAC_rank_vol_m6_n6_pairwise1,5,High,0.955571777689325,-0.09203388451947687,53
future_ret_6m,2022-03-31 00:00:00,FAC_rank_vol_m6_n6_pairwise1,1,Low,0.6675890617434082,-0.030845382100839636,56
future_ret_6m,2022-03-31 00:00:00,FAC_rank_vol_m6_n6_pairwise1,2,Q2,0.7851570648639555,-0.04926360240908304,55
future_ret_6m,2022-03-31 00:00:00,FAC_rank_vol_m6_n6_pairwise1,3,Q3,0.843408861208232,-0.05103040299706609,55
future_ret_6m,2022-03-31 00:00:00,FAC_rank_vol_m6_n6_pairwise1,4,Q4,0.8892755948432718,-0.05022828256786515,55
future_ret_6m,2022-03-31 00:00:00,FAC_rank_vol_m6_n6_pairwise1,5,High,0.9382979510115054,-0.0861655375905831,55
future_ret_6m,2022-06-30 00:00:00,FAC_rank_vol_m6_n6_pairwise1,1,Low,0.7335342610268241,-0.1592384982603353,65
future_ret_6m,2022-06-30 00:00:00,FAC_rank_vol_m6_n6_pairwise1,2,Q2,0.8070149393477721,-0.15443723177319482,64
future_ret_6m,2022-06-30 00:00:00,FAC_rank_vol_m6_n6_pairwise1,3,Q3,0.8450189463906375,-0.14308758502847238,64
future_ret_6m,2022-06-30 00:00:00,FAC_rank_vol_m6_n6_pairwise1,4,Q4,0.8857589860376568,-0.1335806966340397,64
future_ret_6m,2022-06-30 00:00:00,FAC_rank_vol_m6_n6_pairwise1,5,High,0.9331037956478351,-0.132913641900407,65
future_ret_6m,2008-09-26 00:00:00,FAC_rank_vol_m6_n12_pairwise1,1,Low,0.6998593489984016,,1
future_ret_6m,2008-09-26 00:00:00,FAC_rank_vol_m6_n12_pairwise1,2,Q2,0.8165717159165675,,1
future_ret_6m,2008-09-26 00:00:00,FAC_rank_vol_m6_n12_pairwise1,3,Q3,0.8690530290806466,,1
future_ret_6m,2008-09-26 00:00:00,FAC_rank_vol_m6_n12_pairwise1,4,Q4,0.9166990370800717,,1
future_ret_6m,2008-09-26 00:00:00,FAC_rank_vol_m6_n12_pairwise1,5,High,0.9348906130147866,,1
future_ret_6m,2008-12-31 00:00:00,FAC_rank_vol_m6_n12_pairwise1,1,Low,0.8023713929684799,,2
future_ret_6m,2008-12-31 00:00:00,FAC_rank_vol_m6_n12_pairwise1,2,Q2,0.8798416074461062,,1
future_ret_6m,2008-12-31 00:00:00,FAC_rank_vol_m6_n12_pairwise1,3,Q3,0.9011025560186401,,1
future_ret_6m,2008-12-31 00:00:00,FAC_rank_vol_m6_n12_pairwise1,4,Q4,0.9493242873665041,,1
future_ret_6m,2008-12-31 00:00:00,FAC_rank_vol_m6_n12_pairwise1,5,High,0.9547857379563585,,2
future_ret_6m,2009-03-31 00:00:00,FAC_rank_vol_m6_n12_pairwise1,1,Low,0.8923167629339817,,2
future_ret_6m,2009-03-31 00:00:00,FAC_rank_vol_m6_n12_pairwise1,2,Q2,0.8935424304656856,,1
future_ret_6m,2009-03-31 00:00:00,FAC_rank_vol_m6_n12_pairwise1,3,Q3,0.9224467992951401,,1
future_ret_6m,2009-03-31 00:00:00,FAC_rank_vol_m6_n12_pairwise1,4,Q4,0.9424006912274385,,1
future_ret_6m,2009-03-31 00:00:00,FAC_rank_vol_m6_n12_pairwise1,5,High,0.9614076866572623,,2
future_ret_6m,2009-06-30 00:00:00,FAC_rank_vol_m6_n12_pairwise1,1,Low,0.7917805765151227,,2
future_ret_6m,2009-06-30 00:00:00,FAC_rank_vol_m6_n12_pairwise1,2,Q2,0.8256629744838739,,2
future_ret_6m,2009-06-30 00:00:00,FAC_rank_vol_m6_n12_pairwise1,3,Q3,0.8489402477198652,,2
future_ret_6m,2009-06-30 00:00:00,FAC_rank_vol_m6_n12_pairwise1,4,Q4,0.9138735943907741,,2
future_ret_6m,2009-06-30 00:00:00,FAC_rank_vol_m6_n12_pairwise1,5,High,0.9718743754326182,,2
future_ret_6m,2009-09-30 00:00:00,FAC_rank_vol_m6_n12_pairwise1,1,Low,0.7517754141631375,,3
future_ret_6m,2009-09-30 00:00:00,FAC_rank_vol_m6_n12_pairwise1,2,Q2,0.8568799709361026,,2
future_ret_6m,2009-09-30 00:00:00,FAC_rank_vol_m6_n12_pairwise1,3,Q3,0.8848068638832103,,2
future_ret_6m,2009-09-30 00:00:00,FAC_rank_vol_m6_n12_pairwise1,4,Q4,0.9108606027729931,,2
future_ret_6m,2009-09-30 00:00:00,FAC_rank_vol_m6_n12_pairwise1,5,High,0.9605640205096707,,3
future_ret_6m,2009-12-31 00:00:00,FAC_rank_vol_m6_n12_pairwise1,1,Low,0.8095623193920719,,3
future_ret_6m,2009-12-31 00:00:00,FAC_rank_vol_m6_n12_pairwise1,2,Q2,0.8473745561482666,,2
future_ret_6m,2009-12-31 00:00:00,FAC_rank_vol_m6_n12_pairwise1,3,Q3,0.8977459193441818,,3
future_ret_6m,2009-12-31 00:00:00,FAC_rank_vol_m6_n12_pairwise1,4,Q4,0.9431269966806735,,2
future_ret_6m,2009-12-31 00:00:00,FAC_rank_vol_m6_n12_pairwise1,5,High,0.9860340417860051,,3
future_ret_6m,2010-03-31 00:00:00,FAC_rank_vol_m6_n12_pairwise1,1,Low,0.8182141673913124,,4
future_ret_6m,2010-03-31 00:00:00,FAC_rank_vol_m6_n12_pairwise1,2,Q2,0.8945313442836035,,3
future_ret_6m,2010-03-31 00:00:00,FAC_rank_vol_m6_n12_pairwise1,3,Q3,0.9358655278654305,,3
future_ret_6m,2010-03-31 00:00:00,FAC_rank_vol_m6_n12_pairwise1,4,Q4,0.9606738630132625,,3
future_ret_6m,2010-03-31 00:00:00,FAC_rank_vol_m6_n12_pairwise1,5,High,0.9780497481940117,,3
future_ret_6m,2010-06-30 00:00:00,FAC_rank_vol_m6_n12_pairwise1,1,Low,0.7591444890167812,,4
future_ret_6m,2010-06-30 00:00:00,FAC_rank_vol_m6_n12_pairwise1,2,Q2,0.8613685154344878,,4
future_ret_6m,2010-06-30 00:00:00,FAC_rank_vol_m6_n12_pairwise1,3,Q3,0.9124780809423919,,3
future_ret_6m,2010-06-30 00:00:00,FAC_rank_vol_m6_n12_pairwise1,4,Q4,0.9306339051990732,,4
future_ret_6m,2010-06-30 00:00:00,FAC_rank_vol_m6_n12_pairwise1,5,High,0.9595411603271662,,4
future_ret_6m,2010-09-30 00:00:00,FAC_rank_vol_m6_n12_pairwise1,1,Low,0.8118675825684947,,4
future_ret_6m,2010-09-30 00:00:00,FAC_rank_vol_m6_n12_pairwise1,2,Q2,0.8482430791547881,,4
future_ret_6m,2010-09-30 00:00:00,FAC_rank_vol_m6_n12_pairwise1,3,Q3,0.9056646390731711,,4
future_ret_6m,2010-09-30 00:00:00,FAC_rank_vol_m6_n12_pairwise1,4,Q4,0.9242284010683575,,4
future_ret_6m,2010-09-30 00:00:00,FAC_rank_vol_m6_n12_pairwise1,5,High,0.9762278250328706,,4
future_ret_6m,2010-12-31 00:00:00,FAC_rank_vol_m6_n12_pairwise1,1,Low,0.8218098737590168,-0.031787900783669845,5
future_ret_6m,2010-12-31 00:00:00,FAC_rank_vol_m6_n12_pairwise1,2,Q2,0.8777216391430692,,4
future_ret_6m,2010-12-31 00:00:00,FAC_rank_vol_m6_n12_pairwise1,3,Q3,0.9202471613850765,,4
future_ret_6m,2010-12-31 00:00:00,FAC_rank_vol_m6_n12_pairwise1,4,Q4,0.943052064352846,,4
future_ret_6m,2010-12-31 00:00:00,FAC_rank_vol_m6_n12_pairwise1,5,High,0.9727275136786486,,4
future_ret_6m,2011-03-31 00:00:00,FAC_rank_vol_m6_n12_pairwise1,1,Low,0.8410660091992868,,4
future_ret_6m,2011-03-31 00:00:00,FAC_rank_vol_m6_n12_pairwise1,2,Q2,0.8858068814714426,,4
future_ret_6m,2011-03-31 00:00:00,FAC_rank_vol_m6_n12_pairwise1,3,Q3,0.9188289619761469,,4
future_ret_6m,2011-03-31 00:00:00,FAC_rank_vol_m6_n12_pairwise1,4,Q4,0.9548473925031324,,4
future_ret_6m,2011-03-31 00:00:00,FAC_rank_vol_m6_n12_pairwise1,5,High,0.9685704914660607,,4
future_ret_6m,2011-06-30 00:00:00,FAC_rank_vol_m6_n12_pairwise1,1,Low,0.7793476101625086,,4
future_ret_6m,2011-06-30 00:00:00,FAC_rank_vol_m6_n12_pairwise1,2,Q2,0.8482239018920715,,4
future_ret_6m,2011-06-30 00:00:00,FAC_rank_vol_m6_n12_pairwise1,3,Q3,0.8958268731820599,,3
future_ret_6m,2011-06-30 00:00:00,FAC_rank_vol_m6_n12_pairwise1,4,Q4,0.9444053247516652,,4
future_ret_6m,2011-06-30 00:00:00,FAC_rank_vol_m6_n12_pairwise1,5,High,0.9762700373058244,,4
future_ret_6m,2011-09-30 00:00:00,FAC_rank_vol_m6_n12_pairwise1,1,Low,0.7685220258010936,,4
future_ret_6m,2011-09-30 00:00:00,FAC_rank_vol_m6_n12_pairwise1,2,Q2,0.8820995610314306,,4
future_ret_6m,2011-09-30 00:00:00,FAC_rank_vol_m6_n12_pairwise1,3,Q3,0.9101639095156416,,3
future_ret_6m,2011-09-30 00:00:00,FAC_rank_vol_m6_n12_pairwise1,4,Q4,0.935415852082686,,4
future_ret_6m,2011-09-30 00:00:00,FAC_rank_vol_m6_n12_pairwise1,5,High,0.981218403680221,,4
future_ret_6m,2011-12-30 00:00:00,FAC_rank_vol_m6_n12_pairwise1,1,Low,0.7340537388330508,0.0667729038185044,5
future_ret_6m,2011-12-30 00:00:00,FAC_rank_vol_m6_n12_pairwise1,2,Q2,0.8059424251535782,,4
future_ret_6m,2011-12-30 00:00:00,FAC_rank_vol_m6_n12_pairwise1,3,Q3,0.853147979909328,,4
future_ret_6m,2011-12-30 00:00:00,FAC_rank_vol_m6_n12_pairwise1,4,Q4,0.8949078232368272,,4
future_ret_6m,2011-12-30 00:00:00,FAC_rank_vol_m6_n12_pairwise1,5,High,0.9553506940261108,0.03721916646003194,5
future_ret_6m,2012-03-30 00:00:00,FAC_rank_vol_m6_n12_pairwise1,1,Low,0.7377784527422788,-0.010788431291821299,5
future_ret_6m,2012-03-30 00:00:00,FAC_rank_vol_m6_n12_pairwise1,2,Q2,0.8355132290108571,0.037640857381107805,5
future_ret_6m,2012-03-30 00:00:00,FAC_rank_vol_m6_n12_pairwise1,3,Q3,0.9028939427203073,,4
future_ret_6m,2012-03-30 00:00:00,FAC_rank_vol_m6_n12_pairwise1,4,Q4,0.9376171021982926,-0.010374998592516671,5
future_ret_6m,2012-03-30 00:00:00,FAC_rank_vol_m6_n12_pairwise1,5,High,0.9669573814979451,-0.017004463496539012,5
future_ret_6m,2012-06-29 00:00:00,FAC_rank_vol_m6_n12_pairwise1,1,Low,0.8042017914411191,0.016350737891482493,5
future_ret_6m,2012-06-29 00:00:00,FAC_rank_vol_m6_n12_pairwise1,2,Q2,0.8755437516658409,-0.024782190105876102,5
future_ret_6m,2012-06-29 00:00:00,FAC_rank_vol_m6_n12_pairwise1,3,Q3,0.9105632446766869,0.018121173449496108,5
future_ret_6m,2012-06-29 00:00:00,FAC_rank_vol_m6_n12_pairwise1,4,Q4,0.9412510011299237,-0.005194056539857472,5
future_ret_6m,2012-06-29 00:00:00,FAC_rank_vol_m6_n12_pairwise1,5,High,0.980435342961781,0.008046979416833234,5
future_ret_6m,2012-09-28 00:00:00,FAC_rank_vol_m6_n12_pairwise1,1,Low,0.7920832875664244,0.10091210756501838,6
future_ret_6m,2012-09-28 00:00:00,FAC_rank_vol_m6_n12_pairwise1,2,Q2,0.891471804525513,0.08750945745280832,5
future_ret_6m,2012-09-28 00:00:00,FAC_rank_vol_m6_n12_pairwise1,3,Q3,0.925143280181867,0.09346528393877955,5
future_ret_6m,2012-09-28 00:00:00,FAC_rank_vol_m6_n12_pairwise1,4,Q4,0.9439524870390625,0.0980626462031852,5
future_ret_6m,2012-09-28 00:00:00,FAC_rank_vol_m6_n12_pairwise1,5,High,0.9786156723032022,0.07778228662948306,5
future_ret_6m,2012-12-31 00:00:00,FAC_rank_vol_m6_n12_pairwise1,1,Low,0.8025210162325074,-0.024573517674663346,7
future_ret_6m,2012-12-31 00:00:00,FAC_rank_vol_m6_n12_pairwise1,2,Q2,0.8782253210194177,0.032964686913567076,6
future_ret_6m,2012-12-31 00:00:00,FAC_rank_vol_m6_n12_pairwise1,3,Q3,0.9204337318617225,0.04339466398308123,6
future_ret_6m,2012-12-31 00:00:00,FAC_rank_vol_m6_n12_pairwise1,4,Q4,0.9482460712747899,0.04558635018461502,6
future_ret_6m,2012-12-31 00:00:00,FAC_rank_vol_m6_n12_pairwise1,5,High,0.9763247608003706,-0.003654560574457492,6
future_ret_6m,2013-03-29 00:00:00,FAC_rank_vol_m6_n12_pairwise1,1,Low,0.7664092209673582,0.0647862466132726,7
future_ret_6m,2013-03-29 00:00:00,FAC_rank_vol_m6_n12_pairwise1,2,Q2,0.8369723903936289,0.10762402037457787,7
future_ret_6m,2013-03-29 00:00:00,FAC_rank_vol_m6_n12_pairwise1,3,Q3,0.8791297721614343,0.11963080240439423,7
future_ret_6m,2013-03-29 00:00:00,FAC_rank_vol_m6_n12_pairwise1,4,Q4,0.9292931033223121,0.15876505825506615,7
future_ret_6m,2013-03-29 00:00:00,FAC_rank_vol_m6_n12_pairwise1,5,High,0.9674689699154292,0.09462967718187867,7
future_ret_6m,2013-06-28 00:00:00,FAC_rank_vol_m6_n12_pairwise1,1,Low,0.7999053932001229,0.12539470560449026,8
future_ret_6m,2013-06-28 00:00:00,FAC_rank_vol_m6_n12_pairwise1,2,Q2,0.8659316828188286,0.10603721776829877,8
future_ret_6m,2013-06-28 00:00:00,FAC_rank_vol_m6_n12_pairwise1,3,Q3,0.9085474384137733,0.10291542317184987,8
future_ret_6m,2013-06-28 00:00:00,FAC_rank_vol_m6_n12_pairwise1,4,Q4,0.9368786635292767,0.0779117513707501,8
future_ret_6m,2013-06-28 00:00:00,FAC_rank_vol_m6_n12_pairwise1,5,High,0.9760551598457523,0.10573706550734936,8
future_ret_6m,2013-09-30 00:00:00,FAC_rank_vol_m6_n12_pairwise1,1,Low,0.8129415523590363,-0.04539513167679743,9
future_ret_6m,2013-09-30 00:00:00,FAC_rank_vol_m6_n12_pairwise1,2,Q2,0.864306484853198,-0.05684422512279676,8
future_ret_6m,2013-09-30 00:00:00,FAC_rank_vol_m6_n12_pairwise1,3,Q3,0.9024731767563708,-0.07896305809733861,9
future_ret_6m,2013-09-30 00:00:00,FAC_rank_vol_m6_n12_pairwise1,4,Q4,0.9234146757178365,-0.06635058316699474,8
future_ret_6m,2013-09-30 00:00:00,FAC_rank_vol_m6_n12_pairwise1,5,High,0.9757226235542488,-0.10376829938776151,9
future_ret_6m,2013-12-31 00:00:00,FAC_rank_vol_m6_n12_pairwise1,1,Low,0.8410753315258684,0.015809622280209167,10
future_ret_6m,2013-12-31 00:00:00,FAC_rank_vol_m6_n12_pairwise1,2,Q2,0.8900617815067015,-0.017384891940822735,9
future_ret_6m,2013-12-31 00:00:00,FAC_rank_vol_m6_n12_pairwise1,3,Q3,0.9135774843470172,0.0011257891832800644,9
future_ret_6m,2013-12-31 00:00:00,FAC_rank_vol_m6_n12_pairwise1,4,Q4,0.9345136625171002,-0.03747247844795962,9
future_ret_6m,2013-12-31 00:00:00,FAC_rank_vol_m6_n12_pairwise1,5,High,0.9716455335928471,-0.05348924603293819,9
future_ret_6m,2014-03-31 00:00:00,FAC_rank_vol_m6_n12_pairwise1,1,Low,0.8264318190091064,0.18977073747057477,9
future_ret_6m,2014-03-31 00:00:00,FAC_rank_vol_m6_n12_pairwise1,2,Q2,0.8666830852882458,0.17485045195220014,9
future_ret_6m,2014-03-31 00:00:00,FAC_rank_vol_m6_n12_pairwise1,3,Q3,0.9036120094103484,0.1771324408330604,9
future_ret_6m,2014-03-31 00:00:00,FAC_rank_vol_m6_n12_pairwise1,4,Q4,0.9380073925793041,0.14359581485725453,9
future_ret_6m,2014-03-31 00:00:00,FAC_rank_vol_m6_n12_pairwise1,5,High,0.9753324777514771,0.15148204828276782,9
future_ret_6m,2014-06-30 00:00:00,FAC_rank_vol_m6_n12_pairwise1,1,Low,0.7701727169515548,0.25446369050408324,10
future_ret_6m,2014-06-30 00:00:00,FAC_rank_vol_m6_n12_pairwise1,2,Q2,0.863651088481904,0.2368455729411627,9
future_ret_6m,2014-06-30 00:00:00,FAC_rank_vol_m6_n12_pairwise1,3,Q3,0.9062611786309038,0.2720712144333985,10
future_ret_6m,2014-06-30 00:00:00,FAC_rank_vol_m6_n12_pairwise1,4,Q4,0.9397194840226342,0.2224178875546324,9
future_ret_6m,2014-06-30 00:00:00,FAC_rank_vol_m6_n12_pairwise1,5,High,0.964624919526041,0.2635292830002375,10
future_ret_6m,2014-09-30 00:00:00,FAC_rank_vol_m6_n12_pairwise1,1,Low,0.8262775595855663,0.5054480655327165,10
future_ret_6m,2014-09-30 00:00:00,FAC_rank_vol_m6_n12_pairwise1,2,Q2,0.876224721111469,0.46484960992297036,9
future_ret_6m,2014-09-30 00:00:00,FAC_rank_vol_m6_n12_pairwise1,3,Q3,0.9136353637036976,0.4684512150777051,10
future_ret_6m,2014-09-30 00:00:00,FAC_rank_vol_m6_n12_pairwise1,4,Q4,0.9435555503070723,0.3863156921302905,9
future_ret_6m,2014-09-30 00:00:00,FAC_rank_vol_m6_n12_pairwise1,5,High,0.9727588283422147,0.5046586065254735,10
future_ret_6m,2014-12-31 00:00:00,FAC_rank_vol_m6_n12_pairwise1,1,Low,0.7461344098369966,0.44390549455505623,9
future_ret_6m,2014-12-31 00:00:00,FAC_rank_vol_m6_n12_pairwise1,2,Q2,0.8423587831936211,0.5968309287010781,8
future_ret_6m,2014-12-31 00:00:00,FAC_rank_vol_m6_n12_pairwise1,3,Q3,0.8975918500313871,0.5507489782227092,8
future_ret_6m,2014-12-31 00:00:00,FAC_rank_vol_m6_n12_pairwise1,4,Q4,0.9286899206719453,0.5565735493017655,8
future_ret_6m,2014-12-31 00:00:00,FAC_rank_vol_m6_n12_pairwise1,5,High,0.958897104618851,0.61757960880541,8
future_ret_6m,2015-03-31 00:00:00,FAC_rank_vol_m6_n12_pairwise1,1,Low,0.738102572367182,-0.11519538722946163,8
future_ret_6m,2015-03-31 00:00:00,FAC_rank_vol_m6_n12_pairwise1,2,Q2,0.8241922117379872,-0.10522860181986411,7
future_ret_6m,2015-03-31 00:00:00,FAC_rank_vol_m6_n12_pairwise1,3,Q3,0.8621092812547396,-0.12144305587270242,7
future_ret_6m,2015-03-31 00:00:00,FAC_rank_vol_m6_n12_pairwise1,4,Q4,0.9069638132593997,-0.12233814185297433,7
future_ret_6m,2015-03-31 00:00:00,FAC_rank_vol_m6_n12_pairwise1,5,High,0.9403669182140534,-0.1602127142797296,7
future_ret_6m,2015-06-30 00:00:00,FAC_rank_vol_m6_n12_pairwise1,1,Low,0.7906910616938215,-0.04233223237660102,6
future_ret_6m,2015-06-30 00:00:00,FAC_rank_vol_m6_n12_pairwise1,2,Q2,0.8533557581094009,-0.03218987523146492,5
future_ret_6m,2015-06-30 00:00:00,FAC_rank_vol_m6_n12_pairwise1,3,Q3,0.8937329729650006,-0.011020687419646347,5
future_ret_6m,2015-06-30 00:00:00,FAC_rank_vol_m6_n12_pairwise1,4,Q4,0.9184997825862471,-0.07019562830762147,5
future_ret_6m,2015-06-30 00:00:00,FAC_rank_vol_m6_n12_pairwise1,5,High,0.9553523326488375,-0.05401215606869418,5
future_ret_6m,2015-09-30 00:00:00,FAC_rank_vol_m6_n12_pairwise1,1,Low,0.7445792209427337,0.13161119763064127,5
future_ret_6m,2015-09-30 00:00:00,FAC_rank_vol_m6_n12_pairwise1,2,Q2,0.8453855637809585,0.06670710927563675,5
future_ret_6m,2015-09-30 00:00:00,FAC_rank_vol_m6_n12_pairwise1,3,Q3,0.8803029453328315,,4
future_ret_6m,2015-09-30 00:00:00,FAC_rank_vol_m6_n12_pairwise1,4,Q4,0.910231939257072,0.09456134141242578,5
future_ret_6m,2015-09-30 00:00:00,FAC_rank_vol_m6_n12_pairwise1,5,High,0.9578804054071451,0.05176142432220867,5
future_ret_6m,2015-12-31 00:00:00,FAC_rank_vol_m6_n12_pairwise1,1,Low,0.7254206579691669,-0.17909205261858888,6
future_ret_6m,2015-12-31 00:00:00,FAC_rank_vol_m6_n12_pairwise1,2,Q2,0.794661592025067,-0.13556395436504431,5
future_ret_6m,2015-12-31 00:00:00,FAC_rank_vol_m6_n12_pairwise1,3,Q3,0.8513325583912417,-0.10746190662898192,5
future_ret_6m,2015-12-31 00:00:00,FAC_rank_vol_m6_n12_pairwise1,4,Q4,0.9008672791490918,-0.11183977973128016,5
future_ret_6m,2015-12-31 00:00:00,FAC_rank_vol_m6_n12_pairwise1,5,High,0.9422389163581043,-0.13260251375283946,6
future_ret_6m,2016-03-31 00:00:00,FAC_rank_vol_m6_n12_pairwise1,1,Low,0.7096368759869126,0.028156546881891287,7
future_ret_6m,2016-03-31 00:00:00,FAC_rank_vol_m6_n12_pairwise1,2,Q2,0.834528121745299,0.05656937924738562,6
future_ret_6m,2016-03-31 00:00:00,FAC_rank_vol_m6_n12_pairwise1,3,Q3,0.8739883206827573,0.03993450830851497,6
future_ret_6m,2016-03-31 00:00:00,FAC_rank_vol_m6_n12_pairwise1,4,Q4,0.9188323579537031,0.06351317617806966,6
future_ret_6m,2016-03-31 00:00:00,FAC_rank_vol_m6_n12_pairwise1,5,High,0.9693311729252102,0.03771477403611253,6
future_ret_6m,2016-06-30 00:00:00,FAC_rank_vol_m6_n12_pairwise1,1,Low,0.7934961422658421,0.02183960610464486,7
future_ret_6m,2016-06-30 00:00:00,FAC_rank_vol_m6_n12_pairwise1,2,Q2,0.8432923477997698,-0.0513939939062224,6
future_ret_6m,2016-06-30 00:00:00,FAC_rank_vol_m6_n12_pairwise1,3,Q3,0.8762660934953944,-0.023891398532395747,6
future_ret_6m,2016-06-30 00:00:00,FAC_rank_vol_m6_n12_pairwise1,4,Q4,0.9110688966173891,-0.02486348102600398,6
future_ret_6m,2016-06-30 00:00:00,FAC_rank_vol_m6_n12_pairwise1,5,High,0.9609661275394418,-0.003689563634282094,7
future_ret_6m,2016-09-30 00:00:00,FAC_rank_vol_m6_n12_pairwise1,1,Low,0.7748985442399838,-0.020842524197882923,7
future_ret_6m,2016-09-30 00:00:00,FAC_rank_vol_m6_n12_pairwise1,2,Q2,0.8663720231919788,0.007483036950714442,7
future_ret_6m,2016-09-30 00:00:00,FAC_rank_vol_m6_n12_pairwise1,3,Q3,0.8865798329236255,0.0368506082634659,6
future_ret_6m,2016-09-30 00:00:00,FAC_rank_vol_m6_n12_pairwise1,4,Q4,0.9119050546060355,0.003009332207474426,7
future_ret_6m,2016-09-30 00:00:00,FAC_rank_vol_m6_n12_pairwise1,5,High,0.9358608362418088,-0.015337861808482749,7
future_ret_6m,2016-12-30 00:00:00,FAC_rank_vol_m6_n12_pairwise1,1,Low,0.7736816032113115,0.08863190991738948,8
future_ret_6m,2016-12-30 00:00:00,FAC_rank_vol_m6_n12_pairwise1,2,Q2,0.8385264449940664,0.023310618894414447,7
future_ret_6m,2016-12-30 00:00:00,FAC_rank_vol_m6_n12_pairwise1,3,Q3,0.868730304406816,0.08391836663808194,8
future_ret_6m,2016-12-30 00:00:00,FAC_rank_vol_m6_n12_pairwise1,4,Q4,0.8989071690687958,0.07351454279047973,7
future_ret_6m,2016-12-30 00:00:00,FAC_rank_vol_m6_n12_pairwise1,5,High,0.9331416350387913,0.061610294269473356,8
future_ret_6m,2017-03-31 00:00:00,FAC_rank_vol_m6_n12_pairwise1,1,Low,0.7748040171053463,0.07312192054716116,8
future_ret_6m,2017-03-31 00:00:00,FAC_rank_vol_m6_n12_pairwise1,2,Q2,0.8716905986229061,0.07511458882764455,8
future_ret_6m,2017-03-31 00:00:00,FAC_rank_vol_m6_n12_pairwise1,3,Q3,0.906821549774184,0.09747377898097086,7
future_ret_6m,2017-03-31 00:00:00,FAC_rank_vol_m6_n12_pairwise1,4,Q4,0.9233843085783124,0.11453070380206146,8
future_ret_6m,2017-03-31 00:00:00,FAC_rank_vol_m6_n12_pairwise1,5,High,0.957175168310816,0.05848602382342587,8
future_ret_6m,2017-06-30 00:00:00,FAC_rank_vol_m6_n12_pairwise1,1,Low,0.7998971153052907,0.07245580102274796,10
future_ret_6m,2017-06-30 00:00:00,FAC_rank_vol_m6_n12_pairwise1,2,Q2,0.8678559497507737,0.09318793038266862,9
future_ret_6m,2017-06-30 00:00:00,FAC_rank_vol_m6_n12_pairwise1,3,Q3,0.9153058470142297,0.050800394444092616,9
future_ret_6m,2017-06-30 00:00:00,FAC_rank_vol_m6_n12_pairwise1,4,Q4,0.9382274777484826,0.11071814014036793,9
future_ret_6m,2017-06-30 00:00:00,FAC_rank_vol_m6_n12_pairwise1,5,High,0.9758687100890893,0.0766898393877707,10
future_ret_6m,2017-09-29 00:00:00,FAC_rank_vol_m6_n12_pairwise1,1,Low,0.7706415207358746,0.01403029890609457,14
future_ret_6m,2017-09-29 00:00:00,FAC_rank_vol_m6_n12_pairwise1,2,Q2,0.8562052044433035,0.01034205765923352,13
future_ret_6m,2017-09-29 00:00:00,FAC_rank_vol_m6_n12_pairwise1,3,Q3,0.9112356018882154,0.0028832003258347544,14
future_ret_6m,2017-09-29 00:00:00,FAC_rank_vol_m6_n12_pairwise1,4,Q4,0.9394494970757771,-0.026611716733959637,13
future_ret_6m,2017-09-29 00:00:00,FAC_rank_vol_m6_n12_pairwise1,5,High,0.9689252368941883,-0.0017444735246477066,14
future_ret_6m,2017-12-29 00:00:00,FAC_rank_vol_m6_n12_pairwise1,1,Low,0.8609690750200231,-0.08124230561915934,18
future_ret_6m,2017-12-29 00:00:00,FAC_rank_vol_m6_n12_pairwise1,2,Q2,0.9112040252843472,-0.0992696824548576,18
future_ret_6m,2017-12-29 00:00:00,FAC_rank_vol_m6_n12_pairwise1,3,Q3,0.9382071168968228,-0.07279728782432293,17
future_ret_6m,2017-12-29 00:00:00,FAC_rank_vol_m6_n12_pairwise1,4,Q4,0.9534823806848194,-0.0705795218927817,18
future_ret_6m,2017-12-29 00:00:00,FAC_rank_vol_m6_n12_pairwise1,5,High,0.9715289898863888,-0.0698606195687705,18
future_ret_6m,2018-03-30 00:00:00,FAC_rank_vol_m6_n12_pairwise1,1,Low,0.8539536914841648,-0.15453290578697346,19
future_ret_6m,2018-03-30 00:00:00,FAC_rank_vol_m6_n12_pairwise1,2,Q2,0.9150559325657139,-0.14239113470858536,19
future_ret_6m,2018-03-30 00:00:00,FAC_rank_vol_m6_n12_pairwise1,3,Q3,0.9334757316210068,-0.1718663236485579,19
future_ret_6m,2018-03-30 00:00:00,FAC_rank_vol_m6_n12_pairwise1,4,Q4,0.9551441456737123,-0.12536888032493967,19
future_ret_6m,2018-03-30 00:00:00,FAC_rank_vol_m6_n12_pairwise1,5,High,0.9808847086032221,-0.1512213385323778,19
future_ret_6m,2018-06-29 00:00:00,FAC_rank_vol_m6_n12_pairwise1,1,Low,0.8138467266101079,-0.14980609954437163,21
future_ret_6m,2018-06-29 00:00:00,FAC_rank_vol_m6_n12_pairwise1,2,Q2,0.8734235912265349,-0.16047378654696282,20
future_ret_6m,2018-06-29 00:00:00,FAC_rank_vol_m6_n12_pairwise1,3,Q3,0.9067339115202755,-0.16220138541226653,20
future_ret_6m,2018-06-29 00:00:00,FAC_rank_vol_m6_n12_pairwise1,4,Q4,0.9371878422302851,-0.18308483476790824,20
future_ret_6m,2018-06-29 00:00:00,FAC_rank_vol_m6_n12_pairwise1,5,High,0.969013590227713,-0.17820560516073328,20
future_ret_6m,2018-09-28 00:00:00,FAC_rank_vol_m6_n12_pairwise1,1,Low,0.7833818028871925,0.12545354431016698,22
future_ret_6m,2018-09-28 00:00:00,FAC_rank_vol_m6_n12_pairwise1,2,Q2,0.8695905979642479,0.14234712934087923,21
future_ret_6m,2018-09-28 00:00:00,FAC_rank_vol_m6_n12_pairwise1,3,Q3,0.9118915103316687,0.1042601304961904,22
future_ret_6m,2018-09-28 00:00:00,FAC_rank_vol_m6_n12_pairwise1,4,Q4,0.933839761107401,0.15029060957574297,21
future_ret_6m,2018-09-28 00:00:00,FAC_rank_vol_m6_n12_pairwise1,5,High,0.9667044795065777,0.12852079098043123,22
future_ret_6m,2018-12-28 00:00:00,FAC_rank_vol_m6_n12_pairwise1,1,Low,0.8205247434441698,0.29186876593004685,22
future_ret_6m,2018-12-28 00:00:00,FAC_rank_vol_m6_n12_pairwise1,2,Q2,0.8858696122647147,0.23232139207784253,21
future_ret_6m,2018-12-28 00:00:00,FAC_rank_vol_m6_n12_pairwise1,3,Q3,0.9211326809274957,0.2549991562548997,22
future_ret_6m,2018-12-28 00:00:00,FAC_rank_vol_m6_n12_pairwise1,4,Q4,0.946443774841498,0.26050947395710783,21
future_ret_6m,2018-12-28 00:00:00,FAC_rank_vol_m6_n12_pairwise1,5,High,0.978395196693243,0.25158051385099234,22
future_ret_6m,2019-03-29 00:00:00,FAC_rank_vol_m6_n12_pairwise1,1,Low,0.8111082157449583,0.08337961998410416,22
future_ret_6m,2019-03-29 00:00:00,FAC_rank_vol_m6_n12_pairwise1,2,Q2,0.8767558484604876,0.06505472134945713,21
future_ret_6m,2019-03-29 00:00:00,FAC_rank_vol_m6_n12_pairwise1,3,Q3,0.9128383177122508,0.09612373997134387,21
future_ret_6m,2019-03-29 00:00:00,FAC_rank_vol_m6_n12_pairwise1,4,Q4,0.9453974964793856,0.030475601956936275,21
future_ret_6m,2019-03-29 00:00:00,FAC_rank_vol_m6_n12_pairwise1,5,High,0.9800820181438162,0.05228225800306359,22
future_ret_6m,2019-06-28 00:00:00,FAC_rank_vol_m6_n12_pairwise1,1,Low,0.7591894652856073,0.17345019623591404,22
future_ret_6m,2019-06-28 00:00:00,FAC_rank_vol_m6_n12_pairwise1,2,Q2,0.8479503748504637,0.21429699722345205,22
future_ret_6m,2019-06-28 00:00:00,FAC_rank_vol_m6_n12_pairwise1,3,Q3,0.8958656408098385,0.21357530251349147,22
future_ret_6m,2019-06-28 00:00:00,FAC_rank_vol_m6_n12_pairwise1,4,Q4,0.9270560504514698,0.18720839997260086,22
future_ret_6m,2019-06-28 00:00:00,FAC_rank_vol_m6_n12_pairwise1,5,High,0.9724094650159224,0.20479251430365578,22
future_ret_6m,2019-09-30 00:00:00,FAC_rank_vol_m6_n12_pairwise1,1,Low,0.7542860158903699,0.1455729607581421,22
future_ret_6m,2019-09-30 00:00:00,FAC_rank_vol_m6_n12_pairwise1,2,Q2,0.8254832138622447,0.08622757870497821,22
future_ret_6m,2019-09-30 00:00:00,FAC_rank_vol_m6_n12_pairwise1,3,Q3,0.8732910721157421,0.12669854446310744,22
future_ret_6m,2019-09-30 00:00:00,FAC_rank_vol_m6_n12_pairwise1,4,Q4,0.9119798099135515,0.07597438836847116,22
future_ret_6m,2019-09-30 00:00:00,FAC_rank_vol_m6_n12_pairwise1,5,High,0.9501105602707273,0.11085735370114662,22
future_ret_6m,2019-12-31 00:00:00,FAC_rank_vol_m6_n12_pairwise1,1,Low,0.7860847456941243,0.21161384842194395,24
future_ret_6m,2019-12-31 00:00:00,FAC_rank_vol_m6_n12_pairwise1,2,Q2,0.8552961234266561,0.2041659636989367,24
future_ret_6m,2019-12-31 00:00:00,FAC_rank_vol_m6_n12_pairwise1,3,Q3,0.8918411621275792,0.2584916219805059,24
future_ret_6m,2019-12-31 00:00:00,FAC_rank_vol_m6_n12_pairwise1,4,Q4,0.9250418076459037,0.26439166302082245,24
future_ret_6m,2019-12-31 00:00:00,FAC_rank_vol_m6_n12_pairwise1,5,High,0.9615922454338787,0.1984401316942751,24
future_ret_6m,2020-03-31 00:00:00,FAC_rank_vol_m6_n12_pairwise1,1,Low,0.803555610020533,0.43593986805781265,26
future_ret_6m,2020-03-31 00:00:00,FAC_rank_vol_m6_n12_pairwise1,2,Q2,0.8798707500713145,0.44085497126167267,25
future_ret_6m,2020-03-31 00:00:00,FAC_rank_vol_m6_n12_pairwise1,3,Q3,0.9170855207435786,0.42915860913617254,25
future_ret_6m,2020-03-31 00:00:00,FAC_rank_vol_m6_n12_pairwise1,4,Q4,0.9454885767064221,0.3948156517733279,25
future_ret_6m,2020-03-31 00:00:00,FAC_rank_vol_m6_n12_pairwise1,5,High,0.9684270742746862,0.31361866401488186,25
future_ret_6m,2020-06-30 00:00:00,FAC_rank_vol_m6_n12_pairwise1,1,Low,0.8349168306180246,0.33507225793673395,26
future_ret_6m,2020-06-30 00:00:00,FAC_rank_vol_m6_n12_pairwise1,2,Q2,0.9005874552601303,0.33452747053769805,26
future_ret_6m,2020-06-30 00:00:00,FAC_rank_vol_m6_n12_pairwise1,3,Q3,0.9287054429195386,0.33365239860609436,25
future_ret_6m,2020-06-30 00:00:00,FAC_rank_vol_m6_n12_pairwise1,4,Q4,0.9496381816454128,0.29054059337469584,26
future_ret_6m,2020-06-30 00:00:00,FAC_rank_vol_m6_n12_pairwise1,5,High,0.9721219406701374,0.26138606918631246,26
future_ret_6m,2020-09-30 00:00:00,FAC_rank_vol_m6_n12_pairwise1,1,Low,0.8421818993276391,0.14404538173989065,29
future_ret_6m,2020-09-30 00:00:00,FAC_rank_vol_m6_n12_pairwise1,2,Q2,0.8987382119334631,0.08917251471835437,28
future_ret_6m,2020-09-30 00:00:00,FAC_rank_vol_m6_n12_pairwise1,3,Q3,0.9251649859924219,0.14117778906671988,29
future_ret_6m,2020-09-30 00:00:00,FAC_rank_vol_m6_n12_pairwise1,4,Q4,0.9530876933301116,0.1456486701192316,28
future_ret_6m,2020-09-30 00:00:00,FAC_rank_vol_m6_n12_pairwise1,5,High,0.9786778474649761,0.12294833650833778,29
future_ret_6m,2020-12-31 00:00:00,FAC_rank_vol_m6_n12_pairwise1,1,Low,0.8014030811402914,0.07516888596735266,31
future_ret_6m,2020-12-31 00:00:00,FAC_rank_vol_m6_n12_pairwise1,2,Q2,0.8699135486879802,0.10319743848939948,31
future_ret_6m,2020-12-31 00:00:00,FAC_rank_vol_m6_n12_pairwise1,3,Q3,0.909105832567658,0.09693585236257399,30
future_ret_6m,2020-12-31 00:00:00,FAC_rank_vol_m6_n12_pairwise1,4,Q4,0.9473495047842662,0.06792734881416881,31
future_ret_6m,2020-12-31 00:00:00,FAC_rank_vol_m6_n12_pairwise1,5,High,0.9797789208877171,0.07352990780873647,31
future_ret_6m,2021-03-31 00:00:00,FAC_rank_vol_m6_n12_pairwise1,1,Low,0.7737159779379631,0.094375361424324,33
future_ret_6m,2021-03-31 00:00:00,FAC_rank_vol_m6_n12_pairwise1,2,Q2,0.8456725865734728,0.10048444792834878,32
future_ret_6m,2021-03-31 00:00:00,FAC_rank_vol_m6_n12_pairwise1,3,Q3,0.8887335606767541,0.09339715081011817,32
future_ret_6m,2021-03-31 00:00:00,FAC_rank_vol_m6_n12_pairwise1,4,Q4,0.930668354271269,0.11017911454029194,32
future_ret_6m,2021-03-31 00:00:00,FAC_rank_vol_m6_n12_pairwise1,5,High,0.96272300492943,0.08610377600058385,32
future_ret_6m,2021-06-30 00:00:00,FAC_rank_vol_m6_n12_pairwise1,1,Low,0.8226995932452015,0.05104972847850199,35
future_ret_6m,2021-06-30 00:00:00,FAC_rank_vol_m6_n12_pairwise1,2,Q2,0.8874919058490367,-0.010300136062492131,34
future_ret_6m,2021-06-30 00:00:00,FAC_rank_vol_m6_n12_pairwise1,3,Q3,0.9144671191964608,-0.001863898850772509,34
future_ret_6m,2021-06-30 00:00:00,FAC_rank_vol_m6_n12_pairwise1,4,Q4,0.9380551039518323,-0.009634980958140174,34
future_ret_6m,2021-06-30 00:00:00,FAC_rank_vol_m6_n12_pairwise1,5,High,0.9701603034110524,0.03880179374094484,34
future_ret_6m,2021-09-30 00:00:00,FAC_rank_vol_m6_n12_pairwise1,1,Low,0.7119751626281089,-0.1584984704374204,38
future_ret_6m,2021-09-30 00:00:00,FAC_rank_vol_m6_n12_pairwise1,2,Q2,0.8274934107117167,-0.15325100293414717,38
future_ret_6m,2021-09-30 00:00:00,FAC_rank_vol_m6_n12_pairwise1,3,Q3,0.8735448171753557,-0.1284798952409441,37
future_ret_6m,2021-09-30 00:00:00,FAC_rank_vol_m6_n12_pairwise1,4,Q4,0.9158763506366528,-0.1575236677893996,38
future_ret_6m,2021-09-30 00:00:00,FAC_rank_vol_m6_n12_pairwise1,5,High,0.9574191704587112,-0.11323670991651795,38
future_ret_6m,2021-12-31 00:00:00,FAC_rank_vol_m6_n12_pairwise1,1,Low,0.8220236475380085,-0.10933743830636435,39
future_ret_6m,2021-12-31 00:00:00,FAC_rank_vol_m6_n12_pairwise1,2,Q2,0.8700229848356132,-0.10379502368071601,39
future_ret_6m,2021-12-31 00:00:00,FAC_rank_vol_m6_n12_pairwise1,3,Q3,0.8984785794496472,-0.08923146536850897,39
future_ret_6m,2021-12-31 00:00:00,FAC_rank_vol_m6_n12_pairwise1,4,Q4,0.9264203387702822,-0.10367032639299602,39
future_ret_6m,2021-12-31 00:00:00,FAC_rank_vol_m6_n12_pairwise1,5,High,0.9552886824105092,-0.09773853837773046,39
future_ret_6m,2022-03-31 00:00:00,FAC_rank_vol_m6_n12_pairwise1,1,Low,0.8131654184700648,-0.0923458423383274,42
future_ret_6m,2022-03-31 00:00:00,FAC_rank_vol_m6_n12_pairwise1,2,Q2,0.8751551550497148,-0.05572796490402935,42
future_ret_6m,2022-03-31 00:00:00,FAC_rank_vol_m6_n12_pairwise1,3,Q3,0.9090692928629164,-0.03587387479272772,41
future_ret_6m,2022-03-31 00:00:00,FAC_rank_vol_m6_n12_pairwise1,4,Q4,0.9324850259882614,-0.03584158794682796,42
future_ret_6m,2022-03-31 00:00:00,FAC_rank_vol_m6_n12_pairwise1,5,High,0.9608756224868769,-0.04276262950972367,42
future_ret_6m,2022-06-30 00:00:00,FAC_rank_vol_m6_n12_pairwise1,1,Low,0.8610822201883316,-0.1256745712292772,48
future_ret_6m,2022-06-30 00:00:00,FAC_rank_vol_m6_n12_pairwise1,2,Q2,0.907507783490293,-0.08677447624126552,47
future_ret_6m,2022-06-30 00:00:00,FAC_rank_vol_m6_n12_pairwise1,3,Q3,0.9287607050118719,-0.1265136356216552,48
future_ret_6m,2022-06-30 00:00:00,FAC_rank_vol_m6_n12_pairwise1,4,Q4,0.9462717988534542,-0.14003471799290323,47
future_ret_6m,2022-06-30 00:00:00,FAC_rank_vol_m6_n12_pairwise1,5,High,0.9673387948052959,-0.11863047767220809,48
future_ret_6m,2008-09-26 00:00:00,FAC_rank_vol_m12_n6_pairwise1,1,Low,0.5964886897065144,,1
future_ret_6m,2008-09-26 00:00:00,FAC_rank_vol_m12_n6_pairwise1,2,Q2,0.7543615083853432,,1
future_ret_6m,2008-09-26 00:00:00,FAC_rank_vol_m12_n6_pairwise1,3,Q3,0.7601302461108549,,1
future_ret_6m,2008-09-26 00:00:00,FAC_rank_vol_m12_n6_pairwise1,4,Q4,0.781795261738053,,1
future_ret_6m,2008-09-26 00:00:00,FAC_rank_vol_m12_n6_pairwise1,5,High,0.8661825205558952,,1
future_ret_6m,2008-12-31 00:00:00,FAC_rank_vol_m12_n6_pairwise1,1,Low,0.6715814671138082,,2
future_ret_6m,2008-12-31 00:00:00,FAC_rank_vol_m12_n6_pairwise1,2,Q2,0.7474350435672442,,1
future_ret_6m,2008-12-31 00:00:00,FAC_rank_vol_m12_n6_pairwise1,3,Q3,0.750475819471734,,1
future_ret_6m,2008-12-31 00:00:00,FAC_rank_vol_m12_n6_pairwise1,4,Q4,0.7629017367416688,,1
future_ret_6m,2008-12-31 00:00:00,FAC_rank_vol_m12_n6_pairwise1,5,High,0.8015772149227791,,2
future_ret_6m,2009-03-31 00:00:00,FAC_rank_vol_m12_n6_pairwise1,1,Low,0.6824681229552931,,2
future_ret_6m,2009-03-31 00:00:00,FAC_rank_vol_m12_n6_pairwise1,2,Q2,0.6994756441882377,,1
future_ret_6m,2009-03-31 00:00:00,FAC_rank_vol_m12_n6_pairwise1,3,Q3,0.7310251886552168,,1
future_ret_6m,2009-03-31 00:00:00,FAC_rank_vol_m12_n6_pairwise1,4,Q4,0.7704540298305613,,1
future_ret_6m,2009-03-31 00:00:00,FAC_rank_vol_m12_n6_pairwise1,5,High,0.8115070700874705,,2
future_ret_6m,2009-06-30 00:00:00,FAC_rank_vol_m12_n6_pairwise1,1,Low,0.5906106156450803,,2
future_ret_6m,2009-06-30 00:00:00,FAC_rank_vol_m12_n6_pairwise1,2,Q2,0.6453878414872131,,2
future_ret_6m,2009-06-30 00:00:00,FAC_rank_vol_m12_n6_pairwise1,3,Q3,0.7163872497012215,,2
future_ret_6m,2009-06-30 00:00:00,FAC_rank_vol_m12_n6_pairwise1,4,Q4,0.7890853120987424,,2
future_ret_6m,2009-06-30 00:00:00,FAC_rank_vol_m12_n6_pairwise1,5,High,0.8851907681251974,,2
future_ret_6m,2009-09-30 00:00:00,FAC_rank_vol_m12_n6_pairwise1,1,Low,0.6971497463586548,,3
future_ret_6m,2009-09-30 00:00:00,FAC_rank_vol_m12_n6_pairwise1,2,Q2,0.7336383564633756,,2
future_ret_6m,2009-09-30 00:00:00,FAC_rank_vol_m12_n6_pairwise1,3,Q3,0.7442284445548648,,2
future_ret_6m,2009-09-30 00:00:00,FAC_rank_vol_m12_n6_pairwise1,4,Q4,0.7795616595246015,,2
future_ret_6m,2009-09-30 00:00:00,FAC_rank_vol_m12_n6_pairwise1,5,High,0.869249186687402,,3
future_ret_6m,2009-12-31 00:00:00,FAC_rank_vol_m12_n6_pairwise1,1,Low,0.7054159699577808,,3
future_ret_6m,2009-12-31 00:00:00,FAC_rank_vol_m12_n6_pairwise1,2,Q2,0.7211043952949638,,2
future_ret_6m,2009-12-31 00:00:00,FAC_rank_vol_m12_n6_pairwise1,3,Q3,0.78184992181084,,3
future_ret_6m,2009-12-31 00:00:00,FAC_rank_vol_m12_n6_pairwise1,4,Q4,0.8252041937585638,,2
future_ret_6m,2009-12-31 00:00:00,FAC_rank_vol_m12_n6_pairwise1,5,High,0.8834692532684926,,3
future_ret_6m,2010-03-31 00:00:00,FAC_rank_vol_m12_n6_pairwise1,1,Low,0.707203510056543,,4
future_ret_6m,2010-03-31 00:00:00,FAC_rank_vol_m12_n6_pairwise1,2,Q2,0.7604149116661786,,3
future_ret_6m,2010-03-31 00:00:00,FAC_rank_vol_m12_n6_pairwise1,3,Q3,0.8178752770290831,,3
future_ret_6m,2010-03-31 00:00:00,FAC_rank_vol_m12_n6_pairwise1,4,Q4,0.8401310842516022,,3
future_ret_6m,2010-03-31 00:00:00,FAC_rank_vol_m12_n6_pairwise1,5,High,0.9235504992039517,,3
future_ret_6m,2010-06-30 00:00:00,FAC_rank_vol_m12_n6_pairwise1,1,Low,0.6935976961115966,,4
future_ret_6m,2010-06-30 00:00:00,FAC_rank_vol_m12_n6_pairwise1,2,Q2,0.7516900002291232,,4
future_ret_6m,2010-06-30 00:00:00,FAC_rank_vol_m12_n6_pairwise1,3,Q3,0.7724838702263658,,3
future_ret_6m,2010-06-30 00:00:00,FAC_rank_vol_m12_n6_pairwise1,4,Q4,0.8168393323104062,,4
future_ret_6m,2010-06-30 00:00:00,FAC_rank_vol_m12_n6_pairwise1,5,High,0.8839660156132478,,4
future_ret_6m,2010-09-30 00:00:00,FAC_rank_vol_m12_n6_pairwise1,1,Low,0.6794357728101653,,4
future_ret_6m,2010-09-30 00:00:00,FAC_rank_vol_m12_n6_pairwise1,2,Q2,0.7139355376030478,,4
future_ret_6m,2010-09-30 00:00:00,FAC_rank_vol_m12_n6_pairwise1,3,Q3,0.776177249817305,,4
future_ret_6m,2010-09-30 00:00:00,FAC_rank_vol_m12_n6_pairwise1,4,Q4,0.8568490294371531,,4
future_ret_6m,2010-09-30 00:00:00,FAC_rank_vol_m12_n6_pairwise1,5,High,0.8900342170462359,,4
future_ret_6m,2010-12-31 00:00:00,FAC_rank_vol_m12_n6_pairwise1,1,Low,0.7232064686496861,-0.02241282462086556,5
future_ret_6m,2010-12-31 00:00:00,FAC_rank_vol_m12_n6_pairwise1,2,Q2,0.7699478615418581,,4
future_ret_6m,2010-12-31 00:00:00,FAC_rank_vol_m12_n6_pairwise1,3,Q3,0.8142345673431667,,4
future_ret_6m,2010-12-31 00:00:00,FAC_rank_vol_m12_n6_pairwise1,4,Q4,0.8547764902291619,,4
future_ret_6m,2010-12-31 00:00:00,FAC_rank_vol_m12_n6_pairwise1,5,High,0.9115846343904934,,4
future_ret_6m,2011-03-31 00:00:00,FAC_rank_vol_m12_n6_pairwise1,1,Low,0.6690711932238864,,4
future_ret_6m,2011-03-31 00:00:00,FAC_rank_vol_m12_n6_pairwise1,2,Q2,0.7257595795682034,,4
future_ret_6m,2011-03-31 00:00:00,FAC_rank_vol_m12_n6_pairwise1,3,Q3,0.8009879856356993,,4
future_ret_6m,2011-03-31 00:00:00,FAC_rank_vol_m12_n6_pairwise1,4,Q4,0.8378745507633647,,4
future_ret_6m,2011-03-31 00:00:00,FAC_rank_vol_m12_n6_pairwise1,5,High,0.9015329403788114,,4
future_ret_6m,2011-06-30 00:00:00,FAC_rank_vol_m12_n6_pairwise1,1,Low,0.6347462460917548,,4
future_ret_6m,2011-06-30 00:00:00,FAC_rank_vol_m12_n6_pairwise1,2,Q2,0.7377060194458006,,4
future_ret_6m,2011-06-30 00:00:00,FAC_rank_vol_m12_n6_pairwise1,3,Q3,0.7747170964660284,,3
future_ret_6m,2011-06-30 00:00:00,FAC_rank_vol_m12_n6_pairwise1,4,Q4,0.8067822167867423,,4
future_ret_6m,2011-06-30 00:00:00,FAC_rank_vol_m12_n6_pairwise1,5,High,0.8888332198618021,,4
future_ret_6m,2011-09-30 00:00:00,FAC_rank_vol_m12_n6_pairwise1,1,Low,0.620248320937026,,4
future_ret_6m,2011-09-30 00:00:00,FAC_rank_vol_m12_n6_pairwise1,2,Q2,0.738298366527551,,4
future_ret_6m,2011-09-30 00:00:00,FAC_rank_vol_m12_n6_pairwise1,3,Q3,0.8105134807823541,,3
future_ret_6m,2011-09-30 00:00:00,FAC_rank_vol_m12_n6_pairwise1,4,Q4,0.8378705356530236,,4
future_ret_6m,2011-09-30 00:00:00,FAC_rank_vol_m12_n6_pairwise1,5,High,0.9121469165311678,,4
future_ret_6m,2011-12-30 00:00:00,FAC_rank_vol_m12_n6_pairwise1,1,Low,0.6705142477804276,0.05512140021432273,5
future_ret_6m,2011-12-30 00:00:00,FAC_rank_vol_m12_n6_pairwise1,2,Q2,0.748435446380192,,4
future_ret_6m,2011-12-30 00:00:00,FAC_rank_vol_m12_n6_pairwise1,3,Q3,0.8089744315651112,,4
future_ret_6m,2011-12-30 00:00:00,FAC_rank_vol_m12_n6_pairwise1,4,Q4,0.8205627120686458,,4
future_ret_6m,2011-12-30 00:00:00,FAC_rank_vol_m12_n6_pairwise1,5,High,0.8871762376835026,0.039278568233068654,5
future_ret_6m,2012-03-30 00:00:00,FAC_rank_vol_m12_n6_pairwise1,1,Low,0.6694740449730097,0.0023004028195534377,5
future_ret_6m,2012-03-30 00:00:00,FAC_rank_vol_m12_n6_pairwise1,2,Q2,0.7640214189090642,-0.03085998009513684,5
future_ret_6m,2012-03-30 00:00:00,FAC_rank_vol_m12_n6_pairwise1,3,Q3,0.7980725592583429,,4
future_ret_6m,2012-03-30 00:00:00,FAC_rank_vol_m12_n6_pairwise1,4,Q4,0.8213959471443963,0.04010626479163833,5
future_ret_6m,2012-03-30 00:00:00,FAC_rank_vol_m12_n6_pairwise1,5,High,0.8924245639058521,0.001330344683431761,5
future_ret_6m,2012-06-29 00:00:00,FAC_rank_vol_m12_n6_pairwise1,1,Low,0.6560663260222911,0.00316730763373152,5
future_ret_6m,2012-06-29 00:00:00,FAC_rank_vol_m12_n6_pairwise1,2,Q2,0.7258597007590213,0.02106707014216591,5
future_ret_6m,2012-06-29 00:00:00,FAC_rank_vol_m12_n6_pairwise1,3,Q3,0.7782853626888148,0.007122745809762932,5
future_ret_6m,2012-06-29 00:00:00,FAC_rank_vol_m12_n6_pairwise1,4,Q4,0.8276771745218351,-0.011727589279587013,5
future_ret_6m,2012-06-29 00:00:00,FAC_rank_vol_m12_n6_pairwise1,5,High,0.8618708063922252,0.010799135692278639,5
future_ret_6m,2012-09-28 00:00:00,FAC_rank_vol_m12_n6_pairwise1,1,Low,0.6594881569247014,0.1033226081020671,6
future_ret_6m,2012-09-28 00:00:00,FAC_rank_vol_m12_n6_pairwise1,2,Q2,0.7224367589522439,0.09920127827346636,5
future_ret_6m,2012-09-28 00:00:00,FAC_rank_vol_m12_n6_pairwise1,3,Q3,0.7697864497326313,0.07323449869859563,5
future_ret_6m,2012-09-28 00:00:00,FAC_rank_vol_m12_n6_pairwise1,4,Q4,0.8286082926515702,0.07411428223766596,5
future_ret_6m,2012-09-28 00:00:00,FAC_rank_vol_m12_n6_pairwise1,5,High,0.8901066768676387,0.09344631945569222,5
future_ret_6m,2012-12-31 00:00:00,FAC_rank_vol_m12_n6_pairwise1,1,Low,0.6799762914376529,-0.05776881328535873,7
future_ret_6m,2012-12-31 00:00:00,FAC_rank_vol_m12_n6_pairwise1,2,Q2,0.7482626592594775,0.06418322716109766,6
future_ret_6m,2012-12-31 00:00:00,FAC_rank_vol_m12_n6_pairwise1,3,Q3,0.8130126508740885,-0.011820838677452428,6
future_ret_6m,2012-12-31 00:00:00,FAC_rank_vol_m12_n6_pairwise1,4,Q4,0.8651541413958835,0.050381132061552925,6
future_ret_6m,2012-12-31 00:00:00,FAC_rank_vol_m12_n6_pairwise1,5,High,0.9092612616281159,0.0542754648407523,6
future_ret_6m,2013-03-29 00:00:00,FAC_rank_vol_m12_n6_pairwise1,1,Low,0.6922097862844041,0.10640844506734035,7
future_ret_6m,2013-03-29 00:00:00,FAC_rank_vol_m12_n6_pairwise1,2,Q2,0.7659065385825439,0.11071395035715637,7
future_ret_6m,2013-03-29 00:00:00,FAC_rank_vol_m12_n6_pairwise1,3,Q3,0.7914233395838209,0.12406291272384305,7
future_ret_6m,2013-03-29 00:00:00,FAC_rank_vol_m12_n6_pairwise1,4,Q4,0.8304980439135273,0.14119494586256875,7
future_ret_6m,2013-03-29 00:00:00,FAC_rank_vol_m12_n6_pairwise1,5,High,0.8908285854133309,0.13195778038904832,7
future_ret_6m,2013-06-28 00:00:00,FAC_rank_vol_m12_n6_pairwise1,1,Low,0.669929540956987,0.10271052511307546,8
future_ret_6m,2013-06-28 00:00:00,FAC_rank_vol_m12_n6_pairwise1,2,Q2,0.7469395849319751,0.12848850160160766,8
future_ret_6m,2013-06-28 00:00:00,FAC_rank_vol_m12_n6_pairwise1,3,Q3,0.8015597636874283,0.10371189886865131,8
future_ret_6m,2013-06-28 00:00:00,FAC_rank_vol_m12_n6_pairwise1,4,Q4,0.8483875315058385,0.0940759234520871,8
future_ret_6m,2013-06-28 00:00:00,FAC_rank_vol_m12_n6_pairwise1,5,High,0.8917548723940496,0.10342554222430529,8
future_ret_6m,2013-09-30 00:00:00,FAC_rank_vol_m12_n6_pairwise1,1,Low,0.6699245537870554,-0.0884713761262966,9
future_ret_6m,2013-09-30 00:00:00,FAC_rank_vol_m12_n6_pairwise1,2,Q2,0.735019999219201,-0.046411641974438755,8
future_ret_6m,2013-09-30 00:00:00,FAC_rank_vol_m12_n6_pairwise1,3,Q3,0.7930461957975099,-0.04544154248355373,9
future_ret_6m,2013-09-30 00:00:00,FAC_rank_vol_m12_n6_pairwise1,4,Q4,0.8357007405310444,-0.10179332726062638,8
future_ret_6m,2013-09-30 00:00:00,FAC_rank_vol_m12_n6_pairwise1,5,High,0.8931960506797308,-0.07250567231133154,9
future_ret_6m,2013-12-31 00:00:00,FAC_rank_vol_m12_n6_pairwise1,1,Low,0.6944234220928307,-0.010075319271006588,10
future_ret_6m,2013-12-31 00:00:00,FAC_rank_vol_m12_n6_pairwise1,2,Q2,0.7638953049474329,-0.017437626093401062,9
future_ret_6m,2013-12-31 00:00:00,FAC_rank_vol_m12_n6_pairwise1,3,Q3,0.8011302900441281,-0.0030870727075065713,9
future_ret_6m,2013-12-31 00:00:00,FAC_rank_vol_m12_n6_pairwise1,4,Q4,0.8625545382397684,-0.028742505567446792,9
future_ret_6m,2013-12-31 00:00:00,FAC_rank_vol_m12_n6_pairwise1,5,High,0.9002547948140907,-0.039367458468672845,9
future_ret_6m,2014-03-31 00:00:00,FAC_rank_vol_m12_n6_pairwise1,1,Low,0.7192623136895269,0.20164877921204544,9
future_ret_6m,2014-03-31 00:00:00,FAC_rank_vol_m12_n6_pairwise1,2,Q2,0.766344835534259,0.1754558839816408,9
future_ret_6m,2014-03-31 00:00:00,FAC_rank_vol_m12_n6_pairwise1,3,Q3,0.8051658124603915,0.14163775479587165,9
future_ret_6m,2014-03-31 00:00:00,FAC_rank_vol_m12_n6_pairwise1,4,Q4,0.8623879429741952,0.16869248821751695,9
future_ret_6m,2014-03-31 00:00:00,FAC_rank_vol_m12_n6_pairwise1,5,High,0.9060402965860317,0.14788776780471097,9
future_ret_6m,2014-06-30 00:00:00,FAC_rank_vol_m12_n6_pairwise1,1,Low,0.7016340312646321,0.26381049480627217,10
future_ret_6m,2014-06-30 00:00:00,FAC_rank_vol_m12_n6_pairwise1,2,Q2,0.7744466618439705,0.2761812869139907,9
future_ret_6m,2014-06-30 00:00:00,FAC_rank_vol_m12_n6_pairwise1,3,Q3,0.8153718784735327,0.24452339506695892,10
future_ret_6m,2014-06-30 00:00:00,FAC_rank_vol_m12_n6_pairwise1,4,Q4,0.874169512132487,0.22668943727321267,9
future_ret_6m,2014-06-30 00:00:00,FAC_rank_vol_m12_n6_pairwise1,5,High,0.9074021238134602,0.2273051913275519,10
future_ret_6m,2014-09-30 00:00:00,FAC_rank_vol_m12_n6_pairwise1,1,Low,0.6740784643512026,0.46869989799674316,10
future_ret_6m,2014-09-30 00:00:00,FAC_rank_vol_m12_n6_pairwise1,2,Q2,0.7599179408546758,0.481583385070369,9
future_ret_6m,2014-09-30 00:00:00,FAC_rank_vol_m12_n6_pairwise1,3,Q3,0.8101820274022551,0.512018096812546,10
future_ret_6m,2014-09-30 00:00:00,FAC_rank_vol_m12_n6_pairwise1,4,Q4,0.8414355431782076,0.400941067938435,9
future_ret_6m,2014-09-30 00:00:00,FAC_rank_vol_m12_n6_pairwise1,5,High,0.8893130120326683,0.4265452992533777,10
future_ret_6m,2014-12-31 00:00:00,FAC_rank_vol_m12_n6_pairwise1,1,Low,0.6946636066580171,0.494916564509727,9
future_ret_6m,2014-12-31 00:00:00,FAC_rank_vol_m12_n6_pairwise1,2,Q2,0.7571401479511806,0.4826806293577507,8
future_ret_6m,2014-12-31 00:00:00,FAC_rank_vol_m12_n6_pairwise1,3,Q3,0.7936646684438163,0.5806605316828493,8
future_ret_6m,2014-12-31 00:00:00,FAC_rank_vol_m12_n6_pairwise1,4,Q4,0.8451504057994443,0.5180460161873888,8
future_ret_6m,2014-12-31 00:00:00,FAC_rank_vol_m12_n6_pairwise1,5,High,0.8939821381716166,0.6829584341039695,8
future_ret_6m,2015-03-31 00:00:00,FAC_rank_vol_m12_n6_pairwise1,1,Low,0.6514640273762946,-0.1206384398185523,8
future_ret_6m,2015-03-31 00:00:00,FAC_rank_vol_m12_n6_pairwise1,2,Q2,0.7493029143869353,-0.08963801346387898,7
future_ret_6m,2015-03-31 00:00:00,FAC_rank_vol_m12_n6_pairwise1,3,Q3,0.796890408827165,-0.12297261783181943,7
future_ret_6m,2015-03-31 00:00:00,FAC_rank_vol_m12_n6_pairwise1,4,Q4,0.8310089575331243,-0.13585994447962574,7
future_ret_6m,2015-03-31 00:00:00,FAC_rank_vol_m12_n6_pairwise1,5,High,0.8767733118538065,-0.14131752066667425,7
future_ret_6m,2015-06-30 00:00:00,FAC_rank_vol_m12_n6_pairwise1,1,Low,0.66077021311057,-0.07528932921549059,6
future_ret_6m,2015-06-30 00:00:00,FAC_rank_vol_m12_n6_pairwise1,2,Q2,0.737828709699422,-0.045981466458997054,5
future_ret_6m,2015-06-30 00:00:00,FAC_rank_vol_m12_n6_pairwise1,3,Q3,0.7941995573850195,-0.04708274399598193,5
future_ret_6m,2015-06-30 00:00:00,FAC_rank_vol_m12_n6_pairwise1,4,Q4,0.8371975175428045,-0.024864157083277494,5
future_ret_6m,2015-06-30 00:00:00,FAC_rank_vol_m12_n6_pairwise1,5,High,0.8881141468285815,-0.026826432530874467,5
future_ret_6m,2015-09-30 00:00:00,FAC_rank_vol_m12_n6_pairwise1,1,Low,0.693207356904286,0.11276266710863152,5
future_ret_6m,2015-09-30 00:00:00,FAC_rank_vol_m12_n6_pairwise1,2,Q2,0.7362770416944967,0.08373758408181094,5
future_ret_6m,2015-09-30 00:00:00,FAC_rank_vol_m12_n6_pairwise1,3,Q3,0.7677073460218571,,4
future_ret_6m,2015-09-30 00:00:00,FAC_rank_vol_m12_n6_pairwise1,4,Q4,0.8099356043550261,0.08243374848653078,5
future_ret_6m,2015-09-30 00:00:00,FAC_rank_vol_m12_n6_pairwise1,5,High,0.8834038193049876,0.07014259560974585,5
future_ret_6m,2015-12-31 00:00:00,FAC_rank_vol_m12_n6_pairwise1,1,Low,0.62827559375923,-0.13646372049350067,6
future_ret_6m,2015-12-31 00:00:00,FAC_rank_vol_m12_n6_pairwise1,2,Q2,0.7206300461208383,-0.16475790917350694,5
future_ret_6m,2015-12-31 00:00:00,FAC_rank_vol_m12_n6_pairwise1,3,Q3,0.7496097685206838,-0.1251266262313976,5
future_ret_6m,2015-12-31 00:00:00,FAC_rank_vol_m12_n6_pairwise1,4,Q4,0.8070825533266515,-0.12945699590351842,5
future_ret_6m,2015-12-31 00:00:00,FAC_rank_vol_m12_n6_pairwise1,5,High,0.8627886398213209,-0.1320036629799238,6
future_ret_6m,2016-03-31 00:00:00,FAC_rank_vol_m12_n6_pairwise1,1,Low,0.6528038231081246,0.012580695382106013,7
future_ret_6m,2016-03-31 00:00:00,FAC_rank_vol_m12_n6_pairwise1,2,Q2,0.7450648147051074,0.05750858353156004,6
future_ret_6m,2016-03-31 00:00:00,FAC_rank_vol_m12_n6_pairwise1,3,Q3,0.7732833343206891,0.041836535988150625,6
future_ret_6m,2016-03-31 00:00:00,FAC_rank_vol_m12_n6_pairwise1,4,Q4,0.8063779581966032,0.040048568357288504,6
future_ret_6m,2016-03-31 00:00:00,FAC_rank_vol_m12_n6_pairwise1,5,High,0.8565066241180052,0.06166369361234273,6
future_ret_6m,2016-06-30 00:00:00,FAC_rank_vol_m12_n6_pairwise1,1,Low,0.7274829379631296,-0.03473226086600648,7
future_ret_6m,2016-06-30 00:00:00,FAC_rank_vol_m12_n6_pairwise1,2,Q2,0.771448062042755,0.009646560940677026,6
future_ret_6m,2016-06-30 00:00:00,FAC_rank_vol_m12_n6_pairwise1,3,Q3,0.7924008416263697,-0.017917720399026688,6
future_ret_6m,2016-06-30 00:00:00,FAC_rank_vol_m12_n6_pairwise1,4,Q4,0.8278299704199616,-0.024246939924454997,6
future_ret_6m,2016-06-30 00:00:00,FAC_rank_vol_m12_n6_pairwise1,5,High,0.8688633283013336,-0.027362767473991228,7
future_ret_6m,2016-09-30 00:00:00,FAC_rank_vol_m12_n6_pairwise1,1,Low,0.7060441426323996,-0.01923420442596762,7
future_ret_6m,2016-09-30 00:00:00,FAC_rank_vol_m12_n6_pairwise1,2,Q2,0.7705109700838048,0.0023274298009963645,7
future_ret_6m,2016-09-30 00:00:00,FAC_rank_vol_m12_n6_pairwise1,3,Q3,0.8063083091692708,-0.009051221928699912,6
future_ret_6m,2016-09-30 00:00:00,FAC_rank_vol_m12_n6_pairwise1,4,Q4,0.8346103891758326,0.03823005625262389,7
future_ret_6m,2016-09-30 00:00:00,FAC_rank_vol_m12_n6_pairwise1,5,High,0.8746575189268003,-0.007666872596830172,7
future_ret_6m,2016-12-30 00:00:00,FAC_rank_vol_m12_n6_pairwise1,1,Low,0.6621932756068218,0.05292185131989377,8
future_ret_6m,2016-12-30 00:00:00,FAC_rank_vol_m12_n6_pairwise1,2,Q2,0.7446613884048008,0.0692796085831441,7
future_ret_6m,2016-12-30 00:00:00,FAC_rank_vol_m12_n6_pairwise1,3,Q3,0.7948268473019162,0.10705859425280478,8
future_ret_6m,2016-12-30 00:00:00,FAC_rank_vol_m12_n6_pairwise1,4,Q4,0.8237762995485888,0.0623929872913655,7
future_ret_6m,2016-12-30 00:00:00,FAC_rank_vol_m12_n6_pairwise1,5,High,0.8775298600533867,0.03900910223730199,8
future_ret_6m,2017-03-31 00:00:00,FAC_rank_vol_m12_n6_pairwise1,1,Low,0.6921781384489701,0.019724370825250827,8
future_ret_6m,2017-03-31 00:00:00,FAC_rank_vol_m12_n6_pairwise1,2,Q2,0.7748226600191672,0.13641615221852244,8
future_ret_6m,2017-03-31 00:00:00,FAC_rank_vol_m12_n6_pairwise1,3,Q3,0.8235794164091914,0.05971344190274051,7
future_ret_6m,2017-03-31 00:00:00,FAC_rank_vol_m12_n6_pairwise1,4,Q4,0.853540875325052,0.10091044861445589,8
future_ret_6m,2017-03-31 00:00:00,FAC_rank_vol_m12_n6_pairwise1,5,High,0.8908856088309984,0.09068811692832773,8
future_ret_6m,2017-06-30 00:00:00,FAC_rank_vol_m12_n6_pairwise1,1,Low,0.708826104203206,0.07317448017012806,10
future_ret_6m,2017-06-30 00:00:00,FAC_rank_vol_m12_n6_pairwise1,2,Q2,0.7830966513148289,0.11789690303737219,9
future_ret_6m,2017-06-30 00:00:00,FAC_rank_vol_m12_n6_pairwise1,3,Q3,0.8316359273201948,0.08643034085998556,9
future_ret_6m,2017-06-30 00:00:00,FAC_rank_vol_m12_n6_pairwise1,4,Q4,0.8613892682448177,0.08635731265300252,9
future_ret_6m,2017-06-30 00:00:00,FAC_rank_vol_m12_n6_pairwise1,5,High,0.9203202806141112,0.06025477122327845,10
future_ret_6m,2017-09-29 00:00:00,FAC_rank_vol_m12_n6_pairwise1,1,Low,0.6706376985115122,-0.03491714885171739,14
future_ret_6m,2017-09-29 00:00:00,FAC_rank_vol_m12_n6_pairwise1,2,Q2,0.7656401546758216,-0.005167893193430943,13
future_ret_6m,2017-09-29 00:00:00,FAC_rank_vol_m12_n6_pairwise1,3,Q3,0.825606393124487,0.03877622084551918,14
future_ret_6m,2017-09-29 00:00:00,FAC_rank_vol_m12_n6_pairwise1,4,Q4,0.8721150438908081,-0.014134717665554426,13
future_ret_6m,2017-09-29 00:00:00,FAC_rank_vol_m12_n6_pairwise1,5,High,0.9180149566576892,0.0015849683887245486,14
future_ret_6m,2017-12-29 00:00:00,FAC_rank_vol_m12_n6_pairwise1,1,Low,0.7136857776713669,-0.0782671352919739,18
future_ret_6m,2017-12-29 00:00:00,FAC_rank_vol_m12_n6_pairwise1,2,Q2,0.7874369114727182,-0.09133942306107773,18
future_ret_6m,2017-12-29 00:00:00,FAC_rank_vol_m12_n6_pairwise1,3,Q3,0.8366256653079223,-0.08424559156229008,17
future_ret_6m,2017-12-29 00:00:00,FAC_rank_vol_m12_n6_pairwise1,4,Q4,0.8696993786491589,-0.06931481967209312,18
future_ret_6m,2017-12-29 00:00:00,FAC_rank_vol_m12_n6_pairwise1,5,High,0.916829083763822,-0.07664162919266046,18
future_ret_6m,2018-03-30 00:00:00,FAC_rank_vol_m12_n6_pairwise1,1,Low,0.7453220774264623,-0.12037267342357656,19
future_ret_6m,2018-03-30 00:00:00,FAC_rank_vol_m12_n6_pairwise1,2,Q2,0.8053380829682488,-0.15058430639391743,19
future_ret_6m,2018-03-30 00:00:00,FAC_rank_vol_m12_n6_pairwise1,3,Q3,0.8495214972995897,-0.16525818855745336,19
future_ret_6m,2018-03-30 00:00:00,FAC_rank_vol_m12_n6_pairwise1,4,Q4,0.8873963638155148,-0.1469368759657162,19
future_ret_6m,2018-03-30 00:00:00,FAC_rank_vol_m12_n6_pairwise1,5,High,0.9265819943889289,-0.16299204113299678,19
future_ret_6m,2018-06-29 00:00:00,FAC_rank_vol_m12_n6_pairwise1,1,Low,0.6731518017124001,-0.16098874624822387,21
future_ret_6m,2018-06-29 00:00:00,FAC_rank_vol_m12_n6_pairwise1,2,Q2,0.7780671064437215,-0.16008475745101167,20
future_ret_6m,2018-06-29 00:00:00,FAC_rank_vol_m12_n6_pairwise1,3,Q3,0.8367898520286066,-0.18724183708749415,20
future_ret_6m,2018-06-29 00:00:00,FAC_rank_vol_m12_n6_pairwise1,4,Q4,0.8708559488807299,-0.16776757626694855,20
future_ret_6m,2018-06-29 00:00:00,FAC_rank_vol_m12_n6_pairwise1,5,High,0.9133069048290968,-0.16255308658893003,20
future_ret_6m,2018-09-28 00:00:00,FAC_rank_vol_m12_n6_pairwise1,1,Low,0.6531607762970314,0.11114819909208694,22
future_ret_6m,2018-09-28 00:00:00,FAC_rank_vol_m12_n6_pairwise1,2,Q2,0.7526595317719833,0.12915191999475506,21
future_ret_6m,2018-09-28 00:00:00,FAC_rank_vol_m12_n6_pairwise1,3,Q3,0.8031597276792488,0.15482233651250976,22
future_ret_6m,2018-09-28 00:00:00,FAC_rank_vol_m12_n6_pairwise1,4,Q4,0.8454653831594756,0.12451777589668966,21
future_ret_6m,2018-09-28 00:00:00,FAC_rank_vol_m12_n6_pairwise1,5,High,0.9021411013745632,0.1211155758840206,22
future_ret_6m,2018-12-28 00:00:00,FAC_rank_vol_m12_n6_pairwise1,1,Low,0.67987323576464,0.25891583787314987,22
future_ret_6m,2018-12-28 00:00:00,FAC_rank_vol_m12_n6_pairwise1,2,Q2,0.7611554978185519,0.2660705739771978,21
future_ret_6m,2018-12-28 00:00:00,FAC_rank_vol_m12_n6_pairwise1,3,Q3,0.8156449739776085,0.2673073415416933,22
future_ret_6m,2018-12-28 00:00:00,FAC_rank_vol_m12_n6_pairwise1,4,Q4,0.8553362035741969,0.25207863852858076,21
future_ret_6m,2018-12-28 00:00:00,FAC_rank_vol_m12_n6_pairwise1,5,High,0.9047081311514276,0.24417887718673664,22
future_ret_6m,2019-03-29 00:00:00,FAC_rank_vol_m12_n6_pairwise1,1,Low,0.6826867562920197,0.08984455701942569,22
future_ret_6m,2019-03-29 00:00:00,FAC_rank_vol_m12_n6_pairwise1,2,Q2,0.7466719746248619,0.056840580670562114,21
future_ret_6m,2019-03-29 00:00:00,FAC_rank_vol_m12_n6_pairwise1,3,Q3,0.8039398711802419,0.07710955604390367,21
future_ret_6m,2019-03-29 00:00:00,FAC_rank_vol_m12_n6_pairwise1,4,Q4,0.848744348700913,0.04106785772517844,21
future_ret_6m,2019-03-29 00:00:00,FAC_rank_vol_m12_n6_pairwise1,5,High,0.8982569254416515,0.06278810309270502,22
future_ret_6m,2019-06-28 00:00:00,FAC_rank_vol_m12_n6_pairwise1,1,Low,0.6398776972953648,0.17885033741356662,22
future_ret_6m,2019-06-28 00:00:00,FAC_rank_vol_m12_n6_pairwise1,2,Q2,0.7243250003709868,0.20327380891708177,22
future_ret_6m,2019-06-28 00:00:00,FAC_rank_vol_m12_n6_pairwise1,3,Q3,0.7791009872634341,0.1938439645079417,22
future_ret_6m,2019-06-28 00:00:00,FAC_rank_vol_m12_n6_pairwise1,4,Q4,0.8255375579098566,0.2169968246939332,22
future_ret_6m,2019-06-28 00:00:00,FAC_rank_vol_m12_n6_pairwise1,5,High,0.8889245088268596,0.1935785972749289,22
future_ret_6m,2019-09-30 00:00:00,FAC_rank_vol_m12_n6_pairwise1,1,Low,0.627395342755735,0.10645399923474728,22
future_ret_6m,2019-09-30 00:00:00,FAC_rank_vol_m12_n6_pairwise1,2,Q2,0.7295990606793258,0.0880826386098482,22
future_ret_6m,2019-09-30 00:00:00,FAC_rank_vol_m12_n6_pairwise1,3,Q3,0.767007431159228,0.13223656795280894,22
future_ret_6m,2019-09-30 00:00:00,FAC_rank_vol_m12_n6_pairwise1,4,Q4,0.8182328794062066,0.09570540696992458,22
future_ret_6m,2019-09-30 00:00:00,FAC_rank_vol_m12_n6_pairwise1,5,High,0.8789064279634166,0.1140826549569578,22
future_ret_6m,2019-12-31 00:00:00,FAC_rank_vol_m12_n6_pairwise1,1,Low,0.6789149831881341,0.2500336530892851,24
future_ret_6m,2019-12-31 00:00:00,FAC_rank_vol_m12_n6_pairwise1,2,Q2,0.7489537282556448,0.2329881261502742,24
future_ret_6m,2019-12-31 00:00:00,FAC_rank_vol_m12_n6_pairwise1,3,Q3,0.7821595194527524,0.18956425917909803,24
future_ret_6m,2019-12-31 00:00:00,FAC_rank_vol_m12_n6_pairwise1,4,Q4,0.8144842045520395,0.26966604624760987,24
future_ret_6m,2019-12-31 00:00:00,FAC_rank_vol_m12_n6_pairwise1,5,High,0.8712412412503946,0.18867917287184002,24
future_ret_6m,2020-03-31 00:00:00,FAC_rank_vol_m12_n6_pairwise1,1,Low,0.6747920492746945,0.43921393664688324,26
future_ret_6m,2020-03-31 00:00:00,FAC_rank_vol_m12_n6_pairwise1,2,Q2,0.7740647867902389,0.4258299620453033,25
future_ret_6m,2020-03-31 00:00:00,FAC_rank_vol_m12_n6_pairwise1,3,Q3,0.8183566278739618,0.4057020914679093,25
future_ret_6m,2020-03-31 00:00:00,FAC_rank_vol_m12_n6_pairwise1,4,Q4,0.8562368591934707,0.387904263267421,25
future_ret_6m,2020-03-31 00:00:00,FAC_rank_vol_m12_n6_pairwise1,5,High,0.912369236638898,0.3528741679798219,25
future_ret_6m,2020-06-30 00:00:00,FAC_rank_vol_m12_n6_pairwise1,1,Low,0.6858984723757596,0.4010077716446609,26
future_ret_6m,2020-06-30 00:00:00,FAC_rank_vol_m12_n6_pairwise1,2,Q2,0.7825003771545679,0.28447018196997864,26
future_ret_6m,2020-06-30 00:00:00,FAC_rank_vol_m12_n6_pairwise1,3,Q3,0.8329797809529338,0.3016635692978377,25
future_ret_6m,2020-06-30 00:00:00,FAC_rank_vol_m12_n6_pairwise1,4,Q4,0.8767762861635285,0.3096659317185782,26
future_ret_6m,2020-06-30 00:00:00,FAC_rank_vol_m12_n6_pairwise1,5,High,0.9249172311395433,0.2598213290172812,26
future_ret_6m,2020-09-30 00:00:00,FAC_rank_vol_m12_n6_pairwise1,1,Low,0.6781337768753837,0.15542138979797804,29
future_ret_6m,2020-09-30 00:00:00,FAC_rank_vol_m12_n6_pairwise1,2,Q2,0.7705344185580705,0.15033298764601902,28
future_ret_6m,2020-09-30 00:00:00,FAC_rank_vol_m12_n6_pairwise1,3,Q3,0.8171446712623558,0.10295303604690574,29
future_ret_6m,2020-09-30 00:00:00,FAC_rank_vol_m12_n6_pairwise1,4,Q4,0.8617125163681946,0.13834586689786754,28
future_ret_6m,2020-09-30 00:00:00,FAC_rank_vol_m12_n6_pairwise1,5,High,0.9226175812917639,0.10420852606831549,29
future_ret_6m,2020-12-31 00:00:00,FAC_rank_vol_m12_n6_pairwise1,1,Low,0.656985328341339,0.06962973560555459,31
future_ret_6m,2020-12-31 00:00:00,FAC_rank_vol_m12_n6_pairwise1,2,Q2,0.7501345457011731,0.10192469682794679,31
future_ret_6m,2020-12-31 00:00:00,FAC_rank_vol_m12_n6_pairwise1,3,Q3,0.7927284874579993,0.08442570710951468,30
future_ret_6m,2020-12-31 00:00:00,FAC_rank_vol_m12_n6_pairwise1,4,Q4,0.8432520711650136,0.07623060949322366,31
future_ret_6m,2020-12-31 00:00:00,FAC_rank_vol_m12_n6_pairwise1,5,High,0.897132631814905,0.08823762987957327,31
future_ret_6m,2021-03-31 00:00:00,FAC_rank_vol_m12_n6_pairwise1,1,Low,0.6543048199690719,0.1247593999665831,33
future_ret_6m,2021-03-31 00:00:00,FAC_rank_vol_m12_n6_pairwise1,2,Q2,0.7343255904881052,0.08740453541797163,32
future_ret_6m,2021-03-31 00:00:00,FAC_rank_vol_m12_n6_pairwise1,3,Q3,0.7871704772986244,0.1055902909387269,32
future_ret_6m,2021-03-31 00:00:00,FAC_rank_vol_m12_n6_pairwise1,4,Q4,0.8388683531821859,0.07905695635579749,32
future_ret_6m,2021-03-31 00:00:00,FAC_rank_vol_m12_n6_pairwise1,5,High,0.8923810921344422,0.08488026370476957,32
future_ret_6m,2021-06-30 00:00:00,FAC_rank_vol_m12_n6_pairwise1,1,Low,0.6962283053475604,-0.028199731768815246,35
future_ret_6m,2021-06-30 00:00:00,FAC_rank_vol_m12_n6_pairwise1,2,Q2,0.784498955772722,0.05196219761733531,34
future_ret_6m,2021-06-30 00:00:00,FAC_rank_vol_m12_n6_pairwise1,3,Q3,0.814557864801368,0.006337736358574438,34
future_ret_6m,2021-06-30 00:00:00,FAC_rank_vol_m12_n6_pairwise1,4,Q4,0.8462597400264861,0.002787623319336995,34
future_ret_6m,2021-06-30 00:00:00,FAC_rank_vol_m12_n6_pairwise1,5,High,0.8989883583222991,0.020044852564935062,34
future_ret_6m,2021-09-30 00:00:00,FAC_rank_vol_m12_n6_pairwise1,1,Low,0.6654990583973517,-0.1684787775818739,38
future_ret_6m,2021-09-30 00:00:00,FAC_rank_vol_m12_n6_pairwise1,2,Q2,0.7423046846379456,-0.13790053093325885,38
future_ret_6m,2021-09-30 00:00:00,FAC_rank_vol_m12_n6_pairwise1,3,Q3,0.7978087571359552,-0.1296995385183546,37
future_ret_6m,2021-09-30 00:00:00,FAC_rank_vol_m12_n6_pairwise1,4,Q4,0.8406972261981845,-0.14039345622482705,38
future_ret_6m,2021-09-30 00:00:00,FAC_rank_vol_m12_n6_pairwise1,5,High,0.8977939222123444,-0.1384138107550209,38
future_ret_6m,2021-12-31 00:00:00,FAC_rank_vol_m12_n6_pairwise1,1,Low,0.6542919591888481,-0.11034677103306,39
future_ret_6m,2021-12-31 00:00:00,FAC_rank_vol_m12_n6_pairwise1,2,Q2,0.7306953478259354,-0.10177032028177022,39
future_ret_6m,2021-12-31 00:00:00,FAC_rank_vol_m12_n6_pairwise1,3,Q3,0.7938574533481074,-0.08866236312322573,39
future_ret_6m,2021-12-31 00:00:00,FAC_rank_vol_m12_n6_pairwise1,4,Q4,0.8389976316035485,-0.09015047137223785,39
future_ret_6m,2021-12-31 00:00:00,FAC_rank_vol_m12_n6_pairwise1,5,High,0.8958243642268539,-0.10786710135650661,39
future_ret_6m,2022-03-31 00:00:00,FAC_rank_vol_m12_n6_pairwise1,1,Low,0.6493692514984575,-0.07344742016790587,42
future_ret_6m,2022-03-31 00:00:00,FAC_rank_vol_m12_n6_pairwise1,2,Q2,0.7150826452465737,-0.058726718247206024,42
future_ret_6m,2022-03-31 00:00:00,FAC_rank_vol_m12_n6_pairwise1,3,Q3,0.7769381458553752,-0.04695680203919281,41
future_ret_6m,2022-03-31 00:00:00,FAC_rank_vol_m12_n6_pairwise1,4,Q4,0.8188424747507174,-0.04192398056801688,42
future_ret_6m,2022-03-31 00:00:00,FAC_rank_vol_m12_n6_pairwise1,5,High,0.8831800712645814,-0.05393741013119065,42
future_ret_6m,2022-06-30 00:00:00,FAC_rank_vol_m12_n6_pairwise1,1,Low,0.6444355099382914,-0.12533202131483825,48
future_ret_6m,2022-06-30 00:00:00,FAC_rank_vol_m12_n6_pairwise1,2,Q2,0.7531086935931549,-0.1178018282876206,47
future_ret_6m,2022-06-30 00:00:00,FAC_rank_vol_m12_n6_pairwise1,3,Q3,0.8075599347926142,-0.1282893230150494,48
future_ret_6m,2022-06-30 00:00:00,FAC_rank_vol_m12_n6_pairwise1,4,Q4,0.8463292451361756,-0.1371671499657162,47
future_ret_6m,2022-06-30 00:00:00,FAC_rank_vol_m12_n6_pairwise1,5,High,0.893402291346114,-0.12443359470754234,48
