factor,month_date,n_obs,r_squared,adj_r_squared,const,FAC_rank_vol_m3_n6_pairwise1,CtrlRetSTR,CtrlRetLTM,CtrlVol,as_偏股混合型基金,Ctrl_log_fund_size,Ctrl_fund_age,FAC__x__RANK_MEAN,FAC_rank_vol_m6_n3_pairwise1,FAC_rank_vol_m6_n6_pairwise1,FAC_rank_vol_m6_n12_pairwise1,FAC_rank_vol_m12_n6_pairwise1
FAC_rank_vol_m3_n6_pairwise1,2009-10-30,51,0.04767367283131263,-0.13372181805796113,0.054117398847161574,-0.016945541886929087,0.46546025719502876,0.07382013333731283,-0.8484397143398551,-0.00718726411558788,0.006663336486796284,-0.0004792475670831622,-0.029809030527128733,,,,
FAC_rank_vol_m3_n6_pairwise1,2009-11-30,53,0.1554555686071245,0.001902035626601628,-0.06256023630951912,-0.05598361440483392,1.122870219724029,-0.073651332227421,-0.49460794710026373,-0.002373224525749934,-0.0034808710125105845,0.00015079112555114495,-0.0048386514320339505,,,,
FAC_rank_vol_m3_n6_pairwise1,2009-12-31,59,0.130354362408999,-0.008788939605561152,-0.13893337355601137,0.0013127709723919534,0.6121569492220498,-0.1540093795456208,-0.2493225271770996,0.02953785312113956,-0.005279915971175259,0.0004896279228478964,0.048621773822516576,,,,
FAC_rank_vol_m3_n6_pairwise1,2010-01-29,55,0.11899016593900513,-0.03422893563682017,0.006710449358293436,0.02051387160270179,0.37104739807364967,-0.0658358936096584,-0.22877915827130693,0.002955467368488583,-0.007108431685828786,0.00012415388472161325,0.03201201316089632,,,,
FAC_rank_vol_m3_n6_pairwise1,2010-02-26,59,0.1145980540660394,-0.0270662572833944,0.05197120149673262,-0.11572566167194259,0.6981215042202502,-0.06230284581397751,-0.02044064000309382,0.015526657289824077,0.0046734751260702045,-0.0003266850373792824,0.07701837353677304,,,,
FAC_rank_vol_m3_n6_pairwise1,2010-03-31,60,0.15552084139217204,0.02305352239486569,0.026882123537171326,-0.06618774213491681,0.025822039020096027,-0.036470493996363304,-0.3825896499401478,0.033933639876117756,0.008817833524743192,-0.0003267082924605084,0.10373288526736085,,,,
FAC_rank_vol_m3_n6_pairwise1,2010-04-30,60,0.14808326361268698,0.01444926574801031,0.18726394918907774,0.0062713935758501,0.44210625950739324,0.08437406698097824,-0.4322938265719175,-0.0416955196264541,0.0024276134882811914,0.00013720800816135833,0.017085791033480992,,,,
FAC_rank_vol_m3_n6_pairwise1,2010-05-31,57,0.2510997915114951,0.1262830900967442,0.03532753989354101,0.14598973616631555,0.9220647437339858,0.43704839095815273,-0.05970271900829605,0.0012702407361677031,-0.020250623258113682,0.0008855448361529706,-0.053367805790817624,,,,
FAC_rank_vol_m3_n6_pairwise1,2010-06-30,57,0.22929926447357318,0.10084914188583538,0.09054173306172567,0.20539753241084463,-0.37655971152974266,0.6309226923133952,-0.20279332133115252,-0.018005504288273452,-0.009429680232702681,0.0006729881507726042,-0.06797233997629792,,,,
FAC_rank_vol_m3_n6_pairwise1,2010-07-30,58,0.24132734108563703,0.11746241718125117,0.3495364823618827,-0.20035851023228532,0.4465820423811071,0.21074487068547557,-0.7174983562771678,-0.027645082582529158,-0.01335519029280871,0.0002302917265689282,0.027747314382527543,,,,
FAC_rank_vol_m3_n6_pairwise1,2010-08-31,55,0.129284432753907,-0.022144361549761404,0.3489835037779666,-0.062147423171523504,-0.29568788976986826,0.21538033260368977,-1.470423416464434,-0.057248220785311284,-0.00182779554467119,-0.00014224528232406345,-0.044795443786082294,,,,
FAC_rank_vol_m3_n6_pairwise1,2010-09-30,60,0.15999031257115837,0.028224087092124428,-0.061468016929045105,0.15795443607566223,-0.9418908092266411,-0.14651948706099902,0.44883033135282374,-0.040415977896444584,0.0035225086022002,-0.00016565950819873924,0.009498817823205826,,,,
FAC_rank_vol_m3_n6_pairwise1,2010-10-29,56,0.19157836907186632,0.053974687211758354,0.0520922912464945,0.006135278741536725,0.47787960483241737,-0.24243136300040397,-2.7029105751263125,0.013600683388520333,-0.002941059244029727,-0.0003990728853159732,0.07411103121961532,,,,
FAC_rank_vol_m3_n6_pairwise1,2010-11-30,59,0.30109167845916573,0.18926634701263223,-0.07293701159624638,0.031835505551322175,-0.7229579070530949,-0.3438715175808105,-0.742781731711301,-0.04902213763011038,-0.007961896939296623,8.788706998563582e-05,0.1128203960020177,,,,
FAC_rank_vol_m3_n6_pairwise1,2010-12-31,61,0.2613122823888677,0.14766801814100117,-0.037157370577368246,-0.02736522546456392,0.4093614881478595,-0.4354051645326299,-1.7041460796877688,0.058590757998604436,-0.0043946291406780115,9.325804346766375e-05,0.11579337925552696,,,,
FAC_rank_vol_m3_n6_pairwise1,2011-01-31,60,0.12056698865244997,-0.017383287637361855,0.048833145458555445,-0.045992975253106985,-0.14663636075532616,0.0543275362833495,0.1715951362921511,-0.06276606161702347,-0.003453135269686297,0.00022697077520347867,0.0046841403272451405,,,,
FAC_rank_vol_m3_n6_pairwise1,2011-02-28,63,0.18261439395003076,0.06152023009077612,-0.06170568866136826,0.043210804195794546,-0.7714906384169484,0.07325790363070525,0.014669861374890713,-0.043306620109512556,-0.006786113207246801,0.00033101779947200777,0.011138149532578466,,,,
FAC_rank_vol_m3_n6_pairwise1,2011-03-31,63,0.23836060346686438,0.1255251373138072,0.04684762847217352,-0.10450142803282857,-0.04777484443491187,0.11474135234458172,-1.240467879784315,-0.06172566002794661,-0.016125149841884644,0.0006816316482435863,-0.006554428819045643,,,,
FAC_rank_vol_m3_n6_pairwise1,2011-04-29,64,0.299854334762235,0.19801496527310547,0.0413128922905364,0.03426014088131651,0.8320152013773809,0.12095729261777645,-1.2334598779675767,-0.0854105657153335,-0.006328891556856985,0.0001412953345547513,-0.03409534412473504,,,,
FAC_rank_vol_m3_n6_pairwise1,2011-05-31,68,0.30363713090893685,0.20921504696438586,0.12513876621882106,0.08596732055052761,0.8672222175566063,0.2855858336864325,-1.3680782130639815,-0.12476375711351219,-0.012535638370322419,0.00013814514007079464,-0.14889446202877007,,,,
FAC_rank_vol_m3_n6_pairwise1,2011-06-30,69,0.33282386559580845,0.24386704767524958,-0.00691092725391837,0.08087762146446659,-0.5320569252090659,0.06828971994065772,-2.1503100022037485,-0.09459819007344815,-0.015133243691149628,0.00048204079044011965,-0.06162504594361586,,,,
FAC_rank_vol_m3_n6_pairwise1,2011-07-29,68,0.4159189862488434,0.3367215606554662,0.03668771526061021,-0.058454936100538486,-0.5521194958176501,-0.11030491144185971,-2.415843665964813,-0.06547478078811844,-0.010540094566545503,0.0004884649437264239,0.016948785088346168,,,,
FAC_rank_vol_m3_n6_pairwise1,2011-08-31,73,0.3393515795650528,0.25677052701068437,0.08134640623819953,-0.09742192143749451,0.13272969508134222,0.028955939221105145,-2.110687541318149,-0.03626318679898116,-0.023853785348467976,0.0006469758893869117,0.02435175313758837,,,,
FAC_rank_vol_m3_n6_pairwise1,2011-09-30,76,0.2694262163397283,0.1821935257534273,0.06751892299148375,0.06316901998903242,0.5561125158651138,0.12977849879955358,-1.6864647881338088,-0.044918320220963516,-0.0106944761972674,5.919437079831189e-05,-0.012047386068423573,,,,
FAC_rank_vol_m3_n6_pairwise1,2011-10-31,75,0.17230064465624984,0.07197345006912859,0.10352177729257418,-0.002220870578089704,0.03281766127488123,0.2708340968352699,-0.9981111648085692,-0.040300878450113715,4.521927716620787e-05,5.7823677370000014e-05,-0.03771170325901644,,,,
FAC_rank_vol_m3_n6_pairwise1,2011-11-30,77,0.44409681245863963,0.3786964374537737,0.04246074290853822,-0.019756852658231138,-1.3781899895085152,0.0296361935866088,-1.3739392987061254,-0.011015473718922721,-0.006956028192824225,5.74742428539273e-05,0.022262422837854512,,,,
FAC_rank_vol_m3_n6_pairwise1,2011-12-30,79,0.04106181968159617,-0.06853111521193567,0.005970659452444858,0.05716802886322216,0.07065832533302328,0.08819390838045742,0.04591648732995961,0.024107019080449817,0.008998071672269424,-0.0004153650883687721,0.0038162719200808713,,,,
FAC_rank_vol_m3_n6_pairwise1,2012-01-31,79,0.505727753524468,0.4492394967844072,-0.009398763617545634,0.09288163605843326,-1.2413100486564514,0.4698813492674544,0.8838663433700812,0.027192618057875283,0.01995031635654652,-0.0006537005682065561,-0.04214456777747365,,,,
FAC_rank_vol_m3_n6_pairwise1,2012-02-29,84,0.3297496501202998,0.258256279466465,-0.06469196605715499,-0.0026591004351293997,2.2073173981981573,0.011797002508115838,-2.87061333168725,-0.012999498703782121,-0.024733477105801187,5.9821062799832306e-05,0.005428749784827992,,,,
FAC_rank_vol_m3_n6_pairwise1,2012-03-30,81,0.40486734618257325,0.3387414957584147,0.3171167203633485,-0.09508852552307077,1.8758471942712365,0.6075381624302022,0.6328301852699494,0.00467361058027488,-0.01244881523875247,-5.833982641895829e-05,-0.13146300474015057,,,,
FAC_rank_vol_m3_n6_pairwise1,2012-04-27,83,0.45054607838887417,0.39114565443091465,0.15203950436532832,0.07708918237667005,-0.5226160691173788,1.213922798347858,0.7316455687016616,0.03887925369868431,-0.018332065527027545,-2.642986383307049e-05,-0.16331578614047196,,,,
FAC_rank_vol_m3_n6_pairwise1,2012-05-31,88,0.2725645455101924,0.19890019568843964,0.060204802310719986,0.004558582556327982,0.5634015243873225,0.46315505623839015,-2.0197845264841643,-0.007210059760129512,-0.004112327367788359,-0.0001060292316890578,-0.07144563319388708,,,,
FAC_rank_vol_m3_n6_pairwise1,2012-06-29,89,0.15767670434488545,0.07344437477937404,0.0886363257657596,-0.10048826811182783,0.21585082204713105,-0.04475625163494412,-0.6994835155731992,0.037929182331434795,0.008978070744656277,-0.0003837982314996353,0.054617756940922475,,,,
FAC_rank_vol_m3_n6_pairwise1,2012-07-31,92,0.08421071992626716,-0.0040581263458998595,0.19084484913904598,-0.09646938435712432,-0.3737169508758742,0.1446201909727737,0.038434454327347094,0.012653826766437571,0.005037695384409747,-0.0003453407075493267,-0.005198839485972035,,,,
FAC_rank_vol_m3_n6_pairwise1,2012-08-31,97,0.08678058038382053,0.0037606331459859588,0.2426297384969206,-0.10568813871187326,-0.2895494944674615,0.1521958823493007,0.5742918997166195,0.02601516526933795,0.011920295905721497,-0.00040740397263214835,-0.028154975171537807,,,,
FAC_rank_vol_m3_n6_pairwise1,2012-09-28,104,0.11872707960689033,0.0445146231527338,0.3120165505812422,-0.16813437442870305,-0.14274130086894532,0.2486281115062003,-0.7340617404654083,0.019252138546629764,0.004891730645125769,-9.986452907068569e-05,0.006906674719604208,,,,
FAC_rank_vol_m3_n6_pairwise1,2012-10-31,106,0.10075596867357273,0.02659151248170255,-0.04791282575230521,0.1355145334897173,0.9813787999331187,-0.04247115055750815,-0.16644000404712417,0.013689586726916586,0.005290905663273374,7.421003312968634e-05,0.02169382181626015,,,,
FAC_rank_vol_m3_n6_pairwise1,2012-11-30,111,0.2728526394363603,0.21582147390195727,0.16853637673972208,-0.14018640299426022,-1.4717945981373566,-0.3799190965135113,0.7289682940700424,0.0410849097851546,-0.006000769192454055,-6.455037948246591e-05,0.1531671243762148,,,,
FAC_rank_vol_m3_n6_pairwise1,2012-12-31,118,0.4157700929521172,0.37289083371924514,-0.0883590026341994,-0.04776194044011652,-1.4795991587919162,-0.9586904831941023,3.2711150967105596,0.018974549439550795,0.010939168218801438,-0.00043278101796088346,0.36811861784344524,,,,
FAC_rank_vol_m3_n6_pairwise1,2013-01-31,122,0.1973149306572446,0.14048766911085486,-0.157552786728424,0.26608375916204646,1.147200724971292,0.7980911918954637,-1.416540648519083,0.05048961727090641,0.008315983275535526,-0.0004038030798953805,-0.19115815887023904,,,,
FAC_rank_vol_m3_n6_pairwise1,2013-02-28,120,0.4169458385670958,0.3749239170223819,0.06332991412199628,-0.04215575176926119,2.9160875717663304,0.39266174365798484,-0.7554386877047748,0.0046186771840836015,-0.013424881839383153,0.00013256193933968788,-0.059587721499573185,,,,
FAC_rank_vol_m3_n6_pairwise1,2013-03-29,124,0.2921580144283811,0.24291683282339893,-0.0029878426637263995,-0.01924053445746988,1.6428130525179125,0.13121292139720203,3.005327613305548,0.02026463016265585,0.009287305819401032,-0.00036646448057266634,-0.029208213491482376,,,,
FAC_rank_vol_m3_n6_pairwise1,2013-04-26,124,0.3282445405637068,0.2815137259942254,-0.26391965344554974,0.2709968468983613,1.8135114223471542,0.37706215414600414,1.5690244488036245,0.028129083957739113,0.006392744128134237,-8.978413038986314e-05,-0.053131963782804534,,,,
FAC_rank_vol_m3_n6_pairwise1,2013-05-31,126,0.1903132919341909,0.13495009822028947,-0.021342822614666287,-0.05486406149234924,0.3120888091889059,0.20777446127513485,0.09272784393531937,0.027563386158729282,0.01530617790892362,0.00010506589967388289,0.030219262309821512,,,,
FAC_rank_vol_m3_n6_pairwise1,2013-06-28,125,0.14184448570121777,0.08266134678406045,0.06632804609617736,-0.12679036757968337,-0.3476944255293907,0.0838478960200081,0.6303807035007154,0.0314792016732895,0.024651629523461956,-8.9672244873196e-05,0.06480085230121924,,,,
FAC_rank_vol_m3_n6_pairwise1,2013-07-31,128,0.3480140369674273,0.3041830478559938,-0.0961845183757898,-0.06907962769652844,0.9319046641528154,-0.005515309036294378,1.5510135058153665,0.07609835982679264,0.016749630962364058,-2.4631834283599594e-05,0.0364305787761676,,,,
FAC_rank_vol_m3_n6_pairwise1,2013-08-30,133,0.2185392576972266,0.16812243561317675,-0.0471555054014807,-0.19420886586506608,0.030302230219356144,-0.10608791454878388,1.9211319932895508,0.09767907375227129,0.035587646298319994,-0.0003711656635685764,0.13657452892285285,,,,
FAC_rank_vol_m3_n6_pairwise1,2013-09-30,134,0.13205248673129255,0.07650384588209524,-0.09977892176792282,-0.09698496491788976,-0.5243253937084763,-0.10105444573723238,1.4571499852095924,0.05511144310518595,0.04504238831704971,-0.0005795179261553261,0.05457186189104333,,,,
FAC_rank_vol_m3_n6_pairwise1,2013-10-31,138,0.2243700283158514,0.17626894480055533,0.03300846156044866,-0.17550494898702365,0.5476787291416768,-0.13973684766629804,0.5135721568907219,0.06526782735917114,0.012026762191043762,-0.0003822961587400996,0.1447086725534229,,,,
FAC_rank_vol_m3_n6_pairwise1,2013-11-29,141,0.21132587739094,0.16352744571766364,-0.005224626011107768,-0.09497781640246981,0.8153424069739258,-0.08354057949526285,-0.2030998220473229,0.030940866220573706,0.028922178332074208,-0.0005935884720012859,0.05439722420231451,,,,
FAC_rank_vol_m3_n6_pairwise1,2013-12-31,142,0.22614498983094555,0.17959732004634077,0.048368200164324845,-0.2009613361684851,-0.39057929547450715,-0.07748275664145632,0.7906565288044306,0.06425660293033635,0.020436340218986587,-0.0006874457036505539,0.10042813832503347,,,,
FAC_rank_vol_m3_n6_pairwise1,2014-01-30,130,0.34209525711186184,0.29859742287132385,-0.042821326578346156,-0.002115553265602066,-0.426869675213537,-0.35492597996345737,0.6252273244776446,0.039535205243640605,0.046951373420549405,-0.0010539448951097758,0.15443373777370883,,,,
FAC_rank_vol_m3_n6_pairwise1,2014-02-28,130,0.23762892459960427,0.18722422539957817,0.08228459560492073,-0.11083103987120961,-0.08441856669080074,-0.29536701971883605,0.18102161896493574,0.054136779186017704,0.036540570551445106,-0.0007756418316446933,0.13684658205410108,,,,
FAC_rank_vol_m3_n6_pairwise1,2014-03-31,128,0.2381487338814834,0.18693184204158309,-0.02752004703700815,0.04222680926060802,0.24177693925897994,-0.14849381420309415,1.7077331496983652,0.03212825366766432,-0.005066260906540411,-7.908495070623244e-05,0.15453510687505512,,,,
FAC_rank_vol_m3_n6_pairwise1,2014-04-30,127,0.34297183667362097,0.29842755441420543,-0.13300049446976933,0.09899202633774923,0.49709892707217,-0.20981610144849716,2.22113892083856,0.02928477876386447,-0.004535093504266776,-7.089784002326806e-05,0.21979009894119572,,,,
FAC_rank_vol_m3_n6_pairwise1,2014-05-30,130,0.291417813063259,0.24456940400959015,0.15278844922333665,-0.1497191393040847,0.45656323333363236,-0.14929601559603056,1.0481490437334906,0.05495091426919005,-0.057494465245057746,0.00044455560124211915,0.18572604356300657,,,,
FAC_rank_vol_m3_n6_pairwise1,2014-06-30,125,0.1318117731165388,0.07193672298664489,0.20355772935866429,0.15410591978061364,-0.5660380472286163,0.4919915743223244,-2.6124941697219723,0.007762445309958668,-0.1156692466367317,0.0014594970612511146,-0.06572958728619728,,,,
FAC_rank_vol_m3_n6_pairwise1,2014-07-31,123,0.18034754953693,0.1228280793289952,0.2561017811332414,0.020884589151465894,0.786048782187501,0.482750065718367,-1.2174226558214631,0.02840856042580482,-0.07399941249307199,0.0008866215579667017,-0.1108299111565103,,,,
FAC_rank_vol_m3_n6_pairwise1,2014-08-29,123,0.06063711882444178,-0.005283083363316843,0.29393584892289315,-0.06925109509406059,-0.4428669376872152,0.0023367039827351757,0.07904476350395981,0.058626140095919176,-0.0584594138307545,0.000520038520427563,0.09940373981602259,,,,
FAC_rank_vol_m3_n6_pairwise1,2014-09-30,122,0.08223870563218838,0.017264454703493692,0.36967657708082197,-0.09360119801364787,-0.18674582426057612,-0.2585439228777014,0.12531178753637706,0.14021678141972868,-0.035999961760060664,4.5175418883984045e-05,0.17263722743266013,,,,
FAC_rank_vol_m3_n6_pairwise1,2014-10-31,123,0.15995659998866463,0.10100618595278144,0.366640812899511,0.0661564239990234,1.2268973102316967,-0.7220581390525047,4.045663222828691,0.12812591063718592,-0.04196733710627276,-0.00024258246603376892,0.25404269218357084,,,,
FAC_rank_vol_m3_n6_pairwise1,2014-11-28,125,0.22736836343357936,0.17408342298072277,0.6413484736335416,-0.17762191268614888,-1.4499832015574463,-1.2213674315693015,5.272488727421002,0.31930624785549966,-0.02508260028769422,-0.0012326817441651466,0.5569207828459053,,,,
FAC_rank_vol_m3_n6_pairwise1,2014-12-31,116,0.5545972554069294,0.5212961156242699,0.8828197599432316,-0.35664582811421436,-1.8673031693196875,-0.42336472376546064,0.7809731259371013,0.0882326096802306,0.012046988534756591,-0.0012366893900073812,0.3198732448521473,,,,
FAC_rank_vol_m3_n6_pairwise1,2015-01-30,111,0.12503033069382852,0.05640525859138368,0.4837990304626845,-0.1559116344013856,0.22264880901456297,-0.20493300607141715,-0.9506662253979578,0.019985626556838627,0.019756216368764436,-0.0006651557168845979,0.08095728673229415,,,,
FAC_rank_vol_m3_n6_pairwise1,2015-02-27,120,0.13770633146563227,0.0755590400397319,0.04089298854186319,0.09611176288032311,-0.3455549527754859,0.2548202394287484,-1.1805703431187635,-0.01392813009887824,0.02186972297826857,-0.000196227372075498,-0.14981301047183831,,,,
FAC_rank_vol_m3_n6_pairwise1,2015-03-31,117,0.15255284918131296,0.08977898615770652,0.01188291767506029,0.039923071473452754,-0.35430726170327914,-0.012413086535860518,-1.6469554734971426,0.009318367714735504,0.03369560742894546,-0.0006830287575712943,-0.009179951074971712,,,,
FAC_rank_vol_m3_n6_pairwise1,2015-04-30,110,0.2363367988039906,0.17584862445183147,0.19997934584593965,-0.07715523688824306,-0.4542735855627995,-0.01611380695844911,-1.482908662374624,-0.019620154282975557,0.04257649083524777,-0.0009549164436021308,-0.05992241960117274,,,,
FAC_rank_vol_m3_n6_pairwise1,2015-05-29,100,0.39093123992201295,0.3373867335415306,0.070962539683584,-0.04189574593641426,-0.4604563358133797,-0.055444601742544876,-1.811494878654414,0.07888252381137177,0.014666537008303606,-0.0008172308468167231,-0.01765941384055309,,,,
FAC_rank_vol_m3_n6_pairwise1,2015-06-30,85,0.12706853525644435,0.03518101265185958,0.0077673718362561645,0.043633996581534856,0.20904619689562162,-0.0887962850833548,0.710339965527119,0.03092741596253378,0.01081353056087707,-0.00034064504429218346,-0.00897437564284182,,,,
FAC_rank_vol_m3_n6_pairwise1,2015-07-31,82,0.20492352231415412,0.1177918535266641,-0.0913113406775731,-0.0035151856878031726,0.5097793486394833,-0.013962011968050693,0.05979720400317269,0.03375416500860514,-0.00482236153990735,-0.00034384110042923486,0.03238575635222705,,,,
FAC_rank_vol_m3_n6_pairwise1,2015-08-31,88,0.14785800131680504,0.06156514069065877,0.07796610654493918,-0.14926652329302753,-0.4751254968147104,-0.04986392709544634,-0.643769729279954,0.050938248129100624,-0.020423247927689722,-0.00019491939944236622,0.05894828730214031,,,,
FAC_rank_vol_m3_n6_pairwise1,2015-09-30,82,0.06460954509972405,-0.03789899790304596,0.09814264696252441,-0.0032352123382802657,-0.10457548209680588,-0.07153126969369818,-0.0048381602743292505,0.002931442012389157,-0.016637374717286598,-5.961239740982349e-05,0.06932658689333007,,,,
FAC_rank_vol_m3_n6_pairwise1,2015-10-30,83,0.26173367862477437,0.18192110334096623,0.043420514550573004,-0.007861339466688218,-0.09868992788905855,-0.03176882953665448,-0.6958614303653284,0.009827474881945538,-0.005807044891653541,-0.0001438889156813148,0.038502325007329675,,,,
FAC_rank_vol_m3_n6_pairwise1,2015-11-30,87,0.6023823015254111,0.5616009991177608,0.07801859835250614,-0.0781731247929894,-0.09758251035762978,-0.06348810028500135,-0.918439263470847,-0.004376133851979455,-0.007530027929339036,-6.74860242824417e-05,0.08612785271975117,,,,
FAC_rank_vol_m3_n6_pairwise1,2015-12-31,90,0.5053953600493505,0.45654551906657037,0.17633673212374124,-0.12368308041747533,-0.6150143070077846,0.040122576040342084,-1.271123741605081,-0.015200789662527194,-0.02571650304381853,0.00012998395276310319,0.0339615758911523,,,,
FAC_rank_vol_m3_n6_pairwise1,2016-01-29,90,0.230076192271508,0.15403433471807682,0.23277870467139355,-0.046931611544395145,-0.4417833557051141,0.08994982509921226,-1.3242772522272444,-0.016604280062838428,-0.03128973334851541,0.0005493548410400677,-0.026674280865380682,,,,
FAC_rank_vol_m3_n6_pairwise1,2016-02-29,93,0.030218737455735112,-0.06214138278657577,0.20613162841544308,0.01453352490250468,-0.22850927778807437,0.07257285996944757,0.013274194494668998,-0.03520715597292548,-0.008772802002156598,0.0002785243719504342,-0.007437075881834735,,,,
FAC_rank_vol_m3_n6_pairwise1,2016-03-31,95,0.1363658058231093,0.05602774124851484,0.13473847809497586,0.014666061755266496,0.04949087312844245,0.07430400882192817,-0.5637171980538799,0.0013445555460316406,-0.0014608688735198601,-2.304603052314206e-05,-0.012212424606736301,,,,
FAC_rank_vol_m3_n6_pairwise1,2016-04-29,94,0.22917190383095198,0.1566233771326886,0.103508233584652,0.015102348992283613,0.7785599696941422,0.06975605571326313,-0.1781377444094809,0.019641830147847726,-0.0029486886030436086,-9.095226961484138e-05,0.0006779469563888566,,,,
FAC_rank_vol_m3_n6_pairwise1,2016-05-31,99,0.31375022535948516,0.2527502453914394,0.09905160044810343,0.03367204562055152,-0.3748609482136646,0.015151207541489456,-0.46967666716708467,0.0018810295257086721,-0.016533320531267756,0.0001169814490164156,0.07749601971285049,,,,
FAC_rank_vol_m3_n6_pairwise1,2016-06-30,103,0.44349968057847977,0.3961379512660099,0.09466816340471243,-0.006888294630181201,-0.21446189230670318,-0.054025793541733494,-1.0324634385127702,-0.00833325126344813,-0.021152712154432457,0.00020041042183228052,0.09228096906330938,,,,
FAC_rank_vol_m3_n6_pairwise1,2016-07-29,104,0.32889233225230874,0.2723780023367136,-0.03240639898772035,0.03735361446119485,0.23957912314593252,-0.051377182434543915,-0.4049506724364293,-0.0002595950742843277,-0.013480662311485958,-2.053583256599618e-06,0.08192028080306339,,,,
FAC_rank_vol_m3_n6_pairwise1,2016-08-31,117,0.4582498130523952,0.4181201695747949,0.03253384922704839,0.0462910195311356,-0.08305897534521718,-0.04679350942793262,-1.0612849961086375,-0.0004461658808814756,-0.016094272196496288,0.00012522091752499093,0.10314123496971572,,,,
FAC_rank_vol_m3_n6_pairwise1,2016-09-30,125,0.3468074963128064,0.3017597374378276,0.120804083404391,-0.027044404273741832,-0.3178722963597854,-0.13291286326576326,-1.0554128862534342,-0.018004316177821524,-0.023505512664158606,0.00015408280676488528,0.13022298374177305,,,,
FAC_rank_vol_m3_n6_pairwise1,2016-10-31,138,0.3163508814101571,0.2739540368464459,0.18615339242001733,-0.05575908625126144,-0.3317695797198281,-0.2102494547861612,-1.7353605969315626,-0.026241906441564145,-0.028035864661374782,0.00031026047707637995,0.11727479532418326,,,,
FAC_rank_vol_m3_n6_pairwise1,2016-11-30,151,0.21325839577152528,0.16893492511076613,0.2477258007249473,-0.16863505666537917,-0.36527007995456096,-0.27342569417830986,-2.1988736833460822,-0.03051626915054454,-0.014719696200312766,0.00030353546341630534,0.12973291598743675,,,,
FAC_rank_vol_m3_n6_pairwise1,2016-12-30,173,0.13836349976359663,0.09633245097157694,0.21977149778025107,-0.0398953091260572,1.0153449883915373,-0.239429995925161,-1.2633323709756696,-0.03494228927857547,-0.02829276341133352,0.0004985081143559424,0.05675228021464427,,,,
FAC_rank_vol_m3_n6_pairwise1,2017-01-26,193,0.13008630815231015,0.09226397372414963,0.09810405507952825,-7.049037940968608e-05,1.2844939149838706,0.0598817013377793,-0.16781034135942696,-0.00872164967482269,-0.0074548397052562575,0.00031317746704636977,-0.023117378778788545,,,,
FAC_rank_vol_m3_n6_pairwise1,2017-02-28,219,0.14193909854154674,0.10925106420027231,0.20580386615545662,-0.08209267422484298,1.5996496856058904,0.02428461614221641,-2.0288616201822096,-0.00289494495886199,-0.02015477188630659,0.00036790551894621095,-0.026340973646282895,,,,
FAC_rank_vol_m3_n6_pairwise1,2017-03-31,221,0.2648306695514635,0.23708843066661311,0.0719065468556975,-0.00663940017397609,1.3774697794011144,-0.06668121112986791,-0.3371078180259457,-0.012431974532727432,-0.015543028167209962,0.0003584246859549901,0.04210395777489129,,,,
FAC_rank_vol_m3_n6_pairwise1,2017-04-28,229,0.22355765633705071,0.19532338929476156,0.12786244404262032,-0.08423507495314,1.4794619428204976,-0.16123076368142167,1.7191793966073878,-0.0016862887412909472,-0.005319811026060815,0.00023821174225761393,0.09209868827748913,,,,
FAC_rank_vol_m3_n6_pairwise1,2017-05-31,237,0.19521076721612396,0.16697254852195298,0.19219399369977155,-0.16567242518477113,0.48142841538254993,-0.15512260115186724,0.7880038154126353,0.005032593012728851,-0.007576891944539514,0.00019078162520201126,0.15714186204100306,,,,
FAC_rank_vol_m3_n6_pairwise1,2017-06-30,232,0.44210913041916633,0.4220951081920512,0.13789840508612947,-0.12134532432536171,1.884679567500157,0.07045419167893284,-2.031637056802124,0.02031662353808757,0.0037433462315041195,-0.00015485478588862447,0.023690841640484767,,,,
FAC_rank_vol_m3_n6_pairwise1,2017-07-31,236,0.3331561874445709,0.30965508391838836,-0.07000186053603985,0.12035211775266158,-0.0011052228732928045,-0.067219925746577,-1.1146218175184737,0.01736388241139114,0.0021945990571746433,-0.00016909745083620523,0.1937498360104133,,,,
FAC_rank_vol_m3_n6_pairwise1,2017-08-31,246,0.3424651427696951,0.32026987332732193,0.0643268703128731,-0.0573256139739907,-0.3697143025460356,-0.035121890852002464,-1.22862182505203,0.018493191886421692,0.012448569064506294,-0.00026384985398972575,0.15856633105272888,,,,
FAC_rank_vol_m3_n6_pairwise1,2017-09-29,256,0.16662696889990336,0.13963512983593263,0.22575435873265273,-0.2144168357973673,0.10033214566487508,-0.008309377052036545,-1.703625344031967,0.030618858201354012,0.004627047870934982,-0.00027268596770933714,0.07557356272503903,,,,
FAC_rank_vol_m3_n6_pairwise1,2017-10-31,258,0.12023683464830848,0.09197135142415769,0.10659668179675474,-0.08638579414401437,0.09802501164512863,0.07741974007201635,-2.1121656200632555,0.017190383847703678,0.011129539495027343,-0.0003423463275013166,-0.04015949016618741,,,,
FAC_rank_vol_m3_n6_pairwise1,2017-11-30,272,0.0814852248125052,0.053545611879045274,-0.12083731431300579,0.1719742803098705,0.02938397790958014,0.28706838855019984,-0.48375567764444605,0.0009032440939532923,0.016632731018121457,-0.00027562295065092007,-0.11980398926970919,,,,
FAC_rank_vol_m3_n6_pairwise1,2017-12-29,272,0.13729262139179488,0.11105057185238187,-0.09902334057178551,0.04891033691110186,0.9299784149217716,0.14156265520023928,-0.20707402923046367,0.012490218543446658,-0.0021900752415537354,-0.00011111672620961229,-0.12492695421224315,,,,
FAC_rank_vol_m3_n6_pairwise1,2018-01-31,269,0.10875937852553497,0.08133659017247452,0.0009715976977561887,-0.039676439501153904,-0.4237634531291285,0.07919223198850468,-1.3103127503239052,0.00870023628105832,0.002668953979403713,-0.00015077379253443618,-0.07196472354411276,,,,
FAC_rank_vol_m3_n6_pairwise1,2018-02-28,270,0.23302589667272045,0.20951711189640532,-0.08268377573224774,0.037521915269339914,0.230074718621558,-0.11578147085510448,-2.8682665954544695,0.02071129120714806,-0.012808934414861538,-1.9329938090131383e-05,0.055128185291877685,,,,
FAC_rank_vol_m3_n6_pairwise1,2018-03-30,269,0.34279270173044885,0.32257093870677034,0.04382129487970586,-0.14799994488999788,-0.34740431619297063,-0.11974114625082953,-2.854392215033847,0.0061492288779848615,-0.019054393894622178,0.00017615304094318113,0.13764884771846989,,,,
FAC_rank_vol_m3_n6_pairwise1,2018-04-27,274,0.4043481762562625,0.3863662344073949,-0.07286308191354336,-0.02204190981227358,0.8462931341119687,0.006485512376253736,-2.528496826980575,0.010709128294379507,-0.010069084194503364,8.626224958693476e-05,0.02973241479895229,,,,
FAC_rank_vol_m3_n6_pairwise1,2018-05-31,281,0.4025547710864481,0.3849828525889907,-0.029423794935488586,-0.08739298569878448,-0.4654272508587577,-0.03549904057311146,-2.676813223318995,0.013799810030175112,-0.0052452326418492125,-1.1257685163428232e-05,0.0614631856139368,,,,
FAC_rank_vol_m3_n6_pairwise1,2018-06-29,278,0.3783755755145456,0.3598886037826361,0.04882898087357626,-0.08220242196068205,0.5229230583748902,-0.022341986938002885,-3.0273506466001767,0.003592785363103558,-0.00047729245650688853,1.7687482643817943e-05,-0.008145236746403392,,,,
FAC_rank_vol_m3_n6_pairwise1,2018-07-31,270,0.3619888139123433,0.34243291548820054,-0.017737191731885725,-0.01883423464772156,0.8892585643936647,0.18078599157296066,-2.003606666635959,0.013314711484482017,-0.004693316277783054,-2.679954412924223e-05,-0.03356651496493928,,,,
FAC_rank_vol_m3_n6_pairwise1,2018-08-31,273,0.08081116127248311,0.052956954038315907,0.20030161338849373,-0.10424717652847221,0.355933765765235,0.055148382848900154,-0.8101779697549195,-0.008424069326918053,0.001350075188399891,5.774913296075226e-05,-0.010489007593507675,,,,
FAC_rank_vol_m3_n6_pairwise1,2018-09-28,274,0.017693446975806992,-0.011961090473979974,0.16400336908327165,-0.05473903121544828,-0.2980982741446119,-0.021132550398391656,0.05188212595204663,-0.0020180499022342878,0.002589831756363387,6.076850708646748e-06,0.020658404420376645,,,,
FAC_rank_vol_m3_n6_pairwise1,2018-10-31,269,0.20931187389813832,0.18498300847961946,0.06064908262491775,0.030119484318895384,-0.9645220058332409,0.07269037246724779,1.888301854116819,-0.005151907595846183,0.0037340667281978313,-3.0244725815023163e-05,0.0022165321726895686,,,,
FAC_rank_vol_m3_n6_pairwise1,2018-11-30,272,0.19461463914123056,0.17011622512271285,0.0052143462679149375,-0.04428149777307691,0.47808113001325286,-0.11685138910125806,2.8521673737795425,-0.00482249758449001,0.0003821789415330441,6.886452963593766e-05,0.055909827613604406,,,,
FAC_rank_vol_m3_n6_pairwise1,2018-12-28,278,0.3131425640046035,0.29271557706050244,0.009936968032453943,0.06756947025021545,-0.154310305307227,0.038201227401479215,4.103278010408547,0.01380326829666663,0.009091011678003606,-0.00010076131405879344,-0.014287841216039144,,,,
FAC_rank_vol_m3_n6_pairwise1,2019-01-31,269,0.2962238439753466,0.274569193020742,0.2450946262478794,-0.05617552280920536,0.6960019622949104,0.1164580437019838,2.2648249060777506,0.007925148971411632,-0.005499005933360053,-2.8781858828902073e-05,-0.09131020932987693,,,,
FAC_rank_vol_m3_n6_pairwise1,2019-02-28,283,0.2962829726928299,0.2757364901437154,-0.02498241052726116,0.1025632248224564,0.11083922112864186,0.31837728111068,3.1905106256941353,0.01717287722164854,0.004550798529438632,-0.00010926554770250956,-0.06842207144892037,,,,
FAC_rank_vol_m3_n6_pairwise1,2019-03-29,287,0.1895935070435446,0.16627245688652437,-0.018648609810118247,0.06265390479552113,0.45390047492475455,0.25441118933362133,0.9936614236843203,0.02126935259338039,0.011022368827525646,-0.0003078568150706061,-0.0992401135147057,,,,
FAC_rank_vol_m3_n6_pairwise1,2019-04-30,286,0.14210508176101866,0.11732833321982072,-0.040078170089895594,0.045946345623113304,-0.2764540467217516,0.24499116915111213,2.00852136666696,0.02644773161668263,0.01721749599355424,-0.00035758863179601236,-0.10074110804679132,,,,
FAC_rank_vol_m3_n6_pairwise1,2019-05-31,289,0.1280231039512817,0.10310947834988982,0.11920949209436515,-0.06714950765438507,-0.5986974393648898,-0.16864944736417067,0.8750794857515413,0.019379888389260226,0.023238351771421,-0.0004986930528827223,0.0421492758465217,,,,
FAC_rank_vol_m3_n6_pairwise1,2019-06-28,297,0.16864434238919523,0.14555112967778394,0.02923143259436969,0.008319225368409755,0.024672340173445672,-0.03226572095263314,2.97463769893943,0.010231537008429804,0.020132312706267412,-0.0004721686724638459,-0.07681558171375766,,,,
FAC_rank_vol_m3_n6_pairwise1,2019-07-31,301,0.3358200977593514,0.31762338810892266,-0.08614625357231712,0.00864077257865736,1.7151437805031373,-0.18689494287239716,4.100045047403207,0.030113482719991883,0.022707457957098734,-0.0004317116174746988,-0.08749180104532467,,,,
FAC_rank_vol_m3_n6_pairwise1,2019-08-30,298,0.3072604640149267,0.28808428308800427,0.028650694652672087,-0.04697893764169062,1.5113813520475508,-0.042424896955917515,4.280242798233778,0.011504459827316566,0.028750786379520308,-0.0005518522393815837,-0.2236304684390874,,,,
FAC_rank_vol_m3_n6_pairwise1,2019-09-30,302,0.26968995950716834,0.249749753623405,0.013744485052457902,-0.048579577867996396,1.300818676690711,0.07039093937739185,1.3517783996263992,0.004238380603915962,0.01045173184001927,-2.096889293448185e-05,0.0099571674558629,,,,
FAC_rank_vol_m3_n6_pairwise1,2019-10-31,311,0.22594863358157036,0.20544396162346623,0.031087999763792548,-0.04976899450310193,-0.7457885541937029,-0.23304045202911064,3.067767991764852,0.014254484577674394,0.011911156666575183,-0.00018131840593727698,0.16167295772816204,,,,
FAC_rank_vol_m3_n6_pairwise1,2019-11-29,325,0.32860853356532616,0.3116112812505243,0.12529875218307795,-0.1503547440533401,-0.055953601904341226,-0.11167365286417895,2.819593649417988,0.019083461945712712,-0.0028113649069643996,2.6159640213816675e-05,0.1907961913402115,,,,
FAC_rank_vol_m3_n6_pairwise1,2019-12-31,340,0.49104310752540525,0.4787420345955057,0.4719366452718868,-0.40441334435509174,-1.908627398194688,-0.17311480411657315,3.702844091748689,0.025403351465554,-0.017030353808589343,0.000121717393040981,0.32204223481635247,,,,
FAC_rank_vol_m3_n6_pairwise1,2020-01-23,346,0.18911373399258913,0.16986420839003935,0.48013559999688105,-0.1921664628542243,0.39182804849830477,0.6833065004002162,-2.7397277341450597,0.02292975678325449,-0.04338057775811237,0.00016322881444943215,-0.1615797777317536,,,,
FAC_rank_vol_m3_n6_pairwise1,2020-02-28,352,0.2650563813653286,0.24791483923973856,0.5503849206269847,-0.14362007276530328,0.3653445663941008,0.7611361209059475,-1.5508919236138559,0.004097584428964479,-0.02607291505428992,6.439708193082875e-05,-0.4265217229735291,,,,
FAC_rank_vol_m3_n6_pairwise1,2020-03-31,355,0.06930854507129636,0.04778966750069047,0.4613916020090262,-0.029823728475993176,0.15163790592076062,0.35798900192848526,-0.2391577605459078,-0.004813639446538286,-0.024848098874973266,-4.770861022247802e-05,-0.14915368213540348,,,,
FAC_rank_vol_m3_n6_pairwise1,2020-04-30,360,0.18283500207872638,0.16421015882126133,0.5025189561768738,-0.14545427850689405,1.6632356842420524,0.0757202302273909,-2.6235609913513596,-0.005833999798142025,-0.013984930504409524,-0.00010957953497977817,-0.041887226421941946,,,,
FAC_rank_vol_m3_n6_pairwise1,2020-05-29,377,0.1206287105790842,0.10151194341775993,0.6845588063414432,-0.34812927947696,-0.2375900423441119,-0.1741629833584029,1.0447222683027537,-0.004201383415711845,-0.017751373273641357,-4.227127754963538e-05,-0.007145860994757453,,,,
FAC_rank_vol_m3_n6_pairwise1,2020-06-30,373,0.11065191851029488,0.09110580682920244,0.643712740550007,-0.316354037361885,-0.15863999815664148,-0.32032345821720565,1.1226417074678992,-0.003995295446553618,-0.005471214096311962,-0.00012280883233362495,0.07291213778517353,,,,
FAC_rank_vol_m3_n6_pairwise1,2020-07-31,379,0.15658845245742403,0.1383525271051521,0.2579630134837053,-0.1676952966275713,0.657675453180542,-0.2050288337808623,0.9871012881198118,-0.0033978538046850228,0.004279988300326022,-0.00019779038042742157,0.061658801852149406,,,,
FAC_rank_vol_m3_n6_pairwise1,2020-08-31,390,0.10875683262706926,0.09004306533314943,-0.01891092378788679,0.05044206485384752,0.30894892463894863,-0.11521047323908527,2.423827138864432,0.0048602775232848335,0.009034737525605402,-0.00019088735412781905,-0.008876382557280273,,,,
FAC_rank_vol_m3_n6_pairwise1,2020-09-30,396,0.22789666795419983,0.2119358755604882,0.39299384903563683,-0.15098196186888468,0.9753616486449835,-0.1900312056331888,-0.6768576268622923,-0.005146760717154458,0.0039423118434620645,-0.0001239777133404829,0.16805701531214273,,,,
FAC_rank_vol_m3_n6_pairwise1,2020-10-30,398,0.24916558908623043,0.2337242644401888,0.08818791559436362,0.01768277329228433,1.0257032168130107,-0.09160616950352465,0.3964454095811183,-0.004293936395829846,-0.0052505043219285,-6.042963830632603e-06,0.08699629082931423,,,,
FAC_rank_vol_m3_n6_pairwise1,2020-11-30,424,0.2931543393005628,0.2795283988533448,0.2580564873419551,-0.1762267507436971,-0.9606751467297401,-0.005735799285978923,0.4683325102010473,-0.003966348855237071,-0.003330365019447572,-2.531968600764974e-05,0.14731307605069427,,,,
FAC_rank_vol_m3_n6_pairwise1,2020-12-31,436,0.1794732940523447,0.16410042836714278,0.15335601625516787,-0.1367067897567161,0.2855871603470593,0.08466595736181666,0.6001167565057944,-0.01637031819896398,-0.011729460261104937,-4.238369829939313e-05,-0.045484844683233425,,,,
FAC_rank_vol_m3_n6_pairwise1,2021-01-29,432,0.24630820362795713,0.2320539852568546,-0.0024198137112484957,-0.10674025248728856,-0.6947262756066122,-0.25826855879329397,3.9204258416263515,-0.019745816457315993,-0.0013561914386086551,-5.9424964971055954e-05,0.10455800951176067,,,,
FAC_rank_vol_m3_n6_pairwise1,2021-02-26,458,0.3467173619955798,0.335077582253853,-0.17096494378756805,0.06611421664289244,-0.9377306169426847,-0.5288231134859379,4.829340216451107,-0.01957563040687776,-0.033230723071324776,0.00020276337623903492,0.3489462382289483,,,,
FAC_rank_vol_m3_n6_pairwise1,2021-03-31,460,0.30470692159227875,0.2923735632169755,-0.02981364957763054,-0.1209232495449745,-0.8086584053703778,-0.4054849396998623,5.23300561175485,-0.030548647983607454,-0.03758493443961996,0.00023928423888855136,0.2712423568456013,,,,
FAC_rank_vol_m3_n6_pairwise1,2021-04-30,483,0.12639967802351315,0.11165536879184246,-0.06699551472338237,0.016178816684459026,-0.5266497689703944,-0.4016343306983462,3.9089076213514473,-0.02553202325723894,-0.04471023801965914,0.00028800655457127507,0.2302499836205201,,,,
FAC_rank_vol_m3_n6_pairwise1,2021-05-31,518,0.304036110929677,0.29309758222130256,-0.18230208559549574,0.1991900854719529,2.8869723873275746,0.21045971594184226,-0.6794294310683647,-0.01696480078797097,-0.024458939454125497,0.00020612927564416585,-0.23969664991041914,,,,
FAC_rank_vol_m3_n6_pairwise1,2021-06-30,515,0.26421685499202907,0.2525839198930889,0.025439165870292584,0.04399360113253533,1.4203063752471567,0.2979479450958999,-1.9674104853779313,0.002168709380036282,-0.021215676776159164,0.00036215368207124604,-0.21156499251572797,,,,
FAC_rank_vol_m3_n6_pairwise1,2021-07-30,528,0.20638607993904057,0.19415311007297575,-0.022181072974176826,0.09910845732477562,0.0732305123274403,0.18533333807222854,-2.0381056220044904,0.00577778212776172,-0.02050478814749399,0.0002388023556688013,-0.1492305391428091,,,,
FAC_rank_vol_m3_n6_pairwise1,2021-08-31,553,0.18326164165492997,0.17125078344397304,-0.07466625317275556,0.0850225234790122,0.07506999588249152,-0.041530712426429486,-1.013706100573724,7.920915277753014e-05,-0.00017136968188761776,-9.205111929050956e-06,-0.039633520302092294,,,,
FAC_rank_vol_m3_n6_pairwise1,2021-09-30,565,0.2883622515334304,0.27812285946916326,-0.1044733670602066,0.06310542739005154,0.28669870526261293,0.07358767477769529,-2.047592502437283,-0.0024403180979186315,-0.012159154820620322,0.00014210324155513948,0.018586863673308023,,,,
FAC_rank_vol_m3_n6_pairwise1,2021-10-29,578,0.41978945910460763,0.41163184165792366,-0.22872209559821213,0.16942708333178105,-0.6653401847088162,0.18429440051532875,-2.0406393480045493,0.011637448885591822,-0.008477190506604523,0.00013946550413949032,-0.13181067109814143,,,,
FAC_rank_vol_m3_n6_pairwise1,2021-11-30,604,0.3127749598251027,0.303534959284936,-0.15904022931838327,0.09768819090533222,-0.4772231895695579,0.004754954394381243,-1.6412659849448663,0.0025497956018927736,-0.009073298867945369,7.368110136478567e-05,-0.03509344226359967,,,,
FAC_rank_vol_m3_n6_pairwise1,2021-12-31,596,0.07916341402253813,0.0666136820160309,-0.12232118949276534,0.053631645237501885,0.40363325037088726,0.11562760540867348,-0.11323819886977159,0.00338660488595369,-0.004349901681699851,1.83409221259425e-05,-0.06261639409475553,,,,
FAC_rank_vol_m3_n6_pairwise1,2022-01-28,611,0.17042168019796933,0.15939738358930444,-0.08613092668250798,0.015247219534797903,-0.15560660450991312,0.15518308428421218,0.3618024730421619,0.002005326359583307,0.0023485261796155872,-1.5499205090479493e-05,-0.02120791465218676,,,,
FAC_rank_vol_m3_n6_pairwise1,2022-02-28,641,0.06564646181703238,0.05381920184003275,0.024942990031362786,-0.09991346666652495,0.2625092446337552,-0.0009223549345380417,-0.4611326519476264,-0.0003468452216154626,-0.0013327639694544274,-2.6844664263946673e-05,0.0334448982684664,,,,
FAC_rank_vol_m3_n6_pairwise1,2022-03-31,657,0.13704957919546612,0.12639587029664467,0.008854722193681854,-0.15354707626667496,-0.5203175584071925,0.0013726824951654836,0.08098978243267345,0.004344875669546245,-2.580935348174695e-05,-2.431246981203694e-05,0.06690371170316074,,,,
FAC_rank_vol_m3_n6_pairwise1,2022-04-29,705,0.5066301024733362,0.5009591841109607,-0.12417892032263005,-0.020622193811196086,-1.4692877953864976,0.09734185464567165,0.5579874062800787,0.004187333940821463,-0.0026307286511200014,-1.9230275679216655e-05,0.016252934769344106,,,,
FAC_rank_vol_m3_n6_pairwise1,2022-05-31,744,0.15879783954288995,0.14964189766036362,-0.10895895587359532,-0.022029335242755483,0.32273317029114923,0.011262745313585235,0.7889886693922534,-0.006148926817556111,-0.015597000721589762,0.0001122767387519873,0.10597154143646356,,,,
FAC_rank_vol_m3_n6_pairwise1,2022-06-30,758,0.24491562265726963,0.23685063598338196,-0.13103935690971472,0.006686352903488361,-0.6080223260845717,-0.014144112385516185,0.3699157385875203,-0.0005570739205319291,-0.00842907397754734,5.5055705360126624e-05,0.09478347213068215,,,,
FAC_rank_vol_m6_n3_pairwise1,2009-10-30,51,0.08030546144969575,-0.09487445065512401,0.051359603847138266,,0.6359353026322684,0.14524082070577365,-0.995538505728995,-0.02460710876869516,0.008260938662514636,-0.00045528127090488493,-0.13142775045558877,-0.0006098534818432587,,,
FAC_rank_vol_m6_n3_pairwise1,2009-11-30,53,0.1627295369065056,0.010498543616779377,-0.0693091637112784,,1.0745867147520607,-0.08334452228440246,-0.4233905695229304,0.004841475097665501,-0.0037545541664991567,0.000126083595269741,-0.0015890014016238959,-0.06419636983038032,,,
FAC_rank_vol_m6_n3_pairwise1,2009-12-31,59,0.164121790458143,0.030381276931445877,-0.02600087702491429,,0.251908671787875,-0.18396377402191255,-0.12513359318029665,0.02929529093742022,-0.005722312166257782,0.0004916715356311828,0.11620084022062842,-0.15737003161349972,,,
FAC_rank_vol_m6_n3_pairwise1,2010-01-29,55,0.11448714943995031,-0.03951508544005833,0.03526097383538469,,0.36613936913191875,-0.07155853445536364,-0.18087796816463284,-0.0011828110581418082,-0.003162727116127048,-5.081943453252102e-06,0.05061508525037683,-0.014285614298678336,,,
FAC_rank_vol_m6_n3_pairwise1,2010-02-26,59,0.16217931068406455,0.028128000393514818,0.10701942000840586,,0.9670441326217337,-0.11657181566211501,0.01677610046655016,0.03304363381332638,0.0038693114337707574,-0.0003483625557785289,0.12521730877529041,-0.21964829846396686,,,
FAC_rank_vol_m6_n3_pairwise1,2010-03-31,60,0.16460782757725168,0.0335659181776049,0.06329936436885793,,0.034785900770811076,-0.01846901263248879,-0.33223168494188166,0.04419890205181422,0.008483789613815495,-0.0002951146976619529,0.12870701491620665,-0.1514243986567014,,,
FAC_rank_vol_m6_n3_pairwise1,2010-04-30,60,0.15556281863231547,0.02310208430012961,0.15259237085019686,,0.5450608741578606,0.11825724677598684,-0.5116802344918716,-0.0450277169006112,-0.0005228457024414012,0.0002208222057325244,0.00079360757410366,0.06591820895653457,,,
FAC_rank_vol_m6_n3_pairwise1,2010-05-31,57,0.24940470342428356,0.1243054873283308,0.18718463221462947,,0.872003113809788,0.4837727750263794,-0.11110944683580284,0.01291664688772618,-0.01046684729815593,0.00040936802961566085,-0.08754506861718235,-0.018522266293651175,,,
FAC_rank_vol_m6_n3_pairwise1,2010-06-30,57,0.2287569242343771,0.1002164116067733,0.2530521596171708,,-0.22447530960205375,0.6866882439342689,-0.37708684229062467,-0.037065264785033504,-0.012160656212480461,0.0006795447963280119,-0.12158085151935438,0.11182404198035939,,,
FAC_rank_vol_m6_n3_pairwise1,2010-07-30,58,0.1959358707161486,0.0646600945065402,0.16854280129258978,,0.4373493814989295,0.33544948759954385,-0.6465971619494856,-0.016793459724417512,-0.007902845231155933,0.0003116508019618472,-0.014011084431618427,0.020063107319696117,,,
FAC_rank_vol_m6_n3_pairwise1,2010-08-31,55,0.1441116217209899,-0.004738531023185777,0.21068752421885478,,-0.3144197596424887,0.159206844163472,-1.7585198243004265,-0.05199967397012055,0.008592507105342298,-0.0003113921091279633,-0.07397344880067987,0.14515130695347028,,,
FAC_rank_vol_m6_n3_pairwise1,2010-09-30,60,0.20104368825963215,0.07571720798663328,0.0013550061238252686,,-1.160702967254604,-0.33300361347324203,0.18475884221978434,-0.039833877885259265,0.007846368982994135,-0.0003557557661020448,0.10808760594711492,0.11002780404250206,,,
FAC_rank_vol_m6_n3_pairwise1,2010-10-29,56,0.24566482865699302,0.11726735268371524,0.005052677782006172,,0.4071911166732599,-0.3712991622096892,-2.921334945185782,0.03320801607338371,-0.002440914065891268,-0.0004024821281644151,0.154927235010537,0.03583953535001482,,,
FAC_rank_vol_m6_n3_pairwise1,2010-11-30,59,0.31678922874448656,0.20747550534360437,-0.09420797611940056,,-0.7555913953962663,-0.3516800205819059,-0.9868400619606084,-0.033576513050090365,-0.011510663422399434,0.00025983283816120894,0.15054021341466467,0.040560057856347045,,,
FAC_rank_vol_m6_n3_pairwise1,2010-12-31,61,0.3194641470850148,0.21476632355963254,0.03415776192510027,,0.37640937676759123,-0.5459254609181753,-2.46625714414728,0.1000614821837559,-0.0032149756900045896,-3.928171608660098e-05,0.21905201194035462,-0.14916967731437777,,,
FAC_rank_vol_m6_n3_pairwise1,2011-01-31,60,0.11242701288725065,-0.026800122346121835,0.003194224332376468,,-0.11225904778658281,0.09280094733661677,0.23683157574472308,-0.06581454259917507,-0.004538438898328361,0.0002760987452840651,-0.011707307836296636,0.007721769855476859,,,
FAC_rank_vol_m6_n3_pairwise1,2011-02-28,63,0.17010401679670584,0.04715646372955107,0.006158439426792154,,-0.7056373756500197,0.08057890501396552,-0.047198484333996815,-0.054548774317938864,-0.004467678967374909,0.00026046161328352734,0.005610378009559975,-0.0188923158445513,,,
FAC_rank_vol_m6_n3_pairwise1,2011-03-31,63,0.18313897798453538,0.062122530278540644,-0.009496990863003924,,-0.01621720946152249,0.09874597743995608,-1.0718100968093156,-0.06912339223308984,-0.018140167036261035,0.0007235301437027387,-0.022002898248924832,-0.0416481043994025,,,
FAC_rank_vol_m6_n3_pairwise1,2011-04-29,64,0.36548562441429133,0.2731926243290974,0.019672501392518436,,1.1048646183313962,0.20600473779531514,-0.9971128677712858,-0.1148343802576182,-0.008225137834788374,0.00020897019052053164,-0.11709153230593727,0.12158977468881908,,,
FAC_rank_vol_m6_n3_pairwise1,2011-05-31,68,0.32959384466162966,0.2386913151242236,0.11239990939519132,,1.008120553630286,0.25326692823234287,-1.1807703162313579,-0.14894216058217552,-0.015591012351310246,0.00025642059496211054,-0.22062874738318122,0.16666498803725682,,,
FAC_rank_vol_m6_n3_pairwise1,2011-06-30,69,0.30361255910368556,0.21076090031751027,0.005081240720147827,,-0.5469681242228082,0.022327623857839027,-2.052354135931457,-0.09484616632922764,-0.013405870757468972,0.00043784247605066826,-0.0668944086588104,0.07797910303980522,,,
FAC_rank_vol_m6_n3_pairwise1,2011-07-29,68,0.4229149088597798,0.3446660829424618,0.053453963299062886,,-0.5771773284305081,-0.09634188851051491,-2.4472056260042496,-0.06632647606347568,-0.010056355643519343,0.0004724945538258972,0.0317202811345986,-0.09113003111972764,,,
FAC_rank_vol_m6_n3_pairwise1,2011-08-31,73,0.34085927710963626,0.25846668674834083,0.10358608383122987,,0.09008801082348167,0.05787588206980996,-2.3163762198356666,-0.04254661889580152,-0.02163919846296235,0.000599549236562277,0.01885271830389672,-0.11269335275182732,,,
FAC_rank_vol_m6_n3_pairwise1,2011-09-30,76,0.27098889006770466,0.18394278738922165,0.15787207086049648,,0.4505773972802968,0.20191442489046174,-2.025603433841074,-0.0673231349602418,-0.01017003356009372,4.6307849162424515e-05,-0.05532199735472677,0.015446056948327005,,,
FAC_rank_vol_m6_n3_pairwise1,2011-10-31,75,0.18985113379304241,0.09165127122250205,0.1259878000034431,,0.06558917562376651,0.30915489390877315,-1.0921247705054915,-0.05512109506589268,0.0012834336758436535,1.5159381583729842e-05,-0.0754174522302658,0.020566813325139488,,,
FAC_rank_vol_m6_n3_pairwise1,2011-11-30,77,0.4564762099081704,0.39253223460324926,0.07176432537318572,,-1.4658756892598945,-0.033451366197320545,-1.4560125916354805,-0.01516044362640718,-0.007226335773730723,2.7611834251687338e-05,0.04980460263437737,-0.07503294206280492,,,
FAC_rank_vol_m6_n3_pairwise1,2011-12-30,79,0.031008162989625165,-0.07973376124013187,0.09092771674637441,,0.058468230205418165,0.07229888890425548,0.005160089019400113,0.012965527040652812,0.007308241210586136,-0.00037558992075179963,0.0035869979818080634,-0.03214044154769604,,,
FAC_rank_vol_m6_n3_pairwise1,2012-01-31,79,0.49067664296565894,0.43246825930459143,0.049795268126838474,,-1.2283886680061256,0.35551370919511616,0.5503986728644009,0.016590188852797703,0.01660616079775604,-0.0005712933962540216,-0.029674954077627578,0.018256266752981583,,,
FAC_rank_vol_m6_n3_pairwise1,2012-02-29,84,0.36242356753019056,0.29441541473341093,-0.2613210185957981,,2.1699146293586966,-0.02194799576789376,-1.6961491381197165,0.002224929542059777,-0.022893481559192443,0.00016531294174783705,0.057178269585860066,0.11409018077198033,,,
FAC_rank_vol_m6_n3_pairwise1,2012-03-30,81,0.4481029909450911,0.3867811010501012,0.034684993360231335,,1.7037890911175826,0.6933246548384343,1.7723059688772604,0.018279934845856518,-0.011132855126911624,8.070133929774457e-06,-0.2310747914002193,0.19857979960578837,,,
FAC_rank_vol_m6_n3_pairwise1,2012-04-27,83,0.45489591706078625,0.39596574593222267,-0.010538123090708194,,-0.3847275061719556,1.1902805081829748,2.0812814897057366,0.048627216000618485,-0.012887130983816704,-4.8317351204882727e-05,-0.2939578740549504,0.23602115843171712,,,
FAC_rank_vol_m6_n3_pairwise1,2012-05-31,88,0.2574967676035469,0.18230656685453894,0.04324845338861257,,0.6857880788316677,0.4020907378585519,-1.8558063359231531,-0.006037647777235798,-0.005051683435392926,-0.00012236301956819598,-0.1059266246951324,0.015666586605854748,,,
FAC_rank_vol_m6_n3_pairwise1,2012-06-29,89,0.12246974195880433,0.034716716154684746,0.06061532289765192,,0.23792817201313995,-0.030598650658384876,-0.7831875327197737,0.03320183679020177,0.00803969585257466,-0.0003143066929527864,0.08064815735368916,-0.0747765425069431,,,
FAC_rank_vol_m6_n3_pairwise1,2012-07-31,92,0.04906542488692944,-0.04259091970228224,0.14993626989516665,,-0.45782877944680744,0.12076673976970069,-0.1084776701766389,0.015090003317532318,0.003905893264649841,-0.00028654283273911663,0.006793365950478668,-0.06306559477310766,,,
FAC_rank_vol_m6_n3_pairwise1,2012-08-31,97,0.060212385638771515,-0.025222852030431175,0.20187410967111125,,-0.370476909215417,-0.004802273709672542,0.07678295400805941,0.022374883734425734,0.012202568674480697,-0.0003937791015033744,0.014292614159449633,-0.08632452836220975,,,
FAC_rank_vol_m6_n3_pairwise1,2012-09-28,104,0.11961576454848932,0.04547814472099376,0.24960069323448406,,-0.08058470247453099,0.3205196442291628,-0.7235139201641677,0.007462402215942168,0.002224714874500953,-8.114156591681359e-05,-0.02265473352553301,-0.0822031743880005,,,
FAC_rank_vol_m6_n3_pairwise1,2012-10-31,106,0.09099227434141144,0.016022565008744327,0.10665935104185828,,0.8904606048454409,-0.03718978359946211,-0.23098628950462238,0.01578886243002171,0.005505982907883003,7.79879740178614e-05,0.02943493181487434,-0.03333134163462708,,,
FAC_rank_vol_m6_n3_pairwise1,2012-11-30,111,0.3171529003490514,0.2635962650823104,0.35589794555891335,,-1.5175517170988695,-0.530526537704117,-0.3222125421102493,0.03934160038900936,-0.010496462406174804,2.0614573840541196e-05,0.26704102655108136,-0.3971801013636948,,,
FAC_rank_vol_m6_n3_pairwise1,2012-12-31,118,0.38478387032748673,0.3396303929203298,-0.04770721801870111,,-1.3461164249857873,-0.854968661336053,3.061330360459524,0.03973545644677104,0.009293564849063123,-0.0004922189909860819,0.49037790324066216,-0.1730524911258141,,,
FAC_rank_vol_m6_n3_pairwise1,2013-01-31,122,0.1579754646205358,0.09836310813349403,-0.10958187160658951,,0.7477284518301938,0.6390542607281885,-1.0128320447728143,0.05381150967210379,0.010004593172089887,-0.0006669081401454294,-0.1826937724692597,0.24508082497983968,,,
FAC_rank_vol_m6_n3_pairwise1,2013-02-28,120,0.4162531675322464,0.3741813237507866,-0.07027434053266164,,2.9497873543639295,0.38685047265783173,-0.7179040712067968,0.007601403100670489,-0.010263134626702948,6.0288557283412596e-05,-0.10230670284616344,0.1404029660289452,,,
FAC_rank_vol_m6_n3_pairwise1,2013-03-29,124,0.3035381044066757,0.25508858123496625,-0.16908997806376871,,1.5684158878820957,0.14533574165025143,3.3433881384535433,0.02216563717232861,0.01092036221374336,-0.0003803848398544065,-0.04830865189796434,0.17417499905266934,,,
FAC_rank_vol_m6_n3_pairwise1,2013-04-26,124,0.3476265364662078,0.30224403465516136,-0.2955619113836622,,1.6338762287340678,0.4340420039437329,2.4841178882365695,0.031152913171933496,0.01576906422158049,-9.909323301400144e-05,-0.13612213787987687,0.31702034117696,,,
FAC_rank_vol_m6_n3_pairwise1,2013-05-31,126,0.20735460975544162,0.15315663435410432,-0.1916968134523321,,0.3166894396667475,0.26206859387041515,0.8449978903901179,0.031273630701289294,0.01773145840191561,7.735305668439815e-05,0.0038731517225142247,0.11176298251158186,,,
FAC_rank_vol_m6_n3_pairwise1,2013-06-28,125,0.1484422624344951,0.0897141426023913,-0.0924434229362737,,-0.3158804967413512,0.01985235180291182,0.9973282721848999,0.025742763340933433,0.028565049633220197,-6.429473618323905e-05,0.12708031504822864,0.025159468957188142,,,
FAC_rank_vol_m6_n3_pairwise1,2013-07-31,128,0.3497738635731892,0.30606118213273126,-0.13021213936152493,,0.9283485922375403,-0.05730956168641506,1.5266674214522298,0.07335212800096755,0.01725943493802303,-2.461228309125939e-05,0.0746234198070444,-0.0400964030339118,,,
FAC_rank_vol_m6_n3_pairwise1,2013-08-30,133,0.24632829104049891,0.19770430981730525,-0.1552251501670055,,-0.022760211565534066,-0.20172848626176826,2.249962797071614,0.10449993722308017,0.040029081251916426,-0.00045102176861674405,0.22924872019857598,-0.13454878803967507,,,
FAC_rank_vol_m6_n3_pairwise1,2013-09-30,134,0.14278557194266517,0.08792384854699575,-0.1400378403694713,,-0.5817780039779128,-0.14188765976202453,1.5091437195679744,0.05979935623976164,0.0463551184451057,-0.0005893709258805962,0.10461688935440326,-0.0786047376385064,,,
FAC_rank_vol_m6_n3_pairwise1,2013-10-31,138,0.20441166464269322,0.1550728531476664,0.0001346661330804639,,0.4775275793451526,-0.11971382263915537,0.43217035772417156,0.07232111635629762,0.00958903476973945,-0.00035962069958681497,0.18542883109019134,-0.18123244230386426,,,
FAC_rank_vol_m6_n3_pairwise1,2013-11-29,141,0.22789890178464534,0.18110489583219957,0.009742357212373116,,0.8988741092327817,-0.05412821375829194,-0.3433673584519069,0.03211580328936316,0.026123479020373486,-0.0005237041185849451,0.05412265922940861,-0.13055694134724632,,,
FAC_rank_vol_m6_n3_pairwise1,2013-12-31,142,0.20084263409126502,0.1527730180967546,-0.06772717583636313,,-0.4673705268482533,-0.07084441029664061,0.9412065608105666,0.06973077673095114,0.02395980246200762,-0.0006939209737089226,0.15005298211712673,-0.12512648313570646,,,
FAC_rank_vol_m6_n3_pairwise1,2014-01-30,130,0.35622672656266197,0.31366320435192896,0.0961948350792822,,-0.46716117240674204,-0.336651381409351,0.6792477815273361,0.04098182042232119,0.04672135953117971,-0.0009989611274899837,0.24411950277213654,-0.22480627183196006,,,
FAC_rank_vol_m6_n3_pairwise1,2014-02-28,130,0.24592979552647565,0.19607391423896992,0.09430909102869382,,-0.06112738748415724,-0.27903033400397653,0.20797899503514833,0.04634073406989173,0.03942751338329648,-0.0007893004290401666,0.2003378371556433,-0.1576940798900478,,,
FAC_rank_vol_m6_n3_pairwise1,2014-03-31,128,0.23642348299768168,0.1850906079050889,-0.0028187104659860786,,0.32168351495688907,-0.16315353045409509,1.9850071517551207,0.035418998791984554,-0.00044123712847812346,-0.00026351615521575257,0.2310771394836684,-0.01551852942313389,,,
FAC_rank_vol_m6_n3_pairwise1,2014-04-30,127,0.33053041182863496,0.2851426431390509,0.007296535215209415,,0.228907372544392,-0.24014566166804474,2.2461066321866556,0.049702997820871404,-0.0004129134410868367,-0.00027333323915193475,0.36279942627796186,-0.13612913745585112,,,
FAC_rank_vol_m6_n3_pairwise1,2014-05-30,130,0.30193513212093714,0.25578208300496597,0.12996025425190125,,0.364351262078807,-0.16739578323149762,1.3688833563775422,0.056667891170560425,-0.05720857818490572,0.0004148651514687975,0.3272794614436515,-0.2257351271206959,,,
FAC_rank_vol_m6_n3_pairwise1,2014-06-30,125,0.1390563273814437,0.07968090168361219,0.46688343075616723,,-0.556125355561089,0.45905556974226686,-3.0150809887940886,0.002813174807739258,-0.12066507573301763,0.0015472794736163928,-0.0869498160939708,-0.11905945087427403,,,
FAC_rank_vol_m6_n3_pairwise1,2014-07-31,123,0.18979274131882118,0.13293609158680864,0.3475768438971686,,0.7426534828926232,0.45060361811646504,-1.4338817071349788,0.029922149859661216,-0.07340042227887657,0.000827156490290765,-0.146988938746381,-0.0618049530597816,,,
FAC_rank_vol_m6_n3_pairwise1,2014-08-29,123,0.06816738172475434,0.0027756190387722146,0.40282580727887707,,-0.34932917711921596,0.019000681677539582,-0.24883223704477758,0.05565473923644371,-0.05865079310157772,0.0005027274370539658,0.11607390033716396,-0.19779847691632893,,,
FAC_rank_vol_m6_n3_pairwise1,2014-09-30,122,0.08396965051741978,0.019117944359360983,0.488957169157749,,-0.029926597707749476,-0.2285201957235721,-0.26553480210511415,0.12526819263163222,-0.03386626000778931,8.810849030105998e-07,0.1861878969882569,-0.2226743989593049,,,
FAC_rank_vol_m6_n3_pairwise1,2014-10-31,123,0.13003131800348655,0.06898088417916981,0.44353648110016847,,1.4275171855032625,-0.6012039912864774,3.610963423789504,0.11543176191002348,-0.04992625999786084,-5.628148584723149e-05,0.25133290842469874,-0.003685350453036207,,,
FAC_rank_vol_m6_n3_pairwise1,2014-11-28,125,0.19775000901230455,0.14242242342694633,0.2731773581672931,,-0.9358327167659227,-1.0658985274048225,5.8888958551720005,0.3017640068684646,-0.025542096382750512,-0.0012192498608118666,0.5408684604347269,0.23493823600113295,,,
FAC_rank_vol_m6_n3_pairwise1,2014-12-31,116,0.5330965929028008,0.4981879269516083,0.5303248549247433,,-1.5509051481481622,-0.12567889353643744,2.0784656549372826,0.07798008307751875,0.0011896763950813574,-0.0011410529623172227,0.1250841663573976,0.03087973919653994,,,
FAC_rank_vol_m6_n3_pairwise1,2015-01-30,111,0.16579121151594067,0.10036307124268107,0.5210546771132663,,0.09364642985167822,-0.33902109469009184,-1.0128966206076704,0.016856550143247908,0.025204068995794353,-0.0007370841846988573,0.2795586708694299,-0.25584708422339314,,,
FAC_rank_vol_m6_n3_pairwise1,2015-02-27,120,0.11766829152703362,0.05407681704249545,0.060639407852962623,,-0.29895323452908473,0.15324148226597856,-1.4690966699900185,-0.013409256988736747,0.0240405083324876,-0.00027039103931098197,-0.14426754140424403,0.1310174527383722,,,
FAC_rank_vol_m6_n3_pairwise1,2015-03-31,117,0.17119268298525803,0.10979954839157335,0.15572258286949903,,-0.26359179334418986,0.04072317617205178,-2.4015545926373254,0.006093207662774122,0.03492632604746623,-0.0006990531420960925,-0.0811211687794661,-0.10858991969656608,,,
FAC_rank_vol_m6_n3_pairwise1,2015-04-30,110,0.22529067182971418,0.16392755672711734,0.04372843650157317,,-0.4348241357677616,-0.06298243939794947,-1.0700269694778908,-0.011659659184927092,0.04093144092835797,-0.0009684998368275033,-0.06797269482147457,0.11669219690907852,,,
FAC_rank_vol_m6_n3_pairwise1,2015-05-29,100,0.39027841389041895,0.3366765162104558,0.05776437493425809,,-0.45801350524944107,-0.04741456669702043,-1.9006382003133555,0.07495088182802116,0.013853462489053111,-0.0007735181699276737,-0.05343623760495226,-0.013765178858890118,,,
FAC_rank_vol_m6_n3_pairwise1,2015-06-30,85,0.1447824046749865,0.05475949990393236,0.15612878249292095,,0.06723306058490351,-0.145725587704969,0.25125749400775604,0.053030629395683745,0.009807471023967987,-0.000318251223946034,0.16652538872038086,-0.1438755776098946,,,
FAC_rank_vol_m6_n3_pairwise1,2015-07-31,82,0.22812202249361024,0.14353265509564972,0.023723034054293664,,0.44112707699312714,-0.031815280150188405,-0.035455606540070454,0.03203827883134844,-0.0019854399950194742,-0.00026559122442963316,0.09194944564404887,-0.1720446417930177,,,
FAC_rank_vol_m6_n3_pairwise1,2015-08-31,88,0.1371300269991087,0.04975078922686649,0.06415533453115241,,-0.39831053520490683,-0.042553128355724446,-0.5460117556168198,0.04724144878511105,-0.016909313441974397,-0.00011158503209820418,0.10954674588226478,-0.18604567126257196,,,
FAC_rank_vol_m6_n3_pairwise1,2015-09-30,82,0.06349653382939313,-0.039133983011221396,0.15819691653696372,,-0.13793356100282428,-0.07067237722833046,-0.06099146916215387,0.008537093553042273,-0.014048631154366603,-2.9806588363160596e-05,0.1620097731870581,-0.13238810982171512,,,
FAC_rank_vol_m6_n3_pairwise1,2015-10-30,83,0.26918126172220447,0.1901738305570373,0.10933081843588652,,-0.10704132317222805,-0.028933823365386423,-0.7859843204624197,0.011423656767279139,-0.004457089363241979,-0.00011221940531925578,0.07840640196807265,-0.10628169117164667,,,
FAC_rank_vol_m6_n3_pairwise1,2015-11-30,87,0.5734929902704797,0.5297486815802726,0.08975822299092479,,-0.12644039978091837,-0.05924641458659319,-1.1719114957139634,0.006604988572974669,-0.0039517975209618535,-0.0001455967790996815,0.130699468035587,-0.09032922786958993,,,
FAC_rank_vol_m6_n3_pairwise1,2015-12-31,90,0.48930938145243985,0.43887080184280436,0.13339431468853807,,-0.4662335706504139,0.060003824452822874,-1.4510712887164066,-0.006568435151286075,-0.026041532681699498,9.604104884226287e-05,0.00022341968158039885,-0.06316531259725161,,,
FAC_rank_vol_m6_n3_pairwise1,2016-01-29,90,0.2266285987092007,0.15024623808788717,0.1321212332324217,,-0.40324851552137814,0.029899129926889725,-0.9733444464857655,-0.015503214493614012,-0.029607590106627186,0.0005271852069926022,0.028185230372420524,0.03699630575825012,,,
FAC_rank_vol_m6_n3_pairwise1,2016-02-29,93,0.056376081209658424,-0.03349286343704083,0.14669810858953367,,-0.24822652652054164,-0.05604908923968574,-0.01719456519548326,-0.022148613583163904,-0.010394221622125185,0.00026338004829194994,0.11798667529320116,0.025741719475572432,,,
FAC_rank_vol_m6_n3_pairwise1,2016-03-31,95,0.14171054542436345,0.061869665928955375,0.12788842398684352,,0.08392247588155156,0.09492284948903308,-0.5761323937761393,-0.0005316404071840395,-0.0023604711323289944,-1.2687536116479189e-05,-0.04627926036818531,0.04549015985429441,,,
FAC_rank_vol_m6_n3_pairwise1,2016-04-29,94,0.22947360545659556,0.1569534742054517,0.1059256089292506,,0.7775461778536847,0.06671230478021165,-0.18660947425938093,0.020185041372535833,-0.003832576374538886,-8.317212038338112e-05,0.002268353065457074,0.013976471290808397,,,
FAC_rank_vol_m6_n3_pairwise1,2016-05-31,99,0.29141951291515633,0.2284345807298368,0.14489021824337506,,-0.4412335113324299,0.06672091129073143,-0.43067009318862454,0.006842524809809773,-0.01912257663058587,0.00012967009957993975,0.09186863363840884,-0.015998746378794282,,,
FAC_rank_vol_m6_n3_pairwise1,2016-06-30,103,0.487108241007313,0.4434578785398503,0.0469370899968593,,-0.2939345409211106,-0.06463332161559354,-1.159751451018135,0.0038781364455798073,-0.026257624255055404,0.00019676748497791537,0.1556340255805201,0.04236354464272512,,,
FAC_rank_vol_m6_n3_pairwise1,2016-07-29,104,0.3211797016709258,0.2640158870747932,-0.029617514837582303,,0.32061128556418333,0.052465642034871564,-0.5901683777478719,-0.0062041946235022695,-0.022957135114378836,0.00013281404358481542,0.05099661666330008,0.0983942458931107,,,
FAC_rank_vol_m6_n3_pairwise1,2016-08-31,117,0.42782714942192757,0.3854439753050334,0.03512858562628046,,0.00020093946320988822,-0.009193979254274053,-1.1223406273445655,-0.00491363620468337,-0.01870884548702873,0.00018991970791406012,0.12833580861350175,0.042921434283917925,,,
FAC_rank_vol_m6_n3_pairwise1,2016-09-30,125,0.3319462487100624,0.28587357620730813,0.13216290069221376,,-0.1893550333688099,-0.11466620837207094,-1.0891024103085856,-0.021828662728396158,-0.024178699900321544,0.00016641504847189192,0.1818101335788653,-0.05780682609630446,,,
FAC_rank_vol_m6_n3_pairwise1,2016-10-31,138,0.30309974863246525,0.2598811283926181,0.25286883078289185,,-0.31325690047647053,-0.17275729664030096,-1.770352634084496,-0.03139307521269286,-0.026224830847263382,0.0003223873173390473,0.16146177799916503,-0.15609193751340653,,,
FAC_rank_vol_m6_n3_pairwise1,2016-11-30,151,0.20424412538151082,0.159412808501596,0.23043595921071092,,-0.27222296464532847,-0.2617153520896477,-2.21857002899369,-0.03718982507614636,-0.01374758056540976,0.00035948767076745137,0.18199831500841054,-0.18619971483451092,,,
FAC_rank_vol_m6_n3_pairwise1,2016-12-30,173,0.14393904657225043,0.10217997567333592,0.2996332540124486,,1.1505557013938572,-0.1451847418299431,-1.0658360029982996,-0.03872542749675374,-0.028219551493229675,0.0005695004934162333,0.021001267542547764,-0.12751677356659682,,,
FAC_rank_vol_m6_n3_pairwise1,2017-01-26,193,0.15958955681278975,0.12304997232638937,0.21372965302753555,,1.4153520158930717,0.11956942086977917,-0.21628450110394848,-0.009304984606275718,-0.006627642636557545,0.00034624816170591256,-0.07316035142739336,-0.1255157593377457,,,
FAC_rank_vol_m6_n3_pairwise1,2017-02-28,219,0.14088931237902025,0.10816128618393528,0.12094559401414702,,1.6287393434639152,0.06731979458846042,-2.2068677335066655,-0.0012527298263836132,-0.019258444255941275,0.00036319620650140976,-0.06896501650312828,0.03065146841423726,,,
FAC_rank_vol_m6_n3_pairwise1,2017-03-31,221,0.26299978362499976,0.23518845470518834,0.056431585733295826,,1.4106974724995982,-0.025110704776704806,-0.3915888879278165,-0.01018583476941107,-0.01726049427456426,0.00036707989975920944,0.035401985935012314,0.01684873673128759,,,
FAC_rank_vol_m6_n3_pairwise1,2017-04-28,229,0.2179217650127333,0.1894825564677417,0.1357092581569531,,1.5665649796463197,-0.09391164420518351,1.5029008206443064,-0.00020209510377156904,-0.005999401670530029,0.0002388105482154893,0.0863991658278771,-0.0938993808639443,,,
FAC_rank_vol_m6_n3_pairwise1,2017-05-31,237,0.17468672990237588,0.14572836954807322,0.16028656603416924,,0.6247989267129286,-0.08054486516217438,0.6384219775069891,0.007732366913381959,-0.007991670327662263,0.0001986532812309173,0.16359939350982283,-0.13780733013255378,,,
FAC_rank_vol_m6_n3_pairwise1,2017-06-30,232,0.4380367646090785,0.41787664854124273,0.053322848386070244,,1.9054113322646744,0.05698587219244891,-2.1762536233010796,0.020898024829406146,0.003539577947331496,-0.00016015993958335458,0.030094338697083178,-0.030851554350054856,,,
FAC_rank_vol_m6_n3_pairwise1,2017-07-31,236,0.31406220499144066,0.2898881857840906,0.11317174854180226,,-0.09861201875390421,-0.062694570740365,-1.002271760312897,0.010778040628651016,0.008100870552204178,-0.0001508562544923055,0.2535097626663763,-0.10946242627609508,,,
FAC_rank_vol_m6_n3_pairwise1,2017-08-31,246,0.32844191270917666,0.3057732852900771,0.06178094823303745,,-0.3602213638942984,-0.0007850939549262103,-1.192221937552757,0.019105423685135015,0.013106976080624232,-0.00028426180138044693,0.19331304624768905,-0.07086580755741365,,,
FAC_rank_vol_m6_n3_pairwise1,2017-09-29,256,0.15789567049334918,0.13062103633928757,0.1153346551074708,,0.152410567101444,-0.010581746132100538,-1.8472459313594762,0.030410606060300983,0.004697972885135411,-0.0002949193022915347,0.11390434814300368,-0.11781370427520019,,,
FAC_rank_vol_m6_n3_pairwise1,2017-10-31,258,0.14693264202360967,0.11952485542195856,0.1487762770444289,,0.0726724425393076,0.01618320644408913,-2.613779251904855,0.017502096252308343,0.014689625163951163,-0.0003927596218657907,-0.02780740322123579,-0.1315299087981566,,,
FAC_rank_vol_m6_n3_pairwise1,2017-11-30,272,0.07159337392214637,0.043352868185937865,0.07989464883141278,,-0.10056461387974171,0.22182538215287337,-1.3315041850399933,0.0019867495585517998,0.018569322596312193,-0.000311084548861683,-0.12115030448513307,-0.019185350103545048,,,
FAC_rank_vol_m6_n3_pairwise1,2017-12-29,272,0.1529445829961006,0.12717863875263602,0.04693527465846075,,0.9268745798843009,0.05500785951668849,-0.9725220537110015,0.011571783505554198,0.005053523786868667,-0.0001830330121274431,-0.1277398076397551,-0.08208831255314078,,,
FAC_rank_vol_m6_n3_pairwise1,2018-01-31,269,0.10644554353859681,0.07895156026286132,0.0061621651451892285,,-0.5212313533123563,0.04458261386761649,-1.4455463751502113,0.009334961217387954,0.0057544070175191584,-0.0001838768811210651,-0.07358487676161839,-0.040963167179117056,,,
FAC_rank_vol_m6_n3_pairwise1,2018-02-28,270,0.23011180781291762,0.20651370230526755,-0.04345669731565497,,0.19256310333640245,-0.1125007936040026,-2.939849851880332,0.02002722793543816,-0.01298405130541429,-4.400242909054284e-06,0.08389322328291705,-0.016441143600752807,,,
FAC_rank_vol_m6_n3_pairwise1,2018-03-30,269,0.32230699046425304,0.30145489786315316,-0.04305093266518369,,-0.3148869141171955,-0.09132052871625418,-3.0189807677259606,0.009487259411602014,-0.019275106111872355,0.00016365946338382865,0.1920151960882224,-0.07383394684995723,,,
FAC_rank_vol_m6_n3_pairwise1,2018-04-27,274,0.4034125453314653,0.3854023580207171,-0.04947736183252106,,0.9012079833390622,0.038984445526179454,-2.743780688851085,0.010687768844558082,-0.009268680418131822,7.370110783140576e-05,0.019195154054455522,-0.039748273543602976,,,
FAC_rank_vol_m6_n3_pairwise1,2018-05-31,281,0.4031913134937498,0.38563811683180127,0.007038380715677095,,-0.41288978890294303,0.010086169692876113,-3.227760201806968,0.015246229929660264,-0.003631686943784016,-5.295256708710103e-05,0.0580669818559776,-0.11927474270467692,,,
FAC_rank_vol_m6_n3_pairwise1,2018-06-29,278,0.3826251090537177,0.36426451750141187,0.05582227078244616,,0.4892947657508161,0.019741039261897315,-3.45971981861894,0.005338539627893175,0.0002324849716283231,-1.2934242074106557e-05,-0.05213612699517395,-0.06561619413620984,,,
FAC_rank_vol_m6_n3_pairwise1,2018-07-31,270,0.35515410656568414,0.33538871519604985,-0.07085130880621214,,0.9120050736591787,0.14663441527915247,-1.8253251600193081,0.014422492976023124,-0.004495532206293446,-4.0265263020842405e-05,-0.026364365214718296,0.03156304427955807,,,
FAC_rank_vol_m6_n3_pairwise1,2018-08-31,273,0.06095563868370646,0.03249974894684904,0.10514755602066983,,0.31190234740649114,0.008565590483751412,-0.6303852441082036,-0.008676468571133751,0.001973892919737146,6.92658588376761e-05,0.014209694689423043,-0.027664578714008094,,,
FAC_rank_vol_m6_n3_pairwise1,2018-09-28,274,0.028625210687803326,-0.0006993112536968216,0.15157503468716152,,-0.3738549555365899,-0.10396719900944926,0.23777620003732564,-0.0002974986341149438,0.0047767187853124905,-1.2264927328065314e-05,0.09758466485499623,-0.10788767832136416,,,
FAC_rank_vol_m6_n3_pairwise1,2018-10-31,269,0.21240072498545715,0.1881669011388558,0.1258225502122995,,-1.0052067280854238,-0.023957240557502698,1.7163361798646848,-0.004456245200734871,0.00689524864316589,-5.268556534841003e-05,0.04369247080296625,-0.08438012583678792,,,
FAC_rank_vol_m6_n3_pairwise1,2018-11-30,272,0.19561627553723582,0.17114832954597303,-0.002889828982105694,,0.4613882564912021,-0.13025320611849042,2.9368601634309535,-0.003930439989088676,0.0008551449511041694,6.740317353907549e-05,0.08382530704347362,-0.05869300582871188,,,
FAC_rank_vol_m6_n3_pairwise1,2018-12-28,278,0.3108279800045235,0.2903321578485242,0.057348203224235235,,-0.20963172120731524,0.010222535278305269,4.089369436218764,0.014623442993861825,0.00925521131193246,-9.655286732731365e-05,-0.0030678483803890156,-0.00025240347117778256,,,
FAC_rank_vol_m6_n3_pairwise1,2019-01-31,269,0.28477372576463467,0.26276676348046957,0.17456319839230397,,0.648925640015302,0.09621464979674345,2.4811774460082745,0.005673244626994098,-0.005414508518572647,-1.0677761183132373e-05,-0.11981020831822517,0.01482444492761678,,,
FAC_rank_vol_m6_n3_pairwise1,2019-02-28,283,0.2868205508465772,0.2659977932070612,-0.025531588446375333,,0.10400897434902837,0.26942924244400007,3.418748474465394,0.019250771852994262,0.004963432847387585,-0.0001268997444437239,-0.07947803979791673,0.092496944082555,,,
FAC_rank_vol_m6_n3_pairwise1,2019-03-29,287,0.17344944967466236,0.14966382232717068,0.015434875034546554,,0.42301070293638837,0.20413771373346562,1.0125314585810883,0.022483473690000342,0.013084758974258516,-0.0003457705122679353,-0.1279099059247388,0.03051830765181948,,,
FAC_rank_vol_m6_n3_pairwise1,2019-04-30,286,0.13962416509903053,0.1147757655351036,-0.009983072931551512,,-0.25720680075269586,0.2251123157168488,1.8070039028376264,0.025800980103293163,0.019273385572651215,-0.0003845141508219728,-0.1514990980635709,0.052852358413904586,,,
FAC_rank_vol_m6_n3_pairwise1,2019-05-31,289,0.13291030423437544,0.10813631292678616,0.1222381103142044,,-0.5938886943435252,-0.07464047031301176,1.3060591752250497,0.019494471784436765,0.025753585879944915,-0.0005132400598325334,-0.0070844799314994855,-0.08973536835133242,,,
FAC_rank_vol_m6_n3_pairwise1,2019-06-28,297,0.2009316905953391,0.1787353486674319,0.03813421625211551,,0.15899439489126274,0.07270629917996828,3.2155562006173675,0.007579561616728398,0.02440357758109564,-0.0004800151039717246,-0.18905034061191758,0.02059974619925147,,,
FAC_rank_vol_m6_n3_pairwise1,2019-07-31,301,0.353406386085351,0.33569149255344277,-0.0224096806788677,,1.7076426708853734,-0.13121453536928243,4.013224987274823,0.02778516839742896,0.028246961545211884,-0.0004454444724592406,-0.17470385026667715,-0.032081799839495814,,,
FAC_rank_vol_m6_n3_pairwise1,2019-08-30,298,0.3406120413448648,0.3223590874720582,0.04399531706295085,,1.6009252105343095,-0.040045992873927266,3.760998405199589,0.007108745293189169,0.03852036121234868,-0.0005879604575824869,-0.3660466933643956,0.02115527861782671,,,
FAC_rank_vol_m6_n3_pairwise1,2019-09-30,302,0.2697953529068554,0.24985802465857843,-0.029687388176147484,,1.2971757480757218,0.05450686147111523,1.3881522490650475,0.005277657542186184,0.008011206065067758,4.62182128135995e-06,0.03466044492979438,-0.012189722244821288,,,
FAC_rank_vol_m6_n3_pairwise1,2019-10-31,311,0.2000631470920493,0.17887276688256715,0.05338530993565944,,-0.665411111822116,-0.15450385851078866,3.0281823217951827,0.013814537585901432,0.012389603111048033,-0.0002104726268087409,0.1766123716318344,-0.11087495169602594,,,
FAC_rank_vol_m6_n3_pairwise1,2019-11-29,325,0.3218833431168492,0.3047158328160099,0.004019775660266289,,-0.0717573214494227,-0.07432177788400113,3.178322695619152,0.02044817881744742,-0.003694222411450241,2.7609455995561466e-05,0.2731567505659194,-0.08631334487411785,,,
FAC_rank_vol_m6_n3_pairwise1,2019-12-31,340,0.448740879922757,0.43541739665805024,0.33996948033804103,,-2.033978418676391,-0.13000919868296437,4.020960212075443,0.023331725885087248,-0.01665254281573557,9.801760085646839e-05,0.4024748989914049,-0.33648004683500865,,,
FAC_rank_vol_m6_n3_pairwise1,2020-01-23,346,0.2654062656229531,0.2479678386941211,0.5525896706675854,,0.529875136540901,0.7693191701810856,-3.5726952365631957,0.01790813741089132,-0.047351031262226825,0.00017625267686721005,-0.29820842322792623,-0.23873780816793347,,,
FAC_rank_vol_m6_n3_pairwise1,2020-02-28,352,0.26887747561699493,0.2518250552232223,0.4320005584116649,,0.16859577191642322,0.7453899951716105,-1.7972431950626775,0.006505366703155735,-0.030944424686449666,0.00010240604518908862,-0.5401560458419227,0.04555380642156205,,,
FAC_rank_vol_m6_n3_pairwise1,2020-03-31,355,0.08438335326539692,0.0632130261732674,0.4444455839892752,,0.08584135965829297,0.3921559797553009,-0.49761611290022245,-0.0041740338115927615,-0.022004209264850243,-8.753403676605863e-05,-0.24405148315618033,0.02589563422112149,,,
FAC_rank_vol_m6_n3_pairwise1,2020-04-30,360,0.20427415371702462,0.1861379520923414,0.5465821311472673,,1.6924420564071427,0.03839747641518203,-2.9668890310002602,-0.005836003213518539,-0.012049567514899186,-0.0001385493569913967,-0.038960565075000855,-0.19893896856249196,,,
FAC_rank_vol_m6_n3_pairwise1,2020-05-29,377,0.11240564470733194,0.09311011524444779,0.3753705187991757,,-0.19817032813279617,-0.35214957351963116,1.7147664868791992,0.0013562863379342604,-0.014424269846962046,-0.00012086158131102364,0.21926522170395643,-0.08792933367192173,,,
FAC_rank_vol_m6_n3_pairwise1,2020-06-30,373,0.1421110272284566,0.12325632453018087,0.6300092812177155,,-0.3565233142303786,-0.5343983951579694,1.404609207133624,-0.0018316595910341125,-0.006425960930492412,-0.00019197584381551718,0.41181859972369295,-0.3954318868325282,,,
FAC_rank_vol_m6_n3_pairwise1,2020-07-31,379,0.1593160719234027,0.14113912212715196,0.2188902635053376,,0.6047025223912534,-0.25539951407560013,1.2350832500568907,-0.0033142435541313113,0.005062032760256735,-0.00020293730532554673,0.15423967153975776,-0.1595718499673306,,,
FAC_rank_vol_m6_n3_pairwise1,2020-08-31,390,0.11413877524586624,0.09553801462110745,-0.05076072334726969,,0.24816255794208675,-0.1419278389529368,2.5639136566955374,0.005221364804613217,0.009697184779268758,-0.00021089607291388375,0.030246514704385,0.08775818718885017,,,
FAC_rank_vol_m6_n3_pairwise1,2020-09-30,396,0.23254281537899013,0.21667806737648865,0.32609416636537814,,0.9683092766257456,-0.17815313032332053,-0.5433266776727624,-0.005147779743538365,0.006604107708820903,-0.00014264897529700428,0.24979854177953456,-0.13921666811790084,,,
FAC_rank_vol_m6_n3_pairwise1,2020-10-30,398,0.23528899702468142,0.2195622925933125,0.14919966477300345,,1.050388063801644,-0.09135795659624092,0.4033623024925515,-0.003869228270400437,-0.002835836681191524,-1.3538048586331588e-05,0.1265760767196309,-0.076852825305322,,,
FAC_rank_vol_m6_n3_pairwise1,2020-11-30,424,0.28168639609673185,0.26783938686486164,0.25945746127416225,,-0.9125622402463328,0.040272481198252656,0.3368561157297007,-0.004577282722798606,-0.0038797274651346594,-1.0383921780806412e-05,0.1837871838444448,-0.23427091387071045,,,
FAC_rank_vol_m6_n3_pairwise1,2020-12-31,436,0.17224112248023293,0.15673275943536613,0.11059518321385794,,0.2924904042958456,0.1051550709265015,0.476933927026642,-0.015399825136679566,-0.012812638070513714,-3.909308157756003e-05,-0.08903250570756299,-0.08189228850127556,,,
FAC_rank_vol_m6_n3_pairwise1,2021-01-29,432,0.24441981091342269,0.23012987825930298,0.013925282091616899,,-0.6860137085983116,-0.24494211774873867,3.857399587148488,-0.02228428683217874,-0.00032885986888713247,-6.998479456355147e-05,0.1358865915073708,-0.15261021886736809,,,
FAC_rank_vol_m6_n3_pairwise1,2021-02-26,458,0.35201489477757386,0.3404695031477757,0.06678404182588375,,-1.0789052073422731,-0.5722268990622555,4.654658575666787,-0.028806571562222372,-0.03057898545591109,0.00017539978897661456,0.5446019099243682,-0.2456075763854574,,,
FAC_rank_vol_m6_n3_pairwise1,2021-03-31,460,0.30511168249323173,0.2927855039121804,0.11996574539233401,,-1.019586109621174,-0.36168561382975406,4.887650358529047,-0.037504718813626055,-0.03806001859813972,0.0002622677091322715,0.37699709909774665,-0.3736918897916484,,,
FAC_rank_vol_m6_n3_pairwise1,2021-04-30,483,0.09866974005604978,0.08345741499370463,0.12242618263793233,,-0.27219308137830334,-0.25061824730144067,3.143148992688086,-0.026527074552238503,-0.04632758024707517,0.0003202046795107838,0.18620789942528293,-0.22846713268366292,,,
FAC_rank_vol_m6_n3_pairwise1,2021-05-31,518,0.33733311851154457,0.32691792194591074,0.11251832142228732,,2.8335755677661103,0.19035439207021906,-0.9985896984175266,-0.01869083210444705,-0.018953062210373253,0.00021022923708866276,-0.4573264829546721,-0.030924725418758604,,,
FAC_rank_vol_m6_n3_pairwise1,2021-06-30,515,0.2734941168349727,0.2620078578126007,0.17701169261230223,,1.1526253631782732,0.2395083074077763,-2.1126861678301343,-0.0013206541263793893,-0.021950310891133123,0.00039492711560730573,-0.3045430974473875,-0.0637659218345249,,,
FAC_rank_vol_m6_n3_pairwise1,2021-07-30,528,0.20455928918499733,0.1922981606945927,0.19792232987059233,,-0.05470717769400311,0.128623451914264,-2.6460742494630094,-0.00024363723521986797,-0.02447291912590383,0.0003125164239933087,-0.12217102678577908,-0.1338576844729278,,,
FAC_rank_vol_m6_n3_pairwise1,2021-08-31,553,0.20645399450240587,0.19478420030391175,0.14059107258965506,,0.05025287067784067,-0.07996709030000908,-1.4567389002317483,-0.0028583224972186703,-0.00362884277538953,3.5754378880611763e-05,0.03041779381082846,-0.17866579108798852,,,
FAC_rank_vol_m6_n3_pairwise1,2021-09-30,565,0.32205877959598506,0.31230422966211435,0.1047038422883701,,0.26137151428600913,0.09364641972140153,-2.468481331747802,-0.0003106257054939437,-0.013455941371159096,0.00015816404894043805,0.012479198335712087,-0.16577909035725708,,,
FAC_rank_vol_m6_n3_pairwise1,2021-10-29,578,0.42708968434514294,0.41903470626915196,0.04594327300075153,,-0.5144969123395434,0.19494666073297806,-2.3861938072559394,0.00969068400245762,-0.0066618228865746405,0.00015508389768774256,-0.1799726388462837,-0.11825296758210554,,,
FAC_rank_vol_m6_n3_pairwise1,2021-11-30,604,0.35328977418868657,0.3445945106483663,0.10560133211261924,,-0.5949333233474611,-0.015668828183431672,-2.015905844618132,-0.001136548428832713,-0.0075680407632623915,5.2458519196847466e-05,0.01135808443558349,-0.20922276448046467,,,
FAC_rank_vol_m6_n3_pairwise1,2021-12-31,596,0.09741749592612148,0.08511654186719286,-0.03408071037951249,,0.4398122936687278,0.11233860931287264,-0.2825634549722613,0.002832280285601916,-0.0005884602723147811,-1.837247388104415e-05,-0.11143880869818883,-0.017595602976409917,,,
FAC_rank_vol_m6_n3_pairwise1,2022-01-28,611,0.19475586193227556,0.18405494315396687,0.018869963998973383,,-0.19247307307877853,0.2042132241300605,-0.15141828682372357,0.002921086024379877,0.005405500057659594,-4.516962036205355e-05,-0.10520960588333213,-0.05195325630406155,,,
FAC_rank_vol_m6_n3_pairwise1,2022-02-28,641,0.0490738393433483,0.03703679933503634,-0.02337510563164164,,0.22672938972705137,-0.003559483648222895,-0.308113351547918,0.0002883011529564114,-0.0015410902168218547,-2.5110021699924035e-05,0.054569326059359075,-0.06770705334447456,,,
FAC_rank_vol_m6_n3_pairwise1,2022-03-31,657,0.1205003197148482,0.10964229897058708,-0.13515069372187868,,-0.5319313530414985,0.00044929838940434286,0.20315781036173117,0.004828537554156107,-0.0015006795909103985,1.3449985643147624e-06,0.10487359705744997,-0.018735016587207425,,,
FAC_rank_vol_m6_n3_pairwise1,2022-04-29,705,0.5066179808627135,0.5009469231714803,-0.15255723133284074,,-1.456136042681477,0.10295983489713854,0.5573064325673249,0.004174360695028571,-0.0031283683821555276,-1.4604768157723791e-05,0.017798833377184697,0.015524238217984663,,,
FAC_rank_vol_m6_n3_pairwise1,2022-05-31,744,0.16483185814282897,0.15574159265322718,-0.0026063180986118845,,0.3671375475370252,0.06251394571293749,0.5114428926758091,-0.006811977865826126,-0.017748857664924747,0.00014061149385150132,0.1323450063078783,-0.13338261212693406,,,
FAC_rank_vol_m6_n3_pairwise1,2022-06-30,758,0.24532129186178786,0.23726063810330233,-0.020202501149192368,,-0.621583335256714,-0.0012047092322017893,0.20967713129430995,-0.0010565376543234704,-0.009965319563900194,7.13750125575034e-05,0.13455310819262498,-0.12983098228105386,,,
FAC_rank_vol_m6_n6_pairwise1,2010-03-31,51,0.09654181201546574,-0.07554546188635025,0.07359863604103815,,0.3369830533809518,0.19169678620433486,-1.141617238349112,0.023891504545029342,0.002152957026155941,-7.917276689006189e-05,-0.015399618771542343,,-0.06259929164064161,,
FAC_rank_vol_m6_n6_pairwise1,2010-04-30,50,0.22528337415136945,0.07411915447358797,0.2826989307305539,,0.2285102673194589,-0.2654769131544712,0.6915868621733827,-0.019678290898547973,0.006867392362714184,0.00015993322175825926,0.16664185616588445,,-0.23613239416177545,,
FAC_rank_vol_m6_n6_pairwise1,2010-05-31,50,0.24473540468770305,0.0973667031633525,0.042185337007072644,,0.45165496141499223,0.26883125859546425,0.2607186157009457,0.037365756756875756,-0.001543441743124615,0.0005057521723164577,0.03462227893353268,,0.02585387944979719,,
FAC_rank_vol_m6_n6_pairwise1,2010-06-30,52,0.21594633645740458,0.07007588742622406,0.2905556624337942,,-0.5534746509262821,0.670837542352444,0.027495125667341733,-0.028079351196518172,-0.0033245119646688965,0.00028387022836547993,-0.08379149396814843,,-0.01338764524006651,,
FAC_rank_vol_m6_n6_pairwise1,2010-07-30,52,0.25668139692296843,0.11838956379235788,0.3022780391684214,,0.8267045506521135,0.4926424073982473,-0.22661341305946106,-0.013502245619619511,0.004586714806583693,-0.0003996188620095471,-0.04089760628005913,,-0.1536749289548558,,
FAC_rank_vol_m6_n6_pairwise1,2010-09-30,50,0.18823863813490482,0.029846177283178843,0.19102551182634933,,-1.011206461227414,-0.0744917238870872,-1.631140645552588,-0.06561852110064778,0.007494908313096279,-0.00027877028692412564,-0.05443194620440596,,0.08420391069784586,,
FAC_rank_vol_m6_n6_pairwise1,2010-11-30,50,0.266662112924263,0.12357179349485092,-0.06593530643063629,,-0.5607591231467332,-0.08199413908819109,-0.5173949131780174,-0.056380155240923435,-0.0010356992045467718,0.00021671127386919904,0.002438908151121949,,0.043305861574200355,,
FAC_rank_vol_m6_n6_pairwise1,2010-12-31,53,0.22511844294907613,0.0842308871216354,-0.0493189783450683,,0.6858190544541128,-0.3692545979191431,-0.5375538229948699,0.0615299112669808,-0.007072927211602601,4.004067650889904e-05,0.11926732857944958,,-0.09195190557257701,,
FAC_rank_vol_m6_n6_pairwise1,2011-01-31,50,0.16186579536930756,-0.0016725860220470068,0.10419216593282339,,0.018464668545218617,0.20243751931021003,0.4199114025971222,-0.09071884157984927,-0.005290496111936998,0.00014302115036909365,-0.04205296495003722,,-0.07563789186369846,,
FAC_rank_vol_m6_n6_pairwise1,2011-02-28,51,0.2721937710140805,0.1335640131120005,0.001073400447101239,,-0.8678309128510808,-0.12379480723673719,-1.0646384972243734,-0.008237521402075272,-0.008474802272086789,0.00030763136350408653,0.09744215033098991,,-0.024840480880378973,,
FAC_rank_vol_m6_n6_pairwise1,2011-03-31,51,0.3467608362137481,0.22233432882589066,-0.10812122978931463,,0.13981222607429564,-0.11087265284288518,-1.878746355815661,-0.002445541938623258,-0.018258040304708623,0.0009130293341821222,0.08164841939401817,,0.01399570006773771,,
FAC_rank_vol_m6_n6_pairwise1,2011-05-31,53,0.13785767209838073,-0.018895478429186374,-0.001989001572077102,,-0.030534502491484473,-0.13612206073094357,-0.8626610035840784,-0.06031943780651846,5.288734576129884e-05,-0.00020904742938069915,0.027704548236922966,,0.04110541853408384,,
FAC_rank_vol_m6_n6_pairwise1,2011-06-30,54,0.4104256007795646,0.30561237425148724,0.16873805458307728,,0.48179417270921115,0.27913733383156664,-3.3295170642055556,-0.15341733628986023,-0.021971238403302944,0.0008476293810491574,-0.17124287218303516,,-0.009858586324103346,,
FAC_rank_vol_m6_n6_pairwise1,2011-07-29,57,0.39241018053632815,0.2911452106257162,-0.01778573355408525,,-0.4950829944738104,-0.19368764743853586,-2.1331603472485763,-0.048215249883315575,-0.011364406100928589,0.000575534156080906,0.044344894810900745,,-0.04319297002021585,,
FAC_rank_vol_m6_n6_pairwise1,2011-08-31,60,0.45287949412467843,0.3670566696736476,0.12771784799069813,,0.5165880086343713,-0.26812002227825776,-1.6906870309126287,-0.027609995155705287,-0.020600451893544706,0.0006035957336276674,0.13202970838665662,,-0.22989899715389533,,
FAC_rank_vol_m6_n6_pairwise1,2011-09-30,61,0.22896994769072565,0.11034993964314499,0.1782639842790813,,0.42691433852980915,0.09202684703553793,-1.4409331034085142,-0.06342854628955827,-0.004703343756522418,0.00023062457091768094,-0.0020668216711230377,,-0.09846154691132275,,
FAC_rank_vol_m6_n6_pairwise1,2011-10-31,61,0.18459458712167132,0.05914760052500534,0.07088634141322489,,-0.05560263771314736,0.1745291089457198,-0.7006022813253983,-0.03428288085013551,-0.0015592050554742568,0.00036695015784787193,0.0017762312478175328,,-0.050207227747787256,,
FAC_rank_vol_m6_n6_pairwise1,2011-11-30,67,0.46187891660122726,0.38765531889105165,-0.027266713955957166,,-1.3083153468542799,0.05384615461218633,-1.2353487476234046,7.937835818037334e-05,-0.007525191082912565,0.00015043011756435745,0.011393742254450473,,0.05284812321101395,,
FAC_rank_vol_m6_n6_pairwise1,2011-12-30,69,0.054853562253896926,-0.07116596277891674,-0.027468520455814913,,0.16510380053499124,-0.08168072710263909,-0.052909114717917524,0.03186632690649135,0.009501142662939586,-0.0003969351045231384,0.033190730973657254,,0.0571102483988839,,
FAC_rank_vol_m6_n6_pairwise1,2012-01-31,61,0.48742474253536106,0.40856701061772427,0.04674031891195122,,-1.2085354978821292,0.0713192958163516,-0.6177488020422032,0.02578207524195947,0.013444150425353501,-0.0005169951260872495,0.030126204287422145,,-0.015015744231411988,,
FAC_rank_vol_m6_n6_pairwise1,2012-02-29,62,0.42176327307920025,0.33448225769492856,-0.16781265689960048,,1.5780404236369832,-0.2719820934666442,-2.3033112654671566,0.009357540093532152,-0.02788716544893351,0.0004195315561643361,0.11910743812480537,,-0.05293937497827268,,
FAC_rank_vol_m6_n6_pairwise1,2012-03-30,62,0.3771917186676528,0.2831829214854117,-0.24465324287093002,,1.9980881219172404,0.4472281481316236,3.3006177581774794,0.08375630662293418,-0.008154341081481227,0.00018387238360156134,-0.052871800647689864,,0.2113157839798537,,
FAC_rank_vol_m6_n6_pairwise1,2012-04-27,67,0.5073693923887093,0.43942034306301403,-0.09976258366880698,,-1.094156802600811,1.5224218521430044,2.55825532130642,0.11716630409347988,-0.018888840401991652,-4.575704190464434e-05,-0.21095191322619875,,0.2986041831972674,,
FAC_rank_vol_m6_n6_pairwise1,2012-05-31,74,0.2527547054023108,0.16078605375951838,0.08993464591020194,,0.5696634625311967,0.49049178469165805,-2.3239004013914117,-0.02124572338325749,-0.01016920031939475,-8.678464882207e-05,-0.07308211898663916,,0.012143260170384477,,
FAC_rank_vol_m6_n6_pairwise1,2012-06-29,73,0.13008065864238094,0.021340740972678574,0.07616502761249808,,0.20961233844883953,-0.1561249613103562,-0.38151063590568507,0.021313199643279178,0.01121737254059471,-0.000575421024334162,0.07700421382686067,,-0.0998425215862256,,
FAC_rank_vol_m6_n6_pairwise1,2012-07-31,74,0.18417346133419077,0.08376404119070657,0.2645808978874029,,-0.2643645134751698,-0.041234557653903534,-1.5384321329940576,0.07313486231528969,0.009739070514645792,-0.0006011763341316899,0.03312835518148414,,-0.18793935976493467,,
FAC_rank_vol_m6_n6_pairwise1,2012-08-31,78,0.22317083856904985,0.1331036894176354,0.26680581301454415,,-0.6886784419502398,-0.09987009086382326,-1.421262910117907,0.07607289928608815,0.013234381228865798,-0.0004519909010332499,0.03699317452023011,,-0.16626538498288346,,
FAC_rank_vol_m6_n6_pairwise1,2012-10-31,84,0.1510180966788518,0.06046002699126274,0.21415188866865995,,1.1526717951010415,0.34313625784701296,-0.15705358326595079,-0.02781540957557155,-0.004585207085791435,0.00020498452676749184,-0.1078837881056199,,-0.008818877036436315,,
FAC_rank_vol_m6_n6_pairwise1,2012-11-30,90,0.3114402005398428,0.24343429442032116,0.42344054064531367,,-1.880917784661768,-0.39825844583987385,-0.5275728371881434,0.04905191578305475,-0.007655347064777455,1.6321951694341076e-05,0.16014258283132304,,-0.4185189272123814,,
FAC_rank_vol_m6_n6_pairwise1,2012-12-31,98,0.41212229205776063,0.35927935201800876,0.023141719837851692,,-1.2417801860099962,-1.335531033720489,1.8204756707055487,0.0380756299900138,0.017420317732258495,-0.0003030432653454752,0.4586478670919017,,-0.23310889840059074,,
FAC_rank_vol_m6_n6_pairwise1,2013-01-31,102,0.14566652583542805,0.07217547429438953,-0.1476073279292787,,0.3775621405419444,0.04464309324422907,-0.029764025114915143,0.05679081347171927,-0.007547547869016593,-3.067298186903794e-05,0.16779420247567614,,0.0742682687588356,,
FAC_rank_vol_m6_n6_pairwise1,2013-02-28,104,0.4761254810453138,0.4320097320807087,0.0036113950906479747,,3.3437566460690284,0.44275935436784475,-1.214189774190304,0.017731417888494888,-0.029112110875622207,0.00039416215351841465,-0.08166429159075517,,0.02964922122242807,,
FAC_rank_vol_m6_n6_pairwise1,2013-03-29,108,0.28083871106201486,0.2227246675114707,-0.10564305503468617,,1.5146791804059323,0.32529162080359353,3.07342753624319,0.018602683909906992,0.006975415660536698,-0.0001054551777408227,-0.09506130066596864,,0.0835921792612893,,
FAC_rank_vol_m6_n6_pairwise1,2013-04-26,108,0.3325739705893612,0.2786405540713298,-0.14942022073857206,,1.5458649610474064,0.48131196605821086,1.7718007132364615,0.03169251050835305,0.01248030803354951,-4.437137990360179e-05,-0.10493786449000803,,0.14493864828453515,,
FAC_rank_vol_m6_n6_pairwise1,2013-05-31,107,0.23007047745823195,0.16721908786298567,-0.1890194490991723,,0.5731022606966676,0.2753145768752645,0.6793680687237947,0.0348533240235758,0.0254261018300995,-1.1785903980246649e-05,-0.03738014393192513,,0.103188877967117,,
FAC_rank_vol_m6_n6_pairwise1,2013-06-28,108,0.11974608308652712,0.048614453436953475,-0.09524995041924443,,-0.12994306500235575,0.11807789026614787,1.3803554860877019,0.021744732630176504,0.02661583481643551,2.8723853603025953e-05,0.014756510289898394,,0.050433013780324075,,
FAC_rank_vol_m6_n6_pairwise1,2013-07-31,110,0.3443509257982449,0.2924183258614722,-0.051880531713864926,,1.0881516065611008,0.17717612925882265,1.3025069927796942,0.052455626581929655,0.008542192679265072,1.9318089118060842e-05,-0.057716780565221434,,-0.06251604381627955,,
FAC_rank_vol_m6_n6_pairwise1,2013-08-30,112,0.2148696250512454,0.15388862505522571,-0.0006410476906963897,,-0.0469142140831507,0.17932244267862624,1.5068676489563964,0.07493174655064122,0.01918680187242217,-0.00027547792839866723,0.006986103764249645,,-0.19347506739912013,,
FAC_rank_vol_m6_n6_pairwise1,2013-09-30,111,0.2035753658179309,0.14111068862718046,-0.02580011886529713,,-0.49180093889650867,-0.05230156296716905,1.5963828233624509,0.0660790196261766,0.042211733203335676,-0.0006121040027413295,0.02424370630630949,,-0.20427474270630766,,
FAC_rank_vol_m6_n6_pairwise1,2013-10-31,117,0.19629383978650583,0.13676005014106185,0.017854218418900218,,0.5319534547653252,-0.147665543654171,0.9595803228302126,0.08648770744889529,0.0171432872388176,-0.000470369560885626,0.14204841071169166,,-0.21186558980688835,,
FAC_rank_vol_m6_n6_pairwise1,2013-11-29,122,0.19327352122873453,0.1361601422006803,0.0049856251252047065,,0.9194196405432464,-0.09045281781906438,-0.15530106247176523,0.03144938000033846,0.027770260110767178,-0.0004578971831334137,0.0407421762477674,,-0.11937810910341277,,
FAC_rank_vol_m6_n6_pairwise1,2013-12-31,123,0.16743361277064983,0.10900790138613414,-0.026145021315419223,,-0.3267228638362259,-0.2627775816123633,0.7688367367932505,0.09706069938116463,0.02412841248459371,-0.0005698311823872246,0.1989889993833311,,-0.17745597449528008,,
FAC_rank_vol_m6_n6_pairwise1,2014-01-30,116,0.2898339727128193,0.23673744730817026,-0.006005850614933037,,-0.5235399631825691,-0.4904491830361157,0.6415919600295332,0.08623123611021112,0.044079616929074056,-0.0007787749364986477,0.20746263690420713,,-0.1253896519452773,,
FAC_rank_vol_m6_n6_pairwise1,2014-02-28,119,0.17412155819858333,0.11405767152211677,0.04968196638894106,,0.10017568434712563,-0.33829243759789657,0.16363075741020125,0.06901517945281643,0.033587791591250755,-0.0006316630499328002,0.15140242004833046,,-0.10079277154331878,,
FAC_rank_vol_m6_n6_pairwise1,2014-03-31,120,0.18966649136455205,0.13126407632776294,0.02041662807002963,,0.3480721561726851,-0.21206062567598988,1.7905973530735597,0.04606728360248645,-0.012086965437223202,-5.665410351290509e-05,0.18414198450398378,,-0.026534964948266578,,
FAC_rank_vol_m6_n6_pairwise1,2014-04-30,118,0.29487344024086815,0.24312103218515202,-0.1429312719893022,,0.18422614166423473,-0.24925221298802344,2.0406942149744554,0.03569553477638339,-0.00014274604687782453,-0.0003141631332005256,0.2501925415513975,,0.1260907757755021,,
FAC_rank_vol_m6_n6_pairwise1,2014-05-30,117,0.2948469972242963,0.24261344146313302,-0.04588839237080984,,0.7370021174023081,-0.4155796046937539,0.819618103104056,0.04663910504208891,-0.025446388305237985,-7.473342787594587e-05,0.2739747919275764,,0.06642733119569211,,
FAC_rank_vol_m6_n6_pairwise1,2014-06-30,114,0.12541791134278868,0.0587830855403344,0.4385072163461572,,-0.2894282860907945,0.730080351356643,-3.0214952559234525,-0.027988904822158017,-0.11021844339403615,0.0013235687516600337,-0.18558905951850707,,-0.005300008204318039,,
FAC_rank_vol_m6_n6_pairwise1,2014-07-31,111,0.21188632665427287,0.1500734895291177,0.358253378464885,,0.5957839743705834,0.7375381674808494,-1.8819647381576283,0.029052862349044396,-0.0868033556519656,0.0008143676525920538,-0.22747514862182439,,-0.005956759330768337,,
FAC_rank_vol_m6_n6_pairwise1,2014-08-29,113,0.0685181046108918,-0.003134348880577953,0.3549702285866867,,-0.1070224392808526,0.23531894346417842,-0.6212917219368803,0.050579826742679725,-0.07195014052981867,0.0005524778720603044,-0.01975413622277612,,-0.0567692431237823,,
FAC_rank_vol_m6_n6_pairwise1,2014-09-30,112,0.057829015597081534,-0.015349313288582023,0.41104435620306484,,0.08978225491138707,-0.05595422726126023,-0.6144918993394506,0.13314951256881824,-0.057031379345672255,0.000349140124625677,0.04104293917223363,,-0.073106721927267,,
FAC_rank_vol_m6_n6_pairwise1,2014-10-31,107,0.13083481344014813,0.059882553312813336,0.26615991345350426,,1.68618799634264,-0.5070784618024092,4.000354766202691,0.07472181043858678,-0.06315991104534857,4.395843005937821e-05,0.11011294466751008,,0.2815644379148383,,
FAC_rank_vol_m6_n6_pairwise1,2014-11-28,105,0.19524353480967127,0.12818049604381054,0.2609102726676291,,-0.9632348684530575,-1.0917509464152255,8.073588915685217,0.28472677533355384,-0.06023151287073723,-0.001079754352319227,0.46804104755896986,,0.19074905686252025,,
FAC_rank_vol_m6_n6_pairwise1,2014-12-31,96,0.49078197783447686,0.44395733211810684,0.6427171245685724,,-1.5146514926004493,-0.3353500746219359,2.9151546557877817,0.029362440506624524,-0.008979951361851837,-0.0010005768597010044,0.2200482897189502,,-0.10132915068602512,,
FAC_rank_vol_m6_n6_pairwise1,2015-01-30,94,0.24970142719328314,0.1790850909291215,0.6274543310115573,,-0.2874681469130863,-0.5120502890735004,-0.7476547480806671,-0.07700798898710864,0.04269647396628543,-0.000930906502762587,0.35725574685842754,,-0.24328927632302827,,
FAC_rank_vol_m6_n6_pairwise1,2015-02-27,98,0.10752354644366902,0.027300943876807815,0.26238481275354464,,-0.4133230549474585,-0.015238047779403211,-1.6148942245958404,-0.05909862814283325,0.03490136605482228,-0.000610177292775261,0.037814025247753215,,-0.049964976221815546,,
FAC_rank_vol_m6_n6_pairwise1,2015-03-31,95,0.16316119805694806,0.0853157281087571,0.13884822405809694,,-0.47791828249429286,-0.16620579257228807,-1.4441174572064468,0.01865860856344852,0.0343265909167428,-0.00081774667226368,0.09542484568050344,,-0.05674158236126283,,
FAC_rank_vol_m6_n6_pairwise1,2015-04-30,88,0.28102179798326,0.2082138787916914,0.2725610044486249,,-0.4929038605636914,-0.07106152523464146,-1.810529147236657,-0.005025896162530201,0.04755677540137799,-0.00128522481424867,-0.024064898584329274,,-0.1019339767617289,,
FAC_rank_vol_m6_n6_pairwise1,2015-05-29,84,0.43848273800074833,0.3785875633874948,0.1622763712714405,,-0.4756735544571972,-0.07943762881431145,-2.25395445372593,0.11065658613578701,0.016415913185409338,-0.0006839597625042343,0.05398332113621967,,-0.17866522207280447,,
FAC_rank_vol_m6_n6_pairwise1,2015-06-30,72,0.13130864600024117,0.020998632793922556,-0.024709153752136056,,0.2670362630191903,0.0265248260382221,-0.03131073291643732,0.025737640279160305,0.027528773868257583,-0.0006087537704488685,-0.14352331477817884,,0.050861576081243566,,
FAC_rank_vol_m6_n6_pairwise1,2015-07-31,73,0.20956863682053706,0.11076471642310415,-0.07923547559502213,,0.5158791319123248,0.05649989155256928,0.20276091362450488,0.024008180436234556,0.007425595614831776,-0.000418676160929659,-0.061324752882987485,,-0.06504564553933373,,
FAC_rank_vol_m6_n6_pairwise1,2015-08-31,77,0.0866104056381205,-0.020847193698571242,-0.030868187543873726,,-0.411845029342444,0.013783880506642157,-0.2265450548569362,0.041789804196589515,-0.015658959570157893,4.612542121208002e-06,0.016231284659423518,,-0.11631438101392019,,
FAC_rank_vol_m6_n6_pairwise1,2015-09-30,70,0.05635295740579871,-0.06740403178688337,0.12467626362233956,,0.1839897778555051,-0.029374863079081732,-0.10472449648132116,0.017409515020589916,-0.032487016026625,0.0003513566510137024,0.06537064855162131,,-0.06950958537810853,,
FAC_rank_vol_m6_n6_pairwise1,2015-10-30,71,0.2422247880038706,0.1444473412946926,0.05878410054050407,,-0.08240170086676137,0.008628407556762481,-0.7221853482963054,0.009492814143545697,-0.009057258377575733,9.979842317006006e-05,0.048053555670960944,,-0.062658153752015,,
FAC_rank_vol_m6_n6_pairwise1,2015-11-30,72,0.6466327924997884,0.6017607661505553,0.1287236729064906,,-0.3319868999279866,-0.09987898874021506,-1.027231987874195,0.005358720945001356,-0.0036746773798218,-7.49831889713243e-05,0.13086566368222055,,-0.11987097204981406,,
FAC_rank_vol_m6_n6_pairwise1,2015-12-31,75,0.5223419773828573,0.46444403524744604,0.06289246051011393,,-0.6825459267476164,-0.04843821845336957,-0.7770416706907445,-0.0003345755575091168,-0.018148549030828454,7.420001871697147e-05,0.10091086109909875,,-0.06922094657434354,,
FAC_rank_vol_m6_n6_pairwise1,2016-01-29,74,0.20750601104781918,0.10996828933062763,0.2096384959122153,,-0.3975013339849322,0.10219389166387463,-1.2657200830712727,-0.015580531113113647,-0.027995772991894312,0.0004595016772504318,-0.04676186539893012,,-0.005969653733818295,,
FAC_rank_vol_m6_n6_pairwise1,2016-02-29,77,0.08005699442981362,-0.028171594460796534,0.23060593772754284,,-0.5230467773202129,0.08597368356923356,0.028370741173508445,-0.04405470441863454,-0.01639696979694122,0.0005284112246326173,-0.009336068198639106,,-0.02414081820984587,,
FAC_rank_vol_m6_n6_pairwise1,2016-03-31,81,0.20381107706010537,0.11534564117789481,0.09706906841418864,,0.11178962346316436,-0.02898154705903433,-0.7437913487033524,0.005514644400454902,-0.008362105023285642,0.000169649752096957,0.03825658826149374,,0.022019679490630644,,
FAC_rank_vol_m6_n6_pairwise1,2016-04-29,80,0.24251327629938046,0.15716265954438113,0.1092875392906454,,0.7941540091314963,0.14031782114604413,-0.1444184300459231,0.0012740563730428995,-0.008453584992322708,8.413088685465832e-05,-0.02071578442223696,,0.03587141287577053,,
FAC_rank_vol_m6_n6_pairwise1,2016-05-31,86,0.3109166782463326,0.23932360585634116,0.24754325452984274,,-0.22133158863098643,0.39801453745856463,0.21704453795402578,-0.0003466418388214434,-0.020832304207707035,0.00014562320804452217,-0.09752505089554542,,-0.023585703908577445,,
FAC_rank_vol_m6_n6_pairwise1,2016-06-30,89,0.42002629979767947,0.3620289297774474,0.16730358054653846,,-0.07139241710445626,-0.1315656741071598,-1.4754452186531268,0.0017512463142229109,-0.01473869855928082,3.352545279533899e-05,0.08821238568788518,,-0.05035860198751771,,
FAC_rank_vol_m6_n6_pairwise1,2016-07-29,86,0.3475054005018824,0.27971375380077934,-0.007724929261462086,,0.31832070541911156,-0.05553649671033141,-0.46656118862997636,0.028471832401002758,-0.01928795436627036,3.0830124780853864e-05,0.08657553234055777,,-0.010205120673981993,,
FAC_rank_vol_m6_n6_pairwise1,2016-08-31,90,0.42235868356975426,0.36530768935442137,0.01666313772609918,,-0.3727287504278128,-0.1538640293872707,-0.6434453092657023,0.016260517060132443,-0.020273134168130907,6.39304402538054e-05,0.17505659496869266,,-0.007654136271376394,,
FAC_rank_vol_m6_n6_pairwise1,2016-09-30,91,0.337638556105891,0.273017927433295,0.026567395713336776,,-0.3287741749378948,-0.27589189799305264,-0.5385738102900247,-0.006715980509010465,-0.031248581333853345,0.00019964361332838303,0.21649339340480395,,-0.004363503416776345,,
FAC_rank_vol_m6_n6_pairwise1,2016-10-31,93,0.35233400472206877,0.2906515289813134,0.1256951821893378,,-0.5909842028273771,-0.4138830362635716,-1.8392029255023017,-0.019878591463561534,-0.03266193817844818,0.00034184931185567206,0.1966519080251829,,-0.010407235922650398,,
FAC_rank_vol_m6_n6_pairwise1,2016-11-30,106,0.2470912769779069,0.1849957121925796,0.03872440181720177,,0.14617324648792365,-0.44395681908981105,-2.545777057045913,-0.040592557131090355,-0.00892484203714091,0.0003798433066114792,0.20508187554037358,,0.05520385294508147,,
FAC_rank_vol_m6_n6_pairwise1,2016-12-30,118,0.1739241740772407,0.11329475566089142,0.0996768282190314,,0.9430147196328034,-0.3689624267889979,-1.4672263415960942,-0.046909931092058495,-0.03749465975500588,0.0006125135874909593,0.13915474961225596,,0.0783074951499397,,
FAC_rank_vol_m6_n6_pairwise1,2017-01-26,129,0.13853880199814006,0.0811080554646827,-0.0007302942785567061,,1.1875126489827643,0.02658225446472802,-0.11013196663806533,-0.0159880026898004,-0.026468060670939816,0.0005317223940647536,0.003108675743623216,,0.10328194650060549,,
FAC_rank_vol_m6_n6_pairwise1,2017-02-28,141,0.1990777935871102,0.15053705380451088,0.10353820634027402,,2.2839580607919543,0.3024777837798462,-2.6492940212261953,0.004496283305756227,-0.03893422783224321,0.0005530191499892794,-0.1887096394235595,,0.07159276045511294,,
FAC_rank_vol_m6_n6_pairwise1,2017-03-31,154,0.23197298947676404,0.18959908544789583,0.017719722022370862,,1.3651829184022766,-0.04066379104731573,-0.24013850520390498,-0.007708761088990117,-0.020236765583928392,0.0005049181414164881,0.03383672086892563,,0.04112523045007597,,
FAC_rank_vol_m6_n6_pairwise1,2017-04-28,178,0.17284005867501762,0.13368455849395333,0.026654600888462363,,1.3868290476205636,0.3033969437911118,1.3196073357053812,0.012847401922495033,-0.012707184597006696,0.0003107392470698771,-0.09099056006353806,,0.08347772208016568,,
FAC_rank_vol_m6_n6_pairwise1,2017-05-31,195,0.16952365774681866,0.13380424517678935,0.2293999592042588,,0.7831865861441908,0.2974570271866604,-0.23253793321329863,0.029299791341450287,-0.028876359452638087,0.0004332461072214863,-0.07853299239953876,,-0.10836636014681392,,
FAC_rank_vol_m6_n6_pairwise1,2017-06-30,202,0.43852692200567045,0.4152534265447656,0.0833072039109991,,1.9917671845801983,0.15002754918626393,-2.390641377549885,0.022606006199092893,-0.0023586051124595293,-0.00011348813389753954,-0.024021293467076668,,-0.03391924768803921,,
FAC_rank_vol_m6_n6_pairwise1,2017-07-31,206,0.2795285143050127,0.250270788997602,0.04951904886501321,,-0.016651258298582838,0.03714714356340003,-0.7861046768174548,0.01875471052156205,0.0013295808583991687,-3.0298055317675086e-05,0.1688213876345073,,-0.018421758467803202,,
FAC_rank_vol_m6_n6_pairwise1,2017-08-31,219,0.3156391981496893,0.28956831046015374,0.04283150507910679,,-0.3158699706354197,0.03924008768491191,-0.8839606389496945,0.015141066094222026,0.017065817152986506,-0.0002539025889427441,0.1353942667324097,,-0.04158968568923208,,
FAC_rank_vol_m6_n6_pairwise1,2017-09-29,222,0.18446758042173517,0.1538372548037722,0.06953087702886408,,-0.0011359587014169886,-0.1997957569678522,-0.9394158917831725,0.02824737280588305,0.006691572492936945,-0.0002931157418948731,0.17124447804402823,,-0.10396283678701981,,
FAC_rank_vol_m6_n6_pairwise1,2017-10-31,223,0.09544482916109087,0.06162968258767376,0.008986039969849641,,-0.14811350862417705,-0.06459876141322257,-2.1354588837273822,0.02089009673290899,0.011034829396724073,-0.0003454530545174376,0.03553499370788171,,0.004375164810582397,,
FAC_rank_vol_m6_n6_pairwise1,2017-11-30,229,0.05133059230291792,0.01683352293211493,-0.10188665506167917,,0.04145944376947175,0.3329548826058607,-0.42341714051653245,0.004343063328716193,0.01713913340778005,-0.00031474400862443184,-0.16585182934391096,,0.16898485630055796,,
FAC_rank_vol_m6_n6_pairwise1,2017-12-29,233,0.11620609772901958,0.08464202979077029,-0.21131784198767206,,0.6229525891876291,0.21953958551477676,-0.025826456554608385,0.011124967932063318,0.0015740507894642058,-8.782277711044991e-05,-0.17442341845694978,,0.18103005608457196,,
FAC_rank_vol_m6_n6_pairwise1,2018-01-31,238,0.12792835616436937,0.09746297122688008,-0.09181413187195829,,-0.36824022386558236,0.26693259281132153,-0.6809339855189678,0.004955250630176847,-0.0002223130195600894,-4.74544511821888e-05,-0.20296123802904348,,0.06326705509469444,,
FAC_rank_vol_m6_n6_pairwise1,2018-02-28,249,0.22295693514950665,0.1970554996544902,-0.15493904520243915,,0.3995437868451289,0.15582498783711574,-2.442170431532744,0.016119450570118498,-0.008210229826829119,-7.22951366229238e-05,-0.1229004449636724,,0.1548852249798406,,
FAC_rank_vol_m6_n6_pairwise1,2018-03-30,248,0.2979525349955795,0.2744530382590299,-0.061841048760892595,,-0.13172839095508052,-0.011076749310783902,-3.3696502231986267,0.008077111521599897,-0.01735607827351583,0.00014230117024779715,0.09163721411795915,,0.000999298910837224,,
FAC_rank_vol_m6_n6_pairwise1,2018-04-27,249,0.42672420656937304,0.4076150134550188,0.0031682956523162715,,0.7963470105077146,-0.099991242574268,-2.782574926154503,0.011207012191351721,-0.007907202698473472,0.00010718053922416909,0.08176683500616745,,-0.1194456954277918,,
FAC_rank_vol_m6_n6_pairwise1,2018-05-31,254,0.4414732237240616,0.42323561470280646,0.010026914808351247,,-0.3952622988920938,-0.04272783644920073,-3.0878262719120975,0.012465589091928577,-0.01299642676261815,9.362935462947331e-05,0.06769479695263235,,-0.12461954571373393,,
FAC_rank_vol_m6_n6_pairwise1,2018-06-29,253,0.4158740586053872,0.3967223883957277,0.008414334832282813,,0.3870644859028722,-0.08378013593822034,-2.984149499347835,0.004355626213150246,-0.006977011923862507,8.69410474406727e-05,0.038928202885127425,,-0.07269997681986437,,
FAC_rank_vol_m6_n6_pairwise1,2018-07-31,249,0.3595493408523103,0.3382009855473872,0.01504712685160026,,0.7540818805795704,0.21907222108921764,-2.1970542190926396,0.011025188315621897,-0.00829832962884844,1.858925010674019e-05,-0.047037271456054304,,-0.045941261867526985,,
FAC_rank_vol_m6_n6_pairwise1,2018-08-31,258,0.07765012788035819,0.04801639704920502,0.18003501397779176,,0.3276292584132716,0.10000013767478655,-0.7233960956304055,-0.009430052392954786,-0.0009248068914055202,0.00011975549769015379,-0.023316684821097344,,-0.08755844303193763,,
FAC_rank_vol_m6_n6_pairwise1,2018-09-28,254,0.03262017668631756,0.0010322640883196899,0.1962408149797399,,-0.30808856005835894,-0.1121560326590984,-0.05332681311929774,-0.0006473459198730019,0.003231703464124806,-1.592634317768055e-05,0.06453940117823244,,-0.12275111821257433,,
FAC_rank_vol_m6_n6_pairwise1,2018-10-31,250,0.2160800942708636,0.1900578567362864,0.0026279879086861624,,-0.9011572633627007,-0.015861614773730548,2.062547799615829,0.0013839037839638167,0.0005461494199559111,1.463758440872681e-05,0.054659764995984614,,0.04709654403536711,,
FAC_rank_vol_m6_n6_pairwise1,2018-11-30,250,0.20827713458188613,0.1819958776385462,-0.078084822063845,,0.37974324474752463,0.062161337587824765,3.2042515915665755,-0.002881474209604313,-0.007099556823101719,0.0001337068845541637,0.004502169598717367,,0.10802763145637087,,
FAC_rank_vol_m6_n6_pairwise1,2018-12-28,254,0.3311186722685402,0.3092776493222068,-0.0342979530723358,,-0.20178856659192695,-0.04551520408513466,4.6881099187787045,0.019001829844757706,0.006581190585640888,-0.00014550797800233148,0.0335776214301114,,0.05044037373473481,,
FAC_rank_vol_m6_n6_pairwise1,2019-01-31,241,0.33117938659264545,0.3081166068199781,0.28007937841033753,,0.8304694792135826,0.20210115253842942,2.4365114906091896,0.0043910366373777834,-0.005518897981079018,-6.44583661118188e-05,-0.1263145684050741,,-0.06443112411390826,,
FAC_rank_vol_m6_n6_pairwise1,2019-02-28,247,0.3146175923839717,0.2915795282624246,0.09941421967960092,,0.05044695838536018,0.36309050225743617,3.1515193055467563,0.018737810473208882,0.0014658145666215686,-0.00016076648986193648,-0.09704448578181507,,0.003774801749888871,,
FAC_rank_vol_m6_n6_pairwise1,2019-03-29,251,0.2074662954342572,0.18126683412629874,0.03323657380234442,,0.38120368740023686,0.3596948860894816,0.3378691388173351,0.025175491647500443,0.007317904645152331,-0.0003493273926628667,-0.15729219018501836,,0.10707459002706117,,
FAC_rank_vol_m6_n6_pairwise1,2019-04-30,253,0.16103890768789664,0.13353198662848342,-0.03555974484710046,,-0.3112062635550186,0.31002982460951994,0.929120551072759,0.02988563684378673,0.014784473962274822,-0.0004376572555645903,-0.1489950155480291,,0.16554933772574285,,
FAC_rank_vol_m6_n6_pairwise1,2019-05-31,266,0.12785037810539368,0.10070175174291562,-0.01722995330042829,,-0.423070002485153,-0.12319395420446157,1.2414598713936176,0.019920255079454417,0.027517038913877637,-0.0005049158253563614,0.004018144866151629,,0.09312157060576413,,
FAC_rank_vol_m6_n6_pairwise1,2019-06-28,274,0.15023354958804325,0.12458022278315395,0.0273723973359836,,-0.0812043028774806,-0.3764187842792148,1.358654077132071,0.0069319249449498995,0.01690507360038214,-0.00036656142327243024,0.09728644096367967,,0.051350151086514605,,
FAC_rank_vol_m6_n6_pairwise1,2019-07-31,273,0.31170155567276114,0.29084402705678414,-0.0505331409648175,,1.6897522534428615,-0.2814389477328141,3.3341597201675404,0.02526128384159167,0.020710001706818283,-0.00035848715769952916,-0.04647837628204985,,0.007478785868916866,,
FAC_rank_vol_m6_n6_pairwise1,2019-08-30,268,0.24668082921052914,0.22341228339463814,-0.018038568592332358,,0.9954106003612438,-0.47410423384792844,2.7119999196178908,0.0051064875196095445,0.018767249139608286,-0.00026184329868787136,0.02693171882133813,,0.07709069317656028,,
FAC_rank_vol_m6_n6_pairwise1,2019-09-30,272,0.29671955226138846,0.27532699111344594,-0.01734175369469699,,1.1831958216931246,0.3434495027598768,1.741386818033854,-0.0008419920919393115,0.014503792656512771,-9.499062645274564e-08,-0.13408276664932686,,-0.0342972255305735,,
FAC_rank_vol_m6_n6_pairwise1,2019-10-31,279,0.17607446684671924,0.15166185845699243,-0.04887186036653284,,-0.143120803806606,0.16612110115775133,2.284134173099163,0.015579637499799282,0.011457185000630518,-0.00020199216265331515,-0.07514022735644527,,0.04932316906357143,,
FAC_rank_vol_m6_n6_pairwise1,2019-11-29,280,0.30634602214632334,0.28586915195138085,0.0955143191263486,,0.13101434235880585,-0.1801635868981878,2.637802918987534,0.027898852539356114,-0.003683008143124209,-6.401290527823956e-05,0.23645991829471383,,-0.09893354267884201,,
FAC_rank_vol_m6_n6_pairwise1,2019-12-31,289,0.47409578870151114,0.4590699540929829,0.2743550634114786,,-1.4466513203061742,-0.5266964119116322,4.721448230039575,0.02661689949235576,-0.011643680999440754,9.190212300085218e-05,0.5220729213058298,,-0.22867721895847903,,
FAC_rank_vol_m6_n6_pairwise1,2020-01-23,297,0.19945576675443188,0.17721842694205503,0.6176914163120851,,-0.49075852486282323,-0.14777977672385284,0.9430638330047197,0.019104660389937814,-0.036279438077826666,0.00015795586880654438,0.3804811771539328,,-0.40132081552736876,,
FAC_rank_vol_m6_n6_pairwise1,2020-02-28,312,0.12434856270937666,0.10122905281391459,0.7867391428277248,,-0.33271184136528276,0.4256245446558538,-2.3718612812536986,0.005832123212671558,-0.0263231364034494,0.00011098630496016113,-0.15893227442479657,,-0.3731915988397405,,
FAC_rank_vol_m6_n6_pairwise1,2020-03-31,314,0.08816870104567731,0.06425181451572792,0.7615594055582572,,0.12500625717942346,0.23267951221681327,-0.9821882056289727,0.001069354246508085,-0.02301711098833379,-8.49562093765277e-05,-0.06794701738849097,,-0.3449961656221679,,
FAC_rank_vol_m6_n6_pairwise1,2020-04-30,316,0.19222185165722339,0.17117225821506632,0.5544831894235529,,1.6672387032190976,-0.03783704522001424,-2.9741102908199673,0.0023409186416379047,-0.00730204302260054,-0.0002659987384151038,0.024961718184607278,,-0.19255781532878674,,
FAC_rank_vol_m6_n6_pairwise1,2020-05-29,322,0.10223087092880767,0.07928469510590186,0.3872393820917904,,-0.11336493282045675,-0.35095162118849893,1.3911564314241263,-0.0045231510582773235,-0.012240990966895699,-0.0001545777475157807,0.11762146737853377,,-0.029059524195171313,,
FAC_rank_vol_m6_n6_pairwise1,2020-06-30,334,0.09614071166658655,0.07389186764607181,0.42074857359580303,,-0.03191129972031469,-0.24401300080075683,1.6699229993362674,-0.0038609263405118784,-0.0019717115567269186,-0.00020757857934193728,-0.007496244152400906,,-0.10393781599913429,,
FAC_rank_vol_m6_n6_pairwise1,2020-07-31,339,0.1590298956895162,0.13864274164562562,0.1627977146040105,,0.7758512572153231,-0.10756453729426164,1.2199254881467685,-0.0012558143138861882,0.002341081063882958,-0.00017267941497730248,-0.051938715175852836,,-0.09914013799362179,,
FAC_rank_vol_m6_n6_pairwise1,2020-08-31,358,0.106587622353564,0.0861082555307231,-0.05816624815966375,,0.4190719598811908,0.022576424213338726,1.956657402237055,0.004480250976747927,0.009400548311247293,-0.0002063527574703721,-0.1319965665916541,,0.09133783296715231,,
FAC_rank_vol_m6_n6_pairwise1,2020-09-30,357,0.11468305242850274,0.09433093869122688,0.280662779324409,,1.082850231231808,0.021241711500504468,-1.1237379553345042,-0.0001429843854859314,-0.0007889349604035696,-0.0001369509093301781,-0.012483434584188288,,-0.04876977913122574,,
FAC_rank_vol_m6_n6_pairwise1,2020-10-30,359,0.22652118349234862,0.2088416676864595,0.1396238885650973,,1.1955717893226465,-0.12965350270340978,0.2810916031300685,-0.005248237001515073,-0.002921798732963296,-1.4015625135783464e-05,0.11008609399400156,,-0.026117355067095917,,
FAC_rank_vol_m6_n6_pairwise1,2020-11-30,371,0.2974030044028053,0.28187599897524296,0.23336678752741477,,-0.8213541499657253,0.023597056825903972,0.03705284919640474,-0.004263187837719786,-0.004438226061269733,-2.9489704760394952e-05,0.14320354687494782,,-0.13658561086896023,,
FAC_rank_vol_m6_n6_pairwise1,2020-12-31,378,0.19246868180770227,0.17496122775475276,0.07357278258998093,,0.3220342815872775,0.15141301623785344,0.37603583172267085,-0.015902076669701525,-0.007444845002395947,-7.442738945347538e-05,-0.11772612928948141,,-0.04408181760258113,,
FAC_rank_vol_m6_n6_pairwise1,2021-01-29,376,0.20364381301333345,0.18628455008174405,-0.14714158371549568,,-0.5630525212973707,0.01916730661438664,2.691259025586089,-0.01871548718037193,-0.015691247719419203,5.017678823882396e-05,-0.15449737946935727,,0.101968291439828,,
FAC_rank_vol_m6_n6_pairwise1,2021-02-26,397,0.310432310887816,0.2962144203906575,0.07950387696012948,,-1.1949386070238563,-0.6154891915507014,3.9438215495809077,-0.01024319305861895,-0.03587993232112579,0.00026548416975297385,0.4424455899758375,,-0.14443194741136658,,
FAC_rank_vol_m6_n6_pairwise1,2021-03-31,407,0.3097097346760347,0.29583455346349263,-0.03343032693885975,,-0.9297676927570052,-0.5767877110985287,5.358939147056314,-0.02356789499644665,-0.030759079166874464,0.0001920914094003087,0.42542278228457714,,-0.09422911700253692,,
FAC_rank_vol_m6_n6_pairwise1,2021-04-30,413,0.197691550970452,0.18180425495006491,0.12556829282102194,,-0.43472446020627553,-0.7110405008713854,3.590656214884284,-0.03044582175108474,-0.029762007152629683,0.00023715006548884483,0.4858894289160093,,-0.16432102453501504,,
FAC_rank_vol_m6_n6_pairwise1,2021-05-31,434,0.2745376817028946,0.26088192041730196,-0.18480475288840742,,2.717432755266136,0.023959540652726274,-0.6856144655222859,-0.010364561948601043,-0.03802023525834087,0.00024085116245069812,-0.0959623210476336,,0.26134901566589774,,
FAC_rank_vol_m6_n6_pairwise1,2021-06-30,441,0.2687693167481693,0.2552280077990614,-0.031405805156971986,,1.4038209983865197,0.436086752422108,-2.895929843851994,0.007618518399882007,-0.020764228200336313,0.00033306276632487364,-0.3203915174856101,,0.17744217056631215,,
FAC_rank_vol_m6_n6_pairwise1,2021-07-30,460,0.16151090660619805,0.14663748588080916,0.060328286199169176,,0.0035860858504537766,0.11762716170932648,-2.441697460457378,0.004073844891381519,-0.022649672342343344,0.00024134250253574115,-0.06388000227488011,,0.012646769090206308,,
FAC_rank_vol_m6_n6_pairwise1,2021-08-31,492,0.1798607942881052,0.16627670806513395,0.10687678803054479,,0.06095102449278158,-0.06976129945276874,-1.274136616595838,-0.005661847414251122,-0.006198228836412006,7.989427972585997e-05,0.021895150356113495,,-0.13721656142615268,,
FAC_rank_vol_m6_n6_pairwise1,2021-09-30,484,0.3219006670936103,0.3104800467499238,-0.0002202067074534744,,0.38655011001390543,0.20343554918819765,-2.03740658063109,0.0022461660652355253,-0.009383220603386934,0.0001491965127457939,-0.14547493971667558,,-0.022638691875885866,,
FAC_rank_vol_m6_n6_pairwise1,2021-10-29,498,0.4671187890701013,0.4584008960487532,-0.05816507433496336,,-0.6294247647788667,0.32916002192692523,-1.9480250757144173,0.014887344017035469,-0.00012367763834010993,9.989852195743471e-05,-0.3007218936317386,,0.00799260179769049,,
FAC_rank_vol_m6_n6_pairwise1,2021-11-30,523,0.3005892118503527,0.28970344082856836,-0.07277822120445888,,-0.43534510103450746,0.024803378621891643,-1.6133642124045224,0.0007405312365735061,-0.008751595691649725,7.863124016667852e-05,-0.05795952431958253,,0.008081282025075853,,
FAC_rank_vol_m6_n6_pairwise1,2021-12-31,523,0.08654898794419141,0.07233185156978195,-0.1915321142447847,,0.3482333145435086,0.13375565991695115,-0.03422641153102168,0.0013148686727496115,-0.005677456268577753,8.670810097189465e-05,-0.0796818540619495,,0.12661627236680825,,
FAC_rank_vol_m6_n6_pairwise1,2022-01-28,526,0.17800455869156329,0.16528509344887954,-0.10287503222758156,,-0.14377179936936788,0.07092048999854916,0.5395145669120889,0.00026283662883015496,5.752369568773365e-06,1.644358428652698e-05,0.05615520360407737,,-0.006240587909621822,,
FAC_rank_vol_m6_n6_pairwise1,2022-02-28,556,0.04373435980795637,0.029748756295092882,-0.001907501549499565,,0.27614919478925865,0.0457627733644805,-0.5923060050256321,0.00357972009886237,-0.0025397863802171135,-2.014584099407978e-05,-0.008624558473352029,,-0.04171770846510849,,
FAC_rank_vol_m6_n6_pairwise1,2022-03-31,550,0.12616612606298494,0.1132443682228812,-0.03110093804395469,,-0.5072241496389709,-0.06280355780120732,0.03910895791544042,0.004203991573154602,-0.0029283061436656513,-7.2811354430757395e-06,0.1028514855658966,,-0.12272465907929475,,
FAC_rank_vol_m6_n6_pairwise1,2022-04-29,576,0.5022835027050347,0.49526104771674606,-0.2251567814567842,,-1.4553930795787702,-0.00019238210587008709,0.9404939069653456,0.001766854220118778,4.250659317122464e-06,-4.423759601157497e-05,0.11214508457445671,,0.015645254271138796,,
FAC_rank_vol_m6_n6_pairwise1,2022-05-31,608,0.17988968886206724,0.16893662961481615,-0.12811382889414755,,0.21346062325736725,-0.03187664387312731,0.7862795005843516,-0.007001410787412703,-0.023181613645909756,0.00015790091473798096,0.14428471114138294,,-0.013097501342494973,,
FAC_rank_vol_m6_n6_pairwise1,2022-06-30,643,0.2933828125621766,0.2844665073579138,-0.1745072146284005,,-0.6528232354086699,-0.1418717823532036,0.7258309111774747,0.0022071015189207618,-0.010437910399455444,4.257223617172973e-05,0.17510645484734969,,-0.028306158121005703,,
FAC_rank_vol_m6_n12_pairwise1,2013-04-26,74,0.47553618751943894,0.41098679521413917,0.08354072224605193,,0.6977061598926251,0.9613585452616704,0.9698616602668355,0.16179171029819886,0.03954918050667561,-0.001163467762725824,-0.26774513849635,,,-0.12092679699508925,
FAC_rank_vol_m6_n12_pairwise1,2013-05-31,77,0.40371160404531303,0.3335600280506439,0.018910587500905733,,0.7739712220316788,0.570536149779444,-0.37834521477005806,0.02820510905997861,0.03568058290845138,-0.0004344950733249942,-0.14765854975311393,,,-0.02598375179902057,
FAC_rank_vol_m6_n12_pairwise1,2013-06-28,80,0.22491746826496262,0.13758422525256397,0.07329479519562154,,-0.20453335715213553,0.4096053705294547,1.0297588113424248,0.015541721471210176,0.03901263201000435,-0.0002611560762846176,-0.1074018676518952,,,-0.10086843633018105,
FAC_rank_vol_m6_n12_pairwise1,2013-07-31,80,0.329819075631703,0.254305732040909,-0.07176070530702325,,0.9128546749984896,0.21514413501449212,1.5261008492702035,0.06218302448576677,0.015693926018428728,-0.0002756536492209391,-0.06870457656561961,,,-0.035865105254180046,
FAC_rank_vol_m6_n12_pairwise1,2013-08-30,83,0.2270381799853357,0.14347473998375038,0.08151007502614278,,0.6526539253248159,0.2800715532240724,1.1321032972322862,0.04276705837348275,0.01496936431332957,-0.00032944583895893844,-0.048241845971661756,,,-0.225416962149546,
FAC_rank_vol_m6_n12_pairwise1,2013-09-30,85,0.2536158695018377,0.17504911892308372,-0.033073822734389795,,-0.7189403613099284,0.061650860006324644,1.556057282750762,0.05632402411344836,0.041020448569043216,-0.0007363449200422175,-0.028381489254010166,,,-0.14601117812629727,
FAC_rank_vol_m6_n12_pairwise1,2013-10-31,89,0.2512121011827061,0.17633331130097663,0.12124205024042742,,0.6429575142989502,-0.03732940741284229,0.3571579571525639,0.07890230086326475,0.005993694283026035,-0.0005051052300128806,0.06595070651158187,,,-0.24580404039651974,
FAC_rank_vol_m6_n12_pairwise1,2013-11-29,88,0.30563256979379727,0.23531688065899192,0.08495981887501806,,0.9740141642256986,0.04089750129795532,-0.2206381419872423,0.029939652570299433,0.03199391065940853,-0.0008499974749195959,-0.042805185630465,,,-0.16839516848329675,
FAC_rank_vol_m6_n12_pairwise1,2013-12-31,91,0.18362740770866293,0.10398130114365445,0.26942153914668066,,-0.7126795764508522,0.06726248672943269,0.6139491217561476,0.035266735342428954,0.015536227873060441,-0.0006080735126395679,-0.02141064601330905,,,-0.3718837790066047,
FAC_rank_vol_m6_n12_pairwise1,2014-01-30,88,0.2714086279784298,0.19762722321675186,0.3116076831865714,,-0.25598755001393486,-0.08206051364471177,1.0815893470418765,-0.017045033466505825,0.04104247543551868,-0.0006566530533870481,-0.05337140016184003,,,-0.3219229295751866,
FAC_rank_vol_m6_n12_pairwise1,2014-02-28,90,0.17697456112022625,0.09568809802098932,0.37882423090155976,,0.28354662449530965,-0.10318031135831644,0.01875746150902519,-0.01905766935459332,0.02973088484818287,-0.00037083497436499413,-0.017436868874524825,,,-0.31764581174977563,
FAC_rank_vol_m6_n12_pairwise1,2014-03-31,88,0.31760001960540873,0.24849622412241223,0.5428671499589636,,1.1510766539630346,0.42660980646369123,0.2613481336869869,-0.07693944272365702,-0.02832093043711567,0.00014943202166264522,-0.12161454569822393,,,-0.2614100674508354,
FAC_rank_vol_m6_n12_pairwise1,2014-04-30,91,0.2927836874204057,0.2237869739980063,0.40460658427945034,,0.35806058558649234,0.8186491893005886,0.40827006532070237,-0.09015029282030934,-0.0156835265328669,-0.00016524807385461773,-0.2639818557903124,,,-0.06248844172311595,
FAC_rank_vol_m6_n12_pairwise1,2014-05-30,95,0.22723081788175437,0.1553453125684292,0.24161590141001524,,1.7300401112466468,0.6631377837176,0.7010103354973777,-0.0566186088560474,-0.04183485294841327,6.315139222576979e-05,-0.226143668614061,,,0.14891448117925635,
FAC_rank_vol_m6_n12_pairwise1,2014-06-30,94,0.274415015268461,0.20612466376431626,0.9162546424988092,,0.8250464408132805,1.2680818531075742,-1.3625189208074708,-0.20201697515886796,-0.1058662926843755,0.0015658774031725527,-0.43608305523510144,,,-0.40652775773898625,
FAC_rank_vol_m6_n12_pairwise1,2014-07-31,94,0.24527479592279788,0.17424183553906114,0.4749224591109285,,0.5131428544629649,0.64078573291597,-0.9500869188847904,-0.004018179366521681,-0.08355518585006176,0.0009507451963581622,-0.12947673969072349,,,-0.19093447537745736,
FAC_rank_vol_m6_n12_pairwise1,2014-08-29,94,0.10114027721223362,0.016541715067502683,0.47732691906940583,,0.06933317829974926,0.4313594233670674,-0.5975584447143761,0.03761036591283226,-0.06895491485109803,0.0002488034431205069,-0.09533332686995596,,,-0.1336864662042649,
FAC_rank_vol_m6_n12_pairwise1,2014-09-30,94,0.0911598654723722,0.005621970458007164,0.5156403190422684,,0.6897072228916153,0.013769966712513688,-1.5433098123655227,0.08601028696998013,-0.045659639355037744,-0.0002189336696750653,-0.011970408111400117,,,-0.07095481274443263,
FAC_rank_vol_m6_n12_pairwise1,2014-10-31,89,0.16143247936886584,0.07757572730575235,0.3291904543621638,,1.5210890596890956,0.011061923198916962,1.7178527088139375,0.20175846988676419,-0.08971618222863323,0.00020413438721873255,-0.10403239410023994,,,0.17968103214800998,
FAC_rank_vol_m6_n12_pairwise1,2014-11-28,89,0.22588293848206142,0.1484712323302675,0.3216034552676379,,-0.04246205188869398,0.9325197590434622,5.1066163281965915,0.20354363833203792,-0.11882790453435338,0.0005327718232997796,-0.5075589528993498,,,0.4189643985109032,
FAC_rank_vol_m6_n12_pairwise1,2014-12-31,81,0.4798284527932738,0.42203161421474866,0.3962729396988465,,-1.4023293669183539,0.18680950964316917,1.6505034325424752,-0.0302671459296465,-0.0281261045171679,-0.0006925859316794933,-0.09005708578554698,,,0.32949007786397455,
FAC_rank_vol_m6_n12_pairwise1,2015-01-30,75,0.20919811838131652,0.11334334485177922,0.395170995850293,,0.028077375595166158,-0.3661163373027496,0.17735295843944957,-0.05060085474752326,0.029381804061289606,-0.0007141224604595136,0.16909606469913163,,,-0.03274171249329876,
FAC_rank_vol_m6_n12_pairwise1,2015-02-27,76,0.16623079377627936,0.06667626168986496,0.26567402826817693,,-0.5014122718396513,-0.01400223978786993,-1.6524714504565259,-0.06300774772706477,0.05095240761191442,-0.0007775125890293552,0.025480697146807188,,,-0.04025420111328003,
FAC_rank_vol_m6_n12_pairwise1,2015-03-31,71,0.27604019649231026,0.18262602829776964,0.16100749806911005,,-0.4844622360659386,-0.24386117962560658,-1.145537828434938,0.01248011437170442,0.04473826834621411,-0.0007780505793692106,0.137151057604222,,,-0.08759124256313269,
FAC_rank_vol_m6_n12_pairwise1,2015-04-30,66,0.5603568313048538,0.4986525269265877,0.35286354002385684,,-0.273325616832736,-0.4970249409477011,-0.5289349176751826,0.003464402336739563,0.07898785767668606,-0.001722733484768683,0.3293916398672204,,,-0.12605109021454533,
FAC_rank_vol_m6_n12_pairwise1,2015-05-29,59,0.6650885222931945,0.6115026858601056,0.233025828662604,,-0.6347432947963192,-0.4296934657537755,0.3434008161431856,0.09521420638896017,0.03933000186985024,-0.0012439727213716127,0.3774853629451463,,,-0.12337541061377155,
FAC_rank_vol_m6_n12_pairwise1,2015-06-30,50,0.24616961438288865,0.09908075865272048,0.4058229934955854,,-0.48688533763976916,-0.1539838617343871,-0.7050241158029054,-0.018841334933092726,0.014924221416130706,-0.00020124041937404143,0.12222540175385342,,,-0.3335701984367023,
FAC_rank_vol_m6_n12_pairwise1,2015-08-31,52,0.39193337984405474,0.27880470632666954,0.2656133237913699,,-0.14265127884371645,0.20865398174919048,0.020801020920704787,-0.048968587758067214,-0.04348482538148845,0.0005970551009949897,-0.1432519985897756,,,-0.429076984775355,
FAC_rank_vol_m6_n12_pairwise1,2015-11-30,52,0.6582293942864361,0.5946441653164707,0.203414180471708,,-0.3299716341486271,0.0176794191556733,-1.2617627788331358,-0.0401621598761112,0.0003370789849117732,-8.720840189470025e-05,0.006773466345931255,,,-0.11713933263568284,
FAC_rank_vol_m6_n12_pairwise1,2015-12-31,52,0.4814848113342912,0.38501686925695,0.10385715468108873,,-0.629950637020191,0.02652630901276546,-1.1236284620212504,-0.0767922693386272,-0.0059859401674988225,-7.954257397935e-06,0.008226904939981457,,,0.01627552466867438,
FAC_rank_vol_m6_n12_pairwise1,2016-01-29,56,0.2535163842434561,0.12645534326361896,0.10178338718739535,,-0.2855930278277605,-0.004934919410872898,-0.5929226494825004,-0.017183404250184966,-0.02764878735697405,0.0007720515434792843,0.05919819107356837,,,0.027518848104016932,
FAC_rank_vol_m6_n12_pairwise1,2016-02-29,60,0.22069343149108522,0.09844926388184372,0.0850833642858084,,-0.9316051915337602,-0.05537249585632043,-0.14906995265293774,-0.02408292877647238,-0.033103599453511406,0.0006190441546449868,0.06288337786203438,,,0.12851834648429647,
FAC_rank_vol_m6_n12_pairwise1,2016-03-31,61,0.20169657406920816,0.07888066238754787,-0.03571948615304168,,-0.2805178355329484,-0.17983622818679093,-0.5157526193608297,0.0391019229112256,-0.013130410201346658,0.00022965620581646317,0.0959186899947761,,,0.10911838477865919,
FAC_rank_vol_m6_n12_pairwise1,2016-04-29,58,0.3479356593119266,0.2414761751179555,-0.05847589642344946,,0.9778098369064353,-0.0015391108719422155,-0.009316218381078427,0.020580435007176247,-0.004567495650756673,-1.482633314798228e-05,0.04245817294329744,,,0.12890986329570203,
FAC_rank_vol_m6_n12_pairwise1,2016-05-31,61,0.31662760540373225,0.21149339085046026,0.08026353112703183,,-0.12631853250866892,0.35951752777397905,0.1725010230261139,-0.008536581103451029,-0.020526011829732724,6.902109603108035e-05,-0.10069813762341932,,,0.18207162302381336,
FAC_rank_vol_m6_n12_pairwise1,2016-06-30,64,0.4267487461989339,0.3433667456460515,0.17533187988237073,,0.13274897496323249,-0.04938156518119162,-1.6188488079394565,0.005422610636347687,-0.019502344240348468,5.972569537283762e-05,0.02181566715511952,,,0.004376053005163719,
FAC_rank_vol_m6_n12_pairwise1,2016-07-29,61,0.38120143812740614,0.28600165937777633,0.04679900292872858,,0.5506204261786649,0.11695708717072084,-0.7879683589789352,-0.00822350037877203,-0.020800945202196698,-2.3223836951574714e-05,-0.036825528588300856,,,0.08683660737896583,
FAC_rank_vol_m6_n12_pairwise1,2016-08-31,67,0.3487437777409178,0.25891533329138927,-0.023181099853049322,,0.08009931068907122,0.09903007873012433,-1.2796986745265853,-0.00918892221341485,-0.023719225436658446,4.632911596669727e-05,-0.011763372193323999,,,0.19767717585537023,
FAC_rank_vol_m6_n12_pairwise1,2016-09-30,68,0.2890742346598637,0.19267752071543842,0.0357582834131201,,0.28199509677325335,0.16564272896216736,-1.331431697454501,-0.07790464231896196,-0.03429241589691399,0.00030754374285926755,-0.06887720646784815,,,0.22953648138954091,
FAC_rank_vol_m6_n12_pairwise1,2016-10-31,69,0.2980854464269932,0.2044968392839256,0.025952861980893523,,-0.6316758920824508,0.19378776965783448,-1.3821787439572673,-0.07773127665386456,-0.03082222368521354,0.00029404228569378867,-0.08305985902503701,,,0.2695396517461041,
FAC_rank_vol_m6_n12_pairwise1,2016-11-30,72,0.2391669028264709,0.14255317620126084,0.13651643926988716,,0.014175390296360389,0.12802603432257859,-1.7200672332033273,-0.09036130330464606,-0.0028758140353319327,0.00017791754681625933,-0.04697072909536738,,,0.09668400331780119,
FAC_rank_vol_m6_n12_pairwise1,2016-12-30,74,0.20520238579101702,0.10738114096529605,0.2941743762412448,,1.3130324996764278,0.247312762016827,-0.48066552058880574,-0.13454869492133942,-0.014136977123798723,0.00017126709255164705,-0.1559491163442628,,,0.1169928318925815,
FAC_rank_vol_m6_n12_pairwise1,2017-01-26,76,0.21117388255533553,0.11698568942761434,0.1688136193796544,,1.1763616935228647,0.5552232227382117,-0.8572551364960628,-0.04694271874847045,-0.00321689322785811,4.6587232279250596e-05,-0.22880867615430278,,,0.08447994120285023,
FAC_rank_vol_m6_n12_pairwise1,2017-02-28,78,0.27591567031824293,0.1919638639783291,0.155543861264716,,2.52542612823622,0.4602892154867957,-2.135070960803048,-0.018212461133362844,-0.01226731128677554,0.0002517693025641001,-0.22384992496694103,,,-0.007383312816564237,
FAC_rank_vol_m6_n12_pairwise1,2017-03-31,76,0.3433447077052252,0.2649381056401775,-0.04767308722861704,,1.648734332708244,0.19917957129421812,-0.46282153601911413,0.005966398299819444,-0.0166041913921064,0.000530883717262835,-0.07794648447000349,,,0.14595690674935158,
FAC_rank_vol_m6_n12_pairwise1,2017-04-28,81,0.2544660093220662,0.17162889924674019,-0.054385048877231744,,1.3511469267778375,0.6139853022913468,0.6532159153115539,0.021316371988179,-0.009399088347061399,0.00042848000744961456,-0.20611691148462352,,,0.2058682673680357,
FAC_rank_vol_m6_n12_pairwise1,2017-05-31,86,0.360701088007205,0.29428042182613534,-0.11743158999116644,,0.9028966241592713,0.6543084212987115,2.10207775470218,0.04835727663281719,-0.017439193290080448,0.0004355777256036055,-0.1702502142725699,,,0.19696807931238242,
FAC_rank_vol_m6_n12_pairwise1,2017-06-30,93,0.5525903754080743,0.5099799349707481,-0.14166039545261885,,2.0556236575593916,0.35538219666758336,-1.1704214114419915,0.037495722405851035,0.015214096636536478,-0.00015045969372666675,-0.10738398696653062,,,0.18834087238798558,
FAC_rank_vol_m6_n12_pairwise1,2017-07-31,102,0.3385685568144359,0.2816712283683659,-0.07160997347370908,,-0.09168311946194165,0.702777539685423,-0.7095868919978674,0.023579598231428654,0.0027203331419036947,3.94169380067756e-05,-0.09450421645013779,,,0.1947544725938274,
FAC_rank_vol_m6_n12_pairwise1,2017-08-31,114,0.2911570474299239,0.23714996532934673,-0.07303132147806561,,-0.5091171619591817,0.41141365782985273,-0.5277135770737649,0.010796727133118725,0.012910986042955224,-0.00011795566762509234,-0.05050650661222794,,,0.15229465779340784,
FAC_rank_vol_m6_n12_pairwise1,2017-09-29,134,0.1426347692706572,0.0877633945039793,0.06814402675190123,,0.5307016474525902,-0.007588109762144662,-1.6131698701359354,0.03625996265754165,-0.005868225597508642,-0.000333540159671536,0.06876985833570225,,,-0.04689810550385585,
FAC_rank_vol_m6_n12_pairwise1,2017-10-31,152,0.13303986358998865,0.08453859721740065,0.004934584296295697,,-0.05466664535930309,-0.15139444104316396,-2.0342179276548484,0.02027418508439151,-0.0011631649468717455,-0.0003555039650639509,0.07765653816944235,,,0.000865200712529299,
FAC_rank_vol_m6_n12_pairwise1,2017-11-30,169,0.03299416087031959,-0.015356131086164293,0.032198347740394276,,-0.09668304510846096,0.11295580289548678,-1.4840064979756329,0.002278625529249976,0.015266876619938136,-0.0002814514943067581,-0.02617568402353495,,,0.01671920999939851,
FAC_rank_vol_m6_n12_pairwise1,2017-12-29,177,0.08800363072239592,0.044575232185367075,-0.2913575958838461,,0.6199728352015781,-0.014221603591002272,-0.5586584228404173,0.014813679018343807,-0.0006501118762587357,-3.0481590165467526e-05,-0.032065163132582564,,,0.24269026661282164,
FAC_rank_vol_m6_n12_pairwise1,2018-01-31,181,0.141497186780557,0.10156682337500156,-0.29340519250817004,,-0.5506141808087694,-0.009663587532003054,-0.8942385930485127,0.014582056852841984,0.0015183322784287543,-3.1185294794069615e-05,-0.02605165146297335,,,0.24729118416140194,
FAC_rank_vol_m6_n12_pairwise1,2018-02-28,189,0.22569538236933562,0.19128184380797286,-0.15458285501030905,,0.33662565507220593,0.060869615611895515,-2.8995204260367036,0.021714034892790925,-0.0024300422623256615,-6.733987617814851e-05,-0.06430566863709145,,,0.14071969624839453,
FAC_rank_vol_m6_n12_pairwise1,2018-03-30,189,0.2900961063445875,0.2585448221821248,-0.14152880850387337,,-0.09332252717481246,0.06500068875380281,-3.375434128866137,0.00694183618496418,-0.008907347656487116,7.077564149299071e-05,0.028441911387983018,,,0.10597028751924945,
FAC_rank_vol_m6_n12_pairwise1,2018-04-27,197,0.4354442576479858,0.41142060903726174,-0.1532652852231046,,0.9731477965722548,-0.028000599048904628,-2.486579761190676,0.012451406608191619,0.003091860411592982,-8.102777607067953e-05,0.04534199713998143,,,0.06820226766039153,
FAC_rank_vol_m6_n12_pairwise1,2018-05-31,201,0.44321654183101344,0.4200172310739724,-0.13739732225235624,,-0.3387286157616443,0.051650929157166715,-3.196783160656738,0.01631861641042087,0.004488736495938168,-0.00014789534748699411,0.0045116059271033205,,,0.073066182846446,
FAC_rank_vol_m6_n12_pairwise1,2018-06-29,202,0.4098773389373057,0.3854162959917018,-0.047882510415969005,,0.37232396600743595,-0.06920182986937747,-3.160493476809769,0.005949421279965035,-0.003954282951064134,4.043880811230412e-05,0.028705092670146416,,,0.003337512838364263,
FAC_rank_vol_m6_n12_pairwise1,2018-07-31,204,0.33274757703894353,0.3053731186610541,-0.05222182173022891,,0.6466856920123436,0.10279977539964706,-2.06196946855764,0.013309318264363644,-0.006806534414975446,-3.976741899923549e-05,0.01291881180573822,,,-0.002543555674381725,
FAC_rank_vol_m6_n12_pairwise1,2018-08-31,217,0.09187507667860839,0.056947195012401086,0.04427123965791184,,0.172372185571622,0.0980244497322108,-0.8702000953078363,-0.007392039640513853,-0.0060060747242022886,0.00013178969536237743,-0.011877162967118072,,,0.05934997594871047,
FAC_rank_vol_m6_n12_pairwise1,2018-09-28,216,0.023920433620404635,-0.013802448172043347,0.1033125744150772,,-0.40623381183728413,0.13173564745804994,0.35449831400731724,-0.010399253582779459,-0.0010688110603838876,0.00010206874599967409,-0.029243564608397367,,,0.04495092795164429,
FAC_rank_vol_m6_n12_pairwise1,2018-10-31,214,0.26400916009102005,0.23528756633847447,0.07066591485514447,,-1.1051013249953903,-0.009258821370956682,1.4766444523355247,-0.007411273903913842,-0.006184236766088889,9.758657587015352e-05,0.05771585272186191,,,-0.023030963432945695,
FAC_rank_vol_m6_n12_pairwise1,2018-11-30,217,0.2479224496024819,0.21899638997180815,-0.0044789681130528855,,0.43698818636390435,-0.2000463851986449,2.4224456975564395,0.001120997801573544,-0.013585073002364298,0.0001941047480020932,0.10255848764510213,,,-0.058948746480141444,
FAC_rank_vol_m6_n12_pairwise1,2018-12-28,216,0.38545267893342683,0.3617020578294047,0.08017660223253893,,-0.3174178744180068,-0.45095284125531154,3.674622732207833,0.023112068033847247,-0.004392742530158697,-9.456259739076203e-05,0.15105166961607805,,,-0.19124853413757328,
FAC_rank_vol_m6_n12_pairwise1,2019-01-31,208,0.3368082670402006,0.31014729285086196,0.1154514433519378,,0.4417537826731864,-0.012689897664919434,3.6550774111422104,0.016186889573693665,-0.007039624249119536,-0.00013023964336566547,-0.037494243853153475,,,-0.026132157786519703,
FAC_rank_vol_m6_n12_pairwise1,2019-02-28,215,0.29013067581793295,0.2625629350729982,0.03254295042982555,,-0.08758771855284733,0.11540989590172687,3.719080313120015,0.026944848400216128,-0.0002800907409301329,-0.00025294565881761334,-0.0024863300826750384,,,-0.025647611658040016,
FAC_rank_vol_m6_n12_pairwise1,2019-03-29,213,0.13571309493628259,0.10181949081613673,0.06075470354576214,,0.3047810537961165,-0.129759231633098,0.813272911423605,0.02872685991484901,0.006528225168436994,-0.0003177210022840119,0.04745046072049432,,,-0.11653339606222571,
FAC_rank_vol_m6_n12_pairwise1,2019-04-30,210,0.12870730374782002,0.09402898747907662,0.0589801910173839,,-0.3100943632976844,-0.17926960165064362,1.4645903665317144,0.02855106669430336,0.012636542536480291,-0.00040641543054738727,0.07985320449980064,,,-0.10486158805028784,
FAC_rank_vol_m6_n12_pairwise1,2019-05-31,215,0.16060874623028698,0.12801102763728844,0.0037420343218761425,,-0.8841952032320196,-0.3403205326960682,1.237633136787698,0.02557350333789271,0.019322655511018208,-0.0005306076162055812,0.0845867732302894,,,-0.005156613996242032,
FAC_rank_vol_m6_n12_pairwise1,2019-06-28,219,0.16510683323000275,0.13330137925781238,-0.013525305221945552,,0.05269043249773243,-0.32840730684545677,1.740843760766584,0.002083038572233971,0.017443002676179424,-0.00041836238796596846,0.04583122576550407,,,0.08805425959857187,
FAC_rank_vol_m6_n12_pairwise1,2019-07-31,217,0.2982028814142248,0.2712106845455412,0.017914580399971857,,1.5663062320174956,-0.32208922234433374,2.5278371016288785,0.025440370428195733,0.02770437216801712,-0.0005072000127155858,-0.00544594956741203,,,-0.011926773474610831,
FAC_rank_vol_m6_n12_pairwise1,2019-08-30,219,0.25360276405276083,0.22516858363572312,0.12493351782382581,,1.037531304771583,-0.48713025419498257,2.6661657770715346,0.011689804734987947,0.021129675769600256,-0.0004184903224545709,0.01027392945930083,,,-0.06455040978597278,
FAC_rank_vol_m6_n12_pairwise1,2019-09-30,220,0.3090583253999156,0.2828614846567845,0.03564006649742382,,1.2494530553451124,0.4146747197658671,0.5389709033553454,-0.0051859803345526605,0.0218686309941482,-2.976941121251458e-06,-0.17119787196036382,,,-0.003268080423194613,
FAC_rank_vol_m6_n12_pairwise1,2019-10-31,226,0.229705825470487,0.2013078835523483,0.0699517776315413,,-0.23712915071177,0.47969668895146084,0.5532121940634791,0.010687932315825146,0.018371407544346116,-0.00019899193036986457,-0.23623494991600508,,,-0.0002347754715961019,
FAC_rank_vol_m6_n12_pairwise1,2019-11-29,233,0.32757091180220466,0.3035555872237119,-0.036925428354448946,,0.7194507598739189,0.6054928130743981,1.644632212853685,0.025074454522284524,-0.0021053815805182237,-1.5304023330134832e-05,-0.22924443673049857,,,0.029830449441984992,
FAC_rank_vol_m6_n12_pairwise1,2019-12-31,239,0.4238446661704649,0.4038044806459593,-0.0358281171845855,,-1.1147419709933621,0.8764251583787752,2.143318011025765,0.04603045520985744,-0.023546839557026834,-3.866337047157939e-05,-0.3239446325354484,,,0.05310906358601951,
FAC_rank_vol_m6_n12_pairwise1,2020-01-23,241,0.16996374266247305,0.14134180275428243,0.5477230785465845,,0.12105117844286971,-0.10572681602810516,-0.8252478272388334,0.008570701457184913,-0.04306782046356885,0.0002649224759513647,0.28032244738708034,,,-0.20048508889478175,
FAC_rank_vol_m6_n12_pairwise1,2020-02-28,242,0.2031072455695253,0.17574612095388675,0.994499484374348,,-0.7215206486503,-0.4594367722635996,-2.326912488747518,-0.006762571639727715,-0.0311760276144324,0.00017940115836359037,0.4081570531502251,,,-0.5314629512146086,
FAC_rank_vol_m6_n12_pairwise1,2020-03-31,250,0.13112416134761762,0.10228180985708213,0.8289761776823906,,-0.3881964464029589,-0.27981313562402366,-1.491248303638555,0.004676541728547638,-0.02167745047357805,-0.00019789468933650772,0.24636297816828182,,,-0.41526962709520526,
FAC_rank_vol_m6_n12_pairwise1,2020-04-30,253,0.2592210649204343,0.23493323098339935,0.6884598806750962,,1.311604322773977,-0.33899542955724454,-2.912941578368439,0.004127860103988522,-0.019291497087028726,-0.00021892280966110428,0.22880733570790127,,,-0.3414803424562038,
FAC_rank_vol_m6_n12_pairwise1,2020-05-29,253,0.1331886439603488,0.10476859950003226,0.5063065130495444,,-0.38080032357033444,-0.4991475310936949,1.4942882398013444,0.012230686059077013,-0.010102918370551597,-0.00034729923602248543,0.20335355173939343,,,-0.13385331873972794,
FAC_rank_vol_m6_n12_pairwise1,2020-06-30,257,0.16886820151136683,0.14205749833431414,0.8374804775951402,,-0.2522195204419462,-0.5401920785502748,1.867265544057155,0.0063280982041378775,-0.0031096398339774288,-0.00038979603919132643,0.19984346103626605,,,-0.5141672165583365,
FAC_rank_vol_m6_n12_pairwise1,2020-07-31,260,0.20001047457944165,0.17451280046245177,0.3826426581534567,,0.8865658934536133,-0.2220625784747895,1.220732574681438,0.019982117496094274,0.0011133764992440592,-0.00035232421065766606,0.051083883961169,,,-0.32831317760158674,
FAC_rank_vol_m6_n12_pairwise1,2020-08-31,274,0.1140210352412292,0.08727450045605878,0.11056266274936613,,0.3020006086113413,-0.0508856793888768,2.146740671796893,0.005429605224565823,0.011441504517596424,-0.0003338899144608637,-0.05571464609577926,,,-0.07794132945385111,
FAC_rank_vol_m6_n12_pairwise1,2020-09-30,285,0.22716802498117938,0.2047670981690396,0.035749089375016814,,1.2555174721659341,0.29525527984476685,-0.471969589020774,0.002839498575757819,0.00634785416599753,-0.0002574341253731153,-0.2308009834513962,,,0.105182125654688,
FAC_rank_vol_m6_n12_pairwise1,2020-10-30,286,0.23711629225729025,0.2150835497954069,-0.004504875466642165,,1.3407368987512134,0.04861127365546244,0.43371784986107015,0.0010461967573662523,-0.001409961057292009,-0.00010765144522777718,-0.05307237022387297,,,0.09547524982061394,
FAC_rank_vol_m6_n12_pairwise1,2020-11-30,294,0.3034856802945832,0.2839344011449575,0.03370195695121076,,-0.8408112215524834,0.4042547731160266,0.6260723156384398,0.005280861106074261,0.00657316684192103,-0.00022272742946158992,-0.22177487639822124,,,-0.02372310958548754,
FAC_rank_vol_m6_n12_pairwise1,2020-12-31,307,0.11661846237216955,0.09290352176471106,0.002313949284734895,,0.23884065134004095,-0.027982582461150905,0.556119051625451,-0.011656732788192056,-0.013246468566075257,-4.97215706952874e-05,0.03766561454769689,,,0.06300612854548987,
FAC_rank_vol_m6_n12_pairwise1,2021-01-29,307,0.17614409968704736,0.15402716276589434,-0.13825122195284256,,-0.49628502545531245,-0.23510606990456123,2.5519115675222177,-0.02832702222155007,-0.01936897640064993,0.00019783916331711984,0.13528093024542062,,,0.12457863275695215,
FAC_rank_vol_m6_n12_pairwise1,2021-02-26,322,0.25162050515333667,0.2324925947419203,-0.1320917949418913,,-0.9447567908790262,-0.3761382844529248,2.617333541154177,-0.042656182853065834,-0.04202393065906346,0.0005513546975938997,0.22491852457774766,,,0.15817410404812016,
FAC_rank_vol_m6_n12_pairwise1,2021-03-31,321,0.26983607870699067,0.25111392687896483,-0.31909934040477744,,-1.0113028776140636,-0.10691010694126113,3.685859457740695,-0.03802304674900794,-0.026690735711887008,0.0002568430419081654,0.0036512375992703906,,,0.22144871907371605,
FAC_rank_vol_m6_n12_pairwise1,2021-04-30,328,0.0854154343973329,0.062479144350870985,-0.22690769777526004,,-0.48277692671093425,-0.11335462981042328,2.745239241899463,-0.028239405988989615,-0.040182978192173244,0.0003800920041676213,-0.011335946998460035,,,0.23050488616984233,
FAC_rank_vol_m6_n12_pairwise1,2021-05-31,334,0.28191614251566455,0.26424023217758863,-0.06429336021690565,,2.4026561129883013,0.2930178897195714,0.004363668609851084,-0.01661704265989432,-0.03845940506530473,0.0003204948572796851,-0.3174022250577396,,,0.030380198443045812,
FAC_rank_vol_m6_n12_pairwise1,2021-06-30,342,0.2566982694785629,0.2388411708474173,-0.03528743455428203,,0.9949969987159748,0.49988584804185093,-1.6468726447510527,0.0018840838251733447,-0.017505972267954445,0.00025140759314405155,-0.31088840340933954,,,0.07468464115633461,
FAC_rank_vol_m6_n12_pairwise1,2021-07-30,349,0.1965708806193589,0.1776666660456967,0.05451980071103889,,0.03386578258914623,-0.15628177736729437,-2.8102049335925394,-0.00019794850701403547,-0.023723508867094654,0.00028016208559981416,0.14933580887426445,,,0.02141626490794114,
FAC_rank_vol_m6_n12_pairwise1,2021-08-31,370,0.19324463233902345,0.17536639704459744,0.09526913037306843,,0.09719146187972887,-0.12732118329545108,-1.2163088473572246,-0.006407808369611522,-0.00778632407980431,9.001109191011037e-05,0.0720173864813953,,,-0.12788074955836284,
FAC_rank_vol_m6_n12_pairwise1,2021-09-30,377,0.31155926570435677,0.29659316278488623,-0.048802478393017094,,0.4037580643322958,0.16539390730090217,-2.138369927563497,0.0039963894949992885,-0.010007680342698229,9.697926347961399e-05,-0.06975669887667302,,,0.028793946673910508,
FAC_rank_vol_m6_n12_pairwise1,2021-10-29,381,0.3589253421607975,0.3451387903793093,-0.026445416769961233,,-0.8048082716426456,0.01480215721976959,-1.966357568551537,0.006863012779833052,-0.008922150840119613,0.0001255768908375164,0.02955169379914067,,,-0.09022862550806561,
FAC_rank_vol_m6_n12_pairwise1,2021-11-30,397,0.3585785958665215,0.34535341227614047,0.04304632858253622,,-0.6844391463152656,-0.12307265918505776,-1.5341497414371887,-0.01280604996858541,-0.013426182900674807,0.00016173280733567085,0.07449013119822442,,,-0.14520819516889402,
FAC_rank_vol_m6_n12_pairwise1,2021-12-31,389,0.05346100086663352,0.033533864042773254,-0.13048920864805594,,0.335168576665777,-0.00921827244820349,0.04124811526786873,-0.0074106829735910455,-0.0041974141886353565,4.407672772795078e-05,0.024132204023369068,,,0.03161999673347667,
FAC_rank_vol_m6_n12_pairwise1,2022-01-28,403,0.15080523796517087,0.13356270472588505,-0.08218480616941726,,-0.12142161555619024,0.03490023463528281,0.3863703515443498,-0.0036903204211356823,-0.0016768467306203202,3.864345498923275e-05,0.06340514359501835,,,-0.016716176729791133,
FAC_rank_vol_m6_n12_pairwise1,2022-02-28,429,0.037858614322492046,0.01953211173815861,-0.08997659481161951,,0.24322499238913287,0.08989177049528466,-0.39198338446181674,0.004454508857018872,0.001900208023690175,-4.671332109315575e-05,-0.04373401501614164,,,0.06351498366095247,
FAC_rank_vol_m6_n12_pairwise1,2022-03-31,417,0.10110596598123378,0.0834805927651795,-0.1755660632421539,,-0.4005554986904534,0.059435369488905564,-0.41726428292887896,0.0056289201836784266,0.002177230790074589,-3.478935353025175e-05,-0.014442345811489198,,,0.1334805969682968,
FAC_rank_vol_m6_n12_pairwise1,2022-04-29,426,0.4905007863302885,0.48072622108003027,-0.34876804604634176,,-1.3765909047688811,-0.11892008443134854,0.09481070477041315,-0.0045218506420669205,-0.008161379438580111,4.2249121981208413e-05,0.14309327882940492,,,0.1881361633309548,
FAC_rank_vol_m6_n12_pairwise1,2022-05-31,458,0.11520673704331119,0.09944204638929455,0.0985171818453108,,0.10396093119444862,-0.01472946160299977,-0.09043782959626119,-0.010029470919012379,-0.018853109090705544,9.074370763133342e-05,0.08025408838506318,,,-0.15542239802896993,
FAC_rank_vol_m6_n12_pairwise1,2022-06-30,475,0.20820874893265806,0.1946157660817166,0.05434251679557414,,-0.4164500363088852,0.2569843937844303,-0.30612924992992335,0.002167384232386548,-0.011456969810286462,5.0267485893404625e-05,-0.08509665326893297,,,-0.023006774595878823,
FAC_rank_vol_m12_n6_pairwise1,2013-04-26,74,0.4710271129877943,0.4059227576632152,-0.031672215320103496,,1.0630144706501423,0.9309498044598965,1.3677784967289253,0.1116167853550246,0.0453236660673296,-0.0012275349983826083,-0.41114407884505316,,,,0.11119687959529294
FAC_rank_vol_m12_n6_pairwise1,2013-05-31,77,0.4108261485306254,0.34151157776952257,-0.03633640799730939,,0.6955836488699307,0.6523159426221892,-0.03139872045645923,0.03087410371877865,0.039821218322973966,-0.0005335290681452175,-0.26718575494915014,,,,0.07505838696007086
FAC_rank_vol_m12_n6_pairwise1,2013-06-28,80,0.21757725681156692,0.12941694771991252,-0.04409888935599627,,-0.2920770083762069,0.44420830279311274,0.8597587462736108,0.016582289375274423,0.03995122746011715,-0.0002558634707027165,-0.18101852018871914,,,,0.05843662270354007
FAC_rank_vol_m12_n6_pairwise1,2013-07-31,80,0.3551301120875864,0.2824687162664693,-0.08558110554432648,,0.8968314721700126,0.3045182203381228,1.4573230240456498,0.0464402416380021,0.017964213599661456,-0.00032892980527453693,-0.18416106682789926,,,,0.04740466489041958
FAC_rank_vol_m12_n6_pairwise1,2013-08-30,83,0.21144165215528987,0.12619210103694278,-0.08416695133411847,,0.741532915350534,0.3793775710467615,0.9634387506631904,0.014625622384070463,0.014914116960863793,-0.00038231565355097906,-0.17712040725645098,,,,0.04087351742848129
FAC_rank_vol_m12_n6_pairwise1,2013-09-30,85,0.2489608891953421,0.1699041406895886,-0.09865580737317059,,-0.7427211166283376,0.15119694818802915,1.5041207948887287,0.03391820828555991,0.038345339037212677,-0.0007220959202824187,-0.11287214688660642,,,,-0.029471971822254233
FAC_rank_vol_m12_n6_pairwise1,2013-10-31,89,0.2129491248156411,0.13424403729720513,0.04373232399653576,,0.6801431330213229,0.11699176547132518,0.08871792919527509,0.0380351513626562,0.004592591243636444,-0.0006388276780072533,-0.06262316481614467,,,,-0.07720925044399919
FAC_rank_vol_m12_n6_pairwise1,2013-11-29,88,0.29232729090458387,0.22066423175568095,-0.010852640907908653,,0.9551167078808139,0.052303858908264854,-0.15273917431037023,0.014798759540120752,0.03647017407874921,-0.0008990733307430306,-0.09005505047704088,,,,-0.0405780369286025
FAC_rank_vol_m12_n6_pairwise1,2013-12-31,91,0.14231127047042513,0.0586343212480277,0.01869519062321324,,-0.514419763013367,0.09322836964330969,0.7717224565252748,0.038472849749675436,0.020386433581863928,-0.0007105667663395667,-0.07956984591589002,,,,-0.09869239047360892
FAC_rank_vol_m12_n6_pairwise1,2014-01-30,88,0.22250514190427662,0.1437714853882539,0.037840949121649745,,-0.19320313682675375,-0.317051219056502,1.0530920219554567,0.028611307558167817,0.047699687020134766,-0.0006694568899792389,0.07644985675823807,,,,-0.11480738953762061
FAC_rank_vol_m12_n6_pairwise1,2014-02-28,90,0.14831913002832486,0.06420250089531998,0.16438229716564998,,0.323988621972725,-0.16968201569915464,0.16367682786513998,0.03255483041290235,0.031179071929797117,-0.0003422056127354171,0.025624912955088525,,,,-0.18016748564397905
FAC_rank_vol_m12_n6_pairwise1,2014-03-31,88,0.25638560532681864,0.18108288181561039,0.1984388693908191,,1.1801243035130882,0.3197933094426535,0.7173509682877264,-0.022462193511499418,-0.026426237017641376,4.543660993137523e-05,-0.12123705425315796,,,,0.05409974770753501
FAC_rank_vol_m12_n6_pairwise1,2014-04-30,91,0.24228279099800132,0.16835916085146485,0.15596237960164935,,0.3215106016330787,0.6584693252103522,0.31182143493806463,-0.055375248390281524,-0.02011096666711786,-0.00013034494667398235,-0.26923304033268963,,,,0.19694218713465897
FAC_rank_vol_m12_n6_pairwise1,2014-05-30,95,0.19382439373666804,0.11883131408426506,0.15849493148576538,,1.7313294440814015,0.42131026074365546,0.17729672465745128,-0.019706834081962294,-0.04147781858253045,5.8357707829025126e-05,-0.16649566330371815,,,,0.20243558650093318
FAC_rank_vol_m12_n6_pairwise1,2014-06-30,94,0.1983324027539919,0.12288133477789698,0.6624374057310478,,0.5797082175044228,0.8953185179691234,-3.1729668702708365,-0.14216144479582807,-0.11272706549013502,0.0016749944579409035,-0.38617621967216165,,,,-0.12362062387282077
FAC_rank_vol_m12_n6_pairwise1,2014-07-31,94,0.22925049190321212,0.15670936172939676,0.3891584955393806,,0.5575679383170915,0.2525478696966091,-1.9351713214261916,0.031141064171130002,-0.09245184312375246,0.0010565101759590356,0.07263207378675748,,,,-0.18446698336319078
FAC_rank_vol_m12_n6_pairwise1,2014-08-29,94,0.10134648374623856,0.016767329275296228,0.40666428386627923,,-0.3754608233708835,0.008709253333799832,-1.2379846266902959,0.06441903351202724,-0.07980651951690586,0.0003929757547630042,0.16192467373655647,,,,-0.15795934801288453
FAC_rank_vol_m12_n6_pairwise1,2014-09-30,94,0.09187584779110425,0.006405339347914096,0.5179274683577386,,0.6824318492261435,-0.07242889259596565,-1.7990162878202351,0.08194779227989912,-0.04965824491192961,-0.00016541890932296965,0.046357711905096674,,,,-0.09170223045902466
FAC_rank_vol_m12_n6_pairwise1,2014-10-31,89,0.16021785824143575,0.07623964406557937,0.34275378041244065,,1.52075543010664,0.058629954953814366,1.6161215128186799,0.20468315778130697,-0.09177634150251096,0.0002250537692748192,-0.17091372005491243,,,,0.20382314676520175
FAC_rank_vol_m12_n6_pairwise1,2014-11-28,89,0.22181897892580316,0.14400087681838358,-0.012228632886964689,,-0.12114606943496928,0.4970153070447472,6.224458134644333,0.184097486144199,-0.12665889818443882,0.0006969964685584268,-0.44243910927938307,,,,0.8466972802622381
FAC_rank_vol_m12_n6_pairwise1,2014-12-31,81,0.4869960523101856,0.429995613677984,0.5063984343394673,,-1.4325557872213925,0.4714103631714373,0.6419878680853477,-0.11798829586815487,-0.022335547937126783,-0.0007222628724434886,-0.3142015718975097,,,,0.42377047357056186
FAC_rank_vol_m12_n6_pairwise1,2015-01-30,75,0.21371171189781135,0.11840404061269749,0.2908253286738495,,0.029478204233079546,-0.3666588349662192,0.7546625565978196,-0.09508750648657027,0.038949605460731576,-0.0007855227181561255,0.19571077380346072,,,,0.10522434728663066
FAC_rank_vol_m12_n6_pairwise1,2015-02-27,76,0.16750524113138177,0.06810288186348712,0.2979616855453451,,-0.4506134854082072,0.024016909776043028,-1.8640890984302405,-0.0613015541221666,0.05021344108956407,-0.0007954537752960752,0.008798678635899004,,,,-0.08103263537770393
FAC_rank_vol_m12_n6_pairwise1,2015-03-31,71,0.2629208534051308,0.16781386674772836,0.21131674014822444,,-0.5056445111610415,-0.15193729319342061,-1.4471081579597516,-0.024531902164564655,0.048252022330668866,-0.0009079946928621667,0.11592635172732005,,,,-0.12120830101426881
FAC_rank_vol_m12_n6_pairwise1,2015-04-30,66,0.5333454414691645,0.46785006483325775,0.3901198074091752,,-0.33766629134436843,-0.42890366301742944,-0.7291488319238117,-0.03159517997654434,0.0825917901103239,-0.0018346465089207945,0.4101240712380865,,,,-0.2041393208865024
FAC_rank_vol_m12_n6_pairwise1,2015-05-29,59,0.6471286279368447,0.5906692084067398,0.20393233490784324,,-0.6603942690333926,-0.34891829735648183,0.21363790944009578,0.018434360112335468,0.03893743354743057,-0.0013006722774692439,0.4161515553093846,,,,-0.08380625285729362
FAC_rank_vol_m12_n6_pairwise1,2015-06-30,50,0.15729244408390586,-0.007138298533868603,0.1208603979984842,,-0.27291944364228,-0.1313299225300678,-0.12367370840160694,-0.06389729138858884,0.015342010378955842,-0.00022416122733660807,0.13301566552252705,,,,-0.0049403216797855335
FAC_rank_vol_m12_n6_pairwise1,2015-08-31,52,0.10300992424389199,-0.06387195031538395,-0.023932112413649953,,-0.35192254533148304,0.03130228503516085,-0.37752104328536235,-0.02545664912437558,-0.04920894912087875,0.0006949127309546737,0.03263782205120279,,,,-0.06646344921299845
FAC_rank_vol_m12_n6_pairwise1,2015-11-30,52,0.6499060588503548,0.5847723023573975,0.1298722404805545,,-0.2837403095436343,-0.017481525970000262,-1.2048071016665363,-0.050481182602197965,-0.0011793216984348751,-4.6358922732317035e-06,0.0648610536951117,,,,-0.052113603751643305
FAC_rank_vol_m12_n6_pairwise1,2015-12-31,52,0.4886204284621738,0.39348004305978745,0.10276499563005397,,-0.7035970574368728,0.010545854619770355,-1.0788889367593233,-0.0756201890270652,-0.0051095632164566565,-1.8575883185570878e-05,0.05368127381862188,,,,0.0026084073656796073
FAC_rank_vol_m12_n6_pairwise1,2016-01-29,56,0.2511664349923137,0.12370540265057994,0.08819762047236891,,-0.2782540777063869,0.013074465149162967,-0.6086190057143445,-0.015128265478385418,-0.026795684170367064,0.0006751696969567023,0.0818820768129377,,,,0.04098582298583024
FAC_rank_vol_m12_n6_pairwise1,2016-02-29,60,0.22118372915820428,0.09901647098694222,0.054629111241803356,,-0.8858807602228094,-0.048706995172003435,-0.07495261538311813,-0.01285674539825961,-0.028940394559566207,0.0004657334307198248,0.0986452852619096,,,,0.15064866641135305
FAC_rank_vol_m12_n6_pairwise1,2016-03-31,61,0.20001509485088453,0.07694049405871284,-0.01740342298042588,,-0.15806612225048342,-0.17790639365941752,-0.6115449955306044,0.0241779206606619,-0.014427837177166737,0.00014301439978501852,0.16021235392820307,,,,0.09597613550568262
FAC_rank_vol_m12_n6_pairwise1,2016-04-29,58,0.3036279341137752,0.18993453560173856,-0.015381364636861959,,0.9693021727139278,0.08296741629452785,0.06677723384208091,0.003607982036951575,-0.005585845027366271,-5.620360215003831e-05,0.005950684021894872,,,,0.1378596898773542
FAC_rank_vol_m12_n6_pairwise1,2016-05-31,61,0.2949122169033491,0.1864371733500183,0.08820818026522555,,-0.23685316662080286,0.3693466662284384,0.19630005660421687,-0.0135966939882137,-0.020266982361467067,6.590419515205067e-05,-0.1415513552890153,,,,0.21192880754244653
FAC_rank_vol_m12_n6_pairwise1,2016-06-30,64,0.4311344921641793,0.3483904182971509,0.13849022500545774,,0.07282140715665096,-0.10257682495854853,-1.6299068554928784,0.008862571778459886,-0.01973135717351435,5.8366155854159544e-05,0.057644020060409584,,,,0.020746737730728135
FAC_rank_vol_m12_n6_pairwise1,2016-07-29,61,0.37618992257013173,0.28021914142707505,0.0840154191511415,,0.5707587963160067,0.130236958766831,-0.7773824360621019,-0.011103101076526338,-0.02228752607486937,1.0409147479364488e-05,-0.05504124405733806,,,,0.058294607383832346
FAC_rank_vol_m12_n6_pairwise1,2016-08-31,67,0.2993462535136834,0.2027043574466052,0.0906899020487317,,0.04811905480159504,0.047177298436439676,-1.0879925406168238,-0.01122217419186386,-0.02609369778495665,0.00015208828801094654,0.03238146357829588,,,,0.026984309465394252
FAC_rank_vol_m12_n6_pairwise1,2016-09-30,68,0.2467833760474868,0.14465230839290877,0.16682335649565158,,0.3639284290689231,0.15191540549242763,-1.240873277226169,-0.08037978625299398,-0.03179542851977322,0.0003138858232080881,-0.07923969864207898,,,,0.08181992700997409
FAC_rank_vol_m12_n6_pairwise1,2016-10-31,69,0.2638843422056395,0.16573558783305808,0.18798178047077382,,-0.7346576034086965,0.1306679585699027,-1.430279986184411,-0.08308776526442388,-0.029555908141491734,0.0003142669998206013,-0.06882799758552316,,,,0.09164760959230478
FAC_rank_vol_m12_n6_pairwise1,2016-11-30,72,0.23770030236760487,0.14090034076349123,0.13668956943771027,,0.07810262925054237,0.08009501044552493,-1.7753316705255786,-0.08886670091040964,-0.004012852462625205,0.00018677839007445103,-0.03776100591578894,,,,0.09962704381813542
FAC_rank_vol_m12_n6_pairwise1,2016-12-30,74,0.1888486012149012,0.089014582902889,0.3788611255293619,,1.4181306371259266,0.14607221763844952,-0.48945905297108067,-0.1255264961442258,-0.018146500065850234,0.0002535866586581999,-0.15839359347501286,,,,-0.00341724109177574
FAC_rank_vol_m12_n6_pairwise1,2017-01-26,76,0.20203787988073307,0.1067588207620146,0.26210344959857135,,1.0700868052498373,0.6055500189249677,-0.7968484652746847,-0.03588452203229426,-0.004897042059146112,8.214855982090647e-05,-0.3254356255159946,,,,-0.017074375011022252
FAC_rank_vol_m12_n6_pairwise1,2017-02-28,78,0.29999981972165635,0.2188403785299643,0.14086689615681122,,2.670763925052766,0.5843606898836192,-2.315201212632529,-0.008795037227377496,-0.013061371813940159,0.00018330421288972835,-0.38362207250825936,,,,0.06194839299645309
FAC_rank_vol_m12_n6_pairwise1,2017-03-31,76,0.3506436178275366,0.27310852741888425,-0.028093308017313027,,1.5564526034478479,0.3699523815789411,-0.12505855071350433,0.010036645630747573,-0.012430231138087895,0.00043817914772465143,-0.18192082617361888,,,,0.15536797661439056
FAC_rank_vol_m12_n6_pairwise1,2017-04-28,81,0.3026557363456641,0.22517304038407127,-0.16604824411073957,,1.3987265604898071,0.6695580495940242,1.350920627915039,0.03141654381420692,-0.013216885832014517,0.00035358220738793405,-0.3083490789519048,,,,0.37358207373788815
FAC_rank_vol_m12_n6_pairwise1,2017-05-31,86,0.3772505535633278,0.3125493123751022,-0.08594994953570333,,0.8384714880000959,0.7417186473296621,2.2839695189351366,0.056417749059480285,-0.01654433363948476,0.0004159250845129437,-0.2794759372694133,,,,0.1975467648686955
FAC_rank_vol_m12_n6_pairwise1,2017-06-30,93,0.5266948273689035,0.48161814426118,-0.0237929434656482,,2.0481566764543033,0.29537618572100766,-1.4232974844364779,0.03603232618802133,0.015408410854373672,-0.00014498213265238177,-0.11760000794817044,,,,0.07107077380504856
FAC_rank_vol_m12_n6_pairwise1,2017-07-31,102,0.32299737159638864,0.2647605863573683,0.04051365792672239,,-0.04875818936953661,0.6621374083072443,-0.9443142659523084,0.023309635015926887,0.00433541770579153,5.0557968894706006e-05,-0.11349272022838253,,,,0.08847441160776778
FAC_rank_vol_m12_n6_pairwise1,2017-08-31,114,0.29320572644272935,0.23935473417169928,-0.00803412408800686,,-0.6222227774703156,0.4552264081092054,-0.5595623876320844,0.01138802993451775,0.014924288374450471,-0.00011730988712356994,-0.10140711591473683,,,,0.11049575978442819
FAC_rank_vol_m12_n6_pairwise1,2017-09-29,134,0.13577402125439597,0.08046355861467736,0.0064692639966366285,,0.5345421065823338,0.1404794198190351,-1.739552247379445,0.03830831993256597,-0.004388214696937996,-0.0003645980795861607,-0.0012085517030415202,,,,0.05397545649136724
FAC_rank_vol_m12_n6_pairwise1,2017-10-31,152,0.13752472581405573,0.08927436082463236,-0.04720704792917865,,-0.06466191907385231,-0.06405061559466879,-1.8729806374526405,0.021689722602880632,0.0007534723257467183,-0.0003937275430660212,0.057081295436496905,,,,0.06486565385441588
FAC_rank_vol_m12_n6_pairwise1,2017-11-30,169,0.04277559641239581,-0.005085623766984515,-0.06184875323167556,,-0.1483862502768281,0.07043159798249397,-1.153687203498073,0.005160651966037317,0.014911179347567931,-0.0002939450296229442,-0.0006758422426074702,,,,0.1086393407706734
FAC_rank_vol_m12_n6_pairwise1,2017-12-29,177,0.08324718009184773,0.03959228390574532,-0.1821995562578893,,0.5978003749582227,-0.03499971687805796,-0.486436892740955,0.01287988421414079,0.0021186214138557806,-5.262241110471704e-05,-0.034768032477479165,,,,0.1408352695183898
FAC_rank_vol_m12_n6_pairwise1,2018-01-31,181,0.12975727600287656,0.08928087023556841,-0.16496126935962355,,-0.5788247446163014,-0.04646178440596197,-0.8512999062110828,0.012568557936332561,0.004523562063837755,-4.636445702829126e-05,-0.014127795101549961,,,,0.11888096743252219
FAC_rank_vol_m12_n6_pairwise1,2018-02-28,189,0.21684509090815152,0.18203820605962495,-0.09446350862345561,,0.28259961974603176,-0.055126298990360624,-2.9370403279503763,0.023899471903920774,-0.0018789009661342383,-7.596970039975449e-05,0.0030636178900206113,,,,0.06582102170537885
FAC_rank_vol_m12_n6_pairwise1,2018-03-30,189,0.29677168643524476,0.26551709472125573,-0.014649294419618108,,-0.12000333342144731,-0.07163132483655173,-3.5245058161829963,0.007590306091733009,-0.008944781464942524,8.26716301617844e-05,0.12284730158887562,,,,-0.057114117544598
FAC_rank_vol_m12_n6_pairwise1,2018-04-27,197,0.4466187253842764,0.42307058603892644,0.026285441451337963,,0.9853993637709872,-0.07388585575089152,-2.723372551384472,0.009152357238720654,0.002518028105130862,-4.764799097424682e-05,0.0839272794955956,,,,-0.13985613625967838
FAC_rank_vol_m12_n6_pairwise1,2018-05-31,201,0.4608647508263788,0.43840078211081124,0.04198341652693914,,-0.35406179218523487,-0.017817976216354437,-3.5269075160069714,0.014143833539623367,0.0022388204507922268,-0.00010011417211756271,0.049185248687759225,,,,-0.1361544606361266
FAC_rank_vol_m12_n6_pairwise1,2018-06-29,202,0.40990612123467374,0.3854462713376654,-0.026778483863979994,,0.36198147907821654,-0.07213864734801324,-3.1742350483382307,0.00579516406404706,-0.003917215497190225,3.9142791666273476e-05,0.04183050481413363,,,,-0.026902068261440707
FAC_rank_vol_m12_n6_pairwise1,2018-07-31,204,0.3369776180726678,0.30977669983975165,-0.06439634831919518,,0.6256296693842224,0.07093673844327754,-2.0862445441834208,0.014167741951595116,-0.00816004411794459,-3.384964172518791e-05,0.04307748316176216,,,,-0.0014196255615182432
FAC_rank_vol_m12_n6_pairwise1,2018-08-31,217,0.09862396837250587,0.06395565946375603,0.033272805328572436,,0.20679370439339945,0.055663353341749294,-0.7930745356558656,-0.007053280173159376,-0.0072207746765374494,0.00013668101335844054,0.011641259070967308,,,,0.0646642085737894
FAC_rank_vol_m12_n6_pairwise1,2018-09-28,216,0.0221551112452123,-0.01563599556656703,0.10899496855962852,,-0.4086926427983951,0.0920903611222236,0.30448071966321294,-0.010402490452465888,-0.0014375103217732748,0.00010553624566019976,-0.018281233586537975,,,,0.03249520741485198
FAC_rank_vol_m12_n6_pairwise1,2018-10-31,214,0.2673162609101537,0.23872372475054993,0.012465519004510034,,-1.0283544020650457,0.014277660222727414,1.7340442855157692,-0.004357540601126119,-0.007813511800099416,9.841856685711858e-05,0.07184820079429192,,,,0.042583475839310894
FAC_rank_vol_m12_n6_pairwise1,2018-11-30,217,0.24706488421247352,0.2181058412975686,-0.02605272678103071,,0.46438309407117573,-0.13108123020773998,2.590541643984702,0.0007378665697860722,-0.015476861514982959,0.00022130623702182827,0.1209292703281958,,,,-0.03475228217039495
FAC_rank_vol_m12_n6_pairwise1,2018-12-28,216,0.3723738640834632,0.34811778153596407,0.003154995627596765,,-0.29288699962021086,-0.2881368459107319,4.030053999557365,0.022117351139904037,-0.004579025109647299,-6.767771093646592e-05,0.1542831006654572,,,,-0.08897860410345607
FAC_rank_vol_m12_n6_pairwise1,2019-01-31,208,0.33962132094270037,0.31307343434743207,0.029594825493541376,,0.45160497492029167,0.01596989990278383,3.8690410040973666,0.01803787000601286,-0.006309356661845743,-0.00014790171463053428,-0.06391132948809754,,,,0.08550056348915058
FAC_rank_vol_m12_n6_pairwise1,2019-02-28,215,0.29019385518088947,0.26262856800344825,0.02881281385260111,,-0.08202781053123019,0.13502720998967238,3.683744915336632,0.026163071549195067,0.00012768941461523549,-0.00025347104087226175,-0.01409501105861878,,,,-0.01201362216594504
FAC_rank_vol_m12_n6_pairwise1,2019-03-29,213,0.13891031879547155,0.10514209600313718,0.0956178397740687,,0.35590503638975074,0.019042835366400272,0.5683640695167282,0.02454554163585749,0.009216435687352907,-0.0003430257959206857,-0.019704640276761116,,,,-0.10223142717192359
FAC_rank_vol_m12_n6_pairwise1,2019-04-30,210,0.11169850818881577,0.07634322493264922,0.04078442633189713,,-0.29675292372177725,-0.07573406287404284,1.324833038936798,0.027926346203707313,0.015121679080833266,-0.000444356104154601,0.06269131222289735,,,,-0.06730961821568854
FAC_rank_vol_m12_n6_pairwise1,2019-05-31,215,0.1654519856683122,0.13304235404378062,0.002421391242745168,,-0.8045730711932044,-0.3414865082068464,1.2037761498313906,0.02758208494906377,0.01882011858032615,-0.0005452173041850415,0.14405365718331548,,,,-0.01950127721372159
FAC_rank_vol_m12_n6_pairwise1,2019-06-28,219,0.19805049144765619,0.1675000339789955,-0.04292179331207864,,-1.8699618594141678e-05,-0.44182573844006096,1.7288497821604945,0.005309545475961384,0.014219341113227906,-0.0004040080924322012,0.16264284113603775,,,,0.0850538497700393
FAC_rank_vol_m12_n6_pairwise1,2019-07-31,217,0.30636642782735435,0.27968821351302187,-0.0823540077216321,,1.4633294007529947,-0.4097005389728722,2.6320338825018,0.03115395310108737,0.025866742775101623,-0.0005382521032695805,0.05582007769431321,,,,0.08619706994968376
FAC_rank_vol_m12_n6_pairwise1,2019-08-30,219,0.28926881271714755,0.2621933389158959,-0.09066957687461598,,1.0712511425596123,-0.7059718777792287,2.88002314836421,0.017592958781440383,0.017176556751258867,-0.0004305701569577214,0.19103671028594812,,,,0.14042221764168636
FAC_rank_vol_m12_n6_pairwise1,2019-09-30,220,0.2895848377890399,0.26264966576208393,-0.10931658007072134,,1.312849738216633,0.3020562022516295,0.7730957968393675,0.000586159668558828,0.020955386794807084,-4.5345788586361725e-05,-0.2242189931859367,,,,0.20848567601840842
FAC_rank_vol_m12_n6_pairwise1,2019-10-31,226,0.18809696391445263,0.15816505475000853,-0.15837947728487556,,-0.2654083313849395,0.278295432340791,1.3706198326645191,0.02007193324849192,0.017640040141297435,-0.0002539530772577153,-0.24677591512150468,,,,0.3059912164476694
FAC_rank_vol_m12_n6_pairwise1,2019-11-29,233,0.28887793317243504,0.263480716500022,-0.05987365837158744,,0.7122639222714606,0.44862223737517115,1.9460719657385854,0.02689594472758113,-0.0007356785769889448,-3.4173962066807926e-05,-0.24720651558652912,,,,0.10636095410805493
FAC_rank_vol_m12_n6_pairwise1,2019-12-31,239,0.37775974709124704,0.3561166078596383,-0.053513229452970296,,-1.1254205824827646,0.574977848354785,2.6719526445856587,0.043312157241163635,-0.021780118680758208,-3.07160397789735e-06,-0.2637526810379311,,,,0.145774901719973
FAC_rank_vol_m12_n6_pairwise1,2020-01-23,241,0.18483500850889722,0.15672587087127288,0.7414539546477557,,0.1200084265501725,0.011470632549735208,-1.71835508743776,0.004979753280407706,-0.04101209504924214,0.00017354491400853805,0.3472075422799751,,,,-0.48216704971612245
FAC_rank_vol_m12_n6_pairwise1,2020-02-28,242,0.24544512667529017,0.21953766321349755,1.083995159359529,,-0.7078732715762377,-0.41792268013775663,-3.0356240034737008,-0.01367789129696534,-0.025766924270439667,0.00010934510665979198,0.5822969869439397,,,,-0.7326861841688317
FAC_rank_vol_m12_n6_pairwise1,2020-03-31,250,0.1681603035355279,0.14054736755330477,0.8622655938053345,,-0.3939604872922545,-0.27099448453962227,-2.122919365704985,0.0022024744094246095,-0.017201399191407403,-0.00023011974479182076,0.37495492419177684,,,,-0.522058012193207
FAC_rank_vol_m12_n6_pairwise1,2020-04-30,253,0.2792026130378954,0.25556991182602307,0.625157588526474,,1.180480199636616,-0.4008735506281095,-2.878385126933733,0.004907404819727037,-0.018355047084792596,-0.00019277008014499187,0.38837200863341165,,,,-0.34804474887920334
FAC_rank_vol_m12_n6_pairwise1,2020-05-29,253,0.149768201636294,0.1218917492309266,0.5102088352391743,,-0.4606450029973017,-0.5557429818738311,1.5459313069576257,0.012802524449351224,-0.011000112176051478,-0.0003326147175000689,0.3407570945280415,,,,-0.1879390163974722
FAC_rank_vol_m12_n6_pairwise1,2020-06-30,257,0.202157102521064,0.17642023486045322,0.7774758249376272,,-0.322857210151875,-0.6431550666112013,1.3761260098275188,0.0038349285573174917,-0.011916793793564692,-0.00029946206334016673,0.40598933768393836,,,,-0.507276065164966
FAC_rank_vol_m12_n6_pairwise1,2020-07-31,260,0.21746595946099812,0.19252463545975507,0.34448749630579345,,0.8140615597123744,-0.33763364092708087,1.056198512365545,0.018525556439487632,-0.006850221374222321,-0.00027395999762078345,0.21190148800326675,,,,-0.3048327080490134
FAC_rank_vol_m12_n6_pairwise1,2020-08-31,274,0.11113463248578936,0.08430096101366225,0.0553509897914868,,0.3541831175909709,-0.16128428000143805,2.457061898640736,0.004514483593351332,0.007878462083536018,-0.0002836772903783358,0.04805920656256101,,,,-0.016488835759624523
FAC_rank_vol_m12_n6_pairwise1,2020-09-30,285,0.18558986848084558,0.16198377771217443,0.10229915057212952,,1.2142366330452128,0.20106706434733296,-0.5117799056745833,0.0009577035728734203,0.007059822019424001,-0.0002365011461139928,-0.24318203380604764,,,,0.10327901291163982
FAC_rank_vol_m12_n6_pairwise1,2020-10-30,286,0.23475139041429616,0.2126503475381748,0.03231402144910322,,1.3549845985256914,0.031127669128444425,0.46543672092714494,0.0012912177702132453,1.98595285496084e-05,-0.00011262045222247288,-0.06781698537141526,,,,0.07292269210048867
FAC_rank_vol_m12_n6_pairwise1,2020-11-30,294,0.2821868743709307,0.2620377340023955,-0.033789144711997086,,-0.8010890402952039,0.34569084728117033,0.6455339528262739,0.0016976809300101997,0.005195769826825128,-0.00017774469400463837,-0.28340003401885416,,,,0.1164805272334761
FAC_rank_vol_m12_n6_pairwise1,2020-12-31,307,0.11225628073241922,0.08842423457758497,-0.002524600244427739,,0.24982580022745599,0.053528021267875835,0.7766165240856693,-0.009576753405376727,-0.009330576241260343,-0.0001005656268545867,-0.04867571058380435,,,,0.047638490251180485
FAC_rank_vol_m12_n6_pairwise1,2021-01-29,307,0.1825206670872077,0.16057491318350858,-0.16621578371106985,,-0.42638257555325115,-0.21242753178332618,2.8358281104173884,-0.0249727872859254,-0.016446902562083053,0.00011860267612033202,0.19694026462999528,,,,0.11088324258234857
FAC_rank_vol_m12_n6_pairwise1,2021-02-26,322,0.2504952782276071,0.2313386080225619,-0.18427047184544107,,-0.8693302883273399,-0.3114738836942939,3.168964186346684,-0.04408558680431986,-0.037855044305198475,0.0004598857280012108,0.27385884886737033,,,,0.1434187538605646
FAC_rank_vol_m12_n6_pairwise1,2021-03-31,321,0.2681654522857865,0.24940046388285786,-0.288331814882675,,-0.9566392556455935,-0.06361721475876488,3.889635940469172,-0.03904733991583762,-0.02654305712932887,0.00022638352329326926,-0.0701157246977338,,,,0.19816641611471292
FAC_rank_vol_m12_n6_pairwise1,2021-04-30,328,0.09041100249161271,0.06759999314970955,-0.24607695784993022,,-0.43125048908939095,-0.06876205523496849,3.0446360276206827,-0.030520703272007135,-0.038706795736212773,0.0003419215245263823,-0.07539157195107932,,,,0.26266095782143095
FAC_rank_vol_m12_n6_pairwise1,2021-05-31,334,0.2795227912348822,0.26178796763451007,-0.11309751754890916,,2.4211014570258746,0.2636262384022468,-0.33759162345375293,-0.01330742587068604,-0.0413540753203453,0.00036105199755038586,-0.4502088514208693,,,,0.18481661043003758
FAC_rank_vol_m12_n6_pairwise1,2021-06-30,342,0.2504981478281335,0.23249209732550613,-0.06653653659027867,,1.0336195111728348,0.4506000388030884,-1.905657644231734,0.005017803360266864,-0.019288265000822247,0.00026641157063355585,-0.4231990845909675,,,,0.2013232565176513
FAC_rank_vol_m12_n6_pairwise1,2021-07-30,349,0.20519427180928396,0.18649296055773767,0.12333703592032497,,0.06372360334971927,-0.20211127722277109,-2.8766144918639043,-0.0032470096142182357,-0.02463031688051871,0.0002856849115969918,0.2759748025310049,,,,-0.09420953687488501
FAC_rank_vol_m12_n6_pairwise1,2021-08-31,370,0.20160900146965854,0.18391612615596675,0.07364526719300316,,0.08031315415885246,-0.13495116177384361,-1.2222060227068454,-0.006181672528695788,-0.006405468198162544,8.645497269430938e-05,0.12745290403563683,,,,-0.13519894349313025
FAC_rank_vol_m12_n6_pairwise1,2021-09-30,377,0.3128948871821955,0.2979578195122433,-0.01508432129484435,,0.4065352241265394,0.16329238601222754,-2.1955158191856667,0.0031883382730826075,-0.010444054518113663,0.0001071207158018746,-0.098229433368724,,,,0.004321258313513955
FAC_rank_vol_m12_n6_pairwise1,2021-10-29,381,0.36332181418157083,0.34962981018547556,-0.03034569944159356,,-0.7974203496687374,-0.00866251982901276,-1.9939812253930185,0.0063419904982636305,-0.0095172522820975,0.00013225765713069485,0.07928856682784703,,,,-0.10967820513920987
FAC_rank_vol_m12_n6_pairwise1,2021-11-30,397,0.3646831656378393,0.35158384946542365,0.02983196669377841,,-0.6442781793800119,-0.12143562848070445,-1.6366589945723526,-0.012126179803753112,-0.013995181555999908,0.00017555948004474738,0.12159372250848352,,,,-0.16055015092579486
FAC_rank_vol_m12_n6_pairwise1,2021-12-31,389,0.0698453565488395,0.05026315352881516,-0.08373359359022152,,0.3215841565909675,-0.04072730749845905,-0.05788077429373483,-0.00825388012170331,-0.005842794994863752,5.552898684222834e-05,0.09723392202758992,,,,-0.043773919652289967
FAC_rank_vol_m12_n6_pairwise1,2022-01-28,403,0.14524988255416338,0.12789455022023777,-0.12373903852780357,,-0.12144694743681336,0.09864393759673054,0.5659369552460476,0.00014781327011928165,-0.0010667124118315854,2.7107113574054827e-05,0.031691070866716055,,,,0.03481794701366004
FAC_rank_vol_m12_n6_pairwise1,2022-02-28,429,0.03631386773816825,0.01795794140937146,0.0024564870930347876,,0.21300582117834738,0.04069675442135744,-0.5519791881154843,0.0018159245105044664,0.0024450927812449627,-3.6691181918532e-05,-0.010563602319017824,,,,-0.05438181137976025
FAC_rank_vol_m12_n6_pairwise1,2022-03-31,417,0.09327449682001343,0.07549556538511171,-0.03508140758780767,,-0.490895967644817,0.028321963620632846,-0.4680210542149262,0.005611742862927688,0.0031503587601690313,-3.55530599015101e-05,0.026194488051481175,,,,-0.05271589530447695
FAC_rank_vol_m12_n6_pairwise1,2022-04-29,426,0.47794584484057645,0.4679304174034652,-0.251321494673784,,-1.3283016719222105,0.02633020456815568,0.6667846227700676,0.0024909589794575434,-0.006315496670319045,1.9806005161602675e-05,0.10591333537954331,,,,0.09433260636324457
FAC_rank_vol_m12_n6_pairwise1,2022-05-31,458,0.1302449807224496,0.11474823204935292,0.012347228689928887,,0.10210890861357912,-0.07959237201001818,-0.04266169569706157,-0.012308776641181324,-0.022428783467518663,0.00012417525102630607,0.20877716303590882,,,,-0.1502217259878397
FAC_rank_vol_m12_n6_pairwise1,2022-06-30,475,0.19774765319238907,0.18397508071500523,0.011053294238485481,,-0.5263356121858794,0.03107937361633332,-0.5371443607993954,-0.0005753869661142343,-0.012029467393952454,5.256375152448962e-05,0.0422112697804062,,,,-0.05924712883722306
