factor,month_date,variable,vif,n_obs,status,reason
FAC_rank_vol_m3_n6_pairwise1,2005-04-29,FAC_rank_vol_m3_n6_pairwise1,,0,skipped,完整变量样本数小于 min_cross_section_n
FAC_rank_vol_m3_n6_pairwise1,2005-04-29,CtrlRetSTR,,0,skipped,完整变量样本数小于 min_cross_section_n
FAC_rank_vol_m3_n6_pairwise1,2005-04-29,CtrlRetLTM,,0,skipped,完整变量样本数小于 min_cross_section_n
FAC_rank_vol_m3_n6_pairwise1,2005-04-29,CtrlVol,,0,skipped,完整变量样本数小于 min_cross_section_n
FAC_rank_vol_m3_n6_pairwise1,2005-04-29,as_偏股混合型基金,,0,skipped,完整变量样本数小于 min_cross_section_n
FAC_rank_vol_m3_n6_pairwise1,2005-04-29,Ctrl_log_fund_size,,0,skipped,完整变量样本数小于 min_cross_section_n
FAC_rank_vol_m3_n6_pairwise1,2005-04-29,Ctrl_fund_age,,0,skipped,完整变量样本数小于 min_cross_section_n
FAC_rank_vol_m3_n6_pairwise1,2005-05-31,FAC_rank_vol_m3_n6_pairwise1,,0,skipped,完整变量样本数小于 min_cross_section_n
FAC_rank_vol_m3_n6_pairwise1,2005-05-31,CtrlRetSTR,,0,skipped,完整变量样本数小于 min_cross_section_n
FAC_rank_vol_m3_n6_pairwise1,2005-05-31,CtrlRetLTM,,0,skipped,完整变量样本数小于 min_cross_section_n
FAC_rank_vol_m3_n6_pairwise1,2005-05-31,CtrlVol,,0,skipped,完整变量样本数小于 min_cross_section_n
FAC_rank_vol_m3_n6_pairwise1,2005-05-31,as_偏股混合型基金,,0,skipped,完整变量样本数小于 min_cross_section_n
FAC_rank_vol_m3_n6_pairwise1,2005-05-31,Ctrl_log_fund_size,,0,skipped,完整变量样本数小于 min_cross_section_n
FAC_rank_vol_m3_n6_pairwise1,2005-05-31,Ctrl_fund_age,,0,skipped,完整变量样本数小于 min_cross_section_n
FAC_rank_vol_m3_n6_pairwise1,2005-06-30,FAC_rank_vol_m3_n6_pairwise1,,0,skipped,完整变量样本数小于 min_cross_section_n
FAC_rank_vol_m3_n6_pairwise1,2005-06-30,CtrlRetSTR,,0,skipped,完整变量样本数小于 min_cross_section_n
FAC_rank_vol_m3_n6_pairwise1,2005-06-30,CtrlRetLTM,,0,skipped,完整变量样本数小于 min_cross_section_n
FAC_rank_vol_m3_n6_pairwise1,2005-06-30,CtrlVol,,0,skipped,完整变量样本数小于 min_cross_section_n
FAC_rank_vol_m3_n6_pairwise1,2005-06-30,as_偏股混合型基金,,0,skipped,完整变量样本数小于 min_cross_section_n
FAC_rank_vol_m3_n6_pairwise1,2005-06-30,Ctrl_log_fund_size,,0,skipped,完整变量样本数小于 min_cross_section_n
FAC_rank_vol_m3_n6_pairwise1,2005-06-30,Ctrl_fund_age,,0,skipped,完整变量样本数小于 min_cross_section_n
FAC_rank_vol_m3_n6_pairwise1,2005-07-29,FAC_rank_vol_m3_n6_pairwise1,,0,skipped,完整变量样本数小于 min_cross_section_n
FAC_rank_vol_m3_n6_pairwise1,2005-07-29,CtrlRetSTR,,0,skipped,完整变量样本数小于 min_cross_section_n
FAC_rank_vol_m3_n6_pairwise1,2005-07-29,CtrlRetLTM,,0,skipped,完整变量样本数小于 min_cross_section_n
FAC_rank_vol_m3_n6_pairwise1,2005-07-29,CtrlVol,,0,skipped,完整变量样本数小于 min_cross_section_n
FAC_rank_vol_m3_n6_pairwise1,2005-07-29,as_偏股混合型基金,,0,skipped,完整变量样本数小于 min_cross_section_n
FAC_rank_vol_m3_n6_pairwise1,2005-07-29,Ctrl_log_fund_size,,0,skipped,完整变量样本数小于 min_cross_section_n
FAC_rank_vol_m3_n6_pairwise1,2005-07-29,Ctrl_fund_age,,0,skipped,完整变量样本数小于 min_cross_section_n
FAC_rank_vol_m3_n6_pairwise1,2005-08-31,FAC_rank_vol_m3_n6_pairwise1,,0,skipped,完整变量样本数小于 min_cross_section_n
FAC_rank_vol_m3_n6_pairwise1,2005-08-31,CtrlRetSTR,,0,skipped,完整变量样本数小于 min_cross_section_n
FAC_rank_vol_m3_n6_pairwise1,2005-08-31,CtrlRetLTM,,0,skipped,完整变量样本数小于 min_cross_section_n
FAC_rank_vol_m3_n6_pairwise1,2005-08-31,CtrlVol,,0,skipped,完整变量样本数小于 min_cross_section_n
FAC_rank_vol_m3_n6_pairwise1,2005-08-31,as_偏股混合型基金,,0,skipped,完整变量样本数小于 min_cross_section_n
FAC_rank_vol_m3_n6_pairwise1,2005-08-31,Ctrl_log_fund_size,,0,skipped,完整变量样本数小于 min_cross_section_n
FAC_rank_vol_m3_n6_pairwise1,2005-08-31,Ctrl_fund_age,,0,skipped,完整变量样本数小于 min_cross_section_n
FAC_rank_vol_m3_n6_pairwise1,2005-09-30,FAC_rank_vol_m3_n6_pairwise1,,1,skipped,完整变量样本数小于 min_cross_section_n
FAC_rank_vol_m3_n6_pairwise1,2005-09-30,CtrlRetSTR,,1,skipped,完整变量样本数小于 min_cross_section_n
FAC_rank_vol_m3_n6_pairwise1,2005-09-30,CtrlRetLTM,,1,skipped,完整变量样本数小于 min_cross_section_n
FAC_rank_vol_m3_n6_pairwise1,2005-09-30,CtrlVol,,1,skipped,完整变量样本数小于 min_cross_section_n
FAC_rank_vol_m3_n6_pairwise1,2005-09-30,as_偏股混合型基金,,1,skipped,完整变量样本数小于 min_cross_section_n
FAC_rank_vol_m3_n6_pairwise1,2005-09-30,Ctrl_log_fund_size,,1,skipped,完整变量样本数小于 min_cross_section_n
FAC_rank_vol_m3_n6_pairwise1,2005-09-30,Ctrl_fund_age,,1,skipped,完整变量样本数小于 min_cross_section_n
FAC_rank_vol_m3_n6_pairwise1,2005-10-31,FAC_rank_vol_m3_n6_pairwise1,,1,skipped,完整变量样本数小于 min_cross_section_n
FAC_rank_vol_m3_n6_pairwise1,2005-10-31,CtrlRetSTR,,1,skipped,完整变量样本数小于 min_cross_section_n
FAC_rank_vol_m3_n6_pairwise1,2005-10-31,CtrlRetLTM,,1,skipped,完整变量样本数小于 min_cross_section_n
FAC_rank_vol_m3_n6_pairwise1,2005-10-31,CtrlVol,,1,skipped,完整变量样本数小于 min_cross_section_n
FAC_rank_vol_m3_n6_pairwise1,2005-10-31,as_偏股混合型基金,,1,skipped,完整变量样本数小于 min_cross_section_n
FAC_rank_vol_m3_n6_pairwise1,2005-10-31,Ctrl_log_fund_size,,1,skipped,完整变量样本数小于 min_cross_section_n
FAC_rank_vol_m3_n6_pairwise1,2005-10-31,Ctrl_fund_age,,1,skipped,完整变量样本数小于 min_cross_section_n
FAC_rank_vol_m3_n6_pairwise1,2005-11-30,FAC_rank_vol_m3_n6_pairwise1,,1,skipped,完整变量样本数小于 min_cross_section_n
FAC_rank_vol_m3_n6_pairwise1,2005-11-30,CtrlRetSTR,,1,skipped,完整变量样本数小于 min_cross_section_n
FAC_rank_vol_m3_n6_pairwise1,2005-11-30,CtrlRetLTM,,1,skipped,完整变量样本数小于 min_cross_section_n
FAC_rank_vol_m3_n6_pairwise1,2005-11-30,CtrlVol,,1,skipped,完整变量样本数小于 min_cross_section_n
FAC_rank_vol_m3_n6_pairwise1,2005-11-30,as_偏股混合型基金,,1,skipped,完整变量样本数小于 min_cross_section_n
FAC_rank_vol_m3_n6_pairwise1,2005-11-30,Ctrl_log_fund_size,,1,skipped,完整变量样本数小于 min_cross_section_n
FAC_rank_vol_m3_n6_pairwise1,2005-11-30,Ctrl_fund_age,,1,skipped,完整变量样本数小于 min_cross_section_n
FAC_rank_vol_m3_n6_pairwise1,2005-12-30,FAC_rank_vol_m3_n6_pairwise1,,2,skipped,完整变量样本数小于 min_cross_section_n
FAC_rank_vol_m3_n6_pairwise1,2005-12-30,CtrlRetSTR,,2,skipped,完整变量样本数小于 min_cross_section_n
FAC_rank_vol_m3_n6_pairwise1,2005-12-30,CtrlRetLTM,,2,skipped,完整变量样本数小于 min_cross_section_n
FAC_rank_vol_m3_n6_pairwise1,2005-12-30,CtrlVol,,2,skipped,完整变量样本数小于 min_cross_section_n
FAC_rank_vol_m3_n6_pairwise1,2005-12-30,as_偏股混合型基金,,2,skipped,完整变量样本数小于 min_cross_section_n
FAC_rank_vol_m3_n6_pairwise1,2005-12-30,Ctrl_log_fund_size,,2,skipped,完整变量样本数小于 min_cross_section_n
FAC_rank_vol_m3_n6_pairwise1,2005-12-30,Ctrl_fund_age,,2,skipped,完整变量样本数小于 min_cross_section_n
FAC_rank_vol_m3_n6_pairwise1,2006-01-25,FAC_rank_vol_m3_n6_pairwise1,,2,skipped,完整变量样本数小于 min_cross_section_n
FAC_rank_vol_m3_n6_pairwise1,2006-01-25,CtrlRetSTR,,2,skipped,完整变量样本数小于 min_cross_section_n
FAC_rank_vol_m3_n6_pairwise1,2006-01-25,CtrlRetLTM,,2,skipped,完整变量样本数小于 min_cross_section_n
FAC_rank_vol_m3_n6_pairwise1,2006-01-25,CtrlVol,,2,skipped,完整变量样本数小于 min_cross_section_n
FAC_rank_vol_m3_n6_pairwise1,2006-01-25,as_偏股混合型基金,,2,skipped,完整变量样本数小于 min_cross_section_n
FAC_rank_vol_m3_n6_pairwise1,2006-01-25,Ctrl_log_fund_size,,2,skipped,完整变量样本数小于 min_cross_section_n
FAC_rank_vol_m3_n6_pairwise1,2006-01-25,Ctrl_fund_age,,2,skipped,完整变量样本数小于 min_cross_section_n
FAC_rank_vol_m3_n6_pairwise1,2006-02-28,FAC_rank_vol_m3_n6_pairwise1,,2,skipped,完整变量样本数小于 min_cross_section_n
FAC_rank_vol_m3_n6_pairwise1,2006-02-28,CtrlRetSTR,,2,skipped,完整变量样本数小于 min_cross_section_n
FAC_rank_vol_m3_n6_pairwise1,2006-02-28,CtrlRetLTM,,2,skipped,完整变量样本数小于 min_cross_section_n
FAC_rank_vol_m3_n6_pairwise1,2006-02-28,CtrlVol,,2,skipped,完整变量样本数小于 min_cross_section_n
FAC_rank_vol_m3_n6_pairwise1,2006-02-28,as_偏股混合型基金,,2,skipped,完整变量样本数小于 min_cross_section_n
FAC_rank_vol_m3_n6_pairwise1,2006-02-28,Ctrl_log_fund_size,,2,skipped,完整变量样本数小于 min_cross_section_n
FAC_rank_vol_m3_n6_pairwise1,2006-02-28,Ctrl_fund_age,,2,skipped,完整变量样本数小于 min_cross_section_n
FAC_rank_vol_m3_n6_pairwise1,2006-03-31,FAC_rank_vol_m3_n6_pairwise1,,2,skipped,完整变量样本数小于 min_cross_section_n
FAC_rank_vol_m3_n6_pairwise1,2006-03-31,CtrlRetSTR,,2,skipped,完整变量样本数小于 min_cross_section_n
FAC_rank_vol_m3_n6_pairwise1,2006-03-31,CtrlRetLTM,,2,skipped,完整变量样本数小于 min_cross_section_n
FAC_rank_vol_m3_n6_pairwise1,2006-03-31,CtrlVol,,2,skipped,完整变量样本数小于 min_cross_section_n
FAC_rank_vol_m3_n6_pairwise1,2006-03-31,as_偏股混合型基金,,2,skipped,完整变量样本数小于 min_cross_section_n
FAC_rank_vol_m3_n6_pairwise1,2006-03-31,Ctrl_log_fund_size,,2,skipped,完整变量样本数小于 min_cross_section_n
FAC_rank_vol_m3_n6_pairwise1,2006-03-31,Ctrl_fund_age,,2,skipped,完整变量样本数小于 min_cross_section_n
FAC_rank_vol_m3_n6_pairwise1,2006-04-28,FAC_rank_vol_m3_n6_pairwise1,,3,skipped,完整变量样本数小于 min_cross_section_n
FAC_rank_vol_m3_n6_pairwise1,2006-04-28,CtrlRetSTR,,3,skipped,完整变量样本数小于 min_cross_section_n
FAC_rank_vol_m3_n6_pairwise1,2006-04-28,CtrlRetLTM,,3,skipped,完整变量样本数小于 min_cross_section_n
FAC_rank_vol_m3_n6_pairwise1,2006-04-28,CtrlVol,,3,skipped,完整变量样本数小于 min_cross_section_n
FAC_rank_vol_m3_n6_pairwise1,2006-04-28,as_偏股混合型基金,,3,skipped,完整变量样本数小于 min_cross_section_n
FAC_rank_vol_m3_n6_pairwise1,2006-04-28,Ctrl_log_fund_size,,3,skipped,完整变量样本数小于 min_cross_section_n
FAC_rank_vol_m3_n6_pairwise1,2006-04-28,Ctrl_fund_age,,3,skipped,完整变量样本数小于 min_cross_section_n
FAC_rank_vol_m3_n6_pairwise1,2006-05-31,FAC_rank_vol_m3_n6_pairwise1,,3,skipped,完整变量样本数小于 min_cross_section_n
FAC_rank_vol_m3_n6_pairwise1,2006-05-31,CtrlRetSTR,,3,skipped,完整变量样本数小于 min_cross_section_n
FAC_rank_vol_m3_n6_pairwise1,2006-05-31,CtrlRetLTM,,3,skipped,完整变量样本数小于 min_cross_section_n
FAC_rank_vol_m3_n6_pairwise1,2006-05-31,CtrlVol,,3,skipped,完整变量样本数小于 min_cross_section_n
FAC_rank_vol_m3_n6_pairwise1,2006-05-31,as_偏股混合型基金,,3,skipped,完整变量样本数小于 min_cross_section_n
FAC_rank_vol_m3_n6_pairwise1,2006-05-31,Ctrl_log_fund_size,,3,skipped,完整变量样本数小于 min_cross_section_n
FAC_rank_vol_m3_n6_pairwise1,2006-05-31,Ctrl_fund_age,,3,skipped,完整变量样本数小于 min_cross_section_n
FAC_rank_vol_m3_n6_pairwise1,2006-06-30,FAC_rank_vol_m3_n6_pairwise1,,3,skipped,完整变量样本数小于 min_cross_section_n
FAC_rank_vol_m3_n6_pairwise1,2006-06-30,CtrlRetSTR,,3,skipped,完整变量样本数小于 min_cross_section_n
FAC_rank_vol_m3_n6_pairwise1,2006-06-30,CtrlRetLTM,,3,skipped,完整变量样本数小于 min_cross_section_n
FAC_rank_vol_m3_n6_pairwise1,2006-06-30,CtrlVol,,3,skipped,完整变量样本数小于 min_cross_section_n
FAC_rank_vol_m3_n6_pairwise1,2006-06-30,as_偏股混合型基金,,3,skipped,完整变量样本数小于 min_cross_section_n
FAC_rank_vol_m3_n6_pairwise1,2006-06-30,Ctrl_log_fund_size,,3,skipped,完整变量样本数小于 min_cross_section_n
FAC_rank_vol_m3_n6_pairwise1,2006-06-30,Ctrl_fund_age,,3,skipped,完整变量样本数小于 min_cross_section_n
FAC_rank_vol_m3_n6_pairwise1,2006-07-31,FAC_rank_vol_m3_n6_pairwise1,,3,skipped,完整变量样本数小于 min_cross_section_n
FAC_rank_vol_m3_n6_pairwise1,2006-07-31,CtrlRetSTR,,3,skipped,完整变量样本数小于 min_cross_section_n
FAC_rank_vol_m3_n6_pairwise1,2006-07-31,CtrlRetLTM,,3,skipped,完整变量样本数小于 min_cross_section_n
FAC_rank_vol_m3_n6_pairwise1,2006-07-31,CtrlVol,,3,skipped,完整变量样本数小于 min_cross_section_n
FAC_rank_vol_m3_n6_pairwise1,2006-07-31,as_偏股混合型基金,,3,skipped,完整变量样本数小于 min_cross_section_n
FAC_rank_vol_m3_n6_pairwise1,2006-07-31,Ctrl_log_fund_size,,3,skipped,完整变量样本数小于 min_cross_section_n
FAC_rank_vol_m3_n6_pairwise1,2006-07-31,Ctrl_fund_age,,3,skipped,完整变量样本数小于 min_cross_section_n
FAC_rank_vol_m3_n6_pairwise1,2006-08-31,FAC_rank_vol_m3_n6_pairwise1,,3,skipped,完整变量样本数小于 min_cross_section_n
FAC_rank_vol_m3_n6_pairwise1,2006-08-31,CtrlRetSTR,,3,skipped,完整变量样本数小于 min_cross_section_n
FAC_rank_vol_m3_n6_pairwise1,2006-08-31,CtrlRetLTM,,3,skipped,完整变量样本数小于 min_cross_section_n
FAC_rank_vol_m3_n6_pairwise1,2006-08-31,CtrlVol,,3,skipped,完整变量样本数小于 min_cross_section_n
FAC_rank_vol_m3_n6_pairwise1,2006-08-31,as_偏股混合型基金,,3,skipped,完整变量样本数小于 min_cross_section_n
FAC_rank_vol_m3_n6_pairwise1,2006-08-31,Ctrl_log_fund_size,,3,skipped,完整变量样本数小于 min_cross_section_n
FAC_rank_vol_m3_n6_pairwise1,2006-08-31,Ctrl_fund_age,,3,skipped,完整变量样本数小于 min_cross_section_n
FAC_rank_vol_m3_n6_pairwise1,2006-09-29,FAC_rank_vol_m3_n6_pairwise1,,3,skipped,完整变量样本数小于 min_cross_section_n
FAC_rank_vol_m3_n6_pairwise1,2006-09-29,CtrlRetSTR,,3,skipped,完整变量样本数小于 min_cross_section_n
FAC_rank_vol_m3_n6_pairwise1,2006-09-29,CtrlRetLTM,,3,skipped,完整变量样本数小于 min_cross_section_n
FAC_rank_vol_m3_n6_pairwise1,2006-09-29,CtrlVol,,3,skipped,完整变量样本数小于 min_cross_section_n
FAC_rank_vol_m3_n6_pairwise1,2006-09-29,as_偏股混合型基金,,3,skipped,完整变量样本数小于 min_cross_section_n
FAC_rank_vol_m3_n6_pairwise1,2006-09-29,Ctrl_log_fund_size,,3,skipped,完整变量样本数小于 min_cross_section_n
FAC_rank_vol_m3_n6_pairwise1,2006-09-29,Ctrl_fund_age,,3,skipped,完整变量样本数小于 min_cross_section_n
FAC_rank_vol_m3_n6_pairwise1,2006-10-31,FAC_rank_vol_m3_n6_pairwise1,,3,skipped,完整变量样本数小于 min_cross_section_n
FAC_rank_vol_m3_n6_pairwise1,2006-10-31,CtrlRetSTR,,3,skipped,完整变量样本数小于 min_cross_section_n
FAC_rank_vol_m3_n6_pairwise1,2006-10-31,CtrlRetLTM,,3,skipped,完整变量样本数小于 min_cross_section_n
FAC_rank_vol_m3_n6_pairwise1,2006-10-31,CtrlVol,,3,skipped,完整变量样本数小于 min_cross_section_n
FAC_rank_vol_m3_n6_pairwise1,2006-10-31,as_偏股混合型基金,,3,skipped,完整变量样本数小于 min_cross_section_n
FAC_rank_vol_m3_n6_pairwise1,2006-10-31,Ctrl_log_fund_size,,3,skipped,完整变量样本数小于 min_cross_section_n
FAC_rank_vol_m3_n6_pairwise1,2006-10-31,Ctrl_fund_age,,3,skipped,完整变量样本数小于 min_cross_section_n
FAC_rank_vol_m3_n6_pairwise1,2006-11-30,FAC_rank_vol_m3_n6_pairwise1,,4,skipped,完整变量样本数小于 min_cross_section_n
FAC_rank_vol_m3_n6_pairwise1,2006-11-30,CtrlRetSTR,,4,skipped,完整变量样本数小于 min_cross_section_n
FAC_rank_vol_m3_n6_pairwise1,2006-11-30,CtrlRetLTM,,4,skipped,完整变量样本数小于 min_cross_section_n
FAC_rank_vol_m3_n6_pairwise1,2006-11-30,CtrlVol,,4,skipped,完整变量样本数小于 min_cross_section_n
FAC_rank_vol_m3_n6_pairwise1,2006-11-30,as_偏股混合型基金,,4,skipped,完整变量样本数小于 min_cross_section_n
FAC_rank_vol_m3_n6_pairwise1,2006-11-30,Ctrl_log_fund_size,,4,skipped,完整变量样本数小于 min_cross_section_n
FAC_rank_vol_m3_n6_pairwise1,2006-11-30,Ctrl_fund_age,,4,skipped,完整变量样本数小于 min_cross_section_n
FAC_rank_vol_m3_n6_pairwise1,2006-12-29,FAC_rank_vol_m3_n6_pairwise1,,4,skipped,完整变量样本数小于 min_cross_section_n
FAC_rank_vol_m3_n6_pairwise1,2006-12-29,CtrlRetSTR,,4,skipped,完整变量样本数小于 min_cross_section_n
FAC_rank_vol_m3_n6_pairwise1,2006-12-29,CtrlRetLTM,,4,skipped,完整变量样本数小于 min_cross_section_n
FAC_rank_vol_m3_n6_pairwise1,2006-12-29,CtrlVol,,4,skipped,完整变量样本数小于 min_cross_section_n
FAC_rank_vol_m3_n6_pairwise1,2006-12-29,as_偏股混合型基金,,4,skipped,完整变量样本数小于 min_cross_section_n
FAC_rank_vol_m3_n6_pairwise1,2006-12-29,Ctrl_log_fund_size,,4,skipped,完整变量样本数小于 min_cross_section_n
FAC_rank_vol_m3_n6_pairwise1,2006-12-29,Ctrl_fund_age,,4,skipped,完整变量样本数小于 min_cross_section_n
FAC_rank_vol_m3_n6_pairwise1,2007-01-31,FAC_rank_vol_m3_n6_pairwise1,,4,skipped,完整变量样本数小于 min_cross_section_n
FAC_rank_vol_m3_n6_pairwise1,2007-01-31,CtrlRetSTR,,4,skipped,完整变量样本数小于 min_cross_section_n
FAC_rank_vol_m3_n6_pairwise1,2007-01-31,CtrlRetLTM,,4,skipped,完整变量样本数小于 min_cross_section_n
FAC_rank_vol_m3_n6_pairwise1,2007-01-31,CtrlVol,,4,skipped,完整变量样本数小于 min_cross_section_n
FAC_rank_vol_m3_n6_pairwise1,2007-01-31,as_偏股混合型基金,,4,skipped,完整变量样本数小于 min_cross_section_n
FAC_rank_vol_m3_n6_pairwise1,2007-01-31,Ctrl_log_fund_size,,4,skipped,完整变量样本数小于 min_cross_section_n
FAC_rank_vol_m3_n6_pairwise1,2007-01-31,Ctrl_fund_age,,4,skipped,完整变量样本数小于 min_cross_section_n
FAC_rank_vol_m3_n6_pairwise1,2007-02-28,FAC_rank_vol_m3_n6_pairwise1,,4,skipped,完整变量样本数小于 min_cross_section_n
FAC_rank_vol_m3_n6_pairwise1,2007-02-28,CtrlRetSTR,,4,skipped,完整变量样本数小于 min_cross_section_n
FAC_rank_vol_m3_n6_pairwise1,2007-02-28,CtrlRetLTM,,4,skipped,完整变量样本数小于 min_cross_section_n
FAC_rank_vol_m3_n6_pairwise1,2007-02-28,CtrlVol,,4,skipped,完整变量样本数小于 min_cross_section_n
FAC_rank_vol_m3_n6_pairwise1,2007-02-28,as_偏股混合型基金,,4,skipped,完整变量样本数小于 min_cross_section_n
FAC_rank_vol_m3_n6_pairwise1,2007-02-28,Ctrl_log_fund_size,,4,skipped,完整变量样本数小于 min_cross_section_n
FAC_rank_vol_m3_n6_pairwise1,2007-02-28,Ctrl_fund_age,,4,skipped,完整变量样本数小于 min_cross_section_n
FAC_rank_vol_m3_n6_pairwise1,2007-03-30,FAC_rank_vol_m3_n6_pairwise1,,4,skipped,完整变量样本数小于 min_cross_section_n
FAC_rank_vol_m3_n6_pairwise1,2007-03-30,CtrlRetSTR,,4,skipped,完整变量样本数小于 min_cross_section_n
FAC_rank_vol_m3_n6_pairwise1,2007-03-30,CtrlRetLTM,,4,skipped,完整变量样本数小于 min_cross_section_n
FAC_rank_vol_m3_n6_pairwise1,2007-03-30,CtrlVol,,4,skipped,完整变量样本数小于 min_cross_section_n
FAC_rank_vol_m3_n6_pairwise1,2007-03-30,as_偏股混合型基金,,4,skipped,完整变量样本数小于 min_cross_section_n
FAC_rank_vol_m3_n6_pairwise1,2007-03-30,Ctrl_log_fund_size,,4,skipped,完整变量样本数小于 min_cross_section_n
FAC_rank_vol_m3_n6_pairwise1,2007-03-30,Ctrl_fund_age,,4,skipped,完整变量样本数小于 min_cross_section_n
FAC_rank_vol_m3_n6_pairwise1,2007-04-30,FAC_rank_vol_m3_n6_pairwise1,,4,skipped,完整变量样本数小于 min_cross_section_n
FAC_rank_vol_m3_n6_pairwise1,2007-04-30,CtrlRetSTR,,4,skipped,完整变量样本数小于 min_cross_section_n
FAC_rank_vol_m3_n6_pairwise1,2007-04-30,CtrlRetLTM,,4,skipped,完整变量样本数小于 min_cross_section_n
FAC_rank_vol_m3_n6_pairwise1,2007-04-30,CtrlVol,,4,skipped,完整变量样本数小于 min_cross_section_n
FAC_rank_vol_m3_n6_pairwise1,2007-04-30,as_偏股混合型基金,,4,skipped,完整变量样本数小于 min_cross_section_n
FAC_rank_vol_m3_n6_pairwise1,2007-04-30,Ctrl_log_fund_size,,4,skipped,完整变量样本数小于 min_cross_section_n
FAC_rank_vol_m3_n6_pairwise1,2007-04-30,Ctrl_fund_age,,4,skipped,完整变量样本数小于 min_cross_section_n
FAC_rank_vol_m3_n6_pairwise1,2007-05-31,FAC_rank_vol_m3_n6_pairwise1,,4,skipped,完整变量样本数小于 min_cross_section_n
FAC_rank_vol_m3_n6_pairwise1,2007-05-31,CtrlRetSTR,,4,skipped,完整变量样本数小于 min_cross_section_n
FAC_rank_vol_m3_n6_pairwise1,2007-05-31,CtrlRetLTM,,4,skipped,完整变量样本数小于 min_cross_section_n
FAC_rank_vol_m3_n6_pairwise1,2007-05-31,CtrlVol,,4,skipped,完整变量样本数小于 min_cross_section_n
FAC_rank_vol_m3_n6_pairwise1,2007-05-31,as_偏股混合型基金,,4,skipped,完整变量样本数小于 min_cross_section_n
FAC_rank_vol_m3_n6_pairwise1,2007-05-31,Ctrl_log_fund_size,,4,skipped,完整变量样本数小于 min_cross_section_n
FAC_rank_vol_m3_n6_pairwise1,2007-05-31,Ctrl_fund_age,,4,skipped,完整变量样本数小于 min_cross_section_n
FAC_rank_vol_m3_n6_pairwise1,2007-06-29,FAC_rank_vol_m3_n6_pairwise1,,3,skipped,完整变量样本数小于 min_cross_section_n
FAC_rank_vol_m3_n6_pairwise1,2007-06-29,CtrlRetSTR,,3,skipped,完整变量样本数小于 min_cross_section_n
FAC_rank_vol_m3_n6_pairwise1,2007-06-29,CtrlRetLTM,,3,skipped,完整变量样本数小于 min_cross_section_n
FAC_rank_vol_m3_n6_pairwise1,2007-06-29,CtrlVol,,3,skipped,完整变量样本数小于 min_cross_section_n
FAC_rank_vol_m3_n6_pairwise1,2007-06-29,as_偏股混合型基金,,3,skipped,完整变量样本数小于 min_cross_section_n
FAC_rank_vol_m3_n6_pairwise1,2007-06-29,Ctrl_log_fund_size,,3,skipped,完整变量样本数小于 min_cross_section_n
FAC_rank_vol_m3_n6_pairwise1,2007-06-29,Ctrl_fund_age,,3,skipped,完整变量样本数小于 min_cross_section_n
FAC_rank_vol_m3_n6_pairwise1,2007-07-31,FAC_rank_vol_m3_n6_pairwise1,,5,skipped,完整变量样本数小于 min_cross_section_n
FAC_rank_vol_m3_n6_pairwise1,2007-07-31,CtrlRetSTR,,5,skipped,完整变量样本数小于 min_cross_section_n
FAC_rank_vol_m3_n6_pairwise1,2007-07-31,CtrlRetLTM,,5,skipped,完整变量样本数小于 min_cross_section_n
FAC_rank_vol_m3_n6_pairwise1,2007-07-31,CtrlVol,,5,skipped,完整变量样本数小于 min_cross_section_n
FAC_rank_vol_m3_n6_pairwise1,2007-07-31,as_偏股混合型基金,,5,skipped,完整变量样本数小于 min_cross_section_n
FAC_rank_vol_m3_n6_pairwise1,2007-07-31,Ctrl_log_fund_size,,5,skipped,完整变量样本数小于 min_cross_section_n
FAC_rank_vol_m3_n6_pairwise1,2007-07-31,Ctrl_fund_age,,5,skipped,完整变量样本数小于 min_cross_section_n
FAC_rank_vol_m3_n6_pairwise1,2007-08-31,FAC_rank_vol_m3_n6_pairwise1,,7,skipped,完整变量样本数小于 min_cross_section_n
FAC_rank_vol_m3_n6_pairwise1,2007-08-31,CtrlRetSTR,,7,skipped,完整变量样本数小于 min_cross_section_n
FAC_rank_vol_m3_n6_pairwise1,2007-08-31,CtrlRetLTM,,7,skipped,完整变量样本数小于 min_cross_section_n
FAC_rank_vol_m3_n6_pairwise1,2007-08-31,CtrlVol,,7,skipped,完整变量样本数小于 min_cross_section_n
FAC_rank_vol_m3_n6_pairwise1,2007-08-31,as_偏股混合型基金,,7,skipped,完整变量样本数小于 min_cross_section_n
FAC_rank_vol_m3_n6_pairwise1,2007-08-31,Ctrl_log_fund_size,,7,skipped,完整变量样本数小于 min_cross_section_n
FAC_rank_vol_m3_n6_pairwise1,2007-08-31,Ctrl_fund_age,,7,skipped,完整变量样本数小于 min_cross_section_n
FAC_rank_vol_m3_n6_pairwise1,2007-09-28,FAC_rank_vol_m3_n6_pairwise1,,6,skipped,完整变量样本数小于 min_cross_section_n
FAC_rank_vol_m3_n6_pairwise1,2007-09-28,CtrlRetSTR,,6,skipped,完整变量样本数小于 min_cross_section_n
FAC_rank_vol_m3_n6_pairwise1,2007-09-28,CtrlRetLTM,,6,skipped,完整变量样本数小于 min_cross_section_n
FAC_rank_vol_m3_n6_pairwise1,2007-09-28,CtrlVol,,6,skipped,完整变量样本数小于 min_cross_section_n
FAC_rank_vol_m3_n6_pairwise1,2007-09-28,as_偏股混合型基金,,6,skipped,完整变量样本数小于 min_cross_section_n
FAC_rank_vol_m3_n6_pairwise1,2007-09-28,Ctrl_log_fund_size,,6,skipped,完整变量样本数小于 min_cross_section_n
FAC_rank_vol_m3_n6_pairwise1,2007-09-28,Ctrl_fund_age,,6,skipped,完整变量样本数小于 min_cross_section_n
FAC_rank_vol_m3_n6_pairwise1,2007-10-31,FAC_rank_vol_m3_n6_pairwise1,,6,skipped,完整变量样本数小于 min_cross_section_n
FAC_rank_vol_m3_n6_pairwise1,2007-10-31,CtrlRetSTR,,6,skipped,完整变量样本数小于 min_cross_section_n
FAC_rank_vol_m3_n6_pairwise1,2007-10-31,CtrlRetLTM,,6,skipped,完整变量样本数小于 min_cross_section_n
FAC_rank_vol_m3_n6_pairwise1,2007-10-31,CtrlVol,,6,skipped,完整变量样本数小于 min_cross_section_n
FAC_rank_vol_m3_n6_pairwise1,2007-10-31,as_偏股混合型基金,,6,skipped,完整变量样本数小于 min_cross_section_n
FAC_rank_vol_m3_n6_pairwise1,2007-10-31,Ctrl_log_fund_size,,6,skipped,完整变量样本数小于 min_cross_section_n
FAC_rank_vol_m3_n6_pairwise1,2007-10-31,Ctrl_fund_age,,6,skipped,完整变量样本数小于 min_cross_section_n
FAC_rank_vol_m3_n6_pairwise1,2007-11-30,FAC_rank_vol_m3_n6_pairwise1,,6,skipped,完整变量样本数小于 min_cross_section_n
FAC_rank_vol_m3_n6_pairwise1,2007-11-30,CtrlRetSTR,,6,skipped,完整变量样本数小于 min_cross_section_n
FAC_rank_vol_m3_n6_pairwise1,2007-11-30,CtrlRetLTM,,6,skipped,完整变量样本数小于 min_cross_section_n
FAC_rank_vol_m3_n6_pairwise1,2007-11-30,CtrlVol,,6,skipped,完整变量样本数小于 min_cross_section_n
FAC_rank_vol_m3_n6_pairwise1,2007-11-30,as_偏股混合型基金,,6,skipped,完整变量样本数小于 min_cross_section_n
FAC_rank_vol_m3_n6_pairwise1,2007-11-30,Ctrl_log_fund_size,,6,skipped,完整变量样本数小于 min_cross_section_n
FAC_rank_vol_m3_n6_pairwise1,2007-11-30,Ctrl_fund_age,,6,skipped,完整变量样本数小于 min_cross_section_n
FAC_rank_vol_m3_n6_pairwise1,2007-12-28,FAC_rank_vol_m3_n6_pairwise1,,7,skipped,完整变量样本数小于 min_cross_section_n
FAC_rank_vol_m3_n6_pairwise1,2007-12-28,CtrlRetSTR,,7,skipped,完整变量样本数小于 min_cross_section_n
FAC_rank_vol_m3_n6_pairwise1,2007-12-28,CtrlRetLTM,,7,skipped,完整变量样本数小于 min_cross_section_n
FAC_rank_vol_m3_n6_pairwise1,2007-12-28,CtrlVol,,7,skipped,完整变量样本数小于 min_cross_section_n
FAC_rank_vol_m3_n6_pairwise1,2007-12-28,as_偏股混合型基金,,7,skipped,完整变量样本数小于 min_cross_section_n
FAC_rank_vol_m3_n6_pairwise1,2007-12-28,Ctrl_log_fund_size,,7,skipped,完整变量样本数小于 min_cross_section_n
FAC_rank_vol_m3_n6_pairwise1,2007-12-28,Ctrl_fund_age,,7,skipped,完整变量样本数小于 min_cross_section_n
FAC_rank_vol_m3_n6_pairwise1,2008-01-31,FAC_rank_vol_m3_n6_pairwise1,,6,skipped,完整变量样本数小于 min_cross_section_n
FAC_rank_vol_m3_n6_pairwise1,2008-01-31,CtrlRetSTR,,6,skipped,完整变量样本数小于 min_cross_section_n
FAC_rank_vol_m3_n6_pairwise1,2008-01-31,CtrlRetLTM,,6,skipped,完整变量样本数小于 min_cross_section_n
FAC_rank_vol_m3_n6_pairwise1,2008-01-31,CtrlVol,,6,skipped,完整变量样本数小于 min_cross_section_n
FAC_rank_vol_m3_n6_pairwise1,2008-01-31,as_偏股混合型基金,,6,skipped,完整变量样本数小于 min_cross_section_n
FAC_rank_vol_m3_n6_pairwise1,2008-01-31,Ctrl_log_fund_size,,6,skipped,完整变量样本数小于 min_cross_section_n
FAC_rank_vol_m3_n6_pairwise1,2008-01-31,Ctrl_fund_age,,6,skipped,完整变量样本数小于 min_cross_section_n
FAC_rank_vol_m3_n6_pairwise1,2008-02-29,FAC_rank_vol_m3_n6_pairwise1,,8,skipped,完整变量样本数小于 min_cross_section_n
FAC_rank_vol_m3_n6_pairwise1,2008-02-29,CtrlRetSTR,,8,skipped,完整变量样本数小于 min_cross_section_n
FAC_rank_vol_m3_n6_pairwise1,2008-02-29,CtrlRetLTM,,8,skipped,完整变量样本数小于 min_cross_section_n
FAC_rank_vol_m3_n6_pairwise1,2008-02-29,CtrlVol,,8,skipped,完整变量样本数小于 min_cross_section_n
FAC_rank_vol_m3_n6_pairwise1,2008-02-29,as_偏股混合型基金,,8,skipped,完整变量样本数小于 min_cross_section_n
FAC_rank_vol_m3_n6_pairwise1,2008-02-29,Ctrl_log_fund_size,,8,skipped,完整变量样本数小于 min_cross_section_n
FAC_rank_vol_m3_n6_pairwise1,2008-02-29,Ctrl_fund_age,,8,skipped,完整变量样本数小于 min_cross_section_n
FAC_rank_vol_m3_n6_pairwise1,2008-03-31,FAC_rank_vol_m3_n6_pairwise1,,8,skipped,完整变量样本数小于 min_cross_section_n
FAC_rank_vol_m3_n6_pairwise1,2008-03-31,CtrlRetSTR,,8,skipped,完整变量样本数小于 min_cross_section_n
FAC_rank_vol_m3_n6_pairwise1,2008-03-31,CtrlRetLTM,,8,skipped,完整变量样本数小于 min_cross_section_n
FAC_rank_vol_m3_n6_pairwise1,2008-03-31,CtrlVol,,8,skipped,完整变量样本数小于 min_cross_section_n
FAC_rank_vol_m3_n6_pairwise1,2008-03-31,as_偏股混合型基金,,8,skipped,完整变量样本数小于 min_cross_section_n
FAC_rank_vol_m3_n6_pairwise1,2008-03-31,Ctrl_log_fund_size,,8,skipped,完整变量样本数小于 min_cross_section_n
FAC_rank_vol_m3_n6_pairwise1,2008-03-31,Ctrl_fund_age,,8,skipped,完整变量样本数小于 min_cross_section_n
FAC_rank_vol_m3_n6_pairwise1,2008-04-30,FAC_rank_vol_m3_n6_pairwise1,,7,skipped,完整变量样本数小于 min_cross_section_n
FAC_rank_vol_m3_n6_pairwise1,2008-04-30,CtrlRetSTR,,7,skipped,完整变量样本数小于 min_cross_section_n
FAC_rank_vol_m3_n6_pairwise1,2008-04-30,CtrlRetLTM,,7,skipped,完整变量样本数小于 min_cross_section_n
FAC_rank_vol_m3_n6_pairwise1,2008-04-30,CtrlVol,,7,skipped,完整变量样本数小于 min_cross_section_n
FAC_rank_vol_m3_n6_pairwise1,2008-04-30,as_偏股混合型基金,,7,skipped,完整变量样本数小于 min_cross_section_n
FAC_rank_vol_m3_n6_pairwise1,2008-04-30,Ctrl_log_fund_size,,7,skipped,完整变量样本数小于 min_cross_section_n
FAC_rank_vol_m3_n6_pairwise1,2008-04-30,Ctrl_fund_age,,7,skipped,完整变量样本数小于 min_cross_section_n
FAC_rank_vol_m3_n6_pairwise1,2008-05-30,FAC_rank_vol_m3_n6_pairwise1,,10,skipped,完整变量样本数小于 min_cross_section_n
FAC_rank_vol_m3_n6_pairwise1,2008-05-30,CtrlRetSTR,,10,skipped,完整变量样本数小于 min_cross_section_n
FAC_rank_vol_m3_n6_pairwise1,2008-05-30,CtrlRetLTM,,10,skipped,完整变量样本数小于 min_cross_section_n
FAC_rank_vol_m3_n6_pairwise1,2008-05-30,CtrlVol,,10,skipped,完整变量样本数小于 min_cross_section_n
FAC_rank_vol_m3_n6_pairwise1,2008-05-30,as_偏股混合型基金,,10,skipped,完整变量样本数小于 min_cross_section_n
FAC_rank_vol_m3_n6_pairwise1,2008-05-30,Ctrl_log_fund_size,,10,skipped,完整变量样本数小于 min_cross_section_n
FAC_rank_vol_m3_n6_pairwise1,2008-05-30,Ctrl_fund_age,,10,skipped,完整变量样本数小于 min_cross_section_n
FAC_rank_vol_m3_n6_pairwise1,2008-06-30,FAC_rank_vol_m3_n6_pairwise1,,10,skipped,完整变量样本数小于 min_cross_section_n
FAC_rank_vol_m3_n6_pairwise1,2008-06-30,CtrlRetSTR,,10,skipped,完整变量样本数小于 min_cross_section_n
FAC_rank_vol_m3_n6_pairwise1,2008-06-30,CtrlRetLTM,,10,skipped,完整变量样本数小于 min_cross_section_n
FAC_rank_vol_m3_n6_pairwise1,2008-06-30,CtrlVol,,10,skipped,完整变量样本数小于 min_cross_section_n
FAC_rank_vol_m3_n6_pairwise1,2008-06-30,as_偏股混合型基金,,10,skipped,完整变量样本数小于 min_cross_section_n
FAC_rank_vol_m3_n6_pairwise1,2008-06-30,Ctrl_log_fund_size,,10,skipped,完整变量样本数小于 min_cross_section_n
FAC_rank_vol_m3_n6_pairwise1,2008-06-30,Ctrl_fund_age,,10,skipped,完整变量样本数小于 min_cross_section_n
FAC_rank_vol_m3_n6_pairwise1,2008-07-31,FAC_rank_vol_m3_n6_pairwise1,,12,skipped,完整变量样本数小于 min_cross_section_n
FAC_rank_vol_m3_n6_pairwise1,2008-07-31,CtrlRetSTR,,12,skipped,完整变量样本数小于 min_cross_section_n
FAC_rank_vol_m3_n6_pairwise1,2008-07-31,CtrlRetLTM,,12,skipped,完整变量样本数小于 min_cross_section_n
FAC_rank_vol_m3_n6_pairwise1,2008-07-31,CtrlVol,,12,skipped,完整变量样本数小于 min_cross_section_n
FAC_rank_vol_m3_n6_pairwise1,2008-07-31,as_偏股混合型基金,,12,skipped,完整变量样本数小于 min_cross_section_n
FAC_rank_vol_m3_n6_pairwise1,2008-07-31,Ctrl_log_fund_size,,12,skipped,完整变量样本数小于 min_cross_section_n
FAC_rank_vol_m3_n6_pairwise1,2008-07-31,Ctrl_fund_age,,12,skipped,完整变量样本数小于 min_cross_section_n
FAC_rank_vol_m3_n6_pairwise1,2008-08-29,FAC_rank_vol_m3_n6_pairwise1,,13,skipped,完整变量样本数小于 min_cross_section_n
FAC_rank_vol_m3_n6_pairwise1,2008-08-29,CtrlRetSTR,,13,skipped,完整变量样本数小于 min_cross_section_n
FAC_rank_vol_m3_n6_pairwise1,2008-08-29,CtrlRetLTM,,13,skipped,完整变量样本数小于 min_cross_section_n
FAC_rank_vol_m3_n6_pairwise1,2008-08-29,CtrlVol,,13,skipped,完整变量样本数小于 min_cross_section_n
FAC_rank_vol_m3_n6_pairwise1,2008-08-29,as_偏股混合型基金,,13,skipped,完整变量样本数小于 min_cross_section_n
FAC_rank_vol_m3_n6_pairwise1,2008-08-29,Ctrl_log_fund_size,,13,skipped,完整变量样本数小于 min_cross_section_n
FAC_rank_vol_m3_n6_pairwise1,2008-08-29,Ctrl_fund_age,,13,skipped,完整变量样本数小于 min_cross_section_n
FAC_rank_vol_m3_n6_pairwise1,2008-09-26,FAC_rank_vol_m3_n6_pairwise1,,13,skipped,完整变量样本数小于 min_cross_section_n
FAC_rank_vol_m3_n6_pairwise1,2008-09-26,CtrlRetSTR,,13,skipped,完整变量样本数小于 min_cross_section_n
FAC_rank_vol_m3_n6_pairwise1,2008-09-26,CtrlRetLTM,,13,skipped,完整变量样本数小于 min_cross_section_n
FAC_rank_vol_m3_n6_pairwise1,2008-09-26,CtrlVol,,13,skipped,完整变量样本数小于 min_cross_section_n
FAC_rank_vol_m3_n6_pairwise1,2008-09-26,as_偏股混合型基金,,13,skipped,完整变量样本数小于 min_cross_section_n
FAC_rank_vol_m3_n6_pairwise1,2008-09-26,Ctrl_log_fund_size,,13,skipped,完整变量样本数小于 min_cross_section_n
FAC_rank_vol_m3_n6_pairwise1,2008-09-26,Ctrl_fund_age,,13,skipped,完整变量样本数小于 min_cross_section_n
FAC_rank_vol_m3_n6_pairwise1,2008-10-31,FAC_rank_vol_m3_n6_pairwise1,,14,skipped,完整变量样本数小于 min_cross_section_n
FAC_rank_vol_m3_n6_pairwise1,2008-10-31,CtrlRetSTR,,14,skipped,完整变量样本数小于 min_cross_section_n
FAC_rank_vol_m3_n6_pairwise1,2008-10-31,CtrlRetLTM,,14,skipped,完整变量样本数小于 min_cross_section_n
FAC_rank_vol_m3_n6_pairwise1,2008-10-31,CtrlVol,,14,skipped,完整变量样本数小于 min_cross_section_n
FAC_rank_vol_m3_n6_pairwise1,2008-10-31,as_偏股混合型基金,,14,skipped,完整变量样本数小于 min_cross_section_n
FAC_rank_vol_m3_n6_pairwise1,2008-10-31,Ctrl_log_fund_size,,14,skipped,完整变量样本数小于 min_cross_section_n
FAC_rank_vol_m3_n6_pairwise1,2008-10-31,Ctrl_fund_age,,14,skipped,完整变量样本数小于 min_cross_section_n
FAC_rank_vol_m3_n6_pairwise1,2008-11-28,FAC_rank_vol_m3_n6_pairwise1,,16,skipped,完整变量样本数小于 min_cross_section_n
FAC_rank_vol_m3_n6_pairwise1,2008-11-28,CtrlRetSTR,,16,skipped,完整变量样本数小于 min_cross_section_n
FAC_rank_vol_m3_n6_pairwise1,2008-11-28,CtrlRetLTM,,16,skipped,完整变量样本数小于 min_cross_section_n
FAC_rank_vol_m3_n6_pairwise1,2008-11-28,CtrlVol,,16,skipped,完整变量样本数小于 min_cross_section_n
FAC_rank_vol_m3_n6_pairwise1,2008-11-28,as_偏股混合型基金,,16,skipped,完整变量样本数小于 min_cross_section_n
FAC_rank_vol_m3_n6_pairwise1,2008-11-28,Ctrl_log_fund_size,,16,skipped,完整变量样本数小于 min_cross_section_n
FAC_rank_vol_m3_n6_pairwise1,2008-11-28,Ctrl_fund_age,,16,skipped,完整变量样本数小于 min_cross_section_n
FAC_rank_vol_m3_n6_pairwise1,2008-12-31,FAC_rank_vol_m3_n6_pairwise1,,18,skipped,完整变量样本数小于 min_cross_section_n
FAC_rank_vol_m3_n6_pairwise1,2008-12-31,CtrlRetSTR,,18,skipped,完整变量样本数小于 min_cross_section_n
FAC_rank_vol_m3_n6_pairwise1,2008-12-31,CtrlRetLTM,,18,skipped,完整变量样本数小于 min_cross_section_n
FAC_rank_vol_m3_n6_pairwise1,2008-12-31,CtrlVol,,18,skipped,完整变量样本数小于 min_cross_section_n
FAC_rank_vol_m3_n6_pairwise1,2008-12-31,as_偏股混合型基金,,18,skipped,完整变量样本数小于 min_cross_section_n
FAC_rank_vol_m3_n6_pairwise1,2008-12-31,Ctrl_log_fund_size,,18,skipped,完整变量样本数小于 min_cross_section_n
FAC_rank_vol_m3_n6_pairwise1,2008-12-31,Ctrl_fund_age,,18,skipped,完整变量样本数小于 min_cross_section_n
FAC_rank_vol_m3_n6_pairwise1,2009-01-23,FAC_rank_vol_m3_n6_pairwise1,,18,skipped,完整变量样本数小于 min_cross_section_n
FAC_rank_vol_m3_n6_pairwise1,2009-01-23,CtrlRetSTR,,18,skipped,完整变量样本数小于 min_cross_section_n
FAC_rank_vol_m3_n6_pairwise1,2009-01-23,CtrlRetLTM,,18,skipped,完整变量样本数小于 min_cross_section_n
FAC_rank_vol_m3_n6_pairwise1,2009-01-23,CtrlVol,,18,skipped,完整变量样本数小于 min_cross_section_n
FAC_rank_vol_m3_n6_pairwise1,2009-01-23,as_偏股混合型基金,,18,skipped,完整变量样本数小于 min_cross_section_n
FAC_rank_vol_m3_n6_pairwise1,2009-01-23,Ctrl_log_fund_size,,18,skipped,完整变量样本数小于 min_cross_section_n
FAC_rank_vol_m3_n6_pairwise1,2009-01-23,Ctrl_fund_age,,18,skipped,完整变量样本数小于 min_cross_section_n
FAC_rank_vol_m3_n6_pairwise1,2009-02-27,FAC_rank_vol_m3_n6_pairwise1,,19,skipped,完整变量样本数小于 min_cross_section_n
FAC_rank_vol_m3_n6_pairwise1,2009-02-27,CtrlRetSTR,,19,skipped,完整变量样本数小于 min_cross_section_n
FAC_rank_vol_m3_n6_pairwise1,2009-02-27,CtrlRetLTM,,19,skipped,完整变量样本数小于 min_cross_section_n
FAC_rank_vol_m3_n6_pairwise1,2009-02-27,CtrlVol,,19,skipped,完整变量样本数小于 min_cross_section_n
FAC_rank_vol_m3_n6_pairwise1,2009-02-27,as_偏股混合型基金,,19,skipped,完整变量样本数小于 min_cross_section_n
FAC_rank_vol_m3_n6_pairwise1,2009-02-27,Ctrl_log_fund_size,,19,skipped,完整变量样本数小于 min_cross_section_n
FAC_rank_vol_m3_n6_pairwise1,2009-02-27,Ctrl_fund_age,,19,skipped,完整变量样本数小于 min_cross_section_n
FAC_rank_vol_m3_n6_pairwise1,2009-03-31,FAC_rank_vol_m3_n6_pairwise1,,17,skipped,完整变量样本数小于 min_cross_section_n
FAC_rank_vol_m3_n6_pairwise1,2009-03-31,CtrlRetSTR,,17,skipped,完整变量样本数小于 min_cross_section_n
FAC_rank_vol_m3_n6_pairwise1,2009-03-31,CtrlRetLTM,,17,skipped,完整变量样本数小于 min_cross_section_n
FAC_rank_vol_m3_n6_pairwise1,2009-03-31,CtrlVol,,17,skipped,完整变量样本数小于 min_cross_section_n
FAC_rank_vol_m3_n6_pairwise1,2009-03-31,as_偏股混合型基金,,17,skipped,完整变量样本数小于 min_cross_section_n
FAC_rank_vol_m3_n6_pairwise1,2009-03-31,Ctrl_log_fund_size,,17,skipped,完整变量样本数小于 min_cross_section_n
FAC_rank_vol_m3_n6_pairwise1,2009-03-31,Ctrl_fund_age,,17,skipped,完整变量样本数小于 min_cross_section_n
FAC_rank_vol_m3_n6_pairwise1,2009-04-30,FAC_rank_vol_m3_n6_pairwise1,,20,skipped,完整变量样本数小于 min_cross_section_n
FAC_rank_vol_m3_n6_pairwise1,2009-04-30,CtrlRetSTR,,20,skipped,完整变量样本数小于 min_cross_section_n
FAC_rank_vol_m3_n6_pairwise1,2009-04-30,CtrlRetLTM,,20,skipped,完整变量样本数小于 min_cross_section_n
FAC_rank_vol_m3_n6_pairwise1,2009-04-30,CtrlVol,,20,skipped,完整变量样本数小于 min_cross_section_n
FAC_rank_vol_m3_n6_pairwise1,2009-04-30,as_偏股混合型基金,,20,skipped,完整变量样本数小于 min_cross_section_n
FAC_rank_vol_m3_n6_pairwise1,2009-04-30,Ctrl_log_fund_size,,20,skipped,完整变量样本数小于 min_cross_section_n
FAC_rank_vol_m3_n6_pairwise1,2009-04-30,Ctrl_fund_age,,20,skipped,完整变量样本数小于 min_cross_section_n
FAC_rank_vol_m3_n6_pairwise1,2009-05-27,FAC_rank_vol_m3_n6_pairwise1,,21,skipped,完整变量样本数小于 min_cross_section_n
FAC_rank_vol_m3_n6_pairwise1,2009-05-27,CtrlRetSTR,,21,skipped,完整变量样本数小于 min_cross_section_n
FAC_rank_vol_m3_n6_pairwise1,2009-05-27,CtrlRetLTM,,21,skipped,完整变量样本数小于 min_cross_section_n
FAC_rank_vol_m3_n6_pairwise1,2009-05-27,CtrlVol,,21,skipped,完整变量样本数小于 min_cross_section_n
FAC_rank_vol_m3_n6_pairwise1,2009-05-27,as_偏股混合型基金,,21,skipped,完整变量样本数小于 min_cross_section_n
FAC_rank_vol_m3_n6_pairwise1,2009-05-27,Ctrl_log_fund_size,,21,skipped,完整变量样本数小于 min_cross_section_n
FAC_rank_vol_m3_n6_pairwise1,2009-05-27,Ctrl_fund_age,,21,skipped,完整变量样本数小于 min_cross_section_n
FAC_rank_vol_m3_n6_pairwise1,2009-06-30,FAC_rank_vol_m3_n6_pairwise1,,22,skipped,完整变量样本数小于 min_cross_section_n
FAC_rank_vol_m3_n6_pairwise1,2009-06-30,CtrlRetSTR,,22,skipped,完整变量样本数小于 min_cross_section_n
FAC_rank_vol_m3_n6_pairwise1,2009-06-30,CtrlRetLTM,,22,skipped,完整变量样本数小于 min_cross_section_n
FAC_rank_vol_m3_n6_pairwise1,2009-06-30,CtrlVol,,22,skipped,完整变量样本数小于 min_cross_section_n
FAC_rank_vol_m3_n6_pairwise1,2009-06-30,as_偏股混合型基金,,22,skipped,完整变量样本数小于 min_cross_section_n
FAC_rank_vol_m3_n6_pairwise1,2009-06-30,Ctrl_log_fund_size,,22,skipped,完整变量样本数小于 min_cross_section_n
FAC_rank_vol_m3_n6_pairwise1,2009-06-30,Ctrl_fund_age,,22,skipped,完整变量样本数小于 min_cross_section_n
FAC_rank_vol_m3_n6_pairwise1,2009-07-31,FAC_rank_vol_m3_n6_pairwise1,,22,skipped,完整变量样本数小于 min_cross_section_n
FAC_rank_vol_m3_n6_pairwise1,2009-07-31,CtrlRetSTR,,22,skipped,完整变量样本数小于 min_cross_section_n
FAC_rank_vol_m3_n6_pairwise1,2009-07-31,CtrlRetLTM,,22,skipped,完整变量样本数小于 min_cross_section_n
FAC_rank_vol_m3_n6_pairwise1,2009-07-31,CtrlVol,,22,skipped,完整变量样本数小于 min_cross_section_n
FAC_rank_vol_m3_n6_pairwise1,2009-07-31,as_偏股混合型基金,,22,skipped,完整变量样本数小于 min_cross_section_n
FAC_rank_vol_m3_n6_pairwise1,2009-07-31,Ctrl_log_fund_size,,22,skipped,完整变量样本数小于 min_cross_section_n
FAC_rank_vol_m3_n6_pairwise1,2009-07-31,Ctrl_fund_age,,22,skipped,完整变量样本数小于 min_cross_section_n
FAC_rank_vol_m3_n6_pairwise1,2009-08-31,FAC_rank_vol_m3_n6_pairwise1,,23,skipped,完整变量样本数小于 min_cross_section_n
FAC_rank_vol_m3_n6_pairwise1,2009-08-31,CtrlRetSTR,,23,skipped,完整变量样本数小于 min_cross_section_n
FAC_rank_vol_m3_n6_pairwise1,2009-08-31,CtrlRetLTM,,23,skipped,完整变量样本数小于 min_cross_section_n
FAC_rank_vol_m3_n6_pairwise1,2009-08-31,CtrlVol,,23,skipped,完整变量样本数小于 min_cross_section_n
FAC_rank_vol_m3_n6_pairwise1,2009-08-31,as_偏股混合型基金,,23,skipped,完整变量样本数小于 min_cross_section_n
FAC_rank_vol_m3_n6_pairwise1,2009-08-31,Ctrl_log_fund_size,,23,skipped,完整变量样本数小于 min_cross_section_n
FAC_rank_vol_m3_n6_pairwise1,2009-08-31,Ctrl_fund_age,,23,skipped,完整变量样本数小于 min_cross_section_n
FAC_rank_vol_m3_n6_pairwise1,2009-09-30,FAC_rank_vol_m3_n6_pairwise1,,24,skipped,完整变量样本数小于 min_cross_section_n
FAC_rank_vol_m3_n6_pairwise1,2009-09-30,CtrlRetSTR,,24,skipped,完整变量样本数小于 min_cross_section_n
FAC_rank_vol_m3_n6_pairwise1,2009-09-30,CtrlRetLTM,,24,skipped,完整变量样本数小于 min_cross_section_n
FAC_rank_vol_m3_n6_pairwise1,2009-09-30,CtrlVol,,24,skipped,完整变量样本数小于 min_cross_section_n
FAC_rank_vol_m3_n6_pairwise1,2009-09-30,as_偏股混合型基金,,24,skipped,完整变量样本数小于 min_cross_section_n
FAC_rank_vol_m3_n6_pairwise1,2009-09-30,Ctrl_log_fund_size,,24,skipped,完整变量样本数小于 min_cross_section_n
FAC_rank_vol_m3_n6_pairwise1,2009-09-30,Ctrl_fund_age,,24,skipped,完整变量样本数小于 min_cross_section_n
FAC_rank_vol_m3_n6_pairwise1,2009-10-30,FAC_rank_vol_m3_n6_pairwise1,,26,skipped,完整变量样本数小于 min_cross_section_n
FAC_rank_vol_m3_n6_pairwise1,2009-10-30,CtrlRetSTR,,26,skipped,完整变量样本数小于 min_cross_section_n
FAC_rank_vol_m3_n6_pairwise1,2009-10-30,CtrlRetLTM,,26,skipped,完整变量样本数小于 min_cross_section_n
FAC_rank_vol_m3_n6_pairwise1,2009-10-30,CtrlVol,,26,skipped,完整变量样本数小于 min_cross_section_n
FAC_rank_vol_m3_n6_pairwise1,2009-10-30,as_偏股混合型基金,,26,skipped,完整变量样本数小于 min_cross_section_n
FAC_rank_vol_m3_n6_pairwise1,2009-10-30,Ctrl_log_fund_size,,26,skipped,完整变量样本数小于 min_cross_section_n
FAC_rank_vol_m3_n6_pairwise1,2009-10-30,Ctrl_fund_age,,26,skipped,完整变量样本数小于 min_cross_section_n
FAC_rank_vol_m3_n6_pairwise1,2009-11-30,FAC_rank_vol_m3_n6_pairwise1,,27,skipped,完整变量样本数小于 min_cross_section_n
FAC_rank_vol_m3_n6_pairwise1,2009-11-30,CtrlRetSTR,,27,skipped,完整变量样本数小于 min_cross_section_n
FAC_rank_vol_m3_n6_pairwise1,2009-11-30,CtrlRetLTM,,27,skipped,完整变量样本数小于 min_cross_section_n
FAC_rank_vol_m3_n6_pairwise1,2009-11-30,CtrlVol,,27,skipped,完整变量样本数小于 min_cross_section_n
FAC_rank_vol_m3_n6_pairwise1,2009-11-30,as_偏股混合型基金,,27,skipped,完整变量样本数小于 min_cross_section_n
FAC_rank_vol_m3_n6_pairwise1,2009-11-30,Ctrl_log_fund_size,,27,skipped,完整变量样本数小于 min_cross_section_n
FAC_rank_vol_m3_n6_pairwise1,2009-11-30,Ctrl_fund_age,,27,skipped,完整变量样本数小于 min_cross_section_n
FAC_rank_vol_m3_n6_pairwise1,2009-12-31,FAC_rank_vol_m3_n6_pairwise1,,30,skipped,完整变量样本数小于 min_cross_section_n
FAC_rank_vol_m3_n6_pairwise1,2009-12-31,CtrlRetSTR,,30,skipped,完整变量样本数小于 min_cross_section_n
FAC_rank_vol_m3_n6_pairwise1,2009-12-31,CtrlRetLTM,,30,skipped,完整变量样本数小于 min_cross_section_n
FAC_rank_vol_m3_n6_pairwise1,2009-12-31,CtrlVol,,30,skipped,完整变量样本数小于 min_cross_section_n
FAC_rank_vol_m3_n6_pairwise1,2009-12-31,as_偏股混合型基金,,30,skipped,完整变量样本数小于 min_cross_section_n
FAC_rank_vol_m3_n6_pairwise1,2009-12-31,Ctrl_log_fund_size,,30,skipped,完整变量样本数小于 min_cross_section_n
FAC_rank_vol_m3_n6_pairwise1,2009-12-31,Ctrl_fund_age,,30,skipped,完整变量样本数小于 min_cross_section_n
FAC_rank_vol_m3_n6_pairwise1,2010-01-29,FAC_rank_vol_m3_n6_pairwise1,,28,skipped,完整变量样本数小于 min_cross_section_n
FAC_rank_vol_m3_n6_pairwise1,2010-01-29,CtrlRetSTR,,28,skipped,完整变量样本数小于 min_cross_section_n
FAC_rank_vol_m3_n6_pairwise1,2010-01-29,CtrlRetLTM,,28,skipped,完整变量样本数小于 min_cross_section_n
FAC_rank_vol_m3_n6_pairwise1,2010-01-29,CtrlVol,,28,skipped,完整变量样本数小于 min_cross_section_n
FAC_rank_vol_m3_n6_pairwise1,2010-01-29,as_偏股混合型基金,,28,skipped,完整变量样本数小于 min_cross_section_n
FAC_rank_vol_m3_n6_pairwise1,2010-01-29,Ctrl_log_fund_size,,28,skipped,完整变量样本数小于 min_cross_section_n
FAC_rank_vol_m3_n6_pairwise1,2010-01-29,Ctrl_fund_age,,28,skipped,完整变量样本数小于 min_cross_section_n
FAC_rank_vol_m3_n6_pairwise1,2010-02-26,FAC_rank_vol_m3_n6_pairwise1,,30,skipped,完整变量样本数小于 min_cross_section_n
FAC_rank_vol_m3_n6_pairwise1,2010-02-26,CtrlRetSTR,,30,skipped,完整变量样本数小于 min_cross_section_n
FAC_rank_vol_m3_n6_pairwise1,2010-02-26,CtrlRetLTM,,30,skipped,完整变量样本数小于 min_cross_section_n
FAC_rank_vol_m3_n6_pairwise1,2010-02-26,CtrlVol,,30,skipped,完整变量样本数小于 min_cross_section_n
FAC_rank_vol_m3_n6_pairwise1,2010-02-26,as_偏股混合型基金,,30,skipped,完整变量样本数小于 min_cross_section_n
FAC_rank_vol_m3_n6_pairwise1,2010-02-26,Ctrl_log_fund_size,,30,skipped,完整变量样本数小于 min_cross_section_n
FAC_rank_vol_m3_n6_pairwise1,2010-02-26,Ctrl_fund_age,,30,skipped,完整变量样本数小于 min_cross_section_n
FAC_rank_vol_m3_n6_pairwise1,2010-03-31,FAC_rank_vol_m3_n6_pairwise1,,30,skipped,完整变量样本数小于 min_cross_section_n
FAC_rank_vol_m3_n6_pairwise1,2010-03-31,CtrlRetSTR,,30,skipped,完整变量样本数小于 min_cross_section_n
FAC_rank_vol_m3_n6_pairwise1,2010-03-31,CtrlRetLTM,,30,skipped,完整变量样本数小于 min_cross_section_n
FAC_rank_vol_m3_n6_pairwise1,2010-03-31,CtrlVol,,30,skipped,完整变量样本数小于 min_cross_section_n
FAC_rank_vol_m3_n6_pairwise1,2010-03-31,as_偏股混合型基金,,30,skipped,完整变量样本数小于 min_cross_section_n
FAC_rank_vol_m3_n6_pairwise1,2010-03-31,Ctrl_log_fund_size,,30,skipped,完整变量样本数小于 min_cross_section_n
FAC_rank_vol_m3_n6_pairwise1,2010-03-31,Ctrl_fund_age,,30,skipped,完整变量样本数小于 min_cross_section_n
FAC_rank_vol_m3_n6_pairwise1,2010-04-30,FAC_rank_vol_m3_n6_pairwise1,,30,skipped,完整变量样本数小于 min_cross_section_n
FAC_rank_vol_m3_n6_pairwise1,2010-04-30,CtrlRetSTR,,30,skipped,完整变量样本数小于 min_cross_section_n
FAC_rank_vol_m3_n6_pairwise1,2010-04-30,CtrlRetLTM,,30,skipped,完整变量样本数小于 min_cross_section_n
FAC_rank_vol_m3_n6_pairwise1,2010-04-30,CtrlVol,,30,skipped,完整变量样本数小于 min_cross_section_n
FAC_rank_vol_m3_n6_pairwise1,2010-04-30,as_偏股混合型基金,,30,skipped,完整变量样本数小于 min_cross_section_n
FAC_rank_vol_m3_n6_pairwise1,2010-04-30,Ctrl_log_fund_size,,30,skipped,完整变量样本数小于 min_cross_section_n
FAC_rank_vol_m3_n6_pairwise1,2010-04-30,Ctrl_fund_age,,30,skipped,完整变量样本数小于 min_cross_section_n
FAC_rank_vol_m3_n6_pairwise1,2010-05-31,FAC_rank_vol_m3_n6_pairwise1,,29,skipped,完整变量样本数小于 min_cross_section_n
FAC_rank_vol_m3_n6_pairwise1,2010-05-31,CtrlRetSTR,,29,skipped,完整变量样本数小于 min_cross_section_n
FAC_rank_vol_m3_n6_pairwise1,2010-05-31,CtrlRetLTM,,29,skipped,完整变量样本数小于 min_cross_section_n
FAC_rank_vol_m3_n6_pairwise1,2010-05-31,CtrlVol,,29,skipped,完整变量样本数小于 min_cross_section_n
FAC_rank_vol_m3_n6_pairwise1,2010-05-31,as_偏股混合型基金,,29,skipped,完整变量样本数小于 min_cross_section_n
FAC_rank_vol_m3_n6_pairwise1,2010-05-31,Ctrl_log_fund_size,,29,skipped,完整变量样本数小于 min_cross_section_n
FAC_rank_vol_m3_n6_pairwise1,2010-05-31,Ctrl_fund_age,,29,skipped,完整变量样本数小于 min_cross_section_n
FAC_rank_vol_m3_n6_pairwise1,2010-06-30,FAC_rank_vol_m3_n6_pairwise1,,29,skipped,完整变量样本数小于 min_cross_section_n
FAC_rank_vol_m3_n6_pairwise1,2010-06-30,CtrlRetSTR,,29,skipped,完整变量样本数小于 min_cross_section_n
FAC_rank_vol_m3_n6_pairwise1,2010-06-30,CtrlRetLTM,,29,skipped,完整变量样本数小于 min_cross_section_n
FAC_rank_vol_m3_n6_pairwise1,2010-06-30,CtrlVol,,29,skipped,完整变量样本数小于 min_cross_section_n
FAC_rank_vol_m3_n6_pairwise1,2010-06-30,as_偏股混合型基金,,29,skipped,完整变量样本数小于 min_cross_section_n
FAC_rank_vol_m3_n6_pairwise1,2010-06-30,Ctrl_log_fund_size,,29,skipped,完整变量样本数小于 min_cross_section_n
FAC_rank_vol_m3_n6_pairwise1,2010-06-30,Ctrl_fund_age,,29,skipped,完整变量样本数小于 min_cross_section_n
FAC_rank_vol_m3_n6_pairwise1,2010-07-30,FAC_rank_vol_m3_n6_pairwise1,,29,skipped,完整变量样本数小于 min_cross_section_n
FAC_rank_vol_m3_n6_pairwise1,2010-07-30,CtrlRetSTR,,29,skipped,完整变量样本数小于 min_cross_section_n
FAC_rank_vol_m3_n6_pairwise1,2010-07-30,CtrlRetLTM,,29,skipped,完整变量样本数小于 min_cross_section_n
FAC_rank_vol_m3_n6_pairwise1,2010-07-30,CtrlVol,,29,skipped,完整变量样本数小于 min_cross_section_n
FAC_rank_vol_m3_n6_pairwise1,2010-07-30,as_偏股混合型基金,,29,skipped,完整变量样本数小于 min_cross_section_n
FAC_rank_vol_m3_n6_pairwise1,2010-07-30,Ctrl_log_fund_size,,29,skipped,完整变量样本数小于 min_cross_section_n
FAC_rank_vol_m3_n6_pairwise1,2010-07-30,Ctrl_fund_age,,29,skipped,完整变量样本数小于 min_cross_section_n
FAC_rank_vol_m3_n6_pairwise1,2010-08-31,FAC_rank_vol_m3_n6_pairwise1,,28,skipped,完整变量样本数小于 min_cross_section_n
FAC_rank_vol_m3_n6_pairwise1,2010-08-31,CtrlRetSTR,,28,skipped,完整变量样本数小于 min_cross_section_n
FAC_rank_vol_m3_n6_pairwise1,2010-08-31,CtrlRetLTM,,28,skipped,完整变量样本数小于 min_cross_section_n
FAC_rank_vol_m3_n6_pairwise1,2010-08-31,CtrlVol,,28,skipped,完整变量样本数小于 min_cross_section_n
FAC_rank_vol_m3_n6_pairwise1,2010-08-31,as_偏股混合型基金,,28,skipped,完整变量样本数小于 min_cross_section_n
FAC_rank_vol_m3_n6_pairwise1,2010-08-31,Ctrl_log_fund_size,,28,skipped,完整变量样本数小于 min_cross_section_n
FAC_rank_vol_m3_n6_pairwise1,2010-08-31,Ctrl_fund_age,,28,skipped,完整变量样本数小于 min_cross_section_n
FAC_rank_vol_m3_n6_pairwise1,2010-09-30,FAC_rank_vol_m3_n6_pairwise1,,30,skipped,完整变量样本数小于 min_cross_section_n
FAC_rank_vol_m3_n6_pairwise1,2010-09-30,CtrlRetSTR,,30,skipped,完整变量样本数小于 min_cross_section_n
FAC_rank_vol_m3_n6_pairwise1,2010-09-30,CtrlRetLTM,,30,skipped,完整变量样本数小于 min_cross_section_n
FAC_rank_vol_m3_n6_pairwise1,2010-09-30,CtrlVol,,30,skipped,完整变量样本数小于 min_cross_section_n
FAC_rank_vol_m3_n6_pairwise1,2010-09-30,as_偏股混合型基金,,30,skipped,完整变量样本数小于 min_cross_section_n
FAC_rank_vol_m3_n6_pairwise1,2010-09-30,Ctrl_log_fund_size,,30,skipped,完整变量样本数小于 min_cross_section_n
FAC_rank_vol_m3_n6_pairwise1,2010-09-30,Ctrl_fund_age,,30,skipped,完整变量样本数小于 min_cross_section_n
FAC_rank_vol_m3_n6_pairwise1,2010-10-29,FAC_rank_vol_m3_n6_pairwise1,,28,skipped,完整变量样本数小于 min_cross_section_n
FAC_rank_vol_m3_n6_pairwise1,2010-10-29,CtrlRetSTR,,28,skipped,完整变量样本数小于 min_cross_section_n
FAC_rank_vol_m3_n6_pairwise1,2010-10-29,CtrlRetLTM,,28,skipped,完整变量样本数小于 min_cross_section_n
FAC_rank_vol_m3_n6_pairwise1,2010-10-29,CtrlVol,,28,skipped,完整变量样本数小于 min_cross_section_n
FAC_rank_vol_m3_n6_pairwise1,2010-10-29,as_偏股混合型基金,,28,skipped,完整变量样本数小于 min_cross_section_n
FAC_rank_vol_m3_n6_pairwise1,2010-10-29,Ctrl_log_fund_size,,28,skipped,完整变量样本数小于 min_cross_section_n
FAC_rank_vol_m3_n6_pairwise1,2010-10-29,Ctrl_fund_age,,28,skipped,完整变量样本数小于 min_cross_section_n
FAC_rank_vol_m3_n6_pairwise1,2010-11-30,FAC_rank_vol_m3_n6_pairwise1,,30,skipped,完整变量样本数小于 min_cross_section_n
FAC_rank_vol_m3_n6_pairwise1,2010-11-30,CtrlRetSTR,,30,skipped,完整变量样本数小于 min_cross_section_n
FAC_rank_vol_m3_n6_pairwise1,2010-11-30,CtrlRetLTM,,30,skipped,完整变量样本数小于 min_cross_section_n
FAC_rank_vol_m3_n6_pairwise1,2010-11-30,CtrlVol,,30,skipped,完整变量样本数小于 min_cross_section_n
FAC_rank_vol_m3_n6_pairwise1,2010-11-30,as_偏股混合型基金,,30,skipped,完整变量样本数小于 min_cross_section_n
FAC_rank_vol_m3_n6_pairwise1,2010-11-30,Ctrl_log_fund_size,,30,skipped,完整变量样本数小于 min_cross_section_n
FAC_rank_vol_m3_n6_pairwise1,2010-11-30,Ctrl_fund_age,,30,skipped,完整变量样本数小于 min_cross_section_n
FAC_rank_vol_m3_n6_pairwise1,2010-12-31,FAC_rank_vol_m3_n6_pairwise1,,31,skipped,完整变量样本数小于 min_cross_section_n
FAC_rank_vol_m3_n6_pairwise1,2010-12-31,CtrlRetSTR,,31,skipped,完整变量样本数小于 min_cross_section_n
FAC_rank_vol_m3_n6_pairwise1,2010-12-31,CtrlRetLTM,,31,skipped,完整变量样本数小于 min_cross_section_n
FAC_rank_vol_m3_n6_pairwise1,2010-12-31,CtrlVol,,31,skipped,完整变量样本数小于 min_cross_section_n
FAC_rank_vol_m3_n6_pairwise1,2010-12-31,as_偏股混合型基金,,31,skipped,完整变量样本数小于 min_cross_section_n
FAC_rank_vol_m3_n6_pairwise1,2010-12-31,Ctrl_log_fund_size,,31,skipped,完整变量样本数小于 min_cross_section_n
FAC_rank_vol_m3_n6_pairwise1,2010-12-31,Ctrl_fund_age,,31,skipped,完整变量样本数小于 min_cross_section_n
FAC_rank_vol_m3_n6_pairwise1,2011-01-31,FAC_rank_vol_m3_n6_pairwise1,,31,skipped,完整变量样本数小于 min_cross_section_n
FAC_rank_vol_m3_n6_pairwise1,2011-01-31,CtrlRetSTR,,31,skipped,完整变量样本数小于 min_cross_section_n
FAC_rank_vol_m3_n6_pairwise1,2011-01-31,CtrlRetLTM,,31,skipped,完整变量样本数小于 min_cross_section_n
FAC_rank_vol_m3_n6_pairwise1,2011-01-31,CtrlVol,,31,skipped,完整变量样本数小于 min_cross_section_n
FAC_rank_vol_m3_n6_pairwise1,2011-01-31,as_偏股混合型基金,,31,skipped,完整变量样本数小于 min_cross_section_n
FAC_rank_vol_m3_n6_pairwise1,2011-01-31,Ctrl_log_fund_size,,31,skipped,完整变量样本数小于 min_cross_section_n
FAC_rank_vol_m3_n6_pairwise1,2011-01-31,Ctrl_fund_age,,31,skipped,完整变量样本数小于 min_cross_section_n
FAC_rank_vol_m3_n6_pairwise1,2011-02-28,FAC_rank_vol_m3_n6_pairwise1,,32,skipped,完整变量样本数小于 min_cross_section_n
FAC_rank_vol_m3_n6_pairwise1,2011-02-28,CtrlRetSTR,,32,skipped,完整变量样本数小于 min_cross_section_n
FAC_rank_vol_m3_n6_pairwise1,2011-02-28,CtrlRetLTM,,32,skipped,完整变量样本数小于 min_cross_section_n
FAC_rank_vol_m3_n6_pairwise1,2011-02-28,CtrlVol,,32,skipped,完整变量样本数小于 min_cross_section_n
FAC_rank_vol_m3_n6_pairwise1,2011-02-28,as_偏股混合型基金,,32,skipped,完整变量样本数小于 min_cross_section_n
FAC_rank_vol_m3_n6_pairwise1,2011-02-28,Ctrl_log_fund_size,,32,skipped,完整变量样本数小于 min_cross_section_n
FAC_rank_vol_m3_n6_pairwise1,2011-02-28,Ctrl_fund_age,,32,skipped,完整变量样本数小于 min_cross_section_n
FAC_rank_vol_m3_n6_pairwise1,2011-03-31,FAC_rank_vol_m3_n6_pairwise1,,32,skipped,完整变量样本数小于 min_cross_section_n
FAC_rank_vol_m3_n6_pairwise1,2011-03-31,CtrlRetSTR,,32,skipped,完整变量样本数小于 min_cross_section_n
FAC_rank_vol_m3_n6_pairwise1,2011-03-31,CtrlRetLTM,,32,skipped,完整变量样本数小于 min_cross_section_n
FAC_rank_vol_m3_n6_pairwise1,2011-03-31,CtrlVol,,32,skipped,完整变量样本数小于 min_cross_section_n
FAC_rank_vol_m3_n6_pairwise1,2011-03-31,as_偏股混合型基金,,32,skipped,完整变量样本数小于 min_cross_section_n
FAC_rank_vol_m3_n6_pairwise1,2011-03-31,Ctrl_log_fund_size,,32,skipped,完整变量样本数小于 min_cross_section_n
FAC_rank_vol_m3_n6_pairwise1,2011-03-31,Ctrl_fund_age,,32,skipped,完整变量样本数小于 min_cross_section_n
FAC_rank_vol_m3_n6_pairwise1,2011-04-29,FAC_rank_vol_m3_n6_pairwise1,,33,skipped,完整变量样本数小于 min_cross_section_n
FAC_rank_vol_m3_n6_pairwise1,2011-04-29,CtrlRetSTR,,33,skipped,完整变量样本数小于 min_cross_section_n
FAC_rank_vol_m3_n6_pairwise1,2011-04-29,CtrlRetLTM,,33,skipped,完整变量样本数小于 min_cross_section_n
FAC_rank_vol_m3_n6_pairwise1,2011-04-29,CtrlVol,,33,skipped,完整变量样本数小于 min_cross_section_n
FAC_rank_vol_m3_n6_pairwise1,2011-04-29,as_偏股混合型基金,,33,skipped,完整变量样本数小于 min_cross_section_n
FAC_rank_vol_m3_n6_pairwise1,2011-04-29,Ctrl_log_fund_size,,33,skipped,完整变量样本数小于 min_cross_section_n
FAC_rank_vol_m3_n6_pairwise1,2011-04-29,Ctrl_fund_age,,33,skipped,完整变量样本数小于 min_cross_section_n
FAC_rank_vol_m3_n6_pairwise1,2011-05-31,FAC_rank_vol_m3_n6_pairwise1,,35,skipped,完整变量样本数小于 min_cross_section_n
FAC_rank_vol_m3_n6_pairwise1,2011-05-31,CtrlRetSTR,,35,skipped,完整变量样本数小于 min_cross_section_n
FAC_rank_vol_m3_n6_pairwise1,2011-05-31,CtrlRetLTM,,35,skipped,完整变量样本数小于 min_cross_section_n
FAC_rank_vol_m3_n6_pairwise1,2011-05-31,CtrlVol,,35,skipped,完整变量样本数小于 min_cross_section_n
FAC_rank_vol_m3_n6_pairwise1,2011-05-31,as_偏股混合型基金,,35,skipped,完整变量样本数小于 min_cross_section_n
FAC_rank_vol_m3_n6_pairwise1,2011-05-31,Ctrl_log_fund_size,,35,skipped,完整变量样本数小于 min_cross_section_n
FAC_rank_vol_m3_n6_pairwise1,2011-05-31,Ctrl_fund_age,,35,skipped,完整变量样本数小于 min_cross_section_n
FAC_rank_vol_m3_n6_pairwise1,2011-06-30,FAC_rank_vol_m3_n6_pairwise1,,35,skipped,完整变量样本数小于 min_cross_section_n
FAC_rank_vol_m3_n6_pairwise1,2011-06-30,CtrlRetSTR,,35,skipped,完整变量样本数小于 min_cross_section_n
FAC_rank_vol_m3_n6_pairwise1,2011-06-30,CtrlRetLTM,,35,skipped,完整变量样本数小于 min_cross_section_n
FAC_rank_vol_m3_n6_pairwise1,2011-06-30,CtrlVol,,35,skipped,完整变量样本数小于 min_cross_section_n
FAC_rank_vol_m3_n6_pairwise1,2011-06-30,as_偏股混合型基金,,35,skipped,完整变量样本数小于 min_cross_section_n
FAC_rank_vol_m3_n6_pairwise1,2011-06-30,Ctrl_log_fund_size,,35,skipped,完整变量样本数小于 min_cross_section_n
FAC_rank_vol_m3_n6_pairwise1,2011-06-30,Ctrl_fund_age,,35,skipped,完整变量样本数小于 min_cross_section_n
FAC_rank_vol_m3_n6_pairwise1,2011-07-29,FAC_rank_vol_m3_n6_pairwise1,,35,skipped,完整变量样本数小于 min_cross_section_n
FAC_rank_vol_m3_n6_pairwise1,2011-07-29,CtrlRetSTR,,35,skipped,完整变量样本数小于 min_cross_section_n
FAC_rank_vol_m3_n6_pairwise1,2011-07-29,CtrlRetLTM,,35,skipped,完整变量样本数小于 min_cross_section_n
FAC_rank_vol_m3_n6_pairwise1,2011-07-29,CtrlVol,,35,skipped,完整变量样本数小于 min_cross_section_n
FAC_rank_vol_m3_n6_pairwise1,2011-07-29,as_偏股混合型基金,,35,skipped,完整变量样本数小于 min_cross_section_n
FAC_rank_vol_m3_n6_pairwise1,2011-07-29,Ctrl_log_fund_size,,35,skipped,完整变量样本数小于 min_cross_section_n
FAC_rank_vol_m3_n6_pairwise1,2011-07-29,Ctrl_fund_age,,35,skipped,完整变量样本数小于 min_cross_section_n
FAC_rank_vol_m3_n6_pairwise1,2011-08-31,FAC_rank_vol_m3_n6_pairwise1,,37,skipped,完整变量样本数小于 min_cross_section_n
FAC_rank_vol_m3_n6_pairwise1,2011-08-31,CtrlRetSTR,,37,skipped,完整变量样本数小于 min_cross_section_n
FAC_rank_vol_m3_n6_pairwise1,2011-08-31,CtrlRetLTM,,37,skipped,完整变量样本数小于 min_cross_section_n
FAC_rank_vol_m3_n6_pairwise1,2011-08-31,CtrlVol,,37,skipped,完整变量样本数小于 min_cross_section_n
FAC_rank_vol_m3_n6_pairwise1,2011-08-31,as_偏股混合型基金,,37,skipped,完整变量样本数小于 min_cross_section_n
FAC_rank_vol_m3_n6_pairwise1,2011-08-31,Ctrl_log_fund_size,,37,skipped,完整变量样本数小于 min_cross_section_n
FAC_rank_vol_m3_n6_pairwise1,2011-08-31,Ctrl_fund_age,,37,skipped,完整变量样本数小于 min_cross_section_n
FAC_rank_vol_m3_n6_pairwise1,2011-09-30,FAC_rank_vol_m3_n6_pairwise1,,39,skipped,完整变量样本数小于 min_cross_section_n
FAC_rank_vol_m3_n6_pairwise1,2011-09-30,CtrlRetSTR,,39,skipped,完整变量样本数小于 min_cross_section_n
FAC_rank_vol_m3_n6_pairwise1,2011-09-30,CtrlRetLTM,,39,skipped,完整变量样本数小于 min_cross_section_n
FAC_rank_vol_m3_n6_pairwise1,2011-09-30,CtrlVol,,39,skipped,完整变量样本数小于 min_cross_section_n
FAC_rank_vol_m3_n6_pairwise1,2011-09-30,as_偏股混合型基金,,39,skipped,完整变量样本数小于 min_cross_section_n
FAC_rank_vol_m3_n6_pairwise1,2011-09-30,Ctrl_log_fund_size,,39,skipped,完整变量样本数小于 min_cross_section_n
FAC_rank_vol_m3_n6_pairwise1,2011-09-30,Ctrl_fund_age,,39,skipped,完整变量样本数小于 min_cross_section_n
FAC_rank_vol_m3_n6_pairwise1,2011-10-31,FAC_rank_vol_m3_n6_pairwise1,,38,skipped,完整变量样本数小于 min_cross_section_n
FAC_rank_vol_m3_n6_pairwise1,2011-10-31,CtrlRetSTR,,38,skipped,完整变量样本数小于 min_cross_section_n
FAC_rank_vol_m3_n6_pairwise1,2011-10-31,CtrlRetLTM,,38,skipped,完整变量样本数小于 min_cross_section_n
FAC_rank_vol_m3_n6_pairwise1,2011-10-31,CtrlVol,,38,skipped,完整变量样本数小于 min_cross_section_n
FAC_rank_vol_m3_n6_pairwise1,2011-10-31,as_偏股混合型基金,,38,skipped,完整变量样本数小于 min_cross_section_n
FAC_rank_vol_m3_n6_pairwise1,2011-10-31,Ctrl_log_fund_size,,38,skipped,完整变量样本数小于 min_cross_section_n
FAC_rank_vol_m3_n6_pairwise1,2011-10-31,Ctrl_fund_age,,38,skipped,完整变量样本数小于 min_cross_section_n
FAC_rank_vol_m3_n6_pairwise1,2011-11-30,FAC_rank_vol_m3_n6_pairwise1,,39,skipped,完整变量样本数小于 min_cross_section_n
FAC_rank_vol_m3_n6_pairwise1,2011-11-30,CtrlRetSTR,,39,skipped,完整变量样本数小于 min_cross_section_n
FAC_rank_vol_m3_n6_pairwise1,2011-11-30,CtrlRetLTM,,39,skipped,完整变量样本数小于 min_cross_section_n
FAC_rank_vol_m3_n6_pairwise1,2011-11-30,CtrlVol,,39,skipped,完整变量样本数小于 min_cross_section_n
FAC_rank_vol_m3_n6_pairwise1,2011-11-30,as_偏股混合型基金,,39,skipped,完整变量样本数小于 min_cross_section_n
FAC_rank_vol_m3_n6_pairwise1,2011-11-30,Ctrl_log_fund_size,,39,skipped,完整变量样本数小于 min_cross_section_n
FAC_rank_vol_m3_n6_pairwise1,2011-11-30,Ctrl_fund_age,,39,skipped,完整变量样本数小于 min_cross_section_n
FAC_rank_vol_m3_n6_pairwise1,2011-12-30,FAC_rank_vol_m3_n6_pairwise1,,40,skipped,完整变量样本数小于 min_cross_section_n
FAC_rank_vol_m3_n6_pairwise1,2011-12-30,CtrlRetSTR,,40,skipped,完整变量样本数小于 min_cross_section_n
FAC_rank_vol_m3_n6_pairwise1,2011-12-30,CtrlRetLTM,,40,skipped,完整变量样本数小于 min_cross_section_n
FAC_rank_vol_m3_n6_pairwise1,2011-12-30,CtrlVol,,40,skipped,完整变量样本数小于 min_cross_section_n
FAC_rank_vol_m3_n6_pairwise1,2011-12-30,as_偏股混合型基金,,40,skipped,完整变量样本数小于 min_cross_section_n
FAC_rank_vol_m3_n6_pairwise1,2011-12-30,Ctrl_log_fund_size,,40,skipped,完整变量样本数小于 min_cross_section_n
FAC_rank_vol_m3_n6_pairwise1,2011-12-30,Ctrl_fund_age,,40,skipped,完整变量样本数小于 min_cross_section_n
FAC_rank_vol_m3_n6_pairwise1,2012-01-31,FAC_rank_vol_m3_n6_pairwise1,,40,skipped,完整变量样本数小于 min_cross_section_n
FAC_rank_vol_m3_n6_pairwise1,2012-01-31,CtrlRetSTR,,40,skipped,完整变量样本数小于 min_cross_section_n
FAC_rank_vol_m3_n6_pairwise1,2012-01-31,CtrlRetLTM,,40,skipped,完整变量样本数小于 min_cross_section_n
FAC_rank_vol_m3_n6_pairwise1,2012-01-31,CtrlVol,,40,skipped,完整变量样本数小于 min_cross_section_n
FAC_rank_vol_m3_n6_pairwise1,2012-01-31,as_偏股混合型基金,,40,skipped,完整变量样本数小于 min_cross_section_n
FAC_rank_vol_m3_n6_pairwise1,2012-01-31,Ctrl_log_fund_size,,40,skipped,完整变量样本数小于 min_cross_section_n
FAC_rank_vol_m3_n6_pairwise1,2012-01-31,Ctrl_fund_age,,40,skipped,完整变量样本数小于 min_cross_section_n
FAC_rank_vol_m3_n6_pairwise1,2012-02-29,FAC_rank_vol_m3_n6_pairwise1,,42,skipped,完整变量样本数小于 min_cross_section_n
FAC_rank_vol_m3_n6_pairwise1,2012-02-29,CtrlRetSTR,,42,skipped,完整变量样本数小于 min_cross_section_n
FAC_rank_vol_m3_n6_pairwise1,2012-02-29,CtrlRetLTM,,42,skipped,完整变量样本数小于 min_cross_section_n
FAC_rank_vol_m3_n6_pairwise1,2012-02-29,CtrlVol,,42,skipped,完整变量样本数小于 min_cross_section_n
FAC_rank_vol_m3_n6_pairwise1,2012-02-29,as_偏股混合型基金,,42,skipped,完整变量样本数小于 min_cross_section_n
FAC_rank_vol_m3_n6_pairwise1,2012-02-29,Ctrl_log_fund_size,,42,skipped,完整变量样本数小于 min_cross_section_n
FAC_rank_vol_m3_n6_pairwise1,2012-02-29,Ctrl_fund_age,,42,skipped,完整变量样本数小于 min_cross_section_n
FAC_rank_vol_m3_n6_pairwise1,2012-03-30,FAC_rank_vol_m3_n6_pairwise1,,41,skipped,完整变量样本数小于 min_cross_section_n
FAC_rank_vol_m3_n6_pairwise1,2012-03-30,CtrlRetSTR,,41,skipped,完整变量样本数小于 min_cross_section_n
FAC_rank_vol_m3_n6_pairwise1,2012-03-30,CtrlRetLTM,,41,skipped,完整变量样本数小于 min_cross_section_n
FAC_rank_vol_m3_n6_pairwise1,2012-03-30,CtrlVol,,41,skipped,完整变量样本数小于 min_cross_section_n
FAC_rank_vol_m3_n6_pairwise1,2012-03-30,as_偏股混合型基金,,41,skipped,完整变量样本数小于 min_cross_section_n
FAC_rank_vol_m3_n6_pairwise1,2012-03-30,Ctrl_log_fund_size,,41,skipped,完整变量样本数小于 min_cross_section_n
FAC_rank_vol_m3_n6_pairwise1,2012-03-30,Ctrl_fund_age,,41,skipped,完整变量样本数小于 min_cross_section_n
FAC_rank_vol_m3_n6_pairwise1,2012-04-27,FAC_rank_vol_m3_n6_pairwise1,,42,skipped,完整变量样本数小于 min_cross_section_n
FAC_rank_vol_m3_n6_pairwise1,2012-04-27,CtrlRetSTR,,42,skipped,完整变量样本数小于 min_cross_section_n
FAC_rank_vol_m3_n6_pairwise1,2012-04-27,CtrlRetLTM,,42,skipped,完整变量样本数小于 min_cross_section_n
FAC_rank_vol_m3_n6_pairwise1,2012-04-27,CtrlVol,,42,skipped,完整变量样本数小于 min_cross_section_n
FAC_rank_vol_m3_n6_pairwise1,2012-04-27,as_偏股混合型基金,,42,skipped,完整变量样本数小于 min_cross_section_n
FAC_rank_vol_m3_n6_pairwise1,2012-04-27,Ctrl_log_fund_size,,42,skipped,完整变量样本数小于 min_cross_section_n
FAC_rank_vol_m3_n6_pairwise1,2012-04-27,Ctrl_fund_age,,42,skipped,完整变量样本数小于 min_cross_section_n
FAC_rank_vol_m3_n6_pairwise1,2012-05-31,FAC_rank_vol_m3_n6_pairwise1,,45,skipped,完整变量样本数小于 min_cross_section_n
FAC_rank_vol_m3_n6_pairwise1,2012-05-31,CtrlRetSTR,,45,skipped,完整变量样本数小于 min_cross_section_n
FAC_rank_vol_m3_n6_pairwise1,2012-05-31,CtrlRetLTM,,45,skipped,完整变量样本数小于 min_cross_section_n
FAC_rank_vol_m3_n6_pairwise1,2012-05-31,CtrlVol,,45,skipped,完整变量样本数小于 min_cross_section_n
FAC_rank_vol_m3_n6_pairwise1,2012-05-31,as_偏股混合型基金,,45,skipped,完整变量样本数小于 min_cross_section_n
FAC_rank_vol_m3_n6_pairwise1,2012-05-31,Ctrl_log_fund_size,,45,skipped,完整变量样本数小于 min_cross_section_n
FAC_rank_vol_m3_n6_pairwise1,2012-05-31,Ctrl_fund_age,,45,skipped,完整变量样本数小于 min_cross_section_n
FAC_rank_vol_m3_n6_pairwise1,2012-06-29,FAC_rank_vol_m3_n6_pairwise1,,45,skipped,完整变量样本数小于 min_cross_section_n
FAC_rank_vol_m3_n6_pairwise1,2012-06-29,CtrlRetSTR,,45,skipped,完整变量样本数小于 min_cross_section_n
FAC_rank_vol_m3_n6_pairwise1,2012-06-29,CtrlRetLTM,,45,skipped,完整变量样本数小于 min_cross_section_n
FAC_rank_vol_m3_n6_pairwise1,2012-06-29,CtrlVol,,45,skipped,完整变量样本数小于 min_cross_section_n
FAC_rank_vol_m3_n6_pairwise1,2012-06-29,as_偏股混合型基金,,45,skipped,完整变量样本数小于 min_cross_section_n
FAC_rank_vol_m3_n6_pairwise1,2012-06-29,Ctrl_log_fund_size,,45,skipped,完整变量样本数小于 min_cross_section_n
FAC_rank_vol_m3_n6_pairwise1,2012-06-29,Ctrl_fund_age,,45,skipped,完整变量样本数小于 min_cross_section_n
FAC_rank_vol_m3_n6_pairwise1,2012-07-31,FAC_rank_vol_m3_n6_pairwise1,,47,skipped,完整变量样本数小于 min_cross_section_n
FAC_rank_vol_m3_n6_pairwise1,2012-07-31,CtrlRetSTR,,47,skipped,完整变量样本数小于 min_cross_section_n
FAC_rank_vol_m3_n6_pairwise1,2012-07-31,CtrlRetLTM,,47,skipped,完整变量样本数小于 min_cross_section_n
FAC_rank_vol_m3_n6_pairwise1,2012-07-31,CtrlVol,,47,skipped,完整变量样本数小于 min_cross_section_n
FAC_rank_vol_m3_n6_pairwise1,2012-07-31,as_偏股混合型基金,,47,skipped,完整变量样本数小于 min_cross_section_n
FAC_rank_vol_m3_n6_pairwise1,2012-07-31,Ctrl_log_fund_size,,47,skipped,完整变量样本数小于 min_cross_section_n
FAC_rank_vol_m3_n6_pairwise1,2012-07-31,Ctrl_fund_age,,47,skipped,完整变量样本数小于 min_cross_section_n
FAC_rank_vol_m3_n6_pairwise1,2012-08-31,FAC_rank_vol_m3_n6_pairwise1,,49,skipped,完整变量样本数小于 min_cross_section_n
FAC_rank_vol_m3_n6_pairwise1,2012-08-31,CtrlRetSTR,,49,skipped,完整变量样本数小于 min_cross_section_n
FAC_rank_vol_m3_n6_pairwise1,2012-08-31,CtrlRetLTM,,49,skipped,完整变量样本数小于 min_cross_section_n
FAC_rank_vol_m3_n6_pairwise1,2012-08-31,CtrlVol,,49,skipped,完整变量样本数小于 min_cross_section_n
FAC_rank_vol_m3_n6_pairwise1,2012-08-31,as_偏股混合型基金,,49,skipped,完整变量样本数小于 min_cross_section_n
FAC_rank_vol_m3_n6_pairwise1,2012-08-31,Ctrl_log_fund_size,,49,skipped,完整变量样本数小于 min_cross_section_n
FAC_rank_vol_m3_n6_pairwise1,2012-08-31,Ctrl_fund_age,,49,skipped,完整变量样本数小于 min_cross_section_n
FAC_rank_vol_m3_n6_pairwise1,2012-09-28,FAC_rank_vol_m3_n6_pairwise1,1.3536389413356653,52,ok,
FAC_rank_vol_m3_n6_pairwise1,2012-09-28,CtrlRetSTR,1.3562266187480574,52,ok,
FAC_rank_vol_m3_n6_pairwise1,2012-09-28,CtrlRetLTM,1.5067853170489949,52,ok,
FAC_rank_vol_m3_n6_pairwise1,2012-09-28,CtrlVol,1.1022523135122333,52,ok,
FAC_rank_vol_m3_n6_pairwise1,2012-09-28,as_偏股混合型基金,1.1143089598069769,52,ok,
FAC_rank_vol_m3_n6_pairwise1,2012-09-28,Ctrl_log_fund_size,1.6045254049831963,52,ok,
FAC_rank_vol_m3_n6_pairwise1,2012-09-28,Ctrl_fund_age,1.484062763613834,52,ok,
FAC_rank_vol_m3_n6_pairwise1,2012-10-31,FAC_rank_vol_m3_n6_pairwise1,1.2323728692985958,54,ok,
FAC_rank_vol_m3_n6_pairwise1,2012-10-31,CtrlRetSTR,1.3032096003855547,54,ok,
FAC_rank_vol_m3_n6_pairwise1,2012-10-31,CtrlRetLTM,1.3169732185775525,54,ok,
FAC_rank_vol_m3_n6_pairwise1,2012-10-31,CtrlVol,1.3073021270925518,54,ok,
FAC_rank_vol_m3_n6_pairwise1,2012-10-31,as_偏股混合型基金,1.115671037278615,54,ok,
FAC_rank_vol_m3_n6_pairwise1,2012-10-31,Ctrl_log_fund_size,1.6861871607278602,54,ok,
FAC_rank_vol_m3_n6_pairwise1,2012-10-31,Ctrl_fund_age,1.6157953693875462,54,ok,
FAC_rank_vol_m3_n6_pairwise1,2012-11-30,FAC_rank_vol_m3_n6_pairwise1,1.3078472310367195,56,ok,
FAC_rank_vol_m3_n6_pairwise1,2012-11-30,CtrlRetSTR,1.2378835919683138,56,ok,
FAC_rank_vol_m3_n6_pairwise1,2012-11-30,CtrlRetLTM,1.3369808154643763,56,ok,
FAC_rank_vol_m3_n6_pairwise1,2012-11-30,CtrlVol,1.2368068081662453,56,ok,
FAC_rank_vol_m3_n6_pairwise1,2012-11-30,as_偏股混合型基金,1.1346649695930957,56,ok,
FAC_rank_vol_m3_n6_pairwise1,2012-11-30,Ctrl_log_fund_size,1.7711041596062362,56,ok,
FAC_rank_vol_m3_n6_pairwise1,2012-11-30,Ctrl_fund_age,1.6642126594127398,56,ok,
FAC_rank_vol_m3_n6_pairwise1,2012-12-31,FAC_rank_vol_m3_n6_pairwise1,1.0505913854562996,59,ok,
FAC_rank_vol_m3_n6_pairwise1,2012-12-31,CtrlRetSTR,1.247509286752151,59,ok,
FAC_rank_vol_m3_n6_pairwise1,2012-12-31,CtrlRetLTM,1.2663889112883961,59,ok,
FAC_rank_vol_m3_n6_pairwise1,2012-12-31,CtrlVol,1.1665632641294792,59,ok,
FAC_rank_vol_m3_n6_pairwise1,2012-12-31,as_偏股混合型基金,1.0997113049070797,59,ok,
FAC_rank_vol_m3_n6_pairwise1,2012-12-31,Ctrl_log_fund_size,1.8324050855131673,59,ok,
FAC_rank_vol_m3_n6_pairwise1,2012-12-31,Ctrl_fund_age,1.8340344798812607,59,ok,
FAC_rank_vol_m3_n6_pairwise1,2013-01-31,FAC_rank_vol_m3_n6_pairwise1,1.5559739152842453,61,ok,
FAC_rank_vol_m3_n6_pairwise1,2013-01-31,CtrlRetSTR,1.0948586733081374,61,ok,
FAC_rank_vol_m3_n6_pairwise1,2013-01-31,CtrlRetLTM,1.437215107495184,61,ok,
FAC_rank_vol_m3_n6_pairwise1,2013-01-31,CtrlVol,1.229044463178886,61,ok,
FAC_rank_vol_m3_n6_pairwise1,2013-01-31,as_偏股混合型基金,1.0104117973641515,61,ok,
FAC_rank_vol_m3_n6_pairwise1,2013-01-31,Ctrl_log_fund_size,2.0049312696782606,61,ok,
FAC_rank_vol_m3_n6_pairwise1,2013-01-31,Ctrl_fund_age,2.2295665556142317,61,ok,
FAC_rank_vol_m3_n6_pairwise1,2013-02-28,FAC_rank_vol_m3_n6_pairwise1,1.2570547694390488,60,ok,
FAC_rank_vol_m3_n6_pairwise1,2013-02-28,CtrlRetSTR,1.1316904664215568,60,ok,
FAC_rank_vol_m3_n6_pairwise1,2013-02-28,CtrlRetLTM,1.5539535993147962,60,ok,
FAC_rank_vol_m3_n6_pairwise1,2013-02-28,CtrlVol,1.1697495574805645,60,ok,
FAC_rank_vol_m3_n6_pairwise1,2013-02-28,as_偏股混合型基金,1.0761885844037524,60,ok,
FAC_rank_vol_m3_n6_pairwise1,2013-02-28,Ctrl_log_fund_size,2.009149959108342,60,ok,
FAC_rank_vol_m3_n6_pairwise1,2013-02-28,Ctrl_fund_age,2.168060488533042,60,ok,
FAC_rank_vol_m3_n6_pairwise1,2013-03-29,FAC_rank_vol_m3_n6_pairwise1,1.217908764879129,62,ok,
FAC_rank_vol_m3_n6_pairwise1,2013-03-29,CtrlRetSTR,1.643767256748995,62,ok,
FAC_rank_vol_m3_n6_pairwise1,2013-03-29,CtrlRetLTM,1.5443682700985346,62,ok,
FAC_rank_vol_m3_n6_pairwise1,2013-03-29,CtrlVol,1.431538246100938,62,ok,
FAC_rank_vol_m3_n6_pairwise1,2013-03-29,as_偏股混合型基金,1.0274598969852409,62,ok,
FAC_rank_vol_m3_n6_pairwise1,2013-03-29,Ctrl_log_fund_size,1.8954310215336432,62,ok,
FAC_rank_vol_m3_n6_pairwise1,2013-03-29,Ctrl_fund_age,2.256628112942382,62,ok,
FAC_rank_vol_m3_n6_pairwise1,2013-04-26,FAC_rank_vol_m3_n6_pairwise1,1.1907982086994156,63,ok,
FAC_rank_vol_m3_n6_pairwise1,2013-04-26,CtrlRetSTR,1.21408311527743,63,ok,
FAC_rank_vol_m3_n6_pairwise1,2013-04-26,CtrlRetLTM,1.8301747373054855,63,ok,
FAC_rank_vol_m3_n6_pairwise1,2013-04-26,CtrlVol,1.3512499929404511,63,ok,
FAC_rank_vol_m3_n6_pairwise1,2013-04-26,as_偏股混合型基金,1.1121392501178904,63,ok,
FAC_rank_vol_m3_n6_pairwise1,2013-04-26,Ctrl_log_fund_size,2.2270244911932786,63,ok,
FAC_rank_vol_m3_n6_pairwise1,2013-04-26,Ctrl_fund_age,2.8315263891592095,63,ok,
FAC_rank_vol_m3_n6_pairwise1,2013-05-31,FAC_rank_vol_m3_n6_pairwise1,1.398571964928418,64,ok,
FAC_rank_vol_m3_n6_pairwise1,2013-05-31,CtrlRetSTR,1.190008394005996,64,ok,
FAC_rank_vol_m3_n6_pairwise1,2013-05-31,CtrlRetLTM,1.5312248742245458,64,ok,
FAC_rank_vol_m3_n6_pairwise1,2013-05-31,CtrlVol,1.1741951885036097,64,ok,
FAC_rank_vol_m3_n6_pairwise1,2013-05-31,as_偏股混合型基金,1.084613468572485,64,ok,
FAC_rank_vol_m3_n6_pairwise1,2013-05-31,Ctrl_log_fund_size,1.9731718104373472,64,ok,
FAC_rank_vol_m3_n6_pairwise1,2013-05-31,Ctrl_fund_age,1.9979741601058485,64,ok,
FAC_rank_vol_m3_n6_pairwise1,2013-06-28,FAC_rank_vol_m3_n6_pairwise1,2.221078681416658,63,ok,
FAC_rank_vol_m3_n6_pairwise1,2013-06-28,CtrlRetSTR,1.7894956205088515,63,ok,
FAC_rank_vol_m3_n6_pairwise1,2013-06-28,CtrlRetLTM,2.311577344617463,63,ok,
FAC_rank_vol_m3_n6_pairwise1,2013-06-28,CtrlVol,1.7834376135319663,63,ok,
FAC_rank_vol_m3_n6_pairwise1,2013-06-28,as_偏股混合型基金,1.0285345543774593,63,ok,
FAC_rank_vol_m3_n6_pairwise1,2013-06-28,Ctrl_log_fund_size,1.768912047042117,63,ok,
FAC_rank_vol_m3_n6_pairwise1,2013-06-28,Ctrl_fund_age,1.8135847475080236,63,ok,
FAC_rank_vol_m3_n6_pairwise1,2013-07-31,FAC_rank_vol_m3_n6_pairwise1,1.7672965136617724,64,ok,
FAC_rank_vol_m3_n6_pairwise1,2013-07-31,CtrlRetSTR,1.210506189027429,64,ok,
FAC_rank_vol_m3_n6_pairwise1,2013-07-31,CtrlRetLTM,1.681611747926465,64,ok,
FAC_rank_vol_m3_n6_pairwise1,2013-07-31,CtrlVol,1.085947317341733,64,ok,
FAC_rank_vol_m3_n6_pairwise1,2013-07-31,as_偏股混合型基金,1.3984424241725073,64,ok,
FAC_rank_vol_m3_n6_pairwise1,2013-07-31,Ctrl_log_fund_size,1.8670737177585335,64,ok,
FAC_rank_vol_m3_n6_pairwise1,2013-07-31,Ctrl_fund_age,1.5602290457311812,64,ok,
FAC_rank_vol_m3_n6_pairwise1,2013-08-30,FAC_rank_vol_m3_n6_pairwise1,1.5163388490089185,68,ok,
FAC_rank_vol_m3_n6_pairwise1,2013-08-30,CtrlRetSTR,1.113889732344509,68,ok,
FAC_rank_vol_m3_n6_pairwise1,2013-08-30,CtrlRetLTM,1.330393999085164,68,ok,
FAC_rank_vol_m3_n6_pairwise1,2013-08-30,CtrlVol,1.2342429478702215,68,ok,
FAC_rank_vol_m3_n6_pairwise1,2013-08-30,as_偏股混合型基金,1.3694715236884907,68,ok,
FAC_rank_vol_m3_n6_pairwise1,2013-08-30,Ctrl_log_fund_size,1.4955772512398993,68,ok,
FAC_rank_vol_m3_n6_pairwise1,2013-08-30,Ctrl_fund_age,1.4930480983063548,68,ok,
FAC_rank_vol_m3_n6_pairwise1,2013-09-30,FAC_rank_vol_m3_n6_pairwise1,1.3627643241959013,67,ok,
FAC_rank_vol_m3_n6_pairwise1,2013-09-30,CtrlRetSTR,1.3972752831378763,67,ok,
FAC_rank_vol_m3_n6_pairwise1,2013-09-30,CtrlRetLTM,1.599594964025833,67,ok,
FAC_rank_vol_m3_n6_pairwise1,2013-09-30,CtrlVol,1.1409379585418291,67,ok,
FAC_rank_vol_m3_n6_pairwise1,2013-09-30,as_偏股混合型基金,1.2839590979869675,67,ok,
FAC_rank_vol_m3_n6_pairwise1,2013-09-30,Ctrl_log_fund_size,1.6148400453288967,67,ok,
FAC_rank_vol_m3_n6_pairwise1,2013-09-30,Ctrl_fund_age,1.661552507984549,67,ok,
FAC_rank_vol_m3_n6_pairwise1,2013-10-31,FAC_rank_vol_m3_n6_pairwise1,1.3396335650418347,69,ok,
FAC_rank_vol_m3_n6_pairwise1,2013-10-31,CtrlRetSTR,1.4268444602206616,69,ok,
FAC_rank_vol_m3_n6_pairwise1,2013-10-31,CtrlRetLTM,1.9152367670122479,69,ok,
FAC_rank_vol_m3_n6_pairwise1,2013-10-31,CtrlVol,1.223146210858461,69,ok,
FAC_rank_vol_m3_n6_pairwise1,2013-10-31,as_偏股混合型基金,1.1940028777182339,69,ok,
FAC_rank_vol_m3_n6_pairwise1,2013-10-31,Ctrl_log_fund_size,1.728488941715277,69,ok,
FAC_rank_vol_m3_n6_pairwise1,2013-10-31,Ctrl_fund_age,1.6070706751614547,69,ok,
FAC_rank_vol_m3_n6_pairwise1,2013-11-29,FAC_rank_vol_m3_n6_pairwise1,1.6564156354446495,71,ok,
FAC_rank_vol_m3_n6_pairwise1,2013-11-29,CtrlRetSTR,1.1693758449032794,71,ok,
FAC_rank_vol_m3_n6_pairwise1,2013-11-29,CtrlRetLTM,2.0843841255571367,71,ok,
FAC_rank_vol_m3_n6_pairwise1,2013-11-29,CtrlVol,1.5364200296035677,71,ok,
FAC_rank_vol_m3_n6_pairwise1,2013-11-29,as_偏股混合型基金,1.1389799024110991,71,ok,
FAC_rank_vol_m3_n6_pairwise1,2013-11-29,Ctrl_log_fund_size,1.81492963912308,71,ok,
FAC_rank_vol_m3_n6_pairwise1,2013-11-29,Ctrl_fund_age,2.06718991635986,71,ok,
FAC_rank_vol_m3_n6_pairwise1,2013-12-31,FAC_rank_vol_m3_n6_pairwise1,1.3606390928148497,71,ok,
FAC_rank_vol_m3_n6_pairwise1,2013-12-31,CtrlRetSTR,1.198703391195409,71,ok,
FAC_rank_vol_m3_n6_pairwise1,2013-12-31,CtrlRetLTM,1.616725301071398,71,ok,
FAC_rank_vol_m3_n6_pairwise1,2013-12-31,CtrlVol,1.2213199991183286,71,ok,
FAC_rank_vol_m3_n6_pairwise1,2013-12-31,as_偏股混合型基金,1.1254092032690795,71,ok,
FAC_rank_vol_m3_n6_pairwise1,2013-12-31,Ctrl_log_fund_size,2.020354221871417,71,ok,
FAC_rank_vol_m3_n6_pairwise1,2013-12-31,Ctrl_fund_age,1.9532445326665921,71,ok,
FAC_rank_vol_m3_n6_pairwise1,2014-01-30,FAC_rank_vol_m3_n6_pairwise1,1.4470083133052671,66,ok,
FAC_rank_vol_m3_n6_pairwise1,2014-01-30,CtrlRetSTR,1.6293388553117825,66,ok,
FAC_rank_vol_m3_n6_pairwise1,2014-01-30,CtrlRetLTM,2.031102932237465,66,ok,
FAC_rank_vol_m3_n6_pairwise1,2014-01-30,CtrlVol,1.7145791615857493,66,ok,
FAC_rank_vol_m3_n6_pairwise1,2014-01-30,as_偏股混合型基金,1.3368700672312681,66,ok,
FAC_rank_vol_m3_n6_pairwise1,2014-01-30,Ctrl_log_fund_size,1.9660209544653962,66,ok,
FAC_rank_vol_m3_n6_pairwise1,2014-01-30,Ctrl_fund_age,1.734807014431573,66,ok,
FAC_rank_vol_m3_n6_pairwise1,2014-02-28,FAC_rank_vol_m3_n6_pairwise1,1.4585627602934461,65,ok,
FAC_rank_vol_m3_n6_pairwise1,2014-02-28,CtrlRetSTR,1.1138546449277351,65,ok,
FAC_rank_vol_m3_n6_pairwise1,2014-02-28,CtrlRetLTM,1.8546298167583086,65,ok,
FAC_rank_vol_m3_n6_pairwise1,2014-02-28,CtrlVol,2.133156407153048,65,ok,
FAC_rank_vol_m3_n6_pairwise1,2014-02-28,as_偏股混合型基金,1.490838920865876,65,ok,
FAC_rank_vol_m3_n6_pairwise1,2014-02-28,Ctrl_log_fund_size,1.7139948273362797,65,ok,
FAC_rank_vol_m3_n6_pairwise1,2014-02-28,Ctrl_fund_age,1.6015132069303473,65,ok,
FAC_rank_vol_m3_n6_pairwise1,2014-03-31,FAC_rank_vol_m3_n6_pairwise1,1.5356433602711466,64,ok,
FAC_rank_vol_m3_n6_pairwise1,2014-03-31,CtrlRetSTR,1.6110530271719443,64,ok,
FAC_rank_vol_m3_n6_pairwise1,2014-03-31,CtrlRetLTM,2.4010195515779253,64,ok,
FAC_rank_vol_m3_n6_pairwise1,2014-03-31,CtrlVol,2.8347452068868484,64,ok,
FAC_rank_vol_m3_n6_pairwise1,2014-03-31,as_偏股混合型基金,1.2964020227266777,64,ok,
FAC_rank_vol_m3_n6_pairwise1,2014-03-31,Ctrl_log_fund_size,1.5815285636956287,64,ok,
FAC_rank_vol_m3_n6_pairwise1,2014-03-31,Ctrl_fund_age,1.628795616959409,64,ok,
FAC_rank_vol_m3_n6_pairwise1,2014-04-30,FAC_rank_vol_m3_n6_pairwise1,1.5037948018836258,64,ok,
FAC_rank_vol_m3_n6_pairwise1,2014-04-30,CtrlRetSTR,1.3448102992019277,64,ok,
FAC_rank_vol_m3_n6_pairwise1,2014-04-30,CtrlRetLTM,2.4611657796612962,64,ok,
FAC_rank_vol_m3_n6_pairwise1,2014-04-30,CtrlVol,2.391856344921662,64,ok,
FAC_rank_vol_m3_n6_pairwise1,2014-04-30,as_偏股混合型基金,1.3040189692833908,64,ok,
FAC_rank_vol_m3_n6_pairwise1,2014-04-30,Ctrl_log_fund_size,1.4444234040562864,64,ok,
FAC_rank_vol_m3_n6_pairwise1,2014-04-30,Ctrl_fund_age,1.632999111180859,64,ok,
FAC_rank_vol_m3_n6_pairwise1,2014-05-30,FAC_rank_vol_m3_n6_pairwise1,1.2752947083213602,66,ok,
FAC_rank_vol_m3_n6_pairwise1,2014-05-30,CtrlRetSTR,1.7431126221890672,66,ok,
FAC_rank_vol_m3_n6_pairwise1,2014-05-30,CtrlRetLTM,1.4866064223337383,66,ok,
FAC_rank_vol_m3_n6_pairwise1,2014-05-30,CtrlVol,2.1040622055997424,66,ok,
FAC_rank_vol_m3_n6_pairwise1,2014-05-30,as_偏股混合型基金,1.2308591178975068,66,ok,
FAC_rank_vol_m3_n6_pairwise1,2014-05-30,Ctrl_log_fund_size,1.3797345254595985,66,ok,
FAC_rank_vol_m3_n6_pairwise1,2014-05-30,Ctrl_fund_age,1.57027190040732,66,ok,
FAC_rank_vol_m3_n6_pairwise1,2014-06-30,FAC_rank_vol_m3_n6_pairwise1,1.2874176557384034,63,ok,
FAC_rank_vol_m3_n6_pairwise1,2014-06-30,CtrlRetSTR,1.4706633990198377,63,ok,
FAC_rank_vol_m3_n6_pairwise1,2014-06-30,CtrlRetLTM,1.8280577210652174,63,ok,
FAC_rank_vol_m3_n6_pairwise1,2014-06-30,CtrlVol,2.0665318351036537,63,ok,
FAC_rank_vol_m3_n6_pairwise1,2014-06-30,as_偏股混合型基金,1.1655905330760197,63,ok,
FAC_rank_vol_m3_n6_pairwise1,2014-06-30,Ctrl_log_fund_size,1.3103626344411634,63,ok,
FAC_rank_vol_m3_n6_pairwise1,2014-06-30,Ctrl_fund_age,1.3889439375194645,63,ok,
FAC_rank_vol_m3_n6_pairwise1,2014-07-31,FAC_rank_vol_m3_n6_pairwise1,1.831394939579983,62,ok,
FAC_rank_vol_m3_n6_pairwise1,2014-07-31,CtrlRetSTR,1.8785357515923624,62,ok,
FAC_rank_vol_m3_n6_pairwise1,2014-07-31,CtrlRetLTM,1.464035726926869,62,ok,
FAC_rank_vol_m3_n6_pairwise1,2014-07-31,CtrlVol,3.4998075893315144,62,ok,
FAC_rank_vol_m3_n6_pairwise1,2014-07-31,as_偏股混合型基金,1.1544827690005512,62,ok,
FAC_rank_vol_m3_n6_pairwise1,2014-07-31,Ctrl_log_fund_size,1.334191917228037,62,ok,
FAC_rank_vol_m3_n6_pairwise1,2014-07-31,Ctrl_fund_age,1.3709480285198308,62,ok,
FAC_rank_vol_m3_n6_pairwise1,2014-08-29,FAC_rank_vol_m3_n6_pairwise1,2.027815649304153,62,ok,
FAC_rank_vol_m3_n6_pairwise1,2014-08-29,CtrlRetSTR,1.8484245863272295,62,ok,
FAC_rank_vol_m3_n6_pairwise1,2014-08-29,CtrlRetLTM,1.374377095271032,62,ok,
FAC_rank_vol_m3_n6_pairwise1,2014-08-29,CtrlVol,2.1745792166520608,62,ok,
FAC_rank_vol_m3_n6_pairwise1,2014-08-29,as_偏股混合型基金,1.2106954498064537,62,ok,
FAC_rank_vol_m3_n6_pairwise1,2014-08-29,Ctrl_log_fund_size,1.3893019650796727,62,ok,
FAC_rank_vol_m3_n6_pairwise1,2014-08-29,Ctrl_fund_age,1.7334647743061573,62,ok,
FAC_rank_vol_m3_n6_pairwise1,2014-09-30,FAC_rank_vol_m3_n6_pairwise1,1.4326432950331083,62,ok,
FAC_rank_vol_m3_n6_pairwise1,2014-09-30,CtrlRetSTR,2.163051982118642,62,ok,
FAC_rank_vol_m3_n6_pairwise1,2014-09-30,CtrlRetLTM,1.4783855305232043,62,ok,
FAC_rank_vol_m3_n6_pairwise1,2014-09-30,CtrlVol,1.6672190473117583,62,ok,
FAC_rank_vol_m3_n6_pairwise1,2014-09-30,as_偏股混合型基金,1.2476144454640887,62,ok,
FAC_rank_vol_m3_n6_pairwise1,2014-09-30,Ctrl_log_fund_size,1.3247096908498766,62,ok,
FAC_rank_vol_m3_n6_pairwise1,2014-09-30,Ctrl_fund_age,1.4747130951576466,62,ok,
FAC_rank_vol_m3_n6_pairwise1,2014-10-31,FAC_rank_vol_m3_n6_pairwise1,1.7141553664039868,62,ok,
FAC_rank_vol_m3_n6_pairwise1,2014-10-31,CtrlRetSTR,1.1849431838502695,62,ok,
FAC_rank_vol_m3_n6_pairwise1,2014-10-31,CtrlRetLTM,2.299118872842808,62,ok,
FAC_rank_vol_m3_n6_pairwise1,2014-10-31,CtrlVol,2.1072972439066535,62,ok,
FAC_rank_vol_m3_n6_pairwise1,2014-10-31,as_偏股混合型基金,1.169744305451433,62,ok,
FAC_rank_vol_m3_n6_pairwise1,2014-10-31,Ctrl_log_fund_size,1.4758688284297894,62,ok,
FAC_rank_vol_m3_n6_pairwise1,2014-10-31,Ctrl_fund_age,1.587133378503991,62,ok,
FAC_rank_vol_m3_n6_pairwise1,2014-11-28,FAC_rank_vol_m3_n6_pairwise1,1.194660443209698,63,ok,
FAC_rank_vol_m3_n6_pairwise1,2014-11-28,CtrlRetSTR,1.1470519323031907,63,ok,
FAC_rank_vol_m3_n6_pairwise1,2014-11-28,CtrlRetLTM,1.7851094286956977,63,ok,
FAC_rank_vol_m3_n6_pairwise1,2014-11-28,CtrlVol,1.4117220693652308,63,ok,
FAC_rank_vol_m3_n6_pairwise1,2014-11-28,as_偏股混合型基金,1.063846033284261,63,ok,
FAC_rank_vol_m3_n6_pairwise1,2014-11-28,Ctrl_log_fund_size,1.3674671823110818,63,ok,
FAC_rank_vol_m3_n6_pairwise1,2014-11-28,Ctrl_fund_age,1.5350077960520463,63,ok,
FAC_rank_vol_m3_n6_pairwise1,2014-12-31,FAC_rank_vol_m3_n6_pairwise1,1.6936413350440198,58,ok,
FAC_rank_vol_m3_n6_pairwise1,2014-12-31,CtrlRetSTR,1.4054892003080686,58,ok,
FAC_rank_vol_m3_n6_pairwise1,2014-12-31,CtrlRetLTM,1.8398375330067829,58,ok,
FAC_rank_vol_m3_n6_pairwise1,2014-12-31,CtrlVol,2.2302567666181266,58,ok,
FAC_rank_vol_m3_n6_pairwise1,2014-12-31,as_偏股混合型基金,1.1475566941116713,58,ok,
FAC_rank_vol_m3_n6_pairwise1,2014-12-31,Ctrl_log_fund_size,1.6157521063795102,58,ok,
FAC_rank_vol_m3_n6_pairwise1,2014-12-31,Ctrl_fund_age,1.4189988199160588,58,ok,
FAC_rank_vol_m3_n6_pairwise1,2015-01-30,FAC_rank_vol_m3_n6_pairwise1,2.1018661203906044,55,ok,
FAC_rank_vol_m3_n6_pairwise1,2015-01-30,CtrlRetSTR,1.4871685391624667,55,ok,
FAC_rank_vol_m3_n6_pairwise1,2015-01-30,CtrlRetLTM,2.0957784263176027,55,ok,
FAC_rank_vol_m3_n6_pairwise1,2015-01-30,CtrlVol,1.8474794412061282,55,ok,
FAC_rank_vol_m3_n6_pairwise1,2015-01-30,as_偏股混合型基金,1.0539994710931135,55,ok,
FAC_rank_vol_m3_n6_pairwise1,2015-01-30,Ctrl_log_fund_size,1.406806828811059,55,ok,
FAC_rank_vol_m3_n6_pairwise1,2015-01-30,Ctrl_fund_age,1.2869695052050625,55,ok,
FAC_rank_vol_m3_n6_pairwise1,2015-02-27,FAC_rank_vol_m3_n6_pairwise1,1.5587583171522412,61,ok,
FAC_rank_vol_m3_n6_pairwise1,2015-02-27,CtrlRetSTR,1.5556414635426579,61,ok,
FAC_rank_vol_m3_n6_pairwise1,2015-02-27,CtrlRetLTM,1.2453355033464557,61,ok,
FAC_rank_vol_m3_n6_pairwise1,2015-02-27,CtrlVol,1.108050203136529,61,ok,
FAC_rank_vol_m3_n6_pairwise1,2015-02-27,as_偏股混合型基金,1.078471447238748,61,ok,
FAC_rank_vol_m3_n6_pairwise1,2015-02-27,Ctrl_log_fund_size,1.645322380423773,61,ok,
FAC_rank_vol_m3_n6_pairwise1,2015-02-27,Ctrl_fund_age,1.6529412816150855,61,ok,
FAC_rank_vol_m3_n6_pairwise1,2015-03-31,FAC_rank_vol_m3_n6_pairwise1,1.092884169343935,59,ok,
FAC_rank_vol_m3_n6_pairwise1,2015-03-31,CtrlRetSTR,1.2933544933110142,59,ok,
FAC_rank_vol_m3_n6_pairwise1,2015-03-31,CtrlRetLTM,1.347425221648513,59,ok,
FAC_rank_vol_m3_n6_pairwise1,2015-03-31,CtrlVol,1.1474940919097354,59,ok,
FAC_rank_vol_m3_n6_pairwise1,2015-03-31,as_偏股混合型基金,1.1354085740691828,59,ok,
FAC_rank_vol_m3_n6_pairwise1,2015-03-31,Ctrl_log_fund_size,1.6190468533245408,59,ok,
FAC_rank_vol_m3_n6_pairwise1,2015-03-31,Ctrl_fund_age,1.3870072522974584,59,ok,
FAC_rank_vol_m3_n6_pairwise1,2015-04-30,FAC_rank_vol_m3_n6_pairwise1,1.39276861001481,55,ok,
FAC_rank_vol_m3_n6_pairwise1,2015-04-30,CtrlRetSTR,1.281409903815712,55,ok,
FAC_rank_vol_m3_n6_pairwise1,2015-04-30,CtrlRetLTM,1.723687698640997,55,ok,
FAC_rank_vol_m3_n6_pairwise1,2015-04-30,CtrlVol,1.4277234971975028,55,ok,
FAC_rank_vol_m3_n6_pairwise1,2015-04-30,as_偏股混合型基金,1.3164799023072744,55,ok,
FAC_rank_vol_m3_n6_pairwise1,2015-04-30,Ctrl_log_fund_size,1.6267779197572225,55,ok,
FAC_rank_vol_m3_n6_pairwise1,2015-04-30,Ctrl_fund_age,1.314639246295239,55,ok,
FAC_rank_vol_m3_n6_pairwise1,2015-05-29,FAC_rank_vol_m3_n6_pairwise1,1.633805355016685,51,ok,
FAC_rank_vol_m3_n6_pairwise1,2015-05-29,CtrlRetSTR,1.9926734533677988,51,ok,
FAC_rank_vol_m3_n6_pairwise1,2015-05-29,CtrlRetLTM,2.086161382646558,51,ok,
FAC_rank_vol_m3_n6_pairwise1,2015-05-29,CtrlVol,1.8042215926201317,51,ok,
FAC_rank_vol_m3_n6_pairwise1,2015-05-29,as_偏股混合型基金,1.180785055612428,51,ok,
FAC_rank_vol_m3_n6_pairwise1,2015-05-29,Ctrl_log_fund_size,1.8815757518475247,51,ok,
FAC_rank_vol_m3_n6_pairwise1,2015-05-29,Ctrl_fund_age,1.3692127152139273,51,ok,
FAC_rank_vol_m3_n6_pairwise1,2015-06-30,FAC_rank_vol_m3_n6_pairwise1,,43,skipped,完整变量样本数小于 min_cross_section_n
FAC_rank_vol_m3_n6_pairwise1,2015-06-30,CtrlRetSTR,,43,skipped,完整变量样本数小于 min_cross_section_n
FAC_rank_vol_m3_n6_pairwise1,2015-06-30,CtrlRetLTM,,43,skipped,完整变量样本数小于 min_cross_section_n
FAC_rank_vol_m3_n6_pairwise1,2015-06-30,CtrlVol,,43,skipped,完整变量样本数小于 min_cross_section_n
FAC_rank_vol_m3_n6_pairwise1,2015-06-30,as_偏股混合型基金,,43,skipped,完整变量样本数小于 min_cross_section_n
FAC_rank_vol_m3_n6_pairwise1,2015-06-30,Ctrl_log_fund_size,,43,skipped,完整变量样本数小于 min_cross_section_n
FAC_rank_vol_m3_n6_pairwise1,2015-06-30,Ctrl_fund_age,,43,skipped,完整变量样本数小于 min_cross_section_n
FAC_rank_vol_m3_n6_pairwise1,2015-07-31,FAC_rank_vol_m3_n6_pairwise1,,42,skipped,完整变量样本数小于 min_cross_section_n
FAC_rank_vol_m3_n6_pairwise1,2015-07-31,CtrlRetSTR,,42,skipped,完整变量样本数小于 min_cross_section_n
FAC_rank_vol_m3_n6_pairwise1,2015-07-31,CtrlRetLTM,,42,skipped,完整变量样本数小于 min_cross_section_n
FAC_rank_vol_m3_n6_pairwise1,2015-07-31,CtrlVol,,42,skipped,完整变量样本数小于 min_cross_section_n
FAC_rank_vol_m3_n6_pairwise1,2015-07-31,as_偏股混合型基金,,42,skipped,完整变量样本数小于 min_cross_section_n
FAC_rank_vol_m3_n6_pairwise1,2015-07-31,Ctrl_log_fund_size,,42,skipped,完整变量样本数小于 min_cross_section_n
FAC_rank_vol_m3_n6_pairwise1,2015-07-31,Ctrl_fund_age,,42,skipped,完整变量样本数小于 min_cross_section_n
FAC_rank_vol_m3_n6_pairwise1,2015-08-31,FAC_rank_vol_m3_n6_pairwise1,,44,skipped,完整变量样本数小于 min_cross_section_n
FAC_rank_vol_m3_n6_pairwise1,2015-08-31,CtrlRetSTR,,44,skipped,完整变量样本数小于 min_cross_section_n
FAC_rank_vol_m3_n6_pairwise1,2015-08-31,CtrlRetLTM,,44,skipped,完整变量样本数小于 min_cross_section_n
FAC_rank_vol_m3_n6_pairwise1,2015-08-31,CtrlVol,,44,skipped,完整变量样本数小于 min_cross_section_n
FAC_rank_vol_m3_n6_pairwise1,2015-08-31,as_偏股混合型基金,,44,skipped,完整变量样本数小于 min_cross_section_n
FAC_rank_vol_m3_n6_pairwise1,2015-08-31,Ctrl_log_fund_size,,44,skipped,完整变量样本数小于 min_cross_section_n
FAC_rank_vol_m3_n6_pairwise1,2015-08-31,Ctrl_fund_age,,44,skipped,完整变量样本数小于 min_cross_section_n
FAC_rank_vol_m3_n6_pairwise1,2015-09-30,FAC_rank_vol_m3_n6_pairwise1,,42,skipped,完整变量样本数小于 min_cross_section_n
FAC_rank_vol_m3_n6_pairwise1,2015-09-30,CtrlRetSTR,,42,skipped,完整变量样本数小于 min_cross_section_n
FAC_rank_vol_m3_n6_pairwise1,2015-09-30,CtrlRetLTM,,42,skipped,完整变量样本数小于 min_cross_section_n
FAC_rank_vol_m3_n6_pairwise1,2015-09-30,CtrlVol,,42,skipped,完整变量样本数小于 min_cross_section_n
FAC_rank_vol_m3_n6_pairwise1,2015-09-30,as_偏股混合型基金,,42,skipped,完整变量样本数小于 min_cross_section_n
FAC_rank_vol_m3_n6_pairwise1,2015-09-30,Ctrl_log_fund_size,,42,skipped,完整变量样本数小于 min_cross_section_n
FAC_rank_vol_m3_n6_pairwise1,2015-09-30,Ctrl_fund_age,,42,skipped,完整变量样本数小于 min_cross_section_n
FAC_rank_vol_m3_n6_pairwise1,2015-10-30,FAC_rank_vol_m3_n6_pairwise1,,42,skipped,完整变量样本数小于 min_cross_section_n
FAC_rank_vol_m3_n6_pairwise1,2015-10-30,CtrlRetSTR,,42,skipped,完整变量样本数小于 min_cross_section_n
FAC_rank_vol_m3_n6_pairwise1,2015-10-30,CtrlRetLTM,,42,skipped,完整变量样本数小于 min_cross_section_n
FAC_rank_vol_m3_n6_pairwise1,2015-10-30,CtrlVol,,42,skipped,完整变量样本数小于 min_cross_section_n
FAC_rank_vol_m3_n6_pairwise1,2015-10-30,as_偏股混合型基金,,42,skipped,完整变量样本数小于 min_cross_section_n
FAC_rank_vol_m3_n6_pairwise1,2015-10-30,Ctrl_log_fund_size,,42,skipped,完整变量样本数小于 min_cross_section_n
FAC_rank_vol_m3_n6_pairwise1,2015-10-30,Ctrl_fund_age,,42,skipped,完整变量样本数小于 min_cross_section_n
FAC_rank_vol_m3_n6_pairwise1,2015-11-30,FAC_rank_vol_m3_n6_pairwise1,,44,skipped,完整变量样本数小于 min_cross_section_n
FAC_rank_vol_m3_n6_pairwise1,2015-11-30,CtrlRetSTR,,44,skipped,完整变量样本数小于 min_cross_section_n
FAC_rank_vol_m3_n6_pairwise1,2015-11-30,CtrlRetLTM,,44,skipped,完整变量样本数小于 min_cross_section_n
FAC_rank_vol_m3_n6_pairwise1,2015-11-30,CtrlVol,,44,skipped,完整变量样本数小于 min_cross_section_n
FAC_rank_vol_m3_n6_pairwise1,2015-11-30,as_偏股混合型基金,,44,skipped,完整变量样本数小于 min_cross_section_n
FAC_rank_vol_m3_n6_pairwise1,2015-11-30,Ctrl_log_fund_size,,44,skipped,完整变量样本数小于 min_cross_section_n
FAC_rank_vol_m3_n6_pairwise1,2015-11-30,Ctrl_fund_age,,44,skipped,完整变量样本数小于 min_cross_section_n
FAC_rank_vol_m3_n6_pairwise1,2015-12-31,FAC_rank_vol_m3_n6_pairwise1,,46,skipped,完整变量样本数小于 min_cross_section_n
FAC_rank_vol_m3_n6_pairwise1,2015-12-31,CtrlRetSTR,,46,skipped,完整变量样本数小于 min_cross_section_n
FAC_rank_vol_m3_n6_pairwise1,2015-12-31,CtrlRetLTM,,46,skipped,完整变量样本数小于 min_cross_section_n
FAC_rank_vol_m3_n6_pairwise1,2015-12-31,CtrlVol,,46,skipped,完整变量样本数小于 min_cross_section_n
FAC_rank_vol_m3_n6_pairwise1,2015-12-31,as_偏股混合型基金,,46,skipped,完整变量样本数小于 min_cross_section_n
FAC_rank_vol_m3_n6_pairwise1,2015-12-31,Ctrl_log_fund_size,,46,skipped,完整变量样本数小于 min_cross_section_n
FAC_rank_vol_m3_n6_pairwise1,2015-12-31,Ctrl_fund_age,,46,skipped,完整变量样本数小于 min_cross_section_n
FAC_rank_vol_m3_n6_pairwise1,2016-01-29,FAC_rank_vol_m3_n6_pairwise1,,45,skipped,完整变量样本数小于 min_cross_section_n
FAC_rank_vol_m3_n6_pairwise1,2016-01-29,CtrlRetSTR,,45,skipped,完整变量样本数小于 min_cross_section_n
FAC_rank_vol_m3_n6_pairwise1,2016-01-29,CtrlRetLTM,,45,skipped,完整变量样本数小于 min_cross_section_n
FAC_rank_vol_m3_n6_pairwise1,2016-01-29,CtrlVol,,45,skipped,完整变量样本数小于 min_cross_section_n
FAC_rank_vol_m3_n6_pairwise1,2016-01-29,as_偏股混合型基金,,45,skipped,完整变量样本数小于 min_cross_section_n
FAC_rank_vol_m3_n6_pairwise1,2016-01-29,Ctrl_log_fund_size,,45,skipped,完整变量样本数小于 min_cross_section_n
FAC_rank_vol_m3_n6_pairwise1,2016-01-29,Ctrl_fund_age,,45,skipped,完整变量样本数小于 min_cross_section_n
FAC_rank_vol_m3_n6_pairwise1,2016-02-29,FAC_rank_vol_m3_n6_pairwise1,,47,skipped,完整变量样本数小于 min_cross_section_n
FAC_rank_vol_m3_n6_pairwise1,2016-02-29,CtrlRetSTR,,47,skipped,完整变量样本数小于 min_cross_section_n
FAC_rank_vol_m3_n6_pairwise1,2016-02-29,CtrlRetLTM,,47,skipped,完整变量样本数小于 min_cross_section_n
FAC_rank_vol_m3_n6_pairwise1,2016-02-29,CtrlVol,,47,skipped,完整变量样本数小于 min_cross_section_n
FAC_rank_vol_m3_n6_pairwise1,2016-02-29,as_偏股混合型基金,,47,skipped,完整变量样本数小于 min_cross_section_n
FAC_rank_vol_m3_n6_pairwise1,2016-02-29,Ctrl_log_fund_size,,47,skipped,完整变量样本数小于 min_cross_section_n
FAC_rank_vol_m3_n6_pairwise1,2016-02-29,Ctrl_fund_age,,47,skipped,完整变量样本数小于 min_cross_section_n
FAC_rank_vol_m3_n6_pairwise1,2016-03-31,FAC_rank_vol_m3_n6_pairwise1,,48,skipped,完整变量样本数小于 min_cross_section_n
FAC_rank_vol_m3_n6_pairwise1,2016-03-31,CtrlRetSTR,,48,skipped,完整变量样本数小于 min_cross_section_n
FAC_rank_vol_m3_n6_pairwise1,2016-03-31,CtrlRetLTM,,48,skipped,完整变量样本数小于 min_cross_section_n
FAC_rank_vol_m3_n6_pairwise1,2016-03-31,CtrlVol,,48,skipped,完整变量样本数小于 min_cross_section_n
FAC_rank_vol_m3_n6_pairwise1,2016-03-31,as_偏股混合型基金,,48,skipped,完整变量样本数小于 min_cross_section_n
FAC_rank_vol_m3_n6_pairwise1,2016-03-31,Ctrl_log_fund_size,,48,skipped,完整变量样本数小于 min_cross_section_n
FAC_rank_vol_m3_n6_pairwise1,2016-03-31,Ctrl_fund_age,,48,skipped,完整变量样本数小于 min_cross_section_n
FAC_rank_vol_m3_n6_pairwise1,2016-04-29,FAC_rank_vol_m3_n6_pairwise1,,48,skipped,完整变量样本数小于 min_cross_section_n
FAC_rank_vol_m3_n6_pairwise1,2016-04-29,CtrlRetSTR,,48,skipped,完整变量样本数小于 min_cross_section_n
FAC_rank_vol_m3_n6_pairwise1,2016-04-29,CtrlRetLTM,,48,skipped,完整变量样本数小于 min_cross_section_n
FAC_rank_vol_m3_n6_pairwise1,2016-04-29,CtrlVol,,48,skipped,完整变量样本数小于 min_cross_section_n
FAC_rank_vol_m3_n6_pairwise1,2016-04-29,as_偏股混合型基金,,48,skipped,完整变量样本数小于 min_cross_section_n
FAC_rank_vol_m3_n6_pairwise1,2016-04-29,Ctrl_log_fund_size,,48,skipped,完整变量样本数小于 min_cross_section_n
FAC_rank_vol_m3_n6_pairwise1,2016-04-29,Ctrl_fund_age,,48,skipped,完整变量样本数小于 min_cross_section_n
FAC_rank_vol_m3_n6_pairwise1,2016-05-31,FAC_rank_vol_m3_n6_pairwise1,1.2411490786887416,50,ok,
FAC_rank_vol_m3_n6_pairwise1,2016-05-31,CtrlRetSTR,1.1570055537696713,50,ok,
FAC_rank_vol_m3_n6_pairwise1,2016-05-31,CtrlRetLTM,2.1974605437538797,50,ok,
FAC_rank_vol_m3_n6_pairwise1,2016-05-31,CtrlVol,2.1613759505148025,50,ok,
FAC_rank_vol_m3_n6_pairwise1,2016-05-31,as_偏股混合型基金,1.5346126762374281,50,ok,
FAC_rank_vol_m3_n6_pairwise1,2016-05-31,Ctrl_log_fund_size,1.1634678637858615,50,ok,
FAC_rank_vol_m3_n6_pairwise1,2016-05-31,Ctrl_fund_age,1.3343395859922802,50,ok,
FAC_rank_vol_m3_n6_pairwise1,2016-06-30,FAC_rank_vol_m3_n6_pairwise1,1.7178342773889463,52,ok,
FAC_rank_vol_m3_n6_pairwise1,2016-06-30,CtrlRetSTR,1.4511404087972541,52,ok,
FAC_rank_vol_m3_n6_pairwise1,2016-06-30,CtrlRetLTM,1.2090566497941684,52,ok,
FAC_rank_vol_m3_n6_pairwise1,2016-06-30,CtrlVol,1.9574260216883952,52,ok,
FAC_rank_vol_m3_n6_pairwise1,2016-06-30,as_偏股混合型基金,1.3817087254136744,52,ok,
FAC_rank_vol_m3_n6_pairwise1,2016-06-30,Ctrl_log_fund_size,1.232307001036939,52,ok,
FAC_rank_vol_m3_n6_pairwise1,2016-06-30,Ctrl_fund_age,1.4069735415977913,52,ok,
FAC_rank_vol_m3_n6_pairwise1,2016-07-29,FAC_rank_vol_m3_n6_pairwise1,1.362326016500077,53,ok,
FAC_rank_vol_m3_n6_pairwise1,2016-07-29,CtrlRetSTR,1.516250025438058,53,ok,
FAC_rank_vol_m3_n6_pairwise1,2016-07-29,CtrlRetLTM,1.3598221361055318,53,ok,
FAC_rank_vol_m3_n6_pairwise1,2016-07-29,CtrlVol,1.4456525605658197,53,ok,
FAC_rank_vol_m3_n6_pairwise1,2016-07-29,as_偏股混合型基金,1.463173575898652,53,ok,
FAC_rank_vol_m3_n6_pairwise1,2016-07-29,Ctrl_log_fund_size,1.2275391143150691,53,ok,
FAC_rank_vol_m3_n6_pairwise1,2016-07-29,Ctrl_fund_age,1.5874151352492738,53,ok,
FAC_rank_vol_m3_n6_pairwise1,2016-08-31,FAC_rank_vol_m3_n6_pairwise1,1.1248729232989159,59,ok,
FAC_rank_vol_m3_n6_pairwise1,2016-08-31,CtrlRetSTR,1.1826534023461424,59,ok,
FAC_rank_vol_m3_n6_pairwise1,2016-08-31,CtrlRetLTM,1.159374898597609,59,ok,
FAC_rank_vol_m3_n6_pairwise1,2016-08-31,CtrlVol,1.1432975073426033,59,ok,
FAC_rank_vol_m3_n6_pairwise1,2016-08-31,as_偏股混合型基金,1.4297089941182954,59,ok,
FAC_rank_vol_m3_n6_pairwise1,2016-08-31,Ctrl_log_fund_size,1.2375766048820396,59,ok,
FAC_rank_vol_m3_n6_pairwise1,2016-08-31,Ctrl_fund_age,1.529621237060307,59,ok,
FAC_rank_vol_m3_n6_pairwise1,2016-09-30,FAC_rank_vol_m3_n6_pairwise1,1.344089007491581,63,ok,
FAC_rank_vol_m3_n6_pairwise1,2016-09-30,CtrlRetSTR,1.2475133429476335,63,ok,
FAC_rank_vol_m3_n6_pairwise1,2016-09-30,CtrlRetLTM,1.1098187976918277,63,ok,
FAC_rank_vol_m3_n6_pairwise1,2016-09-30,CtrlVol,1.1600375290269138,63,ok,
FAC_rank_vol_m3_n6_pairwise1,2016-09-30,as_偏股混合型基金,1.4409987444146772,63,ok,
FAC_rank_vol_m3_n6_pairwise1,2016-09-30,Ctrl_log_fund_size,1.0790154641584055,63,ok,
FAC_rank_vol_m3_n6_pairwise1,2016-09-30,Ctrl_fund_age,1.563479713546732,63,ok,
FAC_rank_vol_m3_n6_pairwise1,2016-10-31,FAC_rank_vol_m3_n6_pairwise1,1.4658977207436876,70,ok,
FAC_rank_vol_m3_n6_pairwise1,2016-10-31,CtrlRetSTR,1.3636593350834052,70,ok,
FAC_rank_vol_m3_n6_pairwise1,2016-10-31,CtrlRetLTM,1.5952286087772196,70,ok,
FAC_rank_vol_m3_n6_pairwise1,2016-10-31,CtrlVol,1.1976036914257544,70,ok,
FAC_rank_vol_m3_n6_pairwise1,2016-10-31,as_偏股混合型基金,1.620993747330905,70,ok,
FAC_rank_vol_m3_n6_pairwise1,2016-10-31,Ctrl_log_fund_size,1.1617497625912785,70,ok,
FAC_rank_vol_m3_n6_pairwise1,2016-10-31,Ctrl_fund_age,1.6457329751040413,70,ok,
FAC_rank_vol_m3_n6_pairwise1,2016-11-30,FAC_rank_vol_m3_n6_pairwise1,1.183260991822754,76,ok,
FAC_rank_vol_m3_n6_pairwise1,2016-11-30,CtrlRetSTR,1.2783932736537207,76,ok,
FAC_rank_vol_m3_n6_pairwise1,2016-11-30,CtrlRetLTM,1.7003128609257605,76,ok,
FAC_rank_vol_m3_n6_pairwise1,2016-11-30,CtrlVol,1.5765823380826263,76,ok,
FAC_rank_vol_m3_n6_pairwise1,2016-11-30,as_偏股混合型基金,1.7156546949300178,76,ok,
FAC_rank_vol_m3_n6_pairwise1,2016-11-30,Ctrl_log_fund_size,1.1041848843277597,76,ok,
FAC_rank_vol_m3_n6_pairwise1,2016-11-30,Ctrl_fund_age,1.8750669349011473,76,ok,
FAC_rank_vol_m3_n6_pairwise1,2016-12-30,FAC_rank_vol_m3_n6_pairwise1,1.3717027302327767,87,ok,
FAC_rank_vol_m3_n6_pairwise1,2016-12-30,CtrlRetSTR,1.3570193120273064,87,ok,
FAC_rank_vol_m3_n6_pairwise1,2016-12-30,CtrlRetLTM,1.8067770551699587,87,ok,
FAC_rank_vol_m3_n6_pairwise1,2016-12-30,CtrlVol,1.709401141770533,87,ok,
FAC_rank_vol_m3_n6_pairwise1,2016-12-30,as_偏股混合型基金,1.7745602134307163,87,ok,
FAC_rank_vol_m3_n6_pairwise1,2016-12-30,Ctrl_log_fund_size,1.0747209666213546,87,ok,
FAC_rank_vol_m3_n6_pairwise1,2016-12-30,Ctrl_fund_age,1.8397139013948187,87,ok,
FAC_rank_vol_m3_n6_pairwise1,2017-01-26,FAC_rank_vol_m3_n6_pairwise1,1.4423339002450077,97,ok,
FAC_rank_vol_m3_n6_pairwise1,2017-01-26,CtrlRetSTR,1.449725421315128,97,ok,
FAC_rank_vol_m3_n6_pairwise1,2017-01-26,CtrlRetLTM,1.3062545899002753,97,ok,
FAC_rank_vol_m3_n6_pairwise1,2017-01-26,CtrlVol,1.483446286638799,97,ok,
FAC_rank_vol_m3_n6_pairwise1,2017-01-26,as_偏股混合型基金,1.9415734888172473,97,ok,
FAC_rank_vol_m3_n6_pairwise1,2017-01-26,Ctrl_log_fund_size,1.162679811606023,97,ok,
FAC_rank_vol_m3_n6_pairwise1,2017-01-26,Ctrl_fund_age,1.8476954045604972,97,ok,
FAC_rank_vol_m3_n6_pairwise1,2017-02-28,FAC_rank_vol_m3_n6_pairwise1,1.410772037389302,110,ok,
FAC_rank_vol_m3_n6_pairwise1,2017-02-28,CtrlRetSTR,1.1765224095901068,110,ok,
FAC_rank_vol_m3_n6_pairwise1,2017-02-28,CtrlRetLTM,1.7578722003372758,110,ok,
FAC_rank_vol_m3_n6_pairwise1,2017-02-28,CtrlVol,1.4142816367832243,110,ok,
FAC_rank_vol_m3_n6_pairwise1,2017-02-28,as_偏股混合型基金,1.6773864846899913,110,ok,
FAC_rank_vol_m3_n6_pairwise1,2017-02-28,Ctrl_log_fund_size,1.1002846554049108,110,ok,
FAC_rank_vol_m3_n6_pairwise1,2017-02-28,Ctrl_fund_age,1.640687521619117,110,ok,
FAC_rank_vol_m3_n6_pairwise1,2017-03-31,FAC_rank_vol_m3_n6_pairwise1,1.097437871860421,111,ok,
FAC_rank_vol_m3_n6_pairwise1,2017-03-31,CtrlRetSTR,1.0364647192118064,111,ok,
FAC_rank_vol_m3_n6_pairwise1,2017-03-31,CtrlRetLTM,1.1398634187536372,111,ok,
FAC_rank_vol_m3_n6_pairwise1,2017-03-31,CtrlVol,1.0424850567584907,111,ok,
FAC_rank_vol_m3_n6_pairwise1,2017-03-31,as_偏股混合型基金,1.7039466975190851,111,ok,
FAC_rank_vol_m3_n6_pairwise1,2017-03-31,Ctrl_log_fund_size,1.1128517318372415,111,ok,
FAC_rank_vol_m3_n6_pairwise1,2017-03-31,Ctrl_fund_age,1.7176343397395164,111,ok,
FAC_rank_vol_m3_n6_pairwise1,2017-04-28,FAC_rank_vol_m3_n6_pairwise1,1.2711975036961767,115,ok,
FAC_rank_vol_m3_n6_pairwise1,2017-04-28,CtrlRetSTR,1.095110551195301,115,ok,
FAC_rank_vol_m3_n6_pairwise1,2017-04-28,CtrlRetLTM,1.1815349534164206,115,ok,
FAC_rank_vol_m3_n6_pairwise1,2017-04-28,CtrlVol,1.1958345977235012,115,ok,
FAC_rank_vol_m3_n6_pairwise1,2017-04-28,as_偏股混合型基金,1.7718768246939367,115,ok,
FAC_rank_vol_m3_n6_pairwise1,2017-04-28,Ctrl_log_fund_size,1.1740427814865455,115,ok,
FAC_rank_vol_m3_n6_pairwise1,2017-04-28,Ctrl_fund_age,1.7727544333870648,115,ok,
FAC_rank_vol_m3_n6_pairwise1,2017-05-31,FAC_rank_vol_m3_n6_pairwise1,1.3198438812338877,119,ok,
FAC_rank_vol_m3_n6_pairwise1,2017-05-31,CtrlRetSTR,1.3256600616688508,119,ok,
FAC_rank_vol_m3_n6_pairwise1,2017-05-31,CtrlRetLTM,1.2492508416632413,119,ok,
FAC_rank_vol_m3_n6_pairwise1,2017-05-31,CtrlVol,1.053787669936828,119,ok,
FAC_rank_vol_m3_n6_pairwise1,2017-05-31,as_偏股混合型基金,1.8781288876783173,119,ok,
FAC_rank_vol_m3_n6_pairwise1,2017-05-31,Ctrl_log_fund_size,1.2181498734742646,119,ok,
FAC_rank_vol_m3_n6_pairwise1,2017-05-31,Ctrl_fund_age,1.8434462349851846,119,ok,
FAC_rank_vol_m3_n6_pairwise1,2017-06-30,FAC_rank_vol_m3_n6_pairwise1,1.3781081024907549,117,ok,
FAC_rank_vol_m3_n6_pairwise1,2017-06-30,CtrlRetSTR,1.6199022275148482,117,ok,
FAC_rank_vol_m3_n6_pairwise1,2017-06-30,CtrlRetLTM,1.5157435223250175,117,ok,
FAC_rank_vol_m3_n6_pairwise1,2017-06-30,CtrlVol,1.6085841939826089,117,ok,
FAC_rank_vol_m3_n6_pairwise1,2017-06-30,as_偏股混合型基金,1.8617550222136958,117,ok,
FAC_rank_vol_m3_n6_pairwise1,2017-06-30,Ctrl_log_fund_size,1.2970099671769502,117,ok,
FAC_rank_vol_m3_n6_pairwise1,2017-06-30,Ctrl_fund_age,1.8687498231209163,117,ok,
FAC_rank_vol_m3_n6_pairwise1,2017-07-31,FAC_rank_vol_m3_n6_pairwise1,1.3863197431200585,119,ok,
FAC_rank_vol_m3_n6_pairwise1,2017-07-31,CtrlRetSTR,1.1700760028718895,119,ok,
FAC_rank_vol_m3_n6_pairwise1,2017-07-31,CtrlRetLTM,1.5156029961917141,119,ok,
FAC_rank_vol_m3_n6_pairwise1,2017-07-31,CtrlVol,1.1675050695984581,119,ok,
FAC_rank_vol_m3_n6_pairwise1,2017-07-31,as_偏股混合型基金,1.8197641956250064,119,ok,
FAC_rank_vol_m3_n6_pairwise1,2017-07-31,Ctrl_log_fund_size,1.2942630394537307,119,ok,
FAC_rank_vol_m3_n6_pairwise1,2017-07-31,Ctrl_fund_age,1.9018096833235782,119,ok,
FAC_rank_vol_m3_n6_pairwise1,2017-08-31,FAC_rank_vol_m3_n6_pairwise1,1.3660128052314848,123,ok,
FAC_rank_vol_m3_n6_pairwise1,2017-08-31,CtrlRetSTR,1.3216084262909706,123,ok,
FAC_rank_vol_m3_n6_pairwise1,2017-08-31,CtrlRetLTM,1.3833736367468215,123,ok,
FAC_rank_vol_m3_n6_pairwise1,2017-08-31,CtrlVol,1.2709073858143858,123,ok,
FAC_rank_vol_m3_n6_pairwise1,2017-08-31,as_偏股混合型基金,1.9477649347667059,123,ok,
FAC_rank_vol_m3_n6_pairwise1,2017-08-31,Ctrl_log_fund_size,1.1423626433015106,123,ok,
FAC_rank_vol_m3_n6_pairwise1,2017-08-31,Ctrl_fund_age,2.138739653758422,123,ok,
FAC_rank_vol_m3_n6_pairwise1,2017-09-29,FAC_rank_vol_m3_n6_pairwise1,1.3616352644410825,128,ok,
FAC_rank_vol_m3_n6_pairwise1,2017-09-29,CtrlRetSTR,1.3681427464084177,128,ok,
FAC_rank_vol_m3_n6_pairwise1,2017-09-29,CtrlRetLTM,1.4994566811281502,128,ok,
FAC_rank_vol_m3_n6_pairwise1,2017-09-29,CtrlVol,1.1382618166561582,128,ok,
FAC_rank_vol_m3_n6_pairwise1,2017-09-29,as_偏股混合型基金,1.9783083845168825,128,ok,
FAC_rank_vol_m3_n6_pairwise1,2017-09-29,Ctrl_log_fund_size,1.1819500678579957,128,ok,
FAC_rank_vol_m3_n6_pairwise1,2017-09-29,Ctrl_fund_age,2.262126558072326,128,ok,
FAC_rank_vol_m3_n6_pairwise1,2017-10-31,FAC_rank_vol_m3_n6_pairwise1,1.2316337786634555,129,ok,
FAC_rank_vol_m3_n6_pairwise1,2017-10-31,CtrlRetSTR,1.1329630346993607,129,ok,
FAC_rank_vol_m3_n6_pairwise1,2017-10-31,CtrlRetLTM,1.2923677352539888,129,ok,
FAC_rank_vol_m3_n6_pairwise1,2017-10-31,CtrlVol,1.0582828595245999,129,ok,
FAC_rank_vol_m3_n6_pairwise1,2017-10-31,as_偏股混合型基金,1.8393485830828151,129,ok,
FAC_rank_vol_m3_n6_pairwise1,2017-10-31,Ctrl_log_fund_size,1.2131186414156978,129,ok,
FAC_rank_vol_m3_n6_pairwise1,2017-10-31,Ctrl_fund_age,1.9530209242088497,129,ok,
FAC_rank_vol_m3_n6_pairwise1,2017-11-30,FAC_rank_vol_m3_n6_pairwise1,1.2220765239656624,137,ok,
FAC_rank_vol_m3_n6_pairwise1,2017-11-30,CtrlRetSTR,1.3437822839245457,137,ok,
FAC_rank_vol_m3_n6_pairwise1,2017-11-30,CtrlRetLTM,1.318188282162065,137,ok,
FAC_rank_vol_m3_n6_pairwise1,2017-11-30,CtrlVol,1.370450558823691,137,ok,
FAC_rank_vol_m3_n6_pairwise1,2017-11-30,as_偏股混合型基金,1.7356264032932152,137,ok,
FAC_rank_vol_m3_n6_pairwise1,2017-11-30,Ctrl_log_fund_size,1.172708200140589,137,ok,
FAC_rank_vol_m3_n6_pairwise1,2017-11-30,Ctrl_fund_age,1.7965593889130245,137,ok,
FAC_rank_vol_m3_n6_pairwise1,2017-12-29,FAC_rank_vol_m3_n6_pairwise1,1.3627769794642004,136,ok,
FAC_rank_vol_m3_n6_pairwise1,2017-12-29,CtrlRetSTR,1.281547263507806,136,ok,
FAC_rank_vol_m3_n6_pairwise1,2017-12-29,CtrlRetLTM,1.2310716189922566,136,ok,
FAC_rank_vol_m3_n6_pairwise1,2017-12-29,CtrlVol,1.1644612977461686,136,ok,
FAC_rank_vol_m3_n6_pairwise1,2017-12-29,as_偏股混合型基金,1.6130830995483574,136,ok,
FAC_rank_vol_m3_n6_pairwise1,2017-12-29,Ctrl_log_fund_size,1.2044772726982178,136,ok,
FAC_rank_vol_m3_n6_pairwise1,2017-12-29,Ctrl_fund_age,1.7577189251746963,136,ok,
FAC_rank_vol_m3_n6_pairwise1,2018-01-31,FAC_rank_vol_m3_n6_pairwise1,1.6040740919981367,135,ok,
FAC_rank_vol_m3_n6_pairwise1,2018-01-31,CtrlRetSTR,1.324564016878697,135,ok,
FAC_rank_vol_m3_n6_pairwise1,2018-01-31,CtrlRetLTM,1.3150225629692196,135,ok,
FAC_rank_vol_m3_n6_pairwise1,2018-01-31,CtrlVol,1.4124778634704391,135,ok,
FAC_rank_vol_m3_n6_pairwise1,2018-01-31,as_偏股混合型基金,1.590334831732882,135,ok,
FAC_rank_vol_m3_n6_pairwise1,2018-01-31,Ctrl_log_fund_size,1.3677371249524692,135,ok,
FAC_rank_vol_m3_n6_pairwise1,2018-01-31,Ctrl_fund_age,1.8373228361512515,135,ok,
FAC_rank_vol_m3_n6_pairwise1,2018-02-28,FAC_rank_vol_m3_n6_pairwise1,1.3698863726418862,135,ok,
FAC_rank_vol_m3_n6_pairwise1,2018-02-28,CtrlRetSTR,1.2468238275551655,135,ok,
FAC_rank_vol_m3_n6_pairwise1,2018-02-28,CtrlRetLTM,1.3558929463792988,135,ok,
FAC_rank_vol_m3_n6_pairwise1,2018-02-28,CtrlVol,1.2670010105380245,135,ok,
FAC_rank_vol_m3_n6_pairwise1,2018-02-28,as_偏股混合型基金,1.6178661229468019,135,ok,
FAC_rank_vol_m3_n6_pairwise1,2018-02-28,Ctrl_log_fund_size,1.3851362645409657,135,ok,
FAC_rank_vol_m3_n6_pairwise1,2018-02-28,Ctrl_fund_age,1.9214300229347363,135,ok,
FAC_rank_vol_m3_n6_pairwise1,2018-03-30,FAC_rank_vol_m3_n6_pairwise1,1.2608262855304486,135,ok,
FAC_rank_vol_m3_n6_pairwise1,2018-03-30,CtrlRetSTR,1.2912631003996737,135,ok,
FAC_rank_vol_m3_n6_pairwise1,2018-03-30,CtrlRetLTM,1.6084002882189976,135,ok,
FAC_rank_vol_m3_n6_pairwise1,2018-03-30,CtrlVol,1.1988455613358484,135,ok,
FAC_rank_vol_m3_n6_pairwise1,2018-03-30,as_偏股混合型基金,1.5060533733052945,135,ok,
FAC_rank_vol_m3_n6_pairwise1,2018-03-30,Ctrl_log_fund_size,1.3279269157573461,135,ok,
FAC_rank_vol_m3_n6_pairwise1,2018-03-30,Ctrl_fund_age,1.8170192876604967,135,ok,
FAC_rank_vol_m3_n6_pairwise1,2018-04-27,FAC_rank_vol_m3_n6_pairwise1,1.2714069081050154,138,ok,
FAC_rank_vol_m3_n6_pairwise1,2018-04-27,CtrlRetSTR,1.0561316320190508,138,ok,
FAC_rank_vol_m3_n6_pairwise1,2018-04-27,CtrlRetLTM,1.698640922997362,138,ok,
FAC_rank_vol_m3_n6_pairwise1,2018-04-27,CtrlVol,1.3183047587387229,138,ok,
FAC_rank_vol_m3_n6_pairwise1,2018-04-27,as_偏股混合型基金,1.5600612754056928,138,ok,
FAC_rank_vol_m3_n6_pairwise1,2018-04-27,Ctrl_log_fund_size,1.2930947022833594,138,ok,
FAC_rank_vol_m3_n6_pairwise1,2018-04-27,Ctrl_fund_age,1.7786646479853008,138,ok,
FAC_rank_vol_m3_n6_pairwise1,2018-05-31,FAC_rank_vol_m3_n6_pairwise1,1.2438402525835668,141,ok,
FAC_rank_vol_m3_n6_pairwise1,2018-05-31,CtrlRetSTR,1.1910511904858665,141,ok,
FAC_rank_vol_m3_n6_pairwise1,2018-05-31,CtrlRetLTM,1.419542684664214,141,ok,
FAC_rank_vol_m3_n6_pairwise1,2018-05-31,CtrlVol,1.2162044232492395,141,ok,
FAC_rank_vol_m3_n6_pairwise1,2018-05-31,as_偏股混合型基金,1.5854260695902922,141,ok,
FAC_rank_vol_m3_n6_pairwise1,2018-05-31,Ctrl_log_fund_size,1.1660114526065561,141,ok,
FAC_rank_vol_m3_n6_pairwise1,2018-05-31,Ctrl_fund_age,1.7660363288962475,141,ok,
FAC_rank_vol_m3_n6_pairwise1,2018-06-29,FAC_rank_vol_m3_n6_pairwise1,1.214910064496423,139,ok,
FAC_rank_vol_m3_n6_pairwise1,2018-06-29,CtrlRetSTR,1.1840164426944872,139,ok,
FAC_rank_vol_m3_n6_pairwise1,2018-06-29,CtrlRetLTM,1.556852482380408,139,ok,
FAC_rank_vol_m3_n6_pairwise1,2018-06-29,CtrlVol,1.4116718767772833,139,ok,
FAC_rank_vol_m3_n6_pairwise1,2018-06-29,as_偏股混合型基金,1.612868667197291,139,ok,
FAC_rank_vol_m3_n6_pairwise1,2018-06-29,Ctrl_log_fund_size,1.1408979247235145,139,ok,
FAC_rank_vol_m3_n6_pairwise1,2018-06-29,Ctrl_fund_age,1.7688270071447485,139,ok,
FAC_rank_vol_m3_n6_pairwise1,2018-07-31,FAC_rank_vol_m3_n6_pairwise1,1.2554034421769062,136,ok,
FAC_rank_vol_m3_n6_pairwise1,2018-07-31,CtrlRetSTR,1.5030273921106323,136,ok,
FAC_rank_vol_m3_n6_pairwise1,2018-07-31,CtrlRetLTM,1.5346664429177304,136,ok,
FAC_rank_vol_m3_n6_pairwise1,2018-07-31,CtrlVol,1.6165453402285175,136,ok,
FAC_rank_vol_m3_n6_pairwise1,2018-07-31,as_偏股混合型基金,1.6888078830155964,136,ok,
FAC_rank_vol_m3_n6_pairwise1,2018-07-31,Ctrl_log_fund_size,1.280658934578688,136,ok,
FAC_rank_vol_m3_n6_pairwise1,2018-07-31,Ctrl_fund_age,1.9093432748425816,136,ok,
FAC_rank_vol_m3_n6_pairwise1,2018-08-31,FAC_rank_vol_m3_n6_pairwise1,1.7306559669308677,137,ok,
FAC_rank_vol_m3_n6_pairwise1,2018-08-31,CtrlRetSTR,2.038819753088782,137,ok,
FAC_rank_vol_m3_n6_pairwise1,2018-08-31,CtrlRetLTM,1.6497198883549635,137,ok,
FAC_rank_vol_m3_n6_pairwise1,2018-08-31,CtrlVol,1.828602482340749,137,ok,
FAC_rank_vol_m3_n6_pairwise1,2018-08-31,as_偏股混合型基金,1.6602082542786776,137,ok,
FAC_rank_vol_m3_n6_pairwise1,2018-08-31,Ctrl_log_fund_size,1.2751186530135188,137,ok,
FAC_rank_vol_m3_n6_pairwise1,2018-08-31,Ctrl_fund_age,1.9156233062201222,137,ok,
FAC_rank_vol_m3_n6_pairwise1,2018-09-28,FAC_rank_vol_m3_n6_pairwise1,1.3976195933657827,138,ok,
FAC_rank_vol_m3_n6_pairwise1,2018-09-28,CtrlRetSTR,1.2133721262541637,138,ok,
FAC_rank_vol_m3_n6_pairwise1,2018-09-28,CtrlRetLTM,1.4543191680186225,138,ok,
FAC_rank_vol_m3_n6_pairwise1,2018-09-28,CtrlVol,1.3914266599173606,138,ok,
FAC_rank_vol_m3_n6_pairwise1,2018-09-28,as_偏股混合型基金,1.6369805491802725,138,ok,
FAC_rank_vol_m3_n6_pairwise1,2018-09-28,Ctrl_log_fund_size,1.232980317246824,138,ok,
FAC_rank_vol_m3_n6_pairwise1,2018-09-28,Ctrl_fund_age,1.796413175809209,138,ok,
FAC_rank_vol_m3_n6_pairwise1,2018-10-31,FAC_rank_vol_m3_n6_pairwise1,1.3627062144276494,135,ok,
FAC_rank_vol_m3_n6_pairwise1,2018-10-31,CtrlRetSTR,2.076473895524718,135,ok,
FAC_rank_vol_m3_n6_pairwise1,2018-10-31,CtrlRetLTM,1.2226269407296189,135,ok,
FAC_rank_vol_m3_n6_pairwise1,2018-10-31,CtrlVol,2.523922526486401,135,ok,
FAC_rank_vol_m3_n6_pairwise1,2018-10-31,as_偏股混合型基金,1.6010071704870616,135,ok,
FAC_rank_vol_m3_n6_pairwise1,2018-10-31,Ctrl_log_fund_size,1.204446288682527,135,ok,
FAC_rank_vol_m3_n6_pairwise1,2018-10-31,Ctrl_fund_age,1.69685503974959,135,ok,
FAC_rank_vol_m3_n6_pairwise1,2018-11-30,FAC_rank_vol_m3_n6_pairwise1,1.57949699473802,137,ok,
FAC_rank_vol_m3_n6_pairwise1,2018-11-30,CtrlRetSTR,1.122232650913476,137,ok,
FAC_rank_vol_m3_n6_pairwise1,2018-11-30,CtrlRetLTM,1.194961394577191,137,ok,
FAC_rank_vol_m3_n6_pairwise1,2018-11-30,CtrlVol,1.76367621146618,137,ok,
FAC_rank_vol_m3_n6_pairwise1,2018-11-30,as_偏股混合型基金,1.6315966372195256,137,ok,
FAC_rank_vol_m3_n6_pairwise1,2018-11-30,Ctrl_log_fund_size,1.1466391059323908,137,ok,
FAC_rank_vol_m3_n6_pairwise1,2018-11-30,Ctrl_fund_age,1.5866136046521184,137,ok,
FAC_rank_vol_m3_n6_pairwise1,2018-12-28,FAC_rank_vol_m3_n6_pairwise1,1.459248786447961,140,ok,
FAC_rank_vol_m3_n6_pairwise1,2018-12-28,CtrlRetSTR,1.1356617166962828,140,ok,
FAC_rank_vol_m3_n6_pairwise1,2018-12-28,CtrlRetLTM,1.318526688424939,140,ok,
FAC_rank_vol_m3_n6_pairwise1,2018-12-28,CtrlVol,1.6573391167097853,140,ok,
FAC_rank_vol_m3_n6_pairwise1,2018-12-28,as_偏股混合型基金,1.9082474977114265,140,ok,
FAC_rank_vol_m3_n6_pairwise1,2018-12-28,Ctrl_log_fund_size,1.16663861667983,140,ok,
FAC_rank_vol_m3_n6_pairwise1,2018-12-28,Ctrl_fund_age,1.7875664560748032,140,ok,
FAC_rank_vol_m3_n6_pairwise1,2019-01-31,FAC_rank_vol_m3_n6_pairwise1,1.3097389895492388,135,ok,
FAC_rank_vol_m3_n6_pairwise1,2019-01-31,CtrlRetSTR,1.4308500995523528,135,ok,
FAC_rank_vol_m3_n6_pairwise1,2019-01-31,CtrlRetLTM,1.3122347379208497,135,ok,
FAC_rank_vol_m3_n6_pairwise1,2019-01-31,CtrlVol,1.6868420318179498,135,ok,
FAC_rank_vol_m3_n6_pairwise1,2019-01-31,as_偏股混合型基金,1.653236943466324,135,ok,
FAC_rank_vol_m3_n6_pairwise1,2019-01-31,Ctrl_log_fund_size,1.1397579446424575,135,ok,
FAC_rank_vol_m3_n6_pairwise1,2019-01-31,Ctrl_fund_age,1.6272067057195823,135,ok,
FAC_rank_vol_m3_n6_pairwise1,2019-02-28,FAC_rank_vol_m3_n6_pairwise1,1.0862528474924749,142,ok,
FAC_rank_vol_m3_n6_pairwise1,2019-02-28,CtrlRetSTR,1.2313003102601625,142,ok,
FAC_rank_vol_m3_n6_pairwise1,2019-02-28,CtrlRetLTM,1.1582987194852543,142,ok,
FAC_rank_vol_m3_n6_pairwise1,2019-02-28,CtrlVol,1.162308698524029,142,ok,
FAC_rank_vol_m3_n6_pairwise1,2019-02-28,as_偏股混合型基金,1.6002798645164116,142,ok,
FAC_rank_vol_m3_n6_pairwise1,2019-02-28,Ctrl_log_fund_size,1.225265795662689,142,ok,
FAC_rank_vol_m3_n6_pairwise1,2019-02-28,Ctrl_fund_age,1.654585607054228,142,ok,
FAC_rank_vol_m3_n6_pairwise1,2019-03-29,FAC_rank_vol_m3_n6_pairwise1,1.1535004491773975,144,ok,
FAC_rank_vol_m3_n6_pairwise1,2019-03-29,CtrlRetSTR,1.317511067665579,144,ok,
FAC_rank_vol_m3_n6_pairwise1,2019-03-29,CtrlRetLTM,1.0730093223302473,144,ok,
FAC_rank_vol_m3_n6_pairwise1,2019-03-29,CtrlVol,1.2642081056293302,144,ok,
FAC_rank_vol_m3_n6_pairwise1,2019-03-29,as_偏股混合型基金,1.4527906331761686,144,ok,
FAC_rank_vol_m3_n6_pairwise1,2019-03-29,Ctrl_log_fund_size,1.1584066399550657,144,ok,
FAC_rank_vol_m3_n6_pairwise1,2019-03-29,Ctrl_fund_age,1.522408822196111,144,ok,
FAC_rank_vol_m3_n6_pairwise1,2019-04-30,FAC_rank_vol_m3_n6_pairwise1,1.161436728709924,144,ok,
FAC_rank_vol_m3_n6_pairwise1,2019-04-30,CtrlRetSTR,1.1827910879444223,144,ok,
FAC_rank_vol_m3_n6_pairwise1,2019-04-30,CtrlRetLTM,1.120534978528542,144,ok,
FAC_rank_vol_m3_n6_pairwise1,2019-04-30,CtrlVol,1.1424161312989078,144,ok,
FAC_rank_vol_m3_n6_pairwise1,2019-04-30,as_偏股混合型基金,1.5420164466309993,144,ok,
FAC_rank_vol_m3_n6_pairwise1,2019-04-30,Ctrl_log_fund_size,1.1673224136455114,144,ok,
FAC_rank_vol_m3_n6_pairwise1,2019-04-30,Ctrl_fund_age,1.6689230438232958,144,ok,
FAC_rank_vol_m3_n6_pairwise1,2019-05-31,FAC_rank_vol_m3_n6_pairwise1,1.2244428800058857,145,ok,
FAC_rank_vol_m3_n6_pairwise1,2019-05-31,CtrlRetSTR,1.0389062457209877,145,ok,
FAC_rank_vol_m3_n6_pairwise1,2019-05-31,CtrlRetLTM,1.1610180946244617,145,ok,
FAC_rank_vol_m3_n6_pairwise1,2019-05-31,CtrlVol,1.0482434129654263,145,ok,
FAC_rank_vol_m3_n6_pairwise1,2019-05-31,as_偏股混合型基金,1.4514767151340353,145,ok,
FAC_rank_vol_m3_n6_pairwise1,2019-05-31,Ctrl_log_fund_size,1.1595856902214623,145,ok,
FAC_rank_vol_m3_n6_pairwise1,2019-05-31,Ctrl_fund_age,1.5641364191587503,145,ok,
FAC_rank_vol_m3_n6_pairwise1,2019-06-28,FAC_rank_vol_m3_n6_pairwise1,1.3194097095713246,149,ok,
FAC_rank_vol_m3_n6_pairwise1,2019-06-28,CtrlRetSTR,1.2166507307698973,149,ok,
FAC_rank_vol_m3_n6_pairwise1,2019-06-28,CtrlRetLTM,1.3586993956963207,149,ok,
FAC_rank_vol_m3_n6_pairwise1,2019-06-28,CtrlVol,1.1729050543192372,149,ok,
FAC_rank_vol_m3_n6_pairwise1,2019-06-28,as_偏股混合型基金,1.4987226194906047,149,ok,
FAC_rank_vol_m3_n6_pairwise1,2019-06-28,Ctrl_log_fund_size,1.201316397118782,149,ok,
FAC_rank_vol_m3_n6_pairwise1,2019-06-28,Ctrl_fund_age,1.5801689977840012,149,ok,
FAC_rank_vol_m3_n6_pairwise1,2019-07-31,FAC_rank_vol_m3_n6_pairwise1,1.1280330845808395,151,ok,
FAC_rank_vol_m3_n6_pairwise1,2019-07-31,CtrlRetSTR,1.1460658198758442,151,ok,
FAC_rank_vol_m3_n6_pairwise1,2019-07-31,CtrlRetLTM,1.120940020819942,151,ok,
FAC_rank_vol_m3_n6_pairwise1,2019-07-31,CtrlVol,1.1043807898093383,151,ok,
FAC_rank_vol_m3_n6_pairwise1,2019-07-31,as_偏股混合型基金,1.404214989562228,151,ok,
FAC_rank_vol_m3_n6_pairwise1,2019-07-31,Ctrl_log_fund_size,1.3264154717132648,151,ok,
FAC_rank_vol_m3_n6_pairwise1,2019-07-31,Ctrl_fund_age,1.6068628923769008,151,ok,
FAC_rank_vol_m3_n6_pairwise1,2019-08-30,FAC_rank_vol_m3_n6_pairwise1,1.1993008142200368,150,ok,
FAC_rank_vol_m3_n6_pairwise1,2019-08-30,CtrlRetSTR,1.1998764478543968,150,ok,
FAC_rank_vol_m3_n6_pairwise1,2019-08-30,CtrlRetLTM,1.1896519545240731,150,ok,
FAC_rank_vol_m3_n6_pairwise1,2019-08-30,CtrlVol,1.1502002112381782,150,ok,
FAC_rank_vol_m3_n6_pairwise1,2019-08-30,as_偏股混合型基金,1.363408150549088,150,ok,
FAC_rank_vol_m3_n6_pairwise1,2019-08-30,Ctrl_log_fund_size,1.195861346342097,150,ok,
FAC_rank_vol_m3_n6_pairwise1,2019-08-30,Ctrl_fund_age,1.5548844574085208,150,ok,
FAC_rank_vol_m3_n6_pairwise1,2019-09-30,FAC_rank_vol_m3_n6_pairwise1,1.0544251490588967,152,ok,
FAC_rank_vol_m3_n6_pairwise1,2019-09-30,CtrlRetSTR,1.2157222232089362,152,ok,
FAC_rank_vol_m3_n6_pairwise1,2019-09-30,CtrlRetLTM,1.2318581684383523,152,ok,
FAC_rank_vol_m3_n6_pairwise1,2019-09-30,CtrlVol,1.2467165513357787,152,ok,
FAC_rank_vol_m3_n6_pairwise1,2019-09-30,as_偏股混合型基金,1.3146778081664643,152,ok,
FAC_rank_vol_m3_n6_pairwise1,2019-09-30,Ctrl_log_fund_size,1.2191199863418183,152,ok,
FAC_rank_vol_m3_n6_pairwise1,2019-09-30,Ctrl_fund_age,1.4798702343838281,152,ok,
FAC_rank_vol_m3_n6_pairwise1,2019-10-31,FAC_rank_vol_m3_n6_pairwise1,1.0988859599852387,156,ok,
FAC_rank_vol_m3_n6_pairwise1,2019-10-31,CtrlRetSTR,1.0416460865905204,156,ok,
FAC_rank_vol_m3_n6_pairwise1,2019-10-31,CtrlRetLTM,1.9094492605751547,156,ok,
FAC_rank_vol_m3_n6_pairwise1,2019-10-31,CtrlVol,1.8714781566700898,156,ok,
FAC_rank_vol_m3_n6_pairwise1,2019-10-31,as_偏股混合型基金,1.3880645910523155,156,ok,
FAC_rank_vol_m3_n6_pairwise1,2019-10-31,Ctrl_log_fund_size,1.1979990056505703,156,ok,
FAC_rank_vol_m3_n6_pairwise1,2019-10-31,Ctrl_fund_age,1.5132538806597988,156,ok,
FAC_rank_vol_m3_n6_pairwise1,2019-11-29,FAC_rank_vol_m3_n6_pairwise1,1.1333063578367726,163,ok,
FAC_rank_vol_m3_n6_pairwise1,2019-11-29,CtrlRetSTR,1.1308995913722053,163,ok,
FAC_rank_vol_m3_n6_pairwise1,2019-11-29,CtrlRetLTM,1.4664577887752288,163,ok,
FAC_rank_vol_m3_n6_pairwise1,2019-11-29,CtrlVol,1.350099645362987,163,ok,
FAC_rank_vol_m3_n6_pairwise1,2019-11-29,as_偏股混合型基金,1.3834667470558368,163,ok,
FAC_rank_vol_m3_n6_pairwise1,2019-11-29,Ctrl_log_fund_size,1.2175890224263426,163,ok,
FAC_rank_vol_m3_n6_pairwise1,2019-11-29,Ctrl_fund_age,1.529808445504534,163,ok,
FAC_rank_vol_m3_n6_pairwise1,2019-12-31,FAC_rank_vol_m3_n6_pairwise1,1.1338875161268784,171,ok,
FAC_rank_vol_m3_n6_pairwise1,2019-12-31,CtrlRetSTR,1.1910547129590292,171,ok,
FAC_rank_vol_m3_n6_pairwise1,2019-12-31,CtrlRetLTM,1.9890048146660062,171,ok,
FAC_rank_vol_m3_n6_pairwise1,2019-12-31,CtrlVol,1.7264069148057057,171,ok,
FAC_rank_vol_m3_n6_pairwise1,2019-12-31,as_偏股混合型基金,1.3396213952170368,171,ok,
FAC_rank_vol_m3_n6_pairwise1,2019-12-31,Ctrl_log_fund_size,1.0885425768983876,171,ok,
FAC_rank_vol_m3_n6_pairwise1,2019-12-31,Ctrl_fund_age,1.425995195913907,171,ok,
FAC_rank_vol_m3_n6_pairwise1,2020-01-23,FAC_rank_vol_m3_n6_pairwise1,1.1786129572156698,174,ok,
FAC_rank_vol_m3_n6_pairwise1,2020-01-23,CtrlRetSTR,1.4023597752414296,174,ok,
FAC_rank_vol_m3_n6_pairwise1,2020-01-23,CtrlRetLTM,1.8160391701714635,174,ok,
FAC_rank_vol_m3_n6_pairwise1,2020-01-23,CtrlVol,2.0320043739152682,174,ok,
FAC_rank_vol_m3_n6_pairwise1,2020-01-23,as_偏股混合型基金,1.3468204469626022,174,ok,
FAC_rank_vol_m3_n6_pairwise1,2020-01-23,Ctrl_log_fund_size,1.0808924523562762,174,ok,
FAC_rank_vol_m3_n6_pairwise1,2020-01-23,Ctrl_fund_age,1.4339671960008558,174,ok,
FAC_rank_vol_m3_n6_pairwise1,2020-02-28,FAC_rank_vol_m3_n6_pairwise1,1.1717646177970753,177,ok,
FAC_rank_vol_m3_n6_pairwise1,2020-02-28,CtrlRetSTR,1.1533768828396844,177,ok,
FAC_rank_vol_m3_n6_pairwise1,2020-02-28,CtrlRetLTM,1.4320108086523127,177,ok,
FAC_rank_vol_m3_n6_pairwise1,2020-02-28,CtrlVol,1.338327837459129,177,ok,
FAC_rank_vol_m3_n6_pairwise1,2020-02-28,as_偏股混合型基金,1.315140268462468,177,ok,
FAC_rank_vol_m3_n6_pairwise1,2020-02-28,Ctrl_log_fund_size,1.087507443207816,177,ok,
FAC_rank_vol_m3_n6_pairwise1,2020-02-28,Ctrl_fund_age,1.4207159173478487,177,ok,
FAC_rank_vol_m3_n6_pairwise1,2020-03-31,FAC_rank_vol_m3_n6_pairwise1,1.1631351391391662,178,ok,
FAC_rank_vol_m3_n6_pairwise1,2020-03-31,CtrlRetSTR,1.1477216583772971,178,ok,
FAC_rank_vol_m3_n6_pairwise1,2020-03-31,CtrlRetLTM,1.5684009217895323,178,ok,
FAC_rank_vol_m3_n6_pairwise1,2020-03-31,CtrlVol,1.3709217866975838,178,ok,
FAC_rank_vol_m3_n6_pairwise1,2020-03-31,as_偏股混合型基金,1.366530322911318,178,ok,
FAC_rank_vol_m3_n6_pairwise1,2020-03-31,Ctrl_log_fund_size,1.1194037456685566,178,ok,
FAC_rank_vol_m3_n6_pairwise1,2020-03-31,Ctrl_fund_age,1.4327137210723682,178,ok,
FAC_rank_vol_m3_n6_pairwise1,2020-04-30,FAC_rank_vol_m3_n6_pairwise1,1.1019416628827572,180,ok,
FAC_rank_vol_m3_n6_pairwise1,2020-04-30,CtrlRetSTR,1.273681305791623,180,ok,
FAC_rank_vol_m3_n6_pairwise1,2020-04-30,CtrlRetLTM,1.1776664960942573,180,ok,
FAC_rank_vol_m3_n6_pairwise1,2020-04-30,CtrlVol,1.3133805031997055,180,ok,
FAC_rank_vol_m3_n6_pairwise1,2020-04-30,as_偏股混合型基金,1.3393244240288522,180,ok,
FAC_rank_vol_m3_n6_pairwise1,2020-04-30,Ctrl_log_fund_size,1.1275118288658637,180,ok,
FAC_rank_vol_m3_n6_pairwise1,2020-04-30,Ctrl_fund_age,1.4307798650463792,180,ok,
FAC_rank_vol_m3_n6_pairwise1,2020-05-29,FAC_rank_vol_m3_n6_pairwise1,1.1665641907785744,189,ok,
FAC_rank_vol_m3_n6_pairwise1,2020-05-29,CtrlRetSTR,1.3317775547641408,189,ok,
FAC_rank_vol_m3_n6_pairwise1,2020-05-29,CtrlRetLTM,1.622397491902675,189,ok,
FAC_rank_vol_m3_n6_pairwise1,2020-05-29,CtrlVol,1.7264594108862426,189,ok,
FAC_rank_vol_m3_n6_pairwise1,2020-05-29,as_偏股混合型基金,1.3492487235425363,189,ok,
FAC_rank_vol_m3_n6_pairwise1,2020-05-29,Ctrl_log_fund_size,1.1356379663539926,189,ok,
FAC_rank_vol_m3_n6_pairwise1,2020-05-29,Ctrl_fund_age,1.412816299338931,189,ok,
FAC_rank_vol_m3_n6_pairwise1,2020-06-30,FAC_rank_vol_m3_n6_pairwise1,1.3198177356305185,187,ok,
FAC_rank_vol_m3_n6_pairwise1,2020-06-30,CtrlRetSTR,1.2336784449061977,187,ok,
FAC_rank_vol_m3_n6_pairwise1,2020-06-30,CtrlRetLTM,1.5411109591607535,187,ok,
FAC_rank_vol_m3_n6_pairwise1,2020-06-30,CtrlVol,1.374283572253621,187,ok,
FAC_rank_vol_m3_n6_pairwise1,2020-06-30,as_偏股混合型基金,1.2849594170350922,187,ok,
FAC_rank_vol_m3_n6_pairwise1,2020-06-30,Ctrl_log_fund_size,1.2041923581905933,187,ok,
FAC_rank_vol_m3_n6_pairwise1,2020-06-30,Ctrl_fund_age,1.3651318624932642,187,ok,
FAC_rank_vol_m3_n6_pairwise1,2020-07-31,FAC_rank_vol_m3_n6_pairwise1,1.4758517123100918,190,ok,
FAC_rank_vol_m3_n6_pairwise1,2020-07-31,CtrlRetSTR,1.2762196799863779,190,ok,
FAC_rank_vol_m3_n6_pairwise1,2020-07-31,CtrlRetLTM,2.08809642970441,190,ok,
FAC_rank_vol_m3_n6_pairwise1,2020-07-31,CtrlVol,1.5468044350973056,190,ok,
FAC_rank_vol_m3_n6_pairwise1,2020-07-31,as_偏股混合型基金,1.2995331079065628,190,ok,
FAC_rank_vol_m3_n6_pairwise1,2020-07-31,Ctrl_log_fund_size,1.2446463588299999,190,ok,
FAC_rank_vol_m3_n6_pairwise1,2020-07-31,Ctrl_fund_age,1.3573830110020781,190,ok,
FAC_rank_vol_m3_n6_pairwise1,2020-08-31,FAC_rank_vol_m3_n6_pairwise1,1.4011434015182354,196,ok,
FAC_rank_vol_m3_n6_pairwise1,2020-08-31,CtrlRetSTR,1.5605134302817514,196,ok,
FAC_rank_vol_m3_n6_pairwise1,2020-08-31,CtrlRetLTM,1.9058091077383073,196,ok,
FAC_rank_vol_m3_n6_pairwise1,2020-08-31,CtrlVol,1.3019783821418833,196,ok,
FAC_rank_vol_m3_n6_pairwise1,2020-08-31,as_偏股混合型基金,1.2953762230832533,196,ok,
FAC_rank_vol_m3_n6_pairwise1,2020-08-31,Ctrl_log_fund_size,1.1578267638559463,196,ok,
FAC_rank_vol_m3_n6_pairwise1,2020-08-31,Ctrl_fund_age,1.3695798562665489,196,ok,
FAC_rank_vol_m3_n6_pairwise1,2020-09-30,FAC_rank_vol_m3_n6_pairwise1,1.0715089716964294,199,ok,
FAC_rank_vol_m3_n6_pairwise1,2020-09-30,CtrlRetSTR,1.2541090560392736,199,ok,
FAC_rank_vol_m3_n6_pairwise1,2020-09-30,CtrlRetLTM,1.2496117644807245,199,ok,
FAC_rank_vol_m3_n6_pairwise1,2020-09-30,CtrlVol,1.1809326585567375,199,ok,
FAC_rank_vol_m3_n6_pairwise1,2020-09-30,as_偏股混合型基金,1.3211542451844356,199,ok,
FAC_rank_vol_m3_n6_pairwise1,2020-09-30,Ctrl_log_fund_size,1.1024323800989029,199,ok,
FAC_rank_vol_m3_n6_pairwise1,2020-09-30,Ctrl_fund_age,1.3946525086436454,199,ok,
FAC_rank_vol_m3_n6_pairwise1,2020-10-30,FAC_rank_vol_m3_n6_pairwise1,1.1529191600514452,200,ok,
FAC_rank_vol_m3_n6_pairwise1,2020-10-30,CtrlRetSTR,1.0389141402114859,200,ok,
FAC_rank_vol_m3_n6_pairwise1,2020-10-30,CtrlRetLTM,1.268755240550536,200,ok,
FAC_rank_vol_m3_n6_pairwise1,2020-10-30,CtrlVol,1.264786021900805,200,ok,
FAC_rank_vol_m3_n6_pairwise1,2020-10-30,as_偏股混合型基金,1.3179663583049168,200,ok,
FAC_rank_vol_m3_n6_pairwise1,2020-10-30,Ctrl_log_fund_size,1.0434789585517958,200,ok,
FAC_rank_vol_m3_n6_pairwise1,2020-10-30,Ctrl_fund_age,1.4083019956581548,200,ok,
FAC_rank_vol_m3_n6_pairwise1,2020-11-30,FAC_rank_vol_m3_n6_pairwise1,1.24375054964955,214,ok,
FAC_rank_vol_m3_n6_pairwise1,2020-11-30,CtrlRetSTR,1.4048871373328957,214,ok,
FAC_rank_vol_m3_n6_pairwise1,2020-11-30,CtrlRetLTM,1.29317412114427,214,ok,
FAC_rank_vol_m3_n6_pairwise1,2020-11-30,CtrlVol,1.1622926297737926,214,ok,
FAC_rank_vol_m3_n6_pairwise1,2020-11-30,as_偏股混合型基金,1.1827762900166963,214,ok,
FAC_rank_vol_m3_n6_pairwise1,2020-11-30,Ctrl_log_fund_size,1.123754126666758,214,ok,
FAC_rank_vol_m3_n6_pairwise1,2020-11-30,Ctrl_fund_age,1.292406095940192,214,ok,
FAC_rank_vol_m3_n6_pairwise1,2020-12-31,FAC_rank_vol_m3_n6_pairwise1,1.2581543369457877,220,ok,
FAC_rank_vol_m3_n6_pairwise1,2020-12-31,CtrlRetSTR,1.2763686704659563,220,ok,
FAC_rank_vol_m3_n6_pairwise1,2020-12-31,CtrlRetLTM,1.4189902300879313,220,ok,
FAC_rank_vol_m3_n6_pairwise1,2020-12-31,CtrlVol,1.254930373866655,220,ok,
FAC_rank_vol_m3_n6_pairwise1,2020-12-31,as_偏股混合型基金,1.1558763746564178,220,ok,
FAC_rank_vol_m3_n6_pairwise1,2020-12-31,Ctrl_log_fund_size,1.0892679238034957,220,ok,
FAC_rank_vol_m3_n6_pairwise1,2020-12-31,Ctrl_fund_age,1.1959891248558612,220,ok,
FAC_rank_vol_m3_n6_pairwise1,2021-01-29,FAC_rank_vol_m3_n6_pairwise1,1.1812436564312274,218,ok,
FAC_rank_vol_m3_n6_pairwise1,2021-01-29,CtrlRetSTR,1.011456675937843,218,ok,
FAC_rank_vol_m3_n6_pairwise1,2021-01-29,CtrlRetLTM,1.4498323884828,218,ok,
FAC_rank_vol_m3_n6_pairwise1,2021-01-29,CtrlVol,1.3069782482057473,218,ok,
FAC_rank_vol_m3_n6_pairwise1,2021-01-29,as_偏股混合型基金,1.1654923917789461,218,ok,
FAC_rank_vol_m3_n6_pairwise1,2021-01-29,Ctrl_log_fund_size,1.0799950211815312,218,ok,
FAC_rank_vol_m3_n6_pairwise1,2021-01-29,Ctrl_fund_age,1.133327174453759,218,ok,
FAC_rank_vol_m3_n6_pairwise1,2021-02-26,FAC_rank_vol_m3_n6_pairwise1,1.137467094541167,231,ok,
FAC_rank_vol_m3_n6_pairwise1,2021-02-26,CtrlRetSTR,1.4286091623660937,231,ok,
FAC_rank_vol_m3_n6_pairwise1,2021-02-26,CtrlRetLTM,1.2982730731459178,231,ok,
FAC_rank_vol_m3_n6_pairwise1,2021-02-26,CtrlVol,1.4152648898890967,231,ok,
FAC_rank_vol_m3_n6_pairwise1,2021-02-26,as_偏股混合型基金,1.1783611848880915,231,ok,
FAC_rank_vol_m3_n6_pairwise1,2021-02-26,Ctrl_log_fund_size,1.093562898295619,231,ok,
FAC_rank_vol_m3_n6_pairwise1,2021-02-26,Ctrl_fund_age,1.1431822032543517,231,ok,
FAC_rank_vol_m3_n6_pairwise1,2021-03-31,FAC_rank_vol_m3_n6_pairwise1,1.2051359188699795,232,ok,
FAC_rank_vol_m3_n6_pairwise1,2021-03-31,CtrlRetSTR,1.201013945042574,232,ok,
FAC_rank_vol_m3_n6_pairwise1,2021-03-31,CtrlRetLTM,1.5407393086769985,232,ok,
FAC_rank_vol_m3_n6_pairwise1,2021-03-31,CtrlVol,1.4604024379149778,232,ok,
FAC_rank_vol_m3_n6_pairwise1,2021-03-31,as_偏股混合型基金,1.1540937509346696,232,ok,
FAC_rank_vol_m3_n6_pairwise1,2021-03-31,Ctrl_log_fund_size,1.0807570504611326,232,ok,
FAC_rank_vol_m3_n6_pairwise1,2021-03-31,Ctrl_fund_age,1.1267429037377155,232,ok,
FAC_rank_vol_m3_n6_pairwise1,2021-04-30,FAC_rank_vol_m3_n6_pairwise1,1.1622781824466981,244,ok,
FAC_rank_vol_m3_n6_pairwise1,2021-04-30,CtrlRetSTR,2.164279056675269,244,ok,
FAC_rank_vol_m3_n6_pairwise1,2021-04-30,CtrlRetLTM,1.302658036029266,244,ok,
FAC_rank_vol_m3_n6_pairwise1,2021-04-30,CtrlVol,2.4227207185526822,244,ok,
FAC_rank_vol_m3_n6_pairwise1,2021-04-30,as_偏股混合型基金,1.1208225034152024,244,ok,
FAC_rank_vol_m3_n6_pairwise1,2021-04-30,Ctrl_log_fund_size,1.1045831188392494,244,ok,
FAC_rank_vol_m3_n6_pairwise1,2021-04-30,Ctrl_fund_age,1.122157176377813,244,ok,
FAC_rank_vol_m3_n6_pairwise1,2021-05-31,FAC_rank_vol_m3_n6_pairwise1,1.2705338202247551,261,ok,
FAC_rank_vol_m3_n6_pairwise1,2021-05-31,CtrlRetSTR,1.3700312858648,261,ok,
FAC_rank_vol_m3_n6_pairwise1,2021-05-31,CtrlRetLTM,1.3671328524505704,261,ok,
FAC_rank_vol_m3_n6_pairwise1,2021-05-31,CtrlVol,1.419366220059869,261,ok,
FAC_rank_vol_m3_n6_pairwise1,2021-05-31,as_偏股混合型基金,1.1227512859157687,261,ok,
FAC_rank_vol_m3_n6_pairwise1,2021-05-31,Ctrl_log_fund_size,1.0716810021872802,261,ok,
FAC_rank_vol_m3_n6_pairwise1,2021-05-31,Ctrl_fund_age,1.1375807999718621,261,ok,
FAC_rank_vol_m3_n6_pairwise1,2021-06-30,FAC_rank_vol_m3_n6_pairwise1,1.084510901630063,260,ok,
FAC_rank_vol_m3_n6_pairwise1,2021-06-30,CtrlRetSTR,1.2683087281995813,260,ok,
FAC_rank_vol_m3_n6_pairwise1,2021-06-30,CtrlRetLTM,1.114993979014305,260,ok,
FAC_rank_vol_m3_n6_pairwise1,2021-06-30,CtrlVol,1.1929147626489596,260,ok,
FAC_rank_vol_m3_n6_pairwise1,2021-06-30,as_偏股混合型基金,1.1734137106319031,260,ok,
FAC_rank_vol_m3_n6_pairwise1,2021-06-30,Ctrl_log_fund_size,1.1214106815231502,260,ok,
FAC_rank_vol_m3_n6_pairwise1,2021-06-30,Ctrl_fund_age,1.1916084486873193,260,ok,
FAC_rank_vol_m3_n6_pairwise1,2021-07-30,FAC_rank_vol_m3_n6_pairwise1,1.219444985245716,266,ok,
FAC_rank_vol_m3_n6_pairwise1,2021-07-30,CtrlRetSTR,1.0571750064773193,266,ok,
FAC_rank_vol_m3_n6_pairwise1,2021-07-30,CtrlRetLTM,1.4221574026592532,266,ok,
FAC_rank_vol_m3_n6_pairwise1,2021-07-30,CtrlVol,1.208050865238295,266,ok,
FAC_rank_vol_m3_n6_pairwise1,2021-07-30,as_偏股混合型基金,1.16196787132453,266,ok,
FAC_rank_vol_m3_n6_pairwise1,2021-07-30,Ctrl_log_fund_size,1.1208306522015532,266,ok,
FAC_rank_vol_m3_n6_pairwise1,2021-07-30,Ctrl_fund_age,1.2027089604359738,266,ok,
FAC_rank_vol_m3_n6_pairwise1,2021-08-31,FAC_rank_vol_m3_n6_pairwise1,1.3314532418893765,278,ok,
FAC_rank_vol_m3_n6_pairwise1,2021-08-31,CtrlRetSTR,1.3070561432254664,278,ok,
FAC_rank_vol_m3_n6_pairwise1,2021-08-31,CtrlRetLTM,2.242681281011929,278,ok,
FAC_rank_vol_m3_n6_pairwise1,2021-08-31,CtrlVol,2.0302522137386907,278,ok,
FAC_rank_vol_m3_n6_pairwise1,2021-08-31,as_偏股混合型基金,1.140574169416084,278,ok,
FAC_rank_vol_m3_n6_pairwise1,2021-08-31,Ctrl_log_fund_size,1.163371467647867,278,ok,
FAC_rank_vol_m3_n6_pairwise1,2021-08-31,Ctrl_fund_age,1.1710253254636995,278,ok,
FAC_rank_vol_m3_n6_pairwise1,2021-09-30,FAC_rank_vol_m3_n6_pairwise1,1.2948375689042886,285,ok,
FAC_rank_vol_m3_n6_pairwise1,2021-09-30,CtrlRetSTR,1.382138042169432,285,ok,
FAC_rank_vol_m3_n6_pairwise1,2021-09-30,CtrlRetLTM,2.151105982840563,285,ok,
FAC_rank_vol_m3_n6_pairwise1,2021-09-30,CtrlVol,1.422031450777081,285,ok,
FAC_rank_vol_m3_n6_pairwise1,2021-09-30,as_偏股混合型基金,1.1662769513324278,285,ok,
FAC_rank_vol_m3_n6_pairwise1,2021-09-30,Ctrl_log_fund_size,1.1857170421976486,285,ok,
FAC_rank_vol_m3_n6_pairwise1,2021-09-30,Ctrl_fund_age,1.140597108956981,285,ok,
FAC_rank_vol_m3_n6_pairwise1,2021-10-29,FAC_rank_vol_m3_n6_pairwise1,1.2943067617933248,291,ok,
FAC_rank_vol_m3_n6_pairwise1,2021-10-29,CtrlRetSTR,1.2046095967197672,291,ok,
FAC_rank_vol_m3_n6_pairwise1,2021-10-29,CtrlRetLTM,1.8115515327849083,291,ok,
FAC_rank_vol_m3_n6_pairwise1,2021-10-29,CtrlVol,1.5925491900827904,291,ok,
FAC_rank_vol_m3_n6_pairwise1,2021-10-29,as_偏股混合型基金,1.1143532772078215,291,ok,
FAC_rank_vol_m3_n6_pairwise1,2021-10-29,Ctrl_log_fund_size,1.1625752600445671,291,ok,
FAC_rank_vol_m3_n6_pairwise1,2021-10-29,Ctrl_fund_age,1.1234218369905882,291,ok,
FAC_rank_vol_m3_n6_pairwise1,2021-11-30,FAC_rank_vol_m3_n6_pairwise1,1.1864022591576122,305,ok,
FAC_rank_vol_m3_n6_pairwise1,2021-11-30,CtrlRetSTR,1.0874481308782498,305,ok,
FAC_rank_vol_m3_n6_pairwise1,2021-11-30,CtrlRetLTM,2.1184779634884032,305,ok,
FAC_rank_vol_m3_n6_pairwise1,2021-11-30,CtrlVol,1.7569256219736575,305,ok,
FAC_rank_vol_m3_n6_pairwise1,2021-11-30,as_偏股混合型基金,1.0787410853276707,305,ok,
FAC_rank_vol_m3_n6_pairwise1,2021-11-30,Ctrl_log_fund_size,1.12604352634502,305,ok,
FAC_rank_vol_m3_n6_pairwise1,2021-11-30,Ctrl_fund_age,1.087046445005776,305,ok,
FAC_rank_vol_m3_n6_pairwise1,2021-12-31,FAC_rank_vol_m3_n6_pairwise1,1.2249258043802889,302,ok,
FAC_rank_vol_m3_n6_pairwise1,2021-12-31,CtrlRetSTR,1.9124942276497143,302,ok,
FAC_rank_vol_m3_n6_pairwise1,2021-12-31,CtrlRetLTM,1.7973464139782593,302,ok,
FAC_rank_vol_m3_n6_pairwise1,2021-12-31,CtrlVol,2.2123319694481904,302,ok,
FAC_rank_vol_m3_n6_pairwise1,2021-12-31,as_偏股混合型基金,1.084822951432867,302,ok,
FAC_rank_vol_m3_n6_pairwise1,2021-12-31,Ctrl_log_fund_size,1.1702660151771822,302,ok,
FAC_rank_vol_m3_n6_pairwise1,2021-12-31,Ctrl_fund_age,1.112605015492863,302,ok,
FAC_rank_vol_m3_n6_pairwise1,2022-01-28,FAC_rank_vol_m3_n6_pairwise1,1.7534577533013376,310,ok,
FAC_rank_vol_m3_n6_pairwise1,2022-01-28,CtrlRetSTR,1.4506812951272146,310,ok,
FAC_rank_vol_m3_n6_pairwise1,2022-01-28,CtrlRetLTM,1.6722477057078655,310,ok,
FAC_rank_vol_m3_n6_pairwise1,2022-01-28,CtrlVol,2.8293119249825716,310,ok,
FAC_rank_vol_m3_n6_pairwise1,2022-01-28,as_偏股混合型基金,1.07177510189461,310,ok,
FAC_rank_vol_m3_n6_pairwise1,2022-01-28,Ctrl_log_fund_size,1.1215510269663156,310,ok,
FAC_rank_vol_m3_n6_pairwise1,2022-01-28,Ctrl_fund_age,1.1414350723470497,310,ok,
FAC_rank_vol_m3_n6_pairwise1,2022-02-28,FAC_rank_vol_m3_n6_pairwise1,1.6465028329392475,325,ok,
FAC_rank_vol_m3_n6_pairwise1,2022-02-28,CtrlRetSTR,1.3449417014895906,325,ok,
FAC_rank_vol_m3_n6_pairwise1,2022-02-28,CtrlRetLTM,1.9797671791625104,325,ok,
FAC_rank_vol_m3_n6_pairwise1,2022-02-28,CtrlVol,2.3283969950007495,325,ok,
FAC_rank_vol_m3_n6_pairwise1,2022-02-28,as_偏股混合型基金,1.0647710288278744,325,ok,
FAC_rank_vol_m3_n6_pairwise1,2022-02-28,Ctrl_log_fund_size,1.0950403989524216,325,ok,
FAC_rank_vol_m3_n6_pairwise1,2022-02-28,Ctrl_fund_age,1.1191433027637097,325,ok,
FAC_rank_vol_m3_n6_pairwise1,2022-03-31,FAC_rank_vol_m3_n6_pairwise1,1.8354163629668159,332,ok,
FAC_rank_vol_m3_n6_pairwise1,2022-03-31,CtrlRetSTR,1.1109539316858144,332,ok,
FAC_rank_vol_m3_n6_pairwise1,2022-03-31,CtrlRetLTM,1.9209940263042304,332,ok,
FAC_rank_vol_m3_n6_pairwise1,2022-03-31,CtrlVol,2.694662705802057,332,ok,
FAC_rank_vol_m3_n6_pairwise1,2022-03-31,as_偏股混合型基金,1.0539234604657903,332,ok,
FAC_rank_vol_m3_n6_pairwise1,2022-03-31,Ctrl_log_fund_size,1.0607103303475476,332,ok,
FAC_rank_vol_m3_n6_pairwise1,2022-03-31,Ctrl_fund_age,1.0709396448311597,332,ok,
FAC_rank_vol_m3_n6_pairwise1,2022-04-29,FAC_rank_vol_m3_n6_pairwise1,1.6554224914318136,358,ok,
FAC_rank_vol_m3_n6_pairwise1,2022-04-29,CtrlRetSTR,1.42788845315448,358,ok,
FAC_rank_vol_m3_n6_pairwise1,2022-04-29,CtrlRetLTM,1.4813859948490122,358,ok,
FAC_rank_vol_m3_n6_pairwise1,2022-04-29,CtrlVol,1.8286862750553583,358,ok,
FAC_rank_vol_m3_n6_pairwise1,2022-04-29,as_偏股混合型基金,1.0856519265146058,358,ok,
FAC_rank_vol_m3_n6_pairwise1,2022-04-29,Ctrl_log_fund_size,1.0794244791047642,358,ok,
FAC_rank_vol_m3_n6_pairwise1,2022-04-29,Ctrl_fund_age,1.083187355229901,358,ok,
FAC_rank_vol_m3_n6_pairwise1,2022-05-31,FAC_rank_vol_m3_n6_pairwise1,1.8756219346004699,378,ok,
FAC_rank_vol_m3_n6_pairwise1,2022-05-31,CtrlRetSTR,1.3441868331344469,378,ok,
FAC_rank_vol_m3_n6_pairwise1,2022-05-31,CtrlRetLTM,1.5250368332781192,378,ok,
FAC_rank_vol_m3_n6_pairwise1,2022-05-31,CtrlVol,2.043288790471839,378,ok,
FAC_rank_vol_m3_n6_pairwise1,2022-05-31,as_偏股混合型基金,1.0570944749348345,378,ok,
FAC_rank_vol_m3_n6_pairwise1,2022-05-31,Ctrl_log_fund_size,1.071155974491635,378,ok,
FAC_rank_vol_m3_n6_pairwise1,2022-05-31,Ctrl_fund_age,1.0725291298231279,378,ok,
FAC_rank_vol_m3_n6_pairwise1,2022-06-30,FAC_rank_vol_m3_n6_pairwise1,1.180022740835754,386,ok,
FAC_rank_vol_m3_n6_pairwise1,2022-06-30,CtrlRetSTR,1.606861892923842,386,ok,
FAC_rank_vol_m3_n6_pairwise1,2022-06-30,CtrlRetLTM,1.3838749205667877,386,ok,
FAC_rank_vol_m3_n6_pairwise1,2022-06-30,CtrlVol,1.77775676047511,386,ok,
FAC_rank_vol_m3_n6_pairwise1,2022-06-30,as_偏股混合型基金,1.0472159387352111,386,ok,
FAC_rank_vol_m3_n6_pairwise1,2022-06-30,Ctrl_log_fund_size,1.0503184228031852,386,ok,
FAC_rank_vol_m3_n6_pairwise1,2022-06-30,Ctrl_fund_age,1.0504527723400414,386,ok,
FAC_rank_vol_m6_n3_pairwise1,2005-04-29,FAC_rank_vol_m6_n3_pairwise1,,0,skipped,完整变量样本数小于 min_cross_section_n
FAC_rank_vol_m6_n3_pairwise1,2005-04-29,CtrlRetSTR,,0,skipped,完整变量样本数小于 min_cross_section_n
FAC_rank_vol_m6_n3_pairwise1,2005-04-29,CtrlRetLTM,,0,skipped,完整变量样本数小于 min_cross_section_n
FAC_rank_vol_m6_n3_pairwise1,2005-04-29,CtrlVol,,0,skipped,完整变量样本数小于 min_cross_section_n
FAC_rank_vol_m6_n3_pairwise1,2005-04-29,as_偏股混合型基金,,0,skipped,完整变量样本数小于 min_cross_section_n
FAC_rank_vol_m6_n3_pairwise1,2005-04-29,Ctrl_log_fund_size,,0,skipped,完整变量样本数小于 min_cross_section_n
FAC_rank_vol_m6_n3_pairwise1,2005-04-29,Ctrl_fund_age,,0,skipped,完整变量样本数小于 min_cross_section_n
FAC_rank_vol_m6_n3_pairwise1,2005-05-31,FAC_rank_vol_m6_n3_pairwise1,,0,skipped,完整变量样本数小于 min_cross_section_n
FAC_rank_vol_m6_n3_pairwise1,2005-05-31,CtrlRetSTR,,0,skipped,完整变量样本数小于 min_cross_section_n
FAC_rank_vol_m6_n3_pairwise1,2005-05-31,CtrlRetLTM,,0,skipped,完整变量样本数小于 min_cross_section_n
FAC_rank_vol_m6_n3_pairwise1,2005-05-31,CtrlVol,,0,skipped,完整变量样本数小于 min_cross_section_n
FAC_rank_vol_m6_n3_pairwise1,2005-05-31,as_偏股混合型基金,,0,skipped,完整变量样本数小于 min_cross_section_n
FAC_rank_vol_m6_n3_pairwise1,2005-05-31,Ctrl_log_fund_size,,0,skipped,完整变量样本数小于 min_cross_section_n
FAC_rank_vol_m6_n3_pairwise1,2005-05-31,Ctrl_fund_age,,0,skipped,完整变量样本数小于 min_cross_section_n
FAC_rank_vol_m6_n3_pairwise1,2005-06-30,FAC_rank_vol_m6_n3_pairwise1,,0,skipped,完整变量样本数小于 min_cross_section_n
FAC_rank_vol_m6_n3_pairwise1,2005-06-30,CtrlRetSTR,,0,skipped,完整变量样本数小于 min_cross_section_n
FAC_rank_vol_m6_n3_pairwise1,2005-06-30,CtrlRetLTM,,0,skipped,完整变量样本数小于 min_cross_section_n
FAC_rank_vol_m6_n3_pairwise1,2005-06-30,CtrlVol,,0,skipped,完整变量样本数小于 min_cross_section_n
FAC_rank_vol_m6_n3_pairwise1,2005-06-30,as_偏股混合型基金,,0,skipped,完整变量样本数小于 min_cross_section_n
FAC_rank_vol_m6_n3_pairwise1,2005-06-30,Ctrl_log_fund_size,,0,skipped,完整变量样本数小于 min_cross_section_n
FAC_rank_vol_m6_n3_pairwise1,2005-06-30,Ctrl_fund_age,,0,skipped,完整变量样本数小于 min_cross_section_n
FAC_rank_vol_m6_n3_pairwise1,2005-07-29,FAC_rank_vol_m6_n3_pairwise1,,0,skipped,完整变量样本数小于 min_cross_section_n
FAC_rank_vol_m6_n3_pairwise1,2005-07-29,CtrlRetSTR,,0,skipped,完整变量样本数小于 min_cross_section_n
FAC_rank_vol_m6_n3_pairwise1,2005-07-29,CtrlRetLTM,,0,skipped,完整变量样本数小于 min_cross_section_n
FAC_rank_vol_m6_n3_pairwise1,2005-07-29,CtrlVol,,0,skipped,完整变量样本数小于 min_cross_section_n
FAC_rank_vol_m6_n3_pairwise1,2005-07-29,as_偏股混合型基金,,0,skipped,完整变量样本数小于 min_cross_section_n
FAC_rank_vol_m6_n3_pairwise1,2005-07-29,Ctrl_log_fund_size,,0,skipped,完整变量样本数小于 min_cross_section_n
FAC_rank_vol_m6_n3_pairwise1,2005-07-29,Ctrl_fund_age,,0,skipped,完整变量样本数小于 min_cross_section_n
FAC_rank_vol_m6_n3_pairwise1,2005-08-31,FAC_rank_vol_m6_n3_pairwise1,,0,skipped,完整变量样本数小于 min_cross_section_n
FAC_rank_vol_m6_n3_pairwise1,2005-08-31,CtrlRetSTR,,0,skipped,完整变量样本数小于 min_cross_section_n
FAC_rank_vol_m6_n3_pairwise1,2005-08-31,CtrlRetLTM,,0,skipped,完整变量样本数小于 min_cross_section_n
FAC_rank_vol_m6_n3_pairwise1,2005-08-31,CtrlVol,,0,skipped,完整变量样本数小于 min_cross_section_n
FAC_rank_vol_m6_n3_pairwise1,2005-08-31,as_偏股混合型基金,,0,skipped,完整变量样本数小于 min_cross_section_n
FAC_rank_vol_m6_n3_pairwise1,2005-08-31,Ctrl_log_fund_size,,0,skipped,完整变量样本数小于 min_cross_section_n
FAC_rank_vol_m6_n3_pairwise1,2005-08-31,Ctrl_fund_age,,0,skipped,完整变量样本数小于 min_cross_section_n
FAC_rank_vol_m6_n3_pairwise1,2005-09-30,FAC_rank_vol_m6_n3_pairwise1,,1,skipped,完整变量样本数小于 min_cross_section_n
FAC_rank_vol_m6_n3_pairwise1,2005-09-30,CtrlRetSTR,,1,skipped,完整变量样本数小于 min_cross_section_n
FAC_rank_vol_m6_n3_pairwise1,2005-09-30,CtrlRetLTM,,1,skipped,完整变量样本数小于 min_cross_section_n
FAC_rank_vol_m6_n3_pairwise1,2005-09-30,CtrlVol,,1,skipped,完整变量样本数小于 min_cross_section_n
FAC_rank_vol_m6_n3_pairwise1,2005-09-30,as_偏股混合型基金,,1,skipped,完整变量样本数小于 min_cross_section_n
FAC_rank_vol_m6_n3_pairwise1,2005-09-30,Ctrl_log_fund_size,,1,skipped,完整变量样本数小于 min_cross_section_n
FAC_rank_vol_m6_n3_pairwise1,2005-09-30,Ctrl_fund_age,,1,skipped,完整变量样本数小于 min_cross_section_n
FAC_rank_vol_m6_n3_pairwise1,2005-10-31,FAC_rank_vol_m6_n3_pairwise1,,1,skipped,完整变量样本数小于 min_cross_section_n
FAC_rank_vol_m6_n3_pairwise1,2005-10-31,CtrlRetSTR,,1,skipped,完整变量样本数小于 min_cross_section_n
FAC_rank_vol_m6_n3_pairwise1,2005-10-31,CtrlRetLTM,,1,skipped,完整变量样本数小于 min_cross_section_n
FAC_rank_vol_m6_n3_pairwise1,2005-10-31,CtrlVol,,1,skipped,完整变量样本数小于 min_cross_section_n
FAC_rank_vol_m6_n3_pairwise1,2005-10-31,as_偏股混合型基金,,1,skipped,完整变量样本数小于 min_cross_section_n
FAC_rank_vol_m6_n3_pairwise1,2005-10-31,Ctrl_log_fund_size,,1,skipped,完整变量样本数小于 min_cross_section_n
FAC_rank_vol_m6_n3_pairwise1,2005-10-31,Ctrl_fund_age,,1,skipped,完整变量样本数小于 min_cross_section_n
FAC_rank_vol_m6_n3_pairwise1,2005-11-30,FAC_rank_vol_m6_n3_pairwise1,,1,skipped,完整变量样本数小于 min_cross_section_n
FAC_rank_vol_m6_n3_pairwise1,2005-11-30,CtrlRetSTR,,1,skipped,完整变量样本数小于 min_cross_section_n
FAC_rank_vol_m6_n3_pairwise1,2005-11-30,CtrlRetLTM,,1,skipped,完整变量样本数小于 min_cross_section_n
FAC_rank_vol_m6_n3_pairwise1,2005-11-30,CtrlVol,,1,skipped,完整变量样本数小于 min_cross_section_n
FAC_rank_vol_m6_n3_pairwise1,2005-11-30,as_偏股混合型基金,,1,skipped,完整变量样本数小于 min_cross_section_n
FAC_rank_vol_m6_n3_pairwise1,2005-11-30,Ctrl_log_fund_size,,1,skipped,完整变量样本数小于 min_cross_section_n
FAC_rank_vol_m6_n3_pairwise1,2005-11-30,Ctrl_fund_age,,1,skipped,完整变量样本数小于 min_cross_section_n
FAC_rank_vol_m6_n3_pairwise1,2005-12-30,FAC_rank_vol_m6_n3_pairwise1,,2,skipped,完整变量样本数小于 min_cross_section_n
FAC_rank_vol_m6_n3_pairwise1,2005-12-30,CtrlRetSTR,,2,skipped,完整变量样本数小于 min_cross_section_n
FAC_rank_vol_m6_n3_pairwise1,2005-12-30,CtrlRetLTM,,2,skipped,完整变量样本数小于 min_cross_section_n
FAC_rank_vol_m6_n3_pairwise1,2005-12-30,CtrlVol,,2,skipped,完整变量样本数小于 min_cross_section_n
FAC_rank_vol_m6_n3_pairwise1,2005-12-30,as_偏股混合型基金,,2,skipped,完整变量样本数小于 min_cross_section_n
FAC_rank_vol_m6_n3_pairwise1,2005-12-30,Ctrl_log_fund_size,,2,skipped,完整变量样本数小于 min_cross_section_n
FAC_rank_vol_m6_n3_pairwise1,2005-12-30,Ctrl_fund_age,,2,skipped,完整变量样本数小于 min_cross_section_n
FAC_rank_vol_m6_n3_pairwise1,2006-01-25,FAC_rank_vol_m6_n3_pairwise1,,2,skipped,完整变量样本数小于 min_cross_section_n
FAC_rank_vol_m6_n3_pairwise1,2006-01-25,CtrlRetSTR,,2,skipped,完整变量样本数小于 min_cross_section_n
FAC_rank_vol_m6_n3_pairwise1,2006-01-25,CtrlRetLTM,,2,skipped,完整变量样本数小于 min_cross_section_n
FAC_rank_vol_m6_n3_pairwise1,2006-01-25,CtrlVol,,2,skipped,完整变量样本数小于 min_cross_section_n
FAC_rank_vol_m6_n3_pairwise1,2006-01-25,as_偏股混合型基金,,2,skipped,完整变量样本数小于 min_cross_section_n
FAC_rank_vol_m6_n3_pairwise1,2006-01-25,Ctrl_log_fund_size,,2,skipped,完整变量样本数小于 min_cross_section_n
FAC_rank_vol_m6_n3_pairwise1,2006-01-25,Ctrl_fund_age,,2,skipped,完整变量样本数小于 min_cross_section_n
FAC_rank_vol_m6_n3_pairwise1,2006-02-28,FAC_rank_vol_m6_n3_pairwise1,,2,skipped,完整变量样本数小于 min_cross_section_n
FAC_rank_vol_m6_n3_pairwise1,2006-02-28,CtrlRetSTR,,2,skipped,完整变量样本数小于 min_cross_section_n
FAC_rank_vol_m6_n3_pairwise1,2006-02-28,CtrlRetLTM,,2,skipped,完整变量样本数小于 min_cross_section_n
FAC_rank_vol_m6_n3_pairwise1,2006-02-28,CtrlVol,,2,skipped,完整变量样本数小于 min_cross_section_n
FAC_rank_vol_m6_n3_pairwise1,2006-02-28,as_偏股混合型基金,,2,skipped,完整变量样本数小于 min_cross_section_n
FAC_rank_vol_m6_n3_pairwise1,2006-02-28,Ctrl_log_fund_size,,2,skipped,完整变量样本数小于 min_cross_section_n
FAC_rank_vol_m6_n3_pairwise1,2006-02-28,Ctrl_fund_age,,2,skipped,完整变量样本数小于 min_cross_section_n
FAC_rank_vol_m6_n3_pairwise1,2006-03-31,FAC_rank_vol_m6_n3_pairwise1,,2,skipped,完整变量样本数小于 min_cross_section_n
FAC_rank_vol_m6_n3_pairwise1,2006-03-31,CtrlRetSTR,,2,skipped,完整变量样本数小于 min_cross_section_n
FAC_rank_vol_m6_n3_pairwise1,2006-03-31,CtrlRetLTM,,2,skipped,完整变量样本数小于 min_cross_section_n
FAC_rank_vol_m6_n3_pairwise1,2006-03-31,CtrlVol,,2,skipped,完整变量样本数小于 min_cross_section_n
FAC_rank_vol_m6_n3_pairwise1,2006-03-31,as_偏股混合型基金,,2,skipped,完整变量样本数小于 min_cross_section_n
FAC_rank_vol_m6_n3_pairwise1,2006-03-31,Ctrl_log_fund_size,,2,skipped,完整变量样本数小于 min_cross_section_n
FAC_rank_vol_m6_n3_pairwise1,2006-03-31,Ctrl_fund_age,,2,skipped,完整变量样本数小于 min_cross_section_n
FAC_rank_vol_m6_n3_pairwise1,2006-04-28,FAC_rank_vol_m6_n3_pairwise1,,3,skipped,完整变量样本数小于 min_cross_section_n
FAC_rank_vol_m6_n3_pairwise1,2006-04-28,CtrlRetSTR,,3,skipped,完整变量样本数小于 min_cross_section_n
FAC_rank_vol_m6_n3_pairwise1,2006-04-28,CtrlRetLTM,,3,skipped,完整变量样本数小于 min_cross_section_n
FAC_rank_vol_m6_n3_pairwise1,2006-04-28,CtrlVol,,3,skipped,完整变量样本数小于 min_cross_section_n
FAC_rank_vol_m6_n3_pairwise1,2006-04-28,as_偏股混合型基金,,3,skipped,完整变量样本数小于 min_cross_section_n
FAC_rank_vol_m6_n3_pairwise1,2006-04-28,Ctrl_log_fund_size,,3,skipped,完整变量样本数小于 min_cross_section_n
FAC_rank_vol_m6_n3_pairwise1,2006-04-28,Ctrl_fund_age,,3,skipped,完整变量样本数小于 min_cross_section_n
FAC_rank_vol_m6_n3_pairwise1,2006-05-31,FAC_rank_vol_m6_n3_pairwise1,,3,skipped,完整变量样本数小于 min_cross_section_n
FAC_rank_vol_m6_n3_pairwise1,2006-05-31,CtrlRetSTR,,3,skipped,完整变量样本数小于 min_cross_section_n
FAC_rank_vol_m6_n3_pairwise1,2006-05-31,CtrlRetLTM,,3,skipped,完整变量样本数小于 min_cross_section_n
FAC_rank_vol_m6_n3_pairwise1,2006-05-31,CtrlVol,,3,skipped,完整变量样本数小于 min_cross_section_n
FAC_rank_vol_m6_n3_pairwise1,2006-05-31,as_偏股混合型基金,,3,skipped,完整变量样本数小于 min_cross_section_n
FAC_rank_vol_m6_n3_pairwise1,2006-05-31,Ctrl_log_fund_size,,3,skipped,完整变量样本数小于 min_cross_section_n
FAC_rank_vol_m6_n3_pairwise1,2006-05-31,Ctrl_fund_age,,3,skipped,完整变量样本数小于 min_cross_section_n
FAC_rank_vol_m6_n3_pairwise1,2006-06-30,FAC_rank_vol_m6_n3_pairwise1,,3,skipped,完整变量样本数小于 min_cross_section_n
FAC_rank_vol_m6_n3_pairwise1,2006-06-30,CtrlRetSTR,,3,skipped,完整变量样本数小于 min_cross_section_n
FAC_rank_vol_m6_n3_pairwise1,2006-06-30,CtrlRetLTM,,3,skipped,完整变量样本数小于 min_cross_section_n
FAC_rank_vol_m6_n3_pairwise1,2006-06-30,CtrlVol,,3,skipped,完整变量样本数小于 min_cross_section_n
FAC_rank_vol_m6_n3_pairwise1,2006-06-30,as_偏股混合型基金,,3,skipped,完整变量样本数小于 min_cross_section_n
FAC_rank_vol_m6_n3_pairwise1,2006-06-30,Ctrl_log_fund_size,,3,skipped,完整变量样本数小于 min_cross_section_n
FAC_rank_vol_m6_n3_pairwise1,2006-06-30,Ctrl_fund_age,,3,skipped,完整变量样本数小于 min_cross_section_n
FAC_rank_vol_m6_n3_pairwise1,2006-07-31,FAC_rank_vol_m6_n3_pairwise1,,3,skipped,完整变量样本数小于 min_cross_section_n
FAC_rank_vol_m6_n3_pairwise1,2006-07-31,CtrlRetSTR,,3,skipped,完整变量样本数小于 min_cross_section_n
FAC_rank_vol_m6_n3_pairwise1,2006-07-31,CtrlRetLTM,,3,skipped,完整变量样本数小于 min_cross_section_n
FAC_rank_vol_m6_n3_pairwise1,2006-07-31,CtrlVol,,3,skipped,完整变量样本数小于 min_cross_section_n
FAC_rank_vol_m6_n3_pairwise1,2006-07-31,as_偏股混合型基金,,3,skipped,完整变量样本数小于 min_cross_section_n
FAC_rank_vol_m6_n3_pairwise1,2006-07-31,Ctrl_log_fund_size,,3,skipped,完整变量样本数小于 min_cross_section_n
FAC_rank_vol_m6_n3_pairwise1,2006-07-31,Ctrl_fund_age,,3,skipped,完整变量样本数小于 min_cross_section_n
FAC_rank_vol_m6_n3_pairwise1,2006-08-31,FAC_rank_vol_m6_n3_pairwise1,,3,skipped,完整变量样本数小于 min_cross_section_n
FAC_rank_vol_m6_n3_pairwise1,2006-08-31,CtrlRetSTR,,3,skipped,完整变量样本数小于 min_cross_section_n
FAC_rank_vol_m6_n3_pairwise1,2006-08-31,CtrlRetLTM,,3,skipped,完整变量样本数小于 min_cross_section_n
FAC_rank_vol_m6_n3_pairwise1,2006-08-31,CtrlVol,,3,skipped,完整变量样本数小于 min_cross_section_n
FAC_rank_vol_m6_n3_pairwise1,2006-08-31,as_偏股混合型基金,,3,skipped,完整变量样本数小于 min_cross_section_n
FAC_rank_vol_m6_n3_pairwise1,2006-08-31,Ctrl_log_fund_size,,3,skipped,完整变量样本数小于 min_cross_section_n
FAC_rank_vol_m6_n3_pairwise1,2006-08-31,Ctrl_fund_age,,3,skipped,完整变量样本数小于 min_cross_section_n
FAC_rank_vol_m6_n3_pairwise1,2006-09-29,FAC_rank_vol_m6_n3_pairwise1,,3,skipped,完整变量样本数小于 min_cross_section_n
FAC_rank_vol_m6_n3_pairwise1,2006-09-29,CtrlRetSTR,,3,skipped,完整变量样本数小于 min_cross_section_n
FAC_rank_vol_m6_n3_pairwise1,2006-09-29,CtrlRetLTM,,3,skipped,完整变量样本数小于 min_cross_section_n
FAC_rank_vol_m6_n3_pairwise1,2006-09-29,CtrlVol,,3,skipped,完整变量样本数小于 min_cross_section_n
FAC_rank_vol_m6_n3_pairwise1,2006-09-29,as_偏股混合型基金,,3,skipped,完整变量样本数小于 min_cross_section_n
FAC_rank_vol_m6_n3_pairwise1,2006-09-29,Ctrl_log_fund_size,,3,skipped,完整变量样本数小于 min_cross_section_n
FAC_rank_vol_m6_n3_pairwise1,2006-09-29,Ctrl_fund_age,,3,skipped,完整变量样本数小于 min_cross_section_n
FAC_rank_vol_m6_n3_pairwise1,2006-10-31,FAC_rank_vol_m6_n3_pairwise1,,3,skipped,完整变量样本数小于 min_cross_section_n
FAC_rank_vol_m6_n3_pairwise1,2006-10-31,CtrlRetSTR,,3,skipped,完整变量样本数小于 min_cross_section_n
FAC_rank_vol_m6_n3_pairwise1,2006-10-31,CtrlRetLTM,,3,skipped,完整变量样本数小于 min_cross_section_n
FAC_rank_vol_m6_n3_pairwise1,2006-10-31,CtrlVol,,3,skipped,完整变量样本数小于 min_cross_section_n
FAC_rank_vol_m6_n3_pairwise1,2006-10-31,as_偏股混合型基金,,3,skipped,完整变量样本数小于 min_cross_section_n
FAC_rank_vol_m6_n3_pairwise1,2006-10-31,Ctrl_log_fund_size,,3,skipped,完整变量样本数小于 min_cross_section_n
FAC_rank_vol_m6_n3_pairwise1,2006-10-31,Ctrl_fund_age,,3,skipped,完整变量样本数小于 min_cross_section_n
FAC_rank_vol_m6_n3_pairwise1,2006-11-30,FAC_rank_vol_m6_n3_pairwise1,,4,skipped,完整变量样本数小于 min_cross_section_n
FAC_rank_vol_m6_n3_pairwise1,2006-11-30,CtrlRetSTR,,4,skipped,完整变量样本数小于 min_cross_section_n
FAC_rank_vol_m6_n3_pairwise1,2006-11-30,CtrlRetLTM,,4,skipped,完整变量样本数小于 min_cross_section_n
FAC_rank_vol_m6_n3_pairwise1,2006-11-30,CtrlVol,,4,skipped,完整变量样本数小于 min_cross_section_n
FAC_rank_vol_m6_n3_pairwise1,2006-11-30,as_偏股混合型基金,,4,skipped,完整变量样本数小于 min_cross_section_n
FAC_rank_vol_m6_n3_pairwise1,2006-11-30,Ctrl_log_fund_size,,4,skipped,完整变量样本数小于 min_cross_section_n
FAC_rank_vol_m6_n3_pairwise1,2006-11-30,Ctrl_fund_age,,4,skipped,完整变量样本数小于 min_cross_section_n
FAC_rank_vol_m6_n3_pairwise1,2006-12-29,FAC_rank_vol_m6_n3_pairwise1,,4,skipped,完整变量样本数小于 min_cross_section_n
FAC_rank_vol_m6_n3_pairwise1,2006-12-29,CtrlRetSTR,,4,skipped,完整变量样本数小于 min_cross_section_n
FAC_rank_vol_m6_n3_pairwise1,2006-12-29,CtrlRetLTM,,4,skipped,完整变量样本数小于 min_cross_section_n
FAC_rank_vol_m6_n3_pairwise1,2006-12-29,CtrlVol,,4,skipped,完整变量样本数小于 min_cross_section_n
FAC_rank_vol_m6_n3_pairwise1,2006-12-29,as_偏股混合型基金,,4,skipped,完整变量样本数小于 min_cross_section_n
FAC_rank_vol_m6_n3_pairwise1,2006-12-29,Ctrl_log_fund_size,,4,skipped,完整变量样本数小于 min_cross_section_n
FAC_rank_vol_m6_n3_pairwise1,2006-12-29,Ctrl_fund_age,,4,skipped,完整变量样本数小于 min_cross_section_n
FAC_rank_vol_m6_n3_pairwise1,2007-01-31,FAC_rank_vol_m6_n3_pairwise1,,4,skipped,完整变量样本数小于 min_cross_section_n
FAC_rank_vol_m6_n3_pairwise1,2007-01-31,CtrlRetSTR,,4,skipped,完整变量样本数小于 min_cross_section_n
FAC_rank_vol_m6_n3_pairwise1,2007-01-31,CtrlRetLTM,,4,skipped,完整变量样本数小于 min_cross_section_n
FAC_rank_vol_m6_n3_pairwise1,2007-01-31,CtrlVol,,4,skipped,完整变量样本数小于 min_cross_section_n
FAC_rank_vol_m6_n3_pairwise1,2007-01-31,as_偏股混合型基金,,4,skipped,完整变量样本数小于 min_cross_section_n
FAC_rank_vol_m6_n3_pairwise1,2007-01-31,Ctrl_log_fund_size,,4,skipped,完整变量样本数小于 min_cross_section_n
FAC_rank_vol_m6_n3_pairwise1,2007-01-31,Ctrl_fund_age,,4,skipped,完整变量样本数小于 min_cross_section_n
FAC_rank_vol_m6_n3_pairwise1,2007-02-28,FAC_rank_vol_m6_n3_pairwise1,,4,skipped,完整变量样本数小于 min_cross_section_n
FAC_rank_vol_m6_n3_pairwise1,2007-02-28,CtrlRetSTR,,4,skipped,完整变量样本数小于 min_cross_section_n
FAC_rank_vol_m6_n3_pairwise1,2007-02-28,CtrlRetLTM,,4,skipped,完整变量样本数小于 min_cross_section_n
FAC_rank_vol_m6_n3_pairwise1,2007-02-28,CtrlVol,,4,skipped,完整变量样本数小于 min_cross_section_n
FAC_rank_vol_m6_n3_pairwise1,2007-02-28,as_偏股混合型基金,,4,skipped,完整变量样本数小于 min_cross_section_n
FAC_rank_vol_m6_n3_pairwise1,2007-02-28,Ctrl_log_fund_size,,4,skipped,完整变量样本数小于 min_cross_section_n
FAC_rank_vol_m6_n3_pairwise1,2007-02-28,Ctrl_fund_age,,4,skipped,完整变量样本数小于 min_cross_section_n
FAC_rank_vol_m6_n3_pairwise1,2007-03-30,FAC_rank_vol_m6_n3_pairwise1,,4,skipped,完整变量样本数小于 min_cross_section_n
FAC_rank_vol_m6_n3_pairwise1,2007-03-30,CtrlRetSTR,,4,skipped,完整变量样本数小于 min_cross_section_n
FAC_rank_vol_m6_n3_pairwise1,2007-03-30,CtrlRetLTM,,4,skipped,完整变量样本数小于 min_cross_section_n
FAC_rank_vol_m6_n3_pairwise1,2007-03-30,CtrlVol,,4,skipped,完整变量样本数小于 min_cross_section_n
FAC_rank_vol_m6_n3_pairwise1,2007-03-30,as_偏股混合型基金,,4,skipped,完整变量样本数小于 min_cross_section_n
FAC_rank_vol_m6_n3_pairwise1,2007-03-30,Ctrl_log_fund_size,,4,skipped,完整变量样本数小于 min_cross_section_n
FAC_rank_vol_m6_n3_pairwise1,2007-03-30,Ctrl_fund_age,,4,skipped,完整变量样本数小于 min_cross_section_n
FAC_rank_vol_m6_n3_pairwise1,2007-04-30,FAC_rank_vol_m6_n3_pairwise1,,4,skipped,完整变量样本数小于 min_cross_section_n
FAC_rank_vol_m6_n3_pairwise1,2007-04-30,CtrlRetSTR,,4,skipped,完整变量样本数小于 min_cross_section_n
FAC_rank_vol_m6_n3_pairwise1,2007-04-30,CtrlRetLTM,,4,skipped,完整变量样本数小于 min_cross_section_n
FAC_rank_vol_m6_n3_pairwise1,2007-04-30,CtrlVol,,4,skipped,完整变量样本数小于 min_cross_section_n
FAC_rank_vol_m6_n3_pairwise1,2007-04-30,as_偏股混合型基金,,4,skipped,完整变量样本数小于 min_cross_section_n
FAC_rank_vol_m6_n3_pairwise1,2007-04-30,Ctrl_log_fund_size,,4,skipped,完整变量样本数小于 min_cross_section_n
FAC_rank_vol_m6_n3_pairwise1,2007-04-30,Ctrl_fund_age,,4,skipped,完整变量样本数小于 min_cross_section_n
FAC_rank_vol_m6_n3_pairwise1,2007-05-31,FAC_rank_vol_m6_n3_pairwise1,,4,skipped,完整变量样本数小于 min_cross_section_n
FAC_rank_vol_m6_n3_pairwise1,2007-05-31,CtrlRetSTR,,4,skipped,完整变量样本数小于 min_cross_section_n
FAC_rank_vol_m6_n3_pairwise1,2007-05-31,CtrlRetLTM,,4,skipped,完整变量样本数小于 min_cross_section_n
FAC_rank_vol_m6_n3_pairwise1,2007-05-31,CtrlVol,,4,skipped,完整变量样本数小于 min_cross_section_n
FAC_rank_vol_m6_n3_pairwise1,2007-05-31,as_偏股混合型基金,,4,skipped,完整变量样本数小于 min_cross_section_n
FAC_rank_vol_m6_n3_pairwise1,2007-05-31,Ctrl_log_fund_size,,4,skipped,完整变量样本数小于 min_cross_section_n
FAC_rank_vol_m6_n3_pairwise1,2007-05-31,Ctrl_fund_age,,4,skipped,完整变量样本数小于 min_cross_section_n
FAC_rank_vol_m6_n3_pairwise1,2007-06-29,FAC_rank_vol_m6_n3_pairwise1,,3,skipped,完整变量样本数小于 min_cross_section_n
FAC_rank_vol_m6_n3_pairwise1,2007-06-29,CtrlRetSTR,,3,skipped,完整变量样本数小于 min_cross_section_n
FAC_rank_vol_m6_n3_pairwise1,2007-06-29,CtrlRetLTM,,3,skipped,完整变量样本数小于 min_cross_section_n
FAC_rank_vol_m6_n3_pairwise1,2007-06-29,CtrlVol,,3,skipped,完整变量样本数小于 min_cross_section_n
FAC_rank_vol_m6_n3_pairwise1,2007-06-29,as_偏股混合型基金,,3,skipped,完整变量样本数小于 min_cross_section_n
FAC_rank_vol_m6_n3_pairwise1,2007-06-29,Ctrl_log_fund_size,,3,skipped,完整变量样本数小于 min_cross_section_n
FAC_rank_vol_m6_n3_pairwise1,2007-06-29,Ctrl_fund_age,,3,skipped,完整变量样本数小于 min_cross_section_n
FAC_rank_vol_m6_n3_pairwise1,2007-07-31,FAC_rank_vol_m6_n3_pairwise1,,5,skipped,完整变量样本数小于 min_cross_section_n
FAC_rank_vol_m6_n3_pairwise1,2007-07-31,CtrlRetSTR,,5,skipped,完整变量样本数小于 min_cross_section_n
FAC_rank_vol_m6_n3_pairwise1,2007-07-31,CtrlRetLTM,,5,skipped,完整变量样本数小于 min_cross_section_n
FAC_rank_vol_m6_n3_pairwise1,2007-07-31,CtrlVol,,5,skipped,完整变量样本数小于 min_cross_section_n
FAC_rank_vol_m6_n3_pairwise1,2007-07-31,as_偏股混合型基金,,5,skipped,完整变量样本数小于 min_cross_section_n
FAC_rank_vol_m6_n3_pairwise1,2007-07-31,Ctrl_log_fund_size,,5,skipped,完整变量样本数小于 min_cross_section_n
FAC_rank_vol_m6_n3_pairwise1,2007-07-31,Ctrl_fund_age,,5,skipped,完整变量样本数小于 min_cross_section_n
FAC_rank_vol_m6_n3_pairwise1,2007-08-31,FAC_rank_vol_m6_n3_pairwise1,,7,skipped,完整变量样本数小于 min_cross_section_n
FAC_rank_vol_m6_n3_pairwise1,2007-08-31,CtrlRetSTR,,7,skipped,完整变量样本数小于 min_cross_section_n
FAC_rank_vol_m6_n3_pairwise1,2007-08-31,CtrlRetLTM,,7,skipped,完整变量样本数小于 min_cross_section_n
FAC_rank_vol_m6_n3_pairwise1,2007-08-31,CtrlVol,,7,skipped,完整变量样本数小于 min_cross_section_n
FAC_rank_vol_m6_n3_pairwise1,2007-08-31,as_偏股混合型基金,,7,skipped,完整变量样本数小于 min_cross_section_n
FAC_rank_vol_m6_n3_pairwise1,2007-08-31,Ctrl_log_fund_size,,7,skipped,完整变量样本数小于 min_cross_section_n
FAC_rank_vol_m6_n3_pairwise1,2007-08-31,Ctrl_fund_age,,7,skipped,完整变量样本数小于 min_cross_section_n
FAC_rank_vol_m6_n3_pairwise1,2007-09-28,FAC_rank_vol_m6_n3_pairwise1,,6,skipped,完整变量样本数小于 min_cross_section_n
FAC_rank_vol_m6_n3_pairwise1,2007-09-28,CtrlRetSTR,,6,skipped,完整变量样本数小于 min_cross_section_n
FAC_rank_vol_m6_n3_pairwise1,2007-09-28,CtrlRetLTM,,6,skipped,完整变量样本数小于 min_cross_section_n
FAC_rank_vol_m6_n3_pairwise1,2007-09-28,CtrlVol,,6,skipped,完整变量样本数小于 min_cross_section_n
FAC_rank_vol_m6_n3_pairwise1,2007-09-28,as_偏股混合型基金,,6,skipped,完整变量样本数小于 min_cross_section_n
FAC_rank_vol_m6_n3_pairwise1,2007-09-28,Ctrl_log_fund_size,,6,skipped,完整变量样本数小于 min_cross_section_n
FAC_rank_vol_m6_n3_pairwise1,2007-09-28,Ctrl_fund_age,,6,skipped,完整变量样本数小于 min_cross_section_n
FAC_rank_vol_m6_n3_pairwise1,2007-10-31,FAC_rank_vol_m6_n3_pairwise1,,6,skipped,完整变量样本数小于 min_cross_section_n
FAC_rank_vol_m6_n3_pairwise1,2007-10-31,CtrlRetSTR,,6,skipped,完整变量样本数小于 min_cross_section_n
FAC_rank_vol_m6_n3_pairwise1,2007-10-31,CtrlRetLTM,,6,skipped,完整变量样本数小于 min_cross_section_n
FAC_rank_vol_m6_n3_pairwise1,2007-10-31,CtrlVol,,6,skipped,完整变量样本数小于 min_cross_section_n
FAC_rank_vol_m6_n3_pairwise1,2007-10-31,as_偏股混合型基金,,6,skipped,完整变量样本数小于 min_cross_section_n
FAC_rank_vol_m6_n3_pairwise1,2007-10-31,Ctrl_log_fund_size,,6,skipped,完整变量样本数小于 min_cross_section_n
FAC_rank_vol_m6_n3_pairwise1,2007-10-31,Ctrl_fund_age,,6,skipped,完整变量样本数小于 min_cross_section_n
FAC_rank_vol_m6_n3_pairwise1,2007-11-30,FAC_rank_vol_m6_n3_pairwise1,,6,skipped,完整变量样本数小于 min_cross_section_n
FAC_rank_vol_m6_n3_pairwise1,2007-11-30,CtrlRetSTR,,6,skipped,完整变量样本数小于 min_cross_section_n
FAC_rank_vol_m6_n3_pairwise1,2007-11-30,CtrlRetLTM,,6,skipped,完整变量样本数小于 min_cross_section_n
FAC_rank_vol_m6_n3_pairwise1,2007-11-30,CtrlVol,,6,skipped,完整变量样本数小于 min_cross_section_n
FAC_rank_vol_m6_n3_pairwise1,2007-11-30,as_偏股混合型基金,,6,skipped,完整变量样本数小于 min_cross_section_n
FAC_rank_vol_m6_n3_pairwise1,2007-11-30,Ctrl_log_fund_size,,6,skipped,完整变量样本数小于 min_cross_section_n
FAC_rank_vol_m6_n3_pairwise1,2007-11-30,Ctrl_fund_age,,6,skipped,完整变量样本数小于 min_cross_section_n
FAC_rank_vol_m6_n3_pairwise1,2007-12-28,FAC_rank_vol_m6_n3_pairwise1,,7,skipped,完整变量样本数小于 min_cross_section_n
FAC_rank_vol_m6_n3_pairwise1,2007-12-28,CtrlRetSTR,,7,skipped,完整变量样本数小于 min_cross_section_n
FAC_rank_vol_m6_n3_pairwise1,2007-12-28,CtrlRetLTM,,7,skipped,完整变量样本数小于 min_cross_section_n
FAC_rank_vol_m6_n3_pairwise1,2007-12-28,CtrlVol,,7,skipped,完整变量样本数小于 min_cross_section_n
FAC_rank_vol_m6_n3_pairwise1,2007-12-28,as_偏股混合型基金,,7,skipped,完整变量样本数小于 min_cross_section_n
FAC_rank_vol_m6_n3_pairwise1,2007-12-28,Ctrl_log_fund_size,,7,skipped,完整变量样本数小于 min_cross_section_n
FAC_rank_vol_m6_n3_pairwise1,2007-12-28,Ctrl_fund_age,,7,skipped,完整变量样本数小于 min_cross_section_n
FAC_rank_vol_m6_n3_pairwise1,2008-01-31,FAC_rank_vol_m6_n3_pairwise1,,6,skipped,完整变量样本数小于 min_cross_section_n
FAC_rank_vol_m6_n3_pairwise1,2008-01-31,CtrlRetSTR,,6,skipped,完整变量样本数小于 min_cross_section_n
FAC_rank_vol_m6_n3_pairwise1,2008-01-31,CtrlRetLTM,,6,skipped,完整变量样本数小于 min_cross_section_n
FAC_rank_vol_m6_n3_pairwise1,2008-01-31,CtrlVol,,6,skipped,完整变量样本数小于 min_cross_section_n
FAC_rank_vol_m6_n3_pairwise1,2008-01-31,as_偏股混合型基金,,6,skipped,完整变量样本数小于 min_cross_section_n
FAC_rank_vol_m6_n3_pairwise1,2008-01-31,Ctrl_log_fund_size,,6,skipped,完整变量样本数小于 min_cross_section_n
FAC_rank_vol_m6_n3_pairwise1,2008-01-31,Ctrl_fund_age,,6,skipped,完整变量样本数小于 min_cross_section_n
FAC_rank_vol_m6_n3_pairwise1,2008-02-29,FAC_rank_vol_m6_n3_pairwise1,,8,skipped,完整变量样本数小于 min_cross_section_n
FAC_rank_vol_m6_n3_pairwise1,2008-02-29,CtrlRetSTR,,8,skipped,完整变量样本数小于 min_cross_section_n
FAC_rank_vol_m6_n3_pairwise1,2008-02-29,CtrlRetLTM,,8,skipped,完整变量样本数小于 min_cross_section_n
FAC_rank_vol_m6_n3_pairwise1,2008-02-29,CtrlVol,,8,skipped,完整变量样本数小于 min_cross_section_n
FAC_rank_vol_m6_n3_pairwise1,2008-02-29,as_偏股混合型基金,,8,skipped,完整变量样本数小于 min_cross_section_n
FAC_rank_vol_m6_n3_pairwise1,2008-02-29,Ctrl_log_fund_size,,8,skipped,完整变量样本数小于 min_cross_section_n
FAC_rank_vol_m6_n3_pairwise1,2008-02-29,Ctrl_fund_age,,8,skipped,完整变量样本数小于 min_cross_section_n
FAC_rank_vol_m6_n3_pairwise1,2008-03-31,FAC_rank_vol_m6_n3_pairwise1,,8,skipped,完整变量样本数小于 min_cross_section_n
FAC_rank_vol_m6_n3_pairwise1,2008-03-31,CtrlRetSTR,,8,skipped,完整变量样本数小于 min_cross_section_n
FAC_rank_vol_m6_n3_pairwise1,2008-03-31,CtrlRetLTM,,8,skipped,完整变量样本数小于 min_cross_section_n
FAC_rank_vol_m6_n3_pairwise1,2008-03-31,CtrlVol,,8,skipped,完整变量样本数小于 min_cross_section_n
FAC_rank_vol_m6_n3_pairwise1,2008-03-31,as_偏股混合型基金,,8,skipped,完整变量样本数小于 min_cross_section_n
FAC_rank_vol_m6_n3_pairwise1,2008-03-31,Ctrl_log_fund_size,,8,skipped,完整变量样本数小于 min_cross_section_n
FAC_rank_vol_m6_n3_pairwise1,2008-03-31,Ctrl_fund_age,,8,skipped,完整变量样本数小于 min_cross_section_n
FAC_rank_vol_m6_n3_pairwise1,2008-04-30,FAC_rank_vol_m6_n3_pairwise1,,7,skipped,完整变量样本数小于 min_cross_section_n
FAC_rank_vol_m6_n3_pairwise1,2008-04-30,CtrlRetSTR,,7,skipped,完整变量样本数小于 min_cross_section_n
FAC_rank_vol_m6_n3_pairwise1,2008-04-30,CtrlRetLTM,,7,skipped,完整变量样本数小于 min_cross_section_n
FAC_rank_vol_m6_n3_pairwise1,2008-04-30,CtrlVol,,7,skipped,完整变量样本数小于 min_cross_section_n
FAC_rank_vol_m6_n3_pairwise1,2008-04-30,as_偏股混合型基金,,7,skipped,完整变量样本数小于 min_cross_section_n
FAC_rank_vol_m6_n3_pairwise1,2008-04-30,Ctrl_log_fund_size,,7,skipped,完整变量样本数小于 min_cross_section_n
FAC_rank_vol_m6_n3_pairwise1,2008-04-30,Ctrl_fund_age,,7,skipped,完整变量样本数小于 min_cross_section_n
FAC_rank_vol_m6_n3_pairwise1,2008-05-30,FAC_rank_vol_m6_n3_pairwise1,,10,skipped,完整变量样本数小于 min_cross_section_n
FAC_rank_vol_m6_n3_pairwise1,2008-05-30,CtrlRetSTR,,10,skipped,完整变量样本数小于 min_cross_section_n
FAC_rank_vol_m6_n3_pairwise1,2008-05-30,CtrlRetLTM,,10,skipped,完整变量样本数小于 min_cross_section_n
FAC_rank_vol_m6_n3_pairwise1,2008-05-30,CtrlVol,,10,skipped,完整变量样本数小于 min_cross_section_n
FAC_rank_vol_m6_n3_pairwise1,2008-05-30,as_偏股混合型基金,,10,skipped,完整变量样本数小于 min_cross_section_n
FAC_rank_vol_m6_n3_pairwise1,2008-05-30,Ctrl_log_fund_size,,10,skipped,完整变量样本数小于 min_cross_section_n
FAC_rank_vol_m6_n3_pairwise1,2008-05-30,Ctrl_fund_age,,10,skipped,完整变量样本数小于 min_cross_section_n
FAC_rank_vol_m6_n3_pairwise1,2008-06-30,FAC_rank_vol_m6_n3_pairwise1,,10,skipped,完整变量样本数小于 min_cross_section_n
FAC_rank_vol_m6_n3_pairwise1,2008-06-30,CtrlRetSTR,,10,skipped,完整变量样本数小于 min_cross_section_n
FAC_rank_vol_m6_n3_pairwise1,2008-06-30,CtrlRetLTM,,10,skipped,完整变量样本数小于 min_cross_section_n
FAC_rank_vol_m6_n3_pairwise1,2008-06-30,CtrlVol,,10,skipped,完整变量样本数小于 min_cross_section_n
FAC_rank_vol_m6_n3_pairwise1,2008-06-30,as_偏股混合型基金,,10,skipped,完整变量样本数小于 min_cross_section_n
FAC_rank_vol_m6_n3_pairwise1,2008-06-30,Ctrl_log_fund_size,,10,skipped,完整变量样本数小于 min_cross_section_n
FAC_rank_vol_m6_n3_pairwise1,2008-06-30,Ctrl_fund_age,,10,skipped,完整变量样本数小于 min_cross_section_n
FAC_rank_vol_m6_n3_pairwise1,2008-07-31,FAC_rank_vol_m6_n3_pairwise1,,12,skipped,完整变量样本数小于 min_cross_section_n
FAC_rank_vol_m6_n3_pairwise1,2008-07-31,CtrlRetSTR,,12,skipped,完整变量样本数小于 min_cross_section_n
FAC_rank_vol_m6_n3_pairwise1,2008-07-31,CtrlRetLTM,,12,skipped,完整变量样本数小于 min_cross_section_n
FAC_rank_vol_m6_n3_pairwise1,2008-07-31,CtrlVol,,12,skipped,完整变量样本数小于 min_cross_section_n
FAC_rank_vol_m6_n3_pairwise1,2008-07-31,as_偏股混合型基金,,12,skipped,完整变量样本数小于 min_cross_section_n
FAC_rank_vol_m6_n3_pairwise1,2008-07-31,Ctrl_log_fund_size,,12,skipped,完整变量样本数小于 min_cross_section_n
FAC_rank_vol_m6_n3_pairwise1,2008-07-31,Ctrl_fund_age,,12,skipped,完整变量样本数小于 min_cross_section_n
FAC_rank_vol_m6_n3_pairwise1,2008-08-29,FAC_rank_vol_m6_n3_pairwise1,,13,skipped,完整变量样本数小于 min_cross_section_n
FAC_rank_vol_m6_n3_pairwise1,2008-08-29,CtrlRetSTR,,13,skipped,完整变量样本数小于 min_cross_section_n
FAC_rank_vol_m6_n3_pairwise1,2008-08-29,CtrlRetLTM,,13,skipped,完整变量样本数小于 min_cross_section_n
FAC_rank_vol_m6_n3_pairwise1,2008-08-29,CtrlVol,,13,skipped,完整变量样本数小于 min_cross_section_n
FAC_rank_vol_m6_n3_pairwise1,2008-08-29,as_偏股混合型基金,,13,skipped,完整变量样本数小于 min_cross_section_n
FAC_rank_vol_m6_n3_pairwise1,2008-08-29,Ctrl_log_fund_size,,13,skipped,完整变量样本数小于 min_cross_section_n
FAC_rank_vol_m6_n3_pairwise1,2008-08-29,Ctrl_fund_age,,13,skipped,完整变量样本数小于 min_cross_section_n
FAC_rank_vol_m6_n3_pairwise1,2008-09-26,FAC_rank_vol_m6_n3_pairwise1,,13,skipped,完整变量样本数小于 min_cross_section_n
FAC_rank_vol_m6_n3_pairwise1,2008-09-26,CtrlRetSTR,,13,skipped,完整变量样本数小于 min_cross_section_n
FAC_rank_vol_m6_n3_pairwise1,2008-09-26,CtrlRetLTM,,13,skipped,完整变量样本数小于 min_cross_section_n
FAC_rank_vol_m6_n3_pairwise1,2008-09-26,CtrlVol,,13,skipped,完整变量样本数小于 min_cross_section_n
FAC_rank_vol_m6_n3_pairwise1,2008-09-26,as_偏股混合型基金,,13,skipped,完整变量样本数小于 min_cross_section_n
FAC_rank_vol_m6_n3_pairwise1,2008-09-26,Ctrl_log_fund_size,,13,skipped,完整变量样本数小于 min_cross_section_n
FAC_rank_vol_m6_n3_pairwise1,2008-09-26,Ctrl_fund_age,,13,skipped,完整变量样本数小于 min_cross_section_n
FAC_rank_vol_m6_n3_pairwise1,2008-10-31,FAC_rank_vol_m6_n3_pairwise1,,14,skipped,完整变量样本数小于 min_cross_section_n
FAC_rank_vol_m6_n3_pairwise1,2008-10-31,CtrlRetSTR,,14,skipped,完整变量样本数小于 min_cross_section_n
FAC_rank_vol_m6_n3_pairwise1,2008-10-31,CtrlRetLTM,,14,skipped,完整变量样本数小于 min_cross_section_n
FAC_rank_vol_m6_n3_pairwise1,2008-10-31,CtrlVol,,14,skipped,完整变量样本数小于 min_cross_section_n
FAC_rank_vol_m6_n3_pairwise1,2008-10-31,as_偏股混合型基金,,14,skipped,完整变量样本数小于 min_cross_section_n
FAC_rank_vol_m6_n3_pairwise1,2008-10-31,Ctrl_log_fund_size,,14,skipped,完整变量样本数小于 min_cross_section_n
FAC_rank_vol_m6_n3_pairwise1,2008-10-31,Ctrl_fund_age,,14,skipped,完整变量样本数小于 min_cross_section_n
FAC_rank_vol_m6_n3_pairwise1,2008-11-28,FAC_rank_vol_m6_n3_pairwise1,,16,skipped,完整变量样本数小于 min_cross_section_n
FAC_rank_vol_m6_n3_pairwise1,2008-11-28,CtrlRetSTR,,16,skipped,完整变量样本数小于 min_cross_section_n
FAC_rank_vol_m6_n3_pairwise1,2008-11-28,CtrlRetLTM,,16,skipped,完整变量样本数小于 min_cross_section_n
FAC_rank_vol_m6_n3_pairwise1,2008-11-28,CtrlVol,,16,skipped,完整变量样本数小于 min_cross_section_n
FAC_rank_vol_m6_n3_pairwise1,2008-11-28,as_偏股混合型基金,,16,skipped,完整变量样本数小于 min_cross_section_n
FAC_rank_vol_m6_n3_pairwise1,2008-11-28,Ctrl_log_fund_size,,16,skipped,完整变量样本数小于 min_cross_section_n
FAC_rank_vol_m6_n3_pairwise1,2008-11-28,Ctrl_fund_age,,16,skipped,完整变量样本数小于 min_cross_section_n
FAC_rank_vol_m6_n3_pairwise1,2008-12-31,FAC_rank_vol_m6_n3_pairwise1,,18,skipped,完整变量样本数小于 min_cross_section_n
FAC_rank_vol_m6_n3_pairwise1,2008-12-31,CtrlRetSTR,,18,skipped,完整变量样本数小于 min_cross_section_n
FAC_rank_vol_m6_n3_pairwise1,2008-12-31,CtrlRetLTM,,18,skipped,完整变量样本数小于 min_cross_section_n
FAC_rank_vol_m6_n3_pairwise1,2008-12-31,CtrlVol,,18,skipped,完整变量样本数小于 min_cross_section_n
FAC_rank_vol_m6_n3_pairwise1,2008-12-31,as_偏股混合型基金,,18,skipped,完整变量样本数小于 min_cross_section_n
FAC_rank_vol_m6_n3_pairwise1,2008-12-31,Ctrl_log_fund_size,,18,skipped,完整变量样本数小于 min_cross_section_n
FAC_rank_vol_m6_n3_pairwise1,2008-12-31,Ctrl_fund_age,,18,skipped,完整变量样本数小于 min_cross_section_n
FAC_rank_vol_m6_n3_pairwise1,2009-01-23,FAC_rank_vol_m6_n3_pairwise1,,18,skipped,完整变量样本数小于 min_cross_section_n
FAC_rank_vol_m6_n3_pairwise1,2009-01-23,CtrlRetSTR,,18,skipped,完整变量样本数小于 min_cross_section_n
FAC_rank_vol_m6_n3_pairwise1,2009-01-23,CtrlRetLTM,,18,skipped,完整变量样本数小于 min_cross_section_n
FAC_rank_vol_m6_n3_pairwise1,2009-01-23,CtrlVol,,18,skipped,完整变量样本数小于 min_cross_section_n
FAC_rank_vol_m6_n3_pairwise1,2009-01-23,as_偏股混合型基金,,18,skipped,完整变量样本数小于 min_cross_section_n
FAC_rank_vol_m6_n3_pairwise1,2009-01-23,Ctrl_log_fund_size,,18,skipped,完整变量样本数小于 min_cross_section_n
FAC_rank_vol_m6_n3_pairwise1,2009-01-23,Ctrl_fund_age,,18,skipped,完整变量样本数小于 min_cross_section_n
FAC_rank_vol_m6_n3_pairwise1,2009-02-27,FAC_rank_vol_m6_n3_pairwise1,,19,skipped,完整变量样本数小于 min_cross_section_n
FAC_rank_vol_m6_n3_pairwise1,2009-02-27,CtrlRetSTR,,19,skipped,完整变量样本数小于 min_cross_section_n
FAC_rank_vol_m6_n3_pairwise1,2009-02-27,CtrlRetLTM,,19,skipped,完整变量样本数小于 min_cross_section_n
FAC_rank_vol_m6_n3_pairwise1,2009-02-27,CtrlVol,,19,skipped,完整变量样本数小于 min_cross_section_n
FAC_rank_vol_m6_n3_pairwise1,2009-02-27,as_偏股混合型基金,,19,skipped,完整变量样本数小于 min_cross_section_n
FAC_rank_vol_m6_n3_pairwise1,2009-02-27,Ctrl_log_fund_size,,19,skipped,完整变量样本数小于 min_cross_section_n
FAC_rank_vol_m6_n3_pairwise1,2009-02-27,Ctrl_fund_age,,19,skipped,完整变量样本数小于 min_cross_section_n
FAC_rank_vol_m6_n3_pairwise1,2009-03-31,FAC_rank_vol_m6_n3_pairwise1,,17,skipped,完整变量样本数小于 min_cross_section_n
FAC_rank_vol_m6_n3_pairwise1,2009-03-31,CtrlRetSTR,,17,skipped,完整变量样本数小于 min_cross_section_n
FAC_rank_vol_m6_n3_pairwise1,2009-03-31,CtrlRetLTM,,17,skipped,完整变量样本数小于 min_cross_section_n
FAC_rank_vol_m6_n3_pairwise1,2009-03-31,CtrlVol,,17,skipped,完整变量样本数小于 min_cross_section_n
FAC_rank_vol_m6_n3_pairwise1,2009-03-31,as_偏股混合型基金,,17,skipped,完整变量样本数小于 min_cross_section_n
FAC_rank_vol_m6_n3_pairwise1,2009-03-31,Ctrl_log_fund_size,,17,skipped,完整变量样本数小于 min_cross_section_n
FAC_rank_vol_m6_n3_pairwise1,2009-03-31,Ctrl_fund_age,,17,skipped,完整变量样本数小于 min_cross_section_n
FAC_rank_vol_m6_n3_pairwise1,2009-04-30,FAC_rank_vol_m6_n3_pairwise1,,20,skipped,完整变量样本数小于 min_cross_section_n
FAC_rank_vol_m6_n3_pairwise1,2009-04-30,CtrlRetSTR,,20,skipped,完整变量样本数小于 min_cross_section_n
FAC_rank_vol_m6_n3_pairwise1,2009-04-30,CtrlRetLTM,,20,skipped,完整变量样本数小于 min_cross_section_n
FAC_rank_vol_m6_n3_pairwise1,2009-04-30,CtrlVol,,20,skipped,完整变量样本数小于 min_cross_section_n
FAC_rank_vol_m6_n3_pairwise1,2009-04-30,as_偏股混合型基金,,20,skipped,完整变量样本数小于 min_cross_section_n
FAC_rank_vol_m6_n3_pairwise1,2009-04-30,Ctrl_log_fund_size,,20,skipped,完整变量样本数小于 min_cross_section_n
FAC_rank_vol_m6_n3_pairwise1,2009-04-30,Ctrl_fund_age,,20,skipped,完整变量样本数小于 min_cross_section_n
FAC_rank_vol_m6_n3_pairwise1,2009-05-27,FAC_rank_vol_m6_n3_pairwise1,,21,skipped,完整变量样本数小于 min_cross_section_n
FAC_rank_vol_m6_n3_pairwise1,2009-05-27,CtrlRetSTR,,21,skipped,完整变量样本数小于 min_cross_section_n
FAC_rank_vol_m6_n3_pairwise1,2009-05-27,CtrlRetLTM,,21,skipped,完整变量样本数小于 min_cross_section_n
FAC_rank_vol_m6_n3_pairwise1,2009-05-27,CtrlVol,,21,skipped,完整变量样本数小于 min_cross_section_n
FAC_rank_vol_m6_n3_pairwise1,2009-05-27,as_偏股混合型基金,,21,skipped,完整变量样本数小于 min_cross_section_n
FAC_rank_vol_m6_n3_pairwise1,2009-05-27,Ctrl_log_fund_size,,21,skipped,完整变量样本数小于 min_cross_section_n
FAC_rank_vol_m6_n3_pairwise1,2009-05-27,Ctrl_fund_age,,21,skipped,完整变量样本数小于 min_cross_section_n
FAC_rank_vol_m6_n3_pairwise1,2009-06-30,FAC_rank_vol_m6_n3_pairwise1,,22,skipped,完整变量样本数小于 min_cross_section_n
FAC_rank_vol_m6_n3_pairwise1,2009-06-30,CtrlRetSTR,,22,skipped,完整变量样本数小于 min_cross_section_n
FAC_rank_vol_m6_n3_pairwise1,2009-06-30,CtrlRetLTM,,22,skipped,完整变量样本数小于 min_cross_section_n
FAC_rank_vol_m6_n3_pairwise1,2009-06-30,CtrlVol,,22,skipped,完整变量样本数小于 min_cross_section_n
FAC_rank_vol_m6_n3_pairwise1,2009-06-30,as_偏股混合型基金,,22,skipped,完整变量样本数小于 min_cross_section_n
FAC_rank_vol_m6_n3_pairwise1,2009-06-30,Ctrl_log_fund_size,,22,skipped,完整变量样本数小于 min_cross_section_n
FAC_rank_vol_m6_n3_pairwise1,2009-06-30,Ctrl_fund_age,,22,skipped,完整变量样本数小于 min_cross_section_n
FAC_rank_vol_m6_n3_pairwise1,2009-07-31,FAC_rank_vol_m6_n3_pairwise1,,22,skipped,完整变量样本数小于 min_cross_section_n
FAC_rank_vol_m6_n3_pairwise1,2009-07-31,CtrlRetSTR,,22,skipped,完整变量样本数小于 min_cross_section_n
FAC_rank_vol_m6_n3_pairwise1,2009-07-31,CtrlRetLTM,,22,skipped,完整变量样本数小于 min_cross_section_n
FAC_rank_vol_m6_n3_pairwise1,2009-07-31,CtrlVol,,22,skipped,完整变量样本数小于 min_cross_section_n
FAC_rank_vol_m6_n3_pairwise1,2009-07-31,as_偏股混合型基金,,22,skipped,完整变量样本数小于 min_cross_section_n
FAC_rank_vol_m6_n3_pairwise1,2009-07-31,Ctrl_log_fund_size,,22,skipped,完整变量样本数小于 min_cross_section_n
FAC_rank_vol_m6_n3_pairwise1,2009-07-31,Ctrl_fund_age,,22,skipped,完整变量样本数小于 min_cross_section_n
FAC_rank_vol_m6_n3_pairwise1,2009-08-31,FAC_rank_vol_m6_n3_pairwise1,,23,skipped,完整变量样本数小于 min_cross_section_n
FAC_rank_vol_m6_n3_pairwise1,2009-08-31,CtrlRetSTR,,23,skipped,完整变量样本数小于 min_cross_section_n
FAC_rank_vol_m6_n3_pairwise1,2009-08-31,CtrlRetLTM,,23,skipped,完整变量样本数小于 min_cross_section_n
FAC_rank_vol_m6_n3_pairwise1,2009-08-31,CtrlVol,,23,skipped,完整变量样本数小于 min_cross_section_n
FAC_rank_vol_m6_n3_pairwise1,2009-08-31,as_偏股混合型基金,,23,skipped,完整变量样本数小于 min_cross_section_n
FAC_rank_vol_m6_n3_pairwise1,2009-08-31,Ctrl_log_fund_size,,23,skipped,完整变量样本数小于 min_cross_section_n
FAC_rank_vol_m6_n3_pairwise1,2009-08-31,Ctrl_fund_age,,23,skipped,完整变量样本数小于 min_cross_section_n
FAC_rank_vol_m6_n3_pairwise1,2009-09-30,FAC_rank_vol_m6_n3_pairwise1,,24,skipped,完整变量样本数小于 min_cross_section_n
FAC_rank_vol_m6_n3_pairwise1,2009-09-30,CtrlRetSTR,,24,skipped,完整变量样本数小于 min_cross_section_n
FAC_rank_vol_m6_n3_pairwise1,2009-09-30,CtrlRetLTM,,24,skipped,完整变量样本数小于 min_cross_section_n
FAC_rank_vol_m6_n3_pairwise1,2009-09-30,CtrlVol,,24,skipped,完整变量样本数小于 min_cross_section_n
FAC_rank_vol_m6_n3_pairwise1,2009-09-30,as_偏股混合型基金,,24,skipped,完整变量样本数小于 min_cross_section_n
FAC_rank_vol_m6_n3_pairwise1,2009-09-30,Ctrl_log_fund_size,,24,skipped,完整变量样本数小于 min_cross_section_n
FAC_rank_vol_m6_n3_pairwise1,2009-09-30,Ctrl_fund_age,,24,skipped,完整变量样本数小于 min_cross_section_n
FAC_rank_vol_m6_n3_pairwise1,2009-10-30,FAC_rank_vol_m6_n3_pairwise1,,27,skipped,完整变量样本数小于 min_cross_section_n
FAC_rank_vol_m6_n3_pairwise1,2009-10-30,CtrlRetSTR,,27,skipped,完整变量样本数小于 min_cross_section_n
FAC_rank_vol_m6_n3_pairwise1,2009-10-30,CtrlRetLTM,,27,skipped,完整变量样本数小于 min_cross_section_n
FAC_rank_vol_m6_n3_pairwise1,2009-10-30,CtrlVol,,27,skipped,完整变量样本数小于 min_cross_section_n
FAC_rank_vol_m6_n3_pairwise1,2009-10-30,as_偏股混合型基金,,27,skipped,完整变量样本数小于 min_cross_section_n
FAC_rank_vol_m6_n3_pairwise1,2009-10-30,Ctrl_log_fund_size,,27,skipped,完整变量样本数小于 min_cross_section_n
FAC_rank_vol_m6_n3_pairwise1,2009-10-30,Ctrl_fund_age,,27,skipped,完整变量样本数小于 min_cross_section_n
FAC_rank_vol_m6_n3_pairwise1,2009-11-30,FAC_rank_vol_m6_n3_pairwise1,,28,skipped,完整变量样本数小于 min_cross_section_n
FAC_rank_vol_m6_n3_pairwise1,2009-11-30,CtrlRetSTR,,28,skipped,完整变量样本数小于 min_cross_section_n
FAC_rank_vol_m6_n3_pairwise1,2009-11-30,CtrlRetLTM,,28,skipped,完整变量样本数小于 min_cross_section_n
FAC_rank_vol_m6_n3_pairwise1,2009-11-30,CtrlVol,,28,skipped,完整变量样本数小于 min_cross_section_n
FAC_rank_vol_m6_n3_pairwise1,2009-11-30,as_偏股混合型基金,,28,skipped,完整变量样本数小于 min_cross_section_n
FAC_rank_vol_m6_n3_pairwise1,2009-11-30,Ctrl_log_fund_size,,28,skipped,完整变量样本数小于 min_cross_section_n
FAC_rank_vol_m6_n3_pairwise1,2009-11-30,Ctrl_fund_age,,28,skipped,完整变量样本数小于 min_cross_section_n
FAC_rank_vol_m6_n3_pairwise1,2009-12-31,FAC_rank_vol_m6_n3_pairwise1,,31,skipped,完整变量样本数小于 min_cross_section_n
FAC_rank_vol_m6_n3_pairwise1,2009-12-31,CtrlRetSTR,,31,skipped,完整变量样本数小于 min_cross_section_n
FAC_rank_vol_m6_n3_pairwise1,2009-12-31,CtrlRetLTM,,31,skipped,完整变量样本数小于 min_cross_section_n
FAC_rank_vol_m6_n3_pairwise1,2009-12-31,CtrlVol,,31,skipped,完整变量样本数小于 min_cross_section_n
FAC_rank_vol_m6_n3_pairwise1,2009-12-31,as_偏股混合型基金,,31,skipped,完整变量样本数小于 min_cross_section_n
FAC_rank_vol_m6_n3_pairwise1,2009-12-31,Ctrl_log_fund_size,,31,skipped,完整变量样本数小于 min_cross_section_n
FAC_rank_vol_m6_n3_pairwise1,2009-12-31,Ctrl_fund_age,,31,skipped,完整变量样本数小于 min_cross_section_n
FAC_rank_vol_m6_n3_pairwise1,2010-01-29,FAC_rank_vol_m6_n3_pairwise1,,28,skipped,完整变量样本数小于 min_cross_section_n
FAC_rank_vol_m6_n3_pairwise1,2010-01-29,CtrlRetSTR,,28,skipped,完整变量样本数小于 min_cross_section_n
FAC_rank_vol_m6_n3_pairwise1,2010-01-29,CtrlRetLTM,,28,skipped,完整变量样本数小于 min_cross_section_n
FAC_rank_vol_m6_n3_pairwise1,2010-01-29,CtrlVol,,28,skipped,完整变量样本数小于 min_cross_section_n
FAC_rank_vol_m6_n3_pairwise1,2010-01-29,as_偏股混合型基金,,28,skipped,完整变量样本数小于 min_cross_section_n
FAC_rank_vol_m6_n3_pairwise1,2010-01-29,Ctrl_log_fund_size,,28,skipped,完整变量样本数小于 min_cross_section_n
FAC_rank_vol_m6_n3_pairwise1,2010-01-29,Ctrl_fund_age,,28,skipped,完整变量样本数小于 min_cross_section_n
FAC_rank_vol_m6_n3_pairwise1,2010-02-26,FAC_rank_vol_m6_n3_pairwise1,,30,skipped,完整变量样本数小于 min_cross_section_n
FAC_rank_vol_m6_n3_pairwise1,2010-02-26,CtrlRetSTR,,30,skipped,完整变量样本数小于 min_cross_section_n
FAC_rank_vol_m6_n3_pairwise1,2010-02-26,CtrlRetLTM,,30,skipped,完整变量样本数小于 min_cross_section_n
FAC_rank_vol_m6_n3_pairwise1,2010-02-26,CtrlVol,,30,skipped,完整变量样本数小于 min_cross_section_n
FAC_rank_vol_m6_n3_pairwise1,2010-02-26,as_偏股混合型基金,,30,skipped,完整变量样本数小于 min_cross_section_n
FAC_rank_vol_m6_n3_pairwise1,2010-02-26,Ctrl_log_fund_size,,30,skipped,完整变量样本数小于 min_cross_section_n
FAC_rank_vol_m6_n3_pairwise1,2010-02-26,Ctrl_fund_age,,30,skipped,完整变量样本数小于 min_cross_section_n
FAC_rank_vol_m6_n3_pairwise1,2010-03-31,FAC_rank_vol_m6_n3_pairwise1,,30,skipped,完整变量样本数小于 min_cross_section_n
FAC_rank_vol_m6_n3_pairwise1,2010-03-31,CtrlRetSTR,,30,skipped,完整变量样本数小于 min_cross_section_n
FAC_rank_vol_m6_n3_pairwise1,2010-03-31,CtrlRetLTM,,30,skipped,完整变量样本数小于 min_cross_section_n
FAC_rank_vol_m6_n3_pairwise1,2010-03-31,CtrlVol,,30,skipped,完整变量样本数小于 min_cross_section_n
FAC_rank_vol_m6_n3_pairwise1,2010-03-31,as_偏股混合型基金,,30,skipped,完整变量样本数小于 min_cross_section_n
FAC_rank_vol_m6_n3_pairwise1,2010-03-31,Ctrl_log_fund_size,,30,skipped,完整变量样本数小于 min_cross_section_n
FAC_rank_vol_m6_n3_pairwise1,2010-03-31,Ctrl_fund_age,,30,skipped,完整变量样本数小于 min_cross_section_n
FAC_rank_vol_m6_n3_pairwise1,2010-04-30,FAC_rank_vol_m6_n3_pairwise1,,30,skipped,完整变量样本数小于 min_cross_section_n
FAC_rank_vol_m6_n3_pairwise1,2010-04-30,CtrlRetSTR,,30,skipped,完整变量样本数小于 min_cross_section_n
FAC_rank_vol_m6_n3_pairwise1,2010-04-30,CtrlRetLTM,,30,skipped,完整变量样本数小于 min_cross_section_n
FAC_rank_vol_m6_n3_pairwise1,2010-04-30,CtrlVol,,30,skipped,完整变量样本数小于 min_cross_section_n
FAC_rank_vol_m6_n3_pairwise1,2010-04-30,as_偏股混合型基金,,30,skipped,完整变量样本数小于 min_cross_section_n
FAC_rank_vol_m6_n3_pairwise1,2010-04-30,Ctrl_log_fund_size,,30,skipped,完整变量样本数小于 min_cross_section_n
FAC_rank_vol_m6_n3_pairwise1,2010-04-30,Ctrl_fund_age,,30,skipped,完整变量样本数小于 min_cross_section_n
FAC_rank_vol_m6_n3_pairwise1,2010-05-31,FAC_rank_vol_m6_n3_pairwise1,,29,skipped,完整变量样本数小于 min_cross_section_n
FAC_rank_vol_m6_n3_pairwise1,2010-05-31,CtrlRetSTR,,29,skipped,完整变量样本数小于 min_cross_section_n
FAC_rank_vol_m6_n3_pairwise1,2010-05-31,CtrlRetLTM,,29,skipped,完整变量样本数小于 min_cross_section_n
FAC_rank_vol_m6_n3_pairwise1,2010-05-31,CtrlVol,,29,skipped,完整变量样本数小于 min_cross_section_n
FAC_rank_vol_m6_n3_pairwise1,2010-05-31,as_偏股混合型基金,,29,skipped,完整变量样本数小于 min_cross_section_n
FAC_rank_vol_m6_n3_pairwise1,2010-05-31,Ctrl_log_fund_size,,29,skipped,完整变量样本数小于 min_cross_section_n
FAC_rank_vol_m6_n3_pairwise1,2010-05-31,Ctrl_fund_age,,29,skipped,完整变量样本数小于 min_cross_section_n
FAC_rank_vol_m6_n3_pairwise1,2010-06-30,FAC_rank_vol_m6_n3_pairwise1,,29,skipped,完整变量样本数小于 min_cross_section_n
FAC_rank_vol_m6_n3_pairwise1,2010-06-30,CtrlRetSTR,,29,skipped,完整变量样本数小于 min_cross_section_n
FAC_rank_vol_m6_n3_pairwise1,2010-06-30,CtrlRetLTM,,29,skipped,完整变量样本数小于 min_cross_section_n
FAC_rank_vol_m6_n3_pairwise1,2010-06-30,CtrlVol,,29,skipped,完整变量样本数小于 min_cross_section_n
FAC_rank_vol_m6_n3_pairwise1,2010-06-30,as_偏股混合型基金,,29,skipped,完整变量样本数小于 min_cross_section_n
FAC_rank_vol_m6_n3_pairwise1,2010-06-30,Ctrl_log_fund_size,,29,skipped,完整变量样本数小于 min_cross_section_n
FAC_rank_vol_m6_n3_pairwise1,2010-06-30,Ctrl_fund_age,,29,skipped,完整变量样本数小于 min_cross_section_n
FAC_rank_vol_m6_n3_pairwise1,2010-07-30,FAC_rank_vol_m6_n3_pairwise1,,29,skipped,完整变量样本数小于 min_cross_section_n
FAC_rank_vol_m6_n3_pairwise1,2010-07-30,CtrlRetSTR,,29,skipped,完整变量样本数小于 min_cross_section_n
FAC_rank_vol_m6_n3_pairwise1,2010-07-30,CtrlRetLTM,,29,skipped,完整变量样本数小于 min_cross_section_n
FAC_rank_vol_m6_n3_pairwise1,2010-07-30,CtrlVol,,29,skipped,完整变量样本数小于 min_cross_section_n
FAC_rank_vol_m6_n3_pairwise1,2010-07-30,as_偏股混合型基金,,29,skipped,完整变量样本数小于 min_cross_section_n
FAC_rank_vol_m6_n3_pairwise1,2010-07-30,Ctrl_log_fund_size,,29,skipped,完整变量样本数小于 min_cross_section_n
FAC_rank_vol_m6_n3_pairwise1,2010-07-30,Ctrl_fund_age,,29,skipped,完整变量样本数小于 min_cross_section_n
FAC_rank_vol_m6_n3_pairwise1,2010-08-31,FAC_rank_vol_m6_n3_pairwise1,,28,skipped,完整变量样本数小于 min_cross_section_n
FAC_rank_vol_m6_n3_pairwise1,2010-08-31,CtrlRetSTR,,28,skipped,完整变量样本数小于 min_cross_section_n
FAC_rank_vol_m6_n3_pairwise1,2010-08-31,CtrlRetLTM,,28,skipped,完整变量样本数小于 min_cross_section_n
FAC_rank_vol_m6_n3_pairwise1,2010-08-31,CtrlVol,,28,skipped,完整变量样本数小于 min_cross_section_n
FAC_rank_vol_m6_n3_pairwise1,2010-08-31,as_偏股混合型基金,,28,skipped,完整变量样本数小于 min_cross_section_n
FAC_rank_vol_m6_n3_pairwise1,2010-08-31,Ctrl_log_fund_size,,28,skipped,完整变量样本数小于 min_cross_section_n
FAC_rank_vol_m6_n3_pairwise1,2010-08-31,Ctrl_fund_age,,28,skipped,完整变量样本数小于 min_cross_section_n
FAC_rank_vol_m6_n3_pairwise1,2010-09-30,FAC_rank_vol_m6_n3_pairwise1,,30,skipped,完整变量样本数小于 min_cross_section_n
FAC_rank_vol_m6_n3_pairwise1,2010-09-30,CtrlRetSTR,,30,skipped,完整变量样本数小于 min_cross_section_n
FAC_rank_vol_m6_n3_pairwise1,2010-09-30,CtrlRetLTM,,30,skipped,完整变量样本数小于 min_cross_section_n
FAC_rank_vol_m6_n3_pairwise1,2010-09-30,CtrlVol,,30,skipped,完整变量样本数小于 min_cross_section_n
FAC_rank_vol_m6_n3_pairwise1,2010-09-30,as_偏股混合型基金,,30,skipped,完整变量样本数小于 min_cross_section_n
FAC_rank_vol_m6_n3_pairwise1,2010-09-30,Ctrl_log_fund_size,,30,skipped,完整变量样本数小于 min_cross_section_n
FAC_rank_vol_m6_n3_pairwise1,2010-09-30,Ctrl_fund_age,,30,skipped,完整变量样本数小于 min_cross_section_n
FAC_rank_vol_m6_n3_pairwise1,2010-10-29,FAC_rank_vol_m6_n3_pairwise1,,28,skipped,完整变量样本数小于 min_cross_section_n
FAC_rank_vol_m6_n3_pairwise1,2010-10-29,CtrlRetSTR,,28,skipped,完整变量样本数小于 min_cross_section_n
FAC_rank_vol_m6_n3_pairwise1,2010-10-29,CtrlRetLTM,,28,skipped,完整变量样本数小于 min_cross_section_n
FAC_rank_vol_m6_n3_pairwise1,2010-10-29,CtrlVol,,28,skipped,完整变量样本数小于 min_cross_section_n
FAC_rank_vol_m6_n3_pairwise1,2010-10-29,as_偏股混合型基金,,28,skipped,完整变量样本数小于 min_cross_section_n
FAC_rank_vol_m6_n3_pairwise1,2010-10-29,Ctrl_log_fund_size,,28,skipped,完整变量样本数小于 min_cross_section_n
FAC_rank_vol_m6_n3_pairwise1,2010-10-29,Ctrl_fund_age,,28,skipped,完整变量样本数小于 min_cross_section_n
FAC_rank_vol_m6_n3_pairwise1,2010-11-30,FAC_rank_vol_m6_n3_pairwise1,,30,skipped,完整变量样本数小于 min_cross_section_n
FAC_rank_vol_m6_n3_pairwise1,2010-11-30,CtrlRetSTR,,30,skipped,完整变量样本数小于 min_cross_section_n
FAC_rank_vol_m6_n3_pairwise1,2010-11-30,CtrlRetLTM,,30,skipped,完整变量样本数小于 min_cross_section_n
FAC_rank_vol_m6_n3_pairwise1,2010-11-30,CtrlVol,,30,skipped,完整变量样本数小于 min_cross_section_n
FAC_rank_vol_m6_n3_pairwise1,2010-11-30,as_偏股混合型基金,,30,skipped,完整变量样本数小于 min_cross_section_n
FAC_rank_vol_m6_n3_pairwise1,2010-11-30,Ctrl_log_fund_size,,30,skipped,完整变量样本数小于 min_cross_section_n
FAC_rank_vol_m6_n3_pairwise1,2010-11-30,Ctrl_fund_age,,30,skipped,完整变量样本数小于 min_cross_section_n
FAC_rank_vol_m6_n3_pairwise1,2010-12-31,FAC_rank_vol_m6_n3_pairwise1,,31,skipped,完整变量样本数小于 min_cross_section_n
FAC_rank_vol_m6_n3_pairwise1,2010-12-31,CtrlRetSTR,,31,skipped,完整变量样本数小于 min_cross_section_n
FAC_rank_vol_m6_n3_pairwise1,2010-12-31,CtrlRetLTM,,31,skipped,完整变量样本数小于 min_cross_section_n
FAC_rank_vol_m6_n3_pairwise1,2010-12-31,CtrlVol,,31,skipped,完整变量样本数小于 min_cross_section_n
FAC_rank_vol_m6_n3_pairwise1,2010-12-31,as_偏股混合型基金,,31,skipped,完整变量样本数小于 min_cross_section_n
FAC_rank_vol_m6_n3_pairwise1,2010-12-31,Ctrl_log_fund_size,,31,skipped,完整变量样本数小于 min_cross_section_n
FAC_rank_vol_m6_n3_pairwise1,2010-12-31,Ctrl_fund_age,,31,skipped,完整变量样本数小于 min_cross_section_n
FAC_rank_vol_m6_n3_pairwise1,2011-01-31,FAC_rank_vol_m6_n3_pairwise1,,31,skipped,完整变量样本数小于 min_cross_section_n
FAC_rank_vol_m6_n3_pairwise1,2011-01-31,CtrlRetSTR,,31,skipped,完整变量样本数小于 min_cross_section_n
FAC_rank_vol_m6_n3_pairwise1,2011-01-31,CtrlRetLTM,,31,skipped,完整变量样本数小于 min_cross_section_n
FAC_rank_vol_m6_n3_pairwise1,2011-01-31,CtrlVol,,31,skipped,完整变量样本数小于 min_cross_section_n
FAC_rank_vol_m6_n3_pairwise1,2011-01-31,as_偏股混合型基金,,31,skipped,完整变量样本数小于 min_cross_section_n
FAC_rank_vol_m6_n3_pairwise1,2011-01-31,Ctrl_log_fund_size,,31,skipped,完整变量样本数小于 min_cross_section_n
FAC_rank_vol_m6_n3_pairwise1,2011-01-31,Ctrl_fund_age,,31,skipped,完整变量样本数小于 min_cross_section_n
FAC_rank_vol_m6_n3_pairwise1,2011-02-28,FAC_rank_vol_m6_n3_pairwise1,,32,skipped,完整变量样本数小于 min_cross_section_n
FAC_rank_vol_m6_n3_pairwise1,2011-02-28,CtrlRetSTR,,32,skipped,完整变量样本数小于 min_cross_section_n
FAC_rank_vol_m6_n3_pairwise1,2011-02-28,CtrlRetLTM,,32,skipped,完整变量样本数小于 min_cross_section_n
FAC_rank_vol_m6_n3_pairwise1,2011-02-28,CtrlVol,,32,skipped,完整变量样本数小于 min_cross_section_n
FAC_rank_vol_m6_n3_pairwise1,2011-02-28,as_偏股混合型基金,,32,skipped,完整变量样本数小于 min_cross_section_n
FAC_rank_vol_m6_n3_pairwise1,2011-02-28,Ctrl_log_fund_size,,32,skipped,完整变量样本数小于 min_cross_section_n
FAC_rank_vol_m6_n3_pairwise1,2011-02-28,Ctrl_fund_age,,32,skipped,完整变量样本数小于 min_cross_section_n
FAC_rank_vol_m6_n3_pairwise1,2011-03-31,FAC_rank_vol_m6_n3_pairwise1,,32,skipped,完整变量样本数小于 min_cross_section_n
FAC_rank_vol_m6_n3_pairwise1,2011-03-31,CtrlRetSTR,,32,skipped,完整变量样本数小于 min_cross_section_n
FAC_rank_vol_m6_n3_pairwise1,2011-03-31,CtrlRetLTM,,32,skipped,完整变量样本数小于 min_cross_section_n
FAC_rank_vol_m6_n3_pairwise1,2011-03-31,CtrlVol,,32,skipped,完整变量样本数小于 min_cross_section_n
FAC_rank_vol_m6_n3_pairwise1,2011-03-31,as_偏股混合型基金,,32,skipped,完整变量样本数小于 min_cross_section_n
FAC_rank_vol_m6_n3_pairwise1,2011-03-31,Ctrl_log_fund_size,,32,skipped,完整变量样本数小于 min_cross_section_n
FAC_rank_vol_m6_n3_pairwise1,2011-03-31,Ctrl_fund_age,,32,skipped,完整变量样本数小于 min_cross_section_n
FAC_rank_vol_m6_n3_pairwise1,2011-04-29,FAC_rank_vol_m6_n3_pairwise1,,33,skipped,完整变量样本数小于 min_cross_section_n
FAC_rank_vol_m6_n3_pairwise1,2011-04-29,CtrlRetSTR,,33,skipped,完整变量样本数小于 min_cross_section_n
FAC_rank_vol_m6_n3_pairwise1,2011-04-29,CtrlRetLTM,,33,skipped,完整变量样本数小于 min_cross_section_n
FAC_rank_vol_m6_n3_pairwise1,2011-04-29,CtrlVol,,33,skipped,完整变量样本数小于 min_cross_section_n
FAC_rank_vol_m6_n3_pairwise1,2011-04-29,as_偏股混合型基金,,33,skipped,完整变量样本数小于 min_cross_section_n
FAC_rank_vol_m6_n3_pairwise1,2011-04-29,Ctrl_log_fund_size,,33,skipped,完整变量样本数小于 min_cross_section_n
FAC_rank_vol_m6_n3_pairwise1,2011-04-29,Ctrl_fund_age,,33,skipped,完整变量样本数小于 min_cross_section_n
FAC_rank_vol_m6_n3_pairwise1,2011-05-31,FAC_rank_vol_m6_n3_pairwise1,,35,skipped,完整变量样本数小于 min_cross_section_n
FAC_rank_vol_m6_n3_pairwise1,2011-05-31,CtrlRetSTR,,35,skipped,完整变量样本数小于 min_cross_section_n
FAC_rank_vol_m6_n3_pairwise1,2011-05-31,CtrlRetLTM,,35,skipped,完整变量样本数小于 min_cross_section_n
FAC_rank_vol_m6_n3_pairwise1,2011-05-31,CtrlVol,,35,skipped,完整变量样本数小于 min_cross_section_n
FAC_rank_vol_m6_n3_pairwise1,2011-05-31,as_偏股混合型基金,,35,skipped,完整变量样本数小于 min_cross_section_n
FAC_rank_vol_m6_n3_pairwise1,2011-05-31,Ctrl_log_fund_size,,35,skipped,完整变量样本数小于 min_cross_section_n
FAC_rank_vol_m6_n3_pairwise1,2011-05-31,Ctrl_fund_age,,35,skipped,完整变量样本数小于 min_cross_section_n
FAC_rank_vol_m6_n3_pairwise1,2011-06-30,FAC_rank_vol_m6_n3_pairwise1,,35,skipped,完整变量样本数小于 min_cross_section_n
FAC_rank_vol_m6_n3_pairwise1,2011-06-30,CtrlRetSTR,,35,skipped,完整变量样本数小于 min_cross_section_n
FAC_rank_vol_m6_n3_pairwise1,2011-06-30,CtrlRetLTM,,35,skipped,完整变量样本数小于 min_cross_section_n
FAC_rank_vol_m6_n3_pairwise1,2011-06-30,CtrlVol,,35,skipped,完整变量样本数小于 min_cross_section_n
FAC_rank_vol_m6_n3_pairwise1,2011-06-30,as_偏股混合型基金,,35,skipped,完整变量样本数小于 min_cross_section_n
FAC_rank_vol_m6_n3_pairwise1,2011-06-30,Ctrl_log_fund_size,,35,skipped,完整变量样本数小于 min_cross_section_n
FAC_rank_vol_m6_n3_pairwise1,2011-06-30,Ctrl_fund_age,,35,skipped,完整变量样本数小于 min_cross_section_n
FAC_rank_vol_m6_n3_pairwise1,2011-07-29,FAC_rank_vol_m6_n3_pairwise1,,35,skipped,完整变量样本数小于 min_cross_section_n
FAC_rank_vol_m6_n3_pairwise1,2011-07-29,CtrlRetSTR,,35,skipped,完整变量样本数小于 min_cross_section_n
FAC_rank_vol_m6_n3_pairwise1,2011-07-29,CtrlRetLTM,,35,skipped,完整变量样本数小于 min_cross_section_n
FAC_rank_vol_m6_n3_pairwise1,2011-07-29,CtrlVol,,35,skipped,完整变量样本数小于 min_cross_section_n
FAC_rank_vol_m6_n3_pairwise1,2011-07-29,as_偏股混合型基金,,35,skipped,完整变量样本数小于 min_cross_section_n
FAC_rank_vol_m6_n3_pairwise1,2011-07-29,Ctrl_log_fund_size,,35,skipped,完整变量样本数小于 min_cross_section_n
FAC_rank_vol_m6_n3_pairwise1,2011-07-29,Ctrl_fund_age,,35,skipped,完整变量样本数小于 min_cross_section_n
FAC_rank_vol_m6_n3_pairwise1,2011-08-31,FAC_rank_vol_m6_n3_pairwise1,,37,skipped,完整变量样本数小于 min_cross_section_n
FAC_rank_vol_m6_n3_pairwise1,2011-08-31,CtrlRetSTR,,37,skipped,完整变量样本数小于 min_cross_section_n
FAC_rank_vol_m6_n3_pairwise1,2011-08-31,CtrlRetLTM,,37,skipped,完整变量样本数小于 min_cross_section_n
FAC_rank_vol_m6_n3_pairwise1,2011-08-31,CtrlVol,,37,skipped,完整变量样本数小于 min_cross_section_n
FAC_rank_vol_m6_n3_pairwise1,2011-08-31,as_偏股混合型基金,,37,skipped,完整变量样本数小于 min_cross_section_n
FAC_rank_vol_m6_n3_pairwise1,2011-08-31,Ctrl_log_fund_size,,37,skipped,完整变量样本数小于 min_cross_section_n
FAC_rank_vol_m6_n3_pairwise1,2011-08-31,Ctrl_fund_age,,37,skipped,完整变量样本数小于 min_cross_section_n
FAC_rank_vol_m6_n3_pairwise1,2011-09-30,FAC_rank_vol_m6_n3_pairwise1,,39,skipped,完整变量样本数小于 min_cross_section_n
FAC_rank_vol_m6_n3_pairwise1,2011-09-30,CtrlRetSTR,,39,skipped,完整变量样本数小于 min_cross_section_n
FAC_rank_vol_m6_n3_pairwise1,2011-09-30,CtrlRetLTM,,39,skipped,完整变量样本数小于 min_cross_section_n
FAC_rank_vol_m6_n3_pairwise1,2011-09-30,CtrlVol,,39,skipped,完整变量样本数小于 min_cross_section_n
FAC_rank_vol_m6_n3_pairwise1,2011-09-30,as_偏股混合型基金,,39,skipped,完整变量样本数小于 min_cross_section_n
FAC_rank_vol_m6_n3_pairwise1,2011-09-30,Ctrl_log_fund_size,,39,skipped,完整变量样本数小于 min_cross_section_n
FAC_rank_vol_m6_n3_pairwise1,2011-09-30,Ctrl_fund_age,,39,skipped,完整变量样本数小于 min_cross_section_n
FAC_rank_vol_m6_n3_pairwise1,2011-10-31,FAC_rank_vol_m6_n3_pairwise1,,38,skipped,完整变量样本数小于 min_cross_section_n
FAC_rank_vol_m6_n3_pairwise1,2011-10-31,CtrlRetSTR,,38,skipped,完整变量样本数小于 min_cross_section_n
FAC_rank_vol_m6_n3_pairwise1,2011-10-31,CtrlRetLTM,,38,skipped,完整变量样本数小于 min_cross_section_n
FAC_rank_vol_m6_n3_pairwise1,2011-10-31,CtrlVol,,38,skipped,完整变量样本数小于 min_cross_section_n
FAC_rank_vol_m6_n3_pairwise1,2011-10-31,as_偏股混合型基金,,38,skipped,完整变量样本数小于 min_cross_section_n
FAC_rank_vol_m6_n3_pairwise1,2011-10-31,Ctrl_log_fund_size,,38,skipped,完整变量样本数小于 min_cross_section_n
FAC_rank_vol_m6_n3_pairwise1,2011-10-31,Ctrl_fund_age,,38,skipped,完整变量样本数小于 min_cross_section_n
FAC_rank_vol_m6_n3_pairwise1,2011-11-30,FAC_rank_vol_m6_n3_pairwise1,,39,skipped,完整变量样本数小于 min_cross_section_n
FAC_rank_vol_m6_n3_pairwise1,2011-11-30,CtrlRetSTR,,39,skipped,完整变量样本数小于 min_cross_section_n
FAC_rank_vol_m6_n3_pairwise1,2011-11-30,CtrlRetLTM,,39,skipped,完整变量样本数小于 min_cross_section_n
FAC_rank_vol_m6_n3_pairwise1,2011-11-30,CtrlVol,,39,skipped,完整变量样本数小于 min_cross_section_n
FAC_rank_vol_m6_n3_pairwise1,2011-11-30,as_偏股混合型基金,,39,skipped,完整变量样本数小于 min_cross_section_n
FAC_rank_vol_m6_n3_pairwise1,2011-11-30,Ctrl_log_fund_size,,39,skipped,完整变量样本数小于 min_cross_section_n
FAC_rank_vol_m6_n3_pairwise1,2011-11-30,Ctrl_fund_age,,39,skipped,完整变量样本数小于 min_cross_section_n
FAC_rank_vol_m6_n3_pairwise1,2011-12-30,FAC_rank_vol_m6_n3_pairwise1,,40,skipped,完整变量样本数小于 min_cross_section_n
FAC_rank_vol_m6_n3_pairwise1,2011-12-30,CtrlRetSTR,,40,skipped,完整变量样本数小于 min_cross_section_n
FAC_rank_vol_m6_n3_pairwise1,2011-12-30,CtrlRetLTM,,40,skipped,完整变量样本数小于 min_cross_section_n
FAC_rank_vol_m6_n3_pairwise1,2011-12-30,CtrlVol,,40,skipped,完整变量样本数小于 min_cross_section_n
FAC_rank_vol_m6_n3_pairwise1,2011-12-30,as_偏股混合型基金,,40,skipped,完整变量样本数小于 min_cross_section_n
FAC_rank_vol_m6_n3_pairwise1,2011-12-30,Ctrl_log_fund_size,,40,skipped,完整变量样本数小于 min_cross_section_n
FAC_rank_vol_m6_n3_pairwise1,2011-12-30,Ctrl_fund_age,,40,skipped,完整变量样本数小于 min_cross_section_n
FAC_rank_vol_m6_n3_pairwise1,2012-01-31,FAC_rank_vol_m6_n3_pairwise1,,40,skipped,完整变量样本数小于 min_cross_section_n
FAC_rank_vol_m6_n3_pairwise1,2012-01-31,CtrlRetSTR,,40,skipped,完整变量样本数小于 min_cross_section_n
FAC_rank_vol_m6_n3_pairwise1,2012-01-31,CtrlRetLTM,,40,skipped,完整变量样本数小于 min_cross_section_n
FAC_rank_vol_m6_n3_pairwise1,2012-01-31,CtrlVol,,40,skipped,完整变量样本数小于 min_cross_section_n
FAC_rank_vol_m6_n3_pairwise1,2012-01-31,as_偏股混合型基金,,40,skipped,完整变量样本数小于 min_cross_section_n
FAC_rank_vol_m6_n3_pairwise1,2012-01-31,Ctrl_log_fund_size,,40,skipped,完整变量样本数小于 min_cross_section_n
FAC_rank_vol_m6_n3_pairwise1,2012-01-31,Ctrl_fund_age,,40,skipped,完整变量样本数小于 min_cross_section_n
FAC_rank_vol_m6_n3_pairwise1,2012-02-29,FAC_rank_vol_m6_n3_pairwise1,,42,skipped,完整变量样本数小于 min_cross_section_n
FAC_rank_vol_m6_n3_pairwise1,2012-02-29,CtrlRetSTR,,42,skipped,完整变量样本数小于 min_cross_section_n
FAC_rank_vol_m6_n3_pairwise1,2012-02-29,CtrlRetLTM,,42,skipped,完整变量样本数小于 min_cross_section_n
FAC_rank_vol_m6_n3_pairwise1,2012-02-29,CtrlVol,,42,skipped,完整变量样本数小于 min_cross_section_n
FAC_rank_vol_m6_n3_pairwise1,2012-02-29,as_偏股混合型基金,,42,skipped,完整变量样本数小于 min_cross_section_n
FAC_rank_vol_m6_n3_pairwise1,2012-02-29,Ctrl_log_fund_size,,42,skipped,完整变量样本数小于 min_cross_section_n
FAC_rank_vol_m6_n3_pairwise1,2012-02-29,Ctrl_fund_age,,42,skipped,完整变量样本数小于 min_cross_section_n
FAC_rank_vol_m6_n3_pairwise1,2012-03-30,FAC_rank_vol_m6_n3_pairwise1,,41,skipped,完整变量样本数小于 min_cross_section_n
FAC_rank_vol_m6_n3_pairwise1,2012-03-30,CtrlRetSTR,,41,skipped,完整变量样本数小于 min_cross_section_n
FAC_rank_vol_m6_n3_pairwise1,2012-03-30,CtrlRetLTM,,41,skipped,完整变量样本数小于 min_cross_section_n
FAC_rank_vol_m6_n3_pairwise1,2012-03-30,CtrlVol,,41,skipped,完整变量样本数小于 min_cross_section_n
FAC_rank_vol_m6_n3_pairwise1,2012-03-30,as_偏股混合型基金,,41,skipped,完整变量样本数小于 min_cross_section_n
FAC_rank_vol_m6_n3_pairwise1,2012-03-30,Ctrl_log_fund_size,,41,skipped,完整变量样本数小于 min_cross_section_n
FAC_rank_vol_m6_n3_pairwise1,2012-03-30,Ctrl_fund_age,,41,skipped,完整变量样本数小于 min_cross_section_n
FAC_rank_vol_m6_n3_pairwise1,2012-04-27,FAC_rank_vol_m6_n3_pairwise1,,42,skipped,完整变量样本数小于 min_cross_section_n
FAC_rank_vol_m6_n3_pairwise1,2012-04-27,CtrlRetSTR,,42,skipped,完整变量样本数小于 min_cross_section_n
FAC_rank_vol_m6_n3_pairwise1,2012-04-27,CtrlRetLTM,,42,skipped,完整变量样本数小于 min_cross_section_n
FAC_rank_vol_m6_n3_pairwise1,2012-04-27,CtrlVol,,42,skipped,完整变量样本数小于 min_cross_section_n
FAC_rank_vol_m6_n3_pairwise1,2012-04-27,as_偏股混合型基金,,42,skipped,完整变量样本数小于 min_cross_section_n
FAC_rank_vol_m6_n3_pairwise1,2012-04-27,Ctrl_log_fund_size,,42,skipped,完整变量样本数小于 min_cross_section_n
FAC_rank_vol_m6_n3_pairwise1,2012-04-27,Ctrl_fund_age,,42,skipped,完整变量样本数小于 min_cross_section_n
FAC_rank_vol_m6_n3_pairwise1,2012-05-31,FAC_rank_vol_m6_n3_pairwise1,,45,skipped,完整变量样本数小于 min_cross_section_n
FAC_rank_vol_m6_n3_pairwise1,2012-05-31,CtrlRetSTR,,45,skipped,完整变量样本数小于 min_cross_section_n
FAC_rank_vol_m6_n3_pairwise1,2012-05-31,CtrlRetLTM,,45,skipped,完整变量样本数小于 min_cross_section_n
FAC_rank_vol_m6_n3_pairwise1,2012-05-31,CtrlVol,,45,skipped,完整变量样本数小于 min_cross_section_n
FAC_rank_vol_m6_n3_pairwise1,2012-05-31,as_偏股混合型基金,,45,skipped,完整变量样本数小于 min_cross_section_n
FAC_rank_vol_m6_n3_pairwise1,2012-05-31,Ctrl_log_fund_size,,45,skipped,完整变量样本数小于 min_cross_section_n
FAC_rank_vol_m6_n3_pairwise1,2012-05-31,Ctrl_fund_age,,45,skipped,完整变量样本数小于 min_cross_section_n
FAC_rank_vol_m6_n3_pairwise1,2012-06-29,FAC_rank_vol_m6_n3_pairwise1,,45,skipped,完整变量样本数小于 min_cross_section_n
FAC_rank_vol_m6_n3_pairwise1,2012-06-29,CtrlRetSTR,,45,skipped,完整变量样本数小于 min_cross_section_n
FAC_rank_vol_m6_n3_pairwise1,2012-06-29,CtrlRetLTM,,45,skipped,完整变量样本数小于 min_cross_section_n
FAC_rank_vol_m6_n3_pairwise1,2012-06-29,CtrlVol,,45,skipped,完整变量样本数小于 min_cross_section_n
FAC_rank_vol_m6_n3_pairwise1,2012-06-29,as_偏股混合型基金,,45,skipped,完整变量样本数小于 min_cross_section_n
FAC_rank_vol_m6_n3_pairwise1,2012-06-29,Ctrl_log_fund_size,,45,skipped,完整变量样本数小于 min_cross_section_n
FAC_rank_vol_m6_n3_pairwise1,2012-06-29,Ctrl_fund_age,,45,skipped,完整变量样本数小于 min_cross_section_n
FAC_rank_vol_m6_n3_pairwise1,2012-07-31,FAC_rank_vol_m6_n3_pairwise1,,47,skipped,完整变量样本数小于 min_cross_section_n
FAC_rank_vol_m6_n3_pairwise1,2012-07-31,CtrlRetSTR,,47,skipped,完整变量样本数小于 min_cross_section_n
FAC_rank_vol_m6_n3_pairwise1,2012-07-31,CtrlRetLTM,,47,skipped,完整变量样本数小于 min_cross_section_n
FAC_rank_vol_m6_n3_pairwise1,2012-07-31,CtrlVol,,47,skipped,完整变量样本数小于 min_cross_section_n
FAC_rank_vol_m6_n3_pairwise1,2012-07-31,as_偏股混合型基金,,47,skipped,完整变量样本数小于 min_cross_section_n
FAC_rank_vol_m6_n3_pairwise1,2012-07-31,Ctrl_log_fund_size,,47,skipped,完整变量样本数小于 min_cross_section_n
FAC_rank_vol_m6_n3_pairwise1,2012-07-31,Ctrl_fund_age,,47,skipped,完整变量样本数小于 min_cross_section_n
FAC_rank_vol_m6_n3_pairwise1,2012-08-31,FAC_rank_vol_m6_n3_pairwise1,,49,skipped,完整变量样本数小于 min_cross_section_n
FAC_rank_vol_m6_n3_pairwise1,2012-08-31,CtrlRetSTR,,49,skipped,完整变量样本数小于 min_cross_section_n
FAC_rank_vol_m6_n3_pairwise1,2012-08-31,CtrlRetLTM,,49,skipped,完整变量样本数小于 min_cross_section_n
FAC_rank_vol_m6_n3_pairwise1,2012-08-31,CtrlVol,,49,skipped,完整变量样本数小于 min_cross_section_n
FAC_rank_vol_m6_n3_pairwise1,2012-08-31,as_偏股混合型基金,,49,skipped,完整变量样本数小于 min_cross_section_n
FAC_rank_vol_m6_n3_pairwise1,2012-08-31,Ctrl_log_fund_size,,49,skipped,完整变量样本数小于 min_cross_section_n
FAC_rank_vol_m6_n3_pairwise1,2012-08-31,Ctrl_fund_age,,49,skipped,完整变量样本数小于 min_cross_section_n
FAC_rank_vol_m6_n3_pairwise1,2012-09-28,FAC_rank_vol_m6_n3_pairwise1,1.0470447817089794,52,ok,
FAC_rank_vol_m6_n3_pairwise1,2012-09-28,CtrlRetSTR,1.302406550246725,52,ok,
FAC_rank_vol_m6_n3_pairwise1,2012-09-28,CtrlRetLTM,1.1799858715122522,52,ok,
FAC_rank_vol_m6_n3_pairwise1,2012-09-28,CtrlVol,1.134145587927967,52,ok,
FAC_rank_vol_m6_n3_pairwise1,2012-09-28,as_偏股混合型基金,1.0834645450009528,52,ok,
FAC_rank_vol_m6_n3_pairwise1,2012-09-28,Ctrl_log_fund_size,1.577921402927892,52,ok,
FAC_rank_vol_m6_n3_pairwise1,2012-09-28,Ctrl_fund_age,1.4682402509090502,52,ok,
FAC_rank_vol_m6_n3_pairwise1,2012-10-31,FAC_rank_vol_m6_n3_pairwise1,1.2182874795527165,54,ok,
FAC_rank_vol_m6_n3_pairwise1,2012-10-31,CtrlRetSTR,1.3154442253151155,54,ok,
FAC_rank_vol_m6_n3_pairwise1,2012-10-31,CtrlRetLTM,1.2555809573113732,54,ok,
FAC_rank_vol_m6_n3_pairwise1,2012-10-31,CtrlVol,1.3868376461461014,54,ok,
FAC_rank_vol_m6_n3_pairwise1,2012-10-31,as_偏股混合型基金,1.1332786011482372,54,ok,
FAC_rank_vol_m6_n3_pairwise1,2012-10-31,Ctrl_log_fund_size,1.675944819805543,54,ok,
FAC_rank_vol_m6_n3_pairwise1,2012-10-31,Ctrl_fund_age,1.678991639803944,54,ok,
FAC_rank_vol_m6_n3_pairwise1,2012-11-30,FAC_rank_vol_m6_n3_pairwise1,1.8927099310717523,56,ok,
FAC_rank_vol_m6_n3_pairwise1,2012-11-30,CtrlRetSTR,1.600524891619753,56,ok,
FAC_rank_vol_m6_n3_pairwise1,2012-11-30,CtrlRetLTM,1.3201127793882528,56,ok,
FAC_rank_vol_m6_n3_pairwise1,2012-11-30,CtrlVol,1.3667704134161047,56,ok,
FAC_rank_vol_m6_n3_pairwise1,2012-11-30,as_偏股混合型基金,1.188782368427919,56,ok,
FAC_rank_vol_m6_n3_pairwise1,2012-11-30,Ctrl_log_fund_size,2.0457348671648075,56,ok,
FAC_rank_vol_m6_n3_pairwise1,2012-11-30,Ctrl_fund_age,1.6751560511394932,56,ok,
FAC_rank_vol_m6_n3_pairwise1,2012-12-31,FAC_rank_vol_m6_n3_pairwise1,1.2483391085580822,59,ok,
FAC_rank_vol_m6_n3_pairwise1,2012-12-31,CtrlRetSTR,1.2369028572988898,59,ok,
FAC_rank_vol_m6_n3_pairwise1,2012-12-31,CtrlRetLTM,1.2268461928300634,59,ok,
FAC_rank_vol_m6_n3_pairwise1,2012-12-31,CtrlVol,1.3223658613440155,59,ok,
FAC_rank_vol_m6_n3_pairwise1,2012-12-31,as_偏股混合型基金,1.1247660465922242,59,ok,
FAC_rank_vol_m6_n3_pairwise1,2012-12-31,Ctrl_log_fund_size,1.8768341407890887,59,ok,
FAC_rank_vol_m6_n3_pairwise1,2012-12-31,Ctrl_fund_age,1.7662446055776202,59,ok,
FAC_rank_vol_m6_n3_pairwise1,2013-01-31,FAC_rank_vol_m6_n3_pairwise1,1.4452361056443224,61,ok,
FAC_rank_vol_m6_n3_pairwise1,2013-01-31,CtrlRetSTR,1.1152965619640822,61,ok,
FAC_rank_vol_m6_n3_pairwise1,2013-01-31,CtrlRetLTM,1.4110790206154535,61,ok,
FAC_rank_vol_m6_n3_pairwise1,2013-01-31,CtrlVol,1.2574070333462148,61,ok,
FAC_rank_vol_m6_n3_pairwise1,2013-01-31,as_偏股混合型基金,1.1213687933552878,61,ok,
FAC_rank_vol_m6_n3_pairwise1,2013-01-31,Ctrl_log_fund_size,1.736650609731544,61,ok,
FAC_rank_vol_m6_n3_pairwise1,2013-01-31,Ctrl_fund_age,1.9806120856868428,61,ok,
FAC_rank_vol_m6_n3_pairwise1,2013-02-28,FAC_rank_vol_m6_n3_pairwise1,1.3901412310567387,60,ok,
FAC_rank_vol_m6_n3_pairwise1,2013-02-28,CtrlRetSTR,1.2987841188798386,60,ok,
FAC_rank_vol_m6_n3_pairwise1,2013-02-28,CtrlRetLTM,1.4943052912661343,60,ok,
FAC_rank_vol_m6_n3_pairwise1,2013-02-28,CtrlVol,1.1624420838429905,60,ok,
FAC_rank_vol_m6_n3_pairwise1,2013-02-28,as_偏股混合型基金,1.0230217435671578,60,ok,
FAC_rank_vol_m6_n3_pairwise1,2013-02-28,Ctrl_log_fund_size,2.0836104651273994,60,ok,
FAC_rank_vol_m6_n3_pairwise1,2013-02-28,Ctrl_fund_age,2.2223815713605033,60,ok,
FAC_rank_vol_m6_n3_pairwise1,2013-03-29,FAC_rank_vol_m6_n3_pairwise1,1.5498598871486464,62,ok,
FAC_rank_vol_m6_n3_pairwise1,2013-03-29,CtrlRetSTR,1.7885183390548236,62,ok,
FAC_rank_vol_m6_n3_pairwise1,2013-03-29,CtrlRetLTM,1.56072027557498,62,ok,
FAC_rank_vol_m6_n3_pairwise1,2013-03-29,CtrlVol,1.4662833249636174,62,ok,
FAC_rank_vol_m6_n3_pairwise1,2013-03-29,as_偏股混合型基金,1.027146193587105,62,ok,
FAC_rank_vol_m6_n3_pairwise1,2013-03-29,Ctrl_log_fund_size,1.8694450943359748,62,ok,
FAC_rank_vol_m6_n3_pairwise1,2013-03-29,Ctrl_fund_age,2.2063926950756994,62,ok,
FAC_rank_vol_m6_n3_pairwise1,2013-04-26,FAC_rank_vol_m6_n3_pairwise1,1.6265679584672685,63,ok,
FAC_rank_vol_m6_n3_pairwise1,2013-04-26,CtrlRetSTR,1.195815845335642,63,ok,
FAC_rank_vol_m6_n3_pairwise1,2013-04-26,CtrlRetLTM,1.8994264970313386,63,ok,
FAC_rank_vol_m6_n3_pairwise1,2013-04-26,CtrlVol,1.5112628227292955,63,ok,
FAC_rank_vol_m6_n3_pairwise1,2013-04-26,as_偏股混合型基金,1.0790874291282344,63,ok,
FAC_rank_vol_m6_n3_pairwise1,2013-04-26,Ctrl_log_fund_size,2.283756082311854,63,ok,
FAC_rank_vol_m6_n3_pairwise1,2013-04-26,Ctrl_fund_age,2.7939815357656244,63,ok,
FAC_rank_vol_m6_n3_pairwise1,2013-05-31,FAC_rank_vol_m6_n3_pairwise1,1.2253380772928566,64,ok,
FAC_rank_vol_m6_n3_pairwise1,2013-05-31,CtrlRetSTR,1.1673486390354182,64,ok,
FAC_rank_vol_m6_n3_pairwise1,2013-05-31,CtrlRetLTM,1.3154112599808085,64,ok,
FAC_rank_vol_m6_n3_pairwise1,2013-05-31,CtrlVol,1.2153655174744054,64,ok,
FAC_rank_vol_m6_n3_pairwise1,2013-05-31,as_偏股混合型基金,1.081569331890756,64,ok,
FAC_rank_vol_m6_n3_pairwise1,2013-05-31,Ctrl_log_fund_size,1.9501342709555662,64,ok,
FAC_rank_vol_m6_n3_pairwise1,2013-05-31,Ctrl_fund_age,2.217138762926487,64,ok,
FAC_rank_vol_m6_n3_pairwise1,2013-06-28,FAC_rank_vol_m6_n3_pairwise1,1.1927843482760518,63,ok,
FAC_rank_vol_m6_n3_pairwise1,2013-06-28,CtrlRetSTR,1.7648955675708202,63,ok,
FAC_rank_vol_m6_n3_pairwise1,2013-06-28,CtrlRetLTM,1.418572719538966,63,ok,
FAC_rank_vol_m6_n3_pairwise1,2013-06-28,CtrlVol,1.485560084188357,63,ok,
FAC_rank_vol_m6_n3_pairwise1,2013-06-28,as_偏股混合型基金,1.1271855674067672,63,ok,
FAC_rank_vol_m6_n3_pairwise1,2013-06-28,Ctrl_log_fund_size,1.8323577292975273,63,ok,
FAC_rank_vol_m6_n3_pairwise1,2013-06-28,Ctrl_fund_age,1.917682642518911,63,ok,
FAC_rank_vol_m6_n3_pairwise1,2013-07-31,FAC_rank_vol_m6_n3_pairwise1,1.5850251632095482,64,ok,
FAC_rank_vol_m6_n3_pairwise1,2013-07-31,CtrlRetSTR,1.1670001595848665,64,ok,
FAC_rank_vol_m6_n3_pairwise1,2013-07-31,CtrlRetLTM,1.8006020409824137,64,ok,
FAC_rank_vol_m6_n3_pairwise1,2013-07-31,CtrlVol,1.0930771560064636,64,ok,
FAC_rank_vol_m6_n3_pairwise1,2013-07-31,as_偏股混合型基金,1.1393232681739134,64,ok,
FAC_rank_vol_m6_n3_pairwise1,2013-07-31,Ctrl_log_fund_size,1.769606767396556,64,ok,
FAC_rank_vol_m6_n3_pairwise1,2013-07-31,Ctrl_fund_age,1.570367605677093,64,ok,
FAC_rank_vol_m6_n3_pairwise1,2013-08-30,FAC_rank_vol_m6_n3_pairwise1,1.3573022090537303,67,ok,
FAC_rank_vol_m6_n3_pairwise1,2013-08-30,CtrlRetSTR,1.1636422110751052,67,ok,
FAC_rank_vol_m6_n3_pairwise1,2013-08-30,CtrlRetLTM,1.4190618402976596,67,ok,
FAC_rank_vol_m6_n3_pairwise1,2013-08-30,CtrlVol,1.2886048965112873,67,ok,
FAC_rank_vol_m6_n3_pairwise1,2013-08-30,as_偏股混合型基金,1.1666031466680185,67,ok,
FAC_rank_vol_m6_n3_pairwise1,2013-08-30,Ctrl_log_fund_size,1.3911146516447197,67,ok,
FAC_rank_vol_m6_n3_pairwise1,2013-08-30,Ctrl_fund_age,1.4102965098884164,67,ok,
FAC_rank_vol_m6_n3_pairwise1,2013-09-30,FAC_rank_vol_m6_n3_pairwise1,1.235911956160561,67,ok,
FAC_rank_vol_m6_n3_pairwise1,2013-09-30,CtrlRetSTR,1.2886538373149645,67,ok,
FAC_rank_vol_m6_n3_pairwise1,2013-09-30,CtrlRetLTM,1.6215508893812995,67,ok,
FAC_rank_vol_m6_n3_pairwise1,2013-09-30,CtrlVol,1.1758437092770115,67,ok,
FAC_rank_vol_m6_n3_pairwise1,2013-09-30,as_偏股混合型基金,1.1168778990609447,67,ok,
FAC_rank_vol_m6_n3_pairwise1,2013-09-30,Ctrl_log_fund_size,1.5899027417727787,67,ok,
FAC_rank_vol_m6_n3_pairwise1,2013-09-30,Ctrl_fund_age,1.6015471286992797,67,ok,
FAC_rank_vol_m6_n3_pairwise1,2013-10-31,FAC_rank_vol_m6_n3_pairwise1,1.3076455892320447,69,ok,
FAC_rank_vol_m6_n3_pairwise1,2013-10-31,CtrlRetSTR,1.4559840629500507,69,ok,
FAC_rank_vol_m6_n3_pairwise1,2013-10-31,CtrlRetLTM,1.766730422589703,69,ok,
FAC_rank_vol_m6_n3_pairwise1,2013-10-31,CtrlVol,1.2761536148021988,69,ok,
FAC_rank_vol_m6_n3_pairwise1,2013-10-31,as_偏股混合型基金,1.1003752536722828,69,ok,
FAC_rank_vol_m6_n3_pairwise1,2013-10-31,Ctrl_log_fund_size,1.672995940258584,69,ok,
FAC_rank_vol_m6_n3_pairwise1,2013-10-31,Ctrl_fund_age,1.5871322861863733,69,ok,
FAC_rank_vol_m6_n3_pairwise1,2013-11-29,FAC_rank_vol_m6_n3_pairwise1,1.4278995256868774,71,ok,
FAC_rank_vol_m6_n3_pairwise1,2013-11-29,CtrlRetSTR,1.2185891477367299,71,ok,
FAC_rank_vol_m6_n3_pairwise1,2013-11-29,CtrlRetLTM,1.8599170186780958,71,ok,
FAC_rank_vol_m6_n3_pairwise1,2013-11-29,CtrlVol,1.695545289522651,71,ok,
FAC_rank_vol_m6_n3_pairwise1,2013-11-29,as_偏股混合型基金,1.052588285932364,71,ok,
FAC_rank_vol_m6_n3_pairwise1,2013-11-29,Ctrl_log_fund_size,1.7559115104086898,71,ok,
FAC_rank_vol_m6_n3_pairwise1,2013-11-29,Ctrl_fund_age,1.879132169221372,71,ok,
FAC_rank_vol_m6_n3_pairwise1,2013-12-31,FAC_rank_vol_m6_n3_pairwise1,1.3246689285645339,71,ok,
FAC_rank_vol_m6_n3_pairwise1,2013-12-31,CtrlRetSTR,1.2146588846162216,71,ok,
FAC_rank_vol_m6_n3_pairwise1,2013-12-31,CtrlRetLTM,1.3955840360515384,71,ok,
FAC_rank_vol_m6_n3_pairwise1,2013-12-31,CtrlVol,1.494310359644206,71,ok,
FAC_rank_vol_m6_n3_pairwise1,2013-12-31,as_偏股混合型基金,1.039311727700453,71,ok,
FAC_rank_vol_m6_n3_pairwise1,2013-12-31,Ctrl_log_fund_size,2.0294673263078296,71,ok,
FAC_rank_vol_m6_n3_pairwise1,2013-12-31,Ctrl_fund_age,1.9148162450527673,71,ok,
FAC_rank_vol_m6_n3_pairwise1,2014-01-30,FAC_rank_vol_m6_n3_pairwise1,1.3688834174205078,65,ok,
FAC_rank_vol_m6_n3_pairwise1,2014-01-30,CtrlRetSTR,1.5112708072666714,65,ok,
FAC_rank_vol_m6_n3_pairwise1,2014-01-30,CtrlRetLTM,1.9873563579730047,65,ok,
FAC_rank_vol_m6_n3_pairwise1,2014-01-30,CtrlVol,2.0392437114371575,65,ok,
FAC_rank_vol_m6_n3_pairwise1,2014-01-30,as_偏股混合型基金,1.104139882692073,65,ok,
FAC_rank_vol_m6_n3_pairwise1,2014-01-30,Ctrl_log_fund_size,1.9212822826177893,65,ok,
FAC_rank_vol_m6_n3_pairwise1,2014-01-30,Ctrl_fund_age,1.7043272498526205,65,ok,
FAC_rank_vol_m6_n3_pairwise1,2014-02-28,FAC_rank_vol_m6_n3_pairwise1,1.370501443941263,65,ok,
FAC_rank_vol_m6_n3_pairwise1,2014-02-28,CtrlRetSTR,1.1671158094474712,65,ok,
FAC_rank_vol_m6_n3_pairwise1,2014-02-28,CtrlRetLTM,1.8400453976674411,65,ok,
FAC_rank_vol_m6_n3_pairwise1,2014-02-28,CtrlVol,2.3653076879686896,65,ok,
FAC_rank_vol_m6_n3_pairwise1,2014-02-28,as_偏股混合型基金,1.1078181162579306,65,ok,
FAC_rank_vol_m6_n3_pairwise1,2014-02-28,Ctrl_log_fund_size,1.7298715078422704,65,ok,
FAC_rank_vol_m6_n3_pairwise1,2014-02-28,Ctrl_fund_age,1.6482933091401708,65,ok,
FAC_rank_vol_m6_n3_pairwise1,2014-03-31,FAC_rank_vol_m6_n3_pairwise1,1.743195546873676,64,ok,
FAC_rank_vol_m6_n3_pairwise1,2014-03-31,CtrlRetSTR,1.8211525283162608,64,ok,
FAC_rank_vol_m6_n3_pairwise1,2014-03-31,CtrlRetLTM,2.6224073990808106,64,ok,
FAC_rank_vol_m6_n3_pairwise1,2014-03-31,CtrlVol,3.7706684687679526,64,ok,
FAC_rank_vol_m6_n3_pairwise1,2014-03-31,as_偏股混合型基金,1.4483284322859287,64,ok,
FAC_rank_vol_m6_n3_pairwise1,2014-03-31,Ctrl_log_fund_size,1.642193642248684,64,ok,
FAC_rank_vol_m6_n3_pairwise1,2014-03-31,Ctrl_fund_age,1.5824580909224724,64,ok,
FAC_rank_vol_m6_n3_pairwise1,2014-04-30,FAC_rank_vol_m6_n3_pairwise1,1.3976614563090564,64,ok,
FAC_rank_vol_m6_n3_pairwise1,2014-04-30,CtrlRetSTR,1.2909968698740126,64,ok,
FAC_rank_vol_m6_n3_pairwise1,2014-04-30,CtrlRetLTM,2.2158640615630496,64,ok,
FAC_rank_vol_m6_n3_pairwise1,2014-04-30,CtrlVol,2.6209806717693764,64,ok,
FAC_rank_vol_m6_n3_pairwise1,2014-04-30,as_偏股混合型基金,1.3218184725075468,64,ok,
FAC_rank_vol_m6_n3_pairwise1,2014-04-30,Ctrl_log_fund_size,1.4120264819945119,64,ok,
FAC_rank_vol_m6_n3_pairwise1,2014-04-30,Ctrl_fund_age,1.5997517134998045,64,ok,
FAC_rank_vol_m6_n3_pairwise1,2014-05-30,FAC_rank_vol_m6_n3_pairwise1,1.2457219622453752,66,ok,
FAC_rank_vol_m6_n3_pairwise1,2014-05-30,CtrlRetSTR,1.5207140737021216,66,ok,
FAC_rank_vol_m6_n3_pairwise1,2014-05-30,CtrlRetLTM,1.4859386169271183,66,ok,
FAC_rank_vol_m6_n3_pairwise1,2014-05-30,CtrlVol,2.4603143790666064,66,ok,
FAC_rank_vol_m6_n3_pairwise1,2014-05-30,as_偏股混合型基金,1.2205293563566777,66,ok,
FAC_rank_vol_m6_n3_pairwise1,2014-05-30,Ctrl_log_fund_size,1.3984747119115246,66,ok,
FAC_rank_vol_m6_n3_pairwise1,2014-05-30,Ctrl_fund_age,1.5625892263527985,66,ok,
FAC_rank_vol_m6_n3_pairwise1,2014-06-30,FAC_rank_vol_m6_n3_pairwise1,1.4966174270481645,63,ok,
FAC_rank_vol_m6_n3_pairwise1,2014-06-30,CtrlRetSTR,1.613353387117474,63,ok,
FAC_rank_vol_m6_n3_pairwise1,2014-06-30,CtrlRetLTM,1.9215748262304617,63,ok,
FAC_rank_vol_m6_n3_pairwise1,2014-06-30,CtrlVol,2.9939930903146115,63,ok,
FAC_rank_vol_m6_n3_pairwise1,2014-06-30,as_偏股混合型基金,1.1741503224057064,63,ok,
FAC_rank_vol_m6_n3_pairwise1,2014-06-30,Ctrl_log_fund_size,1.3934099753653106,63,ok,
FAC_rank_vol_m6_n3_pairwise1,2014-06-30,Ctrl_fund_age,1.5019285545553007,63,ok,
FAC_rank_vol_m6_n3_pairwise1,2014-07-31,FAC_rank_vol_m6_n3_pairwise1,1.6673168952413941,62,ok,
FAC_rank_vol_m6_n3_pairwise1,2014-07-31,CtrlRetSTR,2.0131118545438116,62,ok,
FAC_rank_vol_m6_n3_pairwise1,2014-07-31,CtrlRetLTM,1.5355481953181382,62,ok,
FAC_rank_vol_m6_n3_pairwise1,2014-07-31,CtrlVol,2.609699783714119,62,ok,
FAC_rank_vol_m6_n3_pairwise1,2014-07-31,as_偏股混合型基金,1.1777755969117565,62,ok,
FAC_rank_vol_m6_n3_pairwise1,2014-07-31,Ctrl_log_fund_size,1.423551889555394,62,ok,
FAC_rank_vol_m6_n3_pairwise1,2014-07-31,Ctrl_fund_age,1.5892518728953797,62,ok,
FAC_rank_vol_m6_n3_pairwise1,2014-08-29,FAC_rank_vol_m6_n3_pairwise1,2.0126104615428506,62,ok,
FAC_rank_vol_m6_n3_pairwise1,2014-08-29,CtrlRetSTR,1.522966297454758,62,ok,
FAC_rank_vol_m6_n3_pairwise1,2014-08-29,CtrlRetLTM,1.5403049716736112,62,ok,
FAC_rank_vol_m6_n3_pairwise1,2014-08-29,CtrlVol,1.6221140976063917,62,ok,
FAC_rank_vol_m6_n3_pairwise1,2014-08-29,as_偏股混合型基金,1.1811075223935004,62,ok,
FAC_rank_vol_m6_n3_pairwise1,2014-08-29,Ctrl_log_fund_size,1.5786207956202127,62,ok,
FAC_rank_vol_m6_n3_pairwise1,2014-08-29,Ctrl_fund_age,1.7502655938434233,62,ok,
FAC_rank_vol_m6_n3_pairwise1,2014-09-30,FAC_rank_vol_m6_n3_pairwise1,1.4315524947185871,62,ok,
FAC_rank_vol_m6_n3_pairwise1,2014-09-30,CtrlRetSTR,1.8744401348012898,62,ok,
FAC_rank_vol_m6_n3_pairwise1,2014-09-30,CtrlRetLTM,1.4895609092863684,62,ok,
FAC_rank_vol_m6_n3_pairwise1,2014-09-30,CtrlVol,1.5371766002914178,62,ok,
FAC_rank_vol_m6_n3_pairwise1,2014-09-30,as_偏股混合型基金,1.1686706416032817,62,ok,
FAC_rank_vol_m6_n3_pairwise1,2014-09-30,Ctrl_log_fund_size,1.443275381073556,62,ok,
FAC_rank_vol_m6_n3_pairwise1,2014-09-30,Ctrl_fund_age,1.4243425594012844,62,ok,
FAC_rank_vol_m6_n3_pairwise1,2014-10-31,FAC_rank_vol_m6_n3_pairwise1,1.5918482425735547,62,ok,
FAC_rank_vol_m6_n3_pairwise1,2014-10-31,CtrlRetSTR,1.2270669688728313,62,ok,
FAC_rank_vol_m6_n3_pairwise1,2014-10-31,CtrlRetLTM,2.3796450850657536,62,ok,
FAC_rank_vol_m6_n3_pairwise1,2014-10-31,CtrlVol,1.8486381894384727,62,ok,
FAC_rank_vol_m6_n3_pairwise1,2014-10-31,as_偏股混合型基金,1.176011930859844,62,ok,
FAC_rank_vol_m6_n3_pairwise1,2014-10-31,Ctrl_log_fund_size,1.4427857838730644,62,ok,
FAC_rank_vol_m6_n3_pairwise1,2014-10-31,Ctrl_fund_age,1.6327705473802716,62,ok,
FAC_rank_vol_m6_n3_pairwise1,2014-11-28,FAC_rank_vol_m6_n3_pairwise1,1.6196292628624631,63,ok,
FAC_rank_vol_m6_n3_pairwise1,2014-11-28,CtrlRetSTR,1.2046433046860392,63,ok,
FAC_rank_vol_m6_n3_pairwise1,2014-11-28,CtrlRetLTM,2.342183320351851,63,ok,
FAC_rank_vol_m6_n3_pairwise1,2014-11-28,CtrlVol,1.3759775151455778,63,ok,
FAC_rank_vol_m6_n3_pairwise1,2014-11-28,as_偏股混合型基金,1.0438641633343717,63,ok,
FAC_rank_vol_m6_n3_pairwise1,2014-11-28,Ctrl_log_fund_size,1.4431717120896368,63,ok,
FAC_rank_vol_m6_n3_pairwise1,2014-11-28,Ctrl_fund_age,1.4957556923647244,63,ok,
FAC_rank_vol_m6_n3_pairwise1,2014-12-31,FAC_rank_vol_m6_n3_pairwise1,1.2815851562524825,58,ok,
FAC_rank_vol_m6_n3_pairwise1,2014-12-31,CtrlRetSTR,1.3027273992278579,58,ok,
FAC_rank_vol_m6_n3_pairwise1,2014-12-31,CtrlRetLTM,1.9002108784493106,58,ok,
FAC_rank_vol_m6_n3_pairwise1,2014-12-31,CtrlVol,1.9449654912168912,58,ok,
FAC_rank_vol_m6_n3_pairwise1,2014-12-31,as_偏股混合型基金,1.1350032909973715,58,ok,
FAC_rank_vol_m6_n3_pairwise1,2014-12-31,Ctrl_log_fund_size,1.4345803354732687,58,ok,
FAC_rank_vol_m6_n3_pairwise1,2014-12-31,Ctrl_fund_age,1.4035131285481715,58,ok,
FAC_rank_vol_m6_n3_pairwise1,2015-01-30,FAC_rank_vol_m6_n3_pairwise1,1.6035068338663783,56,ok,
FAC_rank_vol_m6_n3_pairwise1,2015-01-30,CtrlRetSTR,1.682779068859734,56,ok,
FAC_rank_vol_m6_n3_pairwise1,2015-01-30,CtrlRetLTM,1.8960923996940375,56,ok,
FAC_rank_vol_m6_n3_pairwise1,2015-01-30,CtrlVol,1.6773005756640706,56,ok,
FAC_rank_vol_m6_n3_pairwise1,2015-01-30,as_偏股混合型基金,1.1900383483595633,56,ok,
FAC_rank_vol_m6_n3_pairwise1,2015-01-30,Ctrl_log_fund_size,1.6008878593427018,56,ok,
FAC_rank_vol_m6_n3_pairwise1,2015-01-30,Ctrl_fund_age,1.256014087125498,56,ok,
FAC_rank_vol_m6_n3_pairwise1,2015-02-27,FAC_rank_vol_m6_n3_pairwise1,1.6117945199474113,61,ok,
FAC_rank_vol_m6_n3_pairwise1,2015-02-27,CtrlRetSTR,1.6848085622223308,61,ok,
FAC_rank_vol_m6_n3_pairwise1,2015-02-27,CtrlRetLTM,1.51961227494089,61,ok,
FAC_rank_vol_m6_n3_pairwise1,2015-02-27,CtrlVol,1.6539529183054527,61,ok,
FAC_rank_vol_m6_n3_pairwise1,2015-02-27,as_偏股混合型基金,1.1231104259877631,61,ok,
FAC_rank_vol_m6_n3_pairwise1,2015-02-27,Ctrl_log_fund_size,1.7514755217460043,61,ok,
FAC_rank_vol_m6_n3_pairwise1,2015-02-27,Ctrl_fund_age,1.5514403349230652,61,ok,
FAC_rank_vol_m6_n3_pairwise1,2015-03-31,FAC_rank_vol_m6_n3_pairwise1,3.1184108786301543,59,ok,
FAC_rank_vol_m6_n3_pairwise1,2015-03-31,CtrlRetSTR,1.6859134902490618,59,ok,
FAC_rank_vol_m6_n3_pairwise1,2015-03-31,CtrlRetLTM,1.3330443501353113,59,ok,
FAC_rank_vol_m6_n3_pairwise1,2015-03-31,CtrlVol,2.901015373086627,59,ok,
FAC_rank_vol_m6_n3_pairwise1,2015-03-31,as_偏股混合型基金,1.2045002756223413,59,ok,
FAC_rank_vol_m6_n3_pairwise1,2015-03-31,Ctrl_log_fund_size,1.6969396347630983,59,ok,
FAC_rank_vol_m6_n3_pairwise1,2015-03-31,Ctrl_fund_age,1.3270636089929526,59,ok,
FAC_rank_vol_m6_n3_pairwise1,2015-04-30,FAC_rank_vol_m6_n3_pairwise1,1.4337115301432073,55,ok,
FAC_rank_vol_m6_n3_pairwise1,2015-04-30,CtrlRetSTR,1.327251352159531,55,ok,
FAC_rank_vol_m6_n3_pairwise1,2015-04-30,CtrlRetLTM,1.6532052188780377,55,ok,
FAC_rank_vol_m6_n3_pairwise1,2015-04-30,CtrlVol,1.918895151500633,55,ok,
FAC_rank_vol_m6_n3_pairwise1,2015-04-30,as_偏股混合型基金,1.178377139059217,55,ok,
FAC_rank_vol_m6_n3_pairwise1,2015-04-30,Ctrl_log_fund_size,1.5832669975413434,55,ok,
FAC_rank_vol_m6_n3_pairwise1,2015-04-30,Ctrl_fund_age,1.3438437534929657,55,ok,
FAC_rank_vol_m6_n3_pairwise1,2015-05-29,FAC_rank_vol_m6_n3_pairwise1,1.8244981866250936,51,ok,
FAC_rank_vol_m6_n3_pairwise1,2015-05-29,CtrlRetSTR,1.4991071147122628,51,ok,
FAC_rank_vol_m6_n3_pairwise1,2015-05-29,CtrlRetLTM,2.1478088983126327,51,ok,
FAC_rank_vol_m6_n3_pairwise1,2015-05-29,CtrlVol,2.7649743851120046,51,ok,
FAC_rank_vol_m6_n3_pairwise1,2015-05-29,as_偏股混合型基金,1.2294155947437337,51,ok,
FAC_rank_vol_m6_n3_pairwise1,2015-05-29,Ctrl_log_fund_size,1.847022687524173,51,ok,
FAC_rank_vol_m6_n3_pairwise1,2015-05-29,Ctrl_fund_age,1.5087009071266286,51,ok,
FAC_rank_vol_m6_n3_pairwise1,2015-06-30,FAC_rank_vol_m6_n3_pairwise1,,43,skipped,完整变量样本数小于 min_cross_section_n
FAC_rank_vol_m6_n3_pairwise1,2015-06-30,CtrlRetSTR,,43,skipped,完整变量样本数小于 min_cross_section_n
FAC_rank_vol_m6_n3_pairwise1,2015-06-30,CtrlRetLTM,,43,skipped,完整变量样本数小于 min_cross_section_n
FAC_rank_vol_m6_n3_pairwise1,2015-06-30,CtrlVol,,43,skipped,完整变量样本数小于 min_cross_section_n
FAC_rank_vol_m6_n3_pairwise1,2015-06-30,as_偏股混合型基金,,43,skipped,完整变量样本数小于 min_cross_section_n
FAC_rank_vol_m6_n3_pairwise1,2015-06-30,Ctrl_log_fund_size,,43,skipped,完整变量样本数小于 min_cross_section_n
FAC_rank_vol_m6_n3_pairwise1,2015-06-30,Ctrl_fund_age,,43,skipped,完整变量样本数小于 min_cross_section_n
FAC_rank_vol_m6_n3_pairwise1,2015-07-31,FAC_rank_vol_m6_n3_pairwise1,,42,skipped,完整变量样本数小于 min_cross_section_n
FAC_rank_vol_m6_n3_pairwise1,2015-07-31,CtrlRetSTR,,42,skipped,完整变量样本数小于 min_cross_section_n
FAC_rank_vol_m6_n3_pairwise1,2015-07-31,CtrlRetLTM,,42,skipped,完整变量样本数小于 min_cross_section_n
FAC_rank_vol_m6_n3_pairwise1,2015-07-31,CtrlVol,,42,skipped,完整变量样本数小于 min_cross_section_n
FAC_rank_vol_m6_n3_pairwise1,2015-07-31,as_偏股混合型基金,,42,skipped,完整变量样本数小于 min_cross_section_n
FAC_rank_vol_m6_n3_pairwise1,2015-07-31,Ctrl_log_fund_size,,42,skipped,完整变量样本数小于 min_cross_section_n
FAC_rank_vol_m6_n3_pairwise1,2015-07-31,Ctrl_fund_age,,42,skipped,完整变量样本数小于 min_cross_section_n
FAC_rank_vol_m6_n3_pairwise1,2015-08-31,FAC_rank_vol_m6_n3_pairwise1,,44,skipped,完整变量样本数小于 min_cross_section_n
FAC_rank_vol_m6_n3_pairwise1,2015-08-31,CtrlRetSTR,,44,skipped,完整变量样本数小于 min_cross_section_n
FAC_rank_vol_m6_n3_pairwise1,2015-08-31,CtrlRetLTM,,44,skipped,完整变量样本数小于 min_cross_section_n
FAC_rank_vol_m6_n3_pairwise1,2015-08-31,CtrlVol,,44,skipped,完整变量样本数小于 min_cross_section_n
FAC_rank_vol_m6_n3_pairwise1,2015-08-31,as_偏股混合型基金,,44,skipped,完整变量样本数小于 min_cross_section_n
FAC_rank_vol_m6_n3_pairwise1,2015-08-31,Ctrl_log_fund_size,,44,skipped,完整变量样本数小于 min_cross_section_n
FAC_rank_vol_m6_n3_pairwise1,2015-08-31,Ctrl_fund_age,,44,skipped,完整变量样本数小于 min_cross_section_n
FAC_rank_vol_m6_n3_pairwise1,2015-09-30,FAC_rank_vol_m6_n3_pairwise1,,42,skipped,完整变量样本数小于 min_cross_section_n
FAC_rank_vol_m6_n3_pairwise1,2015-09-30,CtrlRetSTR,,42,skipped,完整变量样本数小于 min_cross_section_n
FAC_rank_vol_m6_n3_pairwise1,2015-09-30,CtrlRetLTM,,42,skipped,完整变量样本数小于 min_cross_section_n
FAC_rank_vol_m6_n3_pairwise1,2015-09-30,CtrlVol,,42,skipped,完整变量样本数小于 min_cross_section_n
FAC_rank_vol_m6_n3_pairwise1,2015-09-30,as_偏股混合型基金,,42,skipped,完整变量样本数小于 min_cross_section_n
FAC_rank_vol_m6_n3_pairwise1,2015-09-30,Ctrl_log_fund_size,,42,skipped,完整变量样本数小于 min_cross_section_n
FAC_rank_vol_m6_n3_pairwise1,2015-09-30,Ctrl_fund_age,,42,skipped,完整变量样本数小于 min_cross_section_n
FAC_rank_vol_m6_n3_pairwise1,2015-10-30,FAC_rank_vol_m6_n3_pairwise1,,42,skipped,完整变量样本数小于 min_cross_section_n
FAC_rank_vol_m6_n3_pairwise1,2015-10-30,CtrlRetSTR,,42,skipped,完整变量样本数小于 min_cross_section_n
FAC_rank_vol_m6_n3_pairwise1,2015-10-30,CtrlRetLTM,,42,skipped,完整变量样本数小于 min_cross_section_n
FAC_rank_vol_m6_n3_pairwise1,2015-10-30,CtrlVol,,42,skipped,完整变量样本数小于 min_cross_section_n
FAC_rank_vol_m6_n3_pairwise1,2015-10-30,as_偏股混合型基金,,42,skipped,完整变量样本数小于 min_cross_section_n
FAC_rank_vol_m6_n3_pairwise1,2015-10-30,Ctrl_log_fund_size,,42,skipped,完整变量样本数小于 min_cross_section_n
FAC_rank_vol_m6_n3_pairwise1,2015-10-30,Ctrl_fund_age,,42,skipped,完整变量样本数小于 min_cross_section_n
FAC_rank_vol_m6_n3_pairwise1,2015-11-30,FAC_rank_vol_m6_n3_pairwise1,,44,skipped,完整变量样本数小于 min_cross_section_n
FAC_rank_vol_m6_n3_pairwise1,2015-11-30,CtrlRetSTR,,44,skipped,完整变量样本数小于 min_cross_section_n
FAC_rank_vol_m6_n3_pairwise1,2015-11-30,CtrlRetLTM,,44,skipped,完整变量样本数小于 min_cross_section_n
FAC_rank_vol_m6_n3_pairwise1,2015-11-30,CtrlVol,,44,skipped,完整变量样本数小于 min_cross_section_n
FAC_rank_vol_m6_n3_pairwise1,2015-11-30,as_偏股混合型基金,,44,skipped,完整变量样本数小于 min_cross_section_n
FAC_rank_vol_m6_n3_pairwise1,2015-11-30,Ctrl_log_fund_size,,44,skipped,完整变量样本数小于 min_cross_section_n
FAC_rank_vol_m6_n3_pairwise1,2015-11-30,Ctrl_fund_age,,44,skipped,完整变量样本数小于 min_cross_section_n
FAC_rank_vol_m6_n3_pairwise1,2015-12-31,FAC_rank_vol_m6_n3_pairwise1,,46,skipped,完整变量样本数小于 min_cross_section_n
FAC_rank_vol_m6_n3_pairwise1,2015-12-31,CtrlRetSTR,,46,skipped,完整变量样本数小于 min_cross_section_n
FAC_rank_vol_m6_n3_pairwise1,2015-12-31,CtrlRetLTM,,46,skipped,完整变量样本数小于 min_cross_section_n
FAC_rank_vol_m6_n3_pairwise1,2015-12-31,CtrlVol,,46,skipped,完整变量样本数小于 min_cross_section_n
FAC_rank_vol_m6_n3_pairwise1,2015-12-31,as_偏股混合型基金,,46,skipped,完整变量样本数小于 min_cross_section_n
FAC_rank_vol_m6_n3_pairwise1,2015-12-31,Ctrl_log_fund_size,,46,skipped,完整变量样本数小于 min_cross_section_n
FAC_rank_vol_m6_n3_pairwise1,2015-12-31,Ctrl_fund_age,,46,skipped,完整变量样本数小于 min_cross_section_n
FAC_rank_vol_m6_n3_pairwise1,2016-01-29,FAC_rank_vol_m6_n3_pairwise1,,45,skipped,完整变量样本数小于 min_cross_section_n
FAC_rank_vol_m6_n3_pairwise1,2016-01-29,CtrlRetSTR,,45,skipped,完整变量样本数小于 min_cross_section_n
FAC_rank_vol_m6_n3_pairwise1,2016-01-29,CtrlRetLTM,,45,skipped,完整变量样本数小于 min_cross_section_n
FAC_rank_vol_m6_n3_pairwise1,2016-01-29,CtrlVol,,45,skipped,完整变量样本数小于 min_cross_section_n
FAC_rank_vol_m6_n3_pairwise1,2016-01-29,as_偏股混合型基金,,45,skipped,完整变量样本数小于 min_cross_section_n
FAC_rank_vol_m6_n3_pairwise1,2016-01-29,Ctrl_log_fund_size,,45,skipped,完整变量样本数小于 min_cross_section_n
FAC_rank_vol_m6_n3_pairwise1,2016-01-29,Ctrl_fund_age,,45,skipped,完整变量样本数小于 min_cross_section_n
FAC_rank_vol_m6_n3_pairwise1,2016-02-29,FAC_rank_vol_m6_n3_pairwise1,,47,skipped,完整变量样本数小于 min_cross_section_n
FAC_rank_vol_m6_n3_pairwise1,2016-02-29,CtrlRetSTR,,47,skipped,完整变量样本数小于 min_cross_section_n
FAC_rank_vol_m6_n3_pairwise1,2016-02-29,CtrlRetLTM,,47,skipped,完整变量样本数小于 min_cross_section_n
FAC_rank_vol_m6_n3_pairwise1,2016-02-29,CtrlVol,,47,skipped,完整变量样本数小于 min_cross_section_n
FAC_rank_vol_m6_n3_pairwise1,2016-02-29,as_偏股混合型基金,,47,skipped,完整变量样本数小于 min_cross_section_n
FAC_rank_vol_m6_n3_pairwise1,2016-02-29,Ctrl_log_fund_size,,47,skipped,完整变量样本数小于 min_cross_section_n
FAC_rank_vol_m6_n3_pairwise1,2016-02-29,Ctrl_fund_age,,47,skipped,完整变量样本数小于 min_cross_section_n
FAC_rank_vol_m6_n3_pairwise1,2016-03-31,FAC_rank_vol_m6_n3_pairwise1,,48,skipped,完整变量样本数小于 min_cross_section_n
FAC_rank_vol_m6_n3_pairwise1,2016-03-31,CtrlRetSTR,,48,skipped,完整变量样本数小于 min_cross_section_n
FAC_rank_vol_m6_n3_pairwise1,2016-03-31,CtrlRetLTM,,48,skipped,完整变量样本数小于 min_cross_section_n
FAC_rank_vol_m6_n3_pairwise1,2016-03-31,CtrlVol,,48,skipped,完整变量样本数小于 min_cross_section_n
FAC_rank_vol_m6_n3_pairwise1,2016-03-31,as_偏股混合型基金,,48,skipped,完整变量样本数小于 min_cross_section_n
FAC_rank_vol_m6_n3_pairwise1,2016-03-31,Ctrl_log_fund_size,,48,skipped,完整变量样本数小于 min_cross_section_n
FAC_rank_vol_m6_n3_pairwise1,2016-03-31,Ctrl_fund_age,,48,skipped,完整变量样本数小于 min_cross_section_n
FAC_rank_vol_m6_n3_pairwise1,2016-04-29,FAC_rank_vol_m6_n3_pairwise1,,48,skipped,完整变量样本数小于 min_cross_section_n
FAC_rank_vol_m6_n3_pairwise1,2016-04-29,CtrlRetSTR,,48,skipped,完整变量样本数小于 min_cross_section_n
FAC_rank_vol_m6_n3_pairwise1,2016-04-29,CtrlRetLTM,,48,skipped,完整变量样本数小于 min_cross_section_n
FAC_rank_vol_m6_n3_pairwise1,2016-04-29,CtrlVol,,48,skipped,完整变量样本数小于 min_cross_section_n
FAC_rank_vol_m6_n3_pairwise1,2016-04-29,as_偏股混合型基金,,48,skipped,完整变量样本数小于 min_cross_section_n
FAC_rank_vol_m6_n3_pairwise1,2016-04-29,Ctrl_log_fund_size,,48,skipped,完整变量样本数小于 min_cross_section_n
FAC_rank_vol_m6_n3_pairwise1,2016-04-29,Ctrl_fund_age,,48,skipped,完整变量样本数小于 min_cross_section_n
FAC_rank_vol_m6_n3_pairwise1,2016-05-31,FAC_rank_vol_m6_n3_pairwise1,1.2495231170351992,50,ok,
FAC_rank_vol_m6_n3_pairwise1,2016-05-31,CtrlRetSTR,1.1223513566301686,50,ok,
FAC_rank_vol_m6_n3_pairwise1,2016-05-31,CtrlRetLTM,2.160216247108187,50,ok,
FAC_rank_vol_m6_n3_pairwise1,2016-05-31,CtrlVol,2.219694065118034,50,ok,
FAC_rank_vol_m6_n3_pairwise1,2016-05-31,as_偏股混合型基金,1.4773668729518958,50,ok,
FAC_rank_vol_m6_n3_pairwise1,2016-05-31,Ctrl_log_fund_size,1.1022386152670007,50,ok,
FAC_rank_vol_m6_n3_pairwise1,2016-05-31,Ctrl_fund_age,1.423546891825507,50,ok,
FAC_rank_vol_m6_n3_pairwise1,2016-06-30,FAC_rank_vol_m6_n3_pairwise1,1.161814015820504,52,ok,
FAC_rank_vol_m6_n3_pairwise1,2016-06-30,CtrlRetSTR,1.45304225946455,52,ok,
FAC_rank_vol_m6_n3_pairwise1,2016-06-30,CtrlRetLTM,1.181577518801822,52,ok,
FAC_rank_vol_m6_n3_pairwise1,2016-06-30,CtrlVol,1.619325283546898,52,ok,
FAC_rank_vol_m6_n3_pairwise1,2016-06-30,as_偏股混合型基金,1.3891262312793886,52,ok,
FAC_rank_vol_m6_n3_pairwise1,2016-06-30,Ctrl_log_fund_size,1.1787509644126142,52,ok,
FAC_rank_vol_m6_n3_pairwise1,2016-06-30,Ctrl_fund_age,1.4772316448111884,52,ok,
FAC_rank_vol_m6_n3_pairwise1,2016-07-29,FAC_rank_vol_m6_n3_pairwise1,1.0970074922334516,53,ok,
FAC_rank_vol_m6_n3_pairwise1,2016-07-29,CtrlRetSTR,1.8571788046035824,53,ok,
FAC_rank_vol_m6_n3_pairwise1,2016-07-29,CtrlRetLTM,1.1261239434756318,53,ok,
FAC_rank_vol_m6_n3_pairwise1,2016-07-29,CtrlVol,1.8516498573122673,53,ok,
FAC_rank_vol_m6_n3_pairwise1,2016-07-29,as_偏股混合型基金,1.4459432162612338,53,ok,
FAC_rank_vol_m6_n3_pairwise1,2016-07-29,Ctrl_log_fund_size,1.1809845897322127,53,ok,
FAC_rank_vol_m6_n3_pairwise1,2016-07-29,Ctrl_fund_age,1.4802665668395847,53,ok,
FAC_rank_vol_m6_n3_pairwise1,2016-08-31,FAC_rank_vol_m6_n3_pairwise1,1.1064633794972782,59,ok,
FAC_rank_vol_m6_n3_pairwise1,2016-08-31,CtrlRetSTR,1.1502691699291634,59,ok,
FAC_rank_vol_m6_n3_pairwise1,2016-08-31,CtrlRetLTM,1.1324172059803645,59,ok,
FAC_rank_vol_m6_n3_pairwise1,2016-08-31,CtrlVol,1.162549830957106,59,ok,
FAC_rank_vol_m6_n3_pairwise1,2016-08-31,as_偏股混合型基金,1.3874689331554813,59,ok,
FAC_rank_vol_m6_n3_pairwise1,2016-08-31,Ctrl_log_fund_size,1.230504217001329,59,ok,
FAC_rank_vol_m6_n3_pairwise1,2016-08-31,Ctrl_fund_age,1.5164423118988,59,ok,
FAC_rank_vol_m6_n3_pairwise1,2016-09-30,FAC_rank_vol_m6_n3_pairwise1,1.233110255044073,63,ok,
FAC_rank_vol_m6_n3_pairwise1,2016-09-30,CtrlRetSTR,1.1271131549065658,63,ok,
FAC_rank_vol_m6_n3_pairwise1,2016-09-30,CtrlRetLTM,1.1096172009050922,63,ok,
FAC_rank_vol_m6_n3_pairwise1,2016-09-30,CtrlVol,1.2512710368323057,63,ok,
FAC_rank_vol_m6_n3_pairwise1,2016-09-30,as_偏股混合型基金,1.375897223023812,63,ok,
FAC_rank_vol_m6_n3_pairwise1,2016-09-30,Ctrl_log_fund_size,1.0994308193968703,63,ok,
FAC_rank_vol_m6_n3_pairwise1,2016-09-30,Ctrl_fund_age,1.4916045177778061,63,ok,
FAC_rank_vol_m6_n3_pairwise1,2016-10-31,FAC_rank_vol_m6_n3_pairwise1,1.2124529349586763,70,ok,
FAC_rank_vol_m6_n3_pairwise1,2016-10-31,CtrlRetSTR,1.313429186758973,70,ok,
FAC_rank_vol_m6_n3_pairwise1,2016-10-31,CtrlRetLTM,1.3489565857004533,70,ok,
FAC_rank_vol_m6_n3_pairwise1,2016-10-31,CtrlVol,1.2090718711098565,70,ok,
FAC_rank_vol_m6_n3_pairwise1,2016-10-31,as_偏股混合型基金,1.495632039320619,70,ok,
FAC_rank_vol_m6_n3_pairwise1,2016-10-31,Ctrl_log_fund_size,1.1552766963737093,70,ok,
FAC_rank_vol_m6_n3_pairwise1,2016-10-31,Ctrl_fund_age,1.522527714029661,70,ok,
FAC_rank_vol_m6_n3_pairwise1,2016-11-30,FAC_rank_vol_m6_n3_pairwise1,1.0919847127852298,76,ok,
FAC_rank_vol_m6_n3_pairwise1,2016-11-30,CtrlRetSTR,1.3006232723974893,76,ok,
FAC_rank_vol_m6_n3_pairwise1,2016-11-30,CtrlRetLTM,1.6559780171901273,76,ok,
FAC_rank_vol_m6_n3_pairwise1,2016-11-30,CtrlVol,1.595749704952614,76,ok,
FAC_rank_vol_m6_n3_pairwise1,2016-11-30,as_偏股混合型基金,1.6693357458397546,76,ok,
FAC_rank_vol_m6_n3_pairwise1,2016-11-30,Ctrl_log_fund_size,1.1091856497015224,76,ok,
FAC_rank_vol_m6_n3_pairwise1,2016-11-30,Ctrl_fund_age,1.7401607402940644,76,ok,
FAC_rank_vol_m6_n3_pairwise1,2016-12-30,FAC_rank_vol_m6_n3_pairwise1,1.2429541147938545,87,ok,
FAC_rank_vol_m6_n3_pairwise1,2016-12-30,CtrlRetSTR,1.1983840261879668,87,ok,
FAC_rank_vol_m6_n3_pairwise1,2016-12-30,CtrlRetLTM,1.8097301891679967,87,ok,
FAC_rank_vol_m6_n3_pairwise1,2016-12-30,CtrlVol,1.6961260039400827,87,ok,
FAC_rank_vol_m6_n3_pairwise1,2016-12-30,as_偏股混合型基金,1.8080840597930348,87,ok,
FAC_rank_vol_m6_n3_pairwise1,2016-12-30,Ctrl_log_fund_size,1.0402439011808073,87,ok,
FAC_rank_vol_m6_n3_pairwise1,2016-12-30,Ctrl_fund_age,1.9205007292443903,87,ok,
FAC_rank_vol_m6_n3_pairwise1,2017-01-26,FAC_rank_vol_m6_n3_pairwise1,1.2918824929723245,97,ok,
FAC_rank_vol_m6_n3_pairwise1,2017-01-26,CtrlRetSTR,1.6571719240195795,97,ok,
FAC_rank_vol_m6_n3_pairwise1,2017-01-26,CtrlRetLTM,1.130167627613862,97,ok,
FAC_rank_vol_m6_n3_pairwise1,2017-01-26,CtrlVol,1.4502680430858488,97,ok,
FAC_rank_vol_m6_n3_pairwise1,2017-01-26,as_偏股混合型基金,1.7792419184474304,97,ok,
FAC_rank_vol_m6_n3_pairwise1,2017-01-26,Ctrl_log_fund_size,1.099446745326496,97,ok,
FAC_rank_vol_m6_n3_pairwise1,2017-01-26,Ctrl_fund_age,1.6748518455680412,97,ok,
FAC_rank_vol_m6_n3_pairwise1,2017-02-28,FAC_rank_vol_m6_n3_pairwise1,1.1418083784948259,110,ok,
FAC_rank_vol_m6_n3_pairwise1,2017-02-28,CtrlRetSTR,1.189365090586797,110,ok,
FAC_rank_vol_m6_n3_pairwise1,2017-02-28,CtrlRetLTM,1.4350324611610221,110,ok,
FAC_rank_vol_m6_n3_pairwise1,2017-02-28,CtrlVol,1.349105120742583,110,ok,
FAC_rank_vol_m6_n3_pairwise1,2017-02-28,as_偏股混合型基金,1.6848883515915125,110,ok,
FAC_rank_vol_m6_n3_pairwise1,2017-02-28,Ctrl_log_fund_size,1.0809848955016084,110,ok,
FAC_rank_vol_m6_n3_pairwise1,2017-02-28,Ctrl_fund_age,1.6039881209385667,110,ok,
FAC_rank_vol_m6_n3_pairwise1,2017-03-31,FAC_rank_vol_m6_n3_pairwise1,1.0488746850267738,111,ok,
FAC_rank_vol_m6_n3_pairwise1,2017-03-31,CtrlRetSTR,1.034285283480325,111,ok,
FAC_rank_vol_m6_n3_pairwise1,2017-03-31,CtrlRetLTM,1.1304875219472537,111,ok,
FAC_rank_vol_m6_n3_pairwise1,2017-03-31,CtrlVol,1.0163049164502598,111,ok,
FAC_rank_vol_m6_n3_pairwise1,2017-03-31,as_偏股混合型基金,1.6880856380240103,111,ok,
FAC_rank_vol_m6_n3_pairwise1,2017-03-31,Ctrl_log_fund_size,1.1129110244895797,111,ok,
FAC_rank_vol_m6_n3_pairwise1,2017-03-31,Ctrl_fund_age,1.7264267179049784,111,ok,
FAC_rank_vol_m6_n3_pairwise1,2017-04-28,FAC_rank_vol_m6_n3_pairwise1,1.2743840812370892,115,ok,
FAC_rank_vol_m6_n3_pairwise1,2017-04-28,CtrlRetSTR,1.0831461053924862,115,ok,
FAC_rank_vol_m6_n3_pairwise1,2017-04-28,CtrlRetLTM,1.2177030185527804,115,ok,
FAC_rank_vol_m6_n3_pairwise1,2017-04-28,CtrlVol,1.2481364593419542,115,ok,
FAC_rank_vol_m6_n3_pairwise1,2017-04-28,as_偏股混合型基金,1.780612301101346,115,ok,
FAC_rank_vol_m6_n3_pairwise1,2017-04-28,Ctrl_log_fund_size,1.1649738478668592,115,ok,
FAC_rank_vol_m6_n3_pairwise1,2017-04-28,Ctrl_fund_age,1.7939678524951113,115,ok,
FAC_rank_vol_m6_n3_pairwise1,2017-05-31,FAC_rank_vol_m6_n3_pairwise1,1.328027077602494,119,ok,
FAC_rank_vol_m6_n3_pairwise1,2017-05-31,CtrlRetSTR,1.1594617147466943,119,ok,
FAC_rank_vol_m6_n3_pairwise1,2017-05-31,CtrlRetLTM,1.2786031846283465,119,ok,
FAC_rank_vol_m6_n3_pairwise1,2017-05-31,CtrlVol,1.2241114032904865,119,ok,
FAC_rank_vol_m6_n3_pairwise1,2017-05-31,as_偏股混合型基金,1.8569324098762496,119,ok,
FAC_rank_vol_m6_n3_pairwise1,2017-05-31,Ctrl_log_fund_size,1.147964368140773,119,ok,
FAC_rank_vol_m6_n3_pairwise1,2017-05-31,Ctrl_fund_age,1.8303387046202952,119,ok,
FAC_rank_vol_m6_n3_pairwise1,2017-06-30,FAC_rank_vol_m6_n3_pairwise1,1.1643482336279731,117,ok,
FAC_rank_vol_m6_n3_pairwise1,2017-06-30,CtrlRetSTR,1.7114665070101032,117,ok,
FAC_rank_vol_m6_n3_pairwise1,2017-06-30,CtrlRetLTM,1.267718064566887,117,ok,
FAC_rank_vol_m6_n3_pairwise1,2017-06-30,CtrlVol,1.7196857822863805,117,ok,
FAC_rank_vol_m6_n3_pairwise1,2017-06-30,as_偏股混合型基金,1.9359901575194192,117,ok,
FAC_rank_vol_m6_n3_pairwise1,2017-06-30,Ctrl_log_fund_size,1.3125357131528566,117,ok,
FAC_rank_vol_m6_n3_pairwise1,2017-06-30,Ctrl_fund_age,1.9041285018352248,117,ok,
FAC_rank_vol_m6_n3_pairwise1,2017-07-31,FAC_rank_vol_m6_n3_pairwise1,1.3461373006011104,119,ok,
FAC_rank_vol_m6_n3_pairwise1,2017-07-31,CtrlRetSTR,1.1795495392313475,119,ok,
FAC_rank_vol_m6_n3_pairwise1,2017-07-31,CtrlRetLTM,1.2951070899081392,119,ok,
FAC_rank_vol_m6_n3_pairwise1,2017-07-31,CtrlVol,1.2764886708094474,119,ok,
FAC_rank_vol_m6_n3_pairwise1,2017-07-31,as_偏股混合型基金,1.8546024616004955,119,ok,
FAC_rank_vol_m6_n3_pairwise1,2017-07-31,Ctrl_log_fund_size,1.26612986358993,119,ok,
FAC_rank_vol_m6_n3_pairwise1,2017-07-31,Ctrl_fund_age,1.8739561208631652,119,ok,
FAC_rank_vol_m6_n3_pairwise1,2017-08-31,FAC_rank_vol_m6_n3_pairwise1,1.2045182173309144,123,ok,
FAC_rank_vol_m6_n3_pairwise1,2017-08-31,CtrlRetSTR,1.3504619691100908,123,ok,
FAC_rank_vol_m6_n3_pairwise1,2017-08-31,CtrlRetLTM,1.3129686325056746,123,ok,
FAC_rank_vol_m6_n3_pairwise1,2017-08-31,CtrlVol,1.3197725985898323,123,ok,
FAC_rank_vol_m6_n3_pairwise1,2017-08-31,as_偏股混合型基金,1.9924439849608504,123,ok,
FAC_rank_vol_m6_n3_pairwise1,2017-08-31,Ctrl_log_fund_size,1.1479061089193277,123,ok,
FAC_rank_vol_m6_n3_pairwise1,2017-08-31,Ctrl_fund_age,2.1069392577533246,123,ok,
FAC_rank_vol_m6_n3_pairwise1,2017-09-29,FAC_rank_vol_m6_n3_pairwise1,1.1407453458689176,128,ok,
FAC_rank_vol_m6_n3_pairwise1,2017-09-29,CtrlRetSTR,1.4115044604871132,128,ok,
FAC_rank_vol_m6_n3_pairwise1,2017-09-29,CtrlRetLTM,1.2429021836591954,128,ok,
FAC_rank_vol_m6_n3_pairwise1,2017-09-29,CtrlVol,1.2064525392810543,128,ok,
FAC_rank_vol_m6_n3_pairwise1,2017-09-29,as_偏股混合型基金,1.946619628081525,128,ok,
FAC_rank_vol_m6_n3_pairwise1,2017-09-29,Ctrl_log_fund_size,1.2224880061311947,128,ok,
FAC_rank_vol_m6_n3_pairwise1,2017-09-29,Ctrl_fund_age,2.1594195152130773,128,ok,
FAC_rank_vol_m6_n3_pairwise1,2017-10-31,FAC_rank_vol_m6_n3_pairwise1,1.0875986069317023,129,ok,
FAC_rank_vol_m6_n3_pairwise1,2017-10-31,CtrlRetSTR,1.1311390454628458,129,ok,
FAC_rank_vol_m6_n3_pairwise1,2017-10-31,CtrlRetLTM,1.1804498809281685,129,ok,
FAC_rank_vol_m6_n3_pairwise1,2017-10-31,CtrlVol,1.0752263605309618,129,ok,
FAC_rank_vol_m6_n3_pairwise1,2017-10-31,as_偏股混合型基金,1.7957950143421444,129,ok,
FAC_rank_vol_m6_n3_pairwise1,2017-10-31,Ctrl_log_fund_size,1.2044524447704799,129,ok,
FAC_rank_vol_m6_n3_pairwise1,2017-10-31,Ctrl_fund_age,1.8670649764563685,129,ok,
FAC_rank_vol_m6_n3_pairwise1,2017-11-30,FAC_rank_vol_m6_n3_pairwise1,1.1554409811741222,137,ok,
FAC_rank_vol_m6_n3_pairwise1,2017-11-30,CtrlRetSTR,1.3183948529305571,137,ok,
FAC_rank_vol_m6_n3_pairwise1,2017-11-30,CtrlRetLTM,1.1321011393312053,137,ok,
FAC_rank_vol_m6_n3_pairwise1,2017-11-30,CtrlVol,1.5036351933589238,137,ok,
FAC_rank_vol_m6_n3_pairwise1,2017-11-30,as_偏股混合型基金,1.7401059084528698,137,ok,
FAC_rank_vol_m6_n3_pairwise1,2017-11-30,Ctrl_log_fund_size,1.211045862099364,137,ok,
FAC_rank_vol_m6_n3_pairwise1,2017-11-30,Ctrl_fund_age,1.8419184501507355,137,ok,
FAC_rank_vol_m6_n3_pairwise1,2017-12-29,FAC_rank_vol_m6_n3_pairwise1,1.371994103232121,136,ok,
FAC_rank_vol_m6_n3_pairwise1,2017-12-29,CtrlRetSTR,1.2800407180262137,136,ok,
FAC_rank_vol_m6_n3_pairwise1,2017-12-29,CtrlRetLTM,1.1570749744287785,136,ok,
FAC_rank_vol_m6_n3_pairwise1,2017-12-29,CtrlVol,1.397693825431084,136,ok,
FAC_rank_vol_m6_n3_pairwise1,2017-12-29,as_偏股混合型基金,1.6561369448397978,136,ok,
FAC_rank_vol_m6_n3_pairwise1,2017-12-29,Ctrl_log_fund_size,1.2132058319808459,136,ok,
FAC_rank_vol_m6_n3_pairwise1,2017-12-29,Ctrl_fund_age,1.7958397212307982,136,ok,
FAC_rank_vol_m6_n3_pairwise1,2018-01-31,FAC_rank_vol_m6_n3_pairwise1,1.3828935785893994,135,ok,
FAC_rank_vol_m6_n3_pairwise1,2018-01-31,CtrlRetSTR,1.2678281010203847,135,ok,
FAC_rank_vol_m6_n3_pairwise1,2018-01-31,CtrlRetLTM,1.2776344394581045,135,ok,
FAC_rank_vol_m6_n3_pairwise1,2018-01-31,CtrlVol,1.562352925658239,135,ok,
FAC_rank_vol_m6_n3_pairwise1,2018-01-31,as_偏股混合型基金,1.5791587740999875,135,ok,
FAC_rank_vol_m6_n3_pairwise1,2018-01-31,Ctrl_log_fund_size,1.3452799217266362,135,ok,
FAC_rank_vol_m6_n3_pairwise1,2018-01-31,Ctrl_fund_age,1.7910465918833798,135,ok,
FAC_rank_vol_m6_n3_pairwise1,2018-02-28,FAC_rank_vol_m6_n3_pairwise1,1.3424387393838706,135,ok,
FAC_rank_vol_m6_n3_pairwise1,2018-02-28,CtrlRetSTR,1.3960288506153025,135,ok,
FAC_rank_vol_m6_n3_pairwise1,2018-02-28,CtrlRetLTM,1.3134538337165256,135,ok,
FAC_rank_vol_m6_n3_pairwise1,2018-02-28,CtrlVol,1.3777503587458522,135,ok,
FAC_rank_vol_m6_n3_pairwise1,2018-02-28,as_偏股混合型基金,1.6238278454285446,135,ok,
FAC_rank_vol_m6_n3_pairwise1,2018-02-28,Ctrl_log_fund_size,1.5012685106886876,135,ok,
FAC_rank_vol_m6_n3_pairwise1,2018-02-28,Ctrl_fund_age,2.008826502172723,135,ok,
FAC_rank_vol_m6_n3_pairwise1,2018-03-30,FAC_rank_vol_m6_n3_pairwise1,1.3586438079839582,135,ok,
FAC_rank_vol_m6_n3_pairwise1,2018-03-30,CtrlRetSTR,1.3714850626786308,135,ok,
FAC_rank_vol_m6_n3_pairwise1,2018-03-30,CtrlRetLTM,1.518710622562309,135,ok,
FAC_rank_vol_m6_n3_pairwise1,2018-03-30,CtrlVol,1.3426117547183372,135,ok,
FAC_rank_vol_m6_n3_pairwise1,2018-03-30,as_偏股混合型基金,1.5725228061968874,135,ok,
FAC_rank_vol_m6_n3_pairwise1,2018-03-30,Ctrl_log_fund_size,1.3108947775245214,135,ok,
FAC_rank_vol_m6_n3_pairwise1,2018-03-30,Ctrl_fund_age,1.9047208418941917,135,ok,
FAC_rank_vol_m6_n3_pairwise1,2018-04-27,FAC_rank_vol_m6_n3_pairwise1,1.7527880365349846,138,ok,
FAC_rank_vol_m6_n3_pairwise1,2018-04-27,CtrlRetSTR,1.099304841824065,138,ok,
FAC_rank_vol_m6_n3_pairwise1,2018-04-27,CtrlRetLTM,1.550824327664669,138,ok,
FAC_rank_vol_m6_n3_pairwise1,2018-04-27,CtrlVol,2.095754411544715,138,ok,
FAC_rank_vol_m6_n3_pairwise1,2018-04-27,as_偏股混合型基金,1.5640306979273089,138,ok,
FAC_rank_vol_m6_n3_pairwise1,2018-04-27,Ctrl_log_fund_size,1.2806488156489175,138,ok,
FAC_rank_vol_m6_n3_pairwise1,2018-04-27,Ctrl_fund_age,1.738512344440946,138,ok,
FAC_rank_vol_m6_n3_pairwise1,2018-05-31,FAC_rank_vol_m6_n3_pairwise1,1.7878966326093533,141,ok,
FAC_rank_vol_m6_n3_pairwise1,2018-05-31,CtrlRetSTR,1.152450066045471,141,ok,
FAC_rank_vol_m6_n3_pairwise1,2018-05-31,CtrlRetLTM,1.493637683418188,141,ok,
FAC_rank_vol_m6_n3_pairwise1,2018-05-31,CtrlVol,1.9641067589436192,141,ok,
FAC_rank_vol_m6_n3_pairwise1,2018-05-31,as_偏股混合型基金,1.5939372438643902,141,ok,
FAC_rank_vol_m6_n3_pairwise1,2018-05-31,Ctrl_log_fund_size,1.1806883466263178,141,ok,
FAC_rank_vol_m6_n3_pairwise1,2018-05-31,Ctrl_fund_age,1.8450036614445513,141,ok,
FAC_rank_vol_m6_n3_pairwise1,2018-06-29,FAC_rank_vol_m6_n3_pairwise1,1.6918953939748211,139,ok,
FAC_rank_vol_m6_n3_pairwise1,2018-06-29,CtrlRetSTR,1.1360021153404996,139,ok,
FAC_rank_vol_m6_n3_pairwise1,2018-06-29,CtrlRetLTM,1.5651481443221158,139,ok,
FAC_rank_vol_m6_n3_pairwise1,2018-06-29,CtrlVol,2.3113069333647687,139,ok,
FAC_rank_vol_m6_n3_pairwise1,2018-06-29,as_偏股混合型基金,1.5399685036730724,139,ok,
FAC_rank_vol_m6_n3_pairwise1,2018-06-29,Ctrl_log_fund_size,1.1317944585058877,139,ok,
FAC_rank_vol_m6_n3_pairwise1,2018-06-29,Ctrl_fund_age,1.701707861186162,139,ok,
FAC_rank_vol_m6_n3_pairwise1,2018-07-31,FAC_rank_vol_m6_n3_pairwise1,1.6517052853538219,136,ok,
FAC_rank_vol_m6_n3_pairwise1,2018-07-31,CtrlRetSTR,1.5145211334586584,136,ok,
FAC_rank_vol_m6_n3_pairwise1,2018-07-31,CtrlRetLTM,1.5759274558923126,136,ok,
FAC_rank_vol_m6_n3_pairwise1,2018-07-31,CtrlVol,2.2065859640039918,136,ok,
FAC_rank_vol_m6_n3_pairwise1,2018-07-31,as_偏股混合型基金,1.5439055989409312,136,ok,
FAC_rank_vol_m6_n3_pairwise1,2018-07-31,Ctrl_log_fund_size,1.26825663454609,136,ok,
FAC_rank_vol_m6_n3_pairwise1,2018-07-31,Ctrl_fund_age,1.7267419971758577,136,ok,
FAC_rank_vol_m6_n3_pairwise1,2018-08-31,FAC_rank_vol_m6_n3_pairwise1,2.16212849825224,137,ok,
FAC_rank_vol_m6_n3_pairwise1,2018-08-31,CtrlRetSTR,1.64978307612564,137,ok,
FAC_rank_vol_m6_n3_pairwise1,2018-08-31,CtrlRetLTM,1.4043637957170656,137,ok,
FAC_rank_vol_m6_n3_pairwise1,2018-08-31,CtrlVol,2.684969112181288,137,ok,
FAC_rank_vol_m6_n3_pairwise1,2018-08-31,as_偏股混合型基金,1.6648820604243897,137,ok,
FAC_rank_vol_m6_n3_pairwise1,2018-08-31,Ctrl_log_fund_size,1.2213313655085536,137,ok,
FAC_rank_vol_m6_n3_pairwise1,2018-08-31,Ctrl_fund_age,1.8425787722986005,137,ok,
FAC_rank_vol_m6_n3_pairwise1,2018-09-28,FAC_rank_vol_m6_n3_pairwise1,1.8690022813036316,138,ok,
FAC_rank_vol_m6_n3_pairwise1,2018-09-28,CtrlRetSTR,1.1865576263202287,138,ok,
FAC_rank_vol_m6_n3_pairwise1,2018-09-28,CtrlRetLTM,1.2277239055729976,138,ok,
FAC_rank_vol_m6_n3_pairwise1,2018-09-28,CtrlVol,2.082128145263944,138,ok,
FAC_rank_vol_m6_n3_pairwise1,2018-09-28,as_偏股混合型基金,1.6006897663716257,138,ok,
FAC_rank_vol_m6_n3_pairwise1,2018-09-28,Ctrl_log_fund_size,1.1720882879608938,138,ok,
FAC_rank_vol_m6_n3_pairwise1,2018-09-28,Ctrl_fund_age,1.6645460042334266,138,ok,
FAC_rank_vol_m6_n3_pairwise1,2018-10-31,FAC_rank_vol_m6_n3_pairwise1,1.4957352483962687,135,ok,
FAC_rank_vol_m6_n3_pairwise1,2018-10-31,CtrlRetSTR,1.9279413104871952,135,ok,
FAC_rank_vol_m6_n3_pairwise1,2018-10-31,CtrlRetLTM,1.183356881133323,135,ok,
FAC_rank_vol_m6_n3_pairwise1,2018-10-31,CtrlVol,2.444144192750839,135,ok,
FAC_rank_vol_m6_n3_pairwise1,2018-10-31,as_偏股混合型基金,1.7244445995072994,135,ok,
FAC_rank_vol_m6_n3_pairwise1,2018-10-31,Ctrl_log_fund_size,1.1893629342272534,135,ok,
FAC_rank_vol_m6_n3_pairwise1,2018-10-31,Ctrl_fund_age,1.7548348549205575,135,ok,
FAC_rank_vol_m6_n3_pairwise1,2018-11-30,FAC_rank_vol_m6_n3_pairwise1,1.6400801731331731,137,ok,
FAC_rank_vol_m6_n3_pairwise1,2018-11-30,CtrlRetSTR,1.1190964009512188,137,ok,
FAC_rank_vol_m6_n3_pairwise1,2018-11-30,CtrlRetLTM,1.2812245996276368,137,ok,
FAC_rank_vol_m6_n3_pairwise1,2018-11-30,CtrlVol,1.6460468891686488,137,ok,
FAC_rank_vol_m6_n3_pairwise1,2018-11-30,as_偏股混合型基金,1.7824340145438857,137,ok,
FAC_rank_vol_m6_n3_pairwise1,2018-11-30,Ctrl_log_fund_size,1.14174370389039,137,ok,
FAC_rank_vol_m6_n3_pairwise1,2018-11-30,Ctrl_fund_age,1.656517819819894,137,ok,
FAC_rank_vol_m6_n3_pairwise1,2018-12-28,FAC_rank_vol_m6_n3_pairwise1,1.6414290858147196,140,ok,
FAC_rank_vol_m6_n3_pairwise1,2018-12-28,CtrlRetSTR,1.1432412196544954,140,ok,
FAC_rank_vol_m6_n3_pairwise1,2018-12-28,CtrlRetLTM,1.3662633109587399,140,ok,
FAC_rank_vol_m6_n3_pairwise1,2018-12-28,CtrlVol,1.702165767613682,140,ok,
FAC_rank_vol_m6_n3_pairwise1,2018-12-28,as_偏股混合型基金,1.941936679215361,140,ok,
FAC_rank_vol_m6_n3_pairwise1,2018-12-28,Ctrl_log_fund_size,1.174370795684838,140,ok,
FAC_rank_vol_m6_n3_pairwise1,2018-12-28,Ctrl_fund_age,1.7912775855177112,140,ok,
FAC_rank_vol_m6_n3_pairwise1,2019-01-31,FAC_rank_vol_m6_n3_pairwise1,1.2132357662274593,135,ok,
FAC_rank_vol_m6_n3_pairwise1,2019-01-31,CtrlRetSTR,1.329646070926073,135,ok,
FAC_rank_vol_m6_n3_pairwise1,2019-01-31,CtrlRetLTM,1.3354665152749396,135,ok,
FAC_rank_vol_m6_n3_pairwise1,2019-01-31,CtrlVol,1.5516842510184645,135,ok,
FAC_rank_vol_m6_n3_pairwise1,2019-01-31,as_偏股混合型基金,1.692555890162936,135,ok,
FAC_rank_vol_m6_n3_pairwise1,2019-01-31,Ctrl_log_fund_size,1.1612469971234851,135,ok,
FAC_rank_vol_m6_n3_pairwise1,2019-01-31,Ctrl_fund_age,1.6527843026780067,135,ok,
FAC_rank_vol_m6_n3_pairwise1,2019-02-28,FAC_rank_vol_m6_n3_pairwise1,1.1924373590925605,142,ok,
FAC_rank_vol_m6_n3_pairwise1,2019-02-28,CtrlRetSTR,1.293505381331939,142,ok,
FAC_rank_vol_m6_n3_pairwise1,2019-02-28,CtrlRetLTM,1.1519101704282158,142,ok,
FAC_rank_vol_m6_n3_pairwise1,2019-02-28,CtrlVol,1.1291559312107047,142,ok,
FAC_rank_vol_m6_n3_pairwise1,2019-02-28,as_偏股混合型基金,1.6450487201117505,142,ok,
FAC_rank_vol_m6_n3_pairwise1,2019-02-28,Ctrl_log_fund_size,1.2270240549363964,142,ok,
FAC_rank_vol_m6_n3_pairwise1,2019-02-28,Ctrl_fund_age,1.6736761363575707,142,ok,
FAC_rank_vol_m6_n3_pairwise1,2019-03-29,FAC_rank_vol_m6_n3_pairwise1,1.1026456108158695,144,ok,
FAC_rank_vol_m6_n3_pairwise1,2019-03-29,CtrlRetSTR,1.413411013500268,144,ok,
FAC_rank_vol_m6_n3_pairwise1,2019-03-29,CtrlRetLTM,1.0312444536676706,144,ok,
FAC_rank_vol_m6_n3_pairwise1,2019-03-29,CtrlVol,1.4834729894245677,144,ok,
FAC_rank_vol_m6_n3_pairwise1,2019-03-29,as_偏股混合型基金,1.481847946694187,144,ok,
FAC_rank_vol_m6_n3_pairwise1,2019-03-29,Ctrl_log_fund_size,1.1254062245012553,144,ok,
FAC_rank_vol_m6_n3_pairwise1,2019-03-29,Ctrl_fund_age,1.524548747320757,144,ok,
FAC_rank_vol_m6_n3_pairwise1,2019-04-30,FAC_rank_vol_m6_n3_pairwise1,1.3156194001380597,144,ok,
FAC_rank_vol_m6_n3_pairwise1,2019-04-30,CtrlRetSTR,1.1699168756085114,144,ok,
FAC_rank_vol_m6_n3_pairwise1,2019-04-30,CtrlRetLTM,1.172248356708222,144,ok,
FAC_rank_vol_m6_n3_pairwise1,2019-04-30,CtrlVol,1.3236497686597108,144,ok,
FAC_rank_vol_m6_n3_pairwise1,2019-04-30,as_偏股混合型基金,1.4787899101792554,144,ok,
FAC_rank_vol_m6_n3_pairwise1,2019-04-30,Ctrl_log_fund_size,1.223872560438846,144,ok,
FAC_rank_vol_m6_n3_pairwise1,2019-04-30,Ctrl_fund_age,1.6414682238992229,144,ok,
FAC_rank_vol_m6_n3_pairwise1,2019-05-31,FAC_rank_vol_m6_n3_pairwise1,1.359482751591494,145,ok,
FAC_rank_vol_m6_n3_pairwise1,2019-05-31,CtrlRetSTR,1.0885271291419036,145,ok,
FAC_rank_vol_m6_n3_pairwise1,2019-05-31,CtrlRetLTM,1.1222790411820223,145,ok,
FAC_rank_vol_m6_n3_pairwise1,2019-05-31,CtrlVol,1.2401002581790719,145,ok,
FAC_rank_vol_m6_n3_pairwise1,2019-05-31,as_偏股混合型基金,1.467591037515784,145,ok,
FAC_rank_vol_m6_n3_pairwise1,2019-05-31,Ctrl_log_fund_size,1.17719495328446,145,ok,
FAC_rank_vol_m6_n3_pairwise1,2019-05-31,Ctrl_fund_age,1.6588775818244572,145,ok,
FAC_rank_vol_m6_n3_pairwise1,2019-06-28,FAC_rank_vol_m6_n3_pairwise1,1.2888328032074,149,ok,
FAC_rank_vol_m6_n3_pairwise1,2019-06-28,CtrlRetSTR,1.2392044554632908,149,ok,
FAC_rank_vol_m6_n3_pairwise1,2019-06-28,CtrlRetLTM,1.269279120344582,149,ok,
FAC_rank_vol_m6_n3_pairwise1,2019-06-28,CtrlVol,1.1239541359610035,149,ok,
FAC_rank_vol_m6_n3_pairwise1,2019-06-28,as_偏股混合型基金,1.499867150599277,149,ok,
FAC_rank_vol_m6_n3_pairwise1,2019-06-28,Ctrl_log_fund_size,1.1812786144588103,149,ok,
FAC_rank_vol_m6_n3_pairwise1,2019-06-28,Ctrl_fund_age,1.6026434881723577,149,ok,
FAC_rank_vol_m6_n3_pairwise1,2019-07-31,FAC_rank_vol_m6_n3_pairwise1,1.2570968724398297,151,ok,
FAC_rank_vol_m6_n3_pairwise1,2019-07-31,CtrlRetSTR,1.1605283873273997,151,ok,
FAC_rank_vol_m6_n3_pairwise1,2019-07-31,CtrlRetLTM,1.0961582661071407,151,ok,
FAC_rank_vol_m6_n3_pairwise1,2019-07-31,CtrlVol,1.199296235865875,151,ok,
FAC_rank_vol_m6_n3_pairwise1,2019-07-31,as_偏股混合型基金,1.345339346953184,151,ok,
FAC_rank_vol_m6_n3_pairwise1,2019-07-31,Ctrl_log_fund_size,1.4424838203265868,151,ok,
FAC_rank_vol_m6_n3_pairwise1,2019-07-31,Ctrl_fund_age,1.5764139687348726,151,ok,
FAC_rank_vol_m6_n3_pairwise1,2019-08-30,FAC_rank_vol_m6_n3_pairwise1,1.1090606688245999,150,ok,
FAC_rank_vol_m6_n3_pairwise1,2019-08-30,CtrlRetSTR,1.189422773079146,150,ok,
FAC_rank_vol_m6_n3_pairwise1,2019-08-30,CtrlRetLTM,1.1246749642662435,150,ok,
FAC_rank_vol_m6_n3_pairwise1,2019-08-30,CtrlVol,1.234474121029997,150,ok,
FAC_rank_vol_m6_n3_pairwise1,2019-08-30,as_偏股混合型基金,1.3592320787352508,150,ok,
FAC_rank_vol_m6_n3_pairwise1,2019-08-30,Ctrl_log_fund_size,1.2755936431702393,150,ok,
FAC_rank_vol_m6_n3_pairwise1,2019-08-30,Ctrl_fund_age,1.546523432416714,150,ok,
FAC_rank_vol_m6_n3_pairwise1,2019-09-30,FAC_rank_vol_m6_n3_pairwise1,1.0740983108871376,152,ok,
FAC_rank_vol_m6_n3_pairwise1,2019-09-30,CtrlRetSTR,1.2209031519388216,152,ok,
FAC_rank_vol_m6_n3_pairwise1,2019-09-30,CtrlRetLTM,1.2670103222175453,152,ok,
FAC_rank_vol_m6_n3_pairwise1,2019-09-30,CtrlVol,1.3485961577157535,152,ok,
FAC_rank_vol_m6_n3_pairwise1,2019-09-30,as_偏股混合型基金,1.3167480225882862,152,ok,
FAC_rank_vol_m6_n3_pairwise1,2019-09-30,Ctrl_log_fund_size,1.1945539254068376,152,ok,
FAC_rank_vol_m6_n3_pairwise1,2019-09-30,Ctrl_fund_age,1.515539330747773,152,ok,
FAC_rank_vol_m6_n3_pairwise1,2019-10-31,FAC_rank_vol_m6_n3_pairwise1,1.2484074926158215,156,ok,
FAC_rank_vol_m6_n3_pairwise1,2019-10-31,CtrlRetSTR,1.0760735728157025,156,ok,
FAC_rank_vol_m6_n3_pairwise1,2019-10-31,CtrlRetLTM,1.9572425569288865,156,ok,
FAC_rank_vol_m6_n3_pairwise1,2019-10-31,CtrlVol,2.160946658014063,156,ok,
FAC_rank_vol_m6_n3_pairwise1,2019-10-31,as_偏股混合型基金,1.3771344410181283,156,ok,
FAC_rank_vol_m6_n3_pairwise1,2019-10-31,Ctrl_log_fund_size,1.1902652744387907,156,ok,
FAC_rank_vol_m6_n3_pairwise1,2019-10-31,Ctrl_fund_age,1.4723323281670995,156,ok,
FAC_rank_vol_m6_n3_pairwise1,2019-11-29,FAC_rank_vol_m6_n3_pairwise1,1.2922925876592792,163,ok,
FAC_rank_vol_m6_n3_pairwise1,2019-11-29,CtrlRetSTR,1.1826779958232292,163,ok,
FAC_rank_vol_m6_n3_pairwise1,2019-11-29,CtrlRetLTM,1.4996477836753626,163,ok,
FAC_rank_vol_m6_n3_pairwise1,2019-11-29,CtrlVol,1.648656727577249,163,ok,
FAC_rank_vol_m6_n3_pairwise1,2019-11-29,as_偏股混合型基金,1.3618874914286678,163,ok,
FAC_rank_vol_m6_n3_pairwise1,2019-11-29,Ctrl_log_fund_size,1.1371289486668632,163,ok,
FAC_rank_vol_m6_n3_pairwise1,2019-11-29,Ctrl_fund_age,1.4851579089195683,163,ok,
FAC_rank_vol_m6_n3_pairwise1,2019-12-31,FAC_rank_vol_m6_n3_pairwise1,1.3838544302994031,171,ok,
FAC_rank_vol_m6_n3_pairwise1,2019-12-31,CtrlRetSTR,1.4633587624013185,171,ok,
FAC_rank_vol_m6_n3_pairwise1,2019-12-31,CtrlRetLTM,2.241411725059425,171,ok,
FAC_rank_vol_m6_n3_pairwise1,2019-12-31,CtrlVol,2.0791405820500155,171,ok,
FAC_rank_vol_m6_n3_pairwise1,2019-12-31,as_偏股混合型基金,1.33293626416787,171,ok,
FAC_rank_vol_m6_n3_pairwise1,2019-12-31,Ctrl_log_fund_size,1.0757992886234202,171,ok,
FAC_rank_vol_m6_n3_pairwise1,2019-12-31,Ctrl_fund_age,1.3988530247179431,171,ok,
FAC_rank_vol_m6_n3_pairwise1,2020-01-23,FAC_rank_vol_m6_n3_pairwise1,1.0938645106784692,174,ok,
FAC_rank_vol_m6_n3_pairwise1,2020-01-23,CtrlRetSTR,1.3994320191187892,174,ok,
FAC_rank_vol_m6_n3_pairwise1,2020-01-23,CtrlRetLTM,1.798826801176269,174,ok,
FAC_rank_vol_m6_n3_pairwise1,2020-01-23,CtrlVol,2.025776009243908,174,ok,
FAC_rank_vol_m6_n3_pairwise1,2020-01-23,as_偏股混合型基金,1.3436893827975995,174,ok,
FAC_rank_vol_m6_n3_pairwise1,2020-01-23,Ctrl_log_fund_size,1.0941876527752574,174,ok,
FAC_rank_vol_m6_n3_pairwise1,2020-01-23,Ctrl_fund_age,1.4333934440406273,174,ok,
FAC_rank_vol_m6_n3_pairwise1,2020-02-28,FAC_rank_vol_m6_n3_pairwise1,1.1042907386232788,177,ok,
FAC_rank_vol_m6_n3_pairwise1,2020-02-28,CtrlRetSTR,1.189135599700493,177,ok,
FAC_rank_vol_m6_n3_pairwise1,2020-02-28,CtrlRetLTM,1.3895703808249567,177,ok,
FAC_rank_vol_m6_n3_pairwise1,2020-02-28,CtrlVol,1.3643929745479373,177,ok,
FAC_rank_vol_m6_n3_pairwise1,2020-02-28,as_偏股混合型基金,1.3332732252968749,177,ok,
FAC_rank_vol_m6_n3_pairwise1,2020-02-28,Ctrl_log_fund_size,1.0948396805686031,177,ok,
FAC_rank_vol_m6_n3_pairwise1,2020-02-28,Ctrl_fund_age,1.4441419557840787,177,ok,
FAC_rank_vol_m6_n3_pairwise1,2020-03-31,FAC_rank_vol_m6_n3_pairwise1,1.1827879516227793,178,ok,
FAC_rank_vol_m6_n3_pairwise1,2020-03-31,CtrlRetSTR,1.1686744663752366,178,ok,
FAC_rank_vol_m6_n3_pairwise1,2020-03-31,CtrlRetLTM,1.4967955496536565,178,ok,
FAC_rank_vol_m6_n3_pairwise1,2020-03-31,CtrlVol,1.41540387886443,178,ok,
FAC_rank_vol_m6_n3_pairwise1,2020-03-31,as_偏股混合型基金,1.3502083876911826,178,ok,
FAC_rank_vol_m6_n3_pairwise1,2020-03-31,Ctrl_log_fund_size,1.094232789747232,178,ok,
FAC_rank_vol_m6_n3_pairwise1,2020-03-31,Ctrl_fund_age,1.4008446369827632,178,ok,
FAC_rank_vol_m6_n3_pairwise1,2020-04-30,FAC_rank_vol_m6_n3_pairwise1,1.1432981586045543,180,ok,
FAC_rank_vol_m6_n3_pairwise1,2020-04-30,CtrlRetSTR,1.2946866457028094,180,ok,
FAC_rank_vol_m6_n3_pairwise1,2020-04-30,CtrlRetLTM,1.1225815273843436,180,ok,
FAC_rank_vol_m6_n3_pairwise1,2020-04-30,CtrlVol,1.4896226670708992,180,ok,
FAC_rank_vol_m6_n3_pairwise1,2020-04-30,as_偏股混合型基金,1.338278314426598,180,ok,
FAC_rank_vol_m6_n3_pairwise1,2020-04-30,Ctrl_log_fund_size,1.0884767829922235,180,ok,
FAC_rank_vol_m6_n3_pairwise1,2020-04-30,Ctrl_fund_age,1.3789624620963068,180,ok,
FAC_rank_vol_m6_n3_pairwise1,2020-05-29,FAC_rank_vol_m6_n3_pairwise1,1.2851557798727584,189,ok,
FAC_rank_vol_m6_n3_pairwise1,2020-05-29,CtrlRetSTR,1.386067000760122,189,ok,
FAC_rank_vol_m6_n3_pairwise1,2020-05-29,CtrlRetLTM,1.5544808875353424,189,ok,
FAC_rank_vol_m6_n3_pairwise1,2020-05-29,CtrlVol,2.034376916117733,189,ok,
FAC_rank_vol_m6_n3_pairwise1,2020-05-29,as_偏股混合型基金,1.3384876047804106,189,ok,
FAC_rank_vol_m6_n3_pairwise1,2020-05-29,Ctrl_log_fund_size,1.1418589537991517,189,ok,
FAC_rank_vol_m6_n3_pairwise1,2020-05-29,Ctrl_fund_age,1.4072960579760665,189,ok,
FAC_rank_vol_m6_n3_pairwise1,2020-06-30,FAC_rank_vol_m6_n3_pairwise1,1.2541350480310698,187,ok,
FAC_rank_vol_m6_n3_pairwise1,2020-06-30,CtrlRetSTR,1.3088012557110256,187,ok,
FAC_rank_vol_m6_n3_pairwise1,2020-06-30,CtrlRetLTM,1.3562145804150039,187,ok,
FAC_rank_vol_m6_n3_pairwise1,2020-06-30,CtrlVol,1.6696778363306197,187,ok,
FAC_rank_vol_m6_n3_pairwise1,2020-06-30,as_偏股混合型基金,1.3137987784872893,187,ok,
FAC_rank_vol_m6_n3_pairwise1,2020-06-30,Ctrl_log_fund_size,1.2436797276288316,187,ok,
FAC_rank_vol_m6_n3_pairwise1,2020-06-30,Ctrl_fund_age,1.3721042502771854,187,ok,
FAC_rank_vol_m6_n3_pairwise1,2020-07-31,FAC_rank_vol_m6_n3_pairwise1,1.354053975273916,190,ok,
FAC_rank_vol_m6_n3_pairwise1,2020-07-31,CtrlRetSTR,1.2479821271287699,190,ok,
FAC_rank_vol_m6_n3_pairwise1,2020-07-31,CtrlRetLTM,1.876751563040058,190,ok,
FAC_rank_vol_m6_n3_pairwise1,2020-07-31,CtrlVol,1.5426488955950488,190,ok,
FAC_rank_vol_m6_n3_pairwise1,2020-07-31,as_偏股混合型基金,1.3473801912153034,190,ok,
FAC_rank_vol_m6_n3_pairwise1,2020-07-31,Ctrl_log_fund_size,1.228351552734525,190,ok,
FAC_rank_vol_m6_n3_pairwise1,2020-07-31,Ctrl_fund_age,1.4421390424723826,190,ok,
FAC_rank_vol_m6_n3_pairwise1,2020-08-31,FAC_rank_vol_m6_n3_pairwise1,1.1499433183060708,196,ok,
FAC_rank_vol_m6_n3_pairwise1,2020-08-31,CtrlRetSTR,1.505944655171676,196,ok,
FAC_rank_vol_m6_n3_pairwise1,2020-08-31,CtrlRetLTM,1.598593968860089,196,ok,
FAC_rank_vol_m6_n3_pairwise1,2020-08-31,CtrlVol,1.2086606183244948,196,ok,
FAC_rank_vol_m6_n3_pairwise1,2020-08-31,as_偏股混合型基金,1.282853029023367,196,ok,
FAC_rank_vol_m6_n3_pairwise1,2020-08-31,Ctrl_log_fund_size,1.1287066012735807,196,ok,
FAC_rank_vol_m6_n3_pairwise1,2020-08-31,Ctrl_fund_age,1.373122543026123,196,ok,
FAC_rank_vol_m6_n3_pairwise1,2020-09-30,FAC_rank_vol_m6_n3_pairwise1,1.2081731284409412,199,ok,
FAC_rank_vol_m6_n3_pairwise1,2020-09-30,CtrlRetSTR,1.2657374557200969,199,ok,
FAC_rank_vol_m6_n3_pairwise1,2020-09-30,CtrlRetLTM,1.29403693474355,199,ok,
FAC_rank_vol_m6_n3_pairwise1,2020-09-30,CtrlVol,1.2632762924091536,199,ok,
FAC_rank_vol_m6_n3_pairwise1,2020-09-30,as_偏股混合型基金,1.287494474370986,199,ok,
FAC_rank_vol_m6_n3_pairwise1,2020-09-30,Ctrl_log_fund_size,1.100933766037692,199,ok,
FAC_rank_vol_m6_n3_pairwise1,2020-09-30,Ctrl_fund_age,1.3722882833889904,199,ok,
FAC_rank_vol_m6_n3_pairwise1,2020-10-30,FAC_rank_vol_m6_n3_pairwise1,1.2086024610034796,200,ok,
FAC_rank_vol_m6_n3_pairwise1,2020-10-30,CtrlRetSTR,1.0279365396641174,200,ok,
FAC_rank_vol_m6_n3_pairwise1,2020-10-30,CtrlRetLTM,1.2528408729216427,200,ok,
FAC_rank_vol_m6_n3_pairwise1,2020-10-30,CtrlVol,1.3691416712617126,200,ok,
FAC_rank_vol_m6_n3_pairwise1,2020-10-30,as_偏股混合型基金,1.2794710744352602,200,ok,
FAC_rank_vol_m6_n3_pairwise1,2020-10-30,Ctrl_log_fund_size,1.0738772003887367,200,ok,
FAC_rank_vol_m6_n3_pairwise1,2020-10-30,Ctrl_fund_age,1.3608644078793135,200,ok,
FAC_rank_vol_m6_n3_pairwise1,2020-11-30,FAC_rank_vol_m6_n3_pairwise1,1.2008433105930936,214,ok,
FAC_rank_vol_m6_n3_pairwise1,2020-11-30,CtrlRetSTR,1.144597841812079,214,ok,
FAC_rank_vol_m6_n3_pairwise1,2020-11-30,CtrlRetLTM,1.4864210028567666,214,ok,
FAC_rank_vol_m6_n3_pairwise1,2020-11-30,CtrlVol,1.2350914440517866,214,ok,
FAC_rank_vol_m6_n3_pairwise1,2020-11-30,as_偏股混合型基金,1.1851216891400977,214,ok,
FAC_rank_vol_m6_n3_pairwise1,2020-11-30,Ctrl_log_fund_size,1.1130323976145202,214,ok,
FAC_rank_vol_m6_n3_pairwise1,2020-11-30,Ctrl_fund_age,1.2579205120745958,214,ok,
FAC_rank_vol_m6_n3_pairwise1,2020-12-31,FAC_rank_vol_m6_n3_pairwise1,1.254870521301109,220,ok,
FAC_rank_vol_m6_n3_pairwise1,2020-12-31,CtrlRetSTR,1.2478030614044853,220,ok,
FAC_rank_vol_m6_n3_pairwise1,2020-12-31,CtrlRetLTM,1.476796405520364,220,ok,
FAC_rank_vol_m6_n3_pairwise1,2020-12-31,CtrlVol,1.2945657028810273,220,ok,
FAC_rank_vol_m6_n3_pairwise1,2020-12-31,as_偏股混合型基金,1.1424964539576528,220,ok,
FAC_rank_vol_m6_n3_pairwise1,2020-12-31,Ctrl_log_fund_size,1.1017615000310457,220,ok,
FAC_rank_vol_m6_n3_pairwise1,2020-12-31,Ctrl_fund_age,1.2028830478184462,220,ok,
FAC_rank_vol_m6_n3_pairwise1,2021-01-29,FAC_rank_vol_m6_n3_pairwise1,1.324878001643334,218,ok,
FAC_rank_vol_m6_n3_pairwise1,2021-01-29,CtrlRetSTR,1.0459641060414024,218,ok,
FAC_rank_vol_m6_n3_pairwise1,2021-01-29,CtrlRetLTM,1.6282953346640816,218,ok,
FAC_rank_vol_m6_n3_pairwise1,2021-01-29,CtrlVol,1.315054367896179,218,ok,
FAC_rank_vol_m6_n3_pairwise1,2021-01-29,as_偏股混合型基金,1.140662846779875,218,ok,
FAC_rank_vol_m6_n3_pairwise1,2021-01-29,Ctrl_log_fund_size,1.1008612517028096,218,ok,
FAC_rank_vol_m6_n3_pairwise1,2021-01-29,Ctrl_fund_age,1.1485583624218563,218,ok,
FAC_rank_vol_m6_n3_pairwise1,2021-02-26,FAC_rank_vol_m6_n3_pairwise1,1.1745741262312597,231,ok,
FAC_rank_vol_m6_n3_pairwise1,2021-02-26,CtrlRetSTR,1.4295202220917593,231,ok,
FAC_rank_vol_m6_n3_pairwise1,2021-02-26,CtrlRetLTM,1.4440254789576434,231,ok,
FAC_rank_vol_m6_n3_pairwise1,2021-02-26,CtrlVol,1.4353342106856264,231,ok,
FAC_rank_vol_m6_n3_pairwise1,2021-02-26,as_偏股混合型基金,1.1204153662477911,231,ok,
FAC_rank_vol_m6_n3_pairwise1,2021-02-26,Ctrl_log_fund_size,1.0995378058369978,231,ok,
FAC_rank_vol_m6_n3_pairwise1,2021-02-26,Ctrl_fund_age,1.1477257513937327,231,ok,
FAC_rank_vol_m6_n3_pairwise1,2021-03-31,FAC_rank_vol_m6_n3_pairwise1,1.4456802017092991,232,ok,
FAC_rank_vol_m6_n3_pairwise1,2021-03-31,CtrlRetSTR,1.2330153862176767,232,ok,
FAC_rank_vol_m6_n3_pairwise1,2021-03-31,CtrlRetLTM,1.4459849361669204,232,ok,
FAC_rank_vol_m6_n3_pairwise1,2021-03-31,CtrlVol,1.937508857467517,232,ok,
FAC_rank_vol_m6_n3_pairwise1,2021-03-31,as_偏股混合型基金,1.1422377426360515,232,ok,
FAC_rank_vol_m6_n3_pairwise1,2021-03-31,Ctrl_log_fund_size,1.0776028949186842,232,ok,
FAC_rank_vol_m6_n3_pairwise1,2021-03-31,Ctrl_fund_age,1.124017793262442,232,ok,
FAC_rank_vol_m6_n3_pairwise1,2021-04-30,FAC_rank_vol_m6_n3_pairwise1,1.3202346683809794,244,ok,
FAC_rank_vol_m6_n3_pairwise1,2021-04-30,CtrlRetSTR,2.171362106017912,244,ok,
FAC_rank_vol_m6_n3_pairwise1,2021-04-30,CtrlRetLTM,1.2394877822905066,244,ok,
FAC_rank_vol_m6_n3_pairwise1,2021-04-30,CtrlVol,2.79001789908066,244,ok,
FAC_rank_vol_m6_n3_pairwise1,2021-04-30,as_偏股混合型基金,1.1155168979206143,244,ok,
FAC_rank_vol_m6_n3_pairwise1,2021-04-30,Ctrl_log_fund_size,1.1103248534769277,244,ok,
FAC_rank_vol_m6_n3_pairwise1,2021-04-30,Ctrl_fund_age,1.1491567284492359,244,ok,
FAC_rank_vol_m6_n3_pairwise1,2021-05-31,FAC_rank_vol_m6_n3_pairwise1,1.1628843874664083,261,ok,
FAC_rank_vol_m6_n3_pairwise1,2021-05-31,CtrlRetSTR,1.3476252919855447,261,ok,
FAC_rank_vol_m6_n3_pairwise1,2021-05-31,CtrlRetLTM,1.1015416185637878,261,ok,
FAC_rank_vol_m6_n3_pairwise1,2021-05-31,CtrlVol,1.5006365704785074,261,ok,
FAC_rank_vol_m6_n3_pairwise1,2021-05-31,as_偏股混合型基金,1.1317169899542845,261,ok,
FAC_rank_vol_m6_n3_pairwise1,2021-05-31,Ctrl_log_fund_size,1.0819753184111547,261,ok,
FAC_rank_vol_m6_n3_pairwise1,2021-05-31,Ctrl_fund_age,1.1876485206220873,261,ok,
FAC_rank_vol_m6_n3_pairwise1,2021-06-30,FAC_rank_vol_m6_n3_pairwise1,1.1154076921994935,260,ok,
FAC_rank_vol_m6_n3_pairwise1,2021-06-30,CtrlRetSTR,1.3137377393326628,260,ok,
FAC_rank_vol_m6_n3_pairwise1,2021-06-30,CtrlRetLTM,1.0980762848340475,260,ok,
FAC_rank_vol_m6_n3_pairwise1,2021-06-30,CtrlVol,1.2091136924932735,260,ok,
FAC_rank_vol_m6_n3_pairwise1,2021-06-30,as_偏股混合型基金,1.164259116676712,260,ok,
FAC_rank_vol_m6_n3_pairwise1,2021-06-30,Ctrl_log_fund_size,1.1757614416765747,260,ok,
FAC_rank_vol_m6_n3_pairwise1,2021-06-30,Ctrl_fund_age,1.2048091106837913,260,ok,
FAC_rank_vol_m6_n3_pairwise1,2021-07-30,FAC_rank_vol_m6_n3_pairwise1,1.2202150200263975,266,ok,
FAC_rank_vol_m6_n3_pairwise1,2021-07-30,CtrlRetSTR,1.1855843353614002,266,ok,
FAC_rank_vol_m6_n3_pairwise1,2021-07-30,CtrlRetLTM,1.3433020360189833,266,ok,
FAC_rank_vol_m6_n3_pairwise1,2021-07-30,CtrlVol,1.4078405475169293,266,ok,
FAC_rank_vol_m6_n3_pairwise1,2021-07-30,as_偏股混合型基金,1.1640941288775621,266,ok,
FAC_rank_vol_m6_n3_pairwise1,2021-07-30,Ctrl_log_fund_size,1.1709677073633962,266,ok,
FAC_rank_vol_m6_n3_pairwise1,2021-07-30,Ctrl_fund_age,1.2436957536679345,266,ok,
FAC_rank_vol_m6_n3_pairwise1,2021-08-31,FAC_rank_vol_m6_n3_pairwise1,1.7669752103952001,278,ok,
FAC_rank_vol_m6_n3_pairwise1,2021-08-31,CtrlRetSTR,1.4705046113496065,278,ok,
FAC_rank_vol_m6_n3_pairwise1,2021-08-31,CtrlRetLTM,1.8618297727145805,278,ok,
FAC_rank_vol_m6_n3_pairwise1,2021-08-31,CtrlVol,2.4213866794427674,278,ok,
FAC_rank_vol_m6_n3_pairwise1,2021-08-31,as_偏股混合型基金,1.1630767064018215,278,ok,
FAC_rank_vol_m6_n3_pairwise1,2021-08-31,Ctrl_log_fund_size,1.1616342093968928,278,ok,
FAC_rank_vol_m6_n3_pairwise1,2021-08-31,Ctrl_fund_age,1.20954280387632,278,ok,
FAC_rank_vol_m6_n3_pairwise1,2021-09-30,FAC_rank_vol_m6_n3_pairwise1,1.6503405269000535,285,ok,
FAC_rank_vol_m6_n3_pairwise1,2021-09-30,CtrlRetSTR,1.6586110521002115,285,ok,
FAC_rank_vol_m6_n3_pairwise1,2021-09-30,CtrlRetLTM,2.107789436023275,285,ok,
FAC_rank_vol_m6_n3_pairwise1,2021-09-30,CtrlVol,2.0107028518092336,285,ok,
FAC_rank_vol_m6_n3_pairwise1,2021-09-30,as_偏股混合型基金,1.1491992268849245,285,ok,
FAC_rank_vol_m6_n3_pairwise1,2021-09-30,Ctrl_log_fund_size,1.2106471940066283,285,ok,
FAC_rank_vol_m6_n3_pairwise1,2021-09-30,Ctrl_fund_age,1.1826076543328499,285,ok,
FAC_rank_vol_m6_n3_pairwise1,2021-10-29,FAC_rank_vol_m6_n3_pairwise1,1.540193834743081,291,ok,
FAC_rank_vol_m6_n3_pairwise1,2021-10-29,CtrlRetSTR,1.2883988741860866,291,ok,
FAC_rank_vol_m6_n3_pairwise1,2021-10-29,CtrlRetLTM,1.8313961498016482,291,ok,
FAC_rank_vol_m6_n3_pairwise1,2021-10-29,CtrlVol,1.9414239764146188,291,ok,
FAC_rank_vol_m6_n3_pairwise1,2021-10-29,as_偏股混合型基金,1.1188278091453123,291,ok,
FAC_rank_vol_m6_n3_pairwise1,2021-10-29,Ctrl_log_fund_size,1.1499584628577213,291,ok,
FAC_rank_vol_m6_n3_pairwise1,2021-10-29,Ctrl_fund_age,1.1556770668545484,291,ok,
FAC_rank_vol_m6_n3_pairwise1,2021-11-30,FAC_rank_vol_m6_n3_pairwise1,1.3362372306995376,305,ok,
FAC_rank_vol_m6_n3_pairwise1,2021-11-30,CtrlRetSTR,1.113403677782158,305,ok,
FAC_rank_vol_m6_n3_pairwise1,2021-11-30,CtrlRetLTM,2.266796078892858,305,ok,
FAC_rank_vol_m6_n3_pairwise1,2021-11-30,CtrlVol,2.3442325520858645,305,ok,
FAC_rank_vol_m6_n3_pairwise1,2021-11-30,as_偏股混合型基金,1.08354715065212,305,ok,
FAC_rank_vol_m6_n3_pairwise1,2021-11-30,Ctrl_log_fund_size,1.1443355983595433,305,ok,
FAC_rank_vol_m6_n3_pairwise1,2021-11-30,Ctrl_fund_age,1.099669405825586,305,ok,
FAC_rank_vol_m6_n3_pairwise1,2021-12-31,FAC_rank_vol_m6_n3_pairwise1,1.4472851111426646,302,ok,
FAC_rank_vol_m6_n3_pairwise1,2021-12-31,CtrlRetSTR,1.9485891240295081,302,ok,
FAC_rank_vol_m6_n3_pairwise1,2021-12-31,CtrlRetLTM,1.6930761149201632,302,ok,
FAC_rank_vol_m6_n3_pairwise1,2021-12-31,CtrlVol,2.8642925706165236,302,ok,
FAC_rank_vol_m6_n3_pairwise1,2021-12-31,as_偏股混合型基金,1.0811901112387965,302,ok,
FAC_rank_vol_m6_n3_pairwise1,2021-12-31,Ctrl_log_fund_size,1.1728412658363856,302,ok,
FAC_rank_vol_m6_n3_pairwise1,2021-12-31,Ctrl_fund_age,1.104151137132846,302,ok,
FAC_rank_vol_m6_n3_pairwise1,2022-01-28,FAC_rank_vol_m6_n3_pairwise1,1.7467887914559332,310,ok,
FAC_rank_vol_m6_n3_pairwise1,2022-01-28,CtrlRetSTR,1.4043407000513204,310,ok,
FAC_rank_vol_m6_n3_pairwise1,2022-01-28,CtrlRetLTM,1.511971662751862,310,ok,
FAC_rank_vol_m6_n3_pairwise1,2022-01-28,CtrlVol,2.7385517827394903,310,ok,
FAC_rank_vol_m6_n3_pairwise1,2022-01-28,as_偏股混合型基金,1.0549750788952286,310,ok,
FAC_rank_vol_m6_n3_pairwise1,2022-01-28,Ctrl_log_fund_size,1.1029691757582651,310,ok,
FAC_rank_vol_m6_n3_pairwise1,2022-01-28,Ctrl_fund_age,1.0962035171198112,310,ok,
FAC_rank_vol_m6_n3_pairwise1,2022-02-28,FAC_rank_vol_m6_n3_pairwise1,1.2846721671899104,325,ok,
FAC_rank_vol_m6_n3_pairwise1,2022-02-28,CtrlRetSTR,1.3084711779534954,325,ok,
FAC_rank_vol_m6_n3_pairwise1,2022-02-28,CtrlRetLTM,1.5635985159007857,325,ok,
FAC_rank_vol_m6_n3_pairwise1,2022-02-28,CtrlVol,1.8138169441111733,325,ok,
FAC_rank_vol_m6_n3_pairwise1,2022-02-28,as_偏股混合型基金,1.0665285700686191,325,ok,
FAC_rank_vol_m6_n3_pairwise1,2022-02-28,Ctrl_log_fund_size,1.0968099769168485,325,ok,
FAC_rank_vol_m6_n3_pairwise1,2022-02-28,Ctrl_fund_age,1.1019128481989207,325,ok,
FAC_rank_vol_m6_n3_pairwise1,2022-03-31,FAC_rank_vol_m6_n3_pairwise1,1.1153747325190215,332,ok,
FAC_rank_vol_m6_n3_pairwise1,2022-03-31,CtrlRetSTR,1.1041618497087085,332,ok,
FAC_rank_vol_m6_n3_pairwise1,2022-03-31,CtrlRetLTM,1.5024560335083461,332,ok,
FAC_rank_vol_m6_n3_pairwise1,2022-03-31,CtrlVol,1.72446596431096,332,ok,
FAC_rank_vol_m6_n3_pairwise1,2022-03-31,as_偏股混合型基金,1.0568048908268213,332,ok,
FAC_rank_vol_m6_n3_pairwise1,2022-03-31,Ctrl_log_fund_size,1.0561015080541147,332,ok,
FAC_rank_vol_m6_n3_pairwise1,2022-03-31,Ctrl_fund_age,1.0720200206443962,332,ok,
FAC_rank_vol_m6_n3_pairwise1,2022-04-29,FAC_rank_vol_m6_n3_pairwise1,1.0782934961997783,358,ok,
FAC_rank_vol_m6_n3_pairwise1,2022-04-29,CtrlRetSTR,1.4392063572565086,358,ok,
FAC_rank_vol_m6_n3_pairwise1,2022-04-29,CtrlRetLTM,1.3492016011813717,358,ok,
FAC_rank_vol_m6_n3_pairwise1,2022-04-29,CtrlVol,1.222599235936334,358,ok,
FAC_rank_vol_m6_n3_pairwise1,2022-04-29,as_偏股混合型基金,1.0721408802444863,358,ok,
FAC_rank_vol_m6_n3_pairwise1,2022-04-29,Ctrl_log_fund_size,1.0922908953699546,358,ok,
FAC_rank_vol_m6_n3_pairwise1,2022-04-29,Ctrl_fund_age,1.095446019743466,358,ok,
FAC_rank_vol_m6_n3_pairwise1,2022-05-31,FAC_rank_vol_m6_n3_pairwise1,1.234307105792956,378,ok,
FAC_rank_vol_m6_n3_pairwise1,2022-05-31,CtrlRetSTR,1.2912666421888552,378,ok,
FAC_rank_vol_m6_n3_pairwise1,2022-05-31,CtrlRetLTM,1.1410989350255234,378,ok,
FAC_rank_vol_m6_n3_pairwise1,2022-05-31,CtrlVol,1.542955739538793,378,ok,
FAC_rank_vol_m6_n3_pairwise1,2022-05-31,as_偏股混合型基金,1.0557939714601792,378,ok,
FAC_rank_vol_m6_n3_pairwise1,2022-05-31,Ctrl_log_fund_size,1.0780035506037848,378,ok,
FAC_rank_vol_m6_n3_pairwise1,2022-05-31,Ctrl_fund_age,1.0772324063073326,378,ok,
FAC_rank_vol_m6_n3_pairwise1,2022-06-30,FAC_rank_vol_m6_n3_pairwise1,1.1620781070507755,386,ok,
FAC_rank_vol_m6_n3_pairwise1,2022-06-30,CtrlRetSTR,1.6900381596940086,386,ok,
FAC_rank_vol_m6_n3_pairwise1,2022-06-30,CtrlRetLTM,1.3441745381290906,386,ok,
FAC_rank_vol_m6_n3_pairwise1,2022-06-30,CtrlVol,1.6356068627631095,386,ok,
FAC_rank_vol_m6_n3_pairwise1,2022-06-30,as_偏股混合型基金,1.0533684934145882,386,ok,
FAC_rank_vol_m6_n3_pairwise1,2022-06-30,Ctrl_log_fund_size,1.0645764056545084,386,ok,
FAC_rank_vol_m6_n3_pairwise1,2022-06-30,Ctrl_fund_age,1.05545577829466,386,ok,
FAC_rank_vol_m6_n6_pairwise1,2005-07-29,FAC_rank_vol_m6_n6_pairwise1,,0,skipped,完整变量样本数小于 min_cross_section_n
FAC_rank_vol_m6_n6_pairwise1,2005-07-29,CtrlRetSTR,,0,skipped,完整变量样本数小于 min_cross_section_n
FAC_rank_vol_m6_n6_pairwise1,2005-07-29,CtrlRetLTM,,0,skipped,完整变量样本数小于 min_cross_section_n
FAC_rank_vol_m6_n6_pairwise1,2005-07-29,CtrlVol,,0,skipped,完整变量样本数小于 min_cross_section_n
FAC_rank_vol_m6_n6_pairwise1,2005-07-29,as_偏股混合型基金,,0,skipped,完整变量样本数小于 min_cross_section_n
FAC_rank_vol_m6_n6_pairwise1,2005-07-29,Ctrl_log_fund_size,,0,skipped,完整变量样本数小于 min_cross_section_n
FAC_rank_vol_m6_n6_pairwise1,2005-07-29,Ctrl_fund_age,,0,skipped,完整变量样本数小于 min_cross_section_n
FAC_rank_vol_m6_n6_pairwise1,2005-08-31,FAC_rank_vol_m6_n6_pairwise1,,0,skipped,完整变量样本数小于 min_cross_section_n
FAC_rank_vol_m6_n6_pairwise1,2005-08-31,CtrlRetSTR,,0,skipped,完整变量样本数小于 min_cross_section_n
FAC_rank_vol_m6_n6_pairwise1,2005-08-31,CtrlRetLTM,,0,skipped,完整变量样本数小于 min_cross_section_n
FAC_rank_vol_m6_n6_pairwise1,2005-08-31,CtrlVol,,0,skipped,完整变量样本数小于 min_cross_section_n
FAC_rank_vol_m6_n6_pairwise1,2005-08-31,as_偏股混合型基金,,0,skipped,完整变量样本数小于 min_cross_section_n
FAC_rank_vol_m6_n6_pairwise1,2005-08-31,Ctrl_log_fund_size,,0,skipped,完整变量样本数小于 min_cross_section_n
FAC_rank_vol_m6_n6_pairwise1,2005-08-31,Ctrl_fund_age,,0,skipped,完整变量样本数小于 min_cross_section_n
FAC_rank_vol_m6_n6_pairwise1,2005-09-30,FAC_rank_vol_m6_n6_pairwise1,,1,skipped,完整变量样本数小于 min_cross_section_n
FAC_rank_vol_m6_n6_pairwise1,2005-09-30,CtrlRetSTR,,1,skipped,完整变量样本数小于 min_cross_section_n
FAC_rank_vol_m6_n6_pairwise1,2005-09-30,CtrlRetLTM,,1,skipped,完整变量样本数小于 min_cross_section_n
FAC_rank_vol_m6_n6_pairwise1,2005-09-30,CtrlVol,,1,skipped,完整变量样本数小于 min_cross_section_n
FAC_rank_vol_m6_n6_pairwise1,2005-09-30,as_偏股混合型基金,,1,skipped,完整变量样本数小于 min_cross_section_n
FAC_rank_vol_m6_n6_pairwise1,2005-09-30,Ctrl_log_fund_size,,1,skipped,完整变量样本数小于 min_cross_section_n
FAC_rank_vol_m6_n6_pairwise1,2005-09-30,Ctrl_fund_age,,1,skipped,完整变量样本数小于 min_cross_section_n
FAC_rank_vol_m6_n6_pairwise1,2005-10-31,FAC_rank_vol_m6_n6_pairwise1,,1,skipped,完整变量样本数小于 min_cross_section_n
FAC_rank_vol_m6_n6_pairwise1,2005-10-31,CtrlRetSTR,,1,skipped,完整变量样本数小于 min_cross_section_n
FAC_rank_vol_m6_n6_pairwise1,2005-10-31,CtrlRetLTM,,1,skipped,完整变量样本数小于 min_cross_section_n
FAC_rank_vol_m6_n6_pairwise1,2005-10-31,CtrlVol,,1,skipped,完整变量样本数小于 min_cross_section_n
FAC_rank_vol_m6_n6_pairwise1,2005-10-31,as_偏股混合型基金,,1,skipped,完整变量样本数小于 min_cross_section_n
FAC_rank_vol_m6_n6_pairwise1,2005-10-31,Ctrl_log_fund_size,,1,skipped,完整变量样本数小于 min_cross_section_n
FAC_rank_vol_m6_n6_pairwise1,2005-10-31,Ctrl_fund_age,,1,skipped,完整变量样本数小于 min_cross_section_n
FAC_rank_vol_m6_n6_pairwise1,2005-11-30,FAC_rank_vol_m6_n6_pairwise1,,1,skipped,完整变量样本数小于 min_cross_section_n
FAC_rank_vol_m6_n6_pairwise1,2005-11-30,CtrlRetSTR,,1,skipped,完整变量样本数小于 min_cross_section_n
FAC_rank_vol_m6_n6_pairwise1,2005-11-30,CtrlRetLTM,,1,skipped,完整变量样本数小于 min_cross_section_n
FAC_rank_vol_m6_n6_pairwise1,2005-11-30,CtrlVol,,1,skipped,完整变量样本数小于 min_cross_section_n
FAC_rank_vol_m6_n6_pairwise1,2005-11-30,as_偏股混合型基金,,1,skipped,完整变量样本数小于 min_cross_section_n
FAC_rank_vol_m6_n6_pairwise1,2005-11-30,Ctrl_log_fund_size,,1,skipped,完整变量样本数小于 min_cross_section_n
FAC_rank_vol_m6_n6_pairwise1,2005-11-30,Ctrl_fund_age,,1,skipped,完整变量样本数小于 min_cross_section_n
FAC_rank_vol_m6_n6_pairwise1,2005-12-30,FAC_rank_vol_m6_n6_pairwise1,,1,skipped,完整变量样本数小于 min_cross_section_n
FAC_rank_vol_m6_n6_pairwise1,2005-12-30,CtrlRetSTR,,1,skipped,完整变量样本数小于 min_cross_section_n
FAC_rank_vol_m6_n6_pairwise1,2005-12-30,CtrlRetLTM,,1,skipped,完整变量样本数小于 min_cross_section_n
FAC_rank_vol_m6_n6_pairwise1,2005-12-30,CtrlVol,,1,skipped,完整变量样本数小于 min_cross_section_n
FAC_rank_vol_m6_n6_pairwise1,2005-12-30,as_偏股混合型基金,,1,skipped,完整变量样本数小于 min_cross_section_n
FAC_rank_vol_m6_n6_pairwise1,2005-12-30,Ctrl_log_fund_size,,1,skipped,完整变量样本数小于 min_cross_section_n
FAC_rank_vol_m6_n6_pairwise1,2005-12-30,Ctrl_fund_age,,1,skipped,完整变量样本数小于 min_cross_section_n
FAC_rank_vol_m6_n6_pairwise1,2006-01-25,FAC_rank_vol_m6_n6_pairwise1,,1,skipped,完整变量样本数小于 min_cross_section_n
FAC_rank_vol_m6_n6_pairwise1,2006-01-25,CtrlRetSTR,,1,skipped,完整变量样本数小于 min_cross_section_n
FAC_rank_vol_m6_n6_pairwise1,2006-01-25,CtrlRetLTM,,1,skipped,完整变量样本数小于 min_cross_section_n
FAC_rank_vol_m6_n6_pairwise1,2006-01-25,CtrlVol,,1,skipped,完整变量样本数小于 min_cross_section_n
FAC_rank_vol_m6_n6_pairwise1,2006-01-25,as_偏股混合型基金,,1,skipped,完整变量样本数小于 min_cross_section_n
FAC_rank_vol_m6_n6_pairwise1,2006-01-25,Ctrl_log_fund_size,,1,skipped,完整变量样本数小于 min_cross_section_n
FAC_rank_vol_m6_n6_pairwise1,2006-01-25,Ctrl_fund_age,,1,skipped,完整变量样本数小于 min_cross_section_n
FAC_rank_vol_m6_n6_pairwise1,2006-02-28,FAC_rank_vol_m6_n6_pairwise1,,1,skipped,完整变量样本数小于 min_cross_section_n
FAC_rank_vol_m6_n6_pairwise1,2006-02-28,CtrlRetSTR,,1,skipped,完整变量样本数小于 min_cross_section_n
FAC_rank_vol_m6_n6_pairwise1,2006-02-28,CtrlRetLTM,,1,skipped,完整变量样本数小于 min_cross_section_n
FAC_rank_vol_m6_n6_pairwise1,2006-02-28,CtrlVol,,1,skipped,完整变量样本数小于 min_cross_section_n
FAC_rank_vol_m6_n6_pairwise1,2006-02-28,as_偏股混合型基金,,1,skipped,完整变量样本数小于 min_cross_section_n
FAC_rank_vol_m6_n6_pairwise1,2006-02-28,Ctrl_log_fund_size,,1,skipped,完整变量样本数小于 min_cross_section_n
FAC_rank_vol_m6_n6_pairwise1,2006-02-28,Ctrl_fund_age,,1,skipped,完整变量样本数小于 min_cross_section_n
FAC_rank_vol_m6_n6_pairwise1,2006-03-31,FAC_rank_vol_m6_n6_pairwise1,,1,skipped,完整变量样本数小于 min_cross_section_n
FAC_rank_vol_m6_n6_pairwise1,2006-03-31,CtrlRetSTR,,1,skipped,完整变量样本数小于 min_cross_section_n
FAC_rank_vol_m6_n6_pairwise1,2006-03-31,CtrlRetLTM,,1,skipped,完整变量样本数小于 min_cross_section_n
FAC_rank_vol_m6_n6_pairwise1,2006-03-31,CtrlVol,,1,skipped,完整变量样本数小于 min_cross_section_n
FAC_rank_vol_m6_n6_pairwise1,2006-03-31,as_偏股混合型基金,,1,skipped,完整变量样本数小于 min_cross_section_n
FAC_rank_vol_m6_n6_pairwise1,2006-03-31,Ctrl_log_fund_size,,1,skipped,完整变量样本数小于 min_cross_section_n
FAC_rank_vol_m6_n6_pairwise1,2006-03-31,Ctrl_fund_age,,1,skipped,完整变量样本数小于 min_cross_section_n
FAC_rank_vol_m6_n6_pairwise1,2006-04-28,FAC_rank_vol_m6_n6_pairwise1,,1,skipped,完整变量样本数小于 min_cross_section_n
FAC_rank_vol_m6_n6_pairwise1,2006-04-28,CtrlRetSTR,,1,skipped,完整变量样本数小于 min_cross_section_n
FAC_rank_vol_m6_n6_pairwise1,2006-04-28,CtrlRetLTM,,1,skipped,完整变量样本数小于 min_cross_section_n
FAC_rank_vol_m6_n6_pairwise1,2006-04-28,CtrlVol,,1,skipped,完整变量样本数小于 min_cross_section_n
FAC_rank_vol_m6_n6_pairwise1,2006-04-28,as_偏股混合型基金,,1,skipped,完整变量样本数小于 min_cross_section_n
FAC_rank_vol_m6_n6_pairwise1,2006-04-28,Ctrl_log_fund_size,,1,skipped,完整变量样本数小于 min_cross_section_n
FAC_rank_vol_m6_n6_pairwise1,2006-04-28,Ctrl_fund_age,,1,skipped,完整变量样本数小于 min_cross_section_n
FAC_rank_vol_m6_n6_pairwise1,2006-05-31,FAC_rank_vol_m6_n6_pairwise1,,1,skipped,完整变量样本数小于 min_cross_section_n
FAC_rank_vol_m6_n6_pairwise1,2006-05-31,CtrlRetSTR,,1,skipped,完整变量样本数小于 min_cross_section_n
FAC_rank_vol_m6_n6_pairwise1,2006-05-31,CtrlRetLTM,,1,skipped,完整变量样本数小于 min_cross_section_n
FAC_rank_vol_m6_n6_pairwise1,2006-05-31,CtrlVol,,1,skipped,完整变量样本数小于 min_cross_section_n
FAC_rank_vol_m6_n6_pairwise1,2006-05-31,as_偏股混合型基金,,1,skipped,完整变量样本数小于 min_cross_section_n
FAC_rank_vol_m6_n6_pairwise1,2006-05-31,Ctrl_log_fund_size,,1,skipped,完整变量样本数小于 min_cross_section_n
FAC_rank_vol_m6_n6_pairwise1,2006-05-31,Ctrl_fund_age,,1,skipped,完整变量样本数小于 min_cross_section_n
FAC_rank_vol_m6_n6_pairwise1,2006-06-30,FAC_rank_vol_m6_n6_pairwise1,,2,skipped,完整变量样本数小于 min_cross_section_n
FAC_rank_vol_m6_n6_pairwise1,2006-06-30,CtrlRetSTR,,2,skipped,完整变量样本数小于 min_cross_section_n
FAC_rank_vol_m6_n6_pairwise1,2006-06-30,CtrlRetLTM,,2,skipped,完整变量样本数小于 min_cross_section_n
FAC_rank_vol_m6_n6_pairwise1,2006-06-30,CtrlVol,,2,skipped,完整变量样本数小于 min_cross_section_n
FAC_rank_vol_m6_n6_pairwise1,2006-06-30,as_偏股混合型基金,,2,skipped,完整变量样本数小于 min_cross_section_n
FAC_rank_vol_m6_n6_pairwise1,2006-06-30,Ctrl_log_fund_size,,2,skipped,完整变量样本数小于 min_cross_section_n
FAC_rank_vol_m6_n6_pairwise1,2006-06-30,Ctrl_fund_age,,2,skipped,完整变量样本数小于 min_cross_section_n
FAC_rank_vol_m6_n6_pairwise1,2006-07-31,FAC_rank_vol_m6_n6_pairwise1,,3,skipped,完整变量样本数小于 min_cross_section_n
FAC_rank_vol_m6_n6_pairwise1,2006-07-31,CtrlRetSTR,,3,skipped,完整变量样本数小于 min_cross_section_n
FAC_rank_vol_m6_n6_pairwise1,2006-07-31,CtrlRetLTM,,3,skipped,完整变量样本数小于 min_cross_section_n
FAC_rank_vol_m6_n6_pairwise1,2006-07-31,CtrlVol,,3,skipped,完整变量样本数小于 min_cross_section_n
FAC_rank_vol_m6_n6_pairwise1,2006-07-31,as_偏股混合型基金,,3,skipped,完整变量样本数小于 min_cross_section_n
FAC_rank_vol_m6_n6_pairwise1,2006-07-31,Ctrl_log_fund_size,,3,skipped,完整变量样本数小于 min_cross_section_n
FAC_rank_vol_m6_n6_pairwise1,2006-07-31,Ctrl_fund_age,,3,skipped,完整变量样本数小于 min_cross_section_n
FAC_rank_vol_m6_n6_pairwise1,2006-08-31,FAC_rank_vol_m6_n6_pairwise1,,3,skipped,完整变量样本数小于 min_cross_section_n
FAC_rank_vol_m6_n6_pairwise1,2006-08-31,CtrlRetSTR,,3,skipped,完整变量样本数小于 min_cross_section_n
FAC_rank_vol_m6_n6_pairwise1,2006-08-31,CtrlRetLTM,,3,skipped,完整变量样本数小于 min_cross_section_n
FAC_rank_vol_m6_n6_pairwise1,2006-08-31,CtrlVol,,3,skipped,完整变量样本数小于 min_cross_section_n
FAC_rank_vol_m6_n6_pairwise1,2006-08-31,as_偏股混合型基金,,3,skipped,完整变量样本数小于 min_cross_section_n
FAC_rank_vol_m6_n6_pairwise1,2006-08-31,Ctrl_log_fund_size,,3,skipped,完整变量样本数小于 min_cross_section_n
FAC_rank_vol_m6_n6_pairwise1,2006-08-31,Ctrl_fund_age,,3,skipped,完整变量样本数小于 min_cross_section_n
FAC_rank_vol_m6_n6_pairwise1,2006-09-29,FAC_rank_vol_m6_n6_pairwise1,,3,skipped,完整变量样本数小于 min_cross_section_n
FAC_rank_vol_m6_n6_pairwise1,2006-09-29,CtrlRetSTR,,3,skipped,完整变量样本数小于 min_cross_section_n
FAC_rank_vol_m6_n6_pairwise1,2006-09-29,CtrlRetLTM,,3,skipped,完整变量样本数小于 min_cross_section_n
FAC_rank_vol_m6_n6_pairwise1,2006-09-29,CtrlVol,,3,skipped,完整变量样本数小于 min_cross_section_n
FAC_rank_vol_m6_n6_pairwise1,2006-09-29,as_偏股混合型基金,,3,skipped,完整变量样本数小于 min_cross_section_n
FAC_rank_vol_m6_n6_pairwise1,2006-09-29,Ctrl_log_fund_size,,3,skipped,完整变量样本数小于 min_cross_section_n
FAC_rank_vol_m6_n6_pairwise1,2006-09-29,Ctrl_fund_age,,3,skipped,完整变量样本数小于 min_cross_section_n
FAC_rank_vol_m6_n6_pairwise1,2006-10-31,FAC_rank_vol_m6_n6_pairwise1,,3,skipped,完整变量样本数小于 min_cross_section_n
FAC_rank_vol_m6_n6_pairwise1,2006-10-31,CtrlRetSTR,,3,skipped,完整变量样本数小于 min_cross_section_n
FAC_rank_vol_m6_n6_pairwise1,2006-10-31,CtrlRetLTM,,3,skipped,完整变量样本数小于 min_cross_section_n
FAC_rank_vol_m6_n6_pairwise1,2006-10-31,CtrlVol,,3,skipped,完整变量样本数小于 min_cross_section_n
FAC_rank_vol_m6_n6_pairwise1,2006-10-31,as_偏股混合型基金,,3,skipped,完整变量样本数小于 min_cross_section_n
FAC_rank_vol_m6_n6_pairwise1,2006-10-31,Ctrl_log_fund_size,,3,skipped,完整变量样本数小于 min_cross_section_n
FAC_rank_vol_m6_n6_pairwise1,2006-10-31,Ctrl_fund_age,,3,skipped,完整变量样本数小于 min_cross_section_n
FAC_rank_vol_m6_n6_pairwise1,2006-11-30,FAC_rank_vol_m6_n6_pairwise1,,2,skipped,完整变量样本数小于 min_cross_section_n
FAC_rank_vol_m6_n6_pairwise1,2006-11-30,CtrlRetSTR,,2,skipped,完整变量样本数小于 min_cross_section_n
FAC_rank_vol_m6_n6_pairwise1,2006-11-30,CtrlRetLTM,,2,skipped,完整变量样本数小于 min_cross_section_n
FAC_rank_vol_m6_n6_pairwise1,2006-11-30,CtrlVol,,2,skipped,完整变量样本数小于 min_cross_section_n
FAC_rank_vol_m6_n6_pairwise1,2006-11-30,as_偏股混合型基金,,2,skipped,完整变量样本数小于 min_cross_section_n
FAC_rank_vol_m6_n6_pairwise1,2006-11-30,Ctrl_log_fund_size,,2,skipped,完整变量样本数小于 min_cross_section_n
FAC_rank_vol_m6_n6_pairwise1,2006-11-30,Ctrl_fund_age,,2,skipped,完整变量样本数小于 min_cross_section_n
FAC_rank_vol_m6_n6_pairwise1,2006-12-29,FAC_rank_vol_m6_n6_pairwise1,,3,skipped,完整变量样本数小于 min_cross_section_n
FAC_rank_vol_m6_n6_pairwise1,2006-12-29,CtrlRetSTR,,3,skipped,完整变量样本数小于 min_cross_section_n
FAC_rank_vol_m6_n6_pairwise1,2006-12-29,CtrlRetLTM,,3,skipped,完整变量样本数小于 min_cross_section_n
FAC_rank_vol_m6_n6_pairwise1,2006-12-29,CtrlVol,,3,skipped,完整变量样本数小于 min_cross_section_n
FAC_rank_vol_m6_n6_pairwise1,2006-12-29,as_偏股混合型基金,,3,skipped,完整变量样本数小于 min_cross_section_n
FAC_rank_vol_m6_n6_pairwise1,2006-12-29,Ctrl_log_fund_size,,3,skipped,完整变量样本数小于 min_cross_section_n
FAC_rank_vol_m6_n6_pairwise1,2006-12-29,Ctrl_fund_age,,3,skipped,完整变量样本数小于 min_cross_section_n
FAC_rank_vol_m6_n6_pairwise1,2007-01-31,FAC_rank_vol_m6_n6_pairwise1,,3,skipped,完整变量样本数小于 min_cross_section_n
FAC_rank_vol_m6_n6_pairwise1,2007-01-31,CtrlRetSTR,,3,skipped,完整变量样本数小于 min_cross_section_n
FAC_rank_vol_m6_n6_pairwise1,2007-01-31,CtrlRetLTM,,3,skipped,完整变量样本数小于 min_cross_section_n
FAC_rank_vol_m6_n6_pairwise1,2007-01-31,CtrlVol,,3,skipped,完整变量样本数小于 min_cross_section_n
FAC_rank_vol_m6_n6_pairwise1,2007-01-31,as_偏股混合型基金,,3,skipped,完整变量样本数小于 min_cross_section_n
FAC_rank_vol_m6_n6_pairwise1,2007-01-31,Ctrl_log_fund_size,,3,skipped,完整变量样本数小于 min_cross_section_n
FAC_rank_vol_m6_n6_pairwise1,2007-01-31,Ctrl_fund_age,,3,skipped,完整变量样本数小于 min_cross_section_n
FAC_rank_vol_m6_n6_pairwise1,2007-02-28,FAC_rank_vol_m6_n6_pairwise1,,4,skipped,完整变量样本数小于 min_cross_section_n
FAC_rank_vol_m6_n6_pairwise1,2007-02-28,CtrlRetSTR,,4,skipped,完整变量样本数小于 min_cross_section_n
FAC_rank_vol_m6_n6_pairwise1,2007-02-28,CtrlRetLTM,,4,skipped,完整变量样本数小于 min_cross_section_n
FAC_rank_vol_m6_n6_pairwise1,2007-02-28,CtrlVol,,4,skipped,完整变量样本数小于 min_cross_section_n
FAC_rank_vol_m6_n6_pairwise1,2007-02-28,as_偏股混合型基金,,4,skipped,完整变量样本数小于 min_cross_section_n
FAC_rank_vol_m6_n6_pairwise1,2007-02-28,Ctrl_log_fund_size,,4,skipped,完整变量样本数小于 min_cross_section_n
FAC_rank_vol_m6_n6_pairwise1,2007-02-28,Ctrl_fund_age,,4,skipped,完整变量样本数小于 min_cross_section_n
FAC_rank_vol_m6_n6_pairwise1,2007-03-30,FAC_rank_vol_m6_n6_pairwise1,,4,skipped,完整变量样本数小于 min_cross_section_n
FAC_rank_vol_m6_n6_pairwise1,2007-03-30,CtrlRetSTR,,4,skipped,完整变量样本数小于 min_cross_section_n
FAC_rank_vol_m6_n6_pairwise1,2007-03-30,CtrlRetLTM,,4,skipped,完整变量样本数小于 min_cross_section_n
FAC_rank_vol_m6_n6_pairwise1,2007-03-30,CtrlVol,,4,skipped,完整变量样本数小于 min_cross_section_n
FAC_rank_vol_m6_n6_pairwise1,2007-03-30,as_偏股混合型基金,,4,skipped,完整变量样本数小于 min_cross_section_n
FAC_rank_vol_m6_n6_pairwise1,2007-03-30,Ctrl_log_fund_size,,4,skipped,完整变量样本数小于 min_cross_section_n
FAC_rank_vol_m6_n6_pairwise1,2007-03-30,Ctrl_fund_age,,4,skipped,完整变量样本数小于 min_cross_section_n
FAC_rank_vol_m6_n6_pairwise1,2007-04-30,FAC_rank_vol_m6_n6_pairwise1,,3,skipped,完整变量样本数小于 min_cross_section_n
FAC_rank_vol_m6_n6_pairwise1,2007-04-30,CtrlRetSTR,,3,skipped,完整变量样本数小于 min_cross_section_n
FAC_rank_vol_m6_n6_pairwise1,2007-04-30,CtrlRetLTM,,3,skipped,完整变量样本数小于 min_cross_section_n
FAC_rank_vol_m6_n6_pairwise1,2007-04-30,CtrlVol,,3,skipped,完整变量样本数小于 min_cross_section_n
FAC_rank_vol_m6_n6_pairwise1,2007-04-30,as_偏股混合型基金,,3,skipped,完整变量样本数小于 min_cross_section_n
FAC_rank_vol_m6_n6_pairwise1,2007-04-30,Ctrl_log_fund_size,,3,skipped,完整变量样本数小于 min_cross_section_n
FAC_rank_vol_m6_n6_pairwise1,2007-04-30,Ctrl_fund_age,,3,skipped,完整变量样本数小于 min_cross_section_n
FAC_rank_vol_m6_n6_pairwise1,2007-05-31,FAC_rank_vol_m6_n6_pairwise1,,2,skipped,完整变量样本数小于 min_cross_section_n
FAC_rank_vol_m6_n6_pairwise1,2007-05-31,CtrlRetSTR,,2,skipped,完整变量样本数小于 min_cross_section_n
FAC_rank_vol_m6_n6_pairwise1,2007-05-31,CtrlRetLTM,,2,skipped,完整变量样本数小于 min_cross_section_n
FAC_rank_vol_m6_n6_pairwise1,2007-05-31,CtrlVol,,2,skipped,完整变量样本数小于 min_cross_section_n
FAC_rank_vol_m6_n6_pairwise1,2007-05-31,as_偏股混合型基金,,2,skipped,完整变量样本数小于 min_cross_section_n
FAC_rank_vol_m6_n6_pairwise1,2007-05-31,Ctrl_log_fund_size,,2,skipped,完整变量样本数小于 min_cross_section_n
FAC_rank_vol_m6_n6_pairwise1,2007-05-31,Ctrl_fund_age,,2,skipped,完整变量样本数小于 min_cross_section_n
FAC_rank_vol_m6_n6_pairwise1,2007-06-29,FAC_rank_vol_m6_n6_pairwise1,,3,skipped,完整变量样本数小于 min_cross_section_n
FAC_rank_vol_m6_n6_pairwise1,2007-06-29,CtrlRetSTR,,3,skipped,完整变量样本数小于 min_cross_section_n
FAC_rank_vol_m6_n6_pairwise1,2007-06-29,CtrlRetLTM,,3,skipped,完整变量样本数小于 min_cross_section_n
FAC_rank_vol_m6_n6_pairwise1,2007-06-29,CtrlVol,,3,skipped,完整变量样本数小于 min_cross_section_n
FAC_rank_vol_m6_n6_pairwise1,2007-06-29,as_偏股混合型基金,,3,skipped,完整变量样本数小于 min_cross_section_n
FAC_rank_vol_m6_n6_pairwise1,2007-06-29,Ctrl_log_fund_size,,3,skipped,完整变量样本数小于 min_cross_section_n
FAC_rank_vol_m6_n6_pairwise1,2007-06-29,Ctrl_fund_age,,3,skipped,完整变量样本数小于 min_cross_section_n
FAC_rank_vol_m6_n6_pairwise1,2007-07-31,FAC_rank_vol_m6_n6_pairwise1,,3,skipped,完整变量样本数小于 min_cross_section_n
FAC_rank_vol_m6_n6_pairwise1,2007-07-31,CtrlRetSTR,,3,skipped,完整变量样本数小于 min_cross_section_n
FAC_rank_vol_m6_n6_pairwise1,2007-07-31,CtrlRetLTM,,3,skipped,完整变量样本数小于 min_cross_section_n
FAC_rank_vol_m6_n6_pairwise1,2007-07-31,CtrlVol,,3,skipped,完整变量样本数小于 min_cross_section_n
FAC_rank_vol_m6_n6_pairwise1,2007-07-31,as_偏股混合型基金,,3,skipped,完整变量样本数小于 min_cross_section_n
FAC_rank_vol_m6_n6_pairwise1,2007-07-31,Ctrl_log_fund_size,,3,skipped,完整变量样本数小于 min_cross_section_n
FAC_rank_vol_m6_n6_pairwise1,2007-07-31,Ctrl_fund_age,,3,skipped,完整变量样本数小于 min_cross_section_n
FAC_rank_vol_m6_n6_pairwise1,2007-08-31,FAC_rank_vol_m6_n6_pairwise1,,3,skipped,完整变量样本数小于 min_cross_section_n
FAC_rank_vol_m6_n6_pairwise1,2007-08-31,CtrlRetSTR,,3,skipped,完整变量样本数小于 min_cross_section_n
FAC_rank_vol_m6_n6_pairwise1,2007-08-31,CtrlRetLTM,,3,skipped,完整变量样本数小于 min_cross_section_n
FAC_rank_vol_m6_n6_pairwise1,2007-08-31,CtrlVol,,3,skipped,完整变量样本数小于 min_cross_section_n
FAC_rank_vol_m6_n6_pairwise1,2007-08-31,as_偏股混合型基金,,3,skipped,完整变量样本数小于 min_cross_section_n
FAC_rank_vol_m6_n6_pairwise1,2007-08-31,Ctrl_log_fund_size,,3,skipped,完整变量样本数小于 min_cross_section_n
FAC_rank_vol_m6_n6_pairwise1,2007-08-31,Ctrl_fund_age,,3,skipped,完整变量样本数小于 min_cross_section_n
FAC_rank_vol_m6_n6_pairwise1,2007-09-28,FAC_rank_vol_m6_n6_pairwise1,,2,skipped,完整变量样本数小于 min_cross_section_n
FAC_rank_vol_m6_n6_pairwise1,2007-09-28,CtrlRetSTR,,2,skipped,完整变量样本数小于 min_cross_section_n
FAC_rank_vol_m6_n6_pairwise1,2007-09-28,CtrlRetLTM,,2,skipped,完整变量样本数小于 min_cross_section_n
FAC_rank_vol_m6_n6_pairwise1,2007-09-28,CtrlVol,,2,skipped,完整变量样本数小于 min_cross_section_n
FAC_rank_vol_m6_n6_pairwise1,2007-09-28,as_偏股混合型基金,,2,skipped,完整变量样本数小于 min_cross_section_n
FAC_rank_vol_m6_n6_pairwise1,2007-09-28,Ctrl_log_fund_size,,2,skipped,完整变量样本数小于 min_cross_section_n
FAC_rank_vol_m6_n6_pairwise1,2007-09-28,Ctrl_fund_age,,2,skipped,完整变量样本数小于 min_cross_section_n
FAC_rank_vol_m6_n6_pairwise1,2007-10-31,FAC_rank_vol_m6_n6_pairwise1,,4,skipped,完整变量样本数小于 min_cross_section_n
FAC_rank_vol_m6_n6_pairwise1,2007-10-31,CtrlRetSTR,,4,skipped,完整变量样本数小于 min_cross_section_n
FAC_rank_vol_m6_n6_pairwise1,2007-10-31,CtrlRetLTM,,4,skipped,完整变量样本数小于 min_cross_section_n
FAC_rank_vol_m6_n6_pairwise1,2007-10-31,CtrlVol,,4,skipped,完整变量样本数小于 min_cross_section_n
FAC_rank_vol_m6_n6_pairwise1,2007-10-31,as_偏股混合型基金,,4,skipped,完整变量样本数小于 min_cross_section_n
FAC_rank_vol_m6_n6_pairwise1,2007-10-31,Ctrl_log_fund_size,,4,skipped,完整变量样本数小于 min_cross_section_n
FAC_rank_vol_m6_n6_pairwise1,2007-10-31,Ctrl_fund_age,,4,skipped,完整变量样本数小于 min_cross_section_n
FAC_rank_vol_m6_n6_pairwise1,2007-11-30,FAC_rank_vol_m6_n6_pairwise1,,6,skipped,完整变量样本数小于 min_cross_section_n
FAC_rank_vol_m6_n6_pairwise1,2007-11-30,CtrlRetSTR,,6,skipped,完整变量样本数小于 min_cross_section_n
FAC_rank_vol_m6_n6_pairwise1,2007-11-30,CtrlRetLTM,,6,skipped,完整变量样本数小于 min_cross_section_n
FAC_rank_vol_m6_n6_pairwise1,2007-11-30,CtrlVol,,6,skipped,完整变量样本数小于 min_cross_section_n
FAC_rank_vol_m6_n6_pairwise1,2007-11-30,as_偏股混合型基金,,6,skipped,完整变量样本数小于 min_cross_section_n
FAC_rank_vol_m6_n6_pairwise1,2007-11-30,Ctrl_log_fund_size,,6,skipped,完整变量样本数小于 min_cross_section_n
FAC_rank_vol_m6_n6_pairwise1,2007-11-30,Ctrl_fund_age,,6,skipped,完整变量样本数小于 min_cross_section_n
FAC_rank_vol_m6_n6_pairwise1,2007-12-28,FAC_rank_vol_m6_n6_pairwise1,,6,skipped,完整变量样本数小于 min_cross_section_n
FAC_rank_vol_m6_n6_pairwise1,2007-12-28,CtrlRetSTR,,6,skipped,完整变量样本数小于 min_cross_section_n
FAC_rank_vol_m6_n6_pairwise1,2007-12-28,CtrlRetLTM,,6,skipped,完整变量样本数小于 min_cross_section_n
FAC_rank_vol_m6_n6_pairwise1,2007-12-28,CtrlVol,,6,skipped,完整变量样本数小于 min_cross_section_n
FAC_rank_vol_m6_n6_pairwise1,2007-12-28,as_偏股混合型基金,,6,skipped,完整变量样本数小于 min_cross_section_n
FAC_rank_vol_m6_n6_pairwise1,2007-12-28,Ctrl_log_fund_size,,6,skipped,完整变量样本数小于 min_cross_section_n
FAC_rank_vol_m6_n6_pairwise1,2007-12-28,Ctrl_fund_age,,6,skipped,完整变量样本数小于 min_cross_section_n
FAC_rank_vol_m6_n6_pairwise1,2008-01-31,FAC_rank_vol_m6_n6_pairwise1,,5,skipped,完整变量样本数小于 min_cross_section_n
FAC_rank_vol_m6_n6_pairwise1,2008-01-31,CtrlRetSTR,,5,skipped,完整变量样本数小于 min_cross_section_n
FAC_rank_vol_m6_n6_pairwise1,2008-01-31,CtrlRetLTM,,5,skipped,完整变量样本数小于 min_cross_section_n
FAC_rank_vol_m6_n6_pairwise1,2008-01-31,CtrlVol,,5,skipped,完整变量样本数小于 min_cross_section_n
FAC_rank_vol_m6_n6_pairwise1,2008-01-31,as_偏股混合型基金,,5,skipped,完整变量样本数小于 min_cross_section_n
FAC_rank_vol_m6_n6_pairwise1,2008-01-31,Ctrl_log_fund_size,,5,skipped,完整变量样本数小于 min_cross_section_n
FAC_rank_vol_m6_n6_pairwise1,2008-01-31,Ctrl_fund_age,,5,skipped,完整变量样本数小于 min_cross_section_n
FAC_rank_vol_m6_n6_pairwise1,2008-02-29,FAC_rank_vol_m6_n6_pairwise1,,5,skipped,完整变量样本数小于 min_cross_section_n
FAC_rank_vol_m6_n6_pairwise1,2008-02-29,CtrlRetSTR,,5,skipped,完整变量样本数小于 min_cross_section_n
FAC_rank_vol_m6_n6_pairwise1,2008-02-29,CtrlRetLTM,,5,skipped,完整变量样本数小于 min_cross_section_n
FAC_rank_vol_m6_n6_pairwise1,2008-02-29,CtrlVol,,5,skipped,完整变量样本数小于 min_cross_section_n
FAC_rank_vol_m6_n6_pairwise1,2008-02-29,as_偏股混合型基金,,5,skipped,完整变量样本数小于 min_cross_section_n
FAC_rank_vol_m6_n6_pairwise1,2008-02-29,Ctrl_log_fund_size,,5,skipped,完整变量样本数小于 min_cross_section_n
FAC_rank_vol_m6_n6_pairwise1,2008-02-29,Ctrl_fund_age,,5,skipped,完整变量样本数小于 min_cross_section_n
FAC_rank_vol_m6_n6_pairwise1,2008-03-31,FAC_rank_vol_m6_n6_pairwise1,,5,skipped,完整变量样本数小于 min_cross_section_n
FAC_rank_vol_m6_n6_pairwise1,2008-03-31,CtrlRetSTR,,5,skipped,完整变量样本数小于 min_cross_section_n
FAC_rank_vol_m6_n6_pairwise1,2008-03-31,CtrlRetLTM,,5,skipped,完整变量样本数小于 min_cross_section_n
FAC_rank_vol_m6_n6_pairwise1,2008-03-31,CtrlVol,,5,skipped,完整变量样本数小于 min_cross_section_n
FAC_rank_vol_m6_n6_pairwise1,2008-03-31,as_偏股混合型基金,,5,skipped,完整变量样本数小于 min_cross_section_n
FAC_rank_vol_m6_n6_pairwise1,2008-03-31,Ctrl_log_fund_size,,5,skipped,完整变量样本数小于 min_cross_section_n
FAC_rank_vol_m6_n6_pairwise1,2008-03-31,Ctrl_fund_age,,5,skipped,完整变量样本数小于 min_cross_section_n
FAC_rank_vol_m6_n6_pairwise1,2008-04-30,FAC_rank_vol_m6_n6_pairwise1,,5,skipped,完整变量样本数小于 min_cross_section_n
FAC_rank_vol_m6_n6_pairwise1,2008-04-30,CtrlRetSTR,,5,skipped,完整变量样本数小于 min_cross_section_n
FAC_rank_vol_m6_n6_pairwise1,2008-04-30,CtrlRetLTM,,5,skipped,完整变量样本数小于 min_cross_section_n
FAC_rank_vol_m6_n6_pairwise1,2008-04-30,CtrlVol,,5,skipped,完整变量样本数小于 min_cross_section_n
FAC_rank_vol_m6_n6_pairwise1,2008-04-30,as_偏股混合型基金,,5,skipped,完整变量样本数小于 min_cross_section_n
FAC_rank_vol_m6_n6_pairwise1,2008-04-30,Ctrl_log_fund_size,,5,skipped,完整变量样本数小于 min_cross_section_n
FAC_rank_vol_m6_n6_pairwise1,2008-04-30,Ctrl_fund_age,,5,skipped,完整变量样本数小于 min_cross_section_n
FAC_rank_vol_m6_n6_pairwise1,2008-05-30,FAC_rank_vol_m6_n6_pairwise1,,7,skipped,完整变量样本数小于 min_cross_section_n
FAC_rank_vol_m6_n6_pairwise1,2008-05-30,CtrlRetSTR,,7,skipped,完整变量样本数小于 min_cross_section_n
FAC_rank_vol_m6_n6_pairwise1,2008-05-30,CtrlRetLTM,,7,skipped,完整变量样本数小于 min_cross_section_n
FAC_rank_vol_m6_n6_pairwise1,2008-05-30,CtrlVol,,7,skipped,完整变量样本数小于 min_cross_section_n
FAC_rank_vol_m6_n6_pairwise1,2008-05-30,as_偏股混合型基金,,7,skipped,完整变量样本数小于 min_cross_section_n
FAC_rank_vol_m6_n6_pairwise1,2008-05-30,Ctrl_log_fund_size,,7,skipped,完整变量样本数小于 min_cross_section_n
FAC_rank_vol_m6_n6_pairwise1,2008-05-30,Ctrl_fund_age,,7,skipped,完整变量样本数小于 min_cross_section_n
FAC_rank_vol_m6_n6_pairwise1,2008-06-30,FAC_rank_vol_m6_n6_pairwise1,,7,skipped,完整变量样本数小于 min_cross_section_n
FAC_rank_vol_m6_n6_pairwise1,2008-06-30,CtrlRetSTR,,7,skipped,完整变量样本数小于 min_cross_section_n
FAC_rank_vol_m6_n6_pairwise1,2008-06-30,CtrlRetLTM,,7,skipped,完整变量样本数小于 min_cross_section_n
FAC_rank_vol_m6_n6_pairwise1,2008-06-30,CtrlVol,,7,skipped,完整变量样本数小于 min_cross_section_n
FAC_rank_vol_m6_n6_pairwise1,2008-06-30,as_偏股混合型基金,,7,skipped,完整变量样本数小于 min_cross_section_n
FAC_rank_vol_m6_n6_pairwise1,2008-06-30,Ctrl_log_fund_size,,7,skipped,完整变量样本数小于 min_cross_section_n
FAC_rank_vol_m6_n6_pairwise1,2008-06-30,Ctrl_fund_age,,7,skipped,完整变量样本数小于 min_cross_section_n
FAC_rank_vol_m6_n6_pairwise1,2008-07-31,FAC_rank_vol_m6_n6_pairwise1,,7,skipped,完整变量样本数小于 min_cross_section_n
FAC_rank_vol_m6_n6_pairwise1,2008-07-31,CtrlRetSTR,,7,skipped,完整变量样本数小于 min_cross_section_n
FAC_rank_vol_m6_n6_pairwise1,2008-07-31,CtrlRetLTM,,7,skipped,完整变量样本数小于 min_cross_section_n
FAC_rank_vol_m6_n6_pairwise1,2008-07-31,CtrlVol,,7,skipped,完整变量样本数小于 min_cross_section_n
FAC_rank_vol_m6_n6_pairwise1,2008-07-31,as_偏股混合型基金,,7,skipped,完整变量样本数小于 min_cross_section_n
FAC_rank_vol_m6_n6_pairwise1,2008-07-31,Ctrl_log_fund_size,,7,skipped,完整变量样本数小于 min_cross_section_n
FAC_rank_vol_m6_n6_pairwise1,2008-07-31,Ctrl_fund_age,,7,skipped,完整变量样本数小于 min_cross_section_n
FAC_rank_vol_m6_n6_pairwise1,2008-08-29,FAC_rank_vol_m6_n6_pairwise1,,9,skipped,完整变量样本数小于 min_cross_section_n
FAC_rank_vol_m6_n6_pairwise1,2008-08-29,CtrlRetSTR,,9,skipped,完整变量样本数小于 min_cross_section_n
FAC_rank_vol_m6_n6_pairwise1,2008-08-29,CtrlRetLTM,,9,skipped,完整变量样本数小于 min_cross_section_n
FAC_rank_vol_m6_n6_pairwise1,2008-08-29,CtrlVol,,9,skipped,完整变量样本数小于 min_cross_section_n
FAC_rank_vol_m6_n6_pairwise1,2008-08-29,as_偏股混合型基金,,9,skipped,完整变量样本数小于 min_cross_section_n
FAC_rank_vol_m6_n6_pairwise1,2008-08-29,Ctrl_log_fund_size,,9,skipped,完整变量样本数小于 min_cross_section_n
FAC_rank_vol_m6_n6_pairwise1,2008-08-29,Ctrl_fund_age,,9,skipped,完整变量样本数小于 min_cross_section_n
FAC_rank_vol_m6_n6_pairwise1,2008-09-26,FAC_rank_vol_m6_n6_pairwise1,,9,skipped,完整变量样本数小于 min_cross_section_n
FAC_rank_vol_m6_n6_pairwise1,2008-09-26,CtrlRetSTR,,9,skipped,完整变量样本数小于 min_cross_section_n
FAC_rank_vol_m6_n6_pairwise1,2008-09-26,CtrlRetLTM,,9,skipped,完整变量样本数小于 min_cross_section_n
FAC_rank_vol_m6_n6_pairwise1,2008-09-26,CtrlVol,,9,skipped,完整变量样本数小于 min_cross_section_n
FAC_rank_vol_m6_n6_pairwise1,2008-09-26,as_偏股混合型基金,,9,skipped,完整变量样本数小于 min_cross_section_n
FAC_rank_vol_m6_n6_pairwise1,2008-09-26,Ctrl_log_fund_size,,9,skipped,完整变量样本数小于 min_cross_section_n
FAC_rank_vol_m6_n6_pairwise1,2008-09-26,Ctrl_fund_age,,9,skipped,完整变量样本数小于 min_cross_section_n
FAC_rank_vol_m6_n6_pairwise1,2008-10-31,FAC_rank_vol_m6_n6_pairwise1,,12,skipped,完整变量样本数小于 min_cross_section_n
FAC_rank_vol_m6_n6_pairwise1,2008-10-31,CtrlRetSTR,,12,skipped,完整变量样本数小于 min_cross_section_n
FAC_rank_vol_m6_n6_pairwise1,2008-10-31,CtrlRetLTM,,12,skipped,完整变量样本数小于 min_cross_section_n
FAC_rank_vol_m6_n6_pairwise1,2008-10-31,CtrlVol,,12,skipped,完整变量样本数小于 min_cross_section_n
FAC_rank_vol_m6_n6_pairwise1,2008-10-31,as_偏股混合型基金,,12,skipped,完整变量样本数小于 min_cross_section_n
FAC_rank_vol_m6_n6_pairwise1,2008-10-31,Ctrl_log_fund_size,,12,skipped,完整变量样本数小于 min_cross_section_n
FAC_rank_vol_m6_n6_pairwise1,2008-10-31,Ctrl_fund_age,,12,skipped,完整变量样本数小于 min_cross_section_n
FAC_rank_vol_m6_n6_pairwise1,2008-11-28,FAC_rank_vol_m6_n6_pairwise1,,12,skipped,完整变量样本数小于 min_cross_section_n
FAC_rank_vol_m6_n6_pairwise1,2008-11-28,CtrlRetSTR,,12,skipped,完整变量样本数小于 min_cross_section_n
FAC_rank_vol_m6_n6_pairwise1,2008-11-28,CtrlRetLTM,,12,skipped,完整变量样本数小于 min_cross_section_n
FAC_rank_vol_m6_n6_pairwise1,2008-11-28,CtrlVol,,12,skipped,完整变量样本数小于 min_cross_section_n
FAC_rank_vol_m6_n6_pairwise1,2008-11-28,as_偏股混合型基金,,12,skipped,完整变量样本数小于 min_cross_section_n
FAC_rank_vol_m6_n6_pairwise1,2008-11-28,Ctrl_log_fund_size,,12,skipped,完整变量样本数小于 min_cross_section_n
FAC_rank_vol_m6_n6_pairwise1,2008-11-28,Ctrl_fund_age,,12,skipped,完整变量样本数小于 min_cross_section_n
FAC_rank_vol_m6_n6_pairwise1,2008-12-31,FAC_rank_vol_m6_n6_pairwise1,,13,skipped,完整变量样本数小于 min_cross_section_n
FAC_rank_vol_m6_n6_pairwise1,2008-12-31,CtrlRetSTR,,13,skipped,完整变量样本数小于 min_cross_section_n
FAC_rank_vol_m6_n6_pairwise1,2008-12-31,CtrlRetLTM,,13,skipped,完整变量样本数小于 min_cross_section_n
FAC_rank_vol_m6_n6_pairwise1,2008-12-31,CtrlVol,,13,skipped,完整变量样本数小于 min_cross_section_n
FAC_rank_vol_m6_n6_pairwise1,2008-12-31,as_偏股混合型基金,,13,skipped,完整变量样本数小于 min_cross_section_n
FAC_rank_vol_m6_n6_pairwise1,2008-12-31,Ctrl_log_fund_size,,13,skipped,完整变量样本数小于 min_cross_section_n
FAC_rank_vol_m6_n6_pairwise1,2008-12-31,Ctrl_fund_age,,13,skipped,完整变量样本数小于 min_cross_section_n
FAC_rank_vol_m6_n6_pairwise1,2009-01-23,FAC_rank_vol_m6_n6_pairwise1,,13,skipped,完整变量样本数小于 min_cross_section_n
FAC_rank_vol_m6_n6_pairwise1,2009-01-23,CtrlRetSTR,,13,skipped,完整变量样本数小于 min_cross_section_n
FAC_rank_vol_m6_n6_pairwise1,2009-01-23,CtrlRetLTM,,13,skipped,完整变量样本数小于 min_cross_section_n
FAC_rank_vol_m6_n6_pairwise1,2009-01-23,CtrlVol,,13,skipped,完整变量样本数小于 min_cross_section_n
FAC_rank_vol_m6_n6_pairwise1,2009-01-23,as_偏股混合型基金,,13,skipped,完整变量样本数小于 min_cross_section_n
FAC_rank_vol_m6_n6_pairwise1,2009-01-23,Ctrl_log_fund_size,,13,skipped,完整变量样本数小于 min_cross_section_n
FAC_rank_vol_m6_n6_pairwise1,2009-01-23,Ctrl_fund_age,,13,skipped,完整变量样本数小于 min_cross_section_n
FAC_rank_vol_m6_n6_pairwise1,2009-02-27,FAC_rank_vol_m6_n6_pairwise1,,14,skipped,完整变量样本数小于 min_cross_section_n
FAC_rank_vol_m6_n6_pairwise1,2009-02-27,CtrlRetSTR,,14,skipped,完整变量样本数小于 min_cross_section_n
FAC_rank_vol_m6_n6_pairwise1,2009-02-27,CtrlRetLTM,,14,skipped,完整变量样本数小于 min_cross_section_n
FAC_rank_vol_m6_n6_pairwise1,2009-02-27,CtrlVol,,14,skipped,完整变量样本数小于 min_cross_section_n
FAC_rank_vol_m6_n6_pairwise1,2009-02-27,as_偏股混合型基金,,14,skipped,完整变量样本数小于 min_cross_section_n
FAC_rank_vol_m6_n6_pairwise1,2009-02-27,Ctrl_log_fund_size,,14,skipped,完整变量样本数小于 min_cross_section_n
FAC_rank_vol_m6_n6_pairwise1,2009-02-27,Ctrl_fund_age,,14,skipped,完整变量样本数小于 min_cross_section_n
FAC_rank_vol_m6_n6_pairwise1,2009-03-31,FAC_rank_vol_m6_n6_pairwise1,,16,skipped,完整变量样本数小于 min_cross_section_n
FAC_rank_vol_m6_n6_pairwise1,2009-03-31,CtrlRetSTR,,16,skipped,完整变量样本数小于 min_cross_section_n
FAC_rank_vol_m6_n6_pairwise1,2009-03-31,CtrlRetLTM,,16,skipped,完整变量样本数小于 min_cross_section_n
FAC_rank_vol_m6_n6_pairwise1,2009-03-31,CtrlVol,,16,skipped,完整变量样本数小于 min_cross_section_n
FAC_rank_vol_m6_n6_pairwise1,2009-03-31,as_偏股混合型基金,,16,skipped,完整变量样本数小于 min_cross_section_n
FAC_rank_vol_m6_n6_pairwise1,2009-03-31,Ctrl_log_fund_size,,16,skipped,完整变量样本数小于 min_cross_section_n
FAC_rank_vol_m6_n6_pairwise1,2009-03-31,Ctrl_fund_age,,16,skipped,完整变量样本数小于 min_cross_section_n
FAC_rank_vol_m6_n6_pairwise1,2009-04-30,FAC_rank_vol_m6_n6_pairwise1,,16,skipped,完整变量样本数小于 min_cross_section_n
FAC_rank_vol_m6_n6_pairwise1,2009-04-30,CtrlRetSTR,,16,skipped,完整变量样本数小于 min_cross_section_n
FAC_rank_vol_m6_n6_pairwise1,2009-04-30,CtrlRetLTM,,16,skipped,完整变量样本数小于 min_cross_section_n
FAC_rank_vol_m6_n6_pairwise1,2009-04-30,CtrlVol,,16,skipped,完整变量样本数小于 min_cross_section_n
FAC_rank_vol_m6_n6_pairwise1,2009-04-30,as_偏股混合型基金,,16,skipped,完整变量样本数小于 min_cross_section_n
FAC_rank_vol_m6_n6_pairwise1,2009-04-30,Ctrl_log_fund_size,,16,skipped,完整变量样本数小于 min_cross_section_n
FAC_rank_vol_m6_n6_pairwise1,2009-04-30,Ctrl_fund_age,,16,skipped,完整变量样本数小于 min_cross_section_n
FAC_rank_vol_m6_n6_pairwise1,2009-05-27,FAC_rank_vol_m6_n6_pairwise1,,17,skipped,完整变量样本数小于 min_cross_section_n
FAC_rank_vol_m6_n6_pairwise1,2009-05-27,CtrlRetSTR,,17,skipped,完整变量样本数小于 min_cross_section_n
FAC_rank_vol_m6_n6_pairwise1,2009-05-27,CtrlRetLTM,,17,skipped,完整变量样本数小于 min_cross_section_n
FAC_rank_vol_m6_n6_pairwise1,2009-05-27,CtrlVol,,17,skipped,完整变量样本数小于 min_cross_section_n
FAC_rank_vol_m6_n6_pairwise1,2009-05-27,as_偏股混合型基金,,17,skipped,完整变量样本数小于 min_cross_section_n
FAC_rank_vol_m6_n6_pairwise1,2009-05-27,Ctrl_log_fund_size,,17,skipped,完整变量样本数小于 min_cross_section_n
FAC_rank_vol_m6_n6_pairwise1,2009-05-27,Ctrl_fund_age,,17,skipped,完整变量样本数小于 min_cross_section_n
FAC_rank_vol_m6_n6_pairwise1,2009-06-30,FAC_rank_vol_m6_n6_pairwise1,,16,skipped,完整变量样本数小于 min_cross_section_n
FAC_rank_vol_m6_n6_pairwise1,2009-06-30,CtrlRetSTR,,16,skipped,完整变量样本数小于 min_cross_section_n
FAC_rank_vol_m6_n6_pairwise1,2009-06-30,CtrlRetLTM,,16,skipped,完整变量样本数小于 min_cross_section_n
FAC_rank_vol_m6_n6_pairwise1,2009-06-30,CtrlVol,,16,skipped,完整变量样本数小于 min_cross_section_n
FAC_rank_vol_m6_n6_pairwise1,2009-06-30,as_偏股混合型基金,,16,skipped,完整变量样本数小于 min_cross_section_n
FAC_rank_vol_m6_n6_pairwise1,2009-06-30,Ctrl_log_fund_size,,16,skipped,完整变量样本数小于 min_cross_section_n
FAC_rank_vol_m6_n6_pairwise1,2009-06-30,Ctrl_fund_age,,16,skipped,完整变量样本数小于 min_cross_section_n
FAC_rank_vol_m6_n6_pairwise1,2009-07-31,FAC_rank_vol_m6_n6_pairwise1,,17,skipped,完整变量样本数小于 min_cross_section_n
FAC_rank_vol_m6_n6_pairwise1,2009-07-31,CtrlRetSTR,,17,skipped,完整变量样本数小于 min_cross_section_n
FAC_rank_vol_m6_n6_pairwise1,2009-07-31,CtrlRetLTM,,17,skipped,完整变量样本数小于 min_cross_section_n
FAC_rank_vol_m6_n6_pairwise1,2009-07-31,CtrlVol,,17,skipped,完整变量样本数小于 min_cross_section_n
FAC_rank_vol_m6_n6_pairwise1,2009-07-31,as_偏股混合型基金,,17,skipped,完整变量样本数小于 min_cross_section_n
FAC_rank_vol_m6_n6_pairwise1,2009-07-31,Ctrl_log_fund_size,,17,skipped,完整变量样本数小于 min_cross_section_n
FAC_rank_vol_m6_n6_pairwise1,2009-07-31,Ctrl_fund_age,,17,skipped,完整变量样本数小于 min_cross_section_n
FAC_rank_vol_m6_n6_pairwise1,2009-08-31,FAC_rank_vol_m6_n6_pairwise1,,18,skipped,完整变量样本数小于 min_cross_section_n
FAC_rank_vol_m6_n6_pairwise1,2009-08-31,CtrlRetSTR,,18,skipped,完整变量样本数小于 min_cross_section_n
FAC_rank_vol_m6_n6_pairwise1,2009-08-31,CtrlRetLTM,,18,skipped,完整变量样本数小于 min_cross_section_n
FAC_rank_vol_m6_n6_pairwise1,2009-08-31,CtrlVol,,18,skipped,完整变量样本数小于 min_cross_section_n
FAC_rank_vol_m6_n6_pairwise1,2009-08-31,as_偏股混合型基金,,18,skipped,完整变量样本数小于 min_cross_section_n
FAC_rank_vol_m6_n6_pairwise1,2009-08-31,Ctrl_log_fund_size,,18,skipped,完整变量样本数小于 min_cross_section_n
FAC_rank_vol_m6_n6_pairwise1,2009-08-31,Ctrl_fund_age,,18,skipped,完整变量样本数小于 min_cross_section_n
FAC_rank_vol_m6_n6_pairwise1,2009-09-30,FAC_rank_vol_m6_n6_pairwise1,,19,skipped,完整变量样本数小于 min_cross_section_n
FAC_rank_vol_m6_n6_pairwise1,2009-09-30,CtrlRetSTR,,19,skipped,完整变量样本数小于 min_cross_section_n
FAC_rank_vol_m6_n6_pairwise1,2009-09-30,CtrlRetLTM,,19,skipped,完整变量样本数小于 min_cross_section_n
FAC_rank_vol_m6_n6_pairwise1,2009-09-30,CtrlVol,,19,skipped,完整变量样本数小于 min_cross_section_n
FAC_rank_vol_m6_n6_pairwise1,2009-09-30,as_偏股混合型基金,,19,skipped,完整变量样本数小于 min_cross_section_n
FAC_rank_vol_m6_n6_pairwise1,2009-09-30,Ctrl_log_fund_size,,19,skipped,完整变量样本数小于 min_cross_section_n
FAC_rank_vol_m6_n6_pairwise1,2009-09-30,Ctrl_fund_age,,19,skipped,完整变量样本数小于 min_cross_section_n
FAC_rank_vol_m6_n6_pairwise1,2009-10-30,FAC_rank_vol_m6_n6_pairwise1,,20,skipped,完整变量样本数小于 min_cross_section_n
FAC_rank_vol_m6_n6_pairwise1,2009-10-30,CtrlRetSTR,,20,skipped,完整变量样本数小于 min_cross_section_n
FAC_rank_vol_m6_n6_pairwise1,2009-10-30,CtrlRetLTM,,20,skipped,完整变量样本数小于 min_cross_section_n
FAC_rank_vol_m6_n6_pairwise1,2009-10-30,CtrlVol,,20,skipped,完整变量样本数小于 min_cross_section_n
FAC_rank_vol_m6_n6_pairwise1,2009-10-30,as_偏股混合型基金,,20,skipped,完整变量样本数小于 min_cross_section_n
FAC_rank_vol_m6_n6_pairwise1,2009-10-30,Ctrl_log_fund_size,,20,skipped,完整变量样本数小于 min_cross_section_n
FAC_rank_vol_m6_n6_pairwise1,2009-10-30,Ctrl_fund_age,,20,skipped,完整变量样本数小于 min_cross_section_n
FAC_rank_vol_m6_n6_pairwise1,2009-11-30,FAC_rank_vol_m6_n6_pairwise1,,22,skipped,完整变量样本数小于 min_cross_section_n
FAC_rank_vol_m6_n6_pairwise1,2009-11-30,CtrlRetSTR,,22,skipped,完整变量样本数小于 min_cross_section_n
FAC_rank_vol_m6_n6_pairwise1,2009-11-30,CtrlRetLTM,,22,skipped,完整变量样本数小于 min_cross_section_n
FAC_rank_vol_m6_n6_pairwise1,2009-11-30,CtrlVol,,22,skipped,完整变量样本数小于 min_cross_section_n
FAC_rank_vol_m6_n6_pairwise1,2009-11-30,as_偏股混合型基金,,22,skipped,完整变量样本数小于 min_cross_section_n
FAC_rank_vol_m6_n6_pairwise1,2009-11-30,Ctrl_log_fund_size,,22,skipped,完整变量样本数小于 min_cross_section_n
FAC_rank_vol_m6_n6_pairwise1,2009-11-30,Ctrl_fund_age,,22,skipped,完整变量样本数小于 min_cross_section_n
FAC_rank_vol_m6_n6_pairwise1,2009-12-31,FAC_rank_vol_m6_n6_pairwise1,,23,skipped,完整变量样本数小于 min_cross_section_n
FAC_rank_vol_m6_n6_pairwise1,2009-12-31,CtrlRetSTR,,23,skipped,完整变量样本数小于 min_cross_section_n
FAC_rank_vol_m6_n6_pairwise1,2009-12-31,CtrlRetLTM,,23,skipped,完整变量样本数小于 min_cross_section_n
FAC_rank_vol_m6_n6_pairwise1,2009-12-31,CtrlVol,,23,skipped,完整变量样本数小于 min_cross_section_n
FAC_rank_vol_m6_n6_pairwise1,2009-12-31,as_偏股混合型基金,,23,skipped,完整变量样本数小于 min_cross_section_n
FAC_rank_vol_m6_n6_pairwise1,2009-12-31,Ctrl_log_fund_size,,23,skipped,完整变量样本数小于 min_cross_section_n
FAC_rank_vol_m6_n6_pairwise1,2009-12-31,Ctrl_fund_age,,23,skipped,完整变量样本数小于 min_cross_section_n
FAC_rank_vol_m6_n6_pairwise1,2010-01-29,FAC_rank_vol_m6_n6_pairwise1,,23,skipped,完整变量样本数小于 min_cross_section_n
FAC_rank_vol_m6_n6_pairwise1,2010-01-29,CtrlRetSTR,,23,skipped,完整变量样本数小于 min_cross_section_n
FAC_rank_vol_m6_n6_pairwise1,2010-01-29,CtrlRetLTM,,23,skipped,完整变量样本数小于 min_cross_section_n
FAC_rank_vol_m6_n6_pairwise1,2010-01-29,CtrlVol,,23,skipped,完整变量样本数小于 min_cross_section_n
FAC_rank_vol_m6_n6_pairwise1,2010-01-29,as_偏股混合型基金,,23,skipped,完整变量样本数小于 min_cross_section_n
FAC_rank_vol_m6_n6_pairwise1,2010-01-29,Ctrl_log_fund_size,,23,skipped,完整变量样本数小于 min_cross_section_n
FAC_rank_vol_m6_n6_pairwise1,2010-01-29,Ctrl_fund_age,,23,skipped,完整变量样本数小于 min_cross_section_n
FAC_rank_vol_m6_n6_pairwise1,2010-02-26,FAC_rank_vol_m6_n6_pairwise1,,24,skipped,完整变量样本数小于 min_cross_section_n
FAC_rank_vol_m6_n6_pairwise1,2010-02-26,CtrlRetSTR,,24,skipped,完整变量样本数小于 min_cross_section_n
FAC_rank_vol_m6_n6_pairwise1,2010-02-26,CtrlRetLTM,,24,skipped,完整变量样本数小于 min_cross_section_n
FAC_rank_vol_m6_n6_pairwise1,2010-02-26,CtrlVol,,24,skipped,完整变量样本数小于 min_cross_section_n
FAC_rank_vol_m6_n6_pairwise1,2010-02-26,as_偏股混合型基金,,24,skipped,完整变量样本数小于 min_cross_section_n
FAC_rank_vol_m6_n6_pairwise1,2010-02-26,Ctrl_log_fund_size,,24,skipped,完整变量样本数小于 min_cross_section_n
FAC_rank_vol_m6_n6_pairwise1,2010-02-26,Ctrl_fund_age,,24,skipped,完整变量样本数小于 min_cross_section_n
FAC_rank_vol_m6_n6_pairwise1,2010-03-31,FAC_rank_vol_m6_n6_pairwise1,,26,skipped,完整变量样本数小于 min_cross_section_n
FAC_rank_vol_m6_n6_pairwise1,2010-03-31,CtrlRetSTR,,26,skipped,完整变量样本数小于 min_cross_section_n
FAC_rank_vol_m6_n6_pairwise1,2010-03-31,CtrlRetLTM,,26,skipped,完整变量样本数小于 min_cross_section_n
FAC_rank_vol_m6_n6_pairwise1,2010-03-31,CtrlVol,,26,skipped,完整变量样本数小于 min_cross_section_n
FAC_rank_vol_m6_n6_pairwise1,2010-03-31,as_偏股混合型基金,,26,skipped,完整变量样本数小于 min_cross_section_n
FAC_rank_vol_m6_n6_pairwise1,2010-03-31,Ctrl_log_fund_size,,26,skipped,完整变量样本数小于 min_cross_section_n
FAC_rank_vol_m6_n6_pairwise1,2010-03-31,Ctrl_fund_age,,26,skipped,完整变量样本数小于 min_cross_section_n
FAC_rank_vol_m6_n6_pairwise1,2010-04-30,FAC_rank_vol_m6_n6_pairwise1,,25,skipped,完整变量样本数小于 min_cross_section_n
FAC_rank_vol_m6_n6_pairwise1,2010-04-30,CtrlRetSTR,,25,skipped,完整变量样本数小于 min_cross_section_n
FAC_rank_vol_m6_n6_pairwise1,2010-04-30,CtrlRetLTM,,25,skipped,完整变量样本数小于 min_cross_section_n
FAC_rank_vol_m6_n6_pairwise1,2010-04-30,CtrlVol,,25,skipped,完整变量样本数小于 min_cross_section_n
FAC_rank_vol_m6_n6_pairwise1,2010-04-30,as_偏股混合型基金,,25,skipped,完整变量样本数小于 min_cross_section_n
FAC_rank_vol_m6_n6_pairwise1,2010-04-30,Ctrl_log_fund_size,,25,skipped,完整变量样本数小于 min_cross_section_n
FAC_rank_vol_m6_n6_pairwise1,2010-04-30,Ctrl_fund_age,,25,skipped,完整变量样本数小于 min_cross_section_n
FAC_rank_vol_m6_n6_pairwise1,2010-05-31,FAC_rank_vol_m6_n6_pairwise1,,25,skipped,完整变量样本数小于 min_cross_section_n
FAC_rank_vol_m6_n6_pairwise1,2010-05-31,CtrlRetSTR,,25,skipped,完整变量样本数小于 min_cross_section_n
FAC_rank_vol_m6_n6_pairwise1,2010-05-31,CtrlRetLTM,,25,skipped,完整变量样本数小于 min_cross_section_n
FAC_rank_vol_m6_n6_pairwise1,2010-05-31,CtrlVol,,25,skipped,完整变量样本数小于 min_cross_section_n
FAC_rank_vol_m6_n6_pairwise1,2010-05-31,as_偏股混合型基金,,25,skipped,完整变量样本数小于 min_cross_section_n
FAC_rank_vol_m6_n6_pairwise1,2010-05-31,Ctrl_log_fund_size,,25,skipped,完整变量样本数小于 min_cross_section_n
FAC_rank_vol_m6_n6_pairwise1,2010-05-31,Ctrl_fund_age,,25,skipped,完整变量样本数小于 min_cross_section_n
FAC_rank_vol_m6_n6_pairwise1,2010-06-30,FAC_rank_vol_m6_n6_pairwise1,,26,skipped,完整变量样本数小于 min_cross_section_n
FAC_rank_vol_m6_n6_pairwise1,2010-06-30,CtrlRetSTR,,26,skipped,完整变量样本数小于 min_cross_section_n
FAC_rank_vol_m6_n6_pairwise1,2010-06-30,CtrlRetLTM,,26,skipped,完整变量样本数小于 min_cross_section_n
FAC_rank_vol_m6_n6_pairwise1,2010-06-30,CtrlVol,,26,skipped,完整变量样本数小于 min_cross_section_n
FAC_rank_vol_m6_n6_pairwise1,2010-06-30,as_偏股混合型基金,,26,skipped,完整变量样本数小于 min_cross_section_n
FAC_rank_vol_m6_n6_pairwise1,2010-06-30,Ctrl_log_fund_size,,26,skipped,完整变量样本数小于 min_cross_section_n
FAC_rank_vol_m6_n6_pairwise1,2010-06-30,Ctrl_fund_age,,26,skipped,完整变量样本数小于 min_cross_section_n
FAC_rank_vol_m6_n6_pairwise1,2010-07-30,FAC_rank_vol_m6_n6_pairwise1,,26,skipped,完整变量样本数小于 min_cross_section_n
FAC_rank_vol_m6_n6_pairwise1,2010-07-30,CtrlRetSTR,,26,skipped,完整变量样本数小于 min_cross_section_n
FAC_rank_vol_m6_n6_pairwise1,2010-07-30,CtrlRetLTM,,26,skipped,完整变量样本数小于 min_cross_section_n
FAC_rank_vol_m6_n6_pairwise1,2010-07-30,CtrlVol,,26,skipped,完整变量样本数小于 min_cross_section_n
FAC_rank_vol_m6_n6_pairwise1,2010-07-30,as_偏股混合型基金,,26,skipped,完整变量样本数小于 min_cross_section_n
FAC_rank_vol_m6_n6_pairwise1,2010-07-30,Ctrl_log_fund_size,,26,skipped,完整变量样本数小于 min_cross_section_n
FAC_rank_vol_m6_n6_pairwise1,2010-07-30,Ctrl_fund_age,,26,skipped,完整变量样本数小于 min_cross_section_n
FAC_rank_vol_m6_n6_pairwise1,2010-08-31,FAC_rank_vol_m6_n6_pairwise1,,25,skipped,完整变量样本数小于 min_cross_section_n
FAC_rank_vol_m6_n6_pairwise1,2010-08-31,CtrlRetSTR,,25,skipped,完整变量样本数小于 min_cross_section_n
FAC_rank_vol_m6_n6_pairwise1,2010-08-31,CtrlRetLTM,,25,skipped,完整变量样本数小于 min_cross_section_n
FAC_rank_vol_m6_n6_pairwise1,2010-08-31,CtrlVol,,25,skipped,完整变量样本数小于 min_cross_section_n
FAC_rank_vol_m6_n6_pairwise1,2010-08-31,as_偏股混合型基金,,25,skipped,完整变量样本数小于 min_cross_section_n
FAC_rank_vol_m6_n6_pairwise1,2010-08-31,Ctrl_log_fund_size,,25,skipped,完整变量样本数小于 min_cross_section_n
FAC_rank_vol_m6_n6_pairwise1,2010-08-31,Ctrl_fund_age,,25,skipped,完整变量样本数小于 min_cross_section_n
FAC_rank_vol_m6_n6_pairwise1,2010-09-30,FAC_rank_vol_m6_n6_pairwise1,,25,skipped,完整变量样本数小于 min_cross_section_n
FAC_rank_vol_m6_n6_pairwise1,2010-09-30,CtrlRetSTR,,25,skipped,完整变量样本数小于 min_cross_section_n
FAC_rank_vol_m6_n6_pairwise1,2010-09-30,CtrlRetLTM,,25,skipped,完整变量样本数小于 min_cross_section_n
FAC_rank_vol_m6_n6_pairwise1,2010-09-30,CtrlVol,,25,skipped,完整变量样本数小于 min_cross_section_n
FAC_rank_vol_m6_n6_pairwise1,2010-09-30,as_偏股混合型基金,,25,skipped,完整变量样本数小于 min_cross_section_n
FAC_rank_vol_m6_n6_pairwise1,2010-09-30,Ctrl_log_fund_size,,25,skipped,完整变量样本数小于 min_cross_section_n
FAC_rank_vol_m6_n6_pairwise1,2010-09-30,Ctrl_fund_age,,25,skipped,完整变量样本数小于 min_cross_section_n
FAC_rank_vol_m6_n6_pairwise1,2010-10-29,FAC_rank_vol_m6_n6_pairwise1,,25,skipped,完整变量样本数小于 min_cross_section_n
FAC_rank_vol_m6_n6_pairwise1,2010-10-29,CtrlRetSTR,,25,skipped,完整变量样本数小于 min_cross_section_n
FAC_rank_vol_m6_n6_pairwise1,2010-10-29,CtrlRetLTM,,25,skipped,完整变量样本数小于 min_cross_section_n
FAC_rank_vol_m6_n6_pairwise1,2010-10-29,CtrlVol,,25,skipped,完整变量样本数小于 min_cross_section_n
FAC_rank_vol_m6_n6_pairwise1,2010-10-29,as_偏股混合型基金,,25,skipped,完整变量样本数小于 min_cross_section_n
FAC_rank_vol_m6_n6_pairwise1,2010-10-29,Ctrl_log_fund_size,,25,skipped,完整变量样本数小于 min_cross_section_n
FAC_rank_vol_m6_n6_pairwise1,2010-10-29,Ctrl_fund_age,,25,skipped,完整变量样本数小于 min_cross_section_n
FAC_rank_vol_m6_n6_pairwise1,2010-11-30,FAC_rank_vol_m6_n6_pairwise1,,25,skipped,完整变量样本数小于 min_cross_section_n
FAC_rank_vol_m6_n6_pairwise1,2010-11-30,CtrlRetSTR,,25,skipped,完整变量样本数小于 min_cross_section_n
FAC_rank_vol_m6_n6_pairwise1,2010-11-30,CtrlRetLTM,,25,skipped,完整变量样本数小于 min_cross_section_n
FAC_rank_vol_m6_n6_pairwise1,2010-11-30,CtrlVol,,25,skipped,完整变量样本数小于 min_cross_section_n
FAC_rank_vol_m6_n6_pairwise1,2010-11-30,as_偏股混合型基金,,25,skipped,完整变量样本数小于 min_cross_section_n
FAC_rank_vol_m6_n6_pairwise1,2010-11-30,Ctrl_log_fund_size,,25,skipped,完整变量样本数小于 min_cross_section_n
FAC_rank_vol_m6_n6_pairwise1,2010-11-30,Ctrl_fund_age,,25,skipped,完整变量样本数小于 min_cross_section_n
FAC_rank_vol_m6_n6_pairwise1,2010-12-31,FAC_rank_vol_m6_n6_pairwise1,,27,skipped,完整变量样本数小于 min_cross_section_n
FAC_rank_vol_m6_n6_pairwise1,2010-12-31,CtrlRetSTR,,27,skipped,完整变量样本数小于 min_cross_section_n
FAC_rank_vol_m6_n6_pairwise1,2010-12-31,CtrlRetLTM,,27,skipped,完整变量样本数小于 min_cross_section_n
FAC_rank_vol_m6_n6_pairwise1,2010-12-31,CtrlVol,,27,skipped,完整变量样本数小于 min_cross_section_n
FAC_rank_vol_m6_n6_pairwise1,2010-12-31,as_偏股混合型基金,,27,skipped,完整变量样本数小于 min_cross_section_n
FAC_rank_vol_m6_n6_pairwise1,2010-12-31,Ctrl_log_fund_size,,27,skipped,完整变量样本数小于 min_cross_section_n
FAC_rank_vol_m6_n6_pairwise1,2010-12-31,Ctrl_fund_age,,27,skipped,完整变量样本数小于 min_cross_section_n
FAC_rank_vol_m6_n6_pairwise1,2011-01-31,FAC_rank_vol_m6_n6_pairwise1,,26,skipped,完整变量样本数小于 min_cross_section_n
FAC_rank_vol_m6_n6_pairwise1,2011-01-31,CtrlRetSTR,,26,skipped,完整变量样本数小于 min_cross_section_n
FAC_rank_vol_m6_n6_pairwise1,2011-01-31,CtrlRetLTM,,26,skipped,完整变量样本数小于 min_cross_section_n
FAC_rank_vol_m6_n6_pairwise1,2011-01-31,CtrlVol,,26,skipped,完整变量样本数小于 min_cross_section_n
FAC_rank_vol_m6_n6_pairwise1,2011-01-31,as_偏股混合型基金,,26,skipped,完整变量样本数小于 min_cross_section_n
FAC_rank_vol_m6_n6_pairwise1,2011-01-31,Ctrl_log_fund_size,,26,skipped,完整变量样本数小于 min_cross_section_n
FAC_rank_vol_m6_n6_pairwise1,2011-01-31,Ctrl_fund_age,,26,skipped,完整变量样本数小于 min_cross_section_n
FAC_rank_vol_m6_n6_pairwise1,2011-02-28,FAC_rank_vol_m6_n6_pairwise1,,26,skipped,完整变量样本数小于 min_cross_section_n
FAC_rank_vol_m6_n6_pairwise1,2011-02-28,CtrlRetSTR,,26,skipped,完整变量样本数小于 min_cross_section_n
FAC_rank_vol_m6_n6_pairwise1,2011-02-28,CtrlRetLTM,,26,skipped,完整变量样本数小于 min_cross_section_n
FAC_rank_vol_m6_n6_pairwise1,2011-02-28,CtrlVol,,26,skipped,完整变量样本数小于 min_cross_section_n
FAC_rank_vol_m6_n6_pairwise1,2011-02-28,as_偏股混合型基金,,26,skipped,完整变量样本数小于 min_cross_section_n
FAC_rank_vol_m6_n6_pairwise1,2011-02-28,Ctrl_log_fund_size,,26,skipped,完整变量样本数小于 min_cross_section_n
FAC_rank_vol_m6_n6_pairwise1,2011-02-28,Ctrl_fund_age,,26,skipped,完整变量样本数小于 min_cross_section_n
FAC_rank_vol_m6_n6_pairwise1,2011-03-31,FAC_rank_vol_m6_n6_pairwise1,,26,skipped,完整变量样本数小于 min_cross_section_n
FAC_rank_vol_m6_n6_pairwise1,2011-03-31,CtrlRetSTR,,26,skipped,完整变量样本数小于 min_cross_section_n
FAC_rank_vol_m6_n6_pairwise1,2011-03-31,CtrlRetLTM,,26,skipped,完整变量样本数小于 min_cross_section_n
FAC_rank_vol_m6_n6_pairwise1,2011-03-31,CtrlVol,,26,skipped,完整变量样本数小于 min_cross_section_n
FAC_rank_vol_m6_n6_pairwise1,2011-03-31,as_偏股混合型基金,,26,skipped,完整变量样本数小于 min_cross_section_n
FAC_rank_vol_m6_n6_pairwise1,2011-03-31,Ctrl_log_fund_size,,26,skipped,完整变量样本数小于 min_cross_section_n
FAC_rank_vol_m6_n6_pairwise1,2011-03-31,Ctrl_fund_age,,26,skipped,完整变量样本数小于 min_cross_section_n
FAC_rank_vol_m6_n6_pairwise1,2011-04-29,FAC_rank_vol_m6_n6_pairwise1,,25,skipped,完整变量样本数小于 min_cross_section_n
FAC_rank_vol_m6_n6_pairwise1,2011-04-29,CtrlRetSTR,,25,skipped,完整变量样本数小于 min_cross_section_n
FAC_rank_vol_m6_n6_pairwise1,2011-04-29,CtrlRetLTM,,25,skipped,完整变量样本数小于 min_cross_section_n
FAC_rank_vol_m6_n6_pairwise1,2011-04-29,CtrlVol,,25,skipped,完整变量样本数小于 min_cross_section_n
FAC_rank_vol_m6_n6_pairwise1,2011-04-29,as_偏股混合型基金,,25,skipped,完整变量样本数小于 min_cross_section_n
FAC_rank_vol_m6_n6_pairwise1,2011-04-29,Ctrl_log_fund_size,,25,skipped,完整变量样本数小于 min_cross_section_n
FAC_rank_vol_m6_n6_pairwise1,2011-04-29,Ctrl_fund_age,,25,skipped,完整变量样本数小于 min_cross_section_n
FAC_rank_vol_m6_n6_pairwise1,2011-05-31,FAC_rank_vol_m6_n6_pairwise1,,27,skipped,完整变量样本数小于 min_cross_section_n
FAC_rank_vol_m6_n6_pairwise1,2011-05-31,CtrlRetSTR,,27,skipped,完整变量样本数小于 min_cross_section_n
FAC_rank_vol_m6_n6_pairwise1,2011-05-31,CtrlRetLTM,,27,skipped,完整变量样本数小于 min_cross_section_n
FAC_rank_vol_m6_n6_pairwise1,2011-05-31,CtrlVol,,27,skipped,完整变量样本数小于 min_cross_section_n
FAC_rank_vol_m6_n6_pairwise1,2011-05-31,as_偏股混合型基金,,27,skipped,完整变量样本数小于 min_cross_section_n
FAC_rank_vol_m6_n6_pairwise1,2011-05-31,Ctrl_log_fund_size,,27,skipped,完整变量样本数小于 min_cross_section_n
FAC_rank_vol_m6_n6_pairwise1,2011-05-31,Ctrl_fund_age,,27,skipped,完整变量样本数小于 min_cross_section_n
FAC_rank_vol_m6_n6_pairwise1,2011-06-30,FAC_rank_vol_m6_n6_pairwise1,,28,skipped,完整变量样本数小于 min_cross_section_n
FAC_rank_vol_m6_n6_pairwise1,2011-06-30,CtrlRetSTR,,28,skipped,完整变量样本数小于 min_cross_section_n
FAC_rank_vol_m6_n6_pairwise1,2011-06-30,CtrlRetLTM,,28,skipped,完整变量样本数小于 min_cross_section_n
FAC_rank_vol_m6_n6_pairwise1,2011-06-30,CtrlVol,,28,skipped,完整变量样本数小于 min_cross_section_n
FAC_rank_vol_m6_n6_pairwise1,2011-06-30,as_偏股混合型基金,,28,skipped,完整变量样本数小于 min_cross_section_n
FAC_rank_vol_m6_n6_pairwise1,2011-06-30,Ctrl_log_fund_size,,28,skipped,完整变量样本数小于 min_cross_section_n
FAC_rank_vol_m6_n6_pairwise1,2011-06-30,Ctrl_fund_age,,28,skipped,完整变量样本数小于 min_cross_section_n
FAC_rank_vol_m6_n6_pairwise1,2011-07-29,FAC_rank_vol_m6_n6_pairwise1,,29,skipped,完整变量样本数小于 min_cross_section_n
FAC_rank_vol_m6_n6_pairwise1,2011-07-29,CtrlRetSTR,,29,skipped,完整变量样本数小于 min_cross_section_n
FAC_rank_vol_m6_n6_pairwise1,2011-07-29,CtrlRetLTM,,29,skipped,完整变量样本数小于 min_cross_section_n
FAC_rank_vol_m6_n6_pairwise1,2011-07-29,CtrlVol,,29,skipped,完整变量样本数小于 min_cross_section_n
FAC_rank_vol_m6_n6_pairwise1,2011-07-29,as_偏股混合型基金,,29,skipped,完整变量样本数小于 min_cross_section_n
FAC_rank_vol_m6_n6_pairwise1,2011-07-29,Ctrl_log_fund_size,,29,skipped,完整变量样本数小于 min_cross_section_n
FAC_rank_vol_m6_n6_pairwise1,2011-07-29,Ctrl_fund_age,,29,skipped,完整变量样本数小于 min_cross_section_n
FAC_rank_vol_m6_n6_pairwise1,2011-08-31,FAC_rank_vol_m6_n6_pairwise1,,31,skipped,完整变量样本数小于 min_cross_section_n
FAC_rank_vol_m6_n6_pairwise1,2011-08-31,CtrlRetSTR,,31,skipped,完整变量样本数小于 min_cross_section_n
FAC_rank_vol_m6_n6_pairwise1,2011-08-31,CtrlRetLTM,,31,skipped,完整变量样本数小于 min_cross_section_n
FAC_rank_vol_m6_n6_pairwise1,2011-08-31,CtrlVol,,31,skipped,完整变量样本数小于 min_cross_section_n
FAC_rank_vol_m6_n6_pairwise1,2011-08-31,as_偏股混合型基金,,31,skipped,完整变量样本数小于 min_cross_section_n
FAC_rank_vol_m6_n6_pairwise1,2011-08-31,Ctrl_log_fund_size,,31,skipped,完整变量样本数小于 min_cross_section_n
FAC_rank_vol_m6_n6_pairwise1,2011-08-31,Ctrl_fund_age,,31,skipped,完整变量样本数小于 min_cross_section_n
FAC_rank_vol_m6_n6_pairwise1,2011-09-30,FAC_rank_vol_m6_n6_pairwise1,,31,skipped,完整变量样本数小于 min_cross_section_n
FAC_rank_vol_m6_n6_pairwise1,2011-09-30,CtrlRetSTR,,31,skipped,完整变量样本数小于 min_cross_section_n
FAC_rank_vol_m6_n6_pairwise1,2011-09-30,CtrlRetLTM,,31,skipped,完整变量样本数小于 min_cross_section_n
FAC_rank_vol_m6_n6_pairwise1,2011-09-30,CtrlVol,,31,skipped,完整变量样本数小于 min_cross_section_n
FAC_rank_vol_m6_n6_pairwise1,2011-09-30,as_偏股混合型基金,,31,skipped,完整变量样本数小于 min_cross_section_n
FAC_rank_vol_m6_n6_pairwise1,2011-09-30,Ctrl_log_fund_size,,31,skipped,完整变量样本数小于 min_cross_section_n
FAC_rank_vol_m6_n6_pairwise1,2011-09-30,Ctrl_fund_age,,31,skipped,完整变量样本数小于 min_cross_section_n
FAC_rank_vol_m6_n6_pairwise1,2011-10-31,FAC_rank_vol_m6_n6_pairwise1,,31,skipped,完整变量样本数小于 min_cross_section_n
FAC_rank_vol_m6_n6_pairwise1,2011-10-31,CtrlRetSTR,,31,skipped,完整变量样本数小于 min_cross_section_n
FAC_rank_vol_m6_n6_pairwise1,2011-10-31,CtrlRetLTM,,31,skipped,完整变量样本数小于 min_cross_section_n
FAC_rank_vol_m6_n6_pairwise1,2011-10-31,CtrlVol,,31,skipped,完整变量样本数小于 min_cross_section_n
FAC_rank_vol_m6_n6_pairwise1,2011-10-31,as_偏股混合型基金,,31,skipped,完整变量样本数小于 min_cross_section_n
FAC_rank_vol_m6_n6_pairwise1,2011-10-31,Ctrl_log_fund_size,,31,skipped,完整变量样本数小于 min_cross_section_n
FAC_rank_vol_m6_n6_pairwise1,2011-10-31,Ctrl_fund_age,,31,skipped,完整变量样本数小于 min_cross_section_n
FAC_rank_vol_m6_n6_pairwise1,2011-11-30,FAC_rank_vol_m6_n6_pairwise1,,34,skipped,完整变量样本数小于 min_cross_section_n
FAC_rank_vol_m6_n6_pairwise1,2011-11-30,CtrlRetSTR,,34,skipped,完整变量样本数小于 min_cross_section_n
FAC_rank_vol_m6_n6_pairwise1,2011-11-30,CtrlRetLTM,,34,skipped,完整变量样本数小于 min_cross_section_n
FAC_rank_vol_m6_n6_pairwise1,2011-11-30,CtrlVol,,34,skipped,完整变量样本数小于 min_cross_section_n
FAC_rank_vol_m6_n6_pairwise1,2011-11-30,as_偏股混合型基金,,34,skipped,完整变量样本数小于 min_cross_section_n
FAC_rank_vol_m6_n6_pairwise1,2011-11-30,Ctrl_log_fund_size,,34,skipped,完整变量样本数小于 min_cross_section_n
FAC_rank_vol_m6_n6_pairwise1,2011-11-30,Ctrl_fund_age,,34,skipped,完整变量样本数小于 min_cross_section_n
FAC_rank_vol_m6_n6_pairwise1,2011-12-30,FAC_rank_vol_m6_n6_pairwise1,,35,skipped,完整变量样本数小于 min_cross_section_n
FAC_rank_vol_m6_n6_pairwise1,2011-12-30,CtrlRetSTR,,35,skipped,完整变量样本数小于 min_cross_section_n
FAC_rank_vol_m6_n6_pairwise1,2011-12-30,CtrlRetLTM,,35,skipped,完整变量样本数小于 min_cross_section_n
FAC_rank_vol_m6_n6_pairwise1,2011-12-30,CtrlVol,,35,skipped,完整变量样本数小于 min_cross_section_n
FAC_rank_vol_m6_n6_pairwise1,2011-12-30,as_偏股混合型基金,,35,skipped,完整变量样本数小于 min_cross_section_n
FAC_rank_vol_m6_n6_pairwise1,2011-12-30,Ctrl_log_fund_size,,35,skipped,完整变量样本数小于 min_cross_section_n
FAC_rank_vol_m6_n6_pairwise1,2011-12-30,Ctrl_fund_age,,35,skipped,完整变量样本数小于 min_cross_section_n
FAC_rank_vol_m6_n6_pairwise1,2012-01-31,FAC_rank_vol_m6_n6_pairwise1,,31,skipped,完整变量样本数小于 min_cross_section_n
FAC_rank_vol_m6_n6_pairwise1,2012-01-31,CtrlRetSTR,,31,skipped,完整变量样本数小于 min_cross_section_n
FAC_rank_vol_m6_n6_pairwise1,2012-01-31,CtrlRetLTM,,31,skipped,完整变量样本数小于 min_cross_section_n
FAC_rank_vol_m6_n6_pairwise1,2012-01-31,CtrlVol,,31,skipped,完整变量样本数小于 min_cross_section_n
FAC_rank_vol_m6_n6_pairwise1,2012-01-31,as_偏股混合型基金,,31,skipped,完整变量样本数小于 min_cross_section_n
FAC_rank_vol_m6_n6_pairwise1,2012-01-31,Ctrl_log_fund_size,,31,skipped,完整变量样本数小于 min_cross_section_n
FAC_rank_vol_m6_n6_pairwise1,2012-01-31,Ctrl_fund_age,,31,skipped,完整变量样本数小于 min_cross_section_n
FAC_rank_vol_m6_n6_pairwise1,2012-02-29,FAC_rank_vol_m6_n6_pairwise1,,32,skipped,完整变量样本数小于 min_cross_section_n
FAC_rank_vol_m6_n6_pairwise1,2012-02-29,CtrlRetSTR,,32,skipped,完整变量样本数小于 min_cross_section_n
FAC_rank_vol_m6_n6_pairwise1,2012-02-29,CtrlRetLTM,,32,skipped,完整变量样本数小于 min_cross_section_n
FAC_rank_vol_m6_n6_pairwise1,2012-02-29,CtrlVol,,32,skipped,完整变量样本数小于 min_cross_section_n
FAC_rank_vol_m6_n6_pairwise1,2012-02-29,as_偏股混合型基金,,32,skipped,完整变量样本数小于 min_cross_section_n
FAC_rank_vol_m6_n6_pairwise1,2012-02-29,Ctrl_log_fund_size,,32,skipped,完整变量样本数小于 min_cross_section_n
FAC_rank_vol_m6_n6_pairwise1,2012-02-29,Ctrl_fund_age,,32,skipped,完整变量样本数小于 min_cross_section_n
FAC_rank_vol_m6_n6_pairwise1,2012-03-30,FAC_rank_vol_m6_n6_pairwise1,,32,skipped,完整变量样本数小于 min_cross_section_n
FAC_rank_vol_m6_n6_pairwise1,2012-03-30,CtrlRetSTR,,32,skipped,完整变量样本数小于 min_cross_section_n
FAC_rank_vol_m6_n6_pairwise1,2012-03-30,CtrlRetLTM,,32,skipped,完整变量样本数小于 min_cross_section_n
FAC_rank_vol_m6_n6_pairwise1,2012-03-30,CtrlVol,,32,skipped,完整变量样本数小于 min_cross_section_n
FAC_rank_vol_m6_n6_pairwise1,2012-03-30,as_偏股混合型基金,,32,skipped,完整变量样本数小于 min_cross_section_n
FAC_rank_vol_m6_n6_pairwise1,2012-03-30,Ctrl_log_fund_size,,32,skipped,完整变量样本数小于 min_cross_section_n
FAC_rank_vol_m6_n6_pairwise1,2012-03-30,Ctrl_fund_age,,32,skipped,完整变量样本数小于 min_cross_section_n
FAC_rank_vol_m6_n6_pairwise1,2012-04-27,FAC_rank_vol_m6_n6_pairwise1,,34,skipped,完整变量样本数小于 min_cross_section_n
FAC_rank_vol_m6_n6_pairwise1,2012-04-27,CtrlRetSTR,,34,skipped,完整变量样本数小于 min_cross_section_n
FAC_rank_vol_m6_n6_pairwise1,2012-04-27,CtrlRetLTM,,34,skipped,完整变量样本数小于 min_cross_section_n
FAC_rank_vol_m6_n6_pairwise1,2012-04-27,CtrlVol,,34,skipped,完整变量样本数小于 min_cross_section_n
FAC_rank_vol_m6_n6_pairwise1,2012-04-27,as_偏股混合型基金,,34,skipped,完整变量样本数小于 min_cross_section_n
FAC_rank_vol_m6_n6_pairwise1,2012-04-27,Ctrl_log_fund_size,,34,skipped,完整变量样本数小于 min_cross_section_n
FAC_rank_vol_m6_n6_pairwise1,2012-04-27,Ctrl_fund_age,,34,skipped,完整变量样本数小于 min_cross_section_n
FAC_rank_vol_m6_n6_pairwise1,2012-05-31,FAC_rank_vol_m6_n6_pairwise1,,37,skipped,完整变量样本数小于 min_cross_section_n
FAC_rank_vol_m6_n6_pairwise1,2012-05-31,CtrlRetSTR,,37,skipped,完整变量样本数小于 min_cross_section_n
FAC_rank_vol_m6_n6_pairwise1,2012-05-31,CtrlRetLTM,,37,skipped,完整变量样本数小于 min_cross_section_n
FAC_rank_vol_m6_n6_pairwise1,2012-05-31,CtrlVol,,37,skipped,完整变量样本数小于 min_cross_section_n
FAC_rank_vol_m6_n6_pairwise1,2012-05-31,as_偏股混合型基金,,37,skipped,完整变量样本数小于 min_cross_section_n
FAC_rank_vol_m6_n6_pairwise1,2012-05-31,Ctrl_log_fund_size,,37,skipped,完整变量样本数小于 min_cross_section_n
FAC_rank_vol_m6_n6_pairwise1,2012-05-31,Ctrl_fund_age,,37,skipped,完整变量样本数小于 min_cross_section_n
FAC_rank_vol_m6_n6_pairwise1,2012-06-29,FAC_rank_vol_m6_n6_pairwise1,,37,skipped,完整变量样本数小于 min_cross_section_n
FAC_rank_vol_m6_n6_pairwise1,2012-06-29,CtrlRetSTR,,37,skipped,完整变量样本数小于 min_cross_section_n
FAC_rank_vol_m6_n6_pairwise1,2012-06-29,CtrlRetLTM,,37,skipped,完整变量样本数小于 min_cross_section_n
FAC_rank_vol_m6_n6_pairwise1,2012-06-29,CtrlVol,,37,skipped,完整变量样本数小于 min_cross_section_n
FAC_rank_vol_m6_n6_pairwise1,2012-06-29,as_偏股混合型基金,,37,skipped,完整变量样本数小于 min_cross_section_n
FAC_rank_vol_m6_n6_pairwise1,2012-06-29,Ctrl_log_fund_size,,37,skipped,完整变量样本数小于 min_cross_section_n
FAC_rank_vol_m6_n6_pairwise1,2012-06-29,Ctrl_fund_age,,37,skipped,完整变量样本数小于 min_cross_section_n
FAC_rank_vol_m6_n6_pairwise1,2012-07-31,FAC_rank_vol_m6_n6_pairwise1,,37,skipped,完整变量样本数小于 min_cross_section_n
FAC_rank_vol_m6_n6_pairwise1,2012-07-31,CtrlRetSTR,,37,skipped,完整变量样本数小于 min_cross_section_n
FAC_rank_vol_m6_n6_pairwise1,2012-07-31,CtrlRetLTM,,37,skipped,完整变量样本数小于 min_cross_section_n
FAC_rank_vol_m6_n6_pairwise1,2012-07-31,CtrlVol,,37,skipped,完整变量样本数小于 min_cross_section_n
FAC_rank_vol_m6_n6_pairwise1,2012-07-31,as_偏股混合型基金,,37,skipped,完整变量样本数小于 min_cross_section_n
FAC_rank_vol_m6_n6_pairwise1,2012-07-31,Ctrl_log_fund_size,,37,skipped,完整变量样本数小于 min_cross_section_n
FAC_rank_vol_m6_n6_pairwise1,2012-07-31,Ctrl_fund_age,,37,skipped,完整变量样本数小于 min_cross_section_n
FAC_rank_vol_m6_n6_pairwise1,2012-08-31,FAC_rank_vol_m6_n6_pairwise1,,39,skipped,完整变量样本数小于 min_cross_section_n
FAC_rank_vol_m6_n6_pairwise1,2012-08-31,CtrlRetSTR,,39,skipped,完整变量样本数小于 min_cross_section_n
FAC_rank_vol_m6_n6_pairwise1,2012-08-31,CtrlRetLTM,,39,skipped,完整变量样本数小于 min_cross_section_n
FAC_rank_vol_m6_n6_pairwise1,2012-08-31,CtrlVol,,39,skipped,完整变量样本数小于 min_cross_section_n
FAC_rank_vol_m6_n6_pairwise1,2012-08-31,as_偏股混合型基金,,39,skipped,完整变量样本数小于 min_cross_section_n
FAC_rank_vol_m6_n6_pairwise1,2012-08-31,Ctrl_log_fund_size,,39,skipped,完整变量样本数小于 min_cross_section_n
FAC_rank_vol_m6_n6_pairwise1,2012-08-31,Ctrl_fund_age,,39,skipped,完整变量样本数小于 min_cross_section_n
FAC_rank_vol_m6_n6_pairwise1,2012-09-28,FAC_rank_vol_m6_n6_pairwise1,,40,skipped,完整变量样本数小于 min_cross_section_n
FAC_rank_vol_m6_n6_pairwise1,2012-09-28,CtrlRetSTR,,40,skipped,完整变量样本数小于 min_cross_section_n
FAC_rank_vol_m6_n6_pairwise1,2012-09-28,CtrlRetLTM,,40,skipped,完整变量样本数小于 min_cross_section_n
FAC_rank_vol_m6_n6_pairwise1,2012-09-28,CtrlVol,,40,skipped,完整变量样本数小于 min_cross_section_n
FAC_rank_vol_m6_n6_pairwise1,2012-09-28,as_偏股混合型基金,,40,skipped,完整变量样本数小于 min_cross_section_n
FAC_rank_vol_m6_n6_pairwise1,2012-09-28,Ctrl_log_fund_size,,40,skipped,完整变量样本数小于 min_cross_section_n
FAC_rank_vol_m6_n6_pairwise1,2012-09-28,Ctrl_fund_age,,40,skipped,完整变量样本数小于 min_cross_section_n
FAC_rank_vol_m6_n6_pairwise1,2012-10-31,FAC_rank_vol_m6_n6_pairwise1,,43,skipped,完整变量样本数小于 min_cross_section_n
FAC_rank_vol_m6_n6_pairwise1,2012-10-31,CtrlRetSTR,,43,skipped,完整变量样本数小于 min_cross_section_n
FAC_rank_vol_m6_n6_pairwise1,2012-10-31,CtrlRetLTM,,43,skipped,完整变量样本数小于 min_cross_section_n
FAC_rank_vol_m6_n6_pairwise1,2012-10-31,CtrlVol,,43,skipped,完整变量样本数小于 min_cross_section_n
FAC_rank_vol_m6_n6_pairwise1,2012-10-31,as_偏股混合型基金,,43,skipped,完整变量样本数小于 min_cross_section_n
FAC_rank_vol_m6_n6_pairwise1,2012-10-31,Ctrl_log_fund_size,,43,skipped,完整变量样本数小于 min_cross_section_n
FAC_rank_vol_m6_n6_pairwise1,2012-10-31,Ctrl_fund_age,,43,skipped,完整变量样本数小于 min_cross_section_n
FAC_rank_vol_m6_n6_pairwise1,2012-11-30,FAC_rank_vol_m6_n6_pairwise1,,45,skipped,完整变量样本数小于 min_cross_section_n
FAC_rank_vol_m6_n6_pairwise1,2012-11-30,CtrlRetSTR,,45,skipped,完整变量样本数小于 min_cross_section_n
FAC_rank_vol_m6_n6_pairwise1,2012-11-30,CtrlRetLTM,,45,skipped,完整变量样本数小于 min_cross_section_n
FAC_rank_vol_m6_n6_pairwise1,2012-11-30,CtrlVol,,45,skipped,完整变量样本数小于 min_cross_section_n
FAC_rank_vol_m6_n6_pairwise1,2012-11-30,as_偏股混合型基金,,45,skipped,完整变量样本数小于 min_cross_section_n
FAC_rank_vol_m6_n6_pairwise1,2012-11-30,Ctrl_log_fund_size,,45,skipped,完整变量样本数小于 min_cross_section_n
FAC_rank_vol_m6_n6_pairwise1,2012-11-30,Ctrl_fund_age,,45,skipped,完整变量样本数小于 min_cross_section_n
FAC_rank_vol_m6_n6_pairwise1,2012-12-31,FAC_rank_vol_m6_n6_pairwise1,,49,skipped,完整变量样本数小于 min_cross_section_n
FAC_rank_vol_m6_n6_pairwise1,2012-12-31,CtrlRetSTR,,49,skipped,完整变量样本数小于 min_cross_section_n
FAC_rank_vol_m6_n6_pairwise1,2012-12-31,CtrlRetLTM,,49,skipped,完整变量样本数小于 min_cross_section_n
FAC_rank_vol_m6_n6_pairwise1,2012-12-31,CtrlVol,,49,skipped,完整变量样本数小于 min_cross_section_n
FAC_rank_vol_m6_n6_pairwise1,2012-12-31,as_偏股混合型基金,,49,skipped,完整变量样本数小于 min_cross_section_n
FAC_rank_vol_m6_n6_pairwise1,2012-12-31,Ctrl_log_fund_size,,49,skipped,完整变量样本数小于 min_cross_section_n
FAC_rank_vol_m6_n6_pairwise1,2012-12-31,Ctrl_fund_age,,49,skipped,完整变量样本数小于 min_cross_section_n
FAC_rank_vol_m6_n6_pairwise1,2013-01-31,FAC_rank_vol_m6_n6_pairwise1,1.584998040592172,52,ok,
FAC_rank_vol_m6_n6_pairwise1,2013-01-31,CtrlRetSTR,1.342370701742929,52,ok,
FAC_rank_vol_m6_n6_pairwise1,2013-01-31,CtrlRetLTM,1.5543923042540435,52,ok,
FAC_rank_vol_m6_n6_pairwise1,2013-01-31,CtrlVol,1.5447317944262602,52,ok,
FAC_rank_vol_m6_n6_pairwise1,2013-01-31,as_偏股混合型基金,1.161468833925109,52,ok,
FAC_rank_vol_m6_n6_pairwise1,2013-01-31,Ctrl_log_fund_size,1.6312202468890251,52,ok,
FAC_rank_vol_m6_n6_pairwise1,2013-01-31,Ctrl_fund_age,1.8639895520356011,52,ok,
FAC_rank_vol_m6_n6_pairwise1,2013-02-28,FAC_rank_vol_m6_n6_pairwise1,1.4574689006654804,53,ok,
FAC_rank_vol_m6_n6_pairwise1,2013-02-28,CtrlRetSTR,1.264876507262112,53,ok,
FAC_rank_vol_m6_n6_pairwise1,2013-02-28,CtrlRetLTM,1.365605854429791,53,ok,
FAC_rank_vol_m6_n6_pairwise1,2013-02-28,CtrlVol,1.0957585724840704,53,ok,
FAC_rank_vol_m6_n6_pairwise1,2013-02-28,as_偏股混合型基金,1.1501909085724342,53,ok,
FAC_rank_vol_m6_n6_pairwise1,2013-02-28,Ctrl_log_fund_size,2.18988561720073,53,ok,
FAC_rank_vol_m6_n6_pairwise1,2013-02-28,Ctrl_fund_age,2.055621584859074,53,ok,
FAC_rank_vol_m6_n6_pairwise1,2013-03-29,FAC_rank_vol_m6_n6_pairwise1,1.620870622365735,54,ok,
FAC_rank_vol_m6_n6_pairwise1,2013-03-29,CtrlRetSTR,1.356336395842762,54,ok,
FAC_rank_vol_m6_n6_pairwise1,2013-03-29,CtrlRetLTM,1.625018850811622,54,ok,
FAC_rank_vol_m6_n6_pairwise1,2013-03-29,CtrlVol,1.1974718068943437,54,ok,
FAC_rank_vol_m6_n6_pairwise1,2013-03-29,as_偏股混合型基金,1.0331001981801862,54,ok,
FAC_rank_vol_m6_n6_pairwise1,2013-03-29,Ctrl_log_fund_size,1.8031685518954343,54,ok,
FAC_rank_vol_m6_n6_pairwise1,2013-03-29,Ctrl_fund_age,1.9794554333429326,54,ok,
FAC_rank_vol_m6_n6_pairwise1,2013-04-26,FAC_rank_vol_m6_n6_pairwise1,1.3700096532356065,55,ok,
FAC_rank_vol_m6_n6_pairwise1,2013-04-26,CtrlRetSTR,1.2470409398266948,55,ok,
FAC_rank_vol_m6_n6_pairwise1,2013-04-26,CtrlRetLTM,1.7403317992595468,55,ok,
FAC_rank_vol_m6_n6_pairwise1,2013-04-26,CtrlVol,1.2105022688567344,55,ok,
FAC_rank_vol_m6_n6_pairwise1,2013-04-26,as_偏股混合型基金,1.093853311767232,55,ok,
FAC_rank_vol_m6_n6_pairwise1,2013-04-26,Ctrl_log_fund_size,1.8971745693144046,55,ok,
FAC_rank_vol_m6_n6_pairwise1,2013-04-26,Ctrl_fund_age,2.4941089003642265,55,ok,
FAC_rank_vol_m6_n6_pairwise1,2013-05-31,FAC_rank_vol_m6_n6_pairwise1,1.452935630441987,54,ok,
FAC_rank_vol_m6_n6_pairwise1,2013-05-31,CtrlRetSTR,1.4095471743659418,54,ok,
FAC_rank_vol_m6_n6_pairwise1,2013-05-31,CtrlRetLTM,2.1851370368344925,54,ok,
FAC_rank_vol_m6_n6_pairwise1,2013-05-31,CtrlVol,1.4267925580802105,54,ok,
FAC_rank_vol_m6_n6_pairwise1,2013-05-31,as_偏股混合型基金,1.0186704932048432,54,ok,
FAC_rank_vol_m6_n6_pairwise1,2013-05-31,Ctrl_log_fund_size,2.1020010954106394,54,ok,
FAC_rank_vol_m6_n6_pairwise1,2013-05-31,Ctrl_fund_age,2.1274386685723425,54,ok,
FAC_rank_vol_m6_n6_pairwise1,2013-06-28,FAC_rank_vol_m6_n6_pairwise1,1.5309452385484248,55,ok,
FAC_rank_vol_m6_n6_pairwise1,2013-06-28,CtrlRetSTR,2.540760205662963,55,ok,
FAC_rank_vol_m6_n6_pairwise1,2013-06-28,CtrlRetLTM,2.4830230964781186,55,ok,
FAC_rank_vol_m6_n6_pairwise1,2013-06-28,CtrlVol,1.8402294624790787,55,ok,
FAC_rank_vol_m6_n6_pairwise1,2013-06-28,as_偏股混合型基金,1.06537370909791,55,ok,
FAC_rank_vol_m6_n6_pairwise1,2013-06-28,Ctrl_log_fund_size,1.7923739562657506,55,ok,
FAC_rank_vol_m6_n6_pairwise1,2013-06-28,Ctrl_fund_age,2.044133998287218,55,ok,
FAC_rank_vol_m6_n6_pairwise1,2013-07-31,FAC_rank_vol_m6_n6_pairwise1,1.587070064287852,55,ok,
FAC_rank_vol_m6_n6_pairwise1,2013-07-31,CtrlRetSTR,1.1190825343462845,55,ok,
FAC_rank_vol_m6_n6_pairwise1,2013-07-31,CtrlRetLTM,1.922109918967463,55,ok,
FAC_rank_vol_m6_n6_pairwise1,2013-07-31,CtrlVol,1.151643224801655,55,ok,
FAC_rank_vol_m6_n6_pairwise1,2013-07-31,as_偏股混合型基金,1.1331572176005007,55,ok,
FAC_rank_vol_m6_n6_pairwise1,2013-07-31,Ctrl_log_fund_size,1.9540380740984569,55,ok,
FAC_rank_vol_m6_n6_pairwise1,2013-07-31,Ctrl_fund_age,1.8870854684761387,55,ok,
FAC_rank_vol_m6_n6_pairwise1,2013-08-30,FAC_rank_vol_m6_n6_pairwise1,2.0877743854688604,56,ok,
FAC_rank_vol_m6_n6_pairwise1,2013-08-30,CtrlRetSTR,1.1817748440374987,56,ok,
FAC_rank_vol_m6_n6_pairwise1,2013-08-30,CtrlRetLTM,2.1145334148030073,56,ok,
FAC_rank_vol_m6_n6_pairwise1,2013-08-30,CtrlVol,1.4232589554392403,56,ok,
FAC_rank_vol_m6_n6_pairwise1,2013-08-30,as_偏股混合型基金,1.1605094807016476,56,ok,
FAC_rank_vol_m6_n6_pairwise1,2013-08-30,Ctrl_log_fund_size,1.8118598105215098,56,ok,
FAC_rank_vol_m6_n6_pairwise1,2013-08-30,Ctrl_fund_age,1.5965894118689286,56,ok,
FAC_rank_vol_m6_n6_pairwise1,2013-09-30,FAC_rank_vol_m6_n6_pairwise1,1.9015551874438565,56,ok,
FAC_rank_vol_m6_n6_pairwise1,2013-09-30,CtrlRetSTR,1.4876093282107268,56,ok,
FAC_rank_vol_m6_n6_pairwise1,2013-09-30,CtrlRetLTM,2.3001929639205394,56,ok,
FAC_rank_vol_m6_n6_pairwise1,2013-09-30,CtrlVol,1.2598867257196562,56,ok,
FAC_rank_vol_m6_n6_pairwise1,2013-09-30,as_偏股混合型基金,1.1779197154830274,56,ok,
FAC_rank_vol_m6_n6_pairwise1,2013-09-30,Ctrl_log_fund_size,1.8242154163098885,56,ok,
FAC_rank_vol_m6_n6_pairwise1,2013-09-30,Ctrl_fund_age,1.7775562052974947,56,ok,
FAC_rank_vol_m6_n6_pairwise1,2013-10-31,FAC_rank_vol_m6_n6_pairwise1,1.3547275733038309,59,ok,
FAC_rank_vol_m6_n6_pairwise1,2013-10-31,CtrlRetSTR,1.3485355365544467,59,ok,
FAC_rank_vol_m6_n6_pairwise1,2013-10-31,CtrlRetLTM,1.7910882187665877,59,ok,
FAC_rank_vol_m6_n6_pairwise1,2013-10-31,CtrlVol,1.1450889168386602,59,ok,
FAC_rank_vol_m6_n6_pairwise1,2013-10-31,as_偏股混合型基金,1.1813893998227207,59,ok,
FAC_rank_vol_m6_n6_pairwise1,2013-10-31,Ctrl_log_fund_size,1.6032203179379894,59,ok,
FAC_rank_vol_m6_n6_pairwise1,2013-10-31,Ctrl_fund_age,1.5025542315463776,59,ok,
FAC_rank_vol_m6_n6_pairwise1,2013-11-29,FAC_rank_vol_m6_n6_pairwise1,1.5482471943738298,61,ok,
FAC_rank_vol_m6_n6_pairwise1,2013-11-29,CtrlRetSTR,1.3413074276712806,61,ok,
FAC_rank_vol_m6_n6_pairwise1,2013-11-29,CtrlRetLTM,2.2709070079920433,61,ok,
FAC_rank_vol_m6_n6_pairwise1,2013-11-29,CtrlVol,1.9352145966135628,61,ok,
FAC_rank_vol_m6_n6_pairwise1,2013-11-29,as_偏股混合型基金,1.0833814550523966,61,ok,
FAC_rank_vol_m6_n6_pairwise1,2013-11-29,Ctrl_log_fund_size,1.6060875662401777,61,ok,
FAC_rank_vol_m6_n6_pairwise1,2013-11-29,Ctrl_fund_age,1.579864056211348,61,ok,
FAC_rank_vol_m6_n6_pairwise1,2013-12-31,FAC_rank_vol_m6_n6_pairwise1,1.319407572817332,62,ok,
FAC_rank_vol_m6_n6_pairwise1,2013-12-31,CtrlRetSTR,1.1952954527292947,62,ok,
FAC_rank_vol_m6_n6_pairwise1,2013-12-31,CtrlRetLTM,1.722168909313651,62,ok,
FAC_rank_vol_m6_n6_pairwise1,2013-12-31,CtrlVol,1.2774272821443506,62,ok,
FAC_rank_vol_m6_n6_pairwise1,2013-12-31,as_偏股混合型基金,1.0857131010732406,62,ok,
FAC_rank_vol_m6_n6_pairwise1,2013-12-31,Ctrl_log_fund_size,1.8591630304289164,62,ok,
FAC_rank_vol_m6_n6_pairwise1,2013-12-31,Ctrl_fund_age,1.5954111972116727,62,ok,
FAC_rank_vol_m6_n6_pairwise1,2014-01-30,FAC_rank_vol_m6_n6_pairwise1,1.4947755524259998,59,ok,
FAC_rank_vol_m6_n6_pairwise1,2014-01-30,CtrlRetSTR,1.3947033552577375,59,ok,
FAC_rank_vol_m6_n6_pairwise1,2014-01-30,CtrlRetLTM,1.9802811449803397,59,ok,
FAC_rank_vol_m6_n6_pairwise1,2014-01-30,CtrlVol,1.5624930436741222,59,ok,
FAC_rank_vol_m6_n6_pairwise1,2014-01-30,as_偏股混合型基金,1.2211863039667945,59,ok,
FAC_rank_vol_m6_n6_pairwise1,2014-01-30,Ctrl_log_fund_size,1.9690591827035526,59,ok,
FAC_rank_vol_m6_n6_pairwise1,2014-01-30,Ctrl_fund_age,1.6177101873729567,59,ok,
FAC_rank_vol_m6_n6_pairwise1,2014-02-28,FAC_rank_vol_m6_n6_pairwise1,1.5335654887286818,60,ok,
FAC_rank_vol_m6_n6_pairwise1,2014-02-28,CtrlRetSTR,1.0863727914336454,60,ok,
FAC_rank_vol_m6_n6_pairwise1,2014-02-28,CtrlRetLTM,2.2222866880798224,60,ok,
FAC_rank_vol_m6_n6_pairwise1,2014-02-28,CtrlVol,1.7774024126680583,60,ok,
FAC_rank_vol_m6_n6_pairwise1,2014-02-28,as_偏股混合型基金,1.1268350764800892,60,ok,
FAC_rank_vol_m6_n6_pairwise1,2014-02-28,Ctrl_log_fund_size,1.7823152160793263,60,ok,
FAC_rank_vol_m6_n6_pairwise1,2014-02-28,Ctrl_fund_age,1.5605634053594575,60,ok,
FAC_rank_vol_m6_n6_pairwise1,2014-03-31,FAC_rank_vol_m6_n6_pairwise1,1.5313742525955714,61,ok,
FAC_rank_vol_m6_n6_pairwise1,2014-03-31,CtrlRetSTR,1.6265439339860324,61,ok,
FAC_rank_vol_m6_n6_pairwise1,2014-03-31,CtrlRetLTM,3.067380680178716,61,ok,
FAC_rank_vol_m6_n6_pairwise1,2014-03-31,CtrlVol,2.604138091673034,61,ok,
FAC_rank_vol_m6_n6_pairwise1,2014-03-31,as_偏股混合型基金,1.2146294087225709,61,ok,
FAC_rank_vol_m6_n6_pairwise1,2014-03-31,Ctrl_log_fund_size,1.7195868574684723,61,ok,
FAC_rank_vol_m6_n6_pairwise1,2014-03-31,Ctrl_fund_age,1.640051627912917,61,ok,
FAC_rank_vol_m6_n6_pairwise1,2014-04-30,FAC_rank_vol_m6_n6_pairwise1,1.7887031034047793,59,ok,
FAC_rank_vol_m6_n6_pairwise1,2014-04-30,CtrlRetSTR,1.5380559591670915,59,ok,
FAC_rank_vol_m6_n6_pairwise1,2014-04-30,CtrlRetLTM,2.5728070234926705,59,ok,
FAC_rank_vol_m6_n6_pairwise1,2014-04-30,CtrlVol,3.403825503590175,59,ok,
FAC_rank_vol_m6_n6_pairwise1,2014-04-30,as_偏股混合型基金,1.5109536423275807,59,ok,
FAC_rank_vol_m6_n6_pairwise1,2014-04-30,Ctrl_log_fund_size,1.600332864215112,59,ok,
FAC_rank_vol_m6_n6_pairwise1,2014-04-30,Ctrl_fund_age,1.7685083390968122,59,ok,
FAC_rank_vol_m6_n6_pairwise1,2014-05-30,FAC_rank_vol_m6_n6_pairwise1,1.9130215335266456,59,ok,
FAC_rank_vol_m6_n6_pairwise1,2014-05-30,CtrlRetSTR,1.994917068921389,59,ok,
FAC_rank_vol_m6_n6_pairwise1,2014-05-30,CtrlRetLTM,1.406968424329853,59,ok,
FAC_rank_vol_m6_n6_pairwise1,2014-05-30,CtrlVol,2.853624256582229,59,ok,
FAC_rank_vol_m6_n6_pairwise1,2014-05-30,as_偏股混合型基金,1.679282792169674,59,ok,
FAC_rank_vol_m6_n6_pairwise1,2014-05-30,Ctrl_log_fund_size,1.562558526842104,59,ok,
FAC_rank_vol_m6_n6_pairwise1,2014-05-30,Ctrl_fund_age,1.595027106010107,59,ok,
FAC_rank_vol_m6_n6_pairwise1,2014-06-30,FAC_rank_vol_m6_n6_pairwise1,1.7681988867207181,57,ok,
FAC_rank_vol_m6_n6_pairwise1,2014-06-30,CtrlRetSTR,1.3463332542318247,57,ok,
FAC_rank_vol_m6_n6_pairwise1,2014-06-30,CtrlRetLTM,2.506357924339605,57,ok,
FAC_rank_vol_m6_n6_pairwise1,2014-06-30,CtrlVol,2.012916108884372,57,ok,
FAC_rank_vol_m6_n6_pairwise1,2014-06-30,as_偏股混合型基金,1.3732329934300986,57,ok,
FAC_rank_vol_m6_n6_pairwise1,2014-06-30,Ctrl_log_fund_size,1.3456419055839823,57,ok,
FAC_rank_vol_m6_n6_pairwise1,2014-06-30,Ctrl_fund_age,1.6087187784236596,57,ok,
FAC_rank_vol_m6_n6_pairwise1,2014-07-31,FAC_rank_vol_m6_n6_pairwise1,2.004063891146576,56,ok,
FAC_rank_vol_m6_n6_pairwise1,2014-07-31,CtrlRetSTR,1.935531435726579,56,ok,
FAC_rank_vol_m6_n6_pairwise1,2014-07-31,CtrlRetLTM,2.023439323557173,56,ok,
FAC_rank_vol_m6_n6_pairwise1,2014-07-31,CtrlVol,3.6144630953451107,56,ok,
FAC_rank_vol_m6_n6_pairwise1,2014-07-31,as_偏股混合型基金,1.2118056209279326,56,ok,
FAC_rank_vol_m6_n6_pairwise1,2014-07-31,Ctrl_log_fund_size,1.393206927634495,56,ok,
FAC_rank_vol_m6_n6_pairwise1,2014-07-31,Ctrl_fund_age,1.5195568508236472,56,ok,
FAC_rank_vol_m6_n6_pairwise1,2014-08-29,FAC_rank_vol_m6_n6_pairwise1,3.0166449999206018,57,ok,
FAC_rank_vol_m6_n6_pairwise1,2014-08-29,CtrlRetSTR,1.668211888782386,57,ok,
FAC_rank_vol_m6_n6_pairwise1,2014-08-29,CtrlRetLTM,1.6260762096676606,57,ok,
FAC_rank_vol_m6_n6_pairwise1,2014-08-29,CtrlVol,3.305127079395878,57,ok,
FAC_rank_vol_m6_n6_pairwise1,2014-08-29,as_偏股混合型基金,1.1598537189656546,57,ok,
FAC_rank_vol_m6_n6_pairwise1,2014-08-29,Ctrl_log_fund_size,1.4471986253777855,57,ok,
FAC_rank_vol_m6_n6_pairwise1,2014-08-29,Ctrl_fund_age,1.515840937103445,57,ok,
FAC_rank_vol_m6_n6_pairwise1,2014-09-30,FAC_rank_vol_m6_n6_pairwise1,3.031484720633305,57,ok,
FAC_rank_vol_m6_n6_pairwise1,2014-09-30,CtrlRetSTR,3.049776931714457,57,ok,
FAC_rank_vol_m6_n6_pairwise1,2014-09-30,CtrlRetLTM,1.7190153643528487,57,ok,
FAC_rank_vol_m6_n6_pairwise1,2014-09-30,CtrlVol,3.5571645800282834,57,ok,
FAC_rank_vol_m6_n6_pairwise1,2014-09-30,as_偏股混合型基金,1.3571077037917065,57,ok,
FAC_rank_vol_m6_n6_pairwise1,2014-09-30,Ctrl_log_fund_size,1.407840722854652,57,ok,
FAC_rank_vol_m6_n6_pairwise1,2014-09-30,Ctrl_fund_age,1.5844597201619621,57,ok,
FAC_rank_vol_m6_n6_pairwise1,2014-10-31,FAC_rank_vol_m6_n6_pairwise1,2.3687315715176336,54,ok,
FAC_rank_vol_m6_n6_pairwise1,2014-10-31,CtrlRetSTR,1.1738721757360118,54,ok,
FAC_rank_vol_m6_n6_pairwise1,2014-10-31,CtrlRetLTM,3.3933369607554917,54,ok,
FAC_rank_vol_m6_n6_pairwise1,2014-10-31,CtrlVol,2.7762859845876684,54,ok,
FAC_rank_vol_m6_n6_pairwise1,2014-10-31,as_偏股混合型基金,1.4135682385787285,54,ok,
FAC_rank_vol_m6_n6_pairwise1,2014-10-31,Ctrl_log_fund_size,1.407570758238342,54,ok,
FAC_rank_vol_m6_n6_pairwise1,2014-10-31,Ctrl_fund_age,1.5677643419427287,54,ok,
FAC_rank_vol_m6_n6_pairwise1,2014-11-28,FAC_rank_vol_m6_n6_pairwise1,2.119849524175281,53,ok,
FAC_rank_vol_m6_n6_pairwise1,2014-11-28,CtrlRetSTR,1.2540925002558716,53,ok,
FAC_rank_vol_m6_n6_pairwise1,2014-11-28,CtrlRetLTM,3.0527096889846033,53,ok,
FAC_rank_vol_m6_n6_pairwise1,2014-11-28,CtrlVol,2.4619207048007934,53,ok,
FAC_rank_vol_m6_n6_pairwise1,2014-11-28,as_偏股混合型基金,1.063439648365161,53,ok,
FAC_rank_vol_m6_n6_pairwise1,2014-11-28,Ctrl_log_fund_size,1.5447014837188353,53,ok,
FAC_rank_vol_m6_n6_pairwise1,2014-11-28,Ctrl_fund_age,1.5201369813193133,53,ok,
FAC_rank_vol_m6_n6_pairwise1,2014-12-31,FAC_rank_vol_m6_n6_pairwise1,,49,skipped,完整变量样本数小于 min_cross_section_n
FAC_rank_vol_m6_n6_pairwise1,2014-12-31,CtrlRetSTR,,49,skipped,完整变量样本数小于 min_cross_section_n
FAC_rank_vol_m6_n6_pairwise1,2014-12-31,CtrlRetLTM,,49,skipped,完整变量样本数小于 min_cross_section_n
FAC_rank_vol_m6_n6_pairwise1,2014-12-31,CtrlVol,,49,skipped,完整变量样本数小于 min_cross_section_n
FAC_rank_vol_m6_n6_pairwise1,2014-12-31,as_偏股混合型基金,,49,skipped,完整变量样本数小于 min_cross_section_n
FAC_rank_vol_m6_n6_pairwise1,2014-12-31,Ctrl_log_fund_size,,49,skipped,完整变量样本数小于 min_cross_section_n
FAC_rank_vol_m6_n6_pairwise1,2014-12-31,Ctrl_fund_age,,49,skipped,完整变量样本数小于 min_cross_section_n
FAC_rank_vol_m6_n6_pairwise1,2015-01-30,FAC_rank_vol_m6_n6_pairwise1,,48,skipped,完整变量样本数小于 min_cross_section_n
FAC_rank_vol_m6_n6_pairwise1,2015-01-30,CtrlRetSTR,,48,skipped,完整变量样本数小于 min_cross_section_n
FAC_rank_vol_m6_n6_pairwise1,2015-01-30,CtrlRetLTM,,48,skipped,完整变量样本数小于 min_cross_section_n
FAC_rank_vol_m6_n6_pairwise1,2015-01-30,CtrlVol,,48,skipped,完整变量样本数小于 min_cross_section_n
FAC_rank_vol_m6_n6_pairwise1,2015-01-30,as_偏股混合型基金,,48,skipped,完整变量样本数小于 min_cross_section_n
FAC_rank_vol_m6_n6_pairwise1,2015-01-30,Ctrl_log_fund_size,,48,skipped,完整变量样本数小于 min_cross_section_n
FAC_rank_vol_m6_n6_pairwise1,2015-01-30,Ctrl_fund_age,,48,skipped,完整变量样本数小于 min_cross_section_n
FAC_rank_vol_m6_n6_pairwise1,2015-02-27,FAC_rank_vol_m6_n6_pairwise1,1.7273199117191058,50,ok,
FAC_rank_vol_m6_n6_pairwise1,2015-02-27,CtrlRetSTR,1.8209848853638815,50,ok,
FAC_rank_vol_m6_n6_pairwise1,2015-02-27,CtrlRetLTM,2.568610877997069,50,ok,
FAC_rank_vol_m6_n6_pairwise1,2015-02-27,CtrlVol,1.8770323581127515,50,ok,
FAC_rank_vol_m6_n6_pairwise1,2015-02-27,as_偏股混合型基金,1.0923785389540521,50,ok,
FAC_rank_vol_m6_n6_pairwise1,2015-02-27,Ctrl_log_fund_size,1.5707068428107245,50,ok,
FAC_rank_vol_m6_n6_pairwise1,2015-02-27,Ctrl_fund_age,1.3195801292796492,50,ok,
FAC_rank_vol_m6_n6_pairwise1,2015-03-31,FAC_rank_vol_m6_n6_pairwise1,,48,skipped,完整变量样本数小于 min_cross_section_n
FAC_rank_vol_m6_n6_pairwise1,2015-03-31,CtrlRetSTR,,48,skipped,完整变量样本数小于 min_cross_section_n
FAC_rank_vol_m6_n6_pairwise1,2015-03-31,CtrlRetLTM,,48,skipped,完整变量样本数小于 min_cross_section_n
FAC_rank_vol_m6_n6_pairwise1,2015-03-31,CtrlVol,,48,skipped,完整变量样本数小于 min_cross_section_n
FAC_rank_vol_m6_n6_pairwise1,2015-03-31,as_偏股混合型基金,,48,skipped,完整变量样本数小于 min_cross_section_n
FAC_rank_vol_m6_n6_pairwise1,2015-03-31,Ctrl_log_fund_size,,48,skipped,完整变量样本数小于 min_cross_section_n
FAC_rank_vol_m6_n6_pairwise1,2015-03-31,Ctrl_fund_age,,48,skipped,完整变量样本数小于 min_cross_section_n
FAC_rank_vol_m6_n6_pairwise1,2015-04-30,FAC_rank_vol_m6_n6_pairwise1,,45,skipped,完整变量样本数小于 min_cross_section_n
FAC_rank_vol_m6_n6_pairwise1,2015-04-30,CtrlRetSTR,,45,skipped,完整变量样本数小于 min_cross_section_n
FAC_rank_vol_m6_n6_pairwise1,2015-04-30,CtrlRetLTM,,45,skipped,完整变量样本数小于 min_cross_section_n
FAC_rank_vol_m6_n6_pairwise1,2015-04-30,CtrlVol,,45,skipped,完整变量样本数小于 min_cross_section_n
FAC_rank_vol_m6_n6_pairwise1,2015-04-30,as_偏股混合型基金,,45,skipped,完整变量样本数小于 min_cross_section_n
FAC_rank_vol_m6_n6_pairwise1,2015-04-30,Ctrl_log_fund_size,,45,skipped,完整变量样本数小于 min_cross_section_n
FAC_rank_vol_m6_n6_pairwise1,2015-04-30,Ctrl_fund_age,,45,skipped,完整变量样本数小于 min_cross_section_n
FAC_rank_vol_m6_n6_pairwise1,2015-05-29,FAC_rank_vol_m6_n6_pairwise1,,42,skipped,完整变量样本数小于 min_cross_section_n
FAC_rank_vol_m6_n6_pairwise1,2015-05-29,CtrlRetSTR,,42,skipped,完整变量样本数小于 min_cross_section_n
FAC_rank_vol_m6_n6_pairwise1,2015-05-29,CtrlRetLTM,,42,skipped,完整变量样本数小于 min_cross_section_n
FAC_rank_vol_m6_n6_pairwise1,2015-05-29,CtrlVol,,42,skipped,完整变量样本数小于 min_cross_section_n
FAC_rank_vol_m6_n6_pairwise1,2015-05-29,as_偏股混合型基金,,42,skipped,完整变量样本数小于 min_cross_section_n
FAC_rank_vol_m6_n6_pairwise1,2015-05-29,Ctrl_log_fund_size,,42,skipped,完整变量样本数小于 min_cross_section_n
FAC_rank_vol_m6_n6_pairwise1,2015-05-29,Ctrl_fund_age,,42,skipped,完整变量样本数小于 min_cross_section_n
FAC_rank_vol_m6_n6_pairwise1,2015-06-30,FAC_rank_vol_m6_n6_pairwise1,,36,skipped,完整变量样本数小于 min_cross_section_n
FAC_rank_vol_m6_n6_pairwise1,2015-06-30,CtrlRetSTR,,36,skipped,完整变量样本数小于 min_cross_section_n
FAC_rank_vol_m6_n6_pairwise1,2015-06-30,CtrlRetLTM,,36,skipped,完整变量样本数小于 min_cross_section_n
FAC_rank_vol_m6_n6_pairwise1,2015-06-30,CtrlVol,,36,skipped,完整变量样本数小于 min_cross_section_n
FAC_rank_vol_m6_n6_pairwise1,2015-06-30,as_偏股混合型基金,,36,skipped,完整变量样本数小于 min_cross_section_n
FAC_rank_vol_m6_n6_pairwise1,2015-06-30,Ctrl_log_fund_size,,36,skipped,完整变量样本数小于 min_cross_section_n
FAC_rank_vol_m6_n6_pairwise1,2015-06-30,Ctrl_fund_age,,36,skipped,完整变量样本数小于 min_cross_section_n
FAC_rank_vol_m6_n6_pairwise1,2015-07-31,FAC_rank_vol_m6_n6_pairwise1,,37,skipped,完整变量样本数小于 min_cross_section_n
FAC_rank_vol_m6_n6_pairwise1,2015-07-31,CtrlRetSTR,,37,skipped,完整变量样本数小于 min_cross_section_n
FAC_rank_vol_m6_n6_pairwise1,2015-07-31,CtrlRetLTM,,37,skipped,完整变量样本数小于 min_cross_section_n
FAC_rank_vol_m6_n6_pairwise1,2015-07-31,CtrlVol,,37,skipped,完整变量样本数小于 min_cross_section_n
FAC_rank_vol_m6_n6_pairwise1,2015-07-31,as_偏股混合型基金,,37,skipped,完整变量样本数小于 min_cross_section_n
FAC_rank_vol_m6_n6_pairwise1,2015-07-31,Ctrl_log_fund_size,,37,skipped,完整变量样本数小于 min_cross_section_n
FAC_rank_vol_m6_n6_pairwise1,2015-07-31,Ctrl_fund_age,,37,skipped,完整变量样本数小于 min_cross_section_n
FAC_rank_vol_m6_n6_pairwise1,2015-08-31,FAC_rank_vol_m6_n6_pairwise1,,39,skipped,完整变量样本数小于 min_cross_section_n
FAC_rank_vol_m6_n6_pairwise1,2015-08-31,CtrlRetSTR,,39,skipped,完整变量样本数小于 min_cross_section_n
FAC_rank_vol_m6_n6_pairwise1,2015-08-31,CtrlRetLTM,,39,skipped,完整变量样本数小于 min_cross_section_n
FAC_rank_vol_m6_n6_pairwise1,2015-08-31,CtrlVol,,39,skipped,完整变量样本数小于 min_cross_section_n
FAC_rank_vol_m6_n6_pairwise1,2015-08-31,as_偏股混合型基金,,39,skipped,完整变量样本数小于 min_cross_section_n
FAC_rank_vol_m6_n6_pairwise1,2015-08-31,Ctrl_log_fund_size,,39,skipped,完整变量样本数小于 min_cross_section_n
FAC_rank_vol_m6_n6_pairwise1,2015-08-31,Ctrl_fund_age,,39,skipped,完整变量样本数小于 min_cross_section_n
FAC_rank_vol_m6_n6_pairwise1,2015-09-30,FAC_rank_vol_m6_n6_pairwise1,,35,skipped,完整变量样本数小于 min_cross_section_n
FAC_rank_vol_m6_n6_pairwise1,2015-09-30,CtrlRetSTR,,35,skipped,完整变量样本数小于 min_cross_section_n
FAC_rank_vol_m6_n6_pairwise1,2015-09-30,CtrlRetLTM,,35,skipped,完整变量样本数小于 min_cross_section_n
FAC_rank_vol_m6_n6_pairwise1,2015-09-30,CtrlVol,,35,skipped,完整变量样本数小于 min_cross_section_n
FAC_rank_vol_m6_n6_pairwise1,2015-09-30,as_偏股混合型基金,,35,skipped,完整变量样本数小于 min_cross_section_n
FAC_rank_vol_m6_n6_pairwise1,2015-09-30,Ctrl_log_fund_size,,35,skipped,完整变量样本数小于 min_cross_section_n
FAC_rank_vol_m6_n6_pairwise1,2015-09-30,Ctrl_fund_age,,35,skipped,完整变量样本数小于 min_cross_section_n
FAC_rank_vol_m6_n6_pairwise1,2015-10-30,FAC_rank_vol_m6_n6_pairwise1,,36,skipped,完整变量样本数小于 min_cross_section_n
FAC_rank_vol_m6_n6_pairwise1,2015-10-30,CtrlRetSTR,,36,skipped,完整变量样本数小于 min_cross_section_n
FAC_rank_vol_m6_n6_pairwise1,2015-10-30,CtrlRetLTM,,36,skipped,完整变量样本数小于 min_cross_section_n
FAC_rank_vol_m6_n6_pairwise1,2015-10-30,CtrlVol,,36,skipped,完整变量样本数小于 min_cross_section_n
FAC_rank_vol_m6_n6_pairwise1,2015-10-30,as_偏股混合型基金,,36,skipped,完整变量样本数小于 min_cross_section_n
FAC_rank_vol_m6_n6_pairwise1,2015-10-30,Ctrl_log_fund_size,,36,skipped,完整变量样本数小于 min_cross_section_n
FAC_rank_vol_m6_n6_pairwise1,2015-10-30,Ctrl_fund_age,,36,skipped,完整变量样本数小于 min_cross_section_n
FAC_rank_vol_m6_n6_pairwise1,2015-11-30,FAC_rank_vol_m6_n6_pairwise1,,36,skipped,完整变量样本数小于 min_cross_section_n
FAC_rank_vol_m6_n6_pairwise1,2015-11-30,CtrlRetSTR,,36,skipped,完整变量样本数小于 min_cross_section_n
FAC_rank_vol_m6_n6_pairwise1,2015-11-30,CtrlRetLTM,,36,skipped,完整变量样本数小于 min_cross_section_n
FAC_rank_vol_m6_n6_pairwise1,2015-11-30,CtrlVol,,36,skipped,完整变量样本数小于 min_cross_section_n
FAC_rank_vol_m6_n6_pairwise1,2015-11-30,as_偏股混合型基金,,36,skipped,完整变量样本数小于 min_cross_section_n
FAC_rank_vol_m6_n6_pairwise1,2015-11-30,Ctrl_log_fund_size,,36,skipped,完整变量样本数小于 min_cross_section_n
FAC_rank_vol_m6_n6_pairwise1,2015-11-30,Ctrl_fund_age,,36,skipped,完整变量样本数小于 min_cross_section_n
FAC_rank_vol_m6_n6_pairwise1,2015-12-31,FAC_rank_vol_m6_n6_pairwise1,,38,skipped,完整变量样本数小于 min_cross_section_n
FAC_rank_vol_m6_n6_pairwise1,2015-12-31,CtrlRetSTR,,38,skipped,完整变量样本数小于 min_cross_section_n
FAC_rank_vol_m6_n6_pairwise1,2015-12-31,CtrlRetLTM,,38,skipped,完整变量样本数小于 min_cross_section_n
FAC_rank_vol_m6_n6_pairwise1,2015-12-31,CtrlVol,,38,skipped,完整变量样本数小于 min_cross_section_n
FAC_rank_vol_m6_n6_pairwise1,2015-12-31,as_偏股混合型基金,,38,skipped,完整变量样本数小于 min_cross_section_n
FAC_rank_vol_m6_n6_pairwise1,2015-12-31,Ctrl_log_fund_size,,38,skipped,完整变量样本数小于 min_cross_section_n
FAC_rank_vol_m6_n6_pairwise1,2015-12-31,Ctrl_fund_age,,38,skipped,完整变量样本数小于 min_cross_section_n
FAC_rank_vol_m6_n6_pairwise1,2016-01-29,FAC_rank_vol_m6_n6_pairwise1,,38,skipped,完整变量样本数小于 min_cross_section_n
FAC_rank_vol_m6_n6_pairwise1,2016-01-29,CtrlRetSTR,,38,skipped,完整变量样本数小于 min_cross_section_n
FAC_rank_vol_m6_n6_pairwise1,2016-01-29,CtrlRetLTM,,38,skipped,完整变量样本数小于 min_cross_section_n
FAC_rank_vol_m6_n6_pairwise1,2016-01-29,CtrlVol,,38,skipped,完整变量样本数小于 min_cross_section_n
FAC_rank_vol_m6_n6_pairwise1,2016-01-29,as_偏股混合型基金,,38,skipped,完整变量样本数小于 min_cross_section_n
FAC_rank_vol_m6_n6_pairwise1,2016-01-29,Ctrl_log_fund_size,,38,skipped,完整变量样本数小于 min_cross_section_n
FAC_rank_vol_m6_n6_pairwise1,2016-01-29,Ctrl_fund_age,,38,skipped,完整变量样本数小于 min_cross_section_n
FAC_rank_vol_m6_n6_pairwise1,2016-02-29,FAC_rank_vol_m6_n6_pairwise1,,39,skipped,完整变量样本数小于 min_cross_section_n
FAC_rank_vol_m6_n6_pairwise1,2016-02-29,CtrlRetSTR,,39,skipped,完整变量样本数小于 min_cross_section_n
FAC_rank_vol_m6_n6_pairwise1,2016-02-29,CtrlRetLTM,,39,skipped,完整变量样本数小于 min_cross_section_n
FAC_rank_vol_m6_n6_pairwise1,2016-02-29,CtrlVol,,39,skipped,完整变量样本数小于 min_cross_section_n
FAC_rank_vol_m6_n6_pairwise1,2016-02-29,as_偏股混合型基金,,39,skipped,完整变量样本数小于 min_cross_section_n
FAC_rank_vol_m6_n6_pairwise1,2016-02-29,Ctrl_log_fund_size,,39,skipped,完整变量样本数小于 min_cross_section_n
FAC_rank_vol_m6_n6_pairwise1,2016-02-29,Ctrl_fund_age,,39,skipped,完整变量样本数小于 min_cross_section_n
FAC_rank_vol_m6_n6_pairwise1,2016-03-31,FAC_rank_vol_m6_n6_pairwise1,,41,skipped,完整变量样本数小于 min_cross_section_n
FAC_rank_vol_m6_n6_pairwise1,2016-03-31,CtrlRetSTR,,41,skipped,完整变量样本数小于 min_cross_section_n
FAC_rank_vol_m6_n6_pairwise1,2016-03-31,CtrlRetLTM,,41,skipped,完整变量样本数小于 min_cross_section_n
FAC_rank_vol_m6_n6_pairwise1,2016-03-31,CtrlVol,,41,skipped,完整变量样本数小于 min_cross_section_n
FAC_rank_vol_m6_n6_pairwise1,2016-03-31,as_偏股混合型基金,,41,skipped,完整变量样本数小于 min_cross_section_n
FAC_rank_vol_m6_n6_pairwise1,2016-03-31,Ctrl_log_fund_size,,41,skipped,完整变量样本数小于 min_cross_section_n
FAC_rank_vol_m6_n6_pairwise1,2016-03-31,Ctrl_fund_age,,41,skipped,完整变量样本数小于 min_cross_section_n
FAC_rank_vol_m6_n6_pairwise1,2016-04-29,FAC_rank_vol_m6_n6_pairwise1,,41,skipped,完整变量样本数小于 min_cross_section_n
FAC_rank_vol_m6_n6_pairwise1,2016-04-29,CtrlRetSTR,,41,skipped,完整变量样本数小于 min_cross_section_n
FAC_rank_vol_m6_n6_pairwise1,2016-04-29,CtrlRetLTM,,41,skipped,完整变量样本数小于 min_cross_section_n
FAC_rank_vol_m6_n6_pairwise1,2016-04-29,CtrlVol,,41,skipped,完整变量样本数小于 min_cross_section_n
FAC_rank_vol_m6_n6_pairwise1,2016-04-29,as_偏股混合型基金,,41,skipped,完整变量样本数小于 min_cross_section_n
FAC_rank_vol_m6_n6_pairwise1,2016-04-29,Ctrl_log_fund_size,,41,skipped,完整变量样本数小于 min_cross_section_n
FAC_rank_vol_m6_n6_pairwise1,2016-04-29,Ctrl_fund_age,,41,skipped,完整变量样本数小于 min_cross_section_n
FAC_rank_vol_m6_n6_pairwise1,2016-05-31,FAC_rank_vol_m6_n6_pairwise1,,43,skipped,完整变量样本数小于 min_cross_section_n
FAC_rank_vol_m6_n6_pairwise1,2016-05-31,CtrlRetSTR,,43,skipped,完整变量样本数小于 min_cross_section_n
FAC_rank_vol_m6_n6_pairwise1,2016-05-31,CtrlRetLTM,,43,skipped,完整变量样本数小于 min_cross_section_n
FAC_rank_vol_m6_n6_pairwise1,2016-05-31,CtrlVol,,43,skipped,完整变量样本数小于 min_cross_section_n
FAC_rank_vol_m6_n6_pairwise1,2016-05-31,as_偏股混合型基金,,43,skipped,完整变量样本数小于 min_cross_section_n
FAC_rank_vol_m6_n6_pairwise1,2016-05-31,Ctrl_log_fund_size,,43,skipped,完整变量样本数小于 min_cross_section_n
FAC_rank_vol_m6_n6_pairwise1,2016-05-31,Ctrl_fund_age,,43,skipped,完整变量样本数小于 min_cross_section_n
FAC_rank_vol_m6_n6_pairwise1,2016-06-30,FAC_rank_vol_m6_n6_pairwise1,,45,skipped,完整变量样本数小于 min_cross_section_n
FAC_rank_vol_m6_n6_pairwise1,2016-06-30,CtrlRetSTR,,45,skipped,完整变量样本数小于 min_cross_section_n
FAC_rank_vol_m6_n6_pairwise1,2016-06-30,CtrlRetLTM,,45,skipped,完整变量样本数小于 min_cross_section_n
FAC_rank_vol_m6_n6_pairwise1,2016-06-30,CtrlVol,,45,skipped,完整变量样本数小于 min_cross_section_n
FAC_rank_vol_m6_n6_pairwise1,2016-06-30,as_偏股混合型基金,,45,skipped,完整变量样本数小于 min_cross_section_n
FAC_rank_vol_m6_n6_pairwise1,2016-06-30,Ctrl_log_fund_size,,45,skipped,完整变量样本数小于 min_cross_section_n
FAC_rank_vol_m6_n6_pairwise1,2016-06-30,Ctrl_fund_age,,45,skipped,完整变量样本数小于 min_cross_section_n
FAC_rank_vol_m6_n6_pairwise1,2016-07-29,FAC_rank_vol_m6_n6_pairwise1,,43,skipped,完整变量样本数小于 min_cross_section_n
FAC_rank_vol_m6_n6_pairwise1,2016-07-29,CtrlRetSTR,,43,skipped,完整变量样本数小于 min_cross_section_n
FAC_rank_vol_m6_n6_pairwise1,2016-07-29,CtrlRetLTM,,43,skipped,完整变量样本数小于 min_cross_section_n
FAC_rank_vol_m6_n6_pairwise1,2016-07-29,CtrlVol,,43,skipped,完整变量样本数小于 min_cross_section_n
FAC_rank_vol_m6_n6_pairwise1,2016-07-29,as_偏股混合型基金,,43,skipped,完整变量样本数小于 min_cross_section_n
FAC_rank_vol_m6_n6_pairwise1,2016-07-29,Ctrl_log_fund_size,,43,skipped,完整变量样本数小于 min_cross_section_n
FAC_rank_vol_m6_n6_pairwise1,2016-07-29,Ctrl_fund_age,,43,skipped,完整变量样本数小于 min_cross_section_n
FAC_rank_vol_m6_n6_pairwise1,2016-08-31,FAC_rank_vol_m6_n6_pairwise1,,45,skipped,完整变量样本数小于 min_cross_section_n
FAC_rank_vol_m6_n6_pairwise1,2016-08-31,CtrlRetSTR,,45,skipped,完整变量样本数小于 min_cross_section_n
FAC_rank_vol_m6_n6_pairwise1,2016-08-31,CtrlRetLTM,,45,skipped,完整变量样本数小于 min_cross_section_n
FAC_rank_vol_m6_n6_pairwise1,2016-08-31,CtrlVol,,45,skipped,完整变量样本数小于 min_cross_section_n
FAC_rank_vol_m6_n6_pairwise1,2016-08-31,as_偏股混合型基金,,45,skipped,完整变量样本数小于 min_cross_section_n
FAC_rank_vol_m6_n6_pairwise1,2016-08-31,Ctrl_log_fund_size,,45,skipped,完整变量样本数小于 min_cross_section_n
FAC_rank_vol_m6_n6_pairwise1,2016-08-31,Ctrl_fund_age,,45,skipped,完整变量样本数小于 min_cross_section_n
FAC_rank_vol_m6_n6_pairwise1,2016-09-30,FAC_rank_vol_m6_n6_pairwise1,,46,skipped,完整变量样本数小于 min_cross_section_n
FAC_rank_vol_m6_n6_pairwise1,2016-09-30,CtrlRetSTR,,46,skipped,完整变量样本数小于 min_cross_section_n
FAC_rank_vol_m6_n6_pairwise1,2016-09-30,CtrlRetLTM,,46,skipped,完整变量样本数小于 min_cross_section_n
FAC_rank_vol_m6_n6_pairwise1,2016-09-30,CtrlVol,,46,skipped,完整变量样本数小于 min_cross_section_n
FAC_rank_vol_m6_n6_pairwise1,2016-09-30,as_偏股混合型基金,,46,skipped,完整变量样本数小于 min_cross_section_n
FAC_rank_vol_m6_n6_pairwise1,2016-09-30,Ctrl_log_fund_size,,46,skipped,完整变量样本数小于 min_cross_section_n
FAC_rank_vol_m6_n6_pairwise1,2016-09-30,Ctrl_fund_age,,46,skipped,完整变量样本数小于 min_cross_section_n
FAC_rank_vol_m6_n6_pairwise1,2016-10-31,FAC_rank_vol_m6_n6_pairwise1,,47,skipped,完整变量样本数小于 min_cross_section_n
FAC_rank_vol_m6_n6_pairwise1,2016-10-31,CtrlRetSTR,,47,skipped,完整变量样本数小于 min_cross_section_n
FAC_rank_vol_m6_n6_pairwise1,2016-10-31,CtrlRetLTM,,47,skipped,完整变量样本数小于 min_cross_section_n
FAC_rank_vol_m6_n6_pairwise1,2016-10-31,CtrlVol,,47,skipped,完整变量样本数小于 min_cross_section_n
FAC_rank_vol_m6_n6_pairwise1,2016-10-31,as_偏股混合型基金,,47,skipped,完整变量样本数小于 min_cross_section_n
FAC_rank_vol_m6_n6_pairwise1,2016-10-31,Ctrl_log_fund_size,,47,skipped,完整变量样本数小于 min_cross_section_n
FAC_rank_vol_m6_n6_pairwise1,2016-10-31,Ctrl_fund_age,,47,skipped,完整变量样本数小于 min_cross_section_n
FAC_rank_vol_m6_n6_pairwise1,2016-11-30,FAC_rank_vol_m6_n6_pairwise1,1.5965991826379407,54,ok,
FAC_rank_vol_m6_n6_pairwise1,2016-11-30,CtrlRetSTR,1.2286969651389665,54,ok,
FAC_rank_vol_m6_n6_pairwise1,2016-11-30,CtrlRetLTM,2.0214459248582393,54,ok,
FAC_rank_vol_m6_n6_pairwise1,2016-11-30,CtrlVol,1.4793705850804646,54,ok,
FAC_rank_vol_m6_n6_pairwise1,2016-11-30,as_偏股混合型基金,1.3600977346942638,54,ok,
FAC_rank_vol_m6_n6_pairwise1,2016-11-30,Ctrl_log_fund_size,1.2088745855549135,54,ok,
FAC_rank_vol_m6_n6_pairwise1,2016-11-30,Ctrl_fund_age,1.4305417526072963,54,ok,
FAC_rank_vol_m6_n6_pairwise1,2016-12-30,FAC_rank_vol_m6_n6_pairwise1,1.5680588991271367,59,ok,
FAC_rank_vol_m6_n6_pairwise1,2016-12-30,CtrlRetSTR,1.4798057241827456,59,ok,
FAC_rank_vol_m6_n6_pairwise1,2016-12-30,CtrlRetLTM,2.2304951218344797,59,ok,
FAC_rank_vol_m6_n6_pairwise1,2016-12-30,CtrlVol,2.333986281514854,59,ok,
FAC_rank_vol_m6_n6_pairwise1,2016-12-30,as_偏股混合型基金,1.5154371843097256,59,ok,
FAC_rank_vol_m6_n6_pairwise1,2016-12-30,Ctrl_log_fund_size,1.2015609141260701,59,ok,
FAC_rank_vol_m6_n6_pairwise1,2016-12-30,Ctrl_fund_age,1.5287281586688588,59,ok,
FAC_rank_vol_m6_n6_pairwise1,2017-01-26,FAC_rank_vol_m6_n6_pairwise1,1.3495274602286493,65,ok,
FAC_rank_vol_m6_n6_pairwise1,2017-01-26,CtrlRetSTR,1.4762271119680848,65,ok,
FAC_rank_vol_m6_n6_pairwise1,2017-01-26,CtrlRetLTM,1.2927491098140764,65,ok,
FAC_rank_vol_m6_n6_pairwise1,2017-01-26,CtrlVol,1.7479873338239946,65,ok,
FAC_rank_vol_m6_n6_pairwise1,2017-01-26,as_偏股混合型基金,1.5939358595491038,65,ok,
FAC_rank_vol_m6_n6_pairwise1,2017-01-26,Ctrl_log_fund_size,1.2031490228159205,65,ok,
FAC_rank_vol_m6_n6_pairwise1,2017-01-26,Ctrl_fund_age,1.5121979547140478,65,ok,
FAC_rank_vol_m6_n6_pairwise1,2017-02-28,FAC_rank_vol_m6_n6_pairwise1,1.4856828607898154,71,ok,
FAC_rank_vol_m6_n6_pairwise1,2017-02-28,CtrlRetSTR,1.102491500768673,71,ok,
FAC_rank_vol_m6_n6_pairwise1,2017-02-28,CtrlRetLTM,1.6938167987582071,71,ok,
FAC_rank_vol_m6_n6_pairwise1,2017-02-28,CtrlVol,1.559345371143391,71,ok,
FAC_rank_vol_m6_n6_pairwise1,2017-02-28,as_偏股混合型基金,1.7263384297199733,71,ok,
FAC_rank_vol_m6_n6_pairwise1,2017-02-28,Ctrl_log_fund_size,1.0491384217088575,71,ok,
FAC_rank_vol_m6_n6_pairwise1,2017-02-28,Ctrl_fund_age,1.8082811072951688,71,ok,
FAC_rank_vol_m6_n6_pairwise1,2017-03-31,FAC_rank_vol_m6_n6_pairwise1,1.1773693677870392,78,ok,
FAC_rank_vol_m6_n6_pairwise1,2017-03-31,CtrlRetSTR,1.0696624768948624,78,ok,
FAC_rank_vol_m6_n6_pairwise1,2017-03-31,CtrlRetLTM,1.1254326340814347,78,ok,
FAC_rank_vol_m6_n6_pairwise1,2017-03-31,CtrlVol,1.1235621487611527,78,ok,
FAC_rank_vol_m6_n6_pairwise1,2017-03-31,as_偏股混合型基金,1.834387945261419,78,ok,
FAC_rank_vol_m6_n6_pairwise1,2017-03-31,Ctrl_log_fund_size,1.063486393211875,78,ok,
FAC_rank_vol_m6_n6_pairwise1,2017-03-31,Ctrl_fund_age,1.8918408115232936,78,ok,
FAC_rank_vol_m6_n6_pairwise1,2017-04-28,FAC_rank_vol_m6_n6_pairwise1,1.2676737278807082,90,ok,
FAC_rank_vol_m6_n6_pairwise1,2017-04-28,CtrlRetSTR,1.0661220520170158,90,ok,
FAC_rank_vol_m6_n6_pairwise1,2017-04-28,CtrlRetLTM,1.2773238533636644,90,ok,
FAC_rank_vol_m6_n6_pairwise1,2017-04-28,CtrlVol,1.2670509513032935,90,ok,
FAC_rank_vol_m6_n6_pairwise1,2017-04-28,as_偏股混合型基金,1.7971289695393111,90,ok,
FAC_rank_vol_m6_n6_pairwise1,2017-04-28,Ctrl_log_fund_size,1.096707668375671,90,ok,
FAC_rank_vol_m6_n6_pairwise1,2017-04-28,Ctrl_fund_age,1.7147023556516436,90,ok,
FAC_rank_vol_m6_n6_pairwise1,2017-05-31,FAC_rank_vol_m6_n6_pairwise1,1.9267157421355268,98,ok,
FAC_rank_vol_m6_n6_pairwise1,2017-05-31,CtrlRetSTR,1.4231326468823549,98,ok,
FAC_rank_vol_m6_n6_pairwise1,2017-05-31,CtrlRetLTM,1.4155128786378117,98,ok,
FAC_rank_vol_m6_n6_pairwise1,2017-05-31,CtrlVol,1.557707865469779,98,ok,
FAC_rank_vol_m6_n6_pairwise1,2017-05-31,as_偏股混合型基金,1.651187923224424,98,ok,
FAC_rank_vol_m6_n6_pairwise1,2017-05-31,Ctrl_log_fund_size,1.1203258972063932,98,ok,
FAC_rank_vol_m6_n6_pairwise1,2017-05-31,Ctrl_fund_age,1.589601411878357,98,ok,
FAC_rank_vol_m6_n6_pairwise1,2017-06-30,FAC_rank_vol_m6_n6_pairwise1,1.3998726625772773,101,ok,
FAC_rank_vol_m6_n6_pairwise1,2017-06-30,CtrlRetSTR,1.5437978107003503,101,ok,
FAC_rank_vol_m6_n6_pairwise1,2017-06-30,CtrlRetLTM,1.5200925433726402,101,ok,
FAC_rank_vol_m6_n6_pairwise1,2017-06-30,CtrlVol,1.575273698960686,101,ok,
FAC_rank_vol_m6_n6_pairwise1,2017-06-30,as_偏股混合型基金,1.7968263599691763,101,ok,
FAC_rank_vol_m6_n6_pairwise1,2017-06-30,Ctrl_log_fund_size,1.3504749673785774,101,ok,
FAC_rank_vol_m6_n6_pairwise1,2017-06-30,Ctrl_fund_age,1.7122457613498092,101,ok,
FAC_rank_vol_m6_n6_pairwise1,2017-07-31,FAC_rank_vol_m6_n6_pairwise1,1.5212729208143572,104,ok,
FAC_rank_vol_m6_n6_pairwise1,2017-07-31,CtrlRetSTR,1.1726687700239569,104,ok,
FAC_rank_vol_m6_n6_pairwise1,2017-07-31,CtrlRetLTM,1.581396380437393,104,ok,
FAC_rank_vol_m6_n6_pairwise1,2017-07-31,CtrlVol,1.4546140936835437,104,ok,
FAC_rank_vol_m6_n6_pairwise1,2017-07-31,as_偏股混合型基金,1.8410883849422093,104,ok,
FAC_rank_vol_m6_n6_pairwise1,2017-07-31,Ctrl_log_fund_size,1.3580035000616089,104,ok,
FAC_rank_vol_m6_n6_pairwise1,2017-07-31,Ctrl_fund_age,1.7983157710069502,104,ok,
FAC_rank_vol_m6_n6_pairwise1,2017-08-31,FAC_rank_vol_m6_n6_pairwise1,1.6169852745839883,110,ok,
FAC_rank_vol_m6_n6_pairwise1,2017-08-31,CtrlRetSTR,1.3192739778720461,110,ok,
FAC_rank_vol_m6_n6_pairwise1,2017-08-31,CtrlRetLTM,1.4344456912858656,110,ok,
FAC_rank_vol_m6_n6_pairwise1,2017-08-31,CtrlVol,1.4482650521217921,110,ok,
FAC_rank_vol_m6_n6_pairwise1,2017-08-31,as_偏股混合型基金,1.7983143436100903,110,ok,
FAC_rank_vol_m6_n6_pairwise1,2017-08-31,Ctrl_log_fund_size,1.1751852665983027,110,ok,
FAC_rank_vol_m6_n6_pairwise1,2017-08-31,Ctrl_fund_age,1.8929397110941422,110,ok,
FAC_rank_vol_m6_n6_pairwise1,2017-09-29,FAC_rank_vol_m6_n6_pairwise1,1.5018862632572116,111,ok,
FAC_rank_vol_m6_n6_pairwise1,2017-09-29,CtrlRetSTR,1.3517002370601225,111,ok,
FAC_rank_vol_m6_n6_pairwise1,2017-09-29,CtrlRetLTM,1.5533582535725925,111,ok,
FAC_rank_vol_m6_n6_pairwise1,2017-09-29,CtrlVol,1.4391493740458667,111,ok,
FAC_rank_vol_m6_n6_pairwise1,2017-09-29,as_偏股混合型基金,1.7612333846640997,111,ok,
FAC_rank_vol_m6_n6_pairwise1,2017-09-29,Ctrl_log_fund_size,1.1958760538928368,111,ok,
FAC_rank_vol_m6_n6_pairwise1,2017-09-29,Ctrl_fund_age,2.0340899062823166,111,ok,
FAC_rank_vol_m6_n6_pairwise1,2017-10-31,FAC_rank_vol_m6_n6_pairwise1,1.4462864981913137,112,ok,
FAC_rank_vol_m6_n6_pairwise1,2017-10-31,CtrlRetSTR,1.1073647081938172,112,ok,
FAC_rank_vol_m6_n6_pairwise1,2017-10-31,CtrlRetLTM,1.3585625624427085,112,ok,
FAC_rank_vol_m6_n6_pairwise1,2017-10-31,CtrlVol,1.2019836676619713,112,ok,
FAC_rank_vol_m6_n6_pairwise1,2017-10-31,as_偏股混合型基金,1.8540563858632182,112,ok,
FAC_rank_vol_m6_n6_pairwise1,2017-10-31,Ctrl_log_fund_size,1.1710804108611927,112,ok,
FAC_rank_vol_m6_n6_pairwise1,2017-10-31,Ctrl_fund_age,1.9854756811901344,112,ok,
FAC_rank_vol_m6_n6_pairwise1,2017-11-30,FAC_rank_vol_m6_n6_pairwise1,1.238442750733102,115,ok,
FAC_rank_vol_m6_n6_pairwise1,2017-11-30,CtrlRetSTR,1.2186222438241243,115,ok,
FAC_rank_vol_m6_n6_pairwise1,2017-11-30,CtrlRetLTM,1.3903587430765516,115,ok,
FAC_rank_vol_m6_n6_pairwise1,2017-11-30,CtrlVol,1.2863006193430873,115,ok,
FAC_rank_vol_m6_n6_pairwise1,2017-11-30,as_偏股混合型基金,1.8772583931704794,115,ok,
FAC_rank_vol_m6_n6_pairwise1,2017-11-30,Ctrl_log_fund_size,1.1904745583065472,115,ok,
FAC_rank_vol_m6_n6_pairwise1,2017-11-30,Ctrl_fund_age,2.055179635771807,115,ok,
FAC_rank_vol_m6_n6_pairwise1,2017-12-29,FAC_rank_vol_m6_n6_pairwise1,1.3126922764386293,117,ok,
FAC_rank_vol_m6_n6_pairwise1,2017-12-29,CtrlRetSTR,1.2874257731402343,117,ok,
FAC_rank_vol_m6_n6_pairwise1,2017-12-29,CtrlRetLTM,1.327189462802606,117,ok,
FAC_rank_vol_m6_n6_pairwise1,2017-12-29,CtrlVol,1.1578562865415742,117,ok,
FAC_rank_vol_m6_n6_pairwise1,2017-12-29,as_偏股混合型基金,1.7069135105595483,117,ok,
FAC_rank_vol_m6_n6_pairwise1,2017-12-29,Ctrl_log_fund_size,1.1733530561854226,117,ok,
FAC_rank_vol_m6_n6_pairwise1,2017-12-29,Ctrl_fund_age,1.8134366940234379,117,ok,
FAC_rank_vol_m6_n6_pairwise1,2018-01-31,FAC_rank_vol_m6_n6_pairwise1,2.019828040101343,119,ok,
FAC_rank_vol_m6_n6_pairwise1,2018-01-31,CtrlRetSTR,1.5516260654810448,119,ok,
FAC_rank_vol_m6_n6_pairwise1,2018-01-31,CtrlRetLTM,1.4355217617674705,119,ok,
FAC_rank_vol_m6_n6_pairwise1,2018-01-31,CtrlVol,1.57791970366695,119,ok,
FAC_rank_vol_m6_n6_pairwise1,2018-01-31,as_偏股混合型基金,1.6615734934372215,119,ok,
FAC_rank_vol_m6_n6_pairwise1,2018-01-31,Ctrl_log_fund_size,1.2660700772708111,119,ok,
FAC_rank_vol_m6_n6_pairwise1,2018-01-31,Ctrl_fund_age,1.8140179640140444,119,ok,
FAC_rank_vol_m6_n6_pairwise1,2018-02-28,FAC_rank_vol_m6_n6_pairwise1,2.504832038599874,125,ok,
FAC_rank_vol_m6_n6_pairwise1,2018-02-28,CtrlRetSTR,1.9859972319143386,125,ok,
FAC_rank_vol_m6_n6_pairwise1,2018-02-28,CtrlRetLTM,1.716219823968027,125,ok,
FAC_rank_vol_m6_n6_pairwise1,2018-02-28,CtrlVol,1.8252702300183299,125,ok,
FAC_rank_vol_m6_n6_pairwise1,2018-02-28,as_偏股混合型基金,1.5775827349717748,125,ok,
FAC_rank_vol_m6_n6_pairwise1,2018-02-28,Ctrl_log_fund_size,1.2918989043555316,125,ok,
FAC_rank_vol_m6_n6_pairwise1,2018-02-28,Ctrl_fund_age,1.7569381615258832,125,ok,
FAC_rank_vol_m6_n6_pairwise1,2018-03-30,FAC_rank_vol_m6_n6_pairwise1,1.5451054034569818,124,ok,
FAC_rank_vol_m6_n6_pairwise1,2018-03-30,CtrlRetSTR,1.1172127281710413,124,ok,
FAC_rank_vol_m6_n6_pairwise1,2018-03-30,CtrlRetLTM,1.5172247900728681,124,ok,
FAC_rank_vol_m6_n6_pairwise1,2018-03-30,CtrlVol,1.3836805645466173,124,ok,
FAC_rank_vol_m6_n6_pairwise1,2018-03-30,as_偏股混合型基金,1.5545457257678503,124,ok,
FAC_rank_vol_m6_n6_pairwise1,2018-03-30,Ctrl_log_fund_size,1.4060393240402496,124,ok,
FAC_rank_vol_m6_n6_pairwise1,2018-03-30,Ctrl_fund_age,1.8551781669960847,124,ok,
FAC_rank_vol_m6_n6_pairwise1,2018-04-27,FAC_rank_vol_m6_n6_pairwise1,1.4544407126879075,125,ok,
FAC_rank_vol_m6_n6_pairwise1,2018-04-27,CtrlRetSTR,1.0849321328283583,125,ok,
FAC_rank_vol_m6_n6_pairwise1,2018-04-27,CtrlRetLTM,1.5201004297961036,125,ok,
FAC_rank_vol_m6_n6_pairwise1,2018-04-27,CtrlVol,1.463509408887145,125,ok,
FAC_rank_vol_m6_n6_pairwise1,2018-04-27,as_偏股混合型基金,1.5320790848566859,125,ok,
FAC_rank_vol_m6_n6_pairwise1,2018-04-27,Ctrl_log_fund_size,1.484807487123853,125,ok,
FAC_rank_vol_m6_n6_pairwise1,2018-04-27,Ctrl_fund_age,1.9039159843685587,125,ok,
FAC_rank_vol_m6_n6_pairwise1,2018-05-31,FAC_rank_vol_m6_n6_pairwise1,1.4323681770408736,128,ok,
FAC_rank_vol_m6_n6_pairwise1,2018-05-31,CtrlRetSTR,1.3434414647369857,128,ok,
FAC_rank_vol_m6_n6_pairwise1,2018-05-31,CtrlRetLTM,1.5244248416840698,128,ok,
FAC_rank_vol_m6_n6_pairwise1,2018-05-31,CtrlVol,1.451110095662534,128,ok,
FAC_rank_vol_m6_n6_pairwise1,2018-05-31,as_偏股混合型基金,1.758691129177127,128,ok,
FAC_rank_vol_m6_n6_pairwise1,2018-05-31,Ctrl_log_fund_size,1.2508017485402816,128,ok,
FAC_rank_vol_m6_n6_pairwise1,2018-05-31,Ctrl_fund_age,1.9440486697928003,128,ok,
FAC_rank_vol_m6_n6_pairwise1,2018-06-29,FAC_rank_vol_m6_n6_pairwise1,1.3975241492517152,127,ok,
FAC_rank_vol_m6_n6_pairwise1,2018-06-29,CtrlRetSTR,1.1682025371457385,127,ok,
FAC_rank_vol_m6_n6_pairwise1,2018-06-29,CtrlRetLTM,1.73169572995693,127,ok,
FAC_rank_vol_m6_n6_pairwise1,2018-06-29,CtrlVol,1.4478918919855817,127,ok,
FAC_rank_vol_m6_n6_pairwise1,2018-06-29,as_偏股混合型基金,1.6693618139957394,127,ok,
FAC_rank_vol_m6_n6_pairwise1,2018-06-29,Ctrl_log_fund_size,1.1921010020984433,127,ok,
FAC_rank_vol_m6_n6_pairwise1,2018-06-29,Ctrl_fund_age,1.9108024129236596,127,ok,
FAC_rank_vol_m6_n6_pairwise1,2018-07-31,FAC_rank_vol_m6_n6_pairwise1,1.3798154915413658,125,ok,
FAC_rank_vol_m6_n6_pairwise1,2018-07-31,CtrlRetSTR,1.5655256360151526,125,ok,
FAC_rank_vol_m6_n6_pairwise1,2018-07-31,CtrlRetLTM,1.882865666016539,125,ok,
FAC_rank_vol_m6_n6_pairwise1,2018-07-31,CtrlVol,1.582499393548764,125,ok,
FAC_rank_vol_m6_n6_pairwise1,2018-07-31,as_偏股混合型基金,1.714259621384641,125,ok,
FAC_rank_vol_m6_n6_pairwise1,2018-07-31,Ctrl_log_fund_size,1.3330622513062382,125,ok,
FAC_rank_vol_m6_n6_pairwise1,2018-07-31,Ctrl_fund_age,1.9323652690995794,125,ok,
FAC_rank_vol_m6_n6_pairwise1,2018-08-31,FAC_rank_vol_m6_n6_pairwise1,1.4946094767575548,129,ok,
FAC_rank_vol_m6_n6_pairwise1,2018-08-31,CtrlRetSTR,1.9378569267054562,129,ok,
FAC_rank_vol_m6_n6_pairwise1,2018-08-31,CtrlRetLTM,1.6605160573418285,129,ok,
FAC_rank_vol_m6_n6_pairwise1,2018-08-31,CtrlVol,1.7013026794707675,129,ok,
FAC_rank_vol_m6_n6_pairwise1,2018-08-31,as_偏股混合型基金,1.714087248725736,129,ok,
FAC_rank_vol_m6_n6_pairwise1,2018-08-31,Ctrl_log_fund_size,1.2729900024890495,129,ok,
FAC_rank_vol_m6_n6_pairwise1,2018-08-31,Ctrl_fund_age,1.9288908451892328,129,ok,
FAC_rank_vol_m6_n6_pairwise1,2018-09-28,FAC_rank_vol_m6_n6_pairwise1,1.606039852528619,128,ok,
FAC_rank_vol_m6_n6_pairwise1,2018-09-28,CtrlRetSTR,1.3022999535244322,128,ok,
FAC_rank_vol_m6_n6_pairwise1,2018-09-28,CtrlRetLTM,1.6949360547371175,128,ok,
FAC_rank_vol_m6_n6_pairwise1,2018-09-28,CtrlVol,1.3865749680137303,128,ok,
FAC_rank_vol_m6_n6_pairwise1,2018-09-28,as_偏股混合型基金,1.6900405744850007,128,ok,
FAC_rank_vol_m6_n6_pairwise1,2018-09-28,Ctrl_log_fund_size,1.3004897004504776,128,ok,
FAC_rank_vol_m6_n6_pairwise1,2018-09-28,Ctrl_fund_age,1.9867518194954552,128,ok,
FAC_rank_vol_m6_n6_pairwise1,2018-10-31,FAC_rank_vol_m6_n6_pairwise1,1.2381866685866305,126,ok,
FAC_rank_vol_m6_n6_pairwise1,2018-10-31,CtrlRetSTR,2.208648628456545,126,ok,
FAC_rank_vol_m6_n6_pairwise1,2018-10-31,CtrlRetLTM,1.2854073471356773,126,ok,
FAC_rank_vol_m6_n6_pairwise1,2018-10-31,CtrlVol,2.5850076394534143,126,ok,
FAC_rank_vol_m6_n6_pairwise1,2018-10-31,as_偏股混合型基金,1.6371458502456842,126,ok,
FAC_rank_vol_m6_n6_pairwise1,2018-10-31,Ctrl_log_fund_size,1.234661622964454,126,ok,
FAC_rank_vol_m6_n6_pairwise1,2018-10-31,Ctrl_fund_age,1.8819971712201302,126,ok,
FAC_rank_vol_m6_n6_pairwise1,2018-11-30,FAC_rank_vol_m6_n6_pairwise1,1.6200516385159045,126,ok,
FAC_rank_vol_m6_n6_pairwise1,2018-11-30,CtrlRetSTR,1.2467233392695143,126,ok,
FAC_rank_vol_m6_n6_pairwise1,2018-11-30,CtrlRetLTM,1.231596695752528,126,ok,
FAC_rank_vol_m6_n6_pairwise1,2018-11-30,CtrlVol,1.879850928378095,126,ok,
FAC_rank_vol_m6_n6_pairwise1,2018-11-30,as_偏股混合型基金,1.6210810951135564,126,ok,
FAC_rank_vol_m6_n6_pairwise1,2018-11-30,Ctrl_log_fund_size,1.1548189789873462,126,ok,
FAC_rank_vol_m6_n6_pairwise1,2018-11-30,Ctrl_fund_age,1.660038312087591,126,ok,
FAC_rank_vol_m6_n6_pairwise1,2018-12-28,FAC_rank_vol_m6_n6_pairwise1,1.773569415291328,127,ok,
FAC_rank_vol_m6_n6_pairwise1,2018-12-28,CtrlRetSTR,1.336724135920847,127,ok,
FAC_rank_vol_m6_n6_pairwise1,2018-12-28,CtrlRetLTM,1.2745374688661195,127,ok,
FAC_rank_vol_m6_n6_pairwise1,2018-12-28,CtrlVol,1.6912466188030355,127,ok,
FAC_rank_vol_m6_n6_pairwise1,2018-12-28,as_偏股混合型基金,1.6195173447361069,127,ok,
FAC_rank_vol_m6_n6_pairwise1,2018-12-28,Ctrl_log_fund_size,1.2302822187335265,127,ok,
FAC_rank_vol_m6_n6_pairwise1,2018-12-28,Ctrl_fund_age,1.6690445717555376,127,ok,
FAC_rank_vol_m6_n6_pairwise1,2019-01-31,FAC_rank_vol_m6_n6_pairwise1,1.6039204618953413,121,ok,
FAC_rank_vol_m6_n6_pairwise1,2019-01-31,CtrlRetSTR,1.4475046580391344,121,ok,
FAC_rank_vol_m6_n6_pairwise1,2019-01-31,CtrlRetLTM,1.4636589026361555,121,ok,
FAC_rank_vol_m6_n6_pairwise1,2019-01-31,CtrlVol,1.8123601523616757,121,ok,
FAC_rank_vol_m6_n6_pairwise1,2019-01-31,as_偏股混合型基金,1.6294561861023042,121,ok,
FAC_rank_vol_m6_n6_pairwise1,2019-01-31,Ctrl_log_fund_size,1.154419794287803,121,ok,
FAC_rank_vol_m6_n6_pairwise1,2019-01-31,Ctrl_fund_age,1.5603468934524105,121,ok,
FAC_rank_vol_m6_n6_pairwise1,2019-02-28,FAC_rank_vol_m6_n6_pairwise1,1.170124551491034,124,ok,
FAC_rank_vol_m6_n6_pairwise1,2019-02-28,CtrlRetSTR,1.209959861900862,124,ok,
FAC_rank_vol_m6_n6_pairwise1,2019-02-28,CtrlRetLTM,1.1453036690380138,124,ok,
FAC_rank_vol_m6_n6_pairwise1,2019-02-28,CtrlVol,1.349279815716522,124,ok,
FAC_rank_vol_m6_n6_pairwise1,2019-02-28,as_偏股混合型基金,1.7151929914947335,124,ok,
FAC_rank_vol_m6_n6_pairwise1,2019-02-28,Ctrl_log_fund_size,1.146529222288838,124,ok,
FAC_rank_vol_m6_n6_pairwise1,2019-02-28,Ctrl_fund_age,1.6579861294393206,124,ok,
FAC_rank_vol_m6_n6_pairwise1,2019-03-29,FAC_rank_vol_m6_n6_pairwise1,1.0855894842632576,126,ok,
FAC_rank_vol_m6_n6_pairwise1,2019-03-29,CtrlRetSTR,1.4704935892214321,126,ok,
FAC_rank_vol_m6_n6_pairwise1,2019-03-29,CtrlRetLTM,1.0245291910942622,126,ok,
FAC_rank_vol_m6_n6_pairwise1,2019-03-29,CtrlVol,1.491774773970281,126,ok,
FAC_rank_vol_m6_n6_pairwise1,2019-03-29,as_偏股混合型基金,1.5774001800691233,126,ok,
FAC_rank_vol_m6_n6_pairwise1,2019-03-29,Ctrl_log_fund_size,1.1191750182290956,126,ok,
FAC_rank_vol_m6_n6_pairwise1,2019-03-29,Ctrl_fund_age,1.6471044027400408,126,ok,
FAC_rank_vol_m6_n6_pairwise1,2019-04-30,FAC_rank_vol_m6_n6_pairwise1,1.2462981332035648,127,ok,
FAC_rank_vol_m6_n6_pairwise1,2019-04-30,CtrlRetSTR,1.1668344397644472,127,ok,
FAC_rank_vol_m6_n6_pairwise1,2019-04-30,CtrlRetLTM,1.2227884402989047,127,ok,
FAC_rank_vol_m6_n6_pairwise1,2019-04-30,CtrlVol,1.4299380812225466,127,ok,
FAC_rank_vol_m6_n6_pairwise1,2019-04-30,as_偏股混合型基金,1.5160562661742454,127,ok,
FAC_rank_vol_m6_n6_pairwise1,2019-04-30,Ctrl_log_fund_size,1.18419966115167,127,ok,
FAC_rank_vol_m6_n6_pairwise1,2019-04-30,Ctrl_fund_age,1.544838659836509,127,ok,
FAC_rank_vol_m6_n6_pairwise1,2019-05-31,FAC_rank_vol_m6_n6_pairwise1,1.0600550665136956,133,ok,
FAC_rank_vol_m6_n6_pairwise1,2019-05-31,CtrlRetSTR,1.0863248813431619,133,ok,
FAC_rank_vol_m6_n6_pairwise1,2019-05-31,CtrlRetLTM,1.1580908781455401,133,ok,
FAC_rank_vol_m6_n6_pairwise1,2019-05-31,CtrlVol,1.086393290680438,133,ok,
FAC_rank_vol_m6_n6_pairwise1,2019-05-31,as_偏股混合型基金,1.613132974157431,133,ok,
FAC_rank_vol_m6_n6_pairwise1,2019-05-31,Ctrl_log_fund_size,1.2430218015364798,133,ok,
FAC_rank_vol_m6_n6_pairwise1,2019-05-31,Ctrl_fund_age,1.7629788678365268,133,ok,
FAC_rank_vol_m6_n6_pairwise1,2019-06-28,FAC_rank_vol_m6_n6_pairwise1,1.4510141033839925,137,ok,
FAC_rank_vol_m6_n6_pairwise1,2019-06-28,CtrlRetSTR,1.1624422470143805,137,ok,
FAC_rank_vol_m6_n6_pairwise1,2019-06-28,CtrlRetLTM,1.4419144905513013,137,ok,
FAC_rank_vol_m6_n6_pairwise1,2019-06-28,CtrlVol,1.1778879079558056,137,ok,
FAC_rank_vol_m6_n6_pairwise1,2019-06-28,as_偏股混合型基金,1.5949023651489531,137,ok,
FAC_rank_vol_m6_n6_pairwise1,2019-06-28,Ctrl_log_fund_size,1.2010122377519787,137,ok,
FAC_rank_vol_m6_n6_pairwise1,2019-06-28,Ctrl_fund_age,1.687336346610764,137,ok,
FAC_rank_vol_m6_n6_pairwise1,2019-07-31,FAC_rank_vol_m6_n6_pairwise1,1.4031676102739703,137,ok,
FAC_rank_vol_m6_n6_pairwise1,2019-07-31,CtrlRetSTR,1.2681986839364865,137,ok,
FAC_rank_vol_m6_n6_pairwise1,2019-07-31,CtrlRetLTM,1.2856466515081677,137,ok,
FAC_rank_vol_m6_n6_pairwise1,2019-07-31,CtrlVol,1.1163365239016243,137,ok,
FAC_rank_vol_m6_n6_pairwise1,2019-07-31,as_偏股混合型基金,1.4720369150240078,137,ok,
FAC_rank_vol_m6_n6_pairwise1,2019-07-31,Ctrl_log_fund_size,1.357212594667411,137,ok,
FAC_rank_vol_m6_n6_pairwise1,2019-07-31,Ctrl_fund_age,1.6636894129991442,137,ok,
FAC_rank_vol_m6_n6_pairwise1,2019-08-30,FAC_rank_vol_m6_n6_pairwise1,1.3514428133876104,135,ok,
FAC_rank_vol_m6_n6_pairwise1,2019-08-30,CtrlRetSTR,1.1172279523038566,135,ok,
FAC_rank_vol_m6_n6_pairwise1,2019-08-30,CtrlRetLTM,1.3475651843102294,135,ok,
FAC_rank_vol_m6_n6_pairwise1,2019-08-30,CtrlVol,1.1643885795406725,135,ok,
FAC_rank_vol_m6_n6_pairwise1,2019-08-30,as_偏股混合型基金,1.4193492591911088,135,ok,
FAC_rank_vol_m6_n6_pairwise1,2019-08-30,Ctrl_log_fund_size,1.229807610133889,135,ok,
FAC_rank_vol_m6_n6_pairwise1,2019-08-30,Ctrl_fund_age,1.6490950708486447,135,ok,
FAC_rank_vol_m6_n6_pairwise1,2019-09-30,FAC_rank_vol_m6_n6_pairwise1,1.1762225847091716,137,ok,
FAC_rank_vol_m6_n6_pairwise1,2019-09-30,CtrlRetSTR,1.1912628563564045,137,ok,
FAC_rank_vol_m6_n6_pairwise1,2019-09-30,CtrlRetLTM,1.3127735245233525,137,ok,
FAC_rank_vol_m6_n6_pairwise1,2019-09-30,CtrlVol,1.2114911469871792,137,ok,
FAC_rank_vol_m6_n6_pairwise1,2019-09-30,as_偏股混合型基金,1.3797691132456527,137,ok,
FAC_rank_vol_m6_n6_pairwise1,2019-09-30,Ctrl_log_fund_size,1.2246807239681758,137,ok,
FAC_rank_vol_m6_n6_pairwise1,2019-09-30,Ctrl_fund_age,1.6733129000757436,137,ok,
FAC_rank_vol_m6_n6_pairwise1,2019-10-31,FAC_rank_vol_m6_n6_pairwise1,1.1851742411248416,140,ok,
FAC_rank_vol_m6_n6_pairwise1,2019-10-31,CtrlRetSTR,1.0634386893946268,140,ok,
FAC_rank_vol_m6_n6_pairwise1,2019-10-31,CtrlRetLTM,1.7557728006956508,140,ok,
FAC_rank_vol_m6_n6_pairwise1,2019-10-31,CtrlVol,1.6999162954879892,140,ok,
FAC_rank_vol_m6_n6_pairwise1,2019-10-31,as_偏股混合型基金,1.3363448553932484,140,ok,
FAC_rank_vol_m6_n6_pairwise1,2019-10-31,Ctrl_log_fund_size,1.3234374789424457,140,ok,
FAC_rank_vol_m6_n6_pairwise1,2019-10-31,Ctrl_fund_age,1.5040483954472956,140,ok,
FAC_rank_vol_m6_n6_pairwise1,2019-11-29,FAC_rank_vol_m6_n6_pairwise1,1.0949955057865723,141,ok,
FAC_rank_vol_m6_n6_pairwise1,2019-11-29,CtrlRetSTR,1.1334966476475956,141,ok,
FAC_rank_vol_m6_n6_pairwise1,2019-11-29,CtrlRetLTM,1.4555564306672188,141,ok,
FAC_rank_vol_m6_n6_pairwise1,2019-11-29,CtrlVol,1.3596936418501995,141,ok,
FAC_rank_vol_m6_n6_pairwise1,2019-11-29,as_偏股混合型基金,1.3571429565734423,141,ok,
FAC_rank_vol_m6_n6_pairwise1,2019-11-29,Ctrl_log_fund_size,1.19706811560999,141,ok,
FAC_rank_vol_m6_n6_pairwise1,2019-11-29,Ctrl_fund_age,1.5064122125259312,141,ok,
FAC_rank_vol_m6_n6_pairwise1,2019-12-31,FAC_rank_vol_m6_n6_pairwise1,1.1567303143067384,145,ok,
FAC_rank_vol_m6_n6_pairwise1,2019-12-31,CtrlRetSTR,1.0818102070914422,145,ok,
FAC_rank_vol_m6_n6_pairwise1,2019-12-31,CtrlRetLTM,1.9187872856337995,145,ok,
FAC_rank_vol_m6_n6_pairwise1,2019-12-31,CtrlVol,1.7417654308877955,145,ok,
FAC_rank_vol_m6_n6_pairwise1,2019-12-31,as_偏股混合型基金,1.3133138879055481,145,ok,
FAC_rank_vol_m6_n6_pairwise1,2019-12-31,Ctrl_log_fund_size,1.2179568612245948,145,ok,
FAC_rank_vol_m6_n6_pairwise1,2019-12-31,Ctrl_fund_age,1.3757778152697446,145,ok,
FAC_rank_vol_m6_n6_pairwise1,2020-01-23,FAC_rank_vol_m6_n6_pairwise1,1.3851985628376724,149,ok,
FAC_rank_vol_m6_n6_pairwise1,2020-01-23,CtrlRetSTR,1.5282795612213464,149,ok,
FAC_rank_vol_m6_n6_pairwise1,2020-01-23,CtrlRetLTM,2.362907140978301,149,ok,
FAC_rank_vol_m6_n6_pairwise1,2020-01-23,CtrlVol,2.978880454410292,149,ok,
FAC_rank_vol_m6_n6_pairwise1,2020-01-23,as_偏股混合型基金,1.3302632859627028,149,ok,
FAC_rank_vol_m6_n6_pairwise1,2020-01-23,Ctrl_log_fund_size,1.0859575963010302,149,ok,
FAC_rank_vol_m6_n6_pairwise1,2020-01-23,Ctrl_fund_age,1.4146822580186305,149,ok,
FAC_rank_vol_m6_n6_pairwise1,2020-02-28,FAC_rank_vol_m6_n6_pairwise1,1.320886079400909,156,ok,
FAC_rank_vol_m6_n6_pairwise1,2020-02-28,CtrlRetSTR,1.231386515727858,156,ok,
FAC_rank_vol_m6_n6_pairwise1,2020-02-28,CtrlRetLTM,1.8394884134316287,156,ok,
FAC_rank_vol_m6_n6_pairwise1,2020-02-28,CtrlVol,1.802746827084681,156,ok,
FAC_rank_vol_m6_n6_pairwise1,2020-02-28,as_偏股混合型基金,1.3267221390014698,156,ok,
FAC_rank_vol_m6_n6_pairwise1,2020-02-28,Ctrl_log_fund_size,1.0927078556553065,156,ok,
FAC_rank_vol_m6_n6_pairwise1,2020-02-28,Ctrl_fund_age,1.42060744192675,156,ok,
FAC_rank_vol_m6_n6_pairwise1,2020-03-31,FAC_rank_vol_m6_n6_pairwise1,1.2178070405246175,157,ok,
FAC_rank_vol_m6_n6_pairwise1,2020-03-31,CtrlRetSTR,1.1779584306881963,157,ok,
FAC_rank_vol_m6_n6_pairwise1,2020-03-31,CtrlRetLTM,2.119487399302763,157,ok,
FAC_rank_vol_m6_n6_pairwise1,2020-03-31,CtrlVol,1.7270950249780546,157,ok,
FAC_rank_vol_m6_n6_pairwise1,2020-03-31,as_偏股混合型基金,1.3501071063794015,157,ok,
FAC_rank_vol_m6_n6_pairwise1,2020-03-31,Ctrl_log_fund_size,1.140260172783877,157,ok,
FAC_rank_vol_m6_n6_pairwise1,2020-03-31,Ctrl_fund_age,1.4416243336140442,157,ok,
FAC_rank_vol_m6_n6_pairwise1,2020-04-30,FAC_rank_vol_m6_n6_pairwise1,1.1878961706680962,159,ok,
FAC_rank_vol_m6_n6_pairwise1,2020-04-30,CtrlRetSTR,1.3023707612063116,159,ok,
FAC_rank_vol_m6_n6_pairwise1,2020-04-30,CtrlRetLTM,1.3160945195976639,159,ok,
FAC_rank_vol_m6_n6_pairwise1,2020-04-30,CtrlVol,1.3927580494988496,159,ok,
FAC_rank_vol_m6_n6_pairwise1,2020-04-30,as_偏股混合型基金,1.3355532734219544,159,ok,
FAC_rank_vol_m6_n6_pairwise1,2020-04-30,Ctrl_log_fund_size,1.114263419869802,159,ok,
FAC_rank_vol_m6_n6_pairwise1,2020-04-30,Ctrl_fund_age,1.382959266793465,159,ok,
FAC_rank_vol_m6_n6_pairwise1,2020-05-29,FAC_rank_vol_m6_n6_pairwise1,1.1856411090079781,161,ok,
FAC_rank_vol_m6_n6_pairwise1,2020-05-29,CtrlRetSTR,1.30455537867155,161,ok,
FAC_rank_vol_m6_n6_pairwise1,2020-05-29,CtrlRetLTM,1.4914292414862726,161,ok,
FAC_rank_vol_m6_n6_pairwise1,2020-05-29,CtrlVol,1.506810854006384,161,ok,
FAC_rank_vol_m6_n6_pairwise1,2020-05-29,as_偏股混合型基金,1.3356229421559458,161,ok,
FAC_rank_vol_m6_n6_pairwise1,2020-05-29,Ctrl_log_fund_size,1.099204234827683,161,ok,
FAC_rank_vol_m6_n6_pairwise1,2020-05-29,Ctrl_fund_age,1.3835819118629307,161,ok,
FAC_rank_vol_m6_n6_pairwise1,2020-06-30,FAC_rank_vol_m6_n6_pairwise1,1.1436578906971997,168,ok,
FAC_rank_vol_m6_n6_pairwise1,2020-06-30,CtrlRetSTR,1.2217498108884557,168,ok,
FAC_rank_vol_m6_n6_pairwise1,2020-06-30,CtrlRetLTM,1.406672178377055,168,ok,
FAC_rank_vol_m6_n6_pairwise1,2020-06-30,CtrlVol,1.2391014847045954,168,ok,
FAC_rank_vol_m6_n6_pairwise1,2020-06-30,as_偏股混合型基金,1.3516182457312322,168,ok,
FAC_rank_vol_m6_n6_pairwise1,2020-06-30,Ctrl_log_fund_size,1.2776643260565281,168,ok,
FAC_rank_vol_m6_n6_pairwise1,2020-06-30,Ctrl_fund_age,1.458837009841585,168,ok,
FAC_rank_vol_m6_n6_pairwise1,2020-07-31,FAC_rank_vol_m6_n6_pairwise1,1.1846352089123096,170,ok,
FAC_rank_vol_m6_n6_pairwise1,2020-07-31,CtrlRetSTR,1.1896603178844845,170,ok,
FAC_rank_vol_m6_n6_pairwise1,2020-07-31,CtrlRetLTM,1.622779566163841,170,ok,
FAC_rank_vol_m6_n6_pairwise1,2020-07-31,CtrlVol,1.2923303289150971,170,ok,
FAC_rank_vol_m6_n6_pairwise1,2020-07-31,as_偏股混合型基金,1.3819047632449981,170,ok,
FAC_rank_vol_m6_n6_pairwise1,2020-07-31,Ctrl_log_fund_size,1.3313064649809876,170,ok,
FAC_rank_vol_m6_n6_pairwise1,2020-07-31,Ctrl_fund_age,1.4902055404399284,170,ok,
FAC_rank_vol_m6_n6_pairwise1,2020-08-31,FAC_rank_vol_m6_n6_pairwise1,1.5288013281276798,180,ok,
FAC_rank_vol_m6_n6_pairwise1,2020-08-31,CtrlRetSTR,1.5415758603640826,180,ok,
FAC_rank_vol_m6_n6_pairwise1,2020-08-31,CtrlRetLTM,1.8885986663101009,180,ok,
FAC_rank_vol_m6_n6_pairwise1,2020-08-31,CtrlVol,1.6487528036901689,180,ok,
FAC_rank_vol_m6_n6_pairwise1,2020-08-31,as_偏股混合型基金,1.273644878446176,180,ok,
FAC_rank_vol_m6_n6_pairwise1,2020-08-31,Ctrl_log_fund_size,1.1761113082263772,180,ok,
FAC_rank_vol_m6_n6_pairwise1,2020-08-31,Ctrl_fund_age,1.347409373687711,180,ok,
FAC_rank_vol_m6_n6_pairwise1,2020-09-30,FAC_rank_vol_m6_n6_pairwise1,1.3284420036008988,179,ok,
FAC_rank_vol_m6_n6_pairwise1,2020-09-30,CtrlRetSTR,1.3092168302337799,179,ok,
FAC_rank_vol_m6_n6_pairwise1,2020-09-30,CtrlRetLTM,1.3525185903503907,179,ok,
FAC_rank_vol_m6_n6_pairwise1,2020-09-30,CtrlVol,1.398248334109315,179,ok,
FAC_rank_vol_m6_n6_pairwise1,2020-09-30,as_偏股混合型基金,1.2979019357964636,179,ok,
FAC_rank_vol_m6_n6_pairwise1,2020-09-30,Ctrl_log_fund_size,1.1365942070187656,179,ok,
FAC_rank_vol_m6_n6_pairwise1,2020-09-30,Ctrl_fund_age,1.3285476577536381,179,ok,
FAC_rank_vol_m6_n6_pairwise1,2020-10-30,FAC_rank_vol_m6_n6_pairwise1,1.1943579852019595,180,ok,
FAC_rank_vol_m6_n6_pairwise1,2020-10-30,CtrlRetSTR,1.0196056493942165,180,ok,
FAC_rank_vol_m6_n6_pairwise1,2020-10-30,CtrlRetLTM,1.359945107947368,180,ok,
FAC_rank_vol_m6_n6_pairwise1,2020-10-30,CtrlVol,1.2323819518437484,180,ok,
FAC_rank_vol_m6_n6_pairwise1,2020-10-30,as_偏股混合型基金,1.2890415041528782,180,ok,
FAC_rank_vol_m6_n6_pairwise1,2020-10-30,Ctrl_log_fund_size,1.0530707515199118,180,ok,
FAC_rank_vol_m6_n6_pairwise1,2020-10-30,Ctrl_fund_age,1.341335880140029,180,ok,
FAC_rank_vol_m6_n6_pairwise1,2020-11-30,FAC_rank_vol_m6_n6_pairwise1,1.2047276651437675,186,ok,
FAC_rank_vol_m6_n6_pairwise1,2020-11-30,CtrlRetSTR,1.3444316499212647,186,ok,
FAC_rank_vol_m6_n6_pairwise1,2020-11-30,CtrlRetLTM,1.2470331962487924,186,ok,
FAC_rank_vol_m6_n6_pairwise1,2020-11-30,CtrlVol,1.1220396835990156,186,ok,
FAC_rank_vol_m6_n6_pairwise1,2020-11-30,as_偏股混合型基金,1.2867057607036707,186,ok,
FAC_rank_vol_m6_n6_pairwise1,2020-11-30,Ctrl_log_fund_size,1.1595917525159316,186,ok,
FAC_rank_vol_m6_n6_pairwise1,2020-11-30,Ctrl_fund_age,1.3609988252907346,186,ok,
FAC_rank_vol_m6_n6_pairwise1,2020-12-31,FAC_rank_vol_m6_n6_pairwise1,1.2036801981136391,190,ok,
FAC_rank_vol_m6_n6_pairwise1,2020-12-31,CtrlRetSTR,1.1703944400740465,190,ok,
FAC_rank_vol_m6_n6_pairwise1,2020-12-31,CtrlRetLTM,1.199121093151803,190,ok,
FAC_rank_vol_m6_n6_pairwise1,2020-12-31,CtrlVol,1.3456791918017617,190,ok,
FAC_rank_vol_m6_n6_pairwise1,2020-12-31,as_偏股混合型基金,1.2674524209497033,190,ok,
FAC_rank_vol_m6_n6_pairwise1,2020-12-31,Ctrl_log_fund_size,1.129859706625092,190,ok,
FAC_rank_vol_m6_n6_pairwise1,2020-12-31,Ctrl_fund_age,1.3737879493621479,190,ok,
FAC_rank_vol_m6_n6_pairwise1,2021-01-29,FAC_rank_vol_m6_n6_pairwise1,1.3265104509319277,189,ok,
FAC_rank_vol_m6_n6_pairwise1,2021-01-29,CtrlRetSTR,1.0302093253757945,189,ok,
FAC_rank_vol_m6_n6_pairwise1,2021-01-29,CtrlRetLTM,1.4622602871794597,189,ok,
FAC_rank_vol_m6_n6_pairwise1,2021-01-29,CtrlVol,1.3500255544847464,189,ok,
FAC_rank_vol_m6_n6_pairwise1,2021-01-29,as_偏股混合型基金,1.2551728157650066,189,ok,
FAC_rank_vol_m6_n6_pairwise1,2021-01-29,Ctrl_log_fund_size,1.1801213933642603,189,ok,
FAC_rank_vol_m6_n6_pairwise1,2021-01-29,Ctrl_fund_age,1.3341639146573023,189,ok,
FAC_rank_vol_m6_n6_pairwise1,2021-02-26,FAC_rank_vol_m6_n6_pairwise1,1.4109544951262036,200,ok,
FAC_rank_vol_m6_n6_pairwise1,2021-02-26,CtrlRetSTR,1.416637069810411,200,ok,
FAC_rank_vol_m6_n6_pairwise1,2021-02-26,CtrlRetLTM,1.6390686854420922,200,ok,
FAC_rank_vol_m6_n6_pairwise1,2021-02-26,CtrlVol,1.3556556593373512,200,ok,
FAC_rank_vol_m6_n6_pairwise1,2021-02-26,as_偏股混合型基金,1.2225792425584632,200,ok,
FAC_rank_vol_m6_n6_pairwise1,2021-02-26,Ctrl_log_fund_size,1.0815962986513508,200,ok,
FAC_rank_vol_m6_n6_pairwise1,2021-02-26,Ctrl_fund_age,1.2508625581466308,200,ok,
FAC_rank_vol_m6_n6_pairwise1,2021-03-31,FAC_rank_vol_m6_n6_pairwise1,1.491264185889763,205,ok,
FAC_rank_vol_m6_n6_pairwise1,2021-03-31,CtrlRetSTR,1.2917549086715014,205,ok,
FAC_rank_vol_m6_n6_pairwise1,2021-03-31,CtrlRetLTM,2.0241573359661733,205,ok,
FAC_rank_vol_m6_n6_pairwise1,2021-03-31,CtrlVol,1.6180019294986747,205,ok,
FAC_rank_vol_m6_n6_pairwise1,2021-03-31,as_偏股混合型基金,1.1710100962916905,205,ok,
FAC_rank_vol_m6_n6_pairwise1,2021-03-31,Ctrl_log_fund_size,1.1318686844129284,205,ok,
FAC_rank_vol_m6_n6_pairwise1,2021-03-31,Ctrl_fund_age,1.1523047936508963,205,ok,
FAC_rank_vol_m6_n6_pairwise1,2021-04-30,FAC_rank_vol_m6_n6_pairwise1,1.3007595913389263,208,ok,
FAC_rank_vol_m6_n6_pairwise1,2021-04-30,CtrlRetSTR,1.795306175536949,208,ok,
FAC_rank_vol_m6_n6_pairwise1,2021-04-30,CtrlRetLTM,1.4197736012356146,208,ok,
FAC_rank_vol_m6_n6_pairwise1,2021-04-30,CtrlVol,2.01402282215318,208,ok,
FAC_rank_vol_m6_n6_pairwise1,2021-04-30,as_偏股混合型基金,1.1489207755467497,208,ok,
FAC_rank_vol_m6_n6_pairwise1,2021-04-30,Ctrl_log_fund_size,1.0975820585152527,208,ok,
FAC_rank_vol_m6_n6_pairwise1,2021-04-30,Ctrl_fund_age,1.1478286886597857,208,ok,
FAC_rank_vol_m6_n6_pairwise1,2021-05-31,FAC_rank_vol_m6_n6_pairwise1,1.2787678850282207,219,ok,
FAC_rank_vol_m6_n6_pairwise1,2021-05-31,CtrlRetSTR,1.5329931109970167,219,ok,
FAC_rank_vol_m6_n6_pairwise1,2021-05-31,CtrlRetLTM,1.4302799812210787,219,ok,
FAC_rank_vol_m6_n6_pairwise1,2021-05-31,CtrlVol,1.7403422137568543,219,ok,
FAC_rank_vol_m6_n6_pairwise1,2021-05-31,as_偏股混合型基金,1.1227038776642695,219,ok,
FAC_rank_vol_m6_n6_pairwise1,2021-05-31,Ctrl_log_fund_size,1.050532176290035,219,ok,
FAC_rank_vol_m6_n6_pairwise1,2021-05-31,Ctrl_fund_age,1.1356133517224931,219,ok,
FAC_rank_vol_m6_n6_pairwise1,2021-06-30,FAC_rank_vol_m6_n6_pairwise1,1.3158997393726664,222,ok,
FAC_rank_vol_m6_n6_pairwise1,2021-06-30,CtrlRetSTR,1.4492038538954455,222,ok,
FAC_rank_vol_m6_n6_pairwise1,2021-06-30,CtrlRetLTM,1.2629351305859633,222,ok,
FAC_rank_vol_m6_n6_pairwise1,2021-06-30,CtrlVol,1.4391357330804873,222,ok,
FAC_rank_vol_m6_n6_pairwise1,2021-06-30,as_偏股混合型基金,1.1368438029771712,222,ok,
FAC_rank_vol_m6_n6_pairwise1,2021-06-30,Ctrl_log_fund_size,1.11764117810273,222,ok,
FAC_rank_vol_m6_n6_pairwise1,2021-06-30,Ctrl_fund_age,1.1402565361696149,222,ok,
FAC_rank_vol_m6_n6_pairwise1,2021-07-30,FAC_rank_vol_m6_n6_pairwise1,1.3713098636504093,231,ok,
FAC_rank_vol_m6_n6_pairwise1,2021-07-30,CtrlRetSTR,1.3415295890957777,231,ok,
FAC_rank_vol_m6_n6_pairwise1,2021-07-30,CtrlRetLTM,1.5690422532476507,231,ok,
FAC_rank_vol_m6_n6_pairwise1,2021-07-30,CtrlVol,1.3534441617733874,231,ok,
FAC_rank_vol_m6_n6_pairwise1,2021-07-30,as_偏股混合型基金,1.1795971788817956,231,ok,
FAC_rank_vol_m6_n6_pairwise1,2021-07-30,Ctrl_log_fund_size,1.1481724762667933,231,ok,
FAC_rank_vol_m6_n6_pairwise1,2021-07-30,Ctrl_fund_age,1.227017394310109,231,ok,
FAC_rank_vol_m6_n6_pairwise1,2021-08-31,FAC_rank_vol_m6_n6_pairwise1,1.4909578028975252,247,ok,
FAC_rank_vol_m6_n6_pairwise1,2021-08-31,CtrlRetSTR,1.7170228086806192,247,ok,
FAC_rank_vol_m6_n6_pairwise1,2021-08-31,CtrlRetLTM,2.454872562079276,247,ok,
FAC_rank_vol_m6_n6_pairwise1,2021-08-31,CtrlVol,1.7701145380906051,247,ok,
FAC_rank_vol_m6_n6_pairwise1,2021-08-31,as_偏股混合型基金,1.2143646142704927,247,ok,
FAC_rank_vol_m6_n6_pairwise1,2021-08-31,Ctrl_log_fund_size,1.1100056609149818,247,ok,
FAC_rank_vol_m6_n6_pairwise1,2021-08-31,Ctrl_fund_age,1.2047412826663482,247,ok,
FAC_rank_vol_m6_n6_pairwise1,2021-09-30,FAC_rank_vol_m6_n6_pairwise1,1.2351331313678688,244,ok,
FAC_rank_vol_m6_n6_pairwise1,2021-09-30,CtrlRetSTR,2.0158992647939042,244,ok,
FAC_rank_vol_m6_n6_pairwise1,2021-09-30,CtrlRetLTM,2.4001736560507907,244,ok,
FAC_rank_vol_m6_n6_pairwise1,2021-09-30,CtrlVol,1.3866528635142865,244,ok,
FAC_rank_vol_m6_n6_pairwise1,2021-09-30,as_偏股混合型基金,1.2141149751515448,244,ok,
FAC_rank_vol_m6_n6_pairwise1,2021-09-30,Ctrl_log_fund_size,1.1702343802287354,244,ok,
FAC_rank_vol_m6_n6_pairwise1,2021-09-30,Ctrl_fund_age,1.230261793473101,244,ok,
FAC_rank_vol_m6_n6_pairwise1,2021-10-29,FAC_rank_vol_m6_n6_pairwise1,1.3671276712992446,251,ok,
FAC_rank_vol_m6_n6_pairwise1,2021-10-29,CtrlRetSTR,1.1494651856795768,251,ok,
FAC_rank_vol_m6_n6_pairwise1,2021-10-29,CtrlRetLTM,1.561967532348513,251,ok,
FAC_rank_vol_m6_n6_pairwise1,2021-10-29,CtrlVol,1.4855689445561289,251,ok,
FAC_rank_vol_m6_n6_pairwise1,2021-10-29,as_偏股混合型基金,1.1629098023223545,251,ok,
FAC_rank_vol_m6_n6_pairwise1,2021-10-29,Ctrl_log_fund_size,1.1241063773920839,251,ok,
FAC_rank_vol_m6_n6_pairwise1,2021-10-29,Ctrl_fund_age,1.1746338056957104,251,ok,
FAC_rank_vol_m6_n6_pairwise1,2021-11-30,FAC_rank_vol_m6_n6_pairwise1,1.3707209986783744,264,ok,
FAC_rank_vol_m6_n6_pairwise1,2021-11-30,CtrlRetSTR,1.0892580609030278,264,ok,
FAC_rank_vol_m6_n6_pairwise1,2021-11-30,CtrlRetLTM,2.233582626480109,264,ok,
FAC_rank_vol_m6_n6_pairwise1,2021-11-30,CtrlVol,2.146617069420929,264,ok,
FAC_rank_vol_m6_n6_pairwise1,2021-11-30,as_偏股混合型基金,1.1283436157597693,264,ok,
FAC_rank_vol_m6_n6_pairwise1,2021-11-30,Ctrl_log_fund_size,1.1139042231124792,264,ok,
FAC_rank_vol_m6_n6_pairwise1,2021-11-30,Ctrl_fund_age,1.1337317388504433,264,ok,
FAC_rank_vol_m6_n6_pairwise1,2021-12-31,FAC_rank_vol_m6_n6_pairwise1,1.3444085063551041,263,ok,
FAC_rank_vol_m6_n6_pairwise1,2021-12-31,CtrlRetSTR,1.8713811092978028,263,ok,
FAC_rank_vol_m6_n6_pairwise1,2021-12-31,CtrlRetLTM,1.8389753577550119,263,ok,
FAC_rank_vol_m6_n6_pairwise1,2021-12-31,CtrlVol,2.149748745962061,263,ok,
FAC_rank_vol_m6_n6_pairwise1,2021-12-31,as_偏股混合型基金,1.1184207210952581,263,ok,
FAC_rank_vol_m6_n6_pairwise1,2021-12-31,Ctrl_log_fund_size,1.1424263424792176,263,ok,
FAC_rank_vol_m6_n6_pairwise1,2021-12-31,Ctrl_fund_age,1.1194034398715078,263,ok,
FAC_rank_vol_m6_n6_pairwise1,2022-01-28,FAC_rank_vol_m6_n6_pairwise1,1.7109001938703676,266,ok,
FAC_rank_vol_m6_n6_pairwise1,2022-01-28,CtrlRetSTR,1.3444146417439178,266,ok,
FAC_rank_vol_m6_n6_pairwise1,2022-01-28,CtrlRetLTM,1.4403591452319582,266,ok,
FAC_rank_vol_m6_n6_pairwise1,2022-01-28,CtrlVol,2.3792427729738783,266,ok,
FAC_rank_vol_m6_n6_pairwise1,2022-01-28,as_偏股混合型基金,1.1088811974002821,266,ok,
FAC_rank_vol_m6_n6_pairwise1,2022-01-28,Ctrl_log_fund_size,1.1416446054038678,266,ok,
FAC_rank_vol_m6_n6_pairwise1,2022-01-28,Ctrl_fund_age,1.1583746298926605,266,ok,
FAC_rank_vol_m6_n6_pairwise1,2022-02-28,FAC_rank_vol_m6_n6_pairwise1,1.5621298677143916,280,ok,
FAC_rank_vol_m6_n6_pairwise1,2022-02-28,CtrlRetSTR,1.371118152521813,280,ok,
FAC_rank_vol_m6_n6_pairwise1,2022-02-28,CtrlRetLTM,1.514382173243179,280,ok,
FAC_rank_vol_m6_n6_pairwise1,2022-02-28,CtrlVol,2.4309517177894624,280,ok,
FAC_rank_vol_m6_n6_pairwise1,2022-02-28,as_偏股混合型基金,1.1000043436561842,280,ok,
FAC_rank_vol_m6_n6_pairwise1,2022-02-28,Ctrl_log_fund_size,1.104970019181354,280,ok,
FAC_rank_vol_m6_n6_pairwise1,2022-02-28,Ctrl_fund_age,1.1023924503714615,280,ok,
FAC_rank_vol_m6_n6_pairwise1,2022-03-31,FAC_rank_vol_m6_n6_pairwise1,1.4549392870013849,278,ok,
FAC_rank_vol_m6_n6_pairwise1,2022-03-31,CtrlRetSTR,1.3049611732215483,278,ok,
FAC_rank_vol_m6_n6_pairwise1,2022-03-31,CtrlRetLTM,3.106222102539292,278,ok,
FAC_rank_vol_m6_n6_pairwise1,2022-03-31,CtrlVol,3.885484228391952,278,ok,
FAC_rank_vol_m6_n6_pairwise1,2022-03-31,as_偏股混合型基金,1.0764071555242676,278,ok,
FAC_rank_vol_m6_n6_pairwise1,2022-03-31,Ctrl_log_fund_size,1.1111290269911045,278,ok,
FAC_rank_vol_m6_n6_pairwise1,2022-03-31,Ctrl_fund_age,1.114205026652904,278,ok,
FAC_rank_vol_m6_n6_pairwise1,2022-04-29,FAC_rank_vol_m6_n6_pairwise1,1.266055209116553,291,ok,
FAC_rank_vol_m6_n6_pairwise1,2022-04-29,CtrlRetSTR,1.7013904491339251,291,ok,
FAC_rank_vol_m6_n6_pairwise1,2022-04-29,CtrlRetLTM,1.4348058624439934,291,ok,
FAC_rank_vol_m6_n6_pairwise1,2022-04-29,CtrlVol,1.9147813175473627,291,ok,
FAC_rank_vol_m6_n6_pairwise1,2022-04-29,as_偏股混合型基金,1.0689069820177761,291,ok,
FAC_rank_vol_m6_n6_pairwise1,2022-04-29,Ctrl_log_fund_size,1.0665780275102898,291,ok,
FAC_rank_vol_m6_n6_pairwise1,2022-04-29,Ctrl_fund_age,1.0719320708430848,291,ok,
FAC_rank_vol_m6_n6_pairwise1,2022-05-31,FAC_rank_vol_m6_n6_pairwise1,1.7439954174992127,308,ok,
FAC_rank_vol_m6_n6_pairwise1,2022-05-31,CtrlRetSTR,1.8187855282194298,308,ok,
FAC_rank_vol_m6_n6_pairwise1,2022-05-31,CtrlRetLTM,1.3607667569357735,308,ok,
FAC_rank_vol_m6_n6_pairwise1,2022-05-31,CtrlVol,2.4966068017191283,308,ok,
FAC_rank_vol_m6_n6_pairwise1,2022-05-31,as_偏股混合型基金,1.0523794643312814,308,ok,
FAC_rank_vol_m6_n6_pairwise1,2022-05-31,Ctrl_log_fund_size,1.077904102365149,308,ok,
FAC_rank_vol_m6_n6_pairwise1,2022-05-31,Ctrl_fund_age,1.0945311148127361,308,ok,
FAC_rank_vol_m6_n6_pairwise1,2022-06-30,FAC_rank_vol_m6_n6_pairwise1,1.7011902900211995,325,ok,
FAC_rank_vol_m6_n6_pairwise1,2022-06-30,CtrlRetSTR,1.6300695307626314,325,ok,
FAC_rank_vol_m6_n6_pairwise1,2022-06-30,CtrlRetLTM,1.8186106095170103,325,ok,
FAC_rank_vol_m6_n6_pairwise1,2022-06-30,CtrlVol,2.2983930445429017,325,ok,
FAC_rank_vol_m6_n6_pairwise1,2022-06-30,as_偏股混合型基金,1.0478288642911548,325,ok,
FAC_rank_vol_m6_n6_pairwise1,2022-06-30,Ctrl_log_fund_size,1.069292013602076,325,ok,
FAC_rank_vol_m6_n6_pairwise1,2022-06-30,Ctrl_fund_age,1.0721560574362725,325,ok,
FAC_rank_vol_m6_n12_pairwise1,2006-01-25,FAC_rank_vol_m6_n12_pairwise1,,1,skipped,完整变量样本数小于 min_cross_section_n
FAC_rank_vol_m6_n12_pairwise1,2006-01-25,CtrlRetSTR,,1,skipped,完整变量样本数小于 min_cross_section_n
FAC_rank_vol_m6_n12_pairwise1,2006-01-25,CtrlRetLTM,,1,skipped,完整变量样本数小于 min_cross_section_n
FAC_rank_vol_m6_n12_pairwise1,2006-01-25,CtrlVol,,1,skipped,完整变量样本数小于 min_cross_section_n
FAC_rank_vol_m6_n12_pairwise1,2006-01-25,as_偏股混合型基金,,1,skipped,完整变量样本数小于 min_cross_section_n
FAC_rank_vol_m6_n12_pairwise1,2006-01-25,Ctrl_log_fund_size,,1,skipped,完整变量样本数小于 min_cross_section_n
FAC_rank_vol_m6_n12_pairwise1,2006-01-25,Ctrl_fund_age,,1,skipped,完整变量样本数小于 min_cross_section_n
FAC_rank_vol_m6_n12_pairwise1,2006-02-28,FAC_rank_vol_m6_n12_pairwise1,,1,skipped,完整变量样本数小于 min_cross_section_n
FAC_rank_vol_m6_n12_pairwise1,2006-02-28,CtrlRetSTR,,1,skipped,完整变量样本数小于 min_cross_section_n
FAC_rank_vol_m6_n12_pairwise1,2006-02-28,CtrlRetLTM,,1,skipped,完整变量样本数小于 min_cross_section_n
FAC_rank_vol_m6_n12_pairwise1,2006-02-28,CtrlVol,,1,skipped,完整变量样本数小于 min_cross_section_n
FAC_rank_vol_m6_n12_pairwise1,2006-02-28,as_偏股混合型基金,,1,skipped,完整变量样本数小于 min_cross_section_n
FAC_rank_vol_m6_n12_pairwise1,2006-02-28,Ctrl_log_fund_size,,1,skipped,完整变量样本数小于 min_cross_section_n
FAC_rank_vol_m6_n12_pairwise1,2006-02-28,Ctrl_fund_age,,1,skipped,完整变量样本数小于 min_cross_section_n
FAC_rank_vol_m6_n12_pairwise1,2006-03-31,FAC_rank_vol_m6_n12_pairwise1,,1,skipped,完整变量样本数小于 min_cross_section_n
FAC_rank_vol_m6_n12_pairwise1,2006-03-31,CtrlRetSTR,,1,skipped,完整变量样本数小于 min_cross_section_n
FAC_rank_vol_m6_n12_pairwise1,2006-03-31,CtrlRetLTM,,1,skipped,完整变量样本数小于 min_cross_section_n
FAC_rank_vol_m6_n12_pairwise1,2006-03-31,CtrlVol,,1,skipped,完整变量样本数小于 min_cross_section_n
FAC_rank_vol_m6_n12_pairwise1,2006-03-31,as_偏股混合型基金,,1,skipped,完整变量样本数小于 min_cross_section_n
FAC_rank_vol_m6_n12_pairwise1,2006-03-31,Ctrl_log_fund_size,,1,skipped,完整变量样本数小于 min_cross_section_n
FAC_rank_vol_m6_n12_pairwise1,2006-03-31,Ctrl_fund_age,,1,skipped,完整变量样本数小于 min_cross_section_n
FAC_rank_vol_m6_n12_pairwise1,2006-04-28,FAC_rank_vol_m6_n12_pairwise1,,1,skipped,完整变量样本数小于 min_cross_section_n
FAC_rank_vol_m6_n12_pairwise1,2006-04-28,CtrlRetSTR,,1,skipped,完整变量样本数小于 min_cross_section_n
FAC_rank_vol_m6_n12_pairwise1,2006-04-28,CtrlRetLTM,,1,skipped,完整变量样本数小于 min_cross_section_n
FAC_rank_vol_m6_n12_pairwise1,2006-04-28,CtrlVol,,1,skipped,完整变量样本数小于 min_cross_section_n
FAC_rank_vol_m6_n12_pairwise1,2006-04-28,as_偏股混合型基金,,1,skipped,完整变量样本数小于 min_cross_section_n
FAC_rank_vol_m6_n12_pairwise1,2006-04-28,Ctrl_log_fund_size,,1,skipped,完整变量样本数小于 min_cross_section_n
FAC_rank_vol_m6_n12_pairwise1,2006-04-28,Ctrl_fund_age,,1,skipped,完整变量样本数小于 min_cross_section_n
FAC_rank_vol_m6_n12_pairwise1,2006-05-31,FAC_rank_vol_m6_n12_pairwise1,,1,skipped,完整变量样本数小于 min_cross_section_n
FAC_rank_vol_m6_n12_pairwise1,2006-05-31,CtrlRetSTR,,1,skipped,完整变量样本数小于 min_cross_section_n
FAC_rank_vol_m6_n12_pairwise1,2006-05-31,CtrlRetLTM,,1,skipped,完整变量样本数小于 min_cross_section_n
FAC_rank_vol_m6_n12_pairwise1,2006-05-31,CtrlVol,,1,skipped,完整变量样本数小于 min_cross_section_n
FAC_rank_vol_m6_n12_pairwise1,2006-05-31,as_偏股混合型基金,,1,skipped,完整变量样本数小于 min_cross_section_n
FAC_rank_vol_m6_n12_pairwise1,2006-05-31,Ctrl_log_fund_size,,1,skipped,完整变量样本数小于 min_cross_section_n
FAC_rank_vol_m6_n12_pairwise1,2006-05-31,Ctrl_fund_age,,1,skipped,完整变量样本数小于 min_cross_section_n
FAC_rank_vol_m6_n12_pairwise1,2006-06-30,FAC_rank_vol_m6_n12_pairwise1,,1,skipped,完整变量样本数小于 min_cross_section_n
FAC_rank_vol_m6_n12_pairwise1,2006-06-30,CtrlRetSTR,,1,skipped,完整变量样本数小于 min_cross_section_n
FAC_rank_vol_m6_n12_pairwise1,2006-06-30,CtrlRetLTM,,1,skipped,完整变量样本数小于 min_cross_section_n
FAC_rank_vol_m6_n12_pairwise1,2006-06-30,CtrlVol,,1,skipped,完整变量样本数小于 min_cross_section_n
FAC_rank_vol_m6_n12_pairwise1,2006-06-30,as_偏股混合型基金,,1,skipped,完整变量样本数小于 min_cross_section_n
FAC_rank_vol_m6_n12_pairwise1,2006-06-30,Ctrl_log_fund_size,,1,skipped,完整变量样本数小于 min_cross_section_n
FAC_rank_vol_m6_n12_pairwise1,2006-06-30,Ctrl_fund_age,,1,skipped,完整变量样本数小于 min_cross_section_n
FAC_rank_vol_m6_n12_pairwise1,2006-07-31,FAC_rank_vol_m6_n12_pairwise1,,1,skipped,完整变量样本数小于 min_cross_section_n
FAC_rank_vol_m6_n12_pairwise1,2006-07-31,CtrlRetSTR,,1,skipped,完整变量样本数小于 min_cross_section_n
FAC_rank_vol_m6_n12_pairwise1,2006-07-31,CtrlRetLTM,,1,skipped,完整变量样本数小于 min_cross_section_n
FAC_rank_vol_m6_n12_pairwise1,2006-07-31,CtrlVol,,1,skipped,完整变量样本数小于 min_cross_section_n
FAC_rank_vol_m6_n12_pairwise1,2006-07-31,as_偏股混合型基金,,1,skipped,完整变量样本数小于 min_cross_section_n
FAC_rank_vol_m6_n12_pairwise1,2006-07-31,Ctrl_log_fund_size,,1,skipped,完整变量样本数小于 min_cross_section_n
FAC_rank_vol_m6_n12_pairwise1,2006-07-31,Ctrl_fund_age,,1,skipped,完整变量样本数小于 min_cross_section_n
FAC_rank_vol_m6_n12_pairwise1,2006-08-31,FAC_rank_vol_m6_n12_pairwise1,,1,skipped,完整变量样本数小于 min_cross_section_n
FAC_rank_vol_m6_n12_pairwise1,2006-08-31,CtrlRetSTR,,1,skipped,完整变量样本数小于 min_cross_section_n
FAC_rank_vol_m6_n12_pairwise1,2006-08-31,CtrlRetLTM,,1,skipped,完整变量样本数小于 min_cross_section_n
FAC_rank_vol_m6_n12_pairwise1,2006-08-31,CtrlVol,,1,skipped,完整变量样本数小于 min_cross_section_n
FAC_rank_vol_m6_n12_pairwise1,2006-08-31,as_偏股混合型基金,,1,skipped,完整变量样本数小于 min_cross_section_n
FAC_rank_vol_m6_n12_pairwise1,2006-08-31,Ctrl_log_fund_size,,1,skipped,完整变量样本数小于 min_cross_section_n
FAC_rank_vol_m6_n12_pairwise1,2006-08-31,Ctrl_fund_age,,1,skipped,完整变量样本数小于 min_cross_section_n
FAC_rank_vol_m6_n12_pairwise1,2006-09-29,FAC_rank_vol_m6_n12_pairwise1,,1,skipped,完整变量样本数小于 min_cross_section_n
FAC_rank_vol_m6_n12_pairwise1,2006-09-29,CtrlRetSTR,,1,skipped,完整变量样本数小于 min_cross_section_n
FAC_rank_vol_m6_n12_pairwise1,2006-09-29,CtrlRetLTM,,1,skipped,完整变量样本数小于 min_cross_section_n
FAC_rank_vol_m6_n12_pairwise1,2006-09-29,CtrlVol,,1,skipped,完整变量样本数小于 min_cross_section_n
FAC_rank_vol_m6_n12_pairwise1,2006-09-29,as_偏股混合型基金,,1,skipped,完整变量样本数小于 min_cross_section_n
FAC_rank_vol_m6_n12_pairwise1,2006-09-29,Ctrl_log_fund_size,,1,skipped,完整变量样本数小于 min_cross_section_n
FAC_rank_vol_m6_n12_pairwise1,2006-09-29,Ctrl_fund_age,,1,skipped,完整变量样本数小于 min_cross_section_n
FAC_rank_vol_m6_n12_pairwise1,2006-10-31,FAC_rank_vol_m6_n12_pairwise1,,1,skipped,完整变量样本数小于 min_cross_section_n
FAC_rank_vol_m6_n12_pairwise1,2006-10-31,CtrlRetSTR,,1,skipped,完整变量样本数小于 min_cross_section_n
FAC_rank_vol_m6_n12_pairwise1,2006-10-31,CtrlRetLTM,,1,skipped,完整变量样本数小于 min_cross_section_n
FAC_rank_vol_m6_n12_pairwise1,2006-10-31,CtrlVol,,1,skipped,完整变量样本数小于 min_cross_section_n
FAC_rank_vol_m6_n12_pairwise1,2006-10-31,as_偏股混合型基金,,1,skipped,完整变量样本数小于 min_cross_section_n
FAC_rank_vol_m6_n12_pairwise1,2006-10-31,Ctrl_log_fund_size,,1,skipped,完整变量样本数小于 min_cross_section_n
FAC_rank_vol_m6_n12_pairwise1,2006-10-31,Ctrl_fund_age,,1,skipped,完整变量样本数小于 min_cross_section_n
FAC_rank_vol_m6_n12_pairwise1,2006-11-30,FAC_rank_vol_m6_n12_pairwise1,,1,skipped,完整变量样本数小于 min_cross_section_n
FAC_rank_vol_m6_n12_pairwise1,2006-11-30,CtrlRetSTR,,1,skipped,完整变量样本数小于 min_cross_section_n
FAC_rank_vol_m6_n12_pairwise1,2006-11-30,CtrlRetLTM,,1,skipped,完整变量样本数小于 min_cross_section_n
FAC_rank_vol_m6_n12_pairwise1,2006-11-30,CtrlVol,,1,skipped,完整变量样本数小于 min_cross_section_n
FAC_rank_vol_m6_n12_pairwise1,2006-11-30,as_偏股混合型基金,,1,skipped,完整变量样本数小于 min_cross_section_n
FAC_rank_vol_m6_n12_pairwise1,2006-11-30,Ctrl_log_fund_size,,1,skipped,完整变量样本数小于 min_cross_section_n
FAC_rank_vol_m6_n12_pairwise1,2006-11-30,Ctrl_fund_age,,1,skipped,完整变量样本数小于 min_cross_section_n
FAC_rank_vol_m6_n12_pairwise1,2006-12-29,FAC_rank_vol_m6_n12_pairwise1,,2,skipped,完整变量样本数小于 min_cross_section_n
FAC_rank_vol_m6_n12_pairwise1,2006-12-29,CtrlRetSTR,,2,skipped,完整变量样本数小于 min_cross_section_n
FAC_rank_vol_m6_n12_pairwise1,2006-12-29,CtrlRetLTM,,2,skipped,完整变量样本数小于 min_cross_section_n
FAC_rank_vol_m6_n12_pairwise1,2006-12-29,CtrlVol,,2,skipped,完整变量样本数小于 min_cross_section_n
FAC_rank_vol_m6_n12_pairwise1,2006-12-29,as_偏股混合型基金,,2,skipped,完整变量样本数小于 min_cross_section_n
FAC_rank_vol_m6_n12_pairwise1,2006-12-29,Ctrl_log_fund_size,,2,skipped,完整变量样本数小于 min_cross_section_n
FAC_rank_vol_m6_n12_pairwise1,2006-12-29,Ctrl_fund_age,,2,skipped,完整变量样本数小于 min_cross_section_n
FAC_rank_vol_m6_n12_pairwise1,2007-01-31,FAC_rank_vol_m6_n12_pairwise1,,2,skipped,完整变量样本数小于 min_cross_section_n
FAC_rank_vol_m6_n12_pairwise1,2007-01-31,CtrlRetSTR,,2,skipped,完整变量样本数小于 min_cross_section_n
FAC_rank_vol_m6_n12_pairwise1,2007-01-31,CtrlRetLTM,,2,skipped,完整变量样本数小于 min_cross_section_n
FAC_rank_vol_m6_n12_pairwise1,2007-01-31,CtrlVol,,2,skipped,完整变量样本数小于 min_cross_section_n
FAC_rank_vol_m6_n12_pairwise1,2007-01-31,as_偏股混合型基金,,2,skipped,完整变量样本数小于 min_cross_section_n
FAC_rank_vol_m6_n12_pairwise1,2007-01-31,Ctrl_log_fund_size,,2,skipped,完整变量样本数小于 min_cross_section_n
FAC_rank_vol_m6_n12_pairwise1,2007-01-31,Ctrl_fund_age,,2,skipped,完整变量样本数小于 min_cross_section_n
FAC_rank_vol_m6_n12_pairwise1,2007-02-28,FAC_rank_vol_m6_n12_pairwise1,,2,skipped,完整变量样本数小于 min_cross_section_n
FAC_rank_vol_m6_n12_pairwise1,2007-02-28,CtrlRetSTR,,2,skipped,完整变量样本数小于 min_cross_section_n
FAC_rank_vol_m6_n12_pairwise1,2007-02-28,CtrlRetLTM,,2,skipped,完整变量样本数小于 min_cross_section_n
FAC_rank_vol_m6_n12_pairwise1,2007-02-28,CtrlVol,,2,skipped,完整变量样本数小于 min_cross_section_n
FAC_rank_vol_m6_n12_pairwise1,2007-02-28,as_偏股混合型基金,,2,skipped,完整变量样本数小于 min_cross_section_n
FAC_rank_vol_m6_n12_pairwise1,2007-02-28,Ctrl_log_fund_size,,2,skipped,完整变量样本数小于 min_cross_section_n
FAC_rank_vol_m6_n12_pairwise1,2007-02-28,Ctrl_fund_age,,2,skipped,完整变量样本数小于 min_cross_section_n
FAC_rank_vol_m6_n12_pairwise1,2007-03-30,FAC_rank_vol_m6_n12_pairwise1,,2,skipped,完整变量样本数小于 min_cross_section_n
FAC_rank_vol_m6_n12_pairwise1,2007-03-30,CtrlRetSTR,,2,skipped,完整变量样本数小于 min_cross_section_n
FAC_rank_vol_m6_n12_pairwise1,2007-03-30,CtrlRetLTM,,2,skipped,完整变量样本数小于 min_cross_section_n
FAC_rank_vol_m6_n12_pairwise1,2007-03-30,CtrlVol,,2,skipped,完整变量样本数小于 min_cross_section_n
FAC_rank_vol_m6_n12_pairwise1,2007-03-30,as_偏股混合型基金,,2,skipped,完整变量样本数小于 min_cross_section_n
FAC_rank_vol_m6_n12_pairwise1,2007-03-30,Ctrl_log_fund_size,,2,skipped,完整变量样本数小于 min_cross_section_n
FAC_rank_vol_m6_n12_pairwise1,2007-03-30,Ctrl_fund_age,,2,skipped,完整变量样本数小于 min_cross_section_n
FAC_rank_vol_m6_n12_pairwise1,2007-04-30,FAC_rank_vol_m6_n12_pairwise1,,2,skipped,完整变量样本数小于 min_cross_section_n
FAC_rank_vol_m6_n12_pairwise1,2007-04-30,CtrlRetSTR,,2,skipped,完整变量样本数小于 min_cross_section_n
FAC_rank_vol_m6_n12_pairwise1,2007-04-30,CtrlRetLTM,,2,skipped,完整变量样本数小于 min_cross_section_n
FAC_rank_vol_m6_n12_pairwise1,2007-04-30,CtrlVol,,2,skipped,完整变量样本数小于 min_cross_section_n
FAC_rank_vol_m6_n12_pairwise1,2007-04-30,as_偏股混合型基金,,2,skipped,完整变量样本数小于 min_cross_section_n
FAC_rank_vol_m6_n12_pairwise1,2007-04-30,Ctrl_log_fund_size,,2,skipped,完整变量样本数小于 min_cross_section_n
FAC_rank_vol_m6_n12_pairwise1,2007-04-30,Ctrl_fund_age,,2,skipped,完整变量样本数小于 min_cross_section_n
FAC_rank_vol_m6_n12_pairwise1,2007-05-31,FAC_rank_vol_m6_n12_pairwise1,,2,skipped,完整变量样本数小于 min_cross_section_n
FAC_rank_vol_m6_n12_pairwise1,2007-05-31,CtrlRetSTR,,2,skipped,完整变量样本数小于 min_cross_section_n
FAC_rank_vol_m6_n12_pairwise1,2007-05-31,CtrlRetLTM,,2,skipped,完整变量样本数小于 min_cross_section_n
FAC_rank_vol_m6_n12_pairwise1,2007-05-31,CtrlVol,,2,skipped,完整变量样本数小于 min_cross_section_n
FAC_rank_vol_m6_n12_pairwise1,2007-05-31,as_偏股混合型基金,,2,skipped,完整变量样本数小于 min_cross_section_n
FAC_rank_vol_m6_n12_pairwise1,2007-05-31,Ctrl_log_fund_size,,2,skipped,完整变量样本数小于 min_cross_section_n
FAC_rank_vol_m6_n12_pairwise1,2007-05-31,Ctrl_fund_age,,2,skipped,完整变量样本数小于 min_cross_section_n
FAC_rank_vol_m6_n12_pairwise1,2007-06-29,FAC_rank_vol_m6_n12_pairwise1,,2,skipped,完整变量样本数小于 min_cross_section_n
FAC_rank_vol_m6_n12_pairwise1,2007-06-29,CtrlRetSTR,,2,skipped,完整变量样本数小于 min_cross_section_n
FAC_rank_vol_m6_n12_pairwise1,2007-06-29,CtrlRetLTM,,2,skipped,完整变量样本数小于 min_cross_section_n
FAC_rank_vol_m6_n12_pairwise1,2007-06-29,CtrlVol,,2,skipped,完整变量样本数小于 min_cross_section_n
FAC_rank_vol_m6_n12_pairwise1,2007-06-29,as_偏股混合型基金,,2,skipped,完整变量样本数小于 min_cross_section_n
FAC_rank_vol_m6_n12_pairwise1,2007-06-29,Ctrl_log_fund_size,,2,skipped,完整变量样本数小于 min_cross_section_n
FAC_rank_vol_m6_n12_pairwise1,2007-06-29,Ctrl_fund_age,,2,skipped,完整变量样本数小于 min_cross_section_n
FAC_rank_vol_m6_n12_pairwise1,2007-07-31,FAC_rank_vol_m6_n12_pairwise1,,2,skipped,完整变量样本数小于 min_cross_section_n
FAC_rank_vol_m6_n12_pairwise1,2007-07-31,CtrlRetSTR,,2,skipped,完整变量样本数小于 min_cross_section_n
FAC_rank_vol_m6_n12_pairwise1,2007-07-31,CtrlRetLTM,,2,skipped,完整变量样本数小于 min_cross_section_n
FAC_rank_vol_m6_n12_pairwise1,2007-07-31,CtrlVol,,2,skipped,完整变量样本数小于 min_cross_section_n
FAC_rank_vol_m6_n12_pairwise1,2007-07-31,as_偏股混合型基金,,2,skipped,完整变量样本数小于 min_cross_section_n
FAC_rank_vol_m6_n12_pairwise1,2007-07-31,Ctrl_log_fund_size,,2,skipped,完整变量样本数小于 min_cross_section_n
FAC_rank_vol_m6_n12_pairwise1,2007-07-31,Ctrl_fund_age,,2,skipped,完整变量样本数小于 min_cross_section_n
FAC_rank_vol_m6_n12_pairwise1,2007-08-31,FAC_rank_vol_m6_n12_pairwise1,,2,skipped,完整变量样本数小于 min_cross_section_n
FAC_rank_vol_m6_n12_pairwise1,2007-08-31,CtrlRetSTR,,2,skipped,完整变量样本数小于 min_cross_section_n
FAC_rank_vol_m6_n12_pairwise1,2007-08-31,CtrlRetLTM,,2,skipped,完整变量样本数小于 min_cross_section_n
FAC_rank_vol_m6_n12_pairwise1,2007-08-31,CtrlVol,,2,skipped,完整变量样本数小于 min_cross_section_n
FAC_rank_vol_m6_n12_pairwise1,2007-08-31,as_偏股混合型基金,,2,skipped,完整变量样本数小于 min_cross_section_n
FAC_rank_vol_m6_n12_pairwise1,2007-08-31,Ctrl_log_fund_size,,2,skipped,完整变量样本数小于 min_cross_section_n
FAC_rank_vol_m6_n12_pairwise1,2007-08-31,Ctrl_fund_age,,2,skipped,完整变量样本数小于 min_cross_section_n
FAC_rank_vol_m6_n12_pairwise1,2007-09-28,FAC_rank_vol_m6_n12_pairwise1,,2,skipped,完整变量样本数小于 min_cross_section_n
FAC_rank_vol_m6_n12_pairwise1,2007-09-28,CtrlRetSTR,,2,skipped,完整变量样本数小于 min_cross_section_n
FAC_rank_vol_m6_n12_pairwise1,2007-09-28,CtrlRetLTM,,2,skipped,完整变量样本数小于 min_cross_section_n
FAC_rank_vol_m6_n12_pairwise1,2007-09-28,CtrlVol,,2,skipped,完整变量样本数小于 min_cross_section_n
FAC_rank_vol_m6_n12_pairwise1,2007-09-28,as_偏股混合型基金,,2,skipped,完整变量样本数小于 min_cross_section_n
FAC_rank_vol_m6_n12_pairwise1,2007-09-28,Ctrl_log_fund_size,,2,skipped,完整变量样本数小于 min_cross_section_n
FAC_rank_vol_m6_n12_pairwise1,2007-09-28,Ctrl_fund_age,,2,skipped,完整变量样本数小于 min_cross_section_n
FAC_rank_vol_m6_n12_pairwise1,2007-10-31,FAC_rank_vol_m6_n12_pairwise1,,2,skipped,完整变量样本数小于 min_cross_section_n
FAC_rank_vol_m6_n12_pairwise1,2007-10-31,CtrlRetSTR,,2,skipped,完整变量样本数小于 min_cross_section_n
FAC_rank_vol_m6_n12_pairwise1,2007-10-31,CtrlRetLTM,,2,skipped,完整变量样本数小于 min_cross_section_n
FAC_rank_vol_m6_n12_pairwise1,2007-10-31,CtrlVol,,2,skipped,完整变量样本数小于 min_cross_section_n
FAC_rank_vol_m6_n12_pairwise1,2007-10-31,as_偏股混合型基金,,2,skipped,完整变量样本数小于 min_cross_section_n
FAC_rank_vol_m6_n12_pairwise1,2007-10-31,Ctrl_log_fund_size,,2,skipped,完整变量样本数小于 min_cross_section_n
FAC_rank_vol_m6_n12_pairwise1,2007-10-31,Ctrl_fund_age,,2,skipped,完整变量样本数小于 min_cross_section_n
FAC_rank_vol_m6_n12_pairwise1,2007-11-30,FAC_rank_vol_m6_n12_pairwise1,,2,skipped,完整变量样本数小于 min_cross_section_n
FAC_rank_vol_m6_n12_pairwise1,2007-11-30,CtrlRetSTR,,2,skipped,完整变量样本数小于 min_cross_section_n
FAC_rank_vol_m6_n12_pairwise1,2007-11-30,CtrlRetLTM,,2,skipped,完整变量样本数小于 min_cross_section_n
FAC_rank_vol_m6_n12_pairwise1,2007-11-30,CtrlVol,,2,skipped,完整变量样本数小于 min_cross_section_n
FAC_rank_vol_m6_n12_pairwise1,2007-11-30,as_偏股混合型基金,,2,skipped,完整变量样本数小于 min_cross_section_n
FAC_rank_vol_m6_n12_pairwise1,2007-11-30,Ctrl_log_fund_size,,2,skipped,完整变量样本数小于 min_cross_section_n
FAC_rank_vol_m6_n12_pairwise1,2007-11-30,Ctrl_fund_age,,2,skipped,完整变量样本数小于 min_cross_section_n
FAC_rank_vol_m6_n12_pairwise1,2007-12-28,FAC_rank_vol_m6_n12_pairwise1,,2,skipped,完整变量样本数小于 min_cross_section_n
FAC_rank_vol_m6_n12_pairwise1,2007-12-28,CtrlRetSTR,,2,skipped,完整变量样本数小于 min_cross_section_n
FAC_rank_vol_m6_n12_pairwise1,2007-12-28,CtrlRetLTM,,2,skipped,完整变量样本数小于 min_cross_section_n
FAC_rank_vol_m6_n12_pairwise1,2007-12-28,CtrlVol,,2,skipped,完整变量样本数小于 min_cross_section_n
FAC_rank_vol_m6_n12_pairwise1,2007-12-28,as_偏股混合型基金,,2,skipped,完整变量样本数小于 min_cross_section_n
FAC_rank_vol_m6_n12_pairwise1,2007-12-28,Ctrl_log_fund_size,,2,skipped,完整变量样本数小于 min_cross_section_n
FAC_rank_vol_m6_n12_pairwise1,2007-12-28,Ctrl_fund_age,,2,skipped,完整变量样本数小于 min_cross_section_n
FAC_rank_vol_m6_n12_pairwise1,2008-01-31,FAC_rank_vol_m6_n12_pairwise1,,2,skipped,完整变量样本数小于 min_cross_section_n
FAC_rank_vol_m6_n12_pairwise1,2008-01-31,CtrlRetSTR,,2,skipped,完整变量样本数小于 min_cross_section_n
FAC_rank_vol_m6_n12_pairwise1,2008-01-31,CtrlRetLTM,,2,skipped,完整变量样本数小于 min_cross_section_n
FAC_rank_vol_m6_n12_pairwise1,2008-01-31,CtrlVol,,2,skipped,完整变量样本数小于 min_cross_section_n
FAC_rank_vol_m6_n12_pairwise1,2008-01-31,as_偏股混合型基金,,2,skipped,完整变量样本数小于 min_cross_section_n
FAC_rank_vol_m6_n12_pairwise1,2008-01-31,Ctrl_log_fund_size,,2,skipped,完整变量样本数小于 min_cross_section_n
FAC_rank_vol_m6_n12_pairwise1,2008-01-31,Ctrl_fund_age,,2,skipped,完整变量样本数小于 min_cross_section_n
FAC_rank_vol_m6_n12_pairwise1,2008-02-29,FAC_rank_vol_m6_n12_pairwise1,,2,skipped,完整变量样本数小于 min_cross_section_n
FAC_rank_vol_m6_n12_pairwise1,2008-02-29,CtrlRetSTR,,2,skipped,完整变量样本数小于 min_cross_section_n
FAC_rank_vol_m6_n12_pairwise1,2008-02-29,CtrlRetLTM,,2,skipped,完整变量样本数小于 min_cross_section_n
FAC_rank_vol_m6_n12_pairwise1,2008-02-29,CtrlVol,,2,skipped,完整变量样本数小于 min_cross_section_n
FAC_rank_vol_m6_n12_pairwise1,2008-02-29,as_偏股混合型基金,,2,skipped,完整变量样本数小于 min_cross_section_n
FAC_rank_vol_m6_n12_pairwise1,2008-02-29,Ctrl_log_fund_size,,2,skipped,完整变量样本数小于 min_cross_section_n
FAC_rank_vol_m6_n12_pairwise1,2008-02-29,Ctrl_fund_age,,2,skipped,完整变量样本数小于 min_cross_section_n
FAC_rank_vol_m6_n12_pairwise1,2008-03-31,FAC_rank_vol_m6_n12_pairwise1,,2,skipped,完整变量样本数小于 min_cross_section_n
FAC_rank_vol_m6_n12_pairwise1,2008-03-31,CtrlRetSTR,,2,skipped,完整变量样本数小于 min_cross_section_n
FAC_rank_vol_m6_n12_pairwise1,2008-03-31,CtrlRetLTM,,2,skipped,完整变量样本数小于 min_cross_section_n
FAC_rank_vol_m6_n12_pairwise1,2008-03-31,CtrlVol,,2,skipped,完整变量样本数小于 min_cross_section_n
FAC_rank_vol_m6_n12_pairwise1,2008-03-31,as_偏股混合型基金,,2,skipped,完整变量样本数小于 min_cross_section_n
FAC_rank_vol_m6_n12_pairwise1,2008-03-31,Ctrl_log_fund_size,,2,skipped,完整变量样本数小于 min_cross_section_n
FAC_rank_vol_m6_n12_pairwise1,2008-03-31,Ctrl_fund_age,,2,skipped,完整变量样本数小于 min_cross_section_n
FAC_rank_vol_m6_n12_pairwise1,2008-04-30,FAC_rank_vol_m6_n12_pairwise1,,3,skipped,完整变量样本数小于 min_cross_section_n
FAC_rank_vol_m6_n12_pairwise1,2008-04-30,CtrlRetSTR,,3,skipped,完整变量样本数小于 min_cross_section_n
FAC_rank_vol_m6_n12_pairwise1,2008-04-30,CtrlRetLTM,,3,skipped,完整变量样本数小于 min_cross_section_n
FAC_rank_vol_m6_n12_pairwise1,2008-04-30,CtrlVol,,3,skipped,完整变量样本数小于 min_cross_section_n
FAC_rank_vol_m6_n12_pairwise1,2008-04-30,as_偏股混合型基金,,3,skipped,完整变量样本数小于 min_cross_section_n
FAC_rank_vol_m6_n12_pairwise1,2008-04-30,Ctrl_log_fund_size,,3,skipped,完整变量样本数小于 min_cross_section_n
FAC_rank_vol_m6_n12_pairwise1,2008-04-30,Ctrl_fund_age,,3,skipped,完整变量样本数小于 min_cross_section_n
FAC_rank_vol_m6_n12_pairwise1,2008-05-30,FAC_rank_vol_m6_n12_pairwise1,,4,skipped,完整变量样本数小于 min_cross_section_n
FAC_rank_vol_m6_n12_pairwise1,2008-05-30,CtrlRetSTR,,4,skipped,完整变量样本数小于 min_cross_section_n
FAC_rank_vol_m6_n12_pairwise1,2008-05-30,CtrlRetLTM,,4,skipped,完整变量样本数小于 min_cross_section_n
FAC_rank_vol_m6_n12_pairwise1,2008-05-30,CtrlVol,,4,skipped,完整变量样本数小于 min_cross_section_n
FAC_rank_vol_m6_n12_pairwise1,2008-05-30,as_偏股混合型基金,,4,skipped,完整变量样本数小于 min_cross_section_n
FAC_rank_vol_m6_n12_pairwise1,2008-05-30,Ctrl_log_fund_size,,4,skipped,完整变量样本数小于 min_cross_section_n
FAC_rank_vol_m6_n12_pairwise1,2008-05-30,Ctrl_fund_age,,4,skipped,完整变量样本数小于 min_cross_section_n
FAC_rank_vol_m6_n12_pairwise1,2008-06-30,FAC_rank_vol_m6_n12_pairwise1,,4,skipped,完整变量样本数小于 min_cross_section_n
FAC_rank_vol_m6_n12_pairwise1,2008-06-30,CtrlRetSTR,,4,skipped,完整变量样本数小于 min_cross_section_n
FAC_rank_vol_m6_n12_pairwise1,2008-06-30,CtrlRetLTM,,4,skipped,完整变量样本数小于 min_cross_section_n
FAC_rank_vol_m6_n12_pairwise1,2008-06-30,CtrlVol,,4,skipped,完整变量样本数小于 min_cross_section_n
FAC_rank_vol_m6_n12_pairwise1,2008-06-30,as_偏股混合型基金,,4,skipped,完整变量样本数小于 min_cross_section_n
FAC_rank_vol_m6_n12_pairwise1,2008-06-30,Ctrl_log_fund_size,,4,skipped,完整变量样本数小于 min_cross_section_n
FAC_rank_vol_m6_n12_pairwise1,2008-06-30,Ctrl_fund_age,,4,skipped,完整变量样本数小于 min_cross_section_n
FAC_rank_vol_m6_n12_pairwise1,2008-07-31,FAC_rank_vol_m6_n12_pairwise1,,4,skipped,完整变量样本数小于 min_cross_section_n
FAC_rank_vol_m6_n12_pairwise1,2008-07-31,CtrlRetSTR,,4,skipped,完整变量样本数小于 min_cross_section_n
FAC_rank_vol_m6_n12_pairwise1,2008-07-31,CtrlRetLTM,,4,skipped,完整变量样本数小于 min_cross_section_n
FAC_rank_vol_m6_n12_pairwise1,2008-07-31,CtrlVol,,4,skipped,完整变量样本数小于 min_cross_section_n
FAC_rank_vol_m6_n12_pairwise1,2008-07-31,as_偏股混合型基金,,4,skipped,完整变量样本数小于 min_cross_section_n
FAC_rank_vol_m6_n12_pairwise1,2008-07-31,Ctrl_log_fund_size,,4,skipped,完整变量样本数小于 min_cross_section_n
FAC_rank_vol_m6_n12_pairwise1,2008-07-31,Ctrl_fund_age,,4,skipped,完整变量样本数小于 min_cross_section_n
FAC_rank_vol_m6_n12_pairwise1,2008-08-29,FAC_rank_vol_m6_n12_pairwise1,,4,skipped,完整变量样本数小于 min_cross_section_n
FAC_rank_vol_m6_n12_pairwise1,2008-08-29,CtrlRetSTR,,4,skipped,完整变量样本数小于 min_cross_section_n
FAC_rank_vol_m6_n12_pairwise1,2008-08-29,CtrlRetLTM,,4,skipped,完整变量样本数小于 min_cross_section_n
FAC_rank_vol_m6_n12_pairwise1,2008-08-29,CtrlVol,,4,skipped,完整变量样本数小于 min_cross_section_n
FAC_rank_vol_m6_n12_pairwise1,2008-08-29,as_偏股混合型基金,,4,skipped,完整变量样本数小于 min_cross_section_n
FAC_rank_vol_m6_n12_pairwise1,2008-08-29,Ctrl_log_fund_size,,4,skipped,完整变量样本数小于 min_cross_section_n
FAC_rank_vol_m6_n12_pairwise1,2008-08-29,Ctrl_fund_age,,4,skipped,完整变量样本数小于 min_cross_section_n
FAC_rank_vol_m6_n12_pairwise1,2008-09-26,FAC_rank_vol_m6_n12_pairwise1,,5,skipped,完整变量样本数小于 min_cross_section_n
FAC_rank_vol_m6_n12_pairwise1,2008-09-26,CtrlRetSTR,,5,skipped,完整变量样本数小于 min_cross_section_n
FAC_rank_vol_m6_n12_pairwise1,2008-09-26,CtrlRetLTM,,5,skipped,完整变量样本数小于 min_cross_section_n
FAC_rank_vol_m6_n12_pairwise1,2008-09-26,CtrlVol,,5,skipped,完整变量样本数小于 min_cross_section_n
FAC_rank_vol_m6_n12_pairwise1,2008-09-26,as_偏股混合型基金,,5,skipped,完整变量样本数小于 min_cross_section_n
FAC_rank_vol_m6_n12_pairwise1,2008-09-26,Ctrl_log_fund_size,,5,skipped,完整变量样本数小于 min_cross_section_n
FAC_rank_vol_m6_n12_pairwise1,2008-09-26,Ctrl_fund_age,,5,skipped,完整变量样本数小于 min_cross_section_n
FAC_rank_vol_m6_n12_pairwise1,2008-10-31,FAC_rank_vol_m6_n12_pairwise1,,5,skipped,完整变量样本数小于 min_cross_section_n
FAC_rank_vol_m6_n12_pairwise1,2008-10-31,CtrlRetSTR,,5,skipped,完整变量样本数小于 min_cross_section_n
FAC_rank_vol_m6_n12_pairwise1,2008-10-31,CtrlRetLTM,,5,skipped,完整变量样本数小于 min_cross_section_n
FAC_rank_vol_m6_n12_pairwise1,2008-10-31,CtrlVol,,5,skipped,完整变量样本数小于 min_cross_section_n
FAC_rank_vol_m6_n12_pairwise1,2008-10-31,as_偏股混合型基金,,5,skipped,完整变量样本数小于 min_cross_section_n
FAC_rank_vol_m6_n12_pairwise1,2008-10-31,Ctrl_log_fund_size,,5,skipped,完整变量样本数小于 min_cross_section_n
FAC_rank_vol_m6_n12_pairwise1,2008-10-31,Ctrl_fund_age,,5,skipped,完整变量样本数小于 min_cross_section_n
FAC_rank_vol_m6_n12_pairwise1,2008-11-28,FAC_rank_vol_m6_n12_pairwise1,,7,skipped,完整变量样本数小于 min_cross_section_n
FAC_rank_vol_m6_n12_pairwise1,2008-11-28,CtrlRetSTR,,7,skipped,完整变量样本数小于 min_cross_section_n
FAC_rank_vol_m6_n12_pairwise1,2008-11-28,CtrlRetLTM,,7,skipped,完整变量样本数小于 min_cross_section_n
FAC_rank_vol_m6_n12_pairwise1,2008-11-28,CtrlVol,,7,skipped,完整变量样本数小于 min_cross_section_n
FAC_rank_vol_m6_n12_pairwise1,2008-11-28,as_偏股混合型基金,,7,skipped,完整变量样本数小于 min_cross_section_n
FAC_rank_vol_m6_n12_pairwise1,2008-11-28,Ctrl_log_fund_size,,7,skipped,完整变量样本数小于 min_cross_section_n
FAC_rank_vol_m6_n12_pairwise1,2008-11-28,Ctrl_fund_age,,7,skipped,完整变量样本数小于 min_cross_section_n
FAC_rank_vol_m6_n12_pairwise1,2008-12-31,FAC_rank_vol_m6_n12_pairwise1,,7,skipped,完整变量样本数小于 min_cross_section_n
FAC_rank_vol_m6_n12_pairwise1,2008-12-31,CtrlRetSTR,,7,skipped,完整变量样本数小于 min_cross_section_n
FAC_rank_vol_m6_n12_pairwise1,2008-12-31,CtrlRetLTM,,7,skipped,完整变量样本数小于 min_cross_section_n
FAC_rank_vol_m6_n12_pairwise1,2008-12-31,CtrlVol,,7,skipped,完整变量样本数小于 min_cross_section_n
FAC_rank_vol_m6_n12_pairwise1,2008-12-31,as_偏股混合型基金,,7,skipped,完整变量样本数小于 min_cross_section_n
FAC_rank_vol_m6_n12_pairwise1,2008-12-31,Ctrl_log_fund_size,,7,skipped,完整变量样本数小于 min_cross_section_n
FAC_rank_vol_m6_n12_pairwise1,2008-12-31,Ctrl_fund_age,,7,skipped,完整变量样本数小于 min_cross_section_n
FAC_rank_vol_m6_n12_pairwise1,2009-01-23,FAC_rank_vol_m6_n12_pairwise1,,7,skipped,完整变量样本数小于 min_cross_section_n
FAC_rank_vol_m6_n12_pairwise1,2009-01-23,CtrlRetSTR,,7,skipped,完整变量样本数小于 min_cross_section_n
FAC_rank_vol_m6_n12_pairwise1,2009-01-23,CtrlRetLTM,,7,skipped,完整变量样本数小于 min_cross_section_n
FAC_rank_vol_m6_n12_pairwise1,2009-01-23,CtrlVol,,7,skipped,完整变量样本数小于 min_cross_section_n
FAC_rank_vol_m6_n12_pairwise1,2009-01-23,as_偏股混合型基金,,7,skipped,完整变量样本数小于 min_cross_section_n
FAC_rank_vol_m6_n12_pairwise1,2009-01-23,Ctrl_log_fund_size,,7,skipped,完整变量样本数小于 min_cross_section_n
FAC_rank_vol_m6_n12_pairwise1,2009-01-23,Ctrl_fund_age,,7,skipped,完整变量样本数小于 min_cross_section_n
FAC_rank_vol_m6_n12_pairwise1,2009-02-27,FAC_rank_vol_m6_n12_pairwise1,,8,skipped,完整变量样本数小于 min_cross_section_n
FAC_rank_vol_m6_n12_pairwise1,2009-02-27,CtrlRetSTR,,8,skipped,完整变量样本数小于 min_cross_section_n
FAC_rank_vol_m6_n12_pairwise1,2009-02-27,CtrlRetLTM,,8,skipped,完整变量样本数小于 min_cross_section_n
FAC_rank_vol_m6_n12_pairwise1,2009-02-27,CtrlVol,,8,skipped,完整变量样本数小于 min_cross_section_n
FAC_rank_vol_m6_n12_pairwise1,2009-02-27,as_偏股混合型基金,,8,skipped,完整变量样本数小于 min_cross_section_n
FAC_rank_vol_m6_n12_pairwise1,2009-02-27,Ctrl_log_fund_size,,8,skipped,完整变量样本数小于 min_cross_section_n
FAC_rank_vol_m6_n12_pairwise1,2009-02-27,Ctrl_fund_age,,8,skipped,完整变量样本数小于 min_cross_section_n
FAC_rank_vol_m6_n12_pairwise1,2009-03-31,FAC_rank_vol_m6_n12_pairwise1,,7,skipped,完整变量样本数小于 min_cross_section_n
FAC_rank_vol_m6_n12_pairwise1,2009-03-31,CtrlRetSTR,,7,skipped,完整变量样本数小于 min_cross_section_n
FAC_rank_vol_m6_n12_pairwise1,2009-03-31,CtrlRetLTM,,7,skipped,完整变量样本数小于 min_cross_section_n
FAC_rank_vol_m6_n12_pairwise1,2009-03-31,CtrlVol,,7,skipped,完整变量样本数小于 min_cross_section_n
FAC_rank_vol_m6_n12_pairwise1,2009-03-31,as_偏股混合型基金,,7,skipped,完整变量样本数小于 min_cross_section_n
FAC_rank_vol_m6_n12_pairwise1,2009-03-31,Ctrl_log_fund_size,,7,skipped,完整变量样本数小于 min_cross_section_n
FAC_rank_vol_m6_n12_pairwise1,2009-03-31,Ctrl_fund_age,,7,skipped,完整变量样本数小于 min_cross_section_n
FAC_rank_vol_m6_n12_pairwise1,2009-04-30,FAC_rank_vol_m6_n12_pairwise1,,10,skipped,完整变量样本数小于 min_cross_section_n
FAC_rank_vol_m6_n12_pairwise1,2009-04-30,CtrlRetSTR,,10,skipped,完整变量样本数小于 min_cross_section_n
FAC_rank_vol_m6_n12_pairwise1,2009-04-30,CtrlRetLTM,,10,skipped,完整变量样本数小于 min_cross_section_n
FAC_rank_vol_m6_n12_pairwise1,2009-04-30,CtrlVol,,10,skipped,完整变量样本数小于 min_cross_section_n
FAC_rank_vol_m6_n12_pairwise1,2009-04-30,as_偏股混合型基金,,10,skipped,完整变量样本数小于 min_cross_section_n
FAC_rank_vol_m6_n12_pairwise1,2009-04-30,Ctrl_log_fund_size,,10,skipped,完整变量样本数小于 min_cross_section_n
FAC_rank_vol_m6_n12_pairwise1,2009-04-30,Ctrl_fund_age,,10,skipped,完整变量样本数小于 min_cross_section_n
FAC_rank_vol_m6_n12_pairwise1,2009-05-27,FAC_rank_vol_m6_n12_pairwise1,,10,skipped,完整变量样本数小于 min_cross_section_n
FAC_rank_vol_m6_n12_pairwise1,2009-05-27,CtrlRetSTR,,10,skipped,完整变量样本数小于 min_cross_section_n
FAC_rank_vol_m6_n12_pairwise1,2009-05-27,CtrlRetLTM,,10,skipped,完整变量样本数小于 min_cross_section_n
FAC_rank_vol_m6_n12_pairwise1,2009-05-27,CtrlVol,,10,skipped,完整变量样本数小于 min_cross_section_n
FAC_rank_vol_m6_n12_pairwise1,2009-05-27,as_偏股混合型基金,,10,skipped,完整变量样本数小于 min_cross_section_n
FAC_rank_vol_m6_n12_pairwise1,2009-05-27,Ctrl_log_fund_size,,10,skipped,完整变量样本数小于 min_cross_section_n
FAC_rank_vol_m6_n12_pairwise1,2009-05-27,Ctrl_fund_age,,10,skipped,完整变量样本数小于 min_cross_section_n
FAC_rank_vol_m6_n12_pairwise1,2009-06-30,FAC_rank_vol_m6_n12_pairwise1,,10,skipped,完整变量样本数小于 min_cross_section_n
FAC_rank_vol_m6_n12_pairwise1,2009-06-30,CtrlRetSTR,,10,skipped,完整变量样本数小于 min_cross_section_n
FAC_rank_vol_m6_n12_pairwise1,2009-06-30,CtrlRetLTM,,10,skipped,完整变量样本数小于 min_cross_section_n
FAC_rank_vol_m6_n12_pairwise1,2009-06-30,CtrlVol,,10,skipped,完整变量样本数小于 min_cross_section_n
FAC_rank_vol_m6_n12_pairwise1,2009-06-30,as_偏股混合型基金,,10,skipped,完整变量样本数小于 min_cross_section_n
FAC_rank_vol_m6_n12_pairwise1,2009-06-30,Ctrl_log_fund_size,,10,skipped,完整变量样本数小于 min_cross_section_n
FAC_rank_vol_m6_n12_pairwise1,2009-06-30,Ctrl_fund_age,,10,skipped,完整变量样本数小于 min_cross_section_n
FAC_rank_vol_m6_n12_pairwise1,2009-07-31,FAC_rank_vol_m6_n12_pairwise1,,10,skipped,完整变量样本数小于 min_cross_section_n
FAC_rank_vol_m6_n12_pairwise1,2009-07-31,CtrlRetSTR,,10,skipped,完整变量样本数小于 min_cross_section_n
FAC_rank_vol_m6_n12_pairwise1,2009-07-31,CtrlRetLTM,,10,skipped,完整变量样本数小于 min_cross_section_n
FAC_rank_vol_m6_n12_pairwise1,2009-07-31,CtrlVol,,10,skipped,完整变量样本数小于 min_cross_section_n
FAC_rank_vol_m6_n12_pairwise1,2009-07-31,as_偏股混合型基金,,10,skipped,完整变量样本数小于 min_cross_section_n
FAC_rank_vol_m6_n12_pairwise1,2009-07-31,Ctrl_log_fund_size,,10,skipped,完整变量样本数小于 min_cross_section_n
FAC_rank_vol_m6_n12_pairwise1,2009-07-31,Ctrl_fund_age,,10,skipped,完整变量样本数小于 min_cross_section_n
FAC_rank_vol_m6_n12_pairwise1,2009-08-31,FAC_rank_vol_m6_n12_pairwise1,,10,skipped,完整变量样本数小于 min_cross_section_n
FAC_rank_vol_m6_n12_pairwise1,2009-08-31,CtrlRetSTR,,10,skipped,完整变量样本数小于 min_cross_section_n
FAC_rank_vol_m6_n12_pairwise1,2009-08-31,CtrlRetLTM,,10,skipped,完整变量样本数小于 min_cross_section_n
FAC_rank_vol_m6_n12_pairwise1,2009-08-31,CtrlVol,,10,skipped,完整变量样本数小于 min_cross_section_n
FAC_rank_vol_m6_n12_pairwise1,2009-08-31,as_偏股混合型基金,,10,skipped,完整变量样本数小于 min_cross_section_n
FAC_rank_vol_m6_n12_pairwise1,2009-08-31,Ctrl_log_fund_size,,10,skipped,完整变量样本数小于 min_cross_section_n
FAC_rank_vol_m6_n12_pairwise1,2009-08-31,Ctrl_fund_age,,10,skipped,完整变量样本数小于 min_cross_section_n
FAC_rank_vol_m6_n12_pairwise1,2009-09-30,FAC_rank_vol_m6_n12_pairwise1,,12,skipped,完整变量样本数小于 min_cross_section_n
FAC_rank_vol_m6_n12_pairwise1,2009-09-30,CtrlRetSTR,,12,skipped,完整变量样本数小于 min_cross_section_n
FAC_rank_vol_m6_n12_pairwise1,2009-09-30,CtrlRetLTM,,12,skipped,完整变量样本数小于 min_cross_section_n
FAC_rank_vol_m6_n12_pairwise1,2009-09-30,CtrlVol,,12,skipped,完整变量样本数小于 min_cross_section_n
FAC_rank_vol_m6_n12_pairwise1,2009-09-30,as_偏股混合型基金,,12,skipped,完整变量样本数小于 min_cross_section_n
FAC_rank_vol_m6_n12_pairwise1,2009-09-30,Ctrl_log_fund_size,,12,skipped,完整变量样本数小于 min_cross_section_n
FAC_rank_vol_m6_n12_pairwise1,2009-09-30,Ctrl_fund_age,,12,skipped,完整变量样本数小于 min_cross_section_n
FAC_rank_vol_m6_n12_pairwise1,2009-10-30,FAC_rank_vol_m6_n12_pairwise1,,13,skipped,完整变量样本数小于 min_cross_section_n
FAC_rank_vol_m6_n12_pairwise1,2009-10-30,CtrlRetSTR,,13,skipped,完整变量样本数小于 min_cross_section_n
FAC_rank_vol_m6_n12_pairwise1,2009-10-30,CtrlRetLTM,,13,skipped,完整变量样本数小于 min_cross_section_n
FAC_rank_vol_m6_n12_pairwise1,2009-10-30,CtrlVol,,13,skipped,完整变量样本数小于 min_cross_section_n
FAC_rank_vol_m6_n12_pairwise1,2009-10-30,as_偏股混合型基金,,13,skipped,完整变量样本数小于 min_cross_section_n
FAC_rank_vol_m6_n12_pairwise1,2009-10-30,Ctrl_log_fund_size,,13,skipped,完整变量样本数小于 min_cross_section_n
FAC_rank_vol_m6_n12_pairwise1,2009-10-30,Ctrl_fund_age,,13,skipped,完整变量样本数小于 min_cross_section_n
FAC_rank_vol_m6_n12_pairwise1,2009-11-30,FAC_rank_vol_m6_n12_pairwise1,,14,skipped,完整变量样本数小于 min_cross_section_n
FAC_rank_vol_m6_n12_pairwise1,2009-11-30,CtrlRetSTR,,14,skipped,完整变量样本数小于 min_cross_section_n
FAC_rank_vol_m6_n12_pairwise1,2009-11-30,CtrlRetLTM,,14,skipped,完整变量样本数小于 min_cross_section_n
FAC_rank_vol_m6_n12_pairwise1,2009-11-30,CtrlVol,,14,skipped,完整变量样本数小于 min_cross_section_n
FAC_rank_vol_m6_n12_pairwise1,2009-11-30,as_偏股混合型基金,,14,skipped,完整变量样本数小于 min_cross_section_n
FAC_rank_vol_m6_n12_pairwise1,2009-11-30,Ctrl_log_fund_size,,14,skipped,完整变量样本数小于 min_cross_section_n
FAC_rank_vol_m6_n12_pairwise1,2009-11-30,Ctrl_fund_age,,14,skipped,完整变量样本数小于 min_cross_section_n
FAC_rank_vol_m6_n12_pairwise1,2009-12-31,FAC_rank_vol_m6_n12_pairwise1,,13,skipped,完整变量样本数小于 min_cross_section_n
FAC_rank_vol_m6_n12_pairwise1,2009-12-31,CtrlRetSTR,,13,skipped,完整变量样本数小于 min_cross_section_n
FAC_rank_vol_m6_n12_pairwise1,2009-12-31,CtrlRetLTM,,13,skipped,完整变量样本数小于 min_cross_section_n
FAC_rank_vol_m6_n12_pairwise1,2009-12-31,CtrlVol,,13,skipped,完整变量样本数小于 min_cross_section_n
FAC_rank_vol_m6_n12_pairwise1,2009-12-31,as_偏股混合型基金,,13,skipped,完整变量样本数小于 min_cross_section_n
FAC_rank_vol_m6_n12_pairwise1,2009-12-31,Ctrl_log_fund_size,,13,skipped,完整变量样本数小于 min_cross_section_n
FAC_rank_vol_m6_n12_pairwise1,2009-12-31,Ctrl_fund_age,,13,skipped,完整变量样本数小于 min_cross_section_n
FAC_rank_vol_m6_n12_pairwise1,2010-01-29,FAC_rank_vol_m6_n12_pairwise1,,15,skipped,完整变量样本数小于 min_cross_section_n
FAC_rank_vol_m6_n12_pairwise1,2010-01-29,CtrlRetSTR,,15,skipped,完整变量样本数小于 min_cross_section_n
FAC_rank_vol_m6_n12_pairwise1,2010-01-29,CtrlRetLTM,,15,skipped,完整变量样本数小于 min_cross_section_n
FAC_rank_vol_m6_n12_pairwise1,2010-01-29,CtrlVol,,15,skipped,完整变量样本数小于 min_cross_section_n
FAC_rank_vol_m6_n12_pairwise1,2010-01-29,as_偏股混合型基金,,15,skipped,完整变量样本数小于 min_cross_section_n
FAC_rank_vol_m6_n12_pairwise1,2010-01-29,Ctrl_log_fund_size,,15,skipped,完整变量样本数小于 min_cross_section_n
FAC_rank_vol_m6_n12_pairwise1,2010-01-29,Ctrl_fund_age,,15,skipped,完整变量样本数小于 min_cross_section_n
FAC_rank_vol_m6_n12_pairwise1,2010-02-26,FAC_rank_vol_m6_n12_pairwise1,,17,skipped,完整变量样本数小于 min_cross_section_n
FAC_rank_vol_m6_n12_pairwise1,2010-02-26,CtrlRetSTR,,17,skipped,完整变量样本数小于 min_cross_section_n
FAC_rank_vol_m6_n12_pairwise1,2010-02-26,CtrlRetLTM,,17,skipped,完整变量样本数小于 min_cross_section_n
FAC_rank_vol_m6_n12_pairwise1,2010-02-26,CtrlVol,,17,skipped,完整变量样本数小于 min_cross_section_n
FAC_rank_vol_m6_n12_pairwise1,2010-02-26,as_偏股混合型基金,,17,skipped,完整变量样本数小于 min_cross_section_n
FAC_rank_vol_m6_n12_pairwise1,2010-02-26,Ctrl_log_fund_size,,17,skipped,完整变量样本数小于 min_cross_section_n
FAC_rank_vol_m6_n12_pairwise1,2010-02-26,Ctrl_fund_age,,17,skipped,完整变量样本数小于 min_cross_section_n
FAC_rank_vol_m6_n12_pairwise1,2010-03-31,FAC_rank_vol_m6_n12_pairwise1,,16,skipped,完整变量样本数小于 min_cross_section_n
FAC_rank_vol_m6_n12_pairwise1,2010-03-31,CtrlRetSTR,,16,skipped,完整变量样本数小于 min_cross_section_n
FAC_rank_vol_m6_n12_pairwise1,2010-03-31,CtrlRetLTM,,16,skipped,完整变量样本数小于 min_cross_section_n
FAC_rank_vol_m6_n12_pairwise1,2010-03-31,CtrlVol,,16,skipped,完整变量样本数小于 min_cross_section_n
FAC_rank_vol_m6_n12_pairwise1,2010-03-31,as_偏股混合型基金,,16,skipped,完整变量样本数小于 min_cross_section_n
FAC_rank_vol_m6_n12_pairwise1,2010-03-31,Ctrl_log_fund_size,,16,skipped,完整变量样本数小于 min_cross_section_n
FAC_rank_vol_m6_n12_pairwise1,2010-03-31,Ctrl_fund_age,,16,skipped,完整变量样本数小于 min_cross_section_n
FAC_rank_vol_m6_n12_pairwise1,2010-04-30,FAC_rank_vol_m6_n12_pairwise1,,17,skipped,完整变量样本数小于 min_cross_section_n
FAC_rank_vol_m6_n12_pairwise1,2010-04-30,CtrlRetSTR,,17,skipped,完整变量样本数小于 min_cross_section_n
FAC_rank_vol_m6_n12_pairwise1,2010-04-30,CtrlRetLTM,,17,skipped,完整变量样本数小于 min_cross_section_n
FAC_rank_vol_m6_n12_pairwise1,2010-04-30,CtrlVol,,17,skipped,完整变量样本数小于 min_cross_section_n
FAC_rank_vol_m6_n12_pairwise1,2010-04-30,as_偏股混合型基金,,17,skipped,完整变量样本数小于 min_cross_section_n
FAC_rank_vol_m6_n12_pairwise1,2010-04-30,Ctrl_log_fund_size,,17,skipped,完整变量样本数小于 min_cross_section_n
FAC_rank_vol_m6_n12_pairwise1,2010-04-30,Ctrl_fund_age,,17,skipped,完整变量样本数小于 min_cross_section_n
FAC_rank_vol_m6_n12_pairwise1,2010-05-31,FAC_rank_vol_m6_n12_pairwise1,,18,skipped,完整变量样本数小于 min_cross_section_n
FAC_rank_vol_m6_n12_pairwise1,2010-05-31,CtrlRetSTR,,18,skipped,完整变量样本数小于 min_cross_section_n
FAC_rank_vol_m6_n12_pairwise1,2010-05-31,CtrlRetLTM,,18,skipped,完整变量样本数小于 min_cross_section_n
FAC_rank_vol_m6_n12_pairwise1,2010-05-31,CtrlVol,,18,skipped,完整变量样本数小于 min_cross_section_n
FAC_rank_vol_m6_n12_pairwise1,2010-05-31,as_偏股混合型基金,,18,skipped,完整变量样本数小于 min_cross_section_n
FAC_rank_vol_m6_n12_pairwise1,2010-05-31,Ctrl_log_fund_size,,18,skipped,完整变量样本数小于 min_cross_section_n
FAC_rank_vol_m6_n12_pairwise1,2010-05-31,Ctrl_fund_age,,18,skipped,完整变量样本数小于 min_cross_section_n
FAC_rank_vol_m6_n12_pairwise1,2010-06-30,FAC_rank_vol_m6_n12_pairwise1,,19,skipped,完整变量样本数小于 min_cross_section_n
FAC_rank_vol_m6_n12_pairwise1,2010-06-30,CtrlRetSTR,,19,skipped,完整变量样本数小于 min_cross_section_n
FAC_rank_vol_m6_n12_pairwise1,2010-06-30,CtrlRetLTM,,19,skipped,完整变量样本数小于 min_cross_section_n
FAC_rank_vol_m6_n12_pairwise1,2010-06-30,CtrlVol,,19,skipped,完整变量样本数小于 min_cross_section_n
FAC_rank_vol_m6_n12_pairwise1,2010-06-30,as_偏股混合型基金,,19,skipped,完整变量样本数小于 min_cross_section_n
FAC_rank_vol_m6_n12_pairwise1,2010-06-30,Ctrl_log_fund_size,,19,skipped,完整变量样本数小于 min_cross_section_n
FAC_rank_vol_m6_n12_pairwise1,2010-06-30,Ctrl_fund_age,,19,skipped,完整变量样本数小于 min_cross_section_n
FAC_rank_vol_m6_n12_pairwise1,2010-07-30,FAC_rank_vol_m6_n12_pairwise1,,20,skipped,完整变量样本数小于 min_cross_section_n
FAC_rank_vol_m6_n12_pairwise1,2010-07-30,CtrlRetSTR,,20,skipped,完整变量样本数小于 min_cross_section_n
FAC_rank_vol_m6_n12_pairwise1,2010-07-30,CtrlRetLTM,,20,skipped,完整变量样本数小于 min_cross_section_n
FAC_rank_vol_m6_n12_pairwise1,2010-07-30,CtrlVol,,20,skipped,完整变量样本数小于 min_cross_section_n
FAC_rank_vol_m6_n12_pairwise1,2010-07-30,as_偏股混合型基金,,20,skipped,完整变量样本数小于 min_cross_section_n
FAC_rank_vol_m6_n12_pairwise1,2010-07-30,Ctrl_log_fund_size,,20,skipped,完整变量样本数小于 min_cross_section_n
FAC_rank_vol_m6_n12_pairwise1,2010-07-30,Ctrl_fund_age,,20,skipped,完整变量样本数小于 min_cross_section_n
FAC_rank_vol_m6_n12_pairwise1,2010-08-31,FAC_rank_vol_m6_n12_pairwise1,,18,skipped,完整变量样本数小于 min_cross_section_n
FAC_rank_vol_m6_n12_pairwise1,2010-08-31,CtrlRetSTR,,18,skipped,完整变量样本数小于 min_cross_section_n
FAC_rank_vol_m6_n12_pairwise1,2010-08-31,CtrlRetLTM,,18,skipped,完整变量样本数小于 min_cross_section_n
FAC_rank_vol_m6_n12_pairwise1,2010-08-31,CtrlVol,,18,skipped,完整变量样本数小于 min_cross_section_n
FAC_rank_vol_m6_n12_pairwise1,2010-08-31,as_偏股混合型基金,,18,skipped,完整变量样本数小于 min_cross_section_n
FAC_rank_vol_m6_n12_pairwise1,2010-08-31,Ctrl_log_fund_size,,18,skipped,完整变量样本数小于 min_cross_section_n
FAC_rank_vol_m6_n12_pairwise1,2010-08-31,Ctrl_fund_age,,18,skipped,完整变量样本数小于 min_cross_section_n
FAC_rank_vol_m6_n12_pairwise1,2010-09-30,FAC_rank_vol_m6_n12_pairwise1,,20,skipped,完整变量样本数小于 min_cross_section_n
FAC_rank_vol_m6_n12_pairwise1,2010-09-30,CtrlRetSTR,,20,skipped,完整变量样本数小于 min_cross_section_n
FAC_rank_vol_m6_n12_pairwise1,2010-09-30,CtrlRetLTM,,20,skipped,完整变量样本数小于 min_cross_section_n
FAC_rank_vol_m6_n12_pairwise1,2010-09-30,CtrlVol,,20,skipped,完整变量样本数小于 min_cross_section_n
FAC_rank_vol_m6_n12_pairwise1,2010-09-30,as_偏股混合型基金,,20,skipped,完整变量样本数小于 min_cross_section_n
FAC_rank_vol_m6_n12_pairwise1,2010-09-30,Ctrl_log_fund_size,,20,skipped,完整变量样本数小于 min_cross_section_n
FAC_rank_vol_m6_n12_pairwise1,2010-09-30,Ctrl_fund_age,,20,skipped,完整变量样本数小于 min_cross_section_n
FAC_rank_vol_m6_n12_pairwise1,2010-10-29,FAC_rank_vol_m6_n12_pairwise1,,18,skipped,完整变量样本数小于 min_cross_section_n
FAC_rank_vol_m6_n12_pairwise1,2010-10-29,CtrlRetSTR,,18,skipped,完整变量样本数小于 min_cross_section_n
FAC_rank_vol_m6_n12_pairwise1,2010-10-29,CtrlRetLTM,,18,skipped,完整变量样本数小于 min_cross_section_n
FAC_rank_vol_m6_n12_pairwise1,2010-10-29,CtrlVol,,18,skipped,完整变量样本数小于 min_cross_section_n
FAC_rank_vol_m6_n12_pairwise1,2010-10-29,as_偏股混合型基金,,18,skipped,完整变量样本数小于 min_cross_section_n
FAC_rank_vol_m6_n12_pairwise1,2010-10-29,Ctrl_log_fund_size,,18,skipped,完整变量样本数小于 min_cross_section_n
FAC_rank_vol_m6_n12_pairwise1,2010-10-29,Ctrl_fund_age,,18,skipped,完整变量样本数小于 min_cross_section_n
FAC_rank_vol_m6_n12_pairwise1,2010-11-30,FAC_rank_vol_m6_n12_pairwise1,,19,skipped,完整变量样本数小于 min_cross_section_n
FAC_rank_vol_m6_n12_pairwise1,2010-11-30,CtrlRetSTR,,19,skipped,完整变量样本数小于 min_cross_section_n
FAC_rank_vol_m6_n12_pairwise1,2010-11-30,CtrlRetLTM,,19,skipped,完整变量样本数小于 min_cross_section_n
FAC_rank_vol_m6_n12_pairwise1,2010-11-30,CtrlVol,,19,skipped,完整变量样本数小于 min_cross_section_n
FAC_rank_vol_m6_n12_pairwise1,2010-11-30,as_偏股混合型基金,,19,skipped,完整变量样本数小于 min_cross_section_n
FAC_rank_vol_m6_n12_pairwise1,2010-11-30,Ctrl_log_fund_size,,19,skipped,完整变量样本数小于 min_cross_section_n
FAC_rank_vol_m6_n12_pairwise1,2010-11-30,Ctrl_fund_age,,19,skipped,完整变量样本数小于 min_cross_section_n
FAC_rank_vol_m6_n12_pairwise1,2010-12-31,FAC_rank_vol_m6_n12_pairwise1,,21,skipped,完整变量样本数小于 min_cross_section_n
FAC_rank_vol_m6_n12_pairwise1,2010-12-31,CtrlRetSTR,,21,skipped,完整变量样本数小于 min_cross_section_n
FAC_rank_vol_m6_n12_pairwise1,2010-12-31,CtrlRetLTM,,21,skipped,完整变量样本数小于 min_cross_section_n
FAC_rank_vol_m6_n12_pairwise1,2010-12-31,CtrlVol,,21,skipped,完整变量样本数小于 min_cross_section_n
FAC_rank_vol_m6_n12_pairwise1,2010-12-31,as_偏股混合型基金,,21,skipped,完整变量样本数小于 min_cross_section_n
FAC_rank_vol_m6_n12_pairwise1,2010-12-31,Ctrl_log_fund_size,,21,skipped,完整变量样本数小于 min_cross_section_n
FAC_rank_vol_m6_n12_pairwise1,2010-12-31,Ctrl_fund_age,,21,skipped,完整变量样本数小于 min_cross_section_n
FAC_rank_vol_m6_n12_pairwise1,2011-01-31,FAC_rank_vol_m6_n12_pairwise1,,20,skipped,完整变量样本数小于 min_cross_section_n
FAC_rank_vol_m6_n12_pairwise1,2011-01-31,CtrlRetSTR,,20,skipped,完整变量样本数小于 min_cross_section_n
FAC_rank_vol_m6_n12_pairwise1,2011-01-31,CtrlRetLTM,,20,skipped,完整变量样本数小于 min_cross_section_n
FAC_rank_vol_m6_n12_pairwise1,2011-01-31,CtrlVol,,20,skipped,完整变量样本数小于 min_cross_section_n
FAC_rank_vol_m6_n12_pairwise1,2011-01-31,as_偏股混合型基金,,20,skipped,完整变量样本数小于 min_cross_section_n
FAC_rank_vol_m6_n12_pairwise1,2011-01-31,Ctrl_log_fund_size,,20,skipped,完整变量样本数小于 min_cross_section_n
FAC_rank_vol_m6_n12_pairwise1,2011-01-31,Ctrl_fund_age,,20,skipped,完整变量样本数小于 min_cross_section_n
FAC_rank_vol_m6_n12_pairwise1,2011-02-28,FAC_rank_vol_m6_n12_pairwise1,,20,skipped,完整变量样本数小于 min_cross_section_n
FAC_rank_vol_m6_n12_pairwise1,2011-02-28,CtrlRetSTR,,20,skipped,完整变量样本数小于 min_cross_section_n
FAC_rank_vol_m6_n12_pairwise1,2011-02-28,CtrlRetLTM,,20,skipped,完整变量样本数小于 min_cross_section_n
FAC_rank_vol_m6_n12_pairwise1,2011-02-28,CtrlVol,,20,skipped,完整变量样本数小于 min_cross_section_n
FAC_rank_vol_m6_n12_pairwise1,2011-02-28,as_偏股混合型基金,,20,skipped,完整变量样本数小于 min_cross_section_n
FAC_rank_vol_m6_n12_pairwise1,2011-02-28,Ctrl_log_fund_size,,20,skipped,完整变量样本数小于 min_cross_section_n
FAC_rank_vol_m6_n12_pairwise1,2011-02-28,Ctrl_fund_age,,20,skipped,完整变量样本数小于 min_cross_section_n
FAC_rank_vol_m6_n12_pairwise1,2011-03-31,FAC_rank_vol_m6_n12_pairwise1,,20,skipped,完整变量样本数小于 min_cross_section_n
FAC_rank_vol_m6_n12_pairwise1,2011-03-31,CtrlRetSTR,,20,skipped,完整变量样本数小于 min_cross_section_n
FAC_rank_vol_m6_n12_pairwise1,2011-03-31,CtrlRetLTM,,20,skipped,完整变量样本数小于 min_cross_section_n
FAC_rank_vol_m6_n12_pairwise1,2011-03-31,CtrlVol,,20,skipped,完整变量样本数小于 min_cross_section_n
FAC_rank_vol_m6_n12_pairwise1,2011-03-31,as_偏股混合型基金,,20,skipped,完整变量样本数小于 min_cross_section_n
FAC_rank_vol_m6_n12_pairwise1,2011-03-31,Ctrl_log_fund_size,,20,skipped,完整变量样本数小于 min_cross_section_n
FAC_rank_vol_m6_n12_pairwise1,2011-03-31,Ctrl_fund_age,,20,skipped,完整变量样本数小于 min_cross_section_n
FAC_rank_vol_m6_n12_pairwise1,2011-04-29,FAC_rank_vol_m6_n12_pairwise1,,18,skipped,完整变量样本数小于 min_cross_section_n
FAC_rank_vol_m6_n12_pairwise1,2011-04-29,CtrlRetSTR,,18,skipped,完整变量样本数小于 min_cross_section_n
FAC_rank_vol_m6_n12_pairwise1,2011-04-29,CtrlRetLTM,,18,skipped,完整变量样本数小于 min_cross_section_n
FAC_rank_vol_m6_n12_pairwise1,2011-04-29,CtrlVol,,18,skipped,完整变量样本数小于 min_cross_section_n
FAC_rank_vol_m6_n12_pairwise1,2011-04-29,as_偏股混合型基金,,18,skipped,完整变量样本数小于 min_cross_section_n
FAC_rank_vol_m6_n12_pairwise1,2011-04-29,Ctrl_log_fund_size,,18,skipped,完整变量样本数小于 min_cross_section_n
FAC_rank_vol_m6_n12_pairwise1,2011-04-29,Ctrl_fund_age,,18,skipped,完整变量样本数小于 min_cross_section_n
FAC_rank_vol_m6_n12_pairwise1,2011-05-31,FAC_rank_vol_m6_n12_pairwise1,,18,skipped,完整变量样本数小于 min_cross_section_n
FAC_rank_vol_m6_n12_pairwise1,2011-05-31,CtrlRetSTR,,18,skipped,完整变量样本数小于 min_cross_section_n
FAC_rank_vol_m6_n12_pairwise1,2011-05-31,CtrlRetLTM,,18,skipped,完整变量样本数小于 min_cross_section_n
FAC_rank_vol_m6_n12_pairwise1,2011-05-31,CtrlVol,,18,skipped,完整变量样本数小于 min_cross_section_n
FAC_rank_vol_m6_n12_pairwise1,2011-05-31,as_偏股混合型基金,,18,skipped,完整变量样本数小于 min_cross_section_n
FAC_rank_vol_m6_n12_pairwise1,2011-05-31,Ctrl_log_fund_size,,18,skipped,完整变量样本数小于 min_cross_section_n
FAC_rank_vol_m6_n12_pairwise1,2011-05-31,Ctrl_fund_age,,18,skipped,完整变量样本数小于 min_cross_section_n
FAC_rank_vol_m6_n12_pairwise1,2011-06-30,FAC_rank_vol_m6_n12_pairwise1,,19,skipped,完整变量样本数小于 min_cross_section_n
FAC_rank_vol_m6_n12_pairwise1,2011-06-30,CtrlRetSTR,,19,skipped,完整变量样本数小于 min_cross_section_n
FAC_rank_vol_m6_n12_pairwise1,2011-06-30,CtrlRetLTM,,19,skipped,完整变量样本数小于 min_cross_section_n
FAC_rank_vol_m6_n12_pairwise1,2011-06-30,CtrlVol,,19,skipped,完整变量样本数小于 min_cross_section_n
FAC_rank_vol_m6_n12_pairwise1,2011-06-30,as_偏股混合型基金,,19,skipped,完整变量样本数小于 min_cross_section_n
FAC_rank_vol_m6_n12_pairwise1,2011-06-30,Ctrl_log_fund_size,,19,skipped,完整变量样本数小于 min_cross_section_n
FAC_rank_vol_m6_n12_pairwise1,2011-06-30,Ctrl_fund_age,,19,skipped,完整变量样本数小于 min_cross_section_n
FAC_rank_vol_m6_n12_pairwise1,2011-07-29,FAC_rank_vol_m6_n12_pairwise1,,18,skipped,完整变量样本数小于 min_cross_section_n
FAC_rank_vol_m6_n12_pairwise1,2011-07-29,CtrlRetSTR,,18,skipped,完整变量样本数小于 min_cross_section_n
FAC_rank_vol_m6_n12_pairwise1,2011-07-29,CtrlRetLTM,,18,skipped,完整变量样本数小于 min_cross_section_n
FAC_rank_vol_m6_n12_pairwise1,2011-07-29,CtrlVol,,18,skipped,完整变量样本数小于 min_cross_section_n
FAC_rank_vol_m6_n12_pairwise1,2011-07-29,as_偏股混合型基金,,18,skipped,完整变量样本数小于 min_cross_section_n
FAC_rank_vol_m6_n12_pairwise1,2011-07-29,Ctrl_log_fund_size,,18,skipped,完整变量样本数小于 min_cross_section_n
FAC_rank_vol_m6_n12_pairwise1,2011-07-29,Ctrl_fund_age,,18,skipped,完整变量样本数小于 min_cross_section_n
FAC_rank_vol_m6_n12_pairwise1,2011-08-31,FAC_rank_vol_m6_n12_pairwise1,,18,skipped,完整变量样本数小于 min_cross_section_n
FAC_rank_vol_m6_n12_pairwise1,2011-08-31,CtrlRetSTR,,18,skipped,完整变量样本数小于 min_cross_section_n
FAC_rank_vol_m6_n12_pairwise1,2011-08-31,CtrlRetLTM,,18,skipped,完整变量样本数小于 min_cross_section_n
FAC_rank_vol_m6_n12_pairwise1,2011-08-31,CtrlVol,,18,skipped,完整变量样本数小于 min_cross_section_n
FAC_rank_vol_m6_n12_pairwise1,2011-08-31,as_偏股混合型基金,,18,skipped,完整变量样本数小于 min_cross_section_n
FAC_rank_vol_m6_n12_pairwise1,2011-08-31,Ctrl_log_fund_size,,18,skipped,完整变量样本数小于 min_cross_section_n
FAC_rank_vol_m6_n12_pairwise1,2011-08-31,Ctrl_fund_age,,18,skipped,完整变量样本数小于 min_cross_section_n
FAC_rank_vol_m6_n12_pairwise1,2011-09-30,FAC_rank_vol_m6_n12_pairwise1,,19,skipped,完整变量样本数小于 min_cross_section_n
FAC_rank_vol_m6_n12_pairwise1,2011-09-30,CtrlRetSTR,,19,skipped,完整变量样本数小于 min_cross_section_n
FAC_rank_vol_m6_n12_pairwise1,2011-09-30,CtrlRetLTM,,19,skipped,完整变量样本数小于 min_cross_section_n
FAC_rank_vol_m6_n12_pairwise1,2011-09-30,CtrlVol,,19,skipped,完整变量样本数小于 min_cross_section_n
FAC_rank_vol_m6_n12_pairwise1,2011-09-30,as_偏股混合型基金,,19,skipped,完整变量样本数小于 min_cross_section_n
FAC_rank_vol_m6_n12_pairwise1,2011-09-30,Ctrl_log_fund_size,,19,skipped,完整变量样本数小于 min_cross_section_n
FAC_rank_vol_m6_n12_pairwise1,2011-09-30,Ctrl_fund_age,,19,skipped,完整变量样本数小于 min_cross_section_n
FAC_rank_vol_m6_n12_pairwise1,2011-10-31,FAC_rank_vol_m6_n12_pairwise1,,20,skipped,完整变量样本数小于 min_cross_section_n
FAC_rank_vol_m6_n12_pairwise1,2011-10-31,CtrlRetSTR,,20,skipped,完整变量样本数小于 min_cross_section_n
FAC_rank_vol_m6_n12_pairwise1,2011-10-31,CtrlRetLTM,,20,skipped,完整变量样本数小于 min_cross_section_n
FAC_rank_vol_m6_n12_pairwise1,2011-10-31,CtrlVol,,20,skipped,完整变量样本数小于 min_cross_section_n
FAC_rank_vol_m6_n12_pairwise1,2011-10-31,as_偏股混合型基金,,20,skipped,完整变量样本数小于 min_cross_section_n
FAC_rank_vol_m6_n12_pairwise1,2011-10-31,Ctrl_log_fund_size,,20,skipped,完整变量样本数小于 min_cross_section_n
FAC_rank_vol_m6_n12_pairwise1,2011-10-31,Ctrl_fund_age,,20,skipped,完整变量样本数小于 min_cross_section_n
FAC_rank_vol_m6_n12_pairwise1,2011-11-30,FAC_rank_vol_m6_n12_pairwise1,,22,skipped,完整变量样本数小于 min_cross_section_n
FAC_rank_vol_m6_n12_pairwise1,2011-11-30,CtrlRetSTR,,22,skipped,完整变量样本数小于 min_cross_section_n
FAC_rank_vol_m6_n12_pairwise1,2011-11-30,CtrlRetLTM,,22,skipped,完整变量样本数小于 min_cross_section_n
FAC_rank_vol_m6_n12_pairwise1,2011-11-30,CtrlVol,,22,skipped,完整变量样本数小于 min_cross_section_n
FAC_rank_vol_m6_n12_pairwise1,2011-11-30,as_偏股混合型基金,,22,skipped,完整变量样本数小于 min_cross_section_n
FAC_rank_vol_m6_n12_pairwise1,2011-11-30,Ctrl_log_fund_size,,22,skipped,完整变量样本数小于 min_cross_section_n
FAC_rank_vol_m6_n12_pairwise1,2011-11-30,Ctrl_fund_age,,22,skipped,完整变量样本数小于 min_cross_section_n
FAC_rank_vol_m6_n12_pairwise1,2011-12-30,FAC_rank_vol_m6_n12_pairwise1,,22,skipped,完整变量样本数小于 min_cross_section_n
FAC_rank_vol_m6_n12_pairwise1,2011-12-30,CtrlRetSTR,,22,skipped,完整变量样本数小于 min_cross_section_n
FAC_rank_vol_m6_n12_pairwise1,2011-12-30,CtrlRetLTM,,22,skipped,完整变量样本数小于 min_cross_section_n
FAC_rank_vol_m6_n12_pairwise1,2011-12-30,CtrlVol,,22,skipped,完整变量样本数小于 min_cross_section_n
FAC_rank_vol_m6_n12_pairwise1,2011-12-30,as_偏股混合型基金,,22,skipped,完整变量样本数小于 min_cross_section_n
FAC_rank_vol_m6_n12_pairwise1,2011-12-30,Ctrl_log_fund_size,,22,skipped,完整变量样本数小于 min_cross_section_n
FAC_rank_vol_m6_n12_pairwise1,2011-12-30,Ctrl_fund_age,,22,skipped,完整变量样本数小于 min_cross_section_n
FAC_rank_vol_m6_n12_pairwise1,2012-01-31,FAC_rank_vol_m6_n12_pairwise1,,22,skipped,完整变量样本数小于 min_cross_section_n
FAC_rank_vol_m6_n12_pairwise1,2012-01-31,CtrlRetSTR,,22,skipped,完整变量样本数小于 min_cross_section_n
FAC_rank_vol_m6_n12_pairwise1,2012-01-31,CtrlRetLTM,,22,skipped,完整变量样本数小于 min_cross_section_n
FAC_rank_vol_m6_n12_pairwise1,2012-01-31,CtrlVol,,22,skipped,完整变量样本数小于 min_cross_section_n
FAC_rank_vol_m6_n12_pairwise1,2012-01-31,as_偏股混合型基金,,22,skipped,完整变量样本数小于 min_cross_section_n
FAC_rank_vol_m6_n12_pairwise1,2012-01-31,Ctrl_log_fund_size,,22,skipped,完整变量样本数小于 min_cross_section_n
FAC_rank_vol_m6_n12_pairwise1,2012-01-31,Ctrl_fund_age,,22,skipped,完整变量样本数小于 min_cross_section_n
FAC_rank_vol_m6_n12_pairwise1,2012-02-29,FAC_rank_vol_m6_n12_pairwise1,,24,skipped,完整变量样本数小于 min_cross_section_n
FAC_rank_vol_m6_n12_pairwise1,2012-02-29,CtrlRetSTR,,24,skipped,完整变量样本数小于 min_cross_section_n
FAC_rank_vol_m6_n12_pairwise1,2012-02-29,CtrlRetLTM,,24,skipped,完整变量样本数小于 min_cross_section_n
FAC_rank_vol_m6_n12_pairwise1,2012-02-29,CtrlVol,,24,skipped,完整变量样本数小于 min_cross_section_n
FAC_rank_vol_m6_n12_pairwise1,2012-02-29,as_偏股混合型基金,,24,skipped,完整变量样本数小于 min_cross_section_n
FAC_rank_vol_m6_n12_pairwise1,2012-02-29,Ctrl_log_fund_size,,24,skipped,完整变量样本数小于 min_cross_section_n
FAC_rank_vol_m6_n12_pairwise1,2012-02-29,Ctrl_fund_age,,24,skipped,完整变量样本数小于 min_cross_section_n
FAC_rank_vol_m6_n12_pairwise1,2012-03-30,FAC_rank_vol_m6_n12_pairwise1,,24,skipped,完整变量样本数小于 min_cross_section_n
FAC_rank_vol_m6_n12_pairwise1,2012-03-30,CtrlRetSTR,,24,skipped,完整变量样本数小于 min_cross_section_n
FAC_rank_vol_m6_n12_pairwise1,2012-03-30,CtrlRetLTM,,24,skipped,完整变量样本数小于 min_cross_section_n
FAC_rank_vol_m6_n12_pairwise1,2012-03-30,CtrlVol,,24,skipped,完整变量样本数小于 min_cross_section_n
FAC_rank_vol_m6_n12_pairwise1,2012-03-30,as_偏股混合型基金,,24,skipped,完整变量样本数小于 min_cross_section_n
FAC_rank_vol_m6_n12_pairwise1,2012-03-30,Ctrl_log_fund_size,,24,skipped,完整变量样本数小于 min_cross_section_n
FAC_rank_vol_m6_n12_pairwise1,2012-03-30,Ctrl_fund_age,,24,skipped,完整变量样本数小于 min_cross_section_n
FAC_rank_vol_m6_n12_pairwise1,2012-04-27,FAC_rank_vol_m6_n12_pairwise1,,23,skipped,完整变量样本数小于 min_cross_section_n
FAC_rank_vol_m6_n12_pairwise1,2012-04-27,CtrlRetSTR,,23,skipped,完整变量样本数小于 min_cross_section_n
FAC_rank_vol_m6_n12_pairwise1,2012-04-27,CtrlRetLTM,,23,skipped,完整变量样本数小于 min_cross_section_n
FAC_rank_vol_m6_n12_pairwise1,2012-04-27,CtrlVol,,23,skipped,完整变量样本数小于 min_cross_section_n
FAC_rank_vol_m6_n12_pairwise1,2012-04-27,as_偏股混合型基金,,23,skipped,完整变量样本数小于 min_cross_section_n
FAC_rank_vol_m6_n12_pairwise1,2012-04-27,Ctrl_log_fund_size,,23,skipped,完整变量样本数小于 min_cross_section_n
FAC_rank_vol_m6_n12_pairwise1,2012-04-27,Ctrl_fund_age,,23,skipped,完整变量样本数小于 min_cross_section_n
FAC_rank_vol_m6_n12_pairwise1,2012-05-31,FAC_rank_vol_m6_n12_pairwise1,,25,skipped,完整变量样本数小于 min_cross_section_n
FAC_rank_vol_m6_n12_pairwise1,2012-05-31,CtrlRetSTR,,25,skipped,完整变量样本数小于 min_cross_section_n
FAC_rank_vol_m6_n12_pairwise1,2012-05-31,CtrlRetLTM,,25,skipped,完整变量样本数小于 min_cross_section_n
FAC_rank_vol_m6_n12_pairwise1,2012-05-31,CtrlVol,,25,skipped,完整变量样本数小于 min_cross_section_n
FAC_rank_vol_m6_n12_pairwise1,2012-05-31,as_偏股混合型基金,,25,skipped,完整变量样本数小于 min_cross_section_n
FAC_rank_vol_m6_n12_pairwise1,2012-05-31,Ctrl_log_fund_size,,25,skipped,完整变量样本数小于 min_cross_section_n
FAC_rank_vol_m6_n12_pairwise1,2012-05-31,Ctrl_fund_age,,25,skipped,完整变量样本数小于 min_cross_section_n
FAC_rank_vol_m6_n12_pairwise1,2012-06-29,FAC_rank_vol_m6_n12_pairwise1,,25,skipped,完整变量样本数小于 min_cross_section_n
FAC_rank_vol_m6_n12_pairwise1,2012-06-29,CtrlRetSTR,,25,skipped,完整变量样本数小于 min_cross_section_n
FAC_rank_vol_m6_n12_pairwise1,2012-06-29,CtrlRetLTM,,25,skipped,完整变量样本数小于 min_cross_section_n
FAC_rank_vol_m6_n12_pairwise1,2012-06-29,CtrlVol,,25,skipped,完整变量样本数小于 min_cross_section_n
FAC_rank_vol_m6_n12_pairwise1,2012-06-29,as_偏股混合型基金,,25,skipped,完整变量样本数小于 min_cross_section_n
FAC_rank_vol_m6_n12_pairwise1,2012-06-29,Ctrl_log_fund_size,,25,skipped,完整变量样本数小于 min_cross_section_n
FAC_rank_vol_m6_n12_pairwise1,2012-06-29,Ctrl_fund_age,,25,skipped,完整变量样本数小于 min_cross_section_n
FAC_rank_vol_m6_n12_pairwise1,2012-07-31,FAC_rank_vol_m6_n12_pairwise1,,25,skipped,完整变量样本数小于 min_cross_section_n
FAC_rank_vol_m6_n12_pairwise1,2012-07-31,CtrlRetSTR,,25,skipped,完整变量样本数小于 min_cross_section_n
FAC_rank_vol_m6_n12_pairwise1,2012-07-31,CtrlRetLTM,,25,skipped,完整变量样本数小于 min_cross_section_n
FAC_rank_vol_m6_n12_pairwise1,2012-07-31,CtrlVol,,25,skipped,完整变量样本数小于 min_cross_section_n
FAC_rank_vol_m6_n12_pairwise1,2012-07-31,as_偏股混合型基金,,25,skipped,完整变量样本数小于 min_cross_section_n
FAC_rank_vol_m6_n12_pairwise1,2012-07-31,Ctrl_log_fund_size,,25,skipped,完整变量样本数小于 min_cross_section_n
FAC_rank_vol_m6_n12_pairwise1,2012-07-31,Ctrl_fund_age,,25,skipped,完整变量样本数小于 min_cross_section_n
FAC_rank_vol_m6_n12_pairwise1,2012-08-31,FAC_rank_vol_m6_n12_pairwise1,,25,skipped,完整变量样本数小于 min_cross_section_n
FAC_rank_vol_m6_n12_pairwise1,2012-08-31,CtrlRetSTR,,25,skipped,完整变量样本数小于 min_cross_section_n
FAC_rank_vol_m6_n12_pairwise1,2012-08-31,CtrlRetLTM,,25,skipped,完整变量样本数小于 min_cross_section_n
FAC_rank_vol_m6_n12_pairwise1,2012-08-31,CtrlVol,,25,skipped,完整变量样本数小于 min_cross_section_n
FAC_rank_vol_m6_n12_pairwise1,2012-08-31,as_偏股混合型基金,,25,skipped,完整变量样本数小于 min_cross_section_n
FAC_rank_vol_m6_n12_pairwise1,2012-08-31,Ctrl_log_fund_size,,25,skipped,完整变量样本数小于 min_cross_section_n
FAC_rank_vol_m6_n12_pairwise1,2012-08-31,Ctrl_fund_age,,25,skipped,完整变量样本数小于 min_cross_section_n
FAC_rank_vol_m6_n12_pairwise1,2012-09-28,FAC_rank_vol_m6_n12_pairwise1,,26,skipped,完整变量样本数小于 min_cross_section_n
FAC_rank_vol_m6_n12_pairwise1,2012-09-28,CtrlRetSTR,,26,skipped,完整变量样本数小于 min_cross_section_n
FAC_rank_vol_m6_n12_pairwise1,2012-09-28,CtrlRetLTM,,26,skipped,完整变量样本数小于 min_cross_section_n
FAC_rank_vol_m6_n12_pairwise1,2012-09-28,CtrlVol,,26,skipped,完整变量样本数小于 min_cross_section_n
FAC_rank_vol_m6_n12_pairwise1,2012-09-28,as_偏股混合型基金,,26,skipped,完整变量样本数小于 min_cross_section_n
FAC_rank_vol_m6_n12_pairwise1,2012-09-28,Ctrl_log_fund_size,,26,skipped,完整变量样本数小于 min_cross_section_n
FAC_rank_vol_m6_n12_pairwise1,2012-09-28,Ctrl_fund_age,,26,skipped,完整变量样本数小于 min_cross_section_n
FAC_rank_vol_m6_n12_pairwise1,2012-10-31,FAC_rank_vol_m6_n12_pairwise1,,29,skipped,完整变量样本数小于 min_cross_section_n
FAC_rank_vol_m6_n12_pairwise1,2012-10-31,CtrlRetSTR,,29,skipped,完整变量样本数小于 min_cross_section_n
FAC_rank_vol_m6_n12_pairwise1,2012-10-31,CtrlRetLTM,,29,skipped,完整变量样本数小于 min_cross_section_n
FAC_rank_vol_m6_n12_pairwise1,2012-10-31,CtrlVol,,29,skipped,完整变量样本数小于 min_cross_section_n
FAC_rank_vol_m6_n12_pairwise1,2012-10-31,as_偏股混合型基金,,29,skipped,完整变量样本数小于 min_cross_section_n
FAC_rank_vol_m6_n12_pairwise1,2012-10-31,Ctrl_log_fund_size,,29,skipped,完整变量样本数小于 min_cross_section_n
FAC_rank_vol_m6_n12_pairwise1,2012-10-31,Ctrl_fund_age,,29,skipped,完整变量样本数小于 min_cross_section_n
FAC_rank_vol_m6_n12_pairwise1,2012-11-30,FAC_rank_vol_m6_n12_pairwise1,,31,skipped,完整变量样本数小于 min_cross_section_n
FAC_rank_vol_m6_n12_pairwise1,2012-11-30,CtrlRetSTR,,31,skipped,完整变量样本数小于 min_cross_section_n
FAC_rank_vol_m6_n12_pairwise1,2012-11-30,CtrlRetLTM,,31,skipped,完整变量样本数小于 min_cross_section_n
FAC_rank_vol_m6_n12_pairwise1,2012-11-30,CtrlVol,,31,skipped,完整变量样本数小于 min_cross_section_n
FAC_rank_vol_m6_n12_pairwise1,2012-11-30,as_偏股混合型基金,,31,skipped,完整变量样本数小于 min_cross_section_n
FAC_rank_vol_m6_n12_pairwise1,2012-11-30,Ctrl_log_fund_size,,31,skipped,完整变量样本数小于 min_cross_section_n
FAC_rank_vol_m6_n12_pairwise1,2012-11-30,Ctrl_fund_age,,31,skipped,完整变量样本数小于 min_cross_section_n
FAC_rank_vol_m6_n12_pairwise1,2012-12-31,FAC_rank_vol_m6_n12_pairwise1,,31,skipped,完整变量样本数小于 min_cross_section_n
FAC_rank_vol_m6_n12_pairwise1,2012-12-31,CtrlRetSTR,,31,skipped,完整变量样本数小于 min_cross_section_n
FAC_rank_vol_m6_n12_pairwise1,2012-12-31,CtrlRetLTM,,31,skipped,完整变量样本数小于 min_cross_section_n
FAC_rank_vol_m6_n12_pairwise1,2012-12-31,CtrlVol,,31,skipped,完整变量样本数小于 min_cross_section_n
FAC_rank_vol_m6_n12_pairwise1,2012-12-31,as_偏股混合型基金,,31,skipped,完整变量样本数小于 min_cross_section_n
FAC_rank_vol_m6_n12_pairwise1,2012-12-31,Ctrl_log_fund_size,,31,skipped,完整变量样本数小于 min_cross_section_n
FAC_rank_vol_m6_n12_pairwise1,2012-12-31,Ctrl_fund_age,,31,skipped,完整变量样本数小于 min_cross_section_n
FAC_rank_vol_m6_n12_pairwise1,2013-01-31,FAC_rank_vol_m6_n12_pairwise1,,33,skipped,完整变量样本数小于 min_cross_section_n
FAC_rank_vol_m6_n12_pairwise1,2013-01-31,CtrlRetSTR,,33,skipped,完整变量样本数小于 min_cross_section_n
FAC_rank_vol_m6_n12_pairwise1,2013-01-31,CtrlRetLTM,,33,skipped,完整变量样本数小于 min_cross_section_n
FAC_rank_vol_m6_n12_pairwise1,2013-01-31,CtrlVol,,33,skipped,完整变量样本数小于 min_cross_section_n
FAC_rank_vol_m6_n12_pairwise1,2013-01-31,as_偏股混合型基金,,33,skipped,完整变量样本数小于 min_cross_section_n
FAC_rank_vol_m6_n12_pairwise1,2013-01-31,Ctrl_log_fund_size,,33,skipped,完整变量样本数小于 min_cross_section_n
FAC_rank_vol_m6_n12_pairwise1,2013-01-31,Ctrl_fund_age,,33,skipped,完整变量样本数小于 min_cross_section_n
FAC_rank_vol_m6_n12_pairwise1,2013-02-28,FAC_rank_vol_m6_n12_pairwise1,,34,skipped,完整变量样本数小于 min_cross_section_n
FAC_rank_vol_m6_n12_pairwise1,2013-02-28,CtrlRetSTR,,34,skipped,完整变量样本数小于 min_cross_section_n
FAC_rank_vol_m6_n12_pairwise1,2013-02-28,CtrlRetLTM,,34,skipped,完整变量样本数小于 min_cross_section_n
FAC_rank_vol_m6_n12_pairwise1,2013-02-28,CtrlVol,,34,skipped,完整变量样本数小于 min_cross_section_n
FAC_rank_vol_m6_n12_pairwise1,2013-02-28,as_偏股混合型基金,,34,skipped,完整变量样本数小于 min_cross_section_n
FAC_rank_vol_m6_n12_pairwise1,2013-02-28,Ctrl_log_fund_size,,34,skipped,完整变量样本数小于 min_cross_section_n
FAC_rank_vol_m6_n12_pairwise1,2013-02-28,Ctrl_fund_age,,34,skipped,完整变量样本数小于 min_cross_section_n
FAC_rank_vol_m6_n12_pairwise1,2013-03-29,FAC_rank_vol_m6_n12_pairwise1,,35,skipped,完整变量样本数小于 min_cross_section_n
FAC_rank_vol_m6_n12_pairwise1,2013-03-29,CtrlRetSTR,,35,skipped,完整变量样本数小于 min_cross_section_n
FAC_rank_vol_m6_n12_pairwise1,2013-03-29,CtrlRetLTM,,35,skipped,完整变量样本数小于 min_cross_section_n
FAC_rank_vol_m6_n12_pairwise1,2013-03-29,CtrlVol,,35,skipped,完整变量样本数小于 min_cross_section_n
FAC_rank_vol_m6_n12_pairwise1,2013-03-29,as_偏股混合型基金,,35,skipped,完整变量样本数小于 min_cross_section_n
FAC_rank_vol_m6_n12_pairwise1,2013-03-29,Ctrl_log_fund_size,,35,skipped,完整变量样本数小于 min_cross_section_n
FAC_rank_vol_m6_n12_pairwise1,2013-03-29,Ctrl_fund_age,,35,skipped,完整变量样本数小于 min_cross_section_n
FAC_rank_vol_m6_n12_pairwise1,2013-04-26,FAC_rank_vol_m6_n12_pairwise1,,38,skipped,完整变量样本数小于 min_cross_section_n
FAC_rank_vol_m6_n12_pairwise1,2013-04-26,CtrlRetSTR,,38,skipped,完整变量样本数小于 min_cross_section_n
FAC_rank_vol_m6_n12_pairwise1,2013-04-26,CtrlRetLTM,,38,skipped,完整变量样本数小于 min_cross_section_n
FAC_rank_vol_m6_n12_pairwise1,2013-04-26,CtrlVol,,38,skipped,完整变量样本数小于 min_cross_section_n
FAC_rank_vol_m6_n12_pairwise1,2013-04-26,as_偏股混合型基金,,38,skipped,完整变量样本数小于 min_cross_section_n
FAC_rank_vol_m6_n12_pairwise1,2013-04-26,Ctrl_log_fund_size,,38,skipped,完整变量样本数小于 min_cross_section_n
FAC_rank_vol_m6_n12_pairwise1,2013-04-26,Ctrl_fund_age,,38,skipped,完整变量样本数小于 min_cross_section_n
FAC_rank_vol_m6_n12_pairwise1,2013-05-31,FAC_rank_vol_m6_n12_pairwise1,,39,skipped,完整变量样本数小于 min_cross_section_n
FAC_rank_vol_m6_n12_pairwise1,2013-05-31,CtrlRetSTR,,39,skipped,完整变量样本数小于 min_cross_section_n
FAC_rank_vol_m6_n12_pairwise1,2013-05-31,CtrlRetLTM,,39,skipped,完整变量样本数小于 min_cross_section_n
FAC_rank_vol_m6_n12_pairwise1,2013-05-31,CtrlVol,,39,skipped,完整变量样本数小于 min_cross_section_n
FAC_rank_vol_m6_n12_pairwise1,2013-05-31,as_偏股混合型基金,,39,skipped,完整变量样本数小于 min_cross_section_n
FAC_rank_vol_m6_n12_pairwise1,2013-05-31,Ctrl_log_fund_size,,39,skipped,完整变量样本数小于 min_cross_section_n
FAC_rank_vol_m6_n12_pairwise1,2013-05-31,Ctrl_fund_age,,39,skipped,完整变量样本数小于 min_cross_section_n
FAC_rank_vol_m6_n12_pairwise1,2013-06-28,FAC_rank_vol_m6_n12_pairwise1,,40,skipped,完整变量样本数小于 min_cross_section_n
FAC_rank_vol_m6_n12_pairwise1,2013-06-28,CtrlRetSTR,,40,skipped,完整变量样本数小于 min_cross_section_n
FAC_rank_vol_m6_n12_pairwise1,2013-06-28,CtrlRetLTM,,40,skipped,完整变量样本数小于 min_cross_section_n
FAC_rank_vol_m6_n12_pairwise1,2013-06-28,CtrlVol,,40,skipped,完整变量样本数小于 min_cross_section_n
FAC_rank_vol_m6_n12_pairwise1,2013-06-28,as_偏股混合型基金,,40,skipped,完整变量样本数小于 min_cross_section_n
FAC_rank_vol_m6_n12_pairwise1,2013-06-28,Ctrl_log_fund_size,,40,skipped,完整变量样本数小于 min_cross_section_n
FAC_rank_vol_m6_n12_pairwise1,2013-06-28,Ctrl_fund_age,,40,skipped,完整变量样本数小于 min_cross_section_n
FAC_rank_vol_m6_n12_pairwise1,2013-07-31,FAC_rank_vol_m6_n12_pairwise1,,41,skipped,完整变量样本数小于 min_cross_section_n
FAC_rank_vol_m6_n12_pairwise1,2013-07-31,CtrlRetSTR,,41,skipped,完整变量样本数小于 min_cross_section_n
FAC_rank_vol_m6_n12_pairwise1,2013-07-31,CtrlRetLTM,,41,skipped,完整变量样本数小于 min_cross_section_n
FAC_rank_vol_m6_n12_pairwise1,2013-07-31,CtrlVol,,41,skipped,完整变量样本数小于 min_cross_section_n
FAC_rank_vol_m6_n12_pairwise1,2013-07-31,as_偏股混合型基金,,41,skipped,完整变量样本数小于 min_cross_section_n
FAC_rank_vol_m6_n12_pairwise1,2013-07-31,Ctrl_log_fund_size,,41,skipped,完整变量样本数小于 min_cross_section_n
FAC_rank_vol_m6_n12_pairwise1,2013-07-31,Ctrl_fund_age,,41,skipped,完整变量样本数小于 min_cross_section_n
FAC_rank_vol_m6_n12_pairwise1,2013-08-30,FAC_rank_vol_m6_n12_pairwise1,,42,skipped,完整变量样本数小于 min_cross_section_n
FAC_rank_vol_m6_n12_pairwise1,2013-08-30,CtrlRetSTR,,42,skipped,完整变量样本数小于 min_cross_section_n
FAC_rank_vol_m6_n12_pairwise1,2013-08-30,CtrlRetLTM,,42,skipped,完整变量样本数小于 min_cross_section_n
FAC_rank_vol_m6_n12_pairwise1,2013-08-30,CtrlVol,,42,skipped,完整变量样本数小于 min_cross_section_n
FAC_rank_vol_m6_n12_pairwise1,2013-08-30,as_偏股混合型基金,,42,skipped,完整变量样本数小于 min_cross_section_n
FAC_rank_vol_m6_n12_pairwise1,2013-08-30,Ctrl_log_fund_size,,42,skipped,完整变量样本数小于 min_cross_section_n
FAC_rank_vol_m6_n12_pairwise1,2013-08-30,Ctrl_fund_age,,42,skipped,完整变量样本数小于 min_cross_section_n
FAC_rank_vol_m6_n12_pairwise1,2013-09-30,FAC_rank_vol_m6_n12_pairwise1,,43,skipped,完整变量样本数小于 min_cross_section_n
FAC_rank_vol_m6_n12_pairwise1,2013-09-30,CtrlRetSTR,,43,skipped,完整变量样本数小于 min_cross_section_n
FAC_rank_vol_m6_n12_pairwise1,2013-09-30,CtrlRetLTM,,43,skipped,完整变量样本数小于 min_cross_section_n
FAC_rank_vol_m6_n12_pairwise1,2013-09-30,CtrlVol,,43,skipped,完整变量样本数小于 min_cross_section_n
FAC_rank_vol_m6_n12_pairwise1,2013-09-30,as_偏股混合型基金,,43,skipped,完整变量样本数小于 min_cross_section_n
FAC_rank_vol_m6_n12_pairwise1,2013-09-30,Ctrl_log_fund_size,,43,skipped,完整变量样本数小于 min_cross_section_n
FAC_rank_vol_m6_n12_pairwise1,2013-09-30,Ctrl_fund_age,,43,skipped,完整变量样本数小于 min_cross_section_n
FAC_rank_vol_m6_n12_pairwise1,2013-10-31,FAC_rank_vol_m6_n12_pairwise1,,45,skipped,完整变量样本数小于 min_cross_section_n
FAC_rank_vol_m6_n12_pairwise1,2013-10-31,CtrlRetSTR,,45,skipped,完整变量样本数小于 min_cross_section_n
FAC_rank_vol_m6_n12_pairwise1,2013-10-31,CtrlRetLTM,,45,skipped,完整变量样本数小于 min_cross_section_n
FAC_rank_vol_m6_n12_pairwise1,2013-10-31,CtrlVol,,45,skipped,完整变量样本数小于 min_cross_section_n
FAC_rank_vol_m6_n12_pairwise1,2013-10-31,as_偏股混合型基金,,45,skipped,完整变量样本数小于 min_cross_section_n
FAC_rank_vol_m6_n12_pairwise1,2013-10-31,Ctrl_log_fund_size,,45,skipped,完整变量样本数小于 min_cross_section_n
FAC_rank_vol_m6_n12_pairwise1,2013-10-31,Ctrl_fund_age,,45,skipped,完整变量样本数小于 min_cross_section_n
FAC_rank_vol_m6_n12_pairwise1,2013-11-29,FAC_rank_vol_m6_n12_pairwise1,,44,skipped,完整变量样本数小于 min_cross_section_n
FAC_rank_vol_m6_n12_pairwise1,2013-11-29,CtrlRetSTR,,44,skipped,完整变量样本数小于 min_cross_section_n
FAC_rank_vol_m6_n12_pairwise1,2013-11-29,CtrlRetLTM,,44,skipped,完整变量样本数小于 min_cross_section_n
FAC_rank_vol_m6_n12_pairwise1,2013-11-29,CtrlVol,,44,skipped,完整变量样本数小于 min_cross_section_n
FAC_rank_vol_m6_n12_pairwise1,2013-11-29,as_偏股混合型基金,,44,skipped,完整变量样本数小于 min_cross_section_n
FAC_rank_vol_m6_n12_pairwise1,2013-11-29,Ctrl_log_fund_size,,44,skipped,完整变量样本数小于 min_cross_section_n
FAC_rank_vol_m6_n12_pairwise1,2013-11-29,Ctrl_fund_age,,44,skipped,完整变量样本数小于 min_cross_section_n
FAC_rank_vol_m6_n12_pairwise1,2013-12-31,FAC_rank_vol_m6_n12_pairwise1,,46,skipped,完整变量样本数小于 min_cross_section_n
FAC_rank_vol_m6_n12_pairwise1,2013-12-31,CtrlRetSTR,,46,skipped,完整变量样本数小于 min_cross_section_n
FAC_rank_vol_m6_n12_pairwise1,2013-12-31,CtrlRetLTM,,46,skipped,完整变量样本数小于 min_cross_section_n
FAC_rank_vol_m6_n12_pairwise1,2013-12-31,CtrlVol,,46,skipped,完整变量样本数小于 min_cross_section_n
FAC_rank_vol_m6_n12_pairwise1,2013-12-31,as_偏股混合型基金,,46,skipped,完整变量样本数小于 min_cross_section_n
FAC_rank_vol_m6_n12_pairwise1,2013-12-31,Ctrl_log_fund_size,,46,skipped,完整变量样本数小于 min_cross_section_n
FAC_rank_vol_m6_n12_pairwise1,2013-12-31,Ctrl_fund_age,,46,skipped,完整变量样本数小于 min_cross_section_n
FAC_rank_vol_m6_n12_pairwise1,2014-01-30,FAC_rank_vol_m6_n12_pairwise1,,45,skipped,完整变量样本数小于 min_cross_section_n
FAC_rank_vol_m6_n12_pairwise1,2014-01-30,CtrlRetSTR,,45,skipped,完整变量样本数小于 min_cross_section_n
FAC_rank_vol_m6_n12_pairwise1,2014-01-30,CtrlRetLTM,,45,skipped,完整变量样本数小于 min_cross_section_n
FAC_rank_vol_m6_n12_pairwise1,2014-01-30,CtrlVol,,45,skipped,完整变量样本数小于 min_cross_section_n
FAC_rank_vol_m6_n12_pairwise1,2014-01-30,as_偏股混合型基金,,45,skipped,完整变量样本数小于 min_cross_section_n
FAC_rank_vol_m6_n12_pairwise1,2014-01-30,Ctrl_log_fund_size,,45,skipped,完整变量样本数小于 min_cross_section_n
FAC_rank_vol_m6_n12_pairwise1,2014-01-30,Ctrl_fund_age,,45,skipped,完整变量样本数小于 min_cross_section_n
FAC_rank_vol_m6_n12_pairwise1,2014-02-28,FAC_rank_vol_m6_n12_pairwise1,,46,skipped,完整变量样本数小于 min_cross_section_n
FAC_rank_vol_m6_n12_pairwise1,2014-02-28,CtrlRetSTR,,46,skipped,完整变量样本数小于 min_cross_section_n
FAC_rank_vol_m6_n12_pairwise1,2014-02-28,CtrlRetLTM,,46,skipped,完整变量样本数小于 min_cross_section_n
FAC_rank_vol_m6_n12_pairwise1,2014-02-28,CtrlVol,,46,skipped,完整变量样本数小于 min_cross_section_n
FAC_rank_vol_m6_n12_pairwise1,2014-02-28,as_偏股混合型基金,,46,skipped,完整变量样本数小于 min_cross_section_n
FAC_rank_vol_m6_n12_pairwise1,2014-02-28,Ctrl_log_fund_size,,46,skipped,完整变量样本数小于 min_cross_section_n
FAC_rank_vol_m6_n12_pairwise1,2014-02-28,Ctrl_fund_age,,46,skipped,完整变量样本数小于 min_cross_section_n
FAC_rank_vol_m6_n12_pairwise1,2014-03-31,FAC_rank_vol_m6_n12_pairwise1,,45,skipped,完整变量样本数小于 min_cross_section_n
FAC_rank_vol_m6_n12_pairwise1,2014-03-31,CtrlRetSTR,,45,skipped,完整变量样本数小于 min_cross_section_n
FAC_rank_vol_m6_n12_pairwise1,2014-03-31,CtrlRetLTM,,45,skipped,完整变量样本数小于 min_cross_section_n
FAC_rank_vol_m6_n12_pairwise1,2014-03-31,CtrlVol,,45,skipped,完整变量样本数小于 min_cross_section_n
FAC_rank_vol_m6_n12_pairwise1,2014-03-31,as_偏股混合型基金,,45,skipped,完整变量样本数小于 min_cross_section_n
FAC_rank_vol_m6_n12_pairwise1,2014-03-31,Ctrl_log_fund_size,,45,skipped,完整变量样本数小于 min_cross_section_n
FAC_rank_vol_m6_n12_pairwise1,2014-03-31,Ctrl_fund_age,,45,skipped,完整变量样本数小于 min_cross_section_n
FAC_rank_vol_m6_n12_pairwise1,2014-04-30,FAC_rank_vol_m6_n12_pairwise1,,46,skipped,完整变量样本数小于 min_cross_section_n
FAC_rank_vol_m6_n12_pairwise1,2014-04-30,CtrlRetSTR,,46,skipped,完整变量样本数小于 min_cross_section_n
FAC_rank_vol_m6_n12_pairwise1,2014-04-30,CtrlRetLTM,,46,skipped,完整变量样本数小于 min_cross_section_n
FAC_rank_vol_m6_n12_pairwise1,2014-04-30,CtrlVol,,46,skipped,完整变量样本数小于 min_cross_section_n
FAC_rank_vol_m6_n12_pairwise1,2014-04-30,as_偏股混合型基金,,46,skipped,完整变量样本数小于 min_cross_section_n
FAC_rank_vol_m6_n12_pairwise1,2014-04-30,Ctrl_log_fund_size,,46,skipped,完整变量样本数小于 min_cross_section_n
FAC_rank_vol_m6_n12_pairwise1,2014-04-30,Ctrl_fund_age,,46,skipped,完整变量样本数小于 min_cross_section_n
FAC_rank_vol_m6_n12_pairwise1,2014-05-30,FAC_rank_vol_m6_n12_pairwise1,,48,skipped,完整变量样本数小于 min_cross_section_n
FAC_rank_vol_m6_n12_pairwise1,2014-05-30,CtrlRetSTR,,48,skipped,完整变量样本数小于 min_cross_section_n
FAC_rank_vol_m6_n12_pairwise1,2014-05-30,CtrlRetLTM,,48,skipped,完整变量样本数小于 min_cross_section_n
FAC_rank_vol_m6_n12_pairwise1,2014-05-30,CtrlVol,,48,skipped,完整变量样本数小于 min_cross_section_n
FAC_rank_vol_m6_n12_pairwise1,2014-05-30,as_偏股混合型基金,,48,skipped,完整变量样本数小于 min_cross_section_n
FAC_rank_vol_m6_n12_pairwise1,2014-05-30,Ctrl_log_fund_size,,48,skipped,完整变量样本数小于 min_cross_section_n
FAC_rank_vol_m6_n12_pairwise1,2014-05-30,Ctrl_fund_age,,48,skipped,完整变量样本数小于 min_cross_section_n
FAC_rank_vol_m6_n12_pairwise1,2014-06-30,FAC_rank_vol_m6_n12_pairwise1,,48,skipped,完整变量样本数小于 min_cross_section_n
FAC_rank_vol_m6_n12_pairwise1,2014-06-30,CtrlRetSTR,,48,skipped,完整变量样本数小于 min_cross_section_n
FAC_rank_vol_m6_n12_pairwise1,2014-06-30,CtrlRetLTM,,48,skipped,完整变量样本数小于 min_cross_section_n
FAC_rank_vol_m6_n12_pairwise1,2014-06-30,CtrlVol,,48,skipped,完整变量样本数小于 min_cross_section_n
FAC_rank_vol_m6_n12_pairwise1,2014-06-30,as_偏股混合型基金,,48,skipped,完整变量样本数小于 min_cross_section_n
FAC_rank_vol_m6_n12_pairwise1,2014-06-30,Ctrl_log_fund_size,,48,skipped,完整变量样本数小于 min_cross_section_n
FAC_rank_vol_m6_n12_pairwise1,2014-06-30,Ctrl_fund_age,,48,skipped,完整变量样本数小于 min_cross_section_n
FAC_rank_vol_m6_n12_pairwise1,2014-07-31,FAC_rank_vol_m6_n12_pairwise1,,48,skipped,完整变量样本数小于 min_cross_section_n
FAC_rank_vol_m6_n12_pairwise1,2014-07-31,CtrlRetSTR,,48,skipped,完整变量样本数小于 min_cross_section_n
FAC_rank_vol_m6_n12_pairwise1,2014-07-31,CtrlRetLTM,,48,skipped,完整变量样本数小于 min_cross_section_n
FAC_rank_vol_m6_n12_pairwise1,2014-07-31,CtrlVol,,48,skipped,完整变量样本数小于 min_cross_section_n
FAC_rank_vol_m6_n12_pairwise1,2014-07-31,as_偏股混合型基金,,48,skipped,完整变量样本数小于 min_cross_section_n
FAC_rank_vol_m6_n12_pairwise1,2014-07-31,Ctrl_log_fund_size,,48,skipped,完整变量样本数小于 min_cross_section_n
FAC_rank_vol_m6_n12_pairwise1,2014-07-31,Ctrl_fund_age,,48,skipped,完整变量样本数小于 min_cross_section_n
FAC_rank_vol_m6_n12_pairwise1,2014-08-29,FAC_rank_vol_m6_n12_pairwise1,,48,skipped,完整变量样本数小于 min_cross_section_n
FAC_rank_vol_m6_n12_pairwise1,2014-08-29,CtrlRetSTR,,48,skipped,完整变量样本数小于 min_cross_section_n
FAC_rank_vol_m6_n12_pairwise1,2014-08-29,CtrlRetLTM,,48,skipped,完整变量样本数小于 min_cross_section_n
FAC_rank_vol_m6_n12_pairwise1,2014-08-29,CtrlVol,,48,skipped,完整变量样本数小于 min_cross_section_n
FAC_rank_vol_m6_n12_pairwise1,2014-08-29,as_偏股混合型基金,,48,skipped,完整变量样本数小于 min_cross_section_n
FAC_rank_vol_m6_n12_pairwise1,2014-08-29,Ctrl_log_fund_size,,48,skipped,完整变量样本数小于 min_cross_section_n
FAC_rank_vol_m6_n12_pairwise1,2014-08-29,Ctrl_fund_age,,48,skipped,完整变量样本数小于 min_cross_section_n
FAC_rank_vol_m6_n12_pairwise1,2014-09-30,FAC_rank_vol_m6_n12_pairwise1,,48,skipped,完整变量样本数小于 min_cross_section_n
FAC_rank_vol_m6_n12_pairwise1,2014-09-30,CtrlRetSTR,,48,skipped,完整变量样本数小于 min_cross_section_n
FAC_rank_vol_m6_n12_pairwise1,2014-09-30,CtrlRetLTM,,48,skipped,完整变量样本数小于 min_cross_section_n
FAC_rank_vol_m6_n12_pairwise1,2014-09-30,CtrlVol,,48,skipped,完整变量样本数小于 min_cross_section_n
FAC_rank_vol_m6_n12_pairwise1,2014-09-30,as_偏股混合型基金,,48,skipped,完整变量样本数小于 min_cross_section_n
FAC_rank_vol_m6_n12_pairwise1,2014-09-30,Ctrl_log_fund_size,,48,skipped,完整变量样本数小于 min_cross_section_n
FAC_rank_vol_m6_n12_pairwise1,2014-09-30,Ctrl_fund_age,,48,skipped,完整变量样本数小于 min_cross_section_n
FAC_rank_vol_m6_n12_pairwise1,2014-10-31,FAC_rank_vol_m6_n12_pairwise1,,45,skipped,完整变量样本数小于 min_cross_section_n
FAC_rank_vol_m6_n12_pairwise1,2014-10-31,CtrlRetSTR,,45,skipped,完整变量样本数小于 min_cross_section_n
FAC_rank_vol_m6_n12_pairwise1,2014-10-31,CtrlRetLTM,,45,skipped,完整变量样本数小于 min_cross_section_n
FAC_rank_vol_m6_n12_pairwise1,2014-10-31,CtrlVol,,45,skipped,完整变量样本数小于 min_cross_section_n
FAC_rank_vol_m6_n12_pairwise1,2014-10-31,as_偏股混合型基金,,45,skipped,完整变量样本数小于 min_cross_section_n
FAC_rank_vol_m6_n12_pairwise1,2014-10-31,Ctrl_log_fund_size,,45,skipped,完整变量样本数小于 min_cross_section_n
FAC_rank_vol_m6_n12_pairwise1,2014-10-31,Ctrl_fund_age,,45,skipped,完整变量样本数小于 min_cross_section_n
FAC_rank_vol_m6_n12_pairwise1,2014-11-28,FAC_rank_vol_m6_n12_pairwise1,,45,skipped,完整变量样本数小于 min_cross_section_n
FAC_rank_vol_m6_n12_pairwise1,2014-11-28,CtrlRetSTR,,45,skipped,完整变量样本数小于 min_cross_section_n
FAC_rank_vol_m6_n12_pairwise1,2014-11-28,CtrlRetLTM,,45,skipped,完整变量样本数小于 min_cross_section_n
FAC_rank_vol_m6_n12_pairwise1,2014-11-28,CtrlVol,,45,skipped,完整变量样本数小于 min_cross_section_n
FAC_rank_vol_m6_n12_pairwise1,2014-11-28,as_偏股混合型基金,,45,skipped,完整变量样本数小于 min_cross_section_n
FAC_rank_vol_m6_n12_pairwise1,2014-11-28,Ctrl_log_fund_size,,45,skipped,完整变量样本数小于 min_cross_section_n
FAC_rank_vol_m6_n12_pairwise1,2014-11-28,Ctrl_fund_age,,45,skipped,完整变量样本数小于 min_cross_section_n
FAC_rank_vol_m6_n12_pairwise1,2014-12-31,FAC_rank_vol_m6_n12_pairwise1,,41,skipped,完整变量样本数小于 min_cross_section_n
FAC_rank_vol_m6_n12_pairwise1,2014-12-31,CtrlRetSTR,,41,skipped,完整变量样本数小于 min_cross_section_n
FAC_rank_vol_m6_n12_pairwise1,2014-12-31,CtrlRetLTM,,41,skipped,完整变量样本数小于 min_cross_section_n
FAC_rank_vol_m6_n12_pairwise1,2014-12-31,CtrlVol,,41,skipped,完整变量样本数小于 min_cross_section_n
FAC_rank_vol_m6_n12_pairwise1,2014-12-31,as_偏股混合型基金,,41,skipped,完整变量样本数小于 min_cross_section_n
FAC_rank_vol_m6_n12_pairwise1,2014-12-31,Ctrl_log_fund_size,,41,skipped,完整变量样本数小于 min_cross_section_n
FAC_rank_vol_m6_n12_pairwise1,2014-12-31,Ctrl_fund_age,,41,skipped,完整变量样本数小于 min_cross_section_n
FAC_rank_vol_m6_n12_pairwise1,2015-01-30,FAC_rank_vol_m6_n12_pairwise1,,38,skipped,完整变量样本数小于 min_cross_section_n
FAC_rank_vol_m6_n12_pairwise1,2015-01-30,CtrlRetSTR,,38,skipped,完整变量样本数小于 min_cross_section_n
FAC_rank_vol_m6_n12_pairwise1,2015-01-30,CtrlRetLTM,,38,skipped,完整变量样本数小于 min_cross_section_n
FAC_rank_vol_m6_n12_pairwise1,2015-01-30,CtrlVol,,38,skipped,完整变量样本数小于 min_cross_section_n
FAC_rank_vol_m6_n12_pairwise1,2015-01-30,as_偏股混合型基金,,38,skipped,完整变量样本数小于 min_cross_section_n
FAC_rank_vol_m6_n12_pairwise1,2015-01-30,Ctrl_log_fund_size,,38,skipped,完整变量样本数小于 min_cross_section_n
FAC_rank_vol_m6_n12_pairwise1,2015-01-30,Ctrl_fund_age,,38,skipped,完整变量样本数小于 min_cross_section_n
FAC_rank_vol_m6_n12_pairwise1,2015-02-27,FAC_rank_vol_m6_n12_pairwise1,,39,skipped,完整变量样本数小于 min_cross_section_n
FAC_rank_vol_m6_n12_pairwise1,2015-02-27,CtrlRetSTR,,39,skipped,完整变量样本数小于 min_cross_section_n
FAC_rank_vol_m6_n12_pairwise1,2015-02-27,CtrlRetLTM,,39,skipped,完整变量样本数小于 min_cross_section_n
FAC_rank_vol_m6_n12_pairwise1,2015-02-27,CtrlVol,,39,skipped,完整变量样本数小于 min_cross_section_n
FAC_rank_vol_m6_n12_pairwise1,2015-02-27,as_偏股混合型基金,,39,skipped,完整变量样本数小于 min_cross_section_n
FAC_rank_vol_m6_n12_pairwise1,2015-02-27,Ctrl_log_fund_size,,39,skipped,完整变量样本数小于 min_cross_section_n
FAC_rank_vol_m6_n12_pairwise1,2015-02-27,Ctrl_fund_age,,39,skipped,完整变量样本数小于 min_cross_section_n
FAC_rank_vol_m6_n12_pairwise1,2015-03-31,FAC_rank_vol_m6_n12_pairwise1,,36,skipped,完整变量样本数小于 min_cross_section_n
FAC_rank_vol_m6_n12_pairwise1,2015-03-31,CtrlRetSTR,,36,skipped,完整变量样本数小于 min_cross_section_n
FAC_rank_vol_m6_n12_pairwise1,2015-03-31,CtrlRetLTM,,36,skipped,完整变量样本数小于 min_cross_section_n
FAC_rank_vol_m6_n12_pairwise1,2015-03-31,CtrlVol,,36,skipped,完整变量样本数小于 min_cross_section_n
FAC_rank_vol_m6_n12_pairwise1,2015-03-31,as_偏股混合型基金,,36,skipped,完整变量样本数小于 min_cross_section_n
FAC_rank_vol_m6_n12_pairwise1,2015-03-31,Ctrl_log_fund_size,,36,skipped,完整变量样本数小于 min_cross_section_n
FAC_rank_vol_m6_n12_pairwise1,2015-03-31,Ctrl_fund_age,,36,skipped,完整变量样本数小于 min_cross_section_n
FAC_rank_vol_m6_n12_pairwise1,2015-04-30,FAC_rank_vol_m6_n12_pairwise1,,34,skipped,完整变量样本数小于 min_cross_section_n
FAC_rank_vol_m6_n12_pairwise1,2015-04-30,CtrlRetSTR,,34,skipped,完整变量样本数小于 min_cross_section_n
FAC_rank_vol_m6_n12_pairwise1,2015-04-30,CtrlRetLTM,,34,skipped,完整变量样本数小于 min_cross_section_n
FAC_rank_vol_m6_n12_pairwise1,2015-04-30,CtrlVol,,34,skipped,完整变量样本数小于 min_cross_section_n
FAC_rank_vol_m6_n12_pairwise1,2015-04-30,as_偏股混合型基金,,34,skipped,完整变量样本数小于 min_cross_section_n
FAC_rank_vol_m6_n12_pairwise1,2015-04-30,Ctrl_log_fund_size,,34,skipped,完整变量样本数小于 min_cross_section_n
FAC_rank_vol_m6_n12_pairwise1,2015-04-30,Ctrl_fund_age,,34,skipped,完整变量样本数小于 min_cross_section_n
FAC_rank_vol_m6_n12_pairwise1,2015-05-29,FAC_rank_vol_m6_n12_pairwise1,,30,skipped,完整变量样本数小于 min_cross_section_n
FAC_rank_vol_m6_n12_pairwise1,2015-05-29,CtrlRetSTR,,30,skipped,完整变量样本数小于 min_cross_section_n
FAC_rank_vol_m6_n12_pairwise1,2015-05-29,CtrlRetLTM,,30,skipped,完整变量样本数小于 min_cross_section_n
FAC_rank_vol_m6_n12_pairwise1,2015-05-29,CtrlVol,,30,skipped,完整变量样本数小于 min_cross_section_n
FAC_rank_vol_m6_n12_pairwise1,2015-05-29,as_偏股混合型基金,,30,skipped,完整变量样本数小于 min_cross_section_n
FAC_rank_vol_m6_n12_pairwise1,2015-05-29,Ctrl_log_fund_size,,30,skipped,完整变量样本数小于 min_cross_section_n
FAC_rank_vol_m6_n12_pairwise1,2015-05-29,Ctrl_fund_age,,30,skipped,完整变量样本数小于 min_cross_section_n
FAC_rank_vol_m6_n12_pairwise1,2015-06-30,FAC_rank_vol_m6_n12_pairwise1,,26,skipped,完整变量样本数小于 min_cross_section_n
FAC_rank_vol_m6_n12_pairwise1,2015-06-30,CtrlRetSTR,,26,skipped,完整变量样本数小于 min_cross_section_n
FAC_rank_vol_m6_n12_pairwise1,2015-06-30,CtrlRetLTM,,26,skipped,完整变量样本数小于 min_cross_section_n
FAC_rank_vol_m6_n12_pairwise1,2015-06-30,CtrlVol,,26,skipped,完整变量样本数小于 min_cross_section_n
FAC_rank_vol_m6_n12_pairwise1,2015-06-30,as_偏股混合型基金,,26,skipped,完整变量样本数小于 min_cross_section_n
FAC_rank_vol_m6_n12_pairwise1,2015-06-30,Ctrl_log_fund_size,,26,skipped,完整变量样本数小于 min_cross_section_n
FAC_rank_vol_m6_n12_pairwise1,2015-06-30,Ctrl_fund_age,,26,skipped,完整变量样本数小于 min_cross_section_n
FAC_rank_vol_m6_n12_pairwise1,2015-07-31,FAC_rank_vol_m6_n12_pairwise1,,25,skipped,完整变量样本数小于 min_cross_section_n
FAC_rank_vol_m6_n12_pairwise1,2015-07-31,CtrlRetSTR,,25,skipped,完整变量样本数小于 min_cross_section_n
FAC_rank_vol_m6_n12_pairwise1,2015-07-31,CtrlRetLTM,,25,skipped,完整变量样本数小于 min_cross_section_n
FAC_rank_vol_m6_n12_pairwise1,2015-07-31,CtrlVol,,25,skipped,完整变量样本数小于 min_cross_section_n
FAC_rank_vol_m6_n12_pairwise1,2015-07-31,as_偏股混合型基金,,25,skipped,完整变量样本数小于 min_cross_section_n
FAC_rank_vol_m6_n12_pairwise1,2015-07-31,Ctrl_log_fund_size,,25,skipped,完整变量样本数小于 min_cross_section_n
FAC_rank_vol_m6_n12_pairwise1,2015-07-31,Ctrl_fund_age,,25,skipped,完整变量样本数小于 min_cross_section_n
FAC_rank_vol_m6_n12_pairwise1,2015-08-31,FAC_rank_vol_m6_n12_pairwise1,,27,skipped,完整变量样本数小于 min_cross_section_n
FAC_rank_vol_m6_n12_pairwise1,2015-08-31,CtrlRetSTR,,27,skipped,完整变量样本数小于 min_cross_section_n
FAC_rank_vol_m6_n12_pairwise1,2015-08-31,CtrlRetLTM,,27,skipped,完整变量样本数小于 min_cross_section_n
FAC_rank_vol_m6_n12_pairwise1,2015-08-31,CtrlVol,,27,skipped,完整变量样本数小于 min_cross_section_n
FAC_rank_vol_m6_n12_pairwise1,2015-08-31,as_偏股混合型基金,,27,skipped,完整变量样本数小于 min_cross_section_n
FAC_rank_vol_m6_n12_pairwise1,2015-08-31,Ctrl_log_fund_size,,27,skipped,完整变量样本数小于 min_cross_section_n
FAC_rank_vol_m6_n12_pairwise1,2015-08-31,Ctrl_fund_age,,27,skipped,完整变量样本数小于 min_cross_section_n
FAC_rank_vol_m6_n12_pairwise1,2015-09-30,FAC_rank_vol_m6_n12_pairwise1,,24,skipped,完整变量样本数小于 min_cross_section_n
FAC_rank_vol_m6_n12_pairwise1,2015-09-30,CtrlRetSTR,,24,skipped,完整变量样本数小于 min_cross_section_n
FAC_rank_vol_m6_n12_pairwise1,2015-09-30,CtrlRetLTM,,24,skipped,完整变量样本数小于 min_cross_section_n
FAC_rank_vol_m6_n12_pairwise1,2015-09-30,CtrlVol,,24,skipped,完整变量样本数小于 min_cross_section_n
FAC_rank_vol_m6_n12_pairwise1,2015-09-30,as_偏股混合型基金,,24,skipped,完整变量样本数小于 min_cross_section_n
FAC_rank_vol_m6_n12_pairwise1,2015-09-30,Ctrl_log_fund_size,,24,skipped,完整变量样本数小于 min_cross_section_n
FAC_rank_vol_m6_n12_pairwise1,2015-09-30,Ctrl_fund_age,,24,skipped,完整变量样本数小于 min_cross_section_n
FAC_rank_vol_m6_n12_pairwise1,2015-10-30,FAC_rank_vol_m6_n12_pairwise1,,25,skipped,完整变量样本数小于 min_cross_section_n
FAC_rank_vol_m6_n12_pairwise1,2015-10-30,CtrlRetSTR,,25,skipped,完整变量样本数小于 min_cross_section_n
FAC_rank_vol_m6_n12_pairwise1,2015-10-30,CtrlRetLTM,,25,skipped,完整变量样本数小于 min_cross_section_n
FAC_rank_vol_m6_n12_pairwise1,2015-10-30,CtrlVol,,25,skipped,完整变量样本数小于 min_cross_section_n
FAC_rank_vol_m6_n12_pairwise1,2015-10-30,as_偏股混合型基金,,25,skipped,完整变量样本数小于 min_cross_section_n
FAC_rank_vol_m6_n12_pairwise1,2015-10-30,Ctrl_log_fund_size,,25,skipped,完整变量样本数小于 min_cross_section_n
FAC_rank_vol_m6_n12_pairwise1,2015-10-30,Ctrl_fund_age,,25,skipped,完整变量样本数小于 min_cross_section_n
FAC_rank_vol_m6_n12_pairwise1,2015-11-30,FAC_rank_vol_m6_n12_pairwise1,,27,skipped,完整变量样本数小于 min_cross_section_n
FAC_rank_vol_m6_n12_pairwise1,2015-11-30,CtrlRetSTR,,27,skipped,完整变量样本数小于 min_cross_section_n
FAC_rank_vol_m6_n12_pairwise1,2015-11-30,CtrlRetLTM,,27,skipped,完整变量样本数小于 min_cross_section_n
FAC_rank_vol_m6_n12_pairwise1,2015-11-30,CtrlVol,,27,skipped,完整变量样本数小于 min_cross_section_n
FAC_rank_vol_m6_n12_pairwise1,2015-11-30,as_偏股混合型基金,,27,skipped,完整变量样本数小于 min_cross_section_n
FAC_rank_vol_m6_n12_pairwise1,2015-11-30,Ctrl_log_fund_size,,27,skipped,完整变量样本数小于 min_cross_section_n
FAC_rank_vol_m6_n12_pairwise1,2015-11-30,Ctrl_fund_age,,27,skipped,完整变量样本数小于 min_cross_section_n
FAC_rank_vol_m6_n12_pairwise1,2015-12-31,FAC_rank_vol_m6_n12_pairwise1,,27,skipped,完整变量样本数小于 min_cross_section_n
FAC_rank_vol_m6_n12_pairwise1,2015-12-31,CtrlRetSTR,,27,skipped,完整变量样本数小于 min_cross_section_n
FAC_rank_vol_m6_n12_pairwise1,2015-12-31,CtrlRetLTM,,27,skipped,完整变量样本数小于 min_cross_section_n
FAC_rank_vol_m6_n12_pairwise1,2015-12-31,CtrlVol,,27,skipped,完整变量样本数小于 min_cross_section_n
FAC_rank_vol_m6_n12_pairwise1,2015-12-31,as_偏股混合型基金,,27,skipped,完整变量样本数小于 min_cross_section_n
FAC_rank_vol_m6_n12_pairwise1,2015-12-31,Ctrl_log_fund_size,,27,skipped,完整变量样本数小于 min_cross_section_n
FAC_rank_vol_m6_n12_pairwise1,2015-12-31,Ctrl_fund_age,,27,skipped,完整变量样本数小于 min_cross_section_n
FAC_rank_vol_m6_n12_pairwise1,2016-01-29,FAC_rank_vol_m6_n12_pairwise1,,28,skipped,完整变量样本数小于 min_cross_section_n
FAC_rank_vol_m6_n12_pairwise1,2016-01-29,CtrlRetSTR,,28,skipped,完整变量样本数小于 min_cross_section_n
FAC_rank_vol_m6_n12_pairwise1,2016-01-29,CtrlRetLTM,,28,skipped,完整变量样本数小于 min_cross_section_n
FAC_rank_vol_m6_n12_pairwise1,2016-01-29,CtrlVol,,28,skipped,完整变量样本数小于 min_cross_section_n
FAC_rank_vol_m6_n12_pairwise1,2016-01-29,as_偏股混合型基金,,28,skipped,完整变量样本数小于 min_cross_section_n
FAC_rank_vol_m6_n12_pairwise1,2016-01-29,Ctrl_log_fund_size,,28,skipped,完整变量样本数小于 min_cross_section_n
FAC_rank_vol_m6_n12_pairwise1,2016-01-29,Ctrl_fund_age,,28,skipped,完整变量样本数小于 min_cross_section_n
FAC_rank_vol_m6_n12_pairwise1,2016-02-29,FAC_rank_vol_m6_n12_pairwise1,,30,skipped,完整变量样本数小于 min_cross_section_n
FAC_rank_vol_m6_n12_pairwise1,2016-02-29,CtrlRetSTR,,30,skipped,完整变量样本数小于 min_cross_section_n
FAC_rank_vol_m6_n12_pairwise1,2016-02-29,CtrlRetLTM,,30,skipped,完整变量样本数小于 min_cross_section_n
FAC_rank_vol_m6_n12_pairwise1,2016-02-29,CtrlVol,,30,skipped,完整变量样本数小于 min_cross_section_n
FAC_rank_vol_m6_n12_pairwise1,2016-02-29,as_偏股混合型基金,,30,skipped,完整变量样本数小于 min_cross_section_n
FAC_rank_vol_m6_n12_pairwise1,2016-02-29,Ctrl_log_fund_size,,30,skipped,完整变量样本数小于 min_cross_section_n
FAC_rank_vol_m6_n12_pairwise1,2016-02-29,Ctrl_fund_age,,30,skipped,完整变量样本数小于 min_cross_section_n
FAC_rank_vol_m6_n12_pairwise1,2016-03-31,FAC_rank_vol_m6_n12_pairwise1,,31,skipped,完整变量样本数小于 min_cross_section_n
FAC_rank_vol_m6_n12_pairwise1,2016-03-31,CtrlRetSTR,,31,skipped,完整变量样本数小于 min_cross_section_n
FAC_rank_vol_m6_n12_pairwise1,2016-03-31,CtrlRetLTM,,31,skipped,完整变量样本数小于 min_cross_section_n
FAC_rank_vol_m6_n12_pairwise1,2016-03-31,CtrlVol,,31,skipped,完整变量样本数小于 min_cross_section_n
FAC_rank_vol_m6_n12_pairwise1,2016-03-31,as_偏股混合型基金,,31,skipped,完整变量样本数小于 min_cross_section_n
FAC_rank_vol_m6_n12_pairwise1,2016-03-31,Ctrl_log_fund_size,,31,skipped,完整变量样本数小于 min_cross_section_n
FAC_rank_vol_m6_n12_pairwise1,2016-03-31,Ctrl_fund_age,,31,skipped,完整变量样本数小于 min_cross_section_n
FAC_rank_vol_m6_n12_pairwise1,2016-04-29,FAC_rank_vol_m6_n12_pairwise1,,29,skipped,完整变量样本数小于 min_cross_section_n
FAC_rank_vol_m6_n12_pairwise1,2016-04-29,CtrlRetSTR,,29,skipped,完整变量样本数小于 min_cross_section_n
FAC_rank_vol_m6_n12_pairwise1,2016-04-29,CtrlRetLTM,,29,skipped,完整变量样本数小于 min_cross_section_n
FAC_rank_vol_m6_n12_pairwise1,2016-04-29,CtrlVol,,29,skipped,完整变量样本数小于 min_cross_section_n
FAC_rank_vol_m6_n12_pairwise1,2016-04-29,as_偏股混合型基金,,29,skipped,完整变量样本数小于 min_cross_section_n
FAC_rank_vol_m6_n12_pairwise1,2016-04-29,Ctrl_log_fund_size,,29,skipped,完整变量样本数小于 min_cross_section_n
FAC_rank_vol_m6_n12_pairwise1,2016-04-29,Ctrl_fund_age,,29,skipped,完整变量样本数小于 min_cross_section_n
FAC_rank_vol_m6_n12_pairwise1,2016-05-31,FAC_rank_vol_m6_n12_pairwise1,,31,skipped,完整变量样本数小于 min_cross_section_n
FAC_rank_vol_m6_n12_pairwise1,2016-05-31,CtrlRetSTR,,31,skipped,完整变量样本数小于 min_cross_section_n
FAC_rank_vol_m6_n12_pairwise1,2016-05-31,CtrlRetLTM,,31,skipped,完整变量样本数小于 min_cross_section_n
FAC_rank_vol_m6_n12_pairwise1,2016-05-31,CtrlVol,,31,skipped,完整变量样本数小于 min_cross_section_n
FAC_rank_vol_m6_n12_pairwise1,2016-05-31,as_偏股混合型基金,,31,skipped,完整变量样本数小于 min_cross_section_n
FAC_rank_vol_m6_n12_pairwise1,2016-05-31,Ctrl_log_fund_size,,31,skipped,完整变量样本数小于 min_cross_section_n
FAC_rank_vol_m6_n12_pairwise1,2016-05-31,Ctrl_fund_age,,31,skipped,完整变量样本数小于 min_cross_section_n
FAC_rank_vol_m6_n12_pairwise1,2016-06-30,FAC_rank_vol_m6_n12_pairwise1,,32,skipped,完整变量样本数小于 min_cross_section_n
FAC_rank_vol_m6_n12_pairwise1,2016-06-30,CtrlRetSTR,,32,skipped,完整变量样本数小于 min_cross_section_n
FAC_rank_vol_m6_n12_pairwise1,2016-06-30,CtrlRetLTM,,32,skipped,完整变量样本数小于 min_cross_section_n
FAC_rank_vol_m6_n12_pairwise1,2016-06-30,CtrlVol,,32,skipped,完整变量样本数小于 min_cross_section_n
FAC_rank_vol_m6_n12_pairwise1,2016-06-30,as_偏股混合型基金,,32,skipped,完整变量样本数小于 min_cross_section_n
FAC_rank_vol_m6_n12_pairwise1,2016-06-30,Ctrl_log_fund_size,,32,skipped,完整变量样本数小于 min_cross_section_n
FAC_rank_vol_m6_n12_pairwise1,2016-06-30,Ctrl_fund_age,,32,skipped,完整变量样本数小于 min_cross_section_n
FAC_rank_vol_m6_n12_pairwise1,2016-07-29,FAC_rank_vol_m6_n12_pairwise1,,31,skipped,完整变量样本数小于 min_cross_section_n
FAC_rank_vol_m6_n12_pairwise1,2016-07-29,CtrlRetSTR,,31,skipped,完整变量样本数小于 min_cross_section_n
FAC_rank_vol_m6_n12_pairwise1,2016-07-29,CtrlRetLTM,,31,skipped,完整变量样本数小于 min_cross_section_n
FAC_rank_vol_m6_n12_pairwise1,2016-07-29,CtrlVol,,31,skipped,完整变量样本数小于 min_cross_section_n
FAC_rank_vol_m6_n12_pairwise1,2016-07-29,as_偏股混合型基金,,31,skipped,完整变量样本数小于 min_cross_section_n
FAC_rank_vol_m6_n12_pairwise1,2016-07-29,Ctrl_log_fund_size,,31,skipped,完整变量样本数小于 min_cross_section_n
FAC_rank_vol_m6_n12_pairwise1,2016-07-29,Ctrl_fund_age,,31,skipped,完整变量样本数小于 min_cross_section_n
FAC_rank_vol_m6_n12_pairwise1,2016-08-31,FAC_rank_vol_m6_n12_pairwise1,,34,skipped,完整变量样本数小于 min_cross_section_n
FAC_rank_vol_m6_n12_pairwise1,2016-08-31,CtrlRetSTR,,34,skipped,完整变量样本数小于 min_cross_section_n
FAC_rank_vol_m6_n12_pairwise1,2016-08-31,CtrlRetLTM,,34,skipped,完整变量样本数小于 min_cross_section_n
FAC_rank_vol_m6_n12_pairwise1,2016-08-31,CtrlVol,,34,skipped,完整变量样本数小于 min_cross_section_n
FAC_rank_vol_m6_n12_pairwise1,2016-08-31,as_偏股混合型基金,,34,skipped,完整变量样本数小于 min_cross_section_n
FAC_rank_vol_m6_n12_pairwise1,2016-08-31,Ctrl_log_fund_size,,34,skipped,完整变量样本数小于 min_cross_section_n
FAC_rank_vol_m6_n12_pairwise1,2016-08-31,Ctrl_fund_age,,34,skipped,完整变量样本数小于 min_cross_section_n
FAC_rank_vol_m6_n12_pairwise1,2016-09-30,FAC_rank_vol_m6_n12_pairwise1,,34,skipped,完整变量样本数小于 min_cross_section_n
FAC_rank_vol_m6_n12_pairwise1,2016-09-30,CtrlRetSTR,,34,skipped,完整变量样本数小于 min_cross_section_n
FAC_rank_vol_m6_n12_pairwise1,2016-09-30,CtrlRetLTM,,34,skipped,完整变量样本数小于 min_cross_section_n
FAC_rank_vol_m6_n12_pairwise1,2016-09-30,CtrlVol,,34,skipped,完整变量样本数小于 min_cross_section_n
FAC_rank_vol_m6_n12_pairwise1,2016-09-30,as_偏股混合型基金,,34,skipped,完整变量样本数小于 min_cross_section_n
FAC_rank_vol_m6_n12_pairwise1,2016-09-30,Ctrl_log_fund_size,,34,skipped,完整变量样本数小于 min_cross_section_n
FAC_rank_vol_m6_n12_pairwise1,2016-09-30,Ctrl_fund_age,,34,skipped,完整变量样本数小于 min_cross_section_n
FAC_rank_vol_m6_n12_pairwise1,2016-10-31,FAC_rank_vol_m6_n12_pairwise1,,35,skipped,完整变量样本数小于 min_cross_section_n
FAC_rank_vol_m6_n12_pairwise1,2016-10-31,CtrlRetSTR,,35,skipped,完整变量样本数小于 min_cross_section_n
FAC_rank_vol_m6_n12_pairwise1,2016-10-31,CtrlRetLTM,,35,skipped,完整变量样本数小于 min_cross_section_n
FAC_rank_vol_m6_n12_pairwise1,2016-10-31,CtrlVol,,35,skipped,完整变量样本数小于 min_cross_section_n
FAC_rank_vol_m6_n12_pairwise1,2016-10-31,as_偏股混合型基金,,35,skipped,完整变量样本数小于 min_cross_section_n
FAC_rank_vol_m6_n12_pairwise1,2016-10-31,Ctrl_log_fund_size,,35,skipped,完整变量样本数小于 min_cross_section_n
FAC_rank_vol_m6_n12_pairwise1,2016-10-31,Ctrl_fund_age,,35,skipped,完整变量样本数小于 min_cross_section_n
FAC_rank_vol_m6_n12_pairwise1,2016-11-30,FAC_rank_vol_m6_n12_pairwise1,,37,skipped,完整变量样本数小于 min_cross_section_n
FAC_rank_vol_m6_n12_pairwise1,2016-11-30,CtrlRetSTR,,37,skipped,完整变量样本数小于 min_cross_section_n
FAC_rank_vol_m6_n12_pairwise1,2016-11-30,CtrlRetLTM,,37,skipped,完整变量样本数小于 min_cross_section_n
FAC_rank_vol_m6_n12_pairwise1,2016-11-30,CtrlVol,,37,skipped,完整变量样本数小于 min_cross_section_n
FAC_rank_vol_m6_n12_pairwise1,2016-11-30,as_偏股混合型基金,,37,skipped,完整变量样本数小于 min_cross_section_n
FAC_rank_vol_m6_n12_pairwise1,2016-11-30,Ctrl_log_fund_size,,37,skipped,完整变量样本数小于 min_cross_section_n
FAC_rank_vol_m6_n12_pairwise1,2016-11-30,Ctrl_fund_age,,37,skipped,完整变量样本数小于 min_cross_section_n
FAC_rank_vol_m6_n12_pairwise1,2016-12-30,FAC_rank_vol_m6_n12_pairwise1,,38,skipped,完整变量样本数小于 min_cross_section_n
FAC_rank_vol_m6_n12_pairwise1,2016-12-30,CtrlRetSTR,,38,skipped,完整变量样本数小于 min_cross_section_n
FAC_rank_vol_m6_n12_pairwise1,2016-12-30,CtrlRetLTM,,38,skipped,完整变量样本数小于 min_cross_section_n
FAC_rank_vol_m6_n12_pairwise1,2016-12-30,CtrlVol,,38,skipped,完整变量样本数小于 min_cross_section_n
FAC_rank_vol_m6_n12_pairwise1,2016-12-30,as_偏股混合型基金,,38,skipped,完整变量样本数小于 min_cross_section_n
FAC_rank_vol_m6_n12_pairwise1,2016-12-30,Ctrl_log_fund_size,,38,skipped,完整变量样本数小于 min_cross_section_n
FAC_rank_vol_m6_n12_pairwise1,2016-12-30,Ctrl_fund_age,,38,skipped,完整变量样本数小于 min_cross_section_n
FAC_rank_vol_m6_n12_pairwise1,2017-01-26,FAC_rank_vol_m6_n12_pairwise1,,38,skipped,完整变量样本数小于 min_cross_section_n
FAC_rank_vol_m6_n12_pairwise1,2017-01-26,CtrlRetSTR,,38,skipped,完整变量样本数小于 min_cross_section_n
FAC_rank_vol_m6_n12_pairwise1,2017-01-26,CtrlRetLTM,,38,skipped,完整变量样本数小于 min_cross_section_n
FAC_rank_vol_m6_n12_pairwise1,2017-01-26,CtrlVol,,38,skipped,完整变量样本数小于 min_cross_section_n
FAC_rank_vol_m6_n12_pairwise1,2017-01-26,as_偏股混合型基金,,38,skipped,完整变量样本数小于 min_cross_section_n
FAC_rank_vol_m6_n12_pairwise1,2017-01-26,Ctrl_log_fund_size,,38,skipped,完整变量样本数小于 min_cross_section_n
FAC_rank_vol_m6_n12_pairwise1,2017-01-26,Ctrl_fund_age,,38,skipped,完整变量样本数小于 min_cross_section_n
FAC_rank_vol_m6_n12_pairwise1,2017-02-28,FAC_rank_vol_m6_n12_pairwise1,,39,skipped,完整变量样本数小于 min_cross_section_n
FAC_rank_vol_m6_n12_pairwise1,2017-02-28,CtrlRetSTR,,39,skipped,完整变量样本数小于 min_cross_section_n
FAC_rank_vol_m6_n12_pairwise1,2017-02-28,CtrlRetLTM,,39,skipped,完整变量样本数小于 min_cross_section_n
FAC_rank_vol_m6_n12_pairwise1,2017-02-28,CtrlVol,,39,skipped,完整变量样本数小于 min_cross_section_n
FAC_rank_vol_m6_n12_pairwise1,2017-02-28,as_偏股混合型基金,,39,skipped,完整变量样本数小于 min_cross_section_n
FAC_rank_vol_m6_n12_pairwise1,2017-02-28,Ctrl_log_fund_size,,39,skipped,完整变量样本数小于 min_cross_section_n
FAC_rank_vol_m6_n12_pairwise1,2017-02-28,Ctrl_fund_age,,39,skipped,完整变量样本数小于 min_cross_section_n
FAC_rank_vol_m6_n12_pairwise1,2017-03-31,FAC_rank_vol_m6_n12_pairwise1,,39,skipped,完整变量样本数小于 min_cross_section_n
FAC_rank_vol_m6_n12_pairwise1,2017-03-31,CtrlRetSTR,,39,skipped,完整变量样本数小于 min_cross_section_n
FAC_rank_vol_m6_n12_pairwise1,2017-03-31,CtrlRetLTM,,39,skipped,完整变量样本数小于 min_cross_section_n
FAC_rank_vol_m6_n12_pairwise1,2017-03-31,CtrlVol,,39,skipped,完整变量样本数小于 min_cross_section_n
FAC_rank_vol_m6_n12_pairwise1,2017-03-31,as_偏股混合型基金,,39,skipped,完整变量样本数小于 min_cross_section_n
FAC_rank_vol_m6_n12_pairwise1,2017-03-31,Ctrl_log_fund_size,,39,skipped,完整变量样本数小于 min_cross_section_n
FAC_rank_vol_m6_n12_pairwise1,2017-03-31,Ctrl_fund_age,,39,skipped,完整变量样本数小于 min_cross_section_n
FAC_rank_vol_m6_n12_pairwise1,2017-04-28,FAC_rank_vol_m6_n12_pairwise1,,41,skipped,完整变量样本数小于 min_cross_section_n
FAC_rank_vol_m6_n12_pairwise1,2017-04-28,CtrlRetSTR,,41,skipped,完整变量样本数小于 min_cross_section_n
FAC_rank_vol_m6_n12_pairwise1,2017-04-28,CtrlRetLTM,,41,skipped,完整变量样本数小于 min_cross_section_n
FAC_rank_vol_m6_n12_pairwise1,2017-04-28,CtrlVol,,41,skipped,完整变量样本数小于 min_cross_section_n
FAC_rank_vol_m6_n12_pairwise1,2017-04-28,as_偏股混合型基金,,41,skipped,完整变量样本数小于 min_cross_section_n
FAC_rank_vol_m6_n12_pairwise1,2017-04-28,Ctrl_log_fund_size,,41,skipped,完整变量样本数小于 min_cross_section_n
FAC_rank_vol_m6_n12_pairwise1,2017-04-28,Ctrl_fund_age,,41,skipped,完整变量样本数小于 min_cross_section_n
FAC_rank_vol_m6_n12_pairwise1,2017-05-31,FAC_rank_vol_m6_n12_pairwise1,,43,skipped,完整变量样本数小于 min_cross_section_n
FAC_rank_vol_m6_n12_pairwise1,2017-05-31,CtrlRetSTR,,43,skipped,完整变量样本数小于 min_cross_section_n
FAC_rank_vol_m6_n12_pairwise1,2017-05-31,CtrlRetLTM,,43,skipped,完整变量样本数小于 min_cross_section_n
FAC_rank_vol_m6_n12_pairwise1,2017-05-31,CtrlVol,,43,skipped,完整变量样本数小于 min_cross_section_n
FAC_rank_vol_m6_n12_pairwise1,2017-05-31,as_偏股混合型基金,,43,skipped,完整变量样本数小于 min_cross_section_n
FAC_rank_vol_m6_n12_pairwise1,2017-05-31,Ctrl_log_fund_size,,43,skipped,完整变量样本数小于 min_cross_section_n
FAC_rank_vol_m6_n12_pairwise1,2017-05-31,Ctrl_fund_age,,43,skipped,完整变量样本数小于 min_cross_section_n
FAC_rank_vol_m6_n12_pairwise1,2017-06-30,FAC_rank_vol_m6_n12_pairwise1,,47,skipped,完整变量样本数小于 min_cross_section_n
FAC_rank_vol_m6_n12_pairwise1,2017-06-30,CtrlRetSTR,,47,skipped,完整变量样本数小于 min_cross_section_n
FAC_rank_vol_m6_n12_pairwise1,2017-06-30,CtrlRetLTM,,47,skipped,完整变量样本数小于 min_cross_section_n
FAC_rank_vol_m6_n12_pairwise1,2017-06-30,CtrlVol,,47,skipped,完整变量样本数小于 min_cross_section_n
FAC_rank_vol_m6_n12_pairwise1,2017-06-30,as_偏股混合型基金,,47,skipped,完整变量样本数小于 min_cross_section_n
FAC_rank_vol_m6_n12_pairwise1,2017-06-30,Ctrl_log_fund_size,,47,skipped,完整变量样本数小于 min_cross_section_n
FAC_rank_vol_m6_n12_pairwise1,2017-06-30,Ctrl_fund_age,,47,skipped,完整变量样本数小于 min_cross_section_n
FAC_rank_vol_m6_n12_pairwise1,2017-07-31,FAC_rank_vol_m6_n12_pairwise1,1.6819454019087383,51,ok,
FAC_rank_vol_m6_n12_pairwise1,2017-07-31,CtrlRetSTR,1.2106020912779147,51,ok,
FAC_rank_vol_m6_n12_pairwise1,2017-07-31,CtrlRetLTM,1.6039866599540304,51,ok,
FAC_rank_vol_m6_n12_pairwise1,2017-07-31,CtrlVol,1.7230653681446466,51,ok,
FAC_rank_vol_m6_n12_pairwise1,2017-07-31,as_偏股混合型基金,1.4855676817724839,51,ok,
FAC_rank_vol_m6_n12_pairwise1,2017-07-31,Ctrl_log_fund_size,1.5594449235452508,51,ok,
FAC_rank_vol_m6_n12_pairwise1,2017-07-31,Ctrl_fund_age,1.5647906685713793,51,ok,
FAC_rank_vol_m6_n12_pairwise1,2017-08-31,FAC_rank_vol_m6_n12_pairwise1,2.082210205217955,57,ok,
FAC_rank_vol_m6_n12_pairwise1,2017-08-31,CtrlRetSTR,1.548477690850076,57,ok,
FAC_rank_vol_m6_n12_pairwise1,2017-08-31,CtrlRetLTM,1.613862498965352,57,ok,
FAC_rank_vol_m6_n12_pairwise1,2017-08-31,CtrlVol,1.5244807278775465,57,ok,
FAC_rank_vol_m6_n12_pairwise1,2017-08-31,as_偏股混合型基金,1.7267723960258474,57,ok,
FAC_rank_vol_m6_n12_pairwise1,2017-08-31,Ctrl_log_fund_size,1.296905973598521,57,ok,
FAC_rank_vol_m6_n12_pairwise1,2017-08-31,Ctrl_fund_age,1.7737736034100922,57,ok,
FAC_rank_vol_m6_n12_pairwise1,2017-09-29,FAC_rank_vol_m6_n12_pairwise1,1.6573529229983526,68,ok,
FAC_rank_vol_m6_n12_pairwise1,2017-09-29,CtrlRetSTR,1.2037157285049915,68,ok,
FAC_rank_vol_m6_n12_pairwise1,2017-09-29,CtrlRetLTM,1.6645086905099156,68,ok,
FAC_rank_vol_m6_n12_pairwise1,2017-09-29,CtrlVol,1.650082057581014,68,ok,
FAC_rank_vol_m6_n12_pairwise1,2017-09-29,as_偏股混合型基金,1.6546238869744296,68,ok,
FAC_rank_vol_m6_n12_pairwise1,2017-09-29,Ctrl_log_fund_size,1.2610512619839631,68,ok,
FAC_rank_vol_m6_n12_pairwise1,2017-09-29,Ctrl_fund_age,1.7979027129437886,68,ok,
FAC_rank_vol_m6_n12_pairwise1,2017-10-31,FAC_rank_vol_m6_n12_pairwise1,1.3617260888006484,77,ok,
FAC_rank_vol_m6_n12_pairwise1,2017-10-31,CtrlRetSTR,1.1106153802006735,77,ok,
FAC_rank_vol_m6_n12_pairwise1,2017-10-31,CtrlRetLTM,1.4388426589729946,77,ok,
FAC_rank_vol_m6_n12_pairwise1,2017-10-31,CtrlVol,1.4434641359832285,77,ok,
FAC_rank_vol_m6_n12_pairwise1,2017-10-31,as_偏股混合型基金,1.53379471084783,77,ok,
FAC_rank_vol_m6_n12_pairwise1,2017-10-31,Ctrl_log_fund_size,1.187773900777959,77,ok,
FAC_rank_vol_m6_n12_pairwise1,2017-10-31,Ctrl_fund_age,1.6141651468480152,77,ok,
FAC_rank_vol_m6_n12_pairwise1,2017-11-30,FAC_rank_vol_m6_n12_pairwise1,1.4203678874084367,85,ok,
FAC_rank_vol_m6_n12_pairwise1,2017-11-30,CtrlRetSTR,1.2177561967875703,85,ok,
FAC_rank_vol_m6_n12_pairwise1,2017-11-30,CtrlRetLTM,1.576922309498294,85,ok,
FAC_rank_vol_m6_n12_pairwise1,2017-11-30,CtrlVol,1.518682153389452,85,ok,
FAC_rank_vol_m6_n12_pairwise1,2017-11-30,as_偏股混合型基金,1.5576820307549477,85,ok,
FAC_rank_vol_m6_n12_pairwise1,2017-11-30,Ctrl_log_fund_size,1.127298900481348,85,ok,
FAC_rank_vol_m6_n12_pairwise1,2017-11-30,Ctrl_fund_age,1.6376511196317578,85,ok,
FAC_rank_vol_m6_n12_pairwise1,2017-12-29,FAC_rank_vol_m6_n12_pairwise1,1.3098969408589534,89,ok,
FAC_rank_vol_m6_n12_pairwise1,2017-12-29,CtrlRetSTR,1.3108232939109825,89,ok,
FAC_rank_vol_m6_n12_pairwise1,2017-12-29,CtrlRetLTM,1.5414999607685542,89,ok,
FAC_rank_vol_m6_n12_pairwise1,2017-12-29,CtrlVol,1.324688767491648,89,ok,
FAC_rank_vol_m6_n12_pairwise1,2017-12-29,as_偏股混合型基金,1.6145426022217713,89,ok,
FAC_rank_vol_m6_n12_pairwise1,2017-12-29,Ctrl_log_fund_size,1.1775722503372739,89,ok,
FAC_rank_vol_m6_n12_pairwise1,2017-12-29,Ctrl_fund_age,1.7123909983110466,89,ok,
FAC_rank_vol_m6_n12_pairwise1,2018-01-31,FAC_rank_vol_m6_n12_pairwise1,1.5075008950357813,91,ok,
FAC_rank_vol_m6_n12_pairwise1,2018-01-31,CtrlRetSTR,1.3568578404854836,91,ok,
FAC_rank_vol_m6_n12_pairwise1,2018-01-31,CtrlRetLTM,1.7405048408792583,91,ok,
FAC_rank_vol_m6_n12_pairwise1,2018-01-31,CtrlVol,1.542160307514628,91,ok,
FAC_rank_vol_m6_n12_pairwise1,2018-01-31,as_偏股混合型基金,1.6702648198768666,91,ok,
FAC_rank_vol_m6_n12_pairwise1,2018-01-31,Ctrl_log_fund_size,1.233366548604366,91,ok,
FAC_rank_vol_m6_n12_pairwise1,2018-01-31,Ctrl_fund_age,1.7489289594780941,91,ok,
FAC_rank_vol_m6_n12_pairwise1,2018-02-28,FAC_rank_vol_m6_n12_pairwise1,1.687228851718182,95,ok,
FAC_rank_vol_m6_n12_pairwise1,2018-02-28,CtrlRetSTR,2.0492735414832928,95,ok,
FAC_rank_vol_m6_n12_pairwise1,2018-02-28,CtrlRetLTM,2.2361364051354435,95,ok,
FAC_rank_vol_m6_n12_pairwise1,2018-02-28,CtrlVol,1.5571126461674731,95,ok,
FAC_rank_vol_m6_n12_pairwise1,2018-02-28,as_偏股混合型基金,1.663858976255458,95,ok,
FAC_rank_vol_m6_n12_pairwise1,2018-02-28,Ctrl_log_fund_size,1.3658055325330356,95,ok,
FAC_rank_vol_m6_n12_pairwise1,2018-02-28,Ctrl_fund_age,1.733102119993187,95,ok,
FAC_rank_vol_m6_n12_pairwise1,2018-03-30,FAC_rank_vol_m6_n12_pairwise1,1.7769774873754138,95,ok,
FAC_rank_vol_m6_n12_pairwise1,2018-03-30,CtrlRetSTR,1.2707855954853284,95,ok,
FAC_rank_vol_m6_n12_pairwise1,2018-03-30,CtrlRetLTM,1.8714097313409834,95,ok,
FAC_rank_vol_m6_n12_pairwise1,2018-03-30,CtrlVol,1.3038305302375788,95,ok,
FAC_rank_vol_m6_n12_pairwise1,2018-03-30,as_偏股混合型基金,1.6859361015188585,95,ok,
FAC_rank_vol_m6_n12_pairwise1,2018-03-30,Ctrl_log_fund_size,1.2689890509037596,95,ok,
FAC_rank_vol_m6_n12_pairwise1,2018-03-30,Ctrl_fund_age,1.8231616627697504,95,ok,
FAC_rank_vol_m6_n12_pairwise1,2018-04-27,FAC_rank_vol_m6_n12_pairwise1,1.5337160105022063,99,ok,
FAC_rank_vol_m6_n12_pairwise1,2018-04-27,CtrlRetSTR,1.2893831494957442,99,ok,
FAC_rank_vol_m6_n12_pairwise1,2018-04-27,CtrlRetLTM,1.6107206110556187,99,ok,
FAC_rank_vol_m6_n12_pairwise1,2018-04-27,CtrlVol,1.3340014423888176,99,ok,
FAC_rank_vol_m6_n12_pairwise1,2018-04-27,as_偏股混合型基金,1.6361609344368788,99,ok,
FAC_rank_vol_m6_n12_pairwise1,2018-04-27,Ctrl_log_fund_size,1.356710412141511,99,ok,
FAC_rank_vol_m6_n12_pairwise1,2018-04-27,Ctrl_fund_age,1.7925524228581526,99,ok,
FAC_rank_vol_m6_n12_pairwise1,2018-05-31,FAC_rank_vol_m6_n12_pairwise1,1.1809457220656796,101,ok,
FAC_rank_vol_m6_n12_pairwise1,2018-05-31,CtrlRetSTR,1.1043291669723354,101,ok,
FAC_rank_vol_m6_n12_pairwise1,2018-05-31,CtrlRetLTM,1.4323431749394966,101,ok,
FAC_rank_vol_m6_n12_pairwise1,2018-05-31,CtrlVol,1.198190091449841,101,ok,
FAC_rank_vol_m6_n12_pairwise1,2018-05-31,as_偏股混合型基金,1.9237852293191613,101,ok,
FAC_rank_vol_m6_n12_pairwise1,2018-05-31,Ctrl_log_fund_size,1.2164999814667472,101,ok,
FAC_rank_vol_m6_n12_pairwise1,2018-05-31,Ctrl_fund_age,2.0879789990769075,101,ok,
FAC_rank_vol_m6_n12_pairwise1,2018-06-29,FAC_rank_vol_m6_n12_pairwise1,1.2587076564781037,101,ok,
FAC_rank_vol_m6_n12_pairwise1,2018-06-29,CtrlRetSTR,1.2119803939581835,101,ok,
FAC_rank_vol_m6_n12_pairwise1,2018-06-29,CtrlRetLTM,1.2661580640352499,101,ok,
FAC_rank_vol_m6_n12_pairwise1,2018-06-29,CtrlVol,1.105726673271346,101,ok,
FAC_rank_vol_m6_n12_pairwise1,2018-06-29,as_偏股混合型基金,1.71691771339919,101,ok,
FAC_rank_vol_m6_n12_pairwise1,2018-06-29,Ctrl_log_fund_size,1.3947024841521631,101,ok,
FAC_rank_vol_m6_n12_pairwise1,2018-06-29,Ctrl_fund_age,2.062290760649518,101,ok,
FAC_rank_vol_m6_n12_pairwise1,2018-07-31,FAC_rank_vol_m6_n12_pairwise1,1.4502661928493323,103,ok,
FAC_rank_vol_m6_n12_pairwise1,2018-07-31,CtrlRetSTR,1.6038906681690253,103,ok,
FAC_rank_vol_m6_n12_pairwise1,2018-07-31,CtrlRetLTM,1.5367891765997967,103,ok,
FAC_rank_vol_m6_n12_pairwise1,2018-07-31,CtrlVol,1.379980736797707,103,ok,
FAC_rank_vol_m6_n12_pairwise1,2018-07-31,as_偏股混合型基金,1.8528744432456667,103,ok,
FAC_rank_vol_m6_n12_pairwise1,2018-07-31,Ctrl_log_fund_size,1.4175358434969882,103,ok,
FAC_rank_vol_m6_n12_pairwise1,2018-07-31,Ctrl_fund_age,2.1883956157217956,103,ok,
FAC_rank_vol_m6_n12_pairwise1,2018-08-31,FAC_rank_vol_m6_n12_pairwise1,1.7985355912662457,109,ok,
FAC_rank_vol_m6_n12_pairwise1,2018-08-31,CtrlRetSTR,1.7834611228608874,109,ok,
FAC_rank_vol_m6_n12_pairwise1,2018-08-31,CtrlRetLTM,1.7625897457925623,109,ok,
FAC_rank_vol_m6_n12_pairwise1,2018-08-31,CtrlVol,1.813775394812044,109,ok,
FAC_rank_vol_m6_n12_pairwise1,2018-08-31,as_偏股混合型基金,1.8513808398320146,109,ok,
FAC_rank_vol_m6_n12_pairwise1,2018-08-31,Ctrl_log_fund_size,1.2840025575328105,109,ok,
FAC_rank_vol_m6_n12_pairwise1,2018-08-31,Ctrl_fund_age,1.9130913434352697,109,ok,
FAC_rank_vol_m6_n12_pairwise1,2018-09-28,FAC_rank_vol_m6_n12_pairwise1,1.5469164704212814,108,ok,
FAC_rank_vol_m6_n12_pairwise1,2018-09-28,CtrlRetSTR,1.3475777932952009,108,ok,
FAC_rank_vol_m6_n12_pairwise1,2018-09-28,CtrlRetLTM,1.4395200219265751,108,ok,
FAC_rank_vol_m6_n12_pairwise1,2018-09-28,CtrlVol,1.3762347079038786,108,ok,
FAC_rank_vol_m6_n12_pairwise1,2018-09-28,as_偏股混合型基金,1.7227850471753507,108,ok,
FAC_rank_vol_m6_n12_pairwise1,2018-09-28,Ctrl_log_fund_size,1.2477939356715042,108,ok,
FAC_rank_vol_m6_n12_pairwise1,2018-09-28,Ctrl_fund_age,1.8808896340733132,108,ok,
FAC_rank_vol_m6_n12_pairwise1,2018-10-31,FAC_rank_vol_m6_n12_pairwise1,1.1352742633645512,107,ok,
FAC_rank_vol_m6_n12_pairwise1,2018-10-31,CtrlRetSTR,2.197089321115813,107,ok,
FAC_rank_vol_m6_n12_pairwise1,2018-10-31,CtrlRetLTM,1.2049592155383266,107,ok,
FAC_rank_vol_m6_n12_pairwise1,2018-10-31,CtrlVol,2.3756405798463707,107,ok,
FAC_rank_vol_m6_n12_pairwise1,2018-10-31,as_偏股混合型基金,1.697071813888286,107,ok,
FAC_rank_vol_m6_n12_pairwise1,2018-10-31,Ctrl_log_fund_size,1.266625504014032,107,ok,
FAC_rank_vol_m6_n12_pairwise1,2018-10-31,Ctrl_fund_age,1.906209860594883,107,ok,
FAC_rank_vol_m6_n12_pairwise1,2018-11-30,FAC_rank_vol_m6_n12_pairwise1,1.14613024173916,109,ok,
FAC_rank_vol_m6_n12_pairwise1,2018-11-30,CtrlRetSTR,1.2847804571808952,109,ok,
FAC_rank_vol_m6_n12_pairwise1,2018-11-30,CtrlRetLTM,1.4023185007978562,109,ok,
FAC_rank_vol_m6_n12_pairwise1,2018-11-30,CtrlVol,1.455488084924957,109,ok,
FAC_rank_vol_m6_n12_pairwise1,2018-11-30,as_偏股混合型基金,1.6334638819760772,109,ok,
FAC_rank_vol_m6_n12_pairwise1,2018-11-30,Ctrl_log_fund_size,1.2269998555433286,109,ok,
FAC_rank_vol_m6_n12_pairwise1,2018-11-30,Ctrl_fund_age,1.8499193562570384,109,ok,
FAC_rank_vol_m6_n12_pairwise1,2018-12-28,FAC_rank_vol_m6_n12_pairwise1,1.2126128632590343,108,ok,
FAC_rank_vol_m6_n12_pairwise1,2018-12-28,CtrlRetSTR,1.1168813429290667,108,ok,
FAC_rank_vol_m6_n12_pairwise1,2018-12-28,CtrlRetLTM,1.5894546574223098,108,ok,
FAC_rank_vol_m6_n12_pairwise1,2018-12-28,CtrlVol,1.5265545193203611,108,ok,
FAC_rank_vol_m6_n12_pairwise1,2018-12-28,as_偏股混合型基金,1.6167952101568694,108,ok,
FAC_rank_vol_m6_n12_pairwise1,2018-12-28,Ctrl_log_fund_size,1.1650754345129715,108,ok,
FAC_rank_vol_m6_n12_pairwise1,2018-12-28,Ctrl_fund_age,1.7808686657201045,108,ok,
FAC_rank_vol_m6_n12_pairwise1,2019-01-31,FAC_rank_vol_m6_n12_pairwise1,1.28553206053283,105,ok,
FAC_rank_vol_m6_n12_pairwise1,2019-01-31,CtrlRetSTR,1.5068030131894092,105,ok,
FAC_rank_vol_m6_n12_pairwise1,2019-01-31,CtrlRetLTM,1.755245290929806,105,ok,
FAC_rank_vol_m6_n12_pairwise1,2019-01-31,CtrlVol,1.5056738524511588,105,ok,
FAC_rank_vol_m6_n12_pairwise1,2019-01-31,as_偏股混合型基金,1.6105552597586046,105,ok,
FAC_rank_vol_m6_n12_pairwise1,2019-01-31,Ctrl_log_fund_size,1.2559878597804819,105,ok,
FAC_rank_vol_m6_n12_pairwise1,2019-01-31,Ctrl_fund_age,1.6298086656245783,105,ok,
FAC_rank_vol_m6_n12_pairwise1,2019-02-28,FAC_rank_vol_m6_n12_pairwise1,1.4875052409813243,108,ok,
FAC_rank_vol_m6_n12_pairwise1,2019-02-28,CtrlRetSTR,1.2825680583950925,108,ok,
FAC_rank_vol_m6_n12_pairwise1,2019-02-28,CtrlRetLTM,1.5184223374451336,108,ok,
FAC_rank_vol_m6_n12_pairwise1,2019-02-28,CtrlVol,1.3445052414914187,108,ok,
FAC_rank_vol_m6_n12_pairwise1,2019-02-28,as_偏股混合型基金,1.4624389324538958,108,ok,
FAC_rank_vol_m6_n12_pairwise1,2019-02-28,Ctrl_log_fund_size,1.2930129923401545,108,ok,
FAC_rank_vol_m6_n12_pairwise1,2019-02-28,Ctrl_fund_age,1.4798422735727117,108,ok,
FAC_rank_vol_m6_n12_pairwise1,2019-03-29,FAC_rank_vol_m6_n12_pairwise1,1.3494953321807972,107,ok,
FAC_rank_vol_m6_n12_pairwise1,2019-03-29,CtrlRetSTR,1.7379181109231157,107,ok,
FAC_rank_vol_m6_n12_pairwise1,2019-03-29,CtrlRetLTM,1.282678129442028,107,ok,
FAC_rank_vol_m6_n12_pairwise1,2019-03-29,CtrlVol,1.7817637280942544,107,ok,
FAC_rank_vol_m6_n12_pairwise1,2019-03-29,as_偏股混合型基金,1.4423073730927949,107,ok,
FAC_rank_vol_m6_n12_pairwise1,2019-03-29,Ctrl_log_fund_size,1.086696240380284,107,ok,
FAC_rank_vol_m6_n12_pairwise1,2019-03-29,Ctrl_fund_age,1.4580093455740217,107,ok,
FAC_rank_vol_m6_n12_pairwise1,2019-04-30,FAC_rank_vol_m6_n12_pairwise1,1.4585976027690866,105,ok,
FAC_rank_vol_m6_n12_pairwise1,2019-04-30,CtrlRetSTR,1.1455005832201173,105,ok,
FAC_rank_vol_m6_n12_pairwise1,2019-04-30,CtrlRetLTM,1.5871602687897828,105,ok,
FAC_rank_vol_m6_n12_pairwise1,2019-04-30,CtrlVol,1.517604238793587,105,ok,
FAC_rank_vol_m6_n12_pairwise1,2019-04-30,as_偏股混合型基金,1.4914155669365419,105,ok,
FAC_rank_vol_m6_n12_pairwise1,2019-04-30,Ctrl_log_fund_size,1.196760981667331,105,ok,
FAC_rank_vol_m6_n12_pairwise1,2019-04-30,Ctrl_fund_age,1.5203826275704717,105,ok,
FAC_rank_vol_m6_n12_pairwise1,2019-05-31,FAC_rank_vol_m6_n12_pairwise1,1.4281844259000227,108,ok,
FAC_rank_vol_m6_n12_pairwise1,2019-05-31,CtrlRetSTR,1.1282921198837532,108,ok,
FAC_rank_vol_m6_n12_pairwise1,2019-05-31,CtrlRetLTM,1.3617044571824906,108,ok,
FAC_rank_vol_m6_n12_pairwise1,2019-05-31,CtrlVol,1.3593656964203735,108,ok,
FAC_rank_vol_m6_n12_pairwise1,2019-05-31,as_偏股混合型基金,1.548476223757483,108,ok,
FAC_rank_vol_m6_n12_pairwise1,2019-05-31,Ctrl_log_fund_size,1.1375061540511597,108,ok,
FAC_rank_vol_m6_n12_pairwise1,2019-05-31,Ctrl_fund_age,1.4823637744480456,108,ok,
FAC_rank_vol_m6_n12_pairwise1,2019-06-28,FAC_rank_vol_m6_n12_pairwise1,1.2797089978310836,110,ok,
FAC_rank_vol_m6_n12_pairwise1,2019-06-28,CtrlRetSTR,1.296195177454095,110,ok,
FAC_rank_vol_m6_n12_pairwise1,2019-06-28,CtrlRetLTM,1.3618821575210198,110,ok,
FAC_rank_vol_m6_n12_pairwise1,2019-06-28,CtrlVol,1.3491654537584128,110,ok,
FAC_rank_vol_m6_n12_pairwise1,2019-06-28,as_偏股混合型基金,1.5980388864279766,110,ok,
FAC_rank_vol_m6_n12_pairwise1,2019-06-28,Ctrl_log_fund_size,1.254121331668129,110,ok,
FAC_rank_vol_m6_n12_pairwise1,2019-06-28,Ctrl_fund_age,1.5414692164960995,110,ok,
FAC_rank_vol_m6_n12_pairwise1,2019-07-31,FAC_rank_vol_m6_n12_pairwise1,1.3185703270449298,109,ok,
FAC_rank_vol_m6_n12_pairwise1,2019-07-31,CtrlRetSTR,1.4395181582594083,109,ok,
FAC_rank_vol_m6_n12_pairwise1,2019-07-31,CtrlRetLTM,1.5041184246900707,109,ok,
FAC_rank_vol_m6_n12_pairwise1,2019-07-31,CtrlVol,1.596742614305827,109,ok,
FAC_rank_vol_m6_n12_pairwise1,2019-07-31,as_偏股混合型基金,1.5424780639556865,109,ok,
FAC_rank_vol_m6_n12_pairwise1,2019-07-31,Ctrl_log_fund_size,1.5236246089143222,109,ok,
FAC_rank_vol_m6_n12_pairwise1,2019-07-31,Ctrl_fund_age,1.554288842811817,109,ok,
FAC_rank_vol_m6_n12_pairwise1,2019-08-30,FAC_rank_vol_m6_n12_pairwise1,1.540138416502269,110,ok,
FAC_rank_vol_m6_n12_pairwise1,2019-08-30,CtrlRetSTR,1.3028017817583781,110,ok,
FAC_rank_vol_m6_n12_pairwise1,2019-08-30,CtrlRetLTM,2.0084151476256893,110,ok,
FAC_rank_vol_m6_n12_pairwise1,2019-08-30,CtrlVol,1.854593323718906,110,ok,
FAC_rank_vol_m6_n12_pairwise1,2019-08-30,as_偏股混合型基金,1.5937452951056812,110,ok,
FAC_rank_vol_m6_n12_pairwise1,2019-08-30,Ctrl_log_fund_size,1.198885611054053,110,ok,
FAC_rank_vol_m6_n12_pairwise1,2019-08-30,Ctrl_fund_age,1.5836873968066723,110,ok,
FAC_rank_vol_m6_n12_pairwise1,2019-09-30,FAC_rank_vol_m6_n12_pairwise1,1.5270558457766814,110,ok,
FAC_rank_vol_m6_n12_pairwise1,2019-09-30,CtrlRetSTR,1.1238328080397078,110,ok,
FAC_rank_vol_m6_n12_pairwise1,2019-09-30,CtrlRetLTM,2.3224910452215854,110,ok,
FAC_rank_vol_m6_n12_pairwise1,2019-09-30,CtrlVol,1.7422379999685604,110,ok,
FAC_rank_vol_m6_n12_pairwise1,2019-09-30,as_偏股混合型基金,1.5557559671591485,110,ok,
FAC_rank_vol_m6_n12_pairwise1,2019-09-30,Ctrl_log_fund_size,1.2389886294645387,110,ok,
FAC_rank_vol_m6_n12_pairwise1,2019-09-30,Ctrl_fund_age,1.73057699504861,110,ok,
FAC_rank_vol_m6_n12_pairwise1,2019-10-31,FAC_rank_vol_m6_n12_pairwise1,1.2666744332884683,114,ok,
FAC_rank_vol_m6_n12_pairwise1,2019-10-31,CtrlRetSTR,1.0106096939806837,114,ok,
FAC_rank_vol_m6_n12_pairwise1,2019-10-31,CtrlRetLTM,2.4133080730016316,114,ok,
FAC_rank_vol_m6_n12_pairwise1,2019-10-31,CtrlVol,2.1723998245567713,114,ok,
FAC_rank_vol_m6_n12_pairwise1,2019-10-31,as_偏股混合型基金,1.5790435303400343,114,ok,
FAC_rank_vol_m6_n12_pairwise1,2019-10-31,Ctrl_log_fund_size,1.2053209322658798,114,ok,
FAC_rank_vol_m6_n12_pairwise1,2019-10-31,Ctrl_fund_age,1.7593215588812035,114,ok,
FAC_rank_vol_m6_n12_pairwise1,2019-11-29,FAC_rank_vol_m6_n12_pairwise1,1.2191758579799765,117,ok,
FAC_rank_vol_m6_n12_pairwise1,2019-11-29,CtrlRetSTR,1.2137381765150175,117,ok,
FAC_rank_vol_m6_n12_pairwise1,2019-11-29,CtrlRetLTM,1.8172083297415988,117,ok,
FAC_rank_vol_m6_n12_pairwise1,2019-11-29,CtrlVol,1.8723750872116423,117,ok,
FAC_rank_vol_m6_n12_pairwise1,2019-11-29,as_偏股混合型基金,1.4677226567703119,117,ok,
FAC_rank_vol_m6_n12_pairwise1,2019-11-29,Ctrl_log_fund_size,1.1876020462030996,117,ok,
FAC_rank_vol_m6_n12_pairwise1,2019-11-29,Ctrl_fund_age,1.6903146016674913,117,ok,
FAC_rank_vol_m6_n12_pairwise1,2019-12-31,FAC_rank_vol_m6_n12_pairwise1,1.1554505370405648,120,ok,
FAC_rank_vol_m6_n12_pairwise1,2019-12-31,CtrlRetSTR,1.0644331600588302,120,ok,
FAC_rank_vol_m6_n12_pairwise1,2019-12-31,CtrlRetLTM,1.840345697033557,120,ok,
FAC_rank_vol_m6_n12_pairwise1,2019-12-31,CtrlVol,1.988982435575142,120,ok,
FAC_rank_vol_m6_n12_pairwise1,2019-12-31,as_偏股混合型基金,1.4079054772565172,120,ok,
FAC_rank_vol_m6_n12_pairwise1,2019-12-31,Ctrl_log_fund_size,1.245717449955872,120,ok,
FAC_rank_vol_m6_n12_pairwise1,2019-12-31,Ctrl_fund_age,1.5586268765696087,120,ok,
FAC_rank_vol_m6_n12_pairwise1,2020-01-23,FAC_rank_vol_m6_n12_pairwise1,1.3753810258156929,121,ok,
FAC_rank_vol_m6_n12_pairwise1,2020-01-23,CtrlRetSTR,1.4226988956275575,121,ok,
FAC_rank_vol_m6_n12_pairwise1,2020-01-23,CtrlRetLTM,2.1006164926978435,121,ok,
FAC_rank_vol_m6_n12_pairwise1,2020-01-23,CtrlVol,1.9009760614714395,121,ok,
FAC_rank_vol_m6_n12_pairwise1,2020-01-23,as_偏股混合型基金,1.4481702527567448,121,ok,
FAC_rank_vol_m6_n12_pairwise1,2020-01-23,Ctrl_log_fund_size,1.2637671727551425,121,ok,
FAC_rank_vol_m6_n12_pairwise1,2020-01-23,Ctrl_fund_age,1.6642909163460813,121,ok,
FAC_rank_vol_m6_n12_pairwise1,2020-02-28,FAC_rank_vol_m6_n12_pairwise1,1.6988326519570196,121,ok,
FAC_rank_vol_m6_n12_pairwise1,2020-02-28,CtrlRetSTR,1.428079036642569,121,ok,
FAC_rank_vol_m6_n12_pairwise1,2020-02-28,CtrlRetLTM,1.9149621272610213,121,ok,
FAC_rank_vol_m6_n12_pairwise1,2020-02-28,CtrlVol,1.3042043985755987,121,ok,
FAC_rank_vol_m6_n12_pairwise1,2020-02-28,as_偏股混合型基金,1.3715548285469308,121,ok,
FAC_rank_vol_m6_n12_pairwise1,2020-02-28,Ctrl_log_fund_size,1.1670984644633295,121,ok,
FAC_rank_vol_m6_n12_pairwise1,2020-02-28,Ctrl_fund_age,1.5339813733948153,121,ok,
FAC_rank_vol_m6_n12_pairwise1,2020-03-31,FAC_rank_vol_m6_n12_pairwise1,1.6871050274284491,126,ok,
FAC_rank_vol_m6_n12_pairwise1,2020-03-31,CtrlRetSTR,1.542876977183902,126,ok,
FAC_rank_vol_m6_n12_pairwise1,2020-03-31,CtrlRetLTM,2.4106863042704796,126,ok,
FAC_rank_vol_m6_n12_pairwise1,2020-03-31,CtrlVol,1.3942061448034317,126,ok,
FAC_rank_vol_m6_n12_pairwise1,2020-03-31,as_偏股混合型基金,1.4220244917197207,126,ok,
FAC_rank_vol_m6_n12_pairwise1,2020-03-31,Ctrl_log_fund_size,1.1212202633234278,126,ok,
FAC_rank_vol_m6_n12_pairwise1,2020-03-31,Ctrl_fund_age,1.5879654374926166,126,ok,
FAC_rank_vol_m6_n12_pairwise1,2020-04-30,FAC_rank_vol_m6_n12_pairwise1,1.2763877726858182,127,ok,
FAC_rank_vol_m6_n12_pairwise1,2020-04-30,CtrlRetSTR,1.2698845451361607,127,ok,
FAC_rank_vol_m6_n12_pairwise1,2020-04-30,CtrlRetLTM,1.518794030762441,127,ok,
FAC_rank_vol_m6_n12_pairwise1,2020-04-30,CtrlVol,1.5964249167911269,127,ok,
FAC_rank_vol_m6_n12_pairwise1,2020-04-30,as_偏股混合型基金,1.3877068922060383,127,ok,
FAC_rank_vol_m6_n12_pairwise1,2020-04-30,Ctrl_log_fund_size,1.081804854809245,127,ok,
FAC_rank_vol_m6_n12_pairwise1,2020-04-30,Ctrl_fund_age,1.4551403469641364,127,ok,
FAC_rank_vol_m6_n12_pairwise1,2020-05-29,FAC_rank_vol_m6_n12_pairwise1,1.3546137120012924,127,ok,
FAC_rank_vol_m6_n12_pairwise1,2020-05-29,CtrlRetSTR,1.3564586030228563,127,ok,
FAC_rank_vol_m6_n12_pairwise1,2020-05-29,CtrlRetLTM,1.7044504402220146,127,ok,
FAC_rank_vol_m6_n12_pairwise1,2020-05-29,CtrlVol,1.7645219978135755,127,ok,
FAC_rank_vol_m6_n12_pairwise1,2020-05-29,as_偏股混合型基金,1.3981363128763487,127,ok,
FAC_rank_vol_m6_n12_pairwise1,2020-05-29,Ctrl_log_fund_size,1.096980920408211,127,ok,
FAC_rank_vol_m6_n12_pairwise1,2020-05-29,Ctrl_fund_age,1.4690346906767444,127,ok,
FAC_rank_vol_m6_n12_pairwise1,2020-06-30,FAC_rank_vol_m6_n12_pairwise1,1.4484467347829992,129,ok,
FAC_rank_vol_m6_n12_pairwise1,2020-06-30,CtrlRetSTR,1.3085754229098459,129,ok,
FAC_rank_vol_m6_n12_pairwise1,2020-06-30,CtrlRetLTM,1.4788581159624135,129,ok,
FAC_rank_vol_m6_n12_pairwise1,2020-06-30,CtrlVol,1.3747484320348178,129,ok,
FAC_rank_vol_m6_n12_pairwise1,2020-06-30,as_偏股混合型基金,1.3579883549370437,129,ok,
FAC_rank_vol_m6_n12_pairwise1,2020-06-30,Ctrl_log_fund_size,1.1642815262391142,129,ok,
FAC_rank_vol_m6_n12_pairwise1,2020-06-30,Ctrl_fund_age,1.417139158079148,129,ok,
FAC_rank_vol_m6_n12_pairwise1,2020-07-31,FAC_rank_vol_m6_n12_pairwise1,1.5253399269359407,130,ok,
FAC_rank_vol_m6_n12_pairwise1,2020-07-31,CtrlRetSTR,1.167809314359372,130,ok,
FAC_rank_vol_m6_n12_pairwise1,2020-07-31,CtrlRetLTM,1.8725797304666318,130,ok,
FAC_rank_vol_m6_n12_pairwise1,2020-07-31,CtrlVol,1.2984454942027783,130,ok,
FAC_rank_vol_m6_n12_pairwise1,2020-07-31,as_偏股混合型基金,1.3679216223479682,130,ok,
FAC_rank_vol_m6_n12_pairwise1,2020-07-31,Ctrl_log_fund_size,1.2748695676889472,130,ok,
FAC_rank_vol_m6_n12_pairwise1,2020-07-31,Ctrl_fund_age,1.4062512945087413,130,ok,
FAC_rank_vol_m6_n12_pairwise1,2020-08-31,FAC_rank_vol_m6_n12_pairwise1,1.4991500290882696,137,ok,
FAC_rank_vol_m6_n12_pairwise1,2020-08-31,CtrlRetSTR,1.4084683426187652,137,ok,
FAC_rank_vol_m6_n12_pairwise1,2020-08-31,CtrlRetLTM,1.7430676609228406,137,ok,
FAC_rank_vol_m6_n12_pairwise1,2020-08-31,CtrlVol,1.4546570685162303,137,ok,
FAC_rank_vol_m6_n12_pairwise1,2020-08-31,as_偏股混合型基金,1.429086891205945,137,ok,
FAC_rank_vol_m6_n12_pairwise1,2020-08-31,Ctrl_log_fund_size,1.2016437800540771,137,ok,
FAC_rank_vol_m6_n12_pairwise1,2020-08-31,Ctrl_fund_age,1.478730406494373,137,ok,
FAC_rank_vol_m6_n12_pairwise1,2020-09-30,FAC_rank_vol_m6_n12_pairwise1,1.287935056750713,143,ok,
FAC_rank_vol_m6_n12_pairwise1,2020-09-30,CtrlRetSTR,1.2869334674964403,143,ok,
FAC_rank_vol_m6_n12_pairwise1,2020-09-30,CtrlRetLTM,1.3594301446267363,143,ok,
FAC_rank_vol_m6_n12_pairwise1,2020-09-30,CtrlVol,1.2484444172543847,143,ok,
FAC_rank_vol_m6_n12_pairwise1,2020-09-30,as_偏股混合型基金,1.344537829189439,143,ok,
FAC_rank_vol_m6_n12_pairwise1,2020-09-30,Ctrl_log_fund_size,1.1621667467271863,143,ok,
FAC_rank_vol_m6_n12_pairwise1,2020-09-30,Ctrl_fund_age,1.33404748381857,143,ok,
FAC_rank_vol_m6_n12_pairwise1,2020-10-30,FAC_rank_vol_m6_n12_pairwise1,1.2072888152003591,144,ok,
FAC_rank_vol_m6_n12_pairwise1,2020-10-30,CtrlRetSTR,1.112590518486371,144,ok,
FAC_rank_vol_m6_n12_pairwise1,2020-10-30,CtrlRetLTM,1.2939323076259654,144,ok,
FAC_rank_vol_m6_n12_pairwise1,2020-10-30,CtrlVol,1.2453830107839563,144,ok,
FAC_rank_vol_m6_n12_pairwise1,2020-10-30,as_偏股混合型基金,1.307460700524391,144,ok,
FAC_rank_vol_m6_n12_pairwise1,2020-10-30,Ctrl_log_fund_size,1.084681786947075,144,ok,
FAC_rank_vol_m6_n12_pairwise1,2020-10-30,Ctrl_fund_age,1.3527093977246996,144,ok,
FAC_rank_vol_m6_n12_pairwise1,2020-11-30,FAC_rank_vol_m6_n12_pairwise1,1.076677000947283,148,ok,
FAC_rank_vol_m6_n12_pairwise1,2020-11-30,CtrlRetSTR,1.1221099041799036,148,ok,
FAC_rank_vol_m6_n12_pairwise1,2020-11-30,CtrlRetLTM,1.2039297729859957,148,ok,
FAC_rank_vol_m6_n12_pairwise1,2020-11-30,CtrlVol,1.0553798344240295,148,ok,
FAC_rank_vol_m6_n12_pairwise1,2020-11-30,as_偏股混合型基金,1.2751570078244427,148,ok,
FAC_rank_vol_m6_n12_pairwise1,2020-11-30,Ctrl_log_fund_size,1.098436231223317,148,ok,
FAC_rank_vol_m6_n12_pairwise1,2020-11-30,Ctrl_fund_age,1.3670019938303226,148,ok,
FAC_rank_vol_m6_n12_pairwise1,2020-12-31,FAC_rank_vol_m6_n12_pairwise1,1.283276972910656,154,ok,
FAC_rank_vol_m6_n12_pairwise1,2020-12-31,CtrlRetSTR,1.174113647373799,154,ok,
FAC_rank_vol_m6_n12_pairwise1,2020-12-31,CtrlRetLTM,1.3201922266088455,154,ok,
FAC_rank_vol_m6_n12_pairwise1,2020-12-31,CtrlVol,1.0802152615819414,154,ok,
FAC_rank_vol_m6_n12_pairwise1,2020-12-31,as_偏股混合型基金,1.2595413120996755,154,ok,
FAC_rank_vol_m6_n12_pairwise1,2020-12-31,Ctrl_log_fund_size,1.0384677054039702,154,ok,
FAC_rank_vol_m6_n12_pairwise1,2020-12-31,Ctrl_fund_age,1.3324332670186658,154,ok,
FAC_rank_vol_m6_n12_pairwise1,2021-01-29,FAC_rank_vol_m6_n12_pairwise1,1.3100776491499995,154,ok,
FAC_rank_vol_m6_n12_pairwise1,2021-01-29,CtrlRetSTR,1.024401949534516,154,ok,
FAC_rank_vol_m6_n12_pairwise1,2021-01-29,CtrlRetLTM,1.2575022678783243,154,ok,
FAC_rank_vol_m6_n12_pairwise1,2021-01-29,CtrlVol,1.07881144823068,154,ok,
FAC_rank_vol_m6_n12_pairwise1,2021-01-29,as_偏股混合型基金,1.3141111660751177,154,ok,
FAC_rank_vol_m6_n12_pairwise1,2021-01-29,Ctrl_log_fund_size,1.0707854789889515,154,ok,
FAC_rank_vol_m6_n12_pairwise1,2021-01-29,Ctrl_fund_age,1.3921401611514768,154,ok,
FAC_rank_vol_m6_n12_pairwise1,2021-02-26,FAC_rank_vol_m6_n12_pairwise1,1.2519064918683631,162,ok,
FAC_rank_vol_m6_n12_pairwise1,2021-02-26,CtrlRetSTR,1.385122162519261,162,ok,
FAC_rank_vol_m6_n12_pairwise1,2021-02-26,CtrlRetLTM,1.2249254791083077,162,ok,
FAC_rank_vol_m6_n12_pairwise1,2021-02-26,CtrlVol,1.3939976865328045,162,ok,
FAC_rank_vol_m6_n12_pairwise1,2021-02-26,as_偏股混合型基金,1.272757433816032,162,ok,
FAC_rank_vol_m6_n12_pairwise1,2021-02-26,Ctrl_log_fund_size,1.0937400384956975,162,ok,
FAC_rank_vol_m6_n12_pairwise1,2021-02-26,Ctrl_fund_age,1.306559380547389,162,ok,
FAC_rank_vol_m6_n12_pairwise1,2021-03-31,FAC_rank_vol_m6_n12_pairwise1,1.2934200447790285,161,ok,
FAC_rank_vol_m6_n12_pairwise1,2021-03-31,CtrlRetSTR,1.3485051436535846,161,ok,
FAC_rank_vol_m6_n12_pairwise1,2021-03-31,CtrlRetLTM,1.450916458895373,161,ok,
FAC_rank_vol_m6_n12_pairwise1,2021-03-31,CtrlVol,1.182926640810074,161,ok,
FAC_rank_vol_m6_n12_pairwise1,2021-03-31,as_偏股混合型基金,1.3022726563924816,161,ok,
FAC_rank_vol_m6_n12_pairwise1,2021-03-31,Ctrl_log_fund_size,1.0819560566464677,161,ok,
FAC_rank_vol_m6_n12_pairwise1,2021-03-31,Ctrl_fund_age,1.2724645433934374,161,ok,
FAC_rank_vol_m6_n12_pairwise1,2021-04-30,FAC_rank_vol_m6_n12_pairwise1,1.3557948672810836,165,ok,
FAC_rank_vol_m6_n12_pairwise1,2021-04-30,CtrlRetSTR,1.7227039097776915,165,ok,
FAC_rank_vol_m6_n12_pairwise1,2021-04-30,CtrlRetLTM,1.4124429205634947,165,ok,
FAC_rank_vol_m6_n12_pairwise1,2021-04-30,CtrlVol,1.6778645450365866,165,ok,
FAC_rank_vol_m6_n12_pairwise1,2021-04-30,as_偏股混合型基金,1.2930553255891437,165,ok,
FAC_rank_vol_m6_n12_pairwise1,2021-04-30,Ctrl_log_fund_size,1.0602599373938129,165,ok,
FAC_rank_vol_m6_n12_pairwise1,2021-04-30,Ctrl_fund_age,1.2528756445053528,165,ok,
FAC_rank_vol_m6_n12_pairwise1,2021-05-31,FAC_rank_vol_m6_n12_pairwise1,1.4421824826182335,168,ok,
FAC_rank_vol_m6_n12_pairwise1,2021-05-31,CtrlRetSTR,1.3867470827308679,168,ok,
FAC_rank_vol_m6_n12_pairwise1,2021-05-31,CtrlRetLTM,1.4656470985404084,168,ok,
FAC_rank_vol_m6_n12_pairwise1,2021-05-31,CtrlVol,1.3872499134366265,168,ok,
FAC_rank_vol_m6_n12_pairwise1,2021-05-31,as_偏股混合型基金,1.2749355023342368,168,ok,
FAC_rank_vol_m6_n12_pairwise1,2021-05-31,Ctrl_log_fund_size,1.0123314464696784,168,ok,
FAC_rank_vol_m6_n12_pairwise1,2021-05-31,Ctrl_fund_age,1.279961277010069,168,ok,
FAC_rank_vol_m6_n12_pairwise1,2021-06-30,FAC_rank_vol_m6_n12_pairwise1,1.537385906147521,172,ok,
FAC_rank_vol_m6_n12_pairwise1,2021-06-30,CtrlRetSTR,1.2962799811877983,172,ok,
FAC_rank_vol_m6_n12_pairwise1,2021-06-30,CtrlRetLTM,1.5341971751255559,172,ok,
FAC_rank_vol_m6_n12_pairwise1,2021-06-30,CtrlVol,1.218693266789363,172,ok,
FAC_rank_vol_m6_n12_pairwise1,2021-06-30,as_偏股混合型基金,1.3032398669503549,172,ok,
FAC_rank_vol_m6_n12_pairwise1,2021-06-30,Ctrl_log_fund_size,1.0334206581438155,172,ok,
FAC_rank_vol_m6_n12_pairwise1,2021-06-30,Ctrl_fund_age,1.2900839104311204,172,ok,
FAC_rank_vol_m6_n12_pairwise1,2021-07-30,FAC_rank_vol_m6_n12_pairwise1,1.317306865368791,175,ok,
FAC_rank_vol_m6_n12_pairwise1,2021-07-30,CtrlRetSTR,1.2050157493877822,175,ok,
FAC_rank_vol_m6_n12_pairwise1,2021-07-30,CtrlRetLTM,1.3618019045819971,175,ok,
FAC_rank_vol_m6_n12_pairwise1,2021-07-30,CtrlVol,1.251787077923612,175,ok,
FAC_rank_vol_m6_n12_pairwise1,2021-07-30,as_偏股混合型基金,1.2982376586877657,175,ok,
FAC_rank_vol_m6_n12_pairwise1,2021-07-30,Ctrl_log_fund_size,1.101927654272615,175,ok,
FAC_rank_vol_m6_n12_pairwise1,2021-07-30,Ctrl_fund_age,1.2409570554538316,175,ok,
FAC_rank_vol_m6_n12_pairwise1,2021-08-31,FAC_rank_vol_m6_n12_pairwise1,1.5533067095342266,186,ok,
FAC_rank_vol_m6_n12_pairwise1,2021-08-31,CtrlRetSTR,1.646030165048605,186,ok,
FAC_rank_vol_m6_n12_pairwise1,2021-08-31,CtrlRetLTM,2.100363893296087,186,ok,
FAC_rank_vol_m6_n12_pairwise1,2021-08-31,CtrlVol,1.6993047663434575,186,ok,
FAC_rank_vol_m6_n12_pairwise1,2021-08-31,as_偏股混合型基金,1.2400205867420808,186,ok,
FAC_rank_vol_m6_n12_pairwise1,2021-08-31,Ctrl_log_fund_size,1.0777729149770499,186,ok,
FAC_rank_vol_m6_n12_pairwise1,2021-08-31,Ctrl_fund_age,1.1966769526867553,186,ok,
FAC_rank_vol_m6_n12_pairwise1,2021-09-30,FAC_rank_vol_m6_n12_pairwise1,1.3172714440864475,190,ok,
FAC_rank_vol_m6_n12_pairwise1,2021-09-30,CtrlRetSTR,2.3877650195571367,190,ok,
FAC_rank_vol_m6_n12_pairwise1,2021-09-30,CtrlRetLTM,2.6853281080473987,190,ok,
FAC_rank_vol_m6_n12_pairwise1,2021-09-30,CtrlVol,1.4843229849218655,190,ok,
FAC_rank_vol_m6_n12_pairwise1,2021-09-30,as_偏股混合型基金,1.2673174832704954,190,ok,
FAC_rank_vol_m6_n12_pairwise1,2021-09-30,Ctrl_log_fund_size,1.1255765378679063,190,ok,
FAC_rank_vol_m6_n12_pairwise1,2021-09-30,Ctrl_fund_age,1.1929957662296007,190,ok,
FAC_rank_vol_m6_n12_pairwise1,2021-10-29,FAC_rank_vol_m6_n12_pairwise1,1.2590113122257272,191,ok,
FAC_rank_vol_m6_n12_pairwise1,2021-10-29,CtrlRetSTR,1.1056985496335314,191,ok,
FAC_rank_vol_m6_n12_pairwise1,2021-10-29,CtrlRetLTM,1.5310292651577442,191,ok,
FAC_rank_vol_m6_n12_pairwise1,2021-10-29,CtrlVol,1.4503178827621663,191,ok,
FAC_rank_vol_m6_n12_pairwise1,2021-10-29,as_偏股混合型基金,1.2416969957489392,191,ok,
FAC_rank_vol_m6_n12_pairwise1,2021-10-29,Ctrl_log_fund_size,1.0902741712804904,191,ok,
FAC_rank_vol_m6_n12_pairwise1,2021-10-29,Ctrl_fund_age,1.2236902007533275,191,ok,
FAC_rank_vol_m6_n12_pairwise1,2021-11-30,FAC_rank_vol_m6_n12_pairwise1,1.32813029407014,200,ok,
FAC_rank_vol_m6_n12_pairwise1,2021-11-30,CtrlRetSTR,1.0194163720916642,200,ok,
FAC_rank_vol_m6_n12_pairwise1,2021-11-30,CtrlRetLTM,2.0009301833019,200,ok,
FAC_rank_vol_m6_n12_pairwise1,2021-11-30,CtrlVol,1.6944588453934406,200,ok,
FAC_rank_vol_m6_n12_pairwise1,2021-11-30,as_偏股混合型基金,1.193710543142985,200,ok,
FAC_rank_vol_m6_n12_pairwise1,2021-11-30,Ctrl_log_fund_size,1.0674321610901767,200,ok,
FAC_rank_vol_m6_n12_pairwise1,2021-11-30,Ctrl_fund_age,1.1725849678658635,200,ok,
FAC_rank_vol_m6_n12_pairwise1,2021-12-31,FAC_rank_vol_m6_n12_pairwise1,1.532921555797997,196,ok,
FAC_rank_vol_m6_n12_pairwise1,2021-12-31,CtrlRetSTR,1.8421972581437003,196,ok,
FAC_rank_vol_m6_n12_pairwise1,2021-12-31,CtrlRetLTM,1.9365527416241208,196,ok,
FAC_rank_vol_m6_n12_pairwise1,2021-12-31,CtrlVol,1.9002299146617923,196,ok,
FAC_rank_vol_m6_n12_pairwise1,2021-12-31,as_偏股混合型基金,1.2878512580442831,196,ok,
FAC_rank_vol_m6_n12_pairwise1,2021-12-31,Ctrl_log_fund_size,1.0779688829806378,196,ok,
FAC_rank_vol_m6_n12_pairwise1,2021-12-31,Ctrl_fund_age,1.1856190028465252,196,ok,
FAC_rank_vol_m6_n12_pairwise1,2022-01-28,FAC_rank_vol_m6_n12_pairwise1,1.3035234127525428,203,ok,
FAC_rank_vol_m6_n12_pairwise1,2022-01-28,CtrlRetSTR,1.3059733316628213,203,ok,
FAC_rank_vol_m6_n12_pairwise1,2022-01-28,CtrlRetLTM,1.4539596407699948,203,ok,
FAC_rank_vol_m6_n12_pairwise1,2022-01-28,CtrlVol,1.4319006802861869,203,ok,
FAC_rank_vol_m6_n12_pairwise1,2022-01-28,as_偏股混合型基金,1.2278824903656484,203,ok,
FAC_rank_vol_m6_n12_pairwise1,2022-01-28,Ctrl_log_fund_size,1.0721652875219416,203,ok,
FAC_rank_vol_m6_n12_pairwise1,2022-01-28,Ctrl_fund_age,1.1857976033844164,203,ok,
FAC_rank_vol_m6_n12_pairwise1,2022-02-28,FAC_rank_vol_m6_n12_pairwise1,1.265786063833428,216,ok,
FAC_rank_vol_m6_n12_pairwise1,2022-02-28,CtrlRetSTR,1.3279718952756485,216,ok,
FAC_rank_vol_m6_n12_pairwise1,2022-02-28,CtrlRetLTM,1.400123551057413,216,ok,
FAC_rank_vol_m6_n12_pairwise1,2022-02-28,CtrlVol,1.4368817428203684,216,ok,
FAC_rank_vol_m6_n12_pairwise1,2022-02-28,as_偏股混合型基金,1.279007938523213,216,ok,
FAC_rank_vol_m6_n12_pairwise1,2022-02-28,Ctrl_log_fund_size,1.0998011770153773,216,ok,
FAC_rank_vol_m6_n12_pairwise1,2022-02-28,Ctrl_fund_age,1.1790300072068842,216,ok,
FAC_rank_vol_m6_n12_pairwise1,2022-03-31,FAC_rank_vol_m6_n12_pairwise1,1.318591572928528,211,ok,
FAC_rank_vol_m6_n12_pairwise1,2022-03-31,CtrlRetSTR,1.1860289541576718,211,ok,
FAC_rank_vol_m6_n12_pairwise1,2022-03-31,CtrlRetLTM,1.9210545251427635,211,ok,
FAC_rank_vol_m6_n12_pairwise1,2022-03-31,CtrlVol,1.6990313655713611,211,ok,
FAC_rank_vol_m6_n12_pairwise1,2022-03-31,as_偏股混合型基金,1.2399028003827284,211,ok,
FAC_rank_vol_m6_n12_pairwise1,2022-03-31,Ctrl_log_fund_size,1.0723126579350188,211,ok,
FAC_rank_vol_m6_n12_pairwise1,2022-03-31,Ctrl_fund_age,1.147775901258737,211,ok,
FAC_rank_vol_m6_n12_pairwise1,2022-04-29,FAC_rank_vol_m6_n12_pairwise1,1.249729862329261,215,ok,
FAC_rank_vol_m6_n12_pairwise1,2022-04-29,CtrlRetSTR,1.8262665560480336,215,ok,
FAC_rank_vol_m6_n12_pairwise1,2022-04-29,CtrlRetLTM,1.2905302391840427,215,ok,
FAC_rank_vol_m6_n12_pairwise1,2022-04-29,CtrlVol,2.01619841648724,215,ok,
FAC_rank_vol_m6_n12_pairwise1,2022-04-29,as_偏股混合型基金,1.22074595213372,215,ok,
FAC_rank_vol_m6_n12_pairwise1,2022-04-29,Ctrl_log_fund_size,1.107620763661376,215,ok,
FAC_rank_vol_m6_n12_pairwise1,2022-04-29,Ctrl_fund_age,1.1590551383908205,215,ok,
FAC_rank_vol_m6_n12_pairwise1,2022-05-31,FAC_rank_vol_m6_n12_pairwise1,1.3748870940793547,231,ok,
FAC_rank_vol_m6_n12_pairwise1,2022-05-31,CtrlRetSTR,2.3047439291808116,231,ok,
FAC_rank_vol_m6_n12_pairwise1,2022-05-31,CtrlRetLTM,1.4528768578908267,231,ok,
FAC_rank_vol_m6_n12_pairwise1,2022-05-31,CtrlVol,1.8207172329903316,231,ok,
FAC_rank_vol_m6_n12_pairwise1,2022-05-31,as_偏股混合型基金,1.138091357586684,231,ok,
FAC_rank_vol_m6_n12_pairwise1,2022-05-31,Ctrl_log_fund_size,1.0992531913254888,231,ok,
FAC_rank_vol_m6_n12_pairwise1,2022-05-31,Ctrl_fund_age,1.1423685830491113,231,ok,
FAC_rank_vol_m6_n12_pairwise1,2022-06-30,FAC_rank_vol_m6_n12_pairwise1,1.501836449070767,240,ok,
FAC_rank_vol_m6_n12_pairwise1,2022-06-30,CtrlRetSTR,1.8070536964276784,240,ok,
FAC_rank_vol_m6_n12_pairwise1,2022-06-30,CtrlRetLTM,1.8635892089264288,240,ok,
FAC_rank_vol_m6_n12_pairwise1,2022-06-30,CtrlVol,1.4186004108264447,240,ok,
FAC_rank_vol_m6_n12_pairwise1,2022-06-30,as_偏股混合型基金,1.1326604703459306,240,ok,
FAC_rank_vol_m6_n12_pairwise1,2022-06-30,Ctrl_log_fund_size,1.106812128715489,240,ok,
FAC_rank_vol_m6_n12_pairwise1,2022-06-30,Ctrl_fund_age,1.1609916983556288,240,ok,
FAC_rank_vol_m12_n6_pairwise1,2006-01-25,FAC_rank_vol_m12_n6_pairwise1,,1,skipped,完整变量样本数小于 min_cross_section_n
FAC_rank_vol_m12_n6_pairwise1,2006-01-25,CtrlRetSTR,,1,skipped,完整变量样本数小于 min_cross_section_n
FAC_rank_vol_m12_n6_pairwise1,2006-01-25,CtrlRetLTM,,1,skipped,完整变量样本数小于 min_cross_section_n
FAC_rank_vol_m12_n6_pairwise1,2006-01-25,CtrlVol,,1,skipped,完整变量样本数小于 min_cross_section_n
FAC_rank_vol_m12_n6_pairwise1,2006-01-25,as_偏股混合型基金,,1,skipped,完整变量样本数小于 min_cross_section_n
FAC_rank_vol_m12_n6_pairwise1,2006-01-25,Ctrl_log_fund_size,,1,skipped,完整变量样本数小于 min_cross_section_n
FAC_rank_vol_m12_n6_pairwise1,2006-01-25,Ctrl_fund_age,,1,skipped,完整变量样本数小于 min_cross_section_n
FAC_rank_vol_m12_n6_pairwise1,2006-02-28,FAC_rank_vol_m12_n6_pairwise1,,1,skipped,完整变量样本数小于 min_cross_section_n
FAC_rank_vol_m12_n6_pairwise1,2006-02-28,CtrlRetSTR,,1,skipped,完整变量样本数小于 min_cross_section_n
FAC_rank_vol_m12_n6_pairwise1,2006-02-28,CtrlRetLTM,,1,skipped,完整变量样本数小于 min_cross_section_n
FAC_rank_vol_m12_n6_pairwise1,2006-02-28,CtrlVol,,1,skipped,完整变量样本数小于 min_cross_section_n
FAC_rank_vol_m12_n6_pairwise1,2006-02-28,as_偏股混合型基金,,1,skipped,完整变量样本数小于 min_cross_section_n
FAC_rank_vol_m12_n6_pairwise1,2006-02-28,Ctrl_log_fund_size,,1,skipped,完整变量样本数小于 min_cross_section_n
FAC_rank_vol_m12_n6_pairwise1,2006-02-28,Ctrl_fund_age,,1,skipped,完整变量样本数小于 min_cross_section_n
FAC_rank_vol_m12_n6_pairwise1,2006-03-31,FAC_rank_vol_m12_n6_pairwise1,,1,skipped,完整变量样本数小于 min_cross_section_n
FAC_rank_vol_m12_n6_pairwise1,2006-03-31,CtrlRetSTR,,1,skipped,完整变量样本数小于 min_cross_section_n
FAC_rank_vol_m12_n6_pairwise1,2006-03-31,CtrlRetLTM,,1,skipped,完整变量样本数小于 min_cross_section_n
FAC_rank_vol_m12_n6_pairwise1,2006-03-31,CtrlVol,,1,skipped,完整变量样本数小于 min_cross_section_n
FAC_rank_vol_m12_n6_pairwise1,2006-03-31,as_偏股混合型基金,,1,skipped,完整变量样本数小于 min_cross_section_n
FAC_rank_vol_m12_n6_pairwise1,2006-03-31,Ctrl_log_fund_size,,1,skipped,完整变量样本数小于 min_cross_section_n
FAC_rank_vol_m12_n6_pairwise1,2006-03-31,Ctrl_fund_age,,1,skipped,完整变量样本数小于 min_cross_section_n
FAC_rank_vol_m12_n6_pairwise1,2006-04-28,FAC_rank_vol_m12_n6_pairwise1,,1,skipped,完整变量样本数小于 min_cross_section_n
FAC_rank_vol_m12_n6_pairwise1,2006-04-28,CtrlRetSTR,,1,skipped,完整变量样本数小于 min_cross_section_n
FAC_rank_vol_m12_n6_pairwise1,2006-04-28,CtrlRetLTM,,1,skipped,完整变量样本数小于 min_cross_section_n
FAC_rank_vol_m12_n6_pairwise1,2006-04-28,CtrlVol,,1,skipped,完整变量样本数小于 min_cross_section_n
FAC_rank_vol_m12_n6_pairwise1,2006-04-28,as_偏股混合型基金,,1,skipped,完整变量样本数小于 min_cross_section_n
FAC_rank_vol_m12_n6_pairwise1,2006-04-28,Ctrl_log_fund_size,,1,skipped,完整变量样本数小于 min_cross_section_n
FAC_rank_vol_m12_n6_pairwise1,2006-04-28,Ctrl_fund_age,,1,skipped,完整变量样本数小于 min_cross_section_n
FAC_rank_vol_m12_n6_pairwise1,2006-05-31,FAC_rank_vol_m12_n6_pairwise1,,1,skipped,完整变量样本数小于 min_cross_section_n
FAC_rank_vol_m12_n6_pairwise1,2006-05-31,CtrlRetSTR,,1,skipped,完整变量样本数小于 min_cross_section_n
FAC_rank_vol_m12_n6_pairwise1,2006-05-31,CtrlRetLTM,,1,skipped,完整变量样本数小于 min_cross_section_n
FAC_rank_vol_m12_n6_pairwise1,2006-05-31,CtrlVol,,1,skipped,完整变量样本数小于 min_cross_section_n
FAC_rank_vol_m12_n6_pairwise1,2006-05-31,as_偏股混合型基金,,1,skipped,完整变量样本数小于 min_cross_section_n
FAC_rank_vol_m12_n6_pairwise1,2006-05-31,Ctrl_log_fund_size,,1,skipped,完整变量样本数小于 min_cross_section_n
FAC_rank_vol_m12_n6_pairwise1,2006-05-31,Ctrl_fund_age,,1,skipped,完整变量样本数小于 min_cross_section_n
FAC_rank_vol_m12_n6_pairwise1,2006-06-30,FAC_rank_vol_m12_n6_pairwise1,,1,skipped,完整变量样本数小于 min_cross_section_n
FAC_rank_vol_m12_n6_pairwise1,2006-06-30,CtrlRetSTR,,1,skipped,完整变量样本数小于 min_cross_section_n
FAC_rank_vol_m12_n6_pairwise1,2006-06-30,CtrlRetLTM,,1,skipped,完整变量样本数小于 min_cross_section_n
FAC_rank_vol_m12_n6_pairwise1,2006-06-30,CtrlVol,,1,skipped,完整变量样本数小于 min_cross_section_n
FAC_rank_vol_m12_n6_pairwise1,2006-06-30,as_偏股混合型基金,,1,skipped,完整变量样本数小于 min_cross_section_n
FAC_rank_vol_m12_n6_pairwise1,2006-06-30,Ctrl_log_fund_size,,1,skipped,完整变量样本数小于 min_cross_section_n
FAC_rank_vol_m12_n6_pairwise1,2006-06-30,Ctrl_fund_age,,1,skipped,完整变量样本数小于 min_cross_section_n
FAC_rank_vol_m12_n6_pairwise1,2006-07-31,FAC_rank_vol_m12_n6_pairwise1,,1,skipped,完整变量样本数小于 min_cross_section_n
FAC_rank_vol_m12_n6_pairwise1,2006-07-31,CtrlRetSTR,,1,skipped,完整变量样本数小于 min_cross_section_n
FAC_rank_vol_m12_n6_pairwise1,2006-07-31,CtrlRetLTM,,1,skipped,完整变量样本数小于 min_cross_section_n
FAC_rank_vol_m12_n6_pairwise1,2006-07-31,CtrlVol,,1,skipped,完整变量样本数小于 min_cross_section_n
FAC_rank_vol_m12_n6_pairwise1,2006-07-31,as_偏股混合型基金,,1,skipped,完整变量样本数小于 min_cross_section_n
FAC_rank_vol_m12_n6_pairwise1,2006-07-31,Ctrl_log_fund_size,,1,skipped,完整变量样本数小于 min_cross_section_n
FAC_rank_vol_m12_n6_pairwise1,2006-07-31,Ctrl_fund_age,,1,skipped,完整变量样本数小于 min_cross_section_n
FAC_rank_vol_m12_n6_pairwise1,2006-08-31,FAC_rank_vol_m12_n6_pairwise1,,1,skipped,完整变量样本数小于 min_cross_section_n
FAC_rank_vol_m12_n6_pairwise1,2006-08-31,CtrlRetSTR,,1,skipped,完整变量样本数小于 min_cross_section_n
FAC_rank_vol_m12_n6_pairwise1,2006-08-31,CtrlRetLTM,,1,skipped,完整变量样本数小于 min_cross_section_n
FAC_rank_vol_m12_n6_pairwise1,2006-08-31,CtrlVol,,1,skipped,完整变量样本数小于 min_cross_section_n
FAC_rank_vol_m12_n6_pairwise1,2006-08-31,as_偏股混合型基金,,1,skipped,完整变量样本数小于 min_cross_section_n
FAC_rank_vol_m12_n6_pairwise1,2006-08-31,Ctrl_log_fund_size,,1,skipped,完整变量样本数小于 min_cross_section_n
FAC_rank_vol_m12_n6_pairwise1,2006-08-31,Ctrl_fund_age,,1,skipped,完整变量样本数小于 min_cross_section_n
FAC_rank_vol_m12_n6_pairwise1,2006-09-29,FAC_rank_vol_m12_n6_pairwise1,,1,skipped,完整变量样本数小于 min_cross_section_n
FAC_rank_vol_m12_n6_pairwise1,2006-09-29,CtrlRetSTR,,1,skipped,完整变量样本数小于 min_cross_section_n
FAC_rank_vol_m12_n6_pairwise1,2006-09-29,CtrlRetLTM,,1,skipped,完整变量样本数小于 min_cross_section_n
FAC_rank_vol_m12_n6_pairwise1,2006-09-29,CtrlVol,,1,skipped,完整变量样本数小于 min_cross_section_n
FAC_rank_vol_m12_n6_pairwise1,2006-09-29,as_偏股混合型基金,,1,skipped,完整变量样本数小于 min_cross_section_n
FAC_rank_vol_m12_n6_pairwise1,2006-09-29,Ctrl_log_fund_size,,1,skipped,完整变量样本数小于 min_cross_section_n
FAC_rank_vol_m12_n6_pairwise1,2006-09-29,Ctrl_fund_age,,1,skipped,完整变量样本数小于 min_cross_section_n
FAC_rank_vol_m12_n6_pairwise1,2006-10-31,FAC_rank_vol_m12_n6_pairwise1,,1,skipped,完整变量样本数小于 min_cross_section_n
FAC_rank_vol_m12_n6_pairwise1,2006-10-31,CtrlRetSTR,,1,skipped,完整变量样本数小于 min_cross_section_n
FAC_rank_vol_m12_n6_pairwise1,2006-10-31,CtrlRetLTM,,1,skipped,完整变量样本数小于 min_cross_section_n
FAC_rank_vol_m12_n6_pairwise1,2006-10-31,CtrlVol,,1,skipped,完整变量样本数小于 min_cross_section_n
FAC_rank_vol_m12_n6_pairwise1,2006-10-31,as_偏股混合型基金,,1,skipped,完整变量样本数小于 min_cross_section_n
FAC_rank_vol_m12_n6_pairwise1,2006-10-31,Ctrl_log_fund_size,,1,skipped,完整变量样本数小于 min_cross_section_n
FAC_rank_vol_m12_n6_pairwise1,2006-10-31,Ctrl_fund_age,,1,skipped,完整变量样本数小于 min_cross_section_n
FAC_rank_vol_m12_n6_pairwise1,2006-11-30,FAC_rank_vol_m12_n6_pairwise1,,1,skipped,完整变量样本数小于 min_cross_section_n
FAC_rank_vol_m12_n6_pairwise1,2006-11-30,CtrlRetSTR,,1,skipped,完整变量样本数小于 min_cross_section_n
FAC_rank_vol_m12_n6_pairwise1,2006-11-30,CtrlRetLTM,,1,skipped,完整变量样本数小于 min_cross_section_n
FAC_rank_vol_m12_n6_pairwise1,2006-11-30,CtrlVol,,1,skipped,完整变量样本数小于 min_cross_section_n
FAC_rank_vol_m12_n6_pairwise1,2006-11-30,as_偏股混合型基金,,1,skipped,完整变量样本数小于 min_cross_section_n
FAC_rank_vol_m12_n6_pairwise1,2006-11-30,Ctrl_log_fund_size,,1,skipped,完整变量样本数小于 min_cross_section_n
FAC_rank_vol_m12_n6_pairwise1,2006-11-30,Ctrl_fund_age,,1,skipped,完整变量样本数小于 min_cross_section_n
FAC_rank_vol_m12_n6_pairwise1,2006-12-29,FAC_rank_vol_m12_n6_pairwise1,,2,skipped,完整变量样本数小于 min_cross_section_n
FAC_rank_vol_m12_n6_pairwise1,2006-12-29,CtrlRetSTR,,2,skipped,完整变量样本数小于 min_cross_section_n
FAC_rank_vol_m12_n6_pairwise1,2006-12-29,CtrlRetLTM,,2,skipped,完整变量样本数小于 min_cross_section_n
FAC_rank_vol_m12_n6_pairwise1,2006-12-29,CtrlVol,,2,skipped,完整变量样本数小于 min_cross_section_n
FAC_rank_vol_m12_n6_pairwise1,2006-12-29,as_偏股混合型基金,,2,skipped,完整变量样本数小于 min_cross_section_n
FAC_rank_vol_m12_n6_pairwise1,2006-12-29,Ctrl_log_fund_size,,2,skipped,完整变量样本数小于 min_cross_section_n
FAC_rank_vol_m12_n6_pairwise1,2006-12-29,Ctrl_fund_age,,2,skipped,完整变量样本数小于 min_cross_section_n
FAC_rank_vol_m12_n6_pairwise1,2007-01-31,FAC_rank_vol_m12_n6_pairwise1,,2,skipped,完整变量样本数小于 min_cross_section_n
FAC_rank_vol_m12_n6_pairwise1,2007-01-31,CtrlRetSTR,,2,skipped,完整变量样本数小于 min_cross_section_n
FAC_rank_vol_m12_n6_pairwise1,2007-01-31,CtrlRetLTM,,2,skipped,完整变量样本数小于 min_cross_section_n
FAC_rank_vol_m12_n6_pairwise1,2007-01-31,CtrlVol,,2,skipped,完整变量样本数小于 min_cross_section_n
FAC_rank_vol_m12_n6_pairwise1,2007-01-31,as_偏股混合型基金,,2,skipped,完整变量样本数小于 min_cross_section_n
FAC_rank_vol_m12_n6_pairwise1,2007-01-31,Ctrl_log_fund_size,,2,skipped,完整变量样本数小于 min_cross_section_n
FAC_rank_vol_m12_n6_pairwise1,2007-01-31,Ctrl_fund_age,,2,skipped,完整变量样本数小于 min_cross_section_n
FAC_rank_vol_m12_n6_pairwise1,2007-02-28,FAC_rank_vol_m12_n6_pairwise1,,2,skipped,完整变量样本数小于 min_cross_section_n
FAC_rank_vol_m12_n6_pairwise1,2007-02-28,CtrlRetSTR,,2,skipped,完整变量样本数小于 min_cross_section_n
FAC_rank_vol_m12_n6_pairwise1,2007-02-28,CtrlRetLTM,,2,skipped,完整变量样本数小于 min_cross_section_n
FAC_rank_vol_m12_n6_pairwise1,2007-02-28,CtrlVol,,2,skipped,完整变量样本数小于 min_cross_section_n
FAC_rank_vol_m12_n6_pairwise1,2007-02-28,as_偏股混合型基金,,2,skipped,完整变量样本数小于 min_cross_section_n
FAC_rank_vol_m12_n6_pairwise1,2007-02-28,Ctrl_log_fund_size,,2,skipped,完整变量样本数小于 min_cross_section_n
FAC_rank_vol_m12_n6_pairwise1,2007-02-28,Ctrl_fund_age,,2,skipped,完整变量样本数小于 min_cross_section_n
FAC_rank_vol_m12_n6_pairwise1,2007-03-30,FAC_rank_vol_m12_n6_pairwise1,,2,skipped,完整变量样本数小于 min_cross_section_n
FAC_rank_vol_m12_n6_pairwise1,2007-03-30,CtrlRetSTR,,2,skipped,完整变量样本数小于 min_cross_section_n
FAC_rank_vol_m12_n6_pairwise1,2007-03-30,CtrlRetLTM,,2,skipped,完整变量样本数小于 min_cross_section_n
FAC_rank_vol_m12_n6_pairwise1,2007-03-30,CtrlVol,,2,skipped,完整变量样本数小于 min_cross_section_n
FAC_rank_vol_m12_n6_pairwise1,2007-03-30,as_偏股混合型基金,,2,skipped,完整变量样本数小于 min_cross_section_n
FAC_rank_vol_m12_n6_pairwise1,2007-03-30,Ctrl_log_fund_size,,2,skipped,完整变量样本数小于 min_cross_section_n
FAC_rank_vol_m12_n6_pairwise1,2007-03-30,Ctrl_fund_age,,2,skipped,完整变量样本数小于 min_cross_section_n
FAC_rank_vol_m12_n6_pairwise1,2007-04-30,FAC_rank_vol_m12_n6_pairwise1,,2,skipped,完整变量样本数小于 min_cross_section_n
FAC_rank_vol_m12_n6_pairwise1,2007-04-30,CtrlRetSTR,,2,skipped,完整变量样本数小于 min_cross_section_n
FAC_rank_vol_m12_n6_pairwise1,2007-04-30,CtrlRetLTM,,2,skipped,完整变量样本数小于 min_cross_section_n
FAC_rank_vol_m12_n6_pairwise1,2007-04-30,CtrlVol,,2,skipped,完整变量样本数小于 min_cross_section_n
FAC_rank_vol_m12_n6_pairwise1,2007-04-30,as_偏股混合型基金,,2,skipped,完整变量样本数小于 min_cross_section_n
FAC_rank_vol_m12_n6_pairwise1,2007-04-30,Ctrl_log_fund_size,,2,skipped,完整变量样本数小于 min_cross_section_n
FAC_rank_vol_m12_n6_pairwise1,2007-04-30,Ctrl_fund_age,,2,skipped,完整变量样本数小于 min_cross_section_n
FAC_rank_vol_m12_n6_pairwise1,2007-05-31,FAC_rank_vol_m12_n6_pairwise1,,2,skipped,完整变量样本数小于 min_cross_section_n
FAC_rank_vol_m12_n6_pairwise1,2007-05-31,CtrlRetSTR,,2,skipped,完整变量样本数小于 min_cross_section_n
FAC_rank_vol_m12_n6_pairwise1,2007-05-31,CtrlRetLTM,,2,skipped,完整变量样本数小于 min_cross_section_n
FAC_rank_vol_m12_n6_pairwise1,2007-05-31,CtrlVol,,2,skipped,完整变量样本数小于 min_cross_section_n
FAC_rank_vol_m12_n6_pairwise1,2007-05-31,as_偏股混合型基金,,2,skipped,完整变量样本数小于 min_cross_section_n
FAC_rank_vol_m12_n6_pairwise1,2007-05-31,Ctrl_log_fund_size,,2,skipped,完整变量样本数小于 min_cross_section_n
FAC_rank_vol_m12_n6_pairwise1,2007-05-31,Ctrl_fund_age,,2,skipped,完整变量样本数小于 min_cross_section_n
FAC_rank_vol_m12_n6_pairwise1,2007-06-29,FAC_rank_vol_m12_n6_pairwise1,,2,skipped,完整变量样本数小于 min_cross_section_n
FAC_rank_vol_m12_n6_pairwise1,2007-06-29,CtrlRetSTR,,2,skipped,完整变量样本数小于 min_cross_section_n
FAC_rank_vol_m12_n6_pairwise1,2007-06-29,CtrlRetLTM,,2,skipped,完整变量样本数小于 min_cross_section_n
FAC_rank_vol_m12_n6_pairwise1,2007-06-29,CtrlVol,,2,skipped,完整变量样本数小于 min_cross_section_n
FAC_rank_vol_m12_n6_pairwise1,2007-06-29,as_偏股混合型基金,,2,skipped,完整变量样本数小于 min_cross_section_n
FAC_rank_vol_m12_n6_pairwise1,2007-06-29,Ctrl_log_fund_size,,2,skipped,完整变量样本数小于 min_cross_section_n
FAC_rank_vol_m12_n6_pairwise1,2007-06-29,Ctrl_fund_age,,2,skipped,完整变量样本数小于 min_cross_section_n
FAC_rank_vol_m12_n6_pairwise1,2007-07-31,FAC_rank_vol_m12_n6_pairwise1,,2,skipped,完整变量样本数小于 min_cross_section_n
FAC_rank_vol_m12_n6_pairwise1,2007-07-31,CtrlRetSTR,,2,skipped,完整变量样本数小于 min_cross_section_n
FAC_rank_vol_m12_n6_pairwise1,2007-07-31,CtrlRetLTM,,2,skipped,完整变量样本数小于 min_cross_section_n
FAC_rank_vol_m12_n6_pairwise1,2007-07-31,CtrlVol,,2,skipped,完整变量样本数小于 min_cross_section_n
FAC_rank_vol_m12_n6_pairwise1,2007-07-31,as_偏股混合型基金,,2,skipped,完整变量样本数小于 min_cross_section_n
FAC_rank_vol_m12_n6_pairwise1,2007-07-31,Ctrl_log_fund_size,,2,skipped,完整变量样本数小于 min_cross_section_n
FAC_rank_vol_m12_n6_pairwise1,2007-07-31,Ctrl_fund_age,,2,skipped,完整变量样本数小于 min_cross_section_n
FAC_rank_vol_m12_n6_pairwise1,2007-08-31,FAC_rank_vol_m12_n6_pairwise1,,2,skipped,完整变量样本数小于 min_cross_section_n
FAC_rank_vol_m12_n6_pairwise1,2007-08-31,CtrlRetSTR,,2,skipped,完整变量样本数小于 min_cross_section_n
FAC_rank_vol_m12_n6_pairwise1,2007-08-31,CtrlRetLTM,,2,skipped,完整变量样本数小于 min_cross_section_n
FAC_rank_vol_m12_n6_pairwise1,2007-08-31,CtrlVol,,2,skipped,完整变量样本数小于 min_cross_section_n
FAC_rank_vol_m12_n6_pairwise1,2007-08-31,as_偏股混合型基金,,2,skipped,完整变量样本数小于 min_cross_section_n
FAC_rank_vol_m12_n6_pairwise1,2007-08-31,Ctrl_log_fund_size,,2,skipped,完整变量样本数小于 min_cross_section_n
FAC_rank_vol_m12_n6_pairwise1,2007-08-31,Ctrl_fund_age,,2,skipped,完整变量样本数小于 min_cross_section_n
FAC_rank_vol_m12_n6_pairwise1,2007-09-28,FAC_rank_vol_m12_n6_pairwise1,,2,skipped,完整变量样本数小于 min_cross_section_n
FAC_rank_vol_m12_n6_pairwise1,2007-09-28,CtrlRetSTR,,2,skipped,完整变量样本数小于 min_cross_section_n
FAC_rank_vol_m12_n6_pairwise1,2007-09-28,CtrlRetLTM,,2,skipped,完整变量样本数小于 min_cross_section_n
FAC_rank_vol_m12_n6_pairwise1,2007-09-28,CtrlVol,,2,skipped,完整变量样本数小于 min_cross_section_n
FAC_rank_vol_m12_n6_pairwise1,2007-09-28,as_偏股混合型基金,,2,skipped,完整变量样本数小于 min_cross_section_n
FAC_rank_vol_m12_n6_pairwise1,2007-09-28,Ctrl_log_fund_size,,2,skipped,完整变量样本数小于 min_cross_section_n
FAC_rank_vol_m12_n6_pairwise1,2007-09-28,Ctrl_fund_age,,2,skipped,完整变量样本数小于 min_cross_section_n
FAC_rank_vol_m12_n6_pairwise1,2007-10-31,FAC_rank_vol_m12_n6_pairwise1,,2,skipped,完整变量样本数小于 min_cross_section_n
FAC_rank_vol_m12_n6_pairwise1,2007-10-31,CtrlRetSTR,,2,skipped,完整变量样本数小于 min_cross_section_n
FAC_rank_vol_m12_n6_pairwise1,2007-10-31,CtrlRetLTM,,2,skipped,完整变量样本数小于 min_cross_section_n
FAC_rank_vol_m12_n6_pairwise1,2007-10-31,CtrlVol,,2,skipped,完整变量样本数小于 min_cross_section_n
FAC_rank_vol_m12_n6_pairwise1,2007-10-31,as_偏股混合型基金,,2,skipped,完整变量样本数小于 min_cross_section_n
FAC_rank_vol_m12_n6_pairwise1,2007-10-31,Ctrl_log_fund_size,,2,skipped,完整变量样本数小于 min_cross_section_n
FAC_rank_vol_m12_n6_pairwise1,2007-10-31,Ctrl_fund_age,,2,skipped,完整变量样本数小于 min_cross_section_n
FAC_rank_vol_m12_n6_pairwise1,2007-11-30,FAC_rank_vol_m12_n6_pairwise1,,2,skipped,完整变量样本数小于 min_cross_section_n
FAC_rank_vol_m12_n6_pairwise1,2007-11-30,CtrlRetSTR,,2,skipped,完整变量样本数小于 min_cross_section_n
FAC_rank_vol_m12_n6_pairwise1,2007-11-30,CtrlRetLTM,,2,skipped,完整变量样本数小于 min_cross_section_n
FAC_rank_vol_m12_n6_pairwise1,2007-11-30,CtrlVol,,2,skipped,完整变量样本数小于 min_cross_section_n
FAC_rank_vol_m12_n6_pairwise1,2007-11-30,as_偏股混合型基金,,2,skipped,完整变量样本数小于 min_cross_section_n
FAC_rank_vol_m12_n6_pairwise1,2007-11-30,Ctrl_log_fund_size,,2,skipped,完整变量样本数小于 min_cross_section_n
FAC_rank_vol_m12_n6_pairwise1,2007-11-30,Ctrl_fund_age,,2,skipped,完整变量样本数小于 min_cross_section_n
FAC_rank_vol_m12_n6_pairwise1,2007-12-28,FAC_rank_vol_m12_n6_pairwise1,,2,skipped,完整变量样本数小于 min_cross_section_n
FAC_rank_vol_m12_n6_pairwise1,2007-12-28,CtrlRetSTR,,2,skipped,完整变量样本数小于 min_cross_section_n
FAC_rank_vol_m12_n6_pairwise1,2007-12-28,CtrlRetLTM,,2,skipped,完整变量样本数小于 min_cross_section_n
FAC_rank_vol_m12_n6_pairwise1,2007-12-28,CtrlVol,,2,skipped,完整变量样本数小于 min_cross_section_n
FAC_rank_vol_m12_n6_pairwise1,2007-12-28,as_偏股混合型基金,,2,skipped,完整变量样本数小于 min_cross_section_n
FAC_rank_vol_m12_n6_pairwise1,2007-12-28,Ctrl_log_fund_size,,2,skipped,完整变量样本数小于 min_cross_section_n
FAC_rank_vol_m12_n6_pairwise1,2007-12-28,Ctrl_fund_age,,2,skipped,完整变量样本数小于 min_cross_section_n
FAC_rank_vol_m12_n6_pairwise1,2008-01-31,FAC_rank_vol_m12_n6_pairwise1,,2,skipped,完整变量样本数小于 min_cross_section_n
FAC_rank_vol_m12_n6_pairwise1,2008-01-31,CtrlRetSTR,,2,skipped,完整变量样本数小于 min_cross_section_n
FAC_rank_vol_m12_n6_pairwise1,2008-01-31,CtrlRetLTM,,2,skipped,完整变量样本数小于 min_cross_section_n
FAC_rank_vol_m12_n6_pairwise1,2008-01-31,CtrlVol,,2,skipped,完整变量样本数小于 min_cross_section_n
FAC_rank_vol_m12_n6_pairwise1,2008-01-31,as_偏股混合型基金,,2,skipped,完整变量样本数小于 min_cross_section_n
FAC_rank_vol_m12_n6_pairwise1,2008-01-31,Ctrl_log_fund_size,,2,skipped,完整变量样本数小于 min_cross_section_n
FAC_rank_vol_m12_n6_pairwise1,2008-01-31,Ctrl_fund_age,,2,skipped,完整变量样本数小于 min_cross_section_n
FAC_rank_vol_m12_n6_pairwise1,2008-02-29,FAC_rank_vol_m12_n6_pairwise1,,2,skipped,完整变量样本数小于 min_cross_section_n
FAC_rank_vol_m12_n6_pairwise1,2008-02-29,CtrlRetSTR,,2,skipped,完整变量样本数小于 min_cross_section_n
FAC_rank_vol_m12_n6_pairwise1,2008-02-29,CtrlRetLTM,,2,skipped,完整变量样本数小于 min_cross_section_n
FAC_rank_vol_m12_n6_pairwise1,2008-02-29,CtrlVol,,2,skipped,完整变量样本数小于 min_cross_section_n
FAC_rank_vol_m12_n6_pairwise1,2008-02-29,as_偏股混合型基金,,2,skipped,完整变量样本数小于 min_cross_section_n
FAC_rank_vol_m12_n6_pairwise1,2008-02-29,Ctrl_log_fund_size,,2,skipped,完整变量样本数小于 min_cross_section_n
FAC_rank_vol_m12_n6_pairwise1,2008-02-29,Ctrl_fund_age,,2,skipped,完整变量样本数小于 min_cross_section_n
FAC_rank_vol_m12_n6_pairwise1,2008-03-31,FAC_rank_vol_m12_n6_pairwise1,,2,skipped,完整变量样本数小于 min_cross_section_n
FAC_rank_vol_m12_n6_pairwise1,2008-03-31,CtrlRetSTR,,2,skipped,完整变量样本数小于 min_cross_section_n
FAC_rank_vol_m12_n6_pairwise1,2008-03-31,CtrlRetLTM,,2,skipped,完整变量样本数小于 min_cross_section_n
FAC_rank_vol_m12_n6_pairwise1,2008-03-31,CtrlVol,,2,skipped,完整变量样本数小于 min_cross_section_n
FAC_rank_vol_m12_n6_pairwise1,2008-03-31,as_偏股混合型基金,,2,skipped,完整变量样本数小于 min_cross_section_n
FAC_rank_vol_m12_n6_pairwise1,2008-03-31,Ctrl_log_fund_size,,2,skipped,完整变量样本数小于 min_cross_section_n
FAC_rank_vol_m12_n6_pairwise1,2008-03-31,Ctrl_fund_age,,2,skipped,完整变量样本数小于 min_cross_section_n
FAC_rank_vol_m12_n6_pairwise1,2008-04-30,FAC_rank_vol_m12_n6_pairwise1,,3,skipped,完整变量样本数小于 min_cross_section_n
FAC_rank_vol_m12_n6_pairwise1,2008-04-30,CtrlRetSTR,,3,skipped,完整变量样本数小于 min_cross_section_n
FAC_rank_vol_m12_n6_pairwise1,2008-04-30,CtrlRetLTM,,3,skipped,完整变量样本数小于 min_cross_section_n
FAC_rank_vol_m12_n6_pairwise1,2008-04-30,CtrlVol,,3,skipped,完整变量样本数小于 min_cross_section_n
FAC_rank_vol_m12_n6_pairwise1,2008-04-30,as_偏股混合型基金,,3,skipped,完整变量样本数小于 min_cross_section_n
FAC_rank_vol_m12_n6_pairwise1,2008-04-30,Ctrl_log_fund_size,,3,skipped,完整变量样本数小于 min_cross_section_n
FAC_rank_vol_m12_n6_pairwise1,2008-04-30,Ctrl_fund_age,,3,skipped,完整变量样本数小于 min_cross_section_n
FAC_rank_vol_m12_n6_pairwise1,2008-05-30,FAC_rank_vol_m12_n6_pairwise1,,4,skipped,完整变量样本数小于 min_cross_section_n
FAC_rank_vol_m12_n6_pairwise1,2008-05-30,CtrlRetSTR,,4,skipped,完整变量样本数小于 min_cross_section_n
FAC_rank_vol_m12_n6_pairwise1,2008-05-30,CtrlRetLTM,,4,skipped,完整变量样本数小于 min_cross_section_n
FAC_rank_vol_m12_n6_pairwise1,2008-05-30,CtrlVol,,4,skipped,完整变量样本数小于 min_cross_section_n
FAC_rank_vol_m12_n6_pairwise1,2008-05-30,as_偏股混合型基金,,4,skipped,完整变量样本数小于 min_cross_section_n
FAC_rank_vol_m12_n6_pairwise1,2008-05-30,Ctrl_log_fund_size,,4,skipped,完整变量样本数小于 min_cross_section_n
FAC_rank_vol_m12_n6_pairwise1,2008-05-30,Ctrl_fund_age,,4,skipped,完整变量样本数小于 min_cross_section_n
FAC_rank_vol_m12_n6_pairwise1,2008-06-30,FAC_rank_vol_m12_n6_pairwise1,,4,skipped,完整变量样本数小于 min_cross_section_n
FAC_rank_vol_m12_n6_pairwise1,2008-06-30,CtrlRetSTR,,4,skipped,完整变量样本数小于 min_cross_section_n
FAC_rank_vol_m12_n6_pairwise1,2008-06-30,CtrlRetLTM,,4,skipped,完整变量样本数小于 min_cross_section_n
FAC_rank_vol_m12_n6_pairwise1,2008-06-30,CtrlVol,,4,skipped,完整变量样本数小于 min_cross_section_n
FAC_rank_vol_m12_n6_pairwise1,2008-06-30,as_偏股混合型基金,,4,skipped,完整变量样本数小于 min_cross_section_n
FAC_rank_vol_m12_n6_pairwise1,2008-06-30,Ctrl_log_fund_size,,4,skipped,完整变量样本数小于 min_cross_section_n
FAC_rank_vol_m12_n6_pairwise1,2008-06-30,Ctrl_fund_age,,4,skipped,完整变量样本数小于 min_cross_section_n
FAC_rank_vol_m12_n6_pairwise1,2008-07-31,FAC_rank_vol_m12_n6_pairwise1,,4,skipped,完整变量样本数小于 min_cross_section_n
FAC_rank_vol_m12_n6_pairwise1,2008-07-31,CtrlRetSTR,,4,skipped,完整变量样本数小于 min_cross_section_n
FAC_rank_vol_m12_n6_pairwise1,2008-07-31,CtrlRetLTM,,4,skipped,完整变量样本数小于 min_cross_section_n
FAC_rank_vol_m12_n6_pairwise1,2008-07-31,CtrlVol,,4,skipped,完整变量样本数小于 min_cross_section_n
FAC_rank_vol_m12_n6_pairwise1,2008-07-31,as_偏股混合型基金,,4,skipped,完整变量样本数小于 min_cross_section_n
FAC_rank_vol_m12_n6_pairwise1,2008-07-31,Ctrl_log_fund_size,,4,skipped,完整变量样本数小于 min_cross_section_n
FAC_rank_vol_m12_n6_pairwise1,2008-07-31,Ctrl_fund_age,,4,skipped,完整变量样本数小于 min_cross_section_n
FAC_rank_vol_m12_n6_pairwise1,2008-08-29,FAC_rank_vol_m12_n6_pairwise1,,4,skipped,完整变量样本数小于 min_cross_section_n
FAC_rank_vol_m12_n6_pairwise1,2008-08-29,CtrlRetSTR,,4,skipped,完整变量样本数小于 min_cross_section_n
FAC_rank_vol_m12_n6_pairwise1,2008-08-29,CtrlRetLTM,,4,skipped,完整变量样本数小于 min_cross_section_n
FAC_rank_vol_m12_n6_pairwise1,2008-08-29,CtrlVol,,4,skipped,完整变量样本数小于 min_cross_section_n
FAC_rank_vol_m12_n6_pairwise1,2008-08-29,as_偏股混合型基金,,4,skipped,完整变量样本数小于 min_cross_section_n
FAC_rank_vol_m12_n6_pairwise1,2008-08-29,Ctrl_log_fund_size,,4,skipped,完整变量样本数小于 min_cross_section_n
FAC_rank_vol_m12_n6_pairwise1,2008-08-29,Ctrl_fund_age,,4,skipped,完整变量样本数小于 min_cross_section_n
FAC_rank_vol_m12_n6_pairwise1,2008-09-26,FAC_rank_vol_m12_n6_pairwise1,,5,skipped,完整变量样本数小于 min_cross_section_n
FAC_rank_vol_m12_n6_pairwise1,2008-09-26,CtrlRetSTR,,5,skipped,完整变量样本数小于 min_cross_section_n
FAC_rank_vol_m12_n6_pairwise1,2008-09-26,CtrlRetLTM,,5,skipped,完整变量样本数小于 min_cross_section_n
FAC_rank_vol_m12_n6_pairwise1,2008-09-26,CtrlVol,,5,skipped,完整变量样本数小于 min_cross_section_n
FAC_rank_vol_m12_n6_pairwise1,2008-09-26,as_偏股混合型基金,,5,skipped,完整变量样本数小于 min_cross_section_n
FAC_rank_vol_m12_n6_pairwise1,2008-09-26,Ctrl_log_fund_size,,5,skipped,完整变量样本数小于 min_cross_section_n
FAC_rank_vol_m12_n6_pairwise1,2008-09-26,Ctrl_fund_age,,5,skipped,完整变量样本数小于 min_cross_section_n
FAC_rank_vol_m12_n6_pairwise1,2008-10-31,FAC_rank_vol_m12_n6_pairwise1,,5,skipped,完整变量样本数小于 min_cross_section_n
FAC_rank_vol_m12_n6_pairwise1,2008-10-31,CtrlRetSTR,,5,skipped,完整变量样本数小于 min_cross_section_n
FAC_rank_vol_m12_n6_pairwise1,2008-10-31,CtrlRetLTM,,5,skipped,完整变量样本数小于 min_cross_section_n
FAC_rank_vol_m12_n6_pairwise1,2008-10-31,CtrlVol,,5,skipped,完整变量样本数小于 min_cross_section_n
FAC_rank_vol_m12_n6_pairwise1,2008-10-31,as_偏股混合型基金,,5,skipped,完整变量样本数小于 min_cross_section_n
FAC_rank_vol_m12_n6_pairwise1,2008-10-31,Ctrl_log_fund_size,,5,skipped,完整变量样本数小于 min_cross_section_n
FAC_rank_vol_m12_n6_pairwise1,2008-10-31,Ctrl_fund_age,,5,skipped,完整变量样本数小于 min_cross_section_n
FAC_rank_vol_m12_n6_pairwise1,2008-11-28,FAC_rank_vol_m12_n6_pairwise1,,7,skipped,完整变量样本数小于 min_cross_section_n
FAC_rank_vol_m12_n6_pairwise1,2008-11-28,CtrlRetSTR,,7,skipped,完整变量样本数小于 min_cross_section_n
FAC_rank_vol_m12_n6_pairwise1,2008-11-28,CtrlRetLTM,,7,skipped,完整变量样本数小于 min_cross_section_n
FAC_rank_vol_m12_n6_pairwise1,2008-11-28,CtrlVol,,7,skipped,完整变量样本数小于 min_cross_section_n
FAC_rank_vol_m12_n6_pairwise1,2008-11-28,as_偏股混合型基金,,7,skipped,完整变量样本数小于 min_cross_section_n
FAC_rank_vol_m12_n6_pairwise1,2008-11-28,Ctrl_log_fund_size,,7,skipped,完整变量样本数小于 min_cross_section_n
FAC_rank_vol_m12_n6_pairwise1,2008-11-28,Ctrl_fund_age,,7,skipped,完整变量样本数小于 min_cross_section_n
FAC_rank_vol_m12_n6_pairwise1,2008-12-31,FAC_rank_vol_m12_n6_pairwise1,,7,skipped,完整变量样本数小于 min_cross_section_n
FAC_rank_vol_m12_n6_pairwise1,2008-12-31,CtrlRetSTR,,7,skipped,完整变量样本数小于 min_cross_section_n
FAC_rank_vol_m12_n6_pairwise1,2008-12-31,CtrlRetLTM,,7,skipped,完整变量样本数小于 min_cross_section_n
FAC_rank_vol_m12_n6_pairwise1,2008-12-31,CtrlVol,,7,skipped,完整变量样本数小于 min_cross_section_n
FAC_rank_vol_m12_n6_pairwise1,2008-12-31,as_偏股混合型基金,,7,skipped,完整变量样本数小于 min_cross_section_n
FAC_rank_vol_m12_n6_pairwise1,2008-12-31,Ctrl_log_fund_size,,7,skipped,完整变量样本数小于 min_cross_section_n
FAC_rank_vol_m12_n6_pairwise1,2008-12-31,Ctrl_fund_age,,7,skipped,完整变量样本数小于 min_cross_section_n
FAC_rank_vol_m12_n6_pairwise1,2009-01-23,FAC_rank_vol_m12_n6_pairwise1,,7,skipped,完整变量样本数小于 min_cross_section_n
FAC_rank_vol_m12_n6_pairwise1,2009-01-23,CtrlRetSTR,,7,skipped,完整变量样本数小于 min_cross_section_n
FAC_rank_vol_m12_n6_pairwise1,2009-01-23,CtrlRetLTM,,7,skipped,完整变量样本数小于 min_cross_section_n
FAC_rank_vol_m12_n6_pairwise1,2009-01-23,CtrlVol,,7,skipped,完整变量样本数小于 min_cross_section_n
FAC_rank_vol_m12_n6_pairwise1,2009-01-23,as_偏股混合型基金,,7,skipped,完整变量样本数小于 min_cross_section_n
FAC_rank_vol_m12_n6_pairwise1,2009-01-23,Ctrl_log_fund_size,,7,skipped,完整变量样本数小于 min_cross_section_n
FAC_rank_vol_m12_n6_pairwise1,2009-01-23,Ctrl_fund_age,,7,skipped,完整变量样本数小于 min_cross_section_n
FAC_rank_vol_m12_n6_pairwise1,2009-02-27,FAC_rank_vol_m12_n6_pairwise1,,8,skipped,完整变量样本数小于 min_cross_section_n
FAC_rank_vol_m12_n6_pairwise1,2009-02-27,CtrlRetSTR,,8,skipped,完整变量样本数小于 min_cross_section_n
FAC_rank_vol_m12_n6_pairwise1,2009-02-27,CtrlRetLTM,,8,skipped,完整变量样本数小于 min_cross_section_n
FAC_rank_vol_m12_n6_pairwise1,2009-02-27,CtrlVol,,8,skipped,完整变量样本数小于 min_cross_section_n
FAC_rank_vol_m12_n6_pairwise1,2009-02-27,as_偏股混合型基金,,8,skipped,完整变量样本数小于 min_cross_section_n
FAC_rank_vol_m12_n6_pairwise1,2009-02-27,Ctrl_log_fund_size,,8,skipped,完整变量样本数小于 min_cross_section_n
FAC_rank_vol_m12_n6_pairwise1,2009-02-27,Ctrl_fund_age,,8,skipped,完整变量样本数小于 min_cross_section_n
FAC_rank_vol_m12_n6_pairwise1,2009-03-31,FAC_rank_vol_m12_n6_pairwise1,,7,skipped,完整变量样本数小于 min_cross_section_n
FAC_rank_vol_m12_n6_pairwise1,2009-03-31,CtrlRetSTR,,7,skipped,完整变量样本数小于 min_cross_section_n
FAC_rank_vol_m12_n6_pairwise1,2009-03-31,CtrlRetLTM,,7,skipped,完整变量样本数小于 min_cross_section_n
FAC_rank_vol_m12_n6_pairwise1,2009-03-31,CtrlVol,,7,skipped,完整变量样本数小于 min_cross_section_n
FAC_rank_vol_m12_n6_pairwise1,2009-03-31,as_偏股混合型基金,,7,skipped,完整变量样本数小于 min_cross_section_n
FAC_rank_vol_m12_n6_pairwise1,2009-03-31,Ctrl_log_fund_size,,7,skipped,完整变量样本数小于 min_cross_section_n
FAC_rank_vol_m12_n6_pairwise1,2009-03-31,Ctrl_fund_age,,7,skipped,完整变量样本数小于 min_cross_section_n
FAC_rank_vol_m12_n6_pairwise1,2009-04-30,FAC_rank_vol_m12_n6_pairwise1,,10,skipped,完整变量样本数小于 min_cross_section_n
FAC_rank_vol_m12_n6_pairwise1,2009-04-30,CtrlRetSTR,,10,skipped,完整变量样本数小于 min_cross_section_n
FAC_rank_vol_m12_n6_pairwise1,2009-04-30,CtrlRetLTM,,10,skipped,完整变量样本数小于 min_cross_section_n
FAC_rank_vol_m12_n6_pairwise1,2009-04-30,CtrlVol,,10,skipped,完整变量样本数小于 min_cross_section_n
FAC_rank_vol_m12_n6_pairwise1,2009-04-30,as_偏股混合型基金,,10,skipped,完整变量样本数小于 min_cross_section_n
FAC_rank_vol_m12_n6_pairwise1,2009-04-30,Ctrl_log_fund_size,,10,skipped,完整变量样本数小于 min_cross_section_n
FAC_rank_vol_m12_n6_pairwise1,2009-04-30,Ctrl_fund_age,,10,skipped,完整变量样本数小于 min_cross_section_n
FAC_rank_vol_m12_n6_pairwise1,2009-05-27,FAC_rank_vol_m12_n6_pairwise1,,10,skipped,完整变量样本数小于 min_cross_section_n
FAC_rank_vol_m12_n6_pairwise1,2009-05-27,CtrlRetSTR,,10,skipped,完整变量样本数小于 min_cross_section_n
FAC_rank_vol_m12_n6_pairwise1,2009-05-27,CtrlRetLTM,,10,skipped,完整变量样本数小于 min_cross_section_n
FAC_rank_vol_m12_n6_pairwise1,2009-05-27,CtrlVol,,10,skipped,完整变量样本数小于 min_cross_section_n
FAC_rank_vol_m12_n6_pairwise1,2009-05-27,as_偏股混合型基金,,10,skipped,完整变量样本数小于 min_cross_section_n
FAC_rank_vol_m12_n6_pairwise1,2009-05-27,Ctrl_log_fund_size,,10,skipped,完整变量样本数小于 min_cross_section_n
FAC_rank_vol_m12_n6_pairwise1,2009-05-27,Ctrl_fund_age,,10,skipped,完整变量样本数小于 min_cross_section_n
FAC_rank_vol_m12_n6_pairwise1,2009-06-30,FAC_rank_vol_m12_n6_pairwise1,,10,skipped,完整变量样本数小于 min_cross_section_n
FAC_rank_vol_m12_n6_pairwise1,2009-06-30,CtrlRetSTR,,10,skipped,完整变量样本数小于 min_cross_section_n
FAC_rank_vol_m12_n6_pairwise1,2009-06-30,CtrlRetLTM,,10,skipped,完整变量样本数小于 min_cross_section_n
FAC_rank_vol_m12_n6_pairwise1,2009-06-30,CtrlVol,,10,skipped,完整变量样本数小于 min_cross_section_n
FAC_rank_vol_m12_n6_pairwise1,2009-06-30,as_偏股混合型基金,,10,skipped,完整变量样本数小于 min_cross_section_n
FAC_rank_vol_m12_n6_pairwise1,2009-06-30,Ctrl_log_fund_size,,10,skipped,完整变量样本数小于 min_cross_section_n
FAC_rank_vol_m12_n6_pairwise1,2009-06-30,Ctrl_fund_age,,10,skipped,完整变量样本数小于 min_cross_section_n
FAC_rank_vol_m12_n6_pairwise1,2009-07-31,FAC_rank_vol_m12_n6_pairwise1,,10,skipped,完整变量样本数小于 min_cross_section_n
FAC_rank_vol_m12_n6_pairwise1,2009-07-31,CtrlRetSTR,,10,skipped,完整变量样本数小于 min_cross_section_n
FAC_rank_vol_m12_n6_pairwise1,2009-07-31,CtrlRetLTM,,10,skipped,完整变量样本数小于 min_cross_section_n
FAC_rank_vol_m12_n6_pairwise1,2009-07-31,CtrlVol,,10,skipped,完整变量样本数小于 min_cross_section_n
FAC_rank_vol_m12_n6_pairwise1,2009-07-31,as_偏股混合型基金,,10,skipped,完整变量样本数小于 min_cross_section_n
FAC_rank_vol_m12_n6_pairwise1,2009-07-31,Ctrl_log_fund_size,,10,skipped,完整变量样本数小于 min_cross_section_n
FAC_rank_vol_m12_n6_pairwise1,2009-07-31,Ctrl_fund_age,,10,skipped,完整变量样本数小于 min_cross_section_n
FAC_rank_vol_m12_n6_pairwise1,2009-08-31,FAC_rank_vol_m12_n6_pairwise1,,10,skipped,完整变量样本数小于 min_cross_section_n
FAC_rank_vol_m12_n6_pairwise1,2009-08-31,CtrlRetSTR,,10,skipped,完整变量样本数小于 min_cross_section_n
FAC_rank_vol_m12_n6_pairwise1,2009-08-31,CtrlRetLTM,,10,skipped,完整变量样本数小于 min_cross_section_n
FAC_rank_vol_m12_n6_pairwise1,2009-08-31,CtrlVol,,10,skipped,完整变量样本数小于 min_cross_section_n
FAC_rank_vol_m12_n6_pairwise1,2009-08-31,as_偏股混合型基金,,10,skipped,完整变量样本数小于 min_cross_section_n
FAC_rank_vol_m12_n6_pairwise1,2009-08-31,Ctrl_log_fund_size,,10,skipped,完整变量样本数小于 min_cross_section_n
FAC_rank_vol_m12_n6_pairwise1,2009-08-31,Ctrl_fund_age,,10,skipped,完整变量样本数小于 min_cross_section_n
FAC_rank_vol_m12_n6_pairwise1,2009-09-30,FAC_rank_vol_m12_n6_pairwise1,,12,skipped,完整变量样本数小于 min_cross_section_n
FAC_rank_vol_m12_n6_pairwise1,2009-09-30,CtrlRetSTR,,12,skipped,完整变量样本数小于 min_cross_section_n
FAC_rank_vol_m12_n6_pairwise1,2009-09-30,CtrlRetLTM,,12,skipped,完整变量样本数小于 min_cross_section_n
FAC_rank_vol_m12_n6_pairwise1,2009-09-30,CtrlVol,,12,skipped,完整变量样本数小于 min_cross_section_n
FAC_rank_vol_m12_n6_pairwise1,2009-09-30,as_偏股混合型基金,,12,skipped,完整变量样本数小于 min_cross_section_n
FAC_rank_vol_m12_n6_pairwise1,2009-09-30,Ctrl_log_fund_size,,12,skipped,完整变量样本数小于 min_cross_section_n
FAC_rank_vol_m12_n6_pairwise1,2009-09-30,Ctrl_fund_age,,12,skipped,完整变量样本数小于 min_cross_section_n
FAC_rank_vol_m12_n6_pairwise1,2009-10-30,FAC_rank_vol_m12_n6_pairwise1,,13,skipped,完整变量样本数小于 min_cross_section_n
FAC_rank_vol_m12_n6_pairwise1,2009-10-30,CtrlRetSTR,,13,skipped,完整变量样本数小于 min_cross_section_n
FAC_rank_vol_m12_n6_pairwise1,2009-10-30,CtrlRetLTM,,13,skipped,完整变量样本数小于 min_cross_section_n
FAC_rank_vol_m12_n6_pairwise1,2009-10-30,CtrlVol,,13,skipped,完整变量样本数小于 min_cross_section_n
FAC_rank_vol_m12_n6_pairwise1,2009-10-30,as_偏股混合型基金,,13,skipped,完整变量样本数小于 min_cross_section_n
FAC_rank_vol_m12_n6_pairwise1,2009-10-30,Ctrl_log_fund_size,,13,skipped,完整变量样本数小于 min_cross_section_n
FAC_rank_vol_m12_n6_pairwise1,2009-10-30,Ctrl_fund_age,,13,skipped,完整变量样本数小于 min_cross_section_n
FAC_rank_vol_m12_n6_pairwise1,2009-11-30,FAC_rank_vol_m12_n6_pairwise1,,14,skipped,完整变量样本数小于 min_cross_section_n
FAC_rank_vol_m12_n6_pairwise1,2009-11-30,CtrlRetSTR,,14,skipped,完整变量样本数小于 min_cross_section_n
FAC_rank_vol_m12_n6_pairwise1,2009-11-30,CtrlRetLTM,,14,skipped,完整变量样本数小于 min_cross_section_n
FAC_rank_vol_m12_n6_pairwise1,2009-11-30,CtrlVol,,14,skipped,完整变量样本数小于 min_cross_section_n
FAC_rank_vol_m12_n6_pairwise1,2009-11-30,as_偏股混合型基金,,14,skipped,完整变量样本数小于 min_cross_section_n
FAC_rank_vol_m12_n6_pairwise1,2009-11-30,Ctrl_log_fund_size,,14,skipped,完整变量样本数小于 min_cross_section_n
FAC_rank_vol_m12_n6_pairwise1,2009-11-30,Ctrl_fund_age,,14,skipped,完整变量样本数小于 min_cross_section_n
FAC_rank_vol_m12_n6_pairwise1,2009-12-31,FAC_rank_vol_m12_n6_pairwise1,,13,skipped,完整变量样本数小于 min_cross_section_n
FAC_rank_vol_m12_n6_pairwise1,2009-12-31,CtrlRetSTR,,13,skipped,完整变量样本数小于 min_cross_section_n
FAC_rank_vol_m12_n6_pairwise1,2009-12-31,CtrlRetLTM,,13,skipped,完整变量样本数小于 min_cross_section_n
FAC_rank_vol_m12_n6_pairwise1,2009-12-31,CtrlVol,,13,skipped,完整变量样本数小于 min_cross_section_n
FAC_rank_vol_m12_n6_pairwise1,2009-12-31,as_偏股混合型基金,,13,skipped,完整变量样本数小于 min_cross_section_n
FAC_rank_vol_m12_n6_pairwise1,2009-12-31,Ctrl_log_fund_size,,13,skipped,完整变量样本数小于 min_cross_section_n
FAC_rank_vol_m12_n6_pairwise1,2009-12-31,Ctrl_fund_age,,13,skipped,完整变量样本数小于 min_cross_section_n
FAC_rank_vol_m12_n6_pairwise1,2010-01-29,FAC_rank_vol_m12_n6_pairwise1,,15,skipped,完整变量样本数小于 min_cross_section_n
FAC_rank_vol_m12_n6_pairwise1,2010-01-29,CtrlRetSTR,,15,skipped,完整变量样本数小于 min_cross_section_n
FAC_rank_vol_m12_n6_pairwise1,2010-01-29,CtrlRetLTM,,15,skipped,完整变量样本数小于 min_cross_section_n
FAC_rank_vol_m12_n6_pairwise1,2010-01-29,CtrlVol,,15,skipped,完整变量样本数小于 min_cross_section_n
FAC_rank_vol_m12_n6_pairwise1,2010-01-29,as_偏股混合型基金,,15,skipped,完整变量样本数小于 min_cross_section_n
FAC_rank_vol_m12_n6_pairwise1,2010-01-29,Ctrl_log_fund_size,,15,skipped,完整变量样本数小于 min_cross_section_n
FAC_rank_vol_m12_n6_pairwise1,2010-01-29,Ctrl_fund_age,,15,skipped,完整变量样本数小于 min_cross_section_n
FAC_rank_vol_m12_n6_pairwise1,2010-02-26,FAC_rank_vol_m12_n6_pairwise1,,17,skipped,完整变量样本数小于 min_cross_section_n
FAC_rank_vol_m12_n6_pairwise1,2010-02-26,CtrlRetSTR,,17,skipped,完整变量样本数小于 min_cross_section_n
FAC_rank_vol_m12_n6_pairwise1,2010-02-26,CtrlRetLTM,,17,skipped,完整变量样本数小于 min_cross_section_n
FAC_rank_vol_m12_n6_pairwise1,2010-02-26,CtrlVol,,17,skipped,完整变量样本数小于 min_cross_section_n
FAC_rank_vol_m12_n6_pairwise1,2010-02-26,as_偏股混合型基金,,17,skipped,完整变量样本数小于 min_cross_section_n
FAC_rank_vol_m12_n6_pairwise1,2010-02-26,Ctrl_log_fund_size,,17,skipped,完整变量样本数小于 min_cross_section_n
FAC_rank_vol_m12_n6_pairwise1,2010-02-26,Ctrl_fund_age,,17,skipped,完整变量样本数小于 min_cross_section_n
FAC_rank_vol_m12_n6_pairwise1,2010-03-31,FAC_rank_vol_m12_n6_pairwise1,,16,skipped,完整变量样本数小于 min_cross_section_n
FAC_rank_vol_m12_n6_pairwise1,2010-03-31,CtrlRetSTR,,16,skipped,完整变量样本数小于 min_cross_section_n
FAC_rank_vol_m12_n6_pairwise1,2010-03-31,CtrlRetLTM,,16,skipped,完整变量样本数小于 min_cross_section_n
FAC_rank_vol_m12_n6_pairwise1,2010-03-31,CtrlVol,,16,skipped,完整变量样本数小于 min_cross_section_n
FAC_rank_vol_m12_n6_pairwise1,2010-03-31,as_偏股混合型基金,,16,skipped,完整变量样本数小于 min_cross_section_n
FAC_rank_vol_m12_n6_pairwise1,2010-03-31,Ctrl_log_fund_size,,16,skipped,完整变量样本数小于 min_cross_section_n
FAC_rank_vol_m12_n6_pairwise1,2010-03-31,Ctrl_fund_age,,16,skipped,完整变量样本数小于 min_cross_section_n
FAC_rank_vol_m12_n6_pairwise1,2010-04-30,FAC_rank_vol_m12_n6_pairwise1,,17,skipped,完整变量样本数小于 min_cross_section_n
FAC_rank_vol_m12_n6_pairwise1,2010-04-30,CtrlRetSTR,,17,skipped,完整变量样本数小于 min_cross_section_n
FAC_rank_vol_m12_n6_pairwise1,2010-04-30,CtrlRetLTM,,17,skipped,完整变量样本数小于 min_cross_section_n
FAC_rank_vol_m12_n6_pairwise1,2010-04-30,CtrlVol,,17,skipped,完整变量样本数小于 min_cross_section_n
FAC_rank_vol_m12_n6_pairwise1,2010-04-30,as_偏股混合型基金,,17,skipped,完整变量样本数小于 min_cross_section_n
FAC_rank_vol_m12_n6_pairwise1,2010-04-30,Ctrl_log_fund_size,,17,skipped,完整变量样本数小于 min_cross_section_n
FAC_rank_vol_m12_n6_pairwise1,2010-04-30,Ctrl_fund_age,,17,skipped,完整变量样本数小于 min_cross_section_n
FAC_rank_vol_m12_n6_pairwise1,2010-05-31,FAC_rank_vol_m12_n6_pairwise1,,18,skipped,完整变量样本数小于 min_cross_section_n
FAC_rank_vol_m12_n6_pairwise1,2010-05-31,CtrlRetSTR,,18,skipped,完整变量样本数小于 min_cross_section_n
FAC_rank_vol_m12_n6_pairwise1,2010-05-31,CtrlRetLTM,,18,skipped,完整变量样本数小于 min_cross_section_n
FAC_rank_vol_m12_n6_pairwise1,2010-05-31,CtrlVol,,18,skipped,完整变量样本数小于 min_cross_section_n
FAC_rank_vol_m12_n6_pairwise1,2010-05-31,as_偏股混合型基金,,18,skipped,完整变量样本数小于 min_cross_section_n
FAC_rank_vol_m12_n6_pairwise1,2010-05-31,Ctrl_log_fund_size,,18,skipped,完整变量样本数小于 min_cross_section_n
FAC_rank_vol_m12_n6_pairwise1,2010-05-31,Ctrl_fund_age,,18,skipped,完整变量样本数小于 min_cross_section_n
FAC_rank_vol_m12_n6_pairwise1,2010-06-30,FAC_rank_vol_m12_n6_pairwise1,,19,skipped,完整变量样本数小于 min_cross_section_n
FAC_rank_vol_m12_n6_pairwise1,2010-06-30,CtrlRetSTR,,19,skipped,完整变量样本数小于 min_cross_section_n
FAC_rank_vol_m12_n6_pairwise1,2010-06-30,CtrlRetLTM,,19,skipped,完整变量样本数小于 min_cross_section_n
FAC_rank_vol_m12_n6_pairwise1,2010-06-30,CtrlVol,,19,skipped,完整变量样本数小于 min_cross_section_n
FAC_rank_vol_m12_n6_pairwise1,2010-06-30,as_偏股混合型基金,,19,skipped,完整变量样本数小于 min_cross_section_n
FAC_rank_vol_m12_n6_pairwise1,2010-06-30,Ctrl_log_fund_size,,19,skipped,完整变量样本数小于 min_cross_section_n
FAC_rank_vol_m12_n6_pairwise1,2010-06-30,Ctrl_fund_age,,19,skipped,完整变量样本数小于 min_cross_section_n
FAC_rank_vol_m12_n6_pairwise1,2010-07-30,FAC_rank_vol_m12_n6_pairwise1,,20,skipped,完整变量样本数小于 min_cross_section_n
FAC_rank_vol_m12_n6_pairwise1,2010-07-30,CtrlRetSTR,,20,skipped,完整变量样本数小于 min_cross_section_n
FAC_rank_vol_m12_n6_pairwise1,2010-07-30,CtrlRetLTM,,20,skipped,完整变量样本数小于 min_cross_section_n
FAC_rank_vol_m12_n6_pairwise1,2010-07-30,CtrlVol,,20,skipped,完整变量样本数小于 min_cross_section_n
FAC_rank_vol_m12_n6_pairwise1,2010-07-30,as_偏股混合型基金,,20,skipped,完整变量样本数小于 min_cross_section_n
FAC_rank_vol_m12_n6_pairwise1,2010-07-30,Ctrl_log_fund_size,,20,skipped,完整变量样本数小于 min_cross_section_n
FAC_rank_vol_m12_n6_pairwise1,2010-07-30,Ctrl_fund_age,,20,skipped,完整变量样本数小于 min_cross_section_n
FAC_rank_vol_m12_n6_pairwise1,2010-08-31,FAC_rank_vol_m12_n6_pairwise1,,18,skipped,完整变量样本数小于 min_cross_section_n
FAC_rank_vol_m12_n6_pairwise1,2010-08-31,CtrlRetSTR,,18,skipped,完整变量样本数小于 min_cross_section_n
FAC_rank_vol_m12_n6_pairwise1,2010-08-31,CtrlRetLTM,,18,skipped,完整变量样本数小于 min_cross_section_n
FAC_rank_vol_m12_n6_pairwise1,2010-08-31,CtrlVol,,18,skipped,完整变量样本数小于 min_cross_section_n
FAC_rank_vol_m12_n6_pairwise1,2010-08-31,as_偏股混合型基金,,18,skipped,完整变量样本数小于 min_cross_section_n
FAC_rank_vol_m12_n6_pairwise1,2010-08-31,Ctrl_log_fund_size,,18,skipped,完整变量样本数小于 min_cross_section_n
FAC_rank_vol_m12_n6_pairwise1,2010-08-31,Ctrl_fund_age,,18,skipped,完整变量样本数小于 min_cross_section_n
FAC_rank_vol_m12_n6_pairwise1,2010-09-30,FAC_rank_vol_m12_n6_pairwise1,,20,skipped,完整变量样本数小于 min_cross_section_n
FAC_rank_vol_m12_n6_pairwise1,2010-09-30,CtrlRetSTR,,20,skipped,完整变量样本数小于 min_cross_section_n
FAC_rank_vol_m12_n6_pairwise1,2010-09-30,CtrlRetLTM,,20,skipped,完整变量样本数小于 min_cross_section_n
FAC_rank_vol_m12_n6_pairwise1,2010-09-30,CtrlVol,,20,skipped,完整变量样本数小于 min_cross_section_n
FAC_rank_vol_m12_n6_pairwise1,2010-09-30,as_偏股混合型基金,,20,skipped,完整变量样本数小于 min_cross_section_n
FAC_rank_vol_m12_n6_pairwise1,2010-09-30,Ctrl_log_fund_size,,20,skipped,完整变量样本数小于 min_cross_section_n
FAC_rank_vol_m12_n6_pairwise1,2010-09-30,Ctrl_fund_age,,20,skipped,完整变量样本数小于 min_cross_section_n
FAC_rank_vol_m12_n6_pairwise1,2010-10-29,FAC_rank_vol_m12_n6_pairwise1,,18,skipped,完整变量样本数小于 min_cross_section_n
FAC_rank_vol_m12_n6_pairwise1,2010-10-29,CtrlRetSTR,,18,skipped,完整变量样本数小于 min_cross_section_n
FAC_rank_vol_m12_n6_pairwise1,2010-10-29,CtrlRetLTM,,18,skipped,完整变量样本数小于 min_cross_section_n
FAC_rank_vol_m12_n6_pairwise1,2010-10-29,CtrlVol,,18,skipped,完整变量样本数小于 min_cross_section_n
FAC_rank_vol_m12_n6_pairwise1,2010-10-29,as_偏股混合型基金,,18,skipped,完整变量样本数小于 min_cross_section_n
FAC_rank_vol_m12_n6_pairwise1,2010-10-29,Ctrl_log_fund_size,,18,skipped,完整变量样本数小于 min_cross_section_n
FAC_rank_vol_m12_n6_pairwise1,2010-10-29,Ctrl_fund_age,,18,skipped,完整变量样本数小于 min_cross_section_n
FAC_rank_vol_m12_n6_pairwise1,2010-11-30,FAC_rank_vol_m12_n6_pairwise1,,19,skipped,完整变量样本数小于 min_cross_section_n
FAC_rank_vol_m12_n6_pairwise1,2010-11-30,CtrlRetSTR,,19,skipped,完整变量样本数小于 min_cross_section_n
FAC_rank_vol_m12_n6_pairwise1,2010-11-30,CtrlRetLTM,,19,skipped,完整变量样本数小于 min_cross_section_n
FAC_rank_vol_m12_n6_pairwise1,2010-11-30,CtrlVol,,19,skipped,完整变量样本数小于 min_cross_section_n
FAC_rank_vol_m12_n6_pairwise1,2010-11-30,as_偏股混合型基金,,19,skipped,完整变量样本数小于 min_cross_section_n
FAC_rank_vol_m12_n6_pairwise1,2010-11-30,Ctrl_log_fund_size,,19,skipped,完整变量样本数小于 min_cross_section_n
FAC_rank_vol_m12_n6_pairwise1,2010-11-30,Ctrl_fund_age,,19,skipped,完整变量样本数小于 min_cross_section_n
FAC_rank_vol_m12_n6_pairwise1,2010-12-31,FAC_rank_vol_m12_n6_pairwise1,,21,skipped,完整变量样本数小于 min_cross_section_n
FAC_rank_vol_m12_n6_pairwise1,2010-12-31,CtrlRetSTR,,21,skipped,完整变量样本数小于 min_cross_section_n
FAC_rank_vol_m12_n6_pairwise1,2010-12-31,CtrlRetLTM,,21,skipped,完整变量样本数小于 min_cross_section_n
FAC_rank_vol_m12_n6_pairwise1,2010-12-31,CtrlVol,,21,skipped,完整变量样本数小于 min_cross_section_n
FAC_rank_vol_m12_n6_pairwise1,2010-12-31,as_偏股混合型基金,,21,skipped,完整变量样本数小于 min_cross_section_n
FAC_rank_vol_m12_n6_pairwise1,2010-12-31,Ctrl_log_fund_size,,21,skipped,完整变量样本数小于 min_cross_section_n
FAC_rank_vol_m12_n6_pairwise1,2010-12-31,Ctrl_fund_age,,21,skipped,完整变量样本数小于 min_cross_section_n
FAC_rank_vol_m12_n6_pairwise1,2011-01-31,FAC_rank_vol_m12_n6_pairwise1,,20,skipped,完整变量样本数小于 min_cross_section_n
FAC_rank_vol_m12_n6_pairwise1,2011-01-31,CtrlRetSTR,,20,skipped,完整变量样本数小于 min_cross_section_n
FAC_rank_vol_m12_n6_pairwise1,2011-01-31,CtrlRetLTM,,20,skipped,完整变量样本数小于 min_cross_section_n
FAC_rank_vol_m12_n6_pairwise1,2011-01-31,CtrlVol,,20,skipped,完整变量样本数小于 min_cross_section_n
FAC_rank_vol_m12_n6_pairwise1,2011-01-31,as_偏股混合型基金,,20,skipped,完整变量样本数小于 min_cross_section_n
FAC_rank_vol_m12_n6_pairwise1,2011-01-31,Ctrl_log_fund_size,,20,skipped,完整变量样本数小于 min_cross_section_n
FAC_rank_vol_m12_n6_pairwise1,2011-01-31,Ctrl_fund_age,,20,skipped,完整变量样本数小于 min_cross_section_n
FAC_rank_vol_m12_n6_pairwise1,2011-02-28,FAC_rank_vol_m12_n6_pairwise1,,20,skipped,完整变量样本数小于 min_cross_section_n
FAC_rank_vol_m12_n6_pairwise1,2011-02-28,CtrlRetSTR,,20,skipped,完整变量样本数小于 min_cross_section_n
FAC_rank_vol_m12_n6_pairwise1,2011-02-28,CtrlRetLTM,,20,skipped,完整变量样本数小于 min_cross_section_n
FAC_rank_vol_m12_n6_pairwise1,2011-02-28,CtrlVol,,20,skipped,完整变量样本数小于 min_cross_section_n
FAC_rank_vol_m12_n6_pairwise1,2011-02-28,as_偏股混合型基金,,20,skipped,完整变量样本数小于 min_cross_section_n
FAC_rank_vol_m12_n6_pairwise1,2011-02-28,Ctrl_log_fund_size,,20,skipped,完整变量样本数小于 min_cross_section_n
FAC_rank_vol_m12_n6_pairwise1,2011-02-28,Ctrl_fund_age,,20,skipped,完整变量样本数小于 min_cross_section_n
FAC_rank_vol_m12_n6_pairwise1,2011-03-31,FAC_rank_vol_m12_n6_pairwise1,,20,skipped,完整变量样本数小于 min_cross_section_n
FAC_rank_vol_m12_n6_pairwise1,2011-03-31,CtrlRetSTR,,20,skipped,完整变量样本数小于 min_cross_section_n
FAC_rank_vol_m12_n6_pairwise1,2011-03-31,CtrlRetLTM,,20,skipped,完整变量样本数小于 min_cross_section_n
FAC_rank_vol_m12_n6_pairwise1,2011-03-31,CtrlVol,,20,skipped,完整变量样本数小于 min_cross_section_n
FAC_rank_vol_m12_n6_pairwise1,2011-03-31,as_偏股混合型基金,,20,skipped,完整变量样本数小于 min_cross_section_n
FAC_rank_vol_m12_n6_pairwise1,2011-03-31,Ctrl_log_fund_size,,20,skipped,完整变量样本数小于 min_cross_section_n
FAC_rank_vol_m12_n6_pairwise1,2011-03-31,Ctrl_fund_age,,20,skipped,完整变量样本数小于 min_cross_section_n
FAC_rank_vol_m12_n6_pairwise1,2011-04-29,FAC_rank_vol_m12_n6_pairwise1,,18,skipped,完整变量样本数小于 min_cross_section_n
FAC_rank_vol_m12_n6_pairwise1,2011-04-29,CtrlRetSTR,,18,skipped,完整变量样本数小于 min_cross_section_n
FAC_rank_vol_m12_n6_pairwise1,2011-04-29,CtrlRetLTM,,18,skipped,完整变量样本数小于 min_cross_section_n
FAC_rank_vol_m12_n6_pairwise1,2011-04-29,CtrlVol,,18,skipped,完整变量样本数小于 min_cross_section_n
FAC_rank_vol_m12_n6_pairwise1,2011-04-29,as_偏股混合型基金,,18,skipped,完整变量样本数小于 min_cross_section_n
FAC_rank_vol_m12_n6_pairwise1,2011-04-29,Ctrl_log_fund_size,,18,skipped,完整变量样本数小于 min_cross_section_n
FAC_rank_vol_m12_n6_pairwise1,2011-04-29,Ctrl_fund_age,,18,skipped,完整变量样本数小于 min_cross_section_n
FAC_rank_vol_m12_n6_pairwise1,2011-05-31,FAC_rank_vol_m12_n6_pairwise1,,18,skipped,完整变量样本数小于 min_cross_section_n
FAC_rank_vol_m12_n6_pairwise1,2011-05-31,CtrlRetSTR,,18,skipped,完整变量样本数小于 min_cross_section_n
FAC_rank_vol_m12_n6_pairwise1,2011-05-31,CtrlRetLTM,,18,skipped,完整变量样本数小于 min_cross_section_n
FAC_rank_vol_m12_n6_pairwise1,2011-05-31,CtrlVol,,18,skipped,完整变量样本数小于 min_cross_section_n
FAC_rank_vol_m12_n6_pairwise1,2011-05-31,as_偏股混合型基金,,18,skipped,完整变量样本数小于 min_cross_section_n
FAC_rank_vol_m12_n6_pairwise1,2011-05-31,Ctrl_log_fund_size,,18,skipped,完整变量样本数小于 min_cross_section_n
FAC_rank_vol_m12_n6_pairwise1,2011-05-31,Ctrl_fund_age,,18,skipped,完整变量样本数小于 min_cross_section_n
FAC_rank_vol_m12_n6_pairwise1,2011-06-30,FAC_rank_vol_m12_n6_pairwise1,,19,skipped,完整变量样本数小于 min_cross_section_n
FAC_rank_vol_m12_n6_pairwise1,2011-06-30,CtrlRetSTR,,19,skipped,完整变量样本数小于 min_cross_section_n
FAC_rank_vol_m12_n6_pairwise1,2011-06-30,CtrlRetLTM,,19,skipped,完整变量样本数小于 min_cross_section_n
FAC_rank_vol_m12_n6_pairwise1,2011-06-30,CtrlVol,,19,skipped,完整变量样本数小于 min_cross_section_n
FAC_rank_vol_m12_n6_pairwise1,2011-06-30,as_偏股混合型基金,,19,skipped,完整变量样本数小于 min_cross_section_n
FAC_rank_vol_m12_n6_pairwise1,2011-06-30,Ctrl_log_fund_size,,19,skipped,完整变量样本数小于 min_cross_section_n
FAC_rank_vol_m12_n6_pairwise1,2011-06-30,Ctrl_fund_age,,19,skipped,完整变量样本数小于 min_cross_section_n
FAC_rank_vol_m12_n6_pairwise1,2011-07-29,FAC_rank_vol_m12_n6_pairwise1,,18,skipped,完整变量样本数小于 min_cross_section_n
FAC_rank_vol_m12_n6_pairwise1,2011-07-29,CtrlRetSTR,,18,skipped,完整变量样本数小于 min_cross_section_n
FAC_rank_vol_m12_n6_pairwise1,2011-07-29,CtrlRetLTM,,18,skipped,完整变量样本数小于 min_cross_section_n
FAC_rank_vol_m12_n6_pairwise1,2011-07-29,CtrlVol,,18,skipped,完整变量样本数小于 min_cross_section_n
FAC_rank_vol_m12_n6_pairwise1,2011-07-29,as_偏股混合型基金,,18,skipped,完整变量样本数小于 min_cross_section_n
FAC_rank_vol_m12_n6_pairwise1,2011-07-29,Ctrl_log_fund_size,,18,skipped,完整变量样本数小于 min_cross_section_n
FAC_rank_vol_m12_n6_pairwise1,2011-07-29,Ctrl_fund_age,,18,skipped,完整变量样本数小于 min_cross_section_n
FAC_rank_vol_m12_n6_pairwise1,2011-08-31,FAC_rank_vol_m12_n6_pairwise1,,18,skipped,完整变量样本数小于 min_cross_section_n
FAC_rank_vol_m12_n6_pairwise1,2011-08-31,CtrlRetSTR,,18,skipped,完整变量样本数小于 min_cross_section_n
FAC_rank_vol_m12_n6_pairwise1,2011-08-31,CtrlRetLTM,,18,skipped,完整变量样本数小于 min_cross_section_n
FAC_rank_vol_m12_n6_pairwise1,2011-08-31,CtrlVol,,18,skipped,完整变量样本数小于 min_cross_section_n
FAC_rank_vol_m12_n6_pairwise1,2011-08-31,as_偏股混合型基金,,18,skipped,完整变量样本数小于 min_cross_section_n
FAC_rank_vol_m12_n6_pairwise1,2011-08-31,Ctrl_log_fund_size,,18,skipped,完整变量样本数小于 min_cross_section_n
FAC_rank_vol_m12_n6_pairwise1,2011-08-31,Ctrl_fund_age,,18,skipped,完整变量样本数小于 min_cross_section_n
FAC_rank_vol_m12_n6_pairwise1,2011-09-30,FAC_rank_vol_m12_n6_pairwise1,,19,skipped,完整变量样本数小于 min_cross_section_n
FAC_rank_vol_m12_n6_pairwise1,2011-09-30,CtrlRetSTR,,19,skipped,完整变量样本数小于 min_cross_section_n
FAC_rank_vol_m12_n6_pairwise1,2011-09-30,CtrlRetLTM,,19,skipped,完整变量样本数小于 min_cross_section_n
FAC_rank_vol_m12_n6_pairwise1,2011-09-30,CtrlVol,,19,skipped,完整变量样本数小于 min_cross_section_n
FAC_rank_vol_m12_n6_pairwise1,2011-09-30,as_偏股混合型基金,,19,skipped,完整变量样本数小于 min_cross_section_n
FAC_rank_vol_m12_n6_pairwise1,2011-09-30,Ctrl_log_fund_size,,19,skipped,完整变量样本数小于 min_cross_section_n
FAC_rank_vol_m12_n6_pairwise1,2011-09-30,Ctrl_fund_age,,19,skipped,完整变量样本数小于 min_cross_section_n
FAC_rank_vol_m12_n6_pairwise1,2011-10-31,FAC_rank_vol_m12_n6_pairwise1,,20,skipped,完整变量样本数小于 min_cross_section_n
FAC_rank_vol_m12_n6_pairwise1,2011-10-31,CtrlRetSTR,,20,skipped,完整变量样本数小于 min_cross_section_n
FAC_rank_vol_m12_n6_pairwise1,2011-10-31,CtrlRetLTM,,20,skipped,完整变量样本数小于 min_cross_section_n
FAC_rank_vol_m12_n6_pairwise1,2011-10-31,CtrlVol,,20,skipped,完整变量样本数小于 min_cross_section_n
FAC_rank_vol_m12_n6_pairwise1,2011-10-31,as_偏股混合型基金,,20,skipped,完整变量样本数小于 min_cross_section_n
FAC_rank_vol_m12_n6_pairwise1,2011-10-31,Ctrl_log_fund_size,,20,skipped,完整变量样本数小于 min_cross_section_n
FAC_rank_vol_m12_n6_pairwise1,2011-10-31,Ctrl_fund_age,,20,skipped,完整变量样本数小于 min_cross_section_n
FAC_rank_vol_m12_n6_pairwise1,2011-11-30,FAC_rank_vol_m12_n6_pairwise1,,22,skipped,完整变量样本数小于 min_cross_section_n
FAC_rank_vol_m12_n6_pairwise1,2011-11-30,CtrlRetSTR,,22,skipped,完整变量样本数小于 min_cross_section_n
FAC_rank_vol_m12_n6_pairwise1,2011-11-30,CtrlRetLTM,,22,skipped,完整变量样本数小于 min_cross_section_n
FAC_rank_vol_m12_n6_pairwise1,2011-11-30,CtrlVol,,22,skipped,完整变量样本数小于 min_cross_section_n
FAC_rank_vol_m12_n6_pairwise1,2011-11-30,as_偏股混合型基金,,22,skipped,完整变量样本数小于 min_cross_section_n
FAC_rank_vol_m12_n6_pairwise1,2011-11-30,Ctrl_log_fund_size,,22,skipped,完整变量样本数小于 min_cross_section_n
FAC_rank_vol_m12_n6_pairwise1,2011-11-30,Ctrl_fund_age,,22,skipped,完整变量样本数小于 min_cross_section_n
FAC_rank_vol_m12_n6_pairwise1,2011-12-30,FAC_rank_vol_m12_n6_pairwise1,,22,skipped,完整变量样本数小于 min_cross_section_n
FAC_rank_vol_m12_n6_pairwise1,2011-12-30,CtrlRetSTR,,22,skipped,完整变量样本数小于 min_cross_section_n
FAC_rank_vol_m12_n6_pairwise1,2011-12-30,CtrlRetLTM,,22,skipped,完整变量样本数小于 min_cross_section_n
FAC_rank_vol_m12_n6_pairwise1,2011-12-30,CtrlVol,,22,skipped,完整变量样本数小于 min_cross_section_n
FAC_rank_vol_m12_n6_pairwise1,2011-12-30,as_偏股混合型基金,,22,skipped,完整变量样本数小于 min_cross_section_n
FAC_rank_vol_m12_n6_pairwise1,2011-12-30,Ctrl_log_fund_size,,22,skipped,完整变量样本数小于 min_cross_section_n
FAC_rank_vol_m12_n6_pairwise1,2011-12-30,Ctrl_fund_age,,22,skipped,完整变量样本数小于 min_cross_section_n
FAC_rank_vol_m12_n6_pairwise1,2012-01-31,FAC_rank_vol_m12_n6_pairwise1,,22,skipped,完整变量样本数小于 min_cross_section_n
FAC_rank_vol_m12_n6_pairwise1,2012-01-31,CtrlRetSTR,,22,skipped,完整变量样本数小于 min_cross_section_n
FAC_rank_vol_m12_n6_pairwise1,2012-01-31,CtrlRetLTM,,22,skipped,完整变量样本数小于 min_cross_section_n
FAC_rank_vol_m12_n6_pairwise1,2012-01-31,CtrlVol,,22,skipped,完整变量样本数小于 min_cross_section_n
FAC_rank_vol_m12_n6_pairwise1,2012-01-31,as_偏股混合型基金,,22,skipped,完整变量样本数小于 min_cross_section_n
FAC_rank_vol_m12_n6_pairwise1,2012-01-31,Ctrl_log_fund_size,,22,skipped,完整变量样本数小于 min_cross_section_n
FAC_rank_vol_m12_n6_pairwise1,2012-01-31,Ctrl_fund_age,,22,skipped,完整变量样本数小于 min_cross_section_n
FAC_rank_vol_m12_n6_pairwise1,2012-02-29,FAC_rank_vol_m12_n6_pairwise1,,24,skipped,完整变量样本数小于 min_cross_section_n
FAC_rank_vol_m12_n6_pairwise1,2012-02-29,CtrlRetSTR,,24,skipped,完整变量样本数小于 min_cross_section_n
FAC_rank_vol_m12_n6_pairwise1,2012-02-29,CtrlRetLTM,,24,skipped,完整变量样本数小于 min_cross_section_n
FAC_rank_vol_m12_n6_pairwise1,2012-02-29,CtrlVol,,24,skipped,完整变量样本数小于 min_cross_section_n
FAC_rank_vol_m12_n6_pairwise1,2012-02-29,as_偏股混合型基金,,24,skipped,完整变量样本数小于 min_cross_section_n
FAC_rank_vol_m12_n6_pairwise1,2012-02-29,Ctrl_log_fund_size,,24,skipped,完整变量样本数小于 min_cross_section_n
FAC_rank_vol_m12_n6_pairwise1,2012-02-29,Ctrl_fund_age,,24,skipped,完整变量样本数小于 min_cross_section_n
FAC_rank_vol_m12_n6_pairwise1,2012-03-30,FAC_rank_vol_m12_n6_pairwise1,,24,skipped,完整变量样本数小于 min_cross_section_n
FAC_rank_vol_m12_n6_pairwise1,2012-03-30,CtrlRetSTR,,24,skipped,完整变量样本数小于 min_cross_section_n
FAC_rank_vol_m12_n6_pairwise1,2012-03-30,CtrlRetLTM,,24,skipped,完整变量样本数小于 min_cross_section_n
FAC_rank_vol_m12_n6_pairwise1,2012-03-30,CtrlVol,,24,skipped,完整变量样本数小于 min_cross_section_n
FAC_rank_vol_m12_n6_pairwise1,2012-03-30,as_偏股混合型基金,,24,skipped,完整变量样本数小于 min_cross_section_n
FAC_rank_vol_m12_n6_pairwise1,2012-03-30,Ctrl_log_fund_size,,24,skipped,完整变量样本数小于 min_cross_section_n
FAC_rank_vol_m12_n6_pairwise1,2012-03-30,Ctrl_fund_age,,24,skipped,完整变量样本数小于 min_cross_section_n
FAC_rank_vol_m12_n6_pairwise1,2012-04-27,FAC_rank_vol_m12_n6_pairwise1,,23,skipped,完整变量样本数小于 min_cross_section_n
FAC_rank_vol_m12_n6_pairwise1,2012-04-27,CtrlRetSTR,,23,skipped,完整变量样本数小于 min_cross_section_n
FAC_rank_vol_m12_n6_pairwise1,2012-04-27,CtrlRetLTM,,23,skipped,完整变量样本数小于 min_cross_section_n
FAC_rank_vol_m12_n6_pairwise1,2012-04-27,CtrlVol,,23,skipped,完整变量样本数小于 min_cross_section_n
FAC_rank_vol_m12_n6_pairwise1,2012-04-27,as_偏股混合型基金,,23,skipped,完整变量样本数小于 min_cross_section_n
FAC_rank_vol_m12_n6_pairwise1,2012-04-27,Ctrl_log_fund_size,,23,skipped,完整变量样本数小于 min_cross_section_n
FAC_rank_vol_m12_n6_pairwise1,2012-04-27,Ctrl_fund_age,,23,skipped,完整变量样本数小于 min_cross_section_n
FAC_rank_vol_m12_n6_pairwise1,2012-05-31,FAC_rank_vol_m12_n6_pairwise1,,25,skipped,完整变量样本数小于 min_cross_section_n
FAC_rank_vol_m12_n6_pairwise1,2012-05-31,CtrlRetSTR,,25,skipped,完整变量样本数小于 min_cross_section_n
FAC_rank_vol_m12_n6_pairwise1,2012-05-31,CtrlRetLTM,,25,skipped,完整变量样本数小于 min_cross_section_n
FAC_rank_vol_m12_n6_pairwise1,2012-05-31,CtrlVol,,25,skipped,完整变量样本数小于 min_cross_section_n
FAC_rank_vol_m12_n6_pairwise1,2012-05-31,as_偏股混合型基金,,25,skipped,完整变量样本数小于 min_cross_section_n
FAC_rank_vol_m12_n6_pairwise1,2012-05-31,Ctrl_log_fund_size,,25,skipped,完整变量样本数小于 min_cross_section_n
FAC_rank_vol_m12_n6_pairwise1,2012-05-31,Ctrl_fund_age,,25,skipped,完整变量样本数小于 min_cross_section_n
FAC_rank_vol_m12_n6_pairwise1,2012-06-29,FAC_rank_vol_m12_n6_pairwise1,,25,skipped,完整变量样本数小于 min_cross_section_n
FAC_rank_vol_m12_n6_pairwise1,2012-06-29,CtrlRetSTR,,25,skipped,完整变量样本数小于 min_cross_section_n
FAC_rank_vol_m12_n6_pairwise1,2012-06-29,CtrlRetLTM,,25,skipped,完整变量样本数小于 min_cross_section_n
FAC_rank_vol_m12_n6_pairwise1,2012-06-29,CtrlVol,,25,skipped,完整变量样本数小于 min_cross_section_n
FAC_rank_vol_m12_n6_pairwise1,2012-06-29,as_偏股混合型基金,,25,skipped,完整变量样本数小于 min_cross_section_n
FAC_rank_vol_m12_n6_pairwise1,2012-06-29,Ctrl_log_fund_size,,25,skipped,完整变量样本数小于 min_cross_section_n
FAC_rank_vol_m12_n6_pairwise1,2012-06-29,Ctrl_fund_age,,25,skipped,完整变量样本数小于 min_cross_section_n
FAC_rank_vol_m12_n6_pairwise1,2012-07-31,FAC_rank_vol_m12_n6_pairwise1,,25,skipped,完整变量样本数小于 min_cross_section_n
FAC_rank_vol_m12_n6_pairwise1,2012-07-31,CtrlRetSTR,,25,skipped,完整变量样本数小于 min_cross_section_n
FAC_rank_vol_m12_n6_pairwise1,2012-07-31,CtrlRetLTM,,25,skipped,完整变量样本数小于 min_cross_section_n
FAC_rank_vol_m12_n6_pairwise1,2012-07-31,CtrlVol,,25,skipped,完整变量样本数小于 min_cross_section_n
FAC_rank_vol_m12_n6_pairwise1,2012-07-31,as_偏股混合型基金,,25,skipped,完整变量样本数小于 min_cross_section_n
FAC_rank_vol_m12_n6_pairwise1,2012-07-31,Ctrl_log_fund_size,,25,skipped,完整变量样本数小于 min_cross_section_n
FAC_rank_vol_m12_n6_pairwise1,2012-07-31,Ctrl_fund_age,,25,skipped,完整变量样本数小于 min_cross_section_n
FAC_rank_vol_m12_n6_pairwise1,2012-08-31,FAC_rank_vol_m12_n6_pairwise1,,25,skipped,完整变量样本数小于 min_cross_section_n
FAC_rank_vol_m12_n6_pairwise1,2012-08-31,CtrlRetSTR,,25,skipped,完整变量样本数小于 min_cross_section_n
FAC_rank_vol_m12_n6_pairwise1,2012-08-31,CtrlRetLTM,,25,skipped,完整变量样本数小于 min_cross_section_n
FAC_rank_vol_m12_n6_pairwise1,2012-08-31,CtrlVol,,25,skipped,完整变量样本数小于 min_cross_section_n
FAC_rank_vol_m12_n6_pairwise1,2012-08-31,as_偏股混合型基金,,25,skipped,完整变量样本数小于 min_cross_section_n
FAC_rank_vol_m12_n6_pairwise1,2012-08-31,Ctrl_log_fund_size,,25,skipped,完整变量样本数小于 min_cross_section_n
FAC_rank_vol_m12_n6_pairwise1,2012-08-31,Ctrl_fund_age,,25,skipped,完整变量样本数小于 min_cross_section_n
FAC_rank_vol_m12_n6_pairwise1,2012-09-28,FAC_rank_vol_m12_n6_pairwise1,,26,skipped,完整变量样本数小于 min_cross_section_n
FAC_rank_vol_m12_n6_pairwise1,2012-09-28,CtrlRetSTR,,26,skipped,完整变量样本数小于 min_cross_section_n
FAC_rank_vol_m12_n6_pairwise1,2012-09-28,CtrlRetLTM,,26,skipped,完整变量样本数小于 min_cross_section_n
FAC_rank_vol_m12_n6_pairwise1,2012-09-28,CtrlVol,,26,skipped,完整变量样本数小于 min_cross_section_n
FAC_rank_vol_m12_n6_pairwise1,2012-09-28,as_偏股混合型基金,,26,skipped,完整变量样本数小于 min_cross_section_n
FAC_rank_vol_m12_n6_pairwise1,2012-09-28,Ctrl_log_fund_size,,26,skipped,完整变量样本数小于 min_cross_section_n
FAC_rank_vol_m12_n6_pairwise1,2012-09-28,Ctrl_fund_age,,26,skipped,完整变量样本数小于 min_cross_section_n
FAC_rank_vol_m12_n6_pairwise1,2012-10-31,FAC_rank_vol_m12_n6_pairwise1,,29,skipped,完整变量样本数小于 min_cross_section_n
FAC_rank_vol_m12_n6_pairwise1,2012-10-31,CtrlRetSTR,,29,skipped,完整变量样本数小于 min_cross_section_n
FAC_rank_vol_m12_n6_pairwise1,2012-10-31,CtrlRetLTM,,29,skipped,完整变量样本数小于 min_cross_section_n
FAC_rank_vol_m12_n6_pairwise1,2012-10-31,CtrlVol,,29,skipped,完整变量样本数小于 min_cross_section_n
FAC_rank_vol_m12_n6_pairwise1,2012-10-31,as_偏股混合型基金,,29,skipped,完整变量样本数小于 min_cross_section_n
FAC_rank_vol_m12_n6_pairwise1,2012-10-31,Ctrl_log_fund_size,,29,skipped,完整变量样本数小于 min_cross_section_n
FAC_rank_vol_m12_n6_pairwise1,2012-10-31,Ctrl_fund_age,,29,skipped,完整变量样本数小于 min_cross_section_n
FAC_rank_vol_m12_n6_pairwise1,2012-11-30,FAC_rank_vol_m12_n6_pairwise1,,31,skipped,完整变量样本数小于 min_cross_section_n
FAC_rank_vol_m12_n6_pairwise1,2012-11-30,CtrlRetSTR,,31,skipped,完整变量样本数小于 min_cross_section_n
FAC_rank_vol_m12_n6_pairwise1,2012-11-30,CtrlRetLTM,,31,skipped,完整变量样本数小于 min_cross_section_n
FAC_rank_vol_m12_n6_pairwise1,2012-11-30,CtrlVol,,31,skipped,完整变量样本数小于 min_cross_section_n
FAC_rank_vol_m12_n6_pairwise1,2012-11-30,as_偏股混合型基金,,31,skipped,完整变量样本数小于 min_cross_section_n
FAC_rank_vol_m12_n6_pairwise1,2012-11-30,Ctrl_log_fund_size,,31,skipped,完整变量样本数小于 min_cross_section_n
FAC_rank_vol_m12_n6_pairwise1,2012-11-30,Ctrl_fund_age,,31,skipped,完整变量样本数小于 min_cross_section_n
FAC_rank_vol_m12_n6_pairwise1,2012-12-31,FAC_rank_vol_m12_n6_pairwise1,,31,skipped,完整变量样本数小于 min_cross_section_n
FAC_rank_vol_m12_n6_pairwise1,2012-12-31,CtrlRetSTR,,31,skipped,完整变量样本数小于 min_cross_section_n
FAC_rank_vol_m12_n6_pairwise1,2012-12-31,CtrlRetLTM,,31,skipped,完整变量样本数小于 min_cross_section_n
FAC_rank_vol_m12_n6_pairwise1,2012-12-31,CtrlVol,,31,skipped,完整变量样本数小于 min_cross_section_n
FAC_rank_vol_m12_n6_pairwise1,2012-12-31,as_偏股混合型基金,,31,skipped,完整变量样本数小于 min_cross_section_n
FAC_rank_vol_m12_n6_pairwise1,2012-12-31,Ctrl_log_fund_size,,31,skipped,完整变量样本数小于 min_cross_section_n
FAC_rank_vol_m12_n6_pairwise1,2012-12-31,Ctrl_fund_age,,31,skipped,完整变量样本数小于 min_cross_section_n
FAC_rank_vol_m12_n6_pairwise1,2013-01-31,FAC_rank_vol_m12_n6_pairwise1,,33,skipped,完整变量样本数小于 min_cross_section_n
FAC_rank_vol_m12_n6_pairwise1,2013-01-31,CtrlRetSTR,,33,skipped,完整变量样本数小于 min_cross_section_n
FAC_rank_vol_m12_n6_pairwise1,2013-01-31,CtrlRetLTM,,33,skipped,完整变量样本数小于 min_cross_section_n
FAC_rank_vol_m12_n6_pairwise1,2013-01-31,CtrlVol,,33,skipped,完整变量样本数小于 min_cross_section_n
FAC_rank_vol_m12_n6_pairwise1,2013-01-31,as_偏股混合型基金,,33,skipped,完整变量样本数小于 min_cross_section_n
FAC_rank_vol_m12_n6_pairwise1,2013-01-31,Ctrl_log_fund_size,,33,skipped,完整变量样本数小于 min_cross_section_n
FAC_rank_vol_m12_n6_pairwise1,2013-01-31,Ctrl_fund_age,,33,skipped,完整变量样本数小于 min_cross_section_n
FAC_rank_vol_m12_n6_pairwise1,2013-02-28,FAC_rank_vol_m12_n6_pairwise1,,34,skipped,完整变量样本数小于 min_cross_section_n
FAC_rank_vol_m12_n6_pairwise1,2013-02-28,CtrlRetSTR,,34,skipped,完整变量样本数小于 min_cross_section_n
FAC_rank_vol_m12_n6_pairwise1,2013-02-28,CtrlRetLTM,,34,skipped,完整变量样本数小于 min_cross_section_n
FAC_rank_vol_m12_n6_pairwise1,2013-02-28,CtrlVol,,34,skipped,完整变量样本数小于 min_cross_section_n
FAC_rank_vol_m12_n6_pairwise1,2013-02-28,as_偏股混合型基金,,34,skipped,完整变量样本数小于 min_cross_section_n
FAC_rank_vol_m12_n6_pairwise1,2013-02-28,Ctrl_log_fund_size,,34,skipped,完整变量样本数小于 min_cross_section_n
FAC_rank_vol_m12_n6_pairwise1,2013-02-28,Ctrl_fund_age,,34,skipped,完整变量样本数小于 min_cross_section_n
FAC_rank_vol_m12_n6_pairwise1,2013-03-29,FAC_rank_vol_m12_n6_pairwise1,,35,skipped,完整变量样本数小于 min_cross_section_n
FAC_rank_vol_m12_n6_pairwise1,2013-03-29,CtrlRetSTR,,35,skipped,完整变量样本数小于 min_cross_section_n
FAC_rank_vol_m12_n6_pairwise1,2013-03-29,CtrlRetLTM,,35,skipped,完整变量样本数小于 min_cross_section_n
FAC_rank_vol_m12_n6_pairwise1,2013-03-29,CtrlVol,,35,skipped,完整变量样本数小于 min_cross_section_n
FAC_rank_vol_m12_n6_pairwise1,2013-03-29,as_偏股混合型基金,,35,skipped,完整变量样本数小于 min_cross_section_n
FAC_rank_vol_m12_n6_pairwise1,2013-03-29,Ctrl_log_fund_size,,35,skipped,完整变量样本数小于 min_cross_section_n
FAC_rank_vol_m12_n6_pairwise1,2013-03-29,Ctrl_fund_age,,35,skipped,完整变量样本数小于 min_cross_section_n
FAC_rank_vol_m12_n6_pairwise1,2013-04-26,FAC_rank_vol_m12_n6_pairwise1,,38,skipped,完整变量样本数小于 min_cross_section_n
FAC_rank_vol_m12_n6_pairwise1,2013-04-26,CtrlRetSTR,,38,skipped,完整变量样本数小于 min_cross_section_n
FAC_rank_vol_m12_n6_pairwise1,2013-04-26,CtrlRetLTM,,38,skipped,完整变量样本数小于 min_cross_section_n
FAC_rank_vol_m12_n6_pairwise1,2013-04-26,CtrlVol,,38,skipped,完整变量样本数小于 min_cross_section_n
FAC_rank_vol_m12_n6_pairwise1,2013-04-26,as_偏股混合型基金,,38,skipped,完整变量样本数小于 min_cross_section_n
FAC_rank_vol_m12_n6_pairwise1,2013-04-26,Ctrl_log_fund_size,,38,skipped,完整变量样本数小于 min_cross_section_n
FAC_rank_vol_m12_n6_pairwise1,2013-04-26,Ctrl_fund_age,,38,skipped,完整变量样本数小于 min_cross_section_n
FAC_rank_vol_m12_n6_pairwise1,2013-05-31,FAC_rank_vol_m12_n6_pairwise1,,39,skipped,完整变量样本数小于 min_cross_section_n
FAC_rank_vol_m12_n6_pairwise1,2013-05-31,CtrlRetSTR,,39,skipped,完整变量样本数小于 min_cross_section_n
FAC_rank_vol_m12_n6_pairwise1,2013-05-31,CtrlRetLTM,,39,skipped,完整变量样本数小于 min_cross_section_n
FAC_rank_vol_m12_n6_pairwise1,2013-05-31,CtrlVol,,39,skipped,完整变量样本数小于 min_cross_section_n
FAC_rank_vol_m12_n6_pairwise1,2013-05-31,as_偏股混合型基金,,39,skipped,完整变量样本数小于 min_cross_section_n
FAC_rank_vol_m12_n6_pairwise1,2013-05-31,Ctrl_log_fund_size,,39,skipped,完整变量样本数小于 min_cross_section_n
FAC_rank_vol_m12_n6_pairwise1,2013-05-31,Ctrl_fund_age,,39,skipped,完整变量样本数小于 min_cross_section_n
FAC_rank_vol_m12_n6_pairwise1,2013-06-28,FAC_rank_vol_m12_n6_pairwise1,,40,skipped,完整变量样本数小于 min_cross_section_n
FAC_rank_vol_m12_n6_pairwise1,2013-06-28,CtrlRetSTR,,40,skipped,完整变量样本数小于 min_cross_section_n
FAC_rank_vol_m12_n6_pairwise1,2013-06-28,CtrlRetLTM,,40,skipped,完整变量样本数小于 min_cross_section_n
FAC_rank_vol_m12_n6_pairwise1,2013-06-28,CtrlVol,,40,skipped,完整变量样本数小于 min_cross_section_n
FAC_rank_vol_m12_n6_pairwise1,2013-06-28,as_偏股混合型基金,,40,skipped,完整变量样本数小于 min_cross_section_n
FAC_rank_vol_m12_n6_pairwise1,2013-06-28,Ctrl_log_fund_size,,40,skipped,完整变量样本数小于 min_cross_section_n
FAC_rank_vol_m12_n6_pairwise1,2013-06-28,Ctrl_fund_age,,40,skipped,完整变量样本数小于 min_cross_section_n
FAC_rank_vol_m12_n6_pairwise1,2013-07-31,FAC_rank_vol_m12_n6_pairwise1,,41,skipped,完整变量样本数小于 min_cross_section_n
FAC_rank_vol_m12_n6_pairwise1,2013-07-31,CtrlRetSTR,,41,skipped,完整变量样本数小于 min_cross_section_n
FAC_rank_vol_m12_n6_pairwise1,2013-07-31,CtrlRetLTM,,41,skipped,完整变量样本数小于 min_cross_section_n
FAC_rank_vol_m12_n6_pairwise1,2013-07-31,CtrlVol,,41,skipped,完整变量样本数小于 min_cross_section_n
FAC_rank_vol_m12_n6_pairwise1,2013-07-31,as_偏股混合型基金,,41,skipped,完整变量样本数小于 min_cross_section_n
FAC_rank_vol_m12_n6_pairwise1,2013-07-31,Ctrl_log_fund_size,,41,skipped,完整变量样本数小于 min_cross_section_n
FAC_rank_vol_m12_n6_pairwise1,2013-07-31,Ctrl_fund_age,,41,skipped,完整变量样本数小于 min_cross_section_n
FAC_rank_vol_m12_n6_pairwise1,2013-08-30,FAC_rank_vol_m12_n6_pairwise1,,42,skipped,完整变量样本数小于 min_cross_section_n
FAC_rank_vol_m12_n6_pairwise1,2013-08-30,CtrlRetSTR,,42,skipped,完整变量样本数小于 min_cross_section_n
FAC_rank_vol_m12_n6_pairwise1,2013-08-30,CtrlRetLTM,,42,skipped,完整变量样本数小于 min_cross_section_n
FAC_rank_vol_m12_n6_pairwise1,2013-08-30,CtrlVol,,42,skipped,完整变量样本数小于 min_cross_section_n
FAC_rank_vol_m12_n6_pairwise1,2013-08-30,as_偏股混合型基金,,42,skipped,完整变量样本数小于 min_cross_section_n
FAC_rank_vol_m12_n6_pairwise1,2013-08-30,Ctrl_log_fund_size,,42,skipped,完整变量样本数小于 min_cross_section_n
FAC_rank_vol_m12_n6_pairwise1,2013-08-30,Ctrl_fund_age,,42,skipped,完整变量样本数小于 min_cross_section_n
FAC_rank_vol_m12_n6_pairwise1,2013-09-30,FAC_rank_vol_m12_n6_pairwise1,,43,skipped,完整变量样本数小于 min_cross_section_n
FAC_rank_vol_m12_n6_pairwise1,2013-09-30,CtrlRetSTR,,43,skipped,完整变量样本数小于 min_cross_section_n
FAC_rank_vol_m12_n6_pairwise1,2013-09-30,CtrlRetLTM,,43,skipped,完整变量样本数小于 min_cross_section_n
FAC_rank_vol_m12_n6_pairwise1,2013-09-30,CtrlVol,,43,skipped,完整变量样本数小于 min_cross_section_n
FAC_rank_vol_m12_n6_pairwise1,2013-09-30,as_偏股混合型基金,,43,skipped,完整变量样本数小于 min_cross_section_n
FAC_rank_vol_m12_n6_pairwise1,2013-09-30,Ctrl_log_fund_size,,43,skipped,完整变量样本数小于 min_cross_section_n
FAC_rank_vol_m12_n6_pairwise1,2013-09-30,Ctrl_fund_age,,43,skipped,完整变量样本数小于 min_cross_section_n
FAC_rank_vol_m12_n6_pairwise1,2013-10-31,FAC_rank_vol_m12_n6_pairwise1,,45,skipped,完整变量样本数小于 min_cross_section_n
FAC_rank_vol_m12_n6_pairwise1,2013-10-31,CtrlRetSTR,,45,skipped,完整变量样本数小于 min_cross_section_n
FAC_rank_vol_m12_n6_pairwise1,2013-10-31,CtrlRetLTM,,45,skipped,完整变量样本数小于 min_cross_section_n
FAC_rank_vol_m12_n6_pairwise1,2013-10-31,CtrlVol,,45,skipped,完整变量样本数小于 min_cross_section_n
FAC_rank_vol_m12_n6_pairwise1,2013-10-31,as_偏股混合型基金,,45,skipped,完整变量样本数小于 min_cross_section_n
FAC_rank_vol_m12_n6_pairwise1,2013-10-31,Ctrl_log_fund_size,,45,skipped,完整变量样本数小于 min_cross_section_n
FAC_rank_vol_m12_n6_pairwise1,2013-10-31,Ctrl_fund_age,,45,skipped,完整变量样本数小于 min_cross_section_n
FAC_rank_vol_m12_n6_pairwise1,2013-11-29,FAC_rank_vol_m12_n6_pairwise1,,44,skipped,完整变量样本数小于 min_cross_section_n
FAC_rank_vol_m12_n6_pairwise1,2013-11-29,CtrlRetSTR,,44,skipped,完整变量样本数小于 min_cross_section_n
FAC_rank_vol_m12_n6_pairwise1,2013-11-29,CtrlRetLTM,,44,skipped,完整变量样本数小于 min_cross_section_n
FAC_rank_vol_m12_n6_pairwise1,2013-11-29,CtrlVol,,44,skipped,完整变量样本数小于 min_cross_section_n
FAC_rank_vol_m12_n6_pairwise1,2013-11-29,as_偏股混合型基金,,44,skipped,完整变量样本数小于 min_cross_section_n
FAC_rank_vol_m12_n6_pairwise1,2013-11-29,Ctrl_log_fund_size,,44,skipped,完整变量样本数小于 min_cross_section_n
FAC_rank_vol_m12_n6_pairwise1,2013-11-29,Ctrl_fund_age,,44,skipped,完整变量样本数小于 min_cross_section_n
FAC_rank_vol_m12_n6_pairwise1,2013-12-31,FAC_rank_vol_m12_n6_pairwise1,,46,skipped,完整变量样本数小于 min_cross_section_n
FAC_rank_vol_m12_n6_pairwise1,2013-12-31,CtrlRetSTR,,46,skipped,完整变量样本数小于 min_cross_section_n
FAC_rank_vol_m12_n6_pairwise1,2013-12-31,CtrlRetLTM,,46,skipped,完整变量样本数小于 min_cross_section_n
FAC_rank_vol_m12_n6_pairwise1,2013-12-31,CtrlVol,,46,skipped,完整变量样本数小于 min_cross_section_n
FAC_rank_vol_m12_n6_pairwise1,2013-12-31,as_偏股混合型基金,,46,skipped,完整变量样本数小于 min_cross_section_n
FAC_rank_vol_m12_n6_pairwise1,2013-12-31,Ctrl_log_fund_size,,46,skipped,完整变量样本数小于 min_cross_section_n
FAC_rank_vol_m12_n6_pairwise1,2013-12-31,Ctrl_fund_age,,46,skipped,完整变量样本数小于 min_cross_section_n
FAC_rank_vol_m12_n6_pairwise1,2014-01-30,FAC_rank_vol_m12_n6_pairwise1,,45,skipped,完整变量样本数小于 min_cross_section_n
FAC_rank_vol_m12_n6_pairwise1,2014-01-30,CtrlRetSTR,,45,skipped,完整变量样本数小于 min_cross_section_n
FAC_rank_vol_m12_n6_pairwise1,2014-01-30,CtrlRetLTM,,45,skipped,完整变量样本数小于 min_cross_section_n
FAC_rank_vol_m12_n6_pairwise1,2014-01-30,CtrlVol,,45,skipped,完整变量样本数小于 min_cross_section_n
FAC_rank_vol_m12_n6_pairwise1,2014-01-30,as_偏股混合型基金,,45,skipped,完整变量样本数小于 min_cross_section_n
FAC_rank_vol_m12_n6_pairwise1,2014-01-30,Ctrl_log_fund_size,,45,skipped,完整变量样本数小于 min_cross_section_n
FAC_rank_vol_m12_n6_pairwise1,2014-01-30,Ctrl_fund_age,,45,skipped,完整变量样本数小于 min_cross_section_n
FAC_rank_vol_m12_n6_pairwise1,2014-02-28,FAC_rank_vol_m12_n6_pairwise1,,46,skipped,完整变量样本数小于 min_cross_section_n
FAC_rank_vol_m12_n6_pairwise1,2014-02-28,CtrlRetSTR,,46,skipped,完整变量样本数小于 min_cross_section_n
FAC_rank_vol_m12_n6_pairwise1,2014-02-28,CtrlRetLTM,,46,skipped,完整变量样本数小于 min_cross_section_n
FAC_rank_vol_m12_n6_pairwise1,2014-02-28,CtrlVol,,46,skipped,完整变量样本数小于 min_cross_section_n
FAC_rank_vol_m12_n6_pairwise1,2014-02-28,as_偏股混合型基金,,46,skipped,完整变量样本数小于 min_cross_section_n
FAC_rank_vol_m12_n6_pairwise1,2014-02-28,Ctrl_log_fund_size,,46,skipped,完整变量样本数小于 min_cross_section_n
FAC_rank_vol_m12_n6_pairwise1,2014-02-28,Ctrl_fund_age,,46,skipped,完整变量样本数小于 min_cross_section_n
FAC_rank_vol_m12_n6_pairwise1,2014-03-31,FAC_rank_vol_m12_n6_pairwise1,,45,skipped,完整变量样本数小于 min_cross_section_n
FAC_rank_vol_m12_n6_pairwise1,2014-03-31,CtrlRetSTR,,45,skipped,完整变量样本数小于 min_cross_section_n
FAC_rank_vol_m12_n6_pairwise1,2014-03-31,CtrlRetLTM,,45,skipped,完整变量样本数小于 min_cross_section_n
FAC_rank_vol_m12_n6_pairwise1,2014-03-31,CtrlVol,,45,skipped,完整变量样本数小于 min_cross_section_n
FAC_rank_vol_m12_n6_pairwise1,2014-03-31,as_偏股混合型基金,,45,skipped,完整变量样本数小于 min_cross_section_n
FAC_rank_vol_m12_n6_pairwise1,2014-03-31,Ctrl_log_fund_size,,45,skipped,完整变量样本数小于 min_cross_section_n
FAC_rank_vol_m12_n6_pairwise1,2014-03-31,Ctrl_fund_age,,45,skipped,完整变量样本数小于 min_cross_section_n
FAC_rank_vol_m12_n6_pairwise1,2014-04-30,FAC_rank_vol_m12_n6_pairwise1,,46,skipped,完整变量样本数小于 min_cross_section_n
FAC_rank_vol_m12_n6_pairwise1,2014-04-30,CtrlRetSTR,,46,skipped,完整变量样本数小于 min_cross_section_n
FAC_rank_vol_m12_n6_pairwise1,2014-04-30,CtrlRetLTM,,46,skipped,完整变量样本数小于 min_cross_section_n
FAC_rank_vol_m12_n6_pairwise1,2014-04-30,CtrlVol,,46,skipped,完整变量样本数小于 min_cross_section_n
FAC_rank_vol_m12_n6_pairwise1,2014-04-30,as_偏股混合型基金,,46,skipped,完整变量样本数小于 min_cross_section_n
FAC_rank_vol_m12_n6_pairwise1,2014-04-30,Ctrl_log_fund_size,,46,skipped,完整变量样本数小于 min_cross_section_n
FAC_rank_vol_m12_n6_pairwise1,2014-04-30,Ctrl_fund_age,,46,skipped,完整变量样本数小于 min_cross_section_n
FAC_rank_vol_m12_n6_pairwise1,2014-05-30,FAC_rank_vol_m12_n6_pairwise1,,48,skipped,完整变量样本数小于 min_cross_section_n
FAC_rank_vol_m12_n6_pairwise1,2014-05-30,CtrlRetSTR,,48,skipped,完整变量样本数小于 min_cross_section_n
FAC_rank_vol_m12_n6_pairwise1,2014-05-30,CtrlRetLTM,,48,skipped,完整变量样本数小于 min_cross_section_n
FAC_rank_vol_m12_n6_pairwise1,2014-05-30,CtrlVol,,48,skipped,完整变量样本数小于 min_cross_section_n
FAC_rank_vol_m12_n6_pairwise1,2014-05-30,as_偏股混合型基金,,48,skipped,完整变量样本数小于 min_cross_section_n
FAC_rank_vol_m12_n6_pairwise1,2014-05-30,Ctrl_log_fund_size,,48,skipped,完整变量样本数小于 min_cross_section_n
FAC_rank_vol_m12_n6_pairwise1,2014-05-30,Ctrl_fund_age,,48,skipped,完整变量样本数小于 min_cross_section_n
FAC_rank_vol_m12_n6_pairwise1,2014-06-30,FAC_rank_vol_m12_n6_pairwise1,,48,skipped,完整变量样本数小于 min_cross_section_n
FAC_rank_vol_m12_n6_pairwise1,2014-06-30,CtrlRetSTR,,48,skipped,完整变量样本数小于 min_cross_section_n
FAC_rank_vol_m12_n6_pairwise1,2014-06-30,CtrlRetLTM,,48,skipped,完整变量样本数小于 min_cross_section_n
FAC_rank_vol_m12_n6_pairwise1,2014-06-30,CtrlVol,,48,skipped,完整变量样本数小于 min_cross_section_n
FAC_rank_vol_m12_n6_pairwise1,2014-06-30,as_偏股混合型基金,,48,skipped,完整变量样本数小于 min_cross_section_n
FAC_rank_vol_m12_n6_pairwise1,2014-06-30,Ctrl_log_fund_size,,48,skipped,完整变量样本数小于 min_cross_section_n
FAC_rank_vol_m12_n6_pairwise1,2014-06-30,Ctrl_fund_age,,48,skipped,完整变量样本数小于 min_cross_section_n
FAC_rank_vol_m12_n6_pairwise1,2014-07-31,FAC_rank_vol_m12_n6_pairwise1,,48,skipped,完整变量样本数小于 min_cross_section_n
FAC_rank_vol_m12_n6_pairwise1,2014-07-31,CtrlRetSTR,,48,skipped,完整变量样本数小于 min_cross_section_n
FAC_rank_vol_m12_n6_pairwise1,2014-07-31,CtrlRetLTM,,48,skipped,完整变量样本数小于 min_cross_section_n
FAC_rank_vol_m12_n6_pairwise1,2014-07-31,CtrlVol,,48,skipped,完整变量样本数小于 min_cross_section_n
FAC_rank_vol_m12_n6_pairwise1,2014-07-31,as_偏股混合型基金,,48,skipped,完整变量样本数小于 min_cross_section_n
FAC_rank_vol_m12_n6_pairwise1,2014-07-31,Ctrl_log_fund_size,,48,skipped,完整变量样本数小于 min_cross_section_n
FAC_rank_vol_m12_n6_pairwise1,2014-07-31,Ctrl_fund_age,,48,skipped,完整变量样本数小于 min_cross_section_n
FAC_rank_vol_m12_n6_pairwise1,2014-08-29,FAC_rank_vol_m12_n6_pairwise1,,48,skipped,完整变量样本数小于 min_cross_section_n
FAC_rank_vol_m12_n6_pairwise1,2014-08-29,CtrlRetSTR,,48,skipped,完整变量样本数小于 min_cross_section_n
FAC_rank_vol_m12_n6_pairwise1,2014-08-29,CtrlRetLTM,,48,skipped,完整变量样本数小于 min_cross_section_n
FAC_rank_vol_m12_n6_pairwise1,2014-08-29,CtrlVol,,48,skipped,完整变量样本数小于 min_cross_section_n
FAC_rank_vol_m12_n6_pairwise1,2014-08-29,as_偏股混合型基金,,48,skipped,完整变量样本数小于 min_cross_section_n
FAC_rank_vol_m12_n6_pairwise1,2014-08-29,Ctrl_log_fund_size,,48,skipped,完整变量样本数小于 min_cross_section_n
FAC_rank_vol_m12_n6_pairwise1,2014-08-29,Ctrl_fund_age,,48,skipped,完整变量样本数小于 min_cross_section_n
FAC_rank_vol_m12_n6_pairwise1,2014-09-30,FAC_rank_vol_m12_n6_pairwise1,,48,skipped,完整变量样本数小于 min_cross_section_n
FAC_rank_vol_m12_n6_pairwise1,2014-09-30,CtrlRetSTR,,48,skipped,完整变量样本数小于 min_cross_section_n
FAC_rank_vol_m12_n6_pairwise1,2014-09-30,CtrlRetLTM,,48,skipped,完整变量样本数小于 min_cross_section_n
FAC_rank_vol_m12_n6_pairwise1,2014-09-30,CtrlVol,,48,skipped,完整变量样本数小于 min_cross_section_n
FAC_rank_vol_m12_n6_pairwise1,2014-09-30,as_偏股混合型基金,,48,skipped,完整变量样本数小于 min_cross_section_n
FAC_rank_vol_m12_n6_pairwise1,2014-09-30,Ctrl_log_fund_size,,48,skipped,完整变量样本数小于 min_cross_section_n
FAC_rank_vol_m12_n6_pairwise1,2014-09-30,Ctrl_fund_age,,48,skipped,完整变量样本数小于 min_cross_section_n
FAC_rank_vol_m12_n6_pairwise1,2014-10-31,FAC_rank_vol_m12_n6_pairwise1,,45,skipped,完整变量样本数小于 min_cross_section_n
FAC_rank_vol_m12_n6_pairwise1,2014-10-31,CtrlRetSTR,,45,skipped,完整变量样本数小于 min_cross_section_n
FAC_rank_vol_m12_n6_pairwise1,2014-10-31,CtrlRetLTM,,45,skipped,完整变量样本数小于 min_cross_section_n
FAC_rank_vol_m12_n6_pairwise1,2014-10-31,CtrlVol,,45,skipped,完整变量样本数小于 min_cross_section_n
FAC_rank_vol_m12_n6_pairwise1,2014-10-31,as_偏股混合型基金,,45,skipped,完整变量样本数小于 min_cross_section_n
FAC_rank_vol_m12_n6_pairwise1,2014-10-31,Ctrl_log_fund_size,,45,skipped,完整变量样本数小于 min_cross_section_n
FAC_rank_vol_m12_n6_pairwise1,2014-10-31,Ctrl_fund_age,,45,skipped,完整变量样本数小于 min_cross_section_n
FAC_rank_vol_m12_n6_pairwise1,2014-11-28,FAC_rank_vol_m12_n6_pairwise1,,45,skipped,完整变量样本数小于 min_cross_section_n
FAC_rank_vol_m12_n6_pairwise1,2014-11-28,CtrlRetSTR,,45,skipped,完整变量样本数小于 min_cross_section_n
FAC_rank_vol_m12_n6_pairwise1,2014-11-28,CtrlRetLTM,,45,skipped,完整变量样本数小于 min_cross_section_n
FAC_rank_vol_m12_n6_pairwise1,2014-11-28,CtrlVol,,45,skipped,完整变量样本数小于 min_cross_section_n
FAC_rank_vol_m12_n6_pairwise1,2014-11-28,as_偏股混合型基金,,45,skipped,完整变量样本数小于 min_cross_section_n
FAC_rank_vol_m12_n6_pairwise1,2014-11-28,Ctrl_log_fund_size,,45,skipped,完整变量样本数小于 min_cross_section_n
FAC_rank_vol_m12_n6_pairwise1,2014-11-28,Ctrl_fund_age,,45,skipped,完整变量样本数小于 min_cross_section_n
FAC_rank_vol_m12_n6_pairwise1,2014-12-31,FAC_rank_vol_m12_n6_pairwise1,,41,skipped,完整变量样本数小于 min_cross_section_n
FAC_rank_vol_m12_n6_pairwise1,2014-12-31,CtrlRetSTR,,41,skipped,完整变量样本数小于 min_cross_section_n
FAC_rank_vol_m12_n6_pairwise1,2014-12-31,CtrlRetLTM,,41,skipped,完整变量样本数小于 min_cross_section_n
FAC_rank_vol_m12_n6_pairwise1,2014-12-31,CtrlVol,,41,skipped,完整变量样本数小于 min_cross_section_n
FAC_rank_vol_m12_n6_pairwise1,2014-12-31,as_偏股混合型基金,,41,skipped,完整变量样本数小于 min_cross_section_n
FAC_rank_vol_m12_n6_pairwise1,2014-12-31,Ctrl_log_fund_size,,41,skipped,完整变量样本数小于 min_cross_section_n
FAC_rank_vol_m12_n6_pairwise1,2014-12-31,Ctrl_fund_age,,41,skipped,完整变量样本数小于 min_cross_section_n
FAC_rank_vol_m12_n6_pairwise1,2015-01-30,FAC_rank_vol_m12_n6_pairwise1,,38,skipped,完整变量样本数小于 min_cross_section_n
FAC_rank_vol_m12_n6_pairwise1,2015-01-30,CtrlRetSTR,,38,skipped,完整变量样本数小于 min_cross_section_n
FAC_rank_vol_m12_n6_pairwise1,2015-01-30,CtrlRetLTM,,38,skipped,完整变量样本数小于 min_cross_section_n
FAC_rank_vol_m12_n6_pairwise1,2015-01-30,CtrlVol,,38,skipped,完整变量样本数小于 min_cross_section_n
FAC_rank_vol_m12_n6_pairwise1,2015-01-30,as_偏股混合型基金,,38,skipped,完整变量样本数小于 min_cross_section_n
FAC_rank_vol_m12_n6_pairwise1,2015-01-30,Ctrl_log_fund_size,,38,skipped,完整变量样本数小于 min_cross_section_n
FAC_rank_vol_m12_n6_pairwise1,2015-01-30,Ctrl_fund_age,,38,skipped,完整变量样本数小于 min_cross_section_n
FAC_rank_vol_m12_n6_pairwise1,2015-02-27,FAC_rank_vol_m12_n6_pairwise1,,39,skipped,完整变量样本数小于 min_cross_section_n
FAC_rank_vol_m12_n6_pairwise1,2015-02-27,CtrlRetSTR,,39,skipped,完整变量样本数小于 min_cross_section_n
FAC_rank_vol_m12_n6_pairwise1,2015-02-27,CtrlRetLTM,,39,skipped,完整变量样本数小于 min_cross_section_n
FAC_rank_vol_m12_n6_pairwise1,2015-02-27,CtrlVol,,39,skipped,完整变量样本数小于 min_cross_section_n
FAC_rank_vol_m12_n6_pairwise1,2015-02-27,as_偏股混合型基金,,39,skipped,完整变量样本数小于 min_cross_section_n
FAC_rank_vol_m12_n6_pairwise1,2015-02-27,Ctrl_log_fund_size,,39,skipped,完整变量样本数小于 min_cross_section_n
FAC_rank_vol_m12_n6_pairwise1,2015-02-27,Ctrl_fund_age,,39,skipped,完整变量样本数小于 min_cross_section_n
FAC_rank_vol_m12_n6_pairwise1,2015-03-31,FAC_rank_vol_m12_n6_pairwise1,,36,skipped,完整变量样本数小于 min_cross_section_n
FAC_rank_vol_m12_n6_pairwise1,2015-03-31,CtrlRetSTR,,36,skipped,完整变量样本数小于 min_cross_section_n
FAC_rank_vol_m12_n6_pairwise1,2015-03-31,CtrlRetLTM,,36,skipped,完整变量样本数小于 min_cross_section_n
FAC_rank_vol_m12_n6_pairwise1,2015-03-31,CtrlVol,,36,skipped,完整变量样本数小于 min_cross_section_n
FAC_rank_vol_m12_n6_pairwise1,2015-03-31,as_偏股混合型基金,,36,skipped,完整变量样本数小于 min_cross_section_n
FAC_rank_vol_m12_n6_pairwise1,2015-03-31,Ctrl_log_fund_size,,36,skipped,完整变量样本数小于 min_cross_section_n
FAC_rank_vol_m12_n6_pairwise1,2015-03-31,Ctrl_fund_age,,36,skipped,完整变量样本数小于 min_cross_section_n
FAC_rank_vol_m12_n6_pairwise1,2015-04-30,FAC_rank_vol_m12_n6_pairwise1,,34,skipped,完整变量样本数小于 min_cross_section_n
FAC_rank_vol_m12_n6_pairwise1,2015-04-30,CtrlRetSTR,,34,skipped,完整变量样本数小于 min_cross_section_n
FAC_rank_vol_m12_n6_pairwise1,2015-04-30,CtrlRetLTM,,34,skipped,完整变量样本数小于 min_cross_section_n
FAC_rank_vol_m12_n6_pairwise1,2015-04-30,CtrlVol,,34,skipped,完整变量样本数小于 min_cross_section_n
FAC_rank_vol_m12_n6_pairwise1,2015-04-30,as_偏股混合型基金,,34,skipped,完整变量样本数小于 min_cross_section_n
FAC_rank_vol_m12_n6_pairwise1,2015-04-30,Ctrl_log_fund_size,,34,skipped,完整变量样本数小于 min_cross_section_n
FAC_rank_vol_m12_n6_pairwise1,2015-04-30,Ctrl_fund_age,,34,skipped,完整变量样本数小于 min_cross_section_n
FAC_rank_vol_m12_n6_pairwise1,2015-05-29,FAC_rank_vol_m12_n6_pairwise1,,30,skipped,完整变量样本数小于 min_cross_section_n
FAC_rank_vol_m12_n6_pairwise1,2015-05-29,CtrlRetSTR,,30,skipped,完整变量样本数小于 min_cross_section_n
FAC_rank_vol_m12_n6_pairwise1,2015-05-29,CtrlRetLTM,,30,skipped,完整变量样本数小于 min_cross_section_n
FAC_rank_vol_m12_n6_pairwise1,2015-05-29,CtrlVol,,30,skipped,完整变量样本数小于 min_cross_section_n
FAC_rank_vol_m12_n6_pairwise1,2015-05-29,as_偏股混合型基金,,30,skipped,完整变量样本数小于 min_cross_section_n
FAC_rank_vol_m12_n6_pairwise1,2015-05-29,Ctrl_log_fund_size,,30,skipped,完整变量样本数小于 min_cross_section_n
FAC_rank_vol_m12_n6_pairwise1,2015-05-29,Ctrl_fund_age,,30,skipped,完整变量样本数小于 min_cross_section_n
FAC_rank_vol_m12_n6_pairwise1,2015-06-30,FAC_rank_vol_m12_n6_pairwise1,,26,skipped,完整变量样本数小于 min_cross_section_n
FAC_rank_vol_m12_n6_pairwise1,2015-06-30,CtrlRetSTR,,26,skipped,完整变量样本数小于 min_cross_section_n
FAC_rank_vol_m12_n6_pairwise1,2015-06-30,CtrlRetLTM,,26,skipped,完整变量样本数小于 min_cross_section_n
FAC_rank_vol_m12_n6_pairwise1,2015-06-30,CtrlVol,,26,skipped,完整变量样本数小于 min_cross_section_n
FAC_rank_vol_m12_n6_pairwise1,2015-06-30,as_偏股混合型基金,,26,skipped,完整变量样本数小于 min_cross_section_n
FAC_rank_vol_m12_n6_pairwise1,2015-06-30,Ctrl_log_fund_size,,26,skipped,完整变量样本数小于 min_cross_section_n
FAC_rank_vol_m12_n6_pairwise1,2015-06-30,Ctrl_fund_age,,26,skipped,完整变量样本数小于 min_cross_section_n
FAC_rank_vol_m12_n6_pairwise1,2015-07-31,FAC_rank_vol_m12_n6_pairwise1,,25,skipped,完整变量样本数小于 min_cross_section_n
FAC_rank_vol_m12_n6_pairwise1,2015-07-31,CtrlRetSTR,,25,skipped,完整变量样本数小于 min_cross_section_n
FAC_rank_vol_m12_n6_pairwise1,2015-07-31,CtrlRetLTM,,25,skipped,完整变量样本数小于 min_cross_section_n
FAC_rank_vol_m12_n6_pairwise1,2015-07-31,CtrlVol,,25,skipped,完整变量样本数小于 min_cross_section_n
FAC_rank_vol_m12_n6_pairwise1,2015-07-31,as_偏股混合型基金,,25,skipped,完整变量样本数小于 min_cross_section_n
FAC_rank_vol_m12_n6_pairwise1,2015-07-31,Ctrl_log_fund_size,,25,skipped,完整变量样本数小于 min_cross_section_n
FAC_rank_vol_m12_n6_pairwise1,2015-07-31,Ctrl_fund_age,,25,skipped,完整变量样本数小于 min_cross_section_n
FAC_rank_vol_m12_n6_pairwise1,2015-08-31,FAC_rank_vol_m12_n6_pairwise1,,27,skipped,完整变量样本数小于 min_cross_section_n
FAC_rank_vol_m12_n6_pairwise1,2015-08-31,CtrlRetSTR,,27,skipped,完整变量样本数小于 min_cross_section_n
FAC_rank_vol_m12_n6_pairwise1,2015-08-31,CtrlRetLTM,,27,skipped,完整变量样本数小于 min_cross_section_n
FAC_rank_vol_m12_n6_pairwise1,2015-08-31,CtrlVol,,27,skipped,完整变量样本数小于 min_cross_section_n
FAC_rank_vol_m12_n6_pairwise1,2015-08-31,as_偏股混合型基金,,27,skipped,完整变量样本数小于 min_cross_section_n
FAC_rank_vol_m12_n6_pairwise1,2015-08-31,Ctrl_log_fund_size,,27,skipped,完整变量样本数小于 min_cross_section_n
FAC_rank_vol_m12_n6_pairwise1,2015-08-31,Ctrl_fund_age,,27,skipped,完整变量样本数小于 min_cross_section_n
FAC_rank_vol_m12_n6_pairwise1,2015-09-30,FAC_rank_vol_m12_n6_pairwise1,,24,skipped,完整变量样本数小于 min_cross_section_n
FAC_rank_vol_m12_n6_pairwise1,2015-09-30,CtrlRetSTR,,24,skipped,完整变量样本数小于 min_cross_section_n
FAC_rank_vol_m12_n6_pairwise1,2015-09-30,CtrlRetLTM,,24,skipped,完整变量样本数小于 min_cross_section_n
FAC_rank_vol_m12_n6_pairwise1,2015-09-30,CtrlVol,,24,skipped,完整变量样本数小于 min_cross_section_n
FAC_rank_vol_m12_n6_pairwise1,2015-09-30,as_偏股混合型基金,,24,skipped,完整变量样本数小于 min_cross_section_n
FAC_rank_vol_m12_n6_pairwise1,2015-09-30,Ctrl_log_fund_size,,24,skipped,完整变量样本数小于 min_cross_section_n
FAC_rank_vol_m12_n6_pairwise1,2015-09-30,Ctrl_fund_age,,24,skipped,完整变量样本数小于 min_cross_section_n
FAC_rank_vol_m12_n6_pairwise1,2015-10-30,FAC_rank_vol_m12_n6_pairwise1,,25,skipped,完整变量样本数小于 min_cross_section_n
FAC_rank_vol_m12_n6_pairwise1,2015-10-30,CtrlRetSTR,,25,skipped,完整变量样本数小于 min_cross_section_n
FAC_rank_vol_m12_n6_pairwise1,2015-10-30,CtrlRetLTM,,25,skipped,完整变量样本数小于 min_cross_section_n
FAC_rank_vol_m12_n6_pairwise1,2015-10-30,CtrlVol,,25,skipped,完整变量样本数小于 min_cross_section_n
FAC_rank_vol_m12_n6_pairwise1,2015-10-30,as_偏股混合型基金,,25,skipped,完整变量样本数小于 min_cross_section_n
FAC_rank_vol_m12_n6_pairwise1,2015-10-30,Ctrl_log_fund_size,,25,skipped,完整变量样本数小于 min_cross_section_n
FAC_rank_vol_m12_n6_pairwise1,2015-10-30,Ctrl_fund_age,,25,skipped,完整变量样本数小于 min_cross_section_n
FAC_rank_vol_m12_n6_pairwise1,2015-11-30,FAC_rank_vol_m12_n6_pairwise1,,27,skipped,完整变量样本数小于 min_cross_section_n
FAC_rank_vol_m12_n6_pairwise1,2015-11-30,CtrlRetSTR,,27,skipped,完整变量样本数小于 min_cross_section_n
FAC_rank_vol_m12_n6_pairwise1,2015-11-30,CtrlRetLTM,,27,skipped,完整变量样本数小于 min_cross_section_n
FAC_rank_vol_m12_n6_pairwise1,2015-11-30,CtrlVol,,27,skipped,完整变量样本数小于 min_cross_section_n
FAC_rank_vol_m12_n6_pairwise1,2015-11-30,as_偏股混合型基金,,27,skipped,完整变量样本数小于 min_cross_section_n
FAC_rank_vol_m12_n6_pairwise1,2015-11-30,Ctrl_log_fund_size,,27,skipped,完整变量样本数小于 min_cross_section_n
FAC_rank_vol_m12_n6_pairwise1,2015-11-30,Ctrl_fund_age,,27,skipped,完整变量样本数小于 min_cross_section_n
FAC_rank_vol_m12_n6_pairwise1,2015-12-31,FAC_rank_vol_m12_n6_pairwise1,,27,skipped,完整变量样本数小于 min_cross_section_n
FAC_rank_vol_m12_n6_pairwise1,2015-12-31,CtrlRetSTR,,27,skipped,完整变量样本数小于 min_cross_section_n
FAC_rank_vol_m12_n6_pairwise1,2015-12-31,CtrlRetLTM,,27,skipped,完整变量样本数小于 min_cross_section_n
FAC_rank_vol_m12_n6_pairwise1,2015-12-31,CtrlVol,,27,skipped,完整变量样本数小于 min_cross_section_n
FAC_rank_vol_m12_n6_pairwise1,2015-12-31,as_偏股混合型基金,,27,skipped,完整变量样本数小于 min_cross_section_n
FAC_rank_vol_m12_n6_pairwise1,2015-12-31,Ctrl_log_fund_size,,27,skipped,完整变量样本数小于 min_cross_section_n
FAC_rank_vol_m12_n6_pairwise1,2015-12-31,Ctrl_fund_age,,27,skipped,完整变量样本数小于 min_cross_section_n
FAC_rank_vol_m12_n6_pairwise1,2016-01-29,FAC_rank_vol_m12_n6_pairwise1,,28,skipped,完整变量样本数小于 min_cross_section_n
FAC_rank_vol_m12_n6_pairwise1,2016-01-29,CtrlRetSTR,,28,skipped,完整变量样本数小于 min_cross_section_n
FAC_rank_vol_m12_n6_pairwise1,2016-01-29,CtrlRetLTM,,28,skipped,完整变量样本数小于 min_cross_section_n
FAC_rank_vol_m12_n6_pairwise1,2016-01-29,CtrlVol,,28,skipped,完整变量样本数小于 min_cross_section_n
FAC_rank_vol_m12_n6_pairwise1,2016-01-29,as_偏股混合型基金,,28,skipped,完整变量样本数小于 min_cross_section_n
FAC_rank_vol_m12_n6_pairwise1,2016-01-29,Ctrl_log_fund_size,,28,skipped,完整变量样本数小于 min_cross_section_n
FAC_rank_vol_m12_n6_pairwise1,2016-01-29,Ctrl_fund_age,,28,skipped,完整变量样本数小于 min_cross_section_n
FAC_rank_vol_m12_n6_pairwise1,2016-02-29,FAC_rank_vol_m12_n6_pairwise1,,30,skipped,完整变量样本数小于 min_cross_section_n
FAC_rank_vol_m12_n6_pairwise1,2016-02-29,CtrlRetSTR,,30,skipped,完整变量样本数小于 min_cross_section_n
FAC_rank_vol_m12_n6_pairwise1,2016-02-29,CtrlRetLTM,,30,skipped,完整变量样本数小于 min_cross_section_n
FAC_rank_vol_m12_n6_pairwise1,2016-02-29,CtrlVol,,30,skipped,完整变量样本数小于 min_cross_section_n
FAC_rank_vol_m12_n6_pairwise1,2016-02-29,as_偏股混合型基金,,30,skipped,完整变量样本数小于 min_cross_section_n
FAC_rank_vol_m12_n6_pairwise1,2016-02-29,Ctrl_log_fund_size,,30,skipped,完整变量样本数小于 min_cross_section_n
FAC_rank_vol_m12_n6_pairwise1,2016-02-29,Ctrl_fund_age,,30,skipped,完整变量样本数小于 min_cross_section_n
FAC_rank_vol_m12_n6_pairwise1,2016-03-31,FAC_rank_vol_m12_n6_pairwise1,,31,skipped,完整变量样本数小于 min_cross_section_n
FAC_rank_vol_m12_n6_pairwise1,2016-03-31,CtrlRetSTR,,31,skipped,完整变量样本数小于 min_cross_section_n
FAC_rank_vol_m12_n6_pairwise1,2016-03-31,CtrlRetLTM,,31,skipped,完整变量样本数小于 min_cross_section_n
FAC_rank_vol_m12_n6_pairwise1,2016-03-31,CtrlVol,,31,skipped,完整变量样本数小于 min_cross_section_n
FAC_rank_vol_m12_n6_pairwise1,2016-03-31,as_偏股混合型基金,,31,skipped,完整变量样本数小于 min_cross_section_n
FAC_rank_vol_m12_n6_pairwise1,2016-03-31,Ctrl_log_fund_size,,31,skipped,完整变量样本数小于 min_cross_section_n
FAC_rank_vol_m12_n6_pairwise1,2016-03-31,Ctrl_fund_age,,31,skipped,完整变量样本数小于 min_cross_section_n
FAC_rank_vol_m12_n6_pairwise1,2016-04-29,FAC_rank_vol_m12_n6_pairwise1,,29,skipped,完整变量样本数小于 min_cross_section_n
FAC_rank_vol_m12_n6_pairwise1,2016-04-29,CtrlRetSTR,,29,skipped,完整变量样本数小于 min_cross_section_n
FAC_rank_vol_m12_n6_pairwise1,2016-04-29,CtrlRetLTM,,29,skipped,完整变量样本数小于 min_cross_section_n
FAC_rank_vol_m12_n6_pairwise1,2016-04-29,CtrlVol,,29,skipped,完整变量样本数小于 min_cross_section_n
FAC_rank_vol_m12_n6_pairwise1,2016-04-29,as_偏股混合型基金,,29,skipped,完整变量样本数小于 min_cross_section_n
FAC_rank_vol_m12_n6_pairwise1,2016-04-29,Ctrl_log_fund_size,,29,skipped,完整变量样本数小于 min_cross_section_n
FAC_rank_vol_m12_n6_pairwise1,2016-04-29,Ctrl_fund_age,,29,skipped,完整变量样本数小于 min_cross_section_n
FAC_rank_vol_m12_n6_pairwise1,2016-05-31,FAC_rank_vol_m12_n6_pairwise1,,31,skipped,完整变量样本数小于 min_cross_section_n
FAC_rank_vol_m12_n6_pairwise1,2016-05-31,CtrlRetSTR,,31,skipped,完整变量样本数小于 min_cross_section_n
FAC_rank_vol_m12_n6_pairwise1,2016-05-31,CtrlRetLTM,,31,skipped,完整变量样本数小于 min_cross_section_n
FAC_rank_vol_m12_n6_pairwise1,2016-05-31,CtrlVol,,31,skipped,完整变量样本数小于 min_cross_section_n
FAC_rank_vol_m12_n6_pairwise1,2016-05-31,as_偏股混合型基金,,31,skipped,完整变量样本数小于 min_cross_section_n
FAC_rank_vol_m12_n6_pairwise1,2016-05-31,Ctrl_log_fund_size,,31,skipped,完整变量样本数小于 min_cross_section_n
FAC_rank_vol_m12_n6_pairwise1,2016-05-31,Ctrl_fund_age,,31,skipped,完整变量样本数小于 min_cross_section_n
FAC_rank_vol_m12_n6_pairwise1,2016-06-30,FAC_rank_vol_m12_n6_pairwise1,,32,skipped,完整变量样本数小于 min_cross_section_n
FAC_rank_vol_m12_n6_pairwise1,2016-06-30,CtrlRetSTR,,32,skipped,完整变量样本数小于 min_cross_section_n
FAC_rank_vol_m12_n6_pairwise1,2016-06-30,CtrlRetLTM,,32,skipped,完整变量样本数小于 min_cross_section_n
FAC_rank_vol_m12_n6_pairwise1,2016-06-30,CtrlVol,,32,skipped,完整变量样本数小于 min_cross_section_n
FAC_rank_vol_m12_n6_pairwise1,2016-06-30,as_偏股混合型基金,,32,skipped,完整变量样本数小于 min_cross_section_n
FAC_rank_vol_m12_n6_pairwise1,2016-06-30,Ctrl_log_fund_size,,32,skipped,完整变量样本数小于 min_cross_section_n
FAC_rank_vol_m12_n6_pairwise1,2016-06-30,Ctrl_fund_age,,32,skipped,完整变量样本数小于 min_cross_section_n
FAC_rank_vol_m12_n6_pairwise1,2016-07-29,FAC_rank_vol_m12_n6_pairwise1,,31,skipped,完整变量样本数小于 min_cross_section_n
FAC_rank_vol_m12_n6_pairwise1,2016-07-29,CtrlRetSTR,,31,skipped,完整变量样本数小于 min_cross_section_n
FAC_rank_vol_m12_n6_pairwise1,2016-07-29,CtrlRetLTM,,31,skipped,完整变量样本数小于 min_cross_section_n
FAC_rank_vol_m12_n6_pairwise1,2016-07-29,CtrlVol,,31,skipped,完整变量样本数小于 min_cross_section_n
FAC_rank_vol_m12_n6_pairwise1,2016-07-29,as_偏股混合型基金,,31,skipped,完整变量样本数小于 min_cross_section_n
FAC_rank_vol_m12_n6_pairwise1,2016-07-29,Ctrl_log_fund_size,,31,skipped,完整变量样本数小于 min_cross_section_n
FAC_rank_vol_m12_n6_pairwise1,2016-07-29,Ctrl_fund_age,,31,skipped,完整变量样本数小于 min_cross_section_n
FAC_rank_vol_m12_n6_pairwise1,2016-08-31,FAC_rank_vol_m12_n6_pairwise1,,34,skipped,完整变量样本数小于 min_cross_section_n
FAC_rank_vol_m12_n6_pairwise1,2016-08-31,CtrlRetSTR,,34,skipped,完整变量样本数小于 min_cross_section_n
FAC_rank_vol_m12_n6_pairwise1,2016-08-31,CtrlRetLTM,,34,skipped,完整变量样本数小于 min_cross_section_n
FAC_rank_vol_m12_n6_pairwise1,2016-08-31,CtrlVol,,34,skipped,完整变量样本数小于 min_cross_section_n
FAC_rank_vol_m12_n6_pairwise1,2016-08-31,as_偏股混合型基金,,34,skipped,完整变量样本数小于 min_cross_section_n
FAC_rank_vol_m12_n6_pairwise1,2016-08-31,Ctrl_log_fund_size,,34,skipped,完整变量样本数小于 min_cross_section_n
FAC_rank_vol_m12_n6_pairwise1,2016-08-31,Ctrl_fund_age,,34,skipped,完整变量样本数小于 min_cross_section_n
FAC_rank_vol_m12_n6_pairwise1,2016-09-30,FAC_rank_vol_m12_n6_pairwise1,,34,skipped,完整变量样本数小于 min_cross_section_n
FAC_rank_vol_m12_n6_pairwise1,2016-09-30,CtrlRetSTR,,34,skipped,完整变量样本数小于 min_cross_section_n
FAC_rank_vol_m12_n6_pairwise1,2016-09-30,CtrlRetLTM,,34,skipped,完整变量样本数小于 min_cross_section_n
FAC_rank_vol_m12_n6_pairwise1,2016-09-30,CtrlVol,,34,skipped,完整变量样本数小于 min_cross_section_n
FAC_rank_vol_m12_n6_pairwise1,2016-09-30,as_偏股混合型基金,,34,skipped,完整变量样本数小于 min_cross_section_n
FAC_rank_vol_m12_n6_pairwise1,2016-09-30,Ctrl_log_fund_size,,34,skipped,完整变量样本数小于 min_cross_section_n
FAC_rank_vol_m12_n6_pairwise1,2016-09-30,Ctrl_fund_age,,34,skipped,完整变量样本数小于 min_cross_section_n
FAC_rank_vol_m12_n6_pairwise1,2016-10-31,FAC_rank_vol_m12_n6_pairwise1,,35,skipped,完整变量样本数小于 min_cross_section_n
FAC_rank_vol_m12_n6_pairwise1,2016-10-31,CtrlRetSTR,,35,skipped,完整变量样本数小于 min_cross_section_n
FAC_rank_vol_m12_n6_pairwise1,2016-10-31,CtrlRetLTM,,35,skipped,完整变量样本数小于 min_cross_section_n
FAC_rank_vol_m12_n6_pairwise1,2016-10-31,CtrlVol,,35,skipped,完整变量样本数小于 min_cross_section_n
FAC_rank_vol_m12_n6_pairwise1,2016-10-31,as_偏股混合型基金,,35,skipped,完整变量样本数小于 min_cross_section_n
FAC_rank_vol_m12_n6_pairwise1,2016-10-31,Ctrl_log_fund_size,,35,skipped,完整变量样本数小于 min_cross_section_n
FAC_rank_vol_m12_n6_pairwise1,2016-10-31,Ctrl_fund_age,,35,skipped,完整变量样本数小于 min_cross_section_n
FAC_rank_vol_m12_n6_pairwise1,2016-11-30,FAC_rank_vol_m12_n6_pairwise1,,37,skipped,完整变量样本数小于 min_cross_section_n
FAC_rank_vol_m12_n6_pairwise1,2016-11-30,CtrlRetSTR,,37,skipped,完整变量样本数小于 min_cross_section_n
FAC_rank_vol_m12_n6_pairwise1,2016-11-30,CtrlRetLTM,,37,skipped,完整变量样本数小于 min_cross_section_n
FAC_rank_vol_m12_n6_pairwise1,2016-11-30,CtrlVol,,37,skipped,完整变量样本数小于 min_cross_section_n
FAC_rank_vol_m12_n6_pairwise1,2016-11-30,as_偏股混合型基金,,37,skipped,完整变量样本数小于 min_cross_section_n
FAC_rank_vol_m12_n6_pairwise1,2016-11-30,Ctrl_log_fund_size,,37,skipped,完整变量样本数小于 min_cross_section_n
FAC_rank_vol_m12_n6_pairwise1,2016-11-30,Ctrl_fund_age,,37,skipped,完整变量样本数小于 min_cross_section_n
FAC_rank_vol_m12_n6_pairwise1,2016-12-30,FAC_rank_vol_m12_n6_pairwise1,,38,skipped,完整变量样本数小于 min_cross_section_n
FAC_rank_vol_m12_n6_pairwise1,2016-12-30,CtrlRetSTR,,38,skipped,完整变量样本数小于 min_cross_section_n
FAC_rank_vol_m12_n6_pairwise1,2016-12-30,CtrlRetLTM,,38,skipped,完整变量样本数小于 min_cross_section_n
FAC_rank_vol_m12_n6_pairwise1,2016-12-30,CtrlVol,,38,skipped,完整变量样本数小于 min_cross_section_n
FAC_rank_vol_m12_n6_pairwise1,2016-12-30,as_偏股混合型基金,,38,skipped,完整变量样本数小于 min_cross_section_n
FAC_rank_vol_m12_n6_pairwise1,2016-12-30,Ctrl_log_fund_size,,38,skipped,完整变量样本数小于 min_cross_section_n
FAC_rank_vol_m12_n6_pairwise1,2016-12-30,Ctrl_fund_age,,38,skipped,完整变量样本数小于 min_cross_section_n
FAC_rank_vol_m12_n6_pairwise1,2017-01-26,FAC_rank_vol_m12_n6_pairwise1,,38,skipped,完整变量样本数小于 min_cross_section_n
FAC_rank_vol_m12_n6_pairwise1,2017-01-26,CtrlRetSTR,,38,skipped,完整变量样本数小于 min_cross_section_n
FAC_rank_vol_m12_n6_pairwise1,2017-01-26,CtrlRetLTM,,38,skipped,完整变量样本数小于 min_cross_section_n
FAC_rank_vol_m12_n6_pairwise1,2017-01-26,CtrlVol,,38,skipped,完整变量样本数小于 min_cross_section_n
FAC_rank_vol_m12_n6_pairwise1,2017-01-26,as_偏股混合型基金,,38,skipped,完整变量样本数小于 min_cross_section_n
FAC_rank_vol_m12_n6_pairwise1,2017-01-26,Ctrl_log_fund_size,,38,skipped,完整变量样本数小于 min_cross_section_n
FAC_rank_vol_m12_n6_pairwise1,2017-01-26,Ctrl_fund_age,,38,skipped,完整变量样本数小于 min_cross_section_n
FAC_rank_vol_m12_n6_pairwise1,2017-02-28,FAC_rank_vol_m12_n6_pairwise1,,39,skipped,完整变量样本数小于 min_cross_section_n
FAC_rank_vol_m12_n6_pairwise1,2017-02-28,CtrlRetSTR,,39,skipped,完整变量样本数小于 min_cross_section_n
FAC_rank_vol_m12_n6_pairwise1,2017-02-28,CtrlRetLTM,,39,skipped,完整变量样本数小于 min_cross_section_n
FAC_rank_vol_m12_n6_pairwise1,2017-02-28,CtrlVol,,39,skipped,完整变量样本数小于 min_cross_section_n
FAC_rank_vol_m12_n6_pairwise1,2017-02-28,as_偏股混合型基金,,39,skipped,完整变量样本数小于 min_cross_section_n
FAC_rank_vol_m12_n6_pairwise1,2017-02-28,Ctrl_log_fund_size,,39,skipped,完整变量样本数小于 min_cross_section_n
FAC_rank_vol_m12_n6_pairwise1,2017-02-28,Ctrl_fund_age,,39,skipped,完整变量样本数小于 min_cross_section_n
FAC_rank_vol_m12_n6_pairwise1,2017-03-31,FAC_rank_vol_m12_n6_pairwise1,,39,skipped,完整变量样本数小于 min_cross_section_n
FAC_rank_vol_m12_n6_pairwise1,2017-03-31,CtrlRetSTR,,39,skipped,完整变量样本数小于 min_cross_section_n
FAC_rank_vol_m12_n6_pairwise1,2017-03-31,CtrlRetLTM,,39,skipped,完整变量样本数小于 min_cross_section_n
FAC_rank_vol_m12_n6_pairwise1,2017-03-31,CtrlVol,,39,skipped,完整变量样本数小于 min_cross_section_n
FAC_rank_vol_m12_n6_pairwise1,2017-03-31,as_偏股混合型基金,,39,skipped,完整变量样本数小于 min_cross_section_n
FAC_rank_vol_m12_n6_pairwise1,2017-03-31,Ctrl_log_fund_size,,39,skipped,完整变量样本数小于 min_cross_section_n
FAC_rank_vol_m12_n6_pairwise1,2017-03-31,Ctrl_fund_age,,39,skipped,完整变量样本数小于 min_cross_section_n
FAC_rank_vol_m12_n6_pairwise1,2017-04-28,FAC_rank_vol_m12_n6_pairwise1,,41,skipped,完整变量样本数小于 min_cross_section_n
FAC_rank_vol_m12_n6_pairwise1,2017-04-28,CtrlRetSTR,,41,skipped,完整变量样本数小于 min_cross_section_n
FAC_rank_vol_m12_n6_pairwise1,2017-04-28,CtrlRetLTM,,41,skipped,完整变量样本数小于 min_cross_section_n
FAC_rank_vol_m12_n6_pairwise1,2017-04-28,CtrlVol,,41,skipped,完整变量样本数小于 min_cross_section_n
FAC_rank_vol_m12_n6_pairwise1,2017-04-28,as_偏股混合型基金,,41,skipped,完整变量样本数小于 min_cross_section_n
FAC_rank_vol_m12_n6_pairwise1,2017-04-28,Ctrl_log_fund_size,,41,skipped,完整变量样本数小于 min_cross_section_n
FAC_rank_vol_m12_n6_pairwise1,2017-04-28,Ctrl_fund_age,,41,skipped,完整变量样本数小于 min_cross_section_n
FAC_rank_vol_m12_n6_pairwise1,2017-05-31,FAC_rank_vol_m12_n6_pairwise1,,43,skipped,完整变量样本数小于 min_cross_section_n
FAC_rank_vol_m12_n6_pairwise1,2017-05-31,CtrlRetSTR,,43,skipped,完整变量样本数小于 min_cross_section_n
FAC_rank_vol_m12_n6_pairwise1,2017-05-31,CtrlRetLTM,,43,skipped,完整变量样本数小于 min_cross_section_n
FAC_rank_vol_m12_n6_pairwise1,2017-05-31,CtrlVol,,43,skipped,完整变量样本数小于 min_cross_section_n
FAC_rank_vol_m12_n6_pairwise1,2017-05-31,as_偏股混合型基金,,43,skipped,完整变量样本数小于 min_cross_section_n
FAC_rank_vol_m12_n6_pairwise1,2017-05-31,Ctrl_log_fund_size,,43,skipped,完整变量样本数小于 min_cross_section_n
FAC_rank_vol_m12_n6_pairwise1,2017-05-31,Ctrl_fund_age,,43,skipped,完整变量样本数小于 min_cross_section_n
FAC_rank_vol_m12_n6_pairwise1,2017-06-30,FAC_rank_vol_m12_n6_pairwise1,,47,skipped,完整变量样本数小于 min_cross_section_n
FAC_rank_vol_m12_n6_pairwise1,2017-06-30,CtrlRetSTR,,47,skipped,完整变量样本数小于 min_cross_section_n
FAC_rank_vol_m12_n6_pairwise1,2017-06-30,CtrlRetLTM,,47,skipped,完整变量样本数小于 min_cross_section_n
FAC_rank_vol_m12_n6_pairwise1,2017-06-30,CtrlVol,,47,skipped,完整变量样本数小于 min_cross_section_n
FAC_rank_vol_m12_n6_pairwise1,2017-06-30,as_偏股混合型基金,,47,skipped,完整变量样本数小于 min_cross_section_n
FAC_rank_vol_m12_n6_pairwise1,2017-06-30,Ctrl_log_fund_size,,47,skipped,完整变量样本数小于 min_cross_section_n
FAC_rank_vol_m12_n6_pairwise1,2017-06-30,Ctrl_fund_age,,47,skipped,完整变量样本数小于 min_cross_section_n
FAC_rank_vol_m12_n6_pairwise1,2017-07-31,FAC_rank_vol_m12_n6_pairwise1,1.8070736629250723,51,ok,
FAC_rank_vol_m12_n6_pairwise1,2017-07-31,CtrlRetSTR,1.2886539562613004,51,ok,
FAC_rank_vol_m12_n6_pairwise1,2017-07-31,CtrlRetLTM,1.7482979161444758,51,ok,
FAC_rank_vol_m12_n6_pairwise1,2017-07-31,CtrlVol,1.714692063520895,51,ok,
FAC_rank_vol_m12_n6_pairwise1,2017-07-31,as_偏股混合型基金,1.662168604102869,51,ok,
FAC_rank_vol_m12_n6_pairwise1,2017-07-31,Ctrl_log_fund_size,1.5924900843405605,51,ok,
FAC_rank_vol_m12_n6_pairwise1,2017-07-31,Ctrl_fund_age,1.7170541686000176,51,ok,
FAC_rank_vol_m12_n6_pairwise1,2017-08-31,FAC_rank_vol_m12_n6_pairwise1,1.517031730796828,57,ok,
FAC_rank_vol_m12_n6_pairwise1,2017-08-31,CtrlRetSTR,1.205848295130159,57,ok,
FAC_rank_vol_m12_n6_pairwise1,2017-08-31,CtrlRetLTM,1.2995651628393317,57,ok,
FAC_rank_vol_m12_n6_pairwise1,2017-08-31,CtrlVol,1.7299162493296025,57,ok,
FAC_rank_vol_m12_n6_pairwise1,2017-08-31,as_偏股混合型基金,1.683722135314642,57,ok,
FAC_rank_vol_m12_n6_pairwise1,2017-08-31,Ctrl_log_fund_size,1.1410759887755324,57,ok,
FAC_rank_vol_m12_n6_pairwise1,2017-08-31,Ctrl_fund_age,1.7628519213205867,57,ok,
FAC_rank_vol_m12_n6_pairwise1,2017-09-29,FAC_rank_vol_m12_n6_pairwise1,1.4540946985948089,68,ok,
FAC_rank_vol_m12_n6_pairwise1,2017-09-29,CtrlRetSTR,1.0894607202853122,68,ok,
FAC_rank_vol_m12_n6_pairwise1,2017-09-29,CtrlRetLTM,1.4005627000943461,68,ok,
FAC_rank_vol_m12_n6_pairwise1,2017-09-29,CtrlVol,1.7263316236353263,68,ok,
FAC_rank_vol_m12_n6_pairwise1,2017-09-29,as_偏股混合型基金,1.674565143753683,68,ok,
FAC_rank_vol_m12_n6_pairwise1,2017-09-29,Ctrl_log_fund_size,1.1462190216490038,68,ok,
FAC_rank_vol_m12_n6_pairwise1,2017-09-29,Ctrl_fund_age,1.7764081834128007,68,ok,
FAC_rank_vol_m12_n6_pairwise1,2017-10-31,FAC_rank_vol_m12_n6_pairwise1,1.5003742247659486,77,ok,
FAC_rank_vol_m12_n6_pairwise1,2017-10-31,CtrlRetSTR,1.1177091917902637,77,ok,
FAC_rank_vol_m12_n6_pairwise1,2017-10-31,CtrlRetLTM,1.46321541992595,77,ok,
FAC_rank_vol_m12_n6_pairwise1,2017-10-31,CtrlVol,1.6477295875057834,77,ok,
FAC_rank_vol_m12_n6_pairwise1,2017-10-31,as_偏股混合型基金,1.5843910666048606,77,ok,
FAC_rank_vol_m12_n6_pairwise1,2017-10-31,Ctrl_log_fund_size,1.238991905618037,77,ok,
FAC_rank_vol_m12_n6_pairwise1,2017-10-31,Ctrl_fund_age,1.6543772718521936,77,ok,
FAC_rank_vol_m12_n6_pairwise1,2017-11-30,FAC_rank_vol_m12_n6_pairwise1,1.5138550957897396,85,ok,
FAC_rank_vol_m12_n6_pairwise1,2017-11-30,CtrlRetSTR,1.2588010606465103,85,ok,
FAC_rank_vol_m12_n6_pairwise1,2017-11-30,CtrlRetLTM,1.4122424373924096,85,ok,
FAC_rank_vol_m12_n6_pairwise1,2017-11-30,CtrlVol,1.6961663792746873,85,ok,
FAC_rank_vol_m12_n6_pairwise1,2017-11-30,as_偏股混合型基金,1.5501508506453843,85,ok,
FAC_rank_vol_m12_n6_pairwise1,2017-11-30,Ctrl_log_fund_size,1.1443736948320573,85,ok,
FAC_rank_vol_m12_n6_pairwise1,2017-11-30,Ctrl_fund_age,1.6461387761539006,85,ok,
FAC_rank_vol_m12_n6_pairwise1,2017-12-29,FAC_rank_vol_m12_n6_pairwise1,1.5974996481207238,89,ok,
FAC_rank_vol_m12_n6_pairwise1,2017-12-29,CtrlRetSTR,1.2425536730854094,89,ok,
FAC_rank_vol_m12_n6_pairwise1,2017-12-29,CtrlRetLTM,1.4537409032738955,89,ok,
FAC_rank_vol_m12_n6_pairwise1,2017-12-29,CtrlVol,1.5857982188585547,89,ok,
FAC_rank_vol_m12_n6_pairwise1,2017-12-29,as_偏股混合型基金,1.6325969646318295,89,ok,
FAC_rank_vol_m12_n6_pairwise1,2017-12-29,Ctrl_log_fund_size,1.166223918138093,89,ok,
FAC_rank_vol_m12_n6_pairwise1,2017-12-29,Ctrl_fund_age,1.718977996366966,89,ok,
FAC_rank_vol_m12_n6_pairwise1,2018-01-31,FAC_rank_vol_m12_n6_pairwise1,1.8429198356482368,91,ok,
FAC_rank_vol_m12_n6_pairwise1,2018-01-31,CtrlRetSTR,1.4147156768163103,91,ok,
FAC_rank_vol_m12_n6_pairwise1,2018-01-31,CtrlRetLTM,1.557496385433872,91,ok,
FAC_rank_vol_m12_n6_pairwise1,2018-01-31,CtrlVol,1.675631171153231,91,ok,
FAC_rank_vol_m12_n6_pairwise1,2018-01-31,as_偏股混合型基金,1.647584391099723,91,ok,
FAC_rank_vol_m12_n6_pairwise1,2018-01-31,Ctrl_log_fund_size,1.246705255119177,91,ok,
FAC_rank_vol_m12_n6_pairwise1,2018-01-31,Ctrl_fund_age,1.7754940299045396,91,ok,
FAC_rank_vol_m12_n6_pairwise1,2018-02-28,FAC_rank_vol_m12_n6_pairwise1,1.9741090155091052,95,ok,
FAC_rank_vol_m12_n6_pairwise1,2018-02-28,CtrlRetSTR,2.0723234212970376,95,ok,
FAC_rank_vol_m12_n6_pairwise1,2018-02-28,CtrlRetLTM,2.1175067448375438,95,ok,
FAC_rank_vol_m12_n6_pairwise1,2018-02-28,CtrlVol,1.6874294164883434,95,ok,
FAC_rank_vol_m12_n6_pairwise1,2018-02-28,as_偏股混合型基金,1.632513019603618,95,ok,
FAC_rank_vol_m12_n6_pairwise1,2018-02-28,Ctrl_log_fund_size,1.4295814376169085,95,ok,
FAC_rank_vol_m12_n6_pairwise1,2018-02-28,Ctrl_fund_age,1.748671868772693,95,ok,
FAC_rank_vol_m12_n6_pairwise1,2018-03-30,FAC_rank_vol_m12_n6_pairwise1,1.8225874931762445,95,ok,
FAC_rank_vol_m12_n6_pairwise1,2018-03-30,CtrlRetSTR,1.2145967091907963,95,ok,
FAC_rank_vol_m12_n6_pairwise1,2018-03-30,CtrlRetLTM,1.7490771023012788,95,ok,
FAC_rank_vol_m12_n6_pairwise1,2018-03-30,CtrlVol,1.4757604046686148,95,ok,
FAC_rank_vol_m12_n6_pairwise1,2018-03-30,as_偏股混合型基金,1.7761408066048214,95,ok,
FAC_rank_vol_m12_n6_pairwise1,2018-03-30,Ctrl_log_fund_size,1.36492777414705,95,ok,
FAC_rank_vol_m12_n6_pairwise1,2018-03-30,Ctrl_fund_age,1.9149860088507533,95,ok,
FAC_rank_vol_m12_n6_pairwise1,2018-04-27,FAC_rank_vol_m12_n6_pairwise1,1.7181552451472506,99,ok,
FAC_rank_vol_m12_n6_pairwise1,2018-04-27,CtrlRetSTR,1.3048909889441451,99,ok,
FAC_rank_vol_m12_n6_pairwise1,2018-04-27,CtrlRetLTM,1.4574361288883602,99,ok,
FAC_rank_vol_m12_n6_pairwise1,2018-04-27,CtrlVol,1.5159636476492386,99,ok,
FAC_rank_vol_m12_n6_pairwise1,2018-04-27,as_偏股混合型基金,1.6810827648237852,99,ok,
FAC_rank_vol_m12_n6_pairwise1,2018-04-27,Ctrl_log_fund_size,1.3462118747215461,99,ok,
FAC_rank_vol_m12_n6_pairwise1,2018-04-27,Ctrl_fund_age,1.8728331201277129,99,ok,
FAC_rank_vol_m12_n6_pairwise1,2018-05-31,FAC_rank_vol_m12_n6_pairwise1,1.859636817476727,101,ok,
FAC_rank_vol_m12_n6_pairwise1,2018-05-31,CtrlRetSTR,1.4571060747295066,101,ok,
FAC_rank_vol_m12_n6_pairwise1,2018-05-31,CtrlRetLTM,1.3253449638114128,101,ok,
FAC_rank_vol_m12_n6_pairwise1,2018-05-31,CtrlVol,1.6110529637627156,101,ok,
FAC_rank_vol_m12_n6_pairwise1,2018-05-31,as_偏股混合型基金,1.9135506740505515,101,ok,
FAC_rank_vol_m12_n6_pairwise1,2018-05-31,Ctrl_log_fund_size,1.1866487907706313,101,ok,
FAC_rank_vol_m12_n6_pairwise1,2018-05-31,Ctrl_fund_age,2.0071801778804237,101,ok,
FAC_rank_vol_m12_n6_pairwise1,2018-06-29,FAC_rank_vol_m12_n6_pairwise1,1.5125651298251614,101,ok,
FAC_rank_vol_m12_n6_pairwise1,2018-06-29,CtrlRetSTR,1.1114079336677116,101,ok,
FAC_rank_vol_m12_n6_pairwise1,2018-06-29,CtrlRetLTM,1.3144677854424953,101,ok,
FAC_rank_vol_m12_n6_pairwise1,2018-06-29,CtrlVol,1.3733595291940484,101,ok,
FAC_rank_vol_m12_n6_pairwise1,2018-06-29,as_偏股混合型基金,1.712514647315611,101,ok,
FAC_rank_vol_m12_n6_pairwise1,2018-06-29,Ctrl_log_fund_size,1.3056744433368914,101,ok,
FAC_rank_vol_m12_n6_pairwise1,2018-06-29,Ctrl_fund_age,1.9982617276287968,101,ok,
FAC_rank_vol_m12_n6_pairwise1,2018-07-31,FAC_rank_vol_m12_n6_pairwise1,1.460641695969395,103,ok,
FAC_rank_vol_m12_n6_pairwise1,2018-07-31,CtrlRetSTR,1.5675685858088142,103,ok,
FAC_rank_vol_m12_n6_pairwise1,2018-07-31,CtrlRetLTM,1.4744510987171477,103,ok,
FAC_rank_vol_m12_n6_pairwise1,2018-07-31,CtrlVol,1.5940839010618473,103,ok,
FAC_rank_vol_m12_n6_pairwise1,2018-07-31,as_偏股混合型基金,1.8635211289909634,103,ok,
FAC_rank_vol_m12_n6_pairwise1,2018-07-31,Ctrl_log_fund_size,1.3732818805182414,103,ok,
FAC_rank_vol_m12_n6_pairwise1,2018-07-31,Ctrl_fund_age,2.2328858203402344,103,ok,
FAC_rank_vol_m12_n6_pairwise1,2018-08-31,FAC_rank_vol_m12_n6_pairwise1,1.2170254322498564,109,ok,
FAC_rank_vol_m12_n6_pairwise1,2018-08-31,CtrlRetSTR,1.7467353885310375,109,ok,
FAC_rank_vol_m12_n6_pairwise1,2018-08-31,CtrlRetLTM,1.3349493741644456,109,ok,
FAC_rank_vol_m12_n6_pairwise1,2018-08-31,CtrlVol,1.8399368450119378,109,ok,
FAC_rank_vol_m12_n6_pairwise1,2018-08-31,as_偏股混合型基金,1.7256629229429805,109,ok,
FAC_rank_vol_m12_n6_pairwise1,2018-08-31,Ctrl_log_fund_size,1.2748445189914883,109,ok,
FAC_rank_vol_m12_n6_pairwise1,2018-08-31,Ctrl_fund_age,1.921240368015046,109,ok,
FAC_rank_vol_m12_n6_pairwise1,2018-09-28,FAC_rank_vol_m12_n6_pairwise1,1.1326465131752033,108,ok,
FAC_rank_vol_m12_n6_pairwise1,2018-09-28,CtrlRetSTR,1.3872191334300354,108,ok,
FAC_rank_vol_m12_n6_pairwise1,2018-09-28,CtrlRetLTM,1.2772028288500883,108,ok,
FAC_rank_vol_m12_n6_pairwise1,2018-09-28,CtrlVol,1.2421840199376628,108,ok,
FAC_rank_vol_m12_n6_pairwise1,2018-09-28,as_偏股混合型基金,1.653011044097554,108,ok,
FAC_rank_vol_m12_n6_pairwise1,2018-09-28,Ctrl_log_fund_size,1.2641989955745958,108,ok,
FAC_rank_vol_m12_n6_pairwise1,2018-09-28,Ctrl_fund_age,1.9068133253017259,108,ok,
FAC_rank_vol_m12_n6_pairwise1,2018-10-31,FAC_rank_vol_m12_n6_pairwise1,1.0837648842443206,107,ok,
FAC_rank_vol_m12_n6_pairwise1,2018-10-31,CtrlRetSTR,2.313544867592552,107,ok,
FAC_rank_vol_m12_n6_pairwise1,2018-10-31,CtrlRetLTM,1.1900201971710467,107,ok,
FAC_rank_vol_m12_n6_pairwise1,2018-10-31,CtrlVol,2.391457416465431,107,ok,
FAC_rank_vol_m12_n6_pairwise1,2018-10-31,as_偏股混合型基金,1.6439381532878063,107,ok,
FAC_rank_vol_m12_n6_pairwise1,2018-10-31,Ctrl_log_fund_size,1.2436913816214223,107,ok,
FAC_rank_vol_m12_n6_pairwise1,2018-10-31,Ctrl_fund_age,1.8301445231168054,107,ok,
FAC_rank_vol_m12_n6_pairwise1,2018-11-30,FAC_rank_vol_m12_n6_pairwise1,1.0912561733264332,109,ok,
FAC_rank_vol_m12_n6_pairwise1,2018-11-30,CtrlRetSTR,1.2637218094854987,109,ok,
FAC_rank_vol_m12_n6_pairwise1,2018-11-30,CtrlRetLTM,1.3148882234621975,109,ok,
FAC_rank_vol_m12_n6_pairwise1,2018-11-30,CtrlVol,1.4627171892747692,109,ok,
FAC_rank_vol_m12_n6_pairwise1,2018-11-30,as_偏股混合型基金,1.5885826826472131,109,ok,
FAC_rank_vol_m12_n6_pairwise1,2018-11-30,Ctrl_log_fund_size,1.227234179108723,109,ok,
FAC_rank_vol_m12_n6_pairwise1,2018-11-30,Ctrl_fund_age,1.8194522592030749,109,ok,
FAC_rank_vol_m12_n6_pairwise1,2018-12-28,FAC_rank_vol_m12_n6_pairwise1,1.2014022785781213,108,ok,
FAC_rank_vol_m12_n6_pairwise1,2018-12-28,CtrlRetSTR,1.1171278252665124,108,ok,
FAC_rank_vol_m12_n6_pairwise1,2018-12-28,CtrlRetLTM,1.4697766010796702,108,ok,
FAC_rank_vol_m12_n6_pairwise1,2018-12-28,CtrlVol,1.7066517180046157,108,ok,
FAC_rank_vol_m12_n6_pairwise1,2018-12-28,as_偏股混合型基金,1.6084194462724457,108,ok,
FAC_rank_vol_m12_n6_pairwise1,2018-12-28,Ctrl_log_fund_size,1.1307207859710597,108,ok,
FAC_rank_vol_m12_n6_pairwise1,2018-12-28,Ctrl_fund_age,1.808324979179772,108,ok,
FAC_rank_vol_m12_n6_pairwise1,2019-01-31,FAC_rank_vol_m12_n6_pairwise1,1.3930185870311043,105,ok,
FAC_rank_vol_m12_n6_pairwise1,2019-01-31,CtrlRetSTR,1.5345225963941047,105,ok,
FAC_rank_vol_m12_n6_pairwise1,2019-01-31,CtrlRetLTM,1.647602935105166,105,ok,
FAC_rank_vol_m12_n6_pairwise1,2019-01-31,CtrlVol,1.8799647638557966,105,ok,
FAC_rank_vol_m12_n6_pairwise1,2019-01-31,as_偏股混合型基金,1.5648929155848557,105,ok,
FAC_rank_vol_m12_n6_pairwise1,2019-01-31,Ctrl_log_fund_size,1.2004935063153652,105,ok,
FAC_rank_vol_m12_n6_pairwise1,2019-01-31,Ctrl_fund_age,1.6241214825659989,105,ok,
FAC_rank_vol_m12_n6_pairwise1,2019-02-28,FAC_rank_vol_m12_n6_pairwise1,1.3104438728443502,108,ok,
FAC_rank_vol_m12_n6_pairwise1,2019-02-28,CtrlRetSTR,1.2804136270757467,108,ok,
FAC_rank_vol_m12_n6_pairwise1,2019-02-28,CtrlRetLTM,1.2290330133752232,108,ok,
FAC_rank_vol_m12_n6_pairwise1,2019-02-28,CtrlVol,1.6442282943340374,108,ok,
FAC_rank_vol_m12_n6_pairwise1,2019-02-28,as_偏股混合型基金,1.5025195776890656,108,ok,
FAC_rank_vol_m12_n6_pairwise1,2019-02-28,Ctrl_log_fund_size,1.19399147408786,108,ok,
FAC_rank_vol_m12_n6_pairwise1,2019-02-28,Ctrl_fund_age,1.5138003989329352,108,ok,
FAC_rank_vol_m12_n6_pairwise1,2019-03-29,FAC_rank_vol_m12_n6_pairwise1,1.0646215574557356,107,ok,
FAC_rank_vol_m12_n6_pairwise1,2019-03-29,CtrlRetSTR,1.7497119870596274,107,ok,
FAC_rank_vol_m12_n6_pairwise1,2019-03-29,CtrlRetLTM,1.0291750875169183,107,ok,
FAC_rank_vol_m12_n6_pairwise1,2019-03-29,CtrlVol,1.7894904982618163,107,ok,
FAC_rank_vol_m12_n6_pairwise1,2019-03-29,as_偏股混合型基金,1.5532400209932546,107,ok,
FAC_rank_vol_m12_n6_pairwise1,2019-03-29,Ctrl_log_fund_size,1.0817879410294626,107,ok,
FAC_rank_vol_m12_n6_pairwise1,2019-03-29,Ctrl_fund_age,1.5762853402273997,107,ok,
FAC_rank_vol_m12_n6_pairwise1,2019-04-30,FAC_rank_vol_m12_n6_pairwise1,1.1339971307811954,105,ok,
FAC_rank_vol_m12_n6_pairwise1,2019-04-30,CtrlRetSTR,1.1982528949410685,105,ok,
FAC_rank_vol_m12_n6_pairwise1,2019-04-30,CtrlRetLTM,1.330472734329779,105,ok,
FAC_rank_vol_m12_n6_pairwise1,2019-04-30,CtrlVol,1.3870330769509787,105,ok,
FAC_rank_vol_m12_n6_pairwise1,2019-04-30,as_偏股混合型基金,1.6385231271572513,105,ok,
FAC_rank_vol_m12_n6_pairwise1,2019-04-30,Ctrl_log_fund_size,1.1728619561233773,105,ok,
FAC_rank_vol_m12_n6_pairwise1,2019-04-30,Ctrl_fund_age,1.6430381529778486,105,ok,
FAC_rank_vol_m12_n6_pairwise1,2019-05-31,FAC_rank_vol_m12_n6_pairwise1,1.1682696989676624,108,ok,
FAC_rank_vol_m12_n6_pairwise1,2019-05-31,CtrlRetSTR,1.13141212036059,108,ok,
FAC_rank_vol_m12_n6_pairwise1,2019-05-31,CtrlRetLTM,1.183146586589716,108,ok,
FAC_rank_vol_m12_n6_pairwise1,2019-05-31,CtrlVol,1.3151634755558421,108,ok,
FAC_rank_vol_m12_n6_pairwise1,2019-05-31,as_偏股混合型基金,1.67638305845859,108,ok,
FAC_rank_vol_m12_n6_pairwise1,2019-05-31,Ctrl_log_fund_size,1.1656664973324733,108,ok,
FAC_rank_vol_m12_n6_pairwise1,2019-05-31,Ctrl_fund_age,1.6551141133346527,108,ok,
FAC_rank_vol_m12_n6_pairwise1,2019-06-28,FAC_rank_vol_m12_n6_pairwise1,1.1028828912401663,110,ok,
FAC_rank_vol_m12_n6_pairwise1,2019-06-28,CtrlRetSTR,1.2725638577413545,110,ok,
FAC_rank_vol_m12_n6_pairwise1,2019-06-28,CtrlRetLTM,1.3103957780754678,110,ok,
FAC_rank_vol_m12_n6_pairwise1,2019-06-28,CtrlVol,1.2315651592702066,110,ok,
FAC_rank_vol_m12_n6_pairwise1,2019-06-28,as_偏股混合型基金,1.613827674672766,110,ok,
FAC_rank_vol_m12_n6_pairwise1,2019-06-28,Ctrl_log_fund_size,1.252422153327328,110,ok,
FAC_rank_vol_m12_n6_pairwise1,2019-06-28,Ctrl_fund_age,1.614784779567187,110,ok,
FAC_rank_vol_m12_n6_pairwise1,2019-07-31,FAC_rank_vol_m12_n6_pairwise1,1.1034208899074491,109,ok,
FAC_rank_vol_m12_n6_pairwise1,2019-07-31,CtrlRetSTR,1.372948147458217,109,ok,
FAC_rank_vol_m12_n6_pairwise1,2019-07-31,CtrlRetLTM,1.283834426764848,109,ok,
FAC_rank_vol_m12_n6_pairwise1,2019-07-31,CtrlVol,1.414177152643851,109,ok,
FAC_rank_vol_m12_n6_pairwise1,2019-07-31,as_偏股混合型基金,1.504692138445329,109,ok,
FAC_rank_vol_m12_n6_pairwise1,2019-07-31,Ctrl_log_fund_size,1.4978304653729473,109,ok,
FAC_rank_vol_m12_n6_pairwise1,2019-07-31,Ctrl_fund_age,1.581373045563874,109,ok,
FAC_rank_vol_m12_n6_pairwise1,2019-08-30,FAC_rank_vol_m12_n6_pairwise1,1.0259381329438408,110,ok,
FAC_rank_vol_m12_n6_pairwise1,2019-08-30,CtrlRetSTR,1.3165605441133648,110,ok,
FAC_rank_vol_m12_n6_pairwise1,2019-08-30,CtrlRetLTM,1.4621919421618845,110,ok,
FAC_rank_vol_m12_n6_pairwise1,2019-08-30,CtrlVol,1.7585272052369194,110,ok,
FAC_rank_vol_m12_n6_pairwise1,2019-08-30,as_偏股混合型基金,1.5697202430429325,110,ok,
FAC_rank_vol_m12_n6_pairwise1,2019-08-30,Ctrl_log_fund_size,1.193929243907449,110,ok,
FAC_rank_vol_m12_n6_pairwise1,2019-08-30,Ctrl_fund_age,1.618366243115907,110,ok,
FAC_rank_vol_m12_n6_pairwise1,2019-09-30,FAC_rank_vol_m12_n6_pairwise1,1.3278085472562122,110,ok,
FAC_rank_vol_m12_n6_pairwise1,2019-09-30,CtrlRetSTR,1.3482622498934256,110,ok,
FAC_rank_vol_m12_n6_pairwise1,2019-09-30,CtrlRetLTM,1.8802391085779688,110,ok,
FAC_rank_vol_m12_n6_pairwise1,2019-09-30,CtrlVol,2.0984422823442874,110,ok,
FAC_rank_vol_m12_n6_pairwise1,2019-09-30,as_偏股混合型基金,1.5970204155705792,110,ok,
FAC_rank_vol_m12_n6_pairwise1,2019-09-30,Ctrl_log_fund_size,1.2285849192782494,110,ok,
FAC_rank_vol_m12_n6_pairwise1,2019-09-30,Ctrl_fund_age,1.850550607664481,110,ok,
FAC_rank_vol_m12_n6_pairwise1,2019-10-31,FAC_rank_vol_m12_n6_pairwise1,1.2879249890045927,114,ok,
FAC_rank_vol_m12_n6_pairwise1,2019-10-31,CtrlRetSTR,1.0241538963006733,114,ok,
FAC_rank_vol_m12_n6_pairwise1,2019-10-31,CtrlRetLTM,1.9821773858411647,114,ok,
FAC_rank_vol_m12_n6_pairwise1,2019-10-31,CtrlVol,2.417995478017615,114,ok,
FAC_rank_vol_m12_n6_pairwise1,2019-10-31,as_偏股混合型基金,1.497638828553953,114,ok,
FAC_rank_vol_m12_n6_pairwise1,2019-10-31,Ctrl_log_fund_size,1.1803979498774917,114,ok,
FAC_rank_vol_m12_n6_pairwise1,2019-10-31,Ctrl_fund_age,1.732383201696848,114,ok,
FAC_rank_vol_m12_n6_pairwise1,2019-11-29,FAC_rank_vol_m12_n6_pairwise1,1.3112391669547545,117,ok,
FAC_rank_vol_m12_n6_pairwise1,2019-11-29,CtrlRetSTR,1.269519615734208,117,ok,
FAC_rank_vol_m12_n6_pairwise1,2019-11-29,CtrlRetLTM,1.4357889389878447,117,ok,
FAC_rank_vol_m12_n6_pairwise1,2019-11-29,CtrlVol,1.7059408760758816,117,ok,
FAC_rank_vol_m12_n6_pairwise1,2019-11-29,as_偏股混合型基金,1.450533509753891,117,ok,
FAC_rank_vol_m12_n6_pairwise1,2019-11-29,Ctrl_log_fund_size,1.2040718134002726,117,ok,
FAC_rank_vol_m12_n6_pairwise1,2019-11-29,Ctrl_fund_age,1.6883402855078986,117,ok,
FAC_rank_vol_m12_n6_pairwise1,2019-12-31,FAC_rank_vol_m12_n6_pairwise1,1.3443597826677602,120,ok,
FAC_rank_vol_m12_n6_pairwise1,2019-12-31,CtrlRetSTR,1.156453825154562,120,ok,
FAC_rank_vol_m12_n6_pairwise1,2019-12-31,CtrlRetLTM,1.7510079468729698,120,ok,
FAC_rank_vol_m12_n6_pairwise1,2019-12-31,CtrlVol,2.07083701252139,120,ok,
FAC_rank_vol_m12_n6_pairwise1,2019-12-31,as_偏股混合型基金,1.4267320702517066,120,ok,
FAC_rank_vol_m12_n6_pairwise1,2019-12-31,Ctrl_log_fund_size,1.1921602001201377,120,ok,
FAC_rank_vol_m12_n6_pairwise1,2019-12-31,Ctrl_fund_age,1.587209930812692,120,ok,
FAC_rank_vol_m12_n6_pairwise1,2020-01-23,FAC_rank_vol_m12_n6_pairwise1,1.2644795191991445,121,ok,
FAC_rank_vol_m12_n6_pairwise1,2020-01-23,CtrlRetSTR,1.5119557642523607,121,ok,
FAC_rank_vol_m12_n6_pairwise1,2020-01-23,CtrlRetLTM,1.8810192441835984,121,ok,
FAC_rank_vol_m12_n6_pairwise1,2020-01-23,CtrlVol,2.045582848627503,121,ok,
FAC_rank_vol_m12_n6_pairwise1,2020-01-23,as_偏股混合型基金,1.4631245046623509,121,ok,
FAC_rank_vol_m12_n6_pairwise1,2020-01-23,Ctrl_log_fund_size,1.2603931868103908,121,ok,
FAC_rank_vol_m12_n6_pairwise1,2020-01-23,Ctrl_fund_age,1.576953464111064,121,ok,
FAC_rank_vol_m12_n6_pairwise1,2020-02-28,FAC_rank_vol_m12_n6_pairwise1,1.569298251702347,121,ok,
FAC_rank_vol_m12_n6_pairwise1,2020-02-28,CtrlRetSTR,1.6274543899151486,121,ok,
FAC_rank_vol_m12_n6_pairwise1,2020-02-28,CtrlRetLTM,1.650617533503053,121,ok,
FAC_rank_vol_m12_n6_pairwise1,2020-02-28,CtrlVol,1.6050500719938354,121,ok,
FAC_rank_vol_m12_n6_pairwise1,2020-02-28,as_偏股混合型基金,1.3640795253886624,121,ok,
FAC_rank_vol_m12_n6_pairwise1,2020-02-28,Ctrl_log_fund_size,1.1833596683321215,121,ok,
FAC_rank_vol_m12_n6_pairwise1,2020-02-28,Ctrl_fund_age,1.4809766757543736,121,ok,
FAC_rank_vol_m12_n6_pairwise1,2020-03-31,FAC_rank_vol_m12_n6_pairwise1,1.625719005456878,126,ok,
FAC_rank_vol_m12_n6_pairwise1,2020-03-31,CtrlRetSTR,1.5302566510324154,126,ok,
FAC_rank_vol_m12_n6_pairwise1,2020-03-31,CtrlRetLTM,2.357063437819053,126,ok,
FAC_rank_vol_m12_n6_pairwise1,2020-03-31,CtrlVol,1.7051461955747178,126,ok,
FAC_rank_vol_m12_n6_pairwise1,2020-03-31,as_偏股混合型基金,1.3805231067993289,126,ok,
FAC_rank_vol_m12_n6_pairwise1,2020-03-31,Ctrl_log_fund_size,1.110979355512951,126,ok,
FAC_rank_vol_m12_n6_pairwise1,2020-03-31,Ctrl_fund_age,1.4510257575731875,126,ok,
FAC_rank_vol_m12_n6_pairwise1,2020-04-30,FAC_rank_vol_m12_n6_pairwise1,1.122655414927852,127,ok,
FAC_rank_vol_m12_n6_pairwise1,2020-04-30,CtrlRetSTR,1.263602914145361,127,ok,
FAC_rank_vol_m12_n6_pairwise1,2020-04-30,CtrlRetLTM,1.5032202921171987,127,ok,
FAC_rank_vol_m12_n6_pairwise1,2020-04-30,CtrlVol,1.6767389655520288,127,ok,
FAC_rank_vol_m12_n6_pairwise1,2020-04-30,as_偏股混合型基金,1.3644998658762804,127,ok,
FAC_rank_vol_m12_n6_pairwise1,2020-04-30,Ctrl_log_fund_size,1.0871189587122851,127,ok,
FAC_rank_vol_m12_n6_pairwise1,2020-04-30,Ctrl_fund_age,1.38113951591346,127,ok,
FAC_rank_vol_m12_n6_pairwise1,2020-05-29,FAC_rank_vol_m12_n6_pairwise1,1.141637553251286,127,ok,
FAC_rank_vol_m12_n6_pairwise1,2020-05-29,CtrlRetSTR,1.3389505153664851,127,ok,
FAC_rank_vol_m12_n6_pairwise1,2020-05-29,CtrlRetLTM,1.775633882873285,127,ok,
FAC_rank_vol_m12_n6_pairwise1,2020-05-29,CtrlVol,2.102559420531424,127,ok,
FAC_rank_vol_m12_n6_pairwise1,2020-05-29,as_偏股混合型基金,1.3840169862227725,127,ok,
FAC_rank_vol_m12_n6_pairwise1,2020-05-29,Ctrl_log_fund_size,1.0855044403882288,127,ok,
FAC_rank_vol_m12_n6_pairwise1,2020-05-29,Ctrl_fund_age,1.4551127696239128,127,ok,
FAC_rank_vol_m12_n6_pairwise1,2020-06-30,FAC_rank_vol_m12_n6_pairwise1,1.1039274616030794,129,ok,
FAC_rank_vol_m12_n6_pairwise1,2020-06-30,CtrlRetSTR,1.1997022015878493,129,ok,
FAC_rank_vol_m12_n6_pairwise1,2020-06-30,CtrlRetLTM,1.4071311502736439,129,ok,
FAC_rank_vol_m12_n6_pairwise1,2020-06-30,CtrlVol,1.370263806300657,129,ok,
FAC_rank_vol_m12_n6_pairwise1,2020-06-30,as_偏股混合型基金,1.3760198143338849,129,ok,
FAC_rank_vol_m12_n6_pairwise1,2020-06-30,Ctrl_log_fund_size,1.1317195493588779,129,ok,
FAC_rank_vol_m12_n6_pairwise1,2020-06-30,Ctrl_fund_age,1.4049377332499755,129,ok,
FAC_rank_vol_m12_n6_pairwise1,2020-07-31,FAC_rank_vol_m12_n6_pairwise1,1.1407922357721323,130,ok,
FAC_rank_vol_m12_n6_pairwise1,2020-07-31,CtrlRetSTR,1.2468642831577077,130,ok,
FAC_rank_vol_m12_n6_pairwise1,2020-07-31,CtrlRetLTM,1.54373418336016,130,ok,
FAC_rank_vol_m12_n6_pairwise1,2020-07-31,CtrlVol,1.3303540742282762,130,ok,
FAC_rank_vol_m12_n6_pairwise1,2020-07-31,as_偏股混合型基金,1.36134131876462,130,ok,
FAC_rank_vol_m12_n6_pairwise1,2020-07-31,Ctrl_log_fund_size,1.2727976698822405,130,ok,
FAC_rank_vol_m12_n6_pairwise1,2020-07-31,Ctrl_fund_age,1.434095256850892,130,ok,
FAC_rank_vol_m12_n6_pairwise1,2020-08-31,FAC_rank_vol_m12_n6_pairwise1,1.149443090014108,137,ok,
FAC_rank_vol_m12_n6_pairwise1,2020-08-31,CtrlRetSTR,1.3519638961278337,137,ok,
FAC_rank_vol_m12_n6_pairwise1,2020-08-31,CtrlRetLTM,1.406116109066411,137,ok,
FAC_rank_vol_m12_n6_pairwise1,2020-08-31,CtrlVol,1.4478436821280058,137,ok,
FAC_rank_vol_m12_n6_pairwise1,2020-08-31,as_偏股混合型基金,1.4080084953241552,137,ok,
FAC_rank_vol_m12_n6_pairwise1,2020-08-31,Ctrl_log_fund_size,1.2079133985915176,137,ok,
FAC_rank_vol_m12_n6_pairwise1,2020-08-31,Ctrl_fund_age,1.5079145294530496,137,ok,
FAC_rank_vol_m12_n6_pairwise1,2020-09-30,FAC_rank_vol_m12_n6_pairwise1,1.1358677955966188,143,ok,
FAC_rank_vol_m12_n6_pairwise1,2020-09-30,CtrlRetSTR,1.2885153777716145,143,ok,
FAC_rank_vol_m12_n6_pairwise1,2020-09-30,CtrlRetLTM,1.2000296098737973,143,ok,
FAC_rank_vol_m12_n6_pairwise1,2020-09-30,CtrlVol,1.3440131717548167,143,ok,
FAC_rank_vol_m12_n6_pairwise1,2020-09-30,as_偏股混合型基金,1.3350646832127346,143,ok,
FAC_rank_vol_m12_n6_pairwise1,2020-09-30,Ctrl_log_fund_size,1.174888837180398,143,ok,
FAC_rank_vol_m12_n6_pairwise1,2020-09-30,Ctrl_fund_age,1.3555578449307144,143,ok,
FAC_rank_vol_m12_n6_pairwise1,2020-10-30,FAC_rank_vol_m12_n6_pairwise1,1.1941199639562583,144,ok,
FAC_rank_vol_m12_n6_pairwise1,2020-10-30,CtrlRetSTR,1.1452258767764603,144,ok,
FAC_rank_vol_m12_n6_pairwise1,2020-10-30,CtrlRetLTM,1.2011154513614721,144,ok,
FAC_rank_vol_m12_n6_pairwise1,2020-10-30,CtrlVol,1.2571108308264762,144,ok,
FAC_rank_vol_m12_n6_pairwise1,2020-10-30,as_偏股混合型基金,1.3438195625325213,144,ok,
FAC_rank_vol_m12_n6_pairwise1,2020-10-30,Ctrl_log_fund_size,1.0921854568402252,144,ok,
FAC_rank_vol_m12_n6_pairwise1,2020-10-30,Ctrl_fund_age,1.3836680253490583,144,ok,
FAC_rank_vol_m12_n6_pairwise1,2020-11-30,FAC_rank_vol_m12_n6_pairwise1,1.190473060632982,148,ok,
FAC_rank_vol_m12_n6_pairwise1,2020-11-30,CtrlRetSTR,1.176983504596422,148,ok,
FAC_rank_vol_m12_n6_pairwise1,2020-11-30,CtrlRetLTM,1.1530446014094906,148,ok,
FAC_rank_vol_m12_n6_pairwise1,2020-11-30,CtrlVol,1.1333797847862368,148,ok,
FAC_rank_vol_m12_n6_pairwise1,2020-11-30,as_偏股混合型基金,1.2639202270965912,148,ok,
FAC_rank_vol_m12_n6_pairwise1,2020-11-30,Ctrl_log_fund_size,1.1139024932300376,148,ok,
FAC_rank_vol_m12_n6_pairwise1,2020-11-30,Ctrl_fund_age,1.3510324590096683,148,ok,
FAC_rank_vol_m12_n6_pairwise1,2020-12-31,FAC_rank_vol_m12_n6_pairwise1,1.1909776812126933,154,ok,
FAC_rank_vol_m12_n6_pairwise1,2020-12-31,CtrlRetSTR,1.1076263688325985,154,ok,
FAC_rank_vol_m12_n6_pairwise1,2020-12-31,CtrlRetLTM,1.159717237666751,154,ok,
FAC_rank_vol_m12_n6_pairwise1,2020-12-31,CtrlVol,1.1669233067402223,154,ok,
FAC_rank_vol_m12_n6_pairwise1,2020-12-31,as_偏股混合型基金,1.239949650996737,154,ok,
FAC_rank_vol_m12_n6_pairwise1,2020-12-31,Ctrl_log_fund_size,1.0945469374425447,154,ok,
FAC_rank_vol_m12_n6_pairwise1,2020-12-31,Ctrl_fund_age,1.3159863193321057,154,ok,
FAC_rank_vol_m12_n6_pairwise1,2021-01-29,FAC_rank_vol_m12_n6_pairwise1,1.142496129889784,154,ok,
FAC_rank_vol_m12_n6_pairwise1,2021-01-29,CtrlRetSTR,1.0357961564496714,154,ok,
FAC_rank_vol_m12_n6_pairwise1,2021-01-29,CtrlRetLTM,1.049698490987856,154,ok,
FAC_rank_vol_m12_n6_pairwise1,2021-01-29,CtrlVol,1.1229713344527386,154,ok,
FAC_rank_vol_m12_n6_pairwise1,2021-01-29,as_偏股混合型基金,1.2951035248138802,154,ok,
FAC_rank_vol_m12_n6_pairwise1,2021-01-29,Ctrl_log_fund_size,1.0965965622593816,154,ok,
FAC_rank_vol_m12_n6_pairwise1,2021-01-29,Ctrl_fund_age,1.319866502883879,154,ok,
FAC_rank_vol_m12_n6_pairwise1,2021-02-26,FAC_rank_vol_m12_n6_pairwise1,1.1022181922035585,162,ok,
FAC_rank_vol_m12_n6_pairwise1,2021-02-26,CtrlRetSTR,1.3710227628326523,162,ok,
FAC_rank_vol_m12_n6_pairwise1,2021-02-26,CtrlRetLTM,1.0562025763528415,162,ok,
FAC_rank_vol_m12_n6_pairwise1,2021-02-26,CtrlVol,1.392763383893001,162,ok,
FAC_rank_vol_m12_n6_pairwise1,2021-02-26,as_偏股混合型基金,1.2510639648696917,162,ok,
FAC_rank_vol_m12_n6_pairwise1,2021-02-26,Ctrl_log_fund_size,1.0794917974755105,162,ok,
FAC_rank_vol_m12_n6_pairwise1,2021-02-26,Ctrl_fund_age,1.279890711287545,162,ok,
FAC_rank_vol_m12_n6_pairwise1,2021-03-31,FAC_rank_vol_m12_n6_pairwise1,1.1597240556677244,161,ok,
FAC_rank_vol_m12_n6_pairwise1,2021-03-31,CtrlRetSTR,1.446788491469426,161,ok,
FAC_rank_vol_m12_n6_pairwise1,2021-03-31,CtrlRetLTM,1.2780122102170968,161,ok,
FAC_rank_vol_m12_n6_pairwise1,2021-03-31,CtrlVol,1.247890180264405,161,ok,
FAC_rank_vol_m12_n6_pairwise1,2021-03-31,as_偏股混合型基金,1.3076406361280029,161,ok,
FAC_rank_vol_m12_n6_pairwise1,2021-03-31,Ctrl_log_fund_size,1.0986953225579874,161,ok,
FAC_rank_vol_m12_n6_pairwise1,2021-03-31,Ctrl_fund_age,1.26407717396637,161,ok,
FAC_rank_vol_m12_n6_pairwise1,2021-04-30,FAC_rank_vol_m12_n6_pairwise1,1.1112130103028912,165,ok,
FAC_rank_vol_m12_n6_pairwise1,2021-04-30,CtrlRetSTR,1.723519240281029,165,ok,
FAC_rank_vol_m12_n6_pairwise1,2021-04-30,CtrlRetLTM,1.1111242590872494,165,ok,
FAC_rank_vol_m12_n6_pairwise1,2021-04-30,CtrlVol,1.7678052685963141,165,ok,
FAC_rank_vol_m12_n6_pairwise1,2021-04-30,as_偏股混合型基金,1.2479279740237834,165,ok,
FAC_rank_vol_m12_n6_pairwise1,2021-04-30,Ctrl_log_fund_size,1.0572986768804267,165,ok,
FAC_rank_vol_m12_n6_pairwise1,2021-04-30,Ctrl_fund_age,1.250609792871466,165,ok,
FAC_rank_vol_m12_n6_pairwise1,2021-05-31,FAC_rank_vol_m12_n6_pairwise1,1.25698157303712,168,ok,
FAC_rank_vol_m12_n6_pairwise1,2021-05-31,CtrlRetSTR,1.4593343597360233,168,ok,
FAC_rank_vol_m12_n6_pairwise1,2021-05-31,CtrlRetLTM,1.1453926030450916,168,ok,
FAC_rank_vol_m12_n6_pairwise1,2021-05-31,CtrlVol,1.598367559538715,168,ok,
FAC_rank_vol_m12_n6_pairwise1,2021-05-31,as_偏股混合型基金,1.2635676210254594,168,ok,
FAC_rank_vol_m12_n6_pairwise1,2021-05-31,Ctrl_log_fund_size,1.0248523378267531,168,ok,
FAC_rank_vol_m12_n6_pairwise1,2021-05-31,Ctrl_fund_age,1.25800862643954,168,ok,
FAC_rank_vol_m12_n6_pairwise1,2021-06-30,FAC_rank_vol_m12_n6_pairwise1,1.2454874354975294,172,ok,
FAC_rank_vol_m12_n6_pairwise1,2021-06-30,CtrlRetSTR,1.2435089987069694,172,ok,
FAC_rank_vol_m12_n6_pairwise1,2021-06-30,CtrlRetLTM,1.1939373044830213,172,ok,
FAC_rank_vol_m12_n6_pairwise1,2021-06-30,CtrlVol,1.2935638477313751,172,ok,
FAC_rank_vol_m12_n6_pairwise1,2021-06-30,as_偏股混合型基金,1.3034601098944887,172,ok,
FAC_rank_vol_m12_n6_pairwise1,2021-06-30,Ctrl_log_fund_size,1.0491969142058841,172,ok,
FAC_rank_vol_m12_n6_pairwise1,2021-06-30,Ctrl_fund_age,1.2849569681383328,172,ok,
FAC_rank_vol_m12_n6_pairwise1,2021-07-30,FAC_rank_vol_m12_n6_pairwise1,1.2033992508749496,175,ok,
FAC_rank_vol_m12_n6_pairwise1,2021-07-30,CtrlRetSTR,1.1520479124370715,175,ok,
FAC_rank_vol_m12_n6_pairwise1,2021-07-30,CtrlRetLTM,1.2867366305627939,175,ok,
FAC_rank_vol_m12_n6_pairwise1,2021-07-30,CtrlVol,1.3270522369475573,175,ok,
FAC_rank_vol_m12_n6_pairwise1,2021-07-30,as_偏股混合型基金,1.263185981019228,175,ok,
FAC_rank_vol_m12_n6_pairwise1,2021-07-30,Ctrl_log_fund_size,1.09118950726466,175,ok,
FAC_rank_vol_m12_n6_pairwise1,2021-07-30,Ctrl_fund_age,1.2263086354945227,175,ok,
FAC_rank_vol_m12_n6_pairwise1,2021-08-31,FAC_rank_vol_m12_n6_pairwise1,1.4163074916579892,186,ok,
FAC_rank_vol_m12_n6_pairwise1,2021-08-31,CtrlRetSTR,1.697001680547738,186,ok,
FAC_rank_vol_m12_n6_pairwise1,2021-08-31,CtrlRetLTM,2.1722788391894707,186,ok,
FAC_rank_vol_m12_n6_pairwise1,2021-08-31,CtrlVol,1.6232331469891426,186,ok,
FAC_rank_vol_m12_n6_pairwise1,2021-08-31,as_偏股混合型基金,1.2260650151989723,186,ok,
FAC_rank_vol_m12_n6_pairwise1,2021-08-31,Ctrl_log_fund_size,1.0782072661471689,186,ok,
FAC_rank_vol_m12_n6_pairwise1,2021-08-31,Ctrl_fund_age,1.1942311589003751,186,ok,
FAC_rank_vol_m12_n6_pairwise1,2021-09-30,FAC_rank_vol_m12_n6_pairwise1,1.4428909151702252,190,ok,
FAC_rank_vol_m12_n6_pairwise1,2021-09-30,CtrlRetSTR,2.5184236255347847,190,ok,
FAC_rank_vol_m12_n6_pairwise1,2021-09-30,CtrlRetLTM,2.865178134882719,190,ok,
FAC_rank_vol_m12_n6_pairwise1,2021-09-30,CtrlVol,1.5282189602195104,190,ok,
FAC_rank_vol_m12_n6_pairwise1,2021-09-30,as_偏股混合型基金,1.2134739859096761,190,ok,
FAC_rank_vol_m12_n6_pairwise1,2021-09-30,Ctrl_log_fund_size,1.1213146897861481,190,ok,
FAC_rank_vol_m12_n6_pairwise1,2021-09-30,Ctrl_fund_age,1.1544083868640749,190,ok,
FAC_rank_vol_m12_n6_pairwise1,2021-10-29,FAC_rank_vol_m12_n6_pairwise1,1.5177297929727993,191,ok,
FAC_rank_vol_m12_n6_pairwise1,2021-10-29,CtrlRetSTR,1.2462674775569422,191,ok,
FAC_rank_vol_m12_n6_pairwise1,2021-10-29,CtrlRetLTM,1.5551789386142563,191,ok,
FAC_rank_vol_m12_n6_pairwise1,2021-10-29,CtrlVol,1.4247591225794187,191,ok,
FAC_rank_vol_m12_n6_pairwise1,2021-10-29,as_偏股混合型基金,1.219719635655287,191,ok,
FAC_rank_vol_m12_n6_pairwise1,2021-10-29,Ctrl_log_fund_size,1.103455307302326,191,ok,
FAC_rank_vol_m12_n6_pairwise1,2021-10-29,Ctrl_fund_age,1.20205062755561,191,ok,
FAC_rank_vol_m12_n6_pairwise1,2021-11-30,FAC_rank_vol_m12_n6_pairwise1,1.423429425797554,200,ok,
FAC_rank_vol_m12_n6_pairwise1,2021-11-30,CtrlRetSTR,1.0402426748402849,200,ok,
FAC_rank_vol_m12_n6_pairwise1,2021-11-30,CtrlRetLTM,1.8401395113096963,200,ok,
FAC_rank_vol_m12_n6_pairwise1,2021-11-30,CtrlVol,1.7120169123228153,200,ok,
FAC_rank_vol_m12_n6_pairwise1,2021-11-30,as_偏股混合型基金,1.1987104578057666,200,ok,
FAC_rank_vol_m12_n6_pairwise1,2021-11-30,Ctrl_log_fund_size,1.1144016350857855,200,ok,
FAC_rank_vol_m12_n6_pairwise1,2021-11-30,Ctrl_fund_age,1.1718947969985458,200,ok,
FAC_rank_vol_m12_n6_pairwise1,2021-12-31,FAC_rank_vol_m12_n6_pairwise1,1.1653517119901418,196,ok,
FAC_rank_vol_m12_n6_pairwise1,2021-12-31,CtrlRetSTR,2.0556288719794082,196,ok,
FAC_rank_vol_m12_n6_pairwise1,2021-12-31,CtrlRetLTM,1.3425244141070758,196,ok,
FAC_rank_vol_m12_n6_pairwise1,2021-12-31,CtrlVol,2.071404702078875,196,ok,
FAC_rank_vol_m12_n6_pairwise1,2021-12-31,as_偏股混合型基金,1.199150535808814,196,ok,
FAC_rank_vol_m12_n6_pairwise1,2021-12-31,Ctrl_log_fund_size,1.0724098750437467,196,ok,
FAC_rank_vol_m12_n6_pairwise1,2021-12-31,Ctrl_fund_age,1.1590967671296273,196,ok,
FAC_rank_vol_m12_n6_pairwise1,2022-01-28,FAC_rank_vol_m12_n6_pairwise1,1.2308129380987605,203,ok,
FAC_rank_vol_m12_n6_pairwise1,2022-01-28,CtrlRetSTR,1.2667035444481538,203,ok,
FAC_rank_vol_m12_n6_pairwise1,2022-01-28,CtrlRetLTM,1.1769101739268675,203,ok,
FAC_rank_vol_m12_n6_pairwise1,2022-01-28,CtrlVol,1.6137763568861485,203,ok,
FAC_rank_vol_m12_n6_pairwise1,2022-01-28,as_偏股混合型基金,1.1891878045028879,203,ok,
FAC_rank_vol_m12_n6_pairwise1,2022-01-28,Ctrl_log_fund_size,1.06611999261611,203,ok,
FAC_rank_vol_m12_n6_pairwise1,2022-01-28,Ctrl_fund_age,1.1955776953430628,203,ok,
FAC_rank_vol_m12_n6_pairwise1,2022-02-28,FAC_rank_vol_m12_n6_pairwise1,1.3724155003195504,216,ok,
FAC_rank_vol_m12_n6_pairwise1,2022-02-28,CtrlRetSTR,1.3135054911621864,216,ok,
FAC_rank_vol_m12_n6_pairwise1,2022-02-28,CtrlRetLTM,1.199370024119911,216,ok,
FAC_rank_vol_m12_n6_pairwise1,2022-02-28,CtrlVol,1.8034581453258955,216,ok,
FAC_rank_vol_m12_n6_pairwise1,2022-02-28,as_偏股混合型基金,1.2073308884570253,216,ok,
FAC_rank_vol_m12_n6_pairwise1,2022-02-28,Ctrl_log_fund_size,1.1025095507479097,216,ok,
FAC_rank_vol_m12_n6_pairwise1,2022-02-28,Ctrl_fund_age,1.1914685338574709,216,ok,
FAC_rank_vol_m12_n6_pairwise1,2022-03-31,FAC_rank_vol_m12_n6_pairwise1,1.3634689238861646,211,ok,
FAC_rank_vol_m12_n6_pairwise1,2022-03-31,CtrlRetSTR,1.1425184684190488,211,ok,
FAC_rank_vol_m12_n6_pairwise1,2022-03-31,CtrlRetLTM,1.6743654995234476,211,ok,
FAC_rank_vol_m12_n6_pairwise1,2022-03-31,CtrlVol,2.160560066970439,211,ok,
FAC_rank_vol_m12_n6_pairwise1,2022-03-31,as_偏股混合型基金,1.1810139184486776,211,ok,
FAC_rank_vol_m12_n6_pairwise1,2022-03-31,Ctrl_log_fund_size,1.0797224688116496,211,ok,
FAC_rank_vol_m12_n6_pairwise1,2022-03-31,Ctrl_fund_age,1.1672703841594765,211,ok,
FAC_rank_vol_m12_n6_pairwise1,2022-04-29,FAC_rank_vol_m12_n6_pairwise1,1.3830645283624903,215,ok,
FAC_rank_vol_m12_n6_pairwise1,2022-04-29,CtrlRetSTR,1.8036125279360455,215,ok,
FAC_rank_vol_m12_n6_pairwise1,2022-04-29,CtrlRetLTM,1.2614811814552975,215,ok,
FAC_rank_vol_m12_n6_pairwise1,2022-04-29,CtrlVol,2.4632191748477936,215,ok,
FAC_rank_vol_m12_n6_pairwise1,2022-04-29,as_偏股混合型基金,1.1739016481817768,215,ok,
FAC_rank_vol_m12_n6_pairwise1,2022-04-29,Ctrl_log_fund_size,1.1260100784056093,215,ok,
FAC_rank_vol_m12_n6_pairwise1,2022-04-29,Ctrl_fund_age,1.1501345148532967,215,ok,
FAC_rank_vol_m12_n6_pairwise1,2022-05-31,FAC_rank_vol_m12_n6_pairwise1,1.5268201880636239,231,ok,
FAC_rank_vol_m12_n6_pairwise1,2022-05-31,CtrlRetSTR,2.3115198693212347,231,ok,
FAC_rank_vol_m12_n6_pairwise1,2022-05-31,CtrlRetLTM,1.2018236932283248,231,ok,
FAC_rank_vol_m12_n6_pairwise1,2022-05-31,CtrlVol,2.7666842415534543,231,ok,
FAC_rank_vol_m12_n6_pairwise1,2022-05-31,as_偏股混合型基金,1.0998114737387452,231,ok,
FAC_rank_vol_m12_n6_pairwise1,2022-05-31,Ctrl_log_fund_size,1.1187401112026287,231,ok,
FAC_rank_vol_m12_n6_pairwise1,2022-05-31,Ctrl_fund_age,1.141225588989588,231,ok,
FAC_rank_vol_m12_n6_pairwise1,2022-06-30,FAC_rank_vol_m12_n6_pairwise1,1.245312270116022,240,ok,
FAC_rank_vol_m12_n6_pairwise1,2022-06-30,CtrlRetSTR,1.6939774973261814,240,ok,
FAC_rank_vol_m12_n6_pairwise1,2022-06-30,CtrlRetLTM,1.3882628989098078,240,ok,
FAC_rank_vol_m12_n6_pairwise1,2022-06-30,CtrlVol,1.6972819592444301,240,ok,
FAC_rank_vol_m12_n6_pairwise1,2022-06-30,as_偏股混合型基金,1.112684968777106,240,ok,
FAC_rank_vol_m12_n6_pairwise1,2022-06-30,Ctrl_log_fund_size,1.1207705465957003,240,ok,
FAC_rank_vol_m12_n6_pairwise1,2022-06-30,Ctrl_fund_age,1.1616695643753745,240,ok,
