factor,month_date,n_obs,r_squared,adj_r_squared,const,FAC_rank_vol_m3_n6_pairwise1,CtrlRetSTR,CtrlRetLTM,CtrlVol,as_偏股混合型基金,Ctrl_log_fund_size,Ctrl_fund_age,FAC_rank_vol_m6_n3_pairwise1,FAC_rank_vol_m6_n6_pairwise1,FAC_rank_vol_m6_n12_pairwise1,FAC_rank_vol_m12_n6_pairwise1
FAC_rank_vol_m3_n6_pairwise1,2012-09-28,52,0.09387658800069609,-0.0502794093628296,0.3612764920005187,-0.15621295263879614,0.21366764017902748,0.32282467378157204,-0.7668595985439083,-0.019226178641135024,-0.004655527997414109,-0.0005012471667622586,,,,
FAC_rank_vol_m3_n6_pairwise1,2012-10-31,54,0.18684640381435702,0.0631056391774113,0.11538451401990009,-0.06483896530946202,2.1787408962929686,-0.14926587878622904,1.416663543636474,-0.006431037850585493,-0.006210760621968576,-0.0003850715153562166,,,,
FAC_rank_vol_m3_n6_pairwise1,2012-11-30,56,0.2717947460421296,0.16559814650660687,0.1662112241435934,-0.06813733778967672,-1.9290093252278033,-0.24910603992457786,2.070029664412918,0.005074830175174496,0.0046343590263045725,-0.0004867865901344401,,,,
FAC_rank_vol_m3_n6_pairwise1,2012-12-31,59,0.37958437854630267,0.29442929324873635,-0.2981954402017866,0.36953824654709155,-1.1924131846304564,-0.4837233251403222,4.4304961492951564,0.014462120287111302,0.02593651595533717,-0.0004513528204597778,,,,
FAC_rank_vol_m3_n6_pairwise1,2013-01-31,61,0.17606184448482343,0.0672398239450831,-0.28579679266089797,0.23048490163205212,1.3174001928558383,0.2251393168834125,0.28366648651024645,0.06644109983545697,0.0164105005201762,-0.0005820563072521327,,,,
FAC_rank_vol_m3_n6_pairwise1,2013-02-28,60,0.4874914650410713,0.41849993148890785,-0.0216352255988113,-0.05376820308082549,3.5897589786834825,0.21963860550801498,-0.197866983790418,0.034995329708615255,0.013840170366011281,-0.00022174603543976138,,,,
FAC_rank_vol_m3_n6_pairwise1,2013-03-29,62,0.44364055435370187,0.37151988547362624,-0.3028511358830928,0.07850673392872994,2.248843641692221,0.03100794484560578,5.411368963691959,0.07574037327093336,0.02946569464876023,-0.000222426189507644,,,,
FAC_rank_vol_m3_n6_pairwise1,2013-04-26,63,0.35280219296883686,0.2704315629830524,-0.12033875277197495,0.1794343670346891,1.8787716477005378,0.2777360815817026,0.46988268372575126,0.02859959544552685,0.039743122602058416,-0.0006836845934091828,,,,
FAC_rank_vol_m3_n6_pairwise1,2013-05-31,64,0.23761470536077955,0.14231654353087708,-0.1974450097211704,-0.003740325937755661,0.43258218338680887,0.2625826908850782,1.3689807193968824,0.06240719370341115,0.030322268586698654,0.0003784464674019132,,,,
FAC_rank_vol_m3_n6_pairwise1,2013-06-28,63,0.220114021569647,0.12085580613305669,0.1027137885484751,-0.25899550630844664,-0.18436438504489364,0.3252224926880526,1.3107325338438036,0.03337411932796481,0.018445004982355337,0.0005266266511239258,,,,
FAC_rank_vol_m3_n6_pairwise1,2013-07-31,64,0.4023982317545771,0.32769801072389926,-0.17086532359562226,-0.0706866480495629,0.9051723038910329,0.023433616094980677,2.6273865538243326,0.07503071939248498,0.015285777743301426,0.000402433726321534,,,,
FAC_rank_vol_m3_n6_pairwise1,2013-08-30,68,0.30106528180811787,0.219522898019065,-0.4996532333523393,0.21344411217588166,-0.24403257838044315,-0.0039505961046268495,4.191033028820283,0.0549501924482335,0.011948025735991368,0.0004140805186494647,,,,
FAC_rank_vol_m3_n6_pairwise1,2013-09-30,67,0.3330350733027517,0.2539036413217223,-0.3882818494213822,0.13272670520179178,-0.7722628075954595,-0.12449473003526117,3.1128561969054878,0.060464737464566536,0.03999481437892934,-0.00015835716051339525,,,,
FAC_rank_vol_m3_n6_pairwise1,2013-10-31,69,0.3035926152853552,0.2236770137607238,-0.45879109125242934,0.29212114740637857,0.46423410003758686,-0.1271108094653006,1.7541186408708267,0.11995576946472922,-0.012940425459035908,-4.87393044177469e-05,,,,
FAC_rank_vol_m3_n6_pairwise1,2013-11-29,71,0.2391799740527254,0.15464441561413933,-0.1255218822488798,-0.0201286329319761,1.1724889187153136,-0.0664912801331246,0.3869791440262739,0.04453332433577308,0.019361011613081187,-0.00045481553855750406,,,,
FAC_rank_vol_m3_n6_pairwise1,2013-12-31,71,0.30644662282541635,0.22938513647268488,0.18709745460631078,-0.31098235540024594,-0.4055471717290426,0.038042383929810464,1.1189730874438797,0.051424341662255686,0.00940694452422593,-0.000739886598076407,,,,
FAC_rank_vol_m3_n6_pairwise1,2014-01-30,66,0.2734461878886959,0.1857586588407799,-0.03151213328056968,0.05311223925844369,-0.530740803890546,-0.1888943895848492,0.802704439354996,0.05494512047915058,0.03900185601599151,-0.0011575298302522487,,,,
FAC_rank_vol_m3_n6_pairwise1,2014-02-28,65,0.16794139710861455,0.06575876166581285,-0.028631821974955805,0.10714761015530792,-0.017604620335065567,-0.19470797772106976,0.3668508305993649,0.03759977633764059,0.02673227558831681,-0.0008872940124147083,,,,
FAC_rank_vol_m3_n6_pairwise1,2014-03-31,64,0.21407067726966322,0.11582951192837121,-0.08982867838701057,0.17978889301363774,1.0302198404093306,0.026974931663405265,1.8019730188523782,0.05559330132507824,-0.04005091544030077,0.0003887582963964158,,,,
FAC_rank_vol_m3_n6_pairwise1,2014-04-30,64,0.3604176651086234,0.2804698732472014,-0.4923045610978052,0.6328642645523728,1.4381077389350392,-0.05261969850707874,2.6393814527611013,-0.0015467698150920474,-0.025407434069353366,0.00026856356315524665,,,,
FAC_rank_vol_m3_n6_pairwise1,2014-05-30,66,0.27173067693787756,0.1838361034648628,-0.10674111570061766,0.23958562084831359,0.4955122320060364,0.1640832405129493,1.0462334496314476,0.06268162066858235,-0.09800079141684394,0.0009398224673446329,,,,
FAC_rank_vol_m3_n6_pairwise1,2014-06-30,63,0.276293534126856,0.1841854384702739,-0.020476825539873005,0.31340706788313993,-1.0574930157888756,0.5089580383158875,-3.1133917865937195,0.057759209993678166,-0.1912554434695694,0.002577415255629523,,,,
FAC_rank_vol_m3_n6_pairwise1,2014-07-31,62,0.28489323827914026,0.19219421361162137,0.1295066708310292,-0.07070020075447808,1.1885089649337033,0.4144982394655415,-0.1943159460358086,0.06680703796761171,-0.09439801825114512,0.00198908858244563,,,,
FAC_rank_vol_m3_n6_pairwise1,2014-08-29,62,0.11285844017316182,-0.0021413916562431634,0.5243836379420234,-0.3070975786603957,-0.013499445638574735,0.0066919715180775215,-0.2801791252418875,0.13512543752744666,0.015057750679554302,-0.0003590121668155149,,,,
FAC_rank_vol_m3_n6_pairwise1,2014-09-30,62,0.14440533855286497,0.0334949194763845,0.43818988312998025,-0.11304983897390838,-0.5128629748730632,-0.22065814127568634,0.5122780493478809,0.21661277779497207,-0.010360914114959797,-0.00019339729154781268,,,,
FAC_rank_vol_m3_n6_pairwise1,2014-10-31,62,0.27623702680889806,0.18241590065449598,-0.0005779005294992808,0.49678119128604525,0.5724348367564026,-0.7999521778903316,5.729410647921397,0.2445826934847253,-0.005213069502523129,-0.0007783183146105015,,,,
FAC_rank_vol_m3_n6_pairwise1,2014-11-28,63,0.2807956333835194,0.1892605321777855,-0.061402047163024866,1.195092169067341,-1.4178942856051562,-1.1577905067500474,8.605001133193753,0.015400232817965374,0.030470277171492532,-0.0022288048003445055,,,,
FAC_rank_vol_m3_n6_pairwise1,2014-12-31,58,0.5775935674792955,0.5184566669263968,0.9708817745806406,-0.25535428730738896,-1.598868692798852,-0.2912419619943615,-0.10087792548071063,0.1281007750479799,0.04064214651063657,-0.0019542608388428795,,,,
FAC_rank_vol_m3_n6_pairwise1,2015-01-30,55,0.3482613385980676,0.2511938783892692,0.27807026013989994,-0.09933300919237022,0.045685470355523505,-0.22659161074014295,-1.7766094904286895,0.26866157071526814,0.029410198044709866,-0.0004700193879789,,,,
FAC_rank_vol_m3_n6_pairwise1,2015-02-27,61,0.19878694493898497,0.09296635276111509,0.31665761768804723,-0.24104128318634405,-0.6976853892330582,-0.012243151330666387,-2.5198317422667547,0.0987859001516115,0.03845378314950658,-2.8515366988575282e-05,,,,
FAC_rank_vol_m3_n6_pairwise1,2015-03-31,59,0.23825667055179567,0.133703664549101,0.08895063631553801,-0.015847762333838132,-0.2884368153170577,-0.16329983898745273,-1.876886327925416,0.04144884638633554,0.04237849072380177,-0.0003961919501062893,,,,
FAC_rank_vol_m3_n6_pairwise1,2015-04-30,55,0.35621056410519725,0.2603270310995883,0.14724337586128036,-0.017695170573221026,-0.48419264065145784,-0.18251508850325857,-1.8925977079827536,0.1177113957269675,0.055814337111358504,-0.0010192054262896668,,,,
FAC_rank_vol_m3_n6_pairwise1,2015-05-29,51,0.5180852642009961,0.4396340281406932,0.07630502303013491,0.009422035346771447,-0.5802956407504157,-0.17823679465037154,-1.6157458152153006,0.13908836666416974,0.04197761528300611,-0.0007506705727381422,,,,
FAC_rank_vol_m3_n6_pairwise1,2016-05-31,50,0.29319214472635047,0.17539083551407553,0.10330815497998858,0.10791055656236165,-0.1411521790974892,0.10782092032939494,-0.4048339790853574,-0.027066965782374112,-0.03327049729566677,0.0005760817226201153,,,,
FAC_rank_vol_m3_n6_pairwise1,2016-06-30,52,0.3378787655890958,0.23254129647827004,0.15111687722660014,0.029290402655040185,-0.44015723332584167,0.04450696350762713,-0.9247086543442005,-0.03349342308562305,-0.04798103312716391,0.000667892507903479,,,,
FAC_rank_vol_m3_n6_pairwise1,2016-07-29,53,0.2191359669461017,0.09766822847105094,-0.04577722843268828,0.08221541903771554,0.3794782939888731,0.053758879689216124,-0.22777466625977694,0.026582475248033217,-0.013220556536329049,-0.0002448869794566618,,,,
FAC_rank_vol_m3_n6_pairwise1,2016-08-31,59,0.3587952595550452,0.2707867657684828,0.07252600341207734,0.0986217959086616,-0.31819789492809697,0.0761907334447138,-1.2707045983962428,-0.004260573687825423,-0.01590561584334191,1.0472239168974883e-05,,,,
FAC_rank_vol_m3_n6_pairwise1,2016-09-30,63,0.2606066692045024,0.16650206346689356,0.125120766320014,0.10021432651737469,-0.5719956665058137,-0.06421368035985113,-1.5672827105547156,-0.00987575695044755,-0.022056313978002572,0.0001144308555901474,,,,
FAC_rank_vol_m3_n6_pairwise1,2016-10-31,70,0.371161323429812,0.3001634083331778,0.2894933714753158,-0.022391991050976036,0.5814747131230792,-0.20693365809662537,-2.5275852733399593,-0.006114755185222794,-0.01807395123389173,0.0001372458815144917,,,,
FAC_rank_vol_m3_n6_pairwise1,2016-11-30,76,0.2803402573730026,0.20625763680845877,0.3662558587292903,-0.10520523348875242,-0.40852607625055437,-0.30213546083070875,-3.1568750195153927,-0.038964917065464205,-0.01357832066361014,0.000423059124030485,,,,
FAC_rank_vol_m3_n6_pairwise1,2016-12-30,87,0.213126097716672,0.14340309371688353,0.3048534704328549,0.033609791602816456,0.18750375805322209,-0.3850122439861861,-3.0130218704594984,-0.028905320704675008,-0.035985017590696354,0.0006317185667025451,,,,
FAC_rank_vol_m3_n6_pairwise1,2017-01-26,97,0.2965802490994811,0.24125510015224927,0.04496290252305389,0.024441004705171403,1.8094773049376613,-0.19569810051731548,0.4210663577631774,0.002541763307929724,-0.01550191825047964,0.0005358286559117364,,,,
FAC_rank_vol_m3_n6_pairwise1,2017-02-28,110,0.0964771685022956,0.03447069967402172,0.18816001394312176,-0.09640568085215313,1.144137034742799,0.056531269124204524,-1.6933464200718238,-0.01244871014859506,-0.03694786304210564,0.0006345303956801203,,,,
FAC_rank_vol_m3_n6_pairwise1,2017-03-31,111,0.3161921614630573,0.26971978408676023,-0.047989390550815254,0.12213214044527297,1.3688207704557351,0.09214446050536343,-0.037886902773101874,-0.02188083541127852,-0.02764584880066277,0.0005324509738646199,,,,
FAC_rank_vol_m3_n6_pairwise1,2017-04-28,115,0.3519311558009547,0.3095341286103629,0.046311705434781705,-0.032241500779094934,1.4335088161826384,0.11385961373599829,3.690253527680211,-0.009695195289218122,-0.0015423449326984954,0.00027603193772446236,,,,
FAC_rank_vol_m3_n6_pairwise1,2017-05-31,119,0.1149587258241973,0.0591453121374349,-0.006358509709006446,0.05872855435465201,0.160620656208217,0.1583008107363914,2.101196820252036,0.012018941057387256,-0.006848229384967889,0.00024780131256531854,,,,
FAC_rank_vol_m3_n6_pairwise1,2017-06-30,117,0.1861548657051192,0.1338895818513195,0.042407622742453605,-0.03925564575165718,1.4098905907075385,0.0975545488554302,0.2294638557946875,0.015648965289329488,-0.016521737334729395,3.523468436946886e-05,,,,
FAC_rank_vol_m3_n6_pairwise1,2017-07-31,119,0.1035916318961222,0.047061374448129856,-0.2350825083091556,0.38732430795574513,-0.4856471660314213,-0.012417693479647515,0.47544426726286243,0.007375890306861904,-0.01443093284925931,6.343503968700568e-05,,,,
FAC_rank_vol_m3_n6_pairwise1,2017-08-31,123,0.1276210949389065,0.07451977028301382,-0.09312388044085815,0.17595612887888998,-0.6719376352845844,0.11359695433932361,-0.304554729546232,0.01842672626818688,-0.0017823448039253212,-4.465816481476157e-05,,,,
FAC_rank_vol_m3_n6_pairwise1,2017-09-29,128,0.17797375631752632,0.1300222254360487,0.272739687115564,-0.252740313439228,0.8092613760986181,0.23502596511345075,-2.3722545755400772,0.020678945497132072,0.009964149511051904,-0.000165682897364939,,,,
FAC_rank_vol_m3_n6_pairwise1,2017-10-31,129,0.21374076060031755,0.16825468889950945,0.21406341058563672,-0.20154582361478116,-0.12349361080354399,0.13089984161289517,-2.969290890446727,0.01381642160514436,0.005533567543685808,-0.00017652359838760646,,,,
FAC_rank_vol_m3_n6_pairwise1,2017-11-30,137,0.14917696030131067,0.1030082682246376,-0.10165791314047826,0.1897630078576545,-0.05048220984639058,0.1661030965738379,-3.143106072776039,0.012564227832356206,-0.006637774440348113,1.737832182637916e-05,,,,
FAC_rank_vol_m3_n6_pairwise1,2017-12-29,136,0.15661131451663446,0.1104884957792629,0.0738827661820725,-0.2127937190955587,0.8619561644766957,0.15592091645047337,-0.8442957494109563,0.013116187405619461,-0.011536159455328434,4.540763991218539e-05,,,,
FAC_rank_vol_m3_n6_pairwise1,2018-01-31,135,0.09293720380826764,0.042941616616597345,0.0077468138226016855,-0.12346008115608458,-0.3305372417766519,0.1152641505605868,-1.1964995550048763,-0.003586154797879599,0.015032836046380556,-0.00015895066886272835,,,,
FAC_rank_vol_m3_n6_pairwise1,2018-02-28,135,0.14561172609174844,0.09851945902593928,-0.2714881919525761,0.2130549979527922,0.2426292633006657,-0.006763444846245687,-1.7062851282711033,0.007271441631247504,-0.006949483677373706,-4.634377675620046e-05,,,,
FAC_rank_vol_m3_n6_pairwise1,2018-03-30,135,0.11268156033937715,0.0637742447675318,-0.12130437263492784,0.06293928961447529,-0.17563486859165553,0.0910015740618665,-1.9253009644791677,-0.01124770065544043,-0.015451335101547106,0.00013032577207366738,,,,
FAC_rank_vol_m3_n6_pairwise1,2018-04-27,138,0.4696478225363401,0.4410903975959891,-0.07977852579644451,0.05857365533947011,0.9626428976668244,0.009030631127873194,-3.646666392365501,0.001167951164009502,-0.020400881365488455,0.0002243035073186977,,,,
FAC_rank_vol_m3_n6_pairwise1,2018-05-31,141,0.5188166061293159,0.4934911643466483,-0.04059549377875846,0.007146967175741902,-0.39411701434524915,-0.10624369186459928,-2.9628382003847653,0.008685117634937602,-0.0007665459461582256,-0.00015447200582506356,,,,
FAC_rank_vol_m3_n6_pairwise1,2018-06-29,139,0.4809680170034669,0.4532334835609041,-0.0003648657510077768,-0.026310668249664444,0.4525105981969633,-0.11727505041734566,-2.808985575246661,-0.006347753923017524,0.004031271263194127,-5.704584861641593e-06,,,,
FAC_rank_vol_m3_n6_pairwise1,2018-07-31,136,0.47260693086694994,0.4437651223987362,0.09335997294231879,-0.12964010035832768,0.5992167620630061,0.09836402594279936,-2.6536572781014263,-0.004204659046475906,0.007093847515842948,-2.6041411336826434e-05,,,,
FAC_rank_vol_m3_n6_pairwise1,2018-08-31,137,0.07426620933722161,0.024032592789628993,0.13067583809961353,-0.04138680463795347,0.0516274862360538,-0.013974600709860108,-1.0371052810074926,-0.01905325153090921,0.007335559303432462,8.098457583991078e-05,,,,
FAC_rank_vol_m3_n6_pairwise1,2018-09-28,138,0.04967694704933101,-0.001494294263397311,0.10302880205712302,0.0009044168750397014,-0.33022794583877535,-0.1930004055824034,0.4217532313485328,-0.00415261071311548,0.0062211625411745086,-8.117215024629867e-06,,,,
FAC_rank_vol_m3_n6_pairwise1,2018-10-31,135,0.3476869771759765,0.31173271607543984,-0.03994697637003228,0.10333242083200274,-1.2993410874959832,0.00918764572893069,1.7250321180809822,-0.021896438940609365,-0.003038281604300605,0.0002388581347270373,,,,
FAC_rank_vol_m3_n6_pairwise1,2018-11-30,137,0.3439630352933699,0.3083641302317699,-0.0943816240867021,0.0866533610379655,1.1214259834289741,0.046924554761271844,3.5069448430436294,-0.010551026055655754,-0.016030003576713046,0.00031972376072927596,,,,
FAC_rank_vol_m3_n6_pairwise1,2018-12-28,140,0.2569443209001038,0.21753985306904866,-0.1560967645858508,0.1979867855898914,-0.534312483564863,-0.028342976414784206,4.3570421158915185,0.02903461697595082,0.006749960316093661,-0.0001967059548228057,,,,
FAC_rank_vol_m3_n6_pairwise1,2019-01-31,135,0.22629221958690726,0.18364690885547696,0.4173434094440709,-0.3134913492068216,0.69827929928382,0.07253958994317607,2.0789433172267398,0.00042609231808964624,-0.009522647926509966,5.30780459747213e-05,,,,
FAC_rank_vol_m3_n6_pairwise1,2019-02-28,142,0.24964728156334381,0.2104497514957574,-0.004351214254463952,-0.0010950913209133923,0.1823091351785043,0.24168012793710902,3.3634973075967114,0.020102211420106472,-0.004621560006596308,-0.00011751483454347516,,,,
FAC_rank_vol_m3_n6_pairwise1,2019-03-29,144,0.17737464370823142,0.1350336327226257,0.02469082151150062,-0.027046623571112805,0.488040950262544,0.13083463762619593,0.6237354690576445,0.020040387528809604,0.009317333174773249,-0.0004352371564067422,,,,
FAC_rank_vol_m3_n6_pairwise1,2019-04-30,144,0.12204170437554351,0.07685267445369648,0.03867864929509072,-0.03256619650242815,-0.49151152723269,0.0989261155553139,1.4244763444633457,0.005367412586714776,0.03774873433551945,-0.0006137508583932566,,,,
FAC_rank_vol_m3_n6_pairwise1,2019-05-31,145,0.15781642230260007,0.1147851446100322,0.13904345003477503,-0.03280183563289291,-1.1543329354682517,-0.20234783540805723,0.547389368906967,0.00507187815291678,0.04990975849661765,-0.0008133758466067031,,,,
FAC_rank_vol_m3_n6_pairwise1,2019-06-28,149,0.11528192104089952,0.07135974690817815,0.254450388468454,-0.06000518254690946,-0.457119920388517,-0.20148835376587299,0.8136387172300247,0.01154214520440661,0.02007304692658774,-0.0006217729315211853,,,,
FAC_rank_vol_m3_n6_pairwise1,2019-07-31,151,0.30956621475180635,0.275768756732664,0.3711661136941464,-0.36268409284251896,1.5904102567495062,-0.4134280691712468,2.3429690183120195,0.03399630987832064,0.023107786847165614,-0.0005430558831231998,,,,
FAC_rank_vol_m3_n6_pairwise1,2019-08-30,150,0.2458582591453109,0.2086822578355727,0.477252225242314,-0.3726125546252321,0.5849149076389285,-0.47919284614114094,2.556486545810355,0.015506785190057038,0.03780164549119172,-0.0009292094046068222,,,,
FAC_rank_vol_m3_n6_pairwise1,2019-09-30,152,0.29244658060229467,0.2580516227149062,0.09036370328551915,-0.10955221398188827,1.5256867469442685,0.10189657580851558,1.2056409240258366,-0.01276878868757238,-0.0013187765168080467,1.7536947841915272e-05,,,,
FAC_rank_vol_m3_n6_pairwise1,2019-10-31,156,0.20195650772241192,0.16421120741198547,-0.21016761305951553,0.283037256938285,-0.8809716701991809,-0.20758381963285538,3.729097725061529,0.016005472434377985,0.01027254761553559,-0.0002339747908420354,,,,
FAC_rank_vol_m3_n6_pairwise1,2019-11-29,163,0.23473341162385375,0.20017298505202774,-0.20282506953451127,0.3099172264911214,-0.5651600279217549,-0.1415255067553877,3.6441167002915433,0.006775848859173499,0.00605372136785743,4.9607507707732465e-05,,,,
FAC_rank_vol_m3_n6_pairwise1,2019-12-31,170,0.4516373406936982,0.42794265788416663,0.21750045328217313,-0.08947246973903149,-2.01509844256588,0.028904271416854227,5.099561182495575,0.01766977132887574,-0.008074037533363936,0.0002258667157031394,,,,
FAC_rank_vol_m3_n6_pairwise1,2020-01-23,173,0.08143227209466508,0.04246273212292362,0.6242205158483863,-0.3039790331881416,-0.058521097529909055,0.3979378882286147,-2.3835081996193006,0.04267492585737048,-0.054740574460324265,0.0003431437012233635,,,,
FAC_rank_vol_m3_n6_pairwise1,2020-02-28,176,0.17189859787422257,0.1373943727856486,1.1399989675640534,-0.7585095802713732,-0.0016373763854116356,0.21944820670700893,-2.7833041050926903,0.022127160117037414,-0.034323526344998564,0.00012605721529180072,,,,
FAC_rank_vol_m3_n6_pairwise1,2020-03-31,178,0.07403510891091014,0.03590714280724183,0.4433693833588173,0.049613721392148855,0.027672251386257687,0.06657630669635958,-1.1219404388825596,-0.0015217611554518699,-0.05614628508808657,0.0001237091759212441,,,,
FAC_rank_vol_m3_n6_pairwise1,2020-04-30,180,0.1205344052130013,0.08474220077399552,0.4864829316503589,-0.0273788776027537,0.64863182890654,-0.12867227942173826,-1.7336263664794762,0.005088843936421143,-0.018360790026617096,-0.0003361125787753727,,,,
FAC_rank_vol_m3_n6_pairwise1,2020-05-29,189,0.29057918694461415,0.2631430229037982,0.5928550041740699,-0.0931574615924899,-0.7919486958297814,-0.47608222168558306,1.6355193170923807,0.01892670082453643,-0.004394370460068325,-0.00046545668599941016,,,,
FAC_rank_vol_m3_n6_pairwise1,2020-06-30,187,0.31166363260940133,0.2847454506444058,0.6131963781613478,-0.09018983721492459,0.07779527789734884,-0.6112242496399248,1.4893187246264452,0.016841040444354707,-0.007939968890410922,-0.0006434615339028889,,,,
FAC_rank_vol_m3_n6_pairwise1,2020-07-31,190,0.24181830001930993,0.212657465404668,0.035703912020941184,0.19376375789740732,0.44186325317207026,-0.28103776313971773,1.7528750629584924,0.0007326675583276292,-0.01766310879856539,-0.0002797032896484534,,,,
FAC_rank_vol_m3_n6_pairwise1,2020-08-31,195,0.1428792322885506,0.11079449766833593,-0.00045262153774173325,0.07133443656174386,0.13114341006224411,-0.14673992167851213,2.314384374277552,0.018395987887290854,-0.016649694418167944,-3.965934838068326e-05,,,,
FAC_rank_vol_m3_n6_pairwise1,2020-09-30,198,0.1535096904596317,0.12232320537130237,0.2356617946248142,0.07941564491504122,0.6581915012216721,-0.14357753581129495,-0.360419191902665,0.00015437694942120283,0.0019465251769052972,-0.00021281672156994364,,,,
FAC_rank_vol_m3_n6_pairwise1,2020-10-30,199,0.19806887334884005,0.16867872734591793,0.02938340907332097,0.1302004453853833,0.9115260552177461,-0.09271032022229224,0.7572326188433082,-0.005597995799394058,0.007365525860403673,-0.0001938106409960889,,,,
FAC_rank_vol_m3_n6_pairwise1,2020-11-30,212,0.1869265632750443,0.15902698456389386,0.16088364449560424,-0.07572980832061943,-0.6600525270200681,0.08477210475496232,0.9544698361220385,0.0028203859424454285,-0.005936861475134401,-1.6611840470704847e-05,,,,
FAC_rank_vol_m3_n6_pairwise1,2020-12-31,218,0.11334130663647535,0.08378601685769116,0.1044962404948293,-0.09490719091348987,0.12465346138899747,0.010612103934325136,1.1737294293760356,-0.011665453588210707,-0.006380301983435196,-0.00011650843176019901,,,,
FAC_rank_vol_m3_n6_pairwise1,2021-01-29,216,0.23977612027303696,0.21419166278222568,-0.1414120656007874,0.059203864752711034,-0.5082212485870197,-0.22157929642569366,4.395627858715621,-0.02945151428922289,-0.035249675951825786,0.000367269876989959,,,,
FAC_rank_vol_m3_n6_pairwise1,2021-02-26,230,0.3534047417568119,0.333016602983378,-0.6212097839007729,0.5904785449234654,-1.0369845214632245,-0.42130739413765633,6.48177717314034,-0.02006835350261846,-0.06095044836444941,0.0006572680639524943,,,,
FAC_rank_vol_m3_n6_pairwise1,2021-03-31,230,0.3538373352604661,0.33346283682273303,-0.240872597285717,0.04949191448737626,-1.1009339715136073,-0.23420937767692565,6.163063478011165,-0.03606685164774485,-0.02588064544089974,0.0003762442676120663,,,,
FAC_rank_vol_m3_n6_pairwise1,2021-04-30,242,0.11654390301188466,0.09011572917035993,-0.20432460575192787,0.2121641484375926,0.16257217127048415,-0.17227395167108428,3.0756120103715605,-0.03862248474782911,-0.057457746511201294,0.0005844986111637656,,,,
FAC_rank_vol_m3_n6_pairwise1,2021-05-31,259,0.27254450885609993,0.2522569055174254,-0.03443580270956077,-0.003955297949372559,2.833936918856183,0.19631486835679093,-1.9349958875406106,-0.03416481001104052,-0.04425602062731968,0.0003942410294737147,,,,
FAC_rank_vol_m3_n6_pairwise1,2021-06-30,258,0.3642762719335635,0.34647600754770325,0.08741486497141084,-0.09556515652731928,1.5080288246083113,0.32108851173314107,-3.1980649881563723,0.0005817703863935879,-0.020313349652393703,0.0004204728083370358,,,,
FAC_rank_vol_m3_n6_pairwise1,2021-07-30,264,0.22833750667085329,0.2072373603688844,0.03674220280573216,0.0178266982989475,0.08003106082050696,0.15912120216019726,-2.8529245162047494,0.0051844745078261575,-0.023464004732054494,0.00013457382028102567,,,,
FAC_rank_vol_m3_n6_pairwise1,2021-08-31,277,0.2790613822727783,0.26030089779660526,0.04685918818424126,-0.02288078747409117,0.06586215854679174,-0.008013597683395265,-1.7105265962697414,-0.009661206366939528,-0.011680624315893522,2.2290795609280103e-05,,,,
FAC_rank_vol_m3_n6_pairwise1,2021-09-30,283,0.20497040513787557,0.1847332881777488,0.07153398564106421,-0.13114700917957703,0.11799511233566914,0.0706916437672273,-1.7155319446303599,0.002126178196927931,-0.010449351886722377,2.3895989941236495e-05,,,,
FAC_rank_vol_m3_n6_pairwise1,2021-10-29,289,0.48869401135490464,0.4759568514954182,0.02773943891690855,-0.16780518623228433,-0.933040395166224,0.10781559561605092,-1.9197515908447622,0.0043272315858986525,0.0036987100921937344,-1.820077814865516e-05,,,,
FAC_rank_vol_m3_n6_pairwise1,2021-11-30,303,0.2231565822198941,0.20472300959460343,0.00037443593808074465,-0.1044456848483057,-0.2858622021006306,0.013821191689614834,-1.573238972271809,-0.00441925584448778,-0.006937316977266497,-5.141557145687444e-06,,,,
FAC_rank_vol_m3_n6_pairwise1,2021-12-31,298,0.08284269926584575,0.06070441959295236,-0.1146485628765987,0.00784985527959675,0.3763401124714285,0.1025979125512312,-0.13826058386094073,0.0021082709744057967,-0.009535195440011723,4.383211859047011e-05,,,,
FAC_rank_vol_m3_n6_pairwise1,2022-01-28,306,0.19211866050147486,0.17314158205687857,-0.09645062225431601,0.020545699254004793,-0.09989276097763551,0.1011248269329235,0.8272344169834943,0.00043669183303243964,-0.013111598377974786,2.119423565127919e-05,,,,
FAC_rank_vol_m3_n6_pairwise1,2022-02-28,321,0.0675698361154059,0.046716765357603385,0.07732763450665371,-0.13574828204563752,0.3885297751670566,0.040710550021360044,-0.592022227154535,0.0017115466808071025,-0.006679157163330662,5.059029583407775e-05,,,,
FAC_rank_vol_m3_n6_pairwise1,2022-03-31,329,0.08789698725061712,0.06800689039938457,0.06581473032070408,-0.1511381738508271,-0.15212766255327054,-0.016804480004320072,0.26164918808720483,0.006355265089555555,0.005538807752093359,-2.5086829708345503e-05,,,,
FAC_rank_vol_m3_n6_pairwise1,2022-04-29,353,0.5624034518337717,0.5535246812912685,-0.19209421298510165,0.024906784122712546,-1.5528841841801162,0.05882608962926961,1.174068636977856,0.002306210872265373,-0.0037166201442809283,1.5906571810381784e-06,,,,
FAC_rank_vol_m3_n6_pairwise1,2022-05-31,373,0.1668993262198355,0.1509220530240516,0.0717725188865045,-0.03833447369140896,0.32924707177536744,0.19932976992460485,-0.3148610329777661,-0.013872027236899027,-0.004804222738496937,-2.5227541601209774e-05,,,,
FAC_rank_vol_m3_n6_pairwise1,2022-06-30,380,0.24408288605376405,0.2298586392859585,-0.09150778888981957,0.09012631694055409,-0.67028379925107,0.06164611374915324,-0.24776339836655936,-0.0039233002781326005,0.0055285542140916565,-8.776296981817511e-05,,,,
FAC_rank_vol_m6_n3_pairwise1,2012-09-28,52,0.10280726834032217,-0.03992793896917202,0.3089258080970809,,0.03457596458735781,0.2885259399655303,-0.8361516016910651,-0.026276301296482816,-0.009903887815363608,-0.0003177190743930806,-0.10848058601284914,,,
FAC_rank_vol_m6_n3_pairwise1,2012-10-31,54,0.1794383654314815,0.0545702906058374,-0.0005271850446786965,,2.1706617930265844,-0.21847721791934444,1.428391008475598,-0.006524730701485673,-0.005436200637468872,-0.0002886518756008468,0.05595072556503911,,,
FAC_rank_vol_m6_n3_pairwise1,2012-11-30,56,0.29867053636750707,0.1963933229211019,0.3089202873020237,,-1.6770176387724163,-0.30271098749637815,1.5437060079150302,0.00012578633440461304,0.012196832497239438,-0.0007372885518160679,-0.17627075289623392,,,
FAC_rank_vol_m6_n3_pairwise1,2012-12-31,59,0.26889936575831985,0.16855221988201075,-0.26644235931324817,,-1.1235646539785262,-0.4814236044352764,4.947431229330415,0.028218367055016444,0.058400396224839994,-0.0013322193951579148,0.34669249188726636,,,
FAC_rank_vol_m6_n3_pairwise1,2013-01-31,61,0.19281122239677018,0.08620138384540021,-0.34565742741663524,,0.9396981699084453,-0.015829829468973204,0.9500501074509008,0.09164284065943169,0.036116104532975875,-0.0012894249864911136,0.37232638499190146,,,
FAC_rank_vol_m6_n3_pairwise1,2013-02-28,60,0.47903271284308657,0.40890250111042514,-0.12020648350263852,,3.3772411253138923,-0.0007681834960679395,-0.28944166293319346,0.046679325503812034,0.025748361090656802,-0.00048169698777246136,0.11937284113522559,,,
FAC_rank_vol_m6_n3_pairwise1,2013-03-29,62,0.4780101628656419,0.4103448136074844,-0.337236008127433,,2.0821499505397334,0.010119062720889013,5.254168697881713,0.07148378857426511,0.03906492678982344,-0.0004540756843691815,0.17680554950762803,,,
FAC_rank_vol_m6_n3_pairwise1,2013-04-26,63,0.4198252223269783,0.3459847960776846,-0.25114765725806076,,1.978359400198964,0.3523614674110925,1.5869366312394448,0.019638033636460182,0.03570681239914007,-0.0002955716646174264,0.2638304049773783,,,
FAC_rank_vol_m6_n3_pairwise1,2013-05-31,64,0.25188092598302025,0.15836604173089774,-0.22821061999825498,,0.2977604320911894,0.2987385538288288,1.8400230276623026,0.06576238738764367,0.024253100621133013,0.0006000992959639215,-0.001207614454559376,,,
FAC_rank_vol_m6_n3_pairwise1,2013-06-28,63,0.1913693103406141,0.08845267711123772,-0.19942924557885483,,0.11852296360152109,0.07645062904275655,2.785480211182112,0.028267193332030517,0.018522981682161314,0.0007372183462840479,0.0738147761566747,,,
FAC_rank_vol_m6_n3_pairwise1,2013-07-31,64,0.41293965148988687,0.3395571079261227,-0.25175122435044733,,1.024923808037393,-0.026163656903565653,2.5786470626470535,0.06278247663168011,0.010066448462451121,0.0004222009218726979,0.044340726369011256,,,
FAC_rank_vol_m6_n3_pairwise1,2013-08-30,67,0.32613809113251613,0.24618837313128927,-0.5327192173988043,,-0.17720265632368223,-0.070774959095636,4.5747362365573965,0.053724976571904004,0.01570898603074624,0.00031860545075695554,0.27369374518429024,,,
FAC_rank_vol_m6_n3_pairwise1,2013-09-30,67,0.3871678079550671,0.3144589038141429,-0.46314086500134183,,-0.7593161268079568,-0.17606694540134882,3.498298147798897,0.060147097336968915,0.03637502674788187,-0.0001919474610626309,0.227469385882055,,,
FAC_rank_vol_m6_n3_pairwise1,2013-10-31,69,0.23121302041254654,0.14299156373857647,-0.1569226496624353,,0.5955028493512485,-0.061444043622336166,1.6322297607306204,0.08984656148551898,-0.01055999136672909,-3.3572984639996765e-05,-0.020562078592956903,,,
FAC_rank_vol_m6_n3_pairwise1,2013-11-29,71,0.24516999875120338,0.16129999861244826,-0.04768658543305771,,1.2184360990062173,-0.02899440278855259,0.051577023937639785,0.04558811999903903,0.02796575704097275,-0.0005182256445922051,-0.11612780798666415,,,
FAC_rank_vol_m6_n3_pairwise1,2013-12-31,71,0.24222407203796592,0.15802674670885097,-0.033356365655244705,,-0.490170631577852,-0.010234345449952378,1.0463619200064522,0.08135047142383522,0.005636983425169863,-0.0006946057406358777,-0.09756080625799164,,,
FAC_rank_vol_m6_n3_pairwise1,2014-01-30,65,0.34582078695885665,0.2654829888660847,0.022410950186232303,,-0.5151419545410026,-0.19126693673930742,0.9156094785371138,0.10151532392701991,0.036704214323886895,-0.0011241862815299568,-0.07399952840847715,,,
FAC_rank_vol_m6_n3_pairwise1,2014-02-28,65,0.21020609541373758,0.11321386151717905,0.05629929308285685,,-0.09360912475221335,-0.19371834708654223,0.07294980802154777,0.10273192842755831,0.028977976920626754,-0.000827241342422032,-0.047163513390516415,,,
FAC_rank_vol_m6_n3_pairwise1,2014-03-31,64,0.22899844450460038,0.1326232500676755,-0.09854312153537094,,1.151014750040553,-0.0407364320081505,2.578924233945188,0.03503911966394544,-0.01063586018756986,-0.0003287417509300376,0.24526695432072057,,,
FAC_rank_vol_m6_n3_pairwise1,2014-04-30,64,0.21127556230074918,0.11268500758834288,-0.058946090464857236,,0.836445593040884,0.07539491875108242,1.9436636915392682,0.02093474084107371,-0.01068871704583993,-0.00011048249826357451,0.18650044680427003,,,
FAC_rank_vol_m6_n3_pairwise1,2014-05-30,66,0.2650302432181163,0.17632699670995788,0.05239924142015505,,0.7817797614014322,0.2364952403747882,1.158536612014756,0.05048870147529522,-0.0954509828548896,0.0009600536935042795,0.07206390561924063,,,
FAC_rank_vol_m6_n3_pairwise1,2014-06-30,63,0.2869317152883075,0.19617756996136482,0.5843741772751387,,-0.5580587485585073,0.7042238346464694,-5.120717124912711,0.0722479407317375,-0.20562397657235432,0.002430089610409286,-0.3171595907491097,,,
FAC_rank_vol_m6_n3_pairwise1,2014-07-31,62,0.27886022617858575,0.18537914438692082,0.38466137365904673,,0.599248624321822,0.45684951370571436,-1.4561662040013827,0.08919759639399652,-0.06747266423767348,0.0012203279655139745,-0.29967552129724606,,,
FAC_rank_vol_m6_n3_pairwise1,2014-08-29,62,0.09941436528098202,-0.017328216997409163,0.4309328237109199,,-0.5835692537680471,0.21026063205256204,0.43883012019971535,0.10345175734746415,-0.009860437349269975,0.0002628944868962267,-0.2687439138019973,,,
FAC_rank_vol_m6_n3_pairwise1,2014-09-30,62,0.1422820764363083,0.03109641967805199,0.276423614544354,,-0.6892628383417332,-0.22330155278778752,1.065371663009878,0.22812364189751286,-0.027600891017482466,1.2375771409990953e-05,0.04645568588647675,,,
FAC_rank_vol_m6_n3_pairwise1,2014-10-31,62,0.2260417766339834,0.12571385879024044,0.24896699346667026,,0.7461378266680463,-0.7249146180041925,4.455520805245131,0.251164216980429,-0.0057951666733339685,-0.000633058862424008,0.27870048703491573,,,
FAC_rank_vol_m6_n3_pairwise1,2014-11-28,63,0.32401179767083044,0.2379769355562088,0.06499942294531257,,-1.1842301770948744,-1.603520575991156,11.174273231817688,0.07690048713551662,0.07339259844362257,-0.0032203851674420096,1.1202613355771573,,,
FAC_rank_vol_m6_n3_pairwise1,2014-12-31,58,0.5556930979147781,0.49349013162284694,1.0861622251032337,,-1.6011238617497106,-0.3914989522283313,0.8681613358190081,0.03162781261424973,0.021417128750674773,-0.001968135904049953,-0.2830631167241746,,,
FAC_rank_vol_m6_n3_pairwise1,2015-01-30,56,0.30071264796544117,0.19873324246040136,0.5540175257175696,,0.16266815264336268,-0.23419264332153278,-2.1450898727283407,0.0900979844635813,0.0327348911105485,-0.0011987946159910561,-0.14797738127055618,,,
FAC_rank_vol_m6_n3_pairwise1,2015-02-27,61,0.13446033920454725,0.020143780231562936,0.17968966949297627,,-0.4317654024371294,-0.06589493882377885,-2.263057025848209,0.013703642796486795,0.03741866285586362,-0.00011120192659125565,0.01131839882731908,,,
FAC_rank_vol_m6_n3_pairwise1,2015-03-31,59,0.22109755452490387,0.1141893757342044,0.2792298379458503,,-0.038873068058731156,-0.16067365103750608,-2.9056268066104343,0.054998520401766955,0.0468952155475414,-0.0005256917169872958,-0.2690805158600238,,,
FAC_rank_vol_m6_n3_pairwise1,2015-04-30,55,0.35131149841191534,0.25469831732432824,0.039232281554476015,,-0.4322810511820872,-0.1759787153064669,-1.5844952970996602,0.10650856478161506,0.05378589327793252,-0.0010079815617878886,0.0892022766756277,,,
FAC_rank_vol_m6_n3_pairwise1,2015-05-29,51,0.4636743720222478,0.3763655488630788,0.006340089986161083,,-0.5650185057089608,-0.14482832500632703,-1.1225550175150274,0.1341330443978632,0.020183232718501146,-0.0005342805886834746,0.01858526708635581,,,
FAC_rank_vol_m6_n3_pairwise1,2016-05-31,50,0.31741452699685124,0.20365028149632658,0.2743181346450375,,-0.24349132299840043,0.1581275973968906,-0.4098389230894479,-0.0099533051067498,-0.027758225013651647,0.0002751815744189584,-0.0793645959870459,,,
FAC_rank_vol_m6_n3_pairwise1,2016-06-30,52,0.4383737472917374,0.34902411617905926,0.10877356675814467,,-0.33387714230759946,0.05023738818349615,-1.3724765091622386,-0.002693723533356077,-0.05291030629590769,0.0006139879401060121,0.12712170302449433,,,
FAC_rank_vol_m6_n3_pairwise1,2016-07-29,53,0.22893408533952864,0.10899049861456644,0.07810101919395643,,0.29235645090565865,0.09918962653091784,-0.6686999901471898,0.017632933138028037,-0.015496684086655305,-0.00016392131070741352,0.0036915350237869326,,,
FAC_rank_vol_m6_n3_pairwise1,2016-08-31,59,0.3222090014615516,0.22917886440725477,0.1278341485702836,,-0.16910993648364434,0.09091756620470019,-1.3512731493644106,-0.005520207573874481,-0.013458269190510293,1.7129662796152545e-05,0.04014625588579628,,,
FAC_rank_vol_m6_n3_pairwise1,2016-09-30,63,0.24900586552091641,0.15342479385994212,0.30199626219356496,,-0.443628404817032,-0.04292563254901097,-1.7907865983382736,-0.011869118588668496,-0.017764905035000608,7.47204734567944e-05,-0.08435976141447879,,,
FAC_rank_vol_m6_n3_pairwise1,2016-10-31,70,0.45220484945345607,0.3903570098756205,0.45225270644867277,,0.7169196794157342,-0.14255365619277063,-2.739975618433743,-0.012617819994370585,-0.008243577358486555,0.00021519370996613528,-0.2197459026062547,,,
FAC_rank_vol_m6_n3_pairwise1,2016-11-30,76,0.25777013378616576,0.18136411814650633,0.32050696348334573,,-0.3074137381736119,-0.31151863081832404,-3.029804053207298,-0.03699512718523713,-0.008498571328874266,0.00032792066408534367,-0.0772040086188264,,,
FAC_rank_vol_m6_n3_pairwise1,2016-12-30,87,0.23770921449818794,0.17016446135245766,0.4213176643471834,,0.49334812583219,-0.32366354880030646,-2.9466288459440677,-0.04071433385713214,-0.02889161646406752,0.0006688910122137399,-0.09818902434499349,,,
FAC_rank_vol_m6_n3_pairwise1,2017-01-26,97,0.3526911995529167,0.3017792714278652,0.2912545387598824,,2.0681041371983695,-0.12981735087400792,0.0998982341574395,-0.002179662598932516,-0.01315011908043891,0.0005866050993095144,-0.25834539602697426,,,
FAC_rank_vol_m6_n3_pairwise1,2017-02-28,110,0.10004143568183466,0.03827957342470567,0.09638258516684348,,1.2334388692256968,0.014761032522511808,-1.4998781865146782,-0.008546181086010544,-0.03655854083866824,0.0006682100571131571,-0.007581111970747683,,,
FAC_rank_vol_m6_n3_pairwise1,2017-03-31,111,0.3024874207478935,0.25508365322590565,0.031375941601423436,,1.3747625726476316,0.09886664532263635,-0.13861153087133835,-0.01643494260905058,-0.030637121979789753,0.0005078316854851614,0.043056796098135626,,,
FAC_rank_vol_m6_n3_pairwise1,2017-04-28,115,0.3797044314553163,0.3391243475318323,0.051882379297438906,,1.5221840295871496,0.1369682628989249,3.0850794939603223,-0.016122728832666834,-0.0048950308660923045,0.00038455119774723543,-0.02982984456360545,,,
FAC_rank_vol_m6_n3_pairwise1,2017-05-31,119,0.13263416402776684,0.07793541761510359,0.08286216314835318,,0.2746593189777493,0.1820900223406514,2.0910423332087893,0.004163231130223732,-0.009452412160908816,0.00027242530754316083,-0.04052210697729069,,,
FAC_rank_vol_m6_n3_pairwise1,2017-06-30,117,0.1907930490133377,0.1388256301426346,-0.047113910067991684,,1.293691350122362,0.03422741397487421,0.5735786496465333,0.0061978768031293995,-0.017209880454023888,0.00013503738382191012,0.06729231856242483,,,
FAC_rank_vol_m6_n3_pairwise1,2017-07-31,119,0.1299397261492964,0.07507106023078347,-0.1110610163654945,,-0.7153662474047664,0.07550862168790698,0.2547762571202733,0.008765553641214232,-0.02045022996716114,0.0001604985059954666,0.27329662991334286,,,
FAC_rank_vol_m6_n3_pairwise1,2017-08-31,123,0.14039569176925626,0.0880719512682544,-0.05846172303785016,,-0.9734256064938716,0.0833041171665536,-0.07585130451333846,0.012628138820586707,0.003400565383544429,2.7614982173654724e-05,0.15327285531148657,,,
FAC_rank_vol_m6_n3_pairwise1,2017-09-29,128,0.16246427436572286,0.11360802370372336,0.11278650225735833,,0.7353081403476506,0.19865643833220792,-2.5523915064320066,0.023383190595305397,0.007255114918399024,-0.0002296662770252391,-0.07094409161922309,,,
FAC_rank_vol_m6_n3_pairwise1,2017-10-31,129,0.2552173837243068,0.21213078608852287,0.19114158344037027,,-0.08073450612504422,0.09401581224463934,-3.470428262171492,0.018840450634267245,0.010120811577601729,-0.00033004499878078745,-0.17291031029309512,,,
FAC_rank_vol_m6_n3_pairwise1,2017-11-30,137,0.16223234887893823,0.11677208874058598,0.1533334617828644,,0.008488023539841115,0.24186053590709203,-3.531303446286871,0.01763983314822681,-0.0013795864878024472,-9.717620705841845e-05,-0.1041810337222644,,,
FAC_rank_vol_m6_n3_pairwise1,2017-12-29,136,0.16863374888015426,0.12316840702203768,0.046841931700736146,,0.7331938063323195,0.13656465570503826,-1.30018356204092,0.013904153763729853,-0.0021586674926566984,-8.433548832344708e-05,-0.174902112290797,,,
FAC_rank_vol_m6_n3_pairwise1,2018-01-31,135,0.08653557424544933,0.03618714132984424,-0.0443709856219009,,-0.471919368676264,0.06992584937869646,-0.6036112151053277,-0.006424037039513248,0.01553433013019201,-0.00010725841155619099,-0.0817879000418634,,,
FAC_rank_vol_m6_n3_pairwise1,2018-02-28,135,0.1063812292406473,0.057126651324777455,-0.1301226466671559,,0.1749966393199964,-0.005107403526172846,-1.8767735316167289,0.005555826892689577,-0.006793390686326725,-7.914362507107721e-05,0.07695353747347167,,,
FAC_rank_vol_m6_n3_pairwise1,2018-03-30,135,0.17950747781461152,0.1342834805288028,-0.13605447071729052,,-0.21517556583591865,0.1252136844078823,-2.308435113398403,-0.008639655370911959,-0.024312715274649028,0.0002338543639424331,0.09357838936943959,,,
FAC_rank_vol_m6_n3_pairwise1,2018-04-27,138,0.47600891053405936,0.4477940057166626,0.10049613687856461,,0.8421197066232304,0.07372874055013927,-4.224846167981918,-0.0035598959745049745,-0.01569693738126626,7.931836147894888e-05,-0.14288170673974523,,,
FAC_rank_vol_m6_n3_pairwise1,2018-05-31,141,0.5282604518784817,0.5034320546089281,0.0541928102381562,,-0.35721392843619926,-0.03976630342197312,-3.6937476035136303,0.007376388286554067,-0.007023499603134111,-9.766273899889311e-05,-0.09466746300812791,,,
FAC_rank_vol_m6_n3_pairwise1,2018-06-29,139,0.4962707703532552,0.469353941288162,-0.026012015544226236,,0.4379938872238202,-0.1019417483576807,-2.943712558554173,-0.009956629418714346,0.001246949768355584,8.903643297285111e-05,0.0013712025158618966,,,
FAC_rank_vol_m6_n3_pairwise1,2018-07-31,136,0.42791003935308014,0.3966238696302017,-0.06165187630969697,,0.6478319075024255,0.02155659171544092,-2.075924858062621,-0.004187912356048436,0.002348759267356982,-2.410158714363844e-05,0.03497875831366991,,,
FAC_rank_vol_m6_n3_pairwise1,2018-08-31,137,0.07914246820827353,0.029173454855234038,0.01440535063960956,,-0.09427851997127222,-0.12681840901043145,-0.18315967092075336,-0.01909794748636938,0.012571111195857783,-2.7536499214472242e-05,0.06251665317836883,,,
FAC_rank_vol_m6_n3_pairwise1,2018-09-28,138,0.037086368847589535,-0.014762826676001817,0.09457886135570279,,-0.2583796613832179,-0.14874925550599022,0.5948238291712151,-0.014350488532369572,0.010274652764832599,-3.209109307580623e-05,0.011914336468862361,,,
FAC_rank_vol_m6_n3_pairwise1,2018-10-31,135,0.41138299002168166,0.37893953277878223,0.03490637158566346,,-1.3219098668985851,0.11601483081317539,1.9319522526241282,-0.01997425776102578,0.01140763828589917,3.7950262621746975e-05,0.026419250834131953,,,
FAC_rank_vol_m6_n3_pairwise1,2018-11-30,137,0.3109654557707827,0.2735759843784996,-0.0323511564929363,,1.1714628859032519,0.047335357194645586,3.1934826573685053,-0.009439925001759917,-0.016025917427832194,0.00029017641334223995,0.03571581342429399,,,
FAC_rank_vol_m6_n3_pairwise1,2018-12-28,140,0.25610184326741414,0.21665269859220126,-0.05388028361980873,,-0.7259731801179329,-0.08727866133277457,4.062872257950584,0.02537341316314447,0.009614370662399162,-0.0002546280158132315,0.1015118389547261,,,
FAC_rank_vol_m6_n3_pairwise1,2019-01-31,135,0.17315872361366225,0.12758479499394282,0.09560460850031348,,0.33497662921948357,-0.015446116587086637,3.161313806887886,0.01205073532211755,-0.010527441151325218,-2.0877219941374555e-05,-0.017389964741055634,,,
FAC_rank_vol_m6_n3_pairwise1,2019-02-28,142,0.2685085145880116,0.23029627281275855,-0.08668035826833984,,0.13243616928508856,0.28232450951881255,3.5487056269729416,0.03114699342206394,-0.009433213844371484,-0.00013118271429251582,0.10832736355622845,,,
FAC_rank_vol_m6_n3_pairwise1,2019-03-29,144,0.2036492330559807,0.16266059063974447,0.013276161829222985,,0.5388280058013383,0.12831136537290103,0.46289025770722514,0.026747585154667256,0.009936342126439552,-0.00046249580041304584,-0.009843721495494362,,,
FAC_rank_vol_m6_n3_pairwise1,2019-04-30,144,0.1401201122205339,0.09586158858482607,0.006681072129332534,,-0.5001695036392624,0.08726984999950049,1.4690465738871725,0.011675535121621212,0.0466816984321947,-0.0007192716858262224,-0.002510943829867293,,,
FAC_rank_vol_m6_n3_pairwise1,2019-05-31,145,0.14975266314152602,0.10630936855751638,0.23890933168170356,,-1.1034266711234089,-0.10456056823513271,0.060226409941197295,0.005267164177492725,0.03957195952079044,-0.0007331520869406838,-0.12505064833586263,,,
FAC_rank_vol_m6_n3_pairwise1,2019-06-28,149,0.1449283814060578,0.10247801736238693,0.3102364274336879,,-0.3180509928753062,-0.09924800355148526,0.9230146851598354,0.012589189240668354,0.026113439535449288,-0.0005867001915673195,-0.17985584279243985,,,
FAC_rank_vol_m6_n3_pairwise1,2019-07-31,151,0.3468753716196069,0.3149042359646227,0.2952961557668019,,1.352864626193113,-0.45466189847315974,1.8770465090883974,0.029277472225341564,0.038378540258211344,-0.0005794947248644026,-0.2734018472471084,,,
FAC_rank_vol_m6_n3_pairwise1,2019-08-30,150,0.2962590204883857,0.2615675637518977,0.49470668214710745,,0.5719025569789857,-0.49998672320179793,2.1640504665102243,0.005419389456789142,0.0625360158193681,-0.0009650614313187606,-0.4175445339917348,,,
FAC_rank_vol_m6_n3_pairwise1,2019-09-30,152,0.2984799420674924,0.2643782725846622,-0.05220582647611454,,1.5604167307192305,0.09536934923527907,1.248693673028588,-0.006569257413618481,-0.008446050175039327,9.207054070766097e-05,0.05021606662591462,,,
FAC_rank_vol_m6_n3_pairwise1,2019-10-31,156,0.14731433500956848,0.1069846076113724,0.06682152258723262,,-0.8177617503184421,-0.15751243406394655,3.133207806697565,0.01121034415331982,0.008063117142952879,-0.00022386792535780835,-0.0057291473402373404,,,
FAC_rank_vol_m6_n3_pairwise1,2019-11-29,163,0.22459551196499772,0.18957724476341697,-0.14269274438002616,,-0.5208313810081273,-0.14527134175704548,4.582719168391181,0.010348536135718872,0.010411290364098288,-6.026906927414386e-05,0.21810851805412648,,,
FAC_rank_vol_m6_n3_pairwise1,2019-12-31,170,0.4421194153372613,0.4180134641481307,0.26665412764728863,,-1.8702265203795911,0.023791811093649463,4.785740544950013,0.005886179787015004,-0.007648166648229101,0.0002818803927200366,-0.14514738987638431,,,
FAC_rank_vol_m6_n3_pairwise1,2020-01-23,173,0.2634369350146095,0.23218880498492633,0.8411185232400814,,0.03890571738319799,0.563841273664506,-3.539091705163097,0.04192835686886492,-0.05527122403066037,0.00032618010789081366,-0.6448265054686709,,,
FAC_rank_vol_m6_n3_pairwise1,2020-02-28,176,0.18666533375805372,0.152776389331306,0.8607982221193746,,-0.10473766057398683,0.17533579217913184,-3.198875898546512,0.02707602746871322,-0.05145594162212356,0.00020069572293907853,-0.447612770696888,,,
FAC_rank_vol_m6_n3_pairwise1,2020-03-31,178,0.11795740919075959,0.08163800839273216,0.7165370858464188,,-0.10593642555038556,0.08168786662105747,-2.20950531077493,-0.004837846407474086,-0.05331825709960102,6.449958690276305e-05,-0.2280100797901699,,,
FAC_rank_vol_m6_n3_pairwise1,2020-04-30,180,0.15837369860884087,0.12412146541268909,0.623881507749369,,0.6974622694389522,-0.15091028940771054,-2.0417239235894153,-0.0052467201241700005,-0.019283928548125013,-0.00030502578406094676,-0.17421621987353486,,,
FAC_rank_vol_m6_n3_pairwise1,2020-05-29,189,0.2763513788737578,0.2483649681119694,0.36336686259250467,,-0.7236486869343376,-0.44655012930458926,1.8835574269642439,0.02018572775058206,-0.013246267807678016,-0.00038383098807534213,0.1533000069817873,,,
FAC_rank_vol_m6_n3_pairwise1,2020-06-30,187,0.31141067697727765,0.2844826028925902,0.4849827986908888,,-0.09348026794747405,-0.595224930577059,1.6467488335354292,0.011346924340238757,-0.015760873788416684,-0.0004893604612375428,0.07219617207264425,,,
FAC_rank_vol_m6_n3_pairwise1,2020-07-31,190,0.2435576538647115,0.2144637174748928,0.10073733865549471,,0.5773605413166932,-0.25739744243457957,1.578658438427936,0.004032896087099245,-0.01603558972150495,-0.00021420320879264295,0.09571797602131814,,,
FAC_rank_vol_m6_n3_pairwise1,2020-08-31,195,0.1528637452625332,0.12115276246487394,-0.05142934154037228,,0.12816881858367257,-0.1375729989252964,2.417543213847394,0.01561724257479489,-0.01832676987177281,-4.3207665708880546e-05,0.1316279779151247,,,
FAC_rank_vol_m6_n3_pairwise1,2020-09-30,198,0.16917408822057212,0.13856471252343538,0.18582133289907954,,0.5959863221036924,-0.12558396003076536,-0.3440463567711441,0.01018487280778657,-0.0009143468708861098,-0.00019632284120128777,0.1236352270088858,,,
FAC_rank_vol_m6_n3_pairwise1,2020-10-30,199,0.12462088352536427,0.09253892637707917,0.12111303886800295,,0.7395454055604415,-0.08124994799405183,0.2816625629312035,0.0006203447464466256,0.011400154932076896,-0.0002095083749640023,0.06399592244444502,,,
FAC_rank_vol_m6_n3_pairwise1,2020-11-30,212,0.17506548116646314,0.1467589045398222,0.09790170589234282,,-0.6560447414770171,0.09827244303856969,1.180700919965811,0.0019117871059017941,-0.001893291978025202,-4.9417753940820214e-05,-0.04132967978445002,,,
FAC_rank_vol_m6_n3_pairwise1,2020-12-31,218,0.09889470208617257,0.06885785882237838,0.07718488670830267,,0.13772343005417376,0.03541532967635637,0.8664963494973558,-0.011201930290388804,-0.01849556514875836,2.8866852874780295e-05,-0.0634751394383719,,,
FAC_rank_vol_m6_n3_pairwise1,2021-01-29,216,0.24619246481929624,0.22082394200071487,0.03713887333136958,,-0.584660117081384,-0.17948382510782254,4.019631208108352,-0.02987109684439224,-0.0349816654928911,0.00033881928270515017,-0.14907920628929328,,,
FAC_rank_vol_m6_n3_pairwise1,2021-02-26,230,0.34726336610276,0.32668158034924333,-0.3118065478821991,,-1.173272923479104,-0.44939539285691144,6.472818730174632,-0.036124986687849935,-0.04675243211507304,0.0004868363188337169,0.3151895244913684,,,
FAC_rank_vol_m6_n3_pairwise1,2021-03-31,230,0.36740343158915956,0.34745669294557446,-0.017008229128409803,,-1.1066024591278698,-0.20439279787644551,5.413175425548988,-0.046821839552387716,-0.029849319988595097,0.00046827483521794724,-0.18378118144912403,,,
FAC_rank_vol_m6_n3_pairwise1,2021-04-30,242,0.12880630796859838,0.10274495820697527,0.28191416660863744,,0.3550682406658777,-0.10018620561985649,1.5322132853918078,-0.05104806492242607,-0.04756540805078655,0.000534107360595613,-0.3168874606637355,,,
FAC_rank_vol_m6_n3_pairwise1,2021-05-31,259,0.3723377259320847,0.3548332003604695,0.41018241638544123,,3.007658172935752,0.18087052196927042,-2.960324217328132,-0.03690923723644511,-0.03721429363282051,0.0003898391508879602,-0.4967834517324729,,,
FAC_rank_vol_m6_n3_pairwise1,2021-06-30,258,0.3888876091743797,0.3717764622312624,0.16963019818959696,,1.40259659156144,0.3100078507497189,-3.6304200759266654,-0.004681300567415746,-0.015623297252331057,0.0003917395221309546,-0.16361085039049733,,,
FAC_rank_vol_m6_n3_pairwise1,2021-07-30,264,0.24217839921201112,0.22145671481546458,0.20251154419286743,,0.0050571092644117665,0.15323875917232765,-3.2110662008542716,0.005993077014211328,-0.02046389820484102,0.00018465775102571895,-0.17148129752626098,,,
FAC_rank_vol_m6_n3_pairwise1,2021-08-31,277,0.34139107610043595,0.3242525539171759,0.2068712544291543,,0.05004538939278954,-0.018162894736367972,-2.269382337945713,-0.008965716210696315,-0.015124445635463533,8.845782868388547e-05,-0.1879423697910202,,,
FAC_rank_vol_m6_n3_pairwise1,2021-09-30,283,0.2732261677581721,0.25472647021019823,0.07400853879190743,,0.084493144746736,0.07644085953518492,-2.2325524867490163,0.001533943475270201,-0.012900665286352423,7.46154206669026e-05,-0.12692678419803802,,,
FAC_rank_vol_m6_n3_pairwise1,2021-10-29,289,0.4913471887709929,0.47867612229909595,0.0028236008053858595,,-0.85990174152004,0.12274481789005219,-2.252706967070368,0.0041849564536131124,-0.0015261431850234495,6.409849885342349e-05,-0.14773948039710635,,,
FAC_rank_vol_m6_n3_pairwise1,2021-11-30,303,0.2951512175115044,0.27842599216431985,0.08290077781569265,,-0.327060981120412,0.03522085221751662,-2.068805729281585,-0.0052822521395160475,-0.016192614949446883,0.00010484740799864737,-0.1951606727297114,,,
FAC_rank_vol_m6_n3_pairwise1,2021-12-31,298,0.10587228425197581,0.08428989111323049,0.04331014305353194,,0.3288984336994907,0.10446434628210025,-0.5503265838609099,-0.0016316467575978623,-0.005131646056695801,1.0394974895492402e-05,-0.1623770189703166,,,
FAC_rank_vol_m6_n3_pairwise1,2022-01-28,306,0.17939245740679444,0.16011644130561176,0.08161090059265562,,-0.1921721491673455,0.13908169431494627,-0.12145586723297906,-0.002247060455743332,-0.006692826895445878,-5.464253171524498e-05,-0.16659169383218345,,,
FAC_rank_vol_m6_n3_pairwise1,2022-02-28,321,0.038665958463345196,0.01716647510629543,0.004034643072213853,,0.3537934835611022,0.0006530375409008965,-0.28420169900797543,0.003096481743635831,-0.003625502534791399,9.519080030012124e-06,-0.07128656233351496,,,
FAC_rank_vol_m6_n3_pairwise1,2022-03-31,329,0.07824946355401752,0.05814898456609885,-0.14170923612544276,,-0.18610193623138285,-0.040838632057608154,0.8649156956234716,0.002794652231641679,0.0025403597693658135,-4.726117691208955e-06,0.05341614456191751,,,
FAC_rank_vol_m6_n3_pairwise1,2022-04-29,353,0.5603775832865024,0.5514577081647793,-0.1867018904479913,,-1.5397274305305817,0.07002194709041842,1.1003731391498364,-0.00028789964418478835,-0.004212736876510176,-1.4530938835256615e-06,0.03070592552356576,,,
FAC_rank_vol_m6_n3_pairwise1,2022-05-31,373,0.18234434873300653,0.16666328144843412,0.10229469180828757,,0.32428299805301525,0.20170414908505263,-0.29568602790467535,-0.011771760051114332,-0.009256065447120527,1.0716384769548742e-05,-0.0829180226147843,,,
FAC_rank_vol_m6_n3_pairwise1,2022-06-30,380,0.22608079300924466,0.2115177971787735,0.03435450346142388,,-0.568176607277199,0.06883456566990083,-0.5726926715705154,-0.006817847218369638,0.005158976231094257,-8.098284768778114e-05,-0.045343327262776636,,,
FAC_rank_vol_m6_n6_pairwise1,2013-01-31,52,0.2166524378459297,0.09202896204869127,-0.44548009881716316,,1.72414203164506,-0.13140378654109605,4.98768346443827,0.06356220387062934,-0.01420361243298831,0.0007287197440901913,,0.08950607618470195,,
FAC_rank_vol_m6_n6_pairwise1,2013-02-28,53,0.4759139908228611,0.3943895005064173,-0.21371287530672284,,3.259006731749481,-0.016222066157756287,-0.6399799977007055,0.08117402094550005,-0.004470295047809601,-1.4879781923045126e-05,,0.20588573088976267,,
FAC_rank_vol_m6_n6_pairwise1,2013-03-29,54,0.5361295175196423,0.46554053105524007,-0.377194304562097,,2.1225280441613057,-0.006920377080085654,5.605264015667573,0.0698107642251517,0.08131699804366398,-0.00044136328171592696,,0.1634124613989049,,
FAC_rank_vol_m6_n6_pairwise1,2013-04-26,55,0.4932324562644852,0.41775643911238725,-0.18303399974426127,,2.2567491705640657,0.5115961153610808,2.227110218455984,0.034390027557325537,0.030199525426532276,-6.749531856386637e-05,,0.05825637530816123,,
FAC_rank_vol_m6_n6_pairwise1,2013-05-31,54,0.30598195569436315,0.2003705141695924,-0.16770764695288576,,0.6038723635817088,0.30340459658511243,0.402024682950304,0.053811378370674096,0.040537592956025666,0.00034521269692742453,,0.0037445641316031096,,
FAC_rank_vol_m6_n6_pairwise1,2013-06-28,55,0.22531631310493072,0.10993789165247358,-0.20776289086994693,,0.32145405144240957,0.0558344505719226,3.730151623857572,0.06826283985847746,0.005165835177068666,0.0007256886946139639,,-0.0125972392394998,,
FAC_rank_vol_m6_n6_pairwise1,2013-07-31,55,0.46458788692053166,0.3848456573129513,-0.06760641615037491,,1.2511266801742706,0.03839755076267789,2.2142198699471676,0.06139800481854055,0.0003843562512008642,0.00011963863209563143,,-0.1451776581234045,,
FAC_rank_vol_m6_n6_pairwise1,2013-08-30,56,0.2936863819617478,0.19068231266450264,-0.08577148469300323,,-0.5292196254120913,0.16956428854722144,3.32315523919696,0.08994159554528952,0.014990952302423302,0.00033247223755117133,,-0.2636340934535483,,
FAC_rank_vol_m6_n6_pairwise1,2013-09-30,56,0.3029739533171355,0.20132432150921786,-0.2795980649931258,,-0.5383575990421854,-0.16486287157368557,3.068282221738511,0.07041749733786169,0.04507543852168756,-0.0002739181596512745,,0.0017424938022432908,,
FAC_rank_vol_m6_n6_pairwise1,2013-10-31,59,0.2486440170253128,0.14551672524447334,-0.2050045009249734,,0.4467256600932194,-0.07258293667003375,2.0161788622271066,0.076216812923896,-0.005833507633021485,-0.00023944743001018994,,0.022646254804449872,,
FAC_rank_vol_m6_n6_pairwise1,2013-11-29,61,0.2126890182032286,0.10870454890931547,-0.20671968425419088,,1.0343664644845911,-0.10825756763421088,0.5977150047364395,0.04470034864005156,0.014633460127670762,-0.00025243792211386134,,0.061021557818501486,,
FAC_rank_vol_m6_n6_pairwise1,2013-12-31,62,0.16711330878184094,0.05914651547578331,-0.3034397509048266,,-1.1206881645540896,-0.13590968540851253,1.21237266261831,0.0841804753876255,0.015767152350534854,-0.0005512752035798069,,0.19668627643087624,,
FAC_rank_vol_m6_n6_pairwise1,2014-01-30,59,0.20111317028094333,0.09146203679009246,-0.058220415399113434,,-0.29410124153361317,-0.2311299656994671,0.5874365895684235,0.08063654844566683,0.014255315759716301,-0.0005158306110263211,,0.020794102074228552,,
FAC_rank_vol_m6_n6_pairwise1,2014-02-28,60,0.16773534187966532,0.05569971482500491,0.028687249521296077,,-2.8546338314468953e-05,-0.15746399891648247,0.15137782089510335,0.09524230630741859,-0.005995229929057174,-0.00028159096187145024,,-0.04112994616927061,,
FAC_rank_vol_m6_n6_pairwise1,2014-03-31,61,0.2662262921988152,0.1693127836213002,0.01020120742464794,,1.1905776627687221,-0.007760000232768572,1.9464065196881277,0.06817478581854158,-0.06696741881366355,0.0007214945972161243,,0.051666251716398374,,
FAC_rank_vol_m6_n6_pairwise1,2014-04-30,59,0.3473095452992435,0.25772458092855144,-0.3523603744675381,,1.3306787502747273,-0.09817884661181846,3.373297040832732,-0.017046302513182038,-0.027354077861421945,7.040963541801403e-06,,0.49123147673900136,,
FAC_rank_vol_m6_n6_pairwise1,2014-05-30,59,0.3063517435092332,0.21114512006932407,-0.08691718737224027,,1.370467561031432,0.1013664700561395,0.18953637613857602,-0.01677111759212534,-0.07357174305352385,0.0007561965364029117,,0.36111655915311724,,
FAC_rank_vol_m6_n6_pairwise1,2014-06-30,57,0.16787226227929308,0.04899687117633489,0.11330334865043586,,-0.721837590035305,0.37206539727476967,-2.4547842547535224,0.05562920516542353,-0.1483744294176721,0.0021297814071385168,,0.15413003400920502,,
FAC_rank_vol_m6_n6_pairwise1,2014-07-31,56,0.35652671077175624,0.2626868560926373,0.1873527258377573,,1.1988016415679703,0.5313783259740252,-0.7745352933102128,0.09776283950322666,-0.08457196533155924,0.001379980710191083,,-0.13738303931742613,,
FAC_rank_vol_m6_n6_pairwise1,2014-08-29,57,0.1605582047838121,0.04063794832435674,0.09535904891291748,,-0.8592016789489365,0.5127288475806195,0.37147096095060284,0.06303765667463937,-0.09747458556664154,0.0017399453095314822,,0.08520019852005334,,
FAC_rank_vol_m6_n6_pairwise1,2014-09-30,57,0.09550121976634485,-0.033712891695605984,0.46200281422443057,,-0.08791110698951354,-0.04099944847971958,-0.44825143433312953,0.24564645040019603,-0.04532904664027666,0.00031881824412912334,,-0.21559610620725178,,
FAC_rank_vol_m6_n6_pairwise1,2014-10-31,54,0.1831772506441317,0.058878136611717036,0.39983873843418327,,0.7043432590192,-0.56767724665652,3.45828297576922,0.2444282528851621,-0.012218347935708954,-0.0006436789289639299,,0.10168176294712919,,
FAC_rank_vol_m6_n6_pairwise1,2014-11-28,53,0.25215431865303883,0.13582276822128925,0.15892934822707647,,-0.7134553616521306,-1.3457848123595915,11.493991380105468,0.11075653808774402,0.018616549363795594,-0.0027995820877888297,,0.8240882012220536,,
FAC_rank_vol_m6_n6_pairwise1,2015-02-27,50,0.21422382877456114,0.08326113357032128,0.2840901705295422,,-0.06016021038873243,0.0009740098036240158,-3.1659528315339682,-0.048710933222379786,0.024547682075811594,-5.762165718691843e-05,,-0.036333235509138834,,
FAC_rank_vol_m6_n6_pairwise1,2016-11-30,54,0.4161167072999671,0.3272649018890925,-0.032808696274764376,,0.3538467922917107,-0.5309909671102189,-4.069148614051603,-0.04220076460934954,-0.008012285702699101,0.0002723625142945784,,0.45703456471785076,,
FAC_rank_vol_m6_n6_pairwise1,2016-12-30,59,0.29028164161783043,0.19286931791831707,0.3575577501954423,,0.32767004192642785,-0.47195853764838647,-4.520763955789714,-0.04486201645922532,-0.03297894523766265,0.0005917838256815704,,0.16437285213688166,,
FAC_rank_vol_m6_n6_pairwise1,2017-01-26,65,0.30725993737081403,0.2221865963461771,0.24756817587433458,,1.5513827778424507,-0.2235788713258164,-1.0620410378275458,-0.021993832654146058,-0.0034243638857491252,0.0003079957602160811,,-0.014819544854751962,,
FAC_rank_vol_m6_n6_pairwise1,2017-02-28,71,0.20324499826614228,0.11471666474015807,0.21106094941534595,,1.9753680127872018,-0.062279171079515416,-2.6971586962968987,-0.022091401599502316,-0.03701657848170126,0.0007540087045921859,,-0.0758966143113842,,
FAC_rank_vol_m6_n6_pairwise1,2017-03-31,78,0.2953166262035697,0.2248482888239266,-0.08539206841003551,,1.1001556256391887,0.005053154182404434,-1.010784203669249,-0.0036826335992298505,-0.036765934907760166,0.0006362126925304951,,0.2184495899393492,,
FAC_rank_vol_m6_n6_pairwise1,2017-04-28,90,0.34401228925497984,0.288013338337722,-0.0488813778567497,,1.399024118857621,0.276695324625984,2.6320543316746656,0.008683989666843188,-0.023741497608936724,0.000550109235538293,,0.04993587586752176,,
FAC_rank_vol_m6_n6_pairwise1,2017-05-31,98,0.20414227436912002,0.1422422290422738,0.21675815270743445,,0.7165498553868137,0.30786640117118,0.08632692999941079,0.0058962565995113285,-0.03962554119963042,0.0006149346578896464,,-0.15547457575068135,,
FAC_rank_vol_m6_n6_pairwise1,2017-06-30,101,0.23338475080564247,0.17568252774800275,0.050523935599315756,,1.543680566074653,0.13054714550273178,-0.878562341705979,0.004152322146397463,-0.025336220537948442,0.00016219148042943276,,-0.02086988638494545,,
FAC_rank_vol_m6_n6_pairwise1,2017-07-31,104,0.11128202836558143,0.04647967626723837,-0.07127570302510923,,-0.2994381188004562,0.19872310073873253,0.4898366591240368,0.0008939982620533258,-0.029961577384320932,0.0004524476412232101,,0.17128895685745,,
FAC_rank_vol_m6_n6_pairwise1,2017-08-31,110,0.10632913242962727,0.04499877877283698,-0.07867545094765804,,-0.8976568747258282,0.05594456473397566,0.5967527071698708,0.005596703287070144,0.001532838116125228,5.857544522122994e-05,,0.1459356736795116,,
FAC_rank_vol_m6_n6_pairwise1,2017-09-29,111,0.10965392709426836,0.04914497068319923,-0.05165194984329367,,0.678309975173548,0.10733575405759778,-1.7721193874640717,0.0018854234833919938,-0.007553364580154694,0.00016053310167184396,,0.10033678851157801,,
FAC_rank_vol_m6_n6_pairwise1,2017-10-31,112,0.1658203437377963,0.10967363610476333,-0.023198394152715553,,-0.14662246551364086,0.07971651934335205,-2.7584549736182398,0.022766408416337616,0.004683568153651334,-0.0003026881330432964,,0.06167273608480289,,
FAC_rank_vol_m6_n6_pairwise1,2017-11-30,115,0.1313096201621624,0.07447940839707023,-0.011339307137318616,,0.3184717740857235,0.2218548245049318,-1.95765252973082,0.012739874536142656,-0.003402891783113287,-0.00014261887983516852,,0.04648756080476559,,
FAC_rank_vol_m6_n6_pairwise1,2017-12-29,117,0.10107758886313356,0.04334862668003214,-0.10641383382013969,,0.3167550856521738,0.13049762266192058,-0.9188882830061155,0.007586900021129515,-0.009201040308552505,0.0001378801508077775,,0.0021059638591989375,,
FAC_rank_vol_m6_n6_pairwise1,2018-01-31,119,0.06055735471217227,0.0013132239282551694,-0.0329367680913299,,-0.3551803358034226,0.07481117140628196,-0.7214786702582748,-0.00739693608969272,0.008859191434594406,3.169368885422034e-05,,-0.09273961239353952,,
FAC_rank_vol_m6_n6_pairwise1,2018-02-28,125,0.2020416568251444,0.15430055937023845,-0.11158674236982467,,0.2148405970740617,0.0970330481384795,-2.453320097904959,0.00906104057038219,0.006743618064602397,-0.0002545816762980711,,0.03299408438676153,,
FAC_rank_vol_m6_n6_pairwise1,2018-03-30,124,0.25210567425882613,0.20697412011927252,-0.2591765516711575,,-0.4182243799606951,0.1835988462634785,-1.6550102444889305,0.001060689457621037,8.252799927802039e-05,-0.0001248790384792753,,0.17549437867264442,,
FAC_rank_vol_m6_n6_pairwise1,2018-04-27,125,0.21450800359768862,0.16751275594968706,-0.1264507156925706,,0.7581094743966228,-0.0018712162061305443,-1.9637477876003768,-0.001446578201063881,-0.014366027890913648,0.00022876678308995867,,0.03208323973717327,,
FAC_rank_vol_m6_n6_pairwise1,2018-05-31,128,0.3985962004334176,0.363514312125367,-0.03163968559232914,,-0.310527995342369,0.020058737346748755,-3.3140625673720967,-0.0006007122853528369,-0.011269715358167322,0.00012074179637616353,,-0.02880323649580285,,
FAC_rank_vol_m6_n6_pairwise1,2018-06-29,127,0.5048985887207909,0.475774976292602,-0.004605398918595338,,0.31770731213382203,-0.07987248826463442,-3.3232238977719675,-0.014751262553406337,-0.00325477584573099,0.00016024304502598394,,-0.012590340212604448,,
FAC_rank_vol_m6_n6_pairwise1,2018-07-31,125,0.3255847025702877,0.2852350693907322,0.045919331346106436,,0.73055870200712,0.13090083582375397,-2.145204140038687,-0.003456076533058203,-0.002460528575386254,-3.3184226966153126e-05,,-0.09885509438770683,,
FAC_rank_vol_m6_n6_pairwise1,2018-08-31,129,0.05761468631072164,0.0030965276675402054,0.20132588502840693,,0.3257955400200999,0.06514368103373587,-0.342495237033686,-0.016984946871080795,-0.006005801141974505,0.0002414436802672164,,-0.1486022901191854,,
FAC_rank_vol_m6_n6_pairwise1,2018-09-28,128,0.061286843429113835,0.0065285759624788,0.16094945613941938,,-0.3259401350301114,-0.14561170007032675,0.3486065943454765,-0.006439835756155999,-0.0025547738438766172,0.00014908961018669182,,-0.063814112324363,,
FAC_rank_vol_m6_n6_pairwise1,2018-10-31,126,0.37700682347623216,0.34004960114007643,0.03840152683288679,,-1.283110206336791,-0.05519939420433716,1.5579320194760886,-0.02416156167675594,0.002128735473914855,0.00024312963924118385,,0.02002930357508645,,
FAC_rank_vol_m6_n6_pairwise1,2018-11-30,126,0.35362675501795016,0.3152825794681675,-0.11285674729367738,,0.6112845007360851,-0.008812503478418332,3.362318334226388,-0.004087849815956768,-0.013627046239975321,0.00033314932972608604,,0.10814892642156503,,
FAC_rank_vol_m6_n6_pairwise1,2018-12-28,127,0.45893884905470184,0.4271117225285078,-0.06993303775278269,,-0.05820935985659701,-0.02806253689016915,5.202379836691537,0.029290557741479005,0.0028696703133176786,-0.00011092053079070527,,0.08884985084041579,,
FAC_rank_vol_m6_n6_pairwise1,2019-01-31,121,0.3675728716561646,0.3283959699003517,0.12975481827643773,,0.7641241297498115,0.1296986669878652,3.864380199702707,0.008630886039314636,-0.02473591293464905,0.0002134783995842732,,-0.08183121015943447,,
FAC_rank_vol_m6_n6_pairwise1,2019-02-28,124,0.37749254127800647,0.33992743601029995,-0.0002845461327741717,,0.12737757680772638,0.2877774418455786,4.1062822042935,0.02626770078522049,-0.013598088601761552,-3.31903207660042e-05,,-0.030091805201875814,,
FAC_rank_vol_m6_n6_pairwise1,2019-03-29,126,0.19584414003246942,0.14813997884795493,0.04908845254398277,,0.4102878536278512,0.16483455044091794,0.5531714562349587,0.026714667238421665,0.011578644137403327,-0.0004810313550386758,,-0.04195854126357968,,
FAC_rank_vol_m6_n6_pairwise1,2019-04-30,127,0.1982664708254407,0.15110567499164318,-0.014116760498268809,,-0.38857978436603313,0.1900113314176721,0.8098877660290018,0.025229754548927685,0.015452926112379495,-0.0005305452137054739,,0.06815897296589724,,
FAC_rank_vol_m6_n6_pairwise1,2019-05-31,133,0.24697525795373998,0.20480587239914938,-0.07377700590596983,,-1.0716284566841456,-0.21228729326778387,0.5751769411590932,0.013431612542515093,0.03432223842331077,-0.0007098252236048015,,0.21114124312784596,,
FAC_rank_vol_m6_n6_pairwise1,2019-06-28,137,0.252184243024251,0.21160509342091582,0.00856030349230645,,-0.2972212446389174,-0.49917185659005586,1.6043796839965372,0.0032143695803355595,0.035036638223675996,-0.0008290166052861377,,0.1841214269472377,,
FAC_rank_vol_m6_n6_pairwise1,2019-07-31,137,0.3279090319264104,0.2914389793952854,0.08342993120030717,,1.4079538723935008,-0.7023596978249552,1.9733192203732752,0.01654395071526492,0.04070420509312998,-0.0006903994548006288,,0.03769553437302992,,
FAC_rank_vol_m6_n6_pairwise1,2019-08-30,135,0.20388954546177585,0.16000944166833042,-0.17140291153611603,,0.5669117341012753,-0.6918333444496046,1.9981356275781004,0.014349240697366823,0.012880562316993688,-0.0005200407452006006,,0.4433359767792613,,
FAC_rank_vol_m6_n6_pairwise1,2019-09-30,137,0.3048321496397215,0.267109863186063,0.1037776666402462,,1.6317116344098557,0.1784696021825713,0.8953793063823676,-0.006908315176682747,0.005557952711866209,-3.88581674670708e-05,,-0.13479633079030812,,
FAC_rank_vol_m6_n6_pairwise1,2019-10-31,140,0.14473603529083312,0.09938112807140764,-0.128499361953549,,-0.5491144332928686,-0.0998135458386793,2.839038284716227,0.010146222089875558,0.01451816368911707,-0.0003873344186744559,,0.2161750044188966,,
FAC_rank_vol_m6_n6_pairwise1,2019-11-29,141,0.2402381893286245,0.20025072560907842,-0.16271151375781276,,-0.24555815820503027,-0.03215229129995038,3.2699366029780235,0.004539330957685513,0.007447064569285233,-0.00010467131022687354,,0.25989923222459554,,
FAC_rank_vol_m6_n6_pairwise1,2019-12-31,145,0.3984256117071995,0.36768823420318775,-0.14058695984745428,,-1.9490327900231055,-0.13286480662603364,5.497130540420864,0.015469836828988542,-0.014438681476164303,-9.71606642534196e-05,,0.41306623586136004,,
FAC_rank_vol_m6_n6_pairwise1,2020-01-23,149,0.05606165024224641,0.009199462665620328,0.2546378127909385,,-0.47265535996354946,0.05847439397718427,1.0008121362394147,0.021015713561304338,-0.03662776477366857,-1.0997588318036162e-05,,0.1735420615940585,,
FAC_rank_vol_m6_n6_pairwise1,2020-02-28,156,0.10534711996912238,0.0630324567244187,0.7593538544954243,,-0.20356509748880836,0.07175228652832617,-2.5649076578255596,0.01834007124155247,-0.037327428339241714,8.643931364995292e-05,,-0.2792703249302693,,
FAC_rank_vol_m6_n6_pairwise1,2020-03-31,157,0.10857305214504076,0.06669393378943866,0.7076248838855672,,-0.11660232949390277,0.1141703081937388,-2.210826188646526,0.011587606894775735,-0.04687062606517338,-3.155073622433098e-05,,-0.22433954175720633,,
FAC_rank_vol_m6_n6_pairwise1,2020-04-30,159,0.17205396021032549,0.1336723557167645,0.38485867467613605,,0.8408575800535036,-0.1834546884846333,-2.1144052588168027,0.01080854503808978,-0.015249017056116396,-0.0004610619819933745,,0.11964568935011588,,
FAC_rank_vol_m6_n6_pairwise1,2020-05-29,161,0.3429385559866336,0.31287692129321165,0.21451958788312653,,-0.6691511664426728,-0.5463933461504101,1.8392278068599326,0.0139390167363195,-0.015434648271980716,-0.0005600117635779794,,0.38724522788529864,,
FAC_rank_vol_m6_n6_pairwise1,2020-06-30,168,0.2740659378112089,0.24230632259044937,0.3172552856643362,,-0.060078463266133364,-0.5947884856256597,1.6227937246931619,0.01695307982737015,-0.0199240120710585,-0.0005242889980154018,,0.25608592770968547,,
FAC_rank_vol_m6_n6_pairwise1,2020-07-31,170,0.1972442320997998,0.16255725447448244,0.02651289323940289,,0.5634162793871773,-0.2655018074537108,1.985979700498762,0.0007718731997882107,-0.004783099972308938,-0.00030749252198554336,,0.14524994747316067,,
FAC_rank_vol_m6_n6_pairwise1,2020-08-31,180,0.1272526778488835,0.09173389148226829,0.023465736302952553,,0.21472559459777668,-0.18766789386589985,2.3388112683846596,0.010183413448683887,-0.007459328082195716,-0.00020981256946904522,,0.0924176872832773,,
FAC_rank_vol_m6_n6_pairwise1,2020-09-30,179,0.11601865988482174,0.07983228923683194,0.35366993245694506,,1.012281074171066,0.001909514038275832,-1.6290314196540947,0.011796765595068088,-0.010570997504872039,-0.00011644686225367845,,-0.088762459640933,,
FAC_rank_vol_m6_n6_pairwise1,2020-10-30,180,0.16315530564147818,0.12909767273153827,0.13212704047169047,,1.0349465074231656,-0.06235282386785344,-0.3368467331491008,0.011585279093511454,-0.002261589671309972,-6.060458074697247e-05,,0.06168877525090823,,
FAC_rank_vol_m6_n6_pairwise1,2020-11-30,186,0.23369156574358985,0.20355584080092204,0.24253803053260825,,-0.8479725022937386,0.06213761575462122,0.1045894283698826,0.01525225797963834,-0.007416311444658091,-0.00018579740502547423,,-0.07599196022217375,,
FAC_rank_vol_m6_n6_pairwise1,2020-12-31,190,0.23150181750432464,0.20194419510064476,0.1727164522272903,,0.19555362072065247,0.022824349292086838,0.7838109953212682,-0.025463099214923696,0.014301002295539232,-0.0002825962747922616,,-0.1721099082115626,,
FAC_rank_vol_m6_n6_pairwise1,2021-01-29,189,0.2557080852053537,0.22692331501992535,0.08162369557224065,,-0.6369316705328532,-0.10750823575301172,2.779224070352428,-0.04661288058177235,-0.018088900424773548,-4.350791693787148e-05,,-0.13257572153318464,,
FAC_rank_vol_m6_n6_pairwise1,2021-02-26,199,0.3636449180908543,0.34032300409418403,-0.2421725744069528,,-0.9613972905981348,-0.35651244356582884,6.591483923752519,-0.02808836461689571,-0.06841726189638628,0.0005391891502937702,,0.13936520040158804,,
FAC_rank_vol_m6_n6_pairwise1,2021-03-31,204,0.3831382821558579,0.36110750651856716,-0.22882857812632781,,-1.3840047042562849,-0.27564649994325335,5.434324631695115,-0.039217418961829176,-0.052911134918149465,0.0004312131255676517,,0.1493158517983057,,
FAC_rank_vol_m6_n6_pairwise1,2021-04-30,207,0.18728200612103274,0.1586939359845867,-0.13229051234912356,,0.3925285006128767,-0.2610508832030551,3.840806171701481,-0.055554257882337456,-0.026639450366060743,0.00023286968131130647,,0.12223286313471209,,
FAC_rank_vol_m6_n6_pairwise1,2021-05-31,218,0.2833817459159709,0.25949447077983656,0.08477681562931978,,3.091103712972309,0.04536267752521892,-1.713249699510344,-0.020832577517545334,-0.05496888795028265,0.00038180176523003193,,-0.049022505743074825,,
FAC_rank_vol_m6_n6_pairwise1,2021-06-30,221,0.34006544455251886,0.3183774544673904,0.06217719614694033,,1.3503253363649428,0.29087749188820483,-3.9844008353292732,-0.010725655261228864,-0.01589020691518269,0.0004960715981588123,,0.01809900360137106,,
FAC_rank_vol_m6_n6_pairwise1,2021-07-30,230,0.2195735463552666,0.19496550502412635,0.032494332929342194,,0.005330919659385356,0.17504732389787417,-2.914026894063489,-0.004462125999185838,0.0018907656905780283,0.00010728626188429859,,0.0010092361129110804,,
FAC_rank_vol_m6_n6_pairwise1,2021-08-31,246,0.22059934833225392,0.1976757997537908,0.1159532843045577,,-0.040869628964630846,0.008875513637349806,-1.6643587575013985,-0.0034358492613390315,0.00017265355353754906,7.007246283919305e-05,,-0.1467469508464633,,
FAC_rank_vol_m6_n6_pairwise1,2021-09-30,243,0.34852841994417627,0.3291228835169816,0.07812599391276626,,0.12572313908958202,0.12213231264078686,-2.1331819344128458,-0.002558421758830786,-0.004879546558542017,7.214193745491685e-05,,-0.17054164382060702,,
FAC_rank_vol_m6_n6_pairwise1,2021-10-29,249,0.4478152631948069,0.431776702374739,0.01732117566202294,,-0.726673604127465,0.16316664645112944,-2.1878839131759684,0.007512613857250195,0.0003708335209814003,5.513734854441848e-05,,-0.1934235859942879,,
FAC_rank_vol_m6_n6_pairwise1,2021-11-30,262,0.24084922309893264,0.21992774499535994,0.04969459756278648,,-0.3120808189032029,0.012779593153961096,-1.7075170853588624,0.001744706585006774,-0.011600804121052384,3.811725553967853e-05,,-0.1562098942844067,,
FAC_rank_vol_m6_n6_pairwise1,2021-12-31,262,0.07107222753826026,0.045471855856243804,-0.1394625800915042,,0.2706623661590656,0.10346011846755246,-0.20452086458185978,-0.0004478555409814385,-0.011624662486377028,9.369511229752394e-05,,0.036920676417854674,,
FAC_rank_vol_m6_n6_pairwise1,2022-01-28,264,0.12754561331308922,0.103689438677119,-0.07286989275816871,,0.04094897355117859,0.12804482910152495,0.7150923564281259,0.00033881547547416206,-0.008666894885672287,4.161253651435398e-05,,0.0037211532839051356,,
FAC_rank_vol_m6_n6_pairwise1,2022-02-28,278,0.07196821106125151,0.047908127644321064,0.04942111407349796,,0.40444930728618855,0.06607306052709003,-0.8410162699564372,-0.001249516236235938,-0.006046791685315107,-1.123786765951547e-05,,-0.08683910661485071,,
FAC_rank_vol_m6_n6_pairwise1,2022-03-31,276,0.054183009798215775,0.029478834681004873,-0.0667948449821494,,-0.24503948203979634,0.0022013598884737394,0.2541414731885248,0.003067263590600504,-0.0037586779918495033,-5.712230772656232e-05,,-0.0031796375276053265,,
FAC_rank_vol_m6_n6_pairwise1,2022-04-29,288,0.5638690855578945,0.5529658126968419,-0.31530510348250235,,-1.5641353352457925,-0.01205869659152022,1.1235540652759344,0.0024828581036626515,-0.0007176830703188823,-6.20456845176671e-05,,0.1824070318616016,,
FAC_rank_vol_m6_n6_pairwise1,2022-05-31,305,0.15524053515749603,0.13533037942046722,0.053220354627703505,,0.2891581953652989,0.19523358939057492,-0.14899262594435342,-0.0075153877910377285,-0.011561279477271312,5.158611909408498e-05,,-0.030663610939320178,,
FAC_rank_vol_m6_n6_pairwise1,2022-06-30,322,0.2359764740937743,0.2189441024971387,-0.04247707556649097,,-0.739372299711141,0.04357137371218803,-0.13383996281809785,0.00012279744078012102,0.005203334872020966,-8.318568703838389e-05,,0.03407341199747855,,
FAC_rank_vol_m6_n12_pairwise1,2017-07-31,51,0.3660796097865857,0.26288326719370425,0.1505624014690396,,-0.002875601994338062,0.653951567123886,-1.9425158828737235,-0.005000070099867097,-0.0331411442970047,0.0003340780386198793,,,-0.042399803985359225,
FAC_rank_vol_m6_n12_pairwise1,2017-08-31,57,0.27529866374254386,0.1717699014200501,-0.06192336306217829,,-0.8153240359912567,0.2926491927059414,-0.018609753114174926,-0.021109158270245565,-0.005468146285997471,0.00030177637033834177,,,0.11121732392639817,
FAC_rank_vol_m6_n12_pairwise1,2017-09-29,68,0.22049484416192677,0.12955257598081826,0.07053125973518697,,1.1846702740086088,0.19156311147745023,-2.755195415386233,-0.0100940419757845,-0.04008334197123774,0.0003942673148096103,,,-0.01035836066474551,
FAC_rank_vol_m6_n12_pairwise1,2017-10-31,77,0.25110293150156415,0.17512786658143298,-0.0913902096693108,,-0.08618531913490698,0.10693718591954553,-2.860046611154616,0.012437395802170867,-0.024058339548127698,-7.806837729539401e-05,,,0.14771282070966246,
FAC_rank_vol_m6_n12_pairwise1,2017-11-30,85,0.21825671495516064,0.14718914358744806,-0.026427653684821067,,0.4343498659358616,0.3169090709184607,-2.5630930390997038,0.0076896366287593785,-0.018095384103109697,-0.00017501090550016432,,,0.08296909749889464,
FAC_rank_vol_m6_n12_pairwise1,2017-12-29,89,0.16417077265168833,0.09193861720183416,-0.17034798351742045,,0.5803862052596479,0.12631612987319882,-0.9564685014835146,0.012900592159386368,-0.003775052939058939,-9.207988783186511e-05,,,0.07628760767397576,
FAC_rank_vol_m6_n12_pairwise1,2018-01-31,91,0.09794267523055333,0.021865551454816834,-0.16064270163286742,,-0.5895285286058761,0.05245642078724979,-0.930125264223708,0.0070668211698556825,0.0007425153489359573,-3.0191928737784076e-05,,,0.07263815229243986,
FAC_rank_vol_m6_n12_pairwise1,2018-02-28,95,0.2926764914377601,0.23576540454194772,-0.02345698560981469,,0.3789353132980417,0.07218640155478279,-3.509095555543476,0.027508604465129666,0.004048147050940679,-0.00024286226034123608,,,-0.025076899488164436,
FAC_rank_vol_m6_n12_pairwise1,2018-03-30,95,0.28326267012128503,0.22559414932644584,-0.19026187374361297,,0.036446201970698935,0.23697063246462016,-3.1480858982755864,0.012123575658576616,-0.016382241676387948,4.4006206175431517e-05,,,0.13843610854605165,
FAC_rank_vol_m6_n12_pairwise1,2018-04-27,99,0.3898770822283488,0.3429445500920679,-0.15938072585995916,,0.8746813907355702,0.10739154889962396,-2.361015319911094,0.0031862141813386517,-0.013282320653364878,0.00015009566999424375,,,0.07220402190893753,
FAC_rank_vol_m6_n12_pairwise1,2018-05-31,101,0.42626454777568534,0.3830801588985864,-0.1764510519281379,,-0.4447667608766346,0.06904299467986337,-2.82080786144292,0.008237739306351752,-0.003935226571438868,8.077561606390551e-05,,,0.09514358281475438,
FAC_rank_vol_m6_n12_pairwise1,2018-06-29,101,0.37473671808932896,0.3276738904186334,-0.2268929663943713,,0.12455051416821875,-0.0669570203509515,-2.852679145976693,0.011687588682249192,-0.00878511948354041,6.584795119450393e-05,,,0.1876044667597712,
FAC_rank_vol_m6_n12_pairwise1,2018-07-31,103,0.2736962530152579,0.22017913481638218,-0.21770616650379024,,0.6813391865462174,0.048150587684429806,-1.5448534530346218,0.011473705430848063,-0.015642626881022133,9.876148132632577e-05,,,0.1647224287946171,
FAC_rank_vol_m6_n12_pairwise1,2018-08-31,109,0.051913345085872975,-0.013795630997284425,-0.02671436209311228,,0.17489985264456526,0.03880590600039513,-0.321101129241939,-0.0007210026557695069,-0.0008902098313815519,6.692336741945786e-05,,,0.09974403474437037,
FAC_rank_vol_m6_n12_pairwise1,2018-09-28,108,0.009134327894824712,-0.06022626915253748,0.08813924900193078,,-0.02154073622062556,-0.01537280526580831,0.2388151523001242,-0.0016022433922611894,-0.0009075482959459836,9.908899264740619e-05,,,0.02772781643178571,
FAC_rank_vol_m6_n12_pairwise1,2018-10-31,107,0.5340810895058932,0.501137328157825,0.17532833423879535,,-1.5913918925567847,0.03062267580879136,1.920308542823431,-0.016350020344658146,0.008023843673921767,4.752320552855382e-05,,,-0.1638750932062553,
FAC_rank_vol_m6_n12_pairwise1,2018-11-30,109,0.5444897937661889,0.5129197794727565,0.11812446630791042,,1.169078236991984,-0.04940981030818104,3.089312803503711,-0.009131619480732892,0.0007800329634672286,0.00014189093833253487,,,-0.13859373128342234,
FAC_rank_vol_m6_n12_pairwise1,2018-12-28,108,0.6241181819356296,0.5978064546711237,0.02220296072596652,,-0.38081764643203053,-0.042786459259350255,5.194387046912692,0.03273191484985423,0.02520359447604336,-0.0003166733129936625,,,-0.03142462614310244,
FAC_rank_vol_m6_n12_pairwise1,2019-01-31,105,0.5133336314897077,0.4782133780920578,0.03674958294915511,,0.4412981452095483,0.0637262962139074,4.341247451765772,0.018105835892502472,-0.016975060297259988,0.00019071338236268526,,,-0.011172325138400505,
FAC_rank_vol_m6_n12_pairwise1,2019-02-28,108,0.5595393313899719,0.5287070845872699,-0.20628801480566247,,-0.04334439239839647,0.13328620063080593,4.618835319750239,0.017152873811401806,-0.02361150499858747,0.00016959555908410896,,,0.17041249130402142,
FAC_rank_vol_m6_n12_pairwise1,2019-03-29,107,0.2359279768463175,0.18190268227989548,0.034876540958398206,,0.21663561190986683,-0.004924959399809801,1.283405522160705,0.02904937946045655,0.006865960005024871,-0.000493642812955806,,,-0.055668719701377746,
FAC_rank_vol_m6_n12_pairwise1,2019-04-30,105,0.26394614565544283,0.21082885719758826,0.04318624578469615,,-0.49124219555924487,-0.1532716489948606,1.7081516629014712,0.028096520504852836,0.0217282284988775,-0.0006665854515648501,,,-0.027806622460361453,
FAC_rank_vol_m6_n12_pairwise1,2019-05-31,108,0.27550239074061367,0.22478755809245665,-0.0808399263979945,,-1.0577293685768332,-0.3122075393344925,1.2150411717074812,0.03218992634441219,0.0281688299919454,-0.0008387987254125499,,,0.1634442571595981,
FAC_rank_vol_m6_n12_pairwise1,2019-06-28,110,0.20743859529926845,0.15304712634921824,-0.10829243954169364,,-0.13196335235024922,-0.3047587619391527,1.7123396713493089,0.018261409285957264,0.02394629682532428,-0.0007956468640818055,,,0.2573498578442175,
FAC_rank_vol_m6_n12_pairwise1,2019-07-31,109,0.2535234624522864,0.2017874648004646,-0.012297268179501332,,1.324690769749179,-0.43805056302155443,1.8671688627575167,0.045422408665737234,0.04667167203108602,-0.0009624699210546752,,,0.10000151753613522,
FAC_rank_vol_m6_n12_pairwise1,2019-08-30,110,0.1975861790995853,0.14251856393975293,0.0039465057960111636,,0.322429801930869,-0.6722770123354432,3.1669085993739436,0.024759374732053054,0.03076537405894659,-0.0010069779136427925,,,0.15522251512408713,
FAC_rank_vol_m6_n12_pairwise1,2019-09-30,110,0.36818359452753346,0.32482364513236417,0.17978450529482198,,1.8838686485146754,0.21589617221678956,0.265362707743614,-0.002076825185169344,0.0038808032948930145,2.0861502957903708e-05,,,-0.20254197237412597,
FAC_rank_vol_m6_n12_pairwise1,2019-10-31,114,0.1368171998388198,0.07981456209232674,0.296010161072149,,-0.6062117504096879,0.134718692149002,0.6666073193385702,0.011103748888305611,0.02577722873570434,-0.0006263544828844838,,,-0.21323949324510225,
FAC_rank_vol_m6_n12_pairwise1,2019-11-29,117,0.32782742108837737,0.28466037473625483,0.3268422459880145,,0.8049414793427858,0.3140472836803908,1.5829160673831006,0.006382075685223543,0.004248497232511954,-5.097470788294459e-05,,,-0.38214883454725374,
FAC_rank_vol_m6_n12_pairwise1,2019-12-31,120,0.43910469894545223,0.40404874262954305,0.724982999682117,,-1.3429493889214676,0.4479794483202752,2.093201083780781,0.03378853354108382,-0.008039297513060454,-0.000262714759936896,,,-0.7483944833904446,
FAC_rank_vol_m6_n12_pairwise1,2020-01-23,121,0.04411605037692368,-0.015097999599726908,0.17910862934962796,,-0.4102610941113347,0.1317847340199097,0.42740466542244643,0.013674978499369807,-0.04489945921382316,0.00023301959220701997,,,0.21584134584953188,
FAC_rank_vol_m6_n12_pairwise1,2020-02-28,121,0.19511613366164593,0.14525607114511074,0.6514634731759976,,-1.0440682516570319,-0.28682491188258147,0.02583740999477199,-0.02655940343054376,-0.019184840387162276,3.821420984913173e-06,,,-0.056504289237133215,
FAC_rank_vol_m6_n12_pairwise1,2020-03-31,126,0.06801710987988796,0.012729989279542275,0.37225604802042545,,-0.24397694873010803,-0.27554311647436164,0.9106525748107464,0.028416696963735624,-0.0023837130806065076,-0.00036979028839052646,,,0.13263783428006268,
FAC_rank_vol_m6_n12_pairwise1,2020-04-30,127,0.2188370670409847,0.17288630627868962,0.3962259640547994,,0.9016480538991807,-0.21007627850335853,-2.696571455522243,0.024579122060939,-0.000922964862152755,-0.0005198017474826195,,,0.13207164393000587,
FAC_rank_vol_m6_n12_pairwise1,2020-05-29,127,0.3029750057989252,0.26197353555180314,0.33816255029997433,,-0.8297936173783438,-0.5141131316894069,1.407574840154848,0.025930978461641736,-0.00576505920159765,-0.0007099350243657431,,,0.258041392361926,
FAC_rank_vol_m6_n12_pairwise1,2020-06-30,129,0.3142183355152295,0.27454501608222626,0.4633950173499055,,-0.31429369453740497,-0.5466721042373462,1.3156281472290092,0.0273632927645442,-0.010877068162003645,-0.0007988234376014701,,,0.12782338649910624,
FAC_rank_vol_m6_n12_pairwise1,2020-07-31,130,0.289643926742026,0.24888579139115863,0.1708174376840859,,0.5783011950468512,-0.3513873215761055,1.0429944855181728,0.004924145782010935,-0.0031482681570127275,-0.0004910963262642007,,,0.12684851222820678,
FAC_rank_vol_m6_n12_pairwise1,2020-08-31,137,0.1522057747023543,0.10620143689550532,0.279567255949408,,0.48650614042474866,-0.1449278395926574,1.9231378658331781,0.011043460922872823,-0.010952709096496278,-0.00019976800499827587,,,-0.19178774827636666,
FAC_rank_vol_m6_n12_pairwise1,2020-09-30,143,0.21513874674510225,0.17444223731707054,0.2836650770829784,,1.2422167359325553,0.066369180599843,-2.0189237331357255,-0.0025473346636978545,-0.009301751450282999,-0.00022309518192108692,,,0.00013093287634326976,
FAC_rank_vol_m6_n12_pairwise1,2020-10-30,144,0.30724107116532984,0.27158436159295707,0.038932427589146064,,1.3016416308299505,0.047478585903735424,-0.48118631650669563,0.011548923302252179,-0.01225189678901926,-0.00014583655041206317,,,0.09639573265658291,
FAC_rank_vol_m6_n12_pairwise1,2020-11-30,148,0.3083569365278157,0.27377478335420646,0.2531447508702336,,-0.8432517845132204,0.24639004319534547,-0.6359991649342768,-0.0011415179880776688,-0.006425081763946769,-0.0003256754038545751,,,-0.1650721142707037,
FAC_rank_vol_m6_n12_pairwise1,2020-12-31,154,0.10415602182123507,0.0612045982099243,0.06123926123761317,,0.3080673431955235,0.04830109030701111,0.30844226194664415,-0.017384549469827235,0.0055879391148254964,-0.00018041142801626854,,,-0.02680924360930789,
FAC_rank_vol_m6_n12_pairwise1,2021-01-29,154,0.19872212438867043,0.16030469199634645,-0.16948969651758503,,-0.6503330979552773,-0.1679743638274765,2.8645646927092754,-0.04423851025096934,-0.03549763016179967,0.00023694288298633422,,,0.2170592381154397,
FAC_rank_vol_m6_n12_pairwise1,2021-02-26,162,0.26427810594110734,0.23083620166570307,-0.5183410425501183,,-0.9646842824805633,-0.29062440307509724,4.1741773955791714,-0.04046006909688984,-0.055937861988516344,0.0005543262911065226,,,0.5635622837925379,
FAC_rank_vol_m6_n12_pairwise1,2021-03-31,161,0.33758497123831044,0.3072784012949651,-0.4058564727345043,,-1.0579427171967524,-0.08727110662706228,4.335835514171398,-0.05563258021671317,-0.027915864785411366,0.0002592499546500009,,,0.2574812911001943,
FAC_rank_vol_m6_n12_pairwise1,2021-04-30,165,0.11892534482887052,0.07964176147729152,-0.21509687973427646,,-0.7939693997638888,-0.043715597517971286,3.3820920014884117,-0.03623947776870432,-0.06406871888383614,0.0004185245761203116,,,0.1663614343378925,
FAC_rank_vol_m6_n12_pairwise1,2021-05-31,168,0.3385932981625235,0.30965675495713385,0.35256738441592167,,3.263475743311803,0.07687074803104854,-2.6031107645024605,-0.07014277801776578,-0.040179496247672045,0.0005308058022870834,,,-0.3167104559124712,
FAC_rank_vol_m6_n12_pairwise1,2021-06-30,171,0.2757530000979971,0.244650368200365,0.11408491154174155,,1.3636662220743558,0.2001025589254912,-3.2749296378683286,-0.018722344879802028,-0.041988177980836074,0.0005100530349631388,,,0.003875225864552209,
FAC_rank_vol_m6_n12_pairwise1,2021-07-30,175,0.2851949163079186,0.2552330265723224,0.11002104997507028,,0.0186572704302617,0.10966243183517466,-3.386715510240121,-0.0046774412569813685,-0.019650448723408095,0.0003238193421620604,,,0.007093076764794764,
FAC_rank_vol_m6_n12_pairwise1,2021-08-31,186,0.1993020202469279,0.16781389744764974,0.08236855958840669,,-0.15580492440725588,-0.04141576882336933,-1.1656681841306549,-0.006867885161987363,-0.017274120941886236,0.00019408240769094498,,,-0.08868901918397663,
FAC_rank_vol_m6_n12_pairwise1,2021-09-30,189,0.2869379707589005,0.25936098620261494,-0.016541873564196723,,0.14548675398299735,0.09061447935205254,-1.9290695173034813,-0.00016365268123363322,-0.012512742476960602,8.758916859187816e-05,,,-0.03621882184434708,
FAC_rank_vol_m6_n12_pairwise1,2021-10-29,191,0.4057303026327418,0.38299867486459527,-0.09051336310406549,,-0.9459035097547479,0.032118867986199874,-1.7243136789229927,0.006069236979960966,-0.003964437999815175,9.047292104257004e-05,,,-0.01777820685549791,
FAC_rank_vol_m6_n12_pairwise1,2021-11-30,199,0.30660555741698237,0.28119319564692413,0.03862348685642341,,-0.5170872679582328,-0.07768303076336974,-1.2918225422241572,-0.010822811472438852,-0.01322284749319408,9.654298043038953e-05,,,-0.11902217280762223,
FAC_rank_vol_m6_n12_pairwise1,2021-12-31,195,0.0528419760684653,0.017386862873167264,-0.011726548057618372,,0.35279081287457165,0.064075793889275,0.07078372143414384,-0.0069024373746218275,-0.00013251827755328182,-1.0304018862318637e-05,,,-0.10182246072883228,
FAC_rank_vol_m6_n12_pairwise1,2022-01-28,202,0.08651056286701442,0.05354960379520568,-0.047750270783257075,,0.17925154894680234,0.061207523475103394,0.771668752380096,0.002233040582970134,-0.005708898396535657,-7.619651721124105e-06,,,0.0035888078627119026,
FAC_rank_vol_m6_n12_pairwise1,2022-02-28,215,0.051196751974005195,0.019111617982787932,0.013721832507541602,,0.2412238117219338,0.06949007539598619,-0.5639191415537234,0.007781977474283461,-0.0030517913470456243,-9.837125237053645e-06,,,-0.0661706239489122,
FAC_rank_vol_m6_n12_pairwise1,2022-03-31,209,0.03419719353465234,0.0005622699264064002,-0.09589383831648503,,-0.1965077754574731,0.04919968650369587,-0.2414314586235448,0.0018114096734619266,0.0017779889759686222,-8.774169900600987e-05,,,0.052356601927144884,
FAC_rank_vol_m6_n12_pairwise1,2022-04-29,214,0.461003446511592,0.44268802964548104,-0.20179240754272987,,-1.4308883252704405,-0.004062507768608091,0.454403186198699,0.0008714808330663141,-0.011284640678620377,-0.0001395303000674948,,,0.11652050554592445,
FAC_rank_vol_m6_n12_pairwise1,2022-05-31,230,0.08253738173441949,0.05360838025757686,0.10063190659449181,,0.34899934275753336,0.16198487056181227,-0.27233695752870574,-0.004629949656017961,-0.022159676181506993,6.318956141471494e-05,,,-0.07646681122608259,
FAC_rank_vol_m6_n12_pairwise1,2022-06-30,238,0.39606979033513745,0.3776893056931634,0.017053302294590955,,-0.4970121232205534,0.19632924493825385,-0.7147978920064894,0.0012707149960118813,-0.01566642539492308,9.494353252273134e-05,,,-0.012860083859384579,
FAC_rank_vol_m12_n6_pairwise1,2017-07-31,51,0.42784833256308075,0.3347073634454427,0.23304114585324787,,-0.05091067028560743,0.7391670224523625,-1.8158153112548385,-0.02270815359055688,-0.03225412351856091,0.0005119202787628079,,,,-0.16999407432504107
FAC_rank_vol_m12_n6_pairwise1,2017-08-31,57,0.29654752881915736,0.19605431865046552,0.028032483323516714,,-0.8797892940897474,0.3427561391560106,-0.1022646721588134,-0.022431774435635914,0.002508823114376074,0.00024025657977974266,,,,0.007385474607574796
FAC_rank_vol_m12_n6_pairwise1,2017-09-29,68,0.1484693311898514,0.04912408649533406,0.12387921102838802,,0.9451149543693831,0.11678513535508121,-2.3144070529631837,-0.003524068037813589,-0.032053182376632565,0.0002783430493836381,,,,-0.06992876279976433
FAC_rank_vol_m12_n6_pairwise1,2017-10-31,77,0.21575371187336756,0.13619249423733237,0.02467797255711619,,-0.07269121336669616,0.10684968404388064,-2.9850344630218992,0.009633290214296857,-0.023783055523614073,-9.577225081493416e-05,,,,0.03344163728331704
FAC_rank_vol_m12_n6_pairwise1,2017-11-30,85,0.20621563001777055,0.13405341456484066,-0.05895696671653556,,0.035068013690282625,0.25608930443042655,-2.414016330599614,0.0028417358469208717,-0.025913404548122913,-6.817671576163702e-05,,,,0.13466009928867378
FAC_rank_vol_m12_n6_pairwise1,2017-12-29,89,0.18834236973548935,0.11819911773732183,-0.20877066855315646,,0.5363671766646422,0.11862089765758659,-0.7485928052440043,0.010212541285189567,-0.003072351261257916,-0.00012023852423228685,,,,0.13034596203553953
FAC_rank_vol_m12_n6_pairwise1,2018-01-31,91,0.10085555401078761,0.025024094710492606,-0.15433334562232556,,-0.6398588413271183,0.05249426242228369,-0.8143130577030172,0.006437242932094933,-0.0005207821006574226,-3.878285569186219e-05,,,,0.07214362880543382
FAC_rank_vol_m12_n6_pairwise1,2018-02-28,95,0.3117432132563197,0.25636623041487416,-0.15337705738890964,,0.42655138160175393,0.03278792427483294,-3.0993573787410784,0.03333920135632441,0.006256991590754981,-0.00028991202536678324,,,,0.12250205493001108
FAC_rank_vol_m12_n6_pairwise1,2018-03-30,95,0.32331632742389704,0.2688705146878888,-0.21382701883733043,,-0.12905136695394057,0.20018313514827155,-2.8829223051273027,0.020356561401989253,-0.014306234401137138,-6.13668310581365e-05,,,,0.1762624512960665
FAC_rank_vol_m12_n6_pairwise1,2018-04-27,99,0.36040008355344866,0.311200089980637,-0.0547231561054237,,0.923641172324189,0.12228801485925433,-2.5730730781102626,6.33664616470952e-06,-0.013218377537467638,0.00022467093548496472,,,,-0.0412779272700287
FAC_rank_vol_m12_n6_pairwise1,2018-05-31,101,0.4503787121968992,0.40900936795365506,-0.07319702254456738,,-0.45093391543080663,0.12457770048076501,-3.1145196159190265,0.00426330914834393,-0.0030958523894919544,0.00012348950689468642,,,,-0.018903486526078837
FAC_rank_vol_m12_n6_pairwise1,2018-06-29,101,0.36934201948069734,0.32187313922655625,-0.07843213673984413,,0.2586324254344758,-0.043683588683920624,-2.969183681073462,0.013972510743279173,-0.0058360636706109685,2.2672353859412945e-05,,,,0.03691169290719453
FAC_rank_vol_m12_n6_pairwise1,2018-07-31,103,0.2879807418571827,0.23551616494139604,-0.1850141354542022,,0.7332294166904392,0.05017287195256992,-1.4226813262582065,0.012744988346047018,-0.017365355330315243,9.276411521541171e-05,,,,0.14012559673429872
FAC_rank_vol_m12_n6_pairwise1,2018-08-31,109,0.07844757307444006,0.014577602891480357,-0.04111190286438975,,0.17141426728015763,0.032643955206577084,-0.346822050257871,-0.0041498414065890095,-0.004105421687231297,0.00012871681839598376,,,,0.13159158086098183
FAC_rank_vol_m12_n6_pairwise1,2018-09-28,108,0.030352279179599484,-0.03752306127782856,0.13112706684976638,,-0.00546855086807415,-0.09179094287888485,0.5467143691393304,0.0022640812090606558,-0.00035484076668736934,3.8692010198224814e-05,,,,-0.04133996302220284
FAC_rank_vol_m12_n6_pairwise1,2018-10-31,107,0.5179190389451827,0.483832506345347,0.10151801097113983,,-1.6582562994714394,0.018722464514784893,1.4849682041905274,-0.015193379512361363,0.004252968497688525,0.00010064330982146675,,,,-0.07889132669106817
FAC_rank_vol_m12_n6_pairwise1,2018-11-30,109,0.5207537248775425,0.48753863650271867,-0.04562198368489501,,0.9340575292235912,-0.022009701799728505,3.335685566162551,-0.0072591005328165115,-0.0021785460774363555,0.000192639740358438,,,,0.03982074228700817
FAC_rank_vol_m12_n6_pairwise1,2018-12-28,108,0.6221641764722282,0.5957156688252842,-0.05502337500641655,,-0.39419540616552595,-0.04891810539126349,5.3279962801386365,0.03638484115368483,0.023214296992459967,-0.0003326034701520393,,,,0.05221005628990794
FAC_rank_vol_m12_n6_pairwise1,2019-01-31,105,0.5811353898900398,0.5509080468924138,-0.039634378966679984,,0.20352157390719566,0.011863250797684775,4.850194631341903,0.02076136747023782,-0.009148297467506174,0.00011327410691679048,,,,0.05204668042643867
FAC_rank_vol_m12_n6_pairwise1,2019-02-28,108,0.5570691812192075,0.526064023904552,-0.06722789794932461,,-0.06774588050340967,0.22171311319310236,4.697648934373096,0.01794749957607458,-0.022015091351077244,0.0001502832538481628,,,,0.03312020339572639
FAC_rank_vol_m12_n6_pairwise1,2019-03-29,107,0.23823161536511817,0.18436920433032855,0.06259706953183906,,0.23805477289705312,-0.05468479070940269,1.2178911540120738,0.02894565311587864,0.006876603531058415,-0.00048161581795908514,,,,-0.0982711374555985
FAC_rank_vol_m12_n6_pairwise1,2019-04-30,105,0.17252350552946383,0.11280870695942524,-0.0028961135881340463,,-0.3790589808478093,-0.051085533576258696,1.290753566990446,0.02373478519355145,0.017674253373802976,-0.0005718018817475524,,,,0.04940026266245973
FAC_rank_vol_m12_n6_pairwise1,2019-05-31,108,0.29083783789014317,0.2411964865424533,-0.03428934952073147,,-1.1087324103281002,-0.21545481684553228,0.836839116881589,0.031353267228239945,0.030721911454238814,-0.0008899641097148183,,,,0.153899125169752
FAC_rank_vol_m12_n6_pairwise1,2019-06-28,110,0.25322396993381935,0.2019746345371206,-0.02891828184216021,,-0.14123335798319026,-0.31971283875372314,1.4143160616486419,0.015815381869170655,0.024469920011174148,-0.0008544880917869384,,,,0.23302696763941388
FAC_rank_vol_m12_n6_pairwise1,2019-07-31,109,0.3020564327106907,0.2536841062648969,-0.07253248149599896,,1.2341840791011895,-0.47556934176076576,2.0171346845574254,0.04714454936500255,0.036819219727988926,-0.0009970598172674226,,,,0.20661002789990585
FAC_rank_vol_m12_n6_pairwise1,2019-08-30,110,0.26409426180822526,0.21359092683428005,-0.11898599509813265,,0.7116248512448838,-0.6840961798178831,3.0695301313649748,0.029006467716263622,0.024265895819395606,-0.0009961047479315598,,,,0.3449570849454552
FAC_rank_vol_m12_n6_pairwise1,2019-09-30,110,0.3524604886893604,0.3080215026190224,-0.10127459931079894,,1.681944679277796,0.09242058064927784,0.7463407219620951,0.006348956791812705,0.0012087306160993249,3.0859542553308857e-05,,,,0.12590745530825254
FAC_rank_vol_m12_n6_pairwise1,2019-10-31,114,0.1558482779271494,0.10010240948837623,-0.14704731945591834,,-0.5916796552619957,-0.09247226243372962,2.952253900653519,0.026765504548955116,0.0147881326293345,-0.0005758805060368642,,,,0.24593348935475806
FAC_rank_vol_m12_n6_pairwise1,2019-11-29,117,0.23515524710851843,0.18603677673934071,0.08996520577613454,,0.6728231679171536,0.125253288569852,2.7191953118569234,0.015400153888285266,0.006787266425148505,-8.70896360464088e-05,,,,-0.1118514640071289
FAC_rank_vol_m12_n6_pairwise1,2019-12-31,120,0.34304090274239907,0.3019809591637991,-0.07379625853831658,,-1.8213433143795417,0.2929865105488221,3.8664028811526623,0.04083150981716126,-0.0173205086366733,-3.7096194445461765e-05,,,,0.15099819123106806
FAC_rank_vol_m12_n6_pairwise1,2020-01-23,121,0.04969910007402856,-0.009169097266518378,0.6041421105676194,,-0.21897662473181057,0.23704100884565263,-1.037844403769496,0.0018224192340938427,-0.02379194040908368,-3.269944516142082e-05,,,,-0.2611955844507846
FAC_rank_vol_m12_n6_pairwise1,2020-02-28,121,0.23171911681983448,0.18412649573787743,0.8835271638716561,,-0.7768742729959159,-0.25029635264579836,-0.7878988751571702,-0.014638032842763743,-0.016239638574009,-0.0002008362541899121,,,,-0.3183809774928749
FAC_rank_vol_m12_n6_pairwise1,2020-03-31,126,0.054632980888314586,-0.0014481134657684525,0.6012457853392015,,-0.19769222608715364,-0.14056205151243234,-0.17075577920779283,0.023855829262588866,-0.0023521373266628615,-0.00039248139124109543,,,,-0.12698362544255357
FAC_rank_vol_m12_n6_pairwise1,2020-04-30,127,0.25284054661902,0.2088899905377859,0.3915983140232872,,0.974312467498083,-0.20168808758216797,-2.506621244251951,0.02284020826533878,-0.01437691743965294,-0.000506835097504176,,,,0.14557178064967874
FAC_rank_vol_m12_n6_pairwise1,2020-05-29,127,0.3185703596601547,0.2784862631695755,0.33423107436959365,,-0.7292011013929466,-0.5625031391070993,2.190653233684017,0.026200072509793903,-0.005423550210860934,-0.0006755067060317877,,,,0.25496127345360636
FAC_rank_vol_m12_n6_pairwise1,2020-06-30,129,0.31540496780805294,0.27580029652422133,0.460226263379622,,-0.3579904426113733,-0.5514240533450024,1.5697802825610454,0.02688522729219236,-0.007089177720252023,-0.000837785411223312,,,,0.13935670377299733
FAC_rank_vol_m12_n6_pairwise1,2020-07-31,130,0.2923007597688456,0.251695065657222,0.16804901423074534,,0.5395956491632813,-0.34918570926726367,1.2528793774477347,0.0018409538900277067,0.003538041817741285,-0.0005456971159216514,,,,0.13255869150421165
FAC_rank_vol_m12_n6_pairwise1,2020-08-31,137,0.18568197180226909,0.1414941718225473,-0.03443664229288425,,0.26041564836911607,-0.2566984099801493,2.4623731286718034,-0.003453977606300665,0.018882423227057583,-0.0005374751186873924,,,,0.24292480211107922
FAC_rank_vol_m12_n6_pairwise1,2020-09-30,143,0.2780617507694524,0.24062791562416463,0.07940708645412067,,1.2755291491188911,0.05704320962141249,-1.6150423881719667,-0.011550785269531483,-0.01386708300439754,-0.00011745157348541398,,,,0.22992142634985305
FAC_rank_vol_m12_n6_pairwise1,2020-10-30,144,0.29739389944153516,0.2612303501480848,0.06231252483415899,,1.202621610940882,0.05992247489321981,-0.532186737565572,0.005446360302861605,-0.017118432581640305,-1.0599270035436752e-05,,,,0.0731568960022018
FAC_rank_vol_m12_n6_pairwise1,2020-11-30,148,0.30207011558136676,0.2671736213604351,0.15600591777713846,,-0.8028766503278665,0.24992444132342298,-0.8961202878570247,0.0029937972653238847,-0.009223669792606849,-0.0002895301347389096,,,,-0.04499722477147177
FAC_rank_vol_m12_n6_pairwise1,2020-12-31,154,0.15204604099517327,0.11139071419357194,0.17347840488441035,,0.32042796694366715,0.05948908740525714,0.04088312610587313,-0.02177376078862671,0.006739788344795742,-0.00025996833510769416,,,,-0.1516584396818928
FAC_rank_vol_m12_n6_pairwise1,2021-01-29,154,0.2097453821752686,0.171856462142576,-0.34002956680590757,,-0.28711307666378244,-0.09567846947583776,3.0258447411912224,-0.03151185676014369,-0.02437976228418111,6.28743871281177e-05,,,,0.3485436806233484
FAC_rank_vol_m12_n6_pairwise1,2021-02-26,162,0.2711132962477074,0.237982082440785,-0.45114978282146856,,-0.8636722297703364,-0.21855667489996425,4.701249685304254,-0.06047854923029743,-0.044513327990384564,0.000536581678076646,,,,0.44160056006261983
FAC_rank_vol_m12_n6_pairwise1,2021-03-31,161,0.3483184092777719,0.31850291166302946,-0.2888407242971881,,-1.2631687439549206,-0.07518981381542306,4.324193638672183,-0.06048294535958176,-0.020622700304800515,0.00012394681240377606,,,,0.1282529962198403
FAC_rank_vol_m12_n6_pairwise1,2021-04-30,165,0.13323180282907954,0.09458608703164983,-0.22355008231749432,,-0.8695173190234287,-0.06056898343762781,3.840068493877541,-0.043832439729202186,-0.056656365626585145,0.0003339537171787622,,,,0.17970145135815085
FAC_rank_vol_m12_n6_pairwise1,2021-05-31,168,0.3420890408341487,0.3133054363706427,0.3219172063602694,,3.301342321373394,0.05010371363924689,-3.216406628904093,-0.05882791373655329,-0.060579181244479786,0.0006489450699733038,,,,-0.23306177885798662
FAC_rank_vol_m12_n6_pairwise1,2021-06-30,171,0.2954075991381233,0.2651490297759569,0.20698084296962793,,1.4599695350969075,0.21165127877496082,-3.6683617689253816,-0.012779765877845928,-0.04162393845527533,0.0005071831236258378,,,,-0.08771789605785146
FAC_rank_vol_m12_n6_pairwise1,2021-07-30,175,0.28743016999714177,0.25756197352995613,0.006020734744767331,,0.02644362379747511,0.09566855165909303,-3.0990375773797716,-0.0003646747574063611,-0.015600903117121156,0.0002934051234855173,,,,0.11433500002543041
FAC_rank_vol_m12_n6_pairwise1,2021-08-31,186,0.18927320840961648,0.1573906941335902,-0.006868905180028889,,-0.1886505272667827,-0.042402283866924524,-1.08042391587185,-0.0031183941677864523,-0.013289995563784596,0.0002419092672992611,,,,-0.0013035943468366574
FAC_rank_vol_m12_n6_pairwise1,2021-09-30,189,0.3327886704242331,0.3069849173467173,0.01910713714037858,,0.13675985453841125,0.10515440263791823,-2.0789264197581856,-0.00044754117331724405,-0.020407623378507673,0.00022230913461021107,,,,-0.08204067739059509
FAC_rank_vol_m12_n6_pairwise1,2021-10-29,191,0.38970928642528113,0.3663648329005651,-0.0664699034109308,,-0.8903799862841961,0.023105031330230254,-1.6521826674851952,0.009048703338941816,-0.007117676193017465,0.00012871227221054397,,,,-0.05491005876931969
FAC_rank_vol_m12_n6_pairwise1,2021-11-30,199,0.31603780688565886,0.29097112965110195,-0.025287651074053202,,-0.5161325332501513,-0.0789320799076304,-1.2413541803594192,-0.008948751109717941,-0.014322634046726757,0.00018293710578019262,,,,-0.07120703536315218
FAC_rank_vol_m12_n6_pairwise1,2021-12-31,195,0.07636869680811209,0.04179426299879019,-0.15461447621704705,,0.49309906495969025,0.041426857743175255,0.4246099519509201,-0.014340813641410865,-0.00823398892487777,0.00011064390348995003,,,,0.04984456226591947
FAC_rank_vol_m12_n6_pairwise1,2022-01-28,202,0.10175760055667837,0.06934679232934204,-0.05448461017857497,,0.1038696245509408,0.05892173003174921,0.8163040454823761,-0.0029515554840068427,-0.005566911406174153,5.500121938911404e-05,,,,-0.004055945455273825
FAC_rank_vol_m12_n6_pairwise1,2022-02-28,215,0.05100400574206565,0.018912353762328693,-0.00023710908066931706,,0.33246399917718755,0.04226466044983583,-0.6132091427813993,0.002220404192259265,-0.0030876606348656296,4.043394577849021e-05,,,,-0.0563476945913722
FAC_rank_vol_m12_n6_pairwise1,2022-03-31,209,0.027241422170524388,-0.006635742231497099,-0.03692885260829743,,-0.23593222964952903,0.017873768569673217,-0.12596553545338413,4.7906215150545e-05,-0.0009745884672420435,-9.410462517201002e-05,,,,-0.011380377348291199
FAC_rank_vol_m12_n6_pairwise1,2022-04-29,214,0.45947189977817926,0.44110444006190375,-0.14871077132456229,,-1.3560682099039805,0.00329947779526836,0.7299099302485988,0.0010610612082251273,-0.01128241832559327,-0.0001495948019653338,,,,0.05437524910322204
FAC_rank_vol_m12_n6_pairwise1,2022-05-31,230,0.09042211758841057,0.06174173390876592,0.030534469279459436,,0.340632459324872,0.13959440562678774,-0.25596834449598727,-0.007686748529660215,-0.023270114008144972,5.7931135984421685e-05,,,,0.0005128048927836211
FAC_rank_vol_m12_n6_pairwise1,2022-06-30,238,0.3817527156516315,0.36293649395407235,0.03728484384962559,,-0.5007935725677277,0.18716089416601872,-0.818490413956285,-0.0015946605864005908,-0.011609880464043397,7.684073837510549e-05,,,,-0.03154531324400119
