ret_col,date,sort_col,economic_group,group_label,sort_mean,portfolio_ret,n_funds
future_ret_6m,2006-06-30,FAC_rank_vol_m3_n6_pairwise1__x__CtrlRetLTM,1,Low,0.39938127401530754,,2
future_ret_6m,2006-06-30,FAC_rank_vol_m3_n6_pairwise1__x__CtrlRetLTM,2,Q2,0.42157386219545884,,1
future_ret_6m,2006-06-30,FAC_rank_vol_m3_n6_pairwise1__x__CtrlRetLTM,3,Q3,0.5855988045273757,,1
future_ret_6m,2006-06-30,FAC_rank_vol_m3_n6_pairwise1__x__CtrlRetLTM,4,Q4,0.6449142740434393,,1
future_ret_6m,2006-06-30,FAC_rank_vol_m3_n6_pairwise1__x__CtrlRetLTM,5,High,0.7824257525409641,,1
future_ret_6m,2006-09-29,FAC_rank_vol_m3_n6_pairwise1__x__CtrlRetLTM,1,Low,0.45830950541817334,,2
future_ret_6m,2006-09-29,FAC_rank_vol_m3_n6_pairwise1__x__CtrlRetLTM,2,Q2,0.47283832346648846,,1
future_ret_6m,2006-09-29,FAC_rank_vol_m3_n6_pairwise1__x__CtrlRetLTM,3,Q3,0.47721007719674324,,1
future_ret_6m,2006-09-29,FAC_rank_vol_m3_n6_pairwise1__x__CtrlRetLTM,4,Q4,0.5634881825114629,,1
future_ret_6m,2006-09-29,FAC_rank_vol_m3_n6_pairwise1__x__CtrlRetLTM,5,High,0.5808408656561421,,1
future_ret_6m,2006-12-29,FAC_rank_vol_m3_n6_pairwise1__x__CtrlRetLTM,1,Low,0.5670018605425995,,2
future_ret_6m,2006-12-29,FAC_rank_vol_m3_n6_pairwise1__x__CtrlRetLTM,2,Q2,0.6473569789636393,,1
future_ret_6m,2006-12-29,FAC_rank_vol_m3_n6_pairwise1__x__CtrlRetLTM,3,Q3,0.7231713780899923,,2
future_ret_6m,2006-12-29,FAC_rank_vol_m3_n6_pairwise1__x__CtrlRetLTM,4,Q4,0.7725334516811662,,1
future_ret_6m,2006-12-29,FAC_rank_vol_m3_n6_pairwise1__x__CtrlRetLTM,5,High,0.9844960255581388,,2
future_ret_6m,2007-03-30,FAC_rank_vol_m3_n6_pairwise1__x__CtrlRetLTM,1,Low,0.8545430554982156,,2
future_ret_6m,2007-03-30,FAC_rank_vol_m3_n6_pairwise1__x__CtrlRetLTM,2,Q2,0.9229356027319373,,1
future_ret_6m,2007-03-30,FAC_rank_vol_m3_n6_pairwise1__x__CtrlRetLTM,3,Q3,0.9847945501416695,,2
future_ret_6m,2007-03-30,FAC_rank_vol_m3_n6_pairwise1__x__CtrlRetLTM,4,Q4,1.0105328554693302,,1
future_ret_6m,2007-03-30,FAC_rank_vol_m3_n6_pairwise1__x__CtrlRetLTM,5,High,1.145208698126015,,2
future_ret_6m,2007-06-29,FAC_rank_vol_m3_n6_pairwise1__x__CtrlRetLTM,1,Low,0.9936245428498967,,1
future_ret_6m,2007-06-29,FAC_rank_vol_m3_n6_pairwise1__x__CtrlRetLTM,2,Q2,1.0346978933465825,,1
future_ret_6m,2007-06-29,FAC_rank_vol_m3_n6_pairwise1__x__CtrlRetLTM,3,Q3,1.0740344671997595,,1
future_ret_6m,2007-06-29,FAC_rank_vol_m3_n6_pairwise1__x__CtrlRetLTM,4,Q4,1.0754093574452357,,1
future_ret_6m,2007-06-29,FAC_rank_vol_m3_n6_pairwise1__x__CtrlRetLTM,5,High,1.1283730292813687,,1
future_ret_6m,2007-09-28,FAC_rank_vol_m3_n6_pairwise1__x__CtrlRetLTM,1,Low,1.2992793344039975,,3
future_ret_6m,2007-09-28,FAC_rank_vol_m3_n6_pairwise1__x__CtrlRetLTM,2,Q2,1.535694728762846,,2
future_ret_6m,2007-09-28,FAC_rank_vol_m3_n6_pairwise1__x__CtrlRetLTM,3,Q3,1.7412259774472898,,2
future_ret_6m,2007-09-28,FAC_rank_vol_m3_n6_pairwise1__x__CtrlRetLTM,4,Q4,1.8440353554152047,,2
future_ret_6m,2007-09-28,FAC_rank_vol_m3_n6_pairwise1__x__CtrlRetLTM,5,High,2.082539522636446,,2
future_ret_6m,2007-12-28,FAC_rank_vol_m3_n6_pairwise1__x__CtrlRetLTM,1,Low,0.7034548532551211,,3
future_ret_6m,2007-12-28,FAC_rank_vol_m3_n6_pairwise1__x__CtrlRetLTM,2,Q2,0.7731729103996865,,2
future_ret_6m,2007-12-28,FAC_rank_vol_m3_n6_pairwise1__x__CtrlRetLTM,3,Q3,0.8408655283381637,,3
future_ret_6m,2007-12-28,FAC_rank_vol_m3_n6_pairwise1__x__CtrlRetLTM,4,Q4,0.9558204649146339,,2
future_ret_6m,2007-12-28,FAC_rank_vol_m3_n6_pairwise1__x__CtrlRetLTM,5,High,1.1511174600851894,,3
future_ret_6m,2008-03-31,FAC_rank_vol_m3_n6_pairwise1__x__CtrlRetLTM,1,Low,0.4518167271689475,,3
future_ret_6m,2008-03-31,FAC_rank_vol_m3_n6_pairwise1__x__CtrlRetLTM,2,Q2,0.5151462666749168,,3
future_ret_6m,2008-03-31,FAC_rank_vol_m3_n6_pairwise1__x__CtrlRetLTM,3,Q3,0.5893987376014993,,3
future_ret_6m,2008-03-31,FAC_rank_vol_m3_n6_pairwise1__x__CtrlRetLTM,4,Q4,0.7332194358459132,,3
future_ret_6m,2008-03-31,FAC_rank_vol_m3_n6_pairwise1__x__CtrlRetLTM,5,High,0.7971454071526005,,3
future_ret_6m,2008-06-30,FAC_rank_vol_m3_n6_pairwise1__x__CtrlRetLTM,1,Low,-0.024054930018259674,,4
future_ret_6m,2008-06-30,FAC_rank_vol_m3_n6_pairwise1__x__CtrlRetLTM,2,Q2,0.010325762914290356,,4
future_ret_6m,2008-06-30,FAC_rank_vol_m3_n6_pairwise1__x__CtrlRetLTM,3,Q3,0.03389912619505248,,4
future_ret_6m,2008-06-30,FAC_rank_vol_m3_n6_pairwise1__x__CtrlRetLTM,4,Q4,0.05751987907145617,,4
future_ret_6m,2008-06-30,FAC_rank_vol_m3_n6_pairwise1__x__CtrlRetLTM,5,High,0.11826946631680184,,4
future_ret_6m,2008-09-26,FAC_rank_vol_m3_n6_pairwise1__x__CtrlRetLTM,1,Low,-0.46392702498446403,0.1653897158884492,6
future_ret_6m,2008-09-26,FAC_rank_vol_m3_n6_pairwise1__x__CtrlRetLTM,2,Q2,-0.39190780580978796,0.10841123449780321,5
future_ret_6m,2008-09-26,FAC_rank_vol_m3_n6_pairwise1__x__CtrlRetLTM,3,Q3,-0.36754613453991886,0.09096920188433204,5
future_ret_6m,2008-09-26,FAC_rank_vol_m3_n6_pairwise1__x__CtrlRetLTM,4,Q4,-0.34711779993872527,0.11803181323003331,5
future_ret_6m,2008-09-26,FAC_rank_vol_m3_n6_pairwise1__x__CtrlRetLTM,5,High,-0.29855390595115605,0.11488502260728846,5
future_ret_6m,2008-12-31,FAC_rank_vol_m3_n6_pairwise1__x__CtrlRetLTM,1,Low,-0.5578266238492847,0.5576082113915483,7
future_ret_6m,2008-12-31,FAC_rank_vol_m3_n6_pairwise1__x__CtrlRetLTM,2,Q2,-0.5036403827735042,0.5476355451009374,7
future_ret_6m,2008-12-31,FAC_rank_vol_m3_n6_pairwise1__x__CtrlRetLTM,3,Q3,-0.4836994948210949,0.5017050233990659,7
future_ret_6m,2008-12-31,FAC_rank_vol_m3_n6_pairwise1__x__CtrlRetLTM,4,Q4,-0.45186692847475923,0.4706147074432913,7
future_ret_6m,2008-12-31,FAC_rank_vol_m3_n6_pairwise1__x__CtrlRetLTM,5,High,-0.39420526656982996,0.41718864016610696,7
future_ret_6m,2009-03-31,FAC_rank_vol_m3_n6_pairwise1__x__CtrlRetLTM,1,Low,-0.3658474168730506,0.17404806301675085,7
future_ret_6m,2009-03-31,FAC_rank_vol_m3_n6_pairwise1__x__CtrlRetLTM,2,Q2,-0.3062696943346766,0.20741352102373042,6
future_ret_6m,2009-03-31,FAC_rank_vol_m3_n6_pairwise1__x__CtrlRetLTM,3,Q3,-0.2551728585655249,0.2155275572938149,7
future_ret_6m,2009-03-31,FAC_rank_vol_m3_n6_pairwise1__x__CtrlRetLTM,4,Q4,-0.23522278258145257,0.17145628180532158,6
future_ret_6m,2009-03-31,FAC_rank_vol_m3_n6_pairwise1__x__CtrlRetLTM,5,High,-0.1994386576738594,0.16682926957755972,7
future_ret_6m,2009-06-30,FAC_rank_vol_m3_n6_pairwise1__x__CtrlRetLTM,1,Low,-0.06671181952119415,0.09986634587257945,9
future_ret_6m,2009-06-30,FAC_rank_vol_m3_n6_pairwise1__x__CtrlRetLTM,2,Q2,-0.0028444294152947763,0.1600796700893751,8
future_ret_6m,2009-06-30,FAC_rank_vol_m3_n6_pairwise1__x__CtrlRetLTM,3,Q3,0.027154646234888415,0.10349672330446003,8
future_ret_6m,2009-06-30,FAC_rank_vol_m3_n6_pairwise1__x__CtrlRetLTM,4,Q4,0.0489809198430457,0.1606524815531388,8
future_ret_6m,2009-06-30,FAC_rank_vol_m3_n6_pairwise1__x__CtrlRetLTM,5,High,0.07725250796084683,0.1430154155016118,9
future_ret_6m,2009-09-30,FAC_rank_vol_m3_n6_pairwise1__x__CtrlRetLTM,1,Low,0.10255443512654601,0.11089290630452872,10
future_ret_6m,2009-09-30,FAC_rank_vol_m3_n6_pairwise1__x__CtrlRetLTM,2,Q2,0.17351241648273608,0.12636189772495113,9
future_ret_6m,2009-09-30,FAC_rank_vol_m3_n6_pairwise1__x__CtrlRetLTM,3,Q3,0.20152453233605133,0.12484660854796159,9
future_ret_6m,2009-09-30,FAC_rank_vol_m3_n6_pairwise1__x__CtrlRetLTM,4,Q4,0.2427489990956086,0.1360686708106641,9
future_ret_6m,2009-09-30,FAC_rank_vol_m3_n6_pairwise1__x__CtrlRetLTM,5,High,0.28958079437806794,0.14748742080970415,10
future_ret_6m,2009-12-31,FAC_rank_vol_m3_n6_pairwise1__x__CtrlRetLTM,1,Low,0.4085138697973724,-0.15537009382811998,12
future_ret_6m,2009-12-31,FAC_rank_vol_m3_n6_pairwise1__x__CtrlRetLTM,2,Q2,0.5062594725157311,-0.1994216886764558,12
future_ret_6m,2009-12-31,FAC_rank_vol_m3_n6_pairwise1__x__CtrlRetLTM,3,Q3,0.5800800218074954,-0.19529640783290192,11
future_ret_6m,2009-12-31,FAC_rank_vol_m3_n6_pairwise1__x__CtrlRetLTM,4,Q4,0.6661492482632265,-0.20456332355287057,12
future_ret_6m,2009-12-31,FAC_rank_vol_m3_n6_pairwise1__x__CtrlRetLTM,5,High,0.7727283565711515,-0.1795901039260134,12
future_ret_6m,2010-03-31,FAC_rank_vol_m3_n6_pairwise1__x__CtrlRetLTM,1,Low,0.15904113991429156,-0.04409826420704846,12
future_ret_6m,2010-03-31,FAC_rank_vol_m3_n6_pairwise1__x__CtrlRetLTM,2,Q2,0.22067730272720665,0.006043317997359565,12
future_ret_6m,2010-03-31,FAC_rank_vol_m3_n6_pairwise1__x__CtrlRetLTM,3,Q3,0.2647785119871799,0.016917972124158315,12
future_ret_6m,2010-03-31,FAC_rank_vol_m3_n6_pairwise1__x__CtrlRetLTM,4,Q4,0.3068289539400269,-0.009768479831260252,12
future_ret_6m,2010-03-31,FAC_rank_vol_m3_n6_pairwise1__x__CtrlRetLTM,5,High,0.39742014006635956,0.009138576811267332,12
future_ret_6m,2010-06-30,FAC_rank_vol_m3_n6_pairwise1__x__CtrlRetLTM,1,Low,-0.10751332407518578,0.2109941967514474,12
future_ret_6m,2010-06-30,FAC_rank_vol_m3_n6_pairwise1__x__CtrlRetLTM,2,Q2,-0.05003086870066491,0.22271998340358595,11
future_ret_6m,2010-06-30,FAC_rank_vol_m3_n6_pairwise1__x__CtrlRetLTM,3,Q3,-0.008860416174821003,0.2464695683937409,11
future_ret_6m,2010-06-30,FAC_rank_vol_m3_n6_pairwise1__x__CtrlRetLTM,4,Q4,0.031565580718931494,0.304075411099969,11
future_ret_6m,2010-06-30,FAC_rank_vol_m3_n6_pairwise1__x__CtrlRetLTM,5,High,0.0929659079596989,0.28405065272923863,12
future_ret_6m,2010-09-30,FAC_rank_vol_m3_n6_pairwise1__x__CtrlRetLTM,1,Low,-0.005020916052516924,0.05753926939090021,12
future_ret_6m,2010-09-30,FAC_rank_vol_m3_n6_pairwise1__x__CtrlRetLTM,2,Q2,0.0549961362351675,0.021522187426505076,12
future_ret_6m,2010-09-30,FAC_rank_vol_m3_n6_pairwise1__x__CtrlRetLTM,3,Q3,0.08060683403166113,0.06676274594680255,12
future_ret_6m,2010-09-30,FAC_rank_vol_m3_n6_pairwise1__x__CtrlRetLTM,4,Q4,0.12273344910720478,0.014282977311247641,12
future_ret_6m,2010-09-30,FAC_rank_vol_m3_n6_pairwise1__x__CtrlRetLTM,5,High,0.23487919296326107,0.010839077895253929,12
future_ret_6m,2010-12-31,FAC_rank_vol_m3_n6_pairwise1__x__CtrlRetLTM,1,Low,-0.09280269330452705,-0.05216397272730194,13
future_ret_6m,2010-12-31,FAC_rank_vol_m3_n6_pairwise1__x__CtrlRetLTM,2,Q2,-0.012757124967305118,-0.04785952824666334,12
future_ret_6m,2010-12-31,FAC_rank_vol_m3_n6_pairwise1__x__CtrlRetLTM,3,Q3,0.03500072600187838,-0.07479087036315125,12
future_ret_6m,2010-12-31,FAC_rank_vol_m3_n6_pairwise1__x__CtrlRetLTM,4,Q4,0.08257213971665207,-0.088963739073741,12
future_ret_6m,2010-12-31,FAC_rank_vol_m3_n6_pairwise1__x__CtrlRetLTM,5,High,0.16888259297413355,-0.09066711601253123,12
future_ret_6m,2011-03-31,FAC_rank_vol_m3_n6_pairwise1__x__CtrlRetLTM,1,Low,-0.03310695671268503,-0.16379594139155823,13
future_ret_6m,2011-03-31,FAC_rank_vol_m3_n6_pairwise1__x__CtrlRetLTM,2,Q2,0.026443469545761152,-0.15423153433006012,12
future_ret_6m,2011-03-31,FAC_rank_vol_m3_n6_pairwise1__x__CtrlRetLTM,3,Q3,0.07149387709249687,-0.1618394570758796,13
future_ret_6m,2011-03-31,FAC_rank_vol_m3_n6_pairwise1__x__CtrlRetLTM,4,Q4,0.10818068003494474,-0.14166330762320142,12
future_ret_6m,2011-03-31,FAC_rank_vol_m3_n6_pairwise1__x__CtrlRetLTM,5,High,0.16648488111951515,-0.14746289136175392,13
future_ret_6m,2011-06-30,FAC_rank_vol_m3_n6_pairwise1__x__CtrlRetLTM,1,Low,0.042885668663928976,-0.17499920283447037,14
future_ret_6m,2011-06-30,FAC_rank_vol_m3_n6_pairwise1__x__CtrlRetLTM,2,Q2,0.08894353428922212,-0.16797799221930024,14
future_ret_6m,2011-06-30,FAC_rank_vol_m3_n6_pairwise1__x__CtrlRetLTM,3,Q3,0.1267837357149787,-0.17820748907231565,13
future_ret_6m,2011-06-30,FAC_rank_vol_m3_n6_pairwise1__x__CtrlRetLTM,4,Q4,0.15290057002629306,-0.17947978202572187,14
future_ret_6m,2011-06-30,FAC_rank_vol_m3_n6_pairwise1__x__CtrlRetLTM,5,High,0.20636267383217224,-0.19728591669036596,14
future_ret_6m,2011-09-30,FAC_rank_vol_m3_n6_pairwise1__x__CtrlRetLTM,1,Low,-0.09684117937624041,-0.07947079447077643,16
future_ret_6m,2011-09-30,FAC_rank_vol_m3_n6_pairwise1__x__CtrlRetLTM,2,Q2,-0.05021699438172344,-0.07304548322387584,15
future_ret_6m,2011-09-30,FAC_rank_vol_m3_n6_pairwise1__x__CtrlRetLTM,3,Q3,-0.025247474848420968,-0.0465891203494666,15
future_ret_6m,2011-09-30,FAC_rank_vol_m3_n6_pairwise1__x__CtrlRetLTM,4,Q4,0.012911325747985676,-0.06042262865713598,15
future_ret_6m,2011-09-30,FAC_rank_vol_m3_n6_pairwise1__x__CtrlRetLTM,5,High,0.0566809931956384,-0.06451858322900379,15
future_ret_6m,2011-12-30,FAC_rank_vol_m3_n6_pairwise1__x__CtrlRetLTM,1,Low,-0.22865075505135418,0.039123267696928206,16
future_ret_6m,2011-12-30,FAC_rank_vol_m3_n6_pairwise1__x__CtrlRetLTM,2,Q2,-0.1793836853906443,0.03980830703792567,16
future_ret_6m,2011-12-30,FAC_rank_vol_m3_n6_pairwise1__x__CtrlRetLTM,3,Q3,-0.15805273664075867,0.05502425012462099,15
future_ret_6m,2011-12-30,FAC_rank_vol_m3_n6_pairwise1__x__CtrlRetLTM,4,Q4,-0.12793594592514457,0.0461720610199816,16
future_ret_6m,2011-12-30,FAC_rank_vol_m3_n6_pairwise1__x__CtrlRetLTM,5,High,-0.09202736274735991,0.04843171486899632,16
future_ret_6m,2012-03-30,FAC_rank_vol_m3_n6_pairwise1__x__CtrlRetLTM,1,Low,-0.2334907372119463,-0.004542930343794155,17
future_ret_6m,2012-03-30,FAC_rank_vol_m3_n6_pairwise1__x__CtrlRetLTM,2,Q2,-0.1818451689576902,-0.0061261024222337215,16
future_ret_6m,2012-03-30,FAC_rank_vol_m3_n6_pairwise1__x__CtrlRetLTM,3,Q3,-0.15631182981445532,0.008037703427582067,16
future_ret_6m,2012-03-30,FAC_rank_vol_m3_n6_pairwise1__x__CtrlRetLTM,4,Q4,-0.1332292440585098,0.025348953573862243,16
future_ret_6m,2012-03-30,FAC_rank_vol_m3_n6_pairwise1__x__CtrlRetLTM,5,High,-0.09370179552738296,0.002207021016134174,16
future_ret_6m,2012-06-29,FAC_rank_vol_m3_n6_pairwise1__x__CtrlRetLTM,1,Low,-0.15683359730100055,-0.019809187553383407,18
future_ret_6m,2012-06-29,FAC_rank_vol_m3_n6_pairwise1__x__CtrlRetLTM,2,Q2,-0.11654083379288831,0.002477487875751891,18
future_ret_6m,2012-06-29,FAC_rank_vol_m3_n6_pairwise1__x__CtrlRetLTM,3,Q3,-0.08857325773075597,0.024900549599626315,17
future_ret_6m,2012-06-29,FAC_rank_vol_m3_n6_pairwise1__x__CtrlRetLTM,4,Q4,-0.06395324847052906,0.019638342714385026,18
future_ret_6m,2012-06-29,FAC_rank_vol_m3_n6_pairwise1__x__CtrlRetLTM,5,High,-0.03143610068552155,0.01411200390225745,18
future_ret_6m,2012-09-28,FAC_rank_vol_m3_n6_pairwise1__x__CtrlRetLTM,1,Low,-0.16711322689913088,0.09492078890417754,21
future_ret_6m,2012-09-28,FAC_rank_vol_m3_n6_pairwise1__x__CtrlRetLTM,2,Q2,-0.11352898762178476,0.08169207494935424,21
future_ret_6m,2012-09-28,FAC_rank_vol_m3_n6_pairwise1__x__CtrlRetLTM,3,Q3,-0.07282742766988605,0.11322437447775599,20
future_ret_6m,2012-09-28,FAC_rank_vol_m3_n6_pairwise1__x__CtrlRetLTM,4,Q4,-0.041574348273529196,0.11188205291707923,21
future_ret_6m,2012-09-28,FAC_rank_vol_m3_n6_pairwise1__x__CtrlRetLTM,5,High,0.008815446921410116,0.13735043923039147,21
future_ret_6m,2012-12-31,FAC_rank_vol_m3_n6_pairwise1__x__CtrlRetLTM,1,Low,-0.12595205319741012,0.046358669969454314,24
future_ret_6m,2012-12-31,FAC_rank_vol_m3_n6_pairwise1__x__CtrlRetLTM,2,Q2,-0.0843730624989303,0.04455067474695274,23
future_ret_6m,2012-12-31,FAC_rank_vol_m3_n6_pairwise1__x__CtrlRetLTM,3,Q3,-0.05716111424313817,0.07252178986083709,24
future_ret_6m,2012-12-31,FAC_rank_vol_m3_n6_pairwise1__x__CtrlRetLTM,4,Q4,-0.02929324593655449,0.04352127224611886,23
future_ret_6m,2012-12-31,FAC_rank_vol_m3_n6_pairwise1__x__CtrlRetLTM,5,High,0.019247471084174846,0.07512943322627713,24
future_ret_6m,2013-03-29,FAC_rank_vol_m3_n6_pairwise1__x__CtrlRetLTM,1,Low,0.033061857597330296,0.08387165459428796,25
future_ret_6m,2013-03-29,FAC_rank_vol_m3_n6_pairwise1__x__CtrlRetLTM,2,Q2,0.08934660409669737,0.14275715374853543,25
future_ret_6m,2013-03-29,FAC_rank_vol_m3_n6_pairwise1__x__CtrlRetLTM,3,Q3,0.11616001413610418,0.14617518066510543,24
future_ret_6m,2013-03-29,FAC_rank_vol_m3_n6_pairwise1__x__CtrlRetLTM,4,Q4,0.14871947662738344,0.13781967727282768,25
future_ret_6m,2013-03-29,FAC_rank_vol_m3_n6_pairwise1__x__CtrlRetLTM,5,High,0.2355908751669739,0.1766964324528856,25
future_ret_6m,2013-06-28,FAC_rank_vol_m3_n6_pairwise1__x__CtrlRetLTM,1,Low,0.04552574407512035,0.08891246365734946,25
future_ret_6m,2013-06-28,FAC_rank_vol_m3_n6_pairwise1__x__CtrlRetLTM,2,Q2,0.10250019678584486,0.09647115504070487,25
future_ret_6m,2013-06-28,FAC_rank_vol_m3_n6_pairwise1__x__CtrlRetLTM,3,Q3,0.1290358316569694,0.10435497283414147,25
future_ret_6m,2013-06-28,FAC_rank_vol_m3_n6_pairwise1__x__CtrlRetLTM,4,Q4,0.1821754942258962,0.09904814962786875,25
future_ret_6m,2013-06-28,FAC_rank_vol_m3_n6_pairwise1__x__CtrlRetLTM,5,High,0.3221716324196951,0.1281364975780813,25
future_ret_6m,2013-09-30,FAC_rank_vol_m3_n6_pairwise1__x__CtrlRetLTM,1,Low,0.044402582951535645,-0.08752999932459192,27
future_ret_6m,2013-09-30,FAC_rank_vol_m3_n6_pairwise1__x__CtrlRetLTM,2,Q2,0.1194756891022687,-0.060819328257303504,27
future_ret_6m,2013-09-30,FAC_rank_vol_m3_n6_pairwise1__x__CtrlRetLTM,3,Q3,0.1586397966606525,-0.07652380109171913,26
future_ret_6m,2013-09-30,FAC_rank_vol_m3_n6_pairwise1__x__CtrlRetLTM,4,Q4,0.21271641799623228,-0.07076589826235678,27
future_ret_6m,2013-09-30,FAC_rank_vol_m3_n6_pairwise1__x__CtrlRetLTM,5,High,0.3609524395507143,-0.09300283566027598,27
future_ret_6m,2013-12-31,FAC_rank_vol_m3_n6_pairwise1__x__CtrlRetLTM,1,Low,0.009540639179554812,-0.04840335817245339,29
future_ret_6m,2013-12-31,FAC_rank_vol_m3_n6_pairwise1__x__CtrlRetLTM,2,Q2,0.10313709547775136,-0.015102151578792102,28
future_ret_6m,2013-12-31,FAC_rank_vol_m3_n6_pairwise1__x__CtrlRetLTM,3,Q3,0.14561494310601786,-0.002111800381923102,28
future_ret_6m,2013-12-31,FAC_rank_vol_m3_n6_pairwise1__x__CtrlRetLTM,4,Q4,0.21207030522136217,-0.00918442404239885,28
future_ret_6m,2013-12-31,FAC_rank_vol_m3_n6_pairwise1__x__CtrlRetLTM,5,High,0.3885437464321282,0.0010485230278456047,29
future_ret_6m,2014-03-31,FAC_rank_vol_m3_n6_pairwise1__x__CtrlRetLTM,1,Low,-0.026395875166855983,0.1428234306022898,26
future_ret_6m,2014-03-31,FAC_rank_vol_m3_n6_pairwise1__x__CtrlRetLTM,2,Q2,0.03459375418123465,0.15262616277708235,25
future_ret_6m,2014-03-31,FAC_rank_vol_m3_n6_pairwise1__x__CtrlRetLTM,3,Q3,0.08054828195132457,0.17212461412080005,26
future_ret_6m,2014-03-31,FAC_rank_vol_m3_n6_pairwise1__x__CtrlRetLTM,4,Q4,0.14907736684458964,0.17246002707053343,25
future_ret_6m,2014-03-31,FAC_rank_vol_m3_n6_pairwise1__x__CtrlRetLTM,5,High,0.3155010408605585,0.20392362989632093,26
future_ret_6m,2014-06-30,FAC_rank_vol_m3_n6_pairwise1__x__CtrlRetLTM,1,Low,-0.07214415583186833,0.26009614648010293,25
future_ret_6m,2014-06-30,FAC_rank_vol_m3_n6_pairwise1__x__CtrlRetLTM,2,Q2,0.005899597063846566,0.21155128647645924,25
future_ret_6m,2014-06-30,FAC_rank_vol_m3_n6_pairwise1__x__CtrlRetLTM,3,Q3,0.06054001380168311,0.26581018241553445,25
future_ret_6m,2014-06-30,FAC_rank_vol_m3_n6_pairwise1__x__CtrlRetLTM,4,Q4,0.11739193580423538,0.2695658110968659,25
future_ret_6m,2014-06-30,FAC_rank_vol_m3_n6_pairwise1__x__CtrlRetLTM,5,High,0.2342530864066461,0.25052776530219684,25
future_ret_6m,2014-09-30,FAC_rank_vol_m3_n6_pairwise1__x__CtrlRetLTM,1,Low,-0.09688096590957629,0.46794624604801366,25
future_ret_6m,2014-09-30,FAC_rank_vol_m3_n6_pairwise1__x__CtrlRetLTM,2,Q2,-0.01967991397994936,0.43165399975711627,24
future_ret_6m,2014-09-30,FAC_rank_vol_m3_n6_pairwise1__x__CtrlRetLTM,3,Q3,0.018519164331827192,0.46708923802302876,24
future_ret_6m,2014-09-30,FAC_rank_vol_m3_n6_pairwise1__x__CtrlRetLTM,4,Q4,0.06523627475143706,0.5232506902300894,24
future_ret_6m,2014-09-30,FAC_rank_vol_m3_n6_pairwise1__x__CtrlRetLTM,5,High,0.18504519081355958,0.44399532867788893,25
future_ret_6m,2014-12-31,FAC_rank_vol_m3_n6_pairwise1__x__CtrlRetLTM,1,Low,0.03382580357894794,0.4945981269624844,24
future_ret_6m,2014-12-31,FAC_rank_vol_m3_n6_pairwise1__x__CtrlRetLTM,2,Q2,0.10237445481145455,0.5703182698206205,23
future_ret_6m,2014-12-31,FAC_rank_vol_m3_n6_pairwise1__x__CtrlRetLTM,3,Q3,0.15216082162698055,0.5934652451614978,23
future_ret_6m,2014-12-31,FAC_rank_vol_m3_n6_pairwise1__x__CtrlRetLTM,4,Q4,0.20707977447707893,0.6486501503207592,23
future_ret_6m,2014-12-31,FAC_rank_vol_m3_n6_pairwise1__x__CtrlRetLTM,5,High,0.329759409893409,0.6036143643904353,23
future_ret_6m,2015-03-31,FAC_rank_vol_m3_n6_pairwise1__x__CtrlRetLTM,1,Low,0.2888757199877988,-0.09816131216269136,24
future_ret_6m,2015-03-31,FAC_rank_vol_m3_n6_pairwise1__x__CtrlRetLTM,2,Q2,0.37854820696054936,-0.140934247630422,23
future_ret_6m,2015-03-31,FAC_rank_vol_m3_n6_pairwise1__x__CtrlRetLTM,3,Q3,0.4481649655006489,-0.12600017153149043,23
future_ret_6m,2015-03-31,FAC_rank_vol_m3_n6_pairwise1__x__CtrlRetLTM,4,Q4,0.502935625279869,-0.09142927902729546,23
future_ret_6m,2015-03-31,FAC_rank_vol_m3_n6_pairwise1__x__CtrlRetLTM,5,High,0.6272356879940252,-0.13526205984556375,24
future_ret_6m,2015-06-30,FAC_rank_vol_m3_n6_pairwise1__x__CtrlRetLTM,1,Low,0.7794335893569869,-0.04663898448983712,17
future_ret_6m,2015-06-30,FAC_rank_vol_m3_n6_pairwise1__x__CtrlRetLTM,2,Q2,0.9637342891303975,-0.019242453331971845,17
future_ret_6m,2015-06-30,FAC_rank_vol_m3_n6_pairwise1__x__CtrlRetLTM,3,Q3,1.1298318392994189,0.0017146674989512037,17
future_ret_6m,2015-06-30,FAC_rank_vol_m3_n6_pairwise1__x__CtrlRetLTM,4,Q4,1.3203734720110132,-0.03710802641715167,17
future_ret_6m,2015-06-30,FAC_rank_vol_m3_n6_pairwise1__x__CtrlRetLTM,5,High,1.6625058157218247,-0.08559949661340394,17
future_ret_6m,2015-09-30,FAC_rank_vol_m3_n6_pairwise1__x__CtrlRetLTM,1,Low,0.09937249205795004,0.09480740996638903,17
future_ret_6m,2015-09-30,FAC_rank_vol_m3_n6_pairwise1__x__CtrlRetLTM,2,Q2,0.203524587947101,0.10117472252530979,16
future_ret_6m,2015-09-30,FAC_rank_vol_m3_n6_pairwise1__x__CtrlRetLTM,3,Q3,0.2742917103855003,0.06367622114691107,16
future_ret_6m,2015-09-30,FAC_rank_vol_m3_n6_pairwise1__x__CtrlRetLTM,4,Q4,0.3716487005386565,0.07891070471414313,16
future_ret_6m,2015-09-30,FAC_rank_vol_m3_n6_pairwise1__x__CtrlRetLTM,5,High,0.4914782692186315,0.09394635191618536,17
future_ret_6m,2015-12-31,FAC_rank_vol_m3_n6_pairwise1__x__CtrlRetLTM,1,Low,0.14417106914901398,-0.09641273977699477,18
future_ret_6m,2015-12-31,FAC_rank_vol_m3_n6_pairwise1__x__CtrlRetLTM,2,Q2,0.3426227006439071,-0.11733229463692244,18
future_ret_6m,2015-12-31,FAC_rank_vol_m3_n6_pairwise1__x__CtrlRetLTM,3,Q3,0.44733077612873373,-0.14729684072283009,18
future_ret_6m,2015-12-31,FAC_rank_vol_m3_n6_pairwise1__x__CtrlRetLTM,4,Q4,0.5360735256746911,-0.1301320360564341,18
future_ret_6m,2015-12-31,FAC_rank_vol_m3_n6_pairwise1__x__CtrlRetLTM,5,High,0.7034689146307573,-0.1387055238656026,18
future_ret_6m,2016-03-31,FAC_rank_vol_m3_n6_pairwise1__x__CtrlRetLTM,1,Low,-0.25946768986671415,0.028470132656417648,19
future_ret_6m,2016-03-31,FAC_rank_vol_m3_n6_pairwise1__x__CtrlRetLTM,2,Q2,-0.1934897095043399,0.027157911579171724,19
future_ret_6m,2016-03-31,FAC_rank_vol_m3_n6_pairwise1__x__CtrlRetLTM,3,Q3,-0.1440418223654749,0.05128263709148072,19
future_ret_6m,2016-03-31,FAC_rank_vol_m3_n6_pairwise1__x__CtrlRetLTM,4,Q4,-0.09991622465614827,0.07117559513063418,19
future_ret_6m,2016-03-31,FAC_rank_vol_m3_n6_pairwise1__x__CtrlRetLTM,5,High,-0.01230397268274725,0.0576944603877696,19
future_ret_6m,2016-06-30,FAC_rank_vol_m3_n6_pairwise1__x__CtrlRetLTM,1,Low,-0.3111272054777195,-0.04637031360133254,21
future_ret_6m,2016-06-30,FAC_rank_vol_m3_n6_pairwise1__x__CtrlRetLTM,2,Q2,-0.2325585335972348,-0.02011997458766347,20
future_ret_6m,2016-06-30,FAC_rank_vol_m3_n6_pairwise1__x__CtrlRetLTM,3,Q3,-0.18808205024546085,-0.009241436886708611,21
future_ret_6m,2016-06-30,FAC_rank_vol_m3_n6_pairwise1__x__CtrlRetLTM,4,Q4,-0.1448402248896241,0.0037641290471698563,20
future_ret_6m,2016-06-30,FAC_rank_vol_m3_n6_pairwise1__x__CtrlRetLTM,5,High,-0.06902313078716744,0.015420717131460643,21
future_ret_6m,2016-09-30,FAC_rank_vol_m3_n6_pairwise1__x__CtrlRetLTM,1,Low,0.008969917421310454,0.00133404759917902,25
future_ret_6m,2016-09-30,FAC_rank_vol_m3_n6_pairwise1__x__CtrlRetLTM,2,Q2,0.06909773591746515,-0.005503296780615394,25
future_ret_6m,2016-09-30,FAC_rank_vol_m3_n6_pairwise1__x__CtrlRetLTM,3,Q3,0.1187038344321547,-0.003563472105421406,25
future_ret_6m,2016-09-30,FAC_rank_vol_m3_n6_pairwise1__x__CtrlRetLTM,4,Q4,0.16815086612254382,0.00664883048984477,25
future_ret_6m,2016-09-30,FAC_rank_vol_m3_n6_pairwise1__x__CtrlRetLTM,5,High,0.27145228603095,0.02172092245412408,25
future_ret_6m,2016-12-30,FAC_rank_vol_m3_n6_pairwise1__x__CtrlRetLTM,1,Low,-0.215477757387531,0.05493885831818992,35
future_ret_6m,2016-12-30,FAC_rank_vol_m3_n6_pairwise1__x__CtrlRetLTM,2,Q2,-0.1418605414810172,0.03411901156571978,34
future_ret_6m,2016-12-30,FAC_rank_vol_m3_n6_pairwise1__x__CtrlRetLTM,3,Q3,-0.094474394775807,0.06996486847143231,35
future_ret_6m,2016-12-30,FAC_rank_vol_m3_n6_pairwise1__x__CtrlRetLTM,4,Q4,-0.047515176607961465,0.08456780471069923,34
future_ret_6m,2016-12-30,FAC_rank_vol_m3_n6_pairwise1__x__CtrlRetLTM,5,High,0.038339578611753695,0.05269640393196292,35
future_ret_6m,2017-03-31,FAC_rank_vol_m3_n6_pairwise1__x__CtrlRetLTM,1,Low,-0.07377524701040437,0.08357151672451969,45
future_ret_6m,2017-03-31,FAC_rank_vol_m3_n6_pairwise1__x__CtrlRetLTM,2,Q2,0.008792742834442802,0.08691238990160143,44
future_ret_6m,2017-03-31,FAC_rank_vol_m3_n6_pairwise1__x__CtrlRetLTM,3,Q3,0.04993729118583092,0.0997198252024759,44
future_ret_6m,2017-03-31,FAC_rank_vol_m3_n6_pairwise1__x__CtrlRetLTM,4,Q4,0.09014578009153286,0.08937785741700684,44
future_ret_6m,2017-03-31,FAC_rank_vol_m3_n6_pairwise1__x__CtrlRetLTM,5,High,0.1670811064422675,0.09221234691362015,44
future_ret_6m,2017-06-30,FAC_rank_vol_m3_n6_pairwise1__x__CtrlRetLTM,1,Low,-0.14101685142779413,0.034231102344034134,47
future_ret_6m,2017-06-30,FAC_rank_vol_m3_n6_pairwise1__x__CtrlRetLTM,2,Q2,-0.05582061452794451,0.07996289407358556,46
future_ret_6m,2017-06-30,FAC_rank_vol_m3_n6_pairwise1__x__CtrlRetLTM,3,Q3,-0.010646102099370893,0.08915135389302797,46
future_ret_6m,2017-06-30,FAC_rank_vol_m3_n6_pairwise1__x__CtrlRetLTM,4,Q4,0.04233788930483353,0.10139295279950684,46
future_ret_6m,2017-06-30,FAC_rank_vol_m3_n6_pairwise1__x__CtrlRetLTM,5,High,0.14811220465049726,0.12159175550564041,47
future_ret_6m,2017-09-29,FAC_rank_vol_m3_n6_pairwise1__x__CtrlRetLTM,1,Low,-0.06002134229895618,-0.020742043292840677,52
future_ret_6m,2017-09-29,FAC_rank_vol_m3_n6_pairwise1__x__CtrlRetLTM,2,Q2,0.024623732953264393,0.006339613804344655,51
future_ret_6m,2017-09-29,FAC_rank_vol_m3_n6_pairwise1__x__CtrlRetLTM,3,Q3,0.07268165744270252,0.0016352360526193759,51
future_ret_6m,2017-09-29,FAC_rank_vol_m3_n6_pairwise1__x__CtrlRetLTM,4,Q4,0.128850812898991,0.026058980699384195,51
future_ret_6m,2017-09-29,FAC_rank_vol_m3_n6_pairwise1__x__CtrlRetLTM,5,High,0.2141684302536255,0.0325045102237293,51
future_ret_6m,2017-12-29,FAC_rank_vol_m3_n6_pairwise1__x__CtrlRetLTM,1,Low,-0.037621769510093786,-0.06979468407627064,55
future_ret_6m,2017-12-29,FAC_rank_vol_m3_n6_pairwise1__x__CtrlRetLTM,2,Q2,0.06409945532059835,-0.07900795761961918,54
future_ret_6m,2017-12-29,FAC_rank_vol_m3_n6_pairwise1__x__CtrlRetLTM,3,Q3,0.13440556936339135,-0.09689842321075808,54
future_ret_6m,2017-12-29,FAC_rank_vol_m3_n6_pairwise1__x__CtrlRetLTM,4,Q4,0.19911218332113628,-0.08753377224081313,54
future_ret_6m,2017-12-29,FAC_rank_vol_m3_n6_pairwise1__x__CtrlRetLTM,5,High,0.30849529164344636,-0.0769398139427324,55
future_ret_6m,2018-03-30,FAC_rank_vol_m3_n6_pairwise1__x__CtrlRetLTM,1,Low,-0.05724369770847663,-0.16232982599074006,54
future_ret_6m,2018-03-30,FAC_rank_vol_m3_n6_pairwise1__x__CtrlRetLTM,2,Q2,0.04042524533460553,-0.1277307540212721,54
future_ret_6m,2018-03-30,FAC_rank_vol_m3_n6_pairwise1__x__CtrlRetLTM,3,Q3,0.10151922080522946,-0.15428304084012565,53
future_ret_6m,2018-03-30,FAC_rank_vol_m3_n6_pairwise1__x__CtrlRetLTM,4,Q4,0.16982882791919054,-0.14847579647073494,54
future_ret_6m,2018-03-30,FAC_rank_vol_m3_n6_pairwise1__x__CtrlRetLTM,5,High,0.2679352555922636,-0.12120919779541976,54
future_ret_6m,2018-06-29,FAC_rank_vol_m3_n6_pairwise1__x__CtrlRetLTM,1,Low,-0.06082992906188227,-0.18606070999324867,56
future_ret_6m,2018-06-29,FAC_rank_vol_m3_n6_pairwise1__x__CtrlRetLTM,2,Q2,0.019662309253779958,-0.166335283118573,55
future_ret_6m,2018-06-29,FAC_rank_vol_m3_n6_pairwise1__x__CtrlRetLTM,3,Q3,0.05586150548003407,-0.16233621503484233,56
future_ret_6m,2018-06-29,FAC_rank_vol_m3_n6_pairwise1__x__CtrlRetLTM,4,Q4,0.10327377051426909,-0.18138348067921603,55
future_ret_6m,2018-06-29,FAC_rank_vol_m3_n6_pairwise1__x__CtrlRetLTM,5,High,0.2066505910918161,-0.1980795522482556,56
future_ret_6m,2018-09-28,FAC_rank_vol_m3_n6_pairwise1__x__CtrlRetLTM,1,Low,-0.2247660097095476,0.11976647829764134,55
future_ret_6m,2018-09-28,FAC_rank_vol_m3_n6_pairwise1__x__CtrlRetLTM,2,Q2,-0.14919140849018875,0.15170084391699334,55
future_ret_6m,2018-09-28,FAC_rank_vol_m3_n6_pairwise1__x__CtrlRetLTM,3,Q3,-0.1035406644108687,0.1319243672827944,54
future_ret_6m,2018-09-28,FAC_rank_vol_m3_n6_pairwise1__x__CtrlRetLTM,4,Q4,-0.0625281459173023,0.13974548782219579,55
future_ret_6m,2018-09-28,FAC_rank_vol_m3_n6_pairwise1__x__CtrlRetLTM,5,High,0.008449365867721877,0.11312711179307228,55
future_ret_6m,2018-12-28,FAC_rank_vol_m3_n6_pairwise1__x__CtrlRetLTM,1,Low,-0.2978639151777985,0.27022768187602214,56
future_ret_6m,2018-12-28,FAC_rank_vol_m3_n6_pairwise1__x__CtrlRetLTM,2,Q2,-0.22447268936096126,0.2535588551253297,55
future_ret_6m,2018-12-28,FAC_rank_vol_m3_n6_pairwise1__x__CtrlRetLTM,3,Q3,-0.18778921089244957,0.26128011344487273,56
future_ret_6m,2018-12-28,FAC_rank_vol_m3_n6_pairwise1__x__CtrlRetLTM,4,Q4,-0.15696107357186406,0.24268283678461405,55
future_ret_6m,2018-12-28,FAC_rank_vol_m3_n6_pairwise1__x__CtrlRetLTM,5,High,-0.09261709441355762,0.2569777767553868,56
future_ret_6m,2019-03-29,FAC_rank_vol_m3_n6_pairwise1__x__CtrlRetLTM,1,Low,-0.16685359610813966,0.06210362082175752,58
future_ret_6m,2019-03-29,FAC_rank_vol_m3_n6_pairwise1__x__CtrlRetLTM,2,Q2,-0.10763857484183807,0.07005013969004381,57
future_ret_6m,2019-03-29,FAC_rank_vol_m3_n6_pairwise1__x__CtrlRetLTM,3,Q3,-0.07737704346809235,0.062198369346590766,57
future_ret_6m,2019-03-29,FAC_rank_vol_m3_n6_pairwise1__x__CtrlRetLTM,4,Q4,-0.04408870656075688,0.0508521739530546,57
future_ret_6m,2019-03-29,FAC_rank_vol_m3_n6_pairwise1__x__CtrlRetLTM,5,High,0.00873525875984197,0.080719507750295,58
future_ret_6m,2019-06-28,FAC_rank_vol_m3_n6_pairwise1__x__CtrlRetLTM,1,Low,-0.0969491095471247,0.2040107012947208,60
future_ret_6m,2019-06-28,FAC_rank_vol_m3_n6_pairwise1__x__CtrlRetLTM,2,Q2,-0.047134679914535724,0.19640151533966707,59
future_ret_6m,2019-06-28,FAC_rank_vol_m3_n6_pairwise1__x__CtrlRetLTM,3,Q3,-0.014604972246246285,0.18857885837122787,59
future_ret_6m,2019-06-28,FAC_rank_vol_m3_n6_pairwise1__x__CtrlRetLTM,4,Q4,0.020382905048939044,0.1838358716673331,59
future_ret_6m,2019-06-28,FAC_rank_vol_m3_n6_pairwise1__x__CtrlRetLTM,5,High,0.10371390808517383,0.1729380793526355,60
future_ret_6m,2019-09-30,FAC_rank_vol_m3_n6_pairwise1__x__CtrlRetLTM,1,Low,0.058054314546617074,0.06670026656798057,61
future_ret_6m,2019-09-30,FAC_rank_vol_m3_n6_pairwise1__x__CtrlRetLTM,2,Q2,0.11923522955891358,0.10042279765064314,60
future_ret_6m,2019-09-30,FAC_rank_vol_m3_n6_pairwise1__x__CtrlRetLTM,3,Q3,0.16033317763967112,0.10802758063332854,60
future_ret_6m,2019-09-30,FAC_rank_vol_m3_n6_pairwise1__x__CtrlRetLTM,4,Q4,0.2139875806086646,0.12192800188101392,60
future_ret_6m,2019-09-30,FAC_rank_vol_m3_n6_pairwise1__x__CtrlRetLTM,5,High,0.3201803560453226,0.12357381696855199,61
future_ret_6m,2019-12-31,FAC_rank_vol_m3_n6_pairwise1__x__CtrlRetLTM,1,Low,0.19075884890295589,0.18377174560747211,68
future_ret_6m,2019-12-31,FAC_rank_vol_m3_n6_pairwise1__x__CtrlRetLTM,2,Q2,0.2851544882904395,0.2410989180197903,68
future_ret_6m,2019-12-31,FAC_rank_vol_m3_n6_pairwise1__x__CtrlRetLTM,3,Q3,0.35327999026557166,0.2800731850399499,68
future_ret_6m,2019-12-31,FAC_rank_vol_m3_n6_pairwise1__x__CtrlRetLTM,4,Q4,0.42900580154101897,0.27643390337246687,68
future_ret_6m,2019-12-31,FAC_rank_vol_m3_n6_pairwise1__x__CtrlRetLTM,5,High,0.5438101860496789,0.3699328487392428,68
future_ret_6m,2020-03-31,FAC_rank_vol_m3_n6_pairwise1__x__CtrlRetLTM,1,Low,0.0694745719629284,0.3781643338897029,71
future_ret_6m,2020-03-31,FAC_rank_vol_m3_n6_pairwise1__x__CtrlRetLTM,2,Q2,0.16355732261251799,0.42294297274074694,71
future_ret_6m,2020-03-31,FAC_rank_vol_m3_n6_pairwise1__x__CtrlRetLTM,3,Q3,0.23391339041878167,0.4195121332612844,71
future_ret_6m,2020-03-31,FAC_rank_vol_m3_n6_pairwise1__x__CtrlRetLTM,4,Q4,0.30274404300471564,0.43315292195243443,71
future_ret_6m,2020-03-31,FAC_rank_vol_m3_n6_pairwise1__x__CtrlRetLTM,5,High,0.45445947558021493,0.4304550101117313,71
future_ret_6m,2020-06-30,FAC_rank_vol_m3_n6_pairwise1__x__CtrlRetLTM,1,Low,0.1124962089444885,0.2873482630686112,75
future_ret_6m,2020-06-30,FAC_rank_vol_m3_n6_pairwise1__x__CtrlRetLTM,2,Q2,0.21664323354329787,0.3271874966872567,74
future_ret_6m,2020-06-30,FAC_rank_vol_m3_n6_pairwise1__x__CtrlRetLTM,3,Q3,0.29796229011698677,0.35835615592169445,75
future_ret_6m,2020-06-30,FAC_rank_vol_m3_n6_pairwise1__x__CtrlRetLTM,4,Q4,0.3852029448387905,0.29231732684157385,74
future_ret_6m,2020-06-30,FAC_rank_vol_m3_n6_pairwise1__x__CtrlRetLTM,5,High,0.5642129910859615,0.20386936190748053,75
future_ret_6m,2020-09-30,FAC_rank_vol_m3_n6_pairwise1__x__CtrlRetLTM,1,Low,0.36375707771988547,0.12543016198434867,80
future_ret_6m,2020-09-30,FAC_rank_vol_m3_n6_pairwise1__x__CtrlRetLTM,2,Q2,0.4887839575362283,0.113015402152885,79
future_ret_6m,2020-09-30,FAC_rank_vol_m3_n6_pairwise1__x__CtrlRetLTM,3,Q3,0.5678640510910168,0.11112694176653273,79
future_ret_6m,2020-09-30,FAC_rank_vol_m3_n6_pairwise1__x__CtrlRetLTM,4,Q4,0.6501259368223927,0.10145854393218981,79
future_ret_6m,2020-09-30,FAC_rank_vol_m3_n6_pairwise1__x__CtrlRetLTM,5,High,0.7910448396265795,0.10431135991114178,79
future_ret_6m,2020-12-31,FAC_rank_vol_m3_n6_pairwise1__x__CtrlRetLTM,1,Low,0.25627794251090125,0.08323878192610815,88
future_ret_6m,2020-12-31,FAC_rank_vol_m3_n6_pairwise1__x__CtrlRetLTM,2,Q2,0.3696866084025608,0.1057892957009878,87
future_ret_6m,2020-12-31,FAC_rank_vol_m3_n6_pairwise1__x__CtrlRetLTM,3,Q3,0.4341752199335673,0.09994020937946654,87
future_ret_6m,2020-12-31,FAC_rank_vol_m3_n6_pairwise1__x__CtrlRetLTM,4,Q4,0.5057699996207503,0.10311576904749287,87
future_ret_6m,2020-12-31,FAC_rank_vol_m3_n6_pairwise1__x__CtrlRetLTM,5,High,0.6477076967888616,0.09841270147581543,87
future_ret_6m,2021-03-31,FAC_rank_vol_m3_n6_pairwise1__x__CtrlRetLTM,1,Low,0.3630555604847606,0.12925838211766763,92
future_ret_6m,2021-03-31,FAC_rank_vol_m3_n6_pairwise1__x__CtrlRetLTM,2,Q2,0.48883510088580473,0.10044999023191181,92
future_ret_6m,2021-03-31,FAC_rank_vol_m3_n6_pairwise1__x__CtrlRetLTM,3,Q3,0.5804825703168113,0.11225149278263415,92
future_ret_6m,2021-03-31,FAC_rank_vol_m3_n6_pairwise1__x__CtrlRetLTM,4,Q4,0.6775444990908077,0.08186429717661742,92
future_ret_6m,2021-03-31,FAC_rank_vol_m3_n6_pairwise1__x__CtrlRetLTM,5,High,0.8814836993892091,0.11416760271626124,92
future_ret_6m,2021-06-30,FAC_rank_vol_m3_n6_pairwise1__x__CtrlRetLTM,1,Low,0.14069834011520446,0.02404518527804634,103
future_ret_6m,2021-06-30,FAC_rank_vol_m3_n6_pairwise1__x__CtrlRetLTM,2,Q2,0.25551165066858167,-0.009692757128797915,103
future_ret_6m,2021-06-30,FAC_rank_vol_m3_n6_pairwise1__x__CtrlRetLTM,3,Q3,0.32732636411926824,-0.008244342976839547,103
future_ret_6m,2021-06-30,FAC_rank_vol_m3_n6_pairwise1__x__CtrlRetLTM,4,Q4,0.39500320926568944,-0.03070143754091237,103
future_ret_6m,2021-06-30,FAC_rank_vol_m3_n6_pairwise1__x__CtrlRetLTM,5,High,0.5558437220953433,0.03410419508990448,103
future_ret_6m,2021-09-30,FAC_rank_vol_m3_n6_pairwise1__x__CtrlRetLTM,1,Low,0.020683457133046704,-0.1567496839051252,113
future_ret_6m,2021-09-30,FAC_rank_vol_m3_n6_pairwise1__x__CtrlRetLTM,2,Q2,0.12270748909588253,-0.15519552364536518,113
future_ret_6m,2021-09-30,FAC_rank_vol_m3_n6_pairwise1__x__CtrlRetLTM,3,Q3,0.20661773390234964,-0.14118956582096118,113
future_ret_6m,2021-09-30,FAC_rank_vol_m3_n6_pairwise1__x__CtrlRetLTM,4,Q4,0.3162054071479871,-0.1390085913807184,113
future_ret_6m,2021-09-30,FAC_rank_vol_m3_n6_pairwise1__x__CtrlRetLTM,5,High,0.649783478104463,-0.14740205304835857,113
future_ret_6m,2021-12-31,FAC_rank_vol_m3_n6_pairwise1__x__CtrlRetLTM,1,Low,-0.08192148372248373,-0.09282436784247822,120
future_ret_6m,2021-12-31,FAC_rank_vol_m3_n6_pairwise1__x__CtrlRetLTM,2,Q2,0.0071311224135263895,-0.0997356391547347,119
future_ret_6m,2021-12-31,FAC_rank_vol_m3_n6_pairwise1__x__CtrlRetLTM,3,Q3,0.08147602555049677,-0.11132780043513131,119
future_ret_6m,2021-12-31,FAC_rank_vol_m3_n6_pairwise1__x__CtrlRetLTM,4,Q4,0.17854674271424278,-0.10262242887708573,119
future_ret_6m,2021-12-31,FAC_rank_vol_m3_n6_pairwise1__x__CtrlRetLTM,5,High,0.3772666956323041,-0.09948593532009672,119
future_ret_6m,2022-03-31,FAC_rank_vol_m3_n6_pairwise1__x__CtrlRetLTM,1,Low,-0.15327771628304018,-0.06797784158168596,132
future_ret_6m,2022-03-31,FAC_rank_vol_m3_n6_pairwise1__x__CtrlRetLTM,2,Q2,-0.06971355249629792,-0.051662999800432687,131
future_ret_6m,2022-03-31,FAC_rank_vol_m3_n6_pairwise1__x__CtrlRetLTM,3,Q3,0.01299170371867048,-0.05110077433553163,131
future_ret_6m,2022-03-31,FAC_rank_vol_m3_n6_pairwise1__x__CtrlRetLTM,4,Q4,0.10711276948264264,-0.038567104266815845,131
future_ret_6m,2022-03-31,FAC_rank_vol_m3_n6_pairwise1__x__CtrlRetLTM,5,High,0.2913092505331384,-0.037130948473834566,132
future_ret_6m,2022-06-30,FAC_rank_vol_m3_n6_pairwise1__x__CtrlRetLTM,1,Low,-0.30765734979217535,-0.12417824737862738,152
future_ret_6m,2022-06-30,FAC_rank_vol_m3_n6_pairwise1__x__CtrlRetLTM,2,Q2,-0.23099562025123324,-0.1317729954129865,151
future_ret_6m,2022-06-30,FAC_rank_vol_m3_n6_pairwise1__x__CtrlRetLTM,3,Q3,-0.1713680797151027,-0.12873270862193129,152
future_ret_6m,2022-06-30,FAC_rank_vol_m3_n6_pairwise1__x__CtrlRetLTM,4,Q4,-0.11040826485179256,-0.12838595435777966,151
future_ret_6m,2022-06-30,FAC_rank_vol_m3_n6_pairwise1__x__CtrlRetLTM,5,High,-0.002327116214762477,-0.10051054175355448,152
future_ret_6m,2006-06-30,FAC_rank_vol_m6_n3_pairwise1__x__CtrlRetLTM,1,Low,0.378845386004619,,2
future_ret_6m,2006-06-30,FAC_rank_vol_m6_n3_pairwise1__x__CtrlRetLTM,2,Q2,0.4243191237656389,,1
future_ret_6m,2006-06-30,FAC_rank_vol_m6_n3_pairwise1__x__CtrlRetLTM,3,Q3,0.46315092941182845,,1
future_ret_6m,2006-06-30,FAC_rank_vol_m6_n3_pairwise1__x__CtrlRetLTM,4,Q4,0.4806248352927521,,1
future_ret_6m,2006-06-30,FAC_rank_vol_m6_n3_pairwise1__x__CtrlRetLTM,5,High,0.7227790617264969,,1
future_ret_6m,2006-09-29,FAC_rank_vol_m6_n3_pairwise1__x__CtrlRetLTM,1,Low,0.36354409565938106,,2
future_ret_6m,2006-09-29,FAC_rank_vol_m6_n3_pairwise1__x__CtrlRetLTM,2,Q2,0.39795712523605326,,1
future_ret_6m,2006-09-29,FAC_rank_vol_m6_n3_pairwise1__x__CtrlRetLTM,3,Q3,0.43458520803521766,,1
future_ret_6m,2006-09-29,FAC_rank_vol_m6_n3_pairwise1__x__CtrlRetLTM,4,Q4,0.44703310610674923,,1
future_ret_6m,2006-09-29,FAC_rank_vol_m6_n3_pairwise1__x__CtrlRetLTM,5,High,0.5279284689067143,,1
future_ret_6m,2006-12-29,FAC_rank_vol_m6_n3_pairwise1__x__CtrlRetLTM,1,Low,0.5089481988463566,,2
future_ret_6m,2006-12-29,FAC_rank_vol_m6_n3_pairwise1__x__CtrlRetLTM,2,Q2,0.6161046950002604,,1
future_ret_6m,2006-12-29,FAC_rank_vol_m6_n3_pairwise1__x__CtrlRetLTM,3,Q3,0.6458213155647359,,2
future_ret_6m,2006-12-29,FAC_rank_vol_m6_n3_pairwise1__x__CtrlRetLTM,4,Q4,0.7361647724481852,,1
future_ret_6m,2006-12-29,FAC_rank_vol_m6_n3_pairwise1__x__CtrlRetLTM,5,High,0.8300114005726451,,2
future_ret_6m,2007-03-30,FAC_rank_vol_m6_n3_pairwise1__x__CtrlRetLTM,1,Low,0.7937903537819412,,2
future_ret_6m,2007-03-30,FAC_rank_vol_m6_n3_pairwise1__x__CtrlRetLTM,2,Q2,0.874236770305547,,1
future_ret_6m,2007-03-30,FAC_rank_vol_m6_n3_pairwise1__x__CtrlRetLTM,3,Q3,0.8976965930123577,,2
future_ret_6m,2007-03-30,FAC_rank_vol_m6_n3_pairwise1__x__CtrlRetLTM,4,Q4,0.9293957988971008,,1
future_ret_6m,2007-03-30,FAC_rank_vol_m6_n3_pairwise1__x__CtrlRetLTM,5,High,1.0791585497114364,,2
future_ret_6m,2007-06-29,FAC_rank_vol_m6_n3_pairwise1__x__CtrlRetLTM,1,Low,0.8027216074177471,,1
future_ret_6m,2007-06-29,FAC_rank_vol_m6_n3_pairwise1__x__CtrlRetLTM,2,Q2,0.9421906985500255,,1
future_ret_6m,2007-06-29,FAC_rank_vol_m6_n3_pairwise1__x__CtrlRetLTM,3,Q3,0.9559345097773713,,1
future_ret_6m,2007-06-29,FAC_rank_vol_m6_n3_pairwise1__x__CtrlRetLTM,4,Q4,1.1194005929392705,,1
future_ret_6m,2007-06-29,FAC_rank_vol_m6_n3_pairwise1__x__CtrlRetLTM,5,High,1.1589557791377365,,1
future_ret_6m,2007-09-28,FAC_rank_vol_m6_n3_pairwise1__x__CtrlRetLTM,1,Low,1.1909151721844706,,3
future_ret_6m,2007-09-28,FAC_rank_vol_m6_n3_pairwise1__x__CtrlRetLTM,2,Q2,1.4735516146548637,,2
future_ret_6m,2007-09-28,FAC_rank_vol_m6_n3_pairwise1__x__CtrlRetLTM,3,Q3,1.6117245725014544,,2
future_ret_6m,2007-09-28,FAC_rank_vol_m6_n3_pairwise1__x__CtrlRetLTM,4,Q4,1.7842851680668543,,2
future_ret_6m,2007-09-28,FAC_rank_vol_m6_n3_pairwise1__x__CtrlRetLTM,5,High,1.9629782876220454,,2
future_ret_6m,2007-12-28,FAC_rank_vol_m6_n3_pairwise1__x__CtrlRetLTM,1,Low,0.5816425073676249,,3
future_ret_6m,2007-12-28,FAC_rank_vol_m6_n3_pairwise1__x__CtrlRetLTM,2,Q2,0.6948243246384918,,2
future_ret_6m,2007-12-28,FAC_rank_vol_m6_n3_pairwise1__x__CtrlRetLTM,3,Q3,0.7261569973463464,,3
future_ret_6m,2007-12-28,FAC_rank_vol_m6_n3_pairwise1__x__CtrlRetLTM,4,Q4,0.8753248343675324,,2
future_ret_6m,2007-12-28,FAC_rank_vol_m6_n3_pairwise1__x__CtrlRetLTM,5,High,1.0248306709032724,,3
future_ret_6m,2008-03-31,FAC_rank_vol_m6_n3_pairwise1__x__CtrlRetLTM,1,Low,0.4209385084483263,,3
future_ret_6m,2008-03-31,FAC_rank_vol_m6_n3_pairwise1__x__CtrlRetLTM,2,Q2,0.5045448862809653,,3
future_ret_6m,2008-03-31,FAC_rank_vol_m6_n3_pairwise1__x__CtrlRetLTM,3,Q3,0.5405213569750138,,3
future_ret_6m,2008-03-31,FAC_rank_vol_m6_n3_pairwise1__x__CtrlRetLTM,4,Q4,0.6113843771717155,,3
future_ret_6m,2008-03-31,FAC_rank_vol_m6_n3_pairwise1__x__CtrlRetLTM,5,High,0.7549780677086665,,3
future_ret_6m,2008-06-30,FAC_rank_vol_m6_n3_pairwise1__x__CtrlRetLTM,1,Low,-0.019385943274720995,,4
future_ret_6m,2008-06-30,FAC_rank_vol_m6_n3_pairwise1__x__CtrlRetLTM,2,Q2,0.009244409230711848,,4
future_ret_6m,2008-06-30,FAC_rank_vol_m6_n3_pairwise1__x__CtrlRetLTM,3,Q3,0.029100560658099364,,4
future_ret_6m,2008-06-30,FAC_rank_vol_m6_n3_pairwise1__x__CtrlRetLTM,4,Q4,0.05223071772667828,,4
future_ret_6m,2008-06-30,FAC_rank_vol_m6_n3_pairwise1__x__CtrlRetLTM,5,High,0.10430902746250334,,4
future_ret_6m,2008-09-26,FAC_rank_vol_m6_n3_pairwise1__x__CtrlRetLTM,1,Low,-0.43282783798767843,0.17156947968869543,6
future_ret_6m,2008-09-26,FAC_rank_vol_m6_n3_pairwise1__x__CtrlRetLTM,2,Q2,-0.3624417989556008,0.1075082023135967,5
future_ret_6m,2008-09-26,FAC_rank_vol_m6_n3_pairwise1__x__CtrlRetLTM,3,Q3,-0.34608562282216226,0.08023758379883059,5
future_ret_6m,2008-09-26,FAC_rank_vol_m6_n3_pairwise1__x__CtrlRetLTM,4,Q4,-0.32088000411543166,0.13744002650779796,5
future_ret_6m,2008-09-26,FAC_rank_vol_m6_n3_pairwise1__x__CtrlRetLTM,5,High,-0.256086769138155,0.09969574303893627,5
future_ret_6m,2008-12-31,FAC_rank_vol_m6_n3_pairwise1__x__CtrlRetLTM,1,Low,-0.5023527991310414,0.5492550202304626,7
future_ret_6m,2008-12-31,FAC_rank_vol_m6_n3_pairwise1__x__CtrlRetLTM,2,Q2,-0.4575039699518082,0.5192243122086697,7
future_ret_6m,2008-12-31,FAC_rank_vol_m6_n3_pairwise1__x__CtrlRetLTM,3,Q3,-0.4190150222940065,0.5016931425219251,7
future_ret_6m,2008-12-31,FAC_rank_vol_m6_n3_pairwise1__x__CtrlRetLTM,4,Q4,-0.3794754706299619,0.4693549390394877,7
future_ret_6m,2008-12-31,FAC_rank_vol_m6_n3_pairwise1__x__CtrlRetLTM,5,High,-0.34545202475942116,0.4552247135004048,7
future_ret_6m,2009-03-31,FAC_rank_vol_m6_n3_pairwise1__x__CtrlRetLTM,1,Low,-0.30664845124110823,0.16139498947443862,7
future_ret_6m,2009-03-31,FAC_rank_vol_m6_n3_pairwise1__x__CtrlRetLTM,2,Q2,-0.25991262381641095,0.1932173956194924,6
future_ret_6m,2009-03-31,FAC_rank_vol_m6_n3_pairwise1__x__CtrlRetLTM,3,Q3,-0.23576925885942598,0.21162864318190944,7
future_ret_6m,2009-03-31,FAC_rank_vol_m6_n3_pairwise1__x__CtrlRetLTM,4,Q4,-0.213994976138415,0.18924086051198052,6
future_ret_6m,2009-03-31,FAC_rank_vol_m6_n3_pairwise1__x__CtrlRetLTM,5,High,-0.17450890685028259,0.18030544011541663,7
future_ret_6m,2009-06-30,FAC_rank_vol_m6_n3_pairwise1__x__CtrlRetLTM,1,Low,-0.06262074641378351,0.10865688322919158,9
future_ret_6m,2009-06-30,FAC_rank_vol_m6_n3_pairwise1__x__CtrlRetLTM,2,Q2,-0.001968090251703262,0.15019031556318646,8
future_ret_6m,2009-06-30,FAC_rank_vol_m6_n3_pairwise1__x__CtrlRetLTM,3,Q3,0.025293784268665666,0.11848839106280087,8
future_ret_6m,2009-06-30,FAC_rank_vol_m6_n3_pairwise1__x__CtrlRetLTM,4,Q4,0.04441435274444602,0.124922269246484,8
future_ret_6m,2009-06-30,FAC_rank_vol_m6_n3_pairwise1__x__CtrlRetLTM,5,High,0.06737344005902213,0.16144967732233528,9
future_ret_6m,2009-09-30,FAC_rank_vol_m6_n3_pairwise1__x__CtrlRetLTM,1,Low,0.09067021768297756,0.11001028141669959,10
future_ret_6m,2009-09-30,FAC_rank_vol_m6_n3_pairwise1__x__CtrlRetLTM,2,Q2,0.1559960581891174,0.13555643878740828,9
future_ret_6m,2009-09-30,FAC_rank_vol_m6_n3_pairwise1__x__CtrlRetLTM,3,Q3,0.18526128417502186,0.11454937792407331,9
future_ret_6m,2009-09-30,FAC_rank_vol_m6_n3_pairwise1__x__CtrlRetLTM,4,Q4,0.21357885467315696,0.13842908729275102,9
future_ret_6m,2009-09-30,FAC_rank_vol_m6_n3_pairwise1__x__CtrlRetLTM,5,High,0.27425829335692153,0.14723809146894307,10
future_ret_6m,2009-12-31,FAC_rank_vol_m6_n3_pairwise1__x__CtrlRetLTM,1,Low,0.35380042428175057,-0.15301578425886067,12
future_ret_6m,2009-12-31,FAC_rank_vol_m6_n3_pairwise1__x__CtrlRetLTM,2,Q2,0.4283228948230497,-0.197585535048027,12
future_ret_6m,2009-12-31,FAC_rank_vol_m6_n3_pairwise1__x__CtrlRetLTM,3,Q3,0.5049448092522382,-0.19722908540198159,11
future_ret_6m,2009-12-31,FAC_rank_vol_m6_n3_pairwise1__x__CtrlRetLTM,4,Q4,0.5632989800543475,-0.18531766794083585,12
future_ret_6m,2009-12-31,FAC_rank_vol_m6_n3_pairwise1__x__CtrlRetLTM,5,High,0.6706032820413402,-0.2012546016307465,12
future_ret_6m,2010-03-31,FAC_rank_vol_m6_n3_pairwise1__x__CtrlRetLTM,1,Low,0.14427108226163324,-0.021135878412236696,12
future_ret_6m,2010-03-31,FAC_rank_vol_m6_n3_pairwise1__x__CtrlRetLTM,2,Q2,0.20611731411470505,-0.0065162171966322196,12
future_ret_6m,2010-03-31,FAC_rank_vol_m6_n3_pairwise1__x__CtrlRetLTM,3,Q3,0.24438329631808253,-0.005404571735677423,12
future_ret_6m,2010-03-31,FAC_rank_vol_m6_n3_pairwise1__x__CtrlRetLTM,4,Q4,0.27716053988293293,0.010326780913017327,12
future_ret_6m,2010-03-31,FAC_rank_vol_m6_n3_pairwise1__x__CtrlRetLTM,5,High,0.3577843217425453,0.000963009326005515,12
future_ret_6m,2010-06-30,FAC_rank_vol_m6_n3_pairwise1__x__CtrlRetLTM,1,Low,-0.0975480029326904,0.21114560685198183,12
future_ret_6m,2010-06-30,FAC_rank_vol_m6_n3_pairwise1__x__CtrlRetLTM,2,Q2,-0.044378384005764465,0.22255480874845748,11
future_ret_6m,2010-06-30,FAC_rank_vol_m6_n3_pairwise1__x__CtrlRetLTM,3,Q3,-0.008272795019363509,0.2464695683937409,11
future_ret_6m,2010-06-30,FAC_rank_vol_m6_n3_pairwise1__x__CtrlRetLTM,4,Q4,0.02650713252793413,0.2935338043032975,11
future_ret_6m,2010-06-30,FAC_rank_vol_m6_n3_pairwise1__x__CtrlRetLTM,5,High,0.08543709743182494,0.2937137922928541,12
future_ret_6m,2010-09-30,FAC_rank_vol_m6_n3_pairwise1__x__CtrlRetLTM,1,Low,-0.005371208408292103,0.04976827459840404,12
future_ret_6m,2010-09-30,FAC_rank_vol_m6_n3_pairwise1__x__CtrlRetLTM,2,Q2,0.0477078022059152,0.03578638119459559,12
future_ret_6m,2010-09-30,FAC_rank_vol_m6_n3_pairwise1__x__CtrlRetLTM,3,Q3,0.0724086226919393,0.0572286993560868,12
future_ret_6m,2010-09-30,FAC_rank_vol_m6_n3_pairwise1__x__CtrlRetLTM,4,Q4,0.10355939093309237,0.02123865280461938,12
future_ret_6m,2010-09-30,FAC_rank_vol_m6_n3_pairwise1__x__CtrlRetLTM,5,High,0.21407287697537505,0.006924250017003604,12
future_ret_6m,2010-12-31,FAC_rank_vol_m6_n3_pairwise1__x__CtrlRetLTM,1,Low,-0.07847381367367966,-0.04659855704758841,13
future_ret_6m,2010-12-31,FAC_rank_vol_m6_n3_pairwise1__x__CtrlRetLTM,2,Q2,-0.01140001605296874,-0.053888728566352996,12
future_ret_6m,2010-12-31,FAC_rank_vol_m6_n3_pairwise1__x__CtrlRetLTM,3,Q3,0.03232361528692936,-0.07944209969824124,12
future_ret_6m,2010-12-31,FAC_rank_vol_m6_n3_pairwise1__x__CtrlRetLTM,4,Q4,0.07276306210867274,-0.08431250973865101,12
future_ret_6m,2010-12-31,FAC_rank_vol_m6_n3_pairwise1__x__CtrlRetLTM,5,High,0.15243539382089538,-0.09066711601253123,12
future_ret_6m,2011-03-31,FAC_rank_vol_m6_n3_pairwise1__x__CtrlRetLTM,1,Low,-0.02957285676970601,-0.16379594139155823,13
future_ret_6m,2011-03-31,FAC_rank_vol_m6_n3_pairwise1__x__CtrlRetLTM,2,Q2,0.022807530372354553,-0.15822491333699973,12
future_ret_6m,2011-03-31,FAC_rank_vol_m6_n3_pairwise1__x__CtrlRetLTM,3,Q3,0.06228856148576544,-0.15237013063213434,13
future_ret_6m,2011-03-31,FAC_rank_vol_m6_n3_pairwise1__x__CtrlRetLTM,4,Q4,0.09188496863245482,-0.14720690637659925,12
future_ret_6m,2011-03-31,FAC_rank_vol_m6_n3_pairwise1__x__CtrlRetLTM,5,High,0.13393848421064639,-0.14812885371903384,13
future_ret_6m,2011-06-30,FAC_rank_vol_m6_n3_pairwise1__x__CtrlRetLTM,1,Low,0.03862737389045277,-0.16913830922910417,14
future_ret_6m,2011-06-30,FAC_rank_vol_m6_n3_pairwise1__x__CtrlRetLTM,2,Q2,0.0799821874033079,-0.17476567911952232,14
future_ret_6m,2011-06-30,FAC_rank_vol_m6_n3_pairwise1__x__CtrlRetLTM,3,Q3,0.10502469221330274,-0.17677416842506682,13
future_ret_6m,2011-06-30,FAC_rank_vol_m6_n3_pairwise1__x__CtrlRetLTM,4,Q4,0.13749195001381423,-0.19275500202193716,14
future_ret_6m,2011-06-30,FAC_rank_vol_m6_n3_pairwise1__x__CtrlRetLTM,5,High,0.185845559386585,-0.18441484400031147,14
future_ret_6m,2011-09-30,FAC_rank_vol_m6_n3_pairwise1__x__CtrlRetLTM,1,Low,-0.08581979461898784,-0.0826608321504573,16
future_ret_6m,2011-09-30,FAC_rank_vol_m6_n3_pairwise1__x__CtrlRetLTM,2,Q2,-0.045705706224863626,-0.06531010435723741,15
future_ret_6m,2011-09-30,FAC_rank_vol_m6_n3_pairwise1__x__CtrlRetLTM,3,Q3,-0.022077395170244703,-0.050921792357778786,15
future_ret_6m,2011-09-30,FAC_rank_vol_m6_n3_pairwise1__x__CtrlRetLTM,4,Q4,0.011424671688838236,-0.058845288579973315,15
future_ret_6m,2011-09-30,FAC_rank_vol_m6_n3_pairwise1__x__CtrlRetLTM,5,High,0.05026767653890555,-0.06609592330616645,15
future_ret_6m,2011-12-30,FAC_rank_vol_m6_n3_pairwise1__x__CtrlRetLTM,1,Low,-0.20953143510942435,0.03341879140930567,16
future_ret_6m,2011-12-30,FAC_rank_vol_m6_n3_pairwise1__x__CtrlRetLTM,2,Q2,-0.16138855475274755,0.05164302354081985,16
future_ret_6m,2011-12-30,FAC_rank_vol_m6_n3_pairwise1__x__CtrlRetLTM,3,Q3,-0.13800986375448906,0.04670563278751521,15
future_ret_6m,2011-12-30,FAC_rank_vol_m6_n3_pairwise1__x__CtrlRetLTM,4,Q4,-0.11813114675754244,0.04726517429790161,16
future_ret_6m,2011-12-30,FAC_rank_vol_m6_n3_pairwise1__x__CtrlRetLTM,5,High,-0.08117353396063781,0.04900706512934133,16
future_ret_6m,2012-03-30,FAC_rank_vol_m6_n3_pairwise1__x__CtrlRetLTM,1,Low,-0.19944334557543486,0.006180655180074699,17
future_ret_6m,2012-03-30,FAC_rank_vol_m6_n3_pairwise1__x__CtrlRetLTM,2,Q2,-0.15166754883689695,-0.012410088069621517,16
future_ret_6m,2012-03-30,FAC_rank_vol_m6_n3_pairwise1__x__CtrlRetLTM,3,Q3,-0.12975708752964388,0.020604639414279008,16
future_ret_6m,2012-03-30,FAC_rank_vol_m6_n3_pairwise1__x__CtrlRetLTM,4,Q4,-0.10904894399124507,0.007798628104481793,16
future_ret_6m,2012-03-30,FAC_rank_vol_m6_n3_pairwise1__x__CtrlRetLTM,5,High,-0.0790213550456034,0.0020805865270948215,16
future_ret_6m,2012-06-29,FAC_rank_vol_m6_n3_pairwise1__x__CtrlRetLTM,1,Low,-0.13980157661800843,-0.019525421270542704,18
future_ret_6m,2012-06-29,FAC_rank_vol_m6_n3_pairwise1__x__CtrlRetLTM,2,Q2,-0.10380480326391006,0.010283509432487582,18
future_ret_6m,2012-06-29,FAC_rank_vol_m6_n3_pairwise1__x__CtrlRetLTM,3,Q3,-0.08172069782564462,0.019135803075621675,17
future_ret_6m,2012-06-29,FAC_rank_vol_m6_n3_pairwise1__x__CtrlRetLTM,4,Q4,-0.05787815349769279,0.010289317058435067,18
future_ret_6m,2012-06-29,FAC_rank_vol_m6_n3_pairwise1__x__CtrlRetLTM,5,High,-0.027496066589142595,0.02081572454685762,18
future_ret_6m,2012-09-28,FAC_rank_vol_m6_n3_pairwise1__x__CtrlRetLTM,1,Low,-0.14557462427384887,0.08049325386598445,21
future_ret_6m,2012-09-28,FAC_rank_vol_m6_n3_pairwise1__x__CtrlRetLTM,2,Q2,-0.09928347226233372,0.09630289571428226,21
future_ret_6m,2012-09-28,FAC_rank_vol_m6_n3_pairwise1__x__CtrlRetLTM,3,Q3,-0.06373007110842963,0.11427524824613582,20
future_ret_6m,2012-09-28,FAC_rank_vol_m6_n3_pairwise1__x__CtrlRetLTM,4,Q4,-0.036149343805648326,0.11069793502998253,21
future_ret_6m,2012-09-28,FAC_rank_vol_m6_n3_pairwise1__x__CtrlRetLTM,5,High,0.007950629526474393,0.13735043923039147,21
future_ret_6m,2012-12-31,FAC_rank_vol_m6_n3_pairwise1__x__CtrlRetLTM,1,Low,-0.11345118984211881,0.032032002844822376,24
future_ret_6m,2012-12-31,FAC_rank_vol_m6_n3_pairwise1__x__CtrlRetLTM,2,Q2,-0.07808402313776198,0.06643735143263511,23
future_ret_6m,2012-12-31,FAC_rank_vol_m6_n3_pairwise1__x__CtrlRetLTM,3,Q3,-0.05195756390912828,0.07590230689879665,24
future_ret_6m,2012-12-31,FAC_rank_vol_m6_n3_pairwise1__x__CtrlRetLTM,4,Q4,-0.027246964492938314,0.03305666521609463,23
future_ret_6m,2012-12-31,FAC_rank_vol_m6_n3_pairwise1__x__CtrlRetLTM,5,High,0.01717524470696894,0.07512943322627713,24
future_ret_6m,2013-03-29,FAC_rank_vol_m6_n3_pairwise1__x__CtrlRetLTM,1,Low,0.028790648145174912,0.08451946246086475,25
future_ret_6m,2013-03-29,FAC_rank_vol_m6_n3_pairwise1__x__CtrlRetLTM,2,Q2,0.07647314092176166,0.14570839897752838,25
future_ret_6m,2013-03-29,FAC_rank_vol_m6_n3_pairwise1__x__CtrlRetLTM,3,Q3,0.09998302401233883,0.12633206654652082,24
future_ret_6m,2013-03-29,FAC_rank_vol_m6_n3_pairwise1__x__CtrlRetLTM,4,Q4,0.12588161188980362,0.14563224168344668,25
future_ret_6m,2013-03-29,FAC_rank_vol_m6_n3_pairwise1__x__CtrlRetLTM,5,High,0.19948518807653884,0.18433420450053817,25
future_ret_6m,2013-06-28,FAC_rank_vol_m6_n3_pairwise1__x__CtrlRetLTM,1,Low,0.041649886576665136,0.08159343496401675,25
future_ret_6m,2013-06-28,FAC_rank_vol_m6_n3_pairwise1__x__CtrlRetLTM,2,Q2,0.0922946442200778,0.09146950794657392,25
future_ret_6m,2013-06-28,FAC_rank_vol_m6_n3_pairwise1__x__CtrlRetLTM,3,Q3,0.11764327204108403,0.11868871143754646,25
future_ret_6m,2013-06-28,FAC_rank_vol_m6_n3_pairwise1__x__CtrlRetLTM,4,Q4,0.15757414096210934,0.09076615391698682,25
future_ret_6m,2013-06-28,FAC_rank_vol_m6_n3_pairwise1__x__CtrlRetLTM,5,High,0.2742883826795143,0.1344054304730219,25
future_ret_6m,2013-09-30,FAC_rank_vol_m6_n3_pairwise1__x__CtrlRetLTM,1,Low,0.040370493993446,-0.08963838994155898,27
future_ret_6m,2013-09-30,FAC_rank_vol_m6_n3_pairwise1__x__CtrlRetLTM,2,Q2,0.10361180834161478,-0.057930092682142234,27
future_ret_6m,2013-09-30,FAC_rank_vol_m6_n3_pairwise1__x__CtrlRetLTM,3,Q3,0.14056078236448302,-0.0716902197822422,26
future_ret_6m,2013-09-30,FAC_rank_vol_m6_n3_pairwise1__x__CtrlRetLTM,4,Q4,0.1897262849155328,-0.07404531622161599,27
future_ret_6m,2013-09-30,FAC_rank_vol_m6_n3_pairwise1__x__CtrlRetLTM,5,High,0.3342848706517372,-0.09515882243870732,27
future_ret_6m,2013-12-31,FAC_rank_vol_m6_n3_pairwise1__x__CtrlRetLTM,1,Low,0.00714777454261755,-0.05128342827588893,29
future_ret_6m,2013-12-31,FAC_rank_vol_m6_n3_pairwise1__x__CtrlRetLTM,2,Q2,0.08806022556209121,-0.01929545471225416,28
future_ret_6m,2013-12-31,FAC_rank_vol_m6_n3_pairwise1__x__CtrlRetLTM,3,Q3,0.12808717419092905,0.01377477710710052,28
future_ret_6m,2013-12-31,FAC_rank_vol_m6_n3_pairwise1__x__CtrlRetLTM,4,Q4,0.1848301489415421,-0.020431715061694954,28
future_ret_6m,2013-12-31,FAC_rank_vol_m6_n3_pairwise1__x__CtrlRetLTM,5,High,0.32670828981521416,0.0034979885307489704,29
future_ret_6m,2014-03-31,FAC_rank_vol_m6_n3_pairwise1__x__CtrlRetLTM,1,Low,-0.024531546766934934,0.1428234306022898,26
future_ret_6m,2014-03-31,FAC_rank_vol_m6_n3_pairwise1__x__CtrlRetLTM,2,Q2,0.030683682269564257,0.15508104884254792,25
future_ret_6m,2014-03-31,FAC_rank_vol_m6_n3_pairwise1__x__CtrlRetLTM,3,Q3,0.0711928628845632,0.18285786271663768,26
future_ret_6m,2014-03-31,FAC_rank_vol_m6_n3_pairwise1__x__CtrlRetLTM,4,Q4,0.1344871672625016,0.1680368164939194,25
future_ret_6m,2014-03-31,FAC_rank_vol_m6_n3_pairwise1__x__CtrlRetLTM,5,High,0.2806965305195297,0.1950830010227414,26
future_ret_6m,2014-06-30,FAC_rank_vol_m6_n3_pairwise1__x__CtrlRetLTM,1,Low,-0.062493849886446746,0.26009614648010293,25
future_ret_6m,2014-06-30,FAC_rank_vol_m6_n3_pairwise1__x__CtrlRetLTM,2,Q2,0.0047442163481405866,0.21250037986733744,25
future_ret_6m,2014-06-30,FAC_rank_vol_m6_n3_pairwise1__x__CtrlRetLTM,3,Q3,0.050764900188105117,0.2720941299617515,25
future_ret_6m,2014-06-30,FAC_rank_vol_m6_n3_pairwise1__x__CtrlRetLTM,4,Q4,0.0952801879090509,0.24471454112648794,25
future_ret_6m,2014-06-30,FAC_rank_vol_m6_n3_pairwise1__x__CtrlRetLTM,5,High,0.18938319252007627,0.2681459943354796,25
future_ret_6m,2014-09-30,FAC_rank_vol_m6_n3_pairwise1__x__CtrlRetLTM,1,Low,-0.08728531740480175,0.4675497065502274,25
future_ret_6m,2014-09-30,FAC_rank_vol_m6_n3_pairwise1__x__CtrlRetLTM,2,Q2,-0.01805552319796831,0.432067061733977,24
future_ret_6m,2014-09-30,FAC_rank_vol_m6_n3_pairwise1__x__CtrlRetLTM,3,Q3,0.017263742205749933,0.4708142491260035,24
future_ret_6m,2014-09-30,FAC_rank_vol_m6_n3_pairwise1__x__CtrlRetLTM,4,Q4,0.058737779032356,0.5067678339597187,24
future_ret_6m,2014-09-30,FAC_rank_vol_m6_n3_pairwise1__x__CtrlRetLTM,5,High,0.16968348651327037,0.456242860038589,25
future_ret_6m,2014-12-31,FAC_rank_vol_m6_n3_pairwise1__x__CtrlRetLTM,1,Low,0.03248472165452576,0.5004070135458377,24
future_ret_6m,2014-12-31,FAC_rank_vol_m6_n3_pairwise1__x__CtrlRetLTM,2,Q2,0.09688590598856896,0.560381928214044,23
future_ret_6m,2014-12-31,FAC_rank_vol_m6_n3_pairwise1__x__CtrlRetLTM,3,Q3,0.1429422098024749,0.5400646094841004,23
future_ret_6m,2014-12-31,FAC_rank_vol_m6_n3_pairwise1__x__CtrlRetLTM,4,Q4,0.2006707030522163,0.6910304824483668,23
future_ret_6m,2014-12-31,FAC_rank_vol_m6_n3_pairwise1__x__CtrlRetLTM,5,High,0.31713538576430794,0.618509562677216,23
future_ret_6m,2015-03-31,FAC_rank_vol_m6_n3_pairwise1__x__CtrlRetLTM,1,Low,0.22922027233723505,-0.10749430760051464,24
future_ret_6m,2015-03-31,FAC_rank_vol_m6_n3_pairwise1__x__CtrlRetLTM,2,Q2,0.3077342743060804,-0.14048211059691287,23
future_ret_6m,2015-03-31,FAC_rank_vol_m6_n3_pairwise1__x__CtrlRetLTM,3,Q3,0.3600734226659477,-0.11449735300056842,23
future_ret_6m,2015-03-31,FAC_rank_vol_m6_n3_pairwise1__x__CtrlRetLTM,4,Q4,0.41212301461022666,-0.09515142590109452,23
future_ret_6m,2015-03-31,FAC_rank_vol_m6_n3_pairwise1__x__CtrlRetLTM,5,High,0.5077565404367352,-0.13381883940292952,24
future_ret_6m,2015-06-30,FAC_rank_vol_m6_n3_pairwise1__x__CtrlRetLTM,1,Low,0.7087313280871745,-0.019815444484259002,17
future_ret_6m,2015-06-30,FAC_rank_vol_m6_n3_pairwise1__x__CtrlRetLTM,2,Q2,0.8925097293107903,-0.0475286993216835,17
future_ret_6m,2015-06-30,FAC_rank_vol_m6_n3_pairwise1__x__CtrlRetLTM,3,Q3,1.0260383827763813,0.0010989188822363633,17
future_ret_6m,2015-06-30,FAC_rank_vol_m6_n3_pairwise1__x__CtrlRetLTM,4,Q4,1.1598969969111232,-0.047006992849053617,17
future_ret_6m,2015-06-30,FAC_rank_vol_m6_n3_pairwise1__x__CtrlRetLTM,5,High,1.4412106737295967,-0.07362207558065362,17
future_ret_6m,2015-09-30,FAC_rank_vol_m6_n3_pairwise1__x__CtrlRetLTM,1,Low,0.08389222676258574,0.09138693545708305,17
future_ret_6m,2015-09-30,FAC_rank_vol_m6_n3_pairwise1__x__CtrlRetLTM,2,Q2,0.17500039516507795,0.09798260605721171,16
future_ret_6m,2015-09-30,FAC_rank_vol_m6_n3_pairwise1__x__CtrlRetLTM,3,Q3,0.24475542086908939,0.07989458254020343,16
future_ret_6m,2015-09-30,FAC_rank_vol_m6_n3_pairwise1__x__CtrlRetLTM,4,Q4,0.32245840214838956,0.08756960679999974,16
future_ret_6m,2015-09-30,FAC_rank_vol_m6_n3_pairwise1__x__CtrlRetLTM,5,High,0.4092769739737933,0.07695727629744342,17
future_ret_6m,2015-12-31,FAC_rank_vol_m6_n3_pairwise1__x__CtrlRetLTM,1,Low,0.12313369544053177,-0.09440623286387057,18
future_ret_6m,2015-12-31,FAC_rank_vol_m6_n3_pairwise1__x__CtrlRetLTM,2,Q2,0.28412006742794943,-0.14011806521959655,18
future_ret_6m,2015-12-31,FAC_rank_vol_m6_n3_pairwise1__x__CtrlRetLTM,3,Q3,0.3925603775982735,-0.12370721640292039,18
future_ret_6m,2015-12-31,FAC_rank_vol_m6_n3_pairwise1__x__CtrlRetLTM,4,Q4,0.4640003390862555,-0.13795390048316214,18
future_ret_6m,2015-12-31,FAC_rank_vol_m6_n3_pairwise1__x__CtrlRetLTM,5,High,0.599509658579147,-0.13369402008923437,18
future_ret_6m,2016-03-31,FAC_rank_vol_m6_n3_pairwise1__x__CtrlRetLTM,1,Low,-0.21968855213860597,0.029444165053152862,19
future_ret_6m,2016-03-31,FAC_rank_vol_m6_n3_pairwise1__x__CtrlRetLTM,2,Q2,-0.16397378451347538,0.029191623232441646,19
future_ret_6m,2016-03-31,FAC_rank_vol_m6_n3_pairwise1__x__CtrlRetLTM,3,Q3,-0.1256704884219294,0.05081985730526768,19
future_ret_6m,2016-03-31,FAC_rank_vol_m6_n3_pairwise1__x__CtrlRetLTM,4,Q4,-0.0821800628216449,0.06974082772500992,19
future_ret_6m,2016-03-31,FAC_rank_vol_m6_n3_pairwise1__x__CtrlRetLTM,5,High,-0.011111802463806983,0.05658426352960175,19
future_ret_6m,2016-06-30,FAC_rank_vol_m6_n3_pairwise1__x__CtrlRetLTM,1,Low,-0.27144538769538723,-0.04545297851391182,21
future_ret_6m,2016-06-30,FAC_rank_vol_m6_n3_pairwise1__x__CtrlRetLTM,2,Q2,-0.20708554450684744,-0.00714360837781447,20
future_ret_6m,2016-06-30,FAC_rank_vol_m6_n3_pairwise1__x__CtrlRetLTM,3,Q3,-0.1590092572345898,-0.0195879734988786,21
future_ret_6m,2016-06-30,FAC_rank_vol_m6_n3_pairwise1__x__CtrlRetLTM,4,Q4,-0.12310843337590967,0.0008871298173677156,20
future_ret_6m,2016-06-30,FAC_rank_vol_m6_n3_pairwise1__x__CtrlRetLTM,5,High,-0.060640853655478576,0.015231473913308142,21
future_ret_6m,2016-09-30,FAC_rank_vol_m6_n3_pairwise1__x__CtrlRetLTM,1,Low,0.007398474163347951,0.00133404759917902,25
future_ret_6m,2016-09-30,FAC_rank_vol_m6_n3_pairwise1__x__CtrlRetLTM,2,Q2,0.05965796228977121,-0.005244659366134878,25
future_ret_6m,2016-09-30,FAC_rank_vol_m6_n3_pairwise1__x__CtrlRetLTM,3,Q3,0.10322402028551039,-0.0034411342315482816,25
future_ret_6m,2016-09-30,FAC_rank_vol_m6_n3_pairwise1__x__CtrlRetLTM,4,Q4,0.1510021894830409,0.005577756902493909,25
future_ret_6m,2016-09-30,FAC_rank_vol_m6_n3_pairwise1__x__CtrlRetLTM,5,High,0.2385727408859827,0.022411020753121305,25
future_ret_6m,2016-12-30,FAC_rank_vol_m6_n3_pairwise1__x__CtrlRetLTM,1,Low,-0.1881119145294367,0.05688694784288409,35
future_ret_6m,2016-12-30,FAC_rank_vol_m6_n3_pairwise1__x__CtrlRetLTM,2,Q2,-0.12713292452424707,0.037126906955861703,34
future_ret_6m,2016-12-30,FAC_rank_vol_m6_n3_pairwise1__x__CtrlRetLTM,3,Q3,-0.0868354666760358,0.06027888166126482,35
future_ret_6m,2016-12-30,FAC_rank_vol_m6_n3_pairwise1__x__CtrlRetLTM,4,Q4,-0.042423187004545115,0.08952539182030927,34
future_ret_6m,2016-12-30,FAC_rank_vol_m6_n3_pairwise1__x__CtrlRetLTM,5,High,0.034180376434425015,0.05269640393196292,35
future_ret_6m,2017-03-31,FAC_rank_vol_m6_n3_pairwise1__x__CtrlRetLTM,1,Low,-0.0645298596987509,0.08357151672451969,45
future_ret_6m,2017-03-31,FAC_rank_vol_m6_n3_pairwise1__x__CtrlRetLTM,2,Q2,0.00753953892709336,0.08799069681201074,44
future_ret_6m,2017-03-31,FAC_rank_vol_m6_n3_pairwise1__x__CtrlRetLTM,3,Q3,0.044862135141940984,0.10405023250632689,44
future_ret_6m,2017-03-31,FAC_rank_vol_m6_n3_pairwise1__x__CtrlRetLTM,4,Q4,0.07833098001288206,0.0808391923345017,44
future_ret_6m,2017-03-31,FAC_rank_vol_m6_n3_pairwise1__x__CtrlRetLTM,5,High,0.14897082931625263,0.095342297781865,44
future_ret_6m,2017-06-30,FAC_rank_vol_m6_n3_pairwise1__x__CtrlRetLTM,1,Low,-0.12983964056768652,0.032097536759020655,47
future_ret_6m,2017-06-30,FAC_rank_vol_m6_n3_pairwise1__x__CtrlRetLTM,2,Q2,-0.050289506880697006,0.08660594975697825,46
future_ret_6m,2017-06-30,FAC_rank_vol_m6_n3_pairwise1__x__CtrlRetLTM,3,Q3,-0.009212533270218898,0.08697315274080744,46
future_ret_6m,2017-06-30,FAC_rank_vol_m6_n3_pairwise1__x__CtrlRetLTM,4,Q4,0.03760156197652156,0.09710840006710074,46
future_ret_6m,2017-06-30,FAC_rank_vol_m6_n3_pairwise1__x__CtrlRetLTM,5,High,0.13130006666273497,0.12354885550037224,47
future_ret_6m,2017-09-29,FAC_rank_vol_m6_n3_pairwise1__x__CtrlRetLTM,1,Low,-0.05313694407672435,-0.020742043292840677,52
future_ret_6m,2017-09-29,FAC_rank_vol_m6_n3_pairwise1__x__CtrlRetLTM,2,Q2,0.020909286537009627,0.006247184519439765,51
future_ret_6m,2017-09-29,FAC_rank_vol_m6_n3_pairwise1__x__CtrlRetLTM,3,Q3,0.06323487595323544,0.003769503717658243,51
future_ret_6m,2017-09-29,FAC_rank_vol_m6_n3_pairwise1__x__CtrlRetLTM,4,Q4,0.10932649217519945,0.021360914151997378,51
future_ret_6m,2017-09-29,FAC_rank_vol_m6_n3_pairwise1__x__CtrlRetLTM,5,High,0.18486833793324428,0.03516073839098214,51
future_ret_6m,2017-12-29,FAC_rank_vol_m6_n3_pairwise1__x__CtrlRetLTM,1,Low,-0.034083144970126746,-0.06979468407627064,55
future_ret_6m,2017-12-29,FAC_rank_vol_m6_n3_pairwise1__x__CtrlRetLTM,2,Q2,0.05490051543520304,-0.07778669136353089,54
future_ret_6m,2017-12-29,FAC_rank_vol_m6_n3_pairwise1__x__CtrlRetLTM,3,Q3,0.11484382938200788,-0.0963558298275146,54
future_ret_6m,2017-12-29,FAC_rank_vol_m6_n3_pairwise1__x__CtrlRetLTM,4,Q4,0.1734990141182612,-0.08732598661787518,54
future_ret_6m,2017-12-29,FAC_rank_vol_m6_n3_pairwise1__x__CtrlRetLTM,5,High,0.2673649281458502,-0.07887561110932446,55
future_ret_6m,2018-03-30,FAC_rank_vol_m6_n3_pairwise1__x__CtrlRetLTM,1,Low,-0.048744830006337204,-0.16232982599074006,54
future_ret_6m,2018-03-30,FAC_rank_vol_m6_n3_pairwise1__x__CtrlRetLTM,2,Q2,0.036569880285774535,-0.13047052516866708,54
future_ret_6m,2018-03-30,FAC_rank_vol_m6_n3_pairwise1__x__CtrlRetLTM,3,Q3,0.08692217807406294,-0.15251651921280626,53
future_ret_6m,2018-03-30,FAC_rank_vol_m6_n3_pairwise1__x__CtrlRetLTM,4,Q4,0.14653197151684308,-0.15071536356773482,54
future_ret_6m,2018-03-30,FAC_rank_vol_m6_n3_pairwise1__x__CtrlRetLTM,5,High,0.22851544188256923,-0.11796366781487543,54
future_ret_6m,2018-06-29,FAC_rank_vol_m6_n3_pairwise1__x__CtrlRetLTM,1,Low,-0.05160267651482763,-0.18606070999324867,56
future_ret_6m,2018-06-29,FAC_rank_vol_m6_n3_pairwise1__x__CtrlRetLTM,2,Q2,0.01693355071535181,-0.16721986512046352,55
future_ret_6m,2018-06-29,FAC_rank_vol_m6_n3_pairwise1__x__CtrlRetLTM,3,Q3,0.04906585666943452,-0.1605859701712832,56
future_ret_6m,2018-06-29,FAC_rank_vol_m6_n3_pairwise1__x__CtrlRetLTM,4,Q4,0.08855528090832634,-0.17938991346150135,55
future_ret_6m,2018-06-29,FAC_rank_vol_m6_n3_pairwise1__x__CtrlRetLTM,5,High,0.17332810677525337,-0.20091897902021344,56
future_ret_6m,2018-09-28,FAC_rank_vol_m6_n3_pairwise1__x__CtrlRetLTM,1,Low,-0.2004599424559323,0.11074956555000752,55
future_ret_6m,2018-09-28,FAC_rank_vol_m6_n3_pairwise1__x__CtrlRetLTM,2,Q2,-0.1363154066897057,0.1546375357454094,55
future_ret_6m,2018-09-28,FAC_rank_vol_m6_n3_pairwise1__x__CtrlRetLTM,3,Q3,-0.09264184813887277,0.1391120072139836,54
future_ret_6m,2018-09-28,FAC_rank_vol_m6_n3_pairwise1__x__CtrlRetLTM,4,Q4,-0.05663562782012008,0.14046985407958443,55
future_ret_6m,2018-09-28,FAC_rank_vol_m6_n3_pairwise1__x__CtrlRetLTM,5,High,0.006313320976238878,0.11142601088609747,55
future_ret_6m,2018-12-28,FAC_rank_vol_m6_n3_pairwise1__x__CtrlRetLTM,1,Low,-0.2732642160971225,0.2600393315603849,56
future_ret_6m,2018-12-28,FAC_rank_vol_m6_n3_pairwise1__x__CtrlRetLTM,2,Q2,-0.20017135296767463,0.2620357594596188,55
future_ret_6m,2018-12-28,FAC_rank_vol_m6_n3_pairwise1__x__CtrlRetLTM,3,Q3,-0.1642064148344758,0.2550090724565807,56
future_ret_6m,2018-12-28,FAC_rank_vol_m6_n3_pairwise1__x__CtrlRetLTM,4,Q4,-0.13727786165834852,0.24411993565641427,55
future_ret_6m,2018-12-28,FAC_rank_vol_m6_n3_pairwise1__x__CtrlRetLTM,5,High,-0.08189996350396907,0.263700200624764,56
future_ret_6m,2019-03-29,FAC_rank_vol_m6_n3_pairwise1__x__CtrlRetLTM,1,Low,-0.1482321716812067,0.0556449714604966,58
future_ret_6m,2019-03-29,FAC_rank_vol_m6_n3_pairwise1__x__CtrlRetLTM,2,Q2,-0.09584901293870225,0.07444986447211578,57
future_ret_6m,2019-03-29,FAC_rank_vol_m6_n3_pairwise1__x__CtrlRetLTM,3,Q3,-0.06940602684075656,0.06673826036540541,57
future_ret_6m,2019-03-29,FAC_rank_vol_m6_n3_pairwise1__x__CtrlRetLTM,4,Q4,-0.039389475204398144,0.04804793746485337,57
future_ret_6m,2019-03-29,FAC_rank_vol_m6_n3_pairwise1__x__CtrlRetLTM,5,High,0.007545080332145822,0.08114856020081343,58
future_ret_6m,2019-06-28,FAC_rank_vol_m6_n3_pairwise1__x__CtrlRetLTM,1,Low,-0.08505564736154847,0.19735166293734233,60
future_ret_6m,2019-06-28,FAC_rank_vol_m6_n3_pairwise1__x__CtrlRetLTM,2,Q2,-0.04016397075530048,0.19870352302807953,59
future_ret_6m,2019-06-28,FAC_rank_vol_m6_n3_pairwise1__x__CtrlRetLTM,3,Q3,-0.012432314532878214,0.1969598258479042,59
future_ret_6m,2019-06-28,FAC_rank_vol_m6_n3_pairwise1__x__CtrlRetLTM,4,Q4,0.017828267266993405,0.17864140306187729,59
future_ret_6m,2019-06-28,FAC_rank_vol_m6_n3_pairwise1__x__CtrlRetLTM,5,High,0.09129362479776093,0.17420008625970823,60
future_ret_6m,2019-09-30,FAC_rank_vol_m6_n3_pairwise1__x__CtrlRetLTM,1,Low,0.04996296217169329,0.06872288372399296,61
future_ret_6m,2019-09-30,FAC_rank_vol_m6_n3_pairwise1__x__CtrlRetLTM,2,Q2,0.10488501970544627,0.09953233728879539,60
future_ret_6m,2019-09-30,FAC_rank_vol_m6_n3_pairwise1__x__CtrlRetLTM,3,Q3,0.14186340928840202,0.11718170651352328,60
future_ret_6m,2019-09-30,FAC_rank_vol_m6_n3_pairwise1__x__CtrlRetLTM,4,Q4,0.18649409183747856,0.10071637510595513,60
future_ret_6m,2019-09-30,FAC_rank_vol_m6_n3_pairwise1__x__CtrlRetLTM,5,High,0.26965781274752165,0.13428689940930535,61
future_ret_6m,2019-12-31,FAC_rank_vol_m6_n3_pairwise1__x__CtrlRetLTM,1,Low,0.16759078376775063,0.18769050243375152,68
future_ret_6m,2019-12-31,FAC_rank_vol_m6_n3_pairwise1__x__CtrlRetLTM,2,Q2,0.25482711183039114,0.2354664208088757,68
future_ret_6m,2019-12-31,FAC_rank_vol_m6_n3_pairwise1__x__CtrlRetLTM,3,Q3,0.3176082124562756,0.28005986316561265,68
future_ret_6m,2019-12-31,FAC_rank_vol_m6_n3_pairwise1__x__CtrlRetLTM,4,Q4,0.3784661923150482,0.3039222768681064,68
future_ret_6m,2019-12-31,FAC_rank_vol_m6_n3_pairwise1__x__CtrlRetLTM,5,High,0.48162511672656455,0.3441715375025759,68
future_ret_6m,2020-03-31,FAC_rank_vol_m6_n3_pairwise1__x__CtrlRetLTM,1,Low,0.06182049624004405,0.37520364396492134,71
future_ret_6m,2020-03-31,FAC_rank_vol_m6_n3_pairwise1__x__CtrlRetLTM,2,Q2,0.14551514707856988,0.4234285327601939,71
future_ret_6m,2020-03-31,FAC_rank_vol_m6_n3_pairwise1__x__CtrlRetLTM,3,Q3,0.209297237771817,0.4340614290530322,71
future_ret_6m,2020-03-31,FAC_rank_vol_m6_n3_pairwise1__x__CtrlRetLTM,4,Q4,0.26887376083507303,0.42509263521252555,71
future_ret_6m,2020-03-31,FAC_rank_vol_m6_n3_pairwise1__x__CtrlRetLTM,5,High,0.4095910315435478,0.4264411309652269,71
future_ret_6m,2020-06-30,FAC_rank_vol_m6_n3_pairwise1__x__CtrlRetLTM,1,Low,0.09571357221424755,0.30850270596479473,75
future_ret_6m,2020-06-30,FAC_rank_vol_m6_n3_pairwise1__x__CtrlRetLTM,2,Q2,0.18517037274127562,0.31214277367247173,74
future_ret_6m,2020-06-30,FAC_rank_vol_m6_n3_pairwise1__x__CtrlRetLTM,3,Q3,0.2569435911442238,0.3363283153488311,75
future_ret_6m,2020-06-30,FAC_rank_vol_m6_n3_pairwise1__x__CtrlRetLTM,4,Q4,0.3326041016167242,0.2994032434132029,74
future_ret_6m,2020-06-30,FAC_rank_vol_m6_n3_pairwise1__x__CtrlRetLTM,5,High,0.4639727530313395,0.21259544860807417,75
future_ret_6m,2020-09-30,FAC_rank_vol_m6_n3_pairwise1__x__CtrlRetLTM,1,Low,0.31686035670466844,0.12440316868330503,80
future_ret_6m,2020-09-30,FAC_rank_vol_m6_n3_pairwise1__x__CtrlRetLTM,2,Q2,0.43696474709500727,0.1075278056878467,79
future_ret_6m,2020-09-30,FAC_rank_vol_m6_n3_pairwise1__x__CtrlRetLTM,3,Q3,0.5133315941534304,0.1007886692225404,79
future_ret_6m,2020-09-30,FAC_rank_vol_m6_n3_pairwise1__x__CtrlRetLTM,4,Q4,0.5749753319612197,0.11728916874499319,79
future_ret_6m,2020-09-30,FAC_rank_vol_m6_n3_pairwise1__x__CtrlRetLTM,5,High,0.70101970826251,0.10534659732361572,79
future_ret_6m,2020-12-31,FAC_rank_vol_m6_n3_pairwise1__x__CtrlRetLTM,1,Low,0.22470822602036622,0.08466515523815624,88
future_ret_6m,2020-12-31,FAC_rank_vol_m6_n3_pairwise1__x__CtrlRetLTM,2,Q2,0.33133720449773707,0.09510523341549372,87
future_ret_6m,2020-12-31,FAC_rank_vol_m6_n3_pairwise1__x__CtrlRetLTM,3,Q3,0.38754396845576017,0.11078670945195968,87
future_ret_6m,2020-12-31,FAC_rank_vol_m6_n3_pairwise1__x__CtrlRetLTM,4,Q4,0.45083785861000897,0.09609444159455185,87
future_ret_6m,2020-12-31,FAC_rank_vol_m6_n3_pairwise1__x__CtrlRetLTM,5,High,0.5838864543797544,0.10382882273416853,87
future_ret_6m,2021-03-31,FAC_rank_vol_m6_n3_pairwise1__x__CtrlRetLTM,1,Low,0.29797417142306015,0.14291556182970186,92
future_ret_6m,2021-03-31,FAC_rank_vol_m6_n3_pairwise1__x__CtrlRetLTM,2,Q2,0.42138126685498806,0.09567085501908128,92
future_ret_6m,2021-03-31,FAC_rank_vol_m6_n3_pairwise1__x__CtrlRetLTM,3,Q3,0.5103974519976096,0.10390746830220449,92
future_ret_6m,2021-03-31,FAC_rank_vol_m6_n3_pairwise1__x__CtrlRetLTM,4,Q4,0.5944681765422773,0.10417504462575582,92
future_ret_6m,2021-03-31,FAC_rank_vol_m6_n3_pairwise1__x__CtrlRetLTM,5,High,0.7603941879980392,0.09132283524834879,92
future_ret_6m,2021-06-30,FAC_rank_vol_m6_n3_pairwise1__x__CtrlRetLTM,1,Low,0.12287413567715667,0.01833549019979395,103
future_ret_6m,2021-06-30,FAC_rank_vol_m6_n3_pairwise1__x__CtrlRetLTM,2,Q2,0.22509963873417457,0.004755251738010786,103
future_ret_6m,2021-06-30,FAC_rank_vol_m6_n3_pairwise1__x__CtrlRetLTM,3,Q3,0.28673472019950713,-0.023880222385623682,103
future_ret_6m,2021-06-30,FAC_rank_vol_m6_n3_pairwise1__x__CtrlRetLTM,4,Q4,0.3508034566154027,-0.009230872581558535,103
future_ret_6m,2021-06-30,FAC_rank_vol_m6_n3_pairwise1__x__CtrlRetLTM,5,High,0.47972111915542,0.019531195750778475,103
future_ret_6m,2021-09-30,FAC_rank_vol_m6_n3_pairwise1__x__CtrlRetLTM,1,Low,0.016606636421960367,-0.15771457900590888,113
future_ret_6m,2021-09-30,FAC_rank_vol_m6_n3_pairwise1__x__CtrlRetLTM,2,Q2,0.10202241593415126,-0.15079264355435948,113
future_ret_6m,2021-09-30,FAC_rank_vol_m6_n3_pairwise1__x__CtrlRetLTM,3,Q3,0.17525782378539076,-0.14127814214868484,113
future_ret_6m,2021-09-30,FAC_rank_vol_m6_n3_pairwise1__x__CtrlRetLTM,4,Q4,0.26202019539356847,-0.14281224525983915,113
future_ret_6m,2021-09-30,FAC_rank_vol_m6_n3_pairwise1__x__CtrlRetLTM,5,High,0.5138566758605049,-0.14694780783173625,113
future_ret_6m,2021-12-31,FAC_rank_vol_m6_n3_pairwise1__x__CtrlRetLTM,1,Low,-0.06948283851897369,-0.09120440229501105,120
future_ret_6m,2021-12-31,FAC_rank_vol_m6_n3_pairwise1__x__CtrlRetLTM,2,Q2,0.006379232810277257,-0.10217467631550434,119
future_ret_6m,2021-12-31,FAC_rank_vol_m6_n3_pairwise1__x__CtrlRetLTM,3,Q3,0.06960342265351491,-0.11376176367212026,119
future_ret_6m,2021-12-31,FAC_rank_vol_m6_n3_pairwise1__x__CtrlRetLTM,4,Q4,0.15413650456182038,-0.09752762871822361,119
future_ret_6m,2021-12-31,FAC_rank_vol_m6_n3_pairwise1__x__CtrlRetLTM,5,High,0.3040006751814556,-0.10134131378452847,119
future_ret_6m,2022-03-31,FAC_rank_vol_m6_n3_pairwise1__x__CtrlRetLTM,1,Low,-0.1341308907261884,-0.06291727795291743,132
future_ret_6m,2022-03-31,FAC_rank_vol_m6_n3_pairwise1__x__CtrlRetLTM,2,Q2,-0.060108384843643,-0.05593582135167736,131
future_ret_6m,2022-03-31,FAC_rank_vol_m6_n3_pairwise1__x__CtrlRetLTM,3,Q3,0.011037673331392068,-0.050699363615614834,131
future_ret_6m,2022-03-31,FAC_rank_vol_m6_n3_pairwise1__x__CtrlRetLTM,4,Q4,0.09184085627254707,-0.039300122429976415,131
future_ret_6m,2022-03-31,FAC_rank_vol_m6_n3_pairwise1__x__CtrlRetLTM,5,High,0.24088128147248455,-0.03762196514595167,132
future_ret_6m,2022-06-30,FAC_rank_vol_m6_n3_pairwise1__x__CtrlRetLTM,1,Low,-0.26016384782826335,-0.12958628948185064,152
future_ret_6m,2022-06-30,FAC_rank_vol_m6_n3_pairwise1__x__CtrlRetLTM,2,Q2,-0.20341815798584556,-0.13635452630044095,151
future_ret_6m,2022-06-30,FAC_rank_vol_m6_n3_pairwise1__x__CtrlRetLTM,3,Q3,-0.15263790884088108,-0.11757245102381657,152
future_ret_6m,2022-06-30,FAC_rank_vol_m6_n3_pairwise1__x__CtrlRetLTM,4,Q4,-0.09958512121986621,-0.1357378119461817,151
future_ret_6m,2022-06-30,FAC_rank_vol_m6_n3_pairwise1__x__CtrlRetLTM,5,High,-0.0049146037417011415,-0.09440787790729903,152
future_ret_6m,2006-09-29,FAC_rank_vol_m6_n6_pairwise1__x__CtrlRetLTM,1,Low,0.366750167221979,,1
future_ret_6m,2006-09-29,FAC_rank_vol_m6_n6_pairwise1__x__CtrlRetLTM,2,Q2,0.4232154059385127,,1
future_ret_6m,2006-09-29,FAC_rank_vol_m6_n6_pairwise1__x__CtrlRetLTM,3,Q3,0.4701055374600091,,1
future_ret_6m,2006-09-29,FAC_rank_vol_m6_n6_pairwise1__x__CtrlRetLTM,4,Q4,0.4972078955473517,,1
future_ret_6m,2006-09-29,FAC_rank_vol_m6_n6_pairwise1__x__CtrlRetLTM,5,High,0.5486158460045456,,1
future_ret_6m,2006-12-29,FAC_rank_vol_m6_n6_pairwise1__x__CtrlRetLTM,1,Low,0.6077874411836162,,1
future_ret_6m,2006-12-29,FAC_rank_vol_m6_n6_pairwise1__x__CtrlRetLTM,2,Q2,0.6347742776791587,,1
future_ret_6m,2006-12-29,FAC_rank_vol_m6_n6_pairwise1__x__CtrlRetLTM,3,Q3,0.6401052203505019,,1
future_ret_6m,2006-12-29,FAC_rank_vol_m6_n6_pairwise1__x__CtrlRetLTM,4,Q4,0.6892482811146081,,1
future_ret_6m,2006-12-29,FAC_rank_vol_m6_n6_pairwise1__x__CtrlRetLTM,5,High,1.009957438984671,,1
future_ret_6m,2007-03-30,FAC_rank_vol_m6_n6_pairwise1__x__CtrlRetLTM,1,Low,0.7828947027415052,,2
future_ret_6m,2007-03-30,FAC_rank_vol_m6_n6_pairwise1__x__CtrlRetLTM,2,Q2,0.8955433510276842,,1
future_ret_6m,2007-03-30,FAC_rank_vol_m6_n6_pairwise1__x__CtrlRetLTM,3,Q3,0.9377186049447126,,1
future_ret_6m,2007-03-30,FAC_rank_vol_m6_n6_pairwise1__x__CtrlRetLTM,4,Q4,0.9624362981410517,,1
future_ret_6m,2007-03-30,FAC_rank_vol_m6_n6_pairwise1__x__CtrlRetLTM,5,High,1.1430350135978773,,2
future_ret_6m,2007-06-29,FAC_rank_vol_m6_n6_pairwise1__x__CtrlRetLTM,1,Low,0.9934328307751745,,1
future_ret_6m,2007-06-29,FAC_rank_vol_m6_n6_pairwise1__x__CtrlRetLTM,2,Q2,1.0389465518903855,,1
future_ret_6m,2007-06-29,FAC_rank_vol_m6_n6_pairwise1__x__CtrlRetLTM,3,Q3,1.0528799033664755,,1
future_ret_6m,2007-06-29,FAC_rank_vol_m6_n6_pairwise1__x__CtrlRetLTM,4,Q4,1.138326489060828,,1
future_ret_6m,2007-06-29,FAC_rank_vol_m6_n6_pairwise1__x__CtrlRetLTM,5,High,1.1613036523869023,,1
future_ret_6m,2007-12-28,FAC_rank_vol_m6_n6_pairwise1__x__CtrlRetLTM,1,Low,0.6691639033929849,,3
future_ret_6m,2007-12-28,FAC_rank_vol_m6_n6_pairwise1__x__CtrlRetLTM,2,Q2,0.7725393858879945,,2
future_ret_6m,2007-12-28,FAC_rank_vol_m6_n6_pairwise1__x__CtrlRetLTM,3,Q3,0.8427356307762432,,2
future_ret_6m,2007-12-28,FAC_rank_vol_m6_n6_pairwise1__x__CtrlRetLTM,4,Q4,0.9912733505837084,,2
future_ret_6m,2007-12-28,FAC_rank_vol_m6_n6_pairwise1__x__CtrlRetLTM,5,High,1.1300903962392466,,2
future_ret_6m,2008-03-31,FAC_rank_vol_m6_n6_pairwise1__x__CtrlRetLTM,1,Low,0.45376174214863707,,2
future_ret_6m,2008-03-31,FAC_rank_vol_m6_n6_pairwise1__x__CtrlRetLTM,2,Q2,0.5289563731212561,,2
future_ret_6m,2008-03-31,FAC_rank_vol_m6_n6_pairwise1__x__CtrlRetLTM,3,Q3,0.5825465527530131,,2
future_ret_6m,2008-03-31,FAC_rank_vol_m6_n6_pairwise1__x__CtrlRetLTM,4,Q4,0.6464403161018154,,2
future_ret_6m,2008-03-31,FAC_rank_vol_m6_n6_pairwise1__x__CtrlRetLTM,5,High,0.7370631851250821,,2
future_ret_6m,2008-06-30,FAC_rank_vol_m6_n6_pairwise1__x__CtrlRetLTM,1,Low,-0.016994124550103188,,3
future_ret_6m,2008-06-30,FAC_rank_vol_m6_n6_pairwise1__x__CtrlRetLTM,2,Q2,0.024586239416338727,,3
future_ret_6m,2008-06-30,FAC_rank_vol_m6_n6_pairwise1__x__CtrlRetLTM,3,Q3,0.04214935805297369,,2
future_ret_6m,2008-06-30,FAC_rank_vol_m6_n6_pairwise1__x__CtrlRetLTM,4,Q4,0.05794666031436254,,3
future_ret_6m,2008-06-30,FAC_rank_vol_m6_n6_pairwise1__x__CtrlRetLTM,5,High,0.12005458160637102,,3
future_ret_6m,2008-09-26,FAC_rank_vol_m6_n6_pairwise1__x__CtrlRetLTM,1,Low,-0.42065088589440236,,4
future_ret_6m,2008-09-26,FAC_rank_vol_m6_n6_pairwise1__x__CtrlRetLTM,2,Q2,-0.38452924627467505,,3
future_ret_6m,2008-09-26,FAC_rank_vol_m6_n6_pairwise1__x__CtrlRetLTM,3,Q3,-0.3502566255057897,,3
future_ret_6m,2008-09-26,FAC_rank_vol_m6_n6_pairwise1__x__CtrlRetLTM,4,Q4,-0.31909555067934414,,3
future_ret_6m,2008-09-26,FAC_rank_vol_m6_n6_pairwise1__x__CtrlRetLTM,5,High,-0.29625137365415477,,4
future_ret_6m,2008-12-31,FAC_rank_vol_m6_n6_pairwise1__x__CtrlRetLTM,1,Low,-0.5393977350040138,0.5592295908841087,5
future_ret_6m,2008-12-31,FAC_rank_vol_m6_n6_pairwise1__x__CtrlRetLTM,2,Q2,-0.46059363580503676,0.5065390993779928,5
future_ret_6m,2008-12-31,FAC_rank_vol_m6_n6_pairwise1__x__CtrlRetLTM,3,Q3,-0.447245888422259,0.45633368363351395,5
future_ret_6m,2008-12-31,FAC_rank_vol_m6_n6_pairwise1__x__CtrlRetLTM,4,Q4,-0.41598413418680824,0.516483197685678,5
future_ret_6m,2008-12-31,FAC_rank_vol_m6_n6_pairwise1__x__CtrlRetLTM,5,High,-0.35966137793617664,0.40660573179389436,5
future_ret_6m,2009-03-31,FAC_rank_vol_m6_n6_pairwise1__x__CtrlRetLTM,1,Low,-0.3240357874697865,0.1879858693771146,7
future_ret_6m,2009-03-31,FAC_rank_vol_m6_n6_pairwise1__x__CtrlRetLTM,2,Q2,-0.2774550611642545,0.1978686106790262,6
future_ret_6m,2009-03-31,FAC_rank_vol_m6_n6_pairwise1__x__CtrlRetLTM,3,Q3,-0.2409978752151586,0.19695532278241576,6
future_ret_6m,2009-03-31,FAC_rank_vol_m6_n6_pairwise1__x__CtrlRetLTM,4,Q4,-0.22412409963333604,0.14944134023997588,6
future_ret_6m,2009-03-31,FAC_rank_vol_m6_n6_pairwise1__x__CtrlRetLTM,5,High,-0.18913033970347562,0.19449295375307937,6
future_ret_6m,2009-06-30,FAC_rank_vol_m6_n6_pairwise1__x__CtrlRetLTM,1,Low,-0.07566595009988646,0.0947610526875035,6
future_ret_6m,2009-06-30,FAC_rank_vol_m6_n6_pairwise1__x__CtrlRetLTM,2,Q2,-0.011249168881182915,0.16455388090582523,6
future_ret_6m,2009-06-30,FAC_rank_vol_m6_n6_pairwise1__x__CtrlRetLTM,3,Q3,0.02263451297967642,0.12232260636296159,6
future_ret_6m,2009-06-30,FAC_rank_vol_m6_n6_pairwise1__x__CtrlRetLTM,4,Q4,0.04504508990096206,0.1480172110102481,6
future_ret_6m,2009-06-30,FAC_rank_vol_m6_n6_pairwise1__x__CtrlRetLTM,5,High,0.0750454070132587,0.15374257540631053,6
future_ret_6m,2009-09-30,FAC_rank_vol_m6_n6_pairwise1__x__CtrlRetLTM,1,Low,0.11215416194180297,0.1129111837691299,8
future_ret_6m,2009-09-30,FAC_rank_vol_m6_n6_pairwise1__x__CtrlRetLTM,2,Q2,0.17909421669549727,0.12271347197708028,7
future_ret_6m,2009-09-30,FAC_rank_vol_m6_n6_pairwise1__x__CtrlRetLTM,3,Q3,0.20555838760082484,0.10288400894806252,7
future_ret_6m,2009-09-30,FAC_rank_vol_m6_n6_pairwise1__x__CtrlRetLTM,4,Q4,0.24930833712163764,0.1654670253722768,7
future_ret_6m,2009-09-30,FAC_rank_vol_m6_n6_pairwise1__x__CtrlRetLTM,5,High,0.29119744603295966,0.13514622750213393,7
future_ret_6m,2009-12-31,FAC_rank_vol_m6_n6_pairwise1__x__CtrlRetLTM,1,Low,0.40344443300229993,-0.1582219040733287,9
future_ret_6m,2009-12-31,FAC_rank_vol_m6_n6_pairwise1__x__CtrlRetLTM,2,Q2,0.5010205599267165,-0.18042823482756432,9
future_ret_6m,2009-12-31,FAC_rank_vol_m6_n6_pairwise1__x__CtrlRetLTM,3,Q3,0.5639809975379985,-0.19476408876908222,9
future_ret_6m,2009-12-31,FAC_rank_vol_m6_n6_pairwise1__x__CtrlRetLTM,4,Q4,0.648330360036058,-0.19013542258365282,9
future_ret_6m,2009-12-31,FAC_rank_vol_m6_n6_pairwise1__x__CtrlRetLTM,5,High,0.7536371970682043,-0.19675333173768894,9
future_ret_6m,2010-03-31,FAC_rank_vol_m6_n6_pairwise1__x__CtrlRetLTM,1,Low,0.1627420973547161,-0.01396211869417764,11
future_ret_6m,2010-03-31,FAC_rank_vol_m6_n6_pairwise1__x__CtrlRetLTM,2,Q2,0.21582302580313711,-0.030599893288619805,10
future_ret_6m,2010-03-31,FAC_rank_vol_m6_n6_pairwise1__x__CtrlRetLTM,3,Q3,0.2456539417381939,0.001488817693221478,10
future_ret_6m,2010-03-31,FAC_rank_vol_m6_n6_pairwise1__x__CtrlRetLTM,4,Q4,0.2865247801676918,-0.0004518769244945098,10
future_ret_6m,2010-03-31,FAC_rank_vol_m6_n6_pairwise1__x__CtrlRetLTM,5,High,0.3847269028434787,0.006464923664007094,10
future_ret_6m,2010-06-30,FAC_rank_vol_m6_n6_pairwise1__x__CtrlRetLTM,1,Low,-0.10147844074658559,0.20606474765092597,11
future_ret_6m,2010-06-30,FAC_rank_vol_m6_n6_pairwise1__x__CtrlRetLTM,2,Q2,-0.04705083833955753,0.22317361238767117,10
future_ret_6m,2010-06-30,FAC_rank_vol_m6_n6_pairwise1__x__CtrlRetLTM,3,Q3,-0.011793306702629559,0.25615904131492273,10
future_ret_6m,2010-06-30,FAC_rank_vol_m6_n6_pairwise1__x__CtrlRetLTM,4,Q4,0.02606230448186609,0.2917615628438503,10
future_ret_6m,2010-06-30,FAC_rank_vol_m6_n6_pairwise1__x__CtrlRetLTM,5,High,0.08616918214185848,0.30268969314430155,11
future_ret_6m,2010-09-30,FAC_rank_vol_m6_n6_pairwise1__x__CtrlRetLTM,1,Low,-0.0041676137150456465,0.07272320265136592,10
future_ret_6m,2010-09-30,FAC_rank_vol_m6_n6_pairwise1__x__CtrlRetLTM,2,Q2,0.050997640958569755,0.022421214591541356,10
future_ret_6m,2010-09-30,FAC_rank_vol_m6_n6_pairwise1__x__CtrlRetLTM,3,Q3,0.07478337143761044,0.05064641792878446,10
future_ret_6m,2010-09-30,FAC_rank_vol_m6_n6_pairwise1__x__CtrlRetLTM,4,Q4,0.12051045901180771,0.027671543172113934,10
future_ret_6m,2010-09-30,FAC_rank_vol_m6_n6_pairwise1__x__CtrlRetLTM,5,High,0.23094631460757217,0.014324623931379465,10
future_ret_6m,2010-12-31,FAC_rank_vol_m6_n6_pairwise1__x__CtrlRetLTM,1,Low,-0.08759532278550636,-0.057121996004719094,11
future_ret_6m,2010-12-31,FAC_rank_vol_m6_n6_pairwise1__x__CtrlRetLTM,2,Q2,-0.009105720999748327,-0.043775193202414915,10
future_ret_6m,2010-12-31,FAC_rank_vol_m6_n6_pairwise1__x__CtrlRetLTM,3,Q3,0.03119407024571069,-0.07533764120799612,11
future_ret_6m,2010-12-31,FAC_rank_vol_m6_n6_pairwise1__x__CtrlRetLTM,4,Q4,0.07862681237908552,-0.08815057898531106,10
future_ret_6m,2010-12-31,FAC_rank_vol_m6_n6_pairwise1__x__CtrlRetLTM,5,High,0.16500783480428044,-0.08881851305417372,11
future_ret_6m,2011-03-31,FAC_rank_vol_m6_n6_pairwise1__x__CtrlRetLTM,1,Low,-0.035629043237915686,-0.1637595968976971,11
future_ret_6m,2011-03-31,FAC_rank_vol_m6_n6_pairwise1__x__CtrlRetLTM,2,Q2,0.028215182829543894,-0.1515756752048683,10
future_ret_6m,2011-03-31,FAC_rank_vol_m6_n6_pairwise1__x__CtrlRetLTM,3,Q3,0.07143190175699335,-0.1629043446385608,10
future_ret_6m,2011-03-31,FAC_rank_vol_m6_n6_pairwise1__x__CtrlRetLTM,4,Q4,0.10007837636083998,-0.15557537063607466,10
future_ret_6m,2011-03-31,FAC_rank_vol_m6_n6_pairwise1__x__CtrlRetLTM,5,High,0.15828180419357643,-0.14345582541522664,10
future_ret_6m,2011-06-30,FAC_rank_vol_m6_n6_pairwise1__x__CtrlRetLTM,1,Low,0.0409132771144921,-0.17987566966135804,11
future_ret_6m,2011-06-30,FAC_rank_vol_m6_n6_pairwise1__x__CtrlRetLTM,2,Q2,0.09279765096854536,-0.16466023418617157,11
future_ret_6m,2011-06-30,FAC_rank_vol_m6_n6_pairwise1__x__CtrlRetLTM,3,Q3,0.12342495852033046,-0.19540586657840814,10
future_ret_6m,2011-06-30,FAC_rank_vol_m6_n6_pairwise1__x__CtrlRetLTM,4,Q4,0.15496602480529945,-0.17558167665472854,11
future_ret_6m,2011-06-30,FAC_rank_vol_m6_n6_pairwise1__x__CtrlRetLTM,5,High,0.20518188171164758,-0.20663674702032866,11
future_ret_6m,2011-09-30,FAC_rank_vol_m6_n6_pairwise1__x__CtrlRetLTM,1,Low,-0.08634521681061529,-0.08612000896405513,13
future_ret_6m,2011-09-30,FAC_rank_vol_m6_n6_pairwise1__x__CtrlRetLTM,2,Q2,-0.04825088429412019,-0.06843152153304048,12
future_ret_6m,2011-09-30,FAC_rank_vol_m6_n6_pairwise1__x__CtrlRetLTM,3,Q3,-0.02635678717926534,-0.04733173080580091,12
future_ret_6m,2011-09-30,FAC_rank_vol_m6_n6_pairwise1__x__CtrlRetLTM,4,Q4,0.012116489804939248,-0.06229057980756945,12
future_ret_6m,2011-09-30,FAC_rank_vol_m6_n6_pairwise1__x__CtrlRetLTM,5,High,0.05493752436974852,-0.06553838475494712,12
future_ret_6m,2011-12-30,FAC_rank_vol_m6_n6_pairwise1__x__CtrlRetLTM,1,Low,-0.2084157889327689,0.03647947395777419,14
future_ret_6m,2011-12-30,FAC_rank_vol_m6_n6_pairwise1__x__CtrlRetLTM,2,Q2,-0.1676315499131939,0.05629599731742095,14
future_ret_6m,2011-12-30,FAC_rank_vol_m6_n6_pairwise1__x__CtrlRetLTM,3,Q3,-0.1413684618175364,0.0531755518001339,13
future_ret_6m,2011-12-30,FAC_rank_vol_m6_n6_pairwise1__x__CtrlRetLTM,4,Q4,-0.11735750371658413,0.05433757410725667,14
future_ret_6m,2011-12-30,FAC_rank_vol_m6_n6_pairwise1__x__CtrlRetLTM,5,High,-0.087744272890232,0.044928265581362314,14
future_ret_6m,2012-03-30,FAC_rank_vol_m6_n6_pairwise1__x__CtrlRetLTM,1,Low,-0.2118006977046148,-0.008747420107680303,13
future_ret_6m,2012-03-30,FAC_rank_vol_m6_n6_pairwise1__x__CtrlRetLTM,2,Q2,-0.15894984259966233,-0.0131039875156016,12
future_ret_6m,2012-03-30,FAC_rank_vol_m6_n6_pairwise1__x__CtrlRetLTM,3,Q3,-0.13704430409099708,0.012346195412036512,12
future_ret_6m,2012-03-30,FAC_rank_vol_m6_n6_pairwise1__x__CtrlRetLTM,4,Q4,-0.11396943487650074,-0.01239666915468616,12
future_ret_6m,2012-03-30,FAC_rank_vol_m6_n6_pairwise1__x__CtrlRetLTM,5,High,-0.07973360574130187,-0.0002597677059742368,13
future_ret_6m,2012-06-29,FAC_rank_vol_m6_n6_pairwise1__x__CtrlRetLTM,1,Low,-0.16030995559721137,-0.016555430521931234,15
future_ret_6m,2012-06-29,FAC_rank_vol_m6_n6_pairwise1__x__CtrlRetLTM,2,Q2,-0.114404924474007,0.007129639219017119,14
future_ret_6m,2012-06-29,FAC_rank_vol_m6_n6_pairwise1__x__CtrlRetLTM,3,Q3,-0.08840414600685073,0.029287136051591507,15
future_ret_6m,2012-06-29,FAC_rank_vol_m6_n6_pairwise1__x__CtrlRetLTM,4,Q4,-0.06686903181994758,0.030164442378107354,14
future_ret_6m,2012-06-29,FAC_rank_vol_m6_n6_pairwise1__x__CtrlRetLTM,5,High,-0.035615099012250136,0.0051885027898375125,15
future_ret_6m,2012-09-28,FAC_rank_vol_m6_n6_pairwise1__x__CtrlRetLTM,1,Low,-0.14165513483610814,0.06456354915493134,16
future_ret_6m,2012-09-28,FAC_rank_vol_m6_n6_pairwise1__x__CtrlRetLTM,2,Q2,-0.09335601036618306,0.09694031925303695,16
future_ret_6m,2012-09-28,FAC_rank_vol_m6_n6_pairwise1__x__CtrlRetLTM,3,Q3,-0.06507742234469627,0.11754102869876189,16
future_ret_6m,2012-09-28,FAC_rank_vol_m6_n6_pairwise1__x__CtrlRetLTM,4,Q4,-0.036151720013072576,0.11376830956314526,16
future_ret_6m,2012-09-28,FAC_rank_vol_m6_n6_pairwise1__x__CtrlRetLTM,5,High,0.005656164491872982,0.13004002242982077,16
future_ret_6m,2012-12-31,FAC_rank_vol_m6_n6_pairwise1__x__CtrlRetLTM,1,Low,-0.1263534736173568,0.023791886186622306,20
future_ret_6m,2012-12-31,FAC_rank_vol_m6_n6_pairwise1__x__CtrlRetLTM,2,Q2,-0.08516617986116393,0.06255477394097327,19
future_ret_6m,2012-12-31,FAC_rank_vol_m6_n6_pairwise1__x__CtrlRetLTM,3,Q3,-0.05863532986804297,0.09184670260713157,20
future_ret_6m,2012-12-31,FAC_rank_vol_m6_n6_pairwise1__x__CtrlRetLTM,4,Q4,-0.026879830343232883,0.028567800473600958,19
future_ret_6m,2012-12-31,FAC_rank_vol_m6_n6_pairwise1__x__CtrlRetLTM,5,High,0.023764513599844456,0.08969219882050135,20
future_ret_6m,2013-03-29,FAC_rank_vol_m6_n6_pairwise1__x__CtrlRetLTM,1,Low,0.02888382851601131,0.08913109904404343,22
future_ret_6m,2013-03-29,FAC_rank_vol_m6_n6_pairwise1__x__CtrlRetLTM,2,Q2,0.07913864540647408,0.12541584728842442,21
future_ret_6m,2013-03-29,FAC_rank_vol_m6_n6_pairwise1__x__CtrlRetLTM,3,Q3,0.10519291254194024,0.1486559395953866,22
future_ret_6m,2013-03-29,FAC_rank_vol_m6_n6_pairwise1__x__CtrlRetLTM,4,Q4,0.13506692474190107,0.13993241399901152,21
future_ret_6m,2013-03-29,FAC_rank_vol_m6_n6_pairwise1__x__CtrlRetLTM,5,High,0.22217649816038348,0.1856924848520789,22
future_ret_6m,2013-06-28,FAC_rank_vol_m6_n6_pairwise1__x__CtrlRetLTM,1,Low,0.04687388926838034,0.08505228826148298,22
future_ret_6m,2013-06-28,FAC_rank_vol_m6_n6_pairwise1__x__CtrlRetLTM,2,Q2,0.09766686325794885,0.10547754753253531,21
future_ret_6m,2013-06-28,FAC_rank_vol_m6_n6_pairwise1__x__CtrlRetLTM,3,Q3,0.12179477247817183,0.09683370935733765,22
future_ret_6m,2013-06-28,FAC_rank_vol_m6_n6_pairwise1__x__CtrlRetLTM,4,Q4,0.16333020446074623,0.10355059059561315,21
future_ret_6m,2013-06-28,FAC_rank_vol_m6_n6_pairwise1__x__CtrlRetLTM,5,High,0.30641890618178663,0.13056284197549017,22
future_ret_6m,2013-09-30,FAC_rank_vol_m6_n6_pairwise1__x__CtrlRetLTM,1,Low,0.03812290854044972,-0.0891922574172136,23
future_ret_6m,2013-09-30,FAC_rank_vol_m6_n6_pairwise1__x__CtrlRetLTM,2,Q2,0.11106233237671441,-0.05448126272838012,22
future_ret_6m,2013-09-30,FAC_rank_vol_m6_n6_pairwise1__x__CtrlRetLTM,3,Q3,0.14667975960264823,-0.05448411931552754,22
future_ret_6m,2013-09-30,FAC_rank_vol_m6_n6_pairwise1__x__CtrlRetLTM,4,Q4,0.20352930547304685,-0.09532519870130653,22
future_ret_6m,2013-09-30,FAC_rank_vol_m6_n6_pairwise1__x__CtrlRetLTM,5,High,0.35809304595362657,-0.09635076991919543,22
future_ret_6m,2013-12-31,FAC_rank_vol_m6_n6_pairwise1__x__CtrlRetLTM,1,Low,0.0033307092906408077,-0.04630325983619781,25
future_ret_6m,2013-12-31,FAC_rank_vol_m6_n6_pairwise1__x__CtrlRetLTM,2,Q2,0.09203089167256684,-0.01761465085719588,24
future_ret_6m,2013-12-31,FAC_rank_vol_m6_n6_pairwise1__x__CtrlRetLTM,3,Q3,0.13787355767404996,-0.008926087097648838,25
future_ret_6m,2013-12-31,FAC_rank_vol_m6_n6_pairwise1__x__CtrlRetLTM,4,Q4,0.20379342669488623,-0.01907982222051778,24
future_ret_6m,2013-12-31,FAC_rank_vol_m6_n6_pairwise1__x__CtrlRetLTM,5,High,0.36996247762367784,-0.0032297691590150125,25
future_ret_6m,2014-03-31,FAC_rank_vol_m6_n6_pairwise1__x__CtrlRetLTM,1,Low,-0.029448021371768173,0.1485862260311851,24
future_ret_6m,2014-03-31,FAC_rank_vol_m6_n6_pairwise1__x__CtrlRetLTM,2,Q2,0.03221108139335094,0.15309015121570763,24
future_ret_6m,2014-03-31,FAC_rank_vol_m6_n6_pairwise1__x__CtrlRetLTM,3,Q3,0.07522583158065993,0.1652370795375008,24
future_ret_6m,2014-03-31,FAC_rank_vol_m6_n6_pairwise1__x__CtrlRetLTM,4,Q4,0.1374344003215207,0.2034233562030473,24
future_ret_6m,2014-03-31,FAC_rank_vol_m6_n6_pairwise1__x__CtrlRetLTM,5,High,0.30123592918870035,0.1832351341825733,24
future_ret_6m,2014-06-30,FAC_rank_vol_m6_n6_pairwise1__x__CtrlRetLTM,1,Low,-0.07265133445212786,0.2649057521863431,23
future_ret_6m,2014-06-30,FAC_rank_vol_m6_n6_pairwise1__x__CtrlRetLTM,2,Q2,0.0003586219736096735,0.20690566106999103,23
future_ret_6m,2014-06-30,FAC_rank_vol_m6_n6_pairwise1__x__CtrlRetLTM,3,Q3,0.05004330803839963,0.24660467051496024,22
future_ret_6m,2014-06-30,FAC_rank_vol_m6_n6_pairwise1__x__CtrlRetLTM,4,Q4,0.10052915825371365,0.27106473846424256,23
future_ret_6m,2014-06-30,FAC_rank_vol_m6_n6_pairwise1__x__CtrlRetLTM,5,High,0.20767966766955218,0.2600225414912008,23
future_ret_6m,2014-09-30,FAC_rank_vol_m6_n6_pairwise1__x__CtrlRetLTM,1,Low,-0.09863607612029143,0.4711082612948459,23
future_ret_6m,2014-09-30,FAC_rank_vol_m6_n6_pairwise1__x__CtrlRetLTM,2,Q2,-0.019568728225495255,0.4210021148755013,22
future_ret_6m,2014-09-30,FAC_rank_vol_m6_n6_pairwise1__x__CtrlRetLTM,3,Q3,0.01571565874935969,0.4613758109912009,22
future_ret_6m,2014-09-30,FAC_rank_vol_m6_n6_pairwise1__x__CtrlRetLTM,4,Q4,0.058319857680710935,0.5011306544310865,22
future_ret_6m,2014-09-30,FAC_rank_vol_m6_n6_pairwise1__x__CtrlRetLTM,5,High,0.1843857823155183,0.4634823553222838,23
future_ret_6m,2014-12-31,FAC_rank_vol_m6_n6_pairwise1__x__CtrlRetLTM,1,Low,0.034997055479917404,0.5014337934779047,20
future_ret_6m,2014-12-31,FAC_rank_vol_m6_n6_pairwise1__x__CtrlRetLTM,2,Q2,0.09874433300960767,0.5760388907930124,19
future_ret_6m,2014-12-31,FAC_rank_vol_m6_n6_pairwise1__x__CtrlRetLTM,3,Q3,0.14731210418968158,0.5277865884795034,19
future_ret_6m,2014-12-31,FAC_rank_vol_m6_n6_pairwise1__x__CtrlRetLTM,4,Q4,0.21797793094560822,0.6426015561586795,19
future_ret_6m,2014-12-31,FAC_rank_vol_m6_n6_pairwise1__x__CtrlRetLTM,5,High,0.34654574119931103,0.6012740239447186,19
future_ret_6m,2015-03-31,FAC_rank_vol_m6_n6_pairwise1__x__CtrlRetLTM,1,Low,0.2555291378048629,-0.1282011458764687,19
future_ret_6m,2015-03-31,FAC_rank_vol_m6_n6_pairwise1__x__CtrlRetLTM,2,Q2,0.32679077454776656,-0.1152869071518764,19
future_ret_6m,2015-03-31,FAC_rank_vol_m6_n6_pairwise1__x__CtrlRetLTM,3,Q3,0.38539997326859593,-0.12399907989281142,19
future_ret_6m,2015-03-31,FAC_rank_vol_m6_n6_pairwise1__x__CtrlRetLTM,4,Q4,0.4501305229020353,-0.11551483722394933,19
future_ret_6m,2015-03-31,FAC_rank_vol_m6_n6_pairwise1__x__CtrlRetLTM,5,High,0.5678322504523576,-0.1141091853765397,19
future_ret_6m,2015-06-30,FAC_rank_vol_m6_n6_pairwise1__x__CtrlRetLTM,1,Low,0.7866128236332093,-0.0595664348444492,15
future_ret_6m,2015-06-30,FAC_rank_vol_m6_n6_pairwise1__x__CtrlRetLTM,2,Q2,0.958765940211561,-0.008080765053882761,14
future_ret_6m,2015-06-30,FAC_rank_vol_m6_n6_pairwise1__x__CtrlRetLTM,3,Q3,1.1118804588158084,-0.025454613443344844,14
future_ret_6m,2015-06-30,FAC_rank_vol_m6_n6_pairwise1__x__CtrlRetLTM,4,Q4,1.286546038130789,-0.005297867857307205,14
future_ret_6m,2015-06-30,FAC_rank_vol_m6_n6_pairwise1__x__CtrlRetLTM,5,High,1.6046387662916965,-0.08765812797212143,15
future_ret_6m,2015-09-30,FAC_rank_vol_m6_n6_pairwise1__x__CtrlRetLTM,1,Low,0.10871721121877133,0.10817945739546213,14
future_ret_6m,2015-09-30,FAC_rank_vol_m6_n6_pairwise1__x__CtrlRetLTM,2,Q2,0.18623441773377244,0.07950932708464091,14
future_ret_6m,2015-09-30,FAC_rank_vol_m6_n6_pairwise1__x__CtrlRetLTM,3,Q3,0.2555312215163629,0.08457543024725071,14
future_ret_6m,2015-09-30,FAC_rank_vol_m6_n6_pairwise1__x__CtrlRetLTM,4,Q4,0.32884584878231843,0.07923630696329552,14
future_ret_6m,2015-09-30,FAC_rank_vol_m6_n6_pairwise1__x__CtrlRetLTM,5,High,0.4418039012065568,0.08903295925551169,14
future_ret_6m,2015-12-31,FAC_rank_vol_m6_n6_pairwise1__x__CtrlRetLTM,1,Low,0.14630847170018457,-0.09200728221779965,15
future_ret_6m,2015-12-31,FAC_rank_vol_m6_n6_pairwise1__x__CtrlRetLTM,2,Q2,0.32893867188710213,-0.10852418976832781,15
future_ret_6m,2015-12-31,FAC_rank_vol_m6_n6_pairwise1__x__CtrlRetLTM,3,Q3,0.4288655026333606,-0.1390063312739929,15
future_ret_6m,2015-12-31,FAC_rank_vol_m6_n6_pairwise1__x__CtrlRetLTM,4,Q4,0.5003663499680412,-0.13917843609919073,15
future_ret_6m,2015-12-31,FAC_rank_vol_m6_n6_pairwise1__x__CtrlRetLTM,5,High,0.6386965474010328,-0.1341969151665283,15
future_ret_6m,2016-03-31,FAC_rank_vol_m6_n6_pairwise1__x__CtrlRetLTM,1,Low,-0.23554902287077634,0.03794985518747082,17
future_ret_6m,2016-03-31,FAC_rank_vol_m6_n6_pairwise1__x__CtrlRetLTM,2,Q2,-0.17311004762154714,0.026007694502888236,16
future_ret_6m,2016-03-31,FAC_rank_vol_m6_n6_pairwise1__x__CtrlRetLTM,3,Q3,-0.13163824930971013,0.056873746631682875,16
future_ret_6m,2016-03-31,FAC_rank_vol_m6_n6_pairwise1__x__CtrlRetLTM,4,Q4,-0.08767409653962922,0.06755648979833517,16
future_ret_6m,2016-03-31,FAC_rank_vol_m6_n6_pairwise1__x__CtrlRetLTM,5,High,-0.004666412869219255,0.05747788412436297,16
future_ret_6m,2016-06-30,FAC_rank_vol_m6_n6_pairwise1__x__CtrlRetLTM,1,Low,-0.29171053571277483,-0.03779560861849545,18
future_ret_6m,2016-06-30,FAC_rank_vol_m6_n6_pairwise1__x__CtrlRetLTM,2,Q2,-0.21750881988281212,-0.017360621376012304,18
future_ret_6m,2016-06-30,FAC_rank_vol_m6_n6_pairwise1__x__CtrlRetLTM,3,Q3,-0.1724952206084045,-0.021904794121176265,17
future_ret_6m,2016-06-30,FAC_rank_vol_m6_n6_pairwise1__x__CtrlRetLTM,4,Q4,-0.13166301481879922,-0.0014882594584644188,18
future_ret_6m,2016-06-30,FAC_rank_vol_m6_n6_pairwise1__x__CtrlRetLTM,5,High,-0.06274187563202355,0.017622599833371513,18
future_ret_6m,2016-09-30,FAC_rank_vol_m6_n6_pairwise1__x__CtrlRetLTM,1,Low,0.022661047816164955,-0.012110601174633993,19
future_ret_6m,2016-09-30,FAC_rank_vol_m6_n6_pairwise1__x__CtrlRetLTM,2,Q2,0.07567401505938333,0.00355057812165153,18
future_ret_6m,2016-09-30,FAC_rank_vol_m6_n6_pairwise1__x__CtrlRetLTM,3,Q3,0.12779610335708178,-0.017361631549032905,18
future_ret_6m,2016-09-30,FAC_rank_vol_m6_n6_pairwise1__x__CtrlRetLTM,4,Q4,0.1671975781677247,0.012252026400004964,18
future_ret_6m,2016-09-30,FAC_rank_vol_m6_n6_pairwise1__x__CtrlRetLTM,5,High,0.2651905926392707,0.028632304419347294,18
future_ret_6m,2016-12-30,FAC_rank_vol_m6_n6_pairwise1__x__CtrlRetLTM,1,Low,-0.19478095502438178,0.04612719831404815,24
future_ret_6m,2016-12-30,FAC_rank_vol_m6_n6_pairwise1__x__CtrlRetLTM,2,Q2,-0.1333634251054223,0.03721401274577162,23
future_ret_6m,2016-12-30,FAC_rank_vol_m6_n6_pairwise1__x__CtrlRetLTM,3,Q3,-0.09440241219741136,0.08805898146970544,24
future_ret_6m,2016-12-30,FAC_rank_vol_m6_n6_pairwise1__x__CtrlRetLTM,4,Q4,-0.046599129166402395,0.09003864153285887,23
future_ret_6m,2016-12-30,FAC_rank_vol_m6_n6_pairwise1__x__CtrlRetLTM,5,High,0.03457036041146195,0.06449922230823016,24
future_ret_6m,2017-03-31,FAC_rank_vol_m6_n6_pairwise1__x__CtrlRetLTM,1,Low,-0.06985864606768462,0.08145283982651738,31
future_ret_6m,2017-03-31,FAC_rank_vol_m6_n6_pairwise1__x__CtrlRetLTM,2,Q2,0.01079266794406923,0.0869036233733661,31
future_ret_6m,2017-03-31,FAC_rank_vol_m6_n6_pairwise1__x__CtrlRetLTM,3,Q3,0.04683226412181917,0.10489559940733927,30
future_ret_6m,2017-03-31,FAC_rank_vol_m6_n6_pairwise1__x__CtrlRetLTM,4,Q4,0.08700624185068198,0.09270081971768018,31
future_ret_6m,2017-03-31,FAC_rank_vol_m6_n6_pairwise1__x__CtrlRetLTM,5,High,0.15648671461154054,0.08800684722343882,31
future_ret_6m,2017-06-30,FAC_rank_vol_m6_n6_pairwise1__x__CtrlRetLTM,1,Low,-0.14118508452270445,0.038529232545182764,41
future_ret_6m,2017-06-30,FAC_rank_vol_m6_n6_pairwise1__x__CtrlRetLTM,2,Q2,-0.051613397403430364,0.09014259954102147,40
future_ret_6m,2017-06-30,FAC_rank_vol_m6_n6_pairwise1__x__CtrlRetLTM,3,Q3,-0.012079072644044075,0.09416196304047304,40
future_ret_6m,2017-06-30,FAC_rank_vol_m6_n6_pairwise1__x__CtrlRetLTM,4,Q4,0.0375435832224588,0.09562788969259398,40
future_ret_6m,2017-06-30,FAC_rank_vol_m6_n6_pairwise1__x__CtrlRetLTM,5,High,0.1332804592618509,0.12588313754080957,41
future_ret_6m,2017-09-29,FAC_rank_vol_m6_n6_pairwise1__x__CtrlRetLTM,1,Low,-0.05704881275046743,-0.02256156390005282,45
future_ret_6m,2017-09-29,FAC_rank_vol_m6_n6_pairwise1__x__CtrlRetLTM,2,Q2,0.019627395483066145,0.0014044745298760057,44
future_ret_6m,2017-09-29,FAC_rank_vol_m6_n6_pairwise1__x__CtrlRetLTM,3,Q3,0.06282011080775515,0.004665067007368149,44
future_ret_6m,2017-09-29,FAC_rank_vol_m6_n6_pairwise1__x__CtrlRetLTM,4,Q4,0.11904257471872368,0.025424427539922356,44
future_ret_6m,2017-09-29,FAC_rank_vol_m6_n6_pairwise1__x__CtrlRetLTM,5,High,0.20615084370290443,0.02996955781392891,45
future_ret_6m,2017-12-29,FAC_rank_vol_m6_n6_pairwise1__x__CtrlRetLTM,1,Low,-0.04130144308731471,-0.06460303200575221,47
future_ret_6m,2017-12-29,FAC_rank_vol_m6_n6_pairwise1__x__CtrlRetLTM,2,Q2,0.05563908685685184,-0.07555902544402833,46
future_ret_6m,2017-12-29,FAC_rank_vol_m6_n6_pairwise1__x__CtrlRetLTM,3,Q3,0.12031315010977445,-0.10122285189535271,47
future_ret_6m,2017-12-29,FAC_rank_vol_m6_n6_pairwise1__x__CtrlRetLTM,4,Q4,0.1834370607836897,-0.09184705456945957,46
future_ret_6m,2017-12-29,FAC_rank_vol_m6_n6_pairwise1__x__CtrlRetLTM,5,High,0.29367092640027054,-0.08269277876226125,47
future_ret_6m,2018-03-30,FAC_rank_vol_m6_n6_pairwise1__x__CtrlRetLTM,1,Low,-0.05487530400673577,-0.1614604460949306,50
future_ret_6m,2018-03-30,FAC_rank_vol_m6_n6_pairwise1__x__CtrlRetLTM,2,Q2,0.03786580831389502,-0.13375585767437057,49
future_ret_6m,2018-03-30,FAC_rank_vol_m6_n6_pairwise1__x__CtrlRetLTM,3,Q3,0.09183452924448565,-0.15615531303145516,50
future_ret_6m,2018-03-30,FAC_rank_vol_m6_n6_pairwise1__x__CtrlRetLTM,4,Q4,0.15799347683360024,-0.15219837239983622,49
future_ret_6m,2018-03-30,FAC_rank_vol_m6_n6_pairwise1__x__CtrlRetLTM,5,High,0.25838049088548953,-0.1149554817394167,50
future_ret_6m,2018-06-29,FAC_rank_vol_m6_n6_pairwise1__x__CtrlRetLTM,1,Low,-0.05990055939340415,-0.18618360118554392,51
future_ret_6m,2018-06-29,FAC_rank_vol_m6_n6_pairwise1__x__CtrlRetLTM,2,Q2,0.015551099824120338,-0.16453677172318354,50
future_ret_6m,2018-06-29,FAC_rank_vol_m6_n6_pairwise1__x__CtrlRetLTM,3,Q3,0.05024469544233951,-0.16564890863449638,51
future_ret_6m,2018-06-29,FAC_rank_vol_m6_n6_pairwise1__x__CtrlRetLTM,4,Q4,0.09629139287613551,-0.18521175326154635,50
future_ret_6m,2018-06-29,FAC_rank_vol_m6_n6_pairwise1__x__CtrlRetLTM,5,High,0.19742422191092834,-0.19305683399270976,51
future_ret_6m,2018-09-28,FAC_rank_vol_m6_n6_pairwise1__x__CtrlRetLTM,1,Low,-0.21766055168477086,0.11541383961051241,51
future_ret_6m,2018-09-28,FAC_rank_vol_m6_n6_pairwise1__x__CtrlRetLTM,2,Q2,-0.1469878989382779,0.15333747369241849,51
future_ret_6m,2018-09-28,FAC_rank_vol_m6_n6_pairwise1__x__CtrlRetLTM,3,Q3,-0.10184756166752519,0.13978537143305003,50
future_ret_6m,2018-09-28,FAC_rank_vol_m6_n6_pairwise1__x__CtrlRetLTM,4,Q4,-0.06222199827409588,0.1337347958214323,51
future_ret_6m,2018-09-28,FAC_rank_vol_m6_n6_pairwise1__x__CtrlRetLTM,5,High,0.008566583381441343,0.11571969583538337,51
future_ret_6m,2018-12-28,FAC_rank_vol_m6_n6_pairwise1__x__CtrlRetLTM,1,Low,-0.2829896549860995,0.2614743257418972,51
future_ret_6m,2018-12-28,FAC_rank_vol_m6_n6_pairwise1__x__CtrlRetLTM,2,Q2,-0.2106445068622746,0.2660568728231091,51
future_ret_6m,2018-12-28,FAC_rank_vol_m6_n6_pairwise1__x__CtrlRetLTM,3,Q3,-0.17201142162625832,0.26224985404275264,50
future_ret_6m,2018-12-28,FAC_rank_vol_m6_n6_pairwise1__x__CtrlRetLTM,4,Q4,-0.1406385922856718,0.2597823235020686,51
future_ret_6m,2018-12-28,FAC_rank_vol_m6_n6_pairwise1__x__CtrlRetLTM,5,High,-0.08206524359420182,0.24535621120260515,51
future_ret_6m,2019-03-29,FAC_rank_vol_m6_n6_pairwise1__x__CtrlRetLTM,1,Low,-0.17069877242402146,0.0599995841904093,51
future_ret_6m,2019-03-29,FAC_rank_vol_m6_n6_pairwise1__x__CtrlRetLTM,2,Q2,-0.10629807147286759,0.0714024476616411,50
future_ret_6m,2019-03-29,FAC_rank_vol_m6_n6_pairwise1__x__CtrlRetLTM,3,Q3,-0.076722469000627,0.06670481408910009,50
future_ret_6m,2019-03-29,FAC_rank_vol_m6_n6_pairwise1__x__CtrlRetLTM,4,Q4,-0.04417348229220349,0.05558695409481679,50
future_ret_6m,2019-03-29,FAC_rank_vol_m6_n6_pairwise1__x__CtrlRetLTM,5,High,0.0074962300385918125,0.07720675784692642,50
future_ret_6m,2019-06-28,FAC_rank_vol_m6_n6_pairwise1__x__CtrlRetLTM,1,Low,-0.09054283765724641,0.1973788741836248,55
future_ret_6m,2019-06-28,FAC_rank_vol_m6_n6_pairwise1__x__CtrlRetLTM,2,Q2,-0.04186674494574127,0.2008223564597215,55
future_ret_6m,2019-06-28,FAC_rank_vol_m6_n6_pairwise1__x__CtrlRetLTM,3,Q3,-0.013192048048227175,0.18422832969737654,54
future_ret_6m,2019-06-28,FAC_rank_vol_m6_n6_pairwise1__x__CtrlRetLTM,4,Q4,0.017263463465351098,0.17520748942239087,55
future_ret_6m,2019-06-28,FAC_rank_vol_m6_n6_pairwise1__x__CtrlRetLTM,5,High,0.09733132157319675,0.17040157794872182,55
future_ret_6m,2019-09-30,FAC_rank_vol_m6_n6_pairwise1__x__CtrlRetLTM,1,Low,0.06304157578473069,0.06224323470878164,55
future_ret_6m,2019-09-30,FAC_rank_vol_m6_n6_pairwise1__x__CtrlRetLTM,2,Q2,0.11828685596102514,0.10715784937586881,54
future_ret_6m,2019-09-30,FAC_rank_vol_m6_n6_pairwise1__x__CtrlRetLTM,3,Q3,0.15690979795761548,0.10992395952836681,54
future_ret_6m,2019-09-30,FAC_rank_vol_m6_n6_pairwise1__x__CtrlRetLTM,4,Q4,0.21180290968121948,0.12471157276808123,54
future_ret_6m,2019-09-30,FAC_rank_vol_m6_n6_pairwise1__x__CtrlRetLTM,5,High,0.3202932744488058,0.12117946119519342,55
future_ret_6m,2019-12-31,FAC_rank_vol_m6_n6_pairwise1__x__CtrlRetLTM,1,Low,0.18406815966014597,0.1979333891967225,58
future_ret_6m,2019-12-31,FAC_rank_vol_m6_n6_pairwise1__x__CtrlRetLTM,2,Q2,0.26858113164599107,0.2315894213260567,58
future_ret_6m,2019-12-31,FAC_rank_vol_m6_n6_pairwise1__x__CtrlRetLTM,3,Q3,0.32856634693988573,0.24583542362069724,57
future_ret_6m,2019-12-31,FAC_rank_vol_m6_n6_pairwise1__x__CtrlRetLTM,4,Q4,0.3914014081719426,0.2885206019525319,58
future_ret_6m,2019-12-31,FAC_rank_vol_m6_n6_pairwise1__x__CtrlRetLTM,5,High,0.5137435738308526,0.3807299444239471,58
future_ret_6m,2020-03-31,FAC_rank_vol_m6_n6_pairwise1__x__CtrlRetLTM,1,Low,0.06939826987135732,0.38949678748927685,63
future_ret_6m,2020-03-31,FAC_rank_vol_m6_n6_pairwise1__x__CtrlRetLTM,2,Q2,0.15324973178875834,0.43256805986665964,63
future_ret_6m,2020-03-31,FAC_rank_vol_m6_n6_pairwise1__x__CtrlRetLTM,3,Q3,0.22290048374208424,0.4104472527967004,62
future_ret_6m,2020-03-31,FAC_rank_vol_m6_n6_pairwise1__x__CtrlRetLTM,4,Q4,0.2897065676576895,0.42216149136689113,63
future_ret_6m,2020-03-31,FAC_rank_vol_m6_n6_pairwise1__x__CtrlRetLTM,5,High,0.4428791453447928,0.4352055911994586,63
future_ret_6m,2020-06-30,FAC_rank_vol_m6_n6_pairwise1__x__CtrlRetLTM,1,Low,0.11188565286452548,0.2971763466804139,67
future_ret_6m,2020-06-30,FAC_rank_vol_m6_n6_pairwise1__x__CtrlRetLTM,2,Q2,0.21001020537896475,0.3213492428467851,67
future_ret_6m,2020-06-30,FAC_rank_vol_m6_n6_pairwise1__x__CtrlRetLTM,3,Q3,0.28460520212666823,0.34507499570661243,66
future_ret_6m,2020-06-30,FAC_rank_vol_m6_n6_pairwise1__x__CtrlRetLTM,4,Q4,0.3676810818402115,0.2943930777303932,67
future_ret_6m,2020-06-30,FAC_rank_vol_m6_n6_pairwise1__x__CtrlRetLTM,5,High,0.5392978952813622,0.21483583046026772,67
future_ret_6m,2020-09-30,FAC_rank_vol_m6_n6_pairwise1__x__CtrlRetLTM,1,Low,0.34526126536834556,0.11309992018835777,72
future_ret_6m,2020-09-30,FAC_rank_vol_m6_n6_pairwise1__x__CtrlRetLTM,2,Q2,0.4474782010814159,0.12828651998174326,71
future_ret_6m,2020-09-30,FAC_rank_vol_m6_n6_pairwise1__x__CtrlRetLTM,3,Q3,0.5226173672025248,0.10492222628773563,71
future_ret_6m,2020-09-30,FAC_rank_vol_m6_n6_pairwise1__x__CtrlRetLTM,4,Q4,0.6096505491153634,0.11833847626111213,71
future_ret_6m,2020-09-30,FAC_rank_vol_m6_n6_pairwise1__x__CtrlRetLTM,5,High,0.7654176683921607,0.09767677564353183,72
future_ret_6m,2020-12-31,FAC_rank_vol_m6_n6_pairwise1__x__CtrlRetLTM,1,Low,0.2553534097606476,0.07943338700867664,76
future_ret_6m,2020-12-31,FAC_rank_vol_m6_n6_pairwise1__x__CtrlRetLTM,2,Q2,0.34414250400110696,0.10200946059861335,75
future_ret_6m,2020-12-31,FAC_rank_vol_m6_n6_pairwise1__x__CtrlRetLTM,3,Q3,0.40315066931393945,0.11119376620858225,76
future_ret_6m,2020-12-31,FAC_rank_vol_m6_n6_pairwise1__x__CtrlRetLTM,4,Q4,0.46328628001123057,0.09234162857446028,75
future_ret_6m,2020-12-31,FAC_rank_vol_m6_n6_pairwise1__x__CtrlRetLTM,5,High,0.6018002728136359,0.09475869223477756,76
future_ret_6m,2021-03-31,FAC_rank_vol_m6_n6_pairwise1__x__CtrlRetLTM,1,Low,0.34442999195258717,0.13219669787687088,82
future_ret_6m,2021-03-31,FAC_rank_vol_m6_n6_pairwise1__x__CtrlRetLTM,2,Q2,0.458484542839128,0.09444673516512123,81
future_ret_6m,2021-03-31,FAC_rank_vol_m6_n6_pairwise1__x__CtrlRetLTM,3,Q3,0.5454033103487964,0.07546230869128306,81
future_ret_6m,2021-03-31,FAC_rank_vol_m6_n6_pairwise1__x__CtrlRetLTM,4,Q4,0.6459779317767593,0.1119530001344658,81
future_ret_6m,2021-03-31,FAC_rank_vol_m6_n6_pairwise1__x__CtrlRetLTM,5,High,0.8684588835034713,0.09675590847557489,82
future_ret_6m,2021-06-30,FAC_rank_vol_m6_n6_pairwise1__x__CtrlRetLTM,1,Low,0.13839076277565762,0.01299753723726458,89
future_ret_6m,2021-06-30,FAC_rank_vol_m6_n6_pairwise1__x__CtrlRetLTM,2,Q2,0.24070801380096493,-0.009607048645721069,88
future_ret_6m,2021-06-30,FAC_rank_vol_m6_n6_pairwise1__x__CtrlRetLTM,3,Q3,0.30390061528451207,-0.022268641426844656,88
future_ret_6m,2021-06-30,FAC_rank_vol_m6_n6_pairwise1__x__CtrlRetLTM,4,Q4,0.3731063906027583,-0.0019083132721686132,88
future_ret_6m,2021-06-30,FAC_rank_vol_m6_n6_pairwise1__x__CtrlRetLTM,5,High,0.5337267727541168,0.011574866131484845,88
future_ret_6m,2021-09-30,FAC_rank_vol_m6_n6_pairwise1__x__CtrlRetLTM,1,Low,0.014792779498732153,-0.15865713076264434,97
future_ret_6m,2021-09-30,FAC_rank_vol_m6_n6_pairwise1__x__CtrlRetLTM,2,Q2,0.10606795047065821,-0.15191553545395609,97
future_ret_6m,2021-09-30,FAC_rank_vol_m6_n6_pairwise1__x__CtrlRetLTM,3,Q3,0.1785627445906841,-0.13720026738703867,96
future_ret_6m,2021-09-30,FAC_rank_vol_m6_n6_pairwise1__x__CtrlRetLTM,4,Q4,0.26867014371914205,-0.13829089513145726,97
future_ret_6m,2021-09-30,FAC_rank_vol_m6_n6_pairwise1__x__CtrlRetLTM,5,High,0.5593838028684409,-0.1473789804214344,97
future_ret_6m,2021-12-31,FAC_rank_vol_m6_n6_pairwise1__x__CtrlRetLTM,1,Low,-0.07541059657928657,-0.09082096057427233,105
future_ret_6m,2021-12-31,FAC_rank_vol_m6_n6_pairwise1__x__CtrlRetLTM,2,Q2,0.01125843597899309,-0.10656265930668025,104
future_ret_6m,2021-12-31,FAC_rank_vol_m6_n6_pairwise1__x__CtrlRetLTM,3,Q3,0.08625505288074166,-0.1137493246429337,105
future_ret_6m,2021-12-31,FAC_rank_vol_m6_n6_pairwise1__x__CtrlRetLTM,4,Q4,0.18221593619156623,-0.09864010100390432,104
future_ret_6m,2021-12-31,FAC_rank_vol_m6_n6_pairwise1__x__CtrlRetLTM,5,High,0.37311871873849733,-0.10001796831862649,105
future_ret_6m,2022-03-31,FAC_rank_vol_m6_n6_pairwise1__x__CtrlRetLTM,1,Low,-0.1450412814233938,-0.05957442393965918,110
future_ret_6m,2022-03-31,FAC_rank_vol_m6_n6_pairwise1__x__CtrlRetLTM,2,Q2,-0.061715743795453144,-0.05022306406600016,110
future_ret_6m,2022-03-31,FAC_rank_vol_m6_n6_pairwise1__x__CtrlRetLTM,3,Q3,0.008401425580606435,-0.05300811023014221,110
future_ret_6m,2022-03-31,FAC_rank_vol_m6_n6_pairwise1__x__CtrlRetLTM,4,Q4,0.09073584869098271,-0.04093733772080761,110
future_ret_6m,2022-03-31,FAC_rank_vol_m6_n6_pairwise1__x__CtrlRetLTM,5,High,0.2434359936512874,-0.03419663757675802,110
future_ret_6m,2022-06-30,FAC_rank_vol_m6_n6_pairwise1__x__CtrlRetLTM,1,Low,-0.289607904370533,-0.12445901149667979,129
future_ret_6m,2022-06-30,FAC_rank_vol_m6_n6_pairwise1__x__CtrlRetLTM,2,Q2,-0.21587929408142686,-0.13358280734602684,128
future_ret_6m,2022-06-30,FAC_rank_vol_m6_n6_pairwise1__x__CtrlRetLTM,3,Q3,-0.1612166341189888,-0.12552740610543053,129
future_ret_6m,2022-06-30,FAC_rank_vol_m6_n6_pairwise1__x__CtrlRetLTM,4,Q4,-0.10435555064742816,-0.12698819464097127,128
future_ret_6m,2022-06-30,FAC_rank_vol_m6_n6_pairwise1__x__CtrlRetLTM,5,High,0.003002597495784884,-0.09486073726180512,129
future_ret_6m,2008-06-30,FAC_rank_vol_m6_n12_pairwise1__x__CtrlRetLTM,1,Low,-0.04230433628407256,,2
future_ret_6m,2008-06-30,FAC_rank_vol_m6_n12_pairwise1__x__CtrlRetLTM,2,Q2,0.025094489401202565,,1
future_ret_6m,2008-06-30,FAC_rank_vol_m6_n12_pairwise1__x__CtrlRetLTM,3,Q3,0.04259351469735542,,2
future_ret_6m,2008-06-30,FAC_rank_vol_m6_n12_pairwise1__x__CtrlRetLTM,4,Q4,0.058914333571902504,,1
future_ret_6m,2008-06-30,FAC_rank_vol_m6_n12_pairwise1__x__CtrlRetLTM,5,High,0.06007718024957766,,2
future_ret_6m,2008-09-26,FAC_rank_vol_m6_n12_pairwise1__x__CtrlRetLTM,1,Low,-0.44856775743816346,,2
future_ret_6m,2008-09-26,FAC_rank_vol_m6_n12_pairwise1__x__CtrlRetLTM,2,Q2,-0.3874282688255372,,2
future_ret_6m,2008-09-26,FAC_rank_vol_m6_n12_pairwise1__x__CtrlRetLTM,3,Q3,-0.3508669731458045,,1
future_ret_6m,2008-09-26,FAC_rank_vol_m6_n12_pairwise1__x__CtrlRetLTM,4,Q4,-0.3339389453035847,,2
future_ret_6m,2008-09-26,FAC_rank_vol_m6_n12_pairwise1__x__CtrlRetLTM,5,High,-0.2763875106485941,,2
future_ret_6m,2008-12-31,FAC_rank_vol_m6_n12_pairwise1__x__CtrlRetLTM,1,Low,-0.5518427416408948,,3
future_ret_6m,2008-12-31,FAC_rank_vol_m6_n12_pairwise1__x__CtrlRetLTM,2,Q2,-0.47258853553255076,,3
future_ret_6m,2008-12-31,FAC_rank_vol_m6_n12_pairwise1__x__CtrlRetLTM,3,Q3,-0.45085745260862653,,2
future_ret_6m,2008-12-31,FAC_rank_vol_m6_n12_pairwise1__x__CtrlRetLTM,4,Q4,-0.43041834550211006,,3
future_ret_6m,2008-12-31,FAC_rank_vol_m6_n12_pairwise1__x__CtrlRetLTM,5,High,-0.4065646200331108,,3
future_ret_6m,2009-03-31,FAC_rank_vol_m6_n12_pairwise1__x__CtrlRetLTM,1,Low,-0.3709614977863267,,3
future_ret_6m,2009-03-31,FAC_rank_vol_m6_n12_pairwise1__x__CtrlRetLTM,2,Q2,-0.3297818902013184,,3
future_ret_6m,2009-03-31,FAC_rank_vol_m6_n12_pairwise1__x__CtrlRetLTM,3,Q3,-0.25865619854021893,,2
future_ret_6m,2009-03-31,FAC_rank_vol_m6_n12_pairwise1__x__CtrlRetLTM,4,Q4,-0.25331158870370263,,3
future_ret_6m,2009-03-31,FAC_rank_vol_m6_n12_pairwise1__x__CtrlRetLTM,5,High,-0.2327046951241957,,3
future_ret_6m,2009-06-30,FAC_rank_vol_m6_n12_pairwise1__x__CtrlRetLTM,1,Low,-0.08783397953490826,,4
future_ret_6m,2009-06-30,FAC_rank_vol_m6_n12_pairwise1__x__CtrlRetLTM,2,Q2,-0.011801531824289483,,4
future_ret_6m,2009-06-30,FAC_rank_vol_m6_n12_pairwise1__x__CtrlRetLTM,3,Q3,0.03089813566564262,,4
future_ret_6m,2009-06-30,FAC_rank_vol_m6_n12_pairwise1__x__CtrlRetLTM,4,Q4,0.04927965148489076,,4
future_ret_6m,2009-06-30,FAC_rank_vol_m6_n12_pairwise1__x__CtrlRetLTM,5,High,0.09659815442988895,,4
future_ret_6m,2009-09-30,FAC_rank_vol_m6_n12_pairwise1__x__CtrlRetLTM,1,Low,0.09448958340324372,0.10677976733507313,5
future_ret_6m,2009-09-30,FAC_rank_vol_m6_n12_pairwise1__x__CtrlRetLTM,2,Q2,0.18030969895692425,0.11208396563146109,5
future_ret_6m,2009-09-30,FAC_rank_vol_m6_n12_pairwise1__x__CtrlRetLTM,3,Q3,0.20729711176320975,,4
future_ret_6m,2009-09-30,FAC_rank_vol_m6_n12_pairwise1__x__CtrlRetLTM,4,Q4,0.23660711494700978,0.10967619045847724,5
future_ret_6m,2009-09-30,FAC_rank_vol_m6_n12_pairwise1__x__CtrlRetLTM,5,High,0.28264452161918796,0.12244646574889914,5
future_ret_6m,2009-12-31,FAC_rank_vol_m6_n12_pairwise1__x__CtrlRetLTM,1,Low,0.4229524357756489,-0.15431110957000505,5
future_ret_6m,2009-12-31,FAC_rank_vol_m6_n12_pairwise1__x__CtrlRetLTM,2,Q2,0.5565731208394347,-0.19755980570452375,5
future_ret_6m,2009-12-31,FAC_rank_vol_m6_n12_pairwise1__x__CtrlRetLTM,3,Q3,0.6020327861873125,-0.21099150275739062,5
future_ret_6m,2009-12-31,FAC_rank_vol_m6_n12_pairwise1__x__CtrlRetLTM,4,Q4,0.6716561004204827,-0.1952354348417309,5
future_ret_6m,2009-12-31,FAC_rank_vol_m6_n12_pairwise1__x__CtrlRetLTM,5,High,0.7778908846788332,-0.20010239335215077,5
future_ret_6m,2010-03-31,FAC_rank_vol_m6_n12_pairwise1__x__CtrlRetLTM,1,Low,0.18062329791053794,0.0014495414851087018,7
future_ret_6m,2010-03-31,FAC_rank_vol_m6_n12_pairwise1__x__CtrlRetLTM,2,Q2,0.24752465142356672,-0.017002160101011743,6
future_ret_6m,2010-03-31,FAC_rank_vol_m6_n12_pairwise1__x__CtrlRetLTM,3,Q3,0.27448594967725753,-0.021956775308244303,6
future_ret_6m,2010-03-31,FAC_rank_vol_m6_n12_pairwise1__x__CtrlRetLTM,4,Q4,0.3138697091680412,-0.02627189457984987,6
future_ret_6m,2010-03-31,FAC_rank_vol_m6_n12_pairwise1__x__CtrlRetLTM,5,High,0.4260280486736853,0.015785956682584184,6
future_ret_6m,2010-06-30,FAC_rank_vol_m6_n12_pairwise1__x__CtrlRetLTM,1,Low,-0.09934527680241576,0.20404141427976472,8
future_ret_6m,2010-06-30,FAC_rank_vol_m6_n12_pairwise1__x__CtrlRetLTM,2,Q2,-0.046426562528121315,0.20952856184425134,7
future_ret_6m,2010-06-30,FAC_rank_vol_m6_n12_pairwise1__x__CtrlRetLTM,3,Q3,-0.020081482591798473,0.27011416235611624,7
future_ret_6m,2010-06-30,FAC_rank_vol_m6_n12_pairwise1__x__CtrlRetLTM,4,Q4,0.03211519246709342,0.26111345689241955,7
future_ret_6m,2010-06-30,FAC_rank_vol_m6_n12_pairwise1__x__CtrlRetLTM,5,High,0.08902698448178595,0.3201748742126387,8
future_ret_6m,2010-09-30,FAC_rank_vol_m6_n12_pairwise1__x__CtrlRetLTM,1,Low,-0.007885150832797255,0.0665236946524453,8
future_ret_6m,2010-09-30,FAC_rank_vol_m6_n12_pairwise1__x__CtrlRetLTM,2,Q2,0.04827534796200988,0.04352377660402954,8
future_ret_6m,2010-09-30,FAC_rank_vol_m6_n12_pairwise1__x__CtrlRetLTM,3,Q3,0.0672937097036099,0.06783460754910352,7
future_ret_6m,2010-09-30,FAC_rank_vol_m6_n12_pairwise1__x__CtrlRetLTM,4,Q4,0.10007304294987915,0.04145653164801154,8
future_ret_6m,2010-09-30,FAC_rank_vol_m6_n12_pairwise1__x__CtrlRetLTM,5,High,0.22121226849511078,0.004358905077571501,8
future_ret_6m,2010-12-31,FAC_rank_vol_m6_n12_pairwise1__x__CtrlRetLTM,1,Low,-0.09905623810261505,-0.03052998953528756,8
future_ret_6m,2010-12-31,FAC_rank_vol_m6_n12_pairwise1__x__CtrlRetLTM,2,Q2,-0.009507297503084277,-0.04036267973604223,8
future_ret_6m,2010-12-31,FAC_rank_vol_m6_n12_pairwise1__x__CtrlRetLTM,3,Q3,0.03385889389496913,-0.07677917718759668,8
future_ret_6m,2010-12-31,FAC_rank_vol_m6_n12_pairwise1__x__CtrlRetLTM,4,Q4,0.08983681776152574,-0.08625771660369237,8
future_ret_6m,2010-12-31,FAC_rank_vol_m6_n12_pairwise1__x__CtrlRetLTM,5,High,0.19087574205945584,-0.09247552185845981,8
future_ret_6m,2011-03-31,FAC_rank_vol_m6_n12_pairwise1__x__CtrlRetLTM,1,Low,-0.04649865556121508,-0.16062131341748365,8
future_ret_6m,2011-03-31,FAC_rank_vol_m6_n12_pairwise1__x__CtrlRetLTM,2,Q2,0.025145179461483362,-0.16341430364654386,7
future_ret_6m,2011-03-31,FAC_rank_vol_m6_n12_pairwise1__x__CtrlRetLTM,3,Q3,0.07167285475897557,-0.1614982375961888,8
future_ret_6m,2011-03-31,FAC_rank_vol_m6_n12_pairwise1__x__CtrlRetLTM,4,Q4,0.10797536845018618,-0.13492098153389256,7
future_ret_6m,2011-03-31,FAC_rank_vol_m6_n12_pairwise1__x__CtrlRetLTM,5,High,0.1759797771495049,-0.1388453260886896,8
future_ret_6m,2011-06-30,FAC_rank_vol_m6_n12_pairwise1__x__CtrlRetLTM,1,Low,0.04090286892409934,-0.18239977277544356,8
future_ret_6m,2011-06-30,FAC_rank_vol_m6_n12_pairwise1__x__CtrlRetLTM,2,Q2,0.10273897182621292,-0.1803342455174395,7
future_ret_6m,2011-06-30,FAC_rank_vol_m6_n12_pairwise1__x__CtrlRetLTM,3,Q3,0.13867327526012668,-0.16942467924915347,7
future_ret_6m,2011-06-30,FAC_rank_vol_m6_n12_pairwise1__x__CtrlRetLTM,4,Q4,0.17337418917902844,-0.18827910905950235,7
future_ret_6m,2011-06-30,FAC_rank_vol_m6_n12_pairwise1__x__CtrlRetLTM,5,High,0.21726412321384714,-0.20007881481644027,8
future_ret_6m,2011-09-30,FAC_rank_vol_m6_n12_pairwise1__x__CtrlRetLTM,1,Low,-0.08652736443546277,-0.08800854012814012,8
future_ret_6m,2011-09-30,FAC_rank_vol_m6_n12_pairwise1__x__CtrlRetLTM,2,Q2,-0.03807383727120924,-0.060314237389403655,7
future_ret_6m,2011-09-30,FAC_rank_vol_m6_n12_pairwise1__x__CtrlRetLTM,3,Q3,-0.008867824344726643,-0.034274098282517894,7
future_ret_6m,2011-09-30,FAC_rank_vol_m6_n12_pairwise1__x__CtrlRetLTM,4,Q4,0.025648968400462602,-0.06325401736822388,7
future_ret_6m,2011-09-30,FAC_rank_vol_m6_n12_pairwise1__x__CtrlRetLTM,5,High,0.057722434792903635,-0.06591599112559082,8
future_ret_6m,2011-12-30,FAC_rank_vol_m6_n12_pairwise1__x__CtrlRetLTM,1,Low,-0.2098183393512981,0.047713680615056465,9
future_ret_6m,2011-12-30,FAC_rank_vol_m6_n12_pairwise1__x__CtrlRetLTM,2,Q2,-0.1720630337425645,0.04309846941144882,8
future_ret_6m,2011-12-30,FAC_rank_vol_m6_n12_pairwise1__x__CtrlRetLTM,3,Q3,-0.1442860994627188,0.04709893734154084,9
future_ret_6m,2011-12-30,FAC_rank_vol_m6_n12_pairwise1__x__CtrlRetLTM,4,Q4,-0.1216223849407131,0.04611318510790616,8
future_ret_6m,2011-12-30,FAC_rank_vol_m6_n12_pairwise1__x__CtrlRetLTM,5,High,-0.08192623761499118,0.05514095712214589,9
future_ret_6m,2012-03-30,FAC_rank_vol_m6_n12_pairwise1__x__CtrlRetLTM,1,Low,-0.21529004520896708,-0.002282762420030571,10
future_ret_6m,2012-03-30,FAC_rank_vol_m6_n12_pairwise1__x__CtrlRetLTM,2,Q2,-0.15540281855512988,0.013442253609143813,9
future_ret_6m,2012-03-30,FAC_rank_vol_m6_n12_pairwise1__x__CtrlRetLTM,3,Q3,-0.13946568424499006,-0.021335818661714006,9
future_ret_6m,2012-03-30,FAC_rank_vol_m6_n12_pairwise1__x__CtrlRetLTM,4,Q4,-0.11505679253420335,0.007760450563030504,9
future_ret_6m,2012-03-30,FAC_rank_vol_m6_n12_pairwise1__x__CtrlRetLTM,5,High,-0.08359967748170928,0.001670624964312559,9
future_ret_6m,2012-06-29,FAC_rank_vol_m6_n12_pairwise1__x__CtrlRetLTM,1,Low,-0.16845064694128084,-0.010262731745073495,10
future_ret_6m,2012-06-29,FAC_rank_vol_m6_n12_pairwise1__x__CtrlRetLTM,2,Q2,-0.11543289424755065,0.005436788436965679,10
future_ret_6m,2012-06-29,FAC_rank_vol_m6_n12_pairwise1__x__CtrlRetLTM,3,Q3,-0.1003746850750787,0.030126910823252213,9
future_ret_6m,2012-06-29,FAC_rank_vol_m6_n12_pairwise1__x__CtrlRetLTM,4,Q4,-0.07264924138946613,0.02104235785394659,10
future_ret_6m,2012-06-29,FAC_rank_vol_m6_n12_pairwise1__x__CtrlRetLTM,5,High,-0.04511391109922992,0.008135283126450298,10
future_ret_6m,2012-09-28,FAC_rank_vol_m6_n12_pairwise1__x__CtrlRetLTM,1,Low,-0.1588927283819601,0.08173652274007828,11
future_ret_6m,2012-09-28,FAC_rank_vol_m6_n12_pairwise1__x__CtrlRetLTM,2,Q2,-0.10893359797090107,0.08289235471811393,10
future_ret_6m,2012-09-28,FAC_rank_vol_m6_n12_pairwise1__x__CtrlRetLTM,3,Q3,-0.07861945101622206,0.12370439429620668,10
future_ret_6m,2012-09-28,FAC_rank_vol_m6_n12_pairwise1__x__CtrlRetLTM,4,Q4,-0.04023639439361747,0.1156244070486742,10
future_ret_6m,2012-09-28,FAC_rank_vol_m6_n12_pairwise1__x__CtrlRetLTM,5,High,0.003210599752605788,0.11759957747850769,10
future_ret_6m,2012-12-31,FAC_rank_vol_m6_n12_pairwise1__x__CtrlRetLTM,1,Low,-0.131166692365115,0.034236003004236265,13
future_ret_6m,2012-12-31,FAC_rank_vol_m6_n12_pairwise1__x__CtrlRetLTM,2,Q2,-0.08205441949514639,0.03169288385506897,12
future_ret_6m,2012-12-31,FAC_rank_vol_m6_n12_pairwise1__x__CtrlRetLTM,3,Q3,-0.04801718780194175,0.04532819348988421,12
future_ret_6m,2012-12-31,FAC_rank_vol_m6_n12_pairwise1__x__CtrlRetLTM,4,Q4,-0.021196446521569823,0.034680860046281625,12
future_ret_6m,2012-12-31,FAC_rank_vol_m6_n12_pairwise1__x__CtrlRetLTM,5,High,0.02737991368252792,0.07549947586057475,13
future_ret_6m,2013-03-29,FAC_rank_vol_m6_n12_pairwise1__x__CtrlRetLTM,1,Low,0.03216148322774347,0.06615111273523036,14
future_ret_6m,2013-03-29,FAC_rank_vol_m6_n12_pairwise1__x__CtrlRetLTM,2,Q2,0.0859174877388403,0.10884517145372878,14
future_ret_6m,2013-03-29,FAC_rank_vol_m6_n12_pairwise1__x__CtrlRetLTM,3,Q3,0.11183182614316078,0.16218489072093914,13
future_ret_6m,2013-03-29,FAC_rank_vol_m6_n12_pairwise1__x__CtrlRetLTM,4,Q4,0.14546463040332577,0.17094253387771793,14
future_ret_6m,2013-03-29,FAC_rank_vol_m6_n12_pairwise1__x__CtrlRetLTM,5,High,0.22367325218608905,0.17630185522856864,14
future_ret_6m,2013-06-28,FAC_rank_vol_m6_n12_pairwise1__x__CtrlRetLTM,1,Low,0.057939988626229504,0.08314283210413745,16
future_ret_6m,2013-06-28,FAC_rank_vol_m6_n12_pairwise1__x__CtrlRetLTM,2,Q2,0.10271996461935344,0.11137949017749334,16
future_ret_6m,2013-06-28,FAC_rank_vol_m6_n12_pairwise1__x__CtrlRetLTM,3,Q3,0.13350485115401262,0.08586546932300586,16
future_ret_6m,2013-06-28,FAC_rank_vol_m6_n12_pairwise1__x__CtrlRetLTM,4,Q4,0.18022474342505734,0.10830449024296501,16
future_ret_6m,2013-06-28,FAC_rank_vol_m6_n12_pairwise1__x__CtrlRetLTM,5,High,0.32685890303426063,0.13163189378819878,16
future_ret_6m,2013-09-30,FAC_rank_vol_m6_n12_pairwise1__x__CtrlRetLTM,1,Low,0.03576794187738969,-0.07784894295450885,17
future_ret_6m,2013-09-30,FAC_rank_vol_m6_n12_pairwise1__x__CtrlRetLTM,2,Q2,0.11148872008410306,-0.054743318238435514,17
future_ret_6m,2013-09-30,FAC_rank_vol_m6_n12_pairwise1__x__CtrlRetLTM,3,Q3,0.15115765259918332,-0.06296013333561253,17
future_ret_6m,2013-09-30,FAC_rank_vol_m6_n12_pairwise1__x__CtrlRetLTM,4,Q4,0.20928538005537065,-0.0946198957622433,17
future_ret_6m,2013-09-30,FAC_rank_vol_m6_n12_pairwise1__x__CtrlRetLTM,5,High,0.3539892716239045,-0.10239280683582754,17
future_ret_6m,2013-12-31,FAC_rank_vol_m6_n12_pairwise1__x__CtrlRetLTM,1,Low,0.001754072853644969,-0.047939981503148814,19
future_ret_6m,2013-12-31,FAC_rank_vol_m6_n12_pairwise1__x__CtrlRetLTM,2,Q2,0.10370260705979122,-0.0050957437553178124,18
future_ret_6m,2013-12-31,FAC_rank_vol_m6_n12_pairwise1__x__CtrlRetLTM,3,Q3,0.16347282553646295,0.0014109867767634467,18
future_ret_6m,2013-12-31,FAC_rank_vol_m6_n12_pairwise1__x__CtrlRetLTM,4,Q4,0.23689465468178017,-0.022284911281816852,18
future_ret_6m,2013-12-31,FAC_rank_vol_m6_n12_pairwise1__x__CtrlRetLTM,5,High,0.41723377957707747,0.0008570186931470362,18
future_ret_6m,2014-03-31,FAC_rank_vol_m6_n12_pairwise1__x__CtrlRetLTM,1,Low,-0.03405096179876914,0.14840820069394642,18
future_ret_6m,2014-03-31,FAC_rank_vol_m6_n12_pairwise1__x__CtrlRetLTM,2,Q2,0.03692316313694839,0.16215774644872671,17
future_ret_6m,2014-03-31,FAC_rank_vol_m6_n12_pairwise1__x__CtrlRetLTM,3,Q3,0.07764057328151573,0.18203051041040844,18
future_ret_6m,2014-03-31,FAC_rank_vol_m6_n12_pairwise1__x__CtrlRetLTM,4,Q4,0.1508113546342498,0.173561888646639,17
future_ret_6m,2014-03-31,FAC_rank_vol_m6_n12_pairwise1__x__CtrlRetLTM,5,High,0.30238504808829264,0.2105094542381014,18
future_ret_6m,2014-06-30,FAC_rank_vol_m6_n12_pairwise1__x__CtrlRetLTM,1,Low,-0.07141175154769523,0.274446255800806,19
future_ret_6m,2014-06-30,FAC_rank_vol_m6_n12_pairwise1__x__CtrlRetLTM,2,Q2,-0.004381538481238339,0.20745449678761718,19
future_ret_6m,2014-06-30,FAC_rank_vol_m6_n12_pairwise1__x__CtrlRetLTM,3,Q3,0.04070960229313291,0.25163365983461117,18
future_ret_6m,2014-06-30,FAC_rank_vol_m6_n12_pairwise1__x__CtrlRetLTM,4,Q4,0.10062856658908437,0.30180885548057007,19
future_ret_6m,2014-06-30,FAC_rank_vol_m6_n12_pairwise1__x__CtrlRetLTM,5,High,0.18429843515430253,0.209747826788089,19
future_ret_6m,2014-09-30,FAC_rank_vol_m6_n12_pairwise1__x__CtrlRetLTM,1,Low,-0.10267987115616113,0.4574797961197432,19
future_ret_6m,2014-09-30,FAC_rank_vol_m6_n12_pairwise1__x__CtrlRetLTM,2,Q2,-0.023443212542819843,0.4278093751261186,19
future_ret_6m,2014-09-30,FAC_rank_vol_m6_n12_pairwise1__x__CtrlRetLTM,3,Q3,0.012694451068613303,0.46649829812498556,18
future_ret_6m,2014-09-30,FAC_rank_vol_m6_n12_pairwise1__x__CtrlRetLTM,4,Q4,0.05670109222303185,0.514696442612109,19
future_ret_6m,2014-09-30,FAC_rank_vol_m6_n12_pairwise1__x__CtrlRetLTM,5,High,0.1857407516585443,0.46423287139099345,19
future_ret_6m,2014-12-31,FAC_rank_vol_m6_n12_pairwise1__x__CtrlRetLTM,1,Low,0.0367022051168194,0.5216148847332024,17
future_ret_6m,2014-12-31,FAC_rank_vol_m6_n12_pairwise1__x__CtrlRetLTM,2,Q2,0.09545857798031927,0.5859577568563639,16
future_ret_6m,2014-12-31,FAC_rank_vol_m6_n12_pairwise1__x__CtrlRetLTM,3,Q3,0.1561072325613495,0.5229884266598999,16
future_ret_6m,2014-12-31,FAC_rank_vol_m6_n12_pairwise1__x__CtrlRetLTM,4,Q4,0.2169479585584992,0.6177693270033827,16
future_ret_6m,2014-12-31,FAC_rank_vol_m6_n12_pairwise1__x__CtrlRetLTM,5,High,0.37525666137480473,0.6462329321560447,16
future_ret_6m,2015-03-31,FAC_rank_vol_m6_n12_pairwise1__x__CtrlRetLTM,1,Low,0.2673878868497114,-0.11364573171440276,15
future_ret_6m,2015-03-31,FAC_rank_vol_m6_n12_pairwise1__x__CtrlRetLTM,2,Q2,0.3542704830540702,-0.14458515669295435,14
future_ret_6m,2015-03-31,FAC_rank_vol_m6_n12_pairwise1__x__CtrlRetLTM,3,Q3,0.40913732635858696,-0.12277516403633464,14
future_ret_6m,2015-03-31,FAC_rank_vol_m6_n12_pairwise1__x__CtrlRetLTM,4,Q4,0.46402451924463495,-0.11257644772694023,14
future_ret_6m,2015-03-31,FAC_rank_vol_m6_n12_pairwise1__x__CtrlRetLTM,5,High,0.6135386670569536,-0.12291561195393354,14
future_ret_6m,2015-06-30,FAC_rank_vol_m6_n12_pairwise1__x__CtrlRetLTM,1,Low,0.874675906754695,-0.04712027637289802,10
future_ret_6m,2015-06-30,FAC_rank_vol_m6_n12_pairwise1__x__CtrlRetLTM,2,Q2,1.0413267689016026,-0.014410613783760995,10
future_ret_6m,2015-06-30,FAC_rank_vol_m6_n12_pairwise1__x__CtrlRetLTM,3,Q3,1.1888153729471402,-0.033565969440683,10
future_ret_6m,2015-06-30,FAC_rank_vol_m6_n12_pairwise1__x__CtrlRetLTM,4,Q4,1.3258015890789039,-0.019724839190671462,10
future_ret_6m,2015-06-30,FAC_rank_vol_m6_n12_pairwise1__x__CtrlRetLTM,5,High,1.658657161695595,-0.10813796033918424,10
future_ret_6m,2015-09-30,FAC_rank_vol_m6_n12_pairwise1__x__CtrlRetLTM,1,Low,0.10857333685410078,0.10147414534153247,10
future_ret_6m,2015-09-30,FAC_rank_vol_m6_n12_pairwise1__x__CtrlRetLTM,2,Q2,0.20037553232065378,0.07444644552739461,9
future_ret_6m,2015-09-30,FAC_rank_vol_m6_n12_pairwise1__x__CtrlRetLTM,3,Q3,0.2568207482800045,0.09985449058218375,9
future_ret_6m,2015-09-30,FAC_rank_vol_m6_n12_pairwise1__x__CtrlRetLTM,4,Q4,0.3487732551637022,0.1006357715957583,9
future_ret_6m,2015-09-30,FAC_rank_vol_m6_n12_pairwise1__x__CtrlRetLTM,5,High,0.48407222447568543,0.06508732731246474,10
future_ret_6m,2015-12-31,FAC_rank_vol_m6_n12_pairwise1__x__CtrlRetLTM,1,Low,0.23148068069747582,-0.12079559486585771,11
future_ret_6m,2015-12-31,FAC_rank_vol_m6_n12_pairwise1__x__CtrlRetLTM,2,Q2,0.3713911773760929,-0.10529787705374272,10
future_ret_6m,2015-12-31,FAC_rank_vol_m6_n12_pairwise1__x__CtrlRetLTM,3,Q3,0.4636126694897317,-0.1639644922828515,10
future_ret_6m,2015-12-31,FAC_rank_vol_m6_n12_pairwise1__x__CtrlRetLTM,4,Q4,0.5179349797528594,-0.14074934672247336,10
future_ret_6m,2015-12-31,FAC_rank_vol_m6_n12_pairwise1__x__CtrlRetLTM,5,High,0.6723441389599866,-0.127750381853488,11
future_ret_6m,2016-03-31,FAC_rank_vol_m6_n12_pairwise1__x__CtrlRetLTM,1,Low,-0.2371377085281806,0.03577410195949992,13
future_ret_6m,2016-03-31,FAC_rank_vol_m6_n12_pairwise1__x__CtrlRetLTM,2,Q2,-0.1818543321041691,0.04125933065285916,12
future_ret_6m,2016-03-31,FAC_rank_vol_m6_n12_pairwise1__x__CtrlRetLTM,3,Q3,-0.14482045125926202,0.04391414374407301,12
future_ret_6m,2016-03-31,FAC_rank_vol_m6_n12_pairwise1__x__CtrlRetLTM,4,Q4,-0.09475207086308692,0.08779281344065047,12
future_ret_6m,2016-03-31,FAC_rank_vol_m6_n12_pairwise1__x__CtrlRetLTM,5,High,-0.0016557040308100932,0.042081358120167923,12
future_ret_6m,2016-06-30,FAC_rank_vol_m6_n12_pairwise1__x__CtrlRetLTM,1,Low,-0.2816339208478717,-0.04162181550665282,13
future_ret_6m,2016-06-30,FAC_rank_vol_m6_n12_pairwise1__x__CtrlRetLTM,2,Q2,-0.2121770864756828,-0.011709263194735992,13
future_ret_6m,2016-06-30,FAC_rank_vol_m6_n12_pairwise1__x__CtrlRetLTM,3,Q3,-0.17426051615935279,-0.020793802881606354,12
future_ret_6m,2016-06-30,FAC_rank_vol_m6_n12_pairwise1__x__CtrlRetLTM,4,Q4,-0.1346315115235413,0.02874997870824296,13
future_ret_6m,2016-06-30,FAC_rank_vol_m6_n12_pairwise1__x__CtrlRetLTM,5,High,-0.05459859475307319,0.005344000198314705,13
future_ret_6m,2016-09-30,FAC_rank_vol_m6_n12_pairwise1__x__CtrlRetLTM,1,Low,0.037659482291107646,-0.0012758255130251386,14
future_ret_6m,2016-09-30,FAC_rank_vol_m6_n12_pairwise1__x__CtrlRetLTM,2,Q2,0.0742735242862877,0.01116372274541256,13
future_ret_6m,2016-09-30,FAC_rank_vol_m6_n12_pairwise1__x__CtrlRetLTM,3,Q3,0.13583024587849338,-0.006515596439864014,14
future_ret_6m,2016-09-30,FAC_rank_vol_m6_n12_pairwise1__x__CtrlRetLTM,4,Q4,0.17249655108510492,0.0030096182546402407,13
future_ret_6m,2016-09-30,FAC_rank_vol_m6_n12_pairwise1__x__CtrlRetLTM,5,High,0.28009038207634046,0.02479081900847544,14
future_ret_6m,2016-12-30,FAC_rank_vol_m6_n12_pairwise1__x__CtrlRetLTM,1,Low,-0.18533520560235156,0.02924607361196096,15
future_ret_6m,2016-12-30,FAC_rank_vol_m6_n12_pairwise1__x__CtrlRetLTM,2,Q2,-0.12594578689675365,0.07954010338045975,15
future_ret_6m,2016-12-30,FAC_rank_vol_m6_n12_pairwise1__x__CtrlRetLTM,3,Q3,-0.09630592211220894,0.06370462156362487,14
future_ret_6m,2016-12-30,FAC_rank_vol_m6_n12_pairwise1__x__CtrlRetLTM,4,Q4,-0.04822521009120387,0.11439558965240879,15
future_ret_6m,2016-12-30,FAC_rank_vol_m6_n12_pairwise1__x__CtrlRetLTM,5,High,0.035641531472270026,0.04571484612038916,15
future_ret_6m,2017-03-31,FAC_rank_vol_m6_n12_pairwise1__x__CtrlRetLTM,1,Low,-0.06667797876344367,0.0587796330513402,16
future_ret_6m,2017-03-31,FAC_rank_vol_m6_n12_pairwise1__x__CtrlRetLTM,2,Q2,0.02079040303071144,0.09601208685332582,15
future_ret_6m,2017-03-31,FAC_rank_vol_m6_n12_pairwise1__x__CtrlRetLTM,3,Q3,0.051945298479902785,0.11205854744445069,15
future_ret_6m,2017-03-31,FAC_rank_vol_m6_n12_pairwise1__x__CtrlRetLTM,4,Q4,0.08478307370647858,0.1031848137416797,15
future_ret_6m,2017-03-31,FAC_rank_vol_m6_n12_pairwise1__x__CtrlRetLTM,5,High,0.16253557145681743,0.08970613078933001,15
future_ret_6m,2017-06-30,FAC_rank_vol_m6_n12_pairwise1__x__CtrlRetLTM,1,Low,-0.14561390869059693,0.04979486994495776,19
future_ret_6m,2017-06-30,FAC_rank_vol_m6_n12_pairwise1__x__CtrlRetLTM,2,Q2,-0.04575844259233888,0.08218460666160154,18
future_ret_6m,2017-06-30,FAC_rank_vol_m6_n12_pairwise1__x__CtrlRetLTM,3,Q3,-0.006972380089939753,0.10124239191224975,19
future_ret_6m,2017-06-30,FAC_rank_vol_m6_n12_pairwise1__x__CtrlRetLTM,4,Q4,0.04401940630170612,0.10818170199812148,18
future_ret_6m,2017-06-30,FAC_rank_vol_m6_n12_pairwise1__x__CtrlRetLTM,5,High,0.13843974992148841,0.13471915001948045,19
future_ret_6m,2017-09-29,FAC_rank_vol_m6_n12_pairwise1__x__CtrlRetLTM,1,Low,-0.053311021891723535,-0.010189450354454843,27
future_ret_6m,2017-09-29,FAC_rank_vol_m6_n12_pairwise1__x__CtrlRetLTM,2,Q2,0.020199923458648635,0.010755851783136896,27
future_ret_6m,2017-09-29,FAC_rank_vol_m6_n12_pairwise1__x__CtrlRetLTM,3,Q3,0.06184852291930583,0.003760107739866416,26
future_ret_6m,2017-09-29,FAC_rank_vol_m6_n12_pairwise1__x__CtrlRetLTM,4,Q4,0.119845266597595,0.014288997627459523,27
future_ret_6m,2017-09-29,FAC_rank_vol_m6_n12_pairwise1__x__CtrlRetLTM,5,High,0.22378571012913634,0.03275022870034788,27
future_ret_6m,2017-12-29,FAC_rank_vol_m6_n12_pairwise1__x__CtrlRetLTM,1,Low,-0.03132934469218723,-0.06249752397245197,36
future_ret_6m,2017-12-29,FAC_rank_vol_m6_n12_pairwise1__x__CtrlRetLTM,2,Q2,0.06306431720847618,-0.08483379393915931,35
future_ret_6m,2017-12-29,FAC_rank_vol_m6_n12_pairwise1__x__CtrlRetLTM,3,Q3,0.1260206083800177,-0.11372738066329752,35
future_ret_6m,2017-12-29,FAC_rank_vol_m6_n12_pairwise1__x__CtrlRetLTM,4,Q4,0.18842300104955176,-0.0836969743849002,35
future_ret_6m,2017-12-29,FAC_rank_vol_m6_n12_pairwise1__x__CtrlRetLTM,5,High,0.3086863827404395,-0.08517609127708858,36
future_ret_6m,2018-03-30,FAC_rank_vol_m6_n12_pairwise1__x__CtrlRetLTM,1,Low,-0.063333592291136,-0.16107817534970362,38
future_ret_6m,2018-03-30,FAC_rank_vol_m6_n12_pairwise1__x__CtrlRetLTM,2,Q2,0.03556161212730832,-0.13997342947175684,38
future_ret_6m,2018-03-30,FAC_rank_vol_m6_n12_pairwise1__x__CtrlRetLTM,3,Q3,0.09061217912749972,-0.15845974540107574,37
future_ret_6m,2018-03-30,FAC_rank_vol_m6_n12_pairwise1__x__CtrlRetLTM,4,Q4,0.157950377359405,-0.13399307784750883,38
future_ret_6m,2018-03-30,FAC_rank_vol_m6_n12_pairwise1__x__CtrlRetLTM,5,High,0.26219412722348356,-0.13423708707285337,38
future_ret_6m,2018-06-29,FAC_rank_vol_m6_n12_pairwise1__x__CtrlRetLTM,1,Low,-0.06732433885796972,-0.18594253129396268,41
future_ret_6m,2018-06-29,FAC_rank_vol_m6_n12_pairwise1__x__CtrlRetLTM,2,Q2,0.011524824930932653,-0.16752981153510543,40
future_ret_6m,2018-06-29,FAC_rank_vol_m6_n12_pairwise1__x__CtrlRetLTM,3,Q3,0.04688845171964312,-0.1721390742858116,40
future_ret_6m,2018-06-29,FAC_rank_vol_m6_n12_pairwise1__x__CtrlRetLTM,4,Q4,0.09200332470229762,-0.17106285929845041,40
future_ret_6m,2018-06-29,FAC_rank_vol_m6_n12_pairwise1__x__CtrlRetLTM,5,High,0.18619417478158656,-0.1997550820133433,41
future_ret_6m,2018-09-28,FAC_rank_vol_m6_n12_pairwise1__x__CtrlRetLTM,1,Low,-0.22596068801217875,0.13502501757273266,44
future_ret_6m,2018-09-28,FAC_rank_vol_m6_n12_pairwise1__x__CtrlRetLTM,2,Q2,-0.15985951795546452,0.1249296812016193,43
future_ret_6m,2018-09-28,FAC_rank_vol_m6_n12_pairwise1__x__CtrlRetLTM,3,Q3,-0.10870723491080811,0.14030018150204507,43
future_ret_6m,2018-09-28,FAC_rank_vol_m6_n12_pairwise1__x__CtrlRetLTM,4,Q4,-0.06882762590984225,0.1343887870472325,43
future_ret_6m,2018-09-28,FAC_rank_vol_m6_n12_pairwise1__x__CtrlRetLTM,5,High,0.008030868624906045,0.11846771558568249,43
future_ret_6m,2018-12-28,FAC_rank_vol_m6_n12_pairwise1__x__CtrlRetLTM,1,Low,-0.3066876623577057,0.2653335411269108,44
future_ret_6m,2018-12-28,FAC_rank_vol_m6_n12_pairwise1__x__CtrlRetLTM,2,Q2,-0.22978606187060172,0.26133955970306144,43
future_ret_6m,2018-12-28,FAC_rank_vol_m6_n12_pairwise1__x__CtrlRetLTM,3,Q3,-0.18845897981471735,0.27437177422897663,43
future_ret_6m,2018-12-28,FAC_rank_vol_m6_n12_pairwise1__x__CtrlRetLTM,4,Q4,-0.15494891802237928,0.28063805464727687,43
future_ret_6m,2018-12-28,FAC_rank_vol_m6_n12_pairwise1__x__CtrlRetLTM,5,High,-0.09387786308404703,0.21965567891393706,43
future_ret_6m,2019-03-29,FAC_rank_vol_m6_n12_pairwise1__x__CtrlRetLTM,1,Low,-0.1952087284693536,0.04944145409391844,43
future_ret_6m,2019-03-29,FAC_rank_vol_m6_n12_pairwise1__x__CtrlRetLTM,2,Q2,-0.1192017303673622,0.08776037946837817,42
future_ret_6m,2019-03-29,FAC_rank_vol_m6_n12_pairwise1__x__CtrlRetLTM,3,Q3,-0.08418912794864407,0.062067132448674456,43
future_ret_6m,2019-03-29,FAC_rank_vol_m6_n12_pairwise1__x__CtrlRetLTM,4,Q4,-0.046795191768631124,0.05154296014155545,42
future_ret_6m,2019-03-29,FAC_rank_vol_m6_n12_pairwise1__x__CtrlRetLTM,5,High,0.009194754048597095,0.070489439292716,43
future_ret_6m,2019-06-28,FAC_rank_vol_m6_n12_pairwise1__x__CtrlRetLTM,1,Low,-0.1015413147843867,0.2025076096009877,44
future_ret_6m,2019-06-28,FAC_rank_vol_m6_n12_pairwise1__x__CtrlRetLTM,2,Q2,-0.04376663608735289,0.19199677567970214,44
future_ret_6m,2019-06-28,FAC_rank_vol_m6_n12_pairwise1__x__CtrlRetLTM,3,Q3,-0.010296599127138184,0.19322491148000517,43
future_ret_6m,2019-06-28,FAC_rank_vol_m6_n12_pairwise1__x__CtrlRetLTM,4,Q4,0.022418897069987734,0.16881796161822332,44
future_ret_6m,2019-06-28,FAC_rank_vol_m6_n12_pairwise1__x__CtrlRetLTM,5,High,0.1005816543950484,0.16850473171470778,44
future_ret_6m,2019-09-30,FAC_rank_vol_m6_n12_pairwise1__x__CtrlRetLTM,1,Low,0.06153640154259086,0.0673503404504367,44
future_ret_6m,2019-09-30,FAC_rank_vol_m6_n12_pairwise1__x__CtrlRetLTM,2,Q2,0.11774664038095813,0.10295443927415739,44
future_ret_6m,2019-09-30,FAC_rank_vol_m6_n12_pairwise1__x__CtrlRetLTM,3,Q3,0.16062424704373324,0.12164379352885661,44
future_ret_6m,2019-09-30,FAC_rank_vol_m6_n12_pairwise1__x__CtrlRetLTM,4,Q4,0.20903374131411329,0.1264248892128571,44
future_ret_6m,2019-09-30,FAC_rank_vol_m6_n12_pairwise1__x__CtrlRetLTM,5,High,0.32784205432044067,0.09751055820582154,44
future_ret_6m,2019-12-31,FAC_rank_vol_m6_n12_pairwise1__x__CtrlRetLTM,1,Low,0.1943211230062275,0.17816085752372368,48
future_ret_6m,2019-12-31,FAC_rank_vol_m6_n12_pairwise1__x__CtrlRetLTM,2,Q2,0.285036856787763,0.23016320976587704,48
future_ret_6m,2019-12-31,FAC_rank_vol_m6_n12_pairwise1__x__CtrlRetLTM,3,Q3,0.3511144881389248,0.29989739260268083,47
future_ret_6m,2019-12-31,FAC_rank_vol_m6_n12_pairwise1__x__CtrlRetLTM,4,Q4,0.4226126056259057,0.30819913090706463,48
future_ret_6m,2019-12-31,FAC_rank_vol_m6_n12_pairwise1__x__CtrlRetLTM,5,High,0.5450753022880539,0.33254001916499637,48
future_ret_6m,2020-03-31,FAC_rank_vol_m6_n12_pairwise1__x__CtrlRetLTM,1,Low,0.07958459585314588,0.3994831248843525,50
future_ret_6m,2020-03-31,FAC_rank_vol_m6_n12_pairwise1__x__CtrlRetLTM,2,Q2,0.16212199635077848,0.40229729406643605,50
future_ret_6m,2020-03-31,FAC_rank_vol_m6_n12_pairwise1__x__CtrlRetLTM,3,Q3,0.23671100846575555,0.433194809437435,50
future_ret_6m,2020-03-31,FAC_rank_vol_m6_n12_pairwise1__x__CtrlRetLTM,4,Q4,0.30270128198148016,0.41264512500680284,50
future_ret_6m,2020-03-31,FAC_rank_vol_m6_n12_pairwise1__x__CtrlRetLTM,5,High,0.45573787936453053,0.4367238586099678,50
future_ret_6m,2020-06-30,FAC_rank_vol_m6_n12_pairwise1__x__CtrlRetLTM,1,Low,0.12662099047603753,0.3004346338169071,52
future_ret_6m,2020-06-30,FAC_rank_vol_m6_n12_pairwise1__x__CtrlRetLTM,2,Q2,0.22082088737675762,0.3125354707404972,51
future_ret_6m,2020-06-30,FAC_rank_vol_m6_n12_pairwise1__x__CtrlRetLTM,3,Q3,0.29503346287020965,0.3526228224017465,51
future_ret_6m,2020-06-30,FAC_rank_vol_m6_n12_pairwise1__x__CtrlRetLTM,4,Q4,0.38000248322828867,0.27406661032438323,51
future_ret_6m,2020-06-30,FAC_rank_vol_m6_n12_pairwise1__x__CtrlRetLTM,5,High,0.5714351649608884,0.21422881447798459,52
future_ret_6m,2020-09-30,FAC_rank_vol_m6_n12_pairwise1__x__CtrlRetLTM,1,Low,0.3810434753857706,0.1064186176159784,57
future_ret_6m,2020-09-30,FAC_rank_vol_m6_n12_pairwise1__x__CtrlRetLTM,2,Q2,0.5080849766520922,0.13703740645151247,57
future_ret_6m,2020-09-30,FAC_rank_vol_m6_n12_pairwise1__x__CtrlRetLTM,3,Q3,0.5843690547909448,0.12863076246114874,57
future_ret_6m,2020-09-30,FAC_rank_vol_m6_n12_pairwise1__x__CtrlRetLTM,4,Q4,0.664091210877855,0.10924531785416734,57
future_ret_6m,2020-09-30,FAC_rank_vol_m6_n12_pairwise1__x__CtrlRetLTM,5,High,0.8369786748044603,0.09873545503701817,57
future_ret_6m,2020-12-31,FAC_rank_vol_m6_n12_pairwise1__x__CtrlRetLTM,1,Low,0.28136909258206805,0.07821189066605176,62
future_ret_6m,2020-12-31,FAC_rank_vol_m6_n12_pairwise1__x__CtrlRetLTM,2,Q2,0.37464940598815294,0.08669175104480611,61
future_ret_6m,2020-12-31,FAC_rank_vol_m6_n12_pairwise1__x__CtrlRetLTM,3,Q3,0.432565786215083,0.09880951641263774,61
future_ret_6m,2020-12-31,FAC_rank_vol_m6_n12_pairwise1__x__CtrlRetLTM,4,Q4,0.49742043961759086,0.09470761742142686,61
future_ret_6m,2020-12-31,FAC_rank_vol_m6_n12_pairwise1__x__CtrlRetLTM,5,High,0.6447155164775261,0.11243626553054709,62
future_ret_6m,2021-03-31,FAC_rank_vol_m6_n12_pairwise1__x__CtrlRetLTM,1,Low,0.34919773646079233,0.11637117515805863,65
future_ret_6m,2021-03-31,FAC_rank_vol_m6_n12_pairwise1__x__CtrlRetLTM,2,Q2,0.4774804977765143,0.08201456922800081,64
future_ret_6m,2021-03-31,FAC_rank_vol_m6_n12_pairwise1__x__CtrlRetLTM,3,Q3,0.5637225688053346,0.0996256799723746,64
future_ret_6m,2021-03-31,FAC_rank_vol_m6_n12_pairwise1__x__CtrlRetLTM,4,Q4,0.6490252696126704,0.09022998424034906,64
future_ret_6m,2021-03-31,FAC_rank_vol_m6_n12_pairwise1__x__CtrlRetLTM,5,High,0.8784704681294598,0.09410279776007102,64
future_ret_6m,2021-06-30,FAC_rank_vol_m6_n12_pairwise1__x__CtrlRetLTM,1,Low,0.15609274719259975,0.020363391831704415,69
future_ret_6m,2021-06-30,FAC_rank_vol_m6_n12_pairwise1__x__CtrlRetLTM,2,Q2,0.2636896167071394,-0.023321340256847498,68
future_ret_6m,2021-06-30,FAC_rank_vol_m6_n12_pairwise1__x__CtrlRetLTM,3,Q3,0.33472276865760436,-0.007098562969839667,68
future_ret_6m,2021-06-30,FAC_rank_vol_m6_n12_pairwise1__x__CtrlRetLTM,4,Q4,0.40528912604490025,0.005261267926089268,68
future_ret_6m,2021-06-30,FAC_rank_vol_m6_n12_pairwise1__x__CtrlRetLTM,5,High,0.5882770280495094,-0.013281361573377374,69
future_ret_6m,2021-09-30,FAC_rank_vol_m6_n12_pairwise1__x__CtrlRetLTM,1,Low,0.011513724127169509,-0.15851605319989698,76
future_ret_6m,2021-09-30,FAC_rank_vol_m6_n12_pairwise1__x__CtrlRetLTM,2,Q2,0.10664395105440588,-0.1536223130502827,75
future_ret_6m,2021-09-30,FAC_rank_vol_m6_n12_pairwise1__x__CtrlRetLTM,3,Q3,0.17947633819376818,-0.13356631384472686,75
future_ret_6m,2021-09-30,FAC_rank_vol_m6_n12_pairwise1__x__CtrlRetLTM,4,Q4,0.2662890495414689,-0.13713663598428696,75
future_ret_6m,2021-09-30,FAC_rank_vol_m6_n12_pairwise1__x__CtrlRetLTM,5,High,0.534912462310305,-0.14368435229207446,76
future_ret_6m,2021-12-31,FAC_rank_vol_m6_n12_pairwise1__x__CtrlRetLTM,1,Low,-0.0758081543693494,-0.0904757247664902,78
future_ret_6m,2021-12-31,FAC_rank_vol_m6_n12_pairwise1__x__CtrlRetLTM,2,Q2,0.008584497548363856,-0.10075056547305482,78
future_ret_6m,2021-12-31,FAC_rank_vol_m6_n12_pairwise1__x__CtrlRetLTM,3,Q3,0.0763127118927478,-0.10942925850187213,77
future_ret_6m,2021-12-31,FAC_rank_vol_m6_n12_pairwise1__x__CtrlRetLTM,4,Q4,0.17079285835678965,-0.09646998719446091,78
future_ret_6m,2021-12-31,FAC_rank_vol_m6_n12_pairwise1__x__CtrlRetLTM,5,High,0.3607051610724688,-0.10367931059312038,78
future_ret_6m,2022-03-31,FAC_rank_vol_m6_n12_pairwise1__x__CtrlRetLTM,1,Low,-0.14762687793532608,-0.05841023885125972,84
future_ret_6m,2022-03-31,FAC_rank_vol_m6_n12_pairwise1__x__CtrlRetLTM,2,Q2,-0.06423305206327913,-0.050357259499429256,83
future_ret_6m,2022-03-31,FAC_rank_vol_m6_n12_pairwise1__x__CtrlRetLTM,3,Q3,0.010039060880542584,-0.05428304263550536,83
future_ret_6m,2022-03-31,FAC_rank_vol_m6_n12_pairwise1__x__CtrlRetLTM,4,Q4,0.10346598429014348,-0.041106234982931124,83
future_ret_6m,2022-03-31,FAC_rank_vol_m6_n12_pairwise1__x__CtrlRetLTM,5,High,0.2999166424934736,-0.03557173786616342,84
future_ret_6m,2022-06-30,FAC_rank_vol_m6_n12_pairwise1__x__CtrlRetLTM,1,Low,-0.31092520633879767,-0.1281289946277476,95
future_ret_6m,2022-06-30,FAC_rank_vol_m6_n12_pairwise1__x__CtrlRetLTM,2,Q2,-0.2247029179482793,-0.13107935198535725,95
future_ret_6m,2022-06-30,FAC_rank_vol_m6_n12_pairwise1__x__CtrlRetLTM,3,Q3,-0.17405407060791683,-0.12347725482648189,95
future_ret_6m,2022-06-30,FAC_rank_vol_m6_n12_pairwise1__x__CtrlRetLTM,4,Q4,-0.11596344998832867,-0.13189431427101284,95
future_ret_6m,2022-06-30,FAC_rank_vol_m6_n12_pairwise1__x__CtrlRetLTM,5,High,-0.002037871117434862,-0.09468706668248213,95
future_ret_6m,2008-06-30,FAC_rank_vol_m12_n6_pairwise1__x__CtrlRetLTM,1,Low,-0.03656590778474233,,2
future_ret_6m,2008-06-30,FAC_rank_vol_m12_n6_pairwise1__x__CtrlRetLTM,2,Q2,0.020924680229379027,,1
future_ret_6m,2008-06-30,FAC_rank_vol_m12_n6_pairwise1__x__CtrlRetLTM,3,Q3,0.03618720303153703,,2
future_ret_6m,2008-06-30,FAC_rank_vol_m12_n6_pairwise1__x__CtrlRetLTM,4,Q4,0.05049629776540448,,1
future_ret_6m,2008-06-30,FAC_rank_vol_m12_n6_pairwise1__x__CtrlRetLTM,5,High,0.054282465393159916,,2
future_ret_6m,2008-09-26,FAC_rank_vol_m12_n6_pairwise1__x__CtrlRetLTM,1,Low,-0.3905921639085007,,2
future_ret_6m,2008-09-26,FAC_rank_vol_m12_n6_pairwise1__x__CtrlRetLTM,2,Q2,-0.35372328455134683,,2
future_ret_6m,2008-09-26,FAC_rank_vol_m12_n6_pairwise1__x__CtrlRetLTM,3,Q3,-0.3200482717654087,,1
future_ret_6m,2008-09-26,FAC_rank_vol_m12_n6_pairwise1__x__CtrlRetLTM,4,Q4,-0.28940209649750026,,2
future_ret_6m,2008-09-26,FAC_rank_vol_m12_n6_pairwise1__x__CtrlRetLTM,5,High,-0.246661039166037,,2
future_ret_6m,2008-12-31,FAC_rank_vol_m12_n6_pairwise1__x__CtrlRetLTM,1,Low,-0.45652521819413816,,3
future_ret_6m,2008-12-31,FAC_rank_vol_m12_n6_pairwise1__x__CtrlRetLTM,2,Q2,-0.41482724444120267,,3
future_ret_6m,2008-12-31,FAC_rank_vol_m12_n6_pairwise1__x__CtrlRetLTM,3,Q3,-0.39212661011778316,,2
future_ret_6m,2008-12-31,FAC_rank_vol_m12_n6_pairwise1__x__CtrlRetLTM,4,Q4,-0.37971188416661583,,3
future_ret_6m,2008-12-31,FAC_rank_vol_m12_n6_pairwise1__x__CtrlRetLTM,5,High,-0.3580290765470979,,3
future_ret_6m,2009-03-31,FAC_rank_vol_m12_n6_pairwise1__x__CtrlRetLTM,1,Low,-0.29274812140262574,,3
future_ret_6m,2009-03-31,FAC_rank_vol_m12_n6_pairwise1__x__CtrlRetLTM,2,Q2,-0.26007714572925966,,3
future_ret_6m,2009-03-31,FAC_rank_vol_m12_n6_pairwise1__x__CtrlRetLTM,3,Q3,-0.23032359002064168,,2
future_ret_6m,2009-03-31,FAC_rank_vol_m12_n6_pairwise1__x__CtrlRetLTM,4,Q4,-0.21767819516082,,3
future_ret_6m,2009-03-31,FAC_rank_vol_m12_n6_pairwise1__x__CtrlRetLTM,5,High,-0.18542758807942908,,3
future_ret_6m,2009-06-30,FAC_rank_vol_m12_n6_pairwise1__x__CtrlRetLTM,1,Low,-0.06996972028345104,,4
future_ret_6m,2009-06-30,FAC_rank_vol_m12_n6_pairwise1__x__CtrlRetLTM,2,Q2,-0.011966326197316954,,4
future_ret_6m,2009-06-30,FAC_rank_vol_m12_n6_pairwise1__x__CtrlRetLTM,3,Q3,0.026678905051008346,,4
future_ret_6m,2009-06-30,FAC_rank_vol_m12_n6_pairwise1__x__CtrlRetLTM,4,Q4,0.04546963917940974,,4
future_ret_6m,2009-06-30,FAC_rank_vol_m12_n6_pairwise1__x__CtrlRetLTM,5,High,0.07972301774966017,,4
future_ret_6m,2009-09-30,FAC_rank_vol_m12_n6_pairwise1__x__CtrlRetLTM,1,Low,0.08730662998310385,0.11716543859429644,5
future_ret_6m,2009-09-30,FAC_rank_vol_m12_n6_pairwise1__x__CtrlRetLTM,2,Q2,0.15997057434234335,0.11674281089219507,5
future_ret_6m,2009-09-30,FAC_rank_vol_m12_n6_pairwise1__x__CtrlRetLTM,3,Q3,0.17981830964288537,,4
future_ret_6m,2009-09-30,FAC_rank_vol_m12_n6_pairwise1__x__CtrlRetLTM,4,Q4,0.20710073419633507,0.09847875779953016,5
future_ret_6m,2009-09-30,FAC_rank_vol_m12_n6_pairwise1__x__CtrlRetLTM,5,High,0.26988660236214956,0.13215039548658347,5
future_ret_6m,2009-12-31,FAC_rank_vol_m12_n6_pairwise1__x__CtrlRetLTM,1,Low,0.3735924937211119,-0.1704201503453202,5
future_ret_6m,2009-12-31,FAC_rank_vol_m12_n6_pairwise1__x__CtrlRetLTM,2,Q2,0.4940076366746385,-0.16971595982716958,5
future_ret_6m,2009-12-31,FAC_rank_vol_m12_n6_pairwise1__x__CtrlRetLTM,3,Q3,0.5586797909479184,-0.19608898326272034,5
future_ret_6m,2009-12-31,FAC_rank_vol_m12_n6_pairwise1__x__CtrlRetLTM,4,Q4,0.5938236927369301,-0.2142585590203546,5
future_ret_6m,2009-12-31,FAC_rank_vol_m12_n6_pairwise1__x__CtrlRetLTM,5,High,0.6876589808162376,-0.20771659377023638,5
future_ret_6m,2010-03-31,FAC_rank_vol_m12_n6_pairwise1__x__CtrlRetLTM,1,Low,0.15717570614902598,0.0014495414851087018,7
future_ret_6m,2010-03-31,FAC_rank_vol_m12_n6_pairwise1__x__CtrlRetLTM,2,Q2,0.2222015770559701,-0.013622958106305741,6
future_ret_6m,2010-03-31,FAC_rank_vol_m12_n6_pairwise1__x__CtrlRetLTM,3,Q3,0.24623403380709108,-0.018948806397675582,6
future_ret_6m,2010-03-31,FAC_rank_vol_m12_n6_pairwise1__x__CtrlRetLTM,4,Q4,0.27749239020866406,-0.023073685265295463,6
future_ret_6m,2010-03-31,FAC_rank_vol_m12_n6_pairwise1__x__CtrlRetLTM,5,High,0.3892812421980931,0.0062005764627550515,6
future_ret_6m,2010-06-30,FAC_rank_vol_m12_n6_pairwise1__x__CtrlRetLTM,1,Low,-0.0886333371622186,0.20646451472024596,8
future_ret_6m,2010-06-30,FAC_rank_vol_m12_n6_pairwise1__x__CtrlRetLTM,2,Q2,-0.04142488695660975,0.22778219156008864,7
future_ret_6m,2010-06-30,FAC_rank_vol_m12_n6_pairwise1__x__CtrlRetLTM,3,Q3,-0.017273193659619178,0.24909127499401468,7
future_ret_6m,2010-06-30,FAC_rank_vol_m12_n6_pairwise1__x__CtrlRetLTM,4,Q4,0.029142811391159613,0.3019739847901722,7
future_ret_6m,2010-06-30,FAC_rank_vol_m12_n6_pairwise1__x__CtrlRetLTM,5,High,0.08247751274907841,0.2844219123021052,8
future_ret_6m,2010-09-30,FAC_rank_vol_m12_n6_pairwise1__x__CtrlRetLTM,1,Low,-0.006051983735504352,0.0665236946524453,8
future_ret_6m,2010-09-30,FAC_rank_vol_m12_n6_pairwise1__x__CtrlRetLTM,2,Q2,0.04336634025013185,0.05791846777128451,8
future_ret_6m,2010-09-30,FAC_rank_vol_m12_n6_pairwise1__x__CtrlRetLTM,3,Q3,0.05942010372090477,0.05138353192938355,7
future_ret_6m,2010-09-30,FAC_rank_vol_m12_n6_pairwise1__x__CtrlRetLTM,4,Q4,0.08521325586796788,0.04162500859572703,8
future_ret_6m,2010-09-30,FAC_rank_vol_m12_n6_pairwise1__x__CtrlRetLTM,5,High,0.19239783243299674,0.004190428129856011,8
future_ret_6m,2010-12-31,FAC_rank_vol_m12_n6_pairwise1__x__CtrlRetLTM,1,Low,-0.09075577018722972,-0.03052998953528756,8
future_ret_6m,2010-12-31,FAC_rank_vol_m12_n6_pairwise1__x__CtrlRetLTM,2,Q2,-0.008643296480158703,-0.04036267973604223,8
future_ret_6m,2010-12-31,FAC_rank_vol_m12_n6_pairwise1__x__CtrlRetLTM,3,Q3,0.029188559722924057,-0.07336660620605964,8
future_ret_6m,2010-12-31,FAC_rank_vol_m12_n6_pairwise1__x__CtrlRetLTM,4,Q4,0.08044251170069763,-0.08967028758522941,8
future_ret_6m,2010-12-31,FAC_rank_vol_m12_n6_pairwise1__x__CtrlRetLTM,5,High,0.1721664379442464,-0.09247552185845981,8
future_ret_6m,2011-03-31,FAC_rank_vol_m12_n6_pairwise1__x__CtrlRetLTM,1,Low,-0.038728408419005336,-0.16062131341748365,8
future_ret_6m,2011-03-31,FAC_rank_vol_m12_n6_pairwise1__x__CtrlRetLTM,2,Q2,0.022292941380655105,-0.1587309594581712,7
future_ret_6m,2011-03-31,FAC_rank_vol_m12_n6_pairwise1__x__CtrlRetLTM,3,Q3,0.0641085570606672,-0.16312737864575583,8
future_ret_6m,2011-03-31,FAC_rank_vol_m12_n6_pairwise1__x__CtrlRetLTM,4,Q4,0.0959159460350321,-0.13691674217642116,7
future_ret_6m,2011-03-31,FAC_rank_vol_m12_n6_pairwise1__x__CtrlRetLTM,5,High,0.15406625772111687,-0.13956782064173612,8
future_ret_6m,2011-06-30,FAC_rank_vol_m12_n6_pairwise1__x__CtrlRetLTM,1,Low,0.035459866697970556,-0.18239977277544356,8
future_ret_6m,2011-06-30,FAC_rank_vol_m12_n6_pairwise1__x__CtrlRetLTM,2,Q2,0.08881783665354459,-0.17123605702023834,7
future_ret_6m,2011-06-30,FAC_rank_vol_m12_n6_pairwise1__x__CtrlRetLTM,3,Q3,0.12405390882837172,-0.19749668088160827,7
future_ret_6m,2011-06-30,FAC_rank_vol_m12_n6_pairwise1__x__CtrlRetLTM,4,Q4,0.15261641671780904,-0.18640496065773382,7
future_ret_6m,2011-06-30,FAC_rank_vol_m12_n6_pairwise1__x__CtrlRetLTM,5,High,0.19241401193987145,-0.18511660817464087,8
future_ret_6m,2011-09-30,FAC_rank_vol_m12_n6_pairwise1__x__CtrlRetLTM,1,Low,-0.07506469672840266,-0.08800854012814012,8
future_ret_6m,2011-09-30,FAC_rank_vol_m12_n6_pairwise1__x__CtrlRetLTM,2,Q2,-0.03282031942953102,-0.060314237389403655,7
future_ret_6m,2011-09-30,FAC_rank_vol_m12_n6_pairwise1__x__CtrlRetLTM,3,Q3,-0.00850269946235394,-0.034274098282517894,7
future_ret_6m,2011-09-30,FAC_rank_vol_m12_n6_pairwise1__x__CtrlRetLTM,4,Q4,0.02046781897508428,-0.06325401736822388,7
future_ret_6m,2011-09-30,FAC_rank_vol_m12_n6_pairwise1__x__CtrlRetLTM,5,High,0.052787075587819934,-0.06591599112559082,8
future_ret_6m,2011-12-30,FAC_rank_vol_m12_n6_pairwise1__x__CtrlRetLTM,1,Low,-0.1906995335620144,0.03642734403339604,9
future_ret_6m,2011-12-30,FAC_rank_vol_m12_n6_pairwise1__x__CtrlRetLTM,2,Q2,-0.15927805041420245,0.06399304781194373,8
future_ret_6m,2011-12-30,FAC_rank_vol_m12_n6_pairwise1__x__CtrlRetLTM,3,Q3,-0.1318414697797522,0.04374195925784122,9
future_ret_6m,2011-12-30,FAC_rank_vol_m12_n6_pairwise1__x__CtrlRetLTM,4,Q4,-0.11110327430665308,0.041097460354216686,8
future_ret_6m,2011-12-30,FAC_rank_vol_m12_n6_pairwise1__x__CtrlRetLTM,5,High,-0.07528006983354031,0.05566973521256777,9
future_ret_6m,2012-03-30,FAC_rank_vol_m12_n6_pairwise1__x__CtrlRetLTM,1,Low,-0.1865781856768526,-0.00040514637732261825,10
future_ret_6m,2012-03-30,FAC_rank_vol_m12_n6_pairwise1__x__CtrlRetLTM,2,Q2,-0.14447246044403367,-0.0019139676903275277,9
future_ret_6m,2012-03-30,FAC_rank_vol_m12_n6_pairwise1__x__CtrlRetLTM,3,Q3,-0.12936463294508938,-0.001025236438744871,9
future_ret_6m,2012-03-30,FAC_rank_vol_m12_n6_pairwise1__x__CtrlRetLTM,4,Q4,-0.10553619768646841,0.002356374836465965,9
future_ret_6m,2012-03-30,FAC_rank_vol_m12_n6_pairwise1__x__CtrlRetLTM,5,High,-0.06893816468375469,3.409971992602351e-05,9
future_ret_6m,2012-06-29,FAC_rank_vol_m12_n6_pairwise1__x__CtrlRetLTM,1,Low,-0.14091741015275935,-0.007439029489282966,10
future_ret_6m,2012-06-29,FAC_rank_vol_m12_n6_pairwise1__x__CtrlRetLTM,2,Q2,-0.10103742059679685,-0.0016449479419379577,10
future_ret_6m,2012-06-29,FAC_rank_vol_m12_n6_pairwise1__x__CtrlRetLTM,3,Q3,-0.08617699951400953,0.03485805984893345,9
future_ret_6m,2012-06-29,FAC_rank_vol_m12_n6_pairwise1__x__CtrlRetLTM,4,Q4,-0.0640616938951128,0.026767259575381397,10
future_ret_6m,2012-06-29,FAC_rank_vol_m12_n6_pairwise1__x__CtrlRetLTM,5,High,-0.0399207178589863,0.002410381405015494,10
future_ret_6m,2012-09-28,FAC_rank_vol_m12_n6_pairwise1__x__CtrlRetLTM,1,Low,-0.13962540161801282,0.07494167496813345,11
future_ret_6m,2012-09-28,FAC_rank_vol_m12_n6_pairwise1__x__CtrlRetLTM,2,Q2,-0.09103530913240146,0.09967805947074634,10
future_ret_6m,2012-09-28,FAC_rank_vol_m12_n6_pairwise1__x__CtrlRetLTM,3,Q3,-0.06958222921766477,0.11439302209271358,10
future_ret_6m,2012-09-28,FAC_rank_vol_m12_n6_pairwise1__x__CtrlRetLTM,4,Q4,-0.033940580621378114,0.1156244070486742,10
future_ret_6m,2012-09-28,FAC_rank_vol_m12_n6_pairwise1__x__CtrlRetLTM,5,High,0.0024319089742005327,0.11759957747850769,10
future_ret_6m,2012-12-31,FAC_rank_vol_m12_n6_pairwise1__x__CtrlRetLTM,1,Low,-0.11587857355103838,0.026284076319146907,13
future_ret_6m,2012-12-31,FAC_rank_vol_m12_n6_pairwise1__x__CtrlRetLTM,2,Q2,-0.0720793877867348,0.06024400351578719,12
future_ret_6m,2012-12-31,FAC_rank_vol_m12_n6_pairwise1__x__CtrlRetLTM,3,Q3,-0.04281777945018895,0.033237708634286434,12
future_ret_6m,2012-12-31,FAC_rank_vol_m12_n6_pairwise1__x__CtrlRetLTM,4,Q4,-0.018944956421765486,0.026834812483341325,12
future_ret_6m,2012-12-31,FAC_rank_vol_m12_n6_pairwise1__x__CtrlRetLTM,5,High,0.02270612453101311,0.07549947586057475,13
future_ret_6m,2013-03-29,FAC_rank_vol_m12_n6_pairwise1__x__CtrlRetLTM,1,Low,0.028784913161572428,0.06615111273523036,14
future_ret_6m,2013-03-29,FAC_rank_vol_m12_n6_pairwise1__x__CtrlRetLTM,2,Q2,0.07473109171453866,0.09636474796908388,14
future_ret_6m,2013-03-29,FAC_rank_vol_m12_n6_pairwise1__x__CtrlRetLTM,3,Q3,0.10248257496228079,0.19528340346323608,13
future_ret_6m,2013-03-29,FAC_rank_vol_m12_n6_pairwise1__x__CtrlRetLTM,4,Q4,0.13005978156562323,0.11884018736709677,14
future_ret_6m,2013-03-29,FAC_rank_vol_m12_n6_pairwise1__x__CtrlRetLTM,5,High,0.19592958835803403,0.21015029196313048,14
future_ret_6m,2013-06-28,FAC_rank_vol_m12_n6_pairwise1__x__CtrlRetLTM,1,Low,0.04734632487078645,0.08641170742506399,16
future_ret_6m,2013-06-28,FAC_rank_vol_m12_n6_pairwise1__x__CtrlRetLTM,2,Q2,0.08896113147071491,0.10684604501287201,16
future_ret_6m,2013-06-28,FAC_rank_vol_m12_n6_pairwise1__x__CtrlRetLTM,3,Q3,0.1161112455559991,0.09028218402554311,16
future_ret_6m,2013-06-28,FAC_rank_vol_m12_n6_pairwise1__x__CtrlRetLTM,4,Q4,0.1672400319047568,0.10515234538412253,16
future_ret_6m,2013-06-28,FAC_rank_vol_m12_n6_pairwise1__x__CtrlRetLTM,5,High,0.29166601565528805,0.13163189378819878,16
future_ret_6m,2013-09-30,FAC_rank_vol_m12_n6_pairwise1__x__CtrlRetLTM,1,Low,0.030539721332565804,-0.07864138144485487,17
future_ret_6m,2013-09-30,FAC_rank_vol_m12_n6_pairwise1__x__CtrlRetLTM,2,Q2,0.09832073369678203,-0.061098509335973286,17
future_ret_6m,2013-09-30,FAC_rank_vol_m12_n6_pairwise1__x__CtrlRetLTM,3,Q3,0.13311686972214212,-0.06161707401134359,17
future_ret_6m,2013-09-30,FAC_rank_vol_m12_n6_pairwise1__x__CtrlRetLTM,4,Q4,0.18220126208937362,-0.08899752813911962,17
future_ret_6m,2013-09-30,FAC_rank_vol_m12_n6_pairwise1__x__CtrlRetLTM,5,High,0.3154804174430577,-0.10221060419533635,17
future_ret_6m,2013-12-31,FAC_rank_vol_m12_n6_pairwise1__x__CtrlRetLTM,1,Low,0.0014824528829888016,-0.047939981503148814,19
future_ret_6m,2013-12-31,FAC_rank_vol_m12_n6_pairwise1__x__CtrlRetLTM,2,Q2,0.09105361059237732,-0.0027161975310697937,18
future_ret_6m,2013-12-31,FAC_rank_vol_m12_n6_pairwise1__x__CtrlRetLTM,3,Q3,0.1443305466202111,-0.002810627797375077,18
future_ret_6m,2013-12-31,FAC_rank_vol_m12_n6_pairwise1__x__CtrlRetLTM,4,Q4,0.20164623915178068,-0.014040623837935992,18
future_ret_6m,2013-12-31,FAC_rank_vol_m12_n6_pairwise1__x__CtrlRetLTM,5,High,0.36363827384976805,-0.0055452004008433205,18
future_ret_6m,2014-03-31,FAC_rank_vol_m12_n6_pairwise1__x__CtrlRetLTM,1,Low,-0.029389190525381692,0.14840820069394642,18
future_ret_6m,2014-03-31,FAC_rank_vol_m12_n6_pairwise1__x__CtrlRetLTM,2,Q2,0.032438199190324556,0.16057468333571082,17
future_ret_6m,2014-03-31,FAC_rank_vol_m12_n6_pairwise1__x__CtrlRetLTM,3,Q3,0.0705399355670251,0.18352562557270125,18
future_ret_6m,2014-03-31,FAC_rank_vol_m12_n6_pairwise1__x__CtrlRetLTM,4,Q4,0.13192802238096976,0.18256472024297032,17
future_ret_6m,2014-03-31,FAC_rank_vol_m12_n6_pairwise1__x__CtrlRetLTM,5,High,0.26400141502752056,0.20200677995267735,18
future_ret_6m,2014-06-30,FAC_rank_vol_m12_n6_pairwise1__x__CtrlRetLTM,1,Low,-0.06512022736757678,0.274446255800806,19
future_ret_6m,2014-06-30,FAC_rank_vol_m12_n6_pairwise1__x__CtrlRetLTM,2,Q2,-0.004288051201423046,0.19672357127628337,19
future_ret_6m,2014-06-30,FAC_rank_vol_m12_n6_pairwise1__x__CtrlRetLTM,3,Q3,0.03619746199002871,0.2629607478743524,18
future_ret_6m,2014-06-30,FAC_rank_vol_m12_n6_pairwise1__x__CtrlRetLTM,4,Q4,0.08956314843589191,0.27417098173260607,19
future_ret_6m,2014-06-30,FAC_rank_vol_m12_n6_pairwise1__x__CtrlRetLTM,5,High,0.1575300893792486,0.2373857005360531,19
future_ret_6m,2014-09-30,FAC_rank_vol_m12_n6_pairwise1__x__CtrlRetLTM,1,Low,-0.0912953228777691,0.4574797961197432,19
future_ret_6m,2014-09-30,FAC_rank_vol_m12_n6_pairwise1__x__CtrlRetLTM,2,Q2,-0.021279388640098734,0.4278093751261186,19
future_ret_6m,2014-09-30,FAC_rank_vol_m12_n6_pairwise1__x__CtrlRetLTM,3,Q3,0.010809068145522847,0.46649829812498556,18
future_ret_6m,2014-09-30,FAC_rank_vol_m12_n6_pairwise1__x__CtrlRetLTM,4,Q4,0.049676673344527945,0.5072105875581779,19
future_ret_6m,2014-09-30,FAC_rank_vol_m12_n6_pairwise1__x__CtrlRetLTM,5,High,0.1719394856537868,0.47171872644492446,19
future_ret_6m,2014-12-31,FAC_rank_vol_m12_n6_pairwise1__x__CtrlRetLTM,1,Low,0.033465817223910545,0.5232317403341625,17
future_ret_6m,2014-12-31,FAC_rank_vol_m12_n6_pairwise1__x__CtrlRetLTM,2,Q2,0.08942590631906042,0.5727661126495966,16
future_ret_6m,2014-12-31,FAC_rank_vol_m12_n6_pairwise1__x__CtrlRetLTM,3,Q3,0.13835200011363719,0.5344621617906469,16
future_ret_6m,2014-12-31,FAC_rank_vol_m12_n6_pairwise1__x__CtrlRetLTM,4,Q4,0.20112691557167514,0.6385388371505343,16
future_ret_6m,2014-12-31,FAC_rank_vol_m12_n6_pairwise1__x__CtrlRetLTM,5,High,0.34234649500998865,0.6254634220088932,16
future_ret_6m,2015-03-31,FAC_rank_vol_m12_n6_pairwise1__x__CtrlRetLTM,1,Low,0.24674702461015138,-0.10572988937126852,15
future_ret_6m,2015-03-31,FAC_rank_vol_m12_n6_pairwise1__x__CtrlRetLTM,2,Q2,0.3185620204526715,-0.12641336908001471,14
future_ret_6m,2015-03-31,FAC_rank_vol_m12_n6_pairwise1__x__CtrlRetLTM,3,Q3,0.3678986993217258,-0.14458426693298862,14
future_ret_6m,2015-03-31,FAC_rank_vol_m12_n6_pairwise1__x__CtrlRetLTM,4,Q4,0.4237449144218589,-0.10955317844388619,14
future_ret_6m,2015-03-31,FAC_rank_vol_m12_n6_pairwise1__x__CtrlRetLTM,5,High,0.574679122668913,-0.13078282560663132,14
future_ret_6m,2015-06-30,FAC_rank_vol_m12_n6_pairwise1__x__CtrlRetLTM,1,Low,0.79189177320679,-0.05271756585333122,10
future_ret_6m,2015-06-30,FAC_rank_vol_m12_n6_pairwise1__x__CtrlRetLTM,2,Q2,0.9075631346112234,-0.03406325947129485,10
future_ret_6m,2015-06-30,FAC_rank_vol_m12_n6_pairwise1__x__CtrlRetLTM,3,Q3,1.0598904466759806,-0.013991101502652837,10
future_ret_6m,2015-06-30,FAC_rank_vol_m12_n6_pairwise1__x__CtrlRetLTM,4,Q4,1.215979673002312,-0.04680949353226691,10
future_ret_6m,2015-06-30,FAC_rank_vol_m12_n6_pairwise1__x__CtrlRetLTM,5,High,1.5188796908189768,-0.0753782387676519,10
future_ret_6m,2015-09-30,FAC_rank_vol_m12_n6_pairwise1__x__CtrlRetLTM,1,Low,0.09962294645269323,0.10147414534153247,10
future_ret_6m,2015-09-30,FAC_rank_vol_m12_n6_pairwise1__x__CtrlRetLTM,2,Q2,0.1796510972397247,0.08011352959370385,9
future_ret_6m,2015-09-30,FAC_rank_vol_m12_n6_pairwise1__x__CtrlRetLTM,3,Q3,0.22835727696216335,0.09418740651587451,9
future_ret_6m,2015-09-30,FAC_rank_vol_m12_n6_pairwise1__x__CtrlRetLTM,4,Q4,0.3305784079332583,0.0837081313765384,9
future_ret_6m,2015-09-30,FAC_rank_vol_m12_n6_pairwise1__x__CtrlRetLTM,5,High,0.4402297467795536,0.08032220350976264,10
future_ret_6m,2015-12-31,FAC_rank_vol_m12_n6_pairwise1__x__CtrlRetLTM,1,Low,0.20391214043542719,-0.1256860272151541,11
future_ret_6m,2015-12-31,FAC_rank_vol_m12_n6_pairwise1__x__CtrlRetLTM,2,Q2,0.33592746092268067,-0.10220532782131833,10
future_ret_6m,2015-12-31,FAC_rank_vol_m12_n6_pairwise1__x__CtrlRetLTM,3,Q3,0.4149165880419461,-0.1537538871023873,10
future_ret_6m,2015-12-31,FAC_rank_vol_m12_n6_pairwise1__x__CtrlRetLTM,4,Q4,0.4700464920249033,-0.14054438448109188,10
future_ret_6m,2015-12-31,FAC_rank_vol_m12_n6_pairwise1__x__CtrlRetLTM,5,High,0.5766235382322539,-0.13514005555352807,11
future_ret_6m,2016-03-31,FAC_rank_vol_m12_n6_pairwise1__x__CtrlRetLTM,1,Low,-0.2040145437984307,0.05212515953208323,13
future_ret_6m,2016-03-31,FAC_rank_vol_m12_n6_pairwise1__x__CtrlRetLTM,2,Q2,-0.16347475510579318,0.02051251530091766,12
future_ret_6m,2016-03-31,FAC_rank_vol_m12_n6_pairwise1__x__CtrlRetLTM,3,Q3,-0.13155684346672816,0.04694731339238258,12
future_ret_6m,2016-03-31,FAC_rank_vol_m12_n6_pairwise1__x__CtrlRetLTM,4,Q4,-0.08909563319722218,0.08549247162783419,12
future_ret_6m,2016-03-31,FAC_rank_vol_m12_n6_pairwise1__x__CtrlRetLTM,5,High,-0.002057208834646543,0.04438169993298421,12
future_ret_6m,2016-06-30,FAC_rank_vol_m12_n6_pairwise1__x__CtrlRetLTM,1,Low,-0.2542848937831617,-0.03091568053120209,13
future_ret_6m,2016-06-30,FAC_rank_vol_m12_n6_pairwise1__x__CtrlRetLTM,2,Q2,-0.1887221230738387,-0.033430458623235224,13
future_ret_6m,2016-06-30,FAC_rank_vol_m12_n6_pairwise1__x__CtrlRetLTM,3,Q3,-0.16180022725576323,-0.0013366464392778794,12
future_ret_6m,2016-06-30,FAC_rank_vol_m12_n6_pairwise1__x__CtrlRetLTM,4,Q4,-0.12398911990292939,0.021804587060680558,13
future_ret_6m,2016-06-30,FAC_rank_vol_m12_n6_pairwise1__x__CtrlRetLTM,5,High,-0.04960856400114608,0.005344000198314705,13
future_ret_6m,2016-09-30,FAC_rank_vol_m12_n6_pairwise1__x__CtrlRetLTM,1,Low,0.034461708010597926,-0.0006990806902066485,14
future_ret_6m,2016-09-30,FAC_rank_vol_m12_n6_pairwise1__x__CtrlRetLTM,2,Q2,0.06710643676279825,0.010542612936223418,13
future_ret_6m,2016-09-30,FAC_rank_vol_m12_n6_pairwise1__x__CtrlRetLTM,3,Q3,0.1255122641578336,-0.005052245768852136,14
future_ret_6m,2016-09-30,FAC_rank_vol_m12_n6_pairwise1__x__CtrlRetLTM,4,Q4,0.15573143375345275,0.0014337021473966787,13
future_ret_6m,2016-09-30,FAC_rank_vol_m12_n6_pairwise1__x__CtrlRetLTM,5,High,0.2485788563165969,0.02479081900847544,14
future_ret_6m,2016-12-30,FAC_rank_vol_m12_n6_pairwise1__x__CtrlRetLTM,1,Low,-0.16519012028947394,0.018964158713722406,15
future_ret_6m,2016-12-30,FAC_rank_vol_m12_n6_pairwise1__x__CtrlRetLTM,2,Q2,-0.11526296508396441,0.07274356140830386,15
future_ret_6m,2016-12-30,FAC_rank_vol_m12_n6_pairwise1__x__CtrlRetLTM,3,Q3,-0.08941184278765194,0.08200296821047606,14
future_ret_6m,2016-12-30,FAC_rank_vol_m12_n6_pairwise1__x__CtrlRetLTM,4,Q4,-0.04451771493457209,0.11439558965240879,15
future_ret_6m,2016-12-30,FAC_rank_vol_m12_n6_pairwise1__x__CtrlRetLTM,5,High,0.030469255159473144,0.04571484612038916,15
future_ret_6m,2017-03-31,FAC_rank_vol_m12_n6_pairwise1__x__CtrlRetLTM,1,Low,-0.058648568245274306,0.0587796330513402,16
future_ret_6m,2017-03-31,FAC_rank_vol_m12_n6_pairwise1__x__CtrlRetLTM,2,Q2,0.01917502603485746,0.09601208685332582,15
future_ret_6m,2017-03-31,FAC_rank_vol_m12_n6_pairwise1__x__CtrlRetLTM,3,Q3,0.048053028494557795,0.11197094699757165,15
future_ret_6m,2017-03-31,FAC_rank_vol_m12_n6_pairwise1__x__CtrlRetLTM,4,Q4,0.0786211045632938,0.10327241418855874,15
future_ret_6m,2017-03-31,FAC_rank_vol_m12_n6_pairwise1__x__CtrlRetLTM,5,High,0.14889233223479897,0.08970613078933001,15
future_ret_6m,2017-06-30,FAC_rank_vol_m12_n6_pairwise1__x__CtrlRetLTM,1,Low,-0.1332527340960127,0.0537194317740885,19
future_ret_6m,2017-06-30,FAC_rank_vol_m12_n6_pairwise1__x__CtrlRetLTM,2,Q2,-0.04136024842304217,0.07804201361974131,18
future_ret_6m,2017-06-30,FAC_rank_vol_m12_n6_pairwise1__x__CtrlRetLTM,3,Q3,-0.006538031886074972,0.10747183179497058,19
future_ret_6m,2017-06-30,FAC_rank_vol_m12_n6_pairwise1__x__CtrlRetLTM,4,Q4,0.04048282260583455,0.10208074471186289,18
future_ret_6m,2017-06-30,FAC_rank_vol_m12_n6_pairwise1__x__CtrlRetLTM,5,High,0.12974856429682052,0.13426956440795199,19
future_ret_6m,2017-09-29,FAC_rank_vol_m12_n6_pairwise1__x__CtrlRetLTM,1,Low,-0.04729548200774866,-0.010189450354454843,27
future_ret_6m,2017-09-29,FAC_rank_vol_m12_n6_pairwise1__x__CtrlRetLTM,2,Q2,0.01833347107785903,0.009426095522983256,27
future_ret_6m,2017-09-29,FAC_rank_vol_m12_n6_pairwise1__x__CtrlRetLTM,3,Q3,0.055112920572529984,0.008600834533631726,26
future_ret_6m,2017-09-29,FAC_rank_vol_m12_n6_pairwise1__x__CtrlRetLTM,4,Q4,0.10912896489953842,0.013790962640871453,27
future_ret_6m,2017-09-29,FAC_rank_vol_m12_n6_pairwise1__x__CtrlRetLTM,5,High,0.19687414215807106,0.02991657933087115,27
future_ret_6m,2017-12-29,FAC_rank_vol_m12_n6_pairwise1__x__CtrlRetLTM,1,Low,-0.027268993534632635,-0.06299973965441856,36
future_ret_6m,2017-12-29,FAC_rank_vol_m12_n6_pairwise1__x__CtrlRetLTM,2,Q2,0.05523169571758393,-0.08714942610134065,35
future_ret_6m,2017-12-29,FAC_rank_vol_m12_n6_pairwise1__x__CtrlRetLTM,3,Q3,0.11390581839572489,-0.11236780207728962,35
future_ret_6m,2017-12-29,FAC_rank_vol_m12_n6_pairwise1__x__CtrlRetLTM,4,Q4,0.16897087097263908,-0.08482266842175407,35
future_ret_6m,2017-12-29,FAC_rank_vol_m12_n6_pairwise1__x__CtrlRetLTM,5,High,0.27446028181067894,-0.0826499543046788,36
future_ret_6m,2018-03-30,FAC_rank_vol_m12_n6_pairwise1__x__CtrlRetLTM,1,Low,-0.058647085578346136,-0.16107817534970362,38
future_ret_6m,2018-03-30,FAC_rank_vol_m12_n6_pairwise1__x__CtrlRetLTM,2,Q2,0.03194928488953517,-0.14945120370370316,38
future_ret_6m,2018-03-30,FAC_rank_vol_m12_n6_pairwise1__x__CtrlRetLTM,3,Q3,0.08014530717428335,-0.15491163979732656,37
future_ret_6m,2018-03-30,FAC_rank_vol_m12_n6_pairwise1__x__CtrlRetLTM,4,Q4,0.1428343918956921,-0.13798939925211987,38
future_ret_6m,2018-03-30,FAC_rank_vol_m12_n6_pairwise1__x__CtrlRetLTM,5,High,0.2401402312076033,-0.12421772583994657,38
future_ret_6m,2018-06-29,FAC_rank_vol_m12_n6_pairwise1__x__CtrlRetLTM,1,Low,-0.06269362261285552,-0.18594253129396268,41
future_ret_6m,2018-06-29,FAC_rank_vol_m12_n6_pairwise1__x__CtrlRetLTM,2,Q2,0.010037561542382865,-0.17147119259927993,40
future_ret_6m,2018-06-29,FAC_rank_vol_m12_n6_pairwise1__x__CtrlRetLTM,3,Q3,0.04122899715910113,-0.17178157946146577,40
future_ret_6m,2018-06-29,FAC_rank_vol_m12_n6_pairwise1__x__CtrlRetLTM,4,Q4,0.08289318662950822,-0.17197430959585466,40
future_ret_6m,2018-06-29,FAC_rank_vol_m12_n6_pairwise1__x__CtrlRetLTM,5,High,0.17007961136369415,-0.19536938783067703,41
future_ret_6m,2018-09-28,FAC_rank_vol_m12_n6_pairwise1__x__CtrlRetLTM,1,Low,-0.1998448872904125,0.128379743861011,44
future_ret_6m,2018-09-28,FAC_rank_vol_m12_n6_pairwise1__x__CtrlRetLTM,2,Q2,-0.14062966934138926,0.13850029782861908,43
future_ret_6m,2018-09-28,FAC_rank_vol_m12_n6_pairwise1__x__CtrlRetLTM,3,Q3,-0.09862953576287632,0.13261745492339116,43
future_ret_6m,2018-09-28,FAC_rank_vol_m12_n6_pairwise1__x__CtrlRetLTM,4,Q4,-0.05979828892884194,0.13294899406908536,43
future_ret_6m,2018-09-28,FAC_rank_vol_m12_n6_pairwise1__x__CtrlRetLTM,5,High,0.006665556990464061,0.12081943347631521,43
future_ret_6m,2018-12-28,FAC_rank_vol_m12_n6_pairwise1__x__CtrlRetLTM,1,Low,-0.27127701654122355,0.2669922528613434,44
future_ret_6m,2018-12-28,FAC_rank_vol_m12_n6_pairwise1__x__CtrlRetLTM,2,Q2,-0.20416808762911212,0.2578054623809656,43
future_ret_6m,2018-12-28,FAC_rank_vol_m12_n6_pairwise1__x__CtrlRetLTM,3,Q3,-0.16699865484005894,0.27901751226886023,43
future_ret_6m,2018-12-28,FAC_rank_vol_m12_n6_pairwise1__x__CtrlRetLTM,4,Q4,-0.13755208301812302,0.26742581590165393,43
future_ret_6m,2018-12-28,FAC_rank_vol_m12_n6_pairwise1__x__CtrlRetLTM,5,High,-0.08123033118250216,0.23005899051584125,43
future_ret_6m,2019-03-29,FAC_rank_vol_m12_n6_pairwise1__x__CtrlRetLTM,1,Low,-0.17027584247576905,0.04957090167365148,43
future_ret_6m,2019-03-29,FAC_rank_vol_m12_n6_pairwise1__x__CtrlRetLTM,2,Q2,-0.10678728611322676,0.07239480489086436,42
future_ret_6m,2019-03-29,FAC_rank_vol_m12_n6_pairwise1__x__CtrlRetLTM,3,Q3,-0.07329703957809791,0.07580458245169823,43
future_ret_6m,2019-03-29,FAC_rank_vol_m12_n6_pairwise1__x__CtrlRetLTM,4,Q4,-0.04163515581444092,0.052711472908151556,42
future_ret_6m,2019-03-29,FAC_rank_vol_m12_n6_pairwise1__x__CtrlRetLTM,5,High,0.007327071267414139,0.070489439292716,43
future_ret_6m,2019-06-28,FAC_rank_vol_m12_n6_pairwise1__x__CtrlRetLTM,1,Low,-0.08784811924503849,0.2075868993066126,44
future_ret_6m,2019-06-28,FAC_rank_vol_m12_n6_pairwise1__x__CtrlRetLTM,2,Q2,-0.038337244147968935,0.19256311448656274,44
future_ret_6m,2019-06-28,FAC_rank_vol_m12_n6_pairwise1__x__CtrlRetLTM,3,Q3,-0.009158053939901538,0.18744798928118292,43
future_ret_6m,2019-06-28,FAC_rank_vol_m12_n6_pairwise1__x__CtrlRetLTM,4,Q4,0.019538949394529073,0.16881796161822332,44
future_ret_6m,2019-06-28,FAC_rank_vol_m12_n6_pairwise1__x__CtrlRetLTM,5,High,0.08741314626979747,0.16850473171470778,44
future_ret_6m,2019-09-30,FAC_rank_vol_m12_n6_pairwise1__x__CtrlRetLTM,1,Low,0.05359237784943536,0.06772186372918321,44
future_ret_6m,2019-09-30,FAC_rank_vol_m12_n6_pairwise1__x__CtrlRetLTM,2,Q2,0.10599496456181723,0.09686481171749718,44
future_ret_6m,2019-09-30,FAC_rank_vol_m12_n6_pairwise1__x__CtrlRetLTM,3,Q3,0.14124341270083043,0.11987509357792807,44
future_ret_6m,2019-09-30,FAC_rank_vol_m12_n6_pairwise1__x__CtrlRetLTM,4,Q4,0.18606851180751988,0.12597239527762952,44
future_ret_6m,2019-09-30,FAC_rank_vol_m12_n6_pairwise1__x__CtrlRetLTM,5,High,0.2744860492559391,0.10544985636989136,44
future_ret_6m,2019-12-31,FAC_rank_vol_m12_n6_pairwise1__x__CtrlRetLTM,1,Low,0.16764480387600342,0.17777908890986713,48
future_ret_6m,2019-12-31,FAC_rank_vol_m12_n6_pairwise1__x__CtrlRetLTM,2,Q2,0.25383015193083464,0.24401535393277274,48
future_ret_6m,2019-12-31,FAC_rank_vol_m12_n6_pairwise1__x__CtrlRetLTM,3,Q3,0.3124572353092202,0.27652259140289476,47
future_ret_6m,2019-12-31,FAC_rank_vol_m12_n6_pairwise1__x__CtrlRetLTM,4,Q4,0.37091893810472043,0.3125211339577037,48
future_ret_6m,2019-12-31,FAC_rank_vol_m12_n6_pairwise1__x__CtrlRetLTM,5,High,0.46346065378191154,0.3376354667361087,48
future_ret_6m,2020-03-31,FAC_rank_vol_m12_n6_pairwise1__x__CtrlRetLTM,1,Low,0.07110805556489297,0.40385155107264104,50
future_ret_6m,2020-03-31,FAC_rank_vol_m12_n6_pairwise1__x__CtrlRetLTM,2,Q2,0.14280475596738662,0.40159497343852896,50
future_ret_6m,2020-03-31,FAC_rank_vol_m12_n6_pairwise1__x__CtrlRetLTM,3,Q3,0.21241874314230272,0.4339559240705324,50
future_ret_6m,2020-03-31,FAC_rank_vol_m12_n6_pairwise1__x__CtrlRetLTM,4,Q4,0.27720744986652796,0.413870881801181,50
future_ret_6m,2020-03-31,FAC_rank_vol_m12_n6_pairwise1__x__CtrlRetLTM,5,High,0.40918520968050826,0.43107088162211077,50
future_ret_6m,2020-06-30,FAC_rank_vol_m12_n6_pairwise1__x__CtrlRetLTM,1,Low,0.11220731860330051,0.30216907377488833,52
future_ret_6m,2020-06-30,FAC_rank_vol_m12_n6_pairwise1__x__CtrlRetLTM,2,Q2,0.1959287737816786,0.323935327442136,51
future_ret_6m,2020-06-30,FAC_rank_vol_m12_n6_pairwise1__x__CtrlRetLTM,3,Q3,0.2634136903241095,0.32968524027331836,51
future_ret_6m,2020-06-30,FAC_rank_vol_m12_n6_pairwise1__x__CtrlRetLTM,4,Q4,0.34564885184407057,0.26930078933163437,51
future_ret_6m,2020-06-30,FAC_rank_vol_m12_n6_pairwise1__x__CtrlRetLTM,5,High,0.5098391325179347,0.22848439120070418,52
future_ret_6m,2020-09-30,FAC_rank_vol_m12_n6_pairwise1__x__CtrlRetLTM,1,Low,0.3401474523185723,0.11930790604452804,57
future_ret_6m,2020-09-30,FAC_rank_vol_m12_n6_pairwise1__x__CtrlRetLTM,2,Q2,0.4376148716029599,0.13188641013956176,57
future_ret_6m,2020-09-30,FAC_rank_vol_m12_n6_pairwise1__x__CtrlRetLTM,3,Q3,0.5087262072795585,0.10984837130510099,57
future_ret_6m,2020-09-30,FAC_rank_vol_m12_n6_pairwise1__x__CtrlRetLTM,4,Q4,0.5905168696898679,0.11720916000446026,57
future_ret_6m,2020-09-30,FAC_rank_vol_m12_n6_pairwise1__x__CtrlRetLTM,5,High,0.7360959575928054,0.10181571192617402,57
future_ret_6m,2020-12-31,FAC_rank_vol_m12_n6_pairwise1__x__CtrlRetLTM,1,Low,0.2426490531072375,0.07868233778744094,62
future_ret_6m,2020-12-31,FAC_rank_vol_m12_n6_pairwise1__x__CtrlRetLTM,2,Q2,0.3251017184085977,0.08167327818695798,61
future_ret_6m,2020-12-31,FAC_rank_vol_m12_n6_pairwise1__x__CtrlRetLTM,3,Q3,0.3717042739704742,0.10888330575361023,61
future_ret_6m,2020-12-31,FAC_rank_vol_m12_n6_pairwise1__x__CtrlRetLTM,4,Q4,0.43880666897770837,0.09662399862601645,61
future_ret_6m,2020-12-31,FAC_rank_vol_m12_n6_pairwise1__x__CtrlRetLTM,5,High,0.564021725392534,0.10510656745834258,62
future_ret_6m,2021-03-31,FAC_rank_vol_m12_n6_pairwise1__x__CtrlRetLTM,1,Low,0.29824404684729106,0.1043960684217867,65
future_ret_6m,2021-03-31,FAC_rank_vol_m12_n6_pairwise1__x__CtrlRetLTM,2,Q2,0.42285321366873885,0.1026836249424147,64
future_ret_6m,2021-03-31,FAC_rank_vol_m12_n6_pairwise1__x__CtrlRetLTM,3,Q3,0.508322726792004,0.09289603572197887,64
future_ret_6m,2021-03-31,FAC_rank_vol_m12_n6_pairwise1__x__CtrlRetLTM,4,Q4,0.5908044581855845,0.0822798066950036,64
future_ret_6m,2021-03-31,FAC_rank_vol_m12_n6_pairwise1__x__CtrlRetLTM,5,High,0.7635859268429868,0.10027578162042451,64
future_ret_6m,2021-06-30,FAC_rank_vol_m12_n6_pairwise1__x__CtrlRetLTM,1,Low,0.13708606980087915,0.01186498285582716,69
future_ret_6m,2021-06-30,FAC_rank_vol_m12_n6_pairwise1__x__CtrlRetLTM,2,Q2,0.23397548228260903,-0.014359825634409053,68
future_ret_6m,2021-06-30,FAC_rank_vol_m12_n6_pairwise1__x__CtrlRetLTM,3,Q3,0.29051882892164493,-0.01577161181797026,68
future_ret_6m,2021-06-30,FAC_rank_vol_m12_n6_pairwise1__x__CtrlRetLTM,4,Q4,0.3576956550083553,0.01625271019268723,68
future_ret_6m,2021-06-30,FAC_rank_vol_m12_n6_pairwise1__x__CtrlRetLTM,5,High,0.5112704916636193,-0.015899383710276865,69
future_ret_6m,2021-09-30,FAC_rank_vol_m12_n6_pairwise1__x__CtrlRetLTM,1,Low,0.0105706054786012,-0.15871808759939932,76
future_ret_6m,2021-09-30,FAC_rank_vol_m12_n6_pairwise1__x__CtrlRetLTM,2,Q2,0.09676984171788326,-0.1513747287537579,75
future_ret_6m,2021-09-30,FAC_rank_vol_m12_n6_pairwise1__x__CtrlRetLTM,3,Q3,0.16246290898235038,-0.13502832920687607,75
future_ret_6m,2021-09-30,FAC_rank_vol_m12_n6_pairwise1__x__CtrlRetLTM,4,Q4,0.243328325470627,-0.13442946332235137,75
future_ret_6m,2021-09-30,FAC_rank_vol_m12_n6_pairwise1__x__CtrlRetLTM,5,High,0.49249492688996893,-0.1469291023626161,76
future_ret_6m,2021-12-31,FAC_rank_vol_m12_n6_pairwise1__x__CtrlRetLTM,1,Low,-0.061509653428011665,-0.0904757247664902,78
future_ret_6m,2021-12-31,FAC_rank_vol_m12_n6_pairwise1__x__CtrlRetLTM,2,Q2,0.007623649094261704,-0.1019427198457087,78
future_ret_6m,2021-12-31,FAC_rank_vol_m12_n6_pairwise1__x__CtrlRetLTM,3,Q3,0.0707039961951928,-0.1078951272251594,77
future_ret_6m,2021-12-31,FAC_rank_vol_m12_n6_pairwise1__x__CtrlRetLTM,4,Q4,0.147862331282144,-0.09734462934998325,78
future_ret_6m,2021-12-31,FAC_rank_vol_m12_n6_pairwise1__x__CtrlRetLTM,5,High,0.3017346809621758,-0.10312697699195543,78
future_ret_6m,2022-03-31,FAC_rank_vol_m12_n6_pairwise1__x__CtrlRetLTM,1,Low,-0.12137942474671704,-0.06298725322036577,84
future_ret_6m,2022-03-31,FAC_rank_vol_m12_n6_pairwise1__x__CtrlRetLTM,2,Q2,-0.05505582761146467,-0.047176086311871895,83
future_ret_6m,2022-03-31,FAC_rank_vol_m12_n6_pairwise1__x__CtrlRetLTM,3,Q3,0.009008800021578412,-0.05417568005929733,83
future_ret_6m,2022-03-31,FAC_rank_vol_m12_n6_pairwise1__x__CtrlRetLTM,4,Q4,0.08905629813603418,-0.040035138165986604,83
future_ret_6m,2022-03-31,FAC_rank_vol_m12_n6_pairwise1__x__CtrlRetLTM,5,High,0.2392639918634292,-0.0353024556899017,84
future_ret_6m,2022-06-30,FAC_rank_vol_m12_n6_pairwise1__x__CtrlRetLTM,1,Low,-0.2724481582786552,-0.131100939713481,95
future_ret_6m,2022-06-30,FAC_rank_vol_m12_n6_pairwise1__x__CtrlRetLTM,2,Q2,-0.19142158709677368,-0.11983909148131819,95
future_ret_6m,2022-06-30,FAC_rank_vol_m12_n6_pairwise1__x__CtrlRetLTM,3,Q3,-0.1462089947937457,-0.13353541867953603,95
future_ret_6m,2022-06-30,FAC_rank_vol_m12_n6_pairwise1__x__CtrlRetLTM,4,Q4,-0.09382400864057447,-0.12407904020990845,95
future_ret_6m,2022-06-30,FAC_rank_vol_m12_n6_pairwise1__x__CtrlRetLTM,5,High,-2.5607493289150468e-05,-0.10071249230883803,95
