ret_col,date,sort_col,economic_group,group_label,sort_mean,portfolio_ret,n_funds
future_ret_6m,2006-06-30 00:00:00,FAC_rank_vol_m3_n6_pairwise1__x__rank_mean_m3_n6_pairwise1,1,Low,0.23989534186335465,,2
future_ret_6m,2006-06-30 00:00:00,FAC_rank_vol_m3_n6_pairwise1__x__rank_mean_m3_n6_pairwise1,2,Q2,0.40167775783780546,,1
future_ret_6m,2006-06-30 00:00:00,FAC_rank_vol_m3_n6_pairwise1__x__rank_mean_m3_n6_pairwise1,3,Q3,0.652726356486434,,1
future_ret_6m,2006-06-30 00:00:00,FAC_rank_vol_m3_n6_pairwise1__x__rank_mean_m3_n6_pairwise1,4,Q4,0.7029360762161596,,1
future_ret_6m,2006-06-30 00:00:00,FAC_rank_vol_m3_n6_pairwise1__x__rank_mean_m3_n6_pairwise1,5,High,0.9951887477567531,,1
future_ret_6m,2006-09-29 00:00:00,FAC_rank_vol_m3_n6_pairwise1__x__rank_mean_m3_n6_pairwise1,1,Low,0.2582330611697755,,2
future_ret_6m,2006-09-29 00:00:00,FAC_rank_vol_m3_n6_pairwise1__x__rank_mean_m3_n6_pairwise1,2,Q2,0.40167775783780546,,1
future_ret_6m,2006-09-29 00:00:00,FAC_rank_vol_m3_n6_pairwise1__x__rank_mean_m3_n6_pairwise1,3,Q3,0.6877374291093797,,1
future_ret_6m,2006-09-29 00:00:00,FAC_rank_vol_m3_n6_pairwise1__x__rank_mean_m3_n6_pairwise1,4,Q4,0.6944444444444444,,1
future_ret_6m,2006-09-29 00:00:00,FAC_rank_vol_m3_n6_pairwise1__x__rank_mean_m3_n6_pairwise1,5,High,0.7043936199475221,,1
future_ret_6m,2006-12-29 00:00:00,FAC_rank_vol_m3_n6_pairwise1__x__rank_mean_m3_n6_pairwise1,1,Low,0.19910211984136772,,2
future_ret_6m,2006-12-29 00:00:00,FAC_rank_vol_m3_n6_pairwise1__x__rank_mean_m3_n6_pairwise1,2,Q2,0.3148588238638537,,1
future_ret_6m,2006-12-29 00:00:00,FAC_rank_vol_m3_n6_pairwise1__x__rank_mean_m3_n6_pairwise1,3,Q3,0.45582729681399525,,2
future_ret_6m,2006-12-29 00:00:00,FAC_rank_vol_m3_n6_pairwise1__x__rank_mean_m3_n6_pairwise1,4,Q4,0.5080125840160333,,1
future_ret_6m,2006-12-29 00:00:00,FAC_rank_vol_m3_n6_pairwise1__x__rank_mean_m3_n6_pairwise1,5,High,0.7196858569084961,,2
future_ret_6m,2007-03-30 00:00:00,FAC_rank_vol_m3_n6_pairwise1__x__rank_mean_m3_n6_pairwise1,1,Low,0.21643823452768707,,2
future_ret_6m,2007-03-30 00:00:00,FAC_rank_vol_m3_n6_pairwise1__x__rank_mean_m3_n6_pairwise1,2,Q2,0.28433526403599246,,1
future_ret_6m,2007-03-30 00:00:00,FAC_rank_vol_m3_n6_pairwise1__x__rank_mean_m3_n6_pairwise1,3,Q3,0.45676733967015515,,2
future_ret_6m,2007-03-30 00:00:00,FAC_rank_vol_m3_n6_pairwise1__x__rank_mean_m3_n6_pairwise1,4,Q4,0.6368343408123028,,1
future_ret_6m,2007-03-30 00:00:00,FAC_rank_vol_m3_n6_pairwise1__x__rank_mean_m3_n6_pairwise1,5,High,0.7836051977106091,,2
future_ret_6m,2007-06-29 00:00:00,FAC_rank_vol_m3_n6_pairwise1__x__rank_mean_m3_n6_pairwise1,1,Low,0.24122939204652566,,1
future_ret_6m,2007-06-29 00:00:00,FAC_rank_vol_m3_n6_pairwise1__x__rank_mean_m3_n6_pairwise1,2,Q2,0.3689591822203568,,1
future_ret_6m,2007-06-29 00:00:00,FAC_rank_vol_m3_n6_pairwise1__x__rank_mean_m3_n6_pairwise1,3,Q3,0.4315664048369428,,1
future_ret_6m,2007-06-29 00:00:00,FAC_rank_vol_m3_n6_pairwise1__x__rank_mean_m3_n6_pairwise1,4,Q4,0.5551728105302352,,1
future_ret_6m,2007-06-29 00:00:00,FAC_rank_vol_m3_n6_pairwise1__x__rank_mean_m3_n6_pairwise1,5,High,0.5940313258723374,,1
future_ret_6m,2007-09-28 00:00:00,FAC_rank_vol_m3_n6_pairwise1__x__rank_mean_m3_n6_pairwise1,1,Low,0.2079112457362002,,3
future_ret_6m,2007-09-28 00:00:00,FAC_rank_vol_m3_n6_pairwise1__x__rank_mean_m3_n6_pairwise1,2,Q2,0.34183819483140887,,2
future_ret_6m,2007-09-28 00:00:00,FAC_rank_vol_m3_n6_pairwise1__x__rank_mean_m3_n6_pairwise1,3,Q3,0.43199630405918393,,2
future_ret_6m,2007-09-28 00:00:00,FAC_rank_vol_m3_n6_pairwise1__x__rank_mean_m3_n6_pairwise1,4,Q4,0.6818414021328476,,2
future_ret_6m,2007-09-28 00:00:00,FAC_rank_vol_m3_n6_pairwise1__x__rank_mean_m3_n6_pairwise1,5,High,0.7716466290207925,,2
future_ret_6m,2007-12-28 00:00:00,FAC_rank_vol_m3_n6_pairwise1__x__rank_mean_m3_n6_pairwise1,1,Low,0.14813029225808055,,3
future_ret_6m,2007-12-28 00:00:00,FAC_rank_vol_m3_n6_pairwise1__x__rank_mean_m3_n6_pairwise1,2,Q2,0.24899313529731754,,2
future_ret_6m,2007-12-28 00:00:00,FAC_rank_vol_m3_n6_pairwise1__x__rank_mean_m3_n6_pairwise1,3,Q3,0.510225570206872,,3
future_ret_6m,2007-12-28 00:00:00,FAC_rank_vol_m3_n6_pairwise1__x__rank_mean_m3_n6_pairwise1,4,Q4,0.6152977940186501,,2
future_ret_6m,2007-12-28 00:00:00,FAC_rank_vol_m3_n6_pairwise1__x__rank_mean_m3_n6_pairwise1,5,High,0.7999366481288748,,3
future_ret_6m,2008-03-31 00:00:00,FAC_rank_vol_m3_n6_pairwise1__x__rank_mean_m3_n6_pairwise1,1,Low,0.17910886374540894,,3
future_ret_6m,2008-03-31 00:00:00,FAC_rank_vol_m3_n6_pairwise1__x__rank_mean_m3_n6_pairwise1,2,Q2,0.35626981306573935,,3
future_ret_6m,2008-03-31 00:00:00,FAC_rank_vol_m3_n6_pairwise1__x__rank_mean_m3_n6_pairwise1,3,Q3,0.40627847645750775,,3
future_ret_6m,2008-03-31 00:00:00,FAC_rank_vol_m3_n6_pairwise1__x__rank_mean_m3_n6_pairwise1,4,Q4,0.5441037191404341,,3
future_ret_6m,2008-03-31 00:00:00,FAC_rank_vol_m3_n6_pairwise1__x__rank_mean_m3_n6_pairwise1,5,High,0.8177963798197441,,3
future_ret_6m,2008-06-30 00:00:00,FAC_rank_vol_m3_n6_pairwise1__x__rank_mean_m3_n6_pairwise1,1,Low,0.13915222911792755,,4
future_ret_6m,2008-06-30 00:00:00,FAC_rank_vol_m3_n6_pairwise1__x__rank_mean_m3_n6_pairwise1,2,Q2,0.2640368930690037,,4
future_ret_6m,2008-06-30 00:00:00,FAC_rank_vol_m3_n6_pairwise1__x__rank_mean_m3_n6_pairwise1,3,Q3,0.3602352560757447,,4
future_ret_6m,2008-06-30 00:00:00,FAC_rank_vol_m3_n6_pairwise1__x__rank_mean_m3_n6_pairwise1,4,Q4,0.5019085352256221,,4
future_ret_6m,2008-06-30 00:00:00,FAC_rank_vol_m3_n6_pairwise1__x__rank_mean_m3_n6_pairwise1,5,High,0.796000919287447,,4
future_ret_6m,2008-09-26 00:00:00,FAC_rank_vol_m3_n6_pairwise1__x__rank_mean_m3_n6_pairwise1,1,Low,0.13169730938794086,0.15918099919430925,6
future_ret_6m,2008-09-26 00:00:00,FAC_rank_vol_m3_n6_pairwise1__x__rank_mean_m3_n6_pairwise1,2,Q2,0.36729235271371696,0.1260087594601686,5
future_ret_6m,2008-09-26 00:00:00,FAC_rank_vol_m3_n6_pairwise1__x__rank_mean_m3_n6_pairwise1,3,Q3,0.45809251030691944,0.13413795692584266,5
future_ret_6m,2008-09-26 00:00:00,FAC_rank_vol_m3_n6_pairwise1__x__rank_mean_m3_n6_pairwise1,4,Q4,0.6246038448417044,0.09097247987656795,5
future_ret_6m,2008-09-26 00:00:00,FAC_rank_vol_m3_n6_pairwise1__x__rank_mean_m3_n6_pairwise1,5,High,0.8415204556828945,0.08908152698873928,5
future_ret_6m,2008-12-31 00:00:00,FAC_rank_vol_m3_n6_pairwise1__x__rank_mean_m3_n6_pairwise1,1,Low,0.11244332990118933,0.5802719031686261,7
future_ret_6m,2008-12-31 00:00:00,FAC_rank_vol_m3_n6_pairwise1__x__rank_mean_m3_n6_pairwise1,2,Q2,0.3174000077841112,0.5470011043743475,7
future_ret_6m,2008-12-31 00:00:00,FAC_rank_vol_m3_n6_pairwise1__x__rank_mean_m3_n6_pairwise1,3,Q3,0.4799660204766032,0.42258519416799706,7
future_ret_6m,2008-12-31 00:00:00,FAC_rank_vol_m3_n6_pairwise1__x__rank_mean_m3_n6_pairwise1,4,Q4,0.6299797925651406,0.4799143000192479,7
future_ret_6m,2008-12-31 00:00:00,FAC_rank_vol_m3_n6_pairwise1__x__rank_mean_m3_n6_pairwise1,5,High,0.8582287283033285,0.4649796257707312,7
future_ret_6m,2009-03-31 00:00:00,FAC_rank_vol_m3_n6_pairwise1__x__rank_mean_m3_n6_pairwise1,1,Low,0.16604546397210238,0.19338294034008816,7
future_ret_6m,2009-03-31 00:00:00,FAC_rank_vol_m3_n6_pairwise1__x__rank_mean_m3_n6_pairwise1,2,Q2,0.2958544444162731,0.1848033144432849,6
future_ret_6m,2009-03-31 00:00:00,FAC_rank_vol_m3_n6_pairwise1__x__rank_mean_m3_n6_pairwise1,3,Q3,0.38248640115546767,0.18227418282753718,7
future_ret_6m,2009-03-31 00:00:00,FAC_rank_vol_m3_n6_pairwise1__x__rank_mean_m3_n6_pairwise1,4,Q4,0.5891145275272783,0.21179746276687972,6
future_ret_6m,2009-03-31 00:00:00,FAC_rank_vol_m3_n6_pairwise1__x__rank_mean_m3_n6_pairwise1,5,High,0.8166035753744352,0.16554978867954645,7
future_ret_6m,2009-06-30 00:00:00,FAC_rank_vol_m3_n6_pairwise1__x__rank_mean_m3_n6_pairwise1,1,Low,0.1351764258385272,0.10179535844384652,9
future_ret_6m,2009-06-30 00:00:00,FAC_rank_vol_m3_n6_pairwise1__x__rank_mean_m3_n6_pairwise1,2,Q2,0.34198380873099976,0.10936159064044598,8
future_ret_6m,2009-06-30 00:00:00,FAC_rank_vol_m3_n6_pairwise1__x__rank_mean_m3_n6_pairwise1,3,Q3,0.4726550286948294,0.13130940120870935,8
future_ret_6m,2009-06-30 00:00:00,FAC_rank_vol_m3_n6_pairwise1__x__rank_mean_m3_n6_pairwise1,4,Q4,0.6260416501020937,0.1756874915287176,8
future_ret_6m,2009-06-30 00:00:00,FAC_rank_vol_m3_n6_pairwise1__x__rank_mean_m3_n6_pairwise1,5,High,0.8408162065154345,0.1487479517193745,9
future_ret_6m,2009-09-30 00:00:00,FAC_rank_vol_m3_n6_pairwise1__x__rank_mean_m3_n6_pairwise1,1,Low,0.13325035121013024,0.1050961330095336,10
future_ret_6m,2009-09-30 00:00:00,FAC_rank_vol_m3_n6_pairwise1__x__rank_mean_m3_n6_pairwise1,2,Q2,0.3106546197783815,0.12799676580441682,9
future_ret_6m,2009-09-30 00:00:00,FAC_rank_vol_m3_n6_pairwise1__x__rank_mean_m3_n6_pairwise1,3,Q3,0.49533118678268295,0.15166137492586582,9
future_ret_6m,2009-09-30 00:00:00,FAC_rank_vol_m3_n6_pairwise1__x__rank_mean_m3_n6_pairwise1,4,Q4,0.5861648784375916,0.12185298737023476,9
future_ret_6m,2009-09-30 00:00:00,FAC_rank_vol_m3_n6_pairwise1__x__rank_mean_m3_n6_pairwise1,5,High,0.7741968163197667,0.1404106019428761,10
future_ret_6m,2009-12-31 00:00:00,FAC_rank_vol_m3_n6_pairwise1__x__rank_mean_m3_n6_pairwise1,1,Low,0.12460540257845681,-0.17611791052859452,12
future_ret_6m,2009-12-31 00:00:00,FAC_rank_vol_m3_n6_pairwise1__x__rank_mean_m3_n6_pairwise1,2,Q2,0.3121407723994327,-0.17050970504539473,12
future_ret_6m,2009-12-31 00:00:00,FAC_rank_vol_m3_n6_pairwise1__x__rank_mean_m3_n6_pairwise1,3,Q3,0.43146651913655776,-0.21407915696746213,11
future_ret_6m,2009-12-31 00:00:00,FAC_rank_vol_m3_n6_pairwise1__x__rank_mean_m3_n6_pairwise1,4,Q4,0.5852317592431823,-0.19358375181203144,12
future_ret_6m,2009-12-31 00:00:00,FAC_rank_vol_m3_n6_pairwise1__x__rank_mean_m3_n6_pairwise1,5,High,0.8176154124307672,-0.18151632255742556,12
future_ret_6m,2010-03-31 00:00:00,FAC_rank_vol_m3_n6_pairwise1__x__rank_mean_m3_n6_pairwise1,1,Low,0.1335968843865454,-0.036326119709751636,12
future_ret_6m,2010-03-31 00:00:00,FAC_rank_vol_m3_n6_pairwise1__x__rank_mean_m3_n6_pairwise1,2,Q2,0.275849723103167,-0.01170541390039237,12
future_ret_6m,2010-03-31 00:00:00,FAC_rank_vol_m3_n6_pairwise1__x__rank_mean_m3_n6_pairwise1,3,Q3,0.42369248192492726,-0.020995841752241073,12
future_ret_6m,2010-03-31 00:00:00,FAC_rank_vol_m3_n6_pairwise1__x__rank_mean_m3_n6_pairwise1,4,Q4,0.6059362322021693,0.012218763711212721,12
future_ret_6m,2010-03-31 00:00:00,FAC_rank_vol_m3_n6_pairwise1__x__rank_mean_m3_n6_pairwise1,5,High,0.7811312382348894,0.03454286871671727,12
future_ret_6m,2010-06-30 00:00:00,FAC_rank_vol_m3_n6_pairwise1__x__rank_mean_m3_n6_pairwise1,1,Low,0.12010502117470188,0.20841948466940496,12
future_ret_6m,2010-06-30 00:00:00,FAC_rank_vol_m3_n6_pairwise1__x__rank_mean_m3_n6_pairwise1,2,Q2,0.2918291104282394,0.2571761011813425,11
future_ret_6m,2010-06-30 00:00:00,FAC_rank_vol_m3_n6_pairwise1__x__rank_mean_m3_n6_pairwise1,3,Q3,0.4741446066390326,0.2500940704798669,11
future_ret_6m,2010-06-30 00:00:00,FAC_rank_vol_m3_n6_pairwise1__x__rank_mean_m3_n6_pairwise1,4,Q4,0.6286019986836915,0.25370808962540664,11
future_ret_6m,2010-06-30 00:00:00,FAC_rank_vol_m3_n6_pairwise1__x__rank_mean_m3_n6_pairwise1,5,High,0.8548449042350875,0.2978881746210708,12
future_ret_6m,2010-09-30 00:00:00,FAC_rank_vol_m3_n6_pairwise1__x__rank_mean_m3_n6_pairwise1,1,Low,0.12984230338441377,0.0587915028351439,12
future_ret_6m,2010-09-30 00:00:00,FAC_rank_vol_m3_n6_pairwise1__x__rank_mean_m3_n6_pairwise1,2,Q2,0.28537081519074603,0.035737535296025906,12
future_ret_6m,2010-09-30 00:00:00,FAC_rank_vol_m3_n6_pairwise1__x__rank_mean_m3_n6_pairwise1,3,Q3,0.45442060335357554,0.03861530894539631,12
future_ret_6m,2010-09-30 00:00:00,FAC_rank_vol_m3_n6_pairwise1__x__rank_mean_m3_n6_pairwise1,4,Q4,0.6394638834490477,0.01774860162196512,12
future_ret_6m,2010-09-30 00:00:00,FAC_rank_vol_m3_n6_pairwise1__x__rank_mean_m3_n6_pairwise1,5,High,0.8994679794545126,0.020976903629418925,12
future_ret_6m,2010-12-31 00:00:00,FAC_rank_vol_m3_n6_pairwise1__x__rank_mean_m3_n6_pairwise1,1,Low,0.12123484989256832,-0.0632640547351817,13
future_ret_6m,2010-12-31 00:00:00,FAC_rank_vol_m3_n6_pairwise1__x__rank_mean_m3_n6_pairwise1,2,Q2,0.3169309213629325,-0.05874035719931355,12
future_ret_6m,2010-12-31 00:00:00,FAC_rank_vol_m3_n6_pairwise1__x__rank_mean_m3_n6_pairwise1,3,Q3,0.4730222822103782,-0.07278905197482317,12
future_ret_6m,2010-12-31 00:00:00,FAC_rank_vol_m3_n6_pairwise1__x__rank_mean_m3_n6_pairwise1,4,Q4,0.6026443534607437,-0.08524439123889282,12
future_ret_6m,2010-12-31 00:00:00,FAC_rank_vol_m3_n6_pairwise1__x__rank_mean_m3_n6_pairwise1,5,High,0.8391269344399409,-0.07278148974355554,12
future_ret_6m,2011-03-31 00:00:00,FAC_rank_vol_m3_n6_pairwise1__x__rank_mean_m3_n6_pairwise1,1,Low,0.13317836080400874,-0.15825159582252532,13
future_ret_6m,2011-03-31 00:00:00,FAC_rank_vol_m3_n6_pairwise1__x__rank_mean_m3_n6_pairwise1,2,Q2,0.2982356321561171,-0.15600068283538818,12
future_ret_6m,2011-03-31 00:00:00,FAC_rank_vol_m3_n6_pairwise1__x__rank_mean_m3_n6_pairwise1,3,Q3,0.433671991587113,-0.15117989816587635,13
future_ret_6m,2011-03-31 00:00:00,FAC_rank_vol_m3_n6_pairwise1__x__rank_mean_m3_n6_pairwise1,4,Q4,0.5992035376492579,-0.15662221393946785,12
future_ret_6m,2011-03-31 00:00:00,FAC_rank_vol_m3_n6_pairwise1__x__rank_mean_m3_n6_pairwise1,5,High,0.8659481234213986,-0.14765083133008036,13
future_ret_6m,2011-06-30 00:00:00,FAC_rank_vol_m3_n6_pairwise1__x__rank_mean_m3_n6_pairwise1,1,Low,0.1335920632058604,-0.1773911953824136,14
future_ret_6m,2011-06-30 00:00:00,FAC_rank_vol_m3_n6_pairwise1__x__rank_mean_m3_n6_pairwise1,2,Q2,0.2845745346189828,-0.18021529943342424,14
future_ret_6m,2011-06-30 00:00:00,FAC_rank_vol_m3_n6_pairwise1__x__rank_mean_m3_n6_pairwise1,3,Q3,0.41512221729198223,-0.17573919468675925,13
future_ret_6m,2011-06-30 00:00:00,FAC_rank_vol_m3_n6_pairwise1__x__rank_mean_m3_n6_pairwise1,4,Q4,0.6100817695780719,-0.19027561635111084,14
future_ret_6m,2011-06-30 00:00:00,FAC_rank_vol_m3_n6_pairwise1__x__rank_mean_m3_n6_pairwise1,5,High,0.849051144878037,-0.1779169791437664,14
future_ret_6m,2011-09-30 00:00:00,FAC_rank_vol_m3_n6_pairwise1__x__rank_mean_m3_n6_pairwise1,1,Low,0.142202451610225,-0.07891159529512581,16
future_ret_6m,2011-09-30 00:00:00,FAC_rank_vol_m3_n6_pairwise1__x__rank_mean_m3_n6_pairwise1,2,Q2,0.30761767570099274,-0.06264579721250815,15
future_ret_6m,2011-09-30 00:00:00,FAC_rank_vol_m3_n6_pairwise1__x__rank_mean_m3_n6_pairwise1,3,Q3,0.4417559171497127,-0.06209391443228218,15
future_ret_6m,2011-09-30 00:00:00,FAC_rank_vol_m3_n6_pairwise1__x__rank_mean_m3_n6_pairwise1,4,Q4,0.5826999768161544,-0.06499191587024636,15
future_ret_6m,2011-09-30 00:00:00,FAC_rank_vol_m3_n6_pairwise1__x__rank_mean_m3_n6_pairwise1,5,High,0.8451761037575213,-0.05459187580691902,15
future_ret_6m,2011-12-30 00:00:00,FAC_rank_vol_m3_n6_pairwise1__x__rank_mean_m3_n6_pairwise1,1,Low,0.13539607167207812,0.049689927902935103,16
future_ret_6m,2011-12-30 00:00:00,FAC_rank_vol_m3_n6_pairwise1__x__rank_mean_m3_n6_pairwise1,2,Q2,0.29407712602791614,0.032117957240351415,16
future_ret_6m,2011-12-30 00:00:00,FAC_rank_vol_m3_n6_pairwise1__x__rank_mean_m3_n6_pairwise1,3,Q3,0.41889143360915937,0.0472331634632034,15
future_ret_6m,2011-12-30 00:00:00,FAC_rank_vol_m3_n6_pairwise1__x__rank_mean_m3_n6_pairwise1,4,Q4,0.5999433296598764,0.04695474618678279,16
future_ret_6m,2011-12-30 00:00:00,FAC_rank_vol_m3_n6_pairwise1__x__rank_mean_m3_n6_pairwise1,5,High,0.8409323955293243,0.05188813510480622,16
future_ret_6m,2012-03-30 00:00:00,FAC_rank_vol_m3_n6_pairwise1__x__rank_mean_m3_n6_pairwise1,1,Low,0.12161694235054143,0.015619749124856794,17
future_ret_6m,2012-03-30 00:00:00,FAC_rank_vol_m3_n6_pairwise1__x__rank_mean_m3_n6_pairwise1,2,Q2,0.289454446220728,0.010836184321345053,16
future_ret_6m,2012-03-30 00:00:00,FAC_rank_vol_m3_n6_pairwise1__x__rank_mean_m3_n6_pairwise1,3,Q3,0.4564126055974844,0.00734334303872939,16
future_ret_6m,2012-03-30 00:00:00,FAC_rank_vol_m3_n6_pairwise1__x__rank_mean_m3_n6_pairwise1,4,Q4,0.6572435857859764,-0.0015253899990419692,16
future_ret_6m,2012-03-30 00:00:00,FAC_rank_vol_m3_n6_pairwise1__x__rank_mean_m3_n6_pairwise1,5,High,0.864630227173862,-0.009217507746742716,16
future_ret_6m,2012-06-29 00:00:00,FAC_rank_vol_m3_n6_pairwise1__x__rank_mean_m3_n6_pairwise1,1,Low,0.14868557018160838,-0.005161438788307203,18
future_ret_6m,2012-06-29 00:00:00,FAC_rank_vol_m3_n6_pairwise1__x__rank_mean_m3_n6_pairwise1,2,Q2,0.2883655159920552,-0.008119049737924397,18
future_ret_6m,2012-06-29 00:00:00,FAC_rank_vol_m3_n6_pairwise1__x__rank_mean_m3_n6_pairwise1,3,Q3,0.39921110291979195,0.017492532284731546,17
future_ret_6m,2012-06-29 00:00:00,FAC_rank_vol_m3_n6_pairwise1__x__rank_mean_m3_n6_pairwise1,4,Q4,0.5437455871490048,0.014060992397997567,18
future_ret_6m,2012-06-29 00:00:00,FAC_rank_vol_m3_n6_pairwise1__x__rank_mean_m3_n6_pairwise1,5,High,0.7620976902626455,0.022571723882363535,18
future_ret_6m,2012-09-28 00:00:00,FAC_rank_vol_m3_n6_pairwise1__x__rank_mean_m3_n6_pairwise1,1,Low,0.11352348133917792,0.07916712591613011,21
future_ret_6m,2012-09-28 00:00:00,FAC_rank_vol_m3_n6_pairwise1__x__rank_mean_m3_n6_pairwise1,2,Q2,0.29070890274281375,0.10908341480577417,21
future_ret_6m,2012-09-28 00:00:00,FAC_rank_vol_m3_n6_pairwise1__x__rank_mean_m3_n6_pairwise1,3,Q3,0.46646190776506413,0.11621267192787432,20
future_ret_6m,2012-09-28 00:00:00,FAC_rank_vol_m3_n6_pairwise1__x__rank_mean_m3_n6_pairwise1,4,Q4,0.6389566558583769,0.11089747489337316,21
future_ret_6m,2012-09-28 00:00:00,FAC_rank_vol_m3_n6_pairwise1__x__rank_mean_m3_n6_pairwise1,5,High,0.8764721063488268,0.1247723242832196,21
future_ret_6m,2012-12-31 00:00:00,FAC_rank_vol_m3_n6_pairwise1__x__rank_mean_m3_n6_pairwise1,1,Low,0.14238464549194066,0.0011782213196552375,24
future_ret_6m,2012-12-31 00:00:00,FAC_rank_vol_m3_n6_pairwise1__x__rank_mean_m3_n6_pairwise1,2,Q2,0.2824235148255029,0.03056622242460453,23
future_ret_6m,2012-12-31 00:00:00,FAC_rank_vol_m3_n6_pairwise1__x__rank_mean_m3_n6_pairwise1,3,Q3,0.40512023180711143,0.04851130343780944,24
future_ret_6m,2012-12-31 00:00:00,FAC_rank_vol_m3_n6_pairwise1__x__rank_mean_m3_n6_pairwise1,4,Q4,0.5608061306343539,0.06546848158060262,23
future_ret_6m,2012-12-31 00:00:00,FAC_rank_vol_m3_n6_pairwise1__x__rank_mean_m3_n6_pairwise1,5,High,0.7735773170127023,0.1368027410990472,24
future_ret_6m,2013-03-29 00:00:00,FAC_rank_vol_m3_n6_pairwise1__x__rank_mean_m3_n6_pairwise1,1,Low,0.14328824508682264,0.11185116968417556,25
future_ret_6m,2013-03-29 00:00:00,FAC_rank_vol_m3_n6_pairwise1__x__rank_mean_m3_n6_pairwise1,2,Q2,0.2681599961475739,0.14361920199653,25
future_ret_6m,2013-03-29 00:00:00,FAC_rank_vol_m3_n6_pairwise1__x__rank_mean_m3_n6_pairwise1,3,Q3,0.4120749833767346,0.11421620210378618,24
future_ret_6m,2013-03-29 00:00:00,FAC_rank_vol_m3_n6_pairwise1__x__rank_mean_m3_n6_pairwise1,4,Q4,0.580361097542293,0.14555524335865444,25
future_ret_6m,2013-03-29 00:00:00,FAC_rank_vol_m3_n6_pairwise1__x__rank_mean_m3_n6_pairwise1,5,High,0.8224771459216506,0.17122929227928615,25
future_ret_6m,2013-06-28 00:00:00,FAC_rank_vol_m3_n6_pairwise1__x__rank_mean_m3_n6_pairwise1,1,Low,0.13429431846764855,0.07080526352306213,25
future_ret_6m,2013-06-28 00:00:00,FAC_rank_vol_m3_n6_pairwise1__x__rank_mean_m3_n6_pairwise1,2,Q2,0.2945626421287016,0.09428619514846222,25
future_ret_6m,2013-06-28 00:00:00,FAC_rank_vol_m3_n6_pairwise1__x__rank_mean_m3_n6_pairwise1,3,Q3,0.3943976755798085,0.1151685550502941,25
future_ret_6m,2013-06-28 00:00:00,FAC_rank_vol_m3_n6_pairwise1__x__rank_mean_m3_n6_pairwise1,4,Q4,0.5848564696844754,0.10713331238852451,25
future_ret_6m,2013-06-28 00:00:00,FAC_rank_vol_m3_n6_pairwise1__x__rank_mean_m3_n6_pairwise1,5,High,0.8582309313310935,0.13021103549242724,25
future_ret_6m,2013-09-30 00:00:00,FAC_rank_vol_m3_n6_pairwise1__x__rank_mean_m3_n6_pairwise1,1,Low,0.10834574274707026,-0.07508372801245529,27
future_ret_6m,2013-09-30 00:00:00,FAC_rank_vol_m3_n6_pairwise1__x__rank_mean_m3_n6_pairwise1,2,Q2,0.2897983747512239,-0.06450408263837115,27
future_ret_6m,2013-09-30 00:00:00,FAC_rank_vol_m3_n6_pairwise1__x__rank_mean_m3_n6_pairwise1,3,Q3,0.4670386299403422,-0.071034362173997,26
future_ret_6m,2013-09-30 00:00:00,FAC_rank_vol_m3_n6_pairwise1__x__rank_mean_m3_n6_pairwise1,4,Q4,0.642485259313691,-0.09859935030023503,27
future_ret_6m,2013-09-30 00:00:00,FAC_rank_vol_m3_n6_pairwise1__x__rank_mean_m3_n6_pairwise1,5,High,0.8563926845886739,-0.07927238825072377,27
future_ret_6m,2013-12-31 00:00:00,FAC_rank_vol_m3_n6_pairwise1__x__rank_mean_m3_n6_pairwise1,1,Low,0.11472541081776642,-0.04292154857706889,29
future_ret_6m,2013-12-31 00:00:00,FAC_rank_vol_m3_n6_pairwise1__x__rank_mean_m3_n6_pairwise1,2,Q2,0.28548802608129714,-0.026417577327230178,28
future_ret_6m,2013-12-31 00:00:00,FAC_rank_vol_m3_n6_pairwise1__x__rank_mean_m3_n6_pairwise1,3,Q3,0.42582511888484387,-0.018115634304630573,28
future_ret_6m,2013-12-31 00:00:00,FAC_rank_vol_m3_n6_pairwise1__x__rank_mean_m3_n6_pairwise1,4,Q4,0.5986471234518209,0.021532995723845094,28
future_ret_6m,2013-12-31 00:00:00,FAC_rank_vol_m3_n6_pairwise1__x__rank_mean_m3_n6_pairwise1,5,High,0.8372028814676294,-0.008029351773144905,29
future_ret_6m,2014-03-31 00:00:00,FAC_rank_vol_m3_n6_pairwise1__x__rank_mean_m3_n6_pairwise1,1,Low,0.12932188770093966,0.13055553144216586,26
future_ret_6m,2014-03-31 00:00:00,FAC_rank_vol_m3_n6_pairwise1__x__rank_mean_m3_n6_pairwise1,2,Q2,0.2839967139581792,0.1562213872284834,25
future_ret_6m,2014-03-31 00:00:00,FAC_rank_vol_m3_n6_pairwise1__x__rank_mean_m3_n6_pairwise1,3,Q3,0.40180500113997564,0.16514940552837604,26
future_ret_6m,2014-03-31 00:00:00,FAC_rank_vol_m3_n6_pairwise1__x__rank_mean_m3_n6_pairwise1,4,Q4,0.5908857047759813,0.17806572340898386,25
future_ret_6m,2014-03-31 00:00:00,FAC_rank_vol_m3_n6_pairwise1__x__rank_mean_m3_n6_pairwise1,5,High,0.8126244112819134,0.2140311716603584,26
future_ret_6m,2014-06-30 00:00:00,FAC_rank_vol_m3_n6_pairwise1__x__rank_mean_m3_n6_pairwise1,1,Low,0.10549539926801779,0.26192638258651285,25
future_ret_6m,2014-06-30 00:00:00,FAC_rank_vol_m3_n6_pairwise1__x__rank_mean_m3_n6_pairwise1,2,Q2,0.29953523264394816,0.2330383796892208,25
future_ret_6m,2014-06-30 00:00:00,FAC_rank_vol_m3_n6_pairwise1__x__rank_mean_m3_n6_pairwise1,3,Q3,0.47104363035019053,0.24863661258829467,25
future_ret_6m,2014-06-30 00:00:00,FAC_rank_vol_m3_n6_pairwise1__x__rank_mean_m3_n6_pairwise1,4,Q4,0.6223857466305031,0.26807305092405204,25
future_ret_6m,2014-06-30 00:00:00,FAC_rank_vol_m3_n6_pairwise1__x__rank_mean_m3_n6_pairwise1,5,High,0.8663858178021716,0.24604019916054415,25
future_ret_6m,2014-09-30 00:00:00,FAC_rank_vol_m3_n6_pairwise1__x__rank_mean_m3_n6_pairwise1,1,Low,0.12339182920906959,0.4302578054969123,25
future_ret_6m,2014-09-30 00:00:00,FAC_rank_vol_m3_n6_pairwise1__x__rank_mean_m3_n6_pairwise1,2,Q2,0.2833941134575615,0.4585818284024004,24
future_ret_6m,2014-09-30 00:00:00,FAC_rank_vol_m3_n6_pairwise1__x__rank_mean_m3_n6_pairwise1,3,Q3,0.4420780138751678,0.4649101332830767,24
future_ret_6m,2014-09-30 00:00:00,FAC_rank_vol_m3_n6_pairwise1__x__rank_mean_m3_n6_pairwise1,4,Q4,0.5984888923227003,0.5043623452314158,24
future_ret_6m,2014-09-30 00:00:00,FAC_rank_vol_m3_n6_pairwise1__x__rank_mean_m3_n6_pairwise1,5,High,0.8120800224191603,0.4759197318556567,25
future_ret_6m,2014-12-31 00:00:00,FAC_rank_vol_m3_n6_pairwise1__x__rank_mean_m3_n6_pairwise1,1,Low,0.14680902709077653,0.5630632501604604,24
future_ret_6m,2014-12-31 00:00:00,FAC_rank_vol_m3_n6_pairwise1__x__rank_mean_m3_n6_pairwise1,2,Q2,0.28703946945155434,0.5684386020640034,23
future_ret_6m,2014-12-31 00:00:00,FAC_rank_vol_m3_n6_pairwise1__x__rank_mean_m3_n6_pairwise1,3,Q3,0.41606165364632847,0.6455483629531056,23
future_ret_6m,2014-12-31 00:00:00,FAC_rank_vol_m3_n6_pairwise1__x__rank_mean_m3_n6_pairwise1,4,Q4,0.5434566087782229,0.5672979941181331,23
future_ret_6m,2014-12-31 00:00:00,FAC_rank_vol_m3_n6_pairwise1__x__rank_mean_m3_n6_pairwise1,5,High,0.7272246941286431,0.5632865841760931,23
future_ret_6m,2015-03-31 00:00:00,FAC_rank_vol_m3_n6_pairwise1__x__rank_mean_m3_n6_pairwise1,1,Low,0.12234649630885834,-0.11927699918582395,24
future_ret_6m,2015-03-31 00:00:00,FAC_rank_vol_m3_n6_pairwise1__x__rank_mean_m3_n6_pairwise1,2,Q2,0.29229573312864376,-0.10121183401823998,23
future_ret_6m,2015-03-31 00:00:00,FAC_rank_vol_m3_n6_pairwise1__x__rank_mean_m3_n6_pairwise1,3,Q3,0.43907078172219294,-0.10297622535992955,23
future_ret_6m,2015-03-31 00:00:00,FAC_rank_vol_m3_n6_pairwise1__x__rank_mean_m3_n6_pairwise1,4,Q4,0.6307575196490472,-0.14012682192418768,23
future_ret_6m,2015-03-31 00:00:00,FAC_rank_vol_m3_n6_pairwise1__x__rank_mean_m3_n6_pairwise1,5,High,0.8373127267619417,-0.12909178824244913,24
future_ret_6m,2015-06-30 00:00:00,FAC_rank_vol_m3_n6_pairwise1__x__rank_mean_m3_n6_pairwise1,1,Low,0.1648088230697222,-0.05014569542511889,17
future_ret_6m,2015-06-30 00:00:00,FAC_rank_vol_m3_n6_pairwise1__x__rank_mean_m3_n6_pairwise1,2,Q2,0.28272880851719157,-0.0067565482849899034,17
future_ret_6m,2015-06-30 00:00:00,FAC_rank_vol_m3_n6_pairwise1__x__rank_mean_m3_n6_pairwise1,3,Q3,0.41017954886437347,-0.015265698157428216,17
future_ret_6m,2015-06-30 00:00:00,FAC_rank_vol_m3_n6_pairwise1__x__rank_mean_m3_n6_pairwise1,4,Q4,0.572226502185858,-0.035759197236241075,17
future_ret_6m,2015-06-30 00:00:00,FAC_rank_vol_m3_n6_pairwise1__x__rank_mean_m3_n6_pairwise1,5,High,0.7875738017223926,-0.07894715424963528,17
future_ret_6m,2015-09-30 00:00:00,FAC_rank_vol_m3_n6_pairwise1__x__rank_mean_m3_n6_pairwise1,1,Low,0.13776350538539164,0.09121285691948365,17
future_ret_6m,2015-09-30 00:00:00,FAC_rank_vol_m3_n6_pairwise1__x__rank_mean_m3_n6_pairwise1,2,Q2,0.3043473365524051,0.06269056722473551,16
future_ret_6m,2015-09-30 00:00:00,FAC_rank_vol_m3_n6_pairwise1__x__rank_mean_m3_n6_pairwise1,3,Q3,0.44181375312779503,0.09440831424251211,16
future_ret_6m,2015-09-30 00:00:00,FAC_rank_vol_m3_n6_pairwise1__x__rank_mean_m3_n6_pairwise1,4,Q4,0.5500544986336995,0.0823427898313182,16
future_ret_6m,2015-09-30 00:00:00,FAC_rank_vol_m3_n6_pairwise1__x__rank_mean_m3_n6_pairwise1,5,High,0.8199059613727983,0.10160676575160668,17
future_ret_6m,2015-12-31 00:00:00,FAC_rank_vol_m3_n6_pairwise1__x__rank_mean_m3_n6_pairwise1,1,Low,0.14527779760621765,-0.15033862393426747,18
future_ret_6m,2015-12-31 00:00:00,FAC_rank_vol_m3_n6_pairwise1__x__rank_mean_m3_n6_pairwise1,2,Q2,0.2862953652638157,-0.1347680982323491,18
future_ret_6m,2015-12-31 00:00:00,FAC_rank_vol_m3_n6_pairwise1__x__rank_mean_m3_n6_pairwise1,3,Q3,0.4105350977492806,-0.12748155829447055,18
future_ret_6m,2015-12-31 00:00:00,FAC_rank_vol_m3_n6_pairwise1__x__rank_mean_m3_n6_pairwise1,4,Q4,0.6038049573625693,-0.12617846513802908,18
future_ret_6m,2015-12-31 00:00:00,FAC_rank_vol_m3_n6_pairwise1__x__rank_mean_m3_n6_pairwise1,5,High,0.8380106447608071,-0.09111268945966779,18
future_ret_6m,2016-03-31 00:00:00,FAC_rank_vol_m3_n6_pairwise1__x__rank_mean_m3_n6_pairwise1,1,Low,0.12321117942883882,0.0359566155056073,19
future_ret_6m,2016-03-31 00:00:00,FAC_rank_vol_m3_n6_pairwise1__x__rank_mean_m3_n6_pairwise1,2,Q2,0.2922899081784974,0.04096881327830647,19
future_ret_6m,2016-03-31 00:00:00,FAC_rank_vol_m3_n6_pairwise1__x__rank_mean_m3_n6_pairwise1,3,Q3,0.42401371750582567,0.05507356039752054,19
future_ret_6m,2016-03-31 00:00:00,FAC_rank_vol_m3_n6_pairwise1__x__rank_mean_m3_n6_pairwise1,4,Q4,0.5833518858866834,0.05155824088825295,19
future_ret_6m,2016-03-31 00:00:00,FAC_rank_vol_m3_n6_pairwise1__x__rank_mean_m3_n6_pairwise1,5,High,0.8245224803481171,0.0522235067757866,19
future_ret_6m,2016-06-30 00:00:00,FAC_rank_vol_m3_n6_pairwise1__x__rank_mean_m3_n6_pairwise1,1,Low,0.1299607075510232,-0.0540367896446705,21
future_ret_6m,2016-06-30 00:00:00,FAC_rank_vol_m3_n6_pairwise1__x__rank_mean_m3_n6_pairwise1,2,Q2,0.309967431794968,-0.04100061772335068,20
future_ret_6m,2016-06-30 00:00:00,FAC_rank_vol_m3_n6_pairwise1__x__rank_mean_m3_n6_pairwise1,3,Q3,0.43312982575375053,-0.011554837356452918,21
future_ret_6m,2016-06-30 00:00:00,FAC_rank_vol_m3_n6_pairwise1__x__rank_mean_m3_n6_pairwise1,4,Q4,0.6005076004795737,0.008417645895664816,20
future_ret_6m,2016-06-30 00:00:00,FAC_rank_vol_m3_n6_pairwise1__x__rank_mean_m3_n6_pairwise1,5,High,0.8476046661805647,0.040854999632345054,21
future_ret_6m,2016-09-30 00:00:00,FAC_rank_vol_m3_n6_pairwise1__x__rank_mean_m3_n6_pairwise1,1,Low,0.1197778785184459,-0.04218637840298059,25
future_ret_6m,2016-09-30 00:00:00,FAC_rank_vol_m3_n6_pairwise1__x__rank_mean_m3_n6_pairwise1,2,Q2,0.29222061909089403,0.003078034181917313,25
future_ret_6m,2016-09-30 00:00:00,FAC_rank_vol_m3_n6_pairwise1__x__rank_mean_m3_n6_pairwise1,3,Q3,0.4375448832620386,0.01612679113261308,25
future_ret_6m,2016-09-30 00:00:00,FAC_rank_vol_m3_n6_pairwise1__x__rank_mean_m3_n6_pairwise1,4,Q4,0.5799640547915853,0.019066694177443607,25
future_ret_6m,2016-09-30 00:00:00,FAC_rank_vol_m3_n6_pairwise1__x__rank_mean_m3_n6_pairwise1,5,High,0.8137917763839944,0.02623465403900909,25
future_ret_6m,2016-12-30 00:00:00,FAC_rank_vol_m3_n6_pairwise1__x__rank_mean_m3_n6_pairwise1,1,Low,0.13223719869719106,0.04150345321759486,35
future_ret_6m,2016-12-30 00:00:00,FAC_rank_vol_m3_n6_pairwise1__x__rank_mean_m3_n6_pairwise1,2,Q2,0.30410903483502905,0.03355980043810932,34
future_ret_6m,2016-12-30 00:00:00,FAC_rank_vol_m3_n6_pairwise1__x__rank_mean_m3_n6_pairwise1,3,Q3,0.44536174677565804,0.08578472761982316,35
future_ret_6m,2016-12-30 00:00:00,FAC_rank_vol_m3_n6_pairwise1__x__rank_mean_m3_n6_pairwise1,4,Q4,0.6057590327169835,0.08469886027986073,34
future_ret_6m,2016-12-30 00:00:00,FAC_rank_vol_m3_n6_pairwise1__x__rank_mean_m3_n6_pairwise1,5,High,0.8167210661891627,0.05086156871281112,35
future_ret_6m,2017-03-31 00:00:00,FAC_rank_vol_m3_n6_pairwise1__x__rank_mean_m3_n6_pairwise1,1,Low,0.11176636857127795,0.07285595972766196,45
future_ret_6m,2017-03-31 00:00:00,FAC_rank_vol_m3_n6_pairwise1__x__rank_mean_m3_n6_pairwise1,2,Q2,0.2862395251538571,0.0876077405300374,44
future_ret_6m,2017-03-31 00:00:00,FAC_rank_vol_m3_n6_pairwise1__x__rank_mean_m3_n6_pairwise1,3,Q3,0.4325078219172597,0.09071961706504762,44
future_ret_6m,2017-03-31 00:00:00,FAC_rank_vol_m3_n6_pairwise1__x__rank_mean_m3_n6_pairwise1,4,Q4,0.5983383292849325,0.09435016169654512,44
future_ret_6m,2017-03-31 00:00:00,FAC_rank_vol_m3_n6_pairwise1__x__rank_mean_m3_n6_pairwise1,5,High,0.8136607676884867,0.10651788835154181,44
future_ret_6m,2017-06-30 00:00:00,FAC_rank_vol_m3_n6_pairwise1__x__rank_mean_m3_n6_pairwise1,1,Low,0.11089369403185798,0.00873579162319817,47
future_ret_6m,2017-06-30 00:00:00,FAC_rank_vol_m3_n6_pairwise1__x__rank_mean_m3_n6_pairwise1,2,Q2,0.27895078040792043,0.08879664388009678,46
future_ret_6m,2017-06-30 00:00:00,FAC_rank_vol_m3_n6_pairwise1__x__rank_mean_m3_n6_pairwise1,3,Q3,0.4380148577336082,0.09743965222832804,46
future_ret_6m,2017-06-30 00:00:00,FAC_rank_vol_m3_n6_pairwise1__x__rank_mean_m3_n6_pairwise1,4,Q4,0.6460127320050273,0.10638238598486813,46
future_ret_6m,2017-06-30 00:00:00,FAC_rank_vol_m3_n6_pairwise1__x__rank_mean_m3_n6_pairwise1,5,High,0.866205854326679,0.12579491157906877,47
future_ret_6m,2017-09-29 00:00:00,FAC_rank_vol_m3_n6_pairwise1__x__rank_mean_m3_n6_pairwise1,1,Low,0.10995074513930955,-0.017885031995059385,52
future_ret_6m,2017-09-29 00:00:00,FAC_rank_vol_m3_n6_pairwise1__x__rank_mean_m3_n6_pairwise1,2,Q2,0.284165515876484,0.004556761033005784,51
future_ret_6m,2017-09-29 00:00:00,FAC_rank_vol_m3_n6_pairwise1__x__rank_mean_m3_n6_pairwise1,3,Q3,0.45351986340754147,0.0025128322731620438,51
future_ret_6m,2017-09-29 00:00:00,FAC_rank_vol_m3_n6_pairwise1__x__rank_mean_m3_n6_pairwise1,4,Q4,0.6318476927233505,0.0242705614400803,51
future_ret_6m,2017-09-29 00:00:00,FAC_rank_vol_m3_n6_pairwise1__x__rank_mean_m3_n6_pairwise1,5,High,0.8539993219957602,0.03230427152348703,51
future_ret_6m,2017-12-29 00:00:00,FAC_rank_vol_m3_n6_pairwise1__x__rank_mean_m3_n6_pairwise1,1,Low,0.10909345852248156,-0.06287538084856023,55
future_ret_6m,2017-12-29 00:00:00,FAC_rank_vol_m3_n6_pairwise1__x__rank_mean_m3_n6_pairwise1,2,Q2,0.2832678519023648,-0.08921526427736345,54
future_ret_6m,2017-12-29 00:00:00,FAC_rank_vol_m3_n6_pairwise1__x__rank_mean_m3_n6_pairwise1,3,Q3,0.4616363243752729,-0.07991617725632369,54
future_ret_6m,2017-12-29 00:00:00,FAC_rank_vol_m3_n6_pairwise1__x__rank_mean_m3_n6_pairwise1,4,Q4,0.6012231826729953,-0.09214712117053629,54
future_ret_6m,2017-12-29 00:00:00,FAC_rank_vol_m3_n6_pairwise1__x__rank_mean_m3_n6_pairwise1,5,High,0.8222970801076206,-0.08692481978703555,55
future_ret_6m,2018-03-30 00:00:00,FAC_rank_vol_m3_n6_pairwise1__x__rank_mean_m3_n6_pairwise1,1,Low,0.1213245627288013,-0.18214207989629583,54
future_ret_6m,2018-03-30 00:00:00,FAC_rank_vol_m3_n6_pairwise1__x__rank_mean_m3_n6_pairwise1,2,Q2,0.2711212002486941,-0.14622234387674216,54
future_ret_6m,2018-03-30 00:00:00,FAC_rank_vol_m3_n6_pairwise1__x__rank_mean_m3_n6_pairwise1,3,Q3,0.43009988880980127,-0.1462092045464102,53
future_ret_6m,2018-03-30 00:00:00,FAC_rank_vol_m3_n6_pairwise1__x__rank_mean_m3_n6_pairwise1,4,Q4,0.6058003178505191,-0.12633908651562176,54
future_ret_6m,2018-03-30 00:00:00,FAC_rank_vol_m3_n6_pairwise1__x__rank_mean_m3_n6_pairwise1,5,High,0.8322483516105116,-0.11310395286433818,54
future_ret_6m,2018-06-29 00:00:00,FAC_rank_vol_m3_n6_pairwise1__x__rank_mean_m3_n6_pairwise1,1,Low,0.12659168700471318,-0.20494483197802707,56
future_ret_6m,2018-06-29 00:00:00,FAC_rank_vol_m3_n6_pairwise1__x__rank_mean_m3_n6_pairwise1,2,Q2,0.27779964565503334,-0.17360511490341501,55
future_ret_6m,2018-06-29 00:00:00,FAC_rank_vol_m3_n6_pairwise1__x__rank_mean_m3_n6_pairwise1,3,Q3,0.4234743497817379,-0.17394583434159636,56
future_ret_6m,2018-06-29 00:00:00,FAC_rank_vol_m3_n6_pairwise1__x__rank_mean_m3_n6_pairwise1,4,Q4,0.6042206139109182,-0.16099683581333912,55
future_ret_6m,2018-06-29 00:00:00,FAC_rank_vol_m3_n6_pairwise1__x__rank_mean_m3_n6_pairwise1,5,High,0.8253473076826003,-0.1802470393597506,56
future_ret_6m,2018-09-28 00:00:00,FAC_rank_vol_m3_n6_pairwise1__x__rank_mean_m3_n6_pairwise1,1,Low,0.1297687412541358,0.11679954033928336,55
future_ret_6m,2018-09-28 00:00:00,FAC_rank_vol_m3_n6_pairwise1__x__rank_mean_m3_n6_pairwise1,2,Q2,0.27637185240879936,0.13582951424464557,55
future_ret_6m,2018-09-28 00:00:00,FAC_rank_vol_m3_n6_pairwise1__x__rank_mean_m3_n6_pairwise1,3,Q3,0.40595358178383684,0.1453394603509269,54
future_ret_6m,2018-09-28 00:00:00,FAC_rank_vol_m3_n6_pairwise1__x__rank_mean_m3_n6_pairwise1,4,Q4,0.5636513088648614,0.1420030306919177,55
future_ret_6m,2018-09-28 00:00:00,FAC_rank_vol_m3_n6_pairwise1__x__rank_mean_m3_n6_pairwise1,5,High,0.7865520887344399,0.11638209424323695,55
future_ret_6m,2018-12-28 00:00:00,FAC_rank_vol_m3_n6_pairwise1__x__rank_mean_m3_n6_pairwise1,1,Low,0.11450879230278152,0.3007854009842824,56
future_ret_6m,2018-12-28 00:00:00,FAC_rank_vol_m3_n6_pairwise1__x__rank_mean_m3_n6_pairwise1,2,Q2,0.2851988830234182,0.2772800179305748,55
future_ret_6m,2018-12-28 00:00:00,FAC_rank_vol_m3_n6_pairwise1__x__rank_mean_m3_n6_pairwise1,3,Q3,0.4149721273804398,0.25455966211882686,56
future_ret_6m,2018-12-28 00:00:00,FAC_rank_vol_m3_n6_pairwise1__x__rank_mean_m3_n6_pairwise1,4,Q4,0.6099910410379278,0.2389750923588358,55
future_ret_6m,2018-12-28 00:00:00,FAC_rank_vol_m3_n6_pairwise1__x__rank_mean_m3_n6_pairwise1,5,High,0.8453079960971043,0.21379068126880313,56
future_ret_6m,2019-03-29 00:00:00,FAC_rank_vol_m3_n6_pairwise1__x__rank_mean_m3_n6_pairwise1,1,Low,0.13870224942950587,0.08201781159507543,58
future_ret_6m,2019-03-29 00:00:00,FAC_rank_vol_m3_n6_pairwise1__x__rank_mean_m3_n6_pairwise1,2,Q2,0.278209871213895,0.07220792564697323,57
future_ret_6m,2019-03-29 00:00:00,FAC_rank_vol_m3_n6_pairwise1__x__rank_mean_m3_n6_pairwise1,3,Q3,0.3909938397325899,0.05902457810243011,57
future_ret_6m,2019-03-29 00:00:00,FAC_rank_vol_m3_n6_pairwise1__x__rank_mean_m3_n6_pairwise1,4,Q4,0.5347301459260388,0.047211349184831504,57
future_ret_6m,2019-03-29 00:00:00,FAC_rank_vol_m3_n6_pairwise1__x__rank_mean_m3_n6_pairwise1,5,High,0.7686945650343048,0.06536516932712326,58
future_ret_6m,2019-06-28 00:00:00,FAC_rank_vol_m3_n6_pairwise1__x__rank_mean_m3_n6_pairwise1,1,Low,0.12079805657604939,0.1724311431068887,60
future_ret_6m,2019-06-28 00:00:00,FAC_rank_vol_m3_n6_pairwise1__x__rank_mean_m3_n6_pairwise1,2,Q2,0.2846699477137156,0.17440578518708716,59
future_ret_6m,2019-06-28 00:00:00,FAC_rank_vol_m3_n6_pairwise1__x__rank_mean_m3_n6_pairwise1,3,Q3,0.43626091134476913,0.196913080267063,59
future_ret_6m,2019-06-28 00:00:00,FAC_rank_vol_m3_n6_pairwise1__x__rank_mean_m3_n6_pairwise1,4,Q4,0.6145253741329256,0.218636304457914,59
future_ret_6m,2019-06-28 00:00:00,FAC_rank_vol_m3_n6_pairwise1__x__rank_mean_m3_n6_pairwise1,5,High,0.8612201344380871,0.18370838324092914,60
future_ret_6m,2019-09-30 00:00:00,FAC_rank_vol_m3_n6_pairwise1__x__rank_mean_m3_n6_pairwise1,1,Low,0.1173455889315028,0.06754594670251704,61
future_ret_6m,2019-09-30 00:00:00,FAC_rank_vol_m3_n6_pairwise1__x__rank_mean_m3_n6_pairwise1,2,Q2,0.2782495407301452,0.0960006056841048,60
future_ret_6m,2019-09-30 00:00:00,FAC_rank_vol_m3_n6_pairwise1__x__rank_mean_m3_n6_pairwise1,3,Q3,0.4307448739453003,0.11487928044000752,60
future_ret_6m,2019-09-30 00:00:00,FAC_rank_vol_m3_n6_pairwise1__x__rank_mean_m3_n6_pairwise1,4,Q4,0.5935787115533696,0.11395823334071983,60
future_ret_6m,2019-09-30 00:00:00,FAC_rank_vol_m3_n6_pairwise1__x__rank_mean_m3_n6_pairwise1,5,High,0.8088484962239837,0.1274945427597894,61
future_ret_6m,2019-12-31 00:00:00,FAC_rank_vol_m3_n6_pairwise1__x__rank_mean_m3_n6_pairwise1,1,Low,0.12287618234068143,0.18074772916632167,69
future_ret_6m,2019-12-31 00:00:00,FAC_rank_vol_m3_n6_pairwise1__x__rank_mean_m3_n6_pairwise1,2,Q2,0.2758130141429021,0.21672203460156264,68
future_ret_6m,2019-12-31 00:00:00,FAC_rank_vol_m3_n6_pairwise1__x__rank_mean_m3_n6_pairwise1,3,Q3,0.4205480477752647,0.2693241276024406,68
future_ret_6m,2019-12-31 00:00:00,FAC_rank_vol_m3_n6_pairwise1__x__rank_mean_m3_n6_pairwise1,4,Q4,0.6102928980620701,0.3081120698843507,68
future_ret_6m,2019-12-31 00:00:00,FAC_rank_vol_m3_n6_pairwise1__x__rank_mean_m3_n6_pairwise1,5,High,0.8128327938148731,0.3736426510898272,68
future_ret_6m,2020-03-31 00:00:00,FAC_rank_vol_m3_n6_pairwise1__x__rank_mean_m3_n6_pairwise1,1,Low,0.1117287677462296,0.390989936656116,71
future_ret_6m,2020-03-31 00:00:00,FAC_rank_vol_m3_n6_pairwise1__x__rank_mean_m3_n6_pairwise1,2,Q2,0.28395552700868365,0.4338884356912669,71
future_ret_6m,2020-03-31 00:00:00,FAC_rank_vol_m3_n6_pairwise1__x__rank_mean_m3_n6_pairwise1,3,Q3,0.44550183833438295,0.4098098787534869,71
future_ret_6m,2020-03-31 00:00:00,FAC_rank_vol_m3_n6_pairwise1__x__rank_mean_m3_n6_pairwise1,4,Q4,0.599017129217976,0.43517234647348063,71
future_ret_6m,2020-03-31 00:00:00,FAC_rank_vol_m3_n6_pairwise1__x__rank_mean_m3_n6_pairwise1,5,High,0.8120473689388297,0.4139510702952932,71
future_ret_6m,2020-06-30 00:00:00,FAC_rank_vol_m3_n6_pairwise1__x__rank_mean_m3_n6_pairwise1,1,Low,0.11499968222176446,0.31007500276635486,75
future_ret_6m,2020-06-30 00:00:00,FAC_rank_vol_m3_n6_pairwise1__x__rank_mean_m3_n6_pairwise1,2,Q2,0.2868926817165617,0.3091590516955683,74
future_ret_6m,2020-06-30 00:00:00,FAC_rank_vol_m3_n6_pairwise1__x__rank_mean_m3_n6_pairwise1,3,Q3,0.43817236797596526,0.3365970977752378,75
future_ret_6m,2020-06-30 00:00:00,FAC_rank_vol_m3_n6_pairwise1__x__rank_mean_m3_n6_pairwise1,4,Q4,0.6079810951103352,0.30476525047413433,74
future_ret_6m,2020-06-30 00:00:00,FAC_rank_vol_m3_n6_pairwise1__x__rank_mean_m3_n6_pairwise1,5,High,0.8196844524710611,0.20827992401213577,75
future_ret_6m,2020-09-30 00:00:00,FAC_rank_vol_m3_n6_pairwise1__x__rank_mean_m3_n6_pairwise1,1,Low,0.11919296631554839,0.09645507329933893,80
future_ret_6m,2020-09-30 00:00:00,FAC_rank_vol_m3_n6_pairwise1__x__rank_mean_m3_n6_pairwise1,2,Q2,0.2819924639337115,0.09225716859917388,79
future_ret_6m,2020-09-30 00:00:00,FAC_rank_vol_m3_n6_pairwise1__x__rank_mean_m3_n6_pairwise1,3,Q3,0.43585169756457637,0.12281872702853283,79
future_ret_6m,2020-09-30 00:00:00,FAC_rank_vol_m3_n6_pairwise1__x__rank_mean_m3_n6_pairwise1,4,Q4,0.5824106054517577,0.11929075145684254,79
future_ret_6m,2020-09-30 00:00:00,FAC_rank_vol_m3_n6_pairwise1__x__rank_mean_m3_n6_pairwise1,5,High,0.7958222946081188,0.12527544970097063,80
future_ret_6m,2020-12-31 00:00:00,FAC_rank_vol_m3_n6_pairwise1__x__rank_mean_m3_n6_pairwise1,1,Low,0.13618743802839708,0.10138173901784646,88
future_ret_6m,2020-12-31 00:00:00,FAC_rank_vol_m3_n6_pairwise1__x__rank_mean_m3_n6_pairwise1,2,Q2,0.26414353587397366,0.10081663642664085,87
future_ret_6m,2020-12-31 00:00:00,FAC_rank_vol_m3_n6_pairwise1__x__rank_mean_m3_n6_pairwise1,3,Q3,0.4087378950845953,0.09584584159852208,88
future_ret_6m,2020-12-31 00:00:00,FAC_rank_vol_m3_n6_pairwise1__x__rank_mean_m3_n6_pairwise1,4,Q4,0.5951746526069811,0.10460383489987508,87
future_ret_6m,2020-12-31 00:00:00,FAC_rank_vol_m3_n6_pairwise1__x__rank_mean_m3_n6_pairwise1,5,High,0.8333024324970026,0.08695643220839532,88
future_ret_6m,2021-03-31 00:00:00,FAC_rank_vol_m3_n6_pairwise1__x__rank_mean_m3_n6_pairwise1,1,Low,0.11407831081796625,0.14374530169593555,93
future_ret_6m,2021-03-31 00:00:00,FAC_rank_vol_m3_n6_pairwise1__x__rank_mean_m3_n6_pairwise1,2,Q2,0.28193841890914245,0.0825322146817833,92
future_ret_6m,2021-03-31 00:00:00,FAC_rank_vol_m3_n6_pairwise1__x__rank_mean_m3_n6_pairwise1,3,Q3,0.4381792137032511,0.08994244789250648,93
future_ret_6m,2021-03-31 00:00:00,FAC_rank_vol_m3_n6_pairwise1__x__rank_mean_m3_n6_pairwise1,4,Q4,0.6097550940119041,0.09430014461082395,92
future_ret_6m,2021-03-31 00:00:00,FAC_rank_vol_m3_n6_pairwise1__x__rank_mean_m3_n6_pairwise1,5,High,0.8225215062907514,0.12463947060035543,93
future_ret_6m,2021-06-30 00:00:00,FAC_rank_vol_m3_n6_pairwise1__x__rank_mean_m3_n6_pairwise1,1,Low,0.134853645274189,0.019918037509483656,104
future_ret_6m,2021-06-30 00:00:00,FAC_rank_vol_m3_n6_pairwise1__x__rank_mean_m3_n6_pairwise1,2,Q2,0.27498363663662373,0.03357712287621108,104
future_ret_6m,2021-06-30 00:00:00,FAC_rank_vol_m3_n6_pairwise1__x__rank_mean_m3_n6_pairwise1,3,Q3,0.4006133160788912,-0.014292302396396136,103
future_ret_6m,2021-06-30 00:00:00,FAC_rank_vol_m3_n6_pairwise1__x__rank_mean_m3_n6_pairwise1,4,Q4,0.5446131750368912,-0.024303115623746076,104
future_ret_6m,2021-06-30 00:00:00,FAC_rank_vol_m3_n6_pairwise1__x__rank_mean_m3_n6_pairwise1,5,High,0.7842689439036652,-0.007614277729139603,104
future_ret_6m,2021-09-30 00:00:00,FAC_rank_vol_m3_n6_pairwise1__x__rank_mean_m3_n6_pairwise1,1,Low,0.10805997321851209,-0.16065530064984157,114
future_ret_6m,2021-09-30 00:00:00,FAC_rank_vol_m3_n6_pairwise1__x__rank_mean_m3_n6_pairwise1,2,Q2,0.2908769369729835,-0.144567622737781,113
future_ret_6m,2021-09-30 00:00:00,FAC_rank_vol_m3_n6_pairwise1__x__rank_mean_m3_n6_pairwise1,3,Q3,0.46306203742031365,-0.15115483508002017,114
future_ret_6m,2021-09-30 00:00:00,FAC_rank_vol_m3_n6_pairwise1__x__rank_mean_m3_n6_pairwise1,4,Q4,0.6552043887231075,-0.13183493213391914,113
future_ret_6m,2021-09-30 00:00:00,FAC_rank_vol_m3_n6_pairwise1__x__rank_mean_m3_n6_pairwise1,5,High,0.8672038276076455,-0.15141845056511793,114
future_ret_6m,2021-12-31 00:00:00,FAC_rank_vol_m3_n6_pairwise1__x__rank_mean_m3_n6_pairwise1,1,Low,0.10902519408579511,-0.10101348320369904,121
future_ret_6m,2021-12-31 00:00:00,FAC_rank_vol_m3_n6_pairwise1__x__rank_mean_m3_n6_pairwise1,2,Q2,0.280404203315053,-0.09291888197909175,120
future_ret_6m,2021-12-31 00:00:00,FAC_rank_vol_m3_n6_pairwise1__x__rank_mean_m3_n6_pairwise1,3,Q3,0.44487741351131216,-0.10664708936194786,120
future_ret_6m,2021-12-31 00:00:00,FAC_rank_vol_m3_n6_pairwise1__x__rank_mean_m3_n6_pairwise1,4,Q4,0.6129812122049791,-0.10608473303811662,120
future_ret_6m,2021-12-31 00:00:00,FAC_rank_vol_m3_n6_pairwise1__x__rank_mean_m3_n6_pairwise1,5,High,0.8416181695372518,-0.10058097158827678,121
future_ret_6m,2022-03-31 00:00:00,FAC_rank_vol_m3_n6_pairwise1__x__rank_mean_m3_n6_pairwise1,1,Low,0.12161043383282227,-0.07624756580262636,133
future_ret_6m,2022-03-31 00:00:00,FAC_rank_vol_m3_n6_pairwise1__x__rank_mean_m3_n6_pairwise1,2,Q2,0.28353215786339164,-0.04932461500325097,133
future_ret_6m,2022-03-31 00:00:00,FAC_rank_vol_m3_n6_pairwise1__x__rank_mean_m3_n6_pairwise1,3,Q3,0.4293599994807056,-0.03590135855196159,132
future_ret_6m,2022-03-31 00:00:00,FAC_rank_vol_m3_n6_pairwise1__x__rank_mean_m3_n6_pairwise1,4,Q4,0.6106988839146781,-0.039875850115728036,133
future_ret_6m,2022-03-31 00:00:00,FAC_rank_vol_m3_n6_pairwise1__x__rank_mean_m3_n6_pairwise1,5,High,0.8491816087645269,-0.04750552013399807,133
future_ret_6m,2022-06-30 00:00:00,FAC_rank_vol_m3_n6_pairwise1__x__rank_mean_m3_n6_pairwise1,1,Low,0.1305259128212759,-0.151271211983641,155
future_ret_6m,2022-06-30 00:00:00,FAC_rank_vol_m3_n6_pairwise1__x__rank_mean_m3_n6_pairwise1,2,Q2,0.2708928129991659,-0.14302438665444417,154
future_ret_6m,2022-06-30 00:00:00,FAC_rank_vol_m3_n6_pairwise1__x__rank_mean_m3_n6_pairwise1,3,Q3,0.41375029853409434,-0.13005271584650577,154
future_ret_6m,2022-06-30 00:00:00,FAC_rank_vol_m3_n6_pairwise1__x__rank_mean_m3_n6_pairwise1,4,Q4,0.5892777559754212,-0.10531558280247107,154
future_ret_6m,2022-06-30 00:00:00,FAC_rank_vol_m3_n6_pairwise1__x__rank_mean_m3_n6_pairwise1,5,High,0.8214232538994438,-0.08338675627143136,154
future_ret_6m,2006-06-30 00:00:00,FAC_rank_vol_m6_n3_pairwise1__x__rank_mean_m6_n3_pairwise1,1,Low,0.30071489068786794,,2
future_ret_6m,2006-06-30 00:00:00,FAC_rank_vol_m6_n3_pairwise1__x__rank_mean_m6_n3_pairwise1,2,Q2,0.34040031380778435,,1
future_ret_6m,2006-06-30 00:00:00,FAC_rank_vol_m6_n3_pairwise1__x__rank_mean_m6_n3_pairwise1,3,Q3,0.49090146089034165,,1
future_ret_6m,2006-06-30 00:00:00,FAC_rank_vol_m6_n3_pairwise1__x__rank_mean_m6_n3_pairwise1,4,Q4,0.4926047423196474,,1
future_ret_6m,2006-06-30 00:00:00,FAC_rank_vol_m6_n3_pairwise1__x__rank_mean_m6_n3_pairwise1,5,High,0.8293358950784289,,1
future_ret_6m,2006-09-29 00:00:00,FAC_rank_vol_m6_n3_pairwise1__x__rank_mean_m6_n3_pairwise1,1,Low,0.3375754343060557,,2
future_ret_6m,2006-09-29 00:00:00,FAC_rank_vol_m6_n3_pairwise1__x__rank_mean_m6_n3_pairwise1,2,Q2,0.43403427243567166,,1
future_ret_6m,2006-09-29 00:00:00,FAC_rank_vol_m6_n3_pairwise1__x__rank_mean_m6_n3_pairwise1,3,Q3,0.43547175810673183,,1
future_ret_6m,2006-09-29 00:00:00,FAC_rank_vol_m6_n3_pairwise1__x__rank_mean_m6_n3_pairwise1,4,Q4,0.4419127795782162,,1
future_ret_6m,2006-09-29 00:00:00,FAC_rank_vol_m6_n3_pairwise1__x__rank_mean_m6_n3_pairwise1,5,High,0.7207371126834,,1
future_ret_6m,2006-12-29 00:00:00,FAC_rank_vol_m6_n3_pairwise1__x__rank_mean_m6_n3_pairwise1,1,Low,0.23507291639543676,,2
future_ret_6m,2006-12-29 00:00:00,FAC_rank_vol_m6_n3_pairwise1__x__rank_mean_m6_n3_pairwise1,2,Q2,0.3519218681521392,,1
future_ret_6m,2006-12-29 00:00:00,FAC_rank_vol_m6_n3_pairwise1__x__rank_mean_m6_n3_pairwise1,3,Q3,0.40604324378522083,,2
future_ret_6m,2006-12-29 00:00:00,FAC_rank_vol_m6_n3_pairwise1__x__rank_mean_m6_n3_pairwise1,4,Q4,0.47132626941773803,,1
future_ret_6m,2006-12-29 00:00:00,FAC_rank_vol_m6_n3_pairwise1__x__rank_mean_m6_n3_pairwise1,5,High,0.4862987928639403,,2
future_ret_6m,2007-03-30 00:00:00,FAC_rank_vol_m6_n3_pairwise1__x__rank_mean_m6_n3_pairwise1,1,Low,0.2557608689006615,,2
future_ret_6m,2007-03-30 00:00:00,FAC_rank_vol_m6_n3_pairwise1__x__rank_mean_m6_n3_pairwise1,2,Q2,0.27156637007348916,,1
future_ret_6m,2007-03-30 00:00:00,FAC_rank_vol_m6_n3_pairwise1__x__rank_mean_m6_n3_pairwise1,3,Q3,0.3881019392319613,,2
future_ret_6m,2007-03-30 00:00:00,FAC_rank_vol_m6_n3_pairwise1__x__rank_mean_m6_n3_pairwise1,4,Q4,0.5503188537712144,,1
future_ret_6m,2007-03-30 00:00:00,FAC_rank_vol_m6_n3_pairwise1__x__rank_mean_m6_n3_pairwise1,5,High,0.6380256472627059,,2
future_ret_6m,2007-06-29 00:00:00,FAC_rank_vol_m6_n3_pairwise1__x__rank_mean_m6_n3_pairwise1,1,Low,0.33730409608896444,,1
future_ret_6m,2007-06-29 00:00:00,FAC_rank_vol_m6_n3_pairwise1__x__rank_mean_m6_n3_pairwise1,2,Q2,0.3497634782282582,,1
future_ret_6m,2007-06-29 00:00:00,FAC_rank_vol_m6_n3_pairwise1__x__rank_mean_m6_n3_pairwise1,3,Q3,0.3665317721777967,,1
future_ret_6m,2007-06-29 00:00:00,FAC_rank_vol_m6_n3_pairwise1__x__rank_mean_m6_n3_pairwise1,4,Q4,0.5496291868195075,,1
future_ret_6m,2007-06-29 00:00:00,FAC_rank_vol_m6_n3_pairwise1__x__rank_mean_m6_n3_pairwise1,5,High,0.5797733262417408,,1
future_ret_6m,2007-09-28 00:00:00,FAC_rank_vol_m6_n3_pairwise1__x__rank_mean_m6_n3_pairwise1,1,Low,0.25568990034378847,,3
future_ret_6m,2007-09-28 00:00:00,FAC_rank_vol_m6_n3_pairwise1__x__rank_mean_m6_n3_pairwise1,2,Q2,0.31396247562207596,,2
future_ret_6m,2007-09-28 00:00:00,FAC_rank_vol_m6_n3_pairwise1__x__rank_mean_m6_n3_pairwise1,3,Q3,0.4393461573881146,,2
future_ret_6m,2007-09-28 00:00:00,FAC_rank_vol_m6_n3_pairwise1__x__rank_mean_m6_n3_pairwise1,4,Q4,0.5844698598466966,,2
future_ret_6m,2007-09-28 00:00:00,FAC_rank_vol_m6_n3_pairwise1__x__rank_mean_m6_n3_pairwise1,5,High,0.6964342996855147,,2
future_ret_6m,2007-12-28 00:00:00,FAC_rank_vol_m6_n3_pairwise1__x__rank_mean_m6_n3_pairwise1,1,Low,0.18785305962289553,,3
future_ret_6m,2007-12-28 00:00:00,FAC_rank_vol_m6_n3_pairwise1__x__rank_mean_m6_n3_pairwise1,2,Q2,0.24992538244250573,,2
future_ret_6m,2007-12-28 00:00:00,FAC_rank_vol_m6_n3_pairwise1__x__rank_mean_m6_n3_pairwise1,3,Q3,0.4300637527138931,,3
future_ret_6m,2007-12-28 00:00:00,FAC_rank_vol_m6_n3_pairwise1__x__rank_mean_m6_n3_pairwise1,4,Q4,0.5046346938406696,,2
future_ret_6m,2007-12-28 00:00:00,FAC_rank_vol_m6_n3_pairwise1__x__rank_mean_m6_n3_pairwise1,5,High,0.6634112188003696,,3
future_ret_6m,2008-03-31 00:00:00,FAC_rank_vol_m6_n3_pairwise1__x__rank_mean_m6_n3_pairwise1,1,Low,0.2494269702231744,,3
future_ret_6m,2008-03-31 00:00:00,FAC_rank_vol_m6_n3_pairwise1__x__rank_mean_m6_n3_pairwise1,2,Q2,0.34430555602335094,,3
future_ret_6m,2008-03-31 00:00:00,FAC_rank_vol_m6_n3_pairwise1__x__rank_mean_m6_n3_pairwise1,3,Q3,0.4298285125537096,,3
future_ret_6m,2008-03-31 00:00:00,FAC_rank_vol_m6_n3_pairwise1__x__rank_mean_m6_n3_pairwise1,4,Q4,0.45948400284120794,,3
future_ret_6m,2008-03-31 00:00:00,FAC_rank_vol_m6_n3_pairwise1__x__rank_mean_m6_n3_pairwise1,5,High,0.6034690162456863,,3
future_ret_6m,2008-06-30 00:00:00,FAC_rank_vol_m6_n3_pairwise1__x__rank_mean_m6_n3_pairwise1,1,Low,0.19895885206231728,,4
future_ret_6m,2008-06-30 00:00:00,FAC_rank_vol_m6_n3_pairwise1__x__rank_mean_m6_n3_pairwise1,2,Q2,0.26719779884653094,,4
future_ret_6m,2008-06-30 00:00:00,FAC_rank_vol_m6_n3_pairwise1__x__rank_mean_m6_n3_pairwise1,3,Q3,0.3364475147632985,,4
future_ret_6m,2008-06-30 00:00:00,FAC_rank_vol_m6_n3_pairwise1__x__rank_mean_m6_n3_pairwise1,4,Q4,0.41667411860557724,,4
future_ret_6m,2008-06-30 00:00:00,FAC_rank_vol_m6_n3_pairwise1__x__rank_mean_m6_n3_pairwise1,5,High,0.5955379079565155,,4
future_ret_6m,2008-09-26 00:00:00,FAC_rank_vol_m6_n3_pairwise1__x__rank_mean_m6_n3_pairwise1,1,Low,0.15003986022749546,0.14547189578909714,6
future_ret_6m,2008-09-26 00:00:00,FAC_rank_vol_m6_n3_pairwise1__x__rank_mean_m6_n3_pairwise1,2,Q2,0.36513268492424966,0.14177005491256942,5
future_ret_6m,2008-09-26 00:00:00,FAC_rank_vol_m6_n3_pairwise1__x__rank_mean_m6_n3_pairwise1,3,Q3,0.4337126094390208,0.13482758555969637,5
future_ret_6m,2008-09-26 00:00:00,FAC_rank_vol_m6_n3_pairwise1__x__rank_mean_m6_n3_pairwise1,4,Q4,0.5793391630031468,0.0648249906745217,5
future_ret_6m,2008-09-26 00:00:00,FAC_rank_vol_m6_n3_pairwise1__x__rank_mean_m6_n3_pairwise1,5,High,0.7129240804669816,0.11522901619078554,5
future_ret_6m,2008-12-31 00:00:00,FAC_rank_vol_m6_n3_pairwise1__x__rank_mean_m6_n3_pairwise1,1,Low,0.16762729661815484,0.5802719031686261,7
future_ret_6m,2008-12-31 00:00:00,FAC_rank_vol_m6_n3_pairwise1__x__rank_mean_m6_n3_pairwise1,2,Q2,0.32704148562836216,0.5065807656458187,7
future_ret_6m,2008-12-31 00:00:00,FAC_rank_vol_m6_n3_pairwise1__x__rank_mean_m6_n3_pairwise1,3,Q3,0.4236830957058269,0.463005532896526,7
future_ret_6m,2008-12-31 00:00:00,FAC_rank_vol_m6_n3_pairwise1__x__rank_mean_m6_n3_pairwise1,4,Q4,0.5376748880818102,0.46733065247208383,7
future_ret_6m,2008-12-31 00:00:00,FAC_rank_vol_m6_n3_pairwise1__x__rank_mean_m6_n3_pairwise1,5,High,0.657582133993496,0.4775632733178953,7
future_ret_6m,2009-03-31 00:00:00,FAC_rank_vol_m6_n3_pairwise1__x__rank_mean_m6_n3_pairwise1,1,Low,0.2513126341939062,0.19596010792998617,7
future_ret_6m,2009-03-31 00:00:00,FAC_rank_vol_m6_n3_pairwise1__x__rank_mean_m6_n3_pairwise1,2,Q2,0.32393039995710304,0.15358536843474077,6
future_ret_6m,2009-03-31 00:00:00,FAC_rank_vol_m6_n3_pairwise1__x__rank_mean_m6_n3_pairwise1,3,Q3,0.3968320839495421,0.20524703288154203,7
future_ret_6m,2009-03-31 00:00:00,FAC_rank_vol_m6_n3_pairwise1__x__rank_mean_m6_n3_pairwise1,4,Q4,0.4589246126412994,0.20182910188725298,6
future_ret_6m,2009-03-31 00:00:00,FAC_rank_vol_m6_n3_pairwise1__x__rank_mean_m6_n3_pairwise1,5,High,0.615881747113684,0.17530231979693295,7
future_ret_6m,2009-06-30 00:00:00,FAC_rank_vol_m6_n3_pairwise1__x__rank_mean_m6_n3_pairwise1,1,Low,0.18988087482228097,0.10179535844384652,9
future_ret_6m,2009-06-30 00:00:00,FAC_rank_vol_m6_n3_pairwise1__x__rank_mean_m6_n3_pairwise1,2,Q2,0.3328745210843583,0.12613576126001264,8
future_ret_6m,2009-06-30 00:00:00,FAC_rank_vol_m6_n3_pairwise1__x__rank_mean_m6_n3_pairwise1,3,Q3,0.4434411704583919,0.12813527213608703,8
future_ret_6m,2009-06-30 00:00:00,FAC_rank_vol_m6_n3_pairwise1__x__rank_mean_m6_n3_pairwise1,4,Q4,0.5288363697327014,0.16627563768375114,8
future_ret_6m,2009-06-30 00:00:00,FAC_rank_vol_m6_n3_pairwise1__x__rank_mean_m6_n3_pairwise1,5,High,0.7182052296883653,0.1450251182065053,9
future_ret_6m,2009-09-30 00:00:00,FAC_rank_vol_m6_n3_pairwise1__x__rank_mean_m6_n3_pairwise1,1,Low,0.17432828016089758,0.1009658908289424,10
future_ret_6m,2009-09-30 00:00:00,FAC_rank_vol_m6_n3_pairwise1__x__rank_mean_m6_n3_pairwise1,2,Q2,0.29455626044330235,0.13570010516824482,9
future_ret_6m,2009-09-30 00:00:00,FAC_rank_vol_m6_n3_pairwise1__x__rank_mean_m6_n3_pairwise1,3,Q3,0.4358168105700288,0.14083263452337552,9
future_ret_6m,2009-09-30 00:00:00,FAC_rank_vol_m6_n3_pairwise1__x__rank_mean_m6_n3_pairwise1,4,Q4,0.527937779085527,0.12100411965138098,9
future_ret_6m,2009-09-30 00:00:00,FAC_rank_vol_m6_n3_pairwise1__x__rank_mean_m6_n3_pairwise1,5,High,0.6421834143666273,0.14811768600523173,10
future_ret_6m,2009-12-31 00:00:00,FAC_rank_vol_m6_n3_pairwise1__x__rank_mean_m6_n3_pairwise1,1,Low,0.19135812143436115,-0.16571260153143996,12
future_ret_6m,2009-12-31 00:00:00,FAC_rank_vol_m6_n3_pairwise1__x__rank_mean_m6_n3_pairwise1,2,Q2,0.31826645964242717,-0.2017191345157168,12
future_ret_6m,2009-12-31 00:00:00,FAC_rank_vol_m6_n3_pairwise1__x__rank_mean_m6_n3_pairwise1,3,Q3,0.3907790891383964,-0.18689121112292212,11
future_ret_6m,2009-12-31 00:00:00,FAC_rank_vol_m6_n3_pairwise1__x__rank_mean_m6_n3_pairwise1,4,Q4,0.4555932320294778,-0.1948886168378429,12
future_ret_6m,2009-12-31 00:00:00,FAC_rank_vol_m6_n3_pairwise1__x__rank_mean_m6_n3_pairwise1,5,High,0.5832006048559264,-0.18432962074927497,12
future_ret_6m,2010-03-31 00:00:00,FAC_rank_vol_m6_n3_pairwise1__x__rank_mean_m6_n3_pairwise1,1,Low,0.18027684444548486,-0.04022600386357087,12
future_ret_6m,2010-03-31 00:00:00,FAC_rank_vol_m6_n3_pairwise1__x__rank_mean_m6_n3_pairwise1,2,Q2,0.2730583939509475,-0.005379298792964208,12
future_ret_6m,2010-03-31 00:00:00,FAC_rank_vol_m6_n3_pairwise1__x__rank_mean_m6_n3_pairwise1,3,Q3,0.36959115957650385,-0.023595757319893374,12
future_ret_6m,2010-03-31 00:00:00,FAC_rank_vol_m6_n3_pairwise1__x__rank_mean_m6_n3_pairwise1,4,Q4,0.5050371449579232,0.031053757285308847,12
future_ret_6m,2010-03-31 00:00:00,FAC_rank_vol_m6_n3_pairwise1__x__rank_mean_m6_n3_pairwise1,5,High,0.6622044022388164,0.015881559756664526,12
future_ret_6m,2010-06-30 00:00:00,FAC_rank_vol_m6_n3_pairwise1__x__rank_mean_m6_n3_pairwise1,1,Low,0.1660869951775765,0.20557214565903834,12
future_ret_6m,2010-06-30 00:00:00,FAC_rank_vol_m6_n3_pairwise1__x__rank_mean_m6_n3_pairwise1,2,Q2,0.3008677966148252,0.26194558370342513,11
future_ret_6m,2010-06-30 00:00:00,FAC_rank_vol_m6_n3_pairwise1__x__rank_mean_m6_n3_pairwise1,3,Q3,0.37939178329560763,0.25637681531898066,11
future_ret_6m,2010-06-30 00:00:00,FAC_rank_vol_m6_n3_pairwise1__x__rank_mean_m6_n3_pairwise1,4,Q4,0.5026926581307914,0.24804251320968962,11
future_ret_6m,2010-06-30 00:00:00,FAC_rank_vol_m6_n3_pairwise1__x__rank_mean_m6_n3_pairwise1,5,High,0.7464398587619957,0.2957977502647482,12
future_ret_6m,2010-09-30 00:00:00,FAC_rank_vol_m6_n3_pairwise1__x__rank_mean_m6_n3_pairwise1,1,Low,0.19116639289265017,0.0644659388718188,12
future_ret_6m,2010-09-30 00:00:00,FAC_rank_vol_m6_n3_pairwise1__x__rank_mean_m6_n3_pairwise1,2,Q2,0.3058303686917221,-0.005827609376778889,12
future_ret_6m,2010-09-30 00:00:00,FAC_rank_vol_m6_n3_pairwise1__x__rank_mean_m6_n3_pairwise1,3,Q3,0.37895833547138125,0.057351332304182844,12
future_ret_6m,2010-09-30 00:00:00,FAC_rank_vol_m6_n3_pairwise1__x__rank_mean_m6_n3_pairwise1,4,Q4,0.4712730450834501,0.034903286899308494,12
future_ret_6m,2010-09-30 00:00:00,FAC_rank_vol_m6_n3_pairwise1__x__rank_mean_m6_n3_pairwise1,5,High,0.7341264665740218,0.020976903629418925,12
future_ret_6m,2010-12-31 00:00:00,FAC_rank_vol_m6_n3_pairwise1__x__rank_mean_m6_n3_pairwise1,1,Low,0.16489679202238344,-0.0632640547351817,13
future_ret_6m,2010-12-31 00:00:00,FAC_rank_vol_m6_n3_pairwise1__x__rank_mean_m6_n3_pairwise1,2,Q2,0.30483930672054643,-0.05874035719931355,12
future_ret_6m,2010-12-31 00:00:00,FAC_rank_vol_m6_n3_pairwise1__x__rank_mean_m6_n3_pairwise1,3,Q3,0.42650097959469413,-0.07885977650064141,12
future_ret_6m,2010-12-31 00:00:00,FAC_rank_vol_m6_n3_pairwise1__x__rank_mean_m6_n3_pairwise1,4,Q4,0.5068142109790883,-0.07602440230799155,12
future_ret_6m,2010-12-31 00:00:00,FAC_rank_vol_m6_n3_pairwise1__x__rank_mean_m6_n3_pairwise1,5,High,0.7001422197676942,-0.07593075414863858,12
future_ret_6m,2011-03-31 00:00:00,FAC_rank_vol_m6_n3_pairwise1__x__rank_mean_m6_n3_pairwise1,1,Low,0.20711744477504757,-0.15356712649667695,13
future_ret_6m,2011-03-31 00:00:00,FAC_rank_vol_m6_n3_pairwise1__x__rank_mean_m6_n3_pairwise1,2,Q2,0.3120644900521394,-0.14819394313195136,12
future_ret_6m,2011-03-31 00:00:00,FAC_rank_vol_m6_n3_pairwise1__x__rank_mean_m6_n3_pairwise1,3,Q3,0.371667565269783,-0.16167885521473122,13
future_ret_6m,2011-03-31 00:00:00,FAC_rank_vol_m6_n3_pairwise1__x__rank_mean_m6_n3_pairwise1,4,Q4,0.4552762709359435,-0.15861414099713914,12
future_ret_6m,2011-03-31 00:00:00,FAC_rank_vol_m6_n3_pairwise1__x__rank_mean_m6_n3_pairwise1,5,High,0.6011336322700674,-0.14720386297239585,13
future_ret_6m,2011-06-30 00:00:00,FAC_rank_vol_m6_n3_pairwise1__x__rank_mean_m6_n3_pairwise1,1,Low,0.1974644348735957,-0.17800215349812995,14
future_ret_6m,2011-06-30 00:00:00,FAC_rank_vol_m6_n3_pairwise1__x__rank_mean_m6_n3_pairwise1,2,Q2,0.297279311025002,-0.17132701037227088,14
future_ret_6m,2011-06-30 00:00:00,FAC_rank_vol_m6_n3_pairwise1__x__rank_mean_m6_n3_pairwise1,3,Q3,0.36924307494907366,-0.17850666328697237,13
future_ret_6m,2011-06-30 00:00:00,FAC_rank_vol_m6_n3_pairwise1__x__rank_mean_m6_n3_pairwise1,4,Q4,0.4789773572673446,-0.20423874026895722,14
future_ret_6m,2011-06-30 00:00:00,FAC_rank_vol_m6_n3_pairwise1__x__rank_mean_m6_n3_pairwise1,5,High,0.722169671618487,-0.16966139389973053,14
future_ret_6m,2011-09-30 00:00:00,FAC_rank_vol_m6_n3_pairwise1__x__rank_mean_m6_n3_pairwise1,1,Low,0.20488681224773558,-0.08323961293307408,16
future_ret_6m,2011-09-30 00:00:00,FAC_rank_vol_m6_n3_pairwise1__x__rank_mean_m6_n3_pairwise1,2,Q2,0.32096078767878655,-0.058707154334589666,15
future_ret_6m,2011-09-30 00:00:00,FAC_rank_vol_m6_n3_pairwise1__x__rank_mean_m6_n3_pairwise1,3,Q3,0.39771365426184996,-0.06280717822333871,15
future_ret_6m,2011-09-30 00:00:00,FAC_rank_vol_m6_n3_pairwise1__x__rank_mean_m6_n3_pairwise1,4,Q4,0.4787691132605176,-0.06495880809638667,15
future_ret_6m,2011-09-30 00:00:00,FAC_rank_vol_m6_n3_pairwise1__x__rank_mean_m6_n3_pairwise1,5,High,0.6614381865855605,-0.053233810520495854,15
future_ret_6m,2011-12-30 00:00:00,FAC_rank_vol_m6_n3_pairwise1__x__rank_mean_m6_n3_pairwise1,1,Low,0.17927763528457874,0.04732857383545603,16
future_ret_6m,2011-12-30 00:00:00,FAC_rank_vol_m6_n3_pairwise1__x__rank_mean_m6_n3_pairwise1,2,Q2,0.29739195318829353,0.04394137116525739,16
future_ret_6m,2011-12-30 00:00:00,FAC_rank_vol_m6_n3_pairwise1__x__rank_mean_m6_n3_pairwise1,3,Q3,0.38371220961283764,0.04868195524982364,15
future_ret_6m,2011-12-30 00:00:00,FAC_rank_vol_m6_n3_pairwise1__x__rank_mean_m6_n3_pairwise1,4,Q4,0.4888997177712081,0.037474016598254424,16
future_ret_6m,2011-12-30 00:00:00,FAC_rank_vol_m6_n3_pairwise1__x__rank_mean_m6_n3_pairwise1,5,High,0.6826729673447762,0.05054856253595121,16
future_ret_6m,2012-03-30 00:00:00,FAC_rank_vol_m6_n3_pairwise1__x__rank_mean_m6_n3_pairwise1,1,Low,0.20736704641384998,0.014894932551181229,17
future_ret_6m,2012-03-30 00:00:00,FAC_rank_vol_m6_n3_pairwise1__x__rank_mean_m6_n3_pairwise1,2,Q2,0.2812090903193937,-0.008783811023861679,16
future_ret_6m,2012-03-30 00:00:00,FAC_rank_vol_m6_n3_pairwise1__x__rank_mean_m6_n3_pairwise1,3,Q3,0.3662904794449723,0.009455242912972353,16
future_ret_6m,2012-03-30 00:00:00,FAC_rank_vol_m6_n3_pairwise1__x__rank_mean_m6_n3_pairwise1,4,Q4,0.48046530058690906,0.011375785070233159,16
future_ret_6m,2012-03-30 00:00:00,FAC_rank_vol_m6_n3_pairwise1__x__rank_mean_m6_n3_pairwise1,5,High,0.6695895109689856,-0.003840469735523787,16
future_ret_6m,2012-06-29 00:00:00,FAC_rank_vol_m6_n3_pairwise1__x__rank_mean_m6_n3_pairwise1,1,Low,0.22151003642687128,0.0027380047946358246,18
future_ret_6m,2012-06-29 00:00:00,FAC_rank_vol_m6_n3_pairwise1__x__rank_mean_m6_n3_pairwise1,2,Q2,0.29325969692531323,-0.004601037370774324,18
future_ret_6m,2012-06-29 00:00:00,FAC_rank_vol_m6_n3_pairwise1__x__rank_mean_m6_n3_pairwise1,3,Q3,0.36360268474083157,0.003510646221439941,17
future_ret_6m,2012-06-29 00:00:00,FAC_rank_vol_m6_n3_pairwise1__x__rank_mean_m6_n3_pairwise1,4,Q4,0.43714545974349506,0.014986815826965982,18
future_ret_6m,2012-06-29 00:00:00,FAC_rank_vol_m6_n3_pairwise1__x__rank_mean_m6_n3_pairwise1,5,High,0.6139735637630332,0.023433559118632978,18
future_ret_6m,2012-09-28 00:00:00,FAC_rank_vol_m6_n3_pairwise1__x__rank_mean_m6_n3_pairwise1,1,Low,0.1627863204547376,0.07903231684194878,21
future_ret_6m,2012-09-28 00:00:00,FAC_rank_vol_m6_n3_pairwise1__x__rank_mean_m6_n3_pairwise1,2,Q2,0.29366506183903196,0.10755379721176407,21
future_ret_6m,2012-09-28 00:00:00,FAC_rank_vol_m6_n3_pairwise1__x__rank_mean_m6_n3_pairwise1,3,Q3,0.40441765857288575,0.1235784724131402,20
future_ret_6m,2012-09-28 00:00:00,FAC_rank_vol_m6_n3_pairwise1__x__rank_mean_m6_n3_pairwise1,4,Q4,0.5187234770057136,0.10864287793188272,21
future_ret_6m,2012-09-28 00:00:00,FAC_rank_vol_m6_n3_pairwise1__x__rank_mean_m6_n3_pairwise1,5,High,0.7073532819049028,0.1216762998316959,21
future_ret_6m,2012-12-31 00:00:00,FAC_rank_vol_m6_n3_pairwise1__x__rank_mean_m6_n3_pairwise1,1,Low,0.1950978118693186,-0.002394054755206388,24
future_ret_6m,2012-12-31 00:00:00,FAC_rank_vol_m6_n3_pairwise1__x__rank_mean_m6_n3_pairwise1,2,Q2,0.30200251095338787,0.022449883870893132,23
future_ret_6m,2012-12-31 00:00:00,FAC_rank_vol_m6_n3_pairwise1__x__rank_mean_m6_n3_pairwise1,3,Q3,0.3834639828763979,0.049340396514164275,24
future_ret_6m,2012-12-31 00:00:00,FAC_rank_vol_m6_n3_pairwise1__x__rank_mean_m6_n3_pairwise1,4,Q4,0.476931609511178,0.0970321789299498,23
future_ret_6m,2012-12-31 00:00:00,FAC_rank_vol_m6_n3_pairwise1__x__rank_mean_m6_n3_pairwise1,5,High,0.6450856507107167,0.11707553858506965,24
future_ret_6m,2013-03-29 00:00:00,FAC_rank_vol_m6_n3_pairwise1__x__rank_mean_m6_n3_pairwise1,1,Low,0.22406793761686075,0.11863409724713744,25
future_ret_6m,2013-03-29 00:00:00,FAC_rank_vol_m6_n3_pairwise1__x__rank_mean_m6_n3_pairwise1,2,Q2,0.30413956687872734,0.12066067347035318,25
future_ret_6m,2013-03-29 00:00:00,FAC_rank_vol_m6_n3_pairwise1__x__rank_mean_m6_n3_pairwise1,3,Q3,0.3650794543197098,0.1148834090161549,24
future_ret_6m,2013-03-29 00:00:00,FAC_rank_vol_m6_n3_pairwise1__x__rank_mean_m6_n3_pairwise1,4,Q4,0.42893999951737827,0.15179139623889829,25
future_ret_6m,2013-03-29 00:00:00,FAC_rank_vol_m6_n3_pairwise1__x__rank_mean_m6_n3_pairwise1,5,High,0.6015854570536047,0.18052822172638322,25
future_ret_6m,2013-06-28 00:00:00,FAC_rank_vol_m6_n3_pairwise1__x__rank_mean_m6_n3_pairwise1,1,Low,0.18531277635965707,0.0729551598902069,25
future_ret_6m,2013-06-28 00:00:00,FAC_rank_vol_m6_n3_pairwise1__x__rank_mean_m6_n3_pairwise1,2,Q2,0.31342796095439185,0.10662733392035843,25
future_ret_6m,2013-06-28 00:00:00,FAC_rank_vol_m6_n3_pairwise1__x__rank_mean_m6_n3_pairwise1,3,Q3,0.38325390272594945,0.09659815088479272,25
future_ret_6m,2013-06-28 00:00:00,FAC_rank_vol_m6_n3_pairwise1__x__rank_mean_m6_n3_pairwise1,4,Q4,0.4736678000440088,0.10441769861979786,25
future_ret_6m,2013-06-28 00:00:00,FAC_rank_vol_m6_n3_pairwise1__x__rank_mean_m6_n3_pairwise1,5,High,0.6515154025654942,0.13700601828761427,25
future_ret_6m,2013-09-30 00:00:00,FAC_rank_vol_m6_n3_pairwise1__x__rank_mean_m6_n3_pairwise1,1,Low,0.1449712728012197,-0.07667478727918661,27
future_ret_6m,2013-09-30 00:00:00,FAC_rank_vol_m6_n3_pairwise1__x__rank_mean_m6_n3_pairwise1,2,Q2,0.28744415834303694,-0.05509051486968645,27
future_ret_6m,2013-09-30 00:00:00,FAC_rank_vol_m6_n3_pairwise1__x__rank_mean_m6_n3_pairwise1,3,Q3,0.38935617281890117,-0.07832553761223278,26
future_ret_6m,2013-09-30 00:00:00,FAC_rank_vol_m6_n3_pairwise1__x__rank_mean_m6_n3_pairwise1,4,Q4,0.5339596285833365,-0.09913644771715857,27
future_ret_6m,2013-09-30 00:00:00,FAC_rank_vol_m6_n3_pairwise1__x__rank_mean_m6_n3_pairwise1,5,High,0.7579733148887754,-0.07953666743226734,27
future_ret_6m,2013-12-31 00:00:00,FAC_rank_vol_m6_n3_pairwise1__x__rank_mean_m6_n3_pairwise1,1,Low,0.184810793060562,-0.0416547229493854,29
future_ret_6m,2013-12-31 00:00:00,FAC_rank_vol_m6_n3_pairwise1__x__rank_mean_m6_n3_pairwise1,2,Q2,0.2983139735043276,-0.02255485978353925,28
future_ret_6m,2013-12-31 00:00:00,FAC_rank_vol_m6_n3_pairwise1__x__rank_mean_m6_n3_pairwise1,3,Q3,0.37354159050623886,-0.0017963571094628133,28
future_ret_6m,2013-12-31 00:00:00,FAC_rank_vol_m6_n3_pairwise1__x__rank_mean_m6_n3_pairwise1,4,Q4,0.4644124648666675,5.167915334726436e-05,28
future_ret_6m,2013-12-31 00:00:00,FAC_rank_vol_m6_n3_pairwise1__x__rank_mean_m6_n3_pairwise1,5,High,0.627148832425229,-0.008041659770280256,29
future_ret_6m,2014-03-31 00:00:00,FAC_rank_vol_m6_n3_pairwise1__x__rank_mean_m6_n3_pairwise1,1,Low,0.1860983657466084,0.13382215977462422,26
future_ret_6m,2014-03-31 00:00:00,FAC_rank_vol_m6_n3_pairwise1__x__rank_mean_m6_n3_pairwise1,2,Q2,0.2871594143765935,0.159487368722951,25
future_ret_6m,2014-03-31 00:00:00,FAC_rank_vol_m6_n3_pairwise1__x__rank_mean_m6_n3_pairwise1,3,Q3,0.366128961913003,0.17643323585106213,26
future_ret_6m,2014-03-31 00:00:00,FAC_rank_vol_m6_n3_pairwise1__x__rank_mean_m6_n3_pairwise1,4,Q4,0.47617040203473904,0.16836696345783395,25
future_ret_6m,2014-03-31 00:00:00,FAC_rank_vol_m6_n3_pairwise1__x__rank_mean_m6_n3_pairwise1,5,High,0.6497362617567968,0.20566607690587002,26
future_ret_6m,2014-06-30 00:00:00,FAC_rank_vol_m6_n3_pairwise1__x__rank_mean_m6_n3_pairwise1,1,Low,0.19604121439375347,0.26192638258651285,25
future_ret_6m,2014-06-30 00:00:00,FAC_rank_vol_m6_n3_pairwise1__x__rank_mean_m6_n3_pairwise1,2,Q2,0.3020360483112684,0.2561639441953186,25
future_ret_6m,2014-06-30 00:00:00,FAC_rank_vol_m6_n3_pairwise1__x__rank_mean_m6_n3_pairwise1,3,Q3,0.36921213884039195,0.2268111947536938,25
future_ret_6m,2014-06-30 00:00:00,FAC_rank_vol_m6_n3_pairwise1__x__rank_mean_m6_n3_pairwise1,4,Q4,0.4425692088995041,0.22604323382293973,25
future_ret_6m,2014-06-30 00:00:00,FAC_rank_vol_m6_n3_pairwise1__x__rank_mean_m6_n3_pairwise1,5,High,0.6544247095704973,0.28676986959015943,25
future_ret_6m,2014-09-30 00:00:00,FAC_rank_vol_m6_n3_pairwise1__x__rank_mean_m6_n3_pairwise1,1,Low,0.1706837466968386,0.421433963291623,25
future_ret_6m,2014-09-30 00:00:00,FAC_rank_vol_m6_n3_pairwise1__x__rank_mean_m6_n3_pairwise1,2,Q2,0.2912503018518387,0.47916832777826973,24
future_ret_6m,2014-09-30 00:00:00,FAC_rank_vol_m6_n3_pairwise1__x__rank_mean_m6_n3_pairwise1,3,Q3,0.3953986545548191,0.4505704501873387,24
future_ret_6m,2014-09-30 00:00:00,FAC_rank_vol_m6_n3_pairwise1__x__rank_mean_m6_n3_pairwise1,4,Q4,0.5152243795406465,0.5243995972164952,24
future_ret_6m,2014-09-30 00:00:00,FAC_rank_vol_m6_n3_pairwise1__x__rank_mean_m6_n3_pairwise1,5,High,0.7181489476619318,0.4595108685263435,25
future_ret_6m,2014-12-31 00:00:00,FAC_rank_vol_m6_n3_pairwise1__x__rank_mean_m6_n3_pairwise1,1,Low,0.18391389399938185,0.5472153474456903,24
future_ret_6m,2014-12-31 00:00:00,FAC_rank_vol_m6_n3_pairwise1__x__rank_mean_m6_n3_pairwise1,2,Q2,0.28936320571582874,0.5313591809760494,23
future_ret_6m,2014-12-31 00:00:00,FAC_rank_vol_m6_n3_pairwise1__x__rank_mean_m6_n3_pairwise1,3,Q3,0.40780133304271576,0.6232672954552156,23
future_ret_6m,2014-12-31 00:00:00,FAC_rank_vol_m6_n3_pairwise1__x__rank_mean_m6_n3_pairwise1,4,Q4,0.4860915786913701,0.6277897862515127,23
future_ret_6m,2014-12-31 00:00:00,FAC_rank_vol_m6_n3_pairwise1__x__rank_mean_m6_n3_pairwise1,5,High,0.6463062577058093,0.5786922225917958,23
future_ret_6m,2015-03-31 00:00:00,FAC_rank_vol_m6_n3_pairwise1__x__rank_mean_m6_n3_pairwise1,1,Low,0.22965071074592117,-0.11831360794316377,24
future_ret_6m,2015-03-31 00:00:00,FAC_rank_vol_m6_n3_pairwise1__x__rank_mean_m6_n3_pairwise1,2,Q2,0.30501641807031993,-0.10481367805762741,23
future_ret_6m,2015-03-31 00:00:00,FAC_rank_vol_m6_n3_pairwise1__x__rank_mean_m6_n3_pairwise1,3,Q3,0.3567158628148431,-0.1231116906804215,23
future_ret_6m,2015-03-31 00:00:00,FAC_rank_vol_m6_n3_pairwise1__x__rank_mean_m6_n3_pairwise1,4,Q4,0.4388251009801955,-0.10430607319822652,23
future_ret_6m,2015-03-31 00:00:00,FAC_rank_vol_m6_n3_pairwise1__x__rank_mean_m6_n3_pairwise1,5,High,0.5578451545487394,-0.14163514221093765,24
future_ret_6m,2015-06-30 00:00:00,FAC_rank_vol_m6_n3_pairwise1__x__rank_mean_m6_n3_pairwise1,1,Low,0.22869573918706665,-0.045114073425095005,17
future_ret_6m,2015-06-30 00:00:00,FAC_rank_vol_m6_n3_pairwise1__x__rank_mean_m6_n3_pairwise1,2,Q2,0.32392779849466047,-0.011602305870787824,17
future_ret_6m,2015-06-30 00:00:00,FAC_rank_vol_m6_n3_pairwise1__x__rank_mean_m6_n3_pairwise1,3,Q3,0.3809034333311975,-0.028969184797852605,17
future_ret_6m,2015-06-30 00:00:00,FAC_rank_vol_m6_n3_pairwise1__x__rank_mean_m6_n3_pairwise1,4,Q4,0.46137678831264095,-0.036054853867262045,17
future_ret_6m,2015-06-30 00:00:00,FAC_rank_vol_m6_n3_pairwise1__x__rank_mean_m6_n3_pairwise1,5,High,0.6088455442299056,-0.06513387539241589,17
future_ret_6m,2015-09-30 00:00:00,FAC_rank_vol_m6_n3_pairwise1__x__rank_mean_m6_n3_pairwise1,1,Low,0.2451146727196156,0.0936842681126383,17
future_ret_6m,2015-09-30 00:00:00,FAC_rank_vol_m6_n3_pairwise1__x__rank_mean_m6_n3_pairwise1,2,Q2,0.3156999685907613,0.061501136350872745,16
future_ret_6m,2015-09-30 00:00:00,FAC_rank_vol_m6_n3_pairwise1__x__rank_mean_m6_n3_pairwise1,3,Q3,0.37952152197345745,0.08777347995300788,16
future_ret_6m,2015-09-30 00:00:00,FAC_rank_vol_m6_n3_pairwise1__x__rank_mean_m6_n3_pairwise1,4,Q4,0.45576571435658175,0.09984931370444317,16
future_ret_6m,2015-09-30 00:00:00,FAC_rank_vol_m6_n3_pairwise1__x__rank_mean_m6_n3_pairwise1,5,High,0.5729801329556568,0.0900226404786798,17
future_ret_6m,2015-12-31 00:00:00,FAC_rank_vol_m6_n3_pairwise1__x__rank_mean_m6_n3_pairwise1,1,Low,0.22977746114600764,-0.13010252007904996,18
future_ret_6m,2015-12-31 00:00:00,FAC_rank_vol_m6_n3_pairwise1__x__rank_mean_m6_n3_pairwise1,2,Q2,0.30735200176642147,-0.11475508148117886,18
future_ret_6m,2015-12-31 00:00:00,FAC_rank_vol_m6_n3_pairwise1__x__rank_mean_m6_n3_pairwise1,3,Q3,0.373101056693381,-0.1411517799514625,18
future_ret_6m,2015-12-31 00:00:00,FAC_rank_vol_m6_n3_pairwise1__x__rank_mean_m6_n3_pairwise1,4,Q4,0.4437512858017716,-0.13464999319062415,18
future_ret_6m,2015-12-31 00:00:00,FAC_rank_vol_m6_n3_pairwise1__x__rank_mean_m6_n3_pairwise1,5,High,0.6010773783495652,-0.10922006035646853,18
future_ret_6m,2016-03-31 00:00:00,FAC_rank_vol_m6_n3_pairwise1__x__rank_mean_m6_n3_pairwise1,1,Low,0.2211130745524405,0.04116422456174882,19
future_ret_6m,2016-03-31 00:00:00,FAC_rank_vol_m6_n3_pairwise1__x__rank_mean_m6_n3_pairwise1,2,Q2,0.31331683019986567,0.038410713856823875,19
future_ret_6m,2016-03-31 00:00:00,FAC_rank_vol_m6_n3_pairwise1__x__rank_mean_m6_n3_pairwise1,3,Q3,0.36790780524862887,0.04263366145565356,19
future_ret_6m,2016-03-31 00:00:00,FAC_rank_vol_m6_n3_pairwise1__x__rank_mean_m6_n3_pairwise1,4,Q4,0.44346227011674866,0.051494627101463526,19
future_ret_6m,2016-03-31 00:00:00,FAC_rank_vol_m6_n3_pairwise1__x__rank_mean_m6_n3_pairwise1,5,High,0.6122613386052462,0.062077509869784074,19
future_ret_6m,2016-06-30 00:00:00,FAC_rank_vol_m6_n3_pairwise1__x__rank_mean_m6_n3_pairwise1,1,Low,0.19807069768138233,-0.05663629810603207,21
future_ret_6m,2016-06-30 00:00:00,FAC_rank_vol_m6_n3_pairwise1__x__rank_mean_m6_n3_pairwise1,2,Q2,0.31380645562790954,-0.018185158179075518,20
future_ret_6m,2016-06-30 00:00:00,FAC_rank_vol_m6_n3_pairwise1__x__rank_mean_m6_n3_pairwise1,3,Q3,0.3983047489819712,-0.031854010276820374,21
future_ret_6m,2016-06-30 00:00:00,FAC_rank_vol_m6_n3_pairwise1__x__rank_mean_m6_n3_pairwise1,4,Q4,0.47703212182643984,0.01250765606299753,20
future_ret_6m,2016-06-30 00:00:00,FAC_rank_vol_m6_n3_pairwise1__x__rank_mean_m6_n3_pairwise1,5,High,0.6469241378580565,0.038129424145876105,21
future_ret_6m,2016-09-30 00:00:00,FAC_rank_vol_m6_n3_pairwise1__x__rank_mean_m6_n3_pairwise1,1,Low,0.1871166279545368,-0.04099198932046511,25
future_ret_6m,2016-09-30 00:00:00,FAC_rank_vol_m6_n3_pairwise1__x__rank_mean_m6_n3_pairwise1,2,Q2,0.3000941430463271,0.007153028175287787,25
future_ret_6m,2016-09-30 00:00:00,FAC_rank_vol_m6_n3_pairwise1__x__rank_mean_m6_n3_pairwise1,3,Q3,0.40055348386002476,0.012424646046383438,25
future_ret_6m,2016-09-30 00:00:00,FAC_rank_vol_m6_n3_pairwise1__x__rank_mean_m6_n3_pairwise1,4,Q4,0.4883502340181206,0.024730142216470435,25
future_ret_6m,2016-09-30 00:00:00,FAC_rank_vol_m6_n3_pairwise1__x__rank_mean_m6_n3_pairwise1,5,High,0.6450234564090671,0.01900396801032596,25
future_ret_6m,2016-12-30 00:00:00,FAC_rank_vol_m6_n3_pairwise1__x__rank_mean_m6_n3_pairwise1,1,Low,0.17776181996096807,0.039177195288942916,35
future_ret_6m,2016-12-30 00:00:00,FAC_rank_vol_m6_n3_pairwise1__x__rank_mean_m6_n3_pairwise1,2,Q2,0.2989043984805825,0.05133171400711839,34
future_ret_6m,2016-12-30 00:00:00,FAC_rank_vol_m6_n3_pairwise1__x__rank_mean_m6_n3_pairwise1,3,Q3,0.3974037223372944,0.06994304419071101,35
future_ret_6m,2016-12-30 00:00:00,FAC_rank_vol_m6_n3_pairwise1__x__rank_mean_m6_n3_pairwise1,4,Q4,0.5015283668026081,0.08683562654424726,34
future_ret_6m,2016-12-30 00:00:00,FAC_rank_vol_m6_n3_pairwise1__x__rank_mean_m6_n3_pairwise1,5,High,0.6793461465954383,0.04968964966099096,35
future_ret_6m,2017-03-31 00:00:00,FAC_rank_vol_m6_n3_pairwise1__x__rank_mean_m6_n3_pairwise1,1,Low,0.16398203550177282,0.07276560095212,45
future_ret_6m,2017-03-31 00:00:00,FAC_rank_vol_m6_n3_pairwise1__x__rank_mean_m6_n3_pairwise1,2,Q2,0.29282932832914804,0.09063654689008332,44
future_ret_6m,2017-03-31 00:00:00,FAC_rank_vol_m6_n3_pairwise1__x__rank_mean_m6_n3_pairwise1,3,Q3,0.37391637788002063,0.08696763157311149,44
future_ret_6m,2017-03-31 00:00:00,FAC_rank_vol_m6_n3_pairwise1__x__rank_mean_m6_n3_pairwise1,4,Q4,0.4792628118511368,0.09544050310990264,44
future_ret_6m,2017-03-31 00:00:00,FAC_rank_vol_m6_n3_pairwise1__x__rank_mean_m6_n3_pairwise1,5,High,0.6524173133988465,0.10624313845415156,44
future_ret_6m,2017-06-30 00:00:00,FAC_rank_vol_m6_n3_pairwise1__x__rank_mean_m6_n3_pairwise1,1,Low,0.15718287471171347,0.015478561852017774,47
future_ret_6m,2017-06-30 00:00:00,FAC_rank_vol_m6_n3_pairwise1__x__rank_mean_m6_n3_pairwise1,2,Q2,0.277807268145783,0.07666376817861913,46
future_ret_6m,2017-06-30 00:00:00,FAC_rank_vol_m6_n3_pairwise1__x__rank_mean_m6_n3_pairwise1,3,Q3,0.37712381090464114,0.10706073788347518,46
future_ret_6m,2017-06-30 00:00:00,FAC_rank_vol_m6_n3_pairwise1__x__rank_mean_m6_n3_pairwise1,4,Q4,0.524569299264744,0.10188931447885116,46
future_ret_6m,2017-06-30 00:00:00,FAC_rank_vol_m6_n3_pairwise1__x__rank_mean_m6_n3_pairwise1,5,High,0.7243958131853235,0.12590796329509987,47
future_ret_6m,2017-09-29 00:00:00,FAC_rank_vol_m6_n3_pairwise1__x__rank_mean_m6_n3_pairwise1,1,Low,0.165302887162579,-0.019744674016492006,52
future_ret_6m,2017-09-29 00:00:00,FAC_rank_vol_m6_n3_pairwise1__x__rank_mean_m6_n3_pairwise1,2,Q2,0.2806504547353742,0.0012794035186164529,51
future_ret_6m,2017-09-29 00:00:00,FAC_rank_vol_m6_n3_pairwise1__x__rank_mean_m6_n3_pairwise1,3,Q3,0.3852343745626641,0.004834712926742839,51
future_ret_6m,2017-09-29 00:00:00,FAC_rank_vol_m6_n3_pairwise1__x__rank_mean_m6_n3_pairwise1,4,Q4,0.49654608261928673,0.02472745254413833,51
future_ret_6m,2017-09-29 00:00:00,FAC_rank_vol_m6_n3_pairwise1__x__rank_mean_m6_n3_pairwise1,5,High,0.6754132924453188,0.03469896287071785,51
future_ret_6m,2017-12-29 00:00:00,FAC_rank_vol_m6_n3_pairwise1__x__rank_mean_m6_n3_pairwise1,1,Low,0.1669229928713057,-0.057994158925853606,55
future_ret_6m,2017-12-29 00:00:00,FAC_rank_vol_m6_n3_pairwise1__x__rank_mean_m6_n3_pairwise1,2,Q2,0.29641427734255693,-0.0900306250788736,54
future_ret_6m,2017-12-29 00:00:00,FAC_rank_vol_m6_n3_pairwise1__x__rank_mean_m6_n3_pairwise1,3,Q3,0.38729423676118785,-0.09438561621831955,54
future_ret_6m,2017-12-29 00:00:00,FAC_rank_vol_m6_n3_pairwise1__x__rank_mean_m6_n3_pairwise1,4,Q4,0.4824154032185617,-0.07434121696288472,54
future_ret_6m,2017-12-29 00:00:00,FAC_rank_vol_m6_n3_pairwise1__x__rank_mean_m6_n3_pairwise1,5,High,0.6470565263580621,-0.09428130789126693,55
future_ret_6m,2018-03-30 00:00:00,FAC_rank_vol_m6_n3_pairwise1__x__rank_mean_m6_n3_pairwise1,1,Low,0.19402948652987415,-0.17704755247517456,54
future_ret_6m,2018-03-30 00:00:00,FAC_rank_vol_m6_n3_pairwise1__x__rank_mean_m6_n3_pairwise1,2,Q2,0.2853278329351791,-0.16028293944445,54
future_ret_6m,2018-03-30 00:00:00,FAC_rank_vol_m6_n3_pairwise1__x__rank_mean_m6_n3_pairwise1,3,Q3,0.3658082998225109,-0.13163363527717745,53
future_ret_6m,2018-03-30 00:00:00,FAC_rank_vol_m6_n3_pairwise1__x__rank_mean_m6_n3_pairwise1,4,Q4,0.46783522836843466,-0.13466892433469785,54
future_ret_6m,2018-03-30 00:00:00,FAC_rank_vol_m6_n3_pairwise1__x__rank_mean_m6_n3_pairwise1,5,High,0.6495387563066741,-0.11011369821847809,54
future_ret_6m,2018-06-29 00:00:00,FAC_rank_vol_m6_n3_pairwise1__x__rank_mean_m6_n3_pairwise1,1,Low,0.20417508869144813,-0.1890297182368991,56
future_ret_6m,2018-06-29 00:00:00,FAC_rank_vol_m6_n3_pairwise1__x__rank_mean_m6_n3_pairwise1,2,Q2,0.2953072279779304,-0.19241867328233034,55
future_ret_6m,2018-06-29 00:00:00,FAC_rank_vol_m6_n3_pairwise1__x__rank_mean_m6_n3_pairwise1,3,Q3,0.3741168128739192,-0.1740242424342552,56
future_ret_6m,2018-06-29 00:00:00,FAC_rank_vol_m6_n3_pairwise1__x__rank_mean_m6_n3_pairwise1,4,Q4,0.44902496527466423,-0.17552444857378519,55
future_ret_6m,2018-06-29 00:00:00,FAC_rank_vol_m6_n3_pairwise1__x__rank_mean_m6_n3_pairwise1,5,High,0.62273322782474,-0.16333795192491843,56
future_ret_6m,2018-09-28 00:00:00,FAC_rank_vol_m6_n3_pairwise1__x__rank_mean_m6_n3_pairwise1,1,Low,0.1909085379761678,0.11452935190534409,55
future_ret_6m,2018-09-28 00:00:00,FAC_rank_vol_m6_n3_pairwise1__x__rank_mean_m6_n3_pairwise1,2,Q2,0.29418801315717624,0.13888053496309358,55
future_ret_6m,2018-09-28 00:00:00,FAC_rank_vol_m6_n3_pairwise1__x__rank_mean_m6_n3_pairwise1,3,Q3,0.3680205819039813,0.15080041789128112,54
future_ret_6m,2018-09-28 00:00:00,FAC_rank_vol_m6_n3_pairwise1__x__rank_mean_m6_n3_pairwise1,4,Q4,0.4483299129794402,0.12635953422068802,55
future_ret_6m,2018-09-28 00:00:00,FAC_rank_vol_m6_n3_pairwise1__x__rank_mean_m6_n3_pairwise1,5,High,0.6155704447774043,0.12588309102670103,55
future_ret_6m,2018-12-28 00:00:00,FAC_rank_vol_m6_n3_pairwise1__x__rank_mean_m6_n3_pairwise1,1,Low,0.15922370610077616,0.30863840250503255,56
future_ret_6m,2018-12-28 00:00:00,FAC_rank_vol_m6_n3_pairwise1__x__rank_mean_m6_n3_pairwise1,2,Q2,0.2932095034784755,0.2603339815234794,55
future_ret_6m,2018-12-28 00:00:00,FAC_rank_vol_m6_n3_pairwise1__x__rank_mean_m6_n3_pairwise1,3,Q3,0.3678913952224486,0.2637361917008056,56
future_ret_6m,2018-12-28 00:00:00,FAC_rank_vol_m6_n3_pairwise1__x__rank_mean_m6_n3_pairwise1,4,Q4,0.4980520000634154,0.2395465543617152,55
future_ret_6m,2018-12-28 00:00:00,FAC_rank_vol_m6_n3_pairwise1__x__rank_mean_m6_n3_pairwise1,5,High,0.7005660420450807,0.21284332145592927,56
future_ret_6m,2019-03-29 00:00:00,FAC_rank_vol_m6_n3_pairwise1__x__rank_mean_m6_n3_pairwise1,1,Low,0.212508851867175,0.09317288148163184,58
future_ret_6m,2019-03-29 00:00:00,FAC_rank_vol_m6_n3_pairwise1__x__rank_mean_m6_n3_pairwise1,2,Q2,0.29567422853228176,0.06685711627892488,57
future_ret_6m,2019-03-29 00:00:00,FAC_rank_vol_m6_n3_pairwise1__x__rank_mean_m6_n3_pairwise1,3,Q3,0.3591462645982776,0.054138409177194306,57
future_ret_6m,2019-03-29 00:00:00,FAC_rank_vol_m6_n3_pairwise1__x__rank_mean_m6_n3_pairwise1,4,Q4,0.42620609774819246,0.05428733284721067,57
future_ret_6m,2019-03-29 00:00:00,FAC_rank_vol_m6_n3_pairwise1__x__rank_mean_m6_n3_pairwise1,5,High,0.608790229600778,0.057316594164042466,58
future_ret_6m,2019-06-28 00:00:00,FAC_rank_vol_m6_n3_pairwise1__x__rank_mean_m6_n3_pairwise1,1,Low,0.20422641128664312,0.1776703860584041,60
future_ret_6m,2019-06-28 00:00:00,FAC_rank_vol_m6_n3_pairwise1__x__rank_mean_m6_n3_pairwise1,2,Q2,0.28986325841011523,0.19638027303628086,59
future_ret_6m,2019-06-28 00:00:00,FAC_rank_vol_m6_n3_pairwise1__x__rank_mean_m6_n3_pairwise1,3,Q3,0.36262670662939117,0.18857116323768494,59
future_ret_6m,2019-06-28 00:00:00,FAC_rank_vol_m6_n3_pairwise1__x__rank_mean_m6_n3_pairwise1,4,Q4,0.4520199815848072,0.2103437540440079,59
future_ret_6m,2019-06-28 00:00:00,FAC_rank_vol_m6_n3_pairwise1__x__rank_mean_m6_n3_pairwise1,5,High,0.6834760251192982,0.1732181202236028,60
future_ret_6m,2019-09-30 00:00:00,FAC_rank_vol_m6_n3_pairwise1__x__rank_mean_m6_n3_pairwise1,1,Low,0.18639484383490973,0.06841469210076656,61
future_ret_6m,2019-09-30 00:00:00,FAC_rank_vol_m6_n3_pairwise1__x__rank_mean_m6_n3_pairwise1,2,Q2,0.2884522889332984,0.10440289314177965,60
future_ret_6m,2019-09-30 00:00:00,FAC_rank_vol_m6_n3_pairwise1__x__rank_mean_m6_n3_pairwise1,3,Q3,0.37144876317968456,0.11547116654922804,60
future_ret_6m,2019-09-30 00:00:00,FAC_rank_vol_m6_n3_pairwise1__x__rank_mean_m6_n3_pairwise1,4,Q4,0.4657282083596092,0.11194337376184477,60
future_ret_6m,2019-09-30 00:00:00,FAC_rank_vol_m6_n3_pairwise1__x__rank_mean_m6_n3_pairwise1,5,High,0.6214982802539504,0.11976089835692977,61
future_ret_6m,2019-12-31 00:00:00,FAC_rank_vol_m6_n3_pairwise1__x__rank_mean_m6_n3_pairwise1,1,Low,0.1751708183233417,0.17552711702568366,69
future_ret_6m,2019-12-31 00:00:00,FAC_rank_vol_m6_n3_pairwise1__x__rank_mean_m6_n3_pairwise1,2,Q2,0.2919398420803139,0.20798551110130759,68
future_ret_6m,2019-12-31 00:00:00,FAC_rank_vol_m6_n3_pairwise1__x__rank_mean_m6_n3_pairwise1,3,Q3,0.3783170075813519,0.3125038143345966,68
future_ret_6m,2019-12-31 00:00:00,FAC_rank_vol_m6_n3_pairwise1__x__rank_mean_m6_n3_pairwise1,4,Q4,0.4754628319626164,0.3369092810173852,68
future_ret_6m,2019-12-31 00:00:00,FAC_rank_vol_m6_n3_pairwise1__x__rank_mean_m6_n3_pairwise1,5,High,0.6611026445071979,0.31569966257348026,68
future_ret_6m,2020-03-31 00:00:00,FAC_rank_vol_m6_n3_pairwise1__x__rank_mean_m6_n3_pairwise1,1,Low,0.1679319221016405,0.3901597585251229,71
future_ret_6m,2020-03-31 00:00:00,FAC_rank_vol_m6_n3_pairwise1__x__rank_mean_m6_n3_pairwise1,2,Q2,0.28331719176336845,0.4327785183374867,71
future_ret_6m,2020-03-31 00:00:00,FAC_rank_vol_m6_n3_pairwise1__x__rank_mean_m6_n3_pairwise1,3,Q3,0.38877447265442533,0.41987325732775066,71
future_ret_6m,2020-03-31 00:00:00,FAC_rank_vol_m6_n3_pairwise1__x__rank_mean_m6_n3_pairwise1,4,Q4,0.4954002887766798,0.434432142102076,71
future_ret_6m,2020-03-31 00:00:00,FAC_rank_vol_m6_n3_pairwise1__x__rank_mean_m6_n3_pairwise1,5,High,0.6897959340843076,0.40656799157720713,71
future_ret_6m,2020-06-30 00:00:00,FAC_rank_vol_m6_n3_pairwise1__x__rank_mean_m6_n3_pairwise1,1,Low,0.19315304037401831,0.31278317907737524,75
future_ret_6m,2020-06-30 00:00:00,FAC_rank_vol_m6_n3_pairwise1__x__rank_mean_m6_n3_pairwise1,2,Q2,0.3009359046583516,0.32624651880177785,74
future_ret_6m,2020-06-30 00:00:00,FAC_rank_vol_m6_n3_pairwise1__x__rank_mean_m6_n3_pairwise1,3,Q3,0.37463246972423697,0.30016234074896836,75
future_ret_6m,2020-06-30 00:00:00,FAC_rank_vol_m6_n3_pairwise1__x__rank_mean_m6_n3_pairwise1,4,Q4,0.46407906794706527,0.2781564284729869,74
future_ret_6m,2020-06-30 00:00:00,FAC_rank_vol_m6_n3_pairwise1__x__rank_mean_m6_n3_pairwise1,5,High,0.6094952252515307,0.25140090822372346,75
future_ret_6m,2020-09-30 00:00:00,FAC_rank_vol_m6_n3_pairwise1__x__rank_mean_m6_n3_pairwise1,1,Low,0.18118977102121514,0.09464615157830478,80
future_ret_6m,2020-09-30 00:00:00,FAC_rank_vol_m6_n3_pairwise1__x__rank_mean_m6_n3_pairwise1,2,Q2,0.29437603283782926,0.10331649861996765,79
future_ret_6m,2020-09-30 00:00:00,FAC_rank_vol_m6_n3_pairwise1__x__rank_mean_m6_n3_pairwise1,3,Q3,0.3895128567118528,0.10729542985873676,79
future_ret_6m,2020-09-30 00:00:00,FAC_rank_vol_m6_n3_pairwise1__x__rank_mean_m6_n3_pairwise1,4,Q4,0.47998942912957954,0.11162041698026341,79
future_ret_6m,2020-09-30 00:00:00,FAC_rank_vol_m6_n3_pairwise1__x__rank_mean_m6_n3_pairwise1,5,High,0.640201750796485,0.13906699427726638,80
future_ret_6m,2020-12-31 00:00:00,FAC_rank_vol_m6_n3_pairwise1__x__rank_mean_m6_n3_pairwise1,1,Low,0.1912138985901189,0.11247346136337644,88
future_ret_6m,2020-12-31 00:00:00,FAC_rank_vol_m6_n3_pairwise1__x__rank_mean_m6_n3_pairwise1,2,Q2,0.27930029619472546,0.09623792223744605,87
future_ret_6m,2020-12-31 00:00:00,FAC_rank_vol_m6_n3_pairwise1__x__rank_mean_m6_n3_pairwise1,3,Q3,0.3687684072910487,0.090192677027274,88
future_ret_6m,2020-12-31 00:00:00,FAC_rank_vol_m6_n3_pairwise1__x__rank_mean_m6_n3_pairwise1,4,Q4,0.4712738728454754,0.1010202918308879,87
future_ret_6m,2020-12-31 00:00:00,FAC_rank_vol_m6_n3_pairwise1__x__rank_mean_m6_n3_pairwise1,5,High,0.6744025700310613,0.08958737876890698,88
future_ret_6m,2021-03-31 00:00:00,FAC_rank_vol_m6_n3_pairwise1__x__rank_mean_m6_n3_pairwise1,1,Low,0.18338425085413845,0.13757610370224194,93
future_ret_6m,2021-03-31 00:00:00,FAC_rank_vol_m6_n3_pairwise1__x__rank_mean_m6_n3_pairwise1,2,Q2,0.2935590118447926,0.08587945276560485,92
future_ret_6m,2021-03-31 00:00:00,FAC_rank_vol_m6_n3_pairwise1__x__rank_mean_m6_n3_pairwise1,3,Q3,0.37801382442912573,0.0908913727590982,93
future_ret_6m,2021-03-31 00:00:00,FAC_rank_vol_m6_n3_pairwise1__x__rank_mean_m6_n3_pairwise1,4,Q4,0.4772162251940715,0.11758653798969906,92
future_ret_6m,2021-03-31 00:00:00,FAC_rank_vol_m6_n3_pairwise1__x__rank_mean_m6_n3_pairwise1,5,High,0.6256820844080425,0.10351249539876808,93
future_ret_6m,2021-06-30 00:00:00,FAC_rank_vol_m6_n3_pairwise1__x__rank_mean_m6_n3_pairwise1,1,Low,0.2237634390261906,0.03896019758952632,104
future_ret_6m,2021-06-30 00:00:00,FAC_rank_vol_m6_n3_pairwise1__x__rank_mean_m6_n3_pairwise1,2,Q2,0.29969094639221133,0.021264763946116944,104
future_ret_6m,2021-06-30 00:00:00,FAC_rank_vol_m6_n3_pairwise1__x__rank_mean_m6_n3_pairwise1,3,Q3,0.3571808104805971,0.01396567695158088,103
future_ret_6m,2021-06-30 00:00:00,FAC_rank_vol_m6_n3_pairwise1__x__rank_mean_m6_n3_pairwise1,4,Q4,0.42970697059876894,-0.018955943880531692,104
future_ret_6m,2021-06-30 00:00:00,FAC_rank_vol_m6_n3_pairwise1__x__rank_mean_m6_n3_pairwise1,5,High,0.5767370356265035,-0.04767751863039514,104
future_ret_6m,2021-09-30 00:00:00,FAC_rank_vol_m6_n3_pairwise1__x__rank_mean_m6_n3_pairwise1,1,Low,0.20497893183434535,-0.15621776981834104,114
future_ret_6m,2021-09-30 00:00:00,FAC_rank_vol_m6_n3_pairwise1__x__rank_mean_m6_n3_pairwise1,2,Q2,0.29379107033577934,-0.14564480767293397,113
future_ret_6m,2021-09-30 00:00:00,FAC_rank_vol_m6_n3_pairwise1__x__rank_mean_m6_n3_pairwise1,3,Q3,0.37393773075607245,-0.16287398614802104,114
future_ret_6m,2021-09-30 00:00:00,FAC_rank_vol_m6_n3_pairwise1__x__rank_mean_m6_n3_pairwise1,4,Q4,0.4621821314815124,-0.1319743309507772,113
future_ret_6m,2021-09-30 00:00:00,FAC_rank_vol_m6_n3_pairwise1__x__rank_mean_m6_n3_pairwise1,5,High,0.6224413806749828,-0.1429309183639049,114
future_ret_6m,2021-12-31 00:00:00,FAC_rank_vol_m6_n3_pairwise1__x__rank_mean_m6_n3_pairwise1,1,Low,0.18721781413586325,-0.10642682820863317,121
future_ret_6m,2021-12-31 00:00:00,FAC_rank_vol_m6_n3_pairwise1__x__rank_mean_m6_n3_pairwise1,2,Q2,0.2923106315680414,-0.09505982577633586,120
future_ret_6m,2021-12-31 00:00:00,FAC_rank_vol_m6_n3_pairwise1__x__rank_mean_m6_n3_pairwise1,3,Q3,0.3717527827771031,-0.09835983415653586,120
future_ret_6m,2021-12-31 00:00:00,FAC_rank_vol_m6_n3_pairwise1__x__rank_mean_m6_n3_pairwise1,4,Q4,0.461074671406822,-0.1023999400660114,120
future_ret_6m,2021-12-31 00:00:00,FAC_rank_vol_m6_n3_pairwise1__x__rank_mean_m6_n3_pairwise1,5,High,0.6333537996831246,-0.10491748216708457,121
future_ret_6m,2022-03-31 00:00:00,FAC_rank_vol_m6_n3_pairwise1__x__rank_mean_m6_n3_pairwise1,1,Low,0.18905843973972586,-0.0782783261859484,133
future_ret_6m,2022-03-31 00:00:00,FAC_rank_vol_m6_n3_pairwise1__x__rank_mean_m6_n3_pairwise1,2,Q2,0.29583829334444905,-0.04962433994234234,133
future_ret_6m,2022-03-31 00:00:00,FAC_rank_vol_m6_n3_pairwise1__x__rank_mean_m6_n3_pairwise1,3,Q3,0.3779091626137717,-0.037583308948558394,132
future_ret_6m,2022-03-31 00:00:00,FAC_rank_vol_m6_n3_pairwise1__x__rank_mean_m6_n3_pairwise1,4,Q4,0.47177683144836,-0.04174625735052744,133
future_ret_6m,2022-03-31 00:00:00,FAC_rank_vol_m6_n3_pairwise1__x__rank_mean_m6_n3_pairwise1,5,High,0.638585965535244,-0.041635323423771874,133
future_ret_6m,2022-06-30 00:00:00,FAC_rank_vol_m6_n3_pairwise1__x__rank_mean_m6_n3_pairwise1,1,Low,0.19005866038969305,-0.14721632413983352,155
future_ret_6m,2022-06-30 00:00:00,FAC_rank_vol_m6_n3_pairwise1__x__rank_mean_m6_n3_pairwise1,2,Q2,0.2880620073734555,-0.1414325293715565,154
future_ret_6m,2022-06-30 00:00:00,FAC_rank_vol_m6_n3_pairwise1__x__rank_mean_m6_n3_pairwise1,3,Q3,0.38225993600537017,-0.13131873100787866,154
future_ret_6m,2022-06-30 00:00:00,FAC_rank_vol_m6_n3_pairwise1__x__rank_mean_m6_n3_pairwise1,4,Q4,0.4747458362554706,-0.10376837913612859,154
future_ret_6m,2022-06-30 00:00:00,FAC_rank_vol_m6_n3_pairwise1__x__rank_mean_m6_n3_pairwise1,5,High,0.6139639926423851,-0.08934102034364036,154
future_ret_6m,2006-09-29 00:00:00,FAC_rank_vol_m6_n6_pairwise1__x__rank_mean_m6_n6_pairwise1,1,Low,0.29041680131210373,,1
future_ret_6m,2006-09-29 00:00:00,FAC_rank_vol_m6_n6_pairwise1__x__rank_mean_m6_n6_pairwise1,2,Q2,0.33112764256131727,,1
future_ret_6m,2006-09-29 00:00:00,FAC_rank_vol_m6_n6_pairwise1__x__rank_mean_m6_n6_pairwise1,3,Q3,0.36627881875429313,,1
future_ret_6m,2006-09-29 00:00:00,FAC_rank_vol_m6_n6_pairwise1__x__rank_mean_m6_n6_pairwise1,4,Q4,0.6646393082279234,,1
future_ret_6m,2006-09-29 00:00:00,FAC_rank_vol_m6_n6_pairwise1__x__rank_mean_m6_n6_pairwise1,5,High,0.7760394650967202,,1
future_ret_6m,2006-12-29 00:00:00,FAC_rank_vol_m6_n6_pairwise1__x__rank_mean_m6_n6_pairwise1,1,Low,0.21067568687957444,,1
future_ret_6m,2006-12-29 00:00:00,FAC_rank_vol_m6_n6_pairwise1__x__rank_mean_m6_n6_pairwise1,2,Q2,0.4302516402414041,,1
future_ret_6m,2006-12-29 00:00:00,FAC_rank_vol_m6_n6_pairwise1__x__rank_mean_m6_n6_pairwise1,3,Q3,0.4330580984943843,,1
future_ret_6m,2006-12-29 00:00:00,FAC_rank_vol_m6_n6_pairwise1__x__rank_mean_m6_n6_pairwise1,4,Q4,0.4651641640142397,,1
future_ret_6m,2006-12-29 00:00:00,FAC_rank_vol_m6_n6_pairwise1__x__rank_mean_m6_n6_pairwise1,5,High,0.784604763277051,,1
future_ret_6m,2007-03-30 00:00:00,FAC_rank_vol_m6_n6_pairwise1__x__rank_mean_m6_n6_pairwise1,1,Low,0.25859530915483686,,2
future_ret_6m,2007-03-30 00:00:00,FAC_rank_vol_m6_n6_pairwise1__x__rank_mean_m6_n6_pairwise1,2,Q2,0.30883812763195106,,1
future_ret_6m,2007-03-30 00:00:00,FAC_rank_vol_m6_n6_pairwise1__x__rank_mean_m6_n6_pairwise1,3,Q3,0.3979734447576678,,1
future_ret_6m,2007-03-30 00:00:00,FAC_rank_vol_m6_n6_pairwise1__x__rank_mean_m6_n6_pairwise1,4,Q4,0.597775616890882,,1
future_ret_6m,2007-03-30 00:00:00,FAC_rank_vol_m6_n6_pairwise1__x__rank_mean_m6_n6_pairwise1,5,High,0.7464385505552585,,2
future_ret_6m,2007-06-29 00:00:00,FAC_rank_vol_m6_n6_pairwise1__x__rank_mean_m6_n6_pairwise1,1,Low,0.24119356838211467,,1
future_ret_6m,2007-06-29 00:00:00,FAC_rank_vol_m6_n6_pairwise1__x__rank_mean_m6_n6_pairwise1,2,Q2,0.3561295750935853,,1
future_ret_6m,2007-06-29 00:00:00,FAC_rank_vol_m6_n6_pairwise1__x__rank_mean_m6_n6_pairwise1,3,Q3,0.47014015156701505,,1
future_ret_6m,2007-06-29 00:00:00,FAC_rank_vol_m6_n6_pairwise1__x__rank_mean_m6_n6_pairwise1,4,Q4,0.5792870332531465,,1
future_ret_6m,2007-06-29 00:00:00,FAC_rank_vol_m6_n6_pairwise1__x__rank_mean_m6_n6_pairwise1,5,High,0.6944481172291852,,1
future_ret_6m,2007-12-28 00:00:00,FAC_rank_vol_m6_n6_pairwise1__x__rank_mean_m6_n6_pairwise1,1,Low,0.17729222437973194,,3
future_ret_6m,2007-12-28 00:00:00,FAC_rank_vol_m6_n6_pairwise1__x__rank_mean_m6_n6_pairwise1,2,Q2,0.33956748367649625,,2
future_ret_6m,2007-12-28 00:00:00,FAC_rank_vol_m6_n6_pairwise1__x__rank_mean_m6_n6_pairwise1,3,Q3,0.5013991508831005,,2
future_ret_6m,2007-12-28 00:00:00,FAC_rank_vol_m6_n6_pairwise1__x__rank_mean_m6_n6_pairwise1,4,Q4,0.6224774693939061,,2
future_ret_6m,2007-12-28 00:00:00,FAC_rank_vol_m6_n6_pairwise1__x__rank_mean_m6_n6_pairwise1,5,High,0.7850337888692416,,2
future_ret_6m,2008-03-31 00:00:00,FAC_rank_vol_m6_n6_pairwise1__x__rank_mean_m6_n6_pairwise1,1,Low,0.18010562926526844,,2
future_ret_6m,2008-03-31 00:00:00,FAC_rank_vol_m6_n6_pairwise1__x__rank_mean_m6_n6_pairwise1,2,Q2,0.3339236171123069,,2
future_ret_6m,2008-03-31 00:00:00,FAC_rank_vol_m6_n6_pairwise1__x__rank_mean_m6_n6_pairwise1,3,Q3,0.42905816832240284,,2
future_ret_6m,2008-03-31 00:00:00,FAC_rank_vol_m6_n6_pairwise1__x__rank_mean_m6_n6_pairwise1,4,Q4,0.5132819990970305,,2
future_ret_6m,2008-03-31 00:00:00,FAC_rank_vol_m6_n6_pairwise1__x__rank_mean_m6_n6_pairwise1,5,High,0.6610617316058551,,2
future_ret_6m,2008-06-30 00:00:00,FAC_rank_vol_m6_n6_pairwise1__x__rank_mean_m6_n6_pairwise1,1,Low,0.27415308183903986,,3
future_ret_6m,2008-06-30 00:00:00,FAC_rank_vol_m6_n6_pairwise1__x__rank_mean_m6_n6_pairwise1,2,Q2,0.3427865300809357,,3
future_ret_6m,2008-06-30 00:00:00,FAC_rank_vol_m6_n6_pairwise1__x__rank_mean_m6_n6_pairwise1,3,Q3,0.3986214565961078,,2
future_ret_6m,2008-06-30 00:00:00,FAC_rank_vol_m6_n6_pairwise1__x__rank_mean_m6_n6_pairwise1,4,Q4,0.4833905188073278,,3
future_ret_6m,2008-06-30 00:00:00,FAC_rank_vol_m6_n6_pairwise1__x__rank_mean_m6_n6_pairwise1,5,High,0.7117716680306031,,3
future_ret_6m,2008-09-26 00:00:00,FAC_rank_vol_m6_n6_pairwise1__x__rank_mean_m6_n6_pairwise1,1,Low,0.1706758830444999,,4
future_ret_6m,2008-09-26 00:00:00,FAC_rank_vol_m6_n6_pairwise1__x__rank_mean_m6_n6_pairwise1,2,Q2,0.265402358574753,,3
future_ret_6m,2008-09-26 00:00:00,FAC_rank_vol_m6_n6_pairwise1__x__rank_mean_m6_n6_pairwise1,3,Q3,0.3659008774383941,,3
future_ret_6m,2008-09-26 00:00:00,FAC_rank_vol_m6_n6_pairwise1__x__rank_mean_m6_n6_pairwise1,4,Q4,0.46923987864748434,,3
future_ret_6m,2008-09-26 00:00:00,FAC_rank_vol_m6_n6_pairwise1__x__rank_mean_m6_n6_pairwise1,5,High,0.75660814060333,,4
future_ret_6m,2008-12-31 00:00:00,FAC_rank_vol_m6_n6_pairwise1__x__rank_mean_m6_n6_pairwise1,1,Low,0.126735565399971,0.5592295908841087,5
future_ret_6m,2008-12-31 00:00:00,FAC_rank_vol_m6_n6_pairwise1__x__rank_mean_m6_n6_pairwise1,2,Q2,0.3313397987838234,0.5594292271713879,5
future_ret_6m,2008-12-31 00:00:00,FAC_rank_vol_m6_n6_pairwise1__x__rank_mean_m6_n6_pairwise1,3,Q3,0.4911638664995114,0.4391518380106068,5
future_ret_6m,2008-12-31 00:00:00,FAC_rank_vol_m6_n6_pairwise1__x__rank_mean_m6_n6_pairwise1,4,Q4,0.5776093095884256,0.43724865600131346,5
future_ret_6m,2008-12-31 00:00:00,FAC_rank_vol_m6_n6_pairwise1__x__rank_mean_m6_n6_pairwise1,5,High,0.7816676862861242,0.450131991307771,5
future_ret_6m,2009-03-31 00:00:00,FAC_rank_vol_m6_n6_pairwise1__x__rank_mean_m6_n6_pairwise1,1,Low,0.1986805893925915,0.15943332005768815,7
future_ret_6m,2009-03-31 00:00:00,FAC_rank_vol_m6_n6_pairwise1__x__rank_mean_m6_n6_pairwise1,2,Q2,0.2921961527421251,0.20884498212339042,6
future_ret_6m,2009-03-31 00:00:00,FAC_rank_vol_m6_n6_pairwise1__x__rank_mean_m6_n6_pairwise1,3,Q3,0.4031083378003191,0.18464596545013093,6
future_ret_6m,2009-03-31 00:00:00,FAC_rank_vol_m6_n6_pairwise1__x__rank_mean_m6_n6_pairwise1,4,Q4,0.4826260015544954,0.1983663740978416,6
future_ret_6m,2009-03-31 00:00:00,FAC_rank_vol_m6_n6_pairwise1__x__rank_mean_m6_n6_pairwise1,5,High,0.754187888995521,0.18021221332246506,6
future_ret_6m,2009-06-30 00:00:00,FAC_rank_vol_m6_n6_pairwise1__x__rank_mean_m6_n6_pairwise1,1,Low,0.18100765191455692,0.09068034393429342,6
future_ret_6m,2009-06-30 00:00:00,FAC_rank_vol_m6_n6_pairwise1__x__rank_mean_m6_n6_pairwise1,2,Q2,0.322285324925023,0.15995513658723717,6
future_ret_6m,2009-06-30 00:00:00,FAC_rank_vol_m6_n6_pairwise1__x__rank_mean_m6_n6_pairwise1,3,Q3,0.4103513814177868,0.12843867617838645,6
future_ret_6m,2009-06-30 00:00:00,FAC_rank_vol_m6_n6_pairwise1__x__rank_mean_m6_n6_pairwise1,4,Q4,0.5416226582874407,0.15000330010588828,6
future_ret_6m,2009-06-30 00:00:00,FAC_rank_vol_m6_n6_pairwise1__x__rank_mean_m6_n6_pairwise1,5,High,0.7311421668107191,0.15531833732512032,6
future_ret_6m,2009-09-30 00:00:00,FAC_rank_vol_m6_n6_pairwise1__x__rank_mean_m6_n6_pairwise1,1,Low,0.16232795597603503,0.11547252851506482,8
future_ret_6m,2009-09-30 00:00:00,FAC_rank_vol_m6_n6_pairwise1__x__rank_mean_m6_n6_pairwise1,2,Q2,0.366205124558029,0.11212455773678995,7
future_ret_6m,2009-09-30 00:00:00,FAC_rank_vol_m6_n6_pairwise1__x__rank_mean_m6_n6_pairwise1,3,Q3,0.5069614068497966,0.12016859794464588,7
future_ret_6m,2009-09-30 00:00:00,FAC_rank_vol_m6_n6_pairwise1__x__rank_mean_m6_n6_pairwise1,4,Q4,0.6219978269923858,0.13018844308626604,7
future_ret_6m,2009-09-30 00:00:00,FAC_rank_vol_m6_n6_pairwise1__x__rank_mean_m6_n6_pairwise1,5,High,0.7266747056863512,0.16071183211281656,7
future_ret_6m,2009-12-31 00:00:00,FAC_rank_vol_m6_n6_pairwise1__x__rank_mean_m6_n6_pairwise1,1,Low,0.11357796118234385,-0.16644014743401314,9
future_ret_6m,2009-12-31 00:00:00,FAC_rank_vol_m6_n6_pairwise1__x__rank_mean_m6_n6_pairwise1,2,Q2,0.33235752097060095,-0.19023505084903305,9
future_ret_6m,2009-12-31 00:00:00,FAC_rank_vol_m6_n6_pairwise1__x__rank_mean_m6_n6_pairwise1,3,Q3,0.4783905154826932,-0.17446092229939136,9
future_ret_6m,2009-12-31 00:00:00,FAC_rank_vol_m6_n6_pairwise1__x__rank_mean_m6_n6_pairwise1,4,Q4,0.5851847582039308,-0.19644600308748517,9
future_ret_6m,2009-12-31 00:00:00,FAC_rank_vol_m6_n6_pairwise1__x__rank_mean_m6_n6_pairwise1,5,High,0.7389832536735015,-0.19272085832139424,9
future_ret_6m,2010-03-31 00:00:00,FAC_rank_vol_m6_n6_pairwise1__x__rank_mean_m6_n6_pairwise1,1,Low,0.15804145652286428,-0.03495753804724502,11
future_ret_6m,2010-03-31 00:00:00,FAC_rank_vol_m6_n6_pairwise1__x__rank_mean_m6_n6_pairwise1,2,Q2,0.29406406357274506,0.01631248494397901,10
future_ret_6m,2010-03-31 00:00:00,FAC_rank_vol_m6_n6_pairwise1__x__rank_mean_m6_n6_pairwise1,3,Q3,0.400229920787348,-0.020373577966173773,10
future_ret_6m,2010-03-31 00:00:00,FAC_rank_vol_m6_n6_pairwise1__x__rank_mean_m6_n6_pairwise1,4,Q4,0.5335866314186002,-0.0020291020053262,10
future_ret_6m,2010-03-31 00:00:00,FAC_rank_vol_m6_n6_pairwise1__x__rank_mean_m6_n6_pairwise1,5,High,0.7496278281578769,0.00548848846529143,10
future_ret_6m,2010-06-30 00:00:00,FAC_rank_vol_m6_n6_pairwise1__x__rank_mean_m6_n6_pairwise1,1,Low,0.1462227099538045,0.21993284737565943,11
future_ret_6m,2010-06-30 00:00:00,FAC_rank_vol_m6_n6_pairwise1__x__rank_mean_m6_n6_pairwise1,2,Q2,0.29925379646747224,0.22319965940889755,10
future_ret_6m,2010-06-30 00:00:00,FAC_rank_vol_m6_n6_pairwise1__x__rank_mean_m6_n6_pairwise1,3,Q3,0.40909343655859026,0.2516258939016421,10
future_ret_6m,2010-06-30 00:00:00,FAC_rank_vol_m6_n6_pairwise1__x__rank_mean_m6_n6_pairwise1,4,Q4,0.5674877878305739,0.30493547264845133,10
future_ret_6m,2010-06-30 00:00:00,FAC_rank_vol_m6_n6_pairwise1__x__rank_mean_m6_n6_pairwise1,5,High,0.7539271118153401,0.2809426757717983,11
future_ret_6m,2010-09-30 00:00:00,FAC_rank_vol_m6_n6_pairwise1__x__rank_mean_m6_n6_pairwise1,1,Low,0.1308287817268859,0.058331199232254105,10
future_ret_6m,2010-09-30 00:00:00,FAC_rank_vol_m6_n6_pairwise1__x__rank_mean_m6_n6_pairwise1,2,Q2,0.2753486906415371,0.049718328014865386,10
future_ret_6m,2010-09-30 00:00:00,FAC_rank_vol_m6_n6_pairwise1__x__rank_mean_m6_n6_pairwise1,3,Q3,0.4211324803117603,0.04452783951826265,10
future_ret_6m,2010-09-30 00:00:00,FAC_rank_vol_m6_n6_pairwise1__x__rank_mean_m6_n6_pairwise1,4,Q4,0.622182828011011,0.012293493521473808,10
future_ret_6m,2010-09-30 00:00:00,FAC_rank_vol_m6_n6_pairwise1__x__rank_mean_m6_n6_pairwise1,5,High,0.863693025423195,0.02402445521701809,10
future_ret_6m,2010-12-31 00:00:00,FAC_rank_vol_m6_n6_pairwise1__x__rank_mean_m6_n6_pairwise1,1,Low,0.15363780623022552,-0.05636586914586168,11
future_ret_6m,2010-12-31 00:00:00,FAC_rank_vol_m6_n6_pairwise1__x__rank_mean_m6_n6_pairwise1,2,Q2,0.29032090234354746,-0.07777395350573015,10
future_ret_6m,2010-12-31 00:00:00,FAC_rank_vol_m6_n6_pairwise1__x__rank_mean_m6_n6_pairwise1,3,Q3,0.42421341456026584,-0.049045089697590055,11
future_ret_6m,2010-12-31 00:00:00,FAC_rank_vol_m6_n6_pairwise1__x__rank_mean_m6_n6_pairwise1,4,Q4,0.5776670495302894,-0.09214443208938626,10
future_ret_6m,2010-12-31 00:00:00,FAC_rank_vol_m6_n6_pairwise1__x__rank_mean_m6_n6_pairwise1,5,High,0.7908666541234315,-0.08056386138293826,11
future_ret_6m,2011-03-31 00:00:00,FAC_rank_vol_m6_n6_pairwise1__x__rank_mean_m6_n6_pairwise1,1,Low,0.1437025676581849,-0.16181796736003592,11
future_ret_6m,2011-03-31 00:00:00,FAC_rank_vol_m6_n6_pairwise1__x__rank_mean_m6_n6_pairwise1,2,Q2,0.3333348780377913,-0.16265687952453756,10
future_ret_6m,2011-03-31 00:00:00,FAC_rank_vol_m6_n6_pairwise1__x__rank_mean_m6_n6_pairwise1,3,Q3,0.44786490421181274,-0.15141974927514093,10
future_ret_6m,2011-03-31 00:00:00,FAC_rank_vol_m6_n6_pairwise1__x__rank_mean_m6_n6_pairwise1,4,Q4,0.5690062803852692,-0.15395821127484463,10
future_ret_6m,2011-03-31 00:00:00,FAC_rank_vol_m6_n6_pairwise1__x__rank_mean_m6_n6_pairwise1,5,High,0.7893912561425246,-0.14761216831163457,10
future_ret_6m,2011-06-30 00:00:00,FAC_rank_vol_m6_n6_pairwise1__x__rank_mean_m6_n6_pairwise1,1,Low,0.16962977237244628,-0.177740487315827,11
future_ret_6m,2011-06-30 00:00:00,FAC_rank_vol_m6_n6_pairwise1__x__rank_mean_m6_n6_pairwise1,2,Q2,0.2944079895150697,-0.1865963898543745,11
future_ret_6m,2011-06-30 00:00:00,FAC_rank_vol_m6_n6_pairwise1__x__rank_mean_m6_n6_pairwise1,3,Q3,0.40547083764708586,-0.17576988687134248,10
future_ret_6m,2011-06-30 00:00:00,FAC_rank_vol_m6_n6_pairwise1__x__rank_mean_m6_n6_pairwise1,4,Q4,0.5487634485176847,-0.1940333065355116,11
future_ret_6m,2011-06-30 00:00:00,FAC_rank_vol_m6_n6_pairwise1__x__rank_mean_m6_n6_pairwise1,5,High,0.7945361060183281,-0.1910258457832752,11
future_ret_6m,2011-09-30 00:00:00,FAC_rank_vol_m6_n6_pairwise1__x__rank_mean_m6_n6_pairwise1,1,Low,0.16674801599589573,-0.08290556033733645,13
future_ret_6m,2011-09-30 00:00:00,FAC_rank_vol_m6_n6_pairwise1__x__rank_mean_m6_n6_pairwise1,2,Q2,0.3064904345199328,-0.07990284390295259,12
future_ret_6m,2011-09-30 00:00:00,FAC_rank_vol_m6_n6_pairwise1__x__rank_mean_m6_n6_pairwise1,3,Q3,0.4116674463713363,-0.05157465671149766,12
future_ret_6m,2011-09-30 00:00:00,FAC_rank_vol_m6_n6_pairwise1__x__rank_mean_m6_n6_pairwise1,4,Q4,0.5369728854645651,-0.05503059087093237,12
future_ret_6m,2011-09-30 00:00:00,FAC_rank_vol_m6_n6_pairwise1__x__rank_mean_m6_n6_pairwise1,5,High,0.7420842407319356,-0.05950545568881161,12
future_ret_6m,2011-12-30 00:00:00,FAC_rank_vol_m6_n6_pairwise1__x__rank_mean_m6_n6_pairwise1,1,Low,0.15596480971828264,0.03657877255139187,14
future_ret_6m,2011-12-30 00:00:00,FAC_rank_vol_m6_n6_pairwise1__x__rank_mean_m6_n6_pairwise1,2,Q2,0.3194350589417073,0.05491561915495357,14
future_ret_6m,2011-12-30 00:00:00,FAC_rank_vol_m6_n6_pairwise1__x__rank_mean_m6_n6_pairwise1,3,Q3,0.4148745042516611,0.057628288874852635,13
future_ret_6m,2011-12-30 00:00:00,FAC_rank_vol_m6_n6_pairwise1__x__rank_mean_m6_n6_pairwise1,4,Q4,0.5468500308183487,0.0400958277760893,14
future_ret_6m,2011-12-30 00:00:00,FAC_rank_vol_m6_n6_pairwise1__x__rank_mean_m6_n6_pairwise1,5,High,0.7845470166794776,0.05610071798738598,14
future_ret_6m,2012-03-30 00:00:00,FAC_rank_vol_m6_n6_pairwise1__x__rank_mean_m6_n6_pairwise1,1,Low,0.17751373924074343,-0.025272009320769426,13
future_ret_6m,2012-03-30 00:00:00,FAC_rank_vol_m6_n6_pairwise1__x__rank_mean_m6_n6_pairwise1,2,Q2,0.3166599640253703,-0.00402802974776878,12
future_ret_6m,2012-03-30 00:00:00,FAC_rank_vol_m6_n6_pairwise1__x__rank_mean_m6_n6_pairwise1,3,Q3,0.42358814366721775,0.0024688747244816143,12
future_ret_6m,2012-03-30 00:00:00,FAC_rank_vol_m6_n6_pairwise1__x__rank_mean_m6_n6_pairwise1,4,Q4,0.5303403761051878,-0.011311253523208775,12
future_ret_6m,2012-03-30 00:00:00,FAC_rank_vol_m6_n6_pairwise1__x__rank_mean_m6_n6_pairwise1,5,High,0.7526489485854491,0.01600261900395614,13
future_ret_6m,2012-06-29 00:00:00,FAC_rank_vol_m6_n6_pairwise1__x__rank_mean_m6_n6_pairwise1,1,Low,0.15125276800379267,-0.009024925752294492,15
future_ret_6m,2012-06-29 00:00:00,FAC_rank_vol_m6_n6_pairwise1__x__rank_mean_m6_n6_pairwise1,2,Q2,0.2934778469396235,0.008375934025873182,14
future_ret_6m,2012-06-29 00:00:00,FAC_rank_vol_m6_n6_pairwise1__x__rank_mean_m6_n6_pairwise1,3,Q3,0.41022416540109446,0.011255153862332461,15
future_ret_6m,2012-06-29 00:00:00,FAC_rank_vol_m6_n6_pairwise1__x__rank_mean_m6_n6_pairwise1,4,Q4,0.5517286239831098,0.023924680670259508,14
future_ret_6m,2012-06-29 00:00:00,FAC_rank_vol_m6_n6_pairwise1__x__rank_mean_m6_n6_pairwise1,5,High,0.7015665686297865,0.020275093338313663,15
future_ret_6m,2012-09-28 00:00:00,FAC_rank_vol_m6_n6_pairwise1__x__rank_mean_m6_n6_pairwise1,1,Low,0.1717787517706092,0.10688137985124417,16
future_ret_6m,2012-09-28 00:00:00,FAC_rank_vol_m6_n6_pairwise1__x__rank_mean_m6_n6_pairwise1,2,Q2,0.2731547791278572,0.08365971445453071,16
future_ret_6m,2012-09-28 00:00:00,FAC_rank_vol_m6_n6_pairwise1__x__rank_mean_m6_n6_pairwise1,3,Q3,0.3931135762832513,0.10293650354022268,16
future_ret_6m,2012-09-28 00:00:00,FAC_rank_vol_m6_n6_pairwise1__x__rank_mean_m6_n6_pairwise1,4,Q4,0.5214870253645614,0.11122179762024055,16
future_ret_6m,2012-09-28 00:00:00,FAC_rank_vol_m6_n6_pairwise1__x__rank_mean_m6_n6_pairwise1,5,High,0.7155346451757338,0.11936262181156766,16
future_ret_6m,2012-12-31 00:00:00,FAC_rank_vol_m6_n6_pairwise1__x__rank_mean_m6_n6_pairwise1,1,Low,0.1397037021913108,-0.020273269617521072,20
future_ret_6m,2012-12-31 00:00:00,FAC_rank_vol_m6_n6_pairwise1__x__rank_mean_m6_n6_pairwise1,2,Q2,0.28531921076565153,0.035756148186221276,19
future_ret_6m,2012-12-31 00:00:00,FAC_rank_vol_m6_n6_pairwise1__x__rank_mean_m6_n6_pairwise1,3,Q3,0.4349632373897304,0.08190961474746139,20
future_ret_6m,2012-12-31 00:00:00,FAC_rank_vol_m6_n6_pairwise1__x__rank_mean_m6_n6_pairwise1,4,Q4,0.5510911034068432,0.09141682862797298,19
future_ret_6m,2012-12-31 00:00:00,FAC_rank_vol_m6_n6_pairwise1__x__rank_mean_m6_n6_pairwise1,5,High,0.7810628108782812,0.10958257812856372,20
future_ret_6m,2013-03-29 00:00:00,FAC_rank_vol_m6_n6_pairwise1__x__rank_mean_m6_n6_pairwise1,1,Low,0.17304820011723743,0.1026962751755133,22
future_ret_6m,2013-03-29 00:00:00,FAC_rank_vol_m6_n6_pairwise1__x__rank_mean_m6_n6_pairwise1,2,Q2,0.2936967210265213,0.15323547391172335,21
future_ret_6m,2013-03-29 00:00:00,FAC_rank_vol_m6_n6_pairwise1__x__rank_mean_m6_n6_pairwise1,3,Q3,0.3825476743584979,0.1390150537179953,22
future_ret_6m,2013-03-29 00:00:00,FAC_rank_vol_m6_n6_pairwise1__x__rank_mean_m6_n6_pairwise1,4,Q4,0.49207176584373147,0.11705070348978339,21
future_ret_6m,2013-03-29 00:00:00,FAC_rank_vol_m6_n6_pairwise1__x__rank_mean_m6_n6_pairwise1,5,High,0.7282760116886574,0.17731783225558367,22
future_ret_6m,2013-06-28 00:00:00,FAC_rank_vol_m6_n6_pairwise1__x__rank_mean_m6_n6_pairwise1,1,Low,0.16857204819400448,0.07942433474607744,22
future_ret_6m,2013-06-28 00:00:00,FAC_rank_vol_m6_n6_pairwise1__x__rank_mean_m6_n6_pairwise1,2,Q2,0.296015785114828,0.08870490140388172,21
future_ret_6m,2013-06-28 00:00:00,FAC_rank_vol_m6_n6_pairwise1__x__rank_mean_m6_n6_pairwise1,3,Q3,0.39394716200574587,0.09745489007604932,22
future_ret_6m,2013-06-28 00:00:00,FAC_rank_vol_m6_n6_pairwise1__x__rank_mean_m6_n6_pairwise1,4,Q4,0.4939214176077654,0.13526276973167142,21
future_ret_6m,2013-06-28 00:00:00,FAC_rank_vol_m6_n6_pairwise1__x__rank_mean_m6_n6_pairwise1,5,High,0.7713324267405176,0.12208315470218906,22
future_ret_6m,2013-09-30 00:00:00,FAC_rank_vol_m6_n6_pairwise1__x__rank_mean_m6_n6_pairwise1,1,Low,0.13468815625726827,-0.0905770493261179,23
future_ret_6m,2013-09-30 00:00:00,FAC_rank_vol_m6_n6_pairwise1__x__rank_mean_m6_n6_pairwise1,2,Q2,0.3002309448456012,-0.03829514984499471,22
future_ret_6m,2013-09-30 00:00:00,FAC_rank_vol_m6_n6_pairwise1__x__rank_mean_m6_n6_pairwise1,3,Q3,0.44067385087618016,-0.0744142320520906,22
future_ret_6m,2013-09-30 00:00:00,FAC_rank_vol_m6_n6_pairwise1__x__rank_mean_m6_n6_pairwise1,4,Q4,0.5723669115852706,-0.07626788207176705,22
future_ret_6m,2013-09-30 00:00:00,FAC_rank_vol_m6_n6_pairwise1__x__rank_mean_m6_n6_pairwise1,5,High,0.807307071758332,-0.11021634969988452,22
future_ret_6m,2013-12-31 00:00:00,FAC_rank_vol_m6_n6_pairwise1__x__rank_mean_m6_n6_pairwise1,1,Low,0.13747953592113943,-0.047883633701504974,25
future_ret_6m,2013-12-31 00:00:00,FAC_rank_vol_m6_n6_pairwise1__x__rank_mean_m6_n6_pairwise1,2,Q2,0.2826578420230228,0.0011540226684144579,24
future_ret_6m,2013-12-31 00:00:00,FAC_rank_vol_m6_n6_pairwise1__x__rank_mean_m6_n6_pairwise1,3,Q3,0.38698128417570987,-0.01937981904923414,25
future_ret_6m,2013-12-31 00:00:00,FAC_rank_vol_m6_n6_pairwise1__x__rank_mean_m6_n6_pairwise1,4,Q4,0.5544397262601319,-0.023233503938882117,24
future_ret_6m,2013-12-31 00:00:00,FAC_rank_vol_m6_n6_pairwise1__x__rank_mean_m6_n6_pairwise1,5,High,0.7834795647497603,-0.005497058204031793,25
future_ret_6m,2014-03-31 00:00:00,FAC_rank_vol_m6_n6_pairwise1__x__rank_mean_m6_n6_pairwise1,1,Low,0.13876338136757033,0.13012523135354595,24
future_ret_6m,2014-03-31 00:00:00,FAC_rank_vol_m6_n6_pairwise1__x__rank_mean_m6_n6_pairwise1,2,Q2,0.27425683271070084,0.17136709053542798,24
future_ret_6m,2014-03-31 00:00:00,FAC_rank_vol_m6_n6_pairwise1__x__rank_mean_m6_n6_pairwise1,3,Q3,0.41411913476015877,0.1754615476943472,24
future_ret_6m,2014-03-31 00:00:00,FAC_rank_vol_m6_n6_pairwise1__x__rank_mean_m6_n6_pairwise1,4,Q4,0.5576154662787461,0.1774214523952359,24
future_ret_6m,2014-03-31 00:00:00,FAC_rank_vol_m6_n6_pairwise1__x__rank_mean_m6_n6_pairwise1,5,High,0.7382991025135835,0.19879842409373527,24
future_ret_6m,2014-06-30 00:00:00,FAC_rank_vol_m6_n6_pairwise1__x__rank_mean_m6_n6_pairwise1,1,Low,0.13101551366722272,0.24589160368231927,23
future_ret_6m,2014-06-30 00:00:00,FAC_rank_vol_m6_n6_pairwise1__x__rank_mean_m6_n6_pairwise1,2,Q2,0.2955994934587462,0.25862338500136056,23
future_ret_6m,2014-06-30 00:00:00,FAC_rank_vol_m6_n6_pairwise1__x__rank_mean_m6_n6_pairwise1,3,Q3,0.40455634473971275,0.22260247338465888,22
future_ret_6m,2014-06-30 00:00:00,FAC_rank_vol_m6_n6_pairwise1__x__rank_mean_m6_n6_pairwise1,4,Q4,0.5360244388508587,0.2643195502894184,23
future_ret_6m,2014-06-30 00:00:00,FAC_rank_vol_m6_n6_pairwise1__x__rank_mean_m6_n6_pairwise1,5,High,0.8035741460187801,0.2571601105565396,23
future_ret_6m,2014-09-30 00:00:00,FAC_rank_vol_m6_n6_pairwise1__x__rank_mean_m6_n6_pairwise1,1,Low,0.14133926033572483,0.46745315356299877,23
future_ret_6m,2014-09-30 00:00:00,FAC_rank_vol_m6_n6_pairwise1__x__rank_mean_m6_n6_pairwise1,2,Q2,0.2977470317614999,0.43759255191479784,22
future_ret_6m,2014-09-30 00:00:00,FAC_rank_vol_m6_n6_pairwise1__x__rank_mean_m6_n6_pairwise1,3,Q3,0.40245343326505334,0.43491544465127524,22
future_ret_6m,2014-09-30 00:00:00,FAC_rank_vol_m6_n6_pairwise1__x__rank_mean_m6_n6_pairwise1,4,Q4,0.5305693834290047,0.5435457713200703,22
future_ret_6m,2014-09-30 00:00:00,FAC_rank_vol_m6_n6_pairwise1__x__rank_mean_m6_n6_pairwise1,5,High,0.7707614807707018,0.43585720359685537,23
future_ret_6m,2014-12-31 00:00:00,FAC_rank_vol_m6_n6_pairwise1__x__rank_mean_m6_n6_pairwise1,1,Low,0.15268108361926452,0.5309887699914568,20
future_ret_6m,2014-12-31 00:00:00,FAC_rank_vol_m6_n6_pairwise1__x__rank_mean_m6_n6_pairwise1,2,Q2,0.28426833567913723,0.555391281217663,19
future_ret_6m,2014-12-31 00:00:00,FAC_rank_vol_m6_n6_pairwise1__x__rank_mean_m6_n6_pairwise1,3,Q3,0.43212106513373433,0.6358829696415454,19
future_ret_6m,2014-12-31 00:00:00,FAC_rank_vol_m6_n6_pairwise1__x__rank_mean_m6_n6_pairwise1,4,Q4,0.5554971710761206,0.555815559283146,19
future_ret_6m,2014-12-31 00:00:00,FAC_rank_vol_m6_n6_pairwise1__x__rank_mean_m6_n6_pairwise1,5,High,0.7491554819157358,0.5694588407964493,19
future_ret_6m,2015-03-31 00:00:00,FAC_rank_vol_m6_n6_pairwise1__x__rank_mean_m6_n6_pairwise1,1,Low,0.1714553851694979,-0.13861121630542422,19
future_ret_6m,2015-03-31 00:00:00,FAC_rank_vol_m6_n6_pairwise1__x__rank_mean_m6_n6_pairwise1,2,Q2,0.29606832315901005,-0.09340143419285644,19
future_ret_6m,2015-03-31 00:00:00,FAC_rank_vol_m6_n6_pairwise1__x__rank_mean_m6_n6_pairwise1,3,Q3,0.3923079652720839,-0.11044771820138173,19
future_ret_6m,2015-03-31 00:00:00,FAC_rank_vol_m6_n6_pairwise1__x__rank_mean_m6_n6_pairwise1,4,Q4,0.5317651564297011,-0.10885010251997745,19
future_ret_6m,2015-03-31 00:00:00,FAC_rank_vol_m6_n6_pairwise1__x__rank_mean_m6_n6_pairwise1,5,High,0.6873561554558345,-0.14666130476096964,19
future_ret_6m,2015-06-30 00:00:00,FAC_rank_vol_m6_n6_pairwise1__x__rank_mean_m6_n6_pairwise1,1,Low,0.17151844746522246,-0.03355897567248286,15
future_ret_6m,2015-06-30 00:00:00,FAC_rank_vol_m6_n6_pairwise1__x__rank_mean_m6_n6_pairwise1,2,Q2,0.3204260354608543,-0.02019707542902393,14
future_ret_6m,2015-06-30 00:00:00,FAC_rank_vol_m6_n6_pairwise1__x__rank_mean_m6_n6_pairwise1,3,Q3,0.402552335497883,-0.014095719328942895,14
future_ret_6m,2015-06-30 00:00:00,FAC_rank_vol_m6_n6_pairwise1__x__rank_mean_m6_n6_pairwise1,4,Q4,0.5156269892550859,-0.037081299226556896,14
future_ret_6m,2015-06-30 00:00:00,FAC_rank_vol_m6_n6_pairwise1__x__rank_mean_m6_n6_pairwise1,5,High,0.7413317779038336,-0.08329412935609813,15
future_ret_6m,2015-09-30 00:00:00,FAC_rank_vol_m6_n6_pairwise1__x__rank_mean_m6_n6_pairwise1,1,Low,0.21181768371437787,0.08168301212147479,14
future_ret_6m,2015-09-30 00:00:00,FAC_rank_vol_m6_n6_pairwise1__x__rank_mean_m6_n6_pairwise1,2,Q2,0.31492944092822067,0.061525502058836265,14
future_ret_6m,2015-09-30 00:00:00,FAC_rank_vol_m6_n6_pairwise1__x__rank_mean_m6_n6_pairwise1,3,Q3,0.3969535100291637,0.11969453637733474,14
future_ret_6m,2015-09-30 00:00:00,FAC_rank_vol_m6_n6_pairwise1__x__rank_mean_m6_n6_pairwise1,4,Q4,0.4874754191149676,0.08791329000258703,14
future_ret_6m,2015-09-30 00:00:00,FAC_rank_vol_m6_n6_pairwise1__x__rank_mean_m6_n6_pairwise1,5,High,0.6667618015397913,0.08971714038592815,14
future_ret_6m,2015-12-31 00:00:00,FAC_rank_vol_m6_n6_pairwise1__x__rank_mean_m6_n6_pairwise1,1,Low,0.15300017535366944,-0.14013299213658423,15
future_ret_6m,2015-12-31 00:00:00,FAC_rank_vol_m6_n6_pairwise1__x__rank_mean_m6_n6_pairwise1,2,Q2,0.28612148364505924,-0.1471650781054519,15
future_ret_6m,2015-12-31 00:00:00,FAC_rank_vol_m6_n6_pairwise1__x__rank_mean_m6_n6_pairwise1,3,Q3,0.42577605392265727,-0.11708591374922601,15
future_ret_6m,2015-12-31 00:00:00,FAC_rank_vol_m6_n6_pairwise1__x__rank_mean_m6_n6_pairwise1,4,Q4,0.5340653656878356,-0.10991942832334908,15
future_ret_6m,2015-12-31 00:00:00,FAC_rank_vol_m6_n6_pairwise1__x__rank_mean_m6_n6_pairwise1,5,High,0.7359698335205532,-0.09860974221122812,15
future_ret_6m,2016-03-31 00:00:00,FAC_rank_vol_m6_n6_pairwise1__x__rank_mean_m6_n6_pairwise1,1,Low,0.17407192034122274,0.03611041169560908,17
future_ret_6m,2016-03-31 00:00:00,FAC_rank_vol_m6_n6_pairwise1__x__rank_mean_m6_n6_pairwise1,2,Q2,0.3079818464846703,0.046622104580442074,16
future_ret_6m,2016-03-31 00:00:00,FAC_rank_vol_m6_n6_pairwise1__x__rank_mean_m6_n6_pairwise1,3,Q3,0.4050320289954871,0.04720245152164277,16
future_ret_6m,2016-03-31 00:00:00,FAC_rank_vol_m6_n6_pairwise1__x__rank_mean_m6_n6_pairwise1,4,Q4,0.5203784173338657,0.054707137068971845,16
future_ret_6m,2016-03-31 00:00:00,FAC_rank_vol_m6_n6_pairwise1__x__rank_mean_m6_n6_pairwise1,5,High,0.7776650320850229,0.06133853059631567,16
future_ret_6m,2016-06-30 00:00:00,FAC_rank_vol_m6_n6_pairwise1__x__rank_mean_m6_n6_pairwise1,1,Low,0.1514852002214843,-0.028033725889067076,18
future_ret_6m,2016-06-30 00:00:00,FAC_rank_vol_m6_n6_pairwise1__x__rank_mean_m6_n6_pairwise1,2,Q2,0.3007010327874398,-0.028963264907184767,18
future_ret_6m,2016-06-30 00:00:00,FAC_rank_vol_m6_n6_pairwise1__x__rank_mean_m6_n6_pairwise1,3,Q3,0.44154021259342346,-0.022726399689746997,17
future_ret_6m,2016-06-30 00:00:00,FAC_rank_vol_m6_n6_pairwise1__x__rank_mean_m6_n6_pairwise1,4,Q4,0.5298935878944847,0.0158480523858016,18
future_ret_6m,2016-06-30 00:00:00,FAC_rank_vol_m6_n6_pairwise1__x__rank_mean_m6_n6_pairwise1,5,High,0.7455946505007025,0.0029030096056108265,18
future_ret_6m,2016-09-30 00:00:00,FAC_rank_vol_m6_n6_pairwise1__x__rank_mean_m6_n6_pairwise1,1,Low,0.17763467622714943,-0.04436348596495624,19
future_ret_6m,2016-09-30 00:00:00,FAC_rank_vol_m6_n6_pairwise1__x__rank_mean_m6_n6_pairwise1,2,Q2,0.30867789977157184,-0.007323928839696804,18
future_ret_6m,2016-09-30 00:00:00,FAC_rank_vol_m6_n6_pairwise1__x__rank_mean_m6_n6_pairwise1,3,Q3,0.42103625873869516,0.01254970678877021,18
future_ret_6m,2016-09-30 00:00:00,FAC_rank_vol_m6_n6_pairwise1__x__rank_mean_m6_n6_pairwise1,4,Q4,0.5431861392282514,0.03454808026545511,18
future_ret_6m,2016-09-30 00:00:00,FAC_rank_vol_m6_n6_pairwise1__x__rank_mean_m6_n6_pairwise1,5,High,0.7759117315423532,0.022864033036047886,18
future_ret_6m,2016-12-30 00:00:00,FAC_rank_vol_m6_n6_pairwise1__x__rank_mean_m6_n6_pairwise1,1,Low,0.13388718096251864,0.029291488296708645,24
future_ret_6m,2016-12-30 00:00:00,FAC_rank_vol_m6_n6_pairwise1__x__rank_mean_m6_n6_pairwise1,2,Q2,0.30639689038295465,0.057843641367723714,23
future_ret_6m,2016-12-30 00:00:00,FAC_rank_vol_m6_n6_pairwise1__x__rank_mean_m6_n6_pairwise1,3,Q3,0.42789606510411843,0.08450982771481867,24
future_ret_6m,2016-12-30 00:00:00,FAC_rank_vol_m6_n6_pairwise1__x__rank_mean_m6_n6_pairwise1,4,Q4,0.5661145952140657,0.07866286662917939,23
future_ret_6m,2016-12-30 00:00:00,FAC_rank_vol_m6_n6_pairwise1__x__rank_mean_m6_n6_pairwise1,5,High,0.7711176058137997,0.07621078335108165,24
future_ret_6m,2017-03-31 00:00:00,FAC_rank_vol_m6_n6_pairwise1__x__rank_mean_m6_n6_pairwise1,1,Low,0.14310914098365,0.08299386785232485,31
future_ret_6m,2017-03-31 00:00:00,FAC_rank_vol_m6_n6_pairwise1__x__rank_mean_m6_n6_pairwise1,2,Q2,0.2907463655358507,0.08611266295195437,31
future_ret_6m,2017-03-31 00:00:00,FAC_rank_vol_m6_n6_pairwise1__x__rank_mean_m6_n6_pairwise1,3,Q3,0.41856577144734225,0.09246728534912006,30
future_ret_6m,2017-03-31 00:00:00,FAC_rank_vol_m6_n6_pairwise1__x__rank_mean_m6_n6_pairwise1,4,Q4,0.5577775086769882,0.08553278731414421,31
future_ret_6m,2017-03-31 00:00:00,FAC_rank_vol_m6_n6_pairwise1__x__rank_mean_m6_n6_pairwise1,5,High,0.7629692081937564,0.10647193583098405,31
future_ret_6m,2017-06-30 00:00:00,FAC_rank_vol_m6_n6_pairwise1__x__rank_mean_m6_n6_pairwise1,1,Low,0.1369067917485872,0.0346032286202565,41
future_ret_6m,2017-06-30 00:00:00,FAC_rank_vol_m6_n6_pairwise1__x__rank_mean_m6_n6_pairwise1,2,Q2,0.2901218456106821,0.08228544934856766,40
future_ret_6m,2017-06-30 00:00:00,FAC_rank_vol_m6_n6_pairwise1__x__rank_mean_m6_n6_pairwise1,3,Q3,0.407359967743949,0.09686448840497904,40
future_ret_6m,2017-06-30 00:00:00,FAC_rank_vol_m6_n6_pairwise1__x__rank_mean_m6_n6_pairwise1,4,Q4,0.551353687316553,0.11006444858653612,40
future_ret_6m,2017-06-30 00:00:00,FAC_rank_vol_m6_n6_pairwise1__x__rank_mean_m6_n6_pairwise1,5,High,0.7613566279182213,0.1211266724176156,41
future_ret_6m,2017-09-29 00:00:00,FAC_rank_vol_m6_n6_pairwise1__x__rank_mean_m6_n6_pairwise1,1,Low,0.12498254605033353,-0.032057026223389795,45
future_ret_6m,2017-09-29 00:00:00,FAC_rank_vol_m6_n6_pairwise1__x__rank_mean_m6_n6_pairwise1,2,Q2,0.2793887858814206,0.007364299586939001,44
future_ret_6m,2017-09-29 00:00:00,FAC_rank_vol_m6_n6_pairwise1__x__rank_mean_m6_n6_pairwise1,3,Q3,0.4172085086900935,0.005569322637884059,44
future_ret_6m,2017-09-29 00:00:00,FAC_rank_vol_m6_n6_pairwise1__x__rank_mean_m6_n6_pairwise1,4,Q4,0.588819938061842,0.01679703612999259,44
future_ret_6m,2017-09-29 00:00:00,FAC_rank_vol_m6_n6_pairwise1__x__rank_mean_m6_n6_pairwise1,5,High,0.8085173022695572,0.04121081167594598,45
future_ret_6m,2017-12-29 00:00:00,FAC_rank_vol_m6_n6_pairwise1__x__rank_mean_m6_n6_pairwise1,1,Low,0.11943027493018477,-0.052810368831396844,47
future_ret_6m,2017-12-29 00:00:00,FAC_rank_vol_m6_n6_pairwise1__x__rank_mean_m6_n6_pairwise1,2,Q2,0.2802340186256345,-0.0887209123469152,46
future_ret_6m,2017-12-29 00:00:00,FAC_rank_vol_m6_n6_pairwise1__x__rank_mean_m6_n6_pairwise1,3,Q3,0.4188196301060787,-0.0927606258406906,47
future_ret_6m,2017-12-29 00:00:00,FAC_rank_vol_m6_n6_pairwise1__x__rank_mean_m6_n6_pairwise1,4,Q4,0.5850209737892115,-0.09452408128157967,46
future_ret_6m,2017-12-29 00:00:00,FAC_rank_vol_m6_n6_pairwise1__x__rank_mean_m6_n6_pairwise1,5,High,0.771897938256888,-0.08822944847910572,47
future_ret_6m,2018-03-30 00:00:00,FAC_rank_vol_m6_n6_pairwise1__x__rank_mean_m6_n6_pairwise1,1,Low,0.13939658158737267,-0.15005440806770232,50
future_ret_6m,2018-03-30 00:00:00,FAC_rank_vol_m6_n6_pairwise1__x__rank_mean_m6_n6_pairwise1,2,Q2,0.275412459317049,-0.15927880703386227,49
future_ret_6m,2018-03-30 00:00:00,FAC_rank_vol_m6_n6_pairwise1__x__rank_mean_m6_n6_pairwise1,3,Q3,0.41544268376811977,-0.14792651190722095,50
future_ret_6m,2018-03-30 00:00:00,FAC_rank_vol_m6_n6_pairwise1__x__rank_mean_m6_n6_pairwise1,4,Q4,0.5614996986067412,-0.14471673831234155,49
future_ret_6m,2018-03-30 00:00:00,FAC_rank_vol_m6_n6_pairwise1__x__rank_mean_m6_n6_pairwise1,5,High,0.7634349009112154,-0.11697782614912594,50
future_ret_6m,2018-06-29 00:00:00,FAC_rank_vol_m6_n6_pairwise1__x__rank_mean_m6_n6_pairwise1,1,Low,0.14631090175319922,-0.20292059230976772,51
future_ret_6m,2018-06-29 00:00:00,FAC_rank_vol_m6_n6_pairwise1__x__rank_mean_m6_n6_pairwise1,2,Q2,0.2871488839636638,-0.17430731099273075,50
future_ret_6m,2018-06-29 00:00:00,FAC_rank_vol_m6_n6_pairwise1__x__rank_mean_m6_n6_pairwise1,3,Q3,0.4003759879824148,-0.16239634896883104,51
future_ret_6m,2018-06-29 00:00:00,FAC_rank_vol_m6_n6_pairwise1__x__rank_mean_m6_n6_pairwise1,4,Q4,0.540715008360635,-0.16661972239546394,50
future_ret_6m,2018-06-29 00:00:00,FAC_rank_vol_m6_n6_pairwise1__x__rank_mean_m6_n6_pairwise1,5,High,0.7613958479760261,-0.18797771070898625,51
future_ret_6m,2018-09-28 00:00:00,FAC_rank_vol_m6_n6_pairwise1__x__rank_mean_m6_n6_pairwise1,1,Low,0.14268235683345043,0.12676840985273613,51
future_ret_6m,2018-09-28 00:00:00,FAC_rank_vol_m6_n6_pairwise1__x__rank_mean_m6_n6_pairwise1,2,Q2,0.2864501383614631,0.12180936995555541,51
future_ret_6m,2018-09-28 00:00:00,FAC_rank_vol_m6_n6_pairwise1__x__rank_mean_m6_n6_pairwise1,3,Q3,0.40678927970676104,0.14563627450664637,50
future_ret_6m,2018-09-28 00:00:00,FAC_rank_vol_m6_n6_pairwise1__x__rank_mean_m6_n6_pairwise1,4,Q4,0.5480126660059257,0.1443532735764387,51
future_ret_6m,2018-09-28 00:00:00,FAC_rank_vol_m6_n6_pairwise1__x__rank_mean_m6_n6_pairwise1,5,High,0.7605316322974397,0.11946147844590968,51
future_ret_6m,2018-12-28 00:00:00,FAC_rank_vol_m6_n6_pairwise1__x__rank_mean_m6_n6_pairwise1,1,Low,0.14531426292210603,0.2658200187378958,51
future_ret_6m,2018-12-28 00:00:00,FAC_rank_vol_m6_n6_pairwise1__x__rank_mean_m6_n6_pairwise1,2,Q2,0.28878445008833914,0.27615255663549293,51
future_ret_6m,2018-12-28 00:00:00,FAC_rank_vol_m6_n6_pairwise1__x__rank_mean_m6_n6_pairwise1,3,Q3,0.39536924024106734,0.289920682379354,50
future_ret_6m,2018-12-28 00:00:00,FAC_rank_vol_m6_n6_pairwise1__x__rank_mean_m6_n6_pairwise1,4,Q4,0.5255538664119964,0.2479489961396927,51
future_ret_6m,2018-12-28 00:00:00,FAC_rank_vol_m6_n6_pairwise1__x__rank_mean_m6_n6_pairwise1,5,High,0.7381074936176497,0.21595612729769534,51
future_ret_6m,2019-03-29 00:00:00,FAC_rank_vol_m6_n6_pairwise1__x__rank_mean_m6_n6_pairwise1,1,Low,0.15147162702263606,0.09066648592351315,51
future_ret_6m,2019-03-29 00:00:00,FAC_rank_vol_m6_n6_pairwise1__x__rank_mean_m6_n6_pairwise1,2,Q2,0.2888953533058488,0.06544710600984609,50
future_ret_6m,2019-03-29 00:00:00,FAC_rank_vol_m6_n6_pairwise1__x__rank_mean_m6_n6_pairwise1,3,Q3,0.3957635174382839,0.06635447222763373,50
future_ret_6m,2019-03-29 00:00:00,FAC_rank_vol_m6_n6_pairwise1__x__rank_mean_m6_n6_pairwise1,4,Q4,0.5172090079531418,0.0577891056247492,50
future_ret_6m,2019-03-29 00:00:00,FAC_rank_vol_m6_n6_pairwise1__x__rank_mean_m6_n6_pairwise1,5,High,0.7051362376245893,0.050030050062489485,50
future_ret_6m,2019-06-28 00:00:00,FAC_rank_vol_m6_n6_pairwise1__x__rank_mean_m6_n6_pairwise1,1,Low,0.17652435658075832,0.17013421931111725,55
future_ret_6m,2019-06-28 00:00:00,FAC_rank_vol_m6_n6_pairwise1__x__rank_mean_m6_n6_pairwise1,2,Q2,0.2846864133106313,0.1827246295828427,55
future_ret_6m,2019-06-28 00:00:00,FAC_rank_vol_m6_n6_pairwise1__x__rank_mean_m6_n6_pairwise1,3,Q3,0.3713541323589216,0.1898284971955217,54
future_ret_6m,2019-06-28 00:00:00,FAC_rank_vol_m6_n6_pairwise1__x__rank_mean_m6_n6_pairwise1,4,Q4,0.48483955995287586,0.19636048607801257,55
future_ret_6m,2019-06-28 00:00:00,FAC_rank_vol_m6_n6_pairwise1__x__rank_mean_m6_n6_pairwise1,5,High,0.7183389175872679,0.18906791294474445,55
future_ret_6m,2019-09-30 00:00:00,FAC_rank_vol_m6_n6_pairwise1__x__rank_mean_m6_n6_pairwise1,1,Low,0.14449438340297746,0.07008176525162021,55
future_ret_6m,2019-09-30 00:00:00,FAC_rank_vol_m6_n6_pairwise1__x__rank_mean_m6_n6_pairwise1,2,Q2,0.2897855294139997,0.0991878719631466,54
future_ret_6m,2019-09-30 00:00:00,FAC_rank_vol_m6_n6_pairwise1__x__rank_mean_m6_n6_pairwise1,3,Q3,0.42620113871317794,0.10899053619254094,54
future_ret_6m,2019-09-30 00:00:00,FAC_rank_vol_m6_n6_pairwise1__x__rank_mean_m6_n6_pairwise1,4,Q4,0.572507101527124,0.13158663289651495,54
future_ret_6m,2019-09-30 00:00:00,FAC_rank_vol_m6_n6_pairwise1__x__rank_mean_m6_n6_pairwise1,5,High,0.7835970229526342,0.11457484906961256,55
future_ret_6m,2019-12-31 00:00:00,FAC_rank_vol_m6_n6_pairwise1__x__rank_mean_m6_n6_pairwise1,1,Low,0.13636131436246454,0.16902873927887951,58
future_ret_6m,2019-12-31 00:00:00,FAC_rank_vol_m6_n6_pairwise1__x__rank_mean_m6_n6_pairwise1,2,Q2,0.290427560532669,0.217477769846014,58
future_ret_6m,2019-12-31 00:00:00,FAC_rank_vol_m6_n6_pairwise1__x__rank_mean_m6_n6_pairwise1,3,Q3,0.41471869741048895,0.2716874993769794,57
future_ret_6m,2019-12-31 00:00:00,FAC_rank_vol_m6_n6_pairwise1__x__rank_mean_m6_n6_pairwise1,4,Q4,0.535037345169715,0.3105303378467432,58
future_ret_6m,2019-12-31 00:00:00,FAC_rank_vol_m6_n6_pairwise1__x__rank_mean_m6_n6_pairwise1,5,High,0.7379050077621523,0.37580974846315557,58
future_ret_6m,2020-03-31 00:00:00,FAC_rank_vol_m6_n6_pairwise1__x__rank_mean_m6_n6_pairwise1,1,Low,0.13557485780444123,0.39301450043267727,63
future_ret_6m,2020-03-31 00:00:00,FAC_rank_vol_m6_n6_pairwise1__x__rank_mean_m6_n6_pairwise1,2,Q2,0.27790420183229514,0.425629546191107,63
future_ret_6m,2020-03-31 00:00:00,FAC_rank_vol_m6_n6_pairwise1__x__rank_mean_m6_n6_pairwise1,3,Q3,0.4192409211803754,0.4289501196131667,62
future_ret_6m,2020-03-31 00:00:00,FAC_rank_vol_m6_n6_pairwise1__x__rank_mean_m6_n6_pairwise1,4,Q4,0.5723047586682467,0.4212630105187016,63
future_ret_6m,2020-03-31 00:00:00,FAC_rank_vol_m6_n6_pairwise1__x__rank_mean_m6_n6_pairwise1,5,High,0.7688094226281825,0.4208472103552745,63
future_ret_6m,2020-06-30 00:00:00,FAC_rank_vol_m6_n6_pairwise1__x__rank_mean_m6_n6_pairwise1,1,Low,0.12347949163937172,0.3183217358427654,67
future_ret_6m,2020-06-30 00:00:00,FAC_rank_vol_m6_n6_pairwise1__x__rank_mean_m6_n6_pairwise1,2,Q2,0.2935956372034728,0.3174214816369792,67
future_ret_6m,2020-06-30 00:00:00,FAC_rank_vol_m6_n6_pairwise1__x__rank_mean_m6_n6_pairwise1,3,Q3,0.42663934918075574,0.31183963676413046,66
future_ret_6m,2020-06-30 00:00:00,FAC_rank_vol_m6_n6_pairwise1__x__rank_mean_m6_n6_pairwise1,4,Q4,0.5738590393751024,0.2950911414492648,67
future_ret_6m,2020-06-30 00:00:00,FAC_rank_vol_m6_n6_pairwise1__x__rank_mean_m6_n6_pairwise1,5,High,0.7702552096883304,0.22951630869667156,67
future_ret_6m,2020-09-30 00:00:00,FAC_rank_vol_m6_n6_pairwise1__x__rank_mean_m6_n6_pairwise1,1,Low,0.15406705668639253,0.11680847762715223,72
future_ret_6m,2020-09-30 00:00:00,FAC_rank_vol_m6_n6_pairwise1__x__rank_mean_m6_n6_pairwise1,2,Q2,0.3040539092481379,0.12027846731860775,71
future_ret_6m,2020-09-30 00:00:00,FAC_rank_vol_m6_n6_pairwise1__x__rank_mean_m6_n6_pairwise1,3,Q3,0.4062441266978193,0.10504256779645013,71
future_ret_6m,2020-09-30 00:00:00,FAC_rank_vol_m6_n6_pairwise1__x__rank_mean_m6_n6_pairwise1,4,Q4,0.5171401976927387,0.1180281843572072,71
future_ret_6m,2020-09-30 00:00:00,FAC_rank_vol_m6_n6_pairwise1__x__rank_mean_m6_n6_pairwise1,5,High,0.6977806778222775,0.10183758589415187,72
future_ret_6m,2020-12-31 00:00:00,FAC_rank_vol_m6_n6_pairwise1__x__rank_mean_m6_n6_pairwise1,1,Low,0.1577313084721323,0.08557780109343127,76
future_ret_6m,2020-12-31 00:00:00,FAC_rank_vol_m6_n6_pairwise1__x__rank_mean_m6_n6_pairwise1,2,Q2,0.2834244028244527,0.1091904479580517,76
future_ret_6m,2020-12-31 00:00:00,FAC_rank_vol_m6_n6_pairwise1__x__rank_mean_m6_n6_pairwise1,3,Q3,0.3853537568331823,0.10164711367181287,75
future_ret_6m,2020-12-31 00:00:00,FAC_rank_vol_m6_n6_pairwise1__x__rank_mean_m6_n6_pairwise1,4,Q4,0.531430889517515,0.09616008719637355,76
future_ret_6m,2020-12-31 00:00:00,FAC_rank_vol_m6_n6_pairwise1__x__rank_mean_m6_n6_pairwise1,5,High,0.7270518681497369,0.08670784571429563,76
future_ret_6m,2021-03-31 00:00:00,FAC_rank_vol_m6_n6_pairwise1__x__rank_mean_m6_n6_pairwise1,1,Low,0.13851491593199666,0.12314869257576395,82
future_ret_6m,2021-03-31 00:00:00,FAC_rank_vol_m6_n6_pairwise1__x__rank_mean_m6_n6_pairwise1,2,Q2,0.2803937519635276,0.0867104768668011,82
future_ret_6m,2021-03-31 00:00:00,FAC_rank_vol_m6_n6_pairwise1__x__rank_mean_m6_n6_pairwise1,3,Q3,0.4100943048816434,0.0934812907492843,81
future_ret_6m,2021-03-31 00:00:00,FAC_rank_vol_m6_n6_pairwise1__x__rank_mean_m6_n6_pairwise1,4,Q4,0.5578788345542762,0.0992892671053766,82
future_ret_6m,2021-03-31 00:00:00,FAC_rank_vol_m6_n6_pairwise1__x__rank_mean_m6_n6_pairwise1,5,High,0.7850119046916915,0.10778434308499034,82
future_ret_6m,2021-06-30 00:00:00,FAC_rank_vol_m6_n6_pairwise1__x__rank_mean_m6_n6_pairwise1,1,Low,0.15448374426594472,0.03716724415515865,89
future_ret_6m,2021-06-30 00:00:00,FAC_rank_vol_m6_n6_pairwise1__x__rank_mean_m6_n6_pairwise1,2,Q2,0.28389506162638334,-0.0038422722793408186,89
future_ret_6m,2021-06-30 00:00:00,FAC_rank_vol_m6_n6_pairwise1__x__rank_mean_m6_n6_pairwise1,3,Q3,0.3934597565161406,-0.022635383175909473,88
future_ret_6m,2021-06-30 00:00:00,FAC_rank_vol_m6_n6_pairwise1__x__rank_mean_m6_n6_pairwise1,4,Q4,0.517897943460332,-0.03573017385259737,89
future_ret_6m,2021-06-30 00:00:00,FAC_rank_vol_m6_n6_pairwise1__x__rank_mean_m6_n6_pairwise1,5,High,0.7038003641461525,0.014787717180562888,89
future_ret_6m,2021-09-30 00:00:00,FAC_rank_vol_m6_n6_pairwise1__x__rank_mean_m6_n6_pairwise1,1,Low,0.1707332086450339,-0.13725658194030427,98
future_ret_6m,2021-09-30 00:00:00,FAC_rank_vol_m6_n6_pairwise1__x__rank_mean_m6_n6_pairwise1,2,Q2,0.2881021421281674,-0.1420564027166077,97
future_ret_6m,2021-09-30 00:00:00,FAC_rank_vol_m6_n6_pairwise1__x__rank_mean_m6_n6_pairwise1,3,Q3,0.3875497137073911,-0.1418178318756988,97
future_ret_6m,2021-09-30 00:00:00,FAC_rank_vol_m6_n6_pairwise1__x__rank_mean_m6_n6_pairwise1,4,Q4,0.4915912158340374,-0.15848047667974335,97
future_ret_6m,2021-09-30 00:00:00,FAC_rank_vol_m6_n6_pairwise1__x__rank_mean_m6_n6_pairwise1,5,High,0.6964987911620344,-0.154246218208182,98
future_ret_6m,2021-12-31 00:00:00,FAC_rank_vol_m6_n6_pairwise1__x__rank_mean_m6_n6_pairwise1,1,Low,0.12887468411334213,-0.09528686808233466,106
future_ret_6m,2021-12-31 00:00:00,FAC_rank_vol_m6_n6_pairwise1__x__rank_mean_m6_n6_pairwise1,2,Q2,0.2786812378028744,-0.10324876616056884,105
future_ret_6m,2021-12-31 00:00:00,FAC_rank_vol_m6_n6_pairwise1__x__rank_mean_m6_n6_pairwise1,3,Q3,0.4406402805292198,-0.1068042611670538,105
future_ret_6m,2021-12-31 00:00:00,FAC_rank_vol_m6_n6_pairwise1__x__rank_mean_m6_n6_pairwise1,4,Q4,0.6253019193661561,-0.1052083491946883,105
future_ret_6m,2021-12-31 00:00:00,FAC_rank_vol_m6_n6_pairwise1__x__rank_mean_m6_n6_pairwise1,5,High,0.8318082391037058,-0.10076846894910296,105
future_ret_6m,2022-03-31 00:00:00,FAC_rank_vol_m6_n6_pairwise1__x__rank_mean_m6_n6_pairwise1,1,Low,0.16018787946154076,-0.06875947532079207,111
future_ret_6m,2022-03-31 00:00:00,FAC_rank_vol_m6_n6_pairwise1__x__rank_mean_m6_n6_pairwise1,2,Q2,0.289873760206041,-0.04492882955892352,111
future_ret_6m,2022-03-31 00:00:00,FAC_rank_vol_m6_n6_pairwise1__x__rank_mean_m6_n6_pairwise1,3,Q3,0.3944184171385414,-0.04568673674420357,111
future_ret_6m,2022-03-31 00:00:00,FAC_rank_vol_m6_n6_pairwise1__x__rank_mean_m6_n6_pairwise1,4,Q4,0.5152601747462962,-0.042499751912042416,111
future_ret_6m,2022-03-31 00:00:00,FAC_rank_vol_m6_n6_pairwise1__x__rank_mean_m6_n6_pairwise1,5,High,0.6877069413440677,-0.038418978818477396,111
future_ret_6m,2022-06-30 00:00:00,FAC_rank_vol_m6_n6_pairwise1__x__rank_mean_m6_n6_pairwise1,1,Low,0.15175441048207278,-0.1512252480896348,130
future_ret_6m,2022-06-30 00:00:00,FAC_rank_vol_m6_n6_pairwise1__x__rank_mean_m6_n6_pairwise1,2,Q2,0.2849444733875331,-0.14395228306163277,130
future_ret_6m,2022-06-30 00:00:00,FAC_rank_vol_m6_n6_pairwise1__x__rank_mean_m6_n6_pairwise1,3,Q3,0.40441047132410307,-0.12506566727107246,130
future_ret_6m,2022-06-30 00:00:00,FAC_rank_vol_m6_n6_pairwise1__x__rank_mean_m6_n6_pairwise1,4,Q4,0.5543408704289933,-0.10783133440814748,130
future_ret_6m,2022-06-30 00:00:00,FAC_rank_vol_m6_n6_pairwise1__x__rank_mean_m6_n6_pairwise1,5,High,0.7943361717749648,-0.07792819015713674,130
future_ret_6m,2008-06-30 00:00:00,FAC_rank_vol_m6_n12_pairwise1__x__rank_mean_m6_n12_pairwise1,1,Low,0.19167906145440128,,2
future_ret_6m,2008-06-30 00:00:00,FAC_rank_vol_m6_n12_pairwise1__x__rank_mean_m6_n12_pairwise1,2,Q2,0.3380330595789945,,1
future_ret_6m,2008-06-30 00:00:00,FAC_rank_vol_m6_n12_pairwise1__x__rank_mean_m6_n12_pairwise1,3,Q3,0.4324361796710978,,2
future_ret_6m,2008-06-30 00:00:00,FAC_rank_vol_m6_n12_pairwise1__x__rank_mean_m6_n12_pairwise1,4,Q4,0.6376413673367383,,1
future_ret_6m,2008-06-30 00:00:00,FAC_rank_vol_m6_n12_pairwise1__x__rank_mean_m6_n12_pairwise1,5,High,0.7241631658840415,,2
future_ret_6m,2008-09-26 00:00:00,FAC_rank_vol_m6_n12_pairwise1__x__rank_mean_m6_n12_pairwise1,1,Low,0.1576488387545138,,2
future_ret_6m,2008-09-26 00:00:00,FAC_rank_vol_m6_n12_pairwise1__x__rank_mean_m6_n12_pairwise1,2,Q2,0.3397240459119949,,2
future_ret_6m,2008-09-26 00:00:00,FAC_rank_vol_m6_n12_pairwise1__x__rank_mean_m6_n12_pairwise1,3,Q3,0.4671226350984077,,1
future_ret_6m,2008-09-26 00:00:00,FAC_rank_vol_m6_n12_pairwise1__x__rank_mean_m6_n12_pairwise1,4,Q4,0.5958949199505394,,2
future_ret_6m,2008-09-26 00:00:00,FAC_rank_vol_m6_n12_pairwise1__x__rank_mean_m6_n12_pairwise1,5,High,0.7192601090315492,,2
future_ret_6m,2008-12-31 00:00:00,FAC_rank_vol_m6_n12_pairwise1__x__rank_mean_m6_n12_pairwise1,1,Low,0.132577574136861,,3
future_ret_6m,2008-12-31 00:00:00,FAC_rank_vol_m6_n12_pairwise1__x__rank_mean_m6_n12_pairwise1,2,Q2,0.2884340029428949,,3
future_ret_6m,2008-12-31 00:00:00,FAC_rank_vol_m6_n12_pairwise1__x__rank_mean_m6_n12_pairwise1,3,Q3,0.4626926313974631,,2
future_ret_6m,2008-12-31 00:00:00,FAC_rank_vol_m6_n12_pairwise1__x__rank_mean_m6_n12_pairwise1,4,Q4,0.5604760707687583,,3
future_ret_6m,2008-12-31 00:00:00,FAC_rank_vol_m6_n12_pairwise1__x__rank_mean_m6_n12_pairwise1,5,High,0.8287526388979609,,3
future_ret_6m,2009-03-31 00:00:00,FAC_rank_vol_m6_n12_pairwise1__x__rank_mean_m6_n12_pairwise1,1,Low,0.11457639340560449,,3
future_ret_6m,2009-03-31 00:00:00,FAC_rank_vol_m6_n12_pairwise1__x__rank_mean_m6_n12_pairwise1,2,Q2,0.2766516780470271,,3
future_ret_6m,2009-03-31 00:00:00,FAC_rank_vol_m6_n12_pairwise1__x__rank_mean_m6_n12_pairwise1,3,Q3,0.40641448987703777,,2
future_ret_6m,2009-03-31 00:00:00,FAC_rank_vol_m6_n12_pairwise1__x__rank_mean_m6_n12_pairwise1,4,Q4,0.5849188326010037,,3
future_ret_6m,2009-03-31 00:00:00,FAC_rank_vol_m6_n12_pairwise1__x__rank_mean_m6_n12_pairwise1,5,High,0.8125292777319683,,3
future_ret_6m,2009-06-30 00:00:00,FAC_rank_vol_m6_n12_pairwise1__x__rank_mean_m6_n12_pairwise1,1,Low,0.13045921025478882,,4
future_ret_6m,2009-06-30 00:00:00,FAC_rank_vol_m6_n12_pairwise1__x__rank_mean_m6_n12_pairwise1,2,Q2,0.2669303788187434,,4
future_ret_6m,2009-06-30 00:00:00,FAC_rank_vol_m6_n12_pairwise1__x__rank_mean_m6_n12_pairwise1,3,Q3,0.47846372268180193,,4
future_ret_6m,2009-06-30 00:00:00,FAC_rank_vol_m6_n12_pairwise1__x__rank_mean_m6_n12_pairwise1,4,Q4,0.6083002973681682,,4
future_ret_6m,2009-06-30 00:00:00,FAC_rank_vol_m6_n12_pairwise1__x__rank_mean_m6_n12_pairwise1,5,High,0.8323825306180813,,4
future_ret_6m,2009-09-30 00:00:00,FAC_rank_vol_m6_n12_pairwise1__x__rank_mean_m6_n12_pairwise1,1,Low,0.13417534229489697,0.10766739228323333,5
future_ret_6m,2009-09-30 00:00:00,FAC_rank_vol_m6_n12_pairwise1__x__rank_mean_m6_n12_pairwise1,2,Q2,0.3089605641856691,0.12916306058697588,5
future_ret_6m,2009-09-30 00:00:00,FAC_rank_vol_m6_n12_pairwise1__x__rank_mean_m6_n12_pairwise1,3,Q3,0.4422728141748431,,4
future_ret_6m,2009-09-30 00:00:00,FAC_rank_vol_m6_n12_pairwise1__x__rank_mean_m6_n12_pairwise1,4,Q4,0.5351643505797188,0.10927165039000601,5
future_ret_6m,2009-09-30 00:00:00,FAC_rank_vol_m6_n12_pairwise1__x__rank_mean_m6_n12_pairwise1,5,High,0.7464260757508092,0.12461691630503124,5
future_ret_6m,2009-12-31 00:00:00,FAC_rank_vol_m6_n12_pairwise1__x__rank_mean_m6_n12_pairwise1,1,Low,0.14254858892007832,-0.16677286533091007,5
future_ret_6m,2009-12-31 00:00:00,FAC_rank_vol_m6_n12_pairwise1__x__rank_mean_m6_n12_pairwise1,2,Q2,0.3398789580691171,-0.20771088084261496,5
future_ret_6m,2009-12-31 00:00:00,FAC_rank_vol_m6_n12_pairwise1__x__rank_mean_m6_n12_pairwise1,3,Q3,0.44806216304926166,-0.19133670741296446,5
future_ret_6m,2009-12-31 00:00:00,FAC_rank_vol_m6_n12_pairwise1__x__rank_mean_m6_n12_pairwise1,4,Q4,0.603946507733397,-0.19227739928716084,5
future_ret_6m,2009-12-31 00:00:00,FAC_rank_vol_m6_n12_pairwise1__x__rank_mean_m6_n12_pairwise1,5,High,0.8021571557309158,-0.20010239335215077,5
future_ret_6m,2010-03-31 00:00:00,FAC_rank_vol_m6_n12_pairwise1__x__rank_mean_m6_n12_pairwise1,1,Low,0.1406848205275811,0.01765268030866688,7
future_ret_6m,2010-03-31 00:00:00,FAC_rank_vol_m6_n12_pairwise1__x__rank_mean_m6_n12_pairwise1,2,Q2,0.3740179739665838,-0.03366470596673023,6
future_ret_6m,2010-03-31 00:00:00,FAC_rank_vol_m6_n12_pairwise1__x__rank_mean_m6_n12_pairwise1,3,Q3,0.4997429996730956,-0.010073068081650297,6
future_ret_6m,2010-03-31 00:00:00,FAC_rank_vol_m6_n12_pairwise1__x__rank_mean_m6_n12_pairwise1,4,Q4,0.6417060093501532,-0.04139444955940643,6
future_ret_6m,2010-03-31 00:00:00,FAC_rank_vol_m6_n12_pairwise1__x__rank_mean_m6_n12_pairwise1,5,High,0.8474806129937651,0.015785956682584184,6
future_ret_6m,2010-06-30 00:00:00,FAC_rank_vol_m6_n12_pairwise1__x__rank_mean_m6_n12_pairwise1,1,Low,0.15471649535840712,0.17805394279966116,8
future_ret_6m,2010-06-30 00:00:00,FAC_rank_vol_m6_n12_pairwise1__x__rank_mean_m6_n12_pairwise1,2,Q2,0.31446057012407136,0.2590685592876177,7
future_ret_6m,2010-06-30 00:00:00,FAC_rank_vol_m6_n12_pairwise1__x__rank_mean_m6_n12_pairwise1,3,Q3,0.4640117596936309,0.27529868504512117,7
future_ret_6m,2010-06-30 00:00:00,FAC_rank_vol_m6_n12_pairwise1__x__rank_mean_m6_n12_pairwise1,4,Q4,0.5991963412635355,0.2706585691133212,7
future_ret_6m,2010-06-30 00:00:00,FAC_rank_vol_m6_n12_pairwise1__x__rank_mean_m6_n12_pairwise1,5,High,0.8267888247609843,0.2899264173836285,8
future_ret_6m,2010-09-30 00:00:00,FAC_rank_vol_m6_n12_pairwise1__x__rank_mean_m6_n12_pairwise1,1,Low,0.1320348256171756,0.0475297020377565,8
future_ret_6m,2010-09-30 00:00:00,FAC_rank_vol_m6_n12_pairwise1__x__rank_mean_m6_n12_pairwise1,2,Q2,0.2887602492437479,0.032729042768916694,8
future_ret_6m,2010-09-30 00:00:00,FAC_rank_vol_m6_n12_pairwise1__x__rank_mean_m6_n12_pairwise1,3,Q3,0.4293253884633164,0.08234339485547568,7
future_ret_6m,2010-09-30 00:00:00,FAC_rank_vol_m6_n12_pairwise1__x__rank_mean_m6_n12_pairwise1,4,Q4,0.5944672091712705,0.0442258491795124,8
future_ret_6m,2010-09-30 00:00:00,FAC_rank_vol_m6_n12_pairwise1__x__rank_mean_m6_n12_pairwise1,5,High,0.8578055760142684,0.020068516638657774,8
future_ret_6m,2010-12-31 00:00:00,FAC_rank_vol_m6_n12_pairwise1__x__rank_mean_m6_n12_pairwise1,1,Low,0.1297153433277388,-0.030494968428574035,8
future_ret_6m,2010-12-31 00:00:00,FAC_rank_vol_m6_n12_pairwise1__x__rank_mean_m6_n12_pairwise1,2,Q2,0.3002556818913573,-0.05397718968196466,8
future_ret_6m,2010-12-31 00:00:00,FAC_rank_vol_m6_n12_pairwise1__x__rank_mean_m6_n12_pairwise1,3,Q3,0.47164728339569123,-0.05526892041329061,8
future_ret_6m,2010-12-31 00:00:00,FAC_rank_vol_m6_n12_pairwise1__x__rank_mean_m6_n12_pairwise1,4,Q4,0.6403853322931038,-0.09558001476627373,8
future_ret_6m,2010-12-31 00:00:00,FAC_rank_vol_m6_n12_pairwise1__x__rank_mean_m6_n12_pairwise1,5,High,0.8887471033352656,-0.09003267958452763,8
future_ret_6m,2011-03-31 00:00:00,FAC_rank_vol_m6_n12_pairwise1__x__rank_mean_m6_n12_pairwise1,1,Low,0.1332153691655607,-0.16886020387968886,8
future_ret_6m,2011-03-31 00:00:00,FAC_rank_vol_m6_n12_pairwise1__x__rank_mean_m6_n12_pairwise1,2,Q2,0.2960843057057903,-0.1475557080200611,7
future_ret_6m,2011-03-31 00:00:00,FAC_rank_vol_m6_n12_pairwise1__x__rank_mean_m6_n12_pairwise1,3,Q3,0.47673818506780974,-0.16915886387676737,8
future_ret_6m,2011-03-31 00:00:00,FAC_rank_vol_m6_n12_pairwise1__x__rank_mean_m6_n12_pairwise1,4,Q4,0.6215795348706924,-0.1494369067188505,7
future_ret_6m,2011-03-31 00:00:00,FAC_rank_vol_m6_n12_pairwise1__x__rank_mean_m6_n12_pairwise1,5,High,0.8799378248835097,-0.12412064598224008,8
future_ret_6m,2011-06-30 00:00:00,FAC_rank_vol_m6_n12_pairwise1__x__rank_mean_m6_n12_pairwise1,1,Low,0.12076928502520151,-0.17981764665702216,8
future_ret_6m,2011-06-30 00:00:00,FAC_rank_vol_m6_n12_pairwise1__x__rank_mean_m6_n12_pairwise1,2,Q2,0.30150893376056054,-0.17338611391101869,7
future_ret_6m,2011-06-30 00:00:00,FAC_rank_vol_m6_n12_pairwise1__x__rank_mean_m6_n12_pairwise1,3,Q3,0.4523169747694326,-0.1934581524870763,7
future_ret_6m,2011-06-30 00:00:00,FAC_rank_vol_m6_n12_pairwise1__x__rank_mean_m6_n12_pairwise1,4,Q4,0.5981323996017889,-0.18447997659383533,7
future_ret_6m,2011-06-30 00:00:00,FAC_rank_vol_m6_n12_pairwise1__x__rank_mean_m6_n12_pairwise1,5,High,0.8487532905472099,-0.19382902312780134,8
future_ret_6m,2011-09-30 00:00:00,FAC_rank_vol_m6_n12_pairwise1__x__rank_mean_m6_n12_pairwise1,1,Low,0.14637113332378798,-0.0941521977695729,8
future_ret_6m,2011-09-30 00:00:00,FAC_rank_vol_m6_n12_pairwise1__x__rank_mean_m6_n12_pairwise1,2,Q2,0.32142420532666055,-0.014017333746769929,7
future_ret_6m,2011-09-30 00:00:00,FAC_rank_vol_m6_n12_pairwise1__x__rank_mean_m6_n12_pairwise1,3,Q3,0.4775229889976106,-0.059757416246165276,7
future_ret_6m,2011-09-30 00:00:00,FAC_rank_vol_m6_n12_pairwise1__x__rank_mean_m6_n12_pairwise1,4,Q4,0.683516433215665,-0.06211194470351606,7
future_ret_6m,2011-09-30 00:00:00,FAC_rank_vol_m6_n12_pairwise1__x__rank_mean_m6_n12_pairwise1,5,High,0.8459490674097602,-0.07739205092572701,8
future_ret_6m,2011-12-30 00:00:00,FAC_rank_vol_m6_n12_pairwise1__x__rank_mean_m6_n12_pairwise1,1,Low,0.15488014139800368,0.019025387465191595,9
future_ret_6m,2011-12-30 00:00:00,FAC_rank_vol_m6_n12_pairwise1__x__rank_mean_m6_n12_pairwise1,2,Q2,0.31057046109463093,0.07001620575537185,8
future_ret_6m,2011-12-30 00:00:00,FAC_rank_vol_m6_n12_pairwise1__x__rank_mean_m6_n12_pairwise1,3,Q3,0.42494151180325385,0.038431930914340655,9
future_ret_6m,2011-12-30 00:00:00,FAC_rank_vol_m6_n12_pairwise1__x__rank_mean_m6_n12_pairwise1,4,Q4,0.5351481298559178,0.05484280054288748,8
future_ret_6m,2011-12-30 00:00:00,FAC_rank_vol_m6_n12_pairwise1__x__rank_mean_m6_n12_pairwise1,5,High,0.7899181332201184,0.06063457300576189,9
future_ret_6m,2012-03-30 00:00:00,FAC_rank_vol_m6_n12_pairwise1__x__rank_mean_m6_n12_pairwise1,1,Low,0.14741216701094878,-0.025731689712902794,10
future_ret_6m,2012-03-30 00:00:00,FAC_rank_vol_m6_n12_pairwise1__x__rank_mean_m6_n12_pairwise1,2,Q2,0.3401508443105079,0.023169533825977875,9
future_ret_6m,2012-03-30 00:00:00,FAC_rank_vol_m6_n12_pairwise1__x__rank_mean_m6_n12_pairwise1,3,Q3,0.44885999169961416,0.0022354731122089027,9
future_ret_6m,2012-03-30 00:00:00,FAC_rank_vol_m6_n12_pairwise1__x__rank_mean_m6_n12_pairwise1,4,Q4,0.5307104398237276,0.0021527674754069854,9
future_ret_6m,2012-03-30 00:00:00,FAC_rank_vol_m6_n12_pairwise1__x__rank_mean_m6_n12_pairwise1,5,High,0.8243213895925404,3.409971992602351e-05,9
future_ret_6m,2012-06-29 00:00:00,FAC_rank_vol_m6_n12_pairwise1__x__rank_mean_m6_n12_pairwise1,1,Low,0.13883649104193782,-0.0105126411241798,10
future_ret_6m,2012-06-29 00:00:00,FAC_rank_vol_m6_n12_pairwise1__x__rank_mean_m6_n12_pairwise1,2,Q2,0.34828436146029856,0.01787080891479672,10
future_ret_6m,2012-06-29 00:00:00,FAC_rank_vol_m6_n12_pairwise1__x__rank_mean_m6_n12_pairwise1,3,Q3,0.4364623631945484,0.023517974751462643,9
future_ret_6m,2012-06-29 00:00:00,FAC_rank_vol_m6_n12_pairwise1__x__rank_mean_m6_n12_pairwise1,4,Q4,0.5900642679647542,0.019098883741957416,10
future_ret_6m,2012-06-29 00:00:00,FAC_rank_vol_m6_n12_pairwise1__x__rank_mean_m6_n12_pairwise1,5,High,0.8408742720266643,0.0037393437015642685,10
future_ret_6m,2012-09-28 00:00:00,FAC_rank_vol_m6_n12_pairwise1__x__rank_mean_m6_n12_pairwise1,1,Low,0.13287886681865138,0.08173652274007828,11
future_ret_6m,2012-09-28 00:00:00,FAC_rank_vol_m6_n12_pairwise1__x__rank_mean_m6_n12_pairwise1,2,Q2,0.29739611781621916,0.09800224016302073,10
future_ret_6m,2012-09-28 00:00:00,FAC_rank_vol_m6_n12_pairwise1__x__rank_mean_m6_n12_pairwise1,3,Q3,0.4209214797906662,0.08822327799395355,10
future_ret_6m,2012-09-28 00:00:00,FAC_rank_vol_m6_n12_pairwise1__x__rank_mean_m6_n12_pairwise1,4,Q4,0.5924761654249998,0.14136908143851815,10
future_ret_6m,2012-09-28 00:00:00,FAC_rank_vol_m6_n12_pairwise1__x__rank_mean_m6_n12_pairwise1,5,High,0.8138662906029059,0.11269692559692954,10
future_ret_6m,2012-12-31 00:00:00,FAC_rank_vol_m6_n12_pairwise1__x__rank_mean_m6_n12_pairwise1,1,Low,0.12792356433968063,0.005497539096053746,13
future_ret_6m,2012-12-31 00:00:00,FAC_rank_vol_m6_n12_pairwise1__x__rank_mean_m6_n12_pairwise1,2,Q2,0.30125102279469396,0.017837916892086293,12
future_ret_6m,2012-12-31 00:00:00,FAC_rank_vol_m6_n12_pairwise1__x__rank_mean_m6_n12_pairwise1,3,Q3,0.4533913281485255,0.040386971094317194,12
future_ret_6m,2012-12-31 00:00:00,FAC_rank_vol_m6_n12_pairwise1__x__rank_mean_m6_n12_pairwise1,4,Q4,0.6139256341091489,0.05965212575966341,12
future_ret_6m,2012-12-31 00:00:00,FAC_rank_vol_m6_n12_pairwise1__x__rank_mean_m6_n12_pairwise1,5,High,0.7776718289384222,0.09876847158895706,13
future_ret_6m,2013-03-29 00:00:00,FAC_rank_vol_m6_n12_pairwise1__x__rank_mean_m6_n12_pairwise1,1,Low,0.12691758388441735,0.07702100107701104,14
future_ret_6m,2013-03-29 00:00:00,FAC_rank_vol_m6_n12_pairwise1__x__rank_mean_m6_n12_pairwise1,2,Q2,0.2854133396555963,0.1418290345632998,14
future_ret_6m,2013-03-29 00:00:00,FAC_rank_vol_m6_n12_pairwise1__x__rank_mean_m6_n12_pairwise1,3,Q3,0.41313054739911836,0.19984645543599358,13
future_ret_6m,2013-03-29 00:00:00,FAC_rank_vol_m6_n12_pairwise1__x__rank_mean_m6_n12_pairwise1,4,Q4,0.5781976035437263,0.11220999444963661,14
future_ret_6m,2013-03-29 00:00:00,FAC_rank_vol_m6_n12_pairwise1__x__rank_mean_m6_n12_pairwise1,5,High,0.7883140222760058,0.15662263788862774,14
future_ret_6m,2013-06-28 00:00:00,FAC_rank_vol_m6_n12_pairwise1__x__rank_mean_m6_n12_pairwise1,1,Low,0.12754769621210307,0.09216607615329457,16
future_ret_6m,2013-06-28 00:00:00,FAC_rank_vol_m6_n12_pairwise1__x__rank_mean_m6_n12_pairwise1,2,Q2,0.2877202851715994,0.11492767343517385,16
future_ret_6m,2013-06-28 00:00:00,FAC_rank_vol_m6_n12_pairwise1__x__rank_mean_m6_n12_pairwise1,3,Q3,0.42765182506590593,0.09641853143793139,16
future_ret_6m,2013-06-28 00:00:00,FAC_rank_vol_m6_n12_pairwise1__x__rank_mean_m6_n12_pairwise1,4,Q4,0.6000654174494151,0.10786435758268936,16
future_ret_6m,2013-06-28 00:00:00,FAC_rank_vol_m6_n12_pairwise1__x__rank_mean_m6_n12_pairwise1,5,High,0.8480208159710272,0.10987783201041895,16
future_ret_6m,2013-09-30 00:00:00,FAC_rank_vol_m6_n12_pairwise1__x__rank_mean_m6_n12_pairwise1,1,Low,0.13264173647781946,-0.06508876974455824,17
future_ret_6m,2013-09-30 00:00:00,FAC_rank_vol_m6_n12_pairwise1__x__rank_mean_m6_n12_pairwise1,2,Q2,0.29055243982188134,-0.06462981613367687,17
future_ret_6m,2013-09-30 00:00:00,FAC_rank_vol_m6_n12_pairwise1__x__rank_mean_m6_n12_pairwise1,3,Q3,0.42002983969881436,-0.08023712083362007,17
future_ret_6m,2013-09-30 00:00:00,FAC_rank_vol_m6_n12_pairwise1__x__rank_mean_m6_n12_pairwise1,4,Q4,0.6023561945156238,-0.07269667398360052,17
future_ret_6m,2013-09-30 00:00:00,FAC_rank_vol_m6_n12_pairwise1__x__rank_mean_m6_n12_pairwise1,5,High,0.8344734617339439,-0.10991271643117201,17
future_ret_6m,2013-12-31 00:00:00,FAC_rank_vol_m6_n12_pairwise1__x__rank_mean_m6_n12_pairwise1,1,Low,0.11907701911348373,-0.043871021111060025,19
future_ret_6m,2013-12-31 00:00:00,FAC_rank_vol_m6_n12_pairwise1__x__rank_mean_m6_n12_pairwise1,2,Q2,0.301281347745302,0.004559798127123784,18
future_ret_6m,2013-12-31 00:00:00,FAC_rank_vol_m6_n12_pairwise1__x__rank_mean_m6_n12_pairwise1,3,Q3,0.45054087014253813,-0.005392632565344557,18
future_ret_6m,2013-12-31 00:00:00,FAC_rank_vol_m6_n12_pairwise1__x__rank_mean_m6_n12_pairwise1,4,Q4,0.6558948835864354,-0.009110331703518168,18
future_ret_6m,2013-12-31 00:00:00,FAC_rank_vol_m6_n12_pairwise1__x__rank_mean_m6_n12_pairwise1,5,High,0.8643779411054028,-0.01973187251442177,18
future_ret_6m,2014-03-31 00:00:00,FAC_rank_vol_m6_n12_pairwise1__x__rank_mean_m6_n12_pairwise1,1,Low,0.12032892149266011,0.14840124269326324,18
future_ret_6m,2014-03-31 00:00:00,FAC_rank_vol_m6_n12_pairwise1__x__rank_mean_m6_n12_pairwise1,2,Q2,0.3193218367155879,0.1951649853370292,17
future_ret_6m,2014-03-31 00:00:00,FAC_rank_vol_m6_n12_pairwise1__x__rank_mean_m6_n12_pairwise1,3,Q3,0.4496097256678856,0.18050153877462188,18
future_ret_6m,2014-03-31 00:00:00,FAC_rank_vol_m6_n12_pairwise1__x__rank_mean_m6_n12_pairwise1,4,Q4,0.6136518686682001,0.1690731111859081,17
future_ret_6m,2014-03-31 00:00:00,FAC_rank_vol_m6_n12_pairwise1__x__rank_mean_m6_n12_pairwise1,5,High,0.8319980869411614,0.18522545532577236,18
future_ret_6m,2014-06-30 00:00:00,FAC_rank_vol_m6_n12_pairwise1__x__rank_mean_m6_n12_pairwise1,1,Low,0.12821094809111425,0.2742082461945409,19
future_ret_6m,2014-06-30 00:00:00,FAC_rank_vol_m6_n12_pairwise1__x__rank_mean_m6_n12_pairwise1,2,Q2,0.2810190440209205,0.26516930758330903,19
future_ret_6m,2014-06-30 00:00:00,FAC_rank_vol_m6_n12_pairwise1__x__rank_mean_m6_n12_pairwise1,3,Q3,0.41949573409254226,0.21696345587215657,18
future_ret_6m,2014-06-30 00:00:00,FAC_rank_vol_m6_n12_pairwise1__x__rank_mean_m6_n12_pairwise1,4,Q4,0.6031824744322679,0.291244030383834,19
future_ret_6m,2014-06-30 00:00:00,FAC_rank_vol_m6_n12_pairwise1__x__rank_mean_m6_n12_pairwise1,5,High,0.8207535059365377,0.19584755226215306,19
future_ret_6m,2014-09-30 00:00:00,FAC_rank_vol_m6_n12_pairwise1__x__rank_mean_m6_n12_pairwise1,1,Low,0.1224293170862166,0.5067726492336003,19
future_ret_6m,2014-09-30 00:00:00,FAC_rank_vol_m6_n12_pairwise1__x__rank_mean_m6_n12_pairwise1,2,Q2,0.29648720851834404,0.4066556601452286,19
future_ret_6m,2014-09-30 00:00:00,FAC_rank_vol_m6_n12_pairwise1__x__rank_mean_m6_n12_pairwise1,3,Q3,0.43893407001727514,0.48156223136081944,18
future_ret_6m,2014-09-30 00:00:00,FAC_rank_vol_m6_n12_pairwise1__x__rank_mean_m6_n12_pairwise1,4,Q4,0.5951981755483647,0.47274707896246504,19
future_ret_6m,2014-09-30 00:00:00,FAC_rank_vol_m6_n12_pairwise1__x__rank_mean_m6_n12_pairwise1,5,High,0.8072452213180796,0.4635903264435362,19
future_ret_6m,2014-12-31 00:00:00,FAC_rank_vol_m6_n12_pairwise1__x__rank_mean_m6_n12_pairwise1,1,Low,0.13849724937704758,0.5430457760293705,17
future_ret_6m,2014-12-31 00:00:00,FAC_rank_vol_m6_n12_pairwise1__x__rank_mean_m6_n12_pairwise1,2,Q2,0.28767304623644757,0.5331391737333845,16
future_ret_6m,2014-12-31 00:00:00,FAC_rank_vol_m6_n12_pairwise1__x__rank_mean_m6_n12_pairwise1,3,Q3,0.3987309944383297,0.6201539928000182,16
future_ret_6m,2014-12-31 00:00:00,FAC_rank_vol_m6_n12_pairwise1__x__rank_mean_m6_n12_pairwise1,4,Q4,0.5721707769820583,0.5970210882448725,16
future_ret_6m,2014-12-31 00:00:00,FAC_rank_vol_m6_n12_pairwise1__x__rank_mean_m6_n12_pairwise1,5,High,0.8449343982376801,0.5998141015181087,16
future_ret_6m,2015-03-31 00:00:00,FAC_rank_vol_m6_n12_pairwise1__x__rank_mean_m6_n12_pairwise1,1,Low,0.14884365388794188,-0.12154880366184194,15
future_ret_6m,2015-03-31 00:00:00,FAC_rank_vol_m6_n12_pairwise1__x__rank_mean_m6_n12_pairwise1,2,Q2,0.2772372304254707,-0.14774584259960194,14
future_ret_6m,2015-03-31 00:00:00,FAC_rank_vol_m6_n12_pairwise1__x__rank_mean_m6_n12_pairwise1,3,Q3,0.4089482551404385,-0.10861285383299649,14
future_ret_6m,2015-03-31 00:00:00,FAC_rank_vol_m6_n12_pairwise1__x__rank_mean_m6_n12_pairwise1,4,Q4,0.5713521133735234,-0.12333033936239914,14
future_ret_6m,2015-03-31 00:00:00,FAC_rank_vol_m6_n12_pairwise1__x__rank_mean_m6_n12_pairwise1,5,High,0.7854277713053816,-0.11469576752862316,14
future_ret_6m,2015-06-30 00:00:00,FAC_rank_vol_m6_n12_pairwise1__x__rank_mean_m6_n12_pairwise1,1,Low,0.140549069480832,-0.03548054500456436,10
future_ret_6m,2015-06-30 00:00:00,FAC_rank_vol_m6_n12_pairwise1__x__rank_mean_m6_n12_pairwise1,2,Q2,0.31225575822192037,-0.06064220600331928,10
future_ret_6m,2015-06-30 00:00:00,FAC_rank_vol_m6_n12_pairwise1__x__rank_mean_m6_n12_pairwise1,3,Q3,0.4622031979960791,-0.044969043919912556,10
future_ret_6m,2015-06-30 00:00:00,FAC_rank_vol_m6_n12_pairwise1__x__rank_mean_m6_n12_pairwise1,4,Q4,0.573858106174171,0.004854199373778523,10
future_ret_6m,2015-06-30 00:00:00,FAC_rank_vol_m6_n12_pairwise1__x__rank_mean_m6_n12_pairwise1,5,High,0.799311174475865,-0.08672206357318005,10
future_ret_6m,2015-09-30 00:00:00,FAC_rank_vol_m6_n12_pairwise1__x__rank_mean_m6_n12_pairwise1,1,Low,0.14821077856241538,0.06775306605502228,10
future_ret_6m,2015-09-30 00:00:00,FAC_rank_vol_m6_n12_pairwise1__x__rank_mean_m6_n12_pairwise1,2,Q2,0.3329592851523336,0.08052574018171477,9
future_ret_6m,2015-09-30 00:00:00,FAC_rank_vol_m6_n12_pairwise1__x__rank_mean_m6_n12_pairwise1,3,Q3,0.4177443376873145,0.10869622297268748,9
future_ret_6m,2015-09-30 00:00:00,FAC_rank_vol_m6_n12_pairwise1__x__rank_mean_m6_n12_pairwise1,4,Q4,0.5358549859940356,0.113217764868993,9
future_ret_6m,2015-09-30 00:00:00,FAC_rank_vol_m6_n12_pairwise1__x__rank_mean_m6_n12_pairwise1,5,High,0.7445819976675897,0.07405568831272222,10
future_ret_6m,2015-12-31 00:00:00,FAC_rank_vol_m6_n12_pairwise1__x__rank_mean_m6_n12_pairwise1,1,Low,0.15477621682416987,-0.13272992568788744,11
future_ret_6m,2015-12-31 00:00:00,FAC_rank_vol_m6_n12_pairwise1__x__rank_mean_m6_n12_pairwise1,2,Q2,0.29794651810903344,-0.15125289747282125,10
future_ret_6m,2015-12-31 00:00:00,FAC_rank_vol_m6_n12_pairwise1__x__rank_mean_m6_n12_pairwise1,3,Q3,0.44527217367795285,-0.127473190324768,10
future_ret_6m,2015-12-31 00:00:00,FAC_rank_vol_m6_n12_pairwise1__x__rank_mean_m6_n12_pairwise1,4,Q4,0.5860969438412701,-0.1160763207236724,10
future_ret_6m,2015-12-31 00:00:00,FAC_rank_vol_m6_n12_pairwise1__x__rank_mean_m6_n12_pairwise1,5,High,0.7706970112291605,-0.12964269424764546,11
future_ret_6m,2016-03-31 00:00:00,FAC_rank_vol_m6_n12_pairwise1__x__rank_mean_m6_n12_pairwise1,1,Low,0.15710307437823035,0.04192739836156742,13
future_ret_6m,2016-03-31 00:00:00,FAC_rank_vol_m6_n12_pairwise1__x__rank_mean_m6_n12_pairwise1,2,Q2,0.31329825068585576,0.04626733523003432,12
future_ret_6m,2016-03-31 00:00:00,FAC_rank_vol_m6_n12_pairwise1__x__rank_mean_m6_n12_pairwise1,3,Q3,0.4404181039723254,0.04257114139024538,12
future_ret_6m,2016-03-31 00:00:00,FAC_rank_vol_m6_n12_pairwise1__x__rank_mean_m6_n12_pairwise1,4,Q4,0.5448130721036425,0.06067164127753819,12
future_ret_6m,2016-03-31 00:00:00,FAC_rank_vol_m6_n12_pairwise1__x__rank_mean_m6_n12_pairwise1,5,High,0.7904127949207683,0.058871456957692865,12
future_ret_6m,2016-06-30 00:00:00,FAC_rank_vol_m6_n12_pairwise1__x__rank_mean_m6_n12_pairwise1,1,Low,0.14486216199293503,-0.03520359895806632,13
future_ret_6m,2016-06-30 00:00:00,FAC_rank_vol_m6_n12_pairwise1__x__rank_mean_m6_n12_pairwise1,2,Q2,0.29615410163032174,-0.008488339070024144,13
future_ret_6m,2016-06-30 00:00:00,FAC_rank_vol_m6_n12_pairwise1__x__rank_mean_m6_n12_pairwise1,3,Q3,0.4469442418204245,-0.01641533993681371,12
future_ret_6m,2016-06-30 00:00:00,FAC_rank_vol_m6_n12_pairwise1__x__rank_mean_m6_n12_pairwise1,4,Q4,0.597995224246685,0.010638663674759536,13
future_ret_6m,2016-06-30 00:00:00,FAC_rank_vol_m6_n12_pairwise1__x__rank_mean_m6_n12_pairwise1,5,High,0.845824424202974,0.009774516455614267,13
future_ret_6m,2016-09-30 00:00:00,FAC_rank_vol_m6_n12_pairwise1__x__rank_mean_m6_n12_pairwise1,1,Low,0.17093262153634936,-0.007773120910330381,14
future_ret_6m,2016-09-30 00:00:00,FAC_rank_vol_m6_n12_pairwise1__x__rank_mean_m6_n12_pairwise1,2,Q2,0.27746563036671645,0.004602900019360889,13
future_ret_6m,2016-09-30 00:00:00,FAC_rank_vol_m6_n12_pairwise1__x__rank_mean_m6_n12_pairwise1,3,Q3,0.4467214917242332,0.011362645456666995,14
future_ret_6m,2016-09-30 00:00:00,FAC_rank_vol_m6_n12_pairwise1__x__rank_mean_m6_n12_pairwise1,4,Q4,0.5960191239565767,0.006224302679960854,13
future_ret_6m,2016-09-30 00:00:00,FAC_rank_vol_m6_n12_pairwise1__x__rank_mean_m6_n12_pairwise1,5,High,0.8237049024147046,0.017510893986291742,14
future_ret_6m,2016-12-30 00:00:00,FAC_rank_vol_m6_n12_pairwise1__x__rank_mean_m6_n12_pairwise1,1,Low,0.1511990533035006,0.039631170468860624,15
future_ret_6m,2016-12-30 00:00:00,FAC_rank_vol_m6_n12_pairwise1__x__rank_mean_m6_n12_pairwise1,2,Q2,0.2818161790455369,0.10751728147253875,15
future_ret_6m,2016-12-30 00:00:00,FAC_rank_vol_m6_n12_pairwise1__x__rank_mean_m6_n12_pairwise1,3,Q3,0.41340558870172195,0.03647886529705704,14
future_ret_6m,2016-12-30 00:00:00,FAC_rank_vol_m6_n12_pairwise1__x__rank_mean_m6_n12_pairwise1,4,Q4,0.5894581142917455,0.10581766238255051,15
future_ret_6m,2016-12-30 00:00:00,FAC_rank_vol_m6_n12_pairwise1__x__rank_mean_m6_n12_pairwise1,5,High,0.8041833268260152,0.04150263552327511,15
future_ret_6m,2017-03-31 00:00:00,FAC_rank_vol_m6_n12_pairwise1__x__rank_mean_m6_n12_pairwise1,1,Low,0.14610527538139562,0.07954025949174247,16
future_ret_6m,2017-03-31 00:00:00,FAC_rank_vol_m6_n12_pairwise1__x__rank_mean_m6_n12_pairwise1,2,Q2,0.3217300271561088,0.08740771378428085,15
future_ret_6m,2017-03-31 00:00:00,FAC_rank_vol_m6_n12_pairwise1__x__rank_mean_m6_n12_pairwise1,3,Q3,0.4819356010530185,0.0904173224118395,15
future_ret_6m,2017-03-31 00:00:00,FAC_rank_vol_m6_n12_pairwise1__x__rank_mean_m6_n12_pairwise1,4,Q4,0.5848115626577769,0.11895885817073193,15
future_ret_6m,2017-03-31 00:00:00,FAC_rank_vol_m6_n12_pairwise1__x__rank_mean_m6_n12_pairwise1,5,High,0.8380512794224416,0.0820737773464368,15
future_ret_6m,2017-06-30 00:00:00,FAC_rank_vol_m6_n12_pairwise1__x__rank_mean_m6_n12_pairwise1,1,Low,0.12235170089316054,0.046978513596857376,19
future_ret_6m,2017-06-30 00:00:00,FAC_rank_vol_m6_n12_pairwise1__x__rank_mean_m6_n12_pairwise1,2,Q2,0.31705346257047473,0.09749797380797987,18
future_ret_6m,2017-06-30 00:00:00,FAC_rank_vol_m6_n12_pairwise1__x__rank_mean_m6_n12_pairwise1,3,Q3,0.4588606219480038,0.09275169269722988,19
future_ret_6m,2017-06-30 00:00:00,FAC_rank_vol_m6_n12_pairwise1__x__rank_mean_m6_n12_pairwise1,4,Q4,0.5860334984214309,0.12629957983998966,18
future_ret_6m,2017-06-30 00:00:00,FAC_rank_vol_m6_n12_pairwise1__x__rank_mean_m6_n12_pairwise1,5,High,0.7992165623232758,0.11444564711586887,19
future_ret_6m,2017-09-29 00:00:00,FAC_rank_vol_m6_n12_pairwise1__x__rank_mean_m6_n12_pairwise1,1,Low,0.1311569751540552,-0.023951852921644447,27
future_ret_6m,2017-09-29 00:00:00,FAC_rank_vol_m6_n12_pairwise1__x__rank_mean_m6_n12_pairwise1,2,Q2,0.3024478148340557,0.016573311984145488,27
future_ret_6m,2017-09-29 00:00:00,FAC_rank_vol_m6_n12_pairwise1__x__rank_mean_m6_n12_pairwise1,3,Q3,0.4307702811296137,0.013637188279122376,26
future_ret_6m,2017-09-29 00:00:00,FAC_rank_vol_m6_n12_pairwise1__x__rank_mean_m6_n12_pairwise1,4,Q4,0.6097619915600645,0.003456412730649824,27
future_ret_6m,2017-09-29 00:00:00,FAC_rank_vol_m6_n12_pairwise1__x__rank_mean_m6_n12_pairwise1,5,High,0.8487078247028215,0.04201649322183286,27
future_ret_6m,2017-12-29 00:00:00,FAC_rank_vol_m6_n12_pairwise1__x__rank_mean_m6_n12_pairwise1,1,Low,0.11844465223303666,-0.0744215862839879,36
future_ret_6m,2017-12-29 00:00:00,FAC_rank_vol_m6_n12_pairwise1__x__rank_mean_m6_n12_pairwise1,2,Q2,0.2950538663572253,-0.06779365399350963,35
future_ret_6m,2017-12-29 00:00:00,FAC_rank_vol_m6_n12_pairwise1__x__rank_mean_m6_n12_pairwise1,3,Q3,0.4572632592687787,-0.12202604852890687,35
future_ret_6m,2017-12-29 00:00:00,FAC_rank_vol_m6_n12_pairwise1__x__rank_mean_m6_n12_pairwise1,4,Q4,0.6339529527725153,-0.08858075231850968,35
future_ret_6m,2017-12-29 00:00:00,FAC_rank_vol_m6_n12_pairwise1__x__rank_mean_m6_n12_pairwise1,5,High,0.8444900293997217,-0.07774315838798523,36
future_ret_6m,2018-03-30 00:00:00,FAC_rank_vol_m6_n12_pairwise1__x__rank_mean_m6_n12_pairwise1,1,Low,0.11200449453743384,-0.1698060024205724,38
future_ret_6m,2018-03-30 00:00:00,FAC_rank_vol_m6_n12_pairwise1__x__rank_mean_m6_n12_pairwise1,2,Q2,0.27766897130889084,-0.137362577865457,38
future_ret_6m,2018-03-30 00:00:00,FAC_rank_vol_m6_n12_pairwise1__x__rank_mean_m6_n12_pairwise1,3,Q3,0.4551388508797887,-0.15033967109975324,37
future_ret_6m,2018-03-30 00:00:00,FAC_rank_vol_m6_n12_pairwise1__x__rank_mean_m6_n12_pairwise1,4,Q4,0.6246597179735076,-0.13572027159405753,38
future_ret_6m,2018-03-30 00:00:00,FAC_rank_vol_m6_n12_pairwise1__x__rank_mean_m6_n12_pairwise1,5,High,0.8403584568683904,-0.1343887720825021,38
future_ret_6m,2018-06-29 00:00:00,FAC_rank_vol_m6_n12_pairwise1__x__rank_mean_m6_n12_pairwise1,1,Low,0.11467004528925853,-0.18383526520595306,41
future_ret_6m,2018-06-29 00:00:00,FAC_rank_vol_m6_n12_pairwise1__x__rank_mean_m6_n12_pairwise1,2,Q2,0.2774760673772162,-0.15331872801268434,40
future_ret_6m,2018-06-29 00:00:00,FAC_rank_vol_m6_n12_pairwise1__x__rank_mean_m6_n12_pairwise1,3,Q3,0.4153144389641616,-0.17571087617878386,40
future_ret_6m,2018-06-29 00:00:00,FAC_rank_vol_m6_n12_pairwise1__x__rank_mean_m6_n12_pairwise1,4,Q4,0.575831591525773,-0.19821247180795495,40
future_ret_6m,2018-06-29 00:00:00,FAC_rank_vol_m6_n12_pairwise1__x__rank_mean_m6_n12_pairwise1,5,High,0.7953773984225463,-0.1854517879511582,41
future_ret_6m,2018-09-28 00:00:00,FAC_rank_vol_m6_n12_pairwise1__x__rank_mean_m6_n12_pairwise1,1,Low,0.12493456158006128,0.1296969821222762,44
future_ret_6m,2018-09-28 00:00:00,FAC_rank_vol_m6_n12_pairwise1__x__rank_mean_m6_n12_pairwise1,2,Q2,0.2916463012889658,0.12382160585295057,43
future_ret_6m,2018-09-28 00:00:00,FAC_rank_vol_m6_n12_pairwise1__x__rank_mean_m6_n12_pairwise1,3,Q3,0.42502501929259157,0.1383306508557208,43
future_ret_6m,2018-09-28 00:00:00,FAC_rank_vol_m6_n12_pairwise1__x__rank_mean_m6_n12_pairwise1,4,Q4,0.5812605000858309,0.13422775633833273,43
future_ret_6m,2018-09-28 00:00:00,FAC_rank_vol_m6_n12_pairwise1__x__rank_mean_m6_n12_pairwise1,5,High,0.8435628869220823,0.1270668588922604,43
future_ret_6m,2018-12-28 00:00:00,FAC_rank_vol_m6_n12_pairwise1__x__rank_mean_m6_n12_pairwise1,1,Low,0.11639528397533679,0.2655760069344361,44
future_ret_6m,2018-12-28 00:00:00,FAC_rank_vol_m6_n12_pairwise1__x__rank_mean_m6_n12_pairwise1,2,Q2,0.28542214849222297,0.24706822479080312,43
future_ret_6m,2018-12-28 00:00:00,FAC_rank_vol_m6_n12_pairwise1__x__rank_mean_m6_n12_pairwise1,3,Q3,0.4374366029900608,0.2599556730613478,43
future_ret_6m,2018-12-28 00:00:00,FAC_rank_vol_m6_n12_pairwise1__x__rank_mean_m6_n12_pairwise1,4,Q4,0.5947996208919595,0.27655032767196186,43
future_ret_6m,2018-12-28 00:00:00,FAC_rank_vol_m6_n12_pairwise1__x__rank_mean_m6_n12_pairwise1,5,High,0.8209623944144118,0.25258152019925284,43
future_ret_6m,2019-03-29 00:00:00,FAC_rank_vol_m6_n12_pairwise1__x__rank_mean_m6_n12_pairwise1,1,Low,0.11552361026539354,0.06407052119721902,43
future_ret_6m,2019-03-29 00:00:00,FAC_rank_vol_m6_n12_pairwise1__x__rank_mean_m6_n12_pairwise1,2,Q2,0.28610132234843466,0.06061122652476528,42
future_ret_6m,2019-03-29 00:00:00,FAC_rank_vol_m6_n12_pairwise1__x__rank_mean_m6_n12_pairwise1,3,Q3,0.44120049072792833,0.06632811622977276,43
future_ret_6m,2019-03-29 00:00:00,FAC_rank_vol_m6_n12_pairwise1__x__rank_mean_m6_n12_pairwise1,4,Q4,0.596168120768529,0.06147746268439474,42
future_ret_6m,2019-03-29 00:00:00,FAC_rank_vol_m6_n12_pairwise1__x__rank_mean_m6_n12_pairwise1,5,High,0.7973903711110057,0.06841369810209598,43
future_ret_6m,2019-06-28 00:00:00,FAC_rank_vol_m6_n12_pairwise1__x__rank_mean_m6_n12_pairwise1,1,Low,0.1246690296567642,0.19832391672699437,44
future_ret_6m,2019-06-28 00:00:00,FAC_rank_vol_m6_n12_pairwise1__x__rank_mean_m6_n12_pairwise1,2,Q2,0.299390606589487,0.2064526031038888,44
future_ret_6m,2019-06-28 00:00:00,FAC_rank_vol_m6_n12_pairwise1__x__rank_mean_m6_n12_pairwise1,3,Q3,0.42514041582711587,0.17634730104067606,43
future_ret_6m,2019-06-28 00:00:00,FAC_rank_vol_m6_n12_pairwise1__x__rank_mean_m6_n12_pairwise1,4,Q4,0.5771551240909629,0.17965661887172574,44
future_ret_6m,2019-06-28 00:00:00,FAC_rank_vol_m6_n12_pairwise1__x__rank_mean_m6_n12_pairwise1,5,High,0.7999532773742151,0.16386207490271598,44
future_ret_6m,2019-09-30 00:00:00,FAC_rank_vol_m6_n12_pairwise1__x__rank_mean_m6_n12_pairwise1,1,Low,0.131909957650569,0.09827799182091193,44
future_ret_6m,2019-09-30 00:00:00,FAC_rank_vol_m6_n12_pairwise1__x__rank_mean_m6_n12_pairwise1,2,Q2,0.28842644254593824,0.11449865282039927,44
future_ret_6m,2019-09-30 00:00:00,FAC_rank_vol_m6_n12_pairwise1__x__rank_mean_m6_n12_pairwise1,3,Q3,0.40842428727776575,0.115670900485574,44
future_ret_6m,2019-09-30 00:00:00,FAC_rank_vol_m6_n12_pairwise1__x__rank_mean_m6_n12_pairwise1,4,Q4,0.5630185410315929,0.09767758053359143,44
future_ret_6m,2019-09-30 00:00:00,FAC_rank_vol_m6_n12_pairwise1__x__rank_mean_m6_n12_pairwise1,5,High,0.8199818673369363,0.08943671572595346,44
future_ret_6m,2019-12-31 00:00:00,FAC_rank_vol_m6_n12_pairwise1__x__rank_mean_m6_n12_pairwise1,1,Low,0.12406946248357383,0.2055856187188425,48
future_ret_6m,2019-12-31 00:00:00,FAC_rank_vol_m6_n12_pairwise1__x__rank_mean_m6_n12_pairwise1,2,Q2,0.274591789729502,0.22253477256720544,48
future_ret_6m,2019-12-31 00:00:00,FAC_rank_vol_m6_n12_pairwise1__x__rank_mean_m6_n12_pairwise1,3,Q3,0.4303064823987278,0.29058108348339573,47
future_ret_6m,2019-12-31 00:00:00,FAC_rank_vol_m6_n12_pairwise1__x__rank_mean_m6_n12_pairwise1,4,Q4,0.5897059913033477,0.3229847678587056,48
future_ret_6m,2019-12-31 00:00:00,FAC_rank_vol_m6_n12_pairwise1__x__rank_mean_m6_n12_pairwise1,5,High,0.8153203981253435,0.3066085888484576,48
future_ret_6m,2020-03-31 00:00:00,FAC_rank_vol_m6_n12_pairwise1__x__rank_mean_m6_n12_pairwise1,1,Low,0.12189636825040036,0.3543749443908421,50
future_ret_6m,2020-03-31 00:00:00,FAC_rank_vol_m6_n12_pairwise1__x__rank_mean_m6_n12_pairwise1,2,Q2,0.3042849010190163,0.4349502540498733,50
future_ret_6m,2020-03-31 00:00:00,FAC_rank_vol_m6_n12_pairwise1__x__rank_mean_m6_n12_pairwise1,3,Q3,0.45074996989482585,0.43706252447265365,50
future_ret_6m,2020-03-31 00:00:00,FAC_rank_vol_m6_n12_pairwise1__x__rank_mean_m6_n12_pairwise1,4,Q4,0.5865046721993099,0.4169991914331092,50
future_ret_6m,2020-03-31 00:00:00,FAC_rank_vol_m6_n12_pairwise1__x__rank_mean_m6_n12_pairwise1,5,High,0.8016692499797373,0.4403891344427464,50
future_ret_6m,2020-06-30 00:00:00,FAC_rank_vol_m6_n12_pairwise1__x__rank_mean_m6_n12_pairwise1,1,Low,0.11816485471409816,0.28608780276488677,52
future_ret_6m,2020-06-30 00:00:00,FAC_rank_vol_m6_n12_pairwise1__x__rank_mean_m6_n12_pairwise1,2,Q2,0.2911476723226488,0.32978162758520574,51
future_ret_6m,2020-06-30 00:00:00,FAC_rank_vol_m6_n12_pairwise1__x__rank_mean_m6_n12_pairwise1,3,Q3,0.44497623785909146,0.32571870190715685,51
future_ret_6m,2020-06-30 00:00:00,FAC_rank_vol_m6_n12_pairwise1__x__rank_mean_m6_n12_pairwise1,4,Q4,0.6154538567906129,0.28179476240718104,51
future_ret_6m,2020-06-30 00:00:00,FAC_rank_vol_m6_n12_pairwise1__x__rank_mean_m6_n12_pairwise1,5,High,0.8394487785961477,0.2302976175062605,52
future_ret_6m,2020-09-30 00:00:00,FAC_rank_vol_m6_n12_pairwise1__x__rank_mean_m6_n12_pairwise1,1,Low,0.11387353020708946,0.13288621023531907,57
future_ret_6m,2020-09-30 00:00:00,FAC_rank_vol_m6_n12_pairwise1__x__rank_mean_m6_n12_pairwise1,2,Q2,0.28441975351649146,0.13171490295207552,57
future_ret_6m,2020-09-30 00:00:00,FAC_rank_vol_m6_n12_pairwise1__x__rank_mean_m6_n12_pairwise1,3,Q3,0.4413782437573634,0.12248186283856566,57
future_ret_6m,2020-09-30 00:00:00,FAC_rank_vol_m6_n12_pairwise1__x__rank_mean_m6_n12_pairwise1,4,Q4,0.5980705033935384,0.11147917435533385,57
future_ret_6m,2020-09-30 00:00:00,FAC_rank_vol_m6_n12_pairwise1__x__rank_mean_m6_n12_pairwise1,5,High,0.829914221515438,0.08123411529285895,57
future_ret_6m,2020-12-31 00:00:00,FAC_rank_vol_m6_n12_pairwise1__x__rank_mean_m6_n12_pairwise1,1,Low,0.11476056000407332,0.0766467062428314,62
future_ret_6m,2020-12-31 00:00:00,FAC_rank_vol_m6_n12_pairwise1__x__rank_mean_m6_n12_pairwise1,2,Q2,0.2948250820445326,0.09686799105812721,61
future_ret_6m,2020-12-31 00:00:00,FAC_rank_vol_m6_n12_pairwise1__x__rank_mean_m6_n12_pairwise1,3,Q3,0.4348044959314519,0.0687012614164278,61
future_ret_6m,2020-12-31 00:00:00,FAC_rank_vol_m6_n12_pairwise1__x__rank_mean_m6_n12_pairwise1,4,Q4,0.5793086001899339,0.1095206072224689,61
future_ret_6m,2020-12-31 00:00:00,FAC_rank_vol_m6_n12_pairwise1__x__rank_mean_m6_n12_pairwise1,5,High,0.7848503377815778,0.11907236957797777,62
future_ret_6m,2021-03-31 00:00:00,FAC_rank_vol_m6_n12_pairwise1__x__rank_mean_m6_n12_pairwise1,1,Low,0.12770834693601305,0.10478652286406906,65
future_ret_6m,2021-03-31 00:00:00,FAC_rank_vol_m6_n12_pairwise1__x__rank_mean_m6_n12_pairwise1,2,Q2,0.28866368838212286,0.0845709938430671,64
future_ret_6m,2021-03-31 00:00:00,FAC_rank_vol_m6_n12_pairwise1__x__rank_mean_m6_n12_pairwise1,3,Q3,0.42144767842163955,0.09454519210193964,64
future_ret_6m,2021-03-31 00:00:00,FAC_rank_vol_m6_n12_pairwise1__x__rank_mean_m6_n12_pairwise1,4,Q4,0.5752338005391833,0.09798133439914858,64
future_ret_6m,2021-03-31 00:00:00,FAC_rank_vol_m6_n12_pairwise1__x__rank_mean_m6_n12_pairwise1,5,High,0.7930404997481828,0.10054417274791433,64
future_ret_6m,2021-06-30 00:00:00,FAC_rank_vol_m6_n12_pairwise1__x__rank_mean_m6_n12_pairwise1,1,Low,0.11866039317198909,0.030743093766269113,69
future_ret_6m,2021-06-30 00:00:00,FAC_rank_vol_m6_n12_pairwise1__x__rank_mean_m6_n12_pairwise1,2,Q2,0.2809716399679126,0.014227972484257757,68
future_ret_6m,2021-06-30 00:00:00,FAC_rank_vol_m6_n12_pairwise1__x__rank_mean_m6_n12_pairwise1,3,Q3,0.4386133251188014,-0.021078734354415127,69
future_ret_6m,2021-06-30 00:00:00,FAC_rank_vol_m6_n12_pairwise1__x__rank_mean_m6_n12_pairwise1,4,Q4,0.6044132396388292,-0.004055688481232707,68
future_ret_6m,2021-06-30 00:00:00,FAC_rank_vol_m6_n12_pairwise1__x__rank_mean_m6_n12_pairwise1,5,High,0.8368344662313916,-0.03661246266138023,69
future_ret_6m,2021-09-30 00:00:00,FAC_rank_vol_m6_n12_pairwise1__x__rank_mean_m6_n12_pairwise1,1,Low,0.13588444830365065,-0.12822397439335517,76
future_ret_6m,2021-09-30 00:00:00,FAC_rank_vol_m6_n12_pairwise1__x__rank_mean_m6_n12_pairwise1,2,Q2,0.2884792152875554,-0.15785008802666517,75
future_ret_6m,2021-09-30 00:00:00,FAC_rank_vol_m6_n12_pairwise1__x__rank_mean_m6_n12_pairwise1,3,Q3,0.39484353357340995,-0.15216570131764276,76
future_ret_6m,2021-09-30 00:00:00,FAC_rank_vol_m6_n12_pairwise1__x__rank_mean_m6_n12_pairwise1,4,Q4,0.5322606695107022,-0.14209235835323947,75
future_ret_6m,2021-09-30 00:00:00,FAC_rank_vol_m6_n12_pairwise1__x__rank_mean_m6_n12_pairwise1,5,High,0.7586725702121465,-0.14676914403851474,76
future_ret_6m,2021-12-31 00:00:00,FAC_rank_vol_m6_n12_pairwise1__x__rank_mean_m6_n12_pairwise1,1,Low,0.11741505672329396,-0.09575815027550287,79
future_ret_6m,2021-12-31 00:00:00,FAC_rank_vol_m6_n12_pairwise1__x__rank_mean_m6_n12_pairwise1,2,Q2,0.26711094397587687,-0.10245866879411183,78
future_ret_6m,2021-12-31 00:00:00,FAC_rank_vol_m6_n12_pairwise1__x__rank_mean_m6_n12_pairwise1,3,Q3,0.4254135009922463,-0.10136024090782805,78
future_ret_6m,2021-12-31 00:00:00,FAC_rank_vol_m6_n12_pairwise1__x__rank_mean_m6_n12_pairwise1,4,Q4,0.6059013046385754,-0.09874293979937127,78
future_ret_6m,2021-12-31 00:00:00,FAC_rank_vol_m6_n12_pairwise1__x__rank_mean_m6_n12_pairwise1,5,High,0.8334588914383328,-0.1039006164548406,78
future_ret_6m,2022-03-31 00:00:00,FAC_rank_vol_m6_n12_pairwise1__x__rank_mean_m6_n12_pairwise1,1,Low,0.12469807900625246,-0.05903135646221508,84
future_ret_6m,2022-03-31 00:00:00,FAC_rank_vol_m6_n12_pairwise1__x__rank_mean_m6_n12_pairwise1,2,Q2,0.2780454374617837,-0.04744897475943904,84
future_ret_6m,2022-03-31 00:00:00,FAC_rank_vol_m6_n12_pairwise1__x__rank_mean_m6_n12_pairwise1,3,Q3,0.42467775120124596,-0.05885353404623187,84
future_ret_6m,2022-03-31 00:00:00,FAC_rank_vol_m6_n12_pairwise1__x__rank_mean_m6_n12_pairwise1,4,Q4,0.6177147753701364,-0.045697079542983465,84
future_ret_6m,2022-03-31 00:00:00,FAC_rank_vol_m6_n12_pairwise1__x__rank_mean_m6_n12_pairwise1,5,High,0.826575245116499,-0.031082362765812572,84
future_ret_6m,2022-06-30 00:00:00,FAC_rank_vol_m6_n12_pairwise1__x__rank_mean_m6_n12_pairwise1,1,Low,0.11272703381970084,-0.11978017174690025,96
future_ret_6m,2022-06-30 00:00:00,FAC_rank_vol_m6_n12_pairwise1__x__rank_mean_m6_n12_pairwise1,2,Q2,0.28861803032263667,-0.12116971445613586,95
future_ret_6m,2022-06-30 00:00:00,FAC_rank_vol_m6_n12_pairwise1__x__rank_mean_m6_n12_pairwise1,3,Q3,0.4478040691570782,-0.13204939902754184,96
future_ret_6m,2022-06-30 00:00:00,FAC_rank_vol_m6_n12_pairwise1__x__rank_mean_m6_n12_pairwise1,4,Q4,0.6394215031527551,-0.12985162197867456,95
future_ret_6m,2022-06-30 00:00:00,FAC_rank_vol_m6_n12_pairwise1__x__rank_mean_m6_n12_pairwise1,5,High,0.8442337849996288,-0.10855137890575343,96
future_ret_6m,2008-06-30 00:00:00,FAC_rank_vol_m12_n6_pairwise1__x__rank_mean_m12_n6_pairwise1,1,Low,0.255748204090504,,2
future_ret_6m,2008-06-30 00:00:00,FAC_rank_vol_m12_n6_pairwise1__x__rank_mean_m12_n6_pairwise1,2,Q2,0.3398324752132059,,1
future_ret_6m,2008-06-30 00:00:00,FAC_rank_vol_m12_n6_pairwise1__x__rank_mean_m12_n6_pairwise1,3,Q3,0.41613558103151516,,2
future_ret_6m,2008-06-30 00:00:00,FAC_rank_vol_m12_n6_pairwise1__x__rank_mean_m12_n6_pairwise1,4,Q4,0.461473333813369,,1
future_ret_6m,2008-06-30 00:00:00,FAC_rank_vol_m12_n6_pairwise1__x__rank_mean_m12_n6_pairwise1,5,High,0.5106085505525046,,2
future_ret_6m,2008-09-26 00:00:00,FAC_rank_vol_m12_n6_pairwise1__x__rank_mean_m12_n6_pairwise1,1,Low,0.2351452916078809,,2
future_ret_6m,2008-09-26 00:00:00,FAC_rank_vol_m12_n6_pairwise1__x__rank_mean_m12_n6_pairwise1,2,Q2,0.32116361858442843,,2
future_ret_6m,2008-09-26 00:00:00,FAC_rank_vol_m12_n6_pairwise1__x__rank_mean_m12_n6_pairwise1,3,Q3,0.3562535557652303,,1
future_ret_6m,2008-09-26 00:00:00,FAC_rank_vol_m12_n6_pairwise1__x__rank_mean_m12_n6_pairwise1,4,Q4,0.43264995115374716,,2
future_ret_6m,2008-09-26 00:00:00,FAC_rank_vol_m12_n6_pairwise1__x__rank_mean_m12_n6_pairwise1,5,High,0.5000386977454861,,2
future_ret_6m,2008-12-31 00:00:00,FAC_rank_vol_m12_n6_pairwise1__x__rank_mean_m12_n6_pairwise1,1,Low,0.21304992563850308,,3
future_ret_6m,2008-12-31 00:00:00,FAC_rank_vol_m12_n6_pairwise1__x__rank_mean_m12_n6_pairwise1,2,Q2,0.284372720481116,,3
future_ret_6m,2008-12-31 00:00:00,FAC_rank_vol_m12_n6_pairwise1__x__rank_mean_m12_n6_pairwise1,3,Q3,0.37427391239453833,,2
future_ret_6m,2008-12-31 00:00:00,FAC_rank_vol_m12_n6_pairwise1__x__rank_mean_m12_n6_pairwise1,4,Q4,0.4556920295641742,,3
future_ret_6m,2008-12-31 00:00:00,FAC_rank_vol_m12_n6_pairwise1__x__rank_mean_m12_n6_pairwise1,5,High,0.6462487874905648,,3
future_ret_6m,2009-03-31 00:00:00,FAC_rank_vol_m12_n6_pairwise1__x__rank_mean_m12_n6_pairwise1,1,Low,0.1998806578204104,,3
future_ret_6m,2009-03-31 00:00:00,FAC_rank_vol_m12_n6_pairwise1__x__rank_mean_m12_n6_pairwise1,2,Q2,0.2715218719742511,,3
future_ret_6m,2009-03-31 00:00:00,FAC_rank_vol_m12_n6_pairwise1__x__rank_mean_m12_n6_pairwise1,3,Q3,0.3613303763850282,,2
future_ret_6m,2009-03-31 00:00:00,FAC_rank_vol_m12_n6_pairwise1__x__rank_mean_m12_n6_pairwise1,4,Q4,0.4837223353842428,,3
future_ret_6m,2009-03-31 00:00:00,FAC_rank_vol_m12_n6_pairwise1__x__rank_mean_m12_n6_pairwise1,5,High,0.5707131713447616,,3
future_ret_6m,2009-06-30 00:00:00,FAC_rank_vol_m12_n6_pairwise1__x__rank_mean_m12_n6_pairwise1,1,Low,0.21579534132553285,,4
future_ret_6m,2009-06-30 00:00:00,FAC_rank_vol_m12_n6_pairwise1__x__rank_mean_m12_n6_pairwise1,2,Q2,0.30275167620927446,,4
future_ret_6m,2009-06-30 00:00:00,FAC_rank_vol_m12_n6_pairwise1__x__rank_mean_m12_n6_pairwise1,3,Q3,0.4087815759525242,,4
future_ret_6m,2009-06-30 00:00:00,FAC_rank_vol_m12_n6_pairwise1__x__rank_mean_m12_n6_pairwise1,4,Q4,0.4952099542792583,,4
future_ret_6m,2009-06-30 00:00:00,FAC_rank_vol_m12_n6_pairwise1__x__rank_mean_m12_n6_pairwise1,5,High,0.592464758600405,,4
future_ret_6m,2009-09-30 00:00:00,FAC_rank_vol_m12_n6_pairwise1__x__rank_mean_m12_n6_pairwise1,1,Low,0.21439843662136981,0.11698299751118309,5
future_ret_6m,2009-09-30 00:00:00,FAC_rank_vol_m12_n6_pairwise1__x__rank_mean_m12_n6_pairwise1,2,Q2,0.34034301007584045,0.11984745535902612,5
future_ret_6m,2009-09-30 00:00:00,FAC_rank_vol_m12_n6_pairwise1__x__rank_mean_m12_n6_pairwise1,3,Q3,0.39977638890562467,,4
future_ret_6m,2009-09-30 00:00:00,FAC_rank_vol_m12_n6_pairwise1__x__rank_mean_m12_n6_pairwise1,4,Q4,0.4534622344578686,0.10518028959501394,5
future_ret_6m,2009-09-30 00:00:00,FAC_rank_vol_m12_n6_pairwise1__x__rank_mean_m12_n6_pairwise1,5,High,0.5801405094426482,0.12947829283889983,5
future_ret_6m,2009-12-31 00:00:00,FAC_rank_vol_m12_n6_pairwise1__x__rank_mean_m12_n6_pairwise1,1,Low,0.1897397576589857,-0.16677286533091007,5
future_ret_6m,2009-12-31 00:00:00,FAC_rank_vol_m12_n6_pairwise1__x__rank_mean_m12_n6_pairwise1,2,Q2,0.37022678468737186,-0.18963585163404956,5
future_ret_6m,2009-12-31 00:00:00,FAC_rank_vol_m12_n6_pairwise1__x__rank_mean_m12_n6_pairwise1,3,Q3,0.4339771440764159,-0.1990470188172904,5
future_ret_6m,2009-12-31 00:00:00,FAC_rank_vol_m12_n6_pairwise1__x__rank_mean_m12_n6_pairwise1,4,Q4,0.5303995059587834,-0.1950279166733147,5
future_ret_6m,2009-12-31 00:00:00,FAC_rank_vol_m12_n6_pairwise1__x__rank_mean_m12_n6_pairwise1,5,High,0.6276583820663482,-0.20771659377023638,5
future_ret_6m,2010-03-31 00:00:00,FAC_rank_vol_m12_n6_pairwise1__x__rank_mean_m12_n6_pairwise1,1,Low,0.17372081344297616,0.000594342921225994,7
future_ret_6m,2010-03-31 00:00:00,FAC_rank_vol_m12_n6_pairwise1__x__rank_mean_m12_n6_pairwise1,2,Q2,0.3579664870141741,0.009100544990132742,6
future_ret_6m,2010-03-31 00:00:00,FAC_rank_vol_m12_n6_pairwise1__x__rank_mean_m12_n6_pairwise1,3,Q3,0.44705350052107157,-0.02039899144427452,6
future_ret_6m,2010-03-31 00:00:00,FAC_rank_vol_m12_n6_pairwise1__x__rank_mean_m12_n6_pairwise1,4,Q4,0.534285305212846,-0.037403735617040655,6
future_ret_6m,2010-03-31 00:00:00,FAC_rank_vol_m12_n6_pairwise1__x__rank_mean_m12_n6_pairwise1,5,High,0.6909280660455149,-0.0007426912353393026,6
future_ret_6m,2010-06-30 00:00:00,FAC_rank_vol_m12_n6_pairwise1__x__rank_mean_m12_n6_pairwise1,1,Low,0.1969190072831532,0.17805394279966116,8
future_ret_6m,2010-06-30 00:00:00,FAC_rank_vol_m12_n6_pairwise1__x__rank_mean_m12_n6_pairwise1,2,Q2,0.3167566728992295,0.25849183510582907,7
future_ret_6m,2010-06-30 00:00:00,FAC_rank_vol_m12_n6_pairwise1__x__rank_mean_m12_n6_pairwise1,3,Q3,0.39771344959899224,0.2800289953437792,7
future_ret_6m,2010-06-30 00:00:00,FAC_rank_vol_m12_n6_pairwise1__x__rank_mean_m12_n6_pairwise1,4,Q4,0.491821453997367,0.2638698865068615,7
future_ret_6m,2010-06-30 00:00:00,FAC_rank_vol_m12_n6_pairwise1__x__rank_mean_m12_n6_pairwise1,5,High,0.6907786399159461,0.29223212681201993,8
future_ret_6m,2010-09-30 00:00:00,FAC_rank_vol_m12_n6_pairwise1__x__rank_mean_m12_n6_pairwise1,1,Low,0.18893545149640817,0.044707402109480515,8
future_ret_6m,2010-09-30 00:00:00,FAC_rank_vol_m12_n6_pairwise1__x__rank_mean_m12_n6_pairwise1,2,Q2,0.2874593206624185,0.05583701389427783,8
future_ret_6m,2010-09-30 00:00:00,FAC_rank_vol_m12_n6_pairwise1__x__rank_mean_m12_n6_pairwise1,3,Q3,0.367956619128703,0.0557628776271654,7
future_ret_6m,2010-09-30 00:00:00,FAC_rank_vol_m12_n6_pairwise1__x__rank_mean_m12_n6_pairwise1,4,Q4,0.443057211562451,0.043547596281267684,8
future_ret_6m,2010-09-30 00:00:00,FAC_rank_vol_m12_n6_pairwise1__x__rank_mean_m12_n6_pairwise1,5,High,0.6962197056094165,0.023719050914588827,8
future_ret_6m,2010-12-31 00:00:00,FAC_rank_vol_m12_n6_pairwise1__x__rank_mean_m12_n6_pairwise1,1,Low,0.17540145329823092,-0.022584932011190897,8
future_ret_6m,2010-12-31 00:00:00,FAC_rank_vol_m12_n6_pairwise1__x__rank_mean_m12_n6_pairwise1,2,Q2,0.29885492415660897,-0.06838643691036875,8
future_ret_6m,2010-12-31 00:00:00,FAC_rank_vol_m12_n6_pairwise1__x__rank_mean_m12_n6_pairwise1,3,Q3,0.39677087064127964,-0.05705810176933371,8
future_ret_6m,2010-12-31 00:00:00,FAC_rank_vol_m12_n6_pairwise1__x__rank_mean_m12_n6_pairwise1,4,Q4,0.5406336994888248,-0.09668669312700538,8
future_ret_6m,2010-12-31 00:00:00,FAC_rank_vol_m12_n6_pairwise1__x__rank_mean_m12_n6_pairwise1,5,High,0.7640290249561726,-0.08063760905673192,8
future_ret_6m,2011-03-31 00:00:00,FAC_rank_vol_m12_n6_pairwise1__x__rank_mean_m12_n6_pairwise1,1,Low,0.1832729619292684,-0.1615605413233166,8
future_ret_6m,2011-03-31 00:00:00,FAC_rank_vol_m12_n6_pairwise1__x__rank_mean_m12_n6_pairwise1,2,Q2,0.29198158350769116,-0.16108424897217027,7
future_ret_6m,2011-03-31 00:00:00,FAC_rank_vol_m12_n6_pairwise1__x__rank_mean_m12_n6_pairwise1,3,Q3,0.40467787405950095,-0.16496150694818446,8
future_ret_6m,2011-03-31 00:00:00,FAC_rank_vol_m12_n6_pairwise1__x__rank_mean_m12_n6_pairwise1,4,Q4,0.5206766464163243,-0.14659351273699223,7
future_ret_6m,2011-03-31 00:00:00,FAC_rank_vol_m12_n6_pairwise1__x__rank_mean_m12_n6_pairwise1,5,High,0.7263034044313332,-0.12626816186822568,8
future_ret_6m,2011-06-30 00:00:00,FAC_rank_vol_m12_n6_pairwise1__x__rank_mean_m12_n6_pairwise1,1,Low,0.19625211060142977,-0.17385814248599823,8
future_ret_6m,2011-06-30 00:00:00,FAC_rank_vol_m12_n6_pairwise1__x__rank_mean_m12_n6_pairwise1,2,Q2,0.3415155372745401,-0.20134521240936323,7
future_ret_6m,2011-06-30 00:00:00,FAC_rank_vol_m12_n6_pairwise1__x__rank_mean_m12_n6_pairwise1,3,Q3,0.40546092435022146,-0.17806255762044307,7
future_ret_6m,2011-06-30 00:00:00,FAC_rank_vol_m12_n6_pairwise1__x__rank_mean_m12_n6_pairwise1,4,Q4,0.48822108497809474,-0.19804003971055548,7
future_ret_6m,2011-06-30 00:00:00,FAC_rank_vol_m12_n6_pairwise1__x__rank_mean_m12_n6_pairwise1,5,High,0.6788605510280372,-0.17693040639394775,8
future_ret_6m,2011-09-30 00:00:00,FAC_rank_vol_m12_n6_pairwise1__x__rank_mean_m12_n6_pairwise1,1,Low,0.22721210391561464,-0.07730959224620493,8
future_ret_6m,2011-09-30 00:00:00,FAC_rank_vol_m12_n6_pairwise1__x__rank_mean_m12_n6_pairwise1,2,Q2,0.3196067885726414,-0.04979927727360841,7
future_ret_6m,2011-09-30 00:00:00,FAC_rank_vol_m12_n6_pairwise1__x__rank_mean_m12_n6_pairwise1,3,Q3,0.4157353800153247,-0.047134836199118575,7
future_ret_6m,2011-09-30 00:00:00,FAC_rank_vol_m12_n6_pairwise1__x__rank_mean_m12_n6_pairwise1,4,Q4,0.5117338827028781,-0.06156895110290298,7
future_ret_6m,2011-09-30 00:00:00,FAC_rank_vol_m12_n6_pairwise1__x__rank_mean_m12_n6_pairwise1,5,High,0.686908172767245,-0.07444533280481362,8
future_ret_6m,2011-12-30 00:00:00,FAC_rank_vol_m12_n6_pairwise1__x__rank_mean_m12_n6_pairwise1,1,Low,0.20766489635460875,0.03031172404685202,9
future_ret_6m,2011-12-30 00:00:00,FAC_rank_vol_m12_n6_pairwise1__x__rank_mean_m12_n6_pairwise1,2,Q2,0.3196862080804098,0.04831000216518172,8
future_ret_6m,2011-12-30 00:00:00,FAC_rank_vol_m12_n6_pairwise1__x__rank_mean_m12_n6_pairwise1,3,Q3,0.3810665531326714,0.03832525338091111,9
future_ret_6m,2011-12-30 00:00:00,FAC_rank_vol_m12_n6_pairwise1__x__rank_mean_m12_n6_pairwise1,4,Q4,0.4681919305079888,0.0821699007265843,8
future_ret_6m,2011-12-30 00:00:00,FAC_rank_vol_m12_n6_pairwise1__x__rank_mean_m12_n6_pairwise1,5,High,0.6601315447594188,0.04445856142996951,9
future_ret_6m,2012-03-30 00:00:00,FAC_rank_vol_m12_n6_pairwise1__x__rank_mean_m12_n6_pairwise1,1,Low,0.21608210219268123,-0.012990941032299409,10
future_ret_6m,2012-03-30 00:00:00,FAC_rank_vol_m12_n6_pairwise1__x__rank_mean_m12_n6_pairwise1,2,Q2,0.3526789654522376,0.028775128198563846,9
future_ret_6m,2012-03-30 00:00:00,FAC_rank_vol_m12_n6_pairwise1__x__rank_mean_m12_n6_pairwise1,3,Q3,0.40970310361551476,-0.028475361722964856,9
future_ret_6m,2012-03-30 00:00:00,FAC_rank_vol_m12_n6_pairwise1__x__rank_mean_m12_n6_pairwise1,4,Q4,0.4460838860957663,0.03706214568321268,9
future_ret_6m,2012-03-30 00:00:00,FAC_rank_vol_m12_n6_pairwise1__x__rank_mean_m12_n6_pairwise1,5,High,0.6286643387266712,-0.023926425448184536,9
future_ret_6m,2012-06-29 00:00:00,FAC_rank_vol_m12_n6_pairwise1__x__rank_mean_m12_n6_pairwise1,1,Low,0.20530198920411874,-0.0105126411241798,10
future_ret_6m,2012-06-29 00:00:00,FAC_rank_vol_m12_n6_pairwise1__x__rank_mean_m12_n6_pairwise1,2,Q2,0.3236402217741821,0.03028539571399135,10
future_ret_6m,2012-06-29 00:00:00,FAC_rank_vol_m12_n6_pairwise1__x__rank_mean_m12_n6_pairwise1,3,Q3,0.41298625272521605,-0.004304776584356795,9
future_ret_6m,2012-06-29 00:00:00,FAC_rank_vol_m12_n6_pairwise1__x__rank_mean_m12_n6_pairwise1,4,Q4,0.47793002087324166,0.01991728708045524,10
future_ret_6m,2012-06-29 00:00:00,FAC_rank_vol_m12_n6_pairwise1__x__rank_mean_m12_n6_pairwise1,5,High,0.6171216335652254,0.015546829766109316,10
future_ret_6m,2012-09-28 00:00:00,FAC_rank_vol_m12_n6_pairwise1__x__rank_mean_m12_n6_pairwise1,1,Low,0.19900154598273076,0.08235856991278152,11
future_ret_6m,2012-09-28 00:00:00,FAC_rank_vol_m12_n6_pairwise1__x__rank_mean_m12_n6_pairwise1,2,Q2,0.3154507651436054,0.09660764559508417,10
future_ret_6m,2012-09-28 00:00:00,FAC_rank_vol_m12_n6_pairwise1__x__rank_mean_m12_n6_pairwise1,3,Q3,0.37640512673197435,0.08033915289456792,10
future_ret_6m,2012-09-28 00:00:00,FAC_rank_vol_m12_n6_pairwise1__x__rank_mean_m12_n6_pairwise1,4,Q4,0.46249857141294576,0.1416557812193665,10
future_ret_6m,2012-09-28 00:00:00,FAC_rank_vol_m12_n6_pairwise1__x__rank_mean_m12_n6_pairwise1,5,High,0.6082384225045483,0.1210046935934298,10
future_ret_6m,2012-12-31 00:00:00,FAC_rank_vol_m12_n6_pairwise1__x__rank_mean_m12_n6_pairwise1,1,Low,0.1911057878600761,0.018166601302354472,13
future_ret_6m,2012-12-31 00:00:00,FAC_rank_vol_m12_n6_pairwise1__x__rank_mean_m12_n6_pairwise1,2,Q2,0.30919291004799826,-0.012007216498699227,12
future_ret_6m,2012-12-31 00:00:00,FAC_rank_vol_m12_n6_pairwise1__x__rank_mean_m12_n6_pairwise1,3,Q3,0.3950847909801421,0.04433529417651058,12
future_ret_6m,2012-12-31 00:00:00,FAC_rank_vol_m12_n6_pairwise1__x__rank_mean_m12_n6_pairwise1,4,Q4,0.473860134984838,0.08404822073333433,12
future_ret_6m,2012-12-31 00:00:00,FAC_rank_vol_m12_n6_pairwise1__x__rank_mean_m12_n6_pairwise1,5,High,0.619336734451969,0.08748468507642976,13
future_ret_6m,2013-03-29 00:00:00,FAC_rank_vol_m12_n6_pairwise1__x__rank_mean_m12_n6_pairwise1,1,Low,0.20247748854418296,0.08952223510145811,14
future_ret_6m,2013-03-29 00:00:00,FAC_rank_vol_m12_n6_pairwise1__x__rank_mean_m12_n6_pairwise1,2,Q2,0.3048458803993813,0.12430127739632767,14
future_ret_6m,2013-03-29 00:00:00,FAC_rank_vol_m12_n6_pairwise1__x__rank_mean_m12_n6_pairwise1,3,Q3,0.36583455997564207,0.19136103387700165,13
future_ret_6m,2013-03-29 00:00:00,FAC_rank_vol_m12_n6_pairwise1__x__rank_mean_m12_n6_pairwise1,4,Q4,0.4615001077652689,0.14212089966702723,14
future_ret_6m,2013-03-29 00:00:00,FAC_rank_vol_m12_n6_pairwise1__x__rank_mean_m12_n6_pairwise1,5,High,0.6145269603226137,0.13961757583282608,14
future_ret_6m,2013-06-28 00:00:00,FAC_rank_vol_m12_n6_pairwise1__x__rank_mean_m12_n6_pairwise1,1,Low,0.2009856299388413,0.09153258860058798,16
future_ret_6m,2013-06-28 00:00:00,FAC_rank_vol_m12_n6_pairwise1__x__rank_mean_m12_n6_pairwise1,2,Q2,0.302087468931555,0.10484428437601884,16
future_ret_6m,2013-06-28 00:00:00,FAC_rank_vol_m12_n6_pairwise1__x__rank_mean_m12_n6_pairwise1,3,Q3,0.36812608606173425,0.11800756679406188,16
future_ret_6m,2013-06-28 00:00:00,FAC_rank_vol_m12_n6_pairwise1__x__rank_mean_m12_n6_pairwise1,4,Q4,0.47158349686895173,0.10900992811543185,16
future_ret_6m,2013-06-28 00:00:00,FAC_rank_vol_m12_n6_pairwise1__x__rank_mean_m12_n6_pairwise1,5,High,0.6848714884968305,0.09786010273340758,16
future_ret_6m,2013-09-30 00:00:00,FAC_rank_vol_m12_n6_pairwise1__x__rank_mean_m12_n6_pairwise1,1,Low,0.2016425946250847,-0.07347018383405848,17
future_ret_6m,2013-09-30 00:00:00,FAC_rank_vol_m12_n6_pairwise1__x__rank_mean_m12_n6_pairwise1,2,Q2,0.3075179020159624,-0.05547079346641144,17
future_ret_6m,2013-09-30 00:00:00,FAC_rank_vol_m12_n6_pairwise1__x__rank_mean_m12_n6_pairwise1,3,Q3,0.36891834274203816,-0.06932635285658263,17
future_ret_6m,2013-09-30 00:00:00,FAC_rank_vol_m12_n6_pairwise1__x__rank_mean_m12_n6_pairwise1,4,Q4,0.46164539456685333,-0.08891714815999402,17
future_ret_6m,2013-09-30 00:00:00,FAC_rank_vol_m12_n6_pairwise1__x__rank_mean_m12_n6_pairwise1,5,High,0.6776337463988273,-0.10538061880958115,17
future_ret_6m,2013-12-31 00:00:00,FAC_rank_vol_m12_n6_pairwise1__x__rank_mean_m12_n6_pairwise1,1,Low,0.18296279622597175,-0.04314945063556664,19
future_ret_6m,2013-12-31 00:00:00,FAC_rank_vol_m12_n6_pairwise1__x__rank_mean_m12_n6_pairwise1,2,Q2,0.304991593065967,0.01188771733727062,18
future_ret_6m,2013-12-31 00:00:00,FAC_rank_vol_m12_n6_pairwise1__x__rank_mean_m12_n6_pairwise1,3,Q3,0.3865608840509592,-0.005989543829116845,18
future_ret_6m,2013-12-31 00:00:00,FAC_rank_vol_m12_n6_pairwise1__x__rank_mean_m12_n6_pairwise1,4,Q4,0.4949199287936369,-0.012896239345907433,18
future_ret_6m,2013-12-31 00:00:00,FAC_rank_vol_m12_n6_pairwise1__x__rank_mean_m12_n6_pairwise1,5,High,0.6833580849237462,-0.02343863054253896,18
future_ret_6m,2014-03-31 00:00:00,FAC_rank_vol_m12_n6_pairwise1__x__rank_mean_m12_n6_pairwise1,1,Low,0.17845407918632591,0.14840124269326324,18
future_ret_6m,2014-03-31 00:00:00,FAC_rank_vol_m12_n6_pairwise1__x__rank_mean_m12_n6_pairwise1,2,Q2,0.31209990844999796,0.19312496173494428,17
future_ret_6m,2014-03-31 00:00:00,FAC_rank_vol_m12_n6_pairwise1__x__rank_mean_m12_n6_pairwise1,3,Q3,0.3740251473655176,0.1745341100973509,18
future_ret_6m,2014-03-31 00:00:00,FAC_rank_vol_m12_n6_pairwise1__x__rank_mean_m12_n6_pairwise1,4,Q4,0.4727128601110041,0.18114852962021508,17
future_ret_6m,2014-03-31 00:00:00,FAC_rank_vol_m12_n6_pairwise1__x__rank_mean_m12_n6_pairwise1,5,High,0.6537349653572675,0.18171501110594476,18
future_ret_6m,2014-06-30 00:00:00,FAC_rank_vol_m12_n6_pairwise1__x__rank_mean_m12_n6_pairwise1,1,Low,0.1780035356612429,0.2811190596699324,19
future_ret_6m,2014-06-30 00:00:00,FAC_rank_vol_m12_n6_pairwise1__x__rank_mean_m12_n6_pairwise1,2,Q2,0.2924993752432548,0.2603430466909316,19
future_ret_6m,2014-06-30 00:00:00,FAC_rank_vol_m12_n6_pairwise1__x__rank_mean_m12_n6_pairwise1,3,Q3,0.36796261021036564,0.2109909078019134,18
future_ret_6m,2014-06-30 00:00:00,FAC_rank_vol_m12_n6_pairwise1__x__rank_mean_m12_n6_pairwise1,4,Q4,0.4593442179834758,0.2638610671763741,19
future_ret_6m,2014-06-30 00:00:00,FAC_rank_vol_m12_n6_pairwise1__x__rank_mean_m12_n6_pairwise1,5,High,0.6428921360631155,0.22680416632156614,19
future_ret_6m,2014-09-30 00:00:00,FAC_rank_vol_m12_n6_pairwise1__x__rank_mean_m12_n6_pairwise1,1,Low,0.18008530389442165,0.5153380461987106,19
future_ret_6m,2014-09-30 00:00:00,FAC_rank_vol_m12_n6_pairwise1__x__rank_mean_m12_n6_pairwise1,2,Q2,0.2962826841979329,0.40609024864205334,19
future_ret_6m,2014-09-30 00:00:00,FAC_rank_vol_m12_n6_pairwise1__x__rank_mean_m12_n6_pairwise1,3,Q3,0.3812172827981129,0.43688347513869985,18
future_ret_6m,2014-09-30 00:00:00,FAC_rank_vol_m12_n6_pairwise1__x__rank_mean_m12_n6_pairwise1,4,Q4,0.4760320916867871,0.4867729403900968,19
future_ret_6m,2014-09-30 00:00:00,FAC_rank_vol_m12_n6_pairwise1__x__rank_mean_m12_n6_pairwise1,5,High,0.6800822161907922,0.4838917222907142,19
future_ret_6m,2014-12-31 00:00:00,FAC_rank_vol_m12_n6_pairwise1__x__rank_mean_m12_n6_pairwise1,1,Low,0.183794695866365,0.5430457760293705,17
future_ret_6m,2014-12-31 00:00:00,FAC_rank_vol_m12_n6_pairwise1__x__rank_mean_m12_n6_pairwise1,2,Q2,0.2968048466019504,0.5397815730819663,16
future_ret_6m,2014-12-31 00:00:00,FAC_rank_vol_m12_n6_pairwise1__x__rank_mean_m12_n6_pairwise1,3,Q3,0.37530647382040544,0.5848692938546327,16
future_ret_6m,2014-12-31 00:00:00,FAC_rank_vol_m12_n6_pairwise1__x__rank_mean_m12_n6_pairwise1,4,Q4,0.48471268705422477,0.6151418400211192,16
future_ret_6m,2014-12-31 00:00:00,FAC_rank_vol_m12_n6_pairwise1__x__rank_mean_m12_n6_pairwise1,5,High,0.7309840792675646,0.6103356493386658,16
future_ret_6m,2015-03-31 00:00:00,FAC_rank_vol_m12_n6_pairwise1__x__rank_mean_m12_n6_pairwise1,1,Low,0.2008499867310011,-0.11275508719535353,15
future_ret_6m,2015-03-31 00:00:00,FAC_rank_vol_m12_n6_pairwise1__x__rank_mean_m12_n6_pairwise1,2,Q2,0.29199905735682663,-0.16017751450441478,14
future_ret_6m,2015-03-31 00:00:00,FAC_rank_vol_m12_n6_pairwise1__x__rank_mean_m12_n6_pairwise1,3,Q3,0.38918757744279014,-0.10457907809571498,14
future_ret_6m,2015-03-31 00:00:00,FAC_rank_vol_m12_n6_pairwise1__x__rank_mean_m12_n6_pairwise1,4,Q4,0.48128639266443257,-0.12126485318986638,14
future_ret_6m,2015-03-31 00:00:00,FAC_rank_vol_m12_n6_pairwise1__x__rank_mean_m12_n6_pairwise1,5,High,0.6470922145003636,-0.1177851966048622,14
future_ret_6m,2015-06-30 00:00:00,FAC_rank_vol_m12_n6_pairwise1__x__rank_mean_m12_n6_pairwise1,1,Low,0.1933897241383116,-0.03548054500456436,10
future_ret_6m,2015-06-30 00:00:00,FAC_rank_vol_m12_n6_pairwise1__x__rank_mean_m12_n6_pairwise1,2,Q2,0.31746002324395867,-0.06395213930012109,10
future_ret_6m,2015-06-30 00:00:00,FAC_rank_vol_m12_n6_pairwise1__x__rank_mean_m12_n6_pairwise1,3,Q3,0.3991588695641749,-0.06152673411713574,10
future_ret_6m,2015-06-30 00:00:00,FAC_rank_vol_m12_n6_pairwise1__x__rank_mean_m12_n6_pairwise1,4,Q4,0.4769870602757644,2.2336636251474308e-05,10
future_ret_6m,2015-06-30 00:00:00,FAC_rank_vol_m12_n6_pairwise1__x__rank_mean_m12_n6_pairwise1,5,High,0.6487397195187931,-0.062022577341628006,10
future_ret_6m,2015-09-30 00:00:00,FAC_rank_vol_m12_n6_pairwise1__x__rank_mean_m12_n6_pairwise1,1,Low,0.22242393099898533,0.0588178855282253,10
future_ret_6m,2015-09-30 00:00:00,FAC_rank_vol_m12_n6_pairwise1__x__rank_mean_m12_n6_pairwise1,2,Q2,0.34425944518260143,0.09682045494025138,9
future_ret_6m,2015-09-30 00:00:00,FAC_rank_vol_m12_n6_pairwise1__x__rank_mean_m12_n6_pairwise1,3,Q3,0.3996548675723154,0.08922564943775055,9
future_ret_6m,2015-09-30 00:00:00,FAC_rank_vol_m12_n6_pairwise1__x__rank_mean_m12_n6_pairwise1,4,Q4,0.44898646134867654,0.1376959224073799,9
future_ret_6m,2015-09-30 00:00:00,FAC_rank_vol_m12_n6_pairwise1__x__rank_mean_m12_n6_pairwise1,5,High,0.5838608367390639,0.06381879995373127,10
future_ret_6m,2015-12-31 00:00:00,FAC_rank_vol_m12_n6_pairwise1__x__rank_mean_m12_n6_pairwise1,1,Low,0.24387928183750865,-0.13321876293904397,11
future_ret_6m,2015-12-31 00:00:00,FAC_rank_vol_m12_n6_pairwise1__x__rank_mean_m12_n6_pairwise1,2,Q2,0.31227594902423367,-0.1499994405923195,10
future_ret_6m,2015-12-31 00:00:00,FAC_rank_vol_m12_n6_pairwise1__x__rank_mean_m12_n6_pairwise1,3,Q3,0.3792465385897912,-0.12602171897193254,10
future_ret_6m,2015-12-31 00:00:00,FAC_rank_vol_m12_n6_pairwise1__x__rank_mean_m12_n6_pairwise1,4,Q4,0.4602107584195737,-0.12197724314583425,10
future_ret_6m,2015-12-31 00:00:00,FAC_rank_vol_m12_n6_pairwise1__x__rank_mean_m12_n6_pairwise1,5,High,0.5619253496128861,-0.12624840773392104,11
future_ret_6m,2016-03-31 00:00:00,FAC_rank_vol_m12_n6_pairwise1__x__rank_mean_m12_n6_pairwise1,1,Low,0.22839188175903502,0.0363815983952186,13
future_ret_6m,2016-03-31 00:00:00,FAC_rank_vol_m12_n6_pairwise1__x__rank_mean_m12_n6_pairwise1,2,Q2,0.3234258835991398,0.04387082246470652,12
future_ret_6m,2016-03-31 00:00:00,FAC_rank_vol_m12_n6_pairwise1__x__rank_mean_m12_n6_pairwise1,3,Q3,0.401501606391913,0.0519160878559202,12
future_ret_6m,2016-03-31 00:00:00,FAC_rank_vol_m12_n6_pairwise1__x__rank_mean_m12_n6_pairwise1,4,Q4,0.47999172898329,0.05557328851111059,12
future_ret_6m,2016-03-31 00:00:00,FAC_rank_vol_m12_n6_pairwise1__x__rank_mean_m12_n6_pairwise1,5,High,0.578298041050526,0.063029325987318,12
future_ret_6m,2016-06-30 00:00:00,FAC_rank_vol_m12_n6_pairwise1__x__rank_mean_m12_n6_pairwise1,1,Low,0.21040177606404267,-0.03994927722001667,13
future_ret_6m,2016-06-30 00:00:00,FAC_rank_vol_m12_n6_pairwise1__x__rank_mean_m12_n6_pairwise1,2,Q2,0.3025304302391857,-0.002980223655569355,13
future_ret_6m,2016-06-30 00:00:00,FAC_rank_vol_m12_n6_pairwise1__x__rank_mean_m12_n6_pairwise1,3,Q3,0.42652305333986124,-0.02474863241837676,12
future_ret_6m,2016-06-30 00:00:00,FAC_rank_vol_m12_n6_pairwise1__x__rank_mean_m12_n6_pairwise1,4,Q4,0.5204704746609794,0.013838528194901202,13
future_ret_6m,2016-06-30 00:00:00,FAC_rank_vol_m12_n6_pairwise1__x__rank_mean_m12_n6_pairwise1,5,High,0.6979075757843508,0.013504484765949436,13
future_ret_6m,2016-09-30 00:00:00,FAC_rank_vol_m12_n6_pairwise1__x__rank_mean_m12_n6_pairwise1,1,Low,0.22493664458716456,-0.007773120910330381,14
future_ret_6m,2016-09-30 00:00:00,FAC_rank_vol_m12_n6_pairwise1__x__rank_mean_m12_n6_pairwise1,2,Q2,0.2981355090671327,0.0005924280234937023,13
future_ret_6m,2016-09-30 00:00:00,FAC_rank_vol_m12_n6_pairwise1__x__rank_mean_m12_n6_pairwise1,3,Q3,0.4120648474787395,0.001552188527983746,14
future_ret_6m,2016-09-30 00:00:00,FAC_rank_vol_m12_n6_pairwise1__x__rank_mean_m12_n6_pairwise1,4,Q4,0.5041807784599158,0.016124423000388,13
future_ret_6m,2016-09-30 00:00:00,FAC_rank_vol_m12_n6_pairwise1__x__rank_mean_m12_n6_pairwise1,5,High,0.6738780504475075,0.02185239175645503,14
future_ret_6m,2016-12-30 00:00:00,FAC_rank_vol_m12_n6_pairwise1__x__rank_mean_m12_n6_pairwise1,1,Low,0.2193789150965855,0.03290977325873241,15
future_ret_6m,2016-12-30 00:00:00,FAC_rank_vol_m12_n6_pairwise1__x__rank_mean_m12_n6_pairwise1,2,Q2,0.2940914344062973,0.09727314402334583,15
future_ret_6m,2016-12-30 00:00:00,FAC_rank_vol_m12_n6_pairwise1__x__rank_mean_m12_n6_pairwise1,3,Q3,0.3903465136388914,0.05750171532458709,14
future_ret_6m,2016-12-30 00:00:00,FAC_rank_vol_m12_n6_pairwise1__x__rank_mean_m12_n6_pairwise1,4,Q4,0.5138614990388963,0.08247501992725076,15
future_ret_6m,2016-12-30 00:00:00,FAC_rank_vol_m12_n6_pairwise1__x__rank_mean_m12_n6_pairwise1,5,High,0.6618006637693791,0.06218948594553463,15
future_ret_6m,2017-03-31 00:00:00,FAC_rank_vol_m12_n6_pairwise1__x__rank_mean_m12_n6_pairwise1,1,Low,0.19166347890335986,0.07196248326126567,16
future_ret_6m,2017-03-31 00:00:00,FAC_rank_vol_m12_n6_pairwise1__x__rank_mean_m12_n6_pairwise1,2,Q2,0.32100224478801354,0.0972397175868423,15
future_ret_6m,2017-03-31 00:00:00,FAC_rank_vol_m12_n6_pairwise1__x__rank_mean_m12_n6_pairwise1,3,Q3,0.4302530884177652,0.10141035607813743,15
future_ret_6m,2017-03-31 00:00:00,FAC_rank_vol_m12_n6_pairwise1__x__rank_mean_m12_n6_pairwise1,4,Q4,0.5039639455957633,0.10151315993249208,15
future_ret_6m,2017-03-31 00:00:00,FAC_rank_vol_m12_n6_pairwise1__x__rank_mean_m12_n6_pairwise1,5,High,0.7111524315967228,0.08677739942832585,15
future_ret_6m,2017-06-30 00:00:00,FAC_rank_vol_m12_n6_pairwise1__x__rank_mean_m12_n6_pairwise1,1,Low,0.16487027056054837,0.05529358411372141,19
future_ret_6m,2017-06-30 00:00:00,FAC_rank_vol_m12_n6_pairwise1__x__rank_mean_m12_n6_pairwise1,2,Q2,0.3174600337189349,0.1019411779349289,18
future_ret_6m,2017-06-30 00:00:00,FAC_rank_vol_m12_n6_pairwise1__x__rank_mean_m12_n6_pairwise1,3,Q3,0.4153663505400685,0.10220144677388311,19
future_ret_6m,2017-06-30 00:00:00,FAC_rank_vol_m12_n6_pairwise1__x__rank_mean_m12_n6_pairwise1,4,Q4,0.49521010295198065,0.10430005484217554,18
future_ret_6m,2017-06-30 00:00:00,FAC_rank_vol_m12_n6_pairwise1__x__rank_mean_m12_n6_pairwise1,5,High,0.6709161465445311,0.11331312650527643,19
future_ret_6m,2017-09-29 00:00:00,FAC_rank_vol_m12_n6_pairwise1__x__rank_mean_m12_n6_pairwise1,1,Low,0.1807104826246457,-0.022350865215040327,27
future_ret_6m,2017-09-29 00:00:00,FAC_rank_vol_m12_n6_pairwise1__x__rank_mean_m12_n6_pairwise1,2,Q2,0.3078578518990864,0.02462043479081215,27
future_ret_6m,2017-09-29 00:00:00,FAC_rank_vol_m12_n6_pairwise1__x__rank_mean_m12_n6_pairwise1,3,Q3,0.38954391310480757,-0.00614642867091811,26
future_ret_6m,2017-09-29 00:00:00,FAC_rank_vol_m12_n6_pairwise1__x__rank_mean_m12_n6_pairwise1,4,Q4,0.49368940947645296,0.028493144704451315,27
future_ret_6m,2017-09-29 00:00:00,FAC_rank_vol_m12_n6_pairwise1__x__rank_mean_m12_n6_pairwise1,5,High,0.681909230020887,0.02638254113109587,27
future_ret_6m,2017-12-29 00:00:00,FAC_rank_vol_m12_n6_pairwise1__x__rank_mean_m12_n6_pairwise1,1,Low,0.16291528395458763,-0.07035719642816146,36
future_ret_6m,2017-12-29 00:00:00,FAC_rank_vol_m12_n6_pairwise1__x__rank_mean_m12_n6_pairwise1,2,Q2,0.29724660274465925,-0.07558021365069012,35
future_ret_6m,2017-12-29 00:00:00,FAC_rank_vol_m12_n6_pairwise1__x__rank_mean_m12_n6_pairwise1,3,Q3,0.39256844753062614,-0.11936598028556256,35
future_ret_6m,2017-12-29 00:00:00,FAC_rank_vol_m12_n6_pairwise1__x__rank_mean_m12_n6_pairwise1,4,Q4,0.5202395894008047,-0.10029898588409242,35
future_ret_6m,2017-12-29 00:00:00,FAC_rank_vol_m12_n6_pairwise1__x__rank_mean_m12_n6_pairwise1,5,High,0.6901871748633135,-0.06543073229159889,36
future_ret_6m,2018-03-30 00:00:00,FAC_rank_vol_m12_n6_pairwise1__x__rank_mean_m12_n6_pairwise1,1,Low,0.1446514029139088,-0.16633491580624585,38
future_ret_6m,2018-03-30 00:00:00,FAC_rank_vol_m12_n6_pairwise1__x__rank_mean_m12_n6_pairwise1,2,Q2,0.27939155224746187,-0.13559917175530933,38
future_ret_6m,2018-03-30 00:00:00,FAC_rank_vol_m12_n6_pairwise1__x__rank_mean_m12_n6_pairwise1,3,Q3,0.38989264899451614,-0.1582027900780842,37
future_ret_6m,2018-03-30 00:00:00,FAC_rank_vol_m12_n6_pairwise1__x__rank_mean_m12_n6_pairwise1,4,Q4,0.5281418710506145,-0.14861579464959832,38
future_ret_6m,2018-03-30 00:00:00,FAC_rank_vol_m12_n6_pairwise1__x__rank_mean_m12_n6_pairwise1,5,High,0.7151080070161193,-0.11907154695674488,38
future_ret_6m,2018-06-29 00:00:00,FAC_rank_vol_m12_n6_pairwise1__x__rank_mean_m12_n6_pairwise1,1,Low,0.16610156126698453,-0.18461774349664792,41
future_ret_6m,2018-06-29 00:00:00,FAC_rank_vol_m12_n6_pairwise1__x__rank_mean_m12_n6_pairwise1,2,Q2,0.28938354896269497,-0.16072397087089074,40
future_ret_6m,2018-06-29 00:00:00,FAC_rank_vol_m12_n6_pairwise1__x__rank_mean_m12_n6_pairwise1,3,Q3,0.3715616618176442,-0.18721246372890338,40
future_ret_6m,2018-06-29 00:00:00,FAC_rank_vol_m12_n6_pairwise1__x__rank_mean_m12_n6_pairwise1,4,Q4,0.4703758547826597,-0.18107377567267338,40
future_ret_6m,2018-06-29 00:00:00,FAC_rank_vol_m12_n6_pairwise1__x__rank_mean_m12_n6_pairwise1,5,High,0.6647490996585055,-0.18294430061359077,41
future_ret_6m,2018-09-28 00:00:00,FAC_rank_vol_m12_n6_pairwise1__x__rank_mean_m12_n6_pairwise1,1,Low,0.1847366036813459,0.13279108470248954,44
future_ret_6m,2018-09-28 00:00:00,FAC_rank_vol_m12_n6_pairwise1__x__rank_mean_m12_n6_pairwise1,2,Q2,0.29540932708952145,0.12268198916527963,43
future_ret_6m,2018-09-28 00:00:00,FAC_rank_vol_m12_n6_pairwise1__x__rank_mean_m12_n6_pairwise1,3,Q3,0.37899032424356266,0.12877229846615743,43
future_ret_6m,2018-09-28 00:00:00,FAC_rank_vol_m12_n6_pairwise1__x__rank_mean_m12_n6_pairwise1,4,Q4,0.4750332289629533,0.14956196959968762,43
future_ret_6m,2018-09-28 00:00:00,FAC_rank_vol_m12_n6_pairwise1__x__rank_mean_m12_n6_pairwise1,5,High,0.6638198647152873,0.11926455625396809,43
future_ret_6m,2018-12-28 00:00:00,FAC_rank_vol_m12_n6_pairwise1__x__rank_mean_m12_n6_pairwise1,1,Low,0.16811636343373298,0.26121169200361183,44
future_ret_6m,2018-12-28 00:00:00,FAC_rank_vol_m12_n6_pairwise1__x__rank_mean_m12_n6_pairwise1,2,Q2,0.2998559771446858,0.257679523171894,43
future_ret_6m,2018-12-28 00:00:00,FAC_rank_vol_m12_n6_pairwise1__x__rank_mean_m12_n6_pairwise1,3,Q3,0.3928673886408559,0.26271103055696315,43
future_ret_6m,2018-12-28 00:00:00,FAC_rank_vol_m12_n6_pairwise1__x__rank_mean_m12_n6_pairwise1,4,Q4,0.4808488015493121,0.2848418364627292,43
future_ret_6m,2018-12-28 00:00:00,FAC_rank_vol_m12_n6_pairwise1__x__rank_mean_m12_n6_pairwise1,5,High,0.6489882615918873,0.23538916615866917,43
future_ret_6m,2019-03-29 00:00:00,FAC_rank_vol_m12_n6_pairwise1__x__rank_mean_m12_n6_pairwise1,1,Low,0.17560025304856527,0.06334053843461362,43
future_ret_6m,2019-03-29 00:00:00,FAC_rank_vol_m12_n6_pairwise1__x__rank_mean_m12_n6_pairwise1,2,Q2,0.3045086555743274,0.08424295930192814,42
future_ret_6m,2019-03-29 00:00:00,FAC_rank_vol_m12_n6_pairwise1__x__rank_mean_m12_n6_pairwise1,3,Q3,0.39051876643313926,0.0573335064180876,43
future_ret_6m,2019-03-29 00:00:00,FAC_rank_vol_m12_n6_pairwise1__x__rank_mean_m12_n6_pairwise1,4,Q4,0.47904699297287723,0.06131746552299091,42
future_ret_6m,2019-03-29 00:00:00,FAC_rank_vol_m12_n6_pairwise1__x__rank_mean_m12_n6_pairwise1,5,High,0.615484212222345,0.05521240937727306,43
future_ret_6m,2019-06-28 00:00:00,FAC_rank_vol_m12_n6_pairwise1__x__rank_mean_m12_n6_pairwise1,1,Low,0.20644601351404424,0.19467913562443037,44
future_ret_6m,2019-06-28 00:00:00,FAC_rank_vol_m12_n6_pairwise1__x__rank_mean_m12_n6_pairwise1,2,Q2,0.309731733190203,0.17969761746173565,44
future_ret_6m,2019-06-28 00:00:00,FAC_rank_vol_m12_n6_pairwise1__x__rank_mean_m12_n6_pairwise1,3,Q3,0.3720918495953693,0.19595193825820578,43
future_ret_6m,2019-06-28 00:00:00,FAC_rank_vol_m12_n6_pairwise1__x__rank_mean_m12_n6_pairwise1,4,Q4,0.4452785441270223,0.16814441295168006,44
future_ret_6m,2019-06-28 00:00:00,FAC_rank_vol_m12_n6_pairwise1__x__rank_mean_m12_n6_pairwise1,5,High,0.6018614954973006,0.18661497028671115,44
future_ret_6m,2019-09-30 00:00:00,FAC_rank_vol_m12_n6_pairwise1__x__rank_mean_m12_n6_pairwise1,1,Low,0.21426137206722373,0.09335186038364478,44
future_ret_6m,2019-09-30 00:00:00,FAC_rank_vol_m12_n6_pairwise1__x__rank_mean_m12_n6_pairwise1,2,Q2,0.3017946303424474,0.11003586769542638,44
future_ret_6m,2019-09-30 00:00:00,FAC_rank_vol_m12_n6_pairwise1__x__rank_mean_m12_n6_pairwise1,3,Q3,0.3639715497522209,0.1036921267932697,44
future_ret_6m,2019-09-30 00:00:00,FAC_rank_vol_m12_n6_pairwise1__x__rank_mean_m12_n6_pairwise1,4,Q4,0.4431338945710764,0.10176965178147493,44
future_ret_6m,2019-09-30 00:00:00,FAC_rank_vol_m12_n6_pairwise1__x__rank_mean_m12_n6_pairwise1,5,High,0.6079779199624366,0.10671233473261431,44
future_ret_6m,2019-12-31 00:00:00,FAC_rank_vol_m12_n6_pairwise1__x__rank_mean_m12_n6_pairwise1,1,Low,0.1937499605724213,0.2075539763883807,48
future_ret_6m,2019-12-31 00:00:00,FAC_rank_vol_m12_n6_pairwise1__x__rank_mean_m12_n6_pairwise1,2,Q2,0.297265155169194,0.23681116368511615,48
future_ret_6m,2019-12-31 00:00:00,FAC_rank_vol_m12_n6_pairwise1__x__rank_mean_m12_n6_pairwise1,3,Q3,0.38164732311541266,0.29059444264731593,47
future_ret_6m,2019-12-31 00:00:00,FAC_rank_vol_m12_n6_pairwise1__x__rank_mean_m12_n6_pairwise1,4,Q4,0.47933399043217223,0.30881310689500446,48
future_ret_6m,2019-12-31 00:00:00,FAC_rank_vol_m12_n6_pairwise1__x__rank_mean_m12_n6_pairwise1,5,High,0.6100838366521525,0.3045224201767045,48
future_ret_6m,2020-03-31 00:00:00,FAC_rank_vol_m12_n6_pairwise1__x__rank_mean_m12_n6_pairwise1,1,Low,0.18325293316979824,0.36181595134114053,50
future_ret_6m,2020-03-31 00:00:00,FAC_rank_vol_m12_n6_pairwise1__x__rank_mean_m12_n6_pairwise1,2,Q2,0.3080961793000851,0.4231144609062851,50
future_ret_6m,2020-03-31 00:00:00,FAC_rank_vol_m12_n6_pairwise1__x__rank_mean_m12_n6_pairwise1,3,Q3,0.40011208114709473,0.4430797930533759,50
future_ret_6m,2020-03-31 00:00:00,FAC_rank_vol_m12_n6_pairwise1__x__rank_mean_m12_n6_pairwise1,4,Q4,0.49854546171891,0.4375536504992574,50
future_ret_6m,2020-03-31 00:00:00,FAC_rank_vol_m12_n6_pairwise1__x__rank_mean_m12_n6_pairwise1,5,High,0.6594428192260738,0.4182121929891658,50
future_ret_6m,2020-06-30 00:00:00,FAC_rank_vol_m12_n6_pairwise1__x__rank_mean_m12_n6_pairwise1,1,Low,0.16856585794148599,0.2976455987977695,52
future_ret_6m,2020-06-30 00:00:00,FAC_rank_vol_m12_n6_pairwise1__x__rank_mean_m12_n6_pairwise1,2,Q2,0.29345389466804245,0.32519185208232526,51
future_ret_6m,2020-06-30 00:00:00,FAC_rank_vol_m12_n6_pairwise1__x__rank_mean_m12_n6_pairwise1,3,Q3,0.4051884395988946,0.3041642316002092,51
future_ret_6m,2020-06-30 00:00:00,FAC_rank_vol_m12_n6_pairwise1__x__rank_mean_m12_n6_pairwise1,4,Q4,0.5104754923651925,0.2947044052971334,51
future_ret_6m,2020-06-30 00:00:00,FAC_rank_vol_m12_n6_pairwise1__x__rank_mean_m12_n6_pairwise1,5,High,0.6983394418386399,0.23171991279864063,52
future_ret_6m,2020-09-30 00:00:00,FAC_rank_vol_m12_n6_pairwise1__x__rank_mean_m12_n6_pairwise1,1,Low,0.17243326316557073,0.13241038173727734,57
future_ret_6m,2020-09-30 00:00:00,FAC_rank_vol_m12_n6_pairwise1__x__rank_mean_m12_n6_pairwise1,2,Q2,0.29857662440334415,0.14147138116890873,57
future_ret_6m,2020-09-30 00:00:00,FAC_rank_vol_m12_n6_pairwise1__x__rank_mean_m12_n6_pairwise1,3,Q3,0.3937647170558597,0.1048697815368603,57
future_ret_6m,2020-09-30 00:00:00,FAC_rank_vol_m12_n6_pairwise1__x__rank_mean_m12_n6_pairwise1,4,Q4,0.4976281666798964,0.1091736284020187,57
future_ret_6m,2020-09-30 00:00:00,FAC_rank_vol_m12_n6_pairwise1__x__rank_mean_m12_n6_pairwise1,5,High,0.648168571032957,0.09187109282908794,57
future_ret_6m,2020-12-31 00:00:00,FAC_rank_vol_m12_n6_pairwise1__x__rank_mean_m12_n6_pairwise1,1,Low,0.19952718388772522,0.07615879941337629,62
future_ret_6m,2020-12-31 00:00:00,FAC_rank_vol_m12_n6_pairwise1__x__rank_mean_m12_n6_pairwise1,2,Q2,0.3153440947915118,0.08391299596542445,61
future_ret_6m,2020-12-31 00:00:00,FAC_rank_vol_m12_n6_pairwise1__x__rank_mean_m12_n6_pairwise1,3,Q3,0.3847382658791789,0.10077639477997354,61
future_ret_6m,2020-12-31 00:00:00,FAC_rank_vol_m12_n6_pairwise1__x__rank_mean_m12_n6_pairwise1,4,Q4,0.45523480456530224,0.1040881591370391,61
future_ret_6m,2020-12-31 00:00:00,FAC_rank_vol_m12_n6_pairwise1__x__rank_mean_m12_n6_pairwise1,5,High,0.584082175934067,0.10609335541855866,62
future_ret_6m,2021-03-31 00:00:00,FAC_rank_vol_m12_n6_pairwise1__x__rank_mean_m12_n6_pairwise1,1,Low,0.19788958085119646,0.12024448264796474,65
future_ret_6m,2021-03-31 00:00:00,FAC_rank_vol_m12_n6_pairwise1__x__rank_mean_m12_n6_pairwise1,2,Q2,0.30144901161034904,0.06761985091652259,64
future_ret_6m,2021-03-31 00:00:00,FAC_rank_vol_m12_n6_pairwise1__x__rank_mean_m12_n6_pairwise1,3,Q3,0.3883940977285144,0.1044046307657446,64
future_ret_6m,2021-03-31 00:00:00,FAC_rank_vol_m12_n6_pairwise1__x__rank_mean_m12_n6_pairwise1,4,Q4,0.4629117206875392,0.0926121497153059,64
future_ret_6m,2021-03-31 00:00:00,FAC_rank_vol_m12_n6_pairwise1__x__rank_mean_m12_n6_pairwise1,5,High,0.5981351688293132,0.09730557128897749,64
future_ret_6m,2021-06-30 00:00:00,FAC_rank_vol_m12_n6_pairwise1__x__rank_mean_m12_n6_pairwise1,1,Low,0.17859818178196113,0.03230801962229407,69
future_ret_6m,2021-06-30 00:00:00,FAC_rank_vol_m12_n6_pairwise1__x__rank_mean_m12_n6_pairwise1,2,Q2,0.29662975976664685,-0.009155606671856734,68
future_ret_6m,2021-06-30 00:00:00,FAC_rank_vol_m12_n6_pairwise1__x__rank_mean_m12_n6_pairwise1,3,Q3,0.3852737998441305,0.0025120681816852516,69
future_ret_6m,2021-06-30 00:00:00,FAC_rank_vol_m12_n6_pairwise1__x__rank_mean_m12_n6_pairwise1,4,Q4,0.48021528574530814,-0.020160115710514806,68
future_ret_6m,2021-06-30 00:00:00,FAC_rank_vol_m12_n6_pairwise1__x__rank_mean_m12_n6_pairwise1,5,High,0.6463183600004488,-0.02285247461572344,69
future_ret_6m,2021-09-30 00:00:00,FAC_rank_vol_m12_n6_pairwise1__x__rank_mean_m12_n6_pairwise1,1,Low,0.19560451807564833,-0.1219436462218816,76
future_ret_6m,2021-09-30 00:00:00,FAC_rank_vol_m12_n6_pairwise1__x__rank_mean_m12_n6_pairwise1,2,Q2,0.3013984687699605,-0.15438882507816182,75
future_ret_6m,2021-09-30 00:00:00,FAC_rank_vol_m12_n6_pairwise1__x__rank_mean_m12_n6_pairwise1,3,Q3,0.37255129683519117,-0.16206713121869207,76
future_ret_6m,2021-09-30 00:00:00,FAC_rank_vol_m12_n6_pairwise1__x__rank_mean_m12_n6_pairwise1,4,Q4,0.4494552081468259,-0.14945081800077584,75
future_ret_6m,2021-09-30 00:00:00,FAC_rank_vol_m12_n6_pairwise1__x__rank_mean_m12_n6_pairwise1,5,High,0.613023740217359,-0.1393021245138406,76
future_ret_6m,2021-12-31 00:00:00,FAC_rank_vol_m12_n6_pairwise1__x__rank_mean_m12_n6_pairwise1,1,Low,0.20637167912080157,-0.1000294456661247,79
future_ret_6m,2021-12-31 00:00:00,FAC_rank_vol_m12_n6_pairwise1__x__rank_mean_m12_n6_pairwise1,2,Q2,0.2965005461428058,-0.10092442392879122,78
future_ret_6m,2021-12-31 00:00:00,FAC_rank_vol_m12_n6_pairwise1__x__rank_mean_m12_n6_pairwise1,3,Q3,0.363457196909347,-0.09471061256433563,78
future_ret_6m,2021-12-31 00:00:00,FAC_rank_vol_m12_n6_pairwise1__x__rank_mean_m12_n6_pairwise1,4,Q4,0.4444328395944059,-0.11247312994199511,78
future_ret_6m,2021-12-31 00:00:00,FAC_rank_vol_m12_n6_pairwise1__x__rank_mean_m12_n6_pairwise1,5,High,0.646013990079803,-0.09402824393309224,78
future_ret_6m,2022-03-31 00:00:00,FAC_rank_vol_m12_n6_pairwise1__x__rank_mean_m12_n6_pairwise1,1,Low,0.2130863636853618,-0.05820876458578228,84
future_ret_6m,2022-03-31 00:00:00,FAC_rank_vol_m12_n6_pairwise1__x__rank_mean_m12_n6_pairwise1,2,Q2,0.3012869590807051,-0.057897196229236225,84
future_ret_6m,2022-03-31 00:00:00,FAC_rank_vol_m12_n6_pairwise1__x__rank_mean_m12_n6_pairwise1,3,Q3,0.37929783616601154,-0.03645733304120521,84
future_ret_6m,2022-03-31 00:00:00,FAC_rank_vol_m12_n6_pairwise1__x__rank_mean_m12_n6_pairwise1,4,Q4,0.4695591525300697,-0.05324281967267021,84
future_ret_6m,2022-03-31 00:00:00,FAC_rank_vol_m12_n6_pairwise1__x__rank_mean_m12_n6_pairwise1,5,High,0.5983129888264003,-0.03630719404778812,84
future_ret_6m,2022-06-30 00:00:00,FAC_rank_vol_m12_n6_pairwise1__x__rank_mean_m12_n6_pairwise1,1,Low,0.20842059195386609,-0.12265484399287335,96
future_ret_6m,2022-06-30 00:00:00,FAC_rank_vol_m12_n6_pairwise1__x__rank_mean_m12_n6_pairwise1,2,Q2,0.30275309742701456,-0.12932157208120929,95
future_ret_6m,2022-06-30 00:00:00,FAC_rank_vol_m12_n6_pairwise1__x__rank_mean_m12_n6_pairwise1,3,Q3,0.3774540829258199,-0.1413225495199821,96
future_ret_6m,2022-06-30 00:00:00,FAC_rank_vol_m12_n6_pairwise1__x__rank_mean_m12_n6_pairwise1,4,Q4,0.4654345772403581,-0.11921835035741016,95
future_ret_6m,2022-06-30 00:00:00,FAC_rank_vol_m12_n6_pairwise1__x__rank_mean_m12_n6_pairwise1,5,High,0.6289828675622154,-0.09885912210107071,96
